model_version,source,interval_prob,interval_type,Year,analyte,treatment,n_events,n_rows,n_complete_plots,n_complete_volume_plots,volume_mean,volume_low,volume_high,conc_mean,conc_low,conc_high,load_mean,load_low,load_high
v3p2_physical_event,Bayes_Modeled,0.95,95% posterior credible interval,2011,NH4,CT,12,12,NA,NA,151524.46913860942,104661.86751567174,193438.44931069255,0.12132008203301324,0.01224576832727298,0.28208317578753234,18.377895033758058,1.5451198349912316,44.11265091247151
v3p2_physical_event,Bayes_Modeled,0.95,95% posterior credible interval,2011,NH4,MT,12,12,NA,NA,147176.7889882323,101613.10720344556,194677.34444098838,0.12440261770522534,0.013138927347395347,0.29025288292583384,18.354229454348445,1.862041372616849,45.13552527019894
v3p2_physical_event,Bayes_Modeled,0.95,95% posterior credible interval,2011,NH4,ST,12,12,NA,NA,141033.54505905646,102106.21930198856,180927.69590501286,0.12049040029346847,0.01119196862883928,0.2907024040733557,17.02567449565405,1.5589318411393078,42.93838105825277
v3p2_physical_event,Bayes_Modeled,0.95,95% posterior credible interval,2012,NH4,CT,20,20,NA,NA,225479.8441497865,135107.27782391728,316325.3933147997,0.10269608117635869,0.005541399304049887,0.2695997476778954,23.06471000020075,1.1160185357147019,62.12560534536703
v3p2_physical_event,Bayes_Modeled,0.95,95% posterior credible interval,2012,NH4,MT,20,20,NA,NA,206146.27024705886,141857.16984314687,266761.22120205616,0.11370899752280735,0.009429159118878962,0.27558248551540243,23.47449504818755,1.7224161286488506,60.102987063230955
v3p2_physical_event,Bayes_Modeled,0.95,95% posterior credible interval,2012,NH4,ST,20,20,NA,NA,189587.02157850587,123186.78549145345,251770.66315707855,0.10116982125766888,0.006883239136943663,0.2581629455214139,19.24812001729047,1.3236902721153228,51.588193015971086
v3p2_physical_event,Bayes_Modeled,0.95,95% posterior credible interval,2013,NH4,CT,14,14,NA,NA,190405.6581960947,138414.0725455627,240194.27541463287,0.1189815232581323,0.009113198126298391,0.3208223593138074,22.544291691686837,1.5864661991455435,60.19564420372259
v3p2_physical_event,Bayes_Modeled,0.95,95% posterior credible interval,2013,NH4,MT,14,14,NA,NA,191244.9545321349,142158.03281999036,244209.19470865643,0.1217470106078642,0.007118331688016269,0.31157845606975465,23.230299274727404,1.5648767427019226,59.57037498353258
v3p2_physical_event,Bayes_Modeled,0.95,95% posterior credible interval,2013,NH4,ST,14,14,NA,NA,169766.3746634449,121709.16560190945,214365.25455995114,0.11781919249638255,0.008956098738170382,0.29773515278392293,19.93912299146706,1.4330227658239334,50.98334152368503
v3p2_physical_event,Bayes_Modeled,0.95,95% posterior credible interval,2014,NH4,CT,10,10,NA,NA,151687.12860457072,116723.29640758752,190287.8388470094,0.13317358915415511,0.0267824701587019,0.2691548640794422,20.25722449386646,3.8668557539522848,44.15325583067077
v3p2_physical_event,Bayes_Modeled,0.95,95% posterior credible interval,2014,NH4,MT,10,10,NA,NA,102666.84429079585,61359.61802178215,146260.42975417728,0.12376469511449723,0.020400467771610108,0.2722928942826798,12.757519285290684,1.6702191844011798,30.802571391262468
v3p2_physical_event,Bayes_Modeled,0.95,95% posterior credible interval,2014,NH4,ST,10,10,NA,NA,105917.14058518231,68366.21178520951,146666.50613967446,0.12504137938654436,0.019939556777319185,0.26482081755897735,13.276237710186853,1.9748167956792062,29.37798870710297
v3p2_physical_event,Bayes_Modeled,0.95,95% posterior credible interval,2015,NH4,CT,12,12,NA,NA,165649.97486503728,121280.02433792438,213662.06610343463,0.09415386161275792,0.04079826455574151,0.15861249610256728,15.562499583015,6.459937618976846,27.838272050458933
v3p2_physical_event,Bayes_Modeled,0.95,95% posterior credible interval,2015,NH4,MT,12,12,NA,NA,124046.74958557307,78482.50803415308,167325.49456987472,0.10179143338848669,0.04612133210989951,0.1652717909969087,12.578616256497913,5.172090872528329,21.743250100892745
v3p2_physical_event,Bayes_Modeled,0.95,95% posterior credible interval,2015,NH4,ST,12,12,NA,NA,122948.09814384619,75162.85839092184,165334.1490543353,0.13301364958779824,0.07413316068939454,0.20448696820368795,16.4138280671774,6.976792430369313,28.262886900093662
v3p2_physical_event,Bayes_Modeled,0.95,95% posterior credible interval,2016,NH4,CT,4,4,NA,NA,53400.32051732267,28636.170853182382,80037.77704944022,0.18608042313150122,0.10538669457156732,0.26241852193961246,9.938848947152271,4.333745568664747,16.86076495487557
v3p2_physical_event,Bayes_Modeled,0.95,95% posterior credible interval,2016,NH4,MT,4,4,NA,NA,29698.171130976,8662.479133001587,50104.090581174634,0.09768250696795906,0.032385365028608455,0.16537292547565047,2.902236198004312,0.5734193048132716,6.1179662008880165
v3p2_physical_event,Bayes_Modeled,0.95,95% posterior credible interval,2016,NH4,ST,4,4,NA,NA,36869.814529672745,15546.268250789402,60459.20781263619,0.0924831622055663,0.03132134150109009,0.15754565199168144,3.411917963885449,0.9235587743522136,7.33406867745537
v3p2_physical_event,Bayes_Modeled,0.95,95% posterior credible interval,2017,NH4,CT,12,12,NA,NA,219604.04449589507,165141.3739129547,275323.00465224136,0.13603605450575948,0.010914024085613268,0.31278790507968723,29.96294965724277,2.23293676429867,71.8270095643409
v3p2_physical_event,Bayes_Modeled,0.95,95% posterior credible interval,2017,NH4,MT,12,12,NA,NA,146204.04502745377,106040.01289521235,184232.34267232375,0.1234656557412416,0.006686752188671522,0.2880064634595884,18.027318918954318,0.9904826057372834,44.076646474003226
v3p2_physical_event,Bayes_Modeled,0.95,95% posterior credible interval,2017,NH4,ST,12,12,NA,NA,138013.16290423658,92197.33834684592,181368.2676138659,0.11901251628368047,0.006452584333349489,0.28787996276495964,16.418729126209634,0.883176467809667,41.40965780472207
v3p2_physical_event,Bayes_Modeled,0.95,95% posterior credible interval,2018,NH4,CT,10,10,NA,NA,197903.50067635454,98205.04506403477,327888.46990020457,0.13308929543929576,0.012046359843751226,0.3112929354635965,26.998640095636638,1.8470324898991912,74.50662049115124
v3p2_physical_event,Bayes_Modeled,0.95,95% posterior credible interval,2018,NH4,MT,10,10,NA,NA,187912.35133042902,93168.00322428378,311970.62183279847,0.13287041890750542,0.010897433299997514,0.3237389925894341,25.508077530814955,1.5807092066920307,72.11778300826803
v3p2_physical_event,Bayes_Modeled,0.95,95% posterior credible interval,2018,NH4,ST,10,10,NA,NA,187994.82123713865,91478.9121790331,316609.52282645344,0.13298413847617177,0.01095001462940567,0.3125992359041931,25.534895641522937,1.8636885473264613,72.17657737796846
v3p2_physical_event,Bayes_Modeled,0.95,95% posterior credible interval,2019,NH4,CT,2,2,NA,NA,46613.49728788152,26913.920858126985,65826.65255359093,0.16835612609180467,0,0.4205858908393867,7.905094125583072,0,20.7820127195114
v3p2_physical_event,Bayes_Modeled,0.95,95% posterior credible interval,2019,NH4,MT,2,2,NA,NA,46920.58892137945,26377.80900666082,66790.41549622925,0.16861324168383382,0,0.43088230141267725,7.982242809258191,0,21.24889728837639
v3p2_physical_event,Bayes_Modeled,0.95,95% posterior credible interval,2019,NH4,ST,2,2,NA,NA,46948.773241612966,27721.855095310162,65736.1075753483,0.16866112831480282,0,0.41842775517378816,7.923864576438972,0,20.936968866537462
v3p2_physical_event,Bayes_Modeled,0.95,95% posterior credible interval,2020,NH4,CT,14,14,NA,NA,199281.02533104984,137210.66977845848,268939.9348042926,0.10965419612939059,0.011043745294034624,0.24313460195722925,21.9721462738041,2.0304789184134604,52.00485153455581
v3p2_physical_event,Bayes_Modeled,0.95,95% posterior credible interval,2020,NH4,MT,14,14,NA,NA,167405.40232755803,116336.07904036113,209864.9125667122,0.11530778801770512,0.01335278686267393,0.2597719353046249,19.442390071486383,2.3355268130089604,45.538012276968175
v3p2_physical_event,Bayes_Modeled,0.95,95% posterior credible interval,2020,NH4,ST,14,14,NA,NA,166113.32278645426,123146.4172160386,206188.32325273866,0.11338685994459173,0.0123944992004634,0.2507337057981087,18.925165730353882,1.9171008344363836,42.658764939986284
v3p2_physical_event,Bayes_Modeled,0.95,95% posterior credible interval,2021,NH4,CT,12,12,NA,NA,180181.0104138418,127925.98881037312,231880.0052414933,0.11808048275105686,0.014674622721524411,0.27146004789033407,21.32157402193672,2.569085288343673,50.21402677553719
v3p2_physical_event,Bayes_Modeled,0.95,95% posterior credible interval,2021,NH4,MT,12,12,NA,NA,150060.8078836819,89480.69902064453,213977.09029036562,0.13353651968825012,0.013105119738832358,0.2986637629553543,20.131072808616032,1.754064029507734,50.199604571853534
v3p2_physical_event,Bayes_Modeled,0.95,95% posterior credible interval,2021,NH4,ST,12,12,NA,NA,151660.46446274658,101931.01904193989,206215.32903281564,0.13356146130453309,0.01715511988130048,0.2848869811328821,20.348956867397114,2.442275523584937,47.62096011545392
v3p2_physical_event,Bayes_Modeled,0.95,95% posterior credible interval,2022,NH4,CT,16,16,NA,NA,244151.35711020615,180850.6833546945,310317.50194272184,0.115594511390967,0.0159939683852187,0.26524857404102675,28.24834363563815,3.9877513597707255,67.4617146174723
v3p2_physical_event,Bayes_Modeled,0.95,95% posterior credible interval,2022,NH4,MT,16,16,NA,NA,211355.7687509527,159601.00710501318,258970.9320938319,0.10941032386632588,0.010950327371293875,0.2557170104672678,23.19011330135469,2.2382896842113027,54.004138587691074
v3p2_physical_event,Bayes_Modeled,0.95,95% posterior credible interval,2022,NH4,ST,16,16,NA,NA,217659.09462639387,163750.56842874904,268717.250817785,0.1119169151401986,0.013802797031991845,0.2626349325450361,24.415915440634393,2.8870679689176786,57.69384625086329
v3p2_physical_event,Bayes_Modeled,0.95,95% posterior credible interval,2023,NH4,CT,14,14,NA,NA,254657.1777332203,207524.80364658707,307124.64253613993,0.11431675442142888,0.013287221756665659,0.2722476617754428,29.101076028022792,3.3046374034076624,71.11594350695478
v3p2_physical_event,Bayes_Modeled,0.95,95% posterior credible interval,2023,NH4,MT,14,14,NA,NA,255011.6272992747,204463.8674900459,311998.45455503016,0.1124816123156916,0.01130365485772221,0.2757731806907635,28.691120021921435,2.7986277396518005,73.80735609338778
v3p2_physical_event,Bayes_Modeled,0.95,95% posterior credible interval,2023,NH4,ST,14,14,NA,NA,235821.62729397413,192160.3331772723,283500.34159520635,0.11483611303797525,0.011975679512430917,0.27856865859754165,27.048775819220868,2.7245508966130942,67.75440671310642
v3p2_physical_event,Bayes_Modeled,0.95,95% posterior credible interval,2024,NH4,CT,8,8,NA,NA,183176.78932120156,147470.1365501186,217821.25888652366,0.14765559366645473,0.009677509755165185,0.35055765105083053,27.10863802759053,1.6957471650659297,67.48474786201737
v3p2_physical_event,Bayes_Modeled,0.95,95% posterior credible interval,2024,NH4,MT,8,8,NA,NA,197556.8470461081,160767.30562563636,237703.1352104887,0.15293917970675305,0.012148396690885375,0.3622555856902779,30.106879710199454,2.477560751540916,73.47721521645258
v3p2_physical_event,Bayes_Modeled,0.95,95% posterior credible interval,2024,NH4,ST,8,8,NA,NA,200613.84459435783,169170.0477749682,231516.10600297956,0.15153469832663047,0.008930608950553654,0.379962411993853,30.45871680898834,1.8708761020123705,73.65020154018627
v3p2_physical_event,Bayes_Modeled,0.95,95% posterior credible interval,2025,NH4,CT,16,16,NA,NA,275244.4700319006,218814.70090365654,334840.5469352468,0.11389417366274822,0.010795816573197295,0.25419587590290094,31.420149645947852,2.755013626514618,71.71091583152085
v3p2_physical_event,Bayes_Modeled,0.95,95% posterior credible interval,2025,NH4,MT,16,16,NA,NA,270102.5243293966,213663.54961363872,339711.6787319091,0.11475115396800266,0.011602255858948748,0.2687182074091927,31.04749574248189,3.116172676099372,74.7102960976805
v3p2_physical_event,Bayes_Modeled,0.95,95% posterior credible interval,2025,NH4,ST,16,16,NA,NA,276112.4683316665,218772.74166479317,349891.42448106804,0.11438900379467667,0.009152060805447938,0.26472087846485126,31.594721087763144,2.428113082767796,73.66985257775033
v3p2_physical_event,Bayes_Modeled,0.95,95% posterior credible interval,2011,NO2,CT,12,12,NA,NA,151524.46913860942,104661.86751567174,193438.44931069255,0.4637934728314143,0,1.6400592560337683,70.56979736961665,0,252.8646872882991
v3p2_physical_event,Bayes_Modeled,0.95,95% posterior credible interval,2011,NO2,MT,12,12,NA,NA,147176.7889882323,101613.10720344556,194677.34444098838,0.41280390492649244,0,1.6137459942115213,60.57765368397345,0,241.4192828237882
v3p2_physical_event,Bayes_Modeled,0.95,95% posterior credible interval,2011,NO2,ST,12,12,NA,NA,141033.54505905646,102106.21930198856,180927.69590501286,0.4183871466166569,0,1.5707866295934543,58.74339165716248,0,227.84160700998302
v3p2_physical_event,Bayes_Modeled,0.95,95% posterior credible interval,2012,NO2,CT,20,20,NA,NA,225479.8441497865,135107.27782391728,316325.3933147997,0.5157364567636968,0,1.7630859501166198,117.00169020613254,0,389.6353168238576
v3p2_physical_event,Bayes_Modeled,0.95,95% posterior credible interval,2012,NO2,MT,20,20,NA,NA,206146.27024705886,141857.16984314687,266761.22120205616,0.4360256258331194,0,1.5916031542351037,89.89201936569124,0,332.3229853409718
v3p2_physical_event,Bayes_Modeled,0.95,95% posterior credible interval,2012,NO2,ST,20,20,NA,NA,189587.02157850587,123186.78549145345,251770.66315707855,0.45446130517119615,0,1.6698979890345669,85.97864172371712,0,328.94673296768747
v3p2_physical_event,Bayes_Modeled,0.95,95% posterior credible interval,2013,NO2,CT,14,14,NA,NA,190405.6581960947,138414.0725455627,240194.27541463287,0.33454075112125037,0,1.5658101869420806,63.953141832827534,0,291.1143553648369
v3p2_physical_event,Bayes_Modeled,0.95,95% posterior credible interval,2013,NO2,MT,14,14,NA,NA,191244.9545321349,142158.03281999036,244209.19470865643,0.3116341087054577,0,1.51408262425405,59.91974606511885,0,298.1967183443337
v3p2_physical_event,Bayes_Modeled,0.95,95% posterior credible interval,2013,NO2,ST,14,14,NA,NA,169766.3746634449,121709.16560190945,214365.25455995114,0.30395508352296374,0,1.4114074429261718,51.48289071703117,0,249.30639808175252
v3p2_physical_event,Bayes_Modeled,0.95,95% posterior credible interval,2014,NO2,CT,10,10,NA,NA,151687.12860457072,116723.29640758752,190287.8388470094,0.4296284171927721,0,1.5968746058722532,65.17643357856791,0,243.96615152105088
v3p2_physical_event,Bayes_Modeled,0.95,95% posterior credible interval,2014,NO2,MT,10,10,NA,NA,102666.84429079585,61359.61802178215,146260.42975417728,0.37329277397903055,0,1.5587332680204142,38.13289490351526,0,158.18171505261023
v3p2_physical_event,Bayes_Modeled,0.95,95% posterior credible interval,2014,NO2,ST,10,10,NA,NA,105917.14058518231,68366.21178520951,146666.50613967446,0.3749504624100186,0,1.525497377817762,39.499404647241064,0,163.99289662071527
v3p2_physical_event,Bayes_Modeled,0.95,95% posterior credible interval,2015,NO2,CT,12,12,NA,NA,165649.97486503728,121280.02433792438,213662.06610343463,0.4398327446641147,0,1.5691329957330895,73.12669472902564,0,260.822373299625
v3p2_physical_event,Bayes_Modeled,0.95,95% posterior credible interval,2015,NO2,MT,12,12,NA,NA,124046.74958557307,78482.50803415308,167325.49456987472,0.3786252927277608,0,1.4397024556101017,47.18104217956806,0,195.7309503723035
v3p2_physical_event,Bayes_Modeled,0.95,95% posterior credible interval,2015,NO2,ST,12,12,NA,NA,122948.09814384619,75162.85839092184,165334.1490543353,0.36985723215805605,0,1.4262978079887014,46.189930138414425,0,190.9666544077176
v3p2_physical_event,Bayes_Modeled,0.95,95% posterior credible interval,2016,NO2,CT,4,4,NA,NA,53400.32051732267,28636.170853182382,80037.77704944022,0.4489406359146881,0,1.9953838060717923,24.285367739580895,0,110.04597026214111
v3p2_physical_event,Bayes_Modeled,0.95,95% posterior credible interval,2016,NO2,MT,4,4,NA,NA,29698.171130976,8662.479133001587,50104.090581174634,0.37367070769343647,0,1.8988724593577602,11.302338018529333,0,58.41562874449903
v3p2_physical_event,Bayes_Modeled,0.95,95% posterior credible interval,2016,NO2,ST,4,4,NA,NA,36869.814529672745,15546.268250789402,60459.20781263619,0.39538151810704775,0,1.8703373488162174,14.716028956897219,0,74.54716081141245
v3p2_physical_event,Bayes_Modeled,0.95,95% posterior credible interval,2017,NO2,CT,12,12,NA,NA,219604.04449589507,165141.3739129547,275323.00465224136,0.3501871052587974,0,1.60246349521388,76.9141404978731,0,349.3678334825644
v3p2_physical_event,Bayes_Modeled,0.95,95% posterior credible interval,2017,NO2,MT,12,12,NA,NA,146204.04502745377,106040.01289521235,184232.34267232375,0.2854927075968454,0,1.4581835458379255,42.094157016366125,0,223.55832813573608
v3p2_physical_event,Bayes_Modeled,0.95,95% posterior credible interval,2017,NO2,ST,12,12,NA,NA,138013.16290423658,92197.33834684592,181368.2676138659,0.28255084670194475,0,1.4483103464728588,38.883053423623544,0,207.486244409746
v3p2_physical_event,Bayes_Modeled,0.95,95% posterior credible interval,2018,NO2,CT,10,10,NA,NA,197903.50067635454,98205.04506403477,327888.46990020457,0.38895237133217625,0,1.5489203491497574,79.93552409295602,0,342.63351884040543
v3p2_physical_event,Bayes_Modeled,0.95,95% posterior credible interval,2018,NO2,MT,10,10,NA,NA,187912.35133042902,93168.00322428378,311970.62183279847,0.36910099255619294,0,1.5883461828381649,71.66002806526515,0,327.55192484449185
v3p2_physical_event,Bayes_Modeled,0.95,95% posterior credible interval,2018,NO2,ST,10,10,NA,NA,187994.82123713865,91478.9121790331,316609.52282645344,0.36734760289109586,0,1.5493470408634775,70.92101083845941,0,317.6175822526395
v3p2_physical_event,Bayes_Modeled,0.95,95% posterior credible interval,2019,NO2,CT,2,2,NA,NA,46613.49728788152,26913.920858126985,65826.65255359093,0.26561284488184056,0,1.5777818374008423,12.583607965154945,0,78.28422759073523
v3p2_physical_event,Bayes_Modeled,0.95,95% posterior credible interval,2019,NO2,MT,2,2,NA,NA,46920.58892137945,26377.80900666082,66790.41549622925,0.2606746229787262,0,1.5053508579086305,12.547304869320364,0,80.23174604468721
v3p2_physical_event,Bayes_Modeled,0.95,95% posterior credible interval,2019,NO2,ST,2,2,NA,NA,46948.773241612966,27721.855095310162,65736.1075753483,0.25664310964412546,0,1.4812357058975483,12.357383497758022,0,76.55168144823837
v3p2_physical_event,Bayes_Modeled,0.95,95% posterior credible interval,2020,NO2,CT,14,14,NA,NA,199281.02533104984,137210.66977845848,268939.9348042926,0.4383277573788881,0,1.4884523856006844,87.93506898666548,0,305.49310612995333
v3p2_physical_event,Bayes_Modeled,0.95,95% posterior credible interval,2020,NO2,MT,14,14,NA,NA,167405.40232755803,116336.07904036113,209864.9125667122,0.37689859834190975,0,1.3994031083688414,63.38700906209293,0,242.55256838086825
v3p2_physical_event,Bayes_Modeled,0.95,95% posterior credible interval,2020,NO2,ST,14,14,NA,NA,166113.32278645426,123146.4172160386,206188.32325273866,0.38275759356782024,0,1.3868751108208226,63.838261474334324,0,236.35045821043093
v3p2_physical_event,Bayes_Modeled,0.95,95% posterior credible interval,2021,NO2,CT,12,12,NA,NA,180181.0104138418,127925.98881037312,231880.0052414933,0.4260552635137794,0.006797884949051054,1.3383699990211464,77.04634926370329,1.2388121702645862,246.03395430391578
v3p2_physical_event,Bayes_Modeled,0.95,95% posterior credible interval,2021,NO2,MT,12,12,NA,NA,150060.8078836819,89480.69902064453,213977.09029036562,0.3043104278538967,0,1.1379701738291907,46.163771864828604,0,174.51413182071894
v3p2_physical_event,Bayes_Modeled,0.95,95% posterior credible interval,2021,NO2,ST,12,12,NA,NA,151660.46446274658,101931.01904193989,206215.32903281564,0.3059043784385051,0,1.1302306895775356,46.518239128806556,0,178.0628254111757
v3p2_physical_event,Bayes_Modeled,0.95,95% posterior credible interval,2022,NO2,CT,16,16,NA,NA,244151.35711020615,180850.6833546945,310317.50194272184,0.28285885578513115,0.13132560393143344,0.48405467082896525,68.93126310323596,30.650851479428326,127.29640258086866
v3p2_physical_event,Bayes_Modeled,0.95,95% posterior credible interval,2022,NO2,MT,16,16,NA,NA,211355.7687509527,159601.00710501318,258970.9320938319,0.2592515426719804,0.11044683643092526,0.43875763801169176,54.73818850452518,21.040040634962217,96.54749817533941
v3p2_physical_event,Bayes_Modeled,0.95,95% posterior credible interval,2022,NO2,ST,16,16,NA,NA,217659.09462639387,163750.56842874904,268717.250817785,0.20488357283952643,0.0719056826345249,0.3921825413334088,44.53773809904986,14.97861753514067,88.56710394823895
v3p2_physical_event,Bayes_Modeled,0.95,95% posterior credible interval,2023,NO2,CT,14,14,NA,NA,254657.1777332203,207524.80364658707,307124.64253613993,0.03929522500616889,0,0.1592988095465516,10.047504473390918,0,42.52823778503097
v3p2_physical_event,Bayes_Modeled,0.95,95% posterior credible interval,2023,NO2,MT,14,14,NA,NA,255011.6272992747,204463.8674900459,311998.45455503016,0.03860985389015925,0,0.140478595240493,9.932882244593433,0,35.99018318714413
v3p2_physical_event,Bayes_Modeled,0.95,95% posterior credible interval,2023,NO2,ST,14,14,NA,NA,235821.62729397413,192160.3331772723,283500.34159520635,0.03741184703755165,0,0.14958651054409192,8.884327033607676,0,35.321944954434464
v3p2_physical_event,Bayes_Modeled,0.95,95% posterior credible interval,2024,NO2,CT,8,8,NA,NA,183176.78932120156,147470.1365501186,217821.25888652366,0.02800058536886802,0,0.17325253247078842,5.15538250167886,0,31.348342687038567
v3p2_physical_event,Bayes_Modeled,0.95,95% posterior credible interval,2024,NO2,MT,8,8,NA,NA,197556.8470461081,160767.30562563636,237703.1352104887,0.012636314167338113,0,0.09896202374285434,2.521884417330329,0,20.352233836128057
v3p2_physical_event,Bayes_Modeled,0.95,95% posterior credible interval,2024,NO2,ST,8,8,NA,NA,200613.84459435783,169170.0477749682,231516.10600297956,0.019336212236447447,0,0.11125854300810517,3.881645036891469,0,22.224130923675325
v3p2_physical_event,Bayes_Modeled,0.95,95% posterior credible interval,2025,NO2,CT,16,16,NA,NA,275244.4700319006,218814.70090365654,334840.5469352468,0.7687379000556662,0.39240599300020806,1.1919339253987387,211.53548803852732,106.77701708674255,350.0213605870698
v3p2_physical_event,Bayes_Modeled,0.95,95% posterior credible interval,2025,NO2,MT,16,16,NA,NA,270102.5243293966,213663.54961363872,339711.6787319091,0.7753524301760915,0.40927558665753483,1.1986003906881166,209.89510595833164,107.80191634568736,344.21325672569935
v3p2_physical_event,Bayes_Modeled,0.95,95% posterior credible interval,2025,NO2,ST,16,16,NA,NA,276112.4683316665,218772.74166479317,349891.42448106804,0.7719192170163027,0.4081259989307052,1.20319166585524,213.6204153497727,106.52546059703135,359.52411216067105
v3p2_physical_event,Bayes_Modeled,0.95,95% posterior credible interval,2011,NO3,CT,12,12,NA,NA,151524.46913860942,104661.86751567174,193438.44931069255,7.327463370174139,5.449056789190796,9.59210386587078,1111.5121379964462,667.2987809090112,1618.6952662450217
v3p2_physical_event,Bayes_Modeled,0.95,95% posterior credible interval,2011,NO3,MT,12,12,NA,NA,147176.7889882323,101613.10720344556,194677.34444098838,7.58399413436729,5.66053200595545,9.836540674253857,1116.9851363264247,682.4097687964056,1624.0541176708398
v3p2_physical_event,Bayes_Modeled,0.95,95% posterior credible interval,2011,NO3,ST,12,12,NA,NA,141033.54505905646,102106.21930198856,180927.69590501286,7.54162164147898,5.565897873963485,9.753590739126043,1063.7232759215033,669.8369893290811,1495.6397543974676
v3p2_physical_event,Bayes_Modeled,0.95,95% posterior credible interval,2012,NO3,CT,20,20,NA,NA,225479.8441497865,135107.27782391728,316325.3933147997,7.69699283564564,5.871522498065614,9.508419392013653,1736.3084580807906,972.3144645754644,2652.119408569294
v3p2_physical_event,Bayes_Modeled,0.95,95% posterior credible interval,2012,NO3,MT,20,20,NA,NA,206146.27024705886,141857.16984314687,266761.22120205616,8.694796509486384,6.789691578413923,10.457253819872422,1792.2441366769679,1143.3689101852128,2484.1156584222927
v3p2_physical_event,Bayes_Modeled,0.95,95% posterior credible interval,2012,NO3,ST,20,20,NA,NA,189587.02157850587,123186.78549145345,251770.66315707855,8.179512491354,6.382782847044634,9.988342090209764,1550.61069847283,971.3034593015975,2188.763659050956
v3p2_physical_event,Bayes_Modeled,0.95,95% posterior credible interval,2013,NO3,CT,14,14,NA,NA,190405.6581960947,138414.0725455627,240194.27541463287,7.82536092532626,6.014658586679115,9.722348335978626,1489.7111276149267,987.5633252458302,2049.0713693663115
v3p2_physical_event,Bayes_Modeled,0.95,95% posterior credible interval,2013,NO3,MT,14,14,NA,NA,191244.9545321349,142158.03281999036,244209.19470865643,8.07993533090994,6.090267580134829,9.93099887177994,1547.0637094399356,1015.2637658910785,2156.774138441408
v3p2_physical_event,Bayes_Modeled,0.95,95% posterior credible interval,2013,NO3,ST,14,14,NA,NA,169766.3746634449,121709.16560190945,214365.25455995114,8.052210259894354,6.138731554554875,9.912736424243787,1367.9387921527175,891.3155278750216,1883.6382431666168
v3p2_physical_event,Bayes_Modeled,0.95,95% posterior credible interval,2014,NO3,CT,10,10,NA,NA,151687.12860457072,116723.29640758752,190287.8388470094,8.760654895514651,7.4471378186751505,10.03506508970968,1328.6588162738112,990.1833084353791,1736.7703099279086
v3p2_physical_event,Bayes_Modeled,0.95,95% posterior credible interval,2014,NO3,MT,10,10,NA,NA,102666.84429079585,61359.61802178215,146260.42975417728,8.27585740373245,6.323354645148562,10.137394061495863,849.3731962757641,477.85526278869236,1259.3935321015924
v3p2_physical_event,Bayes_Modeled,0.95,95% posterior credible interval,2014,NO3,ST,10,10,NA,NA,105917.14058518231,68366.21178520951,146666.50613967446,8.593195497295014,7.194266140515284,9.924349939631425,909.6202680531044,559.9391609214297,1308.1023058651779
v3p2_physical_event,Bayes_Modeled,0.95,95% posterior credible interval,2015,NO3,CT,12,12,NA,NA,165649.97486503728,121280.02433792438,213662.06610343463,7.961355771011163,6.937211606560448,8.901021406417442,1319.0283583346668,929.1827035302244,1742.2593900350632
v3p2_physical_event,Bayes_Modeled,0.95,95% posterior credible interval,2015,NO3,MT,12,12,NA,NA,124046.74958557307,78482.50803415308,167325.49456987472,8.064657448592394,6.944243245634915,9.059213286266019,1000.7467593765913,614.4829449399645,1391.910240253943
v3p2_physical_event,Bayes_Modeled,0.95,95% posterior credible interval,2015,NO3,ST,12,12,NA,NA,122948.09814384619,75162.85839092184,165334.1490543353,8.165257195776453,7.0519031898456435,9.138812625461126,1004.5458023199906,595.4940000561176,1396.729504442396
v3p2_physical_event,Bayes_Modeled,0.95,95% posterior credible interval,2016,NO3,CT,4,4,NA,NA,53400.32051732267,28636.170853182382,80037.77704944022,5.110623248559454,4.223024025518814,5.939434845543985,273.2447303965142,142.46984221207714,413.82158121475055
v3p2_physical_event,Bayes_Modeled,0.95,95% posterior credible interval,2016,NO3,MT,4,4,NA,NA,29698.171130976,8662.479133001587,50104.090581174634,4.998958212919933,3.994096860953134,5.872931341972823,148.81799855325323,41.727585000600556,263.4469524267313
v3p2_physical_event,Bayes_Modeled,0.95,95% posterior credible interval,2016,NO3,ST,4,4,NA,NA,36869.814529672745,15546.268250789402,60459.20781263619,5.130083605492357,4.2515518953463385,5.95805677261637,189.27753670331393,77.68397560742099,316.4505568368586
v3p2_physical_event,Bayes_Modeled,0.95,95% posterior credible interval,2017,NO3,CT,12,12,NA,NA,219604.04449589507,165141.3739129547,275323.00465224136,9.006391200781813,8.1163791909865,9.763657968319404,1978.1690607058626,1452.5697186193893,2505.8837526577054
v3p2_physical_event,Bayes_Modeled,0.95,95% posterior credible interval,2017,NO3,MT,12,12,NA,NA,146204.04502745377,106040.01289521235,184232.34267232375,9.01814090229314,8.07455490583236,9.766306795613737,1318.3202378659898,940.9420841431737,1688.611710470128
v3p2_physical_event,Bayes_Modeled,0.95,95% posterior credible interval,2017,NO3,ST,12,12,NA,NA,138013.16290423658,92197.33834684592,181368.2676138659,8.88804004526857,8.040011284914995,9.6844845410785,1226.166799790586,816.8452095847728,1625.6383833802142
v3p2_physical_event,Bayes_Modeled,0.95,95% posterior credible interval,2018,NO3,CT,10,10,NA,NA,197903.50067635454,98205.04506403477,327888.46990020457,8.152478741947464,4.94532064926727,11.036093565322158,1623.3303582493138,686.8693047393443,3176.621824081718
v3p2_physical_event,Bayes_Modeled,0.95,95% posterior credible interval,2018,NO3,MT,10,10,NA,NA,187912.35133042902,93168.00322428378,311970.62183279847,8.286944155258169,5.101213303471795,11.281318062973899,1567.348811388875,670.6473724104209,3072.166049915121
v3p2_physical_event,Bayes_Modeled,0.95,95% posterior credible interval,2018,NO3,ST,10,10,NA,NA,187994.82123713865,91478.9121790331,316609.52282645344,8.285581163891367,5.127634213098371,11.37589849601807,1570.7238053131723,666.8581174164267,3146.9455277289853
v3p2_physical_event,Bayes_Modeled,0.95,95% posterior credible interval,2019,NO3,CT,2,2,NA,NA,46613.49728788152,26913.920858126985,65826.65255359093,8.900486884777887,4.783385971684448,12.948326082387934,417.5924383144014,176.27602748443007,705.1525613442194
v3p2_physical_event,Bayes_Modeled,0.95,95% posterior credible interval,2019,NO3,MT,2,2,NA,NA,46920.58892137945,26377.80900666082,66790.41549622925,8.83719937026911,4.773376755645128,13.01100461939728,416.4968208186402,169.53607167648457,702.2890171134179
v3p2_physical_event,Bayes_Modeled,0.95,95% posterior credible interval,2019,NO3,ST,2,2,NA,NA,46948.773241612966,27721.855095310162,65736.1075753483,8.862355276961981,4.724505475552471,13.136954925152605,418.1198012996561,182.73866396589443,731.2047676443337
v3p2_physical_event,Bayes_Modeled,0.95,95% posterior credible interval,2020,NO3,CT,14,14,NA,NA,199281.02533104984,137210.66977845848,268939.9348042926,7.622248391504921,6.3766431681377975,8.753165507241135,1519.5000730870752,1013.1982806074632,2137.47291418507
v3p2_physical_event,Bayes_Modeled,0.95,95% posterior credible interval,2020,NO3,MT,14,14,NA,NA,167405.40232755803,116336.07904036113,209864.9125667122,7.868580929867185,6.678993127570106,9.039819057856494,1317.3151331752244,919.4644028617876,1723.3365902189107
v3p2_physical_event,Bayes_Modeled,0.95,95% posterior credible interval,2020,NO3,ST,14,14,NA,NA,166113.32278645426,123146.4172160386,206188.32325273866,7.855403940710537,6.526405719514782,9.057601192863828,1305.3430779225062,929.6498437183648,1714.2480555877664
v3p2_physical_event,Bayes_Modeled,0.95,95% posterior credible interval,2021,NO3,CT,12,12,NA,NA,180181.0104138418,127925.98881037312,231880.0052414933,7.978687970781514,7.062248475974077,8.735140664602952,1438.1692320586153,993.4567667439997,1899.131012844868
v3p2_physical_event,Bayes_Modeled,0.95,95% posterior credible interval,2021,NO3,MT,12,12,NA,NA,150060.8078836819,89480.69902064453,213977.09029036562,8.177344587310694,7.242028706787311,8.903168835901432,1228.3703201355156,722.6954028009251,1817.6500675590457
v3p2_physical_event,Bayes_Modeled,0.95,95% posterior credible interval,2021,NO3,ST,12,12,NA,NA,151660.46446274658,101931.01904193989,206215.32903281564,8.209637264539687,7.334119958294547,8.96293871414424,1246.025488510545,807.0965271982477,1724.4025881744888
v3p2_physical_event,Bayes_Modeled,0.95,95% posterior credible interval,2022,NO3,CT,16,16,NA,NA,244151.35711020615,180850.6833546945,310317.50194272184,6.821965175180484,5.8243648863376745,7.722216798676191,1665.7111506618078,1184.1033365199255,2186.702290645698
v3p2_physical_event,Bayes_Modeled,0.95,95% posterior credible interval,2022,NO3,MT,16,16,NA,NA,211355.7687509527,159601.00710501318,258970.9320938319,6.950824516417476,5.921490860604731,7.829258309473346,1470.1178893085814,1073.068205512894,1883.9529716133475
v3p2_physical_event,Bayes_Modeled,0.95,95% posterior credible interval,2022,NO3,ST,16,16,NA,NA,217659.09462639387,163750.56842874904,268717.250817785,7.059056486271472,6.0750703546573614,8.031265597637383,1536.9813227352315,1101.2670024575423,1973.625036665761
v3p2_physical_event,Bayes_Modeled,0.95,95% posterior credible interval,2023,NO3,CT,14,14,NA,NA,254657.1777332203,207524.80364658707,307124.64253613993,7.319873271090493,5.364007545005397,9.422853943396666,1861.2978539937783,1302.3565986311116,2548.618558077883
v3p2_physical_event,Bayes_Modeled,0.95,95% posterior credible interval,2023,NO3,MT,14,14,NA,NA,255011.6272992747,204463.8674900459,311998.45455503016,8.075893522840946,6.1740733742112575,10.164228357769481,2055.640868315746,1499.5289809741398,2799.4929649851947
v3p2_physical_event,Bayes_Modeled,0.95,95% posterior credible interval,2023,NO3,ST,14,14,NA,NA,235821.62729397413,192160.3331772723,283500.34159520635,7.3607164926568585,5.47751710773045,9.495116794702101,1731.5006543447705,1223.5821921485954,2333.3910794991034
v3p2_physical_event,Bayes_Modeled,0.95,95% posterior credible interval,2024,NO3,CT,8,8,NA,NA,183176.78932120156,147470.1365501186,217821.25888652366,7.823071316969353,5.9678789301754165,9.916626672150262,1433.987331992771,1004.5807045324525,1955.480306620179
v3p2_physical_event,Bayes_Modeled,0.95,95% posterior credible interval,2024,NO3,MT,8,8,NA,NA,197556.8470461081,160767.30562563636,237703.1352104887,7.843121087921514,5.983330400914635,9.951940129917812,1548.126426025129,1103.0283188325454,2072.2447527526347
v3p2_physical_event,Bayes_Modeled,0.95,95% posterior credible interval,2024,NO3,ST,8,8,NA,NA,200613.84459435783,169170.0477749682,231516.10600297956,7.941586753615992,6.181031928739107,10.073817311853174,1593.5908033273454,1165.222583816644,2095.00164173767
v3p2_physical_event,Bayes_Modeled,0.95,95% posterior credible interval,2025,NO3,CT,16,16,NA,NA,275244.4700319006,218814.70090365654,334840.5469352468,2.018822655584078,0.4920070335210348,4.099417590571574,554.034673915772,129.2789156221021,1161.3618424048557
v3p2_physical_event,Bayes_Modeled,0.95,95% posterior credible interval,2025,NO3,MT,16,16,NA,NA,270102.5243293966,213663.54961363872,339711.6787319091,2.02203685854266,0.45610215062903253,4.111515995919429,543.9870245277563,123.29890646216606,1144.4940856175724
v3p2_physical_event,Bayes_Modeled,0.95,95% posterior credible interval,2025,NO3,ST,16,16,NA,NA,276112.4683316665,218772.74166479317,349891.42448106804,2.0253249523946115,0.44849122992590684,4.1312158792761124,556.2115103605802,123.42027568858117,1159.5545565640605
v3p2_physical_event,Bayes_Modeled,0.95,95% posterior credible interval,2011,OP,CT,12,12,NA,NA,151524.46913860942,104661.86751567174,193438.44931069255,0.16183925558927034,0.05396825469668917,0.2898152592829786,24.401404075755657,8.458515104519165,45.92601150701617
v3p2_physical_event,Bayes_Modeled,0.95,95% posterior credible interval,2011,OP,MT,12,12,NA,NA,147176.7889882323,101613.10720344556,194677.34444098838,0.17441678430361024,0.06033936221816353,0.30643097747493836,25.608354450173973,8.221956680487317,48.095378341388944
v3p2_physical_event,Bayes_Modeled,0.95,95% posterior credible interval,2011,OP,ST,12,12,NA,NA,141033.54505905646,102106.21930198856,180927.69590501286,0.1644531113759775,0.056810618770218625,0.29113945902777727,23.128847626186975,7.673688689394766,43.08396163225676
v3p2_physical_event,Bayes_Modeled,0.95,95% posterior credible interval,2012,OP,CT,20,20,NA,NA,225479.8441497865,135107.27782391728,316325.3933147997,0.18522310646318751,0.07449669417611982,0.3155251210520238,41.42712449419584,15.346745429938505,76.17859797404066
v3p2_physical_event,Bayes_Modeled,0.95,95% posterior credible interval,2012,OP,MT,20,20,NA,NA,206146.27024705886,141857.16984314687,266761.22120205616,0.24328311793685115,0.13075557352908085,0.37202601308029176,50.03375379199497,24.46996276375816,81.08997363466818
v3p2_physical_event,Bayes_Modeled,0.95,95% posterior credible interval,2012,OP,ST,20,20,NA,NA,189587.02157850587,123186.78549145345,251770.66315707855,0.18727304407955697,0.08104817002901163,0.318318994672042,35.27642910946711,14.01163753842453,63.22822335635963
v3p2_physical_event,Bayes_Modeled,0.95,95% posterior credible interval,2013,OP,CT,14,14,NA,NA,190405.6581960947,138414.0725455627,240194.27541463287,0.06980810646034423,0.004082897495501495,0.19253418233251493,13.221424460039811,0.7806670907197357,36.57150505752031
v3p2_physical_event,Bayes_Modeled,0.95,95% posterior credible interval,2013,OP,MT,14,14,NA,NA,191244.9545321349,142158.03281999036,244209.19470865643,0.07429222392286819,0.005042429096962763,0.20008949829945755,14.122219016117482,0.9401891814068459,39.104197927765625
v3p2_physical_event,Bayes_Modeled,0.95,95% posterior credible interval,2013,OP,ST,14,14,NA,NA,169766.3746634449,121709.16560190945,214365.25455995114,0.07011279014261086,0.0021401043958269774,0.19497379233817644,11.842100298899704,0.37097586207627126,33.653907510817056
v3p2_physical_event,Bayes_Modeled,0.95,95% posterior credible interval,2014,OP,CT,10,10,NA,NA,151687.12860457072,116723.29640758752,190287.8388470094,0.13421474618957768,0.05130629233670249,0.21938569306781258,20.317719068131588,7.489003934812185,35.22571470738225
v3p2_physical_event,Bayes_Modeled,0.95,95% posterior credible interval,2014,OP,MT,10,10,NA,NA,102666.84429079585,61359.61802178215,146260.42975417728,0.19289219024847076,0.08506633595159892,0.31604446881589676,19.848024236969614,7.122994862388017,36.67100736885821
v3p2_physical_event,Bayes_Modeled,0.95,95% posterior credible interval,2014,OP,ST,10,10,NA,NA,105917.14058518231,68366.21178520951,146666.50613967446,0.18000040227642614,0.09109979354059813,0.28598894866003927,18.93151443141863,8.838221284350805,32.06490688944009
v3p2_physical_event,Bayes_Modeled,0.95,95% posterior credible interval,2015,OP,CT,12,12,NA,NA,165649.97486503728,121280.02433792438,213662.06610343463,0.06893481250174129,0.014678936797103904,0.14137855310428893,11.386267760442333,2.3242348656942604,24.92910745852442
v3p2_physical_event,Bayes_Modeled,0.95,95% posterior credible interval,2015,OP,MT,12,12,NA,NA,124046.74958557307,78482.50803415308,167325.49456987472,0.06230035960233005,0.009314337937857397,0.1399859270711292,7.718805886937574,0.981701144337858,17.29312634808763
v3p2_physical_event,Bayes_Modeled,0.95,95% posterior credible interval,2015,OP,ST,12,12,NA,NA,122948.09814384619,75162.85839092184,165334.1490543353,0.07382664826057353,0.01260373697331691,0.15471027532838402,9.080860298277177,1.4802855397356398,19.414052323751708
v3p2_physical_event,Bayes_Modeled,0.95,95% posterior credible interval,2016,OP,CT,4,4,NA,NA,53400.32051732267,28636.170853182382,80037.77704944022,0.044332280932994295,0,0.1276935070143793,2.371827735482501,0,7.425641151288512
v3p2_physical_event,Bayes_Modeled,0.95,95% posterior credible interval,2016,OP,MT,4,4,NA,NA,29698.171130976,8662.479133001587,50104.090581174634,0.0312339070589781,0,0.11390802512568454,0.9251397962237963,0,3.4729365073256124
v3p2_physical_event,Bayes_Modeled,0.95,95% posterior credible interval,2016,OP,ST,4,4,NA,NA,36869.814529672745,15546.268250789402,60459.20781263619,0.03539579928930791,0,0.11442919486402994,1.312701241360867,0,4.63997296311438
v3p2_physical_event,Bayes_Modeled,0.95,95% posterior credible interval,2017,OP,CT,12,12,NA,NA,219604.04449589507,165141.3739129547,275323.00465224136,0.0821960048359972,0.014562091952387819,0.17705135140125045,18.11977086599616,3.0401199272689325,40.84800730530587
v3p2_physical_event,Bayes_Modeled,0.95,95% posterior credible interval,2017,OP,MT,12,12,NA,NA,146204.04502745377,106040.01289521235,184232.34267232375,0.04816269217858218,0.0029452946253409854,0.1220948890532696,7.01978960409975,0.4315033670424613,18.222813876887436
v3p2_physical_event,Bayes_Modeled,0.95,95% posterior credible interval,2017,OP,ST,12,12,NA,NA,138013.16290423658,92197.33834684592,181368.2676138659,0.04454901787521296,0.002080553291158223,0.11879280555453225,6.133853585466168,0.26695470269305077,17.025258613276833
v3p2_physical_event,Bayes_Modeled,0.95,95% posterior credible interval,2018,OP,CT,10,10,NA,NA,197903.50067635454,98205.04506403477,327888.46990020457,0.26724824046774454,0.084099367712233,0.5337434315983431,52.65311939675106,14.281021485397613,131.09206076577073
v3p2_physical_event,Bayes_Modeled,0.95,95% posterior credible interval,2018,OP,MT,10,10,NA,NA,187912.35133042902,93168.00322428378,311970.62183279847,0.27011746468630654,0.0917917362688905,0.5315231651016781,50.21604822757299,15.327237357671844,116.24505375637997
v3p2_physical_event,Bayes_Modeled,0.95,95% posterior credible interval,2018,OP,ST,10,10,NA,NA,187994.82123713865,91478.9121790331,316609.52282645344,0.2731366658289658,0.09221477646325671,0.534007657843655,50.87020659657907,15.426482784718667,115.24346311275818
v3p2_physical_event,Bayes_Modeled,0.95,95% posterior credible interval,2019,OP,CT,2,2,NA,NA,46613.49728788152,26913.920858126985,65826.65255359093,0.34070924749633874,0.09671854376497319,0.6169180484391814,15.990063399417393,3.4790506615463825,33.993473784536434
v3p2_physical_event,Bayes_Modeled,0.95,95% posterior credible interval,2019,OP,MT,2,2,NA,NA,46920.58892137945,26377.80900666082,66790.41549622925,0.3421078384758461,0.075621887753204,0.6284455476013622,16.189502777645153,2.827329318915564,33.77579239949199
v3p2_physical_event,Bayes_Modeled,0.95,95% posterior credible interval,2019,OP,ST,2,2,NA,NA,46948.773241612966,27721.855095310162,65736.1075753483,0.34192997959417376,0.09998586700433634,0.611025211864181,16.120839000585462,3.8528104920349096,31.999687230148403
v3p2_physical_event,Bayes_Modeled,0.95,95% posterior credible interval,2020,OP,CT,14,14,NA,NA,199281.02533104984,137210.66977845848,268939.9348042926,0.13310391042887842,0.029323998218187288,0.2830908354416617,26.30055117886139,5.835370654948706,55.485484639930014
v3p2_physical_event,Bayes_Modeled,0.95,95% posterior credible interval,2020,OP,MT,14,14,NA,NA,167405.40232755803,116336.07904036113,209864.9125667122,0.1498303108642205,0.03877800784876833,0.2983113981043427,25.068907684926675,6.449419912375799,51.076369057559134
v3p2_physical_event,Bayes_Modeled,0.95,95% posterior credible interval,2020,OP,ST,14,14,NA,NA,166113.32278645426,123146.4172160386,206188.32325273866,0.15063296554421882,0.03919529006607779,0.2985691753570086,24.989780335898814,6.307561928870182,50.621132462001754
v3p2_physical_event,Bayes_Modeled,0.95,95% posterior credible interval,2021,OP,CT,12,12,NA,NA,180181.0104138418,127925.98881037312,231880.0052414933,0.1784606382271582,0.075070408870958,0.30269171669321215,32.070344843881266,13.377379810679171,56.230719966442486
v3p2_physical_event,Bayes_Modeled,0.95,95% posterior credible interval,2021,OP,MT,12,12,NA,NA,150060.8078836819,89480.69902064453,213977.09029036562,0.2009091984391725,0.08912969197152905,0.3334997551481452,29.867305399085097,12.255332634616984,56.24396110796714
v3p2_physical_event,Bayes_Modeled,0.95,95% posterior credible interval,2021,OP,ST,12,12,NA,NA,151660.46446274658,101931.01904193989,206215.32903281564,0.19244494645504934,0.08784029068786019,0.327635885063481,29.001197985533157,12.460845111258159,51.231001393011326
v3p2_physical_event,Bayes_Modeled,0.95,95% posterior credible interval,2022,OP,CT,16,16,NA,NA,244151.35711020615,180850.6833546945,310317.50194272184,0.15701193586472054,0.07635346646789601,0.25301685651533595,38.32022801053394,16.786746499349643,64.78550823267224
v3p2_physical_event,Bayes_Modeled,0.95,95% posterior credible interval,2022,OP,MT,16,16,NA,NA,211355.7687509527,159601.00710501318,258970.9320938319,0.15666976053005963,0.07858500558293531,0.24983980647021578,33.165730707375786,15.746282449708946,55.28222079462846
v3p2_physical_event,Bayes_Modeled,0.95,95% posterior credible interval,2022,OP,ST,16,16,NA,NA,217659.09462639387,163750.56842874904,268717.250817785,0.1709297307205038,0.09122322133400881,0.26380395626903097,37.179031099598184,19.1540404474662,60.35137694061047
v3p2_physical_event,Bayes_Modeled,0.95,95% posterior credible interval,2023,OP,CT,14,14,NA,NA,254657.1777332203,207524.80364658707,307124.64253613993,0.11295209723184187,0.05698843388316008,0.18801451415511006,28.63402610479533,14.371123545173027,48.08119140879094
v3p2_physical_event,Bayes_Modeled,0.95,95% posterior credible interval,2023,OP,MT,14,14,NA,NA,255011.6272992747,204463.8674900459,311998.45455503016,0.1302385341959052,0.0697377396049877,0.20522687587554123,32.96619181037582,17.91657558438707,52.57660522033534
v3p2_physical_event,Bayes_Modeled,0.95,95% posterior credible interval,2023,OP,ST,14,14,NA,NA,235821.62729397413,192160.3331772723,283500.34159520635,0.14226440226589634,0.07541084802555606,0.22304416871287847,33.43610529744124,17.396842303848967,52.132805363405936
v3p2_physical_event,Bayes_Modeled,0.95,95% posterior credible interval,2024,OP,CT,8,8,NA,NA,183176.78932120156,147470.1365501186,217821.25888652366,0.4142410137421797,0.30223461385465156,0.5376584279124714,75.83183974499444,53.041537569360514,102.70922182682483
v3p2_physical_event,Bayes_Modeled,0.95,95% posterior credible interval,2024,OP,MT,8,8,NA,NA,197556.8470461081,160767.30562563636,237703.1352104887,0.3845619845241151,0.2767269164493168,0.5023650659795122,75.88545788766034,52.76452327250293,104.32358914408448
v3p2_physical_event,Bayes_Modeled,0.95,95% posterior credible interval,2024,OP,ST,8,8,NA,NA,200613.84459435783,169170.0477749682,231516.10600297956,0.4228648720115053,0.3136364008807183,0.5530383747539029,84.83790750374152,61.14887492419899,113.15691813900669
v3p2_physical_event,Bayes_Modeled,0.95,95% posterior credible interval,2025,OP,CT,16,16,NA,NA,275244.4700319006,218814.70090365654,334840.5469352468,0.1787015168367366,0.09584955408564433,0.28321183708435316,49.10828817775841,25.503461667873545,79.25915811611108
v3p2_physical_event,Bayes_Modeled,0.95,95% posterior credible interval,2025,OP,MT,16,16,NA,NA,270102.5243293966,213663.54961363872,339711.6787319091,0.2371257497561527,0.14540862053690512,0.34566895216715154,64.11346456711375,36.304567126846464,98.72047976280827
v3p2_physical_event,Bayes_Modeled,0.95,95% posterior credible interval,2025,OP,ST,16,16,NA,NA,276112.4683316665,218772.74166479317,349891.42448106804,0.19330459522958846,0.11012022401150996,0.2973822513553839,53.3862394156638,28.988688103333153,86.97819029876109
v3p2_physical_event,Bayes_Modeled,0.95,95% posterior credible interval,2011,Se,CT,12,12,NA,NA,151524.46913860942,104661.86751567174,193438.44931069255,0.006573666467479652,0.00426454653191592,0.008807763895003304,0.9974292023035282,0.5682581309438992,1.478338542678089
v3p2_physical_event,Bayes_Modeled,0.95,95% posterior credible interval,2011,Se,MT,12,12,NA,NA,147176.7889882323,101613.10720344556,194677.34444098838,0.005837480152933829,0.0035402871520020963,0.008282570565235845,0.8595105777190867,0.46251681931522326,1.3512148934193666
v3p2_physical_event,Bayes_Modeled,0.95,95% posterior credible interval,2011,Se,ST,12,12,NA,NA,141033.54505905646,102106.21930198856,180927.69590501286,0.005808714475026973,0.003568980472113712,0.008379991496826342,0.8207184693794983,0.4375733842921006,1.2421168872041162
v3p2_physical_event,Bayes_Modeled,0.95,95% posterior credible interval,2012,Se,CT,20,20,NA,NA,225479.8441497865,135107.27782391728,316325.3933147997,0.006586895227813086,0.004187304353412991,0.008902151931007877,1.4891184729171192,0.7549583123663444,2.387417431495738
v3p2_physical_event,Bayes_Modeled,0.95,95% posterior credible interval,2012,Se,MT,20,20,NA,NA,206146.27024705886,141857.16984314687,266761.22120205616,0.005819286643609867,0.0033961409913625396,0.008066649964323033,1.2001438759868654,0.6347570739901418,1.8090069457508975
v3p2_physical_event,Bayes_Modeled,0.95,95% posterior credible interval,2012,Se,ST,20,20,NA,NA,189587.02157850587,123186.78549145345,251770.66315707855,0.0057632872592057365,0.003437789771410021,0.008059173637366645,1.0935561279674848,0.5648812443396123,1.7293816820790475
v3p2_physical_event,Bayes_Modeled,0.95,95% posterior credible interval,2013,Se,CT,14,14,NA,NA,190405.6581960947,138414.0725455627,240194.27541463287,0.006361999727025042,0.0020773251951371405,0.011805744424362559,1.2145295830883502,0.36072836526373586,2.286560953417712
v3p2_physical_event,Bayes_Modeled,0.95,95% posterior credible interval,2013,Se,MT,14,14,NA,NA,191244.9545321349,142158.03281999036,244209.19470865643,0.005900469519965042,0.0018130988942521471,0.011327100962478177,1.1318247103506642,0.31673349214223967,2.251437400624426
v3p2_physical_event,Bayes_Modeled,0.95,95% posterior credible interval,2013,Se,ST,14,14,NA,NA,169766.3746634449,121709.16560190945,214365.25455995114,0.005848288135933686,0.001549989332727232,0.011446727255793631,0.9938713967117178,0.25667852340431835,1.8984601285995337
v3p2_physical_event,Bayes_Modeled,0.95,95% posterior credible interval,2014,Se,CT,10,10,NA,NA,151687.12860457072,116723.29640758752,190287.8388470094,0.006716028111646512,0.004538229889958232,0.009073383163977183,1.0189995785087629,0.649534725667873,1.5220640273202908
v3p2_physical_event,Bayes_Modeled,0.95,95% posterior credible interval,2014,Se,MT,10,10,NA,NA,102666.84429079585,61359.61802178215,146260.42975417728,0.006018412185482354,0.003828923339199068,0.00829350711977877,0.6185316090671353,0.30508158679429015,0.9963992346797423
v3p2_physical_event,Bayes_Modeled,0.95,95% posterior credible interval,2014,Se,ST,10,10,NA,NA,105917.14058518231,68366.21178520951,146666.50613967446,0.006114117339323709,0.0036959822877531403,0.008341385260587923,0.6474725260517511,0.3337514694229584,1.0127343966113518
v3p2_physical_event,Bayes_Modeled,0.95,95% posterior credible interval,2015,Se,CT,12,12,NA,NA,165649.97486503728,121280.02433792438,213662.06610343463,0.0065909409650616,0.0042638884970870854,0.008607156907543365,1.0917262811608417,0.6401628110712204,1.588862832337984
v3p2_physical_event,Bayes_Modeled,0.95,95% posterior credible interval,2015,Se,MT,12,12,NA,NA,124046.74958557307,78482.50803415308,167325.49456987472,0.00577151378469966,0.003389493204281259,0.007943670505044697,0.7168637668485505,0.35208278104400625,1.1348616958426416
v3p2_physical_event,Bayes_Modeled,0.95,95% posterior credible interval,2015,Se,ST,12,12,NA,NA,122948.09814384619,75162.85839092184,165334.1490543353,0.005760476003958607,0.0034412435929980535,0.007882671997104657,0.7097602860885763,0.3470579699104331,1.1300409033232022
v3p2_physical_event,Bayes_Modeled,0.95,95% posterior credible interval,2016,Se,CT,4,4,NA,NA,53400.32051732267,28636.170853182382,80037.77704944022,0.006426895519437732,0.0012464040762226927,0.01082335982688985,0.34494257975484194,0.05485797745436971,0.6790592287520953
v3p2_physical_event,Bayes_Modeled,0.95,95% posterior credible interval,2016,Se,MT,4,4,NA,NA,29698.171130976,8662.479133001587,50104.090581174634,0.005669037447682669,4.670632724850096e-4,0.010372394295189423,0.1682027106409735,0.011920202905742246,0.3772351008325438
v3p2_physical_event,Bayes_Modeled,0.95,95% posterior credible interval,2016,Se,ST,4,4,NA,NA,36869.814529672745,15546.268250789402,60459.20781263619,0.005672256916042362,6.655413381812206e-4,0.010558442008613046,0.2108312465471792,0.022797272479619678,0.44132528582646335
v3p2_physical_event,Bayes_Modeled,0.95,95% posterior credible interval,2017,Se,CT,12,12,NA,NA,219604.04449589507,165141.3739129547,275323.00465224136,0.006535553736879029,0.002417639783562477,0.012013139822700025,1.4393686392324891,0.4950467039055914,2.6875377773155087
v3p2_physical_event,Bayes_Modeled,0.95,95% posterior credible interval,2017,Se,MT,12,12,NA,NA,146204.04502745377,106040.01289521235,184232.34267232375,0.005830643570054874,0.0017702604490329606,0.011182727439754079,0.8530601022078262,0.2594518644506192,1.7281793202440254
v3p2_physical_event,Bayes_Modeled,0.95,95% posterior credible interval,2017,Se,ST,12,12,NA,NA,138013.16290423658,92197.33834684592,181368.2676138659,0.00569839376121828,0.0017579198366833853,0.01102264744576766,0.7844173595989004,0.22540489595593438,1.5262821295159752
v3p2_physical_event,Bayes_Modeled,0.95,95% posterior credible interval,2018,Se,CT,10,10,NA,NA,197903.50067635454,98205.04506403477,327888.46990020457,0.006316133228824244,0.002728306186868876,0.009719441714644669,1.262819959254155,0.37916839827110127,2.556115048735882
v3p2_physical_event,Bayes_Modeled,0.95,95% posterior credible interval,2018,Se,MT,10,10,NA,NA,187912.35133042902,93168.00322428378,311970.62183279847,0.006046851381731765,0.0022670535836284036,0.00931525042121301,1.141785184645049,0.36403637922376075,2.2641110389855736
v3p2_physical_event,Bayes_Modeled,0.95,95% posterior credible interval,2018,Se,ST,10,10,NA,NA,187994.82123713865,91478.9121790331,316609.52282645344,0.006048582206207878,0.0022547842140550932,0.009542263978445336,1.1433657562762565,0.3407448656592291,2.3464843161248297
v3p2_physical_event,Bayes_Modeled,0.95,95% posterior credible interval,2019,Se,CT,2,2,NA,NA,46613.49728788152,26913.920858126985,65826.65255359093,0.006258937001005093,0.0011015925932929278,0.010432167300514186,0.2931620832837576,0.04209485502759418,0.5529190233327965
v3p2_physical_event,Bayes_Modeled,0.95,95% posterior credible interval,2019,Se,MT,2,2,NA,NA,46920.58892137945,26377.80900666082,66790.41549622925,0.006309782753392162,0.0011622693136308006,0.010704140099393352,0.2981551367367672,0.05122792969480894,0.5641879422265632
v3p2_physical_event,Bayes_Modeled,0.95,95% posterior credible interval,2019,Se,ST,2,2,NA,NA,46948.773241612966,27721.855095310162,65736.1075753483,0.006273452731916783,0.0011986276937939236,0.010676110138107847,0.29566919840290157,0.05368779837171508,0.5445103609840442
v3p2_physical_event,Bayes_Modeled,0.95,95% posterior credible interval,2020,Se,CT,14,14,NA,NA,199281.02533104984,137210.66977845848,268939.9348042926,0.0064901141932816025,0.005529683371760965,0.007496919891466532,1.2934443581445378,0.8669408278818609,1.7917404269948372
v3p2_physical_event,Bayes_Modeled,0.95,95% posterior credible interval,2020,Se,MT,14,14,NA,NA,167405.40232755803,116336.07904036113,209864.9125667122,0.005615143495747143,0.004608261455713494,0.0066348555861522295,0.940257792352889,0.6298748026950072,1.2521030451351791
v3p2_physical_event,Bayes_Modeled,0.95,95% posterior credible interval,2020,Se,ST,14,14,NA,NA,166113.32278645426,123146.4172160386,206188.32325273866,0.005619305718563164,0.004584069641549123,0.006628192145763853,0.9336993697613185,0.6459385986324887,1.2476462623107158
v3p2_physical_event,Bayes_Modeled,0.95,95% posterior credible interval,2021,Se,CT,12,12,NA,NA,180181.0104138418,127925.98881037312,231880.0052414933,0.007005403036172348,0.006180990208829961,0.007799712467433922,1.2621334871793328,0.8674427550726937,1.6376012248775087
v3p2_physical_event,Bayes_Modeled,0.95,95% posterior credible interval,2021,Se,MT,12,12,NA,NA,150060.8078836819,89480.69902064453,213977.09029036562,0.006001165326026895,0.005242318272097217,0.006791851218450889,0.9011237563797377,0.5313192498319516,1.323512972193155
v3p2_physical_event,Bayes_Modeled,0.95,95% posterior credible interval,2021,Se,ST,12,12,NA,NA,151660.46446274658,101931.01904193989,206215.32903281564,0.006239598491042169,0.005508103662301365,0.007020624274365213,0.9463113025738634,0.6205625626159816,1.3354009093758081
v3p2_physical_event,Bayes_Modeled,0.95,95% posterior credible interval,2022,Se,CT,16,16,NA,NA,244151.35711020615,180850.6833546945,310317.50194272184,0.007356949233043083,0.006425450016949177,0.008317036981473496,1.7963305758299595,1.2740689750590926,2.3232180827736038
v3p2_physical_event,Bayes_Modeled,0.95,95% posterior credible interval,2022,Se,MT,16,16,NA,NA,211355.7687509527,159601.00710501318,258970.9320938319,0.006338195205595487,0.005635324146985112,0.007150918921289219,1.340259951863024,0.9826043014678594,1.6942973717456093
v3p2_physical_event,Bayes_Modeled,0.95,95% posterior credible interval,2022,Se,ST,16,16,NA,NA,217659.09462639387,163750.56842874904,268717.250817785,0.006348951307702326,0.005566517986797149,0.007125266715486817,1.3819893787258741,1.0207773393185295,1.7595244300826156
v3p2_physical_event,Bayes_Modeled,0.95,95% posterior credible interval,2023,Se,CT,14,14,NA,NA,254657.1777332203,207524.80364658707,307124.64253613993,0.006319587867407869,0.003075328618508071,0.010098603537451638,1.6116449829507988,0.7644766742644379,2.6245471082535623
v3p2_physical_event,Bayes_Modeled,0.95,95% posterior credible interval,2023,Se,MT,14,14,NA,NA,255011.6272992747,204463.8674900459,311998.45455503016,0.006020538493103741,0.00265499405580514,0.009775641263730293,1.5370083574956444,0.6728366070068315,2.5725943447304918
v3p2_physical_event,Bayes_Modeled,0.95,95% posterior credible interval,2023,Se,ST,14,14,NA,NA,235821.62729397413,192160.3331772723,283500.34159520635,0.006096770610375301,0.0028119419333957974,0.009814871359533175,1.4396781868062642,0.660295452165985,2.3790457176196305
v3p2_physical_event,Bayes_Modeled,0.95,95% posterior credible interval,2024,Se,CT,8,8,NA,NA,183176.78932120156,147470.1365501186,217821.25888652366,0.006319943855454851,0.0013621540214057623,0.010645496951325866,1.1599482597246458,0.21601134154517299,2.0361174266704456
v3p2_physical_event,Bayes_Modeled,0.95,95% posterior credible interval,2024,Se,MT,8,8,NA,NA,197556.8470461081,160767.30562563636,237703.1352104887,0.006223205273933396,0.001044224771642481,0.01059365351863445,1.227482262759418,0.2239859281391149,2.128736906865041
v3p2_physical_event,Bayes_Modeled,0.95,95% posterior credible interval,2024,Se,ST,8,8,NA,NA,200613.84459435783,169170.0477749682,231516.10600297956,0.006240895919579326,0.0012428651430456792,0.010540169905419585,1.2516674587464662,0.239382022903327,2.1281107924872353
v3p2_physical_event,Bayes_Modeled,0.95,95% posterior credible interval,2025,Se,CT,16,16,NA,NA,275244.4700319006,218814.70090365654,334840.5469352468,0.006772270356273927,0.004508414708557936,0.008929974459684038,1.863303800676622,1.2020666900535808,2.5966554964613
v3p2_physical_event,Bayes_Modeled,0.95,95% posterior credible interval,2025,Se,MT,16,16,NA,NA,270102.5243293966,213663.54961363872,339711.6787319091,0.006063521917492385,0.0035562570345030933,0.008385618947067075,1.6372812370411416,0.9081185418342704,2.3984208343390945
v3p2_physical_event,Bayes_Modeled,0.95,95% posterior credible interval,2025,Se,ST,16,16,NA,NA,276112.4683316665,218772.74166479317,349891.42448106804,0.006194645680206931,0.0038143811248976915,0.008464342229179588,1.7110288166756513,1.0107357048503174,2.4917482036734926
v3p2_physical_event,Bayes_Modeled,0.95,95% posterior credible interval,2011,TDS,CT,12,12,NA,NA,151524.46913860942,104661.86751567174,193438.44931069255,863.2870964895335,535.3611511714273,1200.8291815587827,130733.69470408351,71172.70989854255,193313.35661085005
v3p2_physical_event,Bayes_Modeled,0.95,95% posterior credible interval,2011,TDS,MT,12,12,NA,NA,147176.7889882323,101613.10720344556,194677.34444098838,926.8361531676491,589.3249764233236,1265.7430690274878,136324.34422097733,75039.19577250698,204571.24642918602
v3p2_physical_event,Bayes_Modeled,0.95,95% posterior credible interval,2011,TDS,ST,12,12,NA,NA,141033.54505905646,102106.21930198856,180927.69590501286,918.160327148701,577.7206420675651,1252.4537378222053,129503.67895085063,73155.13131187297,192234.89187226543
v3p2_physical_event,Bayes_Modeled,0.95,95% posterior credible interval,2012,TDS,CT,20,20,NA,NA,225479.8441497865,135107.27782391728,316325.3933147997,768.1330853226166,398.1132957943237,1156.936359976919,172782.38026154108,72434.2828539268,287462.0214941676
v3p2_physical_event,Bayes_Modeled,0.95,95% posterior credible interval,2012,TDS,MT,20,20,NA,NA,206146.27024705886,141857.16984314687,266761.22120205616,889.1882618199672,517.659149747635,1275.6168614503995,183061.69940007545,97106.95382112678,285197.90201625903
v3p2_physical_event,Bayes_Modeled,0.95,95% posterior credible interval,2012,TDS,ST,20,20,NA,NA,189587.02157850587,123186.78549145345,251770.66315707855,851.5756572239384,489.25340297936026,1221.2615726497152,161531.51417498593,82031.07597610781,250810.8684994079
v3p2_physical_event,Bayes_Modeled,0.95,95% posterior credible interval,2013,TDS,CT,14,14,NA,NA,190405.6581960947,138414.0725455627,240194.27541463287,804.0482100242067,420.13240220985455,1173.3910227383249,153217.94181741518,76308.52237329113,237739.28099370506
v3p2_physical_event,Bayes_Modeled,0.95,95% posterior credible interval,2013,TDS,MT,14,14,NA,NA,191244.9545321349,142158.03281999036,244209.19470865643,845.4714033368201,465.1655275273426,1217.4889536317635,161711.41149571183,83503.22688149544,250937.08468096048
v3p2_physical_event,Bayes_Modeled,0.95,95% posterior credible interval,2013,TDS,ST,14,14,NA,NA,169766.3746634449,121709.16560190945,214365.25455995114,845.8385035090608,470.45417518212867,1204.4714535692492,143819.0513012497,73747.37786086388,223924.4241400843
v3p2_physical_event,Bayes_Modeled,0.95,95% posterior credible interval,2014,TDS,CT,10,10,NA,NA,151687.12860457072,116723.29640758752,190287.8388470094,897.651355686481,534.5866606675936,1300.198493136173,136290.22658315374,73683.53296768795,209452.74235177113
v3p2_physical_event,Bayes_Modeled,0.95,95% posterior credible interval,2014,TDS,MT,10,10,NA,NA,102666.84429079585,61359.61802178215,146260.42975417728,928.5180255479611,548.3688652817809,1324.8128897401093,95380.01963632391,44770.19902847482,156825.4721506987
v3p2_physical_event,Bayes_Modeled,0.95,95% posterior credible interval,2014,TDS,ST,10,10,NA,NA,105917.14058518231,68366.21178520951,146666.50613967446,930.726287778008,561.3331069081357,1307.274073590907,98776.62475136855,47682.93009761644,159838.33261379387
v3p2_physical_event,Bayes_Modeled,0.95,95% posterior credible interval,2015,TDS,CT,12,12,NA,NA,165649.97486503728,121280.02433792438,213662.06610343463,846.5994708854494,473.36410159230275,1228.2870758587155,140268.38371129602,74463.57353494994,215863.28856436885
v3p2_physical_event,Bayes_Modeled,0.95,95% posterior credible interval,2015,TDS,MT,12,12,NA,NA,124046.74958557307,78482.50803415308,167325.49456987472,896.3760120424553,524.3813574048972,1264.190027093442,111148.54877668817,55047.59740421295,174844.47702415433
v3p2_physical_event,Bayes_Modeled,0.95,95% posterior credible interval,2015,TDS,ST,12,12,NA,NA,122948.09814384619,75162.85839092184,165334.1490543353,910.1074031823541,542.844135144939,1262.259830576525,111803.73032178132,53334.484824558705,173722.22564607448
v3p2_physical_event,Bayes_Modeled,0.95,95% posterior credible interval,2016,TDS,CT,4,4,NA,NA,53400.32051732267,28636.170853182382,80037.77704944022,877.4296400544212,398.8258089758094,1394.1190597437978,47169.431772942036,17192.003373339165,89153.44256466345
v3p2_physical_event,Bayes_Modeled,0.95,95% posterior credible interval,2016,TDS,MT,4,4,NA,NA,29698.171130976,8662.479133001587,50104.090581174634,895.1246273341301,404.6288906831087,1427.2223774231359,26681.151796597307,5323.388410475052,54417.71023170234
v3p2_physical_event,Bayes_Modeled,0.95,95% posterior credible interval,2016,TDS,ST,4,4,NA,NA,36869.814529672745,15546.268250789402,60459.20781263619,905.9971951872507,431.60028487893766,1447.9287597108043,33576.35711205117,9599.643958752344,65114.84038688266
v3p2_physical_event,Bayes_Modeled,0.95,95% posterior credible interval,2017,TDS,CT,12,12,NA,NA,219604.04449589507,165141.3739129547,275323.00465224136,829.8896321335187,439.86786959587357,1218.20663799465,181901.88114119138,92314.0754178599,283650.51635149744
v3p2_physical_event,Bayes_Modeled,0.95,95% posterior credible interval,2017,TDS,MT,12,12,NA,NA,146204.04502745377,106040.01289521235,184232.34267232375,867.4235516445854,498.7927205147899,1269.9198692715668,127169.99198910575,61841.86028967252,195109.11505902087
v3p2_physical_event,Bayes_Modeled,0.95,95% posterior credible interval,2017,TDS,ST,12,12,NA,NA,138013.16290423658,92197.33834684592,181368.2676138659,854.3505928502033,463.2669628703974,1257.955442319695,118187.9804318063,55358.05350696579,186433.36739544006
v3p2_physical_event,Bayes_Modeled,0.95,95% posterior credible interval,2018,TDS,CT,10,10,NA,NA,197903.50067635454,98205.04506403477,327888.46990020457,982.1187944698318,593.457825831391,1391.85644192367,196277.2899304454,80039.45770641437,380174.04416654457
v3p2_physical_event,Bayes_Modeled,0.95,95% posterior credible interval,2018,TDS,MT,10,10,NA,NA,187912.35133042902,93168.00322428378,311970.62183279847,1003.9605236778565,601.3565211703958,1416.923039472967,190502.24566336485,78181.27730849871,379183.26189019595
v3p2_physical_event,Bayes_Modeled,0.95,95% posterior credible interval,2018,TDS,ST,10,10,NA,NA,187994.82123713865,91478.9121790331,316609.52282645344,1001.9855894019393,609.2661422813708,1432.18551437443,190016.31125985537,76777.21283554635,372223.46207037003
v3p2_physical_event,Bayes_Modeled,0.95,95% posterior credible interval,2019,TDS,CT,2,2,NA,NA,46613.49728788152,26913.920858126985,65826.65255359093,1091.6951667603112,604.1848624580283,1590.7447973084281,51021.54666316601,22003.14250544577,83809.15940069171
v3p2_physical_event,Bayes_Modeled,0.95,95% posterior credible interval,2019,TDS,MT,2,2,NA,NA,46920.58892137945,26377.80900666082,66790.41549622925,1093.6542410005939,649.0133449041839,1588.493256468158,51629.845224574885,20788.357224392235,88889.73054772196
v3p2_physical_event,Bayes_Modeled,0.95,95% posterior credible interval,2019,TDS,ST,2,2,NA,NA,46948.773241612966,27721.855095310162,65736.1075753483,1088.8080686660276,635.2311626891081,1578.8604437001907,51393.06093338242,22486.997020427938,86945.02583250738
v3p2_physical_event,Bayes_Modeled,0.95,95% posterior credible interval,2020,TDS,CT,14,14,NA,NA,199281.02533104984,137210.66977845848,268939.9348042926,862.2421681335834,502.27492109375714,1214.0781223331555,172016.70369124526,87674.55909743925,271519.50822272466
v3p2_physical_event,Bayes_Modeled,0.95,95% posterior credible interval,2020,TDS,MT,14,14,NA,NA,167405.40232755803,116336.07904036113,209864.9125667122,906.3498129618122,555.6960544141866,1275.5845150490445,151812.14482522322,80866.88241993362,225363.3987047696
v3p2_physical_event,Bayes_Modeled,0.95,95% posterior credible interval,2020,TDS,ST,14,14,NA,NA,166113.32278645426,123146.4172160386,206188.32325273866,906.0378033625941,552.3183361411897,1279.512281887071,150585.18516886744,83732.955693055,226927.98505119304
v3p2_physical_event,Bayes_Modeled,0.95,95% posterior credible interval,2021,TDS,CT,12,12,NA,NA,180181.0104138418,127925.98881037312,231880.0052414933,842.1674118116039,499.7214670692279,1209.0910953604334,151873.30615190102,82067.07429287388,234542.93298884723
v3p2_physical_event,Bayes_Modeled,0.95,95% posterior credible interval,2021,TDS,MT,12,12,NA,NA,150060.8078836819,89480.69902064453,213977.09029036562,915.8113569657625,568.086239515299,1269.2925127561184,137181.42375731,67642.05496623662,213963.24383117835
v3p2_physical_event,Bayes_Modeled,0.95,95% posterior credible interval,2021,TDS,ST,12,12,NA,NA,151660.46446274658,101931.01904193989,206215.32903281564,923.1594438534929,572.6948780742359,1283.9980285856336,139952.24938086883,74576.45293374546,216975.45561490196
v3p2_physical_event,Bayes_Modeled,0.95,95% posterior credible interval,2022,TDS,CT,16,16,NA,NA,244151.35711020615,180850.6833546945,310317.50194272184,826.2405220665345,511.0125794927088,1149.5692039655642,201780.70144800714,112921.870063349,302203.36480582104
v3p2_physical_event,Bayes_Modeled,0.95,95% posterior credible interval,2022,TDS,MT,16,16,NA,NA,211355.7687509527,159601.00710501318,258970.9320938319,861.8146514056925,564.9467806794053,1182.1836488161862,182187.83759448625,108827.7496687334,263521.32464018906
v3p2_physical_event,Bayes_Modeled,0.95,95% posterior credible interval,2022,TDS,ST,16,16,NA,NA,217659.09462639387,163750.56842874904,268717.250817785,866.5790176420372,572.4393970297215,1185.563079589725,188815.54267553994,110065.2001915928,273142.8988269545
v3p2_physical_event,Bayes_Modeled,0.95,95% posterior credible interval,2023,TDS,CT,14,14,NA,NA,254657.1777332203,207524.80364658707,307124.64253613993,943.8618996822861,739.4452471656746,1161.9128620196507,240019.40227634858,177912.47396829352,311777.9326374629
v3p2_physical_event,Bayes_Modeled,0.95,95% posterior credible interval,2023,TDS,MT,14,14,NA,NA,255011.6272992747,204463.8674900459,311998.45455503016,1024.695620006314,813.56003151534685,1251.983757421473,260790.94246112826,191024.92346406725,340163.25591272983
v3p2_physical_event,Bayes_Modeled,0.95,95% posterior credible interval,2023,TDS,ST,14,14,NA,NA,235821.62729397413,192160.3331772723,283500.34159520635,978.8494498097481,760.7813654911722,1192.208445418447,230423.60528498466,172844.22385877318,293556.29138028016
v3p2_physical_event,Bayes_Modeled,0.95,95% posterior credible interval,2024,TDS,CT,8,8,NA,NA,183176.78932120156,147470.1365501186,217821.25888652366,1116.2872852209766,902.3208299911521,1318.6320631430615,204523.22230844802,153864.09838365647,264062.8573277871
v3p2_physical_event,Bayes_Modeled,0.95,95% posterior credible interval,2024,TDS,MT,8,8,NA,NA,197556.8470461081,160767.30562563636,237703.1352104887,1139.8174203697004,924.5774603133343,1348.2746953661879,224987.83398431,171970.8661620508,289060.94845146383
v3p2_physical_event,Bayes_Modeled,0.95,95% posterior credible interval,2024,TDS,ST,8,8,NA,NA,200613.84459435783,169170.0477749682,231516.10600297956,1145.5187614184708,941.5463297264712,1349.6980880171006,229798.40094381987,178800.60550629866,286684.13793710066
v3p2_physical_event,Bayes_Modeled,0.95,95% posterior credible interval,2025,TDS,CT,16,16,NA,NA,275244.4700319006,218814.70090365654,334840.5469352468,691.6310472818308,480.2077645501673,908.2255393794151,190269.11144394905,123705.75456988727,263525.69774957496
v3p2_physical_event,Bayes_Modeled,0.95,95% posterior credible interval,2025,TDS,MT,16,16,NA,NA,270102.5243293966,213663.54961363872,339711.6787319091,692.0339486973977,484.4916966656924,910.530422107048,186727.7197959018,123448.48072269314,269128.292467348
v3p2_physical_event,Bayes_Modeled,0.95,95% posterior credible interval,2025,TDS,ST,16,16,NA,NA,276112.4683316665,218772.74166479317,349891.42448106804,707.3226150344706,497.7837408017898,919.1812545372416,195059.43810773626,129815.81405123722,278158.5658325314
v3p2_physical_event,Bayes_Modeled,0.95,95% posterior credible interval,2011,TKN,CT,12,12,NA,NA,151524.46913860942,104661.86751567174,193438.44931069255,2.5956597093092966,0.05821084458615752,6.774515699062592,393.882625100668,9.40367091589944,1044.437154533661
v3p2_physical_event,Bayes_Modeled,0.95,95% posterior credible interval,2011,TKN,MT,12,12,NA,NA,147176.7889882323,101613.10720344556,194677.34444098838,2.4704412110134033,0.05403317287730354,6.779632808885008,364.64551904006527,8.013558772402398,1011.30536129864
v3p2_physical_event,Bayes_Modeled,0.95,95% posterior credible interval,2011,TKN,ST,12,12,NA,NA,141033.54505905646,102106.21930198856,180927.69590501286,2.532654853523201,0.10835602457189203,6.977163543034769,358.565314026713,17.85759284627781,999.4719879422212
v3p2_physical_event,Bayes_Modeled,0.95,95% posterior credible interval,2012,TKN,CT,20,20,NA,NA,225479.8441497865,135107.27782391728,316325.3933147997,4.2007199307290275,0.7480052015366199,8.694289391772555,949.6526143414684,152.32580271249418,2165.1081715224764
v3p2_physical_event,Bayes_Modeled,0.95,95% posterior credible interval,2012,TKN,MT,20,20,NA,NA,206146.27024705886,141857.16984314687,266761.22120205616,3.898494294636618,0.6158472716769371,7.970836509783848,807.6272227076391,122.75556830645327,1815.7529363706517
v3p2_physical_event,Bayes_Modeled,0.95,95% posterior credible interval,2012,TKN,ST,20,20,NA,NA,189587.02157850587,123186.78549145345,251770.66315707855,3.731519828922718,0.572527153259017,8.243903298656948,708.9408878526937,103.38225028725373,1616.0484692326932
v3p2_physical_event,Bayes_Modeled,0.95,95% posterior credible interval,2013,TKN,CT,14,14,NA,NA,190405.6581960947,138414.0725455627,240194.27541463287,5.702516549523915,3.0515064532316467,9.037938037816016,1087.3151957465261,517.1335281609582,1823.7454113115741
v3p2_physical_event,Bayes_Modeled,0.95,95% posterior credible interval,2013,TKN,MT,14,14,NA,NA,191244.9545321349,142158.03281999036,244209.19470865643,5.506241552726176,2.8012226709898007,9.06759211541845,1052.9339158864768,472.94160325037035,1801.4739013250346
v3p2_physical_event,Bayes_Modeled,0.95,95% posterior credible interval,2013,TKN,ST,14,14,NA,NA,169766.3746634449,121709.16560190945,214365.25455995114,5.246971744392097,2.5562015010456514,8.781051069749019,892.2657837169949,395.82863843561483,1576.1729735282042
v3p2_physical_event,Bayes_Modeled,0.95,95% posterior credible interval,2014,TKN,CT,10,10,NA,NA,151687.12860457072,116723.29640758752,190287.8388470094,4.599806197121266,2.5217535794474015,6.931081637941113,698.2728571150474,357.9638961052275,1145.9159820181862
v3p2_physical_event,Bayes_Modeled,0.95,95% posterior credible interval,2014,TKN,MT,10,10,NA,NA,102666.84429079585,61359.61802178215,146260.42975417728,4.586582936231162,1.973362851087781,7.749725315578496,473.67787263008006,172.169741681716,903.3896122585743
v3p2_physical_event,Bayes_Modeled,0.95,95% posterior credible interval,2014,TKN,ST,10,10,NA,NA,105917.14058518231,68366.21178520951,146666.50613967446,4.559339405707163,2.4752265764404315,7.092244438042163,483.3335590201348,223.47514829354466,856.2616839656268
v3p2_physical_event,Bayes_Modeled,0.95,95% posterior credible interval,2015,TKN,CT,12,12,NA,NA,165649.97486503728,121280.02433792438,213662.06610343463,1.8399862877107076,0.6852308833541643,3.213823234515518,304.65542086025454,105.14934972146784,548.7968615226524
v3p2_physical_event,Bayes_Modeled,0.95,95% posterior credible interval,2015,TKN,MT,12,12,NA,NA,124046.74958557307,78482.50803415308,167325.49456987472,1.3314692149496323,0.39583892894378325,2.7157062694743743,164.75440978705683,42.84938621013721,351.38977191823255
v3p2_physical_event,Bayes_Modeled,0.95,95% posterior credible interval,2015,TKN,ST,12,12,NA,NA,122948.09814384619,75162.85839092184,165334.1490543353,1.3683404816811147,0.3812686512442198,2.6641539771138882,167.79172366880243,44.5125133499916,358.6814524705267
v3p2_physical_event,Bayes_Modeled,0.95,95% posterior credible interval,2016,TKN,CT,4,4,NA,NA,53400.32051732267,28636.170853182382,80037.77704944022,0.986523682512213,0,2.5835943186562584,52.95290812102416,0,152.53428238371953
v3p2_physical_event,Bayes_Modeled,0.95,95% posterior credible interval,2016,TKN,MT,4,4,NA,NA,29698.171130976,8662.479133001587,50104.090581174634,0.7724227458935559,0,2.2761312862029315,23.14051963983894,0,76.96357659750151
v3p2_physical_event,Bayes_Modeled,0.95,95% posterior credible interval,2016,TKN,ST,4,4,NA,NA,36869.814529672745,15546.268250789402,60459.20781263619,0.7886863480483253,0,2.365116154895987,29.175307913024344,0,92.48540024344705
v3p2_physical_event,Bayes_Modeled,0.95,95% posterior credible interval,2017,TKN,CT,12,12,NA,NA,219604.04449589507,165141.3739129547,275323.00465224136,4.434815501961871,2.9484356435646766,6.114256237223788,977.8574172232469,568.564509413757,1440.1922730922038
v3p2_physical_event,Bayes_Modeled,0.95,95% posterior credible interval,2017,TKN,MT,12,12,NA,NA,146204.04502745377,106040.01289521235,184232.34267232375,3.039782429543854,1.5357595161395725,4.7121662830991955,445.2419695670285,202.07708634315026,746.742864567869
v3p2_physical_event,Bayes_Modeled,0.95,95% posterior credible interval,2017,TKN,ST,12,12,NA,NA,138013.16290423658,92197.33834684592,181368.2676138659,2.9075593334196523,1.2268914853370985,4.764706110289124,402.22619829465594,149.43475441207036,711.432618818742
v3p2_physical_event,Bayes_Modeled,0.95,95% posterior credible interval,2018,TKN,CT,10,10,NA,NA,197903.50067635454,98205.04506403477,327888.46990020457,2.5008533843189773,0.00264107090425465,7.2466535583684015,509.9088470434246,0.35332970885715054,1751.9103325863919
v3p2_physical_event,Bayes_Modeled,0.95,95% posterior credible interval,2018,TKN,MT,10,10,NA,NA,187912.35133042902,93168.00322428378,311970.62183279847,2.4385272114717287,0,6.895221737318785,469.48288877236695,0,1560.7581122713195
v3p2_physical_event,Bayes_Modeled,0.95,95% posterior credible interval,2018,TKN,ST,10,10,NA,NA,187994.82123713865,91478.9121790331,316609.52282645344,2.4514910459749033,0,6.787096666113593,472.2961357774583,0,1517.7367004917314
v3p2_physical_event,Bayes_Modeled,0.95,95% posterior credible interval,2019,TKN,CT,2,2,NA,NA,46613.49728788152,26913.920858126985,65826.65255359093,1.2482520197594773,0,5.757186561294761,59.17466998262367,0,297.48251617726714
v3p2_physical_event,Bayes_Modeled,0.95,95% posterior credible interval,2019,TKN,MT,2,2,NA,NA,46920.58892137945,26377.80900666082,66790.41549622925,1.2611560635121581,0,5.803638770311243,60.44064520069561,0,289.65687434346404
v3p2_physical_event,Bayes_Modeled,0.95,95% posterior credible interval,2019,TKN,ST,2,2,NA,NA,46948.773241612966,27721.855095310162,65736.1075753483,1.2488172405580766,0,6.184322500287293,59.626360478585916,0,291.19848751864305
v3p2_physical_event,Bayes_Modeled,0.95,95% posterior credible interval,2020,TKN,CT,14,14,NA,NA,199281.02533104984,137210.66977845848,268939.9348042926,2.7225321926705575,1.193661036369483,4.623717043009435,543.89823065904,219.7691463552065,1000.325177311296
v3p2_physical_event,Bayes_Modeled,0.95,95% posterior credible interval,2020,TKN,MT,14,14,NA,NA,167405.40232755803,116336.07904036113,209864.9125667122,2.387298188461888,0.9288044026084521,4.09665610586689,400.14493161692496,146.4829375697011,722.290841548413
v3p2_physical_event,Bayes_Modeled,0.95,95% posterior credible interval,2020,TKN,ST,14,14,NA,NA,166113.32278645426,123146.4172160386,206188.32325273866,2.5205292705056923,0.9788882447753613,4.4052299876330485,419.8444911327082,148.6857234086304,766.0107014146893
v3p2_physical_event,Bayes_Modeled,0.95,95% posterior credible interval,2021,TKN,CT,12,12,NA,NA,180181.0104138418,127925.98881037312,231880.0052414933,2.814513008036509,1.500498126429622,4.329757795209756,506.95298757788,252.9115439470358,821.9626790269328
v3p2_physical_event,Bayes_Modeled,0.95,95% posterior credible interval,2021,TKN,MT,12,12,NA,NA,150060.8078836819,89480.69902064453,213977.09029036562,1.6152309818957584,0.523313138110377,2.980469459754744,243.5987882191912,69.73729653360323,510.21949691590055
v3p2_physical_event,Bayes_Modeled,0.95,95% posterior credible interval,2021,TKN,ST,12,12,NA,NA,151660.46446274658,101931.01904193989,206215.32903281564,1.3121001784203183,0.3880679842373572,2.512851939114169,199.36826694279253,55.33899920135174,435.70498746272364
v3p2_physical_event,Bayes_Modeled,0.95,95% posterior credible interval,2022,TKN,CT,16,16,NA,NA,244151.35711020615,180850.6833546945,310317.50194272184,3.388607409622856,1.7530153839883107,5.327688617677278,825.9931353070268,408.57923059691416,1382.7096184798568
v3p2_physical_event,Bayes_Modeled,0.95,95% posterior credible interval,2022,TKN,MT,16,16,NA,NA,211355.7687509527,159601.00710501318,258970.9320938319,3.092281519776727,1.611777504642522,4.8422556741530585,654.2464247288027,311.99585545006704,1078.1321472483994
v3p2_physical_event,Bayes_Modeled,0.95,95% posterior credible interval,2022,TKN,ST,16,16,NA,NA,217659.09462639387,163750.56842874904,268717.250817785,3.6630048773598047,2.1001124642523923,5.680968754576204,796.6346673471377,425.77791356289526,1274.697687402791
v3p2_physical_event,Bayes_Modeled,0.95,95% posterior credible interval,2023,TKN,CT,14,14,NA,NA,254657.1777332203,207524.80364658707,307124.64253613993,7.102389600358074,4.690760742725681,9.898878589309035,1815.2337243508164,1068.5753675105723,2721.2941250551175
v3p2_physical_event,Bayes_Modeled,0.95,95% posterior credible interval,2023,TKN,MT,14,14,NA,NA,255011.6272992747,204463.8674900459,311998.45455503016,7.143141293584223,4.639991436239454,10.035868683564921,1828.3350145837358,1096.3430266222686,2708.8832027729472
v3p2_physical_event,Bayes_Modeled,0.95,95% posterior credible interval,2023,TKN,ST,14,14,NA,NA,235821.62729397413,192160.3331772723,283500.34159520635,8.36830768968086,5.496952421366791,11.419369453590692,1983.0276860452368,1159.4286729267906,2917.470613997929
v3p2_physical_event,Bayes_Modeled,0.95,95% posterior credible interval,2024,TKN,CT,8,8,NA,NA,183176.78932120156,147470.1365501186,217821.25888652366,1.645579152548385,0.14569154927298195,4.026647557932638,301.1704761097463,28.11148067935465,738.518833839049
v3p2_physical_event,Bayes_Modeled,0.95,95% posterior credible interval,2024,TKN,MT,8,8,NA,NA,197556.8470461081,160767.30562563636,237703.1352104887,1.3813663973920365,0.11936057334089717,3.593888560588854,272.5506871523766,23.97356108391968,700.9690164948831
v3p2_physical_event,Bayes_Modeled,0.95,95% posterior credible interval,2024,TKN,ST,8,8,NA,NA,200613.84459435783,169170.0477749682,231516.10600297956,1.7426358429386697,0.1877438657003546,4.182959059905112,349.43947762510686,34.219341912805675,845.2919674953879
v3p2_physical_event,Bayes_Modeled,0.95,95% posterior credible interval,2025,TKN,CT,16,16,NA,NA,275244.4700319006,218814.70090365654,334840.5469352468,1.4353672865792406,0.24148501912426787,3.396544637194326,395.0274516758931,62.470561411293914,936.5345097533622
v3p2_physical_event,Bayes_Modeled,0.95,95% posterior credible interval,2025,TKN,MT,16,16,NA,NA,270102.5243293966,213663.54961363872,339711.6787319091,1.2630929234218238,0.18975878259983076,3.0897382678974505,339.0818781456527,52.335342023509,825.1451752886408
v3p2_physical_event,Bayes_Modeled,0.95,95% posterior credible interval,2025,TKN,ST,16,16,NA,NA,276112.4683316665,218772.74166479317,349891.42448106804,1.2488009292504558,0.18535354423525818,3.005206264861643,342.12939562307014,51.06913321758672,812.2428755491728
v3p2_physical_event,Bayes_Modeled,0.95,95% posterior credible interval,2011,TN,CT,12,12,NA,NA,151524.46913860942,104661.86751567174,193438.44931069255,5.813432654200245,2.8980290902348713,8.935172062804817,883.8776700981365,379.9970429654209,1505.0880204504792
v3p2_physical_event,Bayes_Modeled,0.95,95% posterior credible interval,2011,TN,MT,12,12,NA,NA,147176.7889882323,101613.10720344556,194677.34444098838,5.613544051015413,2.672016976353654,8.786584734228377,828.4530983199186,354.17326631632915,1433.6004895627125
v3p2_physical_event,Bayes_Modeled,0.95,95% posterior credible interval,2011,TN,ST,12,12,NA,NA,141033.54505905646,102106.21930198856,180927.69590501286,5.398672895539083,2.358857193700122,8.704174836799384,763.0722326974264,315.5462139845988,1344.4145229762757
v3p2_physical_event,Bayes_Modeled,0.95,95% posterior credible interval,2012,TN,CT,20,20,NA,NA,225479.8441497865,135107.27782391728,316325.3933147997,2.755280954799421,0.6809496339557646,5.725479722690057,626.7080354776867,133.1352137929458,1400.606302673968
v3p2_physical_event,Bayes_Modeled,0.95,95% posterior credible interval,2012,TN,MT,20,20,NA,NA,206146.27024705886,141857.16984314687,266761.22120205616,2.980517685327772,1.1050332824472475,5.867703295905718,616.5609335456967,205.51089931378831,1321.2633990865017
v3p2_physical_event,Bayes_Modeled,0.95,95% posterior credible interval,2012,TN,ST,20,20,NA,NA,189587.02157850587,123186.78549145345,251770.66315707855,2.478552498068714,0.607223639955996,5.598010326535087,473.4362592323258,106.95131075141231,1142.3461942110032
v3p2_physical_event,Bayes_Modeled,0.95,95% posterior credible interval,2013,TN,CT,14,14,NA,NA,190405.6581960947,138414.0725455627,240194.27541463287,4.265236690229096,0,11.71582002935922,815.7045075960613,0,2369.5281726055546
v3p2_physical_event,Bayes_Modeled,0.95,95% posterior credible interval,2013,TN,MT,14,14,NA,NA,191244.9545321349,142158.03281999036,244209.19470865643,4.195955226743354,0,11.829700182234705,807.9569879292876,0,2382.587044978646
v3p2_physical_event,Bayes_Modeled,0.95,95% posterior credible interval,2013,TN,ST,14,14,NA,NA,169766.3746634449,121709.16560190945,214365.25455995114,4.0834940833887465,0,11.80861314097849,698.7758577905166,0,2049.285839374756
v3p2_physical_event,Bayes_Modeled,0.95,95% posterior credible interval,2014,TN,CT,10,10,NA,NA,151687.12860457072,116723.29640758752,190287.8388470094,6.793286673312955,3.9599755593054207,9.482836427817158,1030.3668933606925,585.6223799741676,1534.2227952200149
v3p2_physical_event,Bayes_Modeled,0.95,95% posterior credible interval,2014,TN,MT,10,10,NA,NA,102666.84429079585,61359.61802178215,146260.42975417728,5.47438798600258,2.6510477624856095,8.387458283348384,561.4464857741141,227.55526050188445,979.6312106783821
v3p2_physical_event,Bayes_Modeled,0.95,95% posterior credible interval,2014,TN,ST,10,10,NA,NA,105917.14058518231,68366.21178520951,146666.50613967446,5.69450638007337,2.9710143032698353,8.310914318481863,603.0999908847924,277.611503278409,1002.7674123914667
v3p2_physical_event,Bayes_Modeled,0.95,95% posterior credible interval,2015,TN,CT,12,12,NA,NA,165649.97486503728,121280.02433792438,213662.06610343463,8.920197257442366,6.26729595235922,11.491746959170396,1478.2101715691158,943.0960379529379,2136.132709637479
v3p2_physical_event,Bayes_Modeled,0.95,95% posterior credible interval,2015,TN,MT,12,12,NA,NA,124046.74958557307,78482.50803415308,167325.49456987472,8.578167012101149,5.924365492400965,11.0053903914356,1062.2548794837526,607.4456708634398,1582.3523514594995
v3p2_physical_event,Bayes_Modeled,0.95,95% posterior credible interval,2015,TN,ST,12,12,NA,NA,122948.09814384619,75162.85839092184,165334.1490543353,8.65902783959404,5.988067795553295,11.245519408701206,1064.5907146890775,591.7269010457887,1616.7621738234855
v3p2_physical_event,Bayes_Modeled,0.95,95% posterior credible interval,2016,TN,CT,4,4,NA,NA,53400.32051732267,28636.170853182382,80037.77704944022,4.838217720747452,2.021936737350015,7.529619530282938,258.6049341418399,86.15657215763025,471.6769895095933
v3p2_physical_event,Bayes_Modeled,0.95,95% posterior credible interval,2016,TN,MT,4,4,NA,NA,29698.171130976,8662.479133001587,50104.090581174634,4.350741097569978,1.3895633276908033,7.148211406809645,128.9107559542088,25.73134710954666,265.8295458789118
v3p2_physical_event,Bayes_Modeled,0.95,95% posterior credible interval,2016,TN,ST,4,4,NA,NA,36869.814529672745,15546.268250789402,60459.20781263619,4.444230578421666,1.6456679837234902,7.124352254994253,163.45916335529438,41.915369956631636,324.21269732831286
v3p2_physical_event,Bayes_Modeled,0.95,95% posterior credible interval,2017,TN,CT,12,12,NA,NA,219604.04449589507,165141.3739129547,275323.00465224136,5.95563020531433,0,15.634638994248984,1310.3335631373511,0,3550.2764686226483
v3p2_physical_event,Bayes_Modeled,0.95,95% posterior credible interval,2017,TN,MT,12,12,NA,NA,146204.04502745377,106040.01289521235,184232.34267232375,5.329860524228244,0,14.699042600276274,784.7471394593326,0,2193.7132410806084
v3p2_physical_event,Bayes_Modeled,0.95,95% posterior credible interval,2017,TN,ST,12,12,NA,NA,138013.16290423658,92197.33834684592,181368.2676138659,5.149100071950256,0,14.991012708586869,716.7042863167827,0,2116.224473491983
v3p2_physical_event,Bayes_Modeled,0.95,95% posterior credible interval,2018,TN,CT,10,10,NA,NA,197903.50067635454,98205.04506403477,327888.46990020457,6.404838438305423,0.11790418531823378,14.754977700251176,1291.7269580378536,21.2280196821038,3525.674740936221
v3p2_physical_event,Bayes_Modeled,0.95,95% posterior credible interval,2018,TN,MT,10,10,NA,NA,187912.35133042902,93168.00322428378,311970.62183279847,6.228178209164179,0.05678565102707644,14.628959719706836,1193.7990206211502,8.9156859436419,3312.929173158861
v3p2_physical_event,Bayes_Modeled,0.95,95% posterior credible interval,2018,TN,ST,10,10,NA,NA,187994.82123713865,91478.9121790331,316609.52282645344,6.245309168101132,0.0926924582550436,14.806997775900713,1193.305734802837,17.3941947004367,3336.1159361507252
v3p2_physical_event,Bayes_Modeled,0.95,95% posterior credible interval,2019,TN,CT,2,2,NA,NA,46613.49728788152,26913.920858126985,65826.65255359093,7.7707884539749585,0,17.0514252885989,366.15274726744536,0,863.5484247441601
v3p2_physical_event,Bayes_Modeled,0.95,95% posterior credible interval,2019,TN,MT,2,2,NA,NA,46920.58892137945,26377.80900666082,66790.41549622925,7.804501691982965,0,17.34248952006835,370.96373845717136,0,895.1666583293097
v3p2_physical_event,Bayes_Modeled,0.95,95% posterior credible interval,2019,TN,ST,2,2,NA,NA,46948.773241612966,27721.855095310162,65736.1075753483,7.83167364238974,0,17.58166973446228,370.5829660740933,0,896.1812700230321
v3p2_physical_event,Bayes_Modeled,0.95,95% posterior credible interval,2020,TN,CT,14,14,NA,NA,199281.02533104984,137210.66977845848,268939.9348042926,6.309746692179976,0.28451696840471113,13.36033562138967,1259.863590257678,57.964745551881535,2751.5194325358084
v3p2_physical_event,Bayes_Modeled,0.95,95% posterior credible interval,2020,TN,MT,14,14,NA,NA,167405.40232755803,116336.07904036113,209864.9125667122,6.033771218753951,0.3213826122966485,13.358900467761266,1013.6899587577815,53.03721616329158,2332.09843508092
v3p2_physical_event,Bayes_Modeled,0.95,95% posterior credible interval,2020,TN,ST,14,14,NA,NA,166113.32278645426,123146.4172160386,206188.32325273866,6.054851725239287,0.2953224784666957,13.113567505191494,1008.9095761457456,41.506617857591166,2233.845644838969
v3p2_physical_event,Bayes_Modeled,0.95,95% posterior credible interval,2021,TN,CT,12,12,NA,NA,180181.0104138418,127925.98881037312,231880.0052414933,6.359950196669914,0.3085887396585324,13.582364206101296,1147.1475200060372,60.60454435948399,2558.1139827037605
v3p2_physical_event,Bayes_Modeled,0.95,95% posterior credible interval,2021,TN,MT,12,12,NA,NA,150060.8078836819,89480.69902064453,213977.09029036562,6.16252810327672,0.08962289158620267,13.774437413924595,946.35822611318,12.956872004237233,2377.4970118720757
v3p2_physical_event,Bayes_Modeled,0.95,95% posterior credible interval,2021,TN,ST,12,12,NA,NA,151660.46446274658,101931.01904193989,206215.32903281564,6.253938936917656,0.24153438389297147,13.849599552738994,959.5604522717063,34.084076115096934,2279.213279366586
v3p2_physical_event,Bayes_Modeled,0.95,95% posterior credible interval,2022,TN,CT,16,16,NA,NA,244151.35711020615,180850.6833546945,310317.50194272184,6.153665130903953,0.5105156980416798,13.557061637806974,1499.665896503901,130.50518004745516,3350.9476201983093
v3p2_physical_event,Bayes_Modeled,0.95,95% posterior credible interval,2022,TN,MT,16,16,NA,NA,211355.7687509527,159601.00710501318,258970.9320938319,5.8091438516391625,0.3292953035139732,13.038768806447827,1224.8887774082384,68.64769351220966,2767.078322705278
v3p2_physical_event,Bayes_Modeled,0.95,95% posterior credible interval,2022,TN,ST,16,16,NA,NA,217659.09462639387,163750.56842874904,268717.250817785,5.92072788756751,0.45781297063703796,13.310250814163531,1285.7482958926498,101.04054147156933,3044.1765233803717
v3p2_physical_event,Bayes_Modeled,0.95,95% posterior credible interval,2023,TN,CT,14,14,NA,NA,254657.1777332203,207524.80364658707,307124.64253613993,5.467507875208787,0.08769565096307894,12.957572622150845,1387.855090287578,22.104733742025367,3374.6029103037226
v3p2_physical_event,Bayes_Modeled,0.95,95% posterior credible interval,2023,TN,MT,14,14,NA,NA,255011.6272992747,204463.8674900459,311998.45455503016,5.552989797624627,0.09905112860266702,13.339920455374891,1410.2711561012322,25.80877868599666,3489.6475469742295
v3p2_physical_event,Bayes_Modeled,0.95,95% posterior credible interval,2023,TN,ST,14,14,NA,NA,235821.62729397413,192160.3331772723,283500.34159520635,5.401097289243088,0.12420075190824387,13.28568916361461,1271.7576668443928,31.122120519780896,3140.85174583403
v3p2_physical_event,Bayes_Modeled,0.95,95% posterior credible interval,2024,TN,CT,8,8,NA,NA,183176.78932120156,147470.1365501186,217821.25888652366,7.078146054567887,0,15.759719200299589,1298.9463606005304,0,2901.637172577267
v3p2_physical_event,Bayes_Modeled,0.95,95% posterior credible interval,2024,TN,MT,8,8,NA,NA,197556.8470461081,160767.30562563636,237703.1352104887,7.189748742030852,0,16.053972391359217,1417.3909070008333,0,3202.0144187475994
v3p2_physical_event,Bayes_Modeled,0.95,95% posterior credible interval,2024,TN,ST,8,8,NA,NA,200613.84459435783,169170.0477749682,231516.10600297956,7.399280785501525,0,16.194742213939314,1488.6496829712044,0,3284.581460594617
v3p2_physical_event,Bayes_Modeled,0.95,95% posterior credible interval,2025,TN,CT,16,16,NA,NA,275244.4700319006,218814.70090365654,334840.5469352468,6.143551833592148,0.25202261279981775,13.366564546461763,1687.32786469536,67.6243874100212,3776.5919054957794
v3p2_physical_event,Bayes_Modeled,0.95,95% posterior credible interval,2025,TN,MT,16,16,NA,NA,270102.5243293966,213663.54961363872,339711.6787319091,6.332877033053214,0.40540341890059456,13.795278523105718,1709.4704434284688,100.36755834225535,3803.6438150817926
v3p2_physical_event,Bayes_Modeled,0.95,95% posterior credible interval,2025,TN,ST,16,16,NA,NA,276112.4683316665,218772.74166479317,349891.42448106804,6.186361412466821,0.21155014118970103,13.482397253733073,1707.4089075457719,56.29946648836223,3780.4502079189797
v3p2_physical_event,Bayes_Modeled,0.95,95% posterior credible interval,2011,TP,CT,12,12,NA,NA,151524.46913860942,104661.86751567174,193438.44931069255,1.1841856442550935,0.07549564675237853,2.8424813583835595,179.54322494749823,11.966826175594289,448.54856391392093
v3p2_physical_event,Bayes_Modeled,0.95,95% posterior credible interval,2011,TP,MT,12,12,NA,NA,147176.7889882323,101613.10720344556,194677.34444098838,1.2057514680366221,0.0721982055414197,2.9034736775049703,177.44366262593266,9.79257007025538,426.9733627539526
v3p2_physical_event,Bayes_Modeled,0.95,95% posterior credible interval,2011,TP,ST,12,12,NA,NA,141033.54505905646,102106.21930198856,180927.69590501286,1.1041295872361387,0.03749451391537045,2.7151761207260785,155.9547410737509,5.6866690384044585,393.29286049711425
v3p2_physical_event,Bayes_Modeled,0.95,95% posterior credible interval,2012,TP,CT,20,20,NA,NA,225479.8441497865,135107.27782391728,316325.3933147997,1.0197633728253974,0.05162032372453711,2.4166709873346877,227.9028113483729,11.982797568348007,583.0241425176762
v3p2_physical_event,Bayes_Modeled,0.95,95% posterior credible interval,2012,TP,MT,20,20,NA,NA,206146.27024705886,141857.16984314687,266761.22120205616,1.050994231388808,0.05486885534388382,2.399569642287975,216.11153554977867,10.52698727522267,518.3100532437556
v3p2_physical_event,Bayes_Modeled,0.95,95% posterior credible interval,2012,TP,ST,20,20,NA,NA,189587.02157850587,123186.78549145345,251770.66315707855,0.9437910480944409,0.044283426270598274,2.250250498928009,178.4975377672869,7.431462789212716,443.34197824073715
v3p2_physical_event,Bayes_Modeled,0.95,95% posterior credible interval,2013,TP,CT,14,14,NA,NA,190405.6581960947,138414.0725455627,240194.27541463287,0.5310744272831203,0,1.617268646611842,100.82199277669989,0,305.5131471823935
v3p2_physical_event,Bayes_Modeled,0.95,95% posterior credible interval,2013,TP,MT,14,14,NA,NA,191244.9545321349,142158.03281999036,244209.19470865643,0.5083003216136344,0,1.6128864087972323,97.23836456180908,0,320.78000169356994
v3p2_physical_event,Bayes_Modeled,0.95,95% posterior credible interval,2013,TP,ST,14,14,NA,NA,169766.3746634449,121709.16560190945,214365.25455995114,0.464443662687096,0,1.5053275880337775,78.99986851193326,0,261.6732343784299
v3p2_physical_event,Bayes_Modeled,0.95,95% posterior credible interval,2014,TP,CT,10,10,NA,NA,151687.12860457072,116723.29640758752,190287.8388470094,0.47993241340936377,0.01792437475857983,1.52221168967044,72.43612474949266,2.977124182297908,231.96243218179325
v3p2_physical_event,Bayes_Modeled,0.95,95% posterior credible interval,2014,TP,MT,10,10,NA,NA,102666.84429079585,61359.61802178215,146260.42975417728,0.4285411043069405,0,1.4893929920807016,44.20626508862979,0,153.35559824130246
v3p2_physical_event,Bayes_Modeled,0.95,95% posterior credible interval,2014,TP,ST,10,10,NA,NA,105917.14058518231,68366.21178520951,146666.50613967446,0.3962212014370228,0,1.3487721502223322,41.73581887729169,0,147.77411628419168
v3p2_physical_event,Bayes_Modeled,0.95,95% posterior credible interval,2015,TP,CT,12,12,NA,NA,165649.97486503728,121280.02433792438,213662.06610343463,0.3129712144153279,0,1.2897213135306993,51.48792530223778,0,208.6645776688067
v3p2_physical_event,Bayes_Modeled,0.95,95% posterior credible interval,2015,TP,MT,12,12,NA,NA,124046.74958557307,78482.50803415308,167325.49456987472,0.19034358959036204,0,0.9224264608660042,23.627501537514842,0,117.36479964242696
v3p2_physical_event,Bayes_Modeled,0.95,95% posterior credible interval,2015,TP,ST,12,12,NA,NA,122948.09814384619,75162.85839092184,165334.1490543353,0.1766929134009343,0,0.8592875293987848,21.88301448581091,0,108.03410892052578
v3p2_physical_event,Bayes_Modeled,0.95,95% posterior credible interval,2016,TP,CT,4,4,NA,NA,53400.32051732267,28636.170853182382,80037.77704944022,0.08327058700358024,0,0.5798028061195115,4.6194435688052184,0,33.371166630067655
v3p2_physical_event,Bayes_Modeled,0.95,95% posterior credible interval,2016,TP,MT,4,4,NA,NA,29698.171130976,8662.479133001587,50104.090581174634,0.05572819035876122,0,0.5278883817946439,1.6203361713130289,0,15.417630230579139
v3p2_physical_event,Bayes_Modeled,0.95,95% posterior credible interval,2016,TP,ST,4,4,NA,NA,36869.814529672745,15546.268250789402,60459.20781263619,0.07311775912931424,0,0.5961005260601014,2.7650771519877124,0,22.178306405440562
v3p2_physical_event,Bayes_Modeled,0.95,95% posterior credible interval,2017,TP,CT,12,12,NA,NA,219604.04449589507,165141.3739129547,275323.00465224136,0.3323136097343556,0,1.1833826353103851,74.1413932767007,0,266.2907276013334
v3p2_physical_event,Bayes_Modeled,0.95,95% posterior credible interval,2017,TP,MT,12,12,NA,NA,146204.04502745377,106040.01289521235,184232.34267232375,0.0742007503285963,0,0.47720598069782333,10.876538259778718,0,71.15223535966865
v3p2_physical_event,Bayes_Modeled,0.95,95% posterior credible interval,2017,TP,ST,12,12,NA,NA,138013.16290423658,92197.33834684592,181368.2676138659,0.06605140076235941,0,0.4535458856897008,9.11433153365994,0,61.77556949630751
v3p2_physical_event,Bayes_Modeled,0.95,95% posterior credible interval,2018,TP,CT,10,10,NA,NA,197903.50067635454,98205.04506403477,327888.46990020457,0.5361325972108677,0,2.6002012700948756,117.64145912912913,0,672.7802880271026
v3p2_physical_event,Bayes_Modeled,0.95,95% posterior credible interval,2018,TP,MT,10,10,NA,NA,187912.35133042902,93168.00322428378,311970.62183279847,0.5068422032402468,0,2.4852721207232324,106.1422973120023,0,634.938637664497
v3p2_physical_event,Bayes_Modeled,0.95,95% posterior credible interval,2018,TP,ST,10,10,NA,NA,187994.82123713865,91478.9121790331,316609.52282645344,0.5041461383836614,0,2.5709987606386857,105.18902836132547,0,605.1669554799557
v3p2_physical_event,Bayes_Modeled,0.95,95% posterior credible interval,2019,TP,CT,2,2,NA,NA,46613.49728788152,26913.920858126985,65826.65255359093,0.5094135864878637,0,2.680879964779218,24.272724627776846,0,132.97318261266142
v3p2_physical_event,Bayes_Modeled,0.95,95% posterior credible interval,2019,TP,MT,2,2,NA,NA,46920.58892137945,26377.80900666082,66790.41549622925,0.5008577745999764,0,2.5297917056975754,23.8610228841321,0,124.6812643966557
v3p2_physical_event,Bayes_Modeled,0.95,95% posterior credible interval,2019,TP,ST,2,2,NA,NA,46948.773241612966,27721.855095310162,65736.1075753483,0.5014553901960025,0,2.709566068569883,24.079250756178464,0,138.2444577197437
v3p2_physical_event,Bayes_Modeled,0.95,95% posterior credible interval,2020,TP,CT,14,14,NA,NA,199281.02533104984,137210.66977845848,268939.9348042926,0.3237737838760157,0,1.2675566282796091,63.74654831190597,0,244.39061333345046
v3p2_physical_event,Bayes_Modeled,0.95,95% posterior credible interval,2020,TP,MT,14,14,NA,NA,167405.40232755803,116336.07904036113,209864.9125667122,0.3449507273052668,0,1.2355015791230852,57.65149272485016,0,207.27217135162746
v3p2_physical_event,Bayes_Modeled,0.95,95% posterior credible interval,2020,TP,ST,14,14,NA,NA,166113.32278645426,123146.4172160386,206188.32325273866,0.3457103741752085,0,1.3286502116603502,57.79057020718837,0,214.374913045715
v3p2_physical_event,Bayes_Modeled,0.95,95% posterior credible interval,2021,TP,CT,12,12,NA,NA,180181.0104138418,127925.98881037312,231880.0052414933,1.157600179343112,0.29802469590655833,2.5846857650500352,207.56162941390406,52.09367159804242,473.53121076049547
v3p2_physical_event,Bayes_Modeled,0.95,95% posterior credible interval,2021,TP,MT,12,12,NA,NA,150060.8078836819,89480.69902064453,213977.09029036562,1.0815864607816077,0.2716530035698956,2.407973603373658,162.79716141273371,36.69024511017834,392.2836025575
v3p2_physical_event,Bayes_Modeled,0.95,95% posterior credible interval,2021,TP,ST,12,12,NA,NA,151660.46446274658,101931.01904193989,206215.32903281564,0.9770261513565325,0.23088004038893462,2.244967955684266,148.35507447607543,31.84022099137942,366.9398200218849
v3p2_physical_event,Bayes_Modeled,0.95,95% posterior credible interval,2022,TP,CT,16,16,NA,NA,244151.35711020615,180850.6833546945,310317.50194272184,0.7229684720092922,0.1181459040327677,1.8169170524917049,175.99228825413735,27.259935144849848,442.0799575544221
v3p2_physical_event,Bayes_Modeled,0.95,95% posterior credible interval,2022,TP,MT,16,16,NA,NA,211355.7687509527,159601.00710501318,258970.9320938319,0.7545808476154576,0.14348382496725678,1.8149014056180481,159.2817814073195,31.691667894315223,388.05981588300733
v3p2_physical_event,Bayes_Modeled,0.95,95% posterior credible interval,2022,TP,ST,16,16,NA,NA,217659.09462639387,163750.56842874904,268717.250817785,0.8119908842031287,0.203941782627734,1.9671337745334991,176.49082804075,43.86857692309446,437.6800766355094
v3p2_physical_event,Bayes_Modeled,0.95,95% posterior credible interval,2023,TP,CT,14,14,NA,NA,254657.1777332203,207524.80364658707,307124.64253613993,0.26469336301489127,0,1.1528643664404448,67.36939267894218,0,293.1296446805329
v3p2_physical_event,Bayes_Modeled,0.95,95% posterior credible interval,2023,TP,MT,14,14,NA,NA,255011.6272992747,204463.8674900459,311998.45455503016,0.3932229684332066,0,1.35489189802675,99.81164080846115,0,340.9137299236414
v3p2_physical_event,Bayes_Modeled,0.95,95% posterior credible interval,2023,TP,ST,14,14,NA,NA,235821.62729397413,192160.3331772723,283500.34159520635,0.3229874707139024,0,1.2661422145867773,75.9377493066321,0,295.5483760118798
v3p2_physical_event,Bayes_Modeled,0.95,95% posterior credible interval,2024,TP,CT,8,8,NA,NA,183176.78932120156,147470.1365501186,217821.25888652366,0.45665655526340304,0,1.5510046604231014,83.2154965848843,0,280.5541055439632
v3p2_physical_event,Bayes_Modeled,0.95,95% posterior credible interval,2024,TP,MT,8,8,NA,NA,197556.8470461081,160767.30562563636,237703.1352104887,0.2868458751009745,0,1.299705995410793,56.29383304880751,0,256.3624466936139
v3p2_physical_event,Bayes_Modeled,0.95,95% posterior credible interval,2024,TP,ST,8,8,NA,NA,200613.84459435783,169170.0477749682,231516.10600297956,0.7679113085934478,0,2.153328059520809,154.04988887918057,0,439.4227180659494
v3p2_physical_event,Bayes_Modeled,0.95,95% posterior credible interval,2025,TP,CT,16,16,NA,NA,275244.4700319006,218814.70090365654,334840.5469352468,1.2852925094838592,0.10857412078839641,2.8664535765501413,354.0642966815561,29.684570970760454,795.1640050671064
v3p2_physical_event,Bayes_Modeled,0.95,95% posterior credible interval,2025,TP,MT,16,16,NA,NA,270102.5243293966,213663.54961363872,339711.6787319091,2.905502478464752,1.5518116560718656,4.486299834459158,785.1388733721533,394.7174688358558,1295.9086269188865
v3p2_physical_event,Bayes_Modeled,0.95,95% posterior credible interval,2025,TP,ST,16,16,NA,NA,276112.4683316665,218772.74166479317,349891.42448106804,1.8947689303673467,0.5805350603240634,3.414167481199596,524.3246988729647,149.17598766820396,1012.2974175622094
v3p2_physical_event,Bayes_Modeled,0.95,95% posterior credible interval,2011,TSS,CT,12,12,NA,NA,151524.46913860942,104661.86751567174,193438.44931069255,924.6234707083177,49.730562655483496,2132.220504280009,140492.78446745165,7655.453417220226,339111.26865597494
v3p2_physical_event,Bayes_Modeled,0.95,95% posterior credible interval,2011,TSS,MT,12,12,NA,NA,147176.7889882323,101613.10720344556,194677.34444098838,666.7529744666667,10.678517657973732,1804.1313780106248,98997.44717171404,1340.4672302875138,277691.43620442227
v3p2_physical_event,Bayes_Modeled,0.95,95% posterior credible interval,2011,TSS,ST,12,12,NA,NA,141033.54505905646,102106.21930198856,180927.69590501286,566.0579296445927,0,1691.1023847139481,80282.28898783628,0,245671.06740382197
v3p2_physical_event,Bayes_Modeled,0.95,95% posterior credible interval,2012,TSS,CT,20,20,NA,NA,225479.8441497865,135107.27782391728,316325.3933147997,1104.2321992623263,145.8550781876692,2179.9543287223905,248390.56791538774,31252.938246729133,551845.542625413
v3p2_physical_event,Bayes_Modeled,0.95,95% posterior credible interval,2012,TSS,MT,20,20,NA,NA,206146.27024705886,141857.16984314687,266761.22120205616,685.6790601286413,23.693388626822696,1640.2006603526183,141487.60491569203,4441.820022259793,351566.1757454398
v3p2_physical_event,Bayes_Modeled,0.95,95% posterior credible interval,2012,TSS,ST,20,20,NA,NA,189587.02157850587,123186.78549145345,251770.66315707855,581.6931493476299,6.550148759377038,1500.4303276959108,110037.23460984521,1137.8856402914403,302678.7915908048
v3p2_physical_event,Bayes_Modeled,0.95,95% posterior credible interval,2013,TSS,CT,14,14,NA,NA,190405.6581960947,138414.0725455627,240194.27541463287,917.7746034623791,85.77416232927729,2068.5616705751354,175130.29918909757,15882.0614628999,413089.2440071532
v3p2_physical_event,Bayes_Modeled,0.95,95% posterior credible interval,2013,TSS,MT,14,14,NA,NA,191244.9545321349,142158.03281999036,244209.19470865643,668.2886560237049,25.392125971536903,1692.8739369120512,128588.18300269697,4860.093396065322,343168.45151582407
v3p2_physical_event,Bayes_Modeled,0.95,95% posterior credible interval,2013,TSS,ST,14,14,NA,NA,169766.3746634449,121709.16560190945,214365.25455995114,562.9176353358056,0,1560.2398216342299,96309.60246729424,0,278317.4416265647
v3p2_physical_event,Bayes_Modeled,0.95,95% posterior credible interval,2014,TSS,CT,10,10,NA,NA,151687.12860457072,116723.29640758752,190287.8388470094,513.1857628335238,36.28460196748328,1450.62653822242,77751.21549059861,5746.353783402879,227130.98257665941
v3p2_physical_event,Bayes_Modeled,0.95,95% posterior credible interval,2014,TSS,MT,10,10,NA,NA,102666.84429079585,61359.61802178215,146260.42975417728,255.48927881584908,0,1054.0961824384942,26555.776362385615,0,108747.14522047945
v3p2_physical_event,Bayes_Modeled,0.95,95% posterior credible interval,2014,TSS,ST,10,10,NA,NA,105917.14058518231,68366.21178520951,146666.50613967446,212.16883277188683,0,868.9377707145145,22650.511245660018,0,95688.30096033461
v3p2_physical_event,Bayes_Modeled,0.95,95% posterior credible interval,2015,TSS,CT,12,12,NA,NA,165649.97486503728,121280.02433792438,213662.06610343463,355.42016235390673,0,1256.003537263758,58342.93057831193,0,206079.834944559
v3p2_physical_event,Bayes_Modeled,0.95,95% posterior credible interval,2015,TSS,MT,12,12,NA,NA,124046.74958557307,78482.50803415308,167325.49456987472,99.00638486712563,0,630.4489282396329,12188.547117234959,0,74991.53838294826
v3p2_physical_event,Bayes_Modeled,0.95,95% posterior credible interval,2015,TSS,ST,12,12,NA,NA,122948.09814384619,75162.85839092184,165334.1490543353,96.9744424132012,0,592.2254697063076,11989.790808823873,0,68569.91423886374
v3p2_physical_event,Bayes_Modeled,0.95,95% posterior credible interval,2016,TSS,CT,4,4,NA,NA,53400.32051732267,28636.170853182382,80037.77704944022,306.35384397864016,0,1374.610484256035,16634.156335982854,0,80663.45343508228
v3p2_physical_event,Bayes_Modeled,0.95,95% posterior credible interval,2016,TSS,MT,4,4,NA,NA,29698.171130976,8662.479133001587,50104.090581174634,115.70381756885705,0,842.6840394896308,3430.774617744826,0,23728.81759524416
v3p2_physical_event,Bayes_Modeled,0.95,95% posterior credible interval,2016,TSS,ST,4,4,NA,NA,36869.814529672745,15546.268250789402,60459.20781263619,135.72107240884344,0,897.9835208739208,4997.3129949790455,0,33070.106838529115
v3p2_physical_event,Bayes_Modeled,0.95,95% posterior credible interval,2017,TSS,CT,12,12,NA,NA,219604.04449589507,165141.3739129547,275323.00465224136,1244.5431450928936,441.553094887827,2381.61843785399,276755.44010988454,91048.46848681383,584823.1613047833
v3p2_physical_event,Bayes_Modeled,0.95,95% posterior credible interval,2017,TSS,MT,12,12,NA,NA,146204.04502745377,106040.01289521235,184232.34267232375,256.863632971985,0,987.9607523918055,37648.498615160315,0,148130.61780047067
v3p2_physical_event,Bayes_Modeled,0.95,95% posterior credible interval,2017,TSS,ST,12,12,NA,NA,138013.16290423658,92197.33834684592,181368.2676138659,278.00231574695897,0,1104.9003657825006,38425.87569454763,0,154727.14500135416
v3p2_physical_event,Bayes_Modeled,0.95,95% posterior credible interval,2018,TSS,CT,10,10,NA,NA,197903.50067635454,98205.04506403477,327888.46990020457,1095.1442481724216,28.221114202681278,3145.7262879666278,225946.55406474476,5185.619980745172,791349.1224217054
v3p2_physical_event,Bayes_Modeled,0.95,95% posterior credible interval,2018,TSS,MT,10,10,NA,NA,187912.35133042902,93168.00322428378,311970.62183279847,957.707862067835,0.13489638611713087,2915.1430305730573,184338.09551794894,22.14565240462246,687642.4985495401
v3p2_physical_event,Bayes_Modeled,0.95,95% posterior credible interval,2018,TSS,ST,10,10,NA,NA,187994.82123713865,91478.9121790331,316609.52282645344,966.548540597315,17.929792497439472,2860.4116830523208,185730.60274290515,2944.9988054271194,648588.5207751777
v3p2_physical_event,Bayes_Modeled,0.95,95% posterior credible interval,2019,TSS,CT,2,2,NA,NA,46613.49728788152,26913.920858126985,65826.65255359093,1095.0048202700743,0,3449.987828500013,52009.03322450743,0,168339.2586694177
v3p2_physical_event,Bayes_Modeled,0.95,95% posterior credible interval,2019,TSS,MT,2,2,NA,NA,46920.58892137945,26377.80900666082,66790.41549622925,1113.8802104085596,0,3338.6859961500063,52915.802581152435,0,171951.52285033787
v3p2_physical_event,Bayes_Modeled,0.95,95% posterior credible interval,2019,TSS,ST,2,2,NA,NA,46948.773241612966,27721.855095310162,65736.1075753483,1115.050974532338,0,3430.8509864932244,53453.145962334675,0,169957.05867060216
v3p2_physical_event,Bayes_Modeled,0.95,95% posterior credible interval,2020,TSS,CT,14,14,NA,NA,199281.02533104984,137210.66977845848,268939.9348042926,344.0196951003306,0,1124.270929118034,68730.87884321531,0,233546.52669198217
v3p2_physical_event,Bayes_Modeled,0.95,95% posterior credible interval,2020,TSS,MT,14,14,NA,NA,167405.40232755803,116336.07904036113,209864.9125667122,254.54762132011263,0,971.260373413681,42488.202627179824,0,163313.3351488969
v3p2_physical_event,Bayes_Modeled,0.95,95% posterior credible interval,2020,TSS,ST,14,14,NA,NA,166113.32278645426,123146.4172160386,206188.32325273866,227.89687509127762,0,918.727158329741,38223.91669194789,0,161395.12067970308
v3p2_physical_event,Bayes_Modeled,0.95,95% posterior credible interval,2021,TSS,CT,12,12,NA,NA,180181.0104138418,127925.98881037312,231880.0052414933,1134.5951971691177,358.6722611975566,2272.653144075998,204555.17977891097,60354.26907226887,419922.11167930625
v3p2_physical_event,Bayes_Modeled,0.95,95% posterior credible interval,2021,TSS,MT,12,12,NA,NA,150060.8078836819,89480.69902064453,213977.09029036562,912.0154573276194,180.09404483941216,2024.4457579679338,138791.90997330224,24495.90010885779,342062.0514526606
v3p2_physical_event,Bayes_Modeled,0.95,95% posterior credible interval,2021,TSS,ST,12,12,NA,NA,151660.46446274658,101931.01904193989,206215.32903281564,783.5426961672961,150.29241006986217,1759.0299122145002,119909.78578101959,21045.433014840884,306978.03956919466
v3p2_physical_event,Bayes_Modeled,0.95,95% posterior credible interval,2022,TSS,CT,16,16,NA,NA,244151.35711020615,180850.6833546945,310317.50194272184,1035.3795037835084,344.89674704759847,2190.4742531807888,251979.03377545648,78470.9872479541,527268.119236423
v3p2_physical_event,Bayes_Modeled,0.95,95% posterior credible interval,2022,TSS,MT,16,16,NA,NA,211355.7687509527,159601.00710501318,258970.9320938319,761.5203955193381,170.41589195039586,1844.620131520303,160867.45907845578,36814.518774286335,382551.8812476891
v3p2_physical_event,Bayes_Modeled,0.95,95% posterior credible interval,2022,TSS,ST,16,16,NA,NA,217659.09462639387,163750.56842874904,268717.250817785,799.9448026751433,214.8477393874645,1841.898858476549,174105.0329446982,42380.493131886375,407815.4280472583
v3p2_physical_event,Bayes_Modeled,0.95,95% posterior credible interval,2023,TSS,CT,14,14,NA,NA,254657.1777332203,207524.80364658707,307124.64253613993,1013.5607665647415,157.5391833767053,2176.2303395050485,258844.4591025664,38585.932620416075,558485.8582971992
v3p2_physical_event,Bayes_Modeled,0.95,95% posterior credible interval,2023,TSS,MT,14,14,NA,NA,255011.6272992747,204463.8674900459,311998.45455503016,1094.7626319407696,308.54059355787547,2190.195675054043,278186.5880951982,77911.6879364299,558332.5663273524
v3p2_physical_event,Bayes_Modeled,0.95,95% posterior credible interval,2023,TSS,ST,14,14,NA,NA,235821.62729397413,192160.3331772723,283500.34159520635,1189.2966716250753,309.89278579763663,2344.2999513591585,280320.8058873936,72387.88033557359,559853.0485868049
v3p2_physical_event,Bayes_Modeled,0.95,95% posterior credible interval,2024,TSS,CT,8,8,NA,NA,183176.78932120156,147470.1365501186,217821.25888652366,794.163126756864,87.545970268322293,1886.3522396187072,145142.3088644177,14184.190494605184,354006.6112776856
v3p2_physical_event,Bayes_Modeled,0.95,95% posterior credible interval,2024,TSS,MT,8,8,NA,NA,197556.8470461081,160767.30562563636,237703.1352104887,587.5927948084692,0,1725.0506834088442,115642.7414085812,0,343069.6625624421
v3p2_physical_event,Bayes_Modeled,0.95,95% posterior credible interval,2024,TSS,ST,8,8,NA,NA,200613.84459435783,169170.0477749682,231516.10600297956,1351.209103503371,295.41444294443073,2635.4846528382177,271040.1555983426,57135.396511152474,533241.9105061655
v3p2_physical_event,Bayes_Modeled,0.95,95% posterior credible interval,2025,TSS,CT,16,16,NA,NA,275244.4700319006,218814.70090365654,334840.5469352468,741.6628138718331,36.57549004546631,1863.5960727993622,204258.88807122657,10469.854585632282,525444.1702181015
v3p2_physical_event,Bayes_Modeled,0.95,95% posterior credible interval,2025,TSS,MT,16,16,NA,NA,270102.5243293966,213663.54961363872,339711.6787319091,1881.8016919018144,1018.1061073170567,2987.0154842490892,507501.02021614794,256954.0785877439,858712.9308260265
v3p2_physical_event,Bayes_Modeled,0.95,95% posterior credible interval,2025,TSS,ST,16,16,NA,NA,276112.4683316665,218772.74166479317,349891.42448106804,1043.8517893148912,222.1274711368858,2174.319270448456,287620.82001273154,58718.053224007024,629990.5329888505
v3p2_physical_event,Observed,NA,none,2011,ICP,CT,12,NA,0,1,95657.38,NA,NA,NA,NA,NA,NA,NA,NA
v3p2_physical_event,Observed,NA,none,2011,ICP,MT,12,NA,0,0,NA,NA,NA,NA,NA,NA,NA,NA,NA
v3p2_physical_event,Observed,NA,none,2011,ICP,ST,12,NA,0,1,145384.37,NA,NA,NA,NA,NA,NA,NA,NA
v3p2_physical_event,Observed,NA,none,2012,ICP,CT,20,NA,0,1,68231,NA,NA,NA,NA,NA,NA,NA,NA
v3p2_physical_event,Observed,NA,none,2012,ICP,MT,20,NA,0,0,NA,NA,NA,NA,NA,NA,NA,NA,NA
v3p2_physical_event,Observed,NA,none,2012,ICP,ST,20,NA,0,0,NA,NA,NA,NA,NA,NA,NA,NA,NA
v3p2_physical_event,Observed,NA,none,2013,ICP,CT,14,NA,0,0,NA,NA,NA,NA,NA,NA,NA,NA,NA
v3p2_physical_event,Observed,NA,none,2013,ICP,MT,14,NA,0,0,NA,NA,NA,NA,NA,NA,NA,NA,NA
v3p2_physical_event,Observed,NA,none,2013,ICP,ST,14,NA,0,0,NA,NA,NA,NA,NA,NA,NA,NA,NA
v3p2_physical_event,Observed,NA,none,2014,ICP,CT,10,NA,0,0,NA,NA,NA,NA,NA,NA,NA,NA,NA
v3p2_physical_event,Observed,NA,none,2014,ICP,MT,10,NA,0,0,NA,NA,NA,NA,NA,NA,NA,NA,NA
v3p2_physical_event,Observed,NA,none,2014,ICP,ST,10,NA,0,0,NA,NA,NA,NA,NA,NA,NA,NA,NA
v3p2_physical_event,Observed,NA,none,2015,ICP,CT,12,NA,0,2,132370.93,102982.3,161759.56,NA,NA,NA,NA,NA,NA
v3p2_physical_event,Observed,NA,none,2015,ICP,MT,12,NA,0,2,65599.245,44151.04,87047.45,NA,NA,NA,NA,NA,NA
v3p2_physical_event,Observed,NA,none,2015,ICP,ST,12,NA,0,2,57594.08499999999,42705.409999999996,72482.76,NA,NA,NA,NA,NA,NA
v3p2_physical_event,Observed,NA,none,2016,ICP,CT,4,NA,0,2,76612.94499999999,63901.02,89324.87,NA,NA,NA,NA,NA,NA
v3p2_physical_event,Observed,NA,none,2016,ICP,MT,4,NA,0,2,10320.75,7762.280000000001,12879.22,NA,NA,NA,NA,NA,NA
v3p2_physical_event,Observed,NA,none,2016,ICP,ST,4,NA,0,2,39099.81,27131.64,51067.979999999996,NA,NA,NA,NA,NA,NA
v3p2_physical_event,Observed,NA,none,2017,ICP,CT,12,NA,0,2,297527.5,198114.47,396940.53,NA,NA,NA,NA,NA,NA
v3p2_physical_event,Observed,NA,none,2017,ICP,MT,12,NA,0,2,96214.715,94280.58,98148.85,NA,NA,NA,NA,NA,NA
v3p2_physical_event,Observed,NA,none,2017,ICP,ST,12,NA,0,2,77348.38500000001,32861.4,121835.37000000001,NA,NA,NA,NA,NA,NA
v3p2_physical_event,Observed,NA,none,2018,ICP,CT,10,NA,0,0,NA,NA,NA,NA,NA,NA,NA,NA,NA
v3p2_physical_event,Observed,NA,none,2018,ICP,MT,10,NA,0,0,NA,NA,NA,NA,NA,NA,NA,NA,NA
v3p2_physical_event,Observed,NA,none,2018,ICP,ST,10,NA,0,0,NA,NA,NA,NA,NA,NA,NA,NA,NA
v3p2_physical_event,Observed,NA,none,2019,ICP,CT,2,NA,0,0,NA,NA,NA,NA,NA,NA,NA,NA,NA
v3p2_physical_event,Observed,NA,none,2019,ICP,MT,2,NA,0,0,NA,NA,NA,NA,NA,NA,NA,NA,NA
v3p2_physical_event,Observed,NA,none,2019,ICP,ST,2,NA,0,0,NA,NA,NA,NA,NA,NA,NA,NA,NA
v3p2_physical_event,Observed,NA,none,2020,ICP,CT,14,NA,0,0,NA,NA,NA,NA,NA,NA,NA,NA,NA
v3p2_physical_event,Observed,NA,none,2020,ICP,MT,14,NA,0,0,NA,NA,NA,NA,NA,NA,NA,NA,NA
v3p2_physical_event,Observed,NA,none,2020,ICP,ST,14,NA,0,0,NA,NA,NA,NA,NA,NA,NA,NA,NA
v3p2_physical_event,Observed,NA,none,2021,ICP,CT,12,NA,0,0,NA,NA,NA,NA,NA,NA,NA,NA,NA
v3p2_physical_event,Observed,NA,none,2021,ICP,MT,12,NA,0,0,NA,NA,NA,NA,NA,NA,NA,NA,NA
v3p2_physical_event,Observed,NA,none,2021,ICP,ST,12,NA,0,0,NA,NA,NA,NA,NA,NA,NA,NA,NA
v3p2_physical_event,Observed,NA,none,2022,ICP,CT,16,NA,0,0,NA,NA,NA,NA,NA,NA,NA,NA,NA
v3p2_physical_event,Observed,NA,none,2022,ICP,MT,16,NA,0,0,NA,NA,NA,NA,NA,NA,NA,NA,NA
v3p2_physical_event,Observed,NA,none,2022,ICP,ST,16,NA,0,0,NA,NA,NA,NA,NA,NA,NA,NA,NA
v3p2_physical_event,Observed,NA,none,2023,ICP,CT,14,NA,0,0,NA,NA,NA,NA,NA,NA,NA,NA,NA
v3p2_physical_event,Observed,NA,none,2023,ICP,MT,14,NA,0,0,NA,NA,NA,NA,NA,NA,NA,NA,NA
v3p2_physical_event,Observed,NA,none,2023,ICP,ST,14,NA,0,0,NA,NA,NA,NA,NA,NA,NA,NA,NA
v3p2_physical_event,Observed,NA,none,2024,ICP,CT,8,NA,0,0,NA,NA,NA,NA,NA,NA,NA,NA,NA
v3p2_physical_event,Observed,NA,none,2024,ICP,MT,8,NA,0,1,189802.435,NA,NA,NA,NA,NA,NA,NA,NA
v3p2_physical_event,Observed,NA,none,2024,ICP,ST,8,NA,0,1,207697.25,NA,NA,NA,NA,NA,NA,NA,NA
v3p2_physical_event,Observed,NA,none,2025,ICP,CT,16,NA,0,0,NA,NA,NA,NA,NA,NA,NA,NA,NA
v3p2_physical_event,Observed,NA,none,2025,ICP,MT,16,NA,0,1,395832.345,NA,NA,NA,NA,NA,NA,NA,NA
v3p2_physical_event,Observed,NA,none,2025,ICP,ST,16,NA,0,1,380055.84500000003,NA,NA,NA,NA,NA,NA,NA,NA
v3p2_physical_event,Observed,NA,none,2011,NH4,CT,12,NA,0,1,95657.38,NA,NA,NA,NA,NA,NA,NA,NA
v3p2_physical_event,Observed,NA,none,2011,NH4,MT,12,NA,0,0,NA,NA,NA,NA,NA,NA,NA,NA,NA
v3p2_physical_event,Observed,NA,none,2011,NH4,ST,12,NA,0,1,145384.37,NA,NA,NA,NA,NA,NA,NA,NA
v3p2_physical_event,Observed,NA,none,2012,NH4,CT,20,NA,0,1,68231,NA,NA,NA,NA,NA,NA,NA,NA
v3p2_physical_event,Observed,NA,none,2012,NH4,MT,20,NA,0,0,NA,NA,NA,NA,NA,NA,NA,NA,NA
v3p2_physical_event,Observed,NA,none,2012,NH4,ST,20,NA,0,0,NA,NA,NA,NA,NA,NA,NA,NA,NA
v3p2_physical_event,Observed,NA,none,2013,NH4,CT,14,NA,0,0,NA,NA,NA,NA,NA,NA,NA,NA,NA
v3p2_physical_event,Observed,NA,none,2013,NH4,MT,14,NA,0,0,NA,NA,NA,NA,NA,NA,NA,NA,NA
v3p2_physical_event,Observed,NA,none,2013,NH4,ST,14,NA,0,0,NA,NA,NA,NA,NA,NA,NA,NA,NA
v3p2_physical_event,Observed,NA,none,2014,NH4,CT,10,NA,0,0,NA,NA,NA,NA,NA,NA,NA,NA,NA
v3p2_physical_event,Observed,NA,none,2014,NH4,MT,10,NA,0,0,NA,NA,NA,NA,NA,NA,NA,NA,NA
v3p2_physical_event,Observed,NA,none,2014,NH4,ST,10,NA,0,0,NA,NA,NA,NA,NA,NA,NA,NA,NA
v3p2_physical_event,Observed,NA,none,2015,NH4,CT,12,NA,0,2,132370.93,102982.3,161759.56,NA,NA,NA,NA,NA,NA
v3p2_physical_event,Observed,NA,none,2015,NH4,MT,12,NA,0,2,65599.245,44151.04,87047.45,NA,NA,NA,NA,NA,NA
v3p2_physical_event,Observed,NA,none,2015,NH4,ST,12,NA,0,2,57594.08499999999,42705.409999999996,72482.76,NA,NA,NA,NA,NA,NA
v3p2_physical_event,Observed,NA,descriptive replicate minimum-to-maximum range,2016,NH4,CT,4,NA,2,2,76612.94499999999,63901.02,89324.87,0.16178542620963077,NA,NA,12.39485796,5.7251777299999995,19.06453819
v3p2_physical_event,Observed,NA,descriptive replicate minimum-to-maximum range,2016,NH4,MT,4,NA,2,2,10320.75,7762.280000000001,12879.22,0.08561442482377733,NA,NA,0.883605075,0.5274409800000001,1.23976917
v3p2_physical_event,Observed,NA,descriptive replicate minimum-to-maximum range,2016,NH4,ST,4,NA,2,2,39099.81,27131.64,51067.979999999996,0.07215331455574849,NA,NA,2.82118089,1.88668077,3.75568101
v3p2_physical_event,Observed,NA,none,2017,NH4,CT,12,NA,0,2,297527.5,198114.47,396940.53,NA,NA,NA,NA,NA,NA
v3p2_physical_event,Observed,NA,none,2017,NH4,MT,12,NA,0,2,96214.715,94280.58,98148.85,NA,NA,NA,NA,NA,NA
v3p2_physical_event,Observed,NA,none,2017,NH4,ST,12,NA,0,2,77348.38500000001,32861.4,121835.37000000001,NA,NA,NA,NA,NA,NA
v3p2_physical_event,Observed,NA,none,2018,NH4,CT,10,NA,0,0,NA,NA,NA,NA,NA,NA,NA,NA,NA
v3p2_physical_event,Observed,NA,none,2018,NH4,MT,10,NA,0,0,NA,NA,NA,NA,NA,NA,NA,NA,NA
v3p2_physical_event,Observed,NA,none,2018,NH4,ST,10,NA,0,0,NA,NA,NA,NA,NA,NA,NA,NA,NA
v3p2_physical_event,Observed,NA,none,2019,NH4,CT,2,NA,0,0,NA,NA,NA,NA,NA,NA,NA,NA,NA
v3p2_physical_event,Observed,NA,none,2019,NH4,MT,2,NA,0,0,NA,NA,NA,NA,NA,NA,NA,NA,NA
v3p2_physical_event,Observed,NA,none,2019,NH4,ST,2,NA,0,0,NA,NA,NA,NA,NA,NA,NA,NA,NA
v3p2_physical_event,Observed,NA,none,2020,NH4,CT,14,NA,0,0,NA,NA,NA,NA,NA,NA,NA,NA,NA
v3p2_physical_event,Observed,NA,none,2020,NH4,MT,14,NA,0,0,NA,NA,NA,NA,NA,NA,NA,NA,NA
v3p2_physical_event,Observed,NA,none,2020,NH4,ST,14,NA,0,0,NA,NA,NA,NA,NA,NA,NA,NA,NA
v3p2_physical_event,Observed,NA,none,2021,NH4,CT,12,NA,0,0,NA,NA,NA,NA,NA,NA,NA,NA,NA
v3p2_physical_event,Observed,NA,none,2021,NH4,MT,12,NA,0,0,NA,NA,NA,NA,NA,NA,NA,NA,NA
v3p2_physical_event,Observed,NA,none,2021,NH4,ST,12,NA,0,0,NA,NA,NA,NA,NA,NA,NA,NA,NA
v3p2_physical_event,Observed,NA,none,2022,NH4,CT,16,NA,0,0,NA,NA,NA,NA,NA,NA,NA,NA,NA
v3p2_physical_event,Observed,NA,none,2022,NH4,MT,16,NA,0,0,NA,NA,NA,NA,NA,NA,NA,NA,NA
v3p2_physical_event,Observed,NA,none,2022,NH4,ST,16,NA,0,0,NA,NA,NA,NA,NA,NA,NA,NA,NA
v3p2_physical_event,Observed,NA,none,2023,NH4,CT,14,NA,0,0,NA,NA,NA,NA,NA,NA,NA,NA,NA
v3p2_physical_event,Observed,NA,none,2023,NH4,MT,14,NA,0,0,NA,NA,NA,NA,NA,NA,NA,NA,NA
v3p2_physical_event,Observed,NA,none,2023,NH4,ST,14,NA,0,0,NA,NA,NA,NA,NA,NA,NA,NA,NA
v3p2_physical_event,Observed,NA,none,2024,NH4,CT,8,NA,0,0,NA,NA,NA,NA,NA,NA,NA,NA,NA
v3p2_physical_event,Observed,NA,none,2024,NH4,MT,8,NA,0,1,189802.435,NA,NA,NA,NA,NA,NA,NA,NA
v3p2_physical_event,Observed,NA,none,2024,NH4,ST,8,NA,0,1,207697.25,NA,NA,NA,NA,NA,NA,NA,NA
v3p2_physical_event,Observed,NA,none,2025,NH4,CT,16,NA,0,0,NA,NA,NA,NA,NA,NA,NA,NA,NA
v3p2_physical_event,Observed,NA,none,2025,NH4,MT,16,NA,0,1,395832.345,NA,NA,NA,NA,NA,NA,NA,NA
v3p2_physical_event,Observed,NA,none,2025,NH4,ST,16,NA,0,1,380055.84500000003,NA,NA,NA,NA,NA,NA,NA,NA
v3p2_physical_event,Observed,NA,none,2011,NO2,CT,12,NA,0,1,95657.38,NA,NA,NA,NA,NA,NA,NA,NA
v3p2_physical_event,Observed,NA,none,2011,NO2,MT,12,NA,0,0,NA,NA,NA,NA,NA,NA,NA,NA,NA
v3p2_physical_event,Observed,NA,none,2011,NO2,ST,12,NA,0,1,145384.37,NA,NA,NA,NA,NA,NA,NA,NA
v3p2_physical_event,Observed,NA,none,2012,NO2,CT,20,NA,0,1,68231,NA,NA,NA,NA,NA,NA,NA,NA
v3p2_physical_event,Observed,NA,none,2012,NO2,MT,20,NA,0,0,NA,NA,NA,NA,NA,NA,NA,NA,NA
v3p2_physical_event,Observed,NA,none,2012,NO2,ST,20,NA,0,0,NA,NA,NA,NA,NA,NA,NA,NA,NA
v3p2_physical_event,Observed,NA,none,2013,NO2,CT,14,NA,0,0,NA,NA,NA,NA,NA,NA,NA,NA,NA
v3p2_physical_event,Observed,NA,none,2013,NO2,MT,14,NA,0,0,NA,NA,NA,NA,NA,NA,NA,NA,NA
v3p2_physical_event,Observed,NA,none,2013,NO2,ST,14,NA,0,0,NA,NA,NA,NA,NA,NA,NA,NA,NA
v3p2_physical_event,Observed,NA,none,2014,NO2,CT,10,NA,0,0,NA,NA,NA,NA,NA,NA,NA,NA,NA
v3p2_physical_event,Observed,NA,none,2014,NO2,MT,10,NA,0,0,NA,NA,NA,NA,NA,NA,NA,NA,NA
v3p2_physical_event,Observed,NA,none,2014,NO2,ST,10,NA,0,0,NA,NA,NA,NA,NA,NA,NA,NA,NA
v3p2_physical_event,Observed,NA,none,2015,NO2,CT,12,NA,0,2,132370.93,102982.3,161759.56,NA,NA,NA,NA,NA,NA
v3p2_physical_event,Observed,NA,none,2015,NO2,MT,12,NA,0,2,65599.245,44151.04,87047.45,NA,NA,NA,NA,NA,NA
v3p2_physical_event,Observed,NA,none,2015,NO2,ST,12,NA,0,2,57594.08499999999,42705.409999999996,72482.76,NA,NA,NA,NA,NA,NA
v3p2_physical_event,Observed,NA,none,2016,NO2,CT,4,NA,0,2,76612.94499999999,63901.02,89324.87,NA,NA,NA,NA,NA,NA
v3p2_physical_event,Observed,NA,none,2016,NO2,MT,4,NA,0,2,10320.75,7762.280000000001,12879.22,NA,NA,NA,NA,NA,NA
v3p2_physical_event,Observed,NA,none,2016,NO2,ST,4,NA,0,2,39099.81,27131.64,51067.979999999996,NA,NA,NA,NA,NA,NA
v3p2_physical_event,Observed,NA,none,2017,NO2,CT,12,NA,0,2,297527.5,198114.47,396940.53,NA,NA,NA,NA,NA,NA
v3p2_physical_event,Observed,NA,none,2017,NO2,MT,12,NA,0,2,96214.715,94280.58,98148.85,NA,NA,NA,NA,NA,NA
v3p2_physical_event,Observed,NA,none,2017,NO2,ST,12,NA,0,2,77348.38500000001,32861.4,121835.37000000001,NA,NA,NA,NA,NA,NA
v3p2_physical_event,Observed,NA,none,2018,NO2,CT,10,NA,0,0,NA,NA,NA,NA,NA,NA,NA,NA,NA
v3p2_physical_event,Observed,NA,none,2018,NO2,MT,10,NA,0,0,NA,NA,NA,NA,NA,NA,NA,NA,NA
v3p2_physical_event,Observed,NA,none,2018,NO2,ST,10,NA,0,0,NA,NA,NA,NA,NA,NA,NA,NA,NA
v3p2_physical_event,Observed,NA,none,2019,NO2,CT,2,NA,0,0,NA,NA,NA,NA,NA,NA,NA,NA,NA
v3p2_physical_event,Observed,NA,none,2019,NO2,MT,2,NA,0,0,NA,NA,NA,NA,NA,NA,NA,NA,NA
v3p2_physical_event,Observed,NA,none,2019,NO2,ST,2,NA,0,0,NA,NA,NA,NA,NA,NA,NA,NA,NA
v3p2_physical_event,Observed,NA,none,2020,NO2,CT,14,NA,0,0,NA,NA,NA,NA,NA,NA,NA,NA,NA
v3p2_physical_event,Observed,NA,none,2020,NO2,MT,14,NA,0,0,NA,NA,NA,NA,NA,NA,NA,NA,NA
v3p2_physical_event,Observed,NA,none,2020,NO2,ST,14,NA,0,0,NA,NA,NA,NA,NA,NA,NA,NA,NA
v3p2_physical_event,Observed,NA,none,2021,NO2,CT,12,NA,0,0,NA,NA,NA,NA,NA,NA,NA,NA,NA
v3p2_physical_event,Observed,NA,none,2021,NO2,MT,12,NA,0,0,NA,NA,NA,NA,NA,NA,NA,NA,NA
v3p2_physical_event,Observed,NA,none,2021,NO2,ST,12,NA,0,0,NA,NA,NA,NA,NA,NA,NA,NA,NA
v3p2_physical_event,Observed,NA,none,2022,NO2,CT,16,NA,0,0,NA,NA,NA,NA,NA,NA,NA,NA,NA
v3p2_physical_event,Observed,NA,none,2022,NO2,MT,16,NA,0,0,NA,NA,NA,NA,NA,NA,NA,NA,NA
v3p2_physical_event,Observed,NA,none,2022,NO2,ST,16,NA,0,0,NA,NA,NA,NA,NA,NA,NA,NA,NA
v3p2_physical_event,Observed,NA,none,2023,NO2,CT,14,NA,0,0,NA,NA,NA,NA,NA,NA,NA,NA,NA
v3p2_physical_event,Observed,NA,none,2023,NO2,MT,14,NA,0,0,NA,NA,NA,NA,NA,NA,NA,NA,NA
v3p2_physical_event,Observed,NA,none,2023,NO2,ST,14,NA,0,0,NA,NA,NA,NA,NA,NA,NA,NA,NA
v3p2_physical_event,Observed,NA,none,2024,NO2,CT,8,NA,0,0,NA,NA,NA,NA,NA,NA,NA,NA,NA
v3p2_physical_event,Observed,NA,none,2024,NO2,MT,8,NA,1,1,189802.435,NA,NA,0,NA,NA,0,NA,NA
v3p2_physical_event,Observed,NA,none,2024,NO2,ST,8,NA,1,1,207697.25,NA,NA,0,NA,NA,0,NA,NA
v3p2_physical_event,Observed,NA,none,2025,NO2,CT,16,NA,0,0,NA,NA,NA,NA,NA,NA,NA,NA,NA
v3p2_physical_event,Observed,NA,none,2025,NO2,MT,16,NA,0,1,395832.345,NA,NA,NA,NA,NA,NA,NA,NA
v3p2_physical_event,Observed,NA,none,2025,NO2,ST,16,NA,0,1,380055.84500000003,NA,NA,NA,NA,NA,NA,NA,NA
v3p2_physical_event,Observed,NA,none,2011,NO3,CT,12,NA,0,1,95657.38,NA,NA,NA,NA,NA,NA,NA,NA
v3p2_physical_event,Observed,NA,none,2011,NO3,MT,12,NA,0,0,NA,NA,NA,NA,NA,NA,NA,NA,NA
v3p2_physical_event,Observed,NA,none,2011,NO3,ST,12,NA,0,1,145384.37,NA,NA,NA,NA,NA,NA,NA,NA
v3p2_physical_event,Observed,NA,none,2012,NO3,CT,20,NA,0,1,68231,NA,NA,NA,NA,NA,NA,NA,NA
v3p2_physical_event,Observed,NA,none,2012,NO3,MT,20,NA,0,0,NA,NA,NA,NA,NA,NA,NA,NA,NA
v3p2_physical_event,Observed,NA,none,2012,NO3,ST,20,NA,0,0,NA,NA,NA,NA,NA,NA,NA,NA,NA
v3p2_physical_event,Observed,NA,none,2013,NO3,CT,14,NA,0,0,NA,NA,NA,NA,NA,NA,NA,NA,NA
v3p2_physical_event,Observed,NA,none,2013,NO3,MT,14,NA,0,0,NA,NA,NA,NA,NA,NA,NA,NA,NA
v3p2_physical_event,Observed,NA,none,2013,NO3,ST,14,NA,0,0,NA,NA,NA,NA,NA,NA,NA,NA,NA
v3p2_physical_event,Observed,NA,none,2014,NO3,CT,10,NA,0,0,NA,NA,NA,NA,NA,NA,NA,NA,NA
v3p2_physical_event,Observed,NA,none,2014,NO3,MT,10,NA,0,0,NA,NA,NA,NA,NA,NA,NA,NA,NA
v3p2_physical_event,Observed,NA,none,2014,NO3,ST,10,NA,0,0,NA,NA,NA,NA,NA,NA,NA,NA,NA
v3p2_physical_event,Observed,NA,none,2015,NO3,CT,12,NA,0,2,132370.93,102982.3,161759.56,NA,NA,NA,NA,NA,NA
v3p2_physical_event,Observed,NA,none,2015,NO3,MT,12,NA,0,2,65599.245,44151.04,87047.45,NA,NA,NA,NA,NA,NA
v3p2_physical_event,Observed,NA,none,2015,NO3,ST,12,NA,0,2,57594.08499999999,42705.409999999996,72482.76,NA,NA,NA,NA,NA,NA
v3p2_physical_event,Observed,NA,descriptive replicate minimum-to-maximum range,2016,NO3,CT,4,NA,2,2,76612.94499999999,63901.02,89324.87,4.971581779717514,NA,NA,380.8875214525,308.49325592,453.281786985
v3p2_physical_event,Observed,NA,descriptive replicate minimum-to-maximum range,2016,NO3,MT,4,NA,2,2,10320.75,7762.280000000001,12879.22,5.0044489281302225,NA,NA,51.649666274999994,38.56708892,64.73224362999999
v3p2_physical_event,Observed,NA,descriptive replicate minimum-to-maximum range,2016,NO3,ST,4,NA,2,2,39099.81,27131.64,51067.979999999996,5.0516039928966405,NA,NA,197.51675631749998,138.821849265,256.21166337
v3p2_physical_event,Observed,NA,descriptive replicate minimum-to-maximum range,2017,NO3,CT,12,NA,2,2,297527.5,198114.47,396940.53,8.867348967742478,NA,NA,2638.28017,1748.650318,3527.9100220000005
v3p2_physical_event,Observed,NA,descriptive replicate minimum-to-maximum range,2017,NO3,MT,12,NA,2,2,96214.715,94280.58,98148.85,9.18953184032193,NA,NA,884.168187,875.2293405,893.10703349999994
v3p2_physical_event,Observed,NA,none,2017,NO3,ST,12,NA,1,2,77348.38500000001,32861.4,121835.37000000001,14.006816425449605,NA,NA,1083.4046295,NA,NA
v3p2_physical_event,Observed,NA,none,2018,NO3,CT,10,NA,0,0,NA,NA,NA,NA,NA,NA,NA,NA,NA
v3p2_physical_event,Observed,NA,none,2018,NO3,MT,10,NA,0,0,NA,NA,NA,NA,NA,NA,NA,NA,NA
v3p2_physical_event,Observed,NA,none,2018,NO3,ST,10,NA,0,0,NA,NA,NA,NA,NA,NA,NA,NA,NA
v3p2_physical_event,Observed,NA,none,2019,NO3,CT,2,NA,0,0,NA,NA,NA,NA,NA,NA,NA,NA,NA
v3p2_physical_event,Observed,NA,none,2019,NO3,MT,2,NA,0,0,NA,NA,NA,NA,NA,NA,NA,NA,NA
v3p2_physical_event,Observed,NA,none,2019,NO3,ST,2,NA,0,0,NA,NA,NA,NA,NA,NA,NA,NA,NA
v3p2_physical_event,Observed,NA,none,2020,NO3,CT,14,NA,0,0,NA,NA,NA,NA,NA,NA,NA,NA,NA
v3p2_physical_event,Observed,NA,none,2020,NO3,MT,14,NA,0,0,NA,NA,NA,NA,NA,NA,NA,NA,NA
v3p2_physical_event,Observed,NA,none,2020,NO3,ST,14,NA,0,0,NA,NA,NA,NA,NA,NA,NA,NA,NA
v3p2_physical_event,Observed,NA,none,2021,NO3,CT,12,NA,0,0,NA,NA,NA,NA,NA,NA,NA,NA,NA
v3p2_physical_event,Observed,NA,none,2021,NO3,MT,12,NA,0,0,NA,NA,NA,NA,NA,NA,NA,NA,NA
v3p2_physical_event,Observed,NA,none,2021,NO3,ST,12,NA,0,0,NA,NA,NA,NA,NA,NA,NA,NA,NA
v3p2_physical_event,Observed,NA,none,2022,NO3,CT,16,NA,0,0,NA,NA,NA,NA,NA,NA,NA,NA,NA
v3p2_physical_event,Observed,NA,none,2022,NO3,MT,16,NA,0,0,NA,NA,NA,NA,NA,NA,NA,NA,NA
v3p2_physical_event,Observed,NA,none,2022,NO3,ST,16,NA,0,0,NA,NA,NA,NA,NA,NA,NA,NA,NA
v3p2_physical_event,Observed,NA,none,2023,NO3,CT,14,NA,0,0,NA,NA,NA,NA,NA,NA,NA,NA,NA
v3p2_physical_event,Observed,NA,none,2023,NO3,MT,14,NA,0,0,NA,NA,NA,NA,NA,NA,NA,NA,NA
v3p2_physical_event,Observed,NA,none,2023,NO3,ST,14,NA,0,0,NA,NA,NA,NA,NA,NA,NA,NA,NA
v3p2_physical_event,Observed,NA,none,2024,NO3,CT,8,NA,0,0,NA,NA,NA,NA,NA,NA,NA,NA,NA
v3p2_physical_event,Observed,NA,none,2024,NO3,MT,8,NA,1,1,189802.435,NA,NA,7.088966786437697,NA,NA,1345.5031577,NA,NA
v3p2_physical_event,Observed,NA,none,2024,NO3,ST,8,NA,1,1,207697.25,NA,NA,7.028567887153056,NA,NA,1459.8142216,NA,NA
v3p2_physical_event,Observed,NA,none,2025,NO3,CT,16,NA,0,0,NA,NA,NA,NA,NA,NA,NA,NA,NA
v3p2_physical_event,Observed,NA,none,2025,NO3,MT,16,NA,0,1,395832.345,NA,NA,NA,NA,NA,NA,NA,NA
v3p2_physical_event,Observed,NA,none,2025,NO3,ST,16,NA,0,1,380055.84500000003,NA,NA,NA,NA,NA,NA,NA,NA
v3p2_physical_event,Observed,NA,none,2011,NOx,CT,12,NA,0,1,95657.38,NA,NA,NA,NA,NA,NA,NA,NA
v3p2_physical_event,Observed,NA,none,2011,NOx,MT,12,NA,0,0,NA,NA,NA,NA,NA,NA,NA,NA,NA
v3p2_physical_event,Observed,NA,none,2011,NOx,ST,12,NA,0,1,145384.37,NA,NA,NA,NA,NA,NA,NA,NA
v3p2_physical_event,Observed,NA,none,2012,NOx,CT,20,NA,0,1,68231,NA,NA,NA,NA,NA,NA,NA,NA
v3p2_physical_event,Observed,NA,none,2012,NOx,MT,20,NA,0,0,NA,NA,NA,NA,NA,NA,NA,NA,NA
v3p2_physical_event,Observed,NA,none,2012,NOx,ST,20,NA,0,0,NA,NA,NA,NA,NA,NA,NA,NA,NA
v3p2_physical_event,Observed,NA,none,2013,NOx,CT,14,NA,0,0,NA,NA,NA,NA,NA,NA,NA,NA,NA
v3p2_physical_event,Observed,NA,none,2013,NOx,MT,14,NA,0,0,NA,NA,NA,NA,NA,NA,NA,NA,NA
v3p2_physical_event,Observed,NA,none,2013,NOx,ST,14,NA,0,0,NA,NA,NA,NA,NA,NA,NA,NA,NA
v3p2_physical_event,Observed,NA,none,2014,NOx,CT,10,NA,0,0,NA,NA,NA,NA,NA,NA,NA,NA,NA
v3p2_physical_event,Observed,NA,none,2014,NOx,MT,10,NA,0,0,NA,NA,NA,NA,NA,NA,NA,NA,NA
v3p2_physical_event,Observed,NA,none,2014,NOx,ST,10,NA,0,0,NA,NA,NA,NA,NA,NA,NA,NA,NA
v3p2_physical_event,Observed,NA,none,2015,NOx,CT,12,NA,0,2,132370.93,102982.3,161759.56,NA,NA,NA,NA,NA,NA
v3p2_physical_event,Observed,NA,none,2015,NOx,MT,12,NA,0,2,65599.245,44151.04,87047.45,NA,NA,NA,NA,NA,NA
v3p2_physical_event,Observed,NA,none,2015,NOx,ST,12,NA,0,2,57594.08499999999,42705.409999999996,72482.76,NA,NA,NA,NA,NA,NA
v3p2_physical_event,Observed,NA,none,2016,NOx,CT,4,NA,0,2,76612.94499999999,63901.02,89324.87,NA,NA,NA,NA,NA,NA
v3p2_physical_event,Observed,NA,none,2016,NOx,MT,4,NA,0,2,10320.75,7762.280000000001,12879.22,NA,NA,NA,NA,NA,NA
v3p2_physical_event,Observed,NA,none,2016,NOx,ST,4,NA,0,2,39099.81,27131.64,51067.979999999996,NA,NA,NA,NA,NA,NA
v3p2_physical_event,Observed,NA,none,2017,NOx,CT,12,NA,0,2,297527.5,198114.47,396940.53,NA,NA,NA,NA,NA,NA
v3p2_physical_event,Observed,NA,none,2017,NOx,MT,12,NA,0,2,96214.715,94280.58,98148.85,NA,NA,NA,NA,NA,NA
v3p2_physical_event,Observed,NA,none,2017,NOx,ST,12,NA,0,2,77348.38500000001,32861.4,121835.37000000001,NA,NA,NA,NA,NA,NA
v3p2_physical_event,Observed,NA,none,2018,NOx,CT,10,NA,0,0,NA,NA,NA,NA,NA,NA,NA,NA,NA
v3p2_physical_event,Observed,NA,none,2018,NOx,MT,10,NA,0,0,NA,NA,NA,NA,NA,NA,NA,NA,NA
v3p2_physical_event,Observed,NA,none,2018,NOx,ST,10,NA,0,0,NA,NA,NA,NA,NA,NA,NA,NA,NA
v3p2_physical_event,Observed,NA,none,2019,NOx,CT,2,NA,0,0,NA,NA,NA,NA,NA,NA,NA,NA,NA
v3p2_physical_event,Observed,NA,none,2019,NOx,MT,2,NA,0,0,NA,NA,NA,NA,NA,NA,NA,NA,NA
v3p2_physical_event,Observed,NA,none,2019,NOx,ST,2,NA,0,0,NA,NA,NA,NA,NA,NA,NA,NA,NA
v3p2_physical_event,Observed,NA,none,2020,NOx,CT,14,NA,0,0,NA,NA,NA,NA,NA,NA,NA,NA,NA
v3p2_physical_event,Observed,NA,none,2020,NOx,MT,14,NA,0,0,NA,NA,NA,NA,NA,NA,NA,NA,NA
v3p2_physical_event,Observed,NA,none,2020,NOx,ST,14,NA,0,0,NA,NA,NA,NA,NA,NA,NA,NA,NA
v3p2_physical_event,Observed,NA,none,2021,NOx,CT,12,NA,0,0,NA,NA,NA,NA,NA,NA,NA,NA,NA
v3p2_physical_event,Observed,NA,none,2021,NOx,MT,12,NA,0,0,NA,NA,NA,NA,NA,NA,NA,NA,NA
v3p2_physical_event,Observed,NA,none,2021,NOx,ST,12,NA,0,0,NA,NA,NA,NA,NA,NA,NA,NA,NA
v3p2_physical_event,Observed,NA,none,2022,NOx,CT,16,NA,0,0,NA,NA,NA,NA,NA,NA,NA,NA,NA
v3p2_physical_event,Observed,NA,none,2022,NOx,MT,16,NA,0,0,NA,NA,NA,NA,NA,NA,NA,NA,NA
v3p2_physical_event,Observed,NA,none,2022,NOx,ST,16,NA,0,0,NA,NA,NA,NA,NA,NA,NA,NA,NA
v3p2_physical_event,Observed,NA,none,2023,NOx,CT,14,NA,0,0,NA,NA,NA,NA,NA,NA,NA,NA,NA
v3p2_physical_event,Observed,NA,none,2023,NOx,MT,14,NA,0,0,NA,NA,NA,NA,NA,NA,NA,NA,NA
v3p2_physical_event,Observed,NA,none,2023,NOx,ST,14,NA,0,0,NA,NA,NA,NA,NA,NA,NA,NA,NA
v3p2_physical_event,Observed,NA,none,2024,NOx,CT,8,NA,0,0,NA,NA,NA,NA,NA,NA,NA,NA,NA
v3p2_physical_event,Observed,NA,none,2024,NOx,MT,8,NA,0,1,189802.435,NA,NA,NA,NA,NA,NA,NA,NA
v3p2_physical_event,Observed,NA,none,2024,NOx,ST,8,NA,0,1,207697.25,NA,NA,NA,NA,NA,NA,NA,NA
v3p2_physical_event,Observed,NA,none,2025,NOx,CT,16,NA,0,0,NA,NA,NA,NA,NA,NA,NA,NA,NA
v3p2_physical_event,Observed,NA,none,2025,NOx,MT,16,NA,0,1,395832.345,NA,NA,NA,NA,NA,NA,NA,NA
v3p2_physical_event,Observed,NA,none,2025,NOx,ST,16,NA,0,1,380055.84500000003,NA,NA,NA,NA,NA,NA,NA,NA
v3p2_physical_event,Observed,NA,none,2011,NPOC,CT,12,NA,0,1,95657.38,NA,NA,NA,NA,NA,NA,NA,NA
v3p2_physical_event,Observed,NA,none,2011,NPOC,MT,12,NA,0,0,NA,NA,NA,NA,NA,NA,NA,NA,NA
v3p2_physical_event,Observed,NA,none,2011,NPOC,ST,12,NA,0,1,145384.37,NA,NA,NA,NA,NA,NA,NA,NA
v3p2_physical_event,Observed,NA,none,2012,NPOC,CT,20,NA,0,1,68231,NA,NA,NA,NA,NA,NA,NA,NA
v3p2_physical_event,Observed,NA,none,2012,NPOC,MT,20,NA,0,0,NA,NA,NA,NA,NA,NA,NA,NA,NA
v3p2_physical_event,Observed,NA,none,2012,NPOC,ST,20,NA,0,0,NA,NA,NA,NA,NA,NA,NA,NA,NA
v3p2_physical_event,Observed,NA,none,2013,NPOC,CT,14,NA,0,0,NA,NA,NA,NA,NA,NA,NA,NA,NA
v3p2_physical_event,Observed,NA,none,2013,NPOC,MT,14,NA,0,0,NA,NA,NA,NA,NA,NA,NA,NA,NA
v3p2_physical_event,Observed,NA,none,2013,NPOC,ST,14,NA,0,0,NA,NA,NA,NA,NA,NA,NA,NA,NA
v3p2_physical_event,Observed,NA,none,2014,NPOC,CT,10,NA,0,0,NA,NA,NA,NA,NA,NA,NA,NA,NA
v3p2_physical_event,Observed,NA,none,2014,NPOC,MT,10,NA,0,0,NA,NA,NA,NA,NA,NA,NA,NA,NA
v3p2_physical_event,Observed,NA,none,2014,NPOC,ST,10,NA,0,0,NA,NA,NA,NA,NA,NA,NA,NA,NA
v3p2_physical_event,Observed,NA,none,2015,NPOC,CT,12,NA,0,2,132370.93,102982.3,161759.56,NA,NA,NA,NA,NA,NA
v3p2_physical_event,Observed,NA,none,2015,NPOC,MT,12,NA,0,2,65599.245,44151.04,87047.45,NA,NA,NA,NA,NA,NA
v3p2_physical_event,Observed,NA,none,2015,NPOC,ST,12,NA,0,2,57594.08499999999,42705.409999999996,72482.76,NA,NA,NA,NA,NA,NA
v3p2_physical_event,Observed,NA,descriptive replicate minimum-to-maximum range,2016,NPOC,CT,4,NA,2,2,76612.94499999999,63901.02,89324.87,6.089955518010044,NA,NA,466.56942715375,439.72856194999997,493.41029235749994
v3p2_physical_event,Observed,NA,descriptive replicate minimum-to-maximum range,2016,NPOC,MT,4,NA,2,2,10320.75,7762.280000000001,12879.22,6.678396296756533,NA,NA,68.92605857974999,52.7255203875,85.126596772
v3p2_physical_event,Observed,NA,descriptive replicate minimum-to-maximum range,2016,NPOC,ST,4,NA,2,2,39099.81,27131.64,51067.979999999996,5.948265226972971,NA,NA,232.57604020425003,175.58233690350002,289.569743505
v3p2_physical_event,Observed,NA,none,2017,NPOC,CT,12,NA,0,2,297527.5,198114.47,396940.53,NA,NA,NA,NA,NA,NA
v3p2_physical_event,Observed,NA,none,2017,NPOC,MT,12,NA,0,2,96214.715,94280.58,98148.85,NA,NA,NA,NA,NA,NA
v3p2_physical_event,Observed,NA,none,2017,NPOC,ST,12,NA,0,2,77348.38500000001,32861.4,121835.37000000001,NA,NA,NA,NA,NA,NA
v3p2_physical_event,Observed,NA,none,2018,NPOC,CT,10,NA,0,0,NA,NA,NA,NA,NA,NA,NA,NA,NA
v3p2_physical_event,Observed,NA,none,2018,NPOC,MT,10,NA,0,0,NA,NA,NA,NA,NA,NA,NA,NA,NA
v3p2_physical_event,Observed,NA,none,2018,NPOC,ST,10,NA,0,0,NA,NA,NA,NA,NA,NA,NA,NA,NA
v3p2_physical_event,Observed,NA,none,2019,NPOC,CT,2,NA,0,0,NA,NA,NA,NA,NA,NA,NA,NA,NA
v3p2_physical_event,Observed,NA,none,2019,NPOC,MT,2,NA,0,0,NA,NA,NA,NA,NA,NA,NA,NA,NA
v3p2_physical_event,Observed,NA,none,2019,NPOC,ST,2,NA,0,0,NA,NA,NA,NA,NA,NA,NA,NA,NA
v3p2_physical_event,Observed,NA,none,2020,NPOC,CT,14,NA,0,0,NA,NA,NA,NA,NA,NA,NA,NA,NA
v3p2_physical_event,Observed,NA,none,2020,NPOC,MT,14,NA,0,0,NA,NA,NA,NA,NA,NA,NA,NA,NA
v3p2_physical_event,Observed,NA,none,2020,NPOC,ST,14,NA,0,0,NA,NA,NA,NA,NA,NA,NA,NA,NA
v3p2_physical_event,Observed,NA,none,2021,NPOC,CT,12,NA,0,0,NA,NA,NA,NA,NA,NA,NA,NA,NA
v3p2_physical_event,Observed,NA,none,2021,NPOC,MT,12,NA,0,0,NA,NA,NA,NA,NA,NA,NA,NA,NA
v3p2_physical_event,Observed,NA,none,2021,NPOC,ST,12,NA,0,0,NA,NA,NA,NA,NA,NA,NA,NA,NA
v3p2_physical_event,Observed,NA,none,2022,NPOC,CT,16,NA,0,0,NA,NA,NA,NA,NA,NA,NA,NA,NA
v3p2_physical_event,Observed,NA,none,2022,NPOC,MT,16,NA,0,0,NA,NA,NA,NA,NA,NA,NA,NA,NA
v3p2_physical_event,Observed,NA,none,2022,NPOC,ST,16,NA,0,0,NA,NA,NA,NA,NA,NA,NA,NA,NA
v3p2_physical_event,Observed,NA,none,2023,NPOC,CT,14,NA,0,0,NA,NA,NA,NA,NA,NA,NA,NA,NA
v3p2_physical_event,Observed,NA,none,2023,NPOC,MT,14,NA,0,0,NA,NA,NA,NA,NA,NA,NA,NA,NA
v3p2_physical_event,Observed,NA,none,2023,NPOC,ST,14,NA,0,0,NA,NA,NA,NA,NA,NA,NA,NA,NA
v3p2_physical_event,Observed,NA,none,2024,NPOC,CT,8,NA,0,0,NA,NA,NA,NA,NA,NA,NA,NA,NA
v3p2_physical_event,Observed,NA,none,2024,NPOC,MT,8,NA,0,1,189802.435,NA,NA,NA,NA,NA,NA,NA,NA
v3p2_physical_event,Observed,NA,none,2024,NPOC,ST,8,NA,0,1,207697.25,NA,NA,NA,NA,NA,NA,NA,NA
v3p2_physical_event,Observed,NA,none,2025,NPOC,CT,16,NA,0,0,NA,NA,NA,NA,NA,NA,NA,NA,NA
v3p2_physical_event,Observed,NA,none,2025,NPOC,MT,16,NA,0,1,395832.345,NA,NA,NA,NA,NA,NA,NA,NA
v3p2_physical_event,Observed,NA,none,2025,NPOC,ST,16,NA,0,1,380055.84500000003,NA,NA,NA,NA,NA,NA,NA,NA
v3p2_physical_event,Observed,NA,none,2011,OP,CT,12,NA,0,1,95657.38,NA,NA,NA,NA,NA,NA,NA,NA
v3p2_physical_event,Observed,NA,none,2011,OP,MT,12,NA,0,0,NA,NA,NA,NA,NA,NA,NA,NA,NA
v3p2_physical_event,Observed,NA,none,2011,OP,ST,12,NA,0,1,145384.37,NA,NA,NA,NA,NA,NA,NA,NA
v3p2_physical_event,Observed,NA,none,2012,OP,CT,20,NA,0,1,68231,NA,NA,NA,NA,NA,NA,NA,NA
v3p2_physical_event,Observed,NA,none,2012,OP,MT,20,NA,0,0,NA,NA,NA,NA,NA,NA,NA,NA,NA
v3p2_physical_event,Observed,NA,none,2012,OP,ST,20,NA,0,0,NA,NA,NA,NA,NA,NA,NA,NA,NA
v3p2_physical_event,Observed,NA,none,2013,OP,CT,14,NA,0,0,NA,NA,NA,NA,NA,NA,NA,NA,NA
v3p2_physical_event,Observed,NA,none,2013,OP,MT,14,NA,0,0,NA,NA,NA,NA,NA,NA,NA,NA,NA
v3p2_physical_event,Observed,NA,none,2013,OP,ST,14,NA,0,0,NA,NA,NA,NA,NA,NA,NA,NA,NA
v3p2_physical_event,Observed,NA,none,2014,OP,CT,10,NA,0,0,NA,NA,NA,NA,NA,NA,NA,NA,NA
v3p2_physical_event,Observed,NA,none,2014,OP,MT,10,NA,0,0,NA,NA,NA,NA,NA,NA,NA,NA,NA
v3p2_physical_event,Observed,NA,none,2014,OP,ST,10,NA,0,0,NA,NA,NA,NA,NA,NA,NA,NA,NA
v3p2_physical_event,Observed,NA,none,2015,OP,CT,12,NA,0,2,132370.93,102982.3,161759.56,NA,NA,NA,NA,NA,NA
v3p2_physical_event,Observed,NA,none,2015,OP,MT,12,NA,0,2,65599.245,44151.04,87047.45,NA,NA,NA,NA,NA,NA
v3p2_physical_event,Observed,NA,none,2015,OP,ST,12,NA,0,2,57594.08499999999,42705.409999999996,72482.76,NA,NA,NA,NA,NA,NA
v3p2_physical_event,Observed,NA,descriptive replicate minimum-to-maximum range,2016,OP,CT,4,NA,2,2,76612.94499999999,63901.02,89324.87,0.059954614458431275,NA,NA,4.59329958,3.39383005,5.79276911
v3p2_physical_event,Observed,NA,descriptive replicate minimum-to-maximum range,2016,OP,MT,4,NA,2,2,10320.75,7762.280000000001,12879.22,0.032324617639221946,NA,NA,0.33361429749999993,0.24061534499999998,0.42661324999999994
v3p2_physical_event,Observed,NA,descriptive replicate minimum-to-maximum range,2016,OP,ST,4,NA,2,2,39099.81,27131.64,51067.979999999996,0.03191114643523844,NA,NA,1.2477197625,0.9388438050000002,1.55659572
v3p2_physical_event,Observed,NA,descriptive replicate minimum-to-maximum range,2017,OP,CT,12,NA,2,2,297527.5,198114.47,396940.53,0.01795630129987984,NA,NA,5.342493435,2.8376144999999995,7.84737237
v3p2_physical_event,Observed,NA,descriptive replicate minimum-to-maximum range,2017,OP,MT,12,NA,2,2,96214.715,94280.58,98148.85,0.015079385648026918,NA,NA,1.4508587925,1.3020155400000002,1.5997020450000001
v3p2_physical_event,Observed,NA,none,2017,OP,ST,12,NA,1,2,77348.38500000001,32861.4,121835.37000000001,0.013915146515340947,NA,NA,1.07631411,NA,NA
v3p2_physical_event,Observed,NA,none,2018,OP,CT,10,NA,0,0,NA,NA,NA,NA,NA,NA,NA,NA,NA
v3p2_physical_event,Observed,NA,none,2018,OP,MT,10,NA,0,0,NA,NA,NA,NA,NA,NA,NA,NA,NA
v3p2_physical_event,Observed,NA,none,2018,OP,ST,10,NA,0,0,NA,NA,NA,NA,NA,NA,NA,NA,NA
v3p2_physical_event,Observed,NA,none,2019,OP,CT,2,NA,0,0,NA,NA,NA,NA,NA,NA,NA,NA,NA
v3p2_physical_event,Observed,NA,none,2019,OP,MT,2,NA,0,0,NA,NA,NA,NA,NA,NA,NA,NA,NA
v3p2_physical_event,Observed,NA,none,2019,OP,ST,2,NA,0,0,NA,NA,NA,NA,NA,NA,NA,NA,NA
v3p2_physical_event,Observed,NA,none,2020,OP,CT,14,NA,0,0,NA,NA,NA,NA,NA,NA,NA,NA,NA
v3p2_physical_event,Observed,NA,none,2020,OP,MT,14,NA,0,0,NA,NA,NA,NA,NA,NA,NA,NA,NA
v3p2_physical_event,Observed,NA,none,2020,OP,ST,14,NA,0,0,NA,NA,NA,NA,NA,NA,NA,NA,NA
v3p2_physical_event,Observed,NA,none,2021,OP,CT,12,NA,0,0,NA,NA,NA,NA,NA,NA,NA,NA,NA
v3p2_physical_event,Observed,NA,none,2021,OP,MT,12,NA,0,0,NA,NA,NA,NA,NA,NA,NA,NA,NA
v3p2_physical_event,Observed,NA,none,2021,OP,ST,12,NA,0,0,NA,NA,NA,NA,NA,NA,NA,NA,NA
v3p2_physical_event,Observed,NA,none,2022,OP,CT,16,NA,0,0,NA,NA,NA,NA,NA,NA,NA,NA,NA
v3p2_physical_event,Observed,NA,none,2022,OP,MT,16,NA,0,0,NA,NA,NA,NA,NA,NA,NA,NA,NA
v3p2_physical_event,Observed,NA,none,2022,OP,ST,16,NA,0,0,NA,NA,NA,NA,NA,NA,NA,NA,NA
v3p2_physical_event,Observed,NA,none,2023,OP,CT,14,NA,0,0,NA,NA,NA,NA,NA,NA,NA,NA,NA
v3p2_physical_event,Observed,NA,none,2023,OP,MT,14,NA,0,0,NA,NA,NA,NA,NA,NA,NA,NA,NA
v3p2_physical_event,Observed,NA,none,2023,OP,ST,14,NA,0,0,NA,NA,NA,NA,NA,NA,NA,NA,NA
v3p2_physical_event,Observed,NA,none,2024,OP,CT,8,NA,0,0,NA,NA,NA,NA,NA,NA,NA,NA,NA
v3p2_physical_event,Observed,NA,none,2024,OP,MT,8,NA,1,1,189802.435,NA,NA,0.45436040065818967,NA,NA,86.2387104125,NA,NA
v3p2_physical_event,Observed,NA,none,2024,OP,ST,8,NA,1,1,207697.25,NA,NA,0.3597550563139377,NA,NA,74.720135869999993,NA,NA
v3p2_physical_event,Observed,NA,none,2025,OP,CT,16,NA,0,0,NA,NA,NA,NA,NA,NA,NA,NA,NA
v3p2_physical_event,Observed,NA,none,2025,OP,MT,16,NA,0,1,395832.345,NA,NA,NA,NA,NA,NA,NA,NA
v3p2_physical_event,Observed,NA,none,2025,OP,ST,16,NA,0,1,380055.84500000003,NA,NA,NA,NA,NA,NA,NA,NA
v3p2_physical_event,Observed,NA,none,2011,Se,CT,12,NA,0,1,95657.38,NA,NA,NA,NA,NA,NA,NA,NA
v3p2_physical_event,Observed,NA,none,2011,Se,MT,12,NA,0,0,NA,NA,NA,NA,NA,NA,NA,NA,NA
v3p2_physical_event,Observed,NA,none,2011,Se,ST,12,NA,0,1,145384.37,NA,NA,NA,NA,NA,NA,NA,NA
v3p2_physical_event,Observed,NA,none,2012,Se,CT,20,NA,0,1,68231,NA,NA,NA,NA,NA,NA,NA,NA
v3p2_physical_event,Observed,NA,none,2012,Se,MT,20,NA,0,0,NA,NA,NA,NA,NA,NA,NA,NA,NA
v3p2_physical_event,Observed,NA,none,2012,Se,ST,20,NA,0,0,NA,NA,NA,NA,NA,NA,NA,NA,NA
v3p2_physical_event,Observed,NA,none,2013,Se,CT,14,NA,0,0,NA,NA,NA,NA,NA,NA,NA,NA,NA
v3p2_physical_event,Observed,NA,none,2013,Se,MT,14,NA,0,0,NA,NA,NA,NA,NA,NA,NA,NA,NA
v3p2_physical_event,Observed,NA,none,2013,Se,ST,14,NA,0,0,NA,NA,NA,NA,NA,NA,NA,NA,NA
v3p2_physical_event,Observed,NA,none,2014,Se,CT,10,NA,0,0,NA,NA,NA,NA,NA,NA,NA,NA,NA
v3p2_physical_event,Observed,NA,none,2014,Se,MT,10,NA,0,0,NA,NA,NA,NA,NA,NA,NA,NA,NA
v3p2_physical_event,Observed,NA,none,2014,Se,ST,10,NA,0,0,NA,NA,NA,NA,NA,NA,NA,NA,NA
v3p2_physical_event,Observed,NA,none,2015,Se,CT,12,NA,0,2,132370.93,102982.3,161759.56,NA,NA,NA,NA,NA,NA
v3p2_physical_event,Observed,NA,none,2015,Se,MT,12,NA,0,2,65599.245,44151.04,87047.45,NA,NA,NA,NA,NA,NA
v3p2_physical_event,Observed,NA,none,2015,Se,ST,12,NA,0,2,57594.08499999999,42705.409999999996,72482.76,NA,NA,NA,NA,NA,NA
v3p2_physical_event,Observed,NA,none,2016,Se,CT,4,NA,0,2,76612.94499999999,63901.02,89324.87,NA,NA,NA,NA,NA,NA
v3p2_physical_event,Observed,NA,none,2016,Se,MT,4,NA,0,2,10320.75,7762.280000000001,12879.22,NA,NA,NA,NA,NA,NA
v3p2_physical_event,Observed,NA,none,2016,Se,ST,4,NA,0,2,39099.81,27131.64,51067.979999999996,NA,NA,NA,NA,NA,NA
v3p2_physical_event,Observed,NA,none,2017,Se,CT,12,NA,0,2,297527.5,198114.47,396940.53,NA,NA,NA,NA,NA,NA
v3p2_physical_event,Observed,NA,none,2017,Se,MT,12,NA,0,2,96214.715,94280.58,98148.85,NA,NA,NA,NA,NA,NA
v3p2_physical_event,Observed,NA,none,2017,Se,ST,12,NA,0,2,77348.38500000001,32861.4,121835.37000000001,NA,NA,NA,NA,NA,NA
v3p2_physical_event,Observed,NA,none,2018,Se,CT,10,NA,0,0,NA,NA,NA,NA,NA,NA,NA,NA,NA
v3p2_physical_event,Observed,NA,none,2018,Se,MT,10,NA,0,0,NA,NA,NA,NA,NA,NA,NA,NA,NA
v3p2_physical_event,Observed,NA,none,2018,Se,ST,10,NA,0,0,NA,NA,NA,NA,NA,NA,NA,NA,NA
v3p2_physical_event,Observed,NA,none,2019,Se,CT,2,NA,0,0,NA,NA,NA,NA,NA,NA,NA,NA,NA
v3p2_physical_event,Observed,NA,none,2019,Se,MT,2,NA,0,0,NA,NA,NA,NA,NA,NA,NA,NA,NA
v3p2_physical_event,Observed,NA,none,2019,Se,ST,2,NA,0,0,NA,NA,NA,NA,NA,NA,NA,NA,NA
v3p2_physical_event,Observed,NA,none,2020,Se,CT,14,NA,0,0,NA,NA,NA,NA,NA,NA,NA,NA,NA
v3p2_physical_event,Observed,NA,none,2020,Se,MT,14,NA,0,0,NA,NA,NA,NA,NA,NA,NA,NA,NA
v3p2_physical_event,Observed,NA,none,2020,Se,ST,14,NA,0,0,NA,NA,NA,NA,NA,NA,NA,NA,NA
v3p2_physical_event,Observed,NA,none,2021,Se,CT,12,NA,0,0,NA,NA,NA,NA,NA,NA,NA,NA,NA
v3p2_physical_event,Observed,NA,none,2021,Se,MT,12,NA,0,0,NA,NA,NA,NA,NA,NA,NA,NA,NA
v3p2_physical_event,Observed,NA,none,2021,Se,ST,12,NA,0,0,NA,NA,NA,NA,NA,NA,NA,NA,NA
v3p2_physical_event,Observed,NA,none,2022,Se,CT,16,NA,0,0,NA,NA,NA,NA,NA,NA,NA,NA,NA
v3p2_physical_event,Observed,NA,none,2022,Se,MT,16,NA,0,0,NA,NA,NA,NA,NA,NA,NA,NA,NA
v3p2_physical_event,Observed,NA,none,2022,Se,ST,16,NA,0,0,NA,NA,NA,NA,NA,NA,NA,NA,NA
v3p2_physical_event,Observed,NA,none,2023,Se,CT,14,NA,0,0,NA,NA,NA,NA,NA,NA,NA,NA,NA
v3p2_physical_event,Observed,NA,none,2023,Se,MT,14,NA,0,0,NA,NA,NA,NA,NA,NA,NA,NA,NA
v3p2_physical_event,Observed,NA,none,2023,Se,ST,14,NA,0,0,NA,NA,NA,NA,NA,NA,NA,NA,NA
v3p2_physical_event,Observed,NA,none,2024,Se,CT,8,NA,0,0,NA,NA,NA,NA,NA,NA,NA,NA,NA
v3p2_physical_event,Observed,NA,none,2024,Se,MT,8,NA,0,1,189802.435,NA,NA,NA,NA,NA,NA,NA,NA
v3p2_physical_event,Observed,NA,none,2024,Se,ST,8,NA,0,1,207697.25,NA,NA,NA,NA,NA,NA,NA,NA
v3p2_physical_event,Observed,NA,none,2025,Se,CT,16,NA,0,0,NA,NA,NA,NA,NA,NA,NA,NA,NA
v3p2_physical_event,Observed,NA,none,2025,Se,MT,16,NA,0,1,395832.345,NA,NA,NA,NA,NA,NA,NA,NA
v3p2_physical_event,Observed,NA,none,2025,Se,ST,16,NA,0,1,380055.84500000003,NA,NA,NA,NA,NA,NA,NA,NA
v3p2_physical_event,Observed,NA,none,2011,TDS,CT,12,NA,0,1,95657.38,NA,NA,NA,NA,NA,NA,NA,NA
v3p2_physical_event,Observed,NA,none,2011,TDS,MT,12,NA,0,0,NA,NA,NA,NA,NA,NA,NA,NA,NA
v3p2_physical_event,Observed,NA,none,2011,TDS,ST,12,NA,0,1,145384.37,NA,NA,NA,NA,NA,NA,NA,NA
v3p2_physical_event,Observed,NA,none,2012,TDS,CT,20,NA,0,1,68231,NA,NA,NA,NA,NA,NA,NA,NA
v3p2_physical_event,Observed,NA,none,2012,TDS,MT,20,NA,0,0,NA,NA,NA,NA,NA,NA,NA,NA,NA
v3p2_physical_event,Observed,NA,none,2012,TDS,ST,20,NA,0,0,NA,NA,NA,NA,NA,NA,NA,NA,NA
v3p2_physical_event,Observed,NA,none,2013,TDS,CT,14,NA,0,0,NA,NA,NA,NA,NA,NA,NA,NA,NA
v3p2_physical_event,Observed,NA,none,2013,TDS,MT,14,NA,0,0,NA,NA,NA,NA,NA,NA,NA,NA,NA
v3p2_physical_event,Observed,NA,none,2013,TDS,ST,14,NA,0,0,NA,NA,NA,NA,NA,NA,NA,NA,NA
v3p2_physical_event,Observed,NA,none,2014,TDS,CT,10,NA,0,0,NA,NA,NA,NA,NA,NA,NA,NA,NA
v3p2_physical_event,Observed,NA,none,2014,TDS,MT,10,NA,0,0,NA,NA,NA,NA,NA,NA,NA,NA,NA
v3p2_physical_event,Observed,NA,none,2014,TDS,ST,10,NA,0,0,NA,NA,NA,NA,NA,NA,NA,NA,NA
v3p2_physical_event,Observed,NA,none,2015,TDS,CT,12,NA,0,2,132370.93,102982.3,161759.56,NA,NA,NA,NA,NA,NA
v3p2_physical_event,Observed,NA,none,2015,TDS,MT,12,NA,0,2,65599.245,44151.04,87047.45,NA,NA,NA,NA,NA,NA
v3p2_physical_event,Observed,NA,none,2015,TDS,ST,12,NA,0,2,57594.08499999999,42705.409999999996,72482.76,NA,NA,NA,NA,NA,NA
v3p2_physical_event,Observed,NA,none,2016,TDS,CT,4,NA,0,2,76612.94499999999,63901.02,89324.87,NA,NA,NA,NA,NA,NA
v3p2_physical_event,Observed,NA,none,2016,TDS,MT,4,NA,0,2,10320.75,7762.280000000001,12879.22,NA,NA,NA,NA,NA,NA
v3p2_physical_event,Observed,NA,none,2016,TDS,ST,4,NA,0,2,39099.81,27131.64,51067.979999999996,NA,NA,NA,NA,NA,NA
v3p2_physical_event,Observed,NA,none,2017,TDS,CT,12,NA,0,2,297527.5,198114.47,396940.53,NA,NA,NA,NA,NA,NA
v3p2_physical_event,Observed,NA,none,2017,TDS,MT,12,NA,0,2,96214.715,94280.58,98148.85,NA,NA,NA,NA,NA,NA
v3p2_physical_event,Observed,NA,none,2017,TDS,ST,12,NA,0,2,77348.38500000001,32861.4,121835.37000000001,NA,NA,NA,NA,NA,NA
v3p2_physical_event,Observed,NA,none,2018,TDS,CT,10,NA,0,0,NA,NA,NA,NA,NA,NA,NA,NA,NA
v3p2_physical_event,Observed,NA,none,2018,TDS,MT,10,NA,0,0,NA,NA,NA,NA,NA,NA,NA,NA,NA
v3p2_physical_event,Observed,NA,none,2018,TDS,ST,10,NA,0,0,NA,NA,NA,NA,NA,NA,NA,NA,NA
v3p2_physical_event,Observed,NA,none,2019,TDS,CT,2,NA,0,0,NA,NA,NA,NA,NA,NA,NA,NA,NA
v3p2_physical_event,Observed,NA,none,2019,TDS,MT,2,NA,0,0,NA,NA,NA,NA,NA,NA,NA,NA,NA
v3p2_physical_event,Observed,NA,none,2019,TDS,ST,2,NA,0,0,NA,NA,NA,NA,NA,NA,NA,NA,NA
v3p2_physical_event,Observed,NA,none,2020,TDS,CT,14,NA,0,0,NA,NA,NA,NA,NA,NA,NA,NA,NA
v3p2_physical_event,Observed,NA,none,2020,TDS,MT,14,NA,0,0,NA,NA,NA,NA,NA,NA,NA,NA,NA
v3p2_physical_event,Observed,NA,none,2020,TDS,ST,14,NA,0,0,NA,NA,NA,NA,NA,NA,NA,NA,NA
v3p2_physical_event,Observed,NA,none,2021,TDS,CT,12,NA,0,0,NA,NA,NA,NA,NA,NA,NA,NA,NA
v3p2_physical_event,Observed,NA,none,2021,TDS,MT,12,NA,0,0,NA,NA,NA,NA,NA,NA,NA,NA,NA
v3p2_physical_event,Observed,NA,none,2021,TDS,ST,12,NA,0,0,NA,NA,NA,NA,NA,NA,NA,NA,NA
v3p2_physical_event,Observed,NA,none,2022,TDS,CT,16,NA,0,0,NA,NA,NA,NA,NA,NA,NA,NA,NA
v3p2_physical_event,Observed,NA,none,2022,TDS,MT,16,NA,0,0,NA,NA,NA,NA,NA,NA,NA,NA,NA
v3p2_physical_event,Observed,NA,none,2022,TDS,ST,16,NA,0,0,NA,NA,NA,NA,NA,NA,NA,NA,NA
v3p2_physical_event,Observed,NA,none,2023,TDS,CT,14,NA,0,0,NA,NA,NA,NA,NA,NA,NA,NA,NA
v3p2_physical_event,Observed,NA,none,2023,TDS,MT,14,NA,0,0,NA,NA,NA,NA,NA,NA,NA,NA,NA
v3p2_physical_event,Observed,NA,none,2023,TDS,ST,14,NA,0,0,NA,NA,NA,NA,NA,NA,NA,NA,NA
v3p2_physical_event,Observed,NA,none,2024,TDS,CT,8,NA,0,0,NA,NA,NA,NA,NA,NA,NA,NA,NA
v3p2_physical_event,Observed,NA,none,2024,TDS,MT,8,NA,1,1,189802.435,NA,NA,1128.368323488579,NA,NA,214167.055375,NA,NA
v3p2_physical_event,Observed,NA,none,2024,TDS,ST,8,NA,1,1,207697.25,NA,NA,1134.3203258589124,NA,NA,235595.2123,NA,NA
v3p2_physical_event,Observed,NA,none,2025,TDS,CT,16,NA,0,0,NA,NA,NA,NA,NA,NA,NA,NA,NA
v3p2_physical_event,Observed,NA,none,2025,TDS,MT,16,NA,0,1,395832.345,NA,NA,NA,NA,NA,NA,NA,NA
v3p2_physical_event,Observed,NA,none,2025,TDS,ST,16,NA,0,1,380055.84500000003,NA,NA,NA,NA,NA,NA,NA,NA
v3p2_physical_event,Observed,NA,none,2011,TKN,CT,12,NA,0,1,95657.38,NA,NA,NA,NA,NA,NA,NA,NA
v3p2_physical_event,Observed,NA,none,2011,TKN,MT,12,NA,0,0,NA,NA,NA,NA,NA,NA,NA,NA,NA
v3p2_physical_event,Observed,NA,none,2011,TKN,ST,12,NA,0,1,145384.37,NA,NA,NA,NA,NA,NA,NA,NA
v3p2_physical_event,Observed,NA,none,2012,TKN,CT,20,NA,0,1,68231,NA,NA,NA,NA,NA,NA,NA,NA
v3p2_physical_event,Observed,NA,none,2012,TKN,MT,20,NA,0,0,NA,NA,NA,NA,NA,NA,NA,NA,NA
v3p2_physical_event,Observed,NA,none,2012,TKN,ST,20,NA,0,0,NA,NA,NA,NA,NA,NA,NA,NA,NA
v3p2_physical_event,Observed,NA,none,2013,TKN,CT,14,NA,0,0,NA,NA,NA,NA,NA,NA,NA,NA,NA
v3p2_physical_event,Observed,NA,none,2013,TKN,MT,14,NA,0,0,NA,NA,NA,NA,NA,NA,NA,NA,NA
v3p2_physical_event,Observed,NA,none,2013,TKN,ST,14,NA,0,0,NA,NA,NA,NA,NA,NA,NA,NA,NA
v3p2_physical_event,Observed,NA,none,2014,TKN,CT,10,NA,0,0,NA,NA,NA,NA,NA,NA,NA,NA,NA
v3p2_physical_event,Observed,NA,none,2014,TKN,MT,10,NA,0,0,NA,NA,NA,NA,NA,NA,NA,NA,NA
v3p2_physical_event,Observed,NA,none,2014,TKN,ST,10,NA,0,0,NA,NA,NA,NA,NA,NA,NA,NA,NA
v3p2_physical_event,Observed,NA,descriptive replicate minimum-to-maximum range,2015,TKN,CT,12,NA,2,2,132370.93,102982.3,161759.56,1.1940987567663082,NA,NA,158.06396294500001,115.21109353,200.91683236
v3p2_physical_event,Observed,NA,descriptive replicate minimum-to-maximum range,2015,TKN,MT,12,NA,2,2,65599.245,44151.04,87047.45,0.5057993229952571,NA,NA,33.18005371,19.47161022,46.8884972
v3p2_physical_event,Observed,NA,descriptive replicate minimum-to-maximum range,2015,TKN,ST,12,NA,2,2,57594.08499999999,42705.409999999996,72482.76,0.413840700047583,NA,NA,23.834776454999997,22.446409369999998,25.22314354
v3p2_physical_event,Observed,NA,descriptive replicate minimum-to-maximum range,2016,TKN,CT,4,NA,2,2,76612.94499999999,63901.02,89324.87,0.11140451313417074,NA,NA,8.5350278375,2.53782454,14.532231135
v3p2_physical_event,Observed,NA,descriptive replicate minimum-to-maximum range,2016,TKN,MT,4,NA,2,2,10320.75,7762.280000000001,12879.22,0.11412431582007122,NA,NA,1.1778485325,0.665889215,1.68980785
v3p2_physical_event,Observed,NA,descriptive replicate minimum-to-maximum range,2016,TKN,ST,4,NA,2,2,39099.81,27131.64,51067.979999999996,0.10735634476228914,NA,NA,4.1976126825,3.4533429750000004,4.94188239
v3p2_physical_event,Observed,NA,descriptive replicate minimum-to-maximum range,2017,TKN,CT,12,NA,2,2,297527.5,198114.47,396940.53,4.749296175983733,NA,NA,1413.0462180000002,398.94164950000004,2427.1507865000003
v3p2_physical_event,Observed,NA,descriptive replicate minimum-to-maximum range,2017,TKN,MT,12,NA,2,2,96214.715,94280.58,98148.85,1.6996410517871408,NA,NA,163.5304794,138.409708,188.6512508
v3p2_physical_event,Observed,NA,none,2017,TKN,ST,12,NA,1,2,77348.38500000001,32861.4,121835.37000000001,0.9138673664614975,NA,NA,70.68616490000001,NA,NA
v3p2_physical_event,Observed,NA,none,2018,TKN,CT,10,NA,0,0,NA,NA,NA,NA,NA,NA,NA,NA,NA
v3p2_physical_event,Observed,NA,none,2018,TKN,MT,10,NA,0,0,NA,NA,NA,NA,NA,NA,NA,NA,NA
v3p2_physical_event,Observed,NA,none,2018,TKN,ST,10,NA,0,0,NA,NA,NA,NA,NA,NA,NA,NA,NA
v3p2_physical_event,Observed,NA,none,2019,TKN,CT,2,NA,0,0,NA,NA,NA,NA,NA,NA,NA,NA,NA
v3p2_physical_event,Observed,NA,none,2019,TKN,MT,2,NA,0,0,NA,NA,NA,NA,NA,NA,NA,NA,NA
v3p2_physical_event,Observed,NA,none,2019,TKN,ST,2,NA,0,0,NA,NA,NA,NA,NA,NA,NA,NA,NA
v3p2_physical_event,Observed,NA,none,2020,TKN,CT,14,NA,0,0,NA,NA,NA,NA,NA,NA,NA,NA,NA
v3p2_physical_event,Observed,NA,none,2020,TKN,MT,14,NA,0,0,NA,NA,NA,NA,NA,NA,NA,NA,NA
v3p2_physical_event,Observed,NA,none,2020,TKN,ST,14,NA,0,0,NA,NA,NA,NA,NA,NA,NA,NA,NA
v3p2_physical_event,Observed,NA,none,2021,TKN,CT,12,NA,0,0,NA,NA,NA,NA,NA,NA,NA,NA,NA
v3p2_physical_event,Observed,NA,none,2021,TKN,MT,12,NA,0,0,NA,NA,NA,NA,NA,NA,NA,NA,NA
v3p2_physical_event,Observed,NA,none,2021,TKN,ST,12,NA,0,0,NA,NA,NA,NA,NA,NA,NA,NA,NA
v3p2_physical_event,Observed,NA,none,2022,TKN,CT,16,NA,0,0,NA,NA,NA,NA,NA,NA,NA,NA,NA
v3p2_physical_event,Observed,NA,none,2022,TKN,MT,16,NA,0,0,NA,NA,NA,NA,NA,NA,NA,NA,NA
v3p2_physical_event,Observed,NA,none,2022,TKN,ST,16,NA,0,0,NA,NA,NA,NA,NA,NA,NA,NA,NA
v3p2_physical_event,Observed,NA,none,2023,TKN,CT,14,NA,0,0,NA,NA,NA,NA,NA,NA,NA,NA,NA
v3p2_physical_event,Observed,NA,none,2023,TKN,MT,14,NA,0,0,NA,NA,NA,NA,NA,NA,NA,NA,NA
v3p2_physical_event,Observed,NA,none,2023,TKN,ST,14,NA,0,0,NA,NA,NA,NA,NA,NA,NA,NA,NA
v3p2_physical_event,Observed,NA,none,2024,TKN,CT,8,NA,0,0,NA,NA,NA,NA,NA,NA,NA,NA,NA
v3p2_physical_event,Observed,NA,none,2024,TKN,MT,8,NA,1,1,189802.435,NA,NA,1.2558341830546065,NA,NA,238.36038590000004,NA,NA
v3p2_physical_event,Observed,NA,none,2024,TKN,ST,8,NA,1,1,207697.25,NA,NA,1.4074598303540367,NA,NA,292.32553624999997,NA,NA
v3p2_physical_event,Observed,NA,none,2025,TKN,CT,16,NA,0,0,NA,NA,NA,NA,NA,NA,NA,NA,NA
v3p2_physical_event,Observed,NA,none,2025,TKN,MT,16,NA,0,1,395832.345,NA,NA,NA,NA,NA,NA,NA,NA
v3p2_physical_event,Observed,NA,none,2025,TKN,ST,16,NA,0,1,380055.84500000003,NA,NA,NA,NA,NA,NA,NA,NA
v3p2_physical_event,Observed,NA,none,2011,TN,CT,12,NA,0,1,95657.38,NA,NA,NA,NA,NA,NA,NA,NA
v3p2_physical_event,Observed,NA,none,2011,TN,MT,12,NA,0,0,NA,NA,NA,NA,NA,NA,NA,NA,NA
v3p2_physical_event,Observed,NA,none,2011,TN,ST,12,NA,0,1,145384.37,NA,NA,NA,NA,NA,NA,NA,NA
v3p2_physical_event,Observed,NA,none,2012,TN,CT,20,NA,0,1,68231,NA,NA,NA,NA,NA,NA,NA,NA
v3p2_physical_event,Observed,NA,none,2012,TN,MT,20,NA,0,0,NA,NA,NA,NA,NA,NA,NA,NA,NA
v3p2_physical_event,Observed,NA,none,2012,TN,ST,20,NA,0,0,NA,NA,NA,NA,NA,NA,NA,NA,NA
v3p2_physical_event,Observed,NA,none,2013,TN,CT,14,NA,0,0,NA,NA,NA,NA,NA,NA,NA,NA,NA
v3p2_physical_event,Observed,NA,none,2013,TN,MT,14,NA,0,0,NA,NA,NA,NA,NA,NA,NA,NA,NA
v3p2_physical_event,Observed,NA,none,2013,TN,ST,14,NA,0,0,NA,NA,NA,NA,NA,NA,NA,NA,NA
v3p2_physical_event,Observed,NA,none,2014,TN,CT,10,NA,0,0,NA,NA,NA,NA,NA,NA,NA,NA,NA
v3p2_physical_event,Observed,NA,none,2014,TN,MT,10,NA,0,0,NA,NA,NA,NA,NA,NA,NA,NA,NA
v3p2_physical_event,Observed,NA,none,2014,TN,ST,10,NA,0,0,NA,NA,NA,NA,NA,NA,NA,NA,NA
v3p2_physical_event,Observed,NA,none,2015,TN,CT,12,NA,0,2,132370.93,102982.3,161759.56,NA,NA,NA,NA,NA,NA
v3p2_physical_event,Observed,NA,none,2015,TN,MT,12,NA,0,2,65599.245,44151.04,87047.45,NA,NA,NA,NA,NA,NA
v3p2_physical_event,Observed,NA,none,2015,TN,ST,12,NA,0,2,57594.08499999999,42705.409999999996,72482.76,NA,NA,NA,NA,NA,NA
v3p2_physical_event,Observed,NA,descriptive replicate minimum-to-maximum range,2016,TN,CT,4,NA,2,2,76612.94499999999,63901.02,89324.87,4.713094542149503,NA,NA,361.0840529375,300.18142420000004,421.986681675
v3p2_physical_event,Observed,NA,descriptive replicate minimum-to-maximum range,2016,TN,MT,4,NA,2,2,10320.75,7762.280000000001,12879.22,4.778648047864738,NA,NA,49.31923184,36.86791635,61.77054733
v3p2_physical_event,Observed,NA,descriptive replicate minimum-to-maximum range,2016,TN,ST,4,NA,2,2,39099.81,27131.64,51067.979999999996,4.812834059679574,NA,NA,188.18089729499997,131.49525291,244.86654167999995
v3p2_physical_event,Observed,NA,none,2017,TN,CT,12,NA,0,2,297527.5,198114.47,396940.53,NA,NA,NA,NA,NA,NA
v3p2_physical_event,Observed,NA,none,2017,TN,MT,12,NA,0,2,96214.715,94280.58,98148.85,NA,NA,NA,NA,NA,NA
v3p2_physical_event,Observed,NA,none,2017,TN,ST,12,NA,0,2,77348.38500000001,32861.4,121835.37000000001,NA,NA,NA,NA,NA,NA
v3p2_physical_event,Observed,NA,none,2018,TN,CT,10,NA,0,0,NA,NA,NA,NA,NA,NA,NA,NA,NA
v3p2_physical_event,Observed,NA,none,2018,TN,MT,10,NA,0,0,NA,NA,NA,NA,NA,NA,NA,NA,NA
v3p2_physical_event,Observed,NA,none,2018,TN,ST,10,NA,0,0,NA,NA,NA,NA,NA,NA,NA,NA,NA
v3p2_physical_event,Observed,NA,none,2019,TN,CT,2,NA,0,0,NA,NA,NA,NA,NA,NA,NA,NA,NA
v3p2_physical_event,Observed,NA,none,2019,TN,MT,2,NA,0,0,NA,NA,NA,NA,NA,NA,NA,NA,NA
v3p2_physical_event,Observed,NA,none,2019,TN,ST,2,NA,0,0,NA,NA,NA,NA,NA,NA,NA,NA,NA
v3p2_physical_event,Observed,NA,none,2020,TN,CT,14,NA,0,0,NA,NA,NA,NA,NA,NA,NA,NA,NA
v3p2_physical_event,Observed,NA,none,2020,TN,MT,14,NA,0,0,NA,NA,NA,NA,NA,NA,NA,NA,NA
v3p2_physical_event,Observed,NA,none,2020,TN,ST,14,NA,0,0,NA,NA,NA,NA,NA,NA,NA,NA,NA
v3p2_physical_event,Observed,NA,none,2021,TN,CT,12,NA,0,0,NA,NA,NA,NA,NA,NA,NA,NA,NA
v3p2_physical_event,Observed,NA,none,2021,TN,MT,12,NA,0,0,NA,NA,NA,NA,NA,NA,NA,NA,NA
v3p2_physical_event,Observed,NA,none,2021,TN,ST,12,NA,0,0,NA,NA,NA,NA,NA,NA,NA,NA,NA
v3p2_physical_event,Observed,NA,none,2022,TN,CT,16,NA,0,0,NA,NA,NA,NA,NA,NA,NA,NA,NA
v3p2_physical_event,Observed,NA,none,2022,TN,MT,16,NA,0,0,NA,NA,NA,NA,NA,NA,NA,NA,NA
v3p2_physical_event,Observed,NA,none,2022,TN,ST,16,NA,0,0,NA,NA,NA,NA,NA,NA,NA,NA,NA
v3p2_physical_event,Observed,NA,none,2023,TN,CT,14,NA,0,0,NA,NA,NA,NA,NA,NA,NA,NA,NA
v3p2_physical_event,Observed,NA,none,2023,TN,MT,14,NA,0,0,NA,NA,NA,NA,NA,NA,NA,NA,NA
v3p2_physical_event,Observed,NA,none,2023,TN,ST,14,NA,0,0,NA,NA,NA,NA,NA,NA,NA,NA,NA
v3p2_physical_event,Observed,NA,none,2024,TN,CT,8,NA,0,0,NA,NA,NA,NA,NA,NA,NA,NA,NA
v3p2_physical_event,Observed,NA,none,2024,TN,MT,8,NA,0,1,189802.435,NA,NA,NA,NA,NA,NA,NA,NA
v3p2_physical_event,Observed,NA,none,2024,TN,ST,8,NA,0,1,207697.25,NA,NA,NA,NA,NA,NA,NA,NA
v3p2_physical_event,Observed,NA,none,2025,TN,CT,16,NA,0,0,NA,NA,NA,NA,NA,NA,NA,NA,NA
v3p2_physical_event,Observed,NA,none,2025,TN,MT,16,NA,0,1,395832.345,NA,NA,NA,NA,NA,NA,NA,NA
v3p2_physical_event,Observed,NA,none,2025,TN,ST,16,NA,0,1,380055.84500000003,NA,NA,NA,NA,NA,NA,NA,NA
v3p2_physical_event,Observed,NA,none,2011,TP,CT,12,NA,0,1,95657.38,NA,NA,NA,NA,NA,NA,NA,NA
v3p2_physical_event,Observed,NA,none,2011,TP,MT,12,NA,0,0,NA,NA,NA,NA,NA,NA,NA,NA,NA
v3p2_physical_event,Observed,NA,none,2011,TP,ST,12,NA,0,1,145384.37,NA,NA,NA,NA,NA,NA,NA,NA
v3p2_physical_event,Observed,NA,none,2012,TP,CT,20,NA,0,1,68231,NA,NA,NA,NA,NA,NA,NA,NA
v3p2_physical_event,Observed,NA,none,2012,TP,MT,20,NA,0,0,NA,NA,NA,NA,NA,NA,NA,NA,NA
v3p2_physical_event,Observed,NA,none,2012,TP,ST,20,NA,0,0,NA,NA,NA,NA,NA,NA,NA,NA,NA
v3p2_physical_event,Observed,NA,none,2013,TP,CT,14,NA,0,0,NA,NA,NA,NA,NA,NA,NA,NA,NA
v3p2_physical_event,Observed,NA,none,2013,TP,MT,14,NA,0,0,NA,NA,NA,NA,NA,NA,NA,NA,NA
v3p2_physical_event,Observed,NA,none,2013,TP,ST,14,NA,0,0,NA,NA,NA,NA,NA,NA,NA,NA,NA
v3p2_physical_event,Observed,NA,none,2014,TP,CT,10,NA,0,0,NA,NA,NA,NA,NA,NA,NA,NA,NA
v3p2_physical_event,Observed,NA,none,2014,TP,MT,10,NA,0,0,NA,NA,NA,NA,NA,NA,NA,NA,NA
v3p2_physical_event,Observed,NA,none,2014,TP,ST,10,NA,0,0,NA,NA,NA,NA,NA,NA,NA,NA,NA
v3p2_physical_event,Observed,NA,descriptive replicate minimum-to-maximum range,2015,TP,CT,12,NA,2,2,132370.93,102982.3,161759.56,1.2903990960099774,NA,NA,170.81132841,114.67546164000001,226.94719518
v3p2_physical_event,Observed,NA,descriptive replicate minimum-to-maximum range,2015,TP,MT,12,NA,2,2,65599.245,44151.04,87047.45,0.37020033629960225,NA,NA,24.28486256,21.09147685,27.478248269999998
v3p2_physical_event,Observed,NA,descriptive replicate minimum-to-maximum range,2015,TP,ST,12,NA,2,2,57594.08499999999,42705.409999999996,72482.76,0.24093218878292802,NA,NA,13.87626896,11.2683874,16.48415052
v3p2_physical_event,Observed,NA,descriptive replicate minimum-to-maximum range,2016,TP,CT,4,NA,2,2,76612.94499999999,63901.02,89324.87,0.014710120332797548,NA,NA,1.12698564,0.86261824,1.3913530399999998
v3p2_physical_event,Observed,NA,descriptive replicate minimum-to-maximum range,2016,TP,MT,4,NA,2,2,10320.75,7762.280000000001,12879.22,0.055642256618947276,NA,NA,0.57426982,0.1425976,1.00594204
v3p2_physical_event,Observed,NA,descriptive replicate minimum-to-maximum range,2016,TP,ST,4,NA,2,2,39099.81,27131.64,51067.979999999996,0.009599148371820734,NA,NA,0.3753248775,0.243880635,0.50676912
v3p2_physical_event,Observed,NA,descriptive replicate minimum-to-maximum range,2017,TP,CT,12,NA,2,2,297527.5,198114.47,396940.53,0.28826119299896646,NA,NA,85.76563209999999,44.806262249999996,126.72500194999999
v3p2_physical_event,Observed,NA,descriptive replicate minimum-to-maximum range,2017,TP,MT,12,NA,2,2,96214.715,94280.58,98148.85,0.2174762373406189,NA,NA,20.924414195000004,17.759061040000002,24.089767350000002
v3p2_physical_event,Observed,NA,none,2017,TP,ST,12,NA,1,2,77348.38500000001,32861.4,121835.37000000001,0.3099698442313954,NA,NA,23.97566685,NA,NA
v3p2_physical_event,Observed,NA,none,2018,TP,CT,10,NA,0,0,NA,NA,NA,NA,NA,NA,NA,NA,NA
v3p2_physical_event,Observed,NA,none,2018,TP,MT,10,NA,0,0,NA,NA,NA,NA,NA,NA,NA,NA,NA
v3p2_physical_event,Observed,NA,none,2018,TP,ST,10,NA,0,0,NA,NA,NA,NA,NA,NA,NA,NA,NA
v3p2_physical_event,Observed,NA,none,2019,TP,CT,2,NA,0,0,NA,NA,NA,NA,NA,NA,NA,NA,NA
v3p2_physical_event,Observed,NA,none,2019,TP,MT,2,NA,0,0,NA,NA,NA,NA,NA,NA,NA,NA,NA
v3p2_physical_event,Observed,NA,none,2019,TP,ST,2,NA,0,0,NA,NA,NA,NA,NA,NA,NA,NA,NA
v3p2_physical_event,Observed,NA,none,2020,TP,CT,14,NA,0,0,NA,NA,NA,NA,NA,NA,NA,NA,NA
v3p2_physical_event,Observed,NA,none,2020,TP,MT,14,NA,0,0,NA,NA,NA,NA,NA,NA,NA,NA,NA
v3p2_physical_event,Observed,NA,none,2020,TP,ST,14,NA,0,0,NA,NA,NA,NA,NA,NA,NA,NA,NA
v3p2_physical_event,Observed,NA,none,2021,TP,CT,12,NA,0,0,NA,NA,NA,NA,NA,NA,NA,NA,NA
v3p2_physical_event,Observed,NA,none,2021,TP,MT,12,NA,0,0,NA,NA,NA,NA,NA,NA,NA,NA,NA
v3p2_physical_event,Observed,NA,none,2021,TP,ST,12,NA,0,0,NA,NA,NA,NA,NA,NA,NA,NA,NA
v3p2_physical_event,Observed,NA,none,2022,TP,CT,16,NA,0,0,NA,NA,NA,NA,NA,NA,NA,NA,NA
v3p2_physical_event,Observed,NA,none,2022,TP,MT,16,NA,0,0,NA,NA,NA,NA,NA,NA,NA,NA,NA
v3p2_physical_event,Observed,NA,none,2022,TP,ST,16,NA,0,0,NA,NA,NA,NA,NA,NA,NA,NA,NA
v3p2_physical_event,Observed,NA,none,2023,TP,CT,14,NA,0,0,NA,NA,NA,NA,NA,NA,NA,NA,NA
v3p2_physical_event,Observed,NA,none,2023,TP,MT,14,NA,0,0,NA,NA,NA,NA,NA,NA,NA,NA,NA
v3p2_physical_event,Observed,NA,none,2023,TP,ST,14,NA,0,0,NA,NA,NA,NA,NA,NA,NA,NA,NA
v3p2_physical_event,Observed,NA,none,2024,TP,CT,8,NA,0,0,NA,NA,NA,NA,NA,NA,NA,NA,NA
v3p2_physical_event,Observed,NA,none,2024,TP,MT,8,NA,1,1,189802.435,NA,NA,0.6957632790775313,NA,NA,132.0575645525,NA,NA
v3p2_physical_event,Observed,NA,none,2024,TP,ST,8,NA,1,1,207697.25,NA,NA,0.8268789048001358,NA,NA,171.74047461,NA,NA
v3p2_physical_event,Observed,NA,none,2025,TP,CT,16,NA,0,0,NA,NA,NA,NA,NA,NA,NA,NA,NA
v3p2_physical_event,Observed,NA,none,2025,TP,MT,16,NA,0,1,395832.345,NA,NA,NA,NA,NA,NA,NA,NA
v3p2_physical_event,Observed,NA,none,2025,TP,ST,16,NA,0,1,380055.84500000003,NA,NA,NA,NA,NA,NA,NA,NA
v3p2_physical_event,Observed,NA,none,2011,TSP,CT,12,NA,0,1,95657.38,NA,NA,NA,NA,NA,NA,NA,NA
v3p2_physical_event,Observed,NA,none,2011,TSP,MT,12,NA,0,0,NA,NA,NA,NA,NA,NA,NA,NA,NA
v3p2_physical_event,Observed,NA,none,2011,TSP,ST,12,NA,0,1,145384.37,NA,NA,NA,NA,NA,NA,NA,NA
v3p2_physical_event,Observed,NA,none,2012,TSP,CT,20,NA,0,1,68231,NA,NA,NA,NA,NA,NA,NA,NA
v3p2_physical_event,Observed,NA,none,2012,TSP,MT,20,NA,0,0,NA,NA,NA,NA,NA,NA,NA,NA,NA
v3p2_physical_event,Observed,NA,none,2012,TSP,ST,20,NA,0,0,NA,NA,NA,NA,NA,NA,NA,NA,NA
v3p2_physical_event,Observed,NA,none,2013,TSP,CT,14,NA,0,0,NA,NA,NA,NA,NA,NA,NA,NA,NA
v3p2_physical_event,Observed,NA,none,2013,TSP,MT,14,NA,0,0,NA,NA,NA,NA,NA,NA,NA,NA,NA
v3p2_physical_event,Observed,NA,none,2013,TSP,ST,14,NA,0,0,NA,NA,NA,NA,NA,NA,NA,NA,NA
v3p2_physical_event,Observed,NA,none,2014,TSP,CT,10,NA,0,0,NA,NA,NA,NA,NA,NA,NA,NA,NA
v3p2_physical_event,Observed,NA,none,2014,TSP,MT,10,NA,0,0,NA,NA,NA,NA,NA,NA,NA,NA,NA
v3p2_physical_event,Observed,NA,none,2014,TSP,ST,10,NA,0,0,NA,NA,NA,NA,NA,NA,NA,NA,NA
v3p2_physical_event,Observed,NA,none,2015,TSP,CT,12,NA,0,2,132370.93,102982.3,161759.56,NA,NA,NA,NA,NA,NA
v3p2_physical_event,Observed,NA,none,2015,TSP,MT,12,NA,0,2,65599.245,44151.04,87047.45,NA,NA,NA,NA,NA,NA
v3p2_physical_event,Observed,NA,none,2015,TSP,ST,12,NA,0,2,57594.08499999999,42705.409999999996,72482.76,NA,NA,NA,NA,NA,NA
v3p2_physical_event,Observed,NA,descriptive replicate minimum-to-maximum range,2016,TSP,CT,4,NA,2,2,76612.94499999999,63901.02,89324.87,0.0056881694372928745,NA,NA,0.43578741224999995,0.28813103,0.5834437945
v3p2_physical_event,Observed,NA,descriptive replicate minimum-to-maximum range,2016,TSP,MT,4,NA,2,2,10320.75,7762.280000000001,12879.22,0.008304940047961633,NA,NA,0.08571321000000001,0.05254792,0.11887850000000001
v3p2_physical_event,Observed,NA,descriptive replicate minimum-to-maximum range,2016,TSP,ST,4,NA,2,2,39099.81,27131.64,51067.979999999996,0.006540862922351797,NA,NA,0.2557464975,0.167090925,0.34440207
v3p2_physical_event,Observed,NA,none,2017,TSP,CT,12,NA,0,2,297527.5,198114.47,396940.53,NA,NA,NA,NA,NA,NA
v3p2_physical_event,Observed,NA,none,2017,TSP,MT,12,NA,0,2,96214.715,94280.58,98148.85,NA,NA,NA,NA,NA,NA
v3p2_physical_event,Observed,NA,none,2017,TSP,ST,12,NA,0,2,77348.38500000001,32861.4,121835.37000000001,NA,NA,NA,NA,NA,NA
v3p2_physical_event,Observed,NA,none,2018,TSP,CT,10,NA,0,0,NA,NA,NA,NA,NA,NA,NA,NA,NA
v3p2_physical_event,Observed,NA,none,2018,TSP,MT,10,NA,0,0,NA,NA,NA,NA,NA,NA,NA,NA,NA
v3p2_physical_event,Observed,NA,none,2018,TSP,ST,10,NA,0,0,NA,NA,NA,NA,NA,NA,NA,NA,NA
v3p2_physical_event,Observed,NA,none,2019,TSP,CT,2,NA,0,0,NA,NA,NA,NA,NA,NA,NA,NA,NA
v3p2_physical_event,Observed,NA,none,2019,TSP,MT,2,NA,0,0,NA,NA,NA,NA,NA,NA,NA,NA,NA
v3p2_physical_event,Observed,NA,none,2019,TSP,ST,2,NA,0,0,NA,NA,NA,NA,NA,NA,NA,NA,NA
v3p2_physical_event,Observed,NA,none,2020,TSP,CT,14,NA,0,0,NA,NA,NA,NA,NA,NA,NA,NA,NA
v3p2_physical_event,Observed,NA,none,2020,TSP,MT,14,NA,0,0,NA,NA,NA,NA,NA,NA,NA,NA,NA
v3p2_physical_event,Observed,NA,none,2020,TSP,ST,14,NA,0,0,NA,NA,NA,NA,NA,NA,NA,NA,NA
v3p2_physical_event,Observed,NA,none,2021,TSP,CT,12,NA,0,0,NA,NA,NA,NA,NA,NA,NA,NA,NA
v3p2_physical_event,Observed,NA,none,2021,TSP,MT,12,NA,0,0,NA,NA,NA,NA,NA,NA,NA,NA,NA
v3p2_physical_event,Observed,NA,none,2021,TSP,ST,12,NA,0,0,NA,NA,NA,NA,NA,NA,NA,NA,NA
v3p2_physical_event,Observed,NA,none,2022,TSP,CT,16,NA,0,0,NA,NA,NA,NA,NA,NA,NA,NA,NA
v3p2_physical_event,Observed,NA,none,2022,TSP,MT,16,NA,0,0,NA,NA,NA,NA,NA,NA,NA,NA,NA
v3p2_physical_event,Observed,NA,none,2022,TSP,ST,16,NA,0,0,NA,NA,NA,NA,NA,NA,NA,NA,NA
v3p2_physical_event,Observed,NA,none,2023,TSP,CT,14,NA,0,0,NA,NA,NA,NA,NA,NA,NA,NA,NA
v3p2_physical_event,Observed,NA,none,2023,TSP,MT,14,NA,0,0,NA,NA,NA,NA,NA,NA,NA,NA,NA
v3p2_physical_event,Observed,NA,none,2023,TSP,ST,14,NA,0,0,NA,NA,NA,NA,NA,NA,NA,NA,NA
v3p2_physical_event,Observed,NA,none,2024,TSP,CT,8,NA,0,0,NA,NA,NA,NA,NA,NA,NA,NA,NA
v3p2_physical_event,Observed,NA,none,2024,TSP,MT,8,NA,0,1,189802.435,NA,NA,NA,NA,NA,NA,NA,NA
v3p2_physical_event,Observed,NA,none,2024,TSP,ST,8,NA,0,1,207697.25,NA,NA,NA,NA,NA,NA,NA,NA
v3p2_physical_event,Observed,NA,none,2025,TSP,CT,16,NA,0,0,NA,NA,NA,NA,NA,NA,NA,NA,NA
v3p2_physical_event,Observed,NA,none,2025,TSP,MT,16,NA,0,1,395832.345,NA,NA,NA,NA,NA,NA,NA,NA
v3p2_physical_event,Observed,NA,none,2025,TSP,ST,16,NA,0,1,380055.84500000003,NA,NA,NA,NA,NA,NA,NA,NA
v3p2_physical_event,Observed,NA,none,2011,TSS,CT,12,NA,1,1,95657.38,NA,NA,1244.5125569101936,NA,NA,119046.81057113,NA,NA
v3p2_physical_event,Observed,NA,none,2011,TSS,MT,12,NA,0,0,NA,NA,NA,NA,NA,NA,NA,NA,NA
v3p2_physical_event,Observed,NA,none,2011,TSS,ST,12,NA,1,1,145384.37,NA,NA,463.11803752081465,NA,NA,67330.1241206,NA,NA
v3p2_physical_event,Observed,NA,none,2012,TSS,CT,20,NA,0,1,68231,NA,NA,NA,NA,NA,NA,NA,NA
v3p2_physical_event,Observed,NA,none,2012,TSS,MT,20,NA,0,0,NA,NA,NA,NA,NA,NA,NA,NA,NA
v3p2_physical_event,Observed,NA,none,2012,TSS,ST,20,NA,0,0,NA,NA,NA,NA,NA,NA,NA,NA,NA
v3p2_physical_event,Observed,NA,none,2013,TSS,CT,14,NA,0,0,NA,NA,NA,NA,NA,NA,NA,NA,NA
v3p2_physical_event,Observed,NA,none,2013,TSS,MT,14,NA,0,0,NA,NA,NA,NA,NA,NA,NA,NA,NA
v3p2_physical_event,Observed,NA,none,2013,TSS,ST,14,NA,0,0,NA,NA,NA,NA,NA,NA,NA,NA,NA
v3p2_physical_event,Observed,NA,none,2014,TSS,CT,10,NA,0,0,NA,NA,NA,NA,NA,NA,NA,NA,NA
v3p2_physical_event,Observed,NA,none,2014,TSS,MT,10,NA,0,0,NA,NA,NA,NA,NA,NA,NA,NA,NA
v3p2_physical_event,Observed,NA,none,2014,TSS,ST,10,NA,0,0,NA,NA,NA,NA,NA,NA,NA,NA,NA
v3p2_physical_event,Observed,NA,descriptive replicate minimum-to-maximum range,2015,TSS,CT,12,NA,2,2,132370.93,102982.3,161759.56,1632.1748340589772,NA,NA,216052.5007069825,153189.44595037,278915.555463595
v3p2_physical_event,Observed,NA,descriptive replicate minimum-to-maximum range,2015,TSS,MT,12,NA,2,2,65599.245,44151.04,87047.45,292.4370998923844,NA,NA,19183.65296293,16249.978598865,22117.327326995
v3p2_physical_event,Observed,NA,descriptive replicate minimum-to-maximum range,2015,TSS,ST,12,NA,2,2,57594.08499999999,42705.409999999996,72482.76,108.65839837272354,NA,NA,6258.0810318425,4494.6366563,8021.525407385
v3p2_physical_event,Observed,NA,descriptive replicate minimum-to-maximum range,2016,TSS,CT,4,NA,2,2,76612.94499999999,63901.02,89324.87,1082.8054136620776,NA,NA,82956.91160259499,42592.04417624,123321.77902894998
v3p2_physical_event,Observed,NA,descriptive replicate minimum-to-maximum range,2016,TSS,MT,4,NA,2,2,10320.75,7762.280000000001,12879.22,242.46491822663086,NA,NA,2502.4198047875,2382.6996232250003,2622.13998635
v3p2_physical_event,Observed,NA,descriptive replicate minimum-to-maximum range,2016,TSS,ST,4,NA,2,2,39099.81,27131.64,51067.979999999996,372.17753277937925,NA,NA,14552.0708179425,11785.15572459,17318.985911295
v3p2_physical_event,Observed,NA,descriptive replicate minimum-to-maximum range,2017,TSS,CT,12,NA,2,2,297527.5,198114.47,396940.53,3634.8033413390694,NA,NA,1081453.95114026,257474.11533461002,1905433.7869459102
v3p2_physical_event,Observed,NA,descriptive replicate minimum-to-maximum range,2017,TSS,MT,12,NA,2,2,96214.715,94280.58,98148.85,546.8212297937744,NA,NA,52612.24878055751,42183.373119690004,63041.12444142501
v3p2_physical_event,Observed,NA,none,2017,TSS,ST,12,NA,1,2,77348.38500000001,32861.4,121835.37000000001,1470.521458047702,NA,NA,113742.45988783501,NA,NA
v3p2_physical_event,Observed,NA,none,2018,TSS,CT,10,NA,0,0,NA,NA,NA,NA,NA,NA,NA,NA,NA
v3p2_physical_event,Observed,NA,none,2018,TSS,MT,10,NA,0,0,NA,NA,NA,NA,NA,NA,NA,NA,NA
v3p2_physical_event,Observed,NA,none,2018,TSS,ST,10,NA,0,0,NA,NA,NA,NA,NA,NA,NA,NA,NA
v3p2_physical_event,Observed,NA,none,2019,TSS,CT,2,NA,0,0,NA,NA,NA,NA,NA,NA,NA,NA,NA
v3p2_physical_event,Observed,NA,none,2019,TSS,MT,2,NA,0,0,NA,NA,NA,NA,NA,NA,NA,NA,NA
v3p2_physical_event,Observed,NA,none,2019,TSS,ST,2,NA,0,0,NA,NA,NA,NA,NA,NA,NA,NA,NA
v3p2_physical_event,Observed,NA,none,2020,TSS,CT,14,NA,0,0,NA,NA,NA,NA,NA,NA,NA,NA,NA
v3p2_physical_event,Observed,NA,none,2020,TSS,MT,14,NA,0,0,NA,NA,NA,NA,NA,NA,NA,NA,NA
v3p2_physical_event,Observed,NA,none,2020,TSS,ST,14,NA,0,0,NA,NA,NA,NA,NA,NA,NA,NA,NA
v3p2_physical_event,Observed,NA,none,2021,TSS,CT,12,NA,0,0,NA,NA,NA,NA,NA,NA,NA,NA,NA
v3p2_physical_event,Observed,NA,none,2021,TSS,MT,12,NA,0,0,NA,NA,NA,NA,NA,NA,NA,NA,NA
v3p2_physical_event,Observed,NA,none,2021,TSS,ST,12,NA,0,0,NA,NA,NA,NA,NA,NA,NA,NA,NA
v3p2_physical_event,Observed,NA,none,2022,TSS,CT,16,NA,0,0,NA,NA,NA,NA,NA,NA,NA,NA,NA
v3p2_physical_event,Observed,NA,none,2022,TSS,MT,16,NA,0,0,NA,NA,NA,NA,NA,NA,NA,NA,NA
v3p2_physical_event,Observed,NA,none,2022,TSS,ST,16,NA,0,0,NA,NA,NA,NA,NA,NA,NA,NA,NA
v3p2_physical_event,Observed,NA,none,2023,TSS,CT,14,NA,0,0,NA,NA,NA,NA,NA,NA,NA,NA,NA
v3p2_physical_event,Observed,NA,none,2023,TSS,MT,14,NA,0,0,NA,NA,NA,NA,NA,NA,NA,NA,NA
v3p2_physical_event,Observed,NA,none,2023,TSS,ST,14,NA,0,0,NA,NA,NA,NA,NA,NA,NA,NA,NA
v3p2_physical_event,Observed,NA,none,2024,TSS,CT,8,NA,0,0,NA,NA,NA,NA,NA,NA,NA,NA,NA
v3p2_physical_event,Observed,NA,none,2024,TSS,MT,8,NA,1,1,189802.435,NA,NA,1073.9579672563211,NA,NA,203839.8372729,NA,NA
v3p2_physical_event,Observed,NA,none,2024,TSS,ST,8,NA,1,1,207697.25,NA,NA,1497.7166854519498,NA,NA,311071.63684748503,NA,NA
v3p2_physical_event,Observed,NA,none,2025,TSS,CT,16,NA,0,0,NA,NA,NA,NA,NA,NA,NA,NA,NA
v3p2_physical_event,Observed,NA,none,2025,TSS,MT,16,NA,0,1,395832.345,NA,NA,NA,NA,NA,NA,NA,NA
v3p2_physical_event,Observed,NA,none,2025,TSS,ST,16,NA,0,1,380055.84500000003,NA,NA,NA,NA,NA,NA,NA,NA
