model_version,source,interval_prob,Year,analyte,treatment,n_events,n_rows,volume_mean,volume_low,volume_high,conc_mean,conc_low,conc_high,load_mean,load_low,load_high
v1p7p4,Bayes_Modeled,0.95,2011,NH4,CT,12,12,405649.15824972437,387718.78745849244,422905.3422644907,0.09208952223943596,-0.007210703785247092,0.18593124262231348,37.360205569312974,-2.9108275833753434,76.36965390828728
v1p7p4,Bayes_Modeled,0.95,2011,NH4,MT,12,12,419618.6447208219,404096.7476804587,434340.2652161842,0.09856421737494199,-0.006424925068149626,0.19989219307086467,41.36786374190054,-2.6878218647597896,84.72423898526267
v1p7p4,Bayes_Modeled,0.95,2011,NH4,ST,12,12,420443.12749503576,404032.61556670576,435991.93963968835,0.09894635558872358,-0.007120574237397479,0.20286086118387553,41.609960777787485,-2.932972838308039,85.87714681471778
v1p7p4,Bayes_Modeled,0.95,2012,NH4,CT,16,16,541074.6423254262,517289.75892404374,564003.886894135,0.0790952942953484,-0.020965717960518496,0.1758986554402842,42.811940416937034,-11.45260031292584,95.82696475267892
v1p7p4,Bayes_Modeled,0.95,2012,NH4,MT,18,18,628282.8521170468,605723.8673380705,650029.9435865328,0.08427272180545736,-0.017141459364025044,0.17827137990289832,52.96374909619922,-11.087023254737625,112.8435835563428
v1p7p4,Bayes_Modeled,0.95,2012,NH4,ST,16,16,557379.9343004702,538165.8151127505,575943.6680976944,0.08413422375728012,-0.016041269710344454,0.1794265460815005,46.90699509780307,-9.024130177807452,100.5578829555175
v1p7p4,Bayes_Modeled,0.95,2013,NH4,CT,14,14,529136.6850017627,509392.5750140158,548345.8314174614,0.10372626428832518,-0.02545700495550125,0.23182783972388263,54.89345821891796,-13.511928964524037,122.95026772107084
v1p7p4,Bayes_Modeled,0.95,2013,NH4,MT,14,14,530162.7080096733,510368.7216626853,549506.2716337579,0.10081436315920682,-0.029676549245826044,0.2319347779225885,53.46017976062036,-15.735281904942246,122.79264438184181
v1p7p4,Bayes_Modeled,0.95,2013,NH4,ST,14,14,530162.7080096733,510368.7216626853,549506.2716337577,0.10413387838302554,-0.024609801215572914,0.2329191762739844,55.2158399398659,-13.14405767562971,124.64557370146332
v1p7p4,Bayes_Modeled,0.95,2014,NH4,CT,25,25,867560.9802553564,838764.0293364234,895715.8089387768,0.1056027332766796,0.028268657254532925,0.1729448360374679,91.63861301530815,24.15535015962841,151.07403078311802
v1p7p4,Bayes_Modeled,0.95,2014,NH4,MT,8,8,279749.4275151,269401.03072230326,289564.15442490246,0.10043809852631262,0.020941776103529368,0.1723902057846499,28.107087724238383,5.810634519277389,48.90305780452847
v1p7p4,Bayes_Modeled,0.95,2014,NH4,ST,24,24,839248.2825452999,808203.0921669097,868692.4632747073,0.10755448082785694,0.026084495518120168,0.17833005791171863,90.29025956280397,21.727466342380186,152.20511621407363
v1p7p4,Bayes_Modeled,0.95,2015,NH4,CT,22,22,736818.9542898783,707063.643104223,765332.910352341,0.09567789590474464,0.06625644724639568,0.12535095855138476,70.49793849191947,48.691491866224666,93.4594896909878
v1p7p4,Bayes_Modeled,0.95,2015,NH4,MT,22,22,662751.6129143982,643581.2454158489,681089.3802391224,0.09336702673503801,0.06865066487022856,0.11652558869167796,61.880859754765,45.542925002474206,77.50801441896274
v1p7p4,Bayes_Modeled,0.95,2015,NH4,ST,22,22,637927.0399787229,617875.5981586806,657320.7949576838,0.09553395699168048,0.06989663237762997,0.12151335306868001,60.94470700933297,44.600066684222654,77.72765073558776
v1p7p4,Bayes_Modeled,0.95,2016,NH4,CT,8,8,187715.76369038003,166015.52264682698,209006.4502233719,0.1312376908053615,0.10040973423612783,0.16441325229768244,24.64077284702315,18.30212593490804,32.03514326614081
v1p7p4,Bayes_Modeled,0.95,2016,NH4,MT,8,8,161035.9461907516,139115.39204391837,182355.89568654395,0.12476555717360313,0.0937088084625782,0.15606351674387203,20.09580877693321,14.61271751230393,26.27433605524967
v1p7p4,Bayes_Modeled,0.95,2016,NH4,ST,8,8,159442.9188133929,137552.6678716954,180818.12598255638,0.12778432823974462,0.09744103472506771,0.1587590646188073,20.380941855781973,14.803812385714888,26.594290588055628
v1p7p4,Bayes_Modeled,0.95,2017,NH4,CT,30,30,1103224.3126292403,1057789.6717316764,1148548.3631170958,0.11073546978543428,3.122072796958098e-5,0.21288074924889494,122.20789439280367,0.031401827822609474,237.6245184059128
v1p7p4,Bayes_Modeled,0.95,2017,NH4,MT,24,24,738030.6066739655,712498.0061983637,762678.6983188847,0.10572577451375631,-0.00606079362617043,0.20448429033677282,78.01560023743491,-4.455520915673479,150.92010886658736
v1p7p4,Bayes_Modeled,0.95,2017,NH4,ST,29,29,864783.2483551763,831724.6870982484,896437.3713042366,0.10829974373005546,-0.005515275082745921,0.20991992003198717,93.63558287851397,-4.858903975165691,182.91869970965567
v1p7p4,Bayes_Modeled,0.95,2018,NH4,CT,10,10,404392.2445026808,240112.56998569716,550009.6691093738,0.11663525389371275,0.0022778614702266874,0.21975391763293073,47.71412136095037,0.8221885078606093,103.5924697427234
v1p7p4,Bayes_Modeled,0.95,2018,NH4,MT,10,10,389782.62877167034,226611.8549248423,535346.0860535142,0.11547846282954903,-0.0023685812299039577,0.21714759118652682,45.464553906812846,-0.9860908896012139,97.89099168053215
v1p7p4,Bayes_Modeled,0.95,2018,NH4,ST,10,10,387940.20949531614,224559.25256600612,533534.902908766,0.11858211685308483,0.004034644154896264,0.21840989700743924,46.487780076087176,1.2241649763489995,99.5083881014564
v1p7p4,Bayes_Modeled,0.95,2019,NH4,CT,2,2,99833.36023354936,96421.22056570109,103166.5059842678,0.14407044733095492,0.025854747787861013,0.2697357484373393,14.381998032912616,2.5600716050984653,26.922263484803985
v1p7p4,Bayes_Modeled,0.95,2019,NH4,MT,2,2,99833.36023354936,96421.22056570109,103166.5059842678,0.1407509321071362,0.01904698765582785,0.26423458476997774,14.05103655941136,1.9293417869379885,26.897900949417785
v1p7p4,Bayes_Modeled,0.95,2019,NH4,ST,2,2,99833.36023354936,96421.22056570109,103166.5059842678,0.14407044733095492,0.025854747787861013,0.2697357484373393,14.381998032912616,2.5600716050984653,26.922263484803985
v1p7p4,Bayes_Modeled,0.95,2020,NH4,CT,20,20,700395.0113358038,673438.4846170978,725857.6506335139,0.09988205119500489,0.028978701398057274,0.1686821474742945,69.96273723304502,19.733110063119454,118.07173290529501
v1p7p4,Bayes_Modeled,0.95,2020,NH4,MT,20,20,563280.6972546937,545234.2553285726,580956.0729125333,0.08877873576951742,0.020589843067686124,0.15503124286735712,50.00153656038646,11.401872457553287,87.30589416341249
v1p7p4,Bayes_Modeled,0.95,2020,NH4,ST,20,20,568257.7884632539,549404.076061919,586701.0835346084,0.09274614976582707,0.024165777031067814,0.15943008662235925,52.696654432404856,13.772508039435653,90.71256038336486
v1p7p4,Bayes_Modeled,0.95,2021,NH4,CT,31,31,1032858.6477659189,987675.5002117107,1076424.9734392534,0.08878516249487933,0.0018337181236034237,0.16938526882092414,91.69616953736377,1.9395127662512281,176.80485355497945
v1p7p4,Bayes_Modeled,0.95,2021,NH4,MT,31,31,770084.7771049154,733487.4129041471,807240.5015330799,0.07979582889244352,-0.030426887396633486,0.17753584725470778,61.48058212310955,-23.355012507024572,138.1214931873058
v1p7p4,Bayes_Modeled,0.95,2021,NH4,ST,29,29,756434.934646085,727403.925702287,786282.8642576997,0.08530603472268151,-0.019696993871373872,0.1770991916844209,64.54965876443704,-15.014343647475666,134.63858586116308
v1p7p4,Bayes_Modeled,0.95,2022,NH4,CT,45,45,1524356.2578078539,1477773.4716641852,1569261.2112943619,0.09190007810339114,0.005807449186823827,0.17518581235090164,140.11650866722192,8.730102845753603,263.81864362180244
v1p7p4,Bayes_Modeled,0.95,2022,NH4,MT,47,47,1436878.4444847954,1401914.7500933283,1470962.269960918,0.08507352103740294,-0.001049843327396693,0.16830721937095708,122.26144318652399,-1.5050881391100122,243.02384937047154
v1p7p4,Bayes_Modeled,0.95,2022,NH4,ST,47,47,1465315.7379151592,1429214.2913231642,1499638.2663143328,0.08896648165731087,-7.802985397905351e-4,0.17340053486359766,130.38187562078704,-1.1482916410521316,256.9096282995729
v1p7p4,Bayes_Modeled,0.95,2023,NH4,CT,45,45,1856382.3157686682,1807016.6906154684,1906052.31516508,0.11151577516501021,0.0030913560601158446,0.21676860239010215,207.02022208225938,5.717922152188539,405.64461943754276
v1p7p4,Bayes_Modeled,0.95,2023,NH4,MT,51,51,1988228.58429156,1943722.148908148,2035458.1665055782,0.10917669441620181,6.929941256301323e-4,0.21318332034733026,217.05016137008425,1.3793626248422024,421.569171984297
v1p7p4,Bayes_Modeled,0.95,2023,NH4,ST,45,45,1723042.8043083188,1687149.8451179808,1759880.6467784392,0.10926345803613226,-0.0010713002268989869,0.21357160137660192,188.24137440486712,-1.8778570387180735,365.8858786556476
v1p7p4,Bayes_Modeled,0.95,2024,NH4,CT,32,32,1597333.7637367898,1542739.5290512175,1650664.0957482848,0.1317305771484204,-0.0010093666865064735,0.25686550500816296,210.4294557051916,-1.6171562020331243,414.0180138918319
v1p7p4,Bayes_Modeled,0.95,2024,NH4,MT,32,32,1597333.7637367898,1542739.5290512175,1650664.0957482848,0.13188898406826158,-7.208912349913654e-4,0.25736119256836976,210.68246957318962,-1.157698033326737,414.52845130402955
v1p7p4,Bayes_Modeled,0.95,2024,NH4,ST,32,32,1597333.7637367898,1542739.5290512175,1650664.0957482848,0.13186028744570194,-8.597765035326007e-4,0.25673751372331355,210.63662118253515,-1.380757873218852,414.0568676706276
v1p7p4,Bayes_Modeled,0.95,2025,NH4,CT,58,58,1989421.0283824287,1925049.2756682942,2051451.2920074165,0.09321534509974663,-0.007635231743495105,0.20066082468434318,185.48119908094853,-15.281413323324688,400.5473334289446
v1p7p4,Bayes_Modeled,0.95,2025,NH4,MT,58,58,1638534.4131440213,1593912.7794892504,1684095.006455265,0.08614998121131141,-0.020940692637981345,0.19281108606790437,141.1304318142707,-34.21925913055277,316.93043626913385
v1p7p4,Bayes_Modeled,0.95,2025,NH4,ST,58,58,1715903.5077690228,1673453.0238992255,1757589.559946097,0.08683941348601328,-0.018491268012430694,0.19170571115387203,148.9824359810763,-32.13441400557554,327.16384282327135
v1p7p4,Bayes_Modeled,0.95,2011,NO2,CT,12,12,405649.15824972437,387718.78745849244,422905.3422644907,0.4187109367656191,-0.037167026203532384,0.8434707356186761,169.82200084040048,-15.172684993322385,344.4832372846506
v1p7p4,Bayes_Modeled,0.95,2011,NO2,MT,12,12,419618.6447208219,404096.7476804587,434340.2652161842,0.3538641614969383,-0.11170161815827809,0.7689946712333886,148.53479266092003,-47.542116871925586,323.63910756917585
v1p7p4,Bayes_Modeled,0.95,2011,NO2,ST,12,12,420443.12749503576,404032.61556670576,435991.93963968835,0.3500368877254246,-0.11482994278671832,0.7689071613592025,147.2232058465014,-48.94904233655488,322.25562589443604
v1p7p4,Bayes_Modeled,0.95,2012,NO2,CT,16,16,541074.6423254262,517289.75892404374,564003.886894135,0.3618496815175272,-0.05571124486948534,0.7509526830091755,195.8334388588262,-29.473115919527853,403.95611852407296
v1p7p4,Bayes_Modeled,0.95,2012,NO2,MT,18,18,628282.8521170468,605723.8673380705,650029.9435865328,0.3128025978848439,-0.10494230904246613,0.6833031478084528,196.55339800055597,-65.49453900496573,436.31743718489565
v1p7p4,Bayes_Modeled,0.95,2012,NO2,ST,16,16,557379.9343004702,538165.8151127505,575943.6680976944,0.30227193516244644,-0.12441587611799801,0.6743937883012214,168.5038837004847,-68.68164848700505,380.6372482135955
v1p7p4,Bayes_Modeled,0.95,2013,NO2,CT,14,14,529136.6850017627,509392.5750140158,548345.8314174614,0.2252874812535834,-0.19481172472822483,0.7098791835611121,119.31417612632532,-102.85180684474011,374.48210113787286
v1p7p4,Bayes_Modeled,0.95,2013,NO2,MT,14,14,530162.7080096733,510368.7216626853,549506.2716337579,0.22180184139700201,-0.20790644394345056,0.7013779184025251,117.68265034163093,-110.8249438317876,371.94572176906127
v1p7p4,Bayes_Modeled,0.95,2013,NO2,ST,14,14,530162.7080096733,510368.7216626853,549506.2716337577,0.2212050558973021,-0.20101515880763743,0.7046546243780908,117.38262790932043,-106.78171783922785,373.8093734926335
v1p7p4,Bayes_Modeled,0.95,2014,NO2,CT,25,25,867560.9802553564,838764.0293364234,895715.8089387768,0.42671757094241647,0.08592899902756505,0.7040240023527677,370.18512381089647,73.90550290713378,611.2408018757158
v1p7p4,Bayes_Modeled,0.95,2014,NO2,MT,8,8,279749.4275151,269401.03072230326,289564.15442490246,0.3923921669700921,0.05382146779667578,0.6802652092450772,109.76360665316056,15.089675042262996,191.04420418789374
v1p7p4,Bayes_Modeled,0.95,2014,NO2,ST,24,24,839248.2825452999,808203.0921669097,868692.4632747073,0.41287326016049286,0.07043932402348235,0.6922254604719071,346.48476724599453,60.14869760564399,586.5751272320084
v1p7p4,Bayes_Modeled,0.95,2015,NO2,CT,22,22,736818.9542898783,707063.643104223,765332.910352341,0.4344120169815546,0.07413050393176664,0.6974497211275675,320.0898916217224,54.62408258255451,514.4075795281308
v1p7p4,Bayes_Modeled,0.95,2015,NO2,MT,22,22,662751.6129143982,643581.2454158489,681089.3802391224,0.3662182423807815,0.011212805067966982,0.6208072349200386,242.75065586808222,7.396053070218326,413.7102384046603
v1p7p4,Bayes_Modeled,0.95,2015,NO2,ST,22,22,637927.0399787229,617875.5981586806,657320.7949576838,0.36105945256646027,0.0016517738044837804,0.6096427537394492,230.37530656051456,1.054970689762863,397.1947251794009
v1p7p4,Bayes_Modeled,0.95,2016,NO2,CT,8,8,187715.76369038003,166015.52264682698,209006.4502233719,0.2605228522903696,-0.29216223210538117,0.7053202670127581,49.12916701536229,-52.72349377862831,130.8715085686927
v1p7p4,Bayes_Modeled,0.95,2016,NO2,MT,8,8,161035.9461907516,139115.39204391837,182355.89568654395,0.2474514158005528,-0.3111728384661163,0.6850700448092533,40.08071345896389,-48.06289600969929,111.2540645039119
v1p7p4,Bayes_Modeled,0.95,2016,NO2,ST,8,8,159442.9188133929,137552.6678716954,180818.12598255638,0.24729144704616107,-0.3127034801518097,0.6886715476487724,39.65343856482909,-48.22191555650612,111.80154078364592
v1p7p4,Bayes_Modeled,0.95,2017,NO2,CT,30,30,1103224.3126292403,1057789.6717316764,1148548.3631170958,0.29232336535357595,-0.06797118683834755,0.6381656141701382,322.52331368327,-73.72325305001868,709.1180466982541
v1p7p4,Bayes_Modeled,0.95,2017,NO2,MT,24,24,738030.6066739655,712498.0061983637,762678.6983188847,0.232581876172306,-0.10882384013841273,0.5892831193622341,171.62264637331813,-80.80332089198166,434.4116912065409
v1p7p4,Bayes_Modeled,0.95,2017,NO2,ST,29,29,864783.2483551763,831724.6870982484,896437.3713042366,0.2289453964248914,-0.11228589255237023,0.5866535935199224,197.96683118962662,-96.59325996081216,505.50062344686705
v1p7p4,Bayes_Modeled,0.95,2018,NO2,CT,10,10,404392.2445026808,240112.56998569716,550009.6691093738,0.3681211160405601,-0.051158483673943406,0.7124302154497644,151.40029937134761,-19.983296869823818,344.48710808091914
v1p7p4,Bayes_Modeled,0.95,2018,NO2,MT,10,10,389782.62877167034,226611.8549248423,535346.0860535142,0.3187497888925077,-0.10897718122650402,0.6628372024249597,126.78025653123807,-40.34743080795888,301.87965558992744
v1p7p4,Bayes_Modeled,0.95,2018,NO2,ST,10,10,387940.20949531614,224559.25256600612,533534.902908766,0.31790414430366587,-0.09794161198332135,0.6636850078996975,125.87964614873495,-38.551513308220265,296.8666485024777
v1p7p4,Bayes_Modeled,0.95,2019,NO2,CT,2,2,99833.36023354936,96421.22056570109,103166.5059842678,0.32558461774950453,-0.05024971122569271,0.703139345894753,32.50458932972358,-4.986955401195185,70.23332081618858
v1p7p4,Bayes_Modeled,0.95,2019,NO2,MT,2,2,99833.36023354936,96421.22056570109,103166.5059842678,0.32618140324920447,-0.045557298431299006,0.7046535057072381,32.56293279212179,-4.508169876138048,69.88062173682593
v1p7p4,Bayes_Modeled,0.95,2019,NO2,ST,2,2,99833.36023354936,96421.22056570109,103166.5059842678,0.32558461774950453,-0.05024971122569271,0.703139345894753,32.50458932972358,-4.986955401195185,70.23332081618858
v1p7p4,Bayes_Modeled,0.95,2020,NO2,CT,20,20,700395.0113358038,673438.4846170978,725857.6506335139,0.35174907863586824,0.006898840870971786,0.5921584023434031,246.364226613674,4.8949357891625205,410.47379274232173
v1p7p4,Bayes_Modeled,0.95,2020,NO2,MT,20,20,563280.6972546937,545234.2553285726,580956.0729125333,0.3395070252756659,-0.018170691841644465,0.5778793803795765,191.30263798548563,-10.31572990082884,323.65470628822703
v1p7p4,Bayes_Modeled,0.95,2020,NO2,ST,20,20,568257.7884632539,549404.076061919,586701.0835346084,0.33542415653991103,-0.017310895738355665,0.5736092110031586,190.67023432744134,-9.581697553541982,325.4080109280485
v1p7p4,Bayes_Modeled,0.95,2021,NO2,CT,31,31,1032858.6477659189,987675.5002117107,1076424.9734392534,0.37253736982657243,0.0953463988218271,0.608601245502032,384.80744132118883,97.82458739189832,626.4437856751006
v1p7p4,Bayes_Modeled,0.95,2021,NO2,MT,31,31,770084.7771049154,733487.4129041471,807240.5015330799,0.3050077712676612,0.05738651171766549,0.5263652494756899,234.90820957925675,43.77958741224929,406.9142652011032
v1p7p4,Bayes_Modeled,0.95,2021,NO2,ST,29,29,756434.934646085,727403.925702287,786282.8642576997,0.3074121701168336,0.05431067433151039,0.5263948396557385,232.55305793089215,41.571974883385394,402.3294272071454
v1p7p4,Bayes_Modeled,0.95,2022,NO2,CT,45,45,1524356.2578078539,1477773.4716641852,1569261.2112943619,0.22400594880371438,0.15980279780679713,0.2843250690295074,341.4911745017668,243.2101120239185,436.82156194719147
v1p7p4,Bayes_Modeled,0.95,2022,NO2,MT,47,47,1436878.4444847954,1401914.7500933283,1470962.269960918,0.21533732296124813,0.14436364347370445,0.28486230636220555,309.4358487765143,207.98682198556858,410.6702569542499
v1p7p4,Bayes_Modeled,0.95,2022,NO2,ST,47,47,1465315.7379151592,1429214.2913231642,1499638.2663143328,0.21764914009330955,0.15780613413925937,0.2798286597342836,318.9487493693119,232.20640497165402,410.0785049468003
v1p7p4,Bayes_Modeled,0.95,2023,NO2,CT,45,45,1856382.3157686682,1807016.6906154684,1906052.31516508,0.013893339751084626,-0.03541348748673023,0.0620629370464156,25.815432222284436,-65.68516701708973,115.14634708971647
v1p7p4,Bayes_Modeled,0.95,2023,NO2,MT,51,51,1988228.58429156,1943722.148908148,2035458.1665055782,0.005439505070931956,-0.03830892943808653,0.047502407308373004,10.840064925073612,-76.19771549083356,94.60839109364164
v1p7p4,Bayes_Modeled,0.95,2023,NO2,ST,45,45,1723042.8043083188,1687149.8451179808,1759880.6467784392,-0.00790814972549904,-0.052326730104807206,0.03681966171494516,-13.605313743410855,-90.23092410872803,63.414230903903814
v1p7p4,Bayes_Modeled,0.95,2024,NO2,CT,32,32,1597333.7637367898,1542739.5290512175,1650664.0957482848,0.026048643407666962,-0.042134616802145544,0.09542441729827664,41.61634995127361,-67.17184258944948,153.57683992030647
v1p7p4,Bayes_Modeled,0.95,2024,NO2,MT,32,32,1597333.7637367898,1542739.5290512175,1650664.0957482848,0.0222733256669513,-0.044945323392742514,0.09167775058101384,35.58524448512954,-72.18123772101457,146.48573169069505
v1p7p4,Bayes_Modeled,0.95,2024,NO2,ST,32,32,1597333.7637367898,1542739.5290512175,1650664.0957482848,0.025974281076530863,-0.041823909252351174,0.09539198307140839,41.4969249419103,-66.67731194125727,153.32785111843248
v1p7p4,Bayes_Modeled,0.95,2025,NO2,CT,58,58,1989421.0283824287,1925049.2756682942,2051451.2920074165,0.7355564033642294,0.6769610429096602,0.793665505458729,1463.3525246266015,1342.07328100095,1593.4154471098677
v1p7p4,Bayes_Modeled,0.95,2025,NO2,MT,58,58,1638534.4131440213,1593912.7794892504,1684095.006455265,0.7262558591082365,0.6745472630569873,0.7805577589113655,1189.9858316873215,1103.3736263126902,1281.4190190880968
v1p7p4,Bayes_Modeled,0.95,2025,NO2,ST,58,58,1715903.5077690228,1673453.0238992255,1757589.559946097,0.7396894541320003,0.6862399901372116,0.7943250002421499,1269.2307649158433,1175.057177755413,1370.37557685126
v1p7p4,Bayes_Modeled,0.95,2011,NO3,CT,12,12,405649.15824972437,387718.78745849244,422905.3422644907,7.20994366711481,6.6397817190515855,7.750958688111703,2924.6362886148877,2648.4355589228285,3173.0390489100732
v1p7p4,Bayes_Modeled,0.95,2011,NO3,MT,12,12,419618.6447208219,404096.7476804587,434340.2652161842,7.2012933787109885,6.601133299016009,7.80349680983662,3021.7553160720795,2751.2364151444576,3298.1085270391604
v1p7p4,Bayes_Modeled,0.95,2011,NO3,ST,12,12,420443.12749503576,404032.61556670576,435991.93963968835,7.2007828364089725,6.581833850626902,7.808949985310472,3027.4822061035998,2750.5470784676595,3315.1913921194796
v1p7p4,Bayes_Modeled,0.95,2012,NO3,CT,20,20,676802.2077286803,647597.4374564622,705077.4962055178,8.119006818731828,7.684772140233945,8.588929188050255,5494.892084925817,5130.519752110892,5870.804568119647
v1p7p4,Bayes_Modeled,0.95,2012,NO3,MT,18,18,628282.8521170468,605723.8673380705,650029.9435865328,8.148085847700692,7.607963916048375,8.721088424144716,5119.331890431447,4735.241935509574,5527.051023737593
v1p7p4,Bayes_Modeled,0.95,2012,NO3,ST,17,17,592439.7638910069,571874.4993434122,612311.0814482702,7.84890849130324,7.355882836625687,8.361820524670119,4650.092940725313,4321.062266875672,5010.719629901509
v1p7p4,Bayes_Modeled,0.95,2013,NO3,CT,14,14,529136.6850017627,509392.5750140158,548345.8314174614,8.000527178361349,7.4574927797109165,8.544802258735931,4233.447978921343,3907.333552165124,4590.980593244018
v1p7p4,Bayes_Modeled,0.95,2013,NO3,MT,14,14,530162.7080096733,510368.7216626853,549506.2716337579,8.133784808468688,7.539213629851633,8.736708742463048,4312.265296466825,3962.6406855030064,4688.332787138052
v1p7p4,Bayes_Modeled,0.95,2013,NO3,ST,14,14,530162.7080096733,510368.7216626853,549506.2716337577,7.9999825999058665,7.448281492370454,8.551352337127527,4241.373214963209,3915.5756151991673,4600.533820638877
v1p7p4,Bayes_Modeled,0.95,2014,NO3,CT,25,25,867560.9802553564,838764.0293364234,895715.8089387768,8.446258085293517,7.927620241613547,8.97175553827364,7327.475980484336,6830.133865653223,7827.033770867748
v1p7p4,Bayes_Modeled,0.95,2014,NO3,MT,8,8,279749.4275151,269401.03072230326,289564.15442490246,8.065200695241872,7.467736969320098,8.70452246793424,2256.14749589797,2075.843929056554,2446.4139524118564
v1p7p4,Bayes_Modeled,0.95,2014,NO3,ST,24,24,839248.2825452999,808203.0921669097,868692.4632747073,8.480489406645765,7.928825995785574,9.030372601284398,7117.065715453306,6591.5566111745375,7651.2786410259705
v1p7p4,Bayes_Modeled,0.95,2015,NO3,CT,22,22,736818.9542898783,707063.643104223,765332.910352341,7.976264488904701,7.628189606380497,8.317706040418491,5876.9421065709075,5540.3488511966925,6221.316920844109
v1p7p4,Bayes_Modeled,0.95,2015,NO3,MT,22,22,662751.6129143982,643581.2454158489,681089.3802391224,8.173669711146202,7.848223317302349,8.505940509399402,5417.111999441633,5152.115684924544,5690.6881454140275
v1p7p4,Bayes_Modeled,0.95,2015,NO3,ST,22,22,637927.0399787229,617875.5981586806,657320.7949576838,8.058807198441233,7.749612565530568,8.398123684374188,5140.986676842466,4873.939601849721,5417.077423755689
v1p7p4,Bayes_Modeled,0.95,2016,NO3,CT,8,8,187715.76369038003,166015.52264682698,209006.4502233719,4.9212953833141695,4.473158982038599,5.381849762091077,923.7677336285695,795.3104656743836,1064.647679142118
v1p7p4,Bayes_Modeled,0.95,2016,NO3,MT,8,8,161035.9461907516,139115.39204391837,182355.89568654395,5.109736784545392,4.652935023034669,5.580313494681143,822.827026630732,689.901048939319,959.5195078122051
v1p7p4,Bayes_Modeled,0.95,2016,NO3,ST,8,8,159442.9188133929,137552.6678716954,180818.12598255638,4.979098850508905,4.517457707609289,5.41782669350469,793.8588190423036,668.93902960589,931.0197207668207
v1p7p4,Bayes_Modeled,0.95,2017,NO3,CT,30,30,1103224.3126292403,1057789.6717316764,1148548.3631170958,8.684058052448576,8.311053586400398,9.02892469619017,9580.502999988417,9009.772953875443,10141.396361266034
v1p7p4,Bayes_Modeled,0.95,2017,NO3,MT,24,24,738030.6066739655,712498.0061983637,762678.6983188847,8.938264658514091,8.585823587622894,9.280979580362676,6596.786576747382,6273.1889240502705,6942.532123333198
v1p7p4,Bayes_Modeled,0.95,2017,NO3,ST,29,29,864783.2483551763,831724.6870982484,896437.3713042366,8.80561879762802,8.494880532411528,9.12311740620019,7615.004091556244,7236.082048540236,8025.1375383022805
v1p7p4,Bayes_Modeled,0.95,2018,NO3,CT,10,10,404392.2445026808,240112.56998569716,550009.6691093738,7.705552649854043,5.318198011107841,10.209430460682606,3131.909235427278,1675.5405782786897,4992.54446524543
v1p7p4,Bayes_Modeled,0.95,2018,NO3,MT,10,10,389782.62877167034,226611.8549248423,535346.0860535142,7.880646601106211,5.501223076692176,10.371207741227984,3086.3625477125124,1637.6703934479028,4958.383016032799
v1p7p4,Bayes_Modeled,0.95,2018,NO3,ST,10,10,387940.20949531614,224559.25256600612,533534.902908766,7.751188167754133,5.4028077842634,10.313994359106392,3021.219260505863,1611.0608701293186,4853.066569168763
v1p7p4,Bayes_Modeled,0.95,2019,NO3,CT,2,2,99833.36023354936,96421.22056570109,103166.5059842678,8.37654209315132,6.41544611467933,10.19413977604516,836.285808482647,638.9224512998912,1023.1073618452044
v1p7p4,Bayes_Modeled,0.95,2019,NO3,MT,2,2,99833.36023354936,96421.22056570109,103166.5059842678,8.510344301714142,6.6124828354944825,10.349762726890864,849.6400253171133,658.4526641919806,1039.2483476426205
v1p7p4,Bayes_Modeled,0.95,2019,NO3,ST,2,2,99833.36023354936,96421.22056570109,103166.5059842678,8.37654209315132,6.41544611467933,10.19413977604516,836.285808482647,638.9224512998912,1023.1073618452044
v1p7p4,Bayes_Modeled,0.95,2020,NO3,CT,20,20,700395.0113358038,673438.4846170978,725857.6506335139,7.46185852382235,7.056640296854727,7.87313090980318,5226.385824429716,4867.726337530672,5581.150284720179
v1p7p4,Bayes_Modeled,0.95,2020,NO3,MT,20,20,563280.6972546937,545234.2553285726,580956.0729125333,7.773360698233817,7.3843166061472765,8.165740990927443,4378.601219847346,4118.540840301964,4637.602805572738
v1p7p4,Bayes_Modeled,0.95,2020,NO3,ST,20,20,568257.7884632539,549404.076061919,586701.0835346084,7.629663723604181,7.277532199755047,7.98409922871579,4335.675112916593,4081.233401827562,4584.947779081382
v1p7p4,Bayes_Modeled,0.95,2021,NO3,CT,31,31,1032858.6477659189,987675.5002117107,1076424.9734392534,7.813978915209533,7.5028373828947,8.111671785342434,8070.628558810593,7585.439297235437,8513.800177975476
v1p7p4,Bayes_Modeled,0.95,2021,NO3,MT,31,31,770084.7771049154,733487.4129041471,807240.5015330799,8.083778640432236,7.794174453307598,8.359450044085904,6225.2348870192445,5854.63541183841,6618.072778330641
v1p7p4,Bayes_Modeled,0.95,2021,NO3,ST,29,29,756434.934646085,727403.925702287,786282.8642576997,8.316395327244345,8.045116601417043,8.575103286913743,6290.788949985121,5979.4456710371305,6621.055306906257
v1p7p4,Bayes_Modeled,0.95,2022,NO3,CT,45,45,1524356.2578078539,1477773.4716641852,1569261.2112943619,6.694063473479474,6.44217379553311,6.951276968515314,10204.074466782376,9720.76692398596,10719.667893392168
v1p7p4,Bayes_Modeled,0.95,2022,NO3,MT,47,47,1436878.4444847954,1401914.7500933283,1470962.269960918,6.869213818134593,6.609174110901447,7.14345181776147,9870.131486479551,9438.147068894881,10336.512329161566
v1p7p4,Bayes_Modeled,0.95,2022,NO3,ST,47,47,1465315.7379151592,1429214.2913231642,1499638.2663143328,6.726064612649692,6.47512412322595,6.967838707002098,9855.77381145923,9437.767449852374,10297.430587376537
v1p7p4,Bayes_Modeled,0.95,2023,NO3,CT,45,45,1856382.3157686682,1807016.6906154684,1906052.31516508,7.397513768649586,7.192001627923654,7.59791921564166,13732.589889203024,13218.783385575683,14292.603200582222
v1p7p4,Bayes_Modeled,0.95,2023,NO3,MT,51,51,1988228.58429156,1943722.148908148,2035458.1665055782,7.307738079510664,7.113271892615622,7.493560218988283,14529.409243877279,14041.011760634472,15059.995776900018
v1p7p4,Bayes_Modeled,0.95,2023,NO3,ST,45,45,1723042.8043083188,1687149.8451179808,1759880.6467784392,7.4524024355359915,7.2470365817551095,7.660187494988913,12840.777397861111,12408.110982235685,13305.78596898562
v1p7p4,Bayes_Modeled,0.95,2024,NO3,CT,32,32,1597333.7637367898,1542739.5290512175,1650664.0957482848,6.699471916997334,6.38037657793275,7.048818390172494,10701.359411710202,10070.310106999523,11361.671765326391
v1p7p4,Bayes_Modeled,0.95,2024,NO3,MT,32,32,1597333.7637367898,1542739.5290512175,1650664.0957482848,6.700781001573382,6.381962193924906,7.047924849956618,10703.455564401735,10075.6460600036,11363.165436081072
v1p7p4,Bayes_Modeled,0.95,2024,NO3,ST,32,32,1597333.7637367898,1542739.5290512175,1650664.0957482848,6.702287778338721,6.382832231059262,7.051391940661038,10705.857108157456,10075.749478035355,11366.777003258416
v1p7p4,Bayes_Modeled,0.95,2025,NO3,CT,58,58,1989421.0283824287,1925049.2756682942,2051451.2920074165,0.7996787022040861,0.5317497757943561,1.0642797560777995,1590.8163648304835,1051.5523391062816,2116.8142483900674
v1p7p4,Bayes_Modeled,0.95,2025,NO3,MT,58,58,1638534.4131440213,1593912.7794892504,1684095.006455265,0.8971956774211695,0.6784230424963033,1.1189357291351452,1469.9776204668171,1112.7115632813711,1834.361998212173
v1p7p4,Bayes_Modeled,0.95,2025,NO3,ST,58,58,1715903.5077690228,1673453.0238992255,1757589.559946097,0.8739545236044348,0.6625700289800008,1.0805961330864495,1499.490349469311,1139.1361197419947,1860.9101722931307
v1p7p4,Bayes_Modeled,0.95,2011,OP,CT,12,12,405649.15824972437,387718.78745849244,422905.3422644907,0.16469077689391506,0.08309042021516491,0.24310931927835927,66.80093199770496,33.65881194045641,98.73347761616897
v1p7p4,Bayes_Modeled,0.95,2011,OP,MT,12,12,419618.6447208219,404096.7476804587,434340.2652161842,0.12242357461993747,0.04637186425948478,0.2078353605653273,51.360111317729476,19.673148129597962,87.5207394048363
v1p7p4,Bayes_Modeled,0.95,2011,OP,ST,12,12,420443.12749503576,404032.61556670576,435991.93963968835,0.11992895319908496,0.04169197841087248,0.20652993577222378,50.41220521259713,17.76475727262588,87.21934671680589
v1p7p4,Bayes_Modeled,0.95,2012,OP,CT,16,16,541074.6423254262,517289.75892404374,564003.886894135,0.19528297574606565,0.1274027250031534,0.2669138728958424,105.68062201618264,68.40492272115566,144.8734173214591
v1p7p4,Bayes_Modeled,0.95,2012,OP,MT,18,18,628282.8521170468,605723.8673380705,650029.9435865328,0.16940113417563082,0.08891684301470645,0.2524580041795601,106.42148522509667,55.925530513284436,158.96453080913847
v1p7p4,Bayes_Modeled,0.95,2012,OP,ST,16,16,557379.9343004702,538165.8151127505,575943.6680976944,0.16106552292976986,0.08568327853583921,0.240080235331311,89.77060609085173,47.498136034567644,134.68364868114674
v1p7p4,Bayes_Modeled,0.95,2013,OP,CT,14,14,529136.6850017627,509392.5750140158,548345.8314174614,0.07867695679763,-0.0749941087306607,0.24510680554794073,41.61674815468818,-40.28187641589136,129.1013027867042
v1p7p4,Bayes_Modeled,0.95,2013,OP,MT,14,14,530162.7080096733,510368.7216626853,549506.2716337579,0.07989849313531928,-0.07610002290105601,0.24867049382152212,42.33656124760516,-41.20280415515231,132.49335002034232
v1p7p4,Bayes_Modeled,0.95,2013,OP,ST,14,14,530162.7080096733,510368.7216626853,549506.2716337577,0.076016027282054,-0.07803286605828821,0.24320255062578747,40.28457625295109,-41.56342324142757,128.7214003311542
v1p7p4,Bayes_Modeled,0.95,2014,OP,CT,25,25,867560.9802553564,838764.0293364234,895715.8089387768,0.16357868470321066,0.10561792901976685,0.22602867679700625,141.90418592234795,91.8164872206574,197.086458872539
v1p7p4,Bayes_Modeled,0.95,2014,OP,MT,12,12,419624.1412726499,404101.54608345486,434346.23163735366,0.16169231191076935,0.09538717067434824,0.2323946177930425,67.83920407457975,40.04142635017118,98.17740933084434
v1p7p4,Bayes_Modeled,0.95,2014,OP,ST,24,24,839248.2825452999,808203.0921669097,868692.4632747073,0.1548302127005426,0.09102435810976647,0.22003386024190424,129.92528084672068,76.7163851625397,187.46735532995461
v1p7p4,Bayes_Modeled,0.95,2015,OP,CT,22,22,736818.9542898783,707063.643104223,765332.910352341,0.07615094500002187,0.02478305663403878,0.12585869212801656,56.11817847636416,18.171646100415966,93.62796144814774
v1p7p4,Bayes_Modeled,0.95,2015,OP,MT,22,22,662751.6129143982,643581.2454158489,681089.3802391224,0.06048895415251821,0.017079079157960732,0.10130305560519902,40.08415649097398,11.320169012848357,67.57009204093174
v1p7p4,Bayes_Modeled,0.95,2015,OP,ST,22,22,637927.0399787229,617875.5981586806,657320.7949576838,0.060020650183929464,0.01581361829312748,0.10297673959246775,38.286210815053906,10.150787384743946,65.7774194984155
v1p7p4,Bayes_Modeled,0.95,2016,OP,CT,8,8,187715.76369038003,166015.52264682698,209006.4502233719,0.03556257249485321,-0.026605213321934242,0.10134875261075724,6.6722066791121035,-5.150544034482815,19.11832424466793
v1p7p4,Bayes_Modeled,0.95,2016,OP,MT,8,8,161035.9461907516,139115.39204391837,182355.89568654395,0.05027793760271363,-0.011693575785993827,0.11792166208142557,8.092515288017495,-1.8402199899604916,19.171019088841376
v1p7p4,Bayes_Modeled,0.95,2016,OP,ST,8,8,159442.9188133929,137552.6678716954,180818.12598255638,0.04771021370137402,-0.012541233396412301,0.11286090062183707,7.60154054718487,-1.872775479586265,17.95821731882663
v1p7p4,Bayes_Modeled,0.95,2017,OP,CT,30,30,1103224.3126292403,1057789.6717316764,1148548.3631170958,0.012663674931534407,-0.03794331419560744,0.06798557946134942,13.97667450127253,-42.13748188529506,72.92077373827571
v1p7p4,Bayes_Modeled,0.95,2017,OP,MT,24,24,738030.6066739655,712498.0061983637,762678.6983188847,0.02276587795088754,-0.023490249738277687,0.067353450080045,16.79972261799129,-17.091125928274494,49.104821403781315
v1p7p4,Bayes_Modeled,0.95,2017,OP,ST,29,29,864783.2483551763,831724.6870982484,896437.3713042366,0.020728231140615835,-0.022394548272528462,0.06463916082272614,17.926119040399676,-19.262602329260915,56.43519015817846
v1p7p4,Bayes_Modeled,0.95,2018,OP,CT,10,10,404392.2445026808,240112.56998569716,550009.6691093738,0.23589204104747943,0.05479666855942779,0.42222256274569053,96.15932457793483,21.441780743071057,199.51623194918295
v1p7p4,Bayes_Modeled,0.95,2018,OP,MT,10,10,389782.62877167034,226611.8549248423,535346.0860535142,0.22094072459506595,0.03790112639386369,0.4123081332244354,86.7060263159357,14.179531821212699,185.78030421910228
v1p7p4,Bayes_Modeled,0.95,2018,OP,ST,10,10,387940.20949531614,224559.25256600612,533534.902908766,0.2178706074173486,0.03951116149422805,0.40634779170602836,85.11017914455496,15.000372794349115,183.56892168887185
v1p7p4,Bayes_Modeled,0.95,2019,OP,CT,2,2,99833.36023354936,96421.22056570109,103166.5059842678,0.2520659354818994,0.10488005334980653,0.4238839423827171,25.162222671144896,10.413322660312675,42.50187162959524
v1p7p4,Bayes_Modeled,0.95,2019,OP,MT,2,2,99833.36023354936,96421.22056570109,103166.5059842678,0.25594840133516467,0.10282264606262723,0.42568810393967393,25.54904869123572,10.303009807776721,42.57320836100898
v1p7p4,Bayes_Modeled,0.95,2019,OP,ST,2,2,99833.36023354936,96421.22056570109,103166.5059842678,0.2520659354818994,0.10488005334980653,0.4238839423827171,25.162222671144896,10.413322660312675,42.50187162959524
v1p7p4,Bayes_Modeled,0.95,2020,OP,CT,20,20,700395.0113358038,673438.4846170978,725857.6506335139,0.007616427672305466,-0.051585808581846186,0.06572946890338852,5.334782415560845,-36.562429198913755,46.24951322927704
v1p7p4,Bayes_Modeled,0.95,2020,OP,MT,20,20,563280.6972546937,545234.2553285726,580956.0729125333,0.04031861115342985,-0.012632953495450103,0.0904124283998027,22.71049412820142,-6.889124943201869,50.872347813774454
v1p7p4,Bayes_Modeled,0.95,2020,OP,ST,20,20,568257.7884632539,549404.076061919,586701.0835346084,0.03343526880245692,-0.016265733916645635,0.08227712146501168,19.000376446097334,-9.351607911372207,46.52984989668623
v1p7p4,Bayes_Modeled,0.95,2021,OP,CT,31,31,1032858.6477659189,987675.5002117107,1076424.9734392534,0.045717969917395324,0.0015288432090253992,0.09009222266521724,47.22779327734466,1.5656145183804298,92.99954361856324
v1p7p4,Bayes_Modeled,0.95,2021,OP,MT,31,31,770084.7771049154,733487.4129041471,807240.5015330799,0.058186942056873546,0.01929523869311136,0.0969127069211716,44.80060563189113,14.711157247779987,74.23132619492355
v1p7p4,Bayes_Modeled,0.95,2021,OP,ST,29,29,756434.934646085,727403.925702287,786282.8642576997,0.05429360703008467,0.017680511409487516,0.08993873001784344,41.05962849551619,13.155525928343707,68.03139379863953
v1p7p4,Bayes_Modeled,0.95,2022,OP,CT,45,45,1524356.2578078539,1477773.4716641852,1569261.2112943619,0.046993023232265535,0.007957851937109964,0.0827101281347605,71.63619503690504,11.943978918022815,126.1032324078966
v1p7p4,Bayes_Modeled,0.95,2022,OP,MT,46,46,1407268.2794158966,1373043.3389904615,1440677.392446877,0.059014563678296356,0.02242628184205432,0.09419352139629414,83.05346827525689,31.558871077090085,132.59621935991254
v1p7p4,Bayes_Modeled,0.95,2022,OP,ST,47,47,1465315.7379151592,1429214.2913231642,1499638.2663143328,0.05415500306819828,0.019776639894449673,0.08855564715274579,79.36052708732885,28.923534022581812,129.99418481607552
v1p7p4,Bayes_Modeled,0.95,2023,OP,CT,45,45,1856382.3157686682,1807016.6906154684,1906052.31516508,0.12684870791133945,0.09524606875146105,0.15921719674144552,235.48084101609444,177.6265883501353,294.98305686524486
v1p7p4,Bayes_Modeled,0.95,2023,OP,MT,51,51,1988228.58429156,1943722.148908148,2035458.1665055782,0.11671084792315294,0.08810468456002213,0.14650968927580643,232.04644388221354,174.67458733197506,291.2151809805043
v1p7p4,Bayes_Modeled,0.95,2023,OP,ST,45,45,1723042.8043083188,1687149.8451179808,1759880.6467784392,0.13230171613669117,0.10170376096983942,0.16291273187567223,227.96715051171,174.21379582715713,282.0602061948624
v1p7p4,Bayes_Modeled,0.95,2024,OP,CT,32,32,1597333.7637367898,1542739.5290512175,1650664.0957482848,0.39918078761000564,0.34963226201793435,0.44984854116502626,637.6512499301315,556.1461620501759,720.6450392893541
v1p7p4,Bayes_Modeled,0.95,2024,OP,MT,32,32,1597333.7637367898,1542739.5290512175,1650664.0957482848,0.4002357393605509,0.35073304826212337,0.4511232018690326,639.3371700635016,557.3308257094372,722.0655647743359
v1p7p4,Bayes_Modeled,0.95,2024,OP,ST,32,32,1597333.7637367898,1542739.5290512175,1650664.0957482848,0.3998666319299617,0.35008999069736974,0.4504799326599883,638.7473008711673,556.98826741365815,721.8771524889723
v1p7p4,Bayes_Modeled,0.95,2025,OP,CT,58,58,1989421.0283824287,1925049.2756682942,2051451.2920074165,0.19473808280299945,0.15681364678380036,0.23414998016083932,387.40807207871694,312.3280958452074,466.7740237353055
v1p7p4,Bayes_Modeled,0.95,2025,OP,MT,58,58,1638534.4131440213,1593912.7794892504,1684095.006455265,0.2225998624314989,0.19220207468623612,0.25332696483360123,364.72778082050263,313.9988322656002,416.7292282630766
v1p7p4,Bayes_Modeled,0.95,2025,OP,ST,58,58,1715903.5077690228,1673453.0238992255,1757589.559946097,0.22278623342527487,0.19401564670678115,0.2523986417475719,382.2783500634729,332.2173198468363,434.1741996908446
v1p7p4,Bayes_Modeled,0.95,2011,Se,CT,12,12,405649.15824972437,387718.78745849244,422905.3422644907,0.007295553394455202,0.005539779407680949,0.009031114295404404,2.9594484074545555,2.251716759447473,3.6496196196232997
v1p7p4,Bayes_Modeled,0.95,2011,Se,MT,12,12,419618.6447208219,404096.7476804587,434340.2652161842,0.006726429644727138,0.005010425397877838,0.0083868175094239,2.8227522050961302,2.080014389210186,3.521188737908062
v1p7p4,Bayes_Modeled,0.95,2011,Se,ST,12,12,420443.12749503576,404032.61556670576,435991.93963968835,0.006692839810983597,0.004965854636062299,0.008357813620850247,2.814197566069902,2.0705972522863023,3.5181884950841527
v1p7p4,Bayes_Modeled,0.95,2012,Se,CT,16,16,541074.6423254262,517289.75892404374,564003.886894135,0.007045282613023612,0.005421597874368772,0.008596909327331169,3.8120883943063832,2.924755445528306,4.679998199687283
v1p7p4,Bayes_Modeled,0.95,2012,Se,MT,18,18,628282.8521170468,605723.8673380705,650029.9435865328,0.006540417184344813,0.004988138914754564,0.008117777835685763,4.109410601599054,3.1266028879269636,5.1238341555851115
v1p7p4,Bayes_Modeled,0.95,2012,Se,ST,16,16,557379.9343004702,538165.8151127505,575943.6680976944,0.00653593532175345,0.004978812980000261,0.008076548482192612,3.6431408980354028,2.774165552815261,4.515543231711032
v1p7p4,Bayes_Modeled,0.95,2013,Se,CT,14,14,529136.6850017627,509392.5750140158,548345.8314174614,0.006441267691902604,0.0035919232158014426,0.009195593766114157,3.409082546310906,1.911520257626489,4.879781629911163
v1p7p4,Bayes_Modeled,0.95,2013,Se,MT,14,14,530162.7080096733,510368.7216626853,549506.2716337579,0.006388922098263295,0.0035252886421015504,0.009141027907195683,3.3879520117081077,1.887252131180802,4.881647685303697
v1p7p4,Bayes_Modeled,0.95,2013,Se,ST,14,14,530162.7080096733,510368.7216626853,549506.2716337577,0.006405438535909494,0.0035520344375268168,0.009162941781983343,3.39673545016219,1.8870623090534822,4.877184858731237
v1p7p4,Bayes_Modeled,0.95,2014,Se,CT,25,25,867560.9802553564,838764.0293364234,895715.8089387768,0.006790892872502893,0.00550647889899154,0.007935152259970284,5.891598470648171,4.7568053021275505,6.915714135842755
v1p7p4,Bayes_Modeled,0.95,2014,Se,MT,8,8,279749.4275151,269401.03072230326,289564.15442490246,0.0065904360672902436,0.0053062978981853245,0.007725633844680623,1.8437259159083976,1.4823411298024793,2.185720064174722
v1p7p4,Bayes_Modeled,0.95,2014,Se,ST,24,24,839248.2825452999,808203.0921669097,868692.4632747073,0.006670707090198159,0.005392532599611256,0.007854281582943462,5.598542031527609,4.509789230500858,6.61221951281558
v1p7p4,Bayes_Modeled,0.95,2015,Se,CT,22,22,736818.9542898783,707063.643104223,765332.910352341,0.007099670083566411,0.005778988763836025,0.008317976530893195,5.23115162736745,4.250962244320251,6.1680437641668515
v1p7p4,Bayes_Modeled,0.95,2015,Se,MT,22,22,662751.6129143982,643581.2454158489,681089.3802391224,0.00620300434441087,0.004965886080596865,0.0072559470287798244,4.111094157156696,3.2914052826092774,4.809611375896248
v1p7p4,Bayes_Modeled,0.95,2015,Se,ST,22,22,637927.0399787229,617875.5981586806,657320.7949576838,0.006103348406193393,0.00490341986441381,0.0071421146714913215,3.893532107732118,3.118221912908432,4.552192319864348
v1p7p4,Bayes_Modeled,0.95,2016,Se,CT,8,8,187715.76369038003,166015.52264682698,209006.4502233719,0.005960105284461685,0.003017418551008113,0.008124716332079217,1.1192778714144336,0.5722710019836454,1.5638414598758563
v1p7p4,Bayes_Modeled,0.95,2016,Se,MT,8,8,161035.9461907516,139115.39204391837,182355.89568654395,0.005609908498628932,0.0026545844528169616,0.007773791604998449,0.9037029646771313,0.42407040717292865,1.2987839464282913
v1p7p4,Bayes_Modeled,0.95,2016,Se,ST,8,8,159442.9188133929,137552.6678716954,180818.12598255638,0.005618207158095669,0.0026389374805511918,0.007760415410844667,0.8961102131292532,0.4139303849767162,1.2799428942474111
v1p7p4,Bayes_Modeled,0.95,2017,Se,CT,30,30,1103224.3126292403,1057789.6717316764,1148548.3631170958,0.0066787055746368295,0.0038559403775151654,0.009048086273899856,7.368908939960808,4.256765883099641,10.08680196708237
v1p7p4,Bayes_Modeled,0.95,2017,Se,MT,24,24,738030.6066739655,712498.0061983637,762678.6983188847,0.005751866894868202,0.0028835845735299625,0.008112195664667879,4.245804978333366,2.08085433720814,5.991183731490575
v1p7p4,Bayes_Modeled,0.95,2017,Se,ST,29,29,864783.2483551763,831724.6870982484,896437.3713042366,0.005673896393510854,0.0027798649783306153,0.008038697337147294,4.907616763508807,2.388402999205825,6.965520375759457
v1p7p4,Bayes_Modeled,0.95,2018,Se,CT,10,10,404392.2445026808,240112.56998569716,550009.6691093738,0.006985472374965572,0.004540603940855328,0.008914963503557317,2.8354744776356173,1.3585227654021528,4.3578079497263635
v1p7p4,Bayes_Modeled,0.95,2018,Se,MT,10,10,389782.62877167034,226611.8549248423,535346.0860535142,0.006388626295462545,0.004028652796135822,0.008187644169213217,2.5004454721975233,1.1771358831365455,3.9182336046563684
v1p7p4,Bayes_Modeled,0.95,2018,Se,ST,10,10,387940.20949531614,224559.25256600612,533534.902908766,0.006390860706664916,0.004069755411825918,0.008153406035879624,2.489150831483435,1.1691840070926711,3.852163795816537
v1p7p4,Bayes_Modeled,0.95,2019,Se,CT,2,2,99833.36023354936,96421.22056570109,103166.5059842678,0.006635881104490597,0.0037629869661084422,0.008836252399862129,0.6624766726944809,0.37336503846528496,0.8819331211673891
v1p7p4,Bayes_Modeled,0.95,2019,Se,MT,2,2,99833.36023354936,96421.22056570109,103166.5059842678,0.006619364666844399,0.0037100694770160914,0.008809757154534517,0.6608235014593243,0.3647216759121,0.890481630923341
v1p7p4,Bayes_Modeled,0.95,2019,Se,ST,2,2,99833.36023354936,96421.22056570109,103166.5059842678,0.006635881104490597,0.0037629869661084422,0.008836252399862129,0.6624766726944809,0.37336503846528496,0.8819331211673891
v1p7p4,Bayes_Modeled,0.95,2020,Se,CT,20,20,700395.0113358038,673438.4846170978,725857.6506335139,0.006455943090352308,0.005895180886772638,0.007018985718801232,4.521849844234378,4.092034777805827,4.958114716749375
v1p7p4,Bayes_Modeled,0.95,2020,Se,MT,20,20,563280.6972546937,545234.2553285726,580956.0729125333,0.005875849680157102,0.0054110077833914114,0.006362204300015694,3.3097821099258207,3.016200162206271,3.6057797825778506
v1p7p4,Bayes_Modeled,0.95,2020,Se,ST,20,20,568257.7884632539,549404.076061919,586701.0835346084,0.005875919177127665,0.0054140513481994055,0.006347556373827627,3.3390705167003376,3.0487827641878305,3.6369222233633565
v1p7p4,Bayes_Modeled,0.95,2021,Se,CT,31,31,1032858.6477659189,987675.5002117107,1076424.9734392534,0.007438509097759109,0.006969016742553789,0.007940293387470744,7.6831530618643855,7.103106978780724,8.336211846818118
v1p7p4,Bayes_Modeled,0.95,2021,Se,MT,31,31,770084.7771049154,733487.4129041471,807240.5015330799,0.006236801663870496,0.005813005655910227,0.006687000568070993,4.802960416591779,4.407504543446255,5.211873722950761
v1p7p4,Bayes_Modeled,0.95,2021,Se,ST,29,29,756434.934646085,727403.925702287,786282.8642576997,0.006410019119284469,0.006034576029170081,0.0067892621062446475,4.848846032409884,4.507405943535242,5.191234907672895
v1p7p4,Bayes_Modeled,0.95,2022,Se,CT,45,45,1524356.2578078539,1477773.4716641852,1569261.2112943619,0.006764178940733623,0.006415540443894456,0.007118303495460201,10.311176667031159,9.686226935972051,10.951379720598505
v1p7p4,Bayes_Modeled,0.95,2022,Se,MT,47,47,1436878.4444847954,1401914.7500933283,1470962.269960918,0.006419676116156556,0.006099404039452428,0.006743173006357089,9.224336142708118,8.703233774914374,9.750290175496222
v1p7p4,Bayes_Modeled,0.95,2022,Se,ST,47,47,1465315.7379151592,1429214.2913231642,1499638.2663143328,0.0065047573705035305,0.0062032521642856175,0.00682204953928379,9.531597937315064,9.04036107868155,10.074700357115898
v1p7p4,Bayes_Modeled,0.95,2023,Se,CT,45,45,1856382.3157686682,1807016.6906154684,1906052.31516508,0.00654873389061745,0.004127046424463678,0.008425219420964053,12.156728589271545,7.7093338838396335,15.720738973115713
v1p7p4,Bayes_Modeled,0.95,2023,Se,MT,51,51,1988228.58429156,1943722.148908148,2035458.1665055782,0.0063230805212501845,0.0038548327913436155,0.0082341210639979,12.571771341294594,7.650225505353022,16.387988530143122
v1p7p4,Bayes_Modeled,0.95,2023,Se,ST,45,45,1723042.8043083188,1687149.8451179808,1759880.6467784392,0.006159675941068495,0.0036588384318671638,0.007998249432386651,10.613592441286507,6.367813627382064,13.87337020143063
v1p7p4,Bayes_Modeled,0.95,2024,Se,CT,32,32,1597333.7637367898,1542739.5290512175,1650664.0957482848,0.006405994773820832,0.0033113059722561042,0.008831535120726335,10.232569614810695,5.309645878926969,14.247618272677611
v1p7p4,Bayes_Modeled,0.95,2024,Se,MT,32,32,1597333.7637367898,1542739.5290512175,1650664.0957482848,0.006427360683502191,0.0033393756795583106,0.008858825434224693,10.266706850417965,5.337843080683278,14.284673486722124
v1p7p4,Bayes_Modeled,0.95,2024,Se,ST,32,32,1597333.7637367898,1542739.5290512175,1650664.0957482848,0.006409329380920093,0.0033172760386202677,0.008835488325800495,10.237899089891542,5.311624586721157,14.249071569480336
v1p7p4,Bayes_Modeled,0.95,2025,Se,CT,58,58,1989421.0283824287,1925049.2756682942,2051451.2920074165,0.006512039234870536,0.004854402212530844,0.008111917763302142,12.955214946658387,9.675800056663675,16.076897394572903
v1p7p4,Bayes_Modeled,0.95,2025,Se,MT,58,58,1638534.4131440213,1593912.7794892504,1684095.006455265,0.006053409046190299,0.004444054032497358,0.007645317693145274,9.919458963113257,7.248452355513653,12.543622125832744
v1p7p4,Bayes_Modeled,0.95,2025,Se,ST,58,58,1715903.5077690228,1673453.0238992255,1757589.559946097,0.006267024739162034,0.0046732466117735474,0.007875998614251896,10.754076217599161,7.984728964059936,13.468743741088142
v1p7p4,Bayes_Modeled,0.95,2011,TDS,CT,12,12,405649.15824972437,387718.78745849244,422905.3422644907,966.4337125446019,687.1902681417953,1263.6982037672485,392004.99877920235,279225.19608351786,509706.3226606414
v1p7p4,Bayes_Modeled,0.95,2011,TDS,MT,12,12,419618.6447208219,404096.7476804587,434340.2652161842,938.9750379568842,669.1543905367507,1244.3932154686395,393982.2413465221,279902.1247158247,523523.1370084718
v1p7p4,Bayes_Modeled,0.95,2011,TDS,ST,12,12,420443.12749503576,404032.61556670576,435991.93963968835,937.3544197439558,664.6939716026995,1246.3102820713361,394074.8376173242,278344.7289113793,525582.5052240975
v1p7p4,Bayes_Modeled,0.95,2012,TDS,CT,16,16,541074.6423254262,517289.75892404374,564003.886894135,920.3278823822416,665.2724977143848,1148.6178673972006,497987.26699571137,361720.80071781494,626847.1896040981
v1p7p4,Bayes_Modeled,0.95,2012,TDS,MT,18,18,628282.8521170468,605723.8673380705,650029.9435865328,903.0252767553587,654.775792551569,1155.14430159727,567334.3988243024,413010.0618942213,726595.5310766789
v1p7p4,Bayes_Modeled,0.95,2012,TDS,ST,16,16,557379.9343004702,538165.8151127505,575943.6680976944,894.3299414441256,640.3111827672237,1128.6003128851041,498465.5682007478,360611.8917663277,631532.5202799046
v1p7p4,Bayes_Modeled,0.95,2013,TDS,CT,14,14,529136.6850017627,509392.5750140158,548345.8314174614,892.1874257859342,660.5962521845604,1144.8211905985354,472063.90379464487,344044.97097116313,604260.1759477989
v1p7p4,Bayes_Modeled,0.95,2013,TDS,MT,14,14,530162.7080096733,510368.7216626853,549506.2716337579,891.179282851232,652.1907898597317,1152.407087705532,472439.46451996575,344040.02602279,606773.1415389869
v1p7p4,Bayes_Modeled,0.95,2013,TDS,ST,14,14,530162.7080096733,510368.7216626853,549506.2716337577,890.4587663588105,658.7218341591495,1144.2226510949984,472061.2789026971,343680.36281865183,604034.7953014892
v1p7p4,Bayes_Modeled,0.95,2014,TDS,CT,25,25,867560.9802553564,838764.0293364234,895715.8089387768,943.355665290811,753.8864545164041,1152.5381915486691,818390.6589304042,652546.8910016085,1000725.0732920028
v1p7p4,Bayes_Modeled,0.95,2014,TDS,MT,8,8,279749.4275151,269401.03072230326,289564.15442490246,924.0225972238923,734.967261805896,1140.4303091634474,258481.52539405704,203597.85974235897,319792.92999000376
v1p7p4,Bayes_Modeled,0.95,2014,TDS,ST,24,24,839248.2825452999,808203.0921669097,868692.4632747073,937.8485441670217,744.4330304383434,1156.0759852079918,787048.6202041536,623853.2346065119,963103.8215810801
v1p7p4,Bayes_Modeled,0.95,2015,TDS,CT,22,22,736818.9542898783,707063.643104223,765332.910352341,946.013986055754,727.127863016442,1147.6179203022766,697076.0949399619,530968.1597878026,847286.1560737872
v1p7p4,Bayes_Modeled,0.95,2015,TDS,MT,22,22,662751.6129143982,643581.2454158489,681089.3802391224,927.9425789627641,729.2147557168279,1136.1856718324514,614993.6309708044,482673.8402123592,756402.4129661629
v1p7p4,Bayes_Modeled,0.95,2015,TDS,ST,22,22,637927.0399787229,617875.5981586806,657320.7949576838,927.962396643863,722.5187833571002,1135.087479539564,591975.0998414286,460919.3633900982,724354.3889503726
v1p7p4,Bayes_Modeled,0.95,2016,TDS,CT,8,8,187715.76369038003,166015.52264682698,209006.4502233719,903.2044117332521,630.3450489679806,1172.5811605206009,169575.98626616842,117302.59132786946,223438.77053720003
v1p7p4,Bayes_Modeled,0.95,2016,TDS,MT,8,8,161035.9461907516,139115.39204391837,182355.89568654395,906.1904162091446,654.4650783470286,1166.2020037169339,145969.14753062968,100287.65437418761,194138.22926632827
v1p7p4,Bayes_Modeled,0.95,2016,TDS,ST,8,8,159442.9188133929,137552.6678716954,180818.12598255638,906.0828167753256,637.585567877047,1169.3454614514517,144502.7764687551,98779.51340501563,191856.42464085406
v1p7p4,Bayes_Modeled,0.95,2017,TDS,CT,30,30,1103224.3126292403,1057789.6717316764,1148548.3631170958,913.2382971601916,716.1004040619066,1132.2568088532344,1007589.9571409862,788540.3785063936,1255893.6439848312
v1p7p4,Bayes_Modeled,0.95,2017,TDS,MT,24,24,738030.6066739655,712498.0061983637,762678.6983188847,904.6774999298536,736.0502825028404,1121.0459078363338,667695.7484726917,539421.251327279,822148.8335688631
v1p7p4,Bayes_Modeled,0.95,2017,TDS,ST,29,29,864783.2483551763,831724.6870982484,896437.3713042366,905.7548078836776,722.9407993596654,1119.951276397253,783321.1591470577,624960.5497483378,967696.4413463257
v1p7p4,Bayes_Modeled,0.95,2018,TDS,CT,10,10,404392.2445026808,240112.56998569716,550009.6691093738,993.5610475110602,789.4096944937737,1240.7936964409812,403609.2295012593,220508.77706260158,618869.4218167244
v1p7p4,Bayes_Modeled,0.95,2018,TDS,MT,10,10,389782.62877167034,226611.8549248423,535346.0860535142,978.9382207278308,784.606855034639,1213.9797643406432,383328.24916071247,200034.5284038552,584559.4497804957
v1p7p4,Bayes_Modeled,0.95,2018,TDS,ST,10,10,387940.20949531614,224559.25256600612,533534.902908766,978.5569310545062,781.6359728342603,1222.4836243479926,381338.7297149616,202315.1838463159,586300.8789506699
v1p7p4,Bayes_Modeled,0.95,2019,TDS,CT,2,2,99833.36023354936,96421.22056570109,103166.5059842678,1022.5486900650739,838.2795878780884,1232.0136246613224,102082.52943640632,83536.49201036929,121965.81766272383
v1p7p4,Bayes_Modeled,0.95,2019,TDS,MT,2,2,99833.36023354936,96421.22056570109,103166.5059842678,1023.2692065574953,842.5006144868053,1234.5556311518358,102152.64232537434,83553.48670557703,122993.17285072978
v1p7p4,Bayes_Modeled,0.95,2019,TDS,ST,2,2,99833.36023354936,96421.22056570109,103166.5059842678,1022.5486900650739,838.2795878780884,1232.0136246613224,102082.52943640632,83536.49201036929,121965.81766272383
v1p7p4,Bayes_Modeled,0.95,2020,TDS,CT,20,20,700395.0113358038,673438.4846170978,725857.6506335139,913.2959281024672,719.6750540901454,1115.1172488017528,639657.5388599967,500247.3497419225,776691.1617914288
v1p7p4,Bayes_Modeled,0.95,2020,TDS,MT,20,20,563280.6972546937,545234.2553285726,580956.0729125333,924.4885518409302,727.1576167552796,1123.3289235672623,520744.3592190671,411022.0622248665,634117.3768828413
v1p7p4,Bayes_Modeled,0.95,2020,TDS,ST,20,20,568257.7884632539,549404.076061919,586701.0835346084,921.9170732152622,721.6726467345765,1117.870774160505,523887.4635225423,412796.62631836557,637894.1010701251
v1p7p4,Bayes_Modeled,0.95,2021,TDS,CT,31,31,1032858.6477659189,987675.5002117107,1076424.9734392534,955.9746094676365,742.0927962505059,1154.84028054924,987452.5636928423,757654.4812492622,1206472.694688194
v1p7p4,Bayes_Modeled,0.95,2021,TDS,MT,31,31,770084.7771049154,733487.4129041471,807240.5015330799,949.5532183327126,745.1136437799476,1163.5936415543592,731260.2054652009,574811.2864238422,901204.4321314492
v1p7p4,Bayes_Modeled,0.95,2021,TDS,ST,29,29,756434.934646085,727403.925702287,786282.8642576997,951.106617125068,741.3684503351801,1153.0081462254725,719488.2978527813,563850.6372262518,880146.8971586822
v1p7p4,Bayes_Modeled,0.95,2022,TDS,CT,45,45,1524356.2578078539,1477773.4716641852,1569261.2112943619,919.8415069949691,752.7080514566535,1103.9788012159297,1402212.26711759,1140708.4251999215,1690844.824557661
v1p7p4,Bayes_Modeled,0.95,2022,TDS,MT,47,47,1436878.4444847954,1401914.7500933283,1470962.269960918,923.8402436525382,755.1455815943233,1110.9867157079086,1327482.3837969485,1077018.6113871792,1606915.2913730089
v1p7p4,Bayes_Modeled,0.95,2022,TDS,ST,47,47,1465315.7379151592,1429214.2913231642,1499638.2663143328,923.0297820973788,752.2763762276579,1109.3049155793542,1352576.6136876,1097332.5162244455,1638981.9746395552
v1p7p4,Bayes_Modeled,0.95,2023,TDS,CT,45,45,1856382.3157686682,1807016.6906154684,1906052.31516508,1126.9686117894971,1099.5400959924814,1153.0183712749752,2092077.298079014,2016713.8239511945,2165894.4848469323
v1p7p4,Bayes_Modeled,0.95,2023,TDS,MT,51,51,1988228.58429156,1943722.148908148,2035458.1665055782,1124.6382699443484,1103.3027810602189,1145.3994679805778,2236034.3539819224,2169113.209997867,2301848.671570843
v1p7p4,Bayes_Modeled,0.95,2023,TDS,ST,45,45,1723042.8043083188,1687149.8451179808,1759880.6467784392,1129.5412129460094,1107.2114322411635,1151.2832307377716,1946243.5388028312,1889253.3872922705,2003226.7376176259
v1p7p4,Bayes_Modeled,0.95,2024,TDS,CT,32,32,1597333.7637367898,1542739.5290512175,1650664.0957482848,1103.9242536251902,1064.316084892871,1146.0393295426477,1763332.1865569188,1681532.6249474564,1855761.7025911538
v1p7p4,Bayes_Modeled,0.95,2024,TDS,MT,32,32,1597333.7637367898,1542739.5290512175,1650664.0957482848,1104.172812315342,1064.7069320131359,1145.8248306550968,1763730.2954111863,1681681.3291642307,1857418.3007348147
v1p7p4,Bayes_Modeled,0.95,2024,TDS,ST,32,32,1597333.7637367898,1542739.5290512175,1650664.0957482848,1103.8776620549927,1064.342464176878,1145.8956546411096,1763257.6325445683,1681721.0856308918,1855751.6529060663
v1p7p4,Bayes_Modeled,0.95,2025,TDS,CT,58,58,1989421.0283824287,1925049.2756682942,2051451.2920074165,705.9013469933578,674.0144483568706,739.1797681608739,1404309.2944781163,1325480.3784924967,1482408.4809580273
v1p7p4,Bayes_Modeled,0.95,2025,TDS,MT,58,58,1638534.4131440213,1593912.7794892504,1684095.006455265,715.8853836970544,689.6534472317475,742.1425556137704,1172993.6304526895,1123776.780592733,1228083.9956356583
v1p7p4,Bayes_Modeled,0.95,2025,TDS,ST,58,58,1715903.5077690228,1673453.0238992255,1757589.559946097,718.0526432198113,693.373803507571,742.2028855668195,1232108.563586165,1180285.8344868566,1285271.9678512118
v1p7p4,Bayes_Modeled,0.95,2011,TKN,CT,12,12,405649.15824972437,387718.78745849244,422905.3422644907,3.4177773233095556,1.0223691240686068,5.694580973355939,1386.8956794620617,408.9627453485866,2323.085432614347
v1p7p4,Bayes_Modeled,0.95,2011,TKN,MT,12,12,419618.6447208219,404096.7476804587,434340.2652161842,2.220234915393302,-0.18570235191468842,4.364107174793007,931.8305397900652,-79.13793702503347,1831.031543426095
v1p7p4,Bayes_Modeled,0.95,2011,TKN,ST,12,12,420443.12749503576,404032.61556670576,435991.93963968835,2.149555646777352,-0.2621803342930466,4.2881359217875215,903.9298637069749,-109.58623320044434,1802.3809336763234
v1p7p4,Bayes_Modeled,0.95,2012,TKN,CT,16,16,541074.6423254262,517289.75892404374,564003.886894135,3.5758767052664187,1.8429129329994485,5.207557261549333,1934.5664574124407,991.5102780684296,2839.949062430474
v1p7p4,Bayes_Modeled,0.95,2012,TKN,MT,18,18,628282.8521170468,605723.8673380705,650029.9435865328,2.4768548496391203,0.6350002151647682,4.101149619930807,1556.2248441917109,391.28448664401606,2594.104072553082
v1p7p4,Bayes_Modeled,0.95,2012,TKN,ST,16,16,557379.9343004702,538165.8151127505,575943.6680976944,2.5093128452761904,0.6782442524427346,4.089915846435884,1398.6723684806268,376.10334596455084,2294.493066502834
v1p7p4,Bayes_Modeled,0.95,2013,TKN,CT,14,14,529136.6850017627,509392.5750140158,548345.8314174614,3.411959462237381,2.5916661039769635,4.212569136629295,1805.305413283465,1378.5233518060595,2242.435448772465
v1p7p4,Bayes_Modeled,0.95,2013,TKN,MT,14,14,530162.7080096733,510368.7216626853,549506.2716337579,3.2853505926008957,2.440520240359776,4.142920620778041,1741.6500741249688,1290.9312187566416,2205.3452355047184
v1p7p4,Bayes_Modeled,0.95,2013,TKN,ST,14,14,530162.7080096733,510368.7216626853,549506.2716337577,3.3365682423803675,2.51053441921092,4.1407882983139235,1768.827381868186,1336.9798804519864,2203.0521862719092
v1p7p4,Bayes_Modeled,0.95,2014,TKN,CT,25,25,867560.9802553564,838764.0293364234,895715.8089387768,3.0055581729127168,1.9286872718827905,4.021272055599853,2607.2212844820015,1673.7519914526517,3489.4048988615887
v1p7p4,Bayes_Modeled,0.95,2014,TKN,MT,8,8,279749.4275151,269401.03072230326,289564.15442490246,2.5637808908524624,1.4777157970474737,3.587028681215181,717.131130118294,414.4485550581105,1009.4302379461443
v1p7p4,Bayes_Modeled,0.95,2014,TKN,ST,24,24,839248.2825452999,808203.0921669097,868692.4632747073,2.7501304863126776,1.6787751956031598,3.7665033752936954,2307.823556993348,1424.8716709755809,3162.5501854871864
v1p7p4,Bayes_Modeled,0.95,2015,TKN,CT,22,22,736818.9542898783,707063.643104223,765332.910352341,1.8394199512070661,1.2853291435152852,2.3976798730576627,1355.2608725264056,942.3456049080916,1773.8396054067482
v1p7p4,Bayes_Modeled,0.95,2015,TKN,MT,22,22,662751.6129143982,643581.2454158489,681089.3802391224,0.7470230155090104,0.2655741252248509,1.2319314469583449,495.1916814476743,176.21361014511785,814.6950166970282
v1p7p4,Bayes_Modeled,0.95,2015,TKN,ST,22,22,637927.0399787229,617875.5981586806,657320.7949576838,0.7676583113083015,0.2798230406144819,1.2553081453456212,489.7737034860787,175.57353692880702,799.8774965016316
v1p7p4,Bayes_Modeled,0.95,2016,TKN,CT,8,8,187715.76369038003,166015.52264682698,209006.4502233719,0.5600217898021769,-0.05794853272503271,1.1755704088185266,105.28949542466381,-11.011901617318728,226.78300522585022
v1p7p4,Bayes_Modeled,0.95,2016,TKN,MT,8,8,161035.9461907516,139115.39204391837,182355.89568654395,0.43647648084935564,-0.19232283103379377,1.0320517063950123,70.3780731577369,-32.0764146010872,167.12925884891084
v1p7p4,Bayes_Modeled,0.95,2016,TKN,ST,8,8,159442.9188133929,137552.6678716954,180818.12598255638,0.5045874564135093,-0.11604016965113712,1.1185392536731245,80.61686732299893,-18.479229939075964,185.5215926121553
v1p7p4,Bayes_Modeled,0.95,2017,TKN,CT,30,30,1103224.3126292403,1057789.6717316764,1148548.3631170958,2.108570398059628,1.63055787231657,2.561793860750136,2326.2702227709583,1798.737447736708,2835.5326432305787
v1p7p4,Bayes_Modeled,0.95,2017,TKN,MT,24,24,738030.6066739655,712498.0061983637,762678.6983188847,1.3524199837239341,0.9304413867025245,1.7761062376854873,998.1447445968067,686.5945275952579,1308.439739217899
v1p7p4,Bayes_Modeled,0.95,2017,TKN,ST,29,29,864783.2483551763,831724.6870982484,896437.3713042366,1.4168205988986957,1.0105673717896049,1.814635202422925,1225.2364961206003,869.138973552594,1570.6043309869842
v1p7p4,Bayes_Modeled,0.95,2018,TKN,CT,10,10,404392.2445026808,240112.56998569716,550009.6691093738,2.9931955631287757,1.3847851953202484,4.634888153263905,1220.8795857138714,498.5605474316673,2263.547107835531
v1p7p4,Bayes_Modeled,0.95,2018,TKN,MT,10,10,389782.62877167034,226611.8549248423,535346.0860535142,2.137183849007594,0.4807498664095715,3.848747590987866,842.3980150079165,180.6713984060237,1760.4499451687866
v1p7p4,Bayes_Modeled,0.95,2018,TKN,ST,10,10,387940.20949531614,224559.25256600612,533534.902908766,2.1901437016661798,0.5890884809217947,3.8355838292615267,858.8772201494954,204.65776379570033,1772.8289064721303
v1p7p4,Bayes_Modeled,0.95,2019,TKN,CT,2,2,99833.36023354936,96421.22056570109,103166.5059842678,2.0704907968750077,0.4151133333185555,3.6882773369663004,206.68496012928887,41.13870862702898,366.7809758419427
v1p7p4,Bayes_Modeled,0.95,2019,TKN,MT,2,2,99833.36023354936,96421.22056570109,103166.5059842678,2.019273147095536,0.4440117116230051,3.6331129811770966,201.5669474071062,43.975680498438116,368.3564922662347
v1p7p4,Bayes_Modeled,0.95,2019,TKN,ST,2,2,99833.36023354936,96421.22056570109,103166.5059842678,2.0704907968750077,0.4151133333185555,3.6882773369663004,206.68496012928887,41.13870862702898,366.7809758419427
v1p7p4,Bayes_Modeled,0.95,2020,TKN,CT,20,20,700395.0113358038,673438.4846170978,725857.6506335139,1.292298145554995,0.7888320198310037,1.778363307983307,905.14442974358,554.2255925661933,1254.318516678581
v1p7p4,Bayes_Modeled,0.95,2020,TKN,MT,20,20,563280.6972546937,545234.2553285726,580956.0729125333,1.3341712522968834,0.8570277861576201,1.815689798848396,751.4179320668031,485.60964840952715,1020.869373614461
v1p7p4,Bayes_Modeled,0.95,2020,TKN,ST,20,20,568257.7884632539,549404.076061919,586701.0835346084,1.3148890233724309,0.8543806288134845,1.7523460256509815,747.0674572551382,487.7672338233133,996.3191696975979
v1p7p4,Bayes_Modeled,0.95,2021,TKN,CT,31,31,1032858.6477659189,987675.5002117107,1076424.9734392534,2.723668962676533,2.3339928631922753,3.141319419133141,2813.25474170637,2392.327639915272,3274.3733004835613
v1p7p4,Bayes_Modeled,0.95,2021,TKN,MT,31,31,770084.7771049154,733487.4129041471,807240.5015330799,1.8891274814447205,1.5138062754819828,2.2339988640111343,1454.8130956271061,1154.1255158780007,1743.8953076380933
v1p7p4,Bayes_Modeled,0.95,2021,TKN,ST,29,29,756434.934646085,727403.925702287,786282.8642576997,1.9979740422285597,1.6439152283675151,2.327773325394426,1511.2574776612475,1240.8582993020013,1768.5343229785597
v1p7p4,Bayes_Modeled,0.95,2022,TKN,CT,45,45,1524356.2578078539,1477773.4716641852,1569261.2112943619,1.3410518054447909,1.006612228573706,1.6826020525825784,2044.1893289303662,1528.463607224643,2565.8580027587805
v1p7p4,Bayes_Modeled,0.95,2022,TKN,MT,47,47,1436878.4444847954,1401914.7500933283,1470962.269960918,1.22184026701244,0.8782010253535399,1.575619271021601,1755.5943792478843,1248.3436438117565,2261.2673371139417
v1p7p4,Bayes_Modeled,0.95,2022,TKN,ST,47,47,1465315.7379151592,1429214.2913231642,1499638.2663143328,1.303519268548335,0.9798217008666354,1.6239619595519699,1909.9465576472176,1439.6701860928354,2383.0186449651746
v1p7p4,Bayes_Modeled,0.95,2023,TKN,CT,45,45,1856382.3157686682,1807016.6906154684,1906052.31516508,2.435605191872684,2.171699284923014,2.702293161514511,4521.299392649244,4009.9307111856892,5034.634531228401
v1p7p4,Bayes_Modeled,0.95,2023,TKN,MT,51,51,1988228.58429156,1943722.148908148,2035458.1665055782,2.3884472677109443,2.138157686522259,2.6393236024498115,4748.728042551517,4234.546980528006,5268.250907087686
v1p7p4,Bayes_Modeled,0.95,2023,TKN,ST,45,45,1723042.8043083188,1687149.8451179808,1759880.6467784392,2.2192392873337856,1.9640741732547133,2.4662537497859183,3823.821460895027,3379.506565206574,4273.721820513051
v1p7p4,Bayes_Modeled,0.95,2024,TKN,CT,32,32,1597333.7637367898,1542739.5290512175,1650664.0957482848,1.2318275843793605,0.840487004522307,1.6111972754829862,1967.5921162116003,1347.1156803009048,2573.4190627453554
v1p7p4,Bayes_Modeled,0.95,2024,TKN,MT,32,32,1597333.7637367898,1542739.5290512175,1650664.0957482848,1.2640004704757595,0.8740703975610102,1.6477026120653764,2018.9896416993324,1399.5896556073644,2622.4314269919787
v1p7p4,Bayes_Modeled,0.95,2024,TKN,ST,32,32,1597333.7637367898,1542739.5290512175,1650664.0957482848,1.2326025247632013,0.8408133310888383,1.6095162467511206,1968.828460256856,1348.5554009771208,2574.4625623165653
v1p7p4,Bayes_Modeled,0.95,2025,TKN,CT,58,58,1989421.0283824287,1925049.2756682942,2051451.2920074165,0.5549959262410733,0.2520186453771507,0.8606082210944936,1104.1716978404932,499.5371942558787,1711.712148869372
v1p7p4,Bayes_Modeled,0.95,2025,TKN,MT,58,58,1638534.4131440213,1593912.7794892504,1684095.006455265,0.6865354959517879,0.42034022920789027,0.9627433929031367,1124.7716941897834,688.7214962945629,1573.1484439288404
v1p7p4,Bayes_Modeled,0.95,2025,TKN,ST,58,58,1715903.5077690228,1673453.0238992255,1757589.559946097,0.8583032423442235,0.5964865403076897,1.1300793876582582,1472.6395222454128,1027.6984031719924,1941.00892263576
v1p7p4,Bayes_Modeled,0.95,2011,TN,CT,12,12,405649.15824972437,387718.78745849244,422905.3422644907,5.233826147684751,3.1337332705982095,7.458762611784545,2123.3171182412975,1265.7831785260673,3022.944957229053
v1p7p4,Bayes_Modeled,0.95,2011,TN,MT,12,12,419618.6447208219,404096.7476804587,434340.2652161842,4.169860464814559,1.399963998172448,7.54088866757494,1750.3563876588055,588.7032312130432,3160.751242636954
v1p7p4,Bayes_Modeled,0.95,2011,TN,ST,12,12,420443.12749503576,404032.61556670576,435991.93963968835,4.107064929724837,1.2868598688424218,7.535704029757248,1727.4260234028627,539.0324772612136,3175.6886937348836
v1p7p4,Bayes_Modeled,0.95,2012,TN,CT,18,18,608948.7310617309,582390.6043517041,634600.6451449345,2.0836380386649136,0.10707530519527896,4.554660964982976,1268.8058062555936,65.29000370028402,2770.3033909555743
v1p7p4,Bayes_Modeled,0.95,2012,TN,MT,18,18,628282.8521170468,605723.8673380705,650029.9435865328,1.116790270564673,-1.6391201649702167,4.824390361133302,702.7251003539182,-1037.783724522648,2965.4452880464487
v1p7p4,Bayes_Modeled,0.95,2012,TN,ST,16,16,557379.9343004702,538165.8151127505,575943.6680976944,1.2402246203770912,-1.5315921336005922,4.761425811191442,691.952883431331,-845.4845495646964,2657.762809163274
v1p7p4,Bayes_Modeled,0.95,2013,TN,CT,14,14,529136.6850017627,509392.5750140158,548345.8314174614,2.8367835851877623,-3.745261464454502,9.124311095714472,1500.4425640209013,-1970.8454648078748,4804.958591908158
v1p7p4,Bayes_Modeled,0.95,2013,TN,MT,14,14,530162.7080096733,510368.7216626853,549506.2716337579,2.698933655394316,-4.007582799118157,9.092369965910072,1430.5268571080458,-2135.5225194783475,4850.961062511957
v1p7p4,Bayes_Modeled,0.95,2013,TN,ST,14,14,530162.7080096733,510368.7216626853,549506.2716337577,2.7698016810920594,-3.8166884869709357,9.104693749216256,1467.8905134132372,-2011.425731839611,4810.393578914851
v1p7p4,Bayes_Modeled,0.95,2014,TN,CT,25,25,867560.9802553564,838764.0293364234,895715.8089387768,5.470224851906374,3.4206199598405878,8.27473034904541,4747.03260829599,2972.8108142188535,7173.712744736948
v1p7p4,Bayes_Modeled,0.95,2014,TN,MT,12,12,419624.1412726499,404101.54608345486,434346.23163735366,5.209963659952849,2.927034649817001,8.345585554718006,2187.1028799212,1214.9879445114734,3511.3864179323004
v1p7p4,Bayes_Modeled,0.95,2014,TN,ST,24,24,839248.2825452999,808203.0921669097,868692.4632747073,5.234350860971281,2.9659188756322465,8.308367948134453,4394.348487579589,2483.8954539603874,6985.621698633813
v1p7p4,Bayes_Modeled,0.95,2015,TN,CT,22,22,736818.9542898783,707063.643104223,765332.910352341,9.019379989090893,7.919347203863326,10.263173529332764,6646.234084438859,5738.42295726529,7643.023383689036
v1p7p4,Bayes_Modeled,0.95,2015,TN,MT,22,22,662751.6129143982,643581.2454158489,681089.3802391224,8.927327159436242,8.10068441091395,9.726158668673195,5916.500950090413,5366.390435775827,6470.93657381772
v1p7p4,Bayes_Modeled,0.95,2015,TN,ST,22,22,637927.0399787229,617875.5981586806,657320.7949576838,9.20943827134469,8.016306176276888,10.20408933794536,5874.728345540668,5117.225813800555,6536.434326115079
v1p7p4,Bayes_Modeled,0.95,2016,TN,CT,8,8,187715.76369038003,166015.52264682698,209006.4502233719,4.4264140364387075,3.0791648933878664,6.072499656135639,831.0731152607914,563.333617413646,1161.196044099143
v1p7p4,Bayes_Modeled,0.95,2016,TN,MT,8,8,161035.9461907516,139115.39204391837,182355.89568654395,4.994168933353488,3.7365565303108528,6.205901998449107,804.2704217839079,583.4239340971437,1031.900692227968
v1p7p4,Bayes_Modeled,0.95,2016,TN,ST,8,8,159442.9188133929,137552.6678716954,180818.12598255638,5.118026883335374,3.8173182337297664,6.351847770437537,815.9897955949771,586.0904000592878,1041.0540225596471
v1p7p4,Bayes_Modeled,0.95,2017,TN,CT,30,30,1103224.3126292403,1057789.6717316764,1148548.3631170958,5.756642393701521,-0.44441061712921204,12.971242170153651,6349.660064821783,-493.39708012671116,14087.83639120441
v1p7p4,Bayes_Modeled,0.95,2017,TN,MT,24,24,738030.6066739655,712498.0061983637,762678.6983188847,6.523033480212772,0.07112366756179588,14.298805945069013,4814.642215052473,51.581483244498024,10602.683359626522
v1p7p4,Bayes_Modeled,0.95,2017,TN,ST,29,29,864783.2483551763,831724.6870982484,896437.3713042366,6.7590657075110565,0.2656450926940695,14.706549102437398,5846.330726401563,230.71326717300155,12766.875503347524
v1p7p4,Bayes_Modeled,0.95,2018,TN,CT,10,10,404392.2445026808,240112.56998569716,550009.6691093738,6.962286434197757,0.8471984551781588,13.26545747696424,2834.0740000479323,303.42468746509735,5945.700894541638
v1p7p4,Bayes_Modeled,0.95,2018,TN,MT,10,10,389782.62877167034,226611.8549248423,535346.0860535142,6.642067592624044,0.450537562860311,13.146745654331516,2605.1413824554243,137.01819930701544,5526.8416642495085
v1p7p4,Bayes_Modeled,0.95,2018,TN,ST,10,10,387940.20949531614,224559.25256600612,533534.902908766,6.749667753153448,0.542925945338127,13.112349826041935,2634.0742852495255,220.46813431999357,5538.044993607539
v1p7p4,Bayes_Modeled,0.95,2019,TN,CT,2,2,99833.36023354936,96421.22056570109,103166.5059842678,6.750646039688765,-0.5721827776952975,13.538066978847105,673.8555233843853,-57.63995385024651,1352.1986574205366
v1p7p4,Bayes_Modeled,0.95,2019,TN,MT,2,2,99833.36023354936,96421.22056570109,103166.5059842678,6.679778013991022,-0.6390064135299719,13.448536574552573,666.801671705077,-63.32445907394428,1338.4817755391107
v1p7p4,Bayes_Modeled,0.95,2019,TN,ST,2,2,99833.36023354936,96421.22056570109,103166.5059842678,6.750646039688765,-0.5721827776952975,13.538066978847105,673.8555233843853,-57.63995385024651,1352.1986574205366
v1p7p4,Bayes_Modeled,0.95,2020,TN,CT,20,20,700395.0113358038,673438.4846170978,725857.6506335139,5.664696721855185,0.017351250884662075,11.090831994110047,3969.4482653884806,11.724740144260988,7779.198289747348
v1p7p4,Bayes_Modeled,0.95,2020,TN,MT,20,20,563280.6972546937,545234.2553285726,580956.0729125333,7.086841473805382,1.949684061540609,12.584289642163464,3993.55343055318,1099.2614707610192,7138.1192555539465
v1p7p4,Bayes_Modeled,0.95,2020,TN,ST,20,20,568257.7884632539,549404.076061919,586701.0835346084,7.05783838647305,1.8925775374656815,12.478423287464269,4012.2551258302483,1057.4394032306755,7100.8405098050935
v1p7p4,Bayes_Modeled,0.95,2021,TN,CT,31,31,1032858.6477659189,987675.5002117107,1076424.9734392534,6.580509182104064,1.420868473962453,12.63400648349194,6794.974507007362,1463.3958866613984,13144.985078248203
v1p7p4,Bayes_Modeled,0.95,2021,TN,MT,31,31,770084.7771049154,733487.4129041471,807240.5015330799,7.718932842810097,1.3418694072236192,14.942658673094034,5947.054917405341,1038.3001397225237,11348.526058025971
v1p7p4,Bayes_Modeled,0.95,2021,TN,ST,29,29,756434.934646085,727403.925702287,786282.8642576997,7.605023466290538,1.720260546688575,14.5328141689363,5754.499532134493,1307.299414082453,11004.75259988289
v1p7p4,Bayes_Modeled,0.95,2022,TN,CT,45,45,1524356.2578078539,1477773.4716641852,1569261.2112943619,5.855174216335576,0.6484068059354877,11.855568206119752,8922.595367170723,982.2130642593299,17875.660328262267
v1p7p4,Bayes_Modeled,0.95,2022,TN,MT,47,47,1436878.4444847954,1401914.7500933283,1470962.269960918,6.418423125651902,1.2908568409931722,12.694937419203498,9220.488990534668,1855.4989741918396,18163.942940494126
v1p7p4,Bayes_Modeled,0.95,2022,TN,ST,47,47,1465315.7379151592,1429214.2913231642,1499638.2663143328,6.393455063672914,1.2860417802116566,12.738974620974691,9365.835178633773,1894.9671422798315,18524.161945442018
v1p7p4,Bayes_Modeled,0.95,2023,TN,CT,45,45,1856382.3157686682,1807016.6906154684,1906052.31516508,6.233867526230279,-0.08918160755377195,12.83381023618238,11571.096513424991,-166.3407226891615,23906.132721530073
v1p7p4,Bayes_Modeled,0.95,2023,TN,MT,51,51,1988228.58429156,1943722.148908148,2035458.1665055782,6.472740038274266,0.17174996134890766,13.227087623868364,12868.077507352426,338.8597071628219,26390.11868038906
v1p7p4,Bayes_Modeled,0.95,2023,TN,ST,45,45,1723042.8043083188,1687149.8451179808,1759880.6467784392,6.687949099716205,0.49700225975923107,13.532501339699436,11523.360092622632,850.9486099019341,23440.056982562164
v1p7p4,Bayes_Modeled,0.95,2024,TN,CT,32,32,1597333.7637367898,1542739.5290512175,1650664.0957482848,6.526031108714654,-0.9743335744500515,13.569661306680638,10425.021937952442,-1575.4135179702328,21617.096448521814
v1p7p4,Bayes_Modeled,0.95,2024,TN,MT,32,32,1597333.7637367898,1542739.5290512175,1650664.0957482848,6.536000325360899,-0.9433464198627655,13.591019980604756,10440.920410000886,-1521.4945223793982,21620.228114725862
v1p7p4,Bayes_Modeled,0.95,2024,TN,ST,32,32,1597333.7637367898,1542739.5290512175,1650664.0957482848,6.536354535719982,-0.9607108187442988,13.59213170723429,10441.513057030128,-1553.3550583475226,21638.31421698357
v1p7p4,Bayes_Modeled,0.95,2025,TN,CT,58,58,1989421.0283824287,1925049.2756682942,2051451.2920074165,5.608198266411729,-1.2386753020902581,12.593020477868356,11157.113079720364,-2471.897254174064,24846.278350644494
v1p7p4,Bayes_Modeled,0.95,2025,TN,MT,58,58,1638534.4131440213,1593912.7794892504,1684095.006455265,6.947077047441353,0.2548654780198578,14.488675023734103,11380.426687548017,421.02570092596494,23571.264225370505
v1p7p4,Bayes_Modeled,0.95,2025,TN,ST,58,58,1715903.5077690228,1673453.0238992255,1757589.559946097,6.7902858233156795,0.1217129313219957,14.270989638580973,11649.053133451314,210.61480288941073,24341.78569164884
v1p7p4,Bayes_Modeled,0.95,2011,TP,CT,12,12,405649.15824972437,387718.78745849244,422905.3422644907,2.0245857082696026,0.9541364960994452,3.0597967890400595,821.3418461721966,387.3644100756717,1240.1063831019799
v1p7p4,Bayes_Modeled,0.95,2011,TP,MT,12,12,419618.6447208219,404096.7476804587,434340.2652161842,0.9295625874310128,-0.09229321502877283,1.9030840629507857,389.9242332869736,-38.95578220880918,802.9266145077017
v1p7p4,Bayes_Modeled,0.95,2011,TP,ST,12,12,420443.12749503576,404032.61556670576,435991.93963968835,0.8649340341649148,-0.17054275886245246,1.8658217721649606,363.51621204314665,-72.21067501049687,782.618314155942
v1p7p4,Bayes_Modeled,0.95,2012,TP,CT,18,18,608948.7310617309,582390.6043517041,634600.6451449345,1.7333097357190115,0.8528805495924381,2.6068319432831526,1055.4324138746638,515.1124676528256,1575.2382406100637
v1p7p4,Bayes_Modeled,0.95,2012,TP,MT,18,18,628282.8521170468,605723.8673380705,650029.9435865328,0.737721737784457,-0.13201875982799222,1.658782111818791,463.48856406600964,-82.64997561279591,1035.3506801119975
v1p7p4,Bayes_Modeled,0.95,2012,TP,ST,16,16,557379.9343004702,538165.8151127505,575943.6680976944,0.6895499696086076,-0.17463159383635057,1.5760088080666563,384.32494231817265,-97.8700903871947,870.5979609062254
v1p7p4,Bayes_Modeled,0.95,2013,TP,CT,14,14,529136.6850017627,509392.5750140158,548345.8314174614,0.0971143524271097,-0.8884836551463569,1.1138319082916404,51.298268990530715,-478.29726467913895,596.4855432021732
v1p7p4,Bayes_Modeled,0.95,2013,TP,MT,14,14,530162.7080096733,510368.7216626853,549506.2716337579,0.05725340116322134,-0.9717969983666082,1.058910062232162,30.24267163833053,-516.8397046706891,560.7421599130068
v1p7p4,Bayes_Modeled,0.95,2013,TP,ST,14,14,530162.7080096733,510368.7216626853,549506.2716337577,0.028177228943271973,-0.9741318565718812,1.0572396689823569,14.853765526535028,-523.5993998636085,562.0391945741774
v1p7p4,Bayes_Modeled,0.95,2014,TP,CT,25,25,867560.9802553564,838764.0293364234,895715.8089387768,0.889522899034161,0.19477380623883053,1.5948893921893788,771.7150315220235,168.3907479455085,1383.8326963484906
v1p7p4,Bayes_Modeled,0.95,2014,TP,MT,12,12,419624.1412726499,404101.54608345486,434346.23163735366,0.7317708783719907,-0.04719223734757211,1.5257829584387013,307.05922567266333,-19.805619958283714,643.8064143221713
v1p7p4,Bayes_Modeled,0.95,2014,TP,ST,24,24,839248.2825452999,808203.0921669097,868692.4632747073,0.6596055857876025,-0.07184962327149594,1.3961835730210175,553.5523828046828,-60.378246039931696,1170.808595644144
v1p7p4,Bayes_Modeled,0.95,2015,TP,CT,22,22,736818.9542898783,707063.643104223,765332.910352341,1.1619880100433908,0.32346441858255925,1.9538408157561058,856.4194312050898,241.4906924052313,1439.8091865036786
v1p7p4,Bayes_Modeled,0.95,2015,TP,MT,22,22,662751.6129143982,643581.2454158489,681089.3802391224,0.5257981793352896,-0.20980463333117264,1.274767373771602,348.56341672752643,-140.30645983137154,844.7978674796657
v1p7p4,Bayes_Modeled,0.95,2015,TP,ST,22,22,637927.0399787229,617875.5981586806,657320.7949576838,0.54339345080841706,-0.16391896931144626,1.2482260989498817,346.7566321732196,-103.49896469983335,799.4857728738396
v1p7p4,Bayes_Modeled,0.95,2016,TP,CT,8,8,187715.76369038003,166015.52264682698,209006.4502233719,-0.017833551434084504,-0.8664933845077185,0.7844933363251118,-3.0992073136053935,-161.75520342680431,149.23906956858224
v1p7p4,Bayes_Modeled,0.95,2016,TP,MT,8,8,161035.9461907516,139115.39204391837,182355.89568654395,0.16875371495236713,-0.6845106303052368,1.0046290532758566,27.434368760549837,-109.53730708247201,165.09924849758193
v1p7p4,Bayes_Modeled,0.95,2016,TP,ST,8,8,159442.9188133929,137552.6678716954,180818.12598255638,0.16700177979544564,-0.6699399036965761,0.9869283904270465,26.86342471335809,-104.25351612643551,156.33621451687532
v1p7p4,Bayes_Modeled,0.95,2017,TP,CT,30,30,1103224.3126292403,1057789.6717316764,1148548.3631170958,0.21511817575713169,-0.4269347416987468,0.9070182625374613,237.53650324641114,-474.37906851412856,994.5418738542355
v1p7p4,Bayes_Modeled,0.95,2017,TP,MT,24,24,738030.6066739655,712498.0061983637,762678.6983188847,0.11061410168280772,-0.4871321169016776,0.6833291277087545,81.57205542488417,-361.80445394636536,506.5238482691133
v1p7p4,Bayes_Modeled,0.95,2017,TP,ST,29,29,864783.2483551763,831724.6870982484,896437.3713042366,0.11756819370857527,-0.48224566009579883,0.688099428654379,101.66420399261571,-424.7007936552195,593.0265909038767
v1p7p4,Bayes_Modeled,0.95,2018,TP,CT,10,10,404392.2445026808,240112.56998569716,550009.6691093738,1.5756321734348706,-0.4486283998482966,3.7919578982256006,648.4497271290468,-156.15339498778854,1666.9132168048548
v1p7p4,Bayes_Modeled,0.95,2018,TP,MT,10,10,389782.62877167034,226611.8549248423,535346.0860535142,1.012948870294726,-0.9186102373650515,3.19781039693024,406.31780515218423,-328.4158056719096,1361.7992548815587
v1p7p4,Bayes_Modeled,0.95,2018,TP,ST,10,10,387940.20949531614,224559.25256600612,533534.902908766,0.9955697599761401,-0.941539863347018,3.193514239525178,397.24686626907595,-355.6420460865346,1349.9570520737207
v1p7p4,Bayes_Modeled,0.95,2019,TP,CT,2,2,99833.36023354936,96421.22056570109,103166.5059842678,0.6984673781445783,-1.2438462009021565,3.0090696933283523,69.7585115051541,-121.8778871689008,300.51916430172315
v1p7p4,Bayes_Modeled,0.95,2019,TP,MT,2,2,99833.36023354936,96421.22056570109,103166.5059842678,0.7275435503645278,-1.2192581082441585,3.080933580017816,72.66065447833093,-119.51347713602883,307.0388316705455
v1p7p4,Bayes_Modeled,0.95,2019,TP,ST,2,2,99833.36023354936,96421.22056570109,103166.5059842678,0.6984673781445783,-1.2438462009021565,3.0090696933283523,69.7585115051541,-121.8778871689008,300.51916430172315
v1p7p4,Bayes_Modeled,0.95,2020,TP,CT,20,20,700395.0113358038,673438.4846170978,725857.6506335139,0.15007932278100916,-0.5655170844587678,0.8960962073415758,105.22848731971708,-396.3900967608698,635.405719534036
v1p7p4,Bayes_Modeled,0.95,2020,TP,MT,20,20,563280.6972546937,545234.2553285726,580956.0729125333,0.7233475062093241,0.06427140157976986,1.3831283498690912,407.41217301670446,36.29037526156008,780.158731561369
v1p7p4,Bayes_Modeled,0.95,2020,TP,ST,20,20,568257.7884632539,549404.076061919,586701.0835346084,0.6182053591676265,-0.041883457258017995,1.2658791690279365,351.27594270855184,-23.977248869774495,715.456748745064
v1p7p4,Bayes_Modeled,0.95,2021,TP,CT,31,31,1032858.6477659189,987675.5002117107,1076424.9734392534,0.6071541471868616,0.025821682359036216,1.2089456469260647,627.5260016879649,26.73645285996691,1251.2405327377255
v1p7p4,Bayes_Modeled,0.95,2021,TP,MT,31,31,770084.7771049154,733487.4129041471,807240.5015330799,0.5223341821183883,-0.0010794442050656723,1.048968833142987,402.13044341359654,-0.7895838295572017,810.8206177608317
v1p7p4,Bayes_Modeled,0.95,2021,TP,ST,29,29,756434.934646085,727403.925702287,786282.8642576997,0.5082928800897357,0.0091522459778778,1.0094716225480642,384.38222964373773,6.806316100286933,767.0721366103265
v1p7p4,Bayes_Modeled,0.95,2022,TP,CT,45,45,1524356.2578078539,1477773.4716641852,1569261.2112943619,0.05325014884940525,-0.47399177975383266,0.5495673501204141,81.19188326672152,-728.7360693648075,839.491098207581
v1p7p4,Bayes_Modeled,0.95,2022,TP,MT,47,47,1436878.4444847954,1401914.7500933283,1470962.269960918,0.2325574553880235,-0.2982488092537771,0.7563509697361741,334.08773194935503,-429.80978963328675,1079.7199110007937
v1p7p4,Bayes_Modeled,0.95,2022,TP,ST,47,47,1465315.7379151592,1429214.2913231642,1499638.2663143328,0.1939711993061356,-0.2974610229804631,0.6722824932704845,284.1815603301066,-433.7834225074005,985.9003808591222
v1p7p4,Bayes_Modeled,0.95,2023,TP,CT,45,45,1856382.3157686682,1807016.6906154684,1906052.31516508,0.726860973542867,0.31117150898196755,1.1616022625437246,1349.3232049331539,569.3553241655316,2141.213706615231
v1p7p4,Bayes_Modeled,0.95,2023,TP,MT,51,51,1988228.58429156,1943722.148908148,2035458.1665055782,0.668169553742591,0.28909789261023816,1.0706089128019514,1328.3941532539636,574.8710808124365,2126.097724688985
v1p7p4,Bayes_Modeled,0.95,2023,TP,ST,45,45,1723042.8043083188,1687149.8451179808,1759880.6467784392,0.7266366541411665,0.3278645253864816,1.1503188893811553,1251.918813152361,564.3265790652315,1986.7317465491162
v1p7p4,Bayes_Modeled,0.95,2024,TP,CT,32,32,1597333.7637367898,1542739.5290512175,1650664.0957482848,0.799758499025149,0.20086895346260358,1.3752229962574092,1277.6534700294028,315.1346087905418,2194.9070204740883
v1p7p4,Bayes_Modeled,0.95,2024,TP,MT,32,32,1597333.7637367898,1542739.5290512175,1650664.0957482848,0.8245145839159986,0.22392483138688968,1.4008144402279497,1317.2030282262685,354.62901573613374,2237.8974672237237
v1p7p4,Bayes_Modeled,0.95,2024,TP,ST,32,32,1597333.7637367898,1542739.5290512175,1650664.0957482848,0.8093357244167346,0.2108700970668232,1.3814380601291139,1292.9523417142184,332.8478667161892,2208.5078991323853
v1p7p4,Bayes_Modeled,0.95,2025,TP,CT,58,58,1989421.0283824287,1925049.2756682942,2051451.2920074165,2.72523869642524,2.2745079991361483,3.187872864530177,5421.551503142294,4509.825311524504,6366.075795501503
v1p7p4,Bayes_Modeled,0.95,2025,TP,MT,58,58,1638534.4131440213,1593912.7794892504,1684095.006455265,3.232087982551964,2.8119060339619124,3.6440659620107247,5295.949234364172,4577.6377347871585,5994.024225520125
v1p7p4,Bayes_Modeled,0.95,2025,TP,ST,58,58,1715903.5077690228,1673453.0238992255,1757589.559946097,3.291385880576522,2.8714600681471527,3.70482694081029,5647.775025596979,4923.527763924293,6391.583578680889
v1p7p4,Bayes_Modeled,0.95,2011,TSS,CT,12,12,405649.15824972437,387718.78745849244,422905.3422644907,1731.2627071726822,995.44674990863,2483.765879992974,702331.2873996983,408631.5158669797,1006480.0080334658
v1p7p4,Bayes_Modeled,0.95,2011,TSS,MT,12,12,419618.6447208219,404096.7476804587,434340.2652161842,116.62141988096958,-619.3110690110138,831.1851601019657,48825.924346943895,-264640.1786101439,349304.3186510459
v1p7p4,Bayes_Modeled,0.95,2011,TSS,ST,12,12,420443.12749503576,404032.61556670576,435991.93963968835,21.324865447069534,-726.8235170047387,745.380218221914,8835.809601080524,-307849.11621218175,315983.3351326435
v1p7p4,Bayes_Modeled,0.95,2012,TSS,CT,20,20,676802.2077286803,647597.4374564622,705077.4962055178,1626.2806875748684,974.5143622788297,2268.1393457357326,1100734.1228447098,660734.5929469948,1551274.4018886215
v1p7p4,Bayes_Modeled,0.95,2012,TSS,MT,20,20,698471.2181959713,673187.3948363368,722812.1075880423,42.398654246112095,-655.2867595766468,730.4821399456653,29400.707785966133,-459256.73944045696,508955.84380481835
v1p7p4,Bayes_Modeled,0.95,2012,TSS,ST,20,20,697608.9466279394,673046.302124534,721452.6418297822,183.37287264699447,-464.328356644756,857.8049881874551,127640.02122227561,-325360.4474682299,595574.4093139844
v1p7p4,Bayes_Modeled,0.95,2013,TSS,CT,14,14,529136.6850017627,509392.5750140158,548345.8314174614,328.65209554880164,-549.8600356576546,1241.617326373701,174033.22881988357,-290601.1237834748,660573.775834952
v1p7p4,Bayes_Modeled,0.95,2013,TSS,MT,14,14,530162.7080096733,510368.7216626853,549506.2716337579,145.82519354004572,-750.2150998675182,1064.024225339609,77484.5831734864,-397936.12178770994,570918.9598804957
v1p7p4,Bayes_Modeled,0.95,2013,TSS,ST,14,14,530162.7080096733,510368.7216626853,549506.2716337577,227.00243748597538,-667.0488633896598,1151.9723451428913,120467.092689896,-347871.97153902584,614570.2706749779
v1p7p4,Bayes_Modeled,0.95,2014,TSS,CT,25,25,867560.9802553564,838764.0293364234,895715.8089387768,906.3363704473505,294.8886775279707,1513.7158169620511,786211.4482445177,257899.84231527586,1307123.5633260119
v1p7p4,Bayes_Modeled,0.95,2014,TSS,MT,12,12,419624.1412726499,404101.54608345486,434346.23163735366,515.9008117515762,-180.82460675839147,1204.6586659501806,216462.63608066557,-75019.74151111703,500946.3585051295
v1p7p4,Bayes_Modeled,0.95,2014,TSS,ST,24,24,839248.2825452999,808203.0921669097,868692.4632747073,555.9047671238096,-88.0647795007849,1223.9850433133438,466358.65368750034,-73205.1114328983,1022830.1300948348
v1p7p4,Bayes_Modeled,0.95,2015,TSS,CT,22,22,736818.9542898783,707063.643104223,765332.910352341,1518.5164247142418,921.4875830056624,2109.5911054562484,1118953.5132417819,685891.6734256835,1554939.4183238053
v1p7p4,Bayes_Modeled,0.95,2015,TSS,MT,22,22,662751.6129143982,643581.2454158489,681089.3802391224,295.0920597259176,-248.5254237834045,832.5307292311064,195480.35013448892,-162283.31327387868,556771.4883439378
v1p7p4,Bayes_Modeled,0.95,2015,TSS,ST,22,22,637927.0399787229,617875.5981586806,657320.7949576838,403.41453275327757,-137.8472768318566,942.387431261577,257254.15781011814,-88154.36866719183,595479.012112358
v1p7p4,Bayes_Modeled,0.95,2016,TSS,CT,8,8,187715.76369038003,166015.52264682698,209006.4502233719,610.4773210255032,-163.3967891221273,1382.8471539843047,114737.36305444821,-31610.46848819265,264558.05404900067
v1p7p4,Bayes_Modeled,0.95,2016,TSS,MT,8,8,161035.9461907516,139115.39204391837,182355.89568654395,635.9396577076177,-122.71329789725176,1427.4198678863581,102456.80628513513,-19184.50982429258,228983.60138753464
v1p7p4,Bayes_Modeled,0.95,2016,TSS,ST,8,8,159442.9188133929,137552.6678716954,180818.12598255638,750.7245791661143,-29.340282552075976,1495.2654193711383,119816.37021897122,-4727.26710742841,242230.79356340494
v1p7p4,Bayes_Modeled,0.95,2017,TSS,CT,30,30,1103224.3126292403,1057789.6717316764,1148548.3631170958,1560.9242217988772,1005.1833506992427,2131.1336454212687,1721955.5887439363,1104351.8998712646,2353357.7406191975
v1p7p4,Bayes_Modeled,0.95,2017,TSS,MT,24,24,738030.6066739655,712498.0061983637,762678.6983188847,993.6356006181353,511.684229663102,1469.6375404940195,733208.3889868683,380093.0920271656,1087152.5089254715
v1p7p4,Bayes_Modeled,0.95,2017,TSS,ST,29,29,864783.2483551763,831724.6870982484,896437.3713042366,1111.8132588414603,639.108060969825,1595.7482399257442,961384.2198208373,565751.5372286985,1387256.8113719902
v1p7p4,Bayes_Modeled,0.95,2018,TSS,CT,10,10,404392.2445026808,240112.56998569716,550009.6691093738,3290.2157212520156,1656.3249491928711,5180.969669989208,1336740.4260254845,581901.1452202377,2434935.052786315
v1p7p4,Bayes_Modeled,0.95,2018,TSS,MT,10,10,389782.62877167034,226611.8549248423,535346.0860535142,2258.412747663074,605.2173269551586,4103.37751946538,885346.8668274286,237479.9644590476,1836267.840819973
v1p7p4,Bayes_Modeled,0.95,2018,TSS,ST,10,10,387940.20949531614,224559.25256600612,533534.902908766,2351.499634297995,741.9308535104017,4206.866144614857,917014.519664846,265312.5535041338,1882947.3701473908
v1p7p4,Bayes_Modeled,0.95,2019,TSS,CT,2,2,99833.36023354936,96421.22056570109,103166.5059842678,2055.0334393127155,661.3215639639834,3769.629298513151,205228.67256136166,66249.76098151282,373070.28243976145
v1p7p4,Bayes_Modeled,0.95,2019,TSS,MT,2,2,99833.36023354936,96421.22056570109,103166.5059842678,1973.856195366786,541.6712920980945,3655.3214385580463,197138.34722218438,54396.189763368355,365536.3878575526
v1p7p4,Bayes_Modeled,0.95,2019,TSS,ST,2,2,99833.36023354936,96421.22056570109,103166.5059842678,2055.0334393127155,661.3215639639834,3769.629298513151,205228.67256136166,66249.76098151282,373070.28243976145
v1p7p4,Bayes_Modeled,0.95,2020,TSS,CT,20,20,700395.0113358038,673438.4846170978,725857.6506335139,267.7981150296522,-380.1024954280893,905.527467658985,187697.41279425702,-261513.61516322632,637753.468714595
v1p7p4,Bayes_Modeled,0.95,2020,TSS,MT,20,20,563280.6972546937,545234.2553285726,580956.0729125333,740.240088514345,126.6012851119388,1326.3229707251749,417060.2664482619,71234.47159061693,749652.97437808
v1p7p4,Bayes_Modeled,0.95,2020,TSS,ST,20,20,568257.7884632539,549404.076061919,586701.0835346084,715.2946541872865,114.20590807224288,1289.206111950099,406577.67822586343,64287.19588028607,735200.6251262827
v1p7p4,Bayes_Modeled,0.95,2021,TSS,CT,31,31,1032858.6477659189,987675.5002117107,1076424.9734392534,1208.0471505970092,674.6113479427358,1731.4874820942598,1247774.9330390336,703426.3749596821,1769875.4288939408
v1p7p4,Bayes_Modeled,0.95,2021,TSS,MT,31,31,770084.7771049154,733487.4129041471,807240.5015330799,620.1408069538855,144.18677662321304,1080.6375642818225,477458.2683263028,109233.20562482056,835116.6402049891
v1p7p4,Bayes_Modeled,0.95,2021,TSS,ST,29,29,756434.934646085,727403.925702287,786282.8642576997,740.2973085730514,286.53237017767566,1168.4855110821177,559946.559077287,220429.77303989622,892446.4947761686
v1p7p4,Bayes_Modeled,0.95,2022,TSS,CT,45,45,1524356.2578078539,1477773.4716641852,1569261.2112943619,311.73786503041003,-128.43984128253032,760.2227555256306,475027.7164776656,-198369.8101122132,1157002.2865749176
v1p7p4,Bayes_Modeled,0.95,2022,TSS,MT,47,47,1436878.4444847954,1401914.7500933283,1470962.269960918,351.56972175771403,-90.41723565336406,786.1865561722359,505116.51406491105,-132435.95243606882,1128760.7910634496
v1p7p4,Bayes_Modeled,0.95,2022,TSS,ST,47,47,1465315.7379151592,1429214.2913231642,1499638.2663143328,440.3601867177719,23.14065834000918,876.4834451182924,645132.0084485967,33763.635768327105,1282766.7931968176
v1p7p4,Bayes_Modeled,0.95,2023,TSS,CT,45,45,1856382.3157686682,1807016.6906154684,1906052.31516508,1685.4857120575377,1317.54921187336,2048.537819031059,3129010.793797049,2425603.4020724883,3796215.8309013424
v1p7p4,Bayes_Modeled,0.95,2023,TSS,MT,51,51,1988228.58429156,1943722.148908148,2035458.1665055782,1522.1983180773345,1162.299838327829,1866.7875781866355,3026620.0541244657,2301860.9986525234,3708824.2130895653
v1p7p4,Bayes_Modeled,0.95,2023,TSS,ST,45,45,1723042.8043083188,1687149.8451179808,1759880.6467784392,1574.8485272772816,1220.4932922446064,1928.7220848006218,2713731.1398432157,2097699.282232448,3319270.427480855
v1p7p4,Bayes_Modeled,0.95,2024,TSS,CT,32,32,1597333.7637367898,1542739.5290512175,1650664.0957482848,1577.3591968056016,1051.9326747776563,2088.4520976701856,2519572.0035442756,1678418.3663603175,3359966.97543402
v1p7p4,Bayes_Modeled,0.95,2024,TSS,MT,32,32,1597333.7637367898,1542739.5290512175,1650664.0957482848,1599.3107322902292,1070.2711425193797,2109.303954675497,2554640.121428095,1710065.030995889,3390133.20929176
v1p7p4,Bayes_Modeled,0.95,2024,TSS,ST,32,32,1597333.7637367898,1542739.5290512175,1650664.0957482848,1586.1052751995667,1056.456409518318,2097.148314430331,2533551.224041184,1692983.5138131052,3367869.0327304397
v1p7p4,Bayes_Modeled,0.95,2025,TSS,CT,58,58,1989421.0283824287,1925049.2756682942,2051451.2920074165,1708.5729000409028,1299.6930691123664,2120.4815989582853,3398989.129373994,2589059.23400528,4240784.128817605
v1p7p4,Bayes_Modeled,0.95,2025,TSS,MT,58,58,1638534.4131440213,1593912.7794892504,1684095.006455265,2238.687066104077,1863.0971974945505,2616.414579364543,3668102.8603772316,3058850.2067253236,4305876.192686566
v1p7p4,Bayes_Modeled,0.95,2025,TSS,ST,58,58,1715903.5077690228,1673453.0238992255,1757589.559946097,2381.0722129421824,2024.90702432884,2739.1056429240334,4085598.6356994775,3482597.9059433574,4710714.70176149
v1p7p4,Observed,0.95,2011,ICP,CT,6,NA,82714.57,47898.91625000001,120176.10199999997,0.20290585201615627,0.08755438213487873,0.318859064020855,16.7832703,4.81005935,36.305246293749995
v1p7p4,Observed,0.95,2011,ICP,MT,3,NA,87865,63065.67,110018.61000000002,0.190806153644796,0.114,0.26099999999999995,16.765182690000003,7.18948638,28.71485721
v1p7p4,Observed,0.95,2011,ICP,ST,5,NA,123379.26,52232.229999999996,208508.08000000002,0.1800045903987429,0.06898563972246084,0.40185428051844335,22.20883316,5.84064504,47.84592558
v1p7p4,Observed,0.95,2012,ICP,CT,10,NA,96259,58602.4,131020.25,0.2242811996800299,0.1047609026838765,0.34665545740901865,21.589084,8.970898725000005,34.83012579999999
v1p7p4,Observed,0.95,2012,ICP,MT,7,NA,145992,110462,183074.05,0.38544066798180726,0.12070310961839133,0.6539077998956074,56.271254000000006,18.188816,100.93979139999999
v1p7p4,Observed,0.95,2012,ICP,ST,5,NA,86096,54640.375000000015,118707,0.26515584928451963,0.10997710817565157,0.44192952757421355,22.828858,8.163863,42.545865
v1p7p4,Observed,0.95,2013,ICP,CT,5,NA,84140,48014,126551.37499999994,0.062237532683622525,0.042113639727041026,0.08165616994396808,5.236666,2.1711995500000003,7.914457674999998
v1p7p4,Observed,0.95,2013,ICP,MT,4,NA,100647,91176,114385,0.11169485429272606,0.06753856686444545,0.1600046605496952,11.241752,6.705246,16.408494
v1p7p4,Observed,0.95,2013,ICP,ST,6,NA,109085,64612,153558,0.08088573131044598,0.04077649185796316,0.1147430377964762,8.82342,3.300178750000001,14.444132
v1p7p4,Observed,0.95,2015,NH4,CT,20,NA,436607.38,382523.43525000004,481698.4485,0.07938574185347028,0.04818760002758934,0.10776521134412219,34.66040076,20.579686340750005,48.22417233224999
v1p7p4,Observed,0.95,2015,NH4,MT,20,NA,186492.58,138839.50575,240634.35874999998,0.1021317288333938,0.06814444137906822,0.12624934126935367,19.04680961,9.953828142000003,27.930333413749995
v1p7p4,Observed,0.95,2015,NH4,ST,18,NA,150763.38999999998,115175.87400000001,189891.10975,0.07581145853777899,0.03579617938072091,0.11798756908746517,11.429592490000001,5.822581178750001,17.935721803499998
v1p7p4,Observed,0.95,2016,NH4,CT,8,NA,306451.77999999997,246738.09999999998,382527.25,0.16178542620963077,0.06329303698669006,0.30186168522105317,49.57943184,22.9153089145,75.37009996449997
v1p7p4,Observed,0.95,2016,NH4,MT,8,NA,41283,27077.22475000001,60205.34,0.08561442482377735,0.057462721409863284,0.12012252699321353,3.5344203000000003,2.2318126705,5.245757357499997
v1p7p4,Observed,0.95,2016,NH4,ST,8,NA,156399.24,90059.91,210567.9,0.07215331455574849,0.05483206190435638,0.11137847482181504,11.28472356,8.3255124825,13.916835568499998
v1p7p4,Observed,0.95,2023,NO2,CT,40,NA,1647312.4000000001,1415508.24425,1920255.0480000002,0,0,0,0,0,0
v1p7p4,Observed,0.95,2023,NO2,MT,45,NA,2117365.43,1905914.69575,2310584.83275,0,0,0,0,0,0
v1p7p4,Observed,0.95,2023,NO2,ST,41,NA,1541566.8599999999,1370642.0415,1696066.3514999999,0.004636520384201825,0,0.014197863782068538,7.147506170000001,0,21.442518510000003
v1p7p4,Observed,0.95,2024,NO2,CT,16,NA,760759.5,649111.467,894726.5205,0.013244886997796284,0,0.03492634667674663,10.076173610000001,0,25.7452894
v1p7p4,Observed,0.95,2024,NO2,MT,14,NA,852500.98,636711.0925,1085871.1024999998,0,0,0,0,0,0
v1p7p4,Observed,0.95,2024,NO2,ST,23,NA,1201750.75,997396.26875,1398264.86775,0.005949906833842209,0,0.019620153567226496,7.150305,0,21.450915000000002
v1p7p4,Observed,0.95,2025,NO2,CT,44,NA,2008642.38,1885409.8417500001,2132618.0657499996,0.8110022116779195,0.7969029475331285,0.8248142502606778,1629.01341265,1509.9453551645,1736.57535509475
v1p7p4,Observed,0.95,2025,NO2,MT,34,NA,1833373.02,1667644.0387499998,2011447.42525,0.8242494014447753,0.8039855664438286,0.8436028954465911,1511.15661436,1347.341944097,1674.022222853
v1p7p4,Observed,0.95,2025,NO2,ST,44,NA,2371308.14,2204557.45725,2555049.2925,0.8237509932302598,0.8070226444778845,0.8368440975106932,1953.3674355800001,1796.2086783190002,2131.8338257777505
v1p7p4,Observed,0.95,2011,NO3,CT,6,NA,82714.57,52240.59,119219.94,7.911022867434358,7.552534776644847,8.253968538540622,654.35685474,409.39948663,944.5388808000001
v1p7p4,Observed,0.95,2011,NO3,MT,3,NA,87865,63065.67,110018.61000000002,7.498382037785238,7.299999999999999,7.9670000000000005,658.84533775,502.44419289,803.135853
v1p7p4,Observed,0.95,2011,NO3,ST,5,NA,123379.26,52232.229999999996,199200.55999999997,7.856267749377003,7.540063742772495,8.017200353036262,969.30050128,401.83590401,1601.582197475
v1p7p4,Observed,0.95,2012,NO3,CT,12,NA,96259,50861.62500000001,137899.77500000002,7.912204012092376,7.131419322988627,8.85812104153792,761.620846,389.99326270000006,1084.7397759249998
v1p7p4,Observed,0.95,2012,NO3,MT,7,NA,145992,113967,182691.6,10.621942681790783,7.1566893597986185,14.939697750049351,1550.718656,948.3349277500001,2601.1258329
v1p7p4,Observed,0.95,2012,NO3,ST,6,NA,86096,43427.275,130177.0999999999,8.785154792324848,7.2733107124616465,11.696848127087911,756.3666870000001,388.534384,1006.0347370000001
v1p7p4,Observed,0.95,2013,NO3,CT,5,NA,84140,48014,118919,8.17543961255051,7.980101345224855,8.66453601033032,687.881489,416.019032,955.725529
v1p7p4,Observed,0.95,2013,NO3,MT,4,NA,100647,91176,111910,9.122287917175873,8.91978156529594,9.342621184695087,918.130912,816.2312209999999,1009.9302230249999
v1p7p4,Observed,0.95,2013,NO3,ST,6,NA,109085,64612,160870.89999999997,8.784088719805657,8.427232560841643,9.12531298084793,958.2123180000001,565.8522780000001,1429.629015
v1p7p4,Observed,0.95,2014,NO3,CT,19,NA,780160.4,620790.97875,940673.7154999998,9.364600812025323,8.66113030882186,10.188770832610308,7305.89071535,5635.530342623751,9240.531730788749
v1p7p4,Observed,0.95,2014,NO3,MT,1,NA,6588.17,6588.17,6588.17,8.31,8.31,8.31,54.74769270000001,54.74769270000001,54.74769270000001
v1p7p4,Observed,0.95,2014,NO3,ST,18,NA,343538.75,233542.72225000005,449701.2387499999,8.729345357197696,8.092809647161188,9.449237683679257,2998.86839233,2067.6359772565006,3881.5714248689997
v1p7p4,Observed,0.95,2015,NO3,CT,20,NA,436607.38,384995.88225,485036.14125,8.045998109628838,7.934577993965505,8.148540907869567,3512.94215413,3097.99564182875,3900.56224267125
v1p7p4,Observed,0.95,2015,NO3,MT,20,NA,186492.58,139495.941,244632.32674999998,8.219621908871655,8.120561293435498,8.315337971385716,1532.89849641,1141.5372975305,2014.0452551785
v1p7p4,Observed,0.95,2015,NO3,ST,19,NA,154139.61,116216.28624999999,194178.1945,8.070959537979888,7.7957855279302075,8.301104441788823,1244.05455551,963.96315682675,1556.202386991
v1p7p4,Observed,0.95,2016,NO3,CT,8,NA,306451.77999999997,246833.68899999998,375105.55949999986,4.971581779717514,4.769672522710088,5.14448293447996,1523.55008581,1194.8361206525,1943.5276652999999
v1p7p4,Observed,0.95,2016,NO3,MT,8,NA,41283,25915.16,60205.34,5.004448928130223,4.837049488617867,5.0931827670817,206.5986651,126.4524432005,305.44176161999997
v1p7p4,Observed,0.95,2016,NO3,ST,8,NA,156399.24,96201.82424999999,216583.02,5.051603992896641,4.913288409484007,5.129723135397575,790.06702527,475.82650700325024,1099.70756154
v1p7p4,Observed,0.95,2017,NO3,CT,22,NA,1045125.5700000001,817972.9532500001,1315689.7659999996,8.859981969439328,8.582723177943024,9.0993269544907,9259.793706,7135.2841262500015,11605.375198825
v1p7p4,Observed,0.95,2017,NO3,MT,16,NA,327183.01,217054.93850000002,442818.7489999999,9.252836566910977,8.838562779576582,9.74022870312756,3027.370919,1958.169059575,4092.389786875
v1p7p4,Observed,0.95,2017,NO3,ST,20,NA,241513.35,155469.61250000002,332764.57999999996,8.944450385040827,8.519019080089459,9.263812482091764,2160.2041764,1384.0273886000002,2983.3498428749995
v1p7p4,Observed,0.95,2020,NO3,CT,2,NA,41508.76,41508.76,41508.76,7.700000000000001,7.700000000000001,7.700000000000001,319.61745200000007,319.61745200000007,319.61745200000007
v1p7p4,Observed,0.95,2020,NO3,ST,12,NA,258637.96,138705.88475000003,390742.4255,7.961990687677864,7.875172880244385,8.047762675146755,2059.273029,1100.0806792250003,3106.2519786999997
v1p7p4,Observed,0.95,2021,NO3,CT,10,NA,141406.26,111976.9465,171348.905,8.15743501737476,7.983202775516704,8.326774036985723,1153.512377,899.5546276749999,1405.906761
v1p7p4,Observed,0.95,2021,NO3,MT,11,NA,113041.86,60508.07,175903.15475,8.166628928434122,8.1021836503762,8.226455691614497,923.170924,497.84050800000006,1438.1597358499998
v1p7p4,Observed,0.95,2021,NO3,ST,13,NA,182034.84,92808.4015,285898.68875,7.973324320772881,7.734367166194443,8.39455954132452,1451.4228170000001,761.9967116500003,2245.3136760499997
v1p7p4,Observed,0.95,2023,NO3,CT,40,NA,1647312.4000000001,1422298.99275,1904959.97225,6.750136618409477,5.685339762224403,7.850060244905543,11119.5837532,9778.08949434,12572.637390429998
v1p7p4,Observed,0.95,2023,NO3,MT,45,NA,2117365.43,1920870.1655,2340152.3205,7.0166981448733665,6.069930636539728,7.899919775864114,14856.9140847,13123.477333955003,17242.0640550875
v1p7p4,Observed,0.95,2023,NO3,ST,41,NA,1541566.8599999999,1380736.39775,1707703.47375,7.360690389127852,6.44091788874717,8.386938497322332,11346.9963706,9437.229869682498,13683.550443069998
v1p7p4,Observed,0.95,2024,NO3,CT,16,NA,760759.5,654288.8715,878351.1032499999,6.099405183714433,4.025815589018518,8.008888930865046,4640.18043786,3283.211801451501,5886.593300953
v1p7p4,Observed,0.95,2024,NO3,MT,14,NA,852500.98,634129.4692500001,1086722.55225,5.545720364896238,3.008062583849683,8.448945847550826,4727.73204588,2727.7387245670006,6748.108934924
v1p7p4,Observed,0.95,2024,NO3,ST,23,NA,1201750.75,988875.2880000001,1394792.0287499998,7.009860527276559,5.289625683781152,8.442834363923719,8424.10514605,6021.57772274625,11027.2610570625
v1p7p4,Observed,0.95,2025,NO3,CT,44,NA,2008642.38,1897430.6135000002,2139569.9475000002,0.13469492425525742,0.12364730489417071,0.14586267040861103,270.55393323,244.94353343525,299.52382686299995
v1p7p4,Observed,0.95,2025,NO3,MT,34,NA,1833373.02,1684584.979,2000659.88775,0.16498344906373716,0.14359115585526022,0.1925000133967178,302.47620426,250.574702788,360.92689402099995
v1p7p4,Observed,0.95,2025,NO3,ST,44,NA,2371308.14,2184942.98575,2558109.72,0.15781249054793864,0.15028629375708613,0.16768605003199744,374.22204343,337.82662781475,415.21024490175006
v1p7p4,Observed,0.95,2016,NPOC,CT,8,NA,306451.77999999997,251269.13,369071.3562499999,6.089955518010044,5.036184796056099,7.606821679220175,1866.277708615,1456.675638360625,2339.9208811450003
v1p7p4,Observed,0.95,2016,NPOC,MT,8,NA,41283,26696.38,58045.99,6.678396296756533,6.333952165190734,7.008665336079127,275.70423431899997,177.936664044375,393.98873695237495
v1p7p4,Observed,0.95,2016,NPOC,ST,8,NA,156399.24,96215.45999999999,216583.02,5.94826522697297,5.473539322349552,6.422490296006163,930.3041608169999,566.7622709520001,1291.1794915949997
v1p7p4,Observed,0.95,2011,OP,CT,6,NA,82714.57,48912.02025,120176.10199999997,0.17979426490399453,0.07072578329434485,0.2853632071275089,14.87160531,3.8382982020000016,33.70258268
v1p7p4,Observed,0.95,2011,OP,MT,3,NA,87865,63065.67,110018.61000000002,0.13653187810846185,0.055,0.232,11.99637347,4.978089600000001,25.524317520000004
v1p7p4,Observed,0.95,2011,OP,ST,5,NA,123379.26,52866.49,194526.29,0.15452972971308143,0.04324972178460161,0.3616686892421137,19.065763699999998,3.595016155000002,43.77823214
v1p7p4,Observed,0.95,2012,OP,CT,8,NA,96259,72451.9,120178,0.23688478999366291,0.14587236832639888,0.3263024783191573,22.802293,11.614263000000001,35.38983299999999
v1p7p4,Observed,0.95,2012,OP,MT,7,NA,145992,113598.125,182345.85,0.2762033878568689,0.09717739674665406,0.4830484783276527,40.323485,14.237101225000007,81.15296477499997
v1p7p4,Observed,0.95,2012,OP,ST,5,NA,86096,53485,118734.34999999998,0.15841260918044972,0.08822575163162366,0.28750978608720107,13.638691999999999,8.808561,18.228261
v1p7p4,Observed,0.95,2014,OP,CT,18,NA,763970.82,628307.2482500001,912603.888,0.14577190965225612,0.1106263496429519,0.18466114901573155,111.36548535,73.76701480875,155.50019761874995
v1p7p4,Observed,0.95,2014,OP,MT,5,NA,6588.17,0,19764.510000000002,0.6199999999999999,0.6199999999999999,0.6199999999999999,4.0846654,0,12.2539962
v1p7p4,Observed,0.95,2014,OP,ST,18,NA,343538.75,232712.31799999997,452731.43899999995,0.31168757885391385,0.0891436637780563,0.7278948429977701,107.07676123,24.348750782250004,259.35091118275005
v1p7p4,Observed,0.95,2015,OP,CT,20,NA,436607.38,383289.50925,485216.412,0.05932162333124098,0.04508011549859583,0.07240978203136561,25.90025854,19.101681284250002,32.699121663999996
v1p7p4,Observed,0.95,2015,OP,MT,20,NA,186492.58,135764.86349999998,243162.20149999997,0.046323649015955495,0.03506987362513097,0.05424320729443711,8.63901682,5.499385276000001,12.2834675795
v1p7p4,Observed,0.95,2015,OP,ST,19,NA,154139.61,118580.03375,189440.32624999998,0.06360194456181639,0.055253728609561736,0.07096762650110491,9.80357893,7.256595472250001,12.649918348249999
v1p7p4,Observed,0.95,2016,OP,CT,8,NA,306451.77999999997,251266.679,378205.0847499999,0.059954614458431275,0.049581587091154074,0.07172228888546099,18.37319832,13.580491426,24.763837257499997
v1p7p4,Observed,0.95,2016,OP,MT,8,NA,41283,26696.38,58028.969999999994,0.03232461763922195,0.030794885221722086,0.03454095797807966,1.33445719,0.8759263705000001,1.8530342869999994
v1p7p4,Observed,0.95,2016,OP,ST,8,NA,156399.24,101825.58,216988.02,0.03191114643523844,0.0302551176649186,0.03491043355824218,4.99087905,3.3926385645,6.753551613
v1p7p4,Observed,0.95,2017,OP,CT,22,NA,1045125.5700000001,835578.976,1308622.9015000002,0.021113460002705704,0.00883671400694744,0.037282143860927895,22.066216920000002,10.005748181000003,34.93229300749999
v1p7p4,Observed,0.95,2017,OP,MT,16,NA,327183.01,210950.39150000003,437163.292,0.01648032203750433,0.0010534423666058873,0.03358378576508439,5.3920813700000005,0.3426484800000011,12.738471995000001
v1p7p4,Observed,0.95,2017,OP,ST,20,NA,241513.35,157713.55950000003,336505.30525,0.016372734260859702,0.0032801358697449544,0.038217096708455606,3.9542339,0.7707886730000003,7.498443189
v1p7p4,Observed,0.95,2020,OP,CT,2,NA,41508.76,41508.76,41508.76,0,0,0,0,0,0
v1p7p4,Observed,0.95,2020,OP,ST,12,NA,258637.96,138864.46275,397057.6032499999,0,0,0,0,0,0
v1p7p4,Observed,0.95,2021,OP,CT,10,NA,141406.26,109388.92425000001,171766.71200000003,0.1515181667346269,0.020359599328872192,0.3458524667000122,21.42561728,2.67542216,45.410150306
v1p7p4,Observed,0.95,2021,OP,MT,11,NA,113041.86,63894.99650000001,176582.4665,0.1124394786143823,0.014599455232440337,0.31780744262471367,12.710367799999998,2.6312197999999998,30.181460599999998
v1p7p4,Observed,0.95,2021,OP,ST,13,NA,182034.84,93911.59975,286568.14225,0.19650753833716667,0.06661202703413038,0.31972648002546916,35.7712183,8.7617344,67.07763058249998
v1p7p4,Observed,0.95,2023,OP,CT,40,NA,1647312.4000000001,1414726.8562500002,1898289.16725,0.10593707145044255,0.06946681390281995,0.15329907865072542,174.51145142000001,117.936632774,232.99597844274996
v1p7p4,Observed,0.95,2023,OP,MT,45,NA,2117365.43,1920355.09625,2317325.065,0.09073206854047862,0.05783822007929477,0.12593663913823597,192.11294532,124.751577147,263.79921151274993
v1p7p4,Observed,0.95,2023,OP,ST,41,NA,1541566.8599999999,1384937.65225,1721275.362,0.14119882440908207,0.09098330123137083,0.19203210780724755,217.66742838,135.31592099650004,311.13722452875
v1p7p4,Observed,0.95,2024,OP,CT,16,NA,760759.5,633647.8015000001,880142.095,0.5186253027533668,0.3060293019692463,0.7998283289119216,394.54912601,218.57251752049999,625.176293046
v1p7p4,Observed,0.95,2024,OP,MT,14,NA,852500.98,606851.8740000001,1093130.4555,0.3974464791700298,0.2993305329617911,0.5132588746100099,338.82351299,227.5821563275,457.24402936075
v1p7p4,Observed,0.95,2024,OP,ST,23,NA,1201750.75,1011288.7805000001,1397013.30525,0.46435131165926047,0.38036853297142176,0.5509132273332502,558.03453705,430.82634390350006,682.3158637170001
v1p7p4,Observed,0.95,2025,OP,CT,44,NA,2008642.38,1884545.8534999997,2137655.54075,0.22149067296389516,0.16222588038051372,0.2973037798665303,444.89555249,310.73341089275004,613.3022726085
v1p7p4,Observed,0.95,2025,OP,MT,34,NA,1833373.02,1651938.3597499998,2001262.6727500001,0.17223644038898314,0.11791420229614856,0.22310883607753332,315.77364287,212.38814623775,421.757759606
v1p7p4,Observed,0.95,2025,OP,ST,44,NA,2371308.14,2188524.8240000005,2547724.29675,0.20411941390712723,0.15360754214266847,0.24999231699604868,484.03002773000003,365.335752219,602.49817470325
v1p7p4,Observed,0.95,2020,Se,CT,2,NA,41508.76,41508.76,41508.76,0.007049999999999999,0.0068,0.0073,0.292636758,0.282259568,0.30301394800000003
v1p7p4,Observed,0.95,2020,Se,ST,12,NA,258637.96,142800.25425,398577.42974999995,0.00573878783300023,0.005426011695639658,0.005944132115703975,1.484268378,0.8160791767000003,2.315513813249999
v1p7p4,Observed,0.95,2021,Se,CT,10,NA,141406.26,113245.55350000001,172383.2365,0.007484070302120994,0.005442168215710047,0.009429762356192837,1.058294391,0.6942516069000001,1.4620875143749998
v1p7p4,Observed,0.95,2021,Se,MT,11,NA,113041.86,64608.06200000001,173950.37999999998,0.006068059619684248,0.004704875584922702,0.007453414781771146,0.685944746,0.36586752465000005,1.0629738616
v1p7p4,Observed,0.95,2021,Se,ST,13,NA,182034.84,92385.04250000001,290180.29449999996,0.0075085997658470216,0.006930148948423938,0.007967898065013008,1.3668267570000001,0.6689446950750001,2.1723068725249997
v1p7p4,Observed,0.95,2023,TDS,CT,40,NA,1647312.4000000001,1402190.71925,1903609.7145,1074.4333088247256,995.8501796780215,1157.539441779302,1769927.3126,1545345.6418275004,2009755.9714300002
v1p7p4,Observed,0.95,2023,TDS,MT,45,NA,2117365.43,1901879.22025,2303011.2955,1147.4820392623487,1080.6180920474626,1225.6740172428324,2429638.80148,2157173.1640919996,2710150.4914635
v1p7p4,Observed,0.95,2023,TDS,ST,41,NA,1541566.8599999999,1398955.0750000002,1713575.12475,1138.0228098572384,1067.1702576445646,1197.3277619263567,1754338.2496,1567118.6368375001,1952888.0181800001
v1p7p4,Observed,0.95,2024,TDS,CT,16,NA,760759.5,646897.54925,888735.15475,1011.8276186363759,846.3925614087561,1189.0034418759326,769757.47324,660900.0496185,880444.6938769998
v1p7p4,Observed,0.95,2024,TDS,MT,14,NA,852500.98,622475.2447500001,1085300.0417499996,997.7808845920624,821.101481703666,1213.7290363345887,850609.18194,640391.8149325,1043627.2314115
v1p7p4,Observed,0.95,2024,TDS,ST,23,NA,1201750.75,980348.1517500001,1394329.24575,1134.830847511433,989.6059780232553,1250.5607489156748,1363783.8221200001,1065828.616558,1641799.0680855
v1p7p4,Observed,0.95,2025,TDS,CT,44,NA,2008642.38,1901681.5785,2149106.9645000002,663.2181756515563,638.7567969516854,694.7794970899452,1332168.1347999999,1235695.652328,1447440.9738214999
v1p7p4,Observed,0.95,2025,TDS,MT,34,NA,1833373.02,1654931.2362499998,1985393.9922499997,649.4512121052157,629.4361384842524,669.5695685097411,1190686.33008,1068767.4639445,1298576.555307
v1p7p4,Observed,0.95,2025,TDS,ST,44,NA,2371308.14,2181254.81925,2568570.60525,671.1445282265171,651.0066341791653,691.0530238155953,1591490.4829,1463189.027029,1728101.9774925
v1p7p4,Observed,0.95,2013,TKN,CT,5,NA,84140,48014,120608,4.427825005942477,3.1842122851919568,6.740211674610642,372.55719600000003,268.816837,496.64270200000004
v1p7p4,Observed,0.95,2013,TKN,MT,4,NA,100647,91176,111910,4.131966685544526,2.568052107104823,6.333676748773456,415.870051,270.076904,626.1156149999999
v1p7p4,Observed,0.95,2013,TKN,ST,6,NA,109085,64552.47500000003,153351.30000000002,3.576387275977449,2.15958720393738,5.149466262265319,390.130206,236.48128300000002,541.9907765499999
v1p7p4,Observed,0.95,2014,TKN,CT,6,NA,255791.43,164342.23625000002,351263.07525,4.778227901927754,4.221748241091574,5.5647109707492595,1222.2297479,797.3473655,1678.6656743025
v1p7p4,Observed,0.95,2014,TKN,MT,1,NA,6588.17,6588.17,6588.17,4.88,4.88,4.88,32.1502696,32.1502696,32.1502696
v1p7p4,Observed,0.95,2014,TKN,ST,6,NA,108694.61,52125.5,163208.4135,4.654880841837512,2.99961727856729,6.2758045615689735,505.9604577,239.18098229999998,884.4548326949998
v1p7p4,Observed,0.95,2015,TKN,CT,12,NA,264741.86,199527.6345,332128.192,1.194098756766308,0.8769662541070568,1.7621698093125269,316.12792589,214.43885785100002,443.257529178
v1p7p4,Observed,0.95,2015,TKN,MT,12,NA,131198.49,91924.33800000002,183123.2725,0.5057993229952571,0.33799759315444006,0.7491900024671668,66.36010742,40.585216313000004,99.27553418
v1p7p4,Observed,0.95,2015,TKN,ST,12,NA,115188.17,77577.47400000002,159851.93475,0.41384070004758294,0.2571113169112301,0.7131844839256413,47.66955290999999,33.878493685749994,62.41236965249999
v1p7p4,Observed,0.95,2016,TKN,CT,8,NA,306451.77999999997,246738.09999999998,370598.44999999995,0.11140451313417074,0.04367861612444682,0.18518689142128225,34.14011135,11.13404782,66.43223474774997
v1p7p4,Observed,0.95,2016,TKN,MT,8,NA,41283,27077.22475000001,58028.969999999994,0.11412431582007122,0.0893903917607268,0.12828077561971254,4.71139413,2.6081446865,7.20040808025
v1p7p4,Observed,0.95,2016,TKN,ST,8,NA,156399.24,102220.45500000002,216583.02,0.10735634476228914,0.06663680767997711,0.13721884576380683,16.79045073,7.221368373750002,27.579004959
v1p7p4,Observed,0.95,2017,TKN,CT,24,NA,1206699.65,953377.0802500001,1492792.769,4.434439527681972,2.6241883872658818,5.899661800382582,5351.036626,2549.966618075,8370.68561705
v1p7p4,Observed,0.95,2017,TKN,MT,17,NA,344083.04,224581.59525000007,453695.31049999996,1.787217634150175,0.6876309958342554,3.138697740857673,614.9512767,218.0784871575001,1106.841541355
v1p7p4,Observed,0.95,2017,TKN,ST,22,NA,269957.63,186071.62625000006,375860.58549999987,0.61882439255375,0.17463983900888394,1.4161061790095113,167.0563664,48.49712709500002,364.00808419999976
v1p7p4,Observed,0.95,2020,TKN,CT,2,NA,41508.76,41508.76,41508.76,1.5,1.2,1.8000000000000003,62.26314000000001,49.810512,74.71576800000001
v1p7p4,Observed,0.95,2020,TKN,ST,12,NA,258637.96,143806.48525000006,383123.4922499999,1.3750300265282016,0.7781979857444317,1.7046935441141295,355.634961,135.1674917000001,599.7239477499999
v1p7p4,Observed,0.95,2021,TKN,CT,10,NA,141406.26,111415.48400000001,171341.2365,5.570117673715435,5.006873165990218,6.421490894668462,787.6495080000001,638.1966179750001,915.84075525
v1p7p4,Observed,0.95,2021,TKN,MT,11,NA,113041.86,64695.3985,180882.008,2.5526396310181028,1.6180086425971842,4.296181298684988,288.5551318,167.65437725500001,431.23402003
v1p7p4,Observed,0.95,2021,TKN,ST,13,NA,182034.84,90963.18325000003,285943.7462499999,3.3383868110082666,2.2658214379341786,4.151209263714446,607.702709,240.79666062500007,1032.8685206999999
v1p7p4,Observed,0.95,2023,TKN,CT,40,NA,1647312.4000000001,1400762.0375,1882744.0514999996,2.1495547505136243,1.4852256511935333,2.972907097805179,3540.988195,2425.3115676775,4795.4070196474995
v1p7p4,Observed,0.95,2023,TKN,MT,45,NA,2117365.43,1926711.3925,2334858.6645,3.140230619425953,1.6224392779963683,4.86987483785105,6649.0157558,3523.7123052950005,10616.807237845
v1p7p4,Observed,0.95,2023,TKN,ST,41,NA,1541566.8599999999,1354320.75,1705126.4569999997,2.601757156222209,1.6910093660937844,3.734904420106381,4010.7826098,2681.7302728249997,5496.932088414999
v1p7p4,Observed,0.95,2024,TKN,CT,16,NA,760759.5,643640.124,880685.3242499998,1.022950999757479,0.8490817541327097,1.2549982833781284,778.2196911,631.2278791849999,985.7005003024999
v1p7p4,Observed,0.95,2024,TKN,MT,14,NA,852500.98,586994.0457500002,1112396.5255,1.2569132244281995,0.5681260276577997,2.080295424038799,1071.5197556,469.75906767000026,1776.344516845
v1p7p4,Observed,0.95,2024,TKN,ST,23,NA,1201750.75,1000371.5525000001,1406642.49025,1.5780531817433856,1.1970374874812841,1.9437111201916575,1896.4265947000001,1299.46738126,2469.8373192775
v1p7p4,Observed,0.95,2025,TKN,CT,44,NA,2008642.38,1889942.6542500001,2142611.52575,0.6989836573098693,0.49861955137950814,0.9256595646835665,1404.008197,969.344157525,1939.094558775
v1p7p4,Observed,0.95,2025,TKN,MT,34,NA,1833373.02,1662132.1947500003,1994232.5474999999,0.4311089654848308,0.225426436931853,0.658792953972173,790.383546,417.71574940000005,1183.0699587
v1p7p4,Observed,0.95,2025,TKN,ST,44,NA,2371308.14,2191445.91775,2548848.34025,0.6151764797636126,0.4143369461314432,0.8322632142148898,1458.772994,953.7698910750001,2038.35403935
v1p7p4,Observed,0.95,2011,TN,CT,6,NA,82714.57,51598.58800000001,123546.19,5.4868906957988175,2.3196656707242065,9.015294071266286,453.84580454,166.09193031,736.7769699700001
v1p7p4,Observed,0.95,2011,TN,MT,3,NA,87865,63065.67,110018.61000000002,6.22198780196893,4.639999999999999,10.15,546.69495822,489.4819737600001,640.1165505
v1p7p4,Observed,0.95,2011,TN,ST,5,NA,123379.26,52232.229999999996,192876.03,4.088007093412621,3.4326746340123235,6.3578778398856155,504.37529006,317.03650841,682.8302149399999
v1p7p4,Observed,0.95,2012,TN,CT,10,NA,96259,55936.37500000001,133339.8,2.769691114597077,1.757074838008126,3.9793671333150598,266.60769700000003,134.77061730000003,426.935514175
v1p7p4,Observed,0.95,2012,TN,MT,7,NA,145992,113659.82500000001,181871,3.2247144090087123,1.0989056480232455,5.738949351560519,470.78250599999996,148.248714,951.0723392499999
v1p7p4,Observed,0.95,2012,TN,ST,5,NA,86096,53485,117640.34999999998,2.223818772068389,1.4657275965839773,2.9388751106007205,191.461901,84.67681900000001,305.03220600000003
v1p7p4,Observed,0.95,2014,TN,CT,19,NA,780160.4,634156.3565,929130.3065,8.986459292319886,5.6649828970315665,13.595526634563646,7010.87967608,3966.0999360745,11703.306751027498
v1p7p4,Observed,0.95,2014,TN,MT,5,NA,6588.17,0,19764.510000000002,4.99,4.989999999999999,4.99,32.8749683,0,98.62490489999999
v1p7p4,Observed,0.95,2014,TN,ST,18,NA,343538.75,239702.6305,446696.658,5.251489246380503,3.8732749529769768,6.538163354399729,1804.09005134,1148.4223629775001,2568.8403171004993
v1p7p4,Observed,0.95,2015,TN,CT,20,NA,436607.38,379380.4755,483478.369,8.907047756636638,8.653443668620017,9.191457743971316,3888.88278456,3376.8421328562504,4323.7045951397495
v1p7p4,Observed,0.95,2015,TN,MT,20,NA,186492.58,139465.26975,240743.84924999997,9.1340821786582609,8.77965190681844,9.560385990383184,1703.43855143,1266.068936776,2158.09653323425
v1p7p4,Observed,0.95,2015,TN,ST,19,NA,154139.61,117718.12550000001,194150.27,8.982757276471634,8.746077445544154,9.325586778176786,1384.59870332,1088.76976265425,1713.0290203247498
v1p7p4,Observed,0.95,2016,TN,CT,8,NA,306451.77999999997,246629.72625000004,366165.45999999996,4.713094542149502,4.506378071391371,4.8636349453936845,1444.3362117499998,1133.290194215,1743.2833648309997
v1p7p4,Observed,0.95,2016,TN,MT,8,NA,41283,26696.38,59814.729999999996,4.7786480478647375,4.620598249899291,4.871337682796399,197.27692735999997,124.10439138450002,288.5939564025
v1p7p4,Observed,0.95,2016,TN,ST,8,NA,156399.24,97015.33499999999,210972.9,4.812834059679575,4.618686455311855,4.925846614974572,752.72358918,463.86333848025,1043.25428825925
v1p7p4,Observed,0.95,2011,TP,CT,6,NA,82714.57,47086.926,122600.56975000001,2.6180837435291022,2.0506986971689023,2.9377279973322215,216.55367106999998,106.55826759,335.39699054274996
v1p7p4,Observed,0.95,2011,TP,MT,3,NA,87865,63065.67,110018.61000000002,1.806937417060263,1.556,1.917,158.76655615,98.13018252,210.90567537000004
v1p7p4,Observed,0.95,2011,TP,ST,5,NA,123379.26,52850.63350000001,194526.29,1.5788966451087485,0.8356107005917857,2.0486897660228034,194.80309969,48.40377106,350.72716828149953
v1p7p4,Observed,0.95,2012,TP,CT,10,NA,96259,58661.150000000016,136424.375,2.2870617812360403,1.7532086022641413,2.913628776925437,220.15028,133.58742017500018,324.80983912500005
v1p7p4,Observed,0.95,2012,TP,MT,7,NA,145992,112863.35,181541.97499999998,1.7884723135514273,1.2056404599243182,2.419241645024056,261.10265,174.11628450000006,380.79201514999994
v1p7p4,Observed,0.95,2012,TP,ST,5,NA,86096,59082.850000000064,118707,2.4621795321501576,1.0594614011787113,4.1225704912533425,211.98380899999998,90.491884,409.71091699999994
v1p7p4,Observed,0.95,2013,TP,CT,5,NA,84140,48014,128438,0.8799082006180177,0.21907327373443755,1.5032205913685754,74.035476,15.977452,161.06253929999997
v1p7p4,Observed,0.95,2013,TP,MT,4,NA,100647,91176,111910,0.6374367740717557,0.31009721519544226,0.8556502887182565,64.156099,29.523076,87.766343
v1p7p4,Observed,0.95,2013,TP,ST,6,NA,109085,64612,162804.19999999995,0.21223335013979927,0.09741777723992921,0.5118999211572138,23.151475,10.6320651,41.673619
v1p7p4,Observed,0.95,2014,TP,CT,19,NA,780160.4,618283.9145000002,946688.7492499999,1.420414783190739,1.1346213804220782,1.7091219247808684,1108.15136542,748.2130701875001,1529.1668348795
v1p7p4,Observed,0.95,2014,TP,MT,5,NA,6588.17,0,19764.510000000002,0.84,0.8399999999999999,0.84,5.5340628,0,16.6021884
v1p7p4,Observed,0.95,2014,TP,ST,18,NA,343538.75,241317.242,449982.95174999995,1.0808769017760005,0.7317150357155823,1.4401825974287568,371.32309974,197.54243050400004,565.5377183514998
v1p7p4,Observed,0.95,2015,TP,CT,12,NA,264741.86,195640.081,331226.61475,1.2903990960099774,0.8757295250565591,1.7521470085006339,341.62265682,192.02774125475,500.38705427525
v1p7p4,Observed,0.95,2015,TP,MT,12,NA,131198.49,85653.17550000001,186092.3655,0.37020033629960225,0.291862090538101,0.4646387222253706,48.56972512,28.83354878975,68.90636086349998
v1p7p4,Observed,0.95,2015,TP,ST,12,NA,115188.17,74646.491,154732.4435,0.240932188782928,0.1966442447689439,0.2869477158894355,27.75253792,15.614443211500001,38.995694906249994
v1p7p4,Observed,0.95,2016,TP,CT,8,NA,306451.77999999997,246833.68899999998,373563.23,0.014710120332797548,0.00432725542559256,0.035112270822922,4.50794256,1.45856331825,9.211481022249993
v1p7p4,Observed,0.95,2016,TP,MT,8,NA,41283,27086.99,58055.32974999999,0.055642256618947276,0.0072423815928668355,0.14165815830599449,2.29707928,0.32118188750000065,5.3344997805
v1p7p4,Observed,0.95,2016,TP,ST,8,NA,156399.24,102220.45500000002,217128.27299999987,0.009599148371820734,0.005850298962758084,0.015166347489563081,1.50129951,0.8929530502500002,2.1855074932499994
v1p7p4,Observed,0.95,2017,TP,CT,24,NA,1206699.65,933583.42775,1529548.4165,0.28585409567326886,0.23965508968046773,0.3291213304573633,344.9400372,240.30914174250006,469.60042698999996
v1p7p4,Observed,0.95,2017,TP,MT,18,NA,352807.47000000003,239788.22175,462137.0955,0.22441704916281957,0.14512782167824026,0.34570621361377296,79.17601134,44.35211508850001,125.56027407
v1p7p4,Observed,0.95,2017,TP,ST,22,NA,269957.63,186433.19350000002,365384.4672499999,0.18060575624404465,0.14591807460565248,0.20845494904133818,48.75590192,28.5993402255,70.81549579749998
v1p7p4,Observed,0.95,2020,TP,CT,2,NA,41508.76,41508.76,41508.76,0.395,0.38,0.41,16.3959602,15.773328800000002,17.0185916
v1p7p4,Observed,0.95,2020,TP,ST,12,NA,258637.96,150970.8835,381582.4437499999,0.23032117025667848,0.12353928396957423,0.2920440053030614,59.569797619999996,21.179614160499998,106.10950754399997
v1p7p4,Observed,0.95,2021,TP,CT,10,NA,141406.26,110955.64,172326.71224999998,1.205831787291454,0.4628562671790046,1.9759597437690626,170.51216323000003,65.60332921975002,275.29212311175
v1p7p4,Observed,0.95,2021,TP,MT,11,NA,113041.86,62746.766000000054,174358.50624999998,1.4412391462773169,0.3111811658063946,3.533323268233571,162.9203538,41.513168665000016,358.36856529999983
v1p7p4,Observed,0.95,2021,TP,ST,13,NA,182034.84,93192.526,290616.564,1.2575423025064874,0.662222091988535,1.6733487339575723,228.91651183,77.958904745,438.55154968749997
v1p7p4,Observed,0.95,2023,TP,CT,40,NA,1647312.4000000001,1418126.5755,1911691.119,0.9365476915550444,0.8172779332675109,1.0565805025518895,1542.78662549,1254.2592605865004,1880.99277798375
v1p7p4,Observed,0.95,2023,TP,MT,45,NA,2117365.43,1919790.34225,2309801.1975,0.7208305929411531,0.5918316751933607,0.8492910606387771,1526.26177838,1240.328713966,1842.5446823334998
v1p7p4,Observed,0.95,2023,TP,ST,41,NA,1541566.8599999999,1368752.22525,1704149.6607499996,0.6415209541543985,0.4993008578398751,0.7970028076232509,988.94744292,769.0148213265,1210.7699464239997
v1p7p4,Observed,0.95,2024,TP,CT,16,NA,760759.5,647535.4450000001,888865.3775,0.9495077351778058,0.43877132242950967,1.8906065287965201,722.34702986,337.50493691725,1362.52587635375
v1p7p4,Observed,0.95,2024,TP,MT,14,NA,852500.98,621571.809,1088754.1175,0.6502949815846545,0.4818921878713101,0.8356059536960769,554.37710909,348.32765419075,798.68870186425
v1p7p4,Observed,0.95,2024,TP,ST,23,NA,1201750.75,998758.4385000002,1409310.35875,2.5126845951042682,1.3587270845528125,3.8972528719008985,3019.6205966800003,1554.5617610040001,4772.324262280499
v1p7p4,Observed,0.95,2025,TP,CT,44,NA,2008642.38,1904900.43925,2128123.26475,1.864014720947987,1.5067517272064825,2.3683383175083095,3744.13896544,2957.8745694134996,4757.626067628
v1p7p4,Observed,0.95,2025,TP,MT,34,NA,1833373.02,1677815.27975,1993531.386,1.6987843059728236,0.7566731773864126,3.4214785775019045,3114.50531337,1386.8867062405009,6653.698784283498
v1p7p4,Observed,0.95,2025,TP,ST,44,NA,2371308.14,2206015.39125,2545328.40025,2.4960343184627196,1.818038297929996,3.2914823878890287,5918.86649709,4248.801556858501,7762.876894892501
v1p7p4,Observed,0.95,2014,TSP,CT,6,NA,255791.43,157746.11625,357233.59,0.3335094322354741,0.1298643061833541,0.5891969459633195,85.30885459000001,21.826891582250017,188.4227487295
v1p7p4,Observed,0.95,2014,TSP,MT,1,NA,6588.17,6588.17,6588.17,0.668,0.668,0.668,4.400897560000001,4.400897560000001,4.400897560000001
v1p7p4,Observed,0.95,2014,TSP,ST,6,NA,108694.61,55621.340000000004,169201.63,0.10754337570188623,0.1010435442029328,0.11944323436507427,11.68938528,6.38858292,17.57680554
v1p7p4,Observed,0.95,2015,TSP,CT,8,NA,166233.44,127478.73550000001,194516.93725,0.25089921185532826,0.013400270991454306,0.49738874359466617,41.70783908,1.8436105835000005,84.36333787299999
v1p7p4,Observed,0.95,2015,TSP,MT,8,NA,76088.88,41153.26425,111942.39224999999,0.09962848500332767,0.00870709357623069,0.2489033292040026,7.58061984,0.5620838710000005,16.4999628845
v1p7p4,Observed,0.95,2015,TSP,ST,9,NA,63572.11,41051.369999999995,87942.03099999999,0.005108133425176543,0.0029324016034922113,0.00695985839663335,0.32473482,0.12000100200000005,0.5464805709999999
v1p7p4,Observed,0.95,2016,TSP,CT,8,NA,306451.77999999997,251269.13,375031.43999999994,0.0056881694372928745,0.00228993559348606,0.011065601772457788,1.7431496489999998,0.80556342,2.9987545717499993
v1p7p4,Observed,0.95,2016,TSP,MT,8,NA,41283,27086.99,58454.45874999996,0.008304940047961631,0.003811065776109889,0.016177553061356702,0.34285284,0.14974683275,0.6331002774999999
v1p7p4,Observed,0.95,2016,TSP,ST,8,NA,156399.24,102371.01,216583.02,0.006540862922351797,0.0033724702324699194,0.011625411706273627,1.02298599,0.55578508725,1.5145813402499997
v1p7p4,Observed,0.95,2011,TSS,CT,10,NA,167702.97,120705.55875000001,217145.58925,1233.105319687123,1127.5837935181903,1353.8969098546925,206795.42443433,145625.52308344352,261774.75664042478
v1p7p4,Observed,0.95,2011,TSS,MT,6,NA,170432.34,134552.98,203639.49,1161.8927595943353,836.9506202396835,1438.669373602993,198024.10184672,121693.28137383999,274354.9223196
v1p7p4,Observed,0.95,2011,TSS,ST,11,NA,279839.82,191427.19275000002,359148.4455,889.7158793112789,446.7018342672012,1446.176960766574,248977.93151761,99924.0945344675,471935.33993570384
v1p7p4,Observed,0.95,2012,TSS,CT,14,NA,150399,91059.82500000001,203175.8,956.6697795863003,804.1013092527223,1140.5441182392249,143882.17818,89818.47800400003,192117.06610349996
v1p7p4,Observed,0.95,2012,TSS,MT,13,NA,186968,98481.45000000006,287231.44999999995,755.0975501690128,603.0635050919307,992.5239323853953,141179.07876,85762.30116000002,202967.19593400002
v1p7p4,Observed,0.95,2012,TSS,ST,14,NA,178157,113457.05,240960.44999999995,727.1898333885281,632.7826046752514,849.1953237084724,129553.959147,81293.93516700003,177714.651402825
v1p7p4,Observed,0.95,2013,TSS,CT,5,NA,84140,49567.175000000025,120608,1789.5507741145707,649.293189107662,3084.763816273681,150572.80213399997,47354.250868,260731.7233424996
v1p7p4,Observed,0.95,2013,TSS,MT,4,NA,100647,91176,114385,1204.8574545888102,926.2741139319945,1648.6066145052416,121265.28823199999,90951.380321,167404.531425
v1p7p4,Observed,0.95,2013,TSS,ST,6,NA,109085,64612,162544,363.265833753495,173.93179948712498,665.8115696650292,39626.853475,18180.5245,64838.116511249995
v1p7p4,Observed,0.95,2014,TSS,CT,19,NA,806009.68,624329.2065000001,956838.63125,1525.766539587291,939.7198153491338,2185.3621953388483,1229782.6003274599,664743.1628980523,1946539.3201504503
v1p7p4,Observed,0.95,2014,TSS,MT,5,NA,6588.17,0,19764.510000000002,260,260,260,1712.9242,0,5138.7726
v1p7p4,Observed,0.95,2014,TSS,ST,18,NA,307559.29,213948.50674999997,400696.8709999999,983.2041630191045,759.5004127882477,1261.0421256957193,302393.5743032,182427.3356081308,432154.7465545637
v1p7p4,Observed,0.95,2015,TSS,CT,22,NA,483045.55,399729.01925,558967.4307499999,1647.1863117834955,1206.2016453590277,2100.791861786919,795666.01792793,524166.17656592425,1063945.7126157444
v1p7p4,Observed,0.95,2015,TSS,MT,22,NA,224444.78,164497.388,290037.2907499999,279.27111070134936,204.8818739766916,340.69738170968685,62680.94300172,36851.70778658525,89386.80028520575
v1p7p4,Observed,0.95,2015,TSS,ST,21,NA,190838.98,144317.086,232516.95375,107.5576170411831,80.73394609848091,134.90371098918635,20526.18592737,12483.91827284025,28269.656248546995
v1p7p4,Observed,0.95,2016,TSS,CT,8,NA,306451.77999999997,251364.71899999998,369071.3562499999,1082.8054136620776,678.4604911713358,1749.8596101958362,331827.64641037997,178304.21449712547,593991.5623911223
v1p7p4,Observed,0.95,2016,TSS,MT,8,NA,41283,28069.3525,58045.99,242.4649182266308,179.21758100651985,298.30680966091745,10009.679219149999,6027.483619707003,14857.054709709499
v1p7p4,Observed,0.95,2016,TSS,ST,8,NA,156399.24,90464.91,210427.47,372.17753277937925,255.0545846547751,578.1508550407101,58208.28327177,42906.252833377504,75419.40430763774
v1p7p4,Observed,0.95,2017,TSS,CT,30,NA,1388224.47,1119711.1812500004,1686904.8905,3359.4810419591804,2499.903850039906,4337.368004430642,4663713.78894883,2929558.696936401,6579504.085642665
v1p7p4,Observed,0.95,2017,TSS,MT,24,NA,384858.86,257105.5485,527026.583,546.8212297937743,333.9969303904129,836.2687180248964,210448.99512223,108277.92178211526,362890.70880348503
v1p7p4,Observed,0.95,2017,TSS,ST,27,NA,325824.24,225515.22550000003,423869.5405,801.1007092052145,482.1440494172325,1110.3560206009313,261018.02974025,136690.9032154803,413144.7673598425
v1p7p4,Observed,0.95,2020,TSS,CT,2,NA,41508.76,41508.76,41508.76,658.3335,556.667,760,27326.607251460002,23106.556902920005,31546.657600000002
v1p7p4,Observed,0.95,2020,TSS,ST,10,NA,230065.68,110943.19525000002,367412.56774999993,133.9374472095099,46.67843448901661,190.15917852424045,30814.40986972,5608.03484017025,64623.528464834235
v1p7p4,Observed,0.95,2021,TSS,CT,10,NA,141406.26,109088.89,174489.259,2251.6974932987023,2003.8125857255425,2567.076697232741,318404.12117874454,242458.6431158155,416520.61063040886
v1p7p4,Observed,0.95,2021,TSS,MT,11,NA,113041.86,59640.7195,174714.703,681.8002150963368,395.90566684081,1187.5515372798327,77071.96446289,39040.46099622451,122640.85397072944
v1p7p4,Observed,0.95,2021,TSS,ST,13,NA,182034.84,89691.14925000005,293714.15749999986,1128.8826885021024,584.2747620241734,1432.5105387503431,205495.97958025002,61079.10979590626,389070.78060486424
v1p7p4,Observed,0.95,2023,TSS,CT,38,NA,1553625.2,1327358.41675,1793498.236,1328.1318021331529,1058.3436424530137,1597.8615059802828,2063419.03671548,1476238.473746009,2745547.8727084086
v1p7p4,Observed,0.95,2023,TSS,MT,44,NA,2067735.85,1872079.2419999999,2271313.83775,1564.2784094408528,829.4053581828487,2834.3919970397405,3234514.54658183,1700617.817111809,5674601.988983926
v1p7p4,Observed,0.95,2023,TSS,ST,41,NA,1541566.8599999999,1369062.3035,1699065.0007499997,2188.5258824382877,1291.8297123559191,3407.3641465014393,3373758.97261912,1882845.953211686,5337540.414346089
v1p7p4,Observed,0.95,2024,TSS,CT,16,NA,760759.5,634144.8650000001,881106.4627499998,1817.6181540751577,578.061644310791,4318.468977677778,1382770.27808514,452564.7310389156,2993544.547465951
v1p7p4,Observed,0.95,2024,TSS,MT,14,NA,852500.98,615314.73825,1100694.8495000002,1213.6861141639274,726.0040142716999,1747.1833074213866,1034668.60173714,579281.1400971487,1519832.4768815534
v1p7p4,Observed,0.95,2024,TSS,ST,23,NA,1201750.75,1011634.8867500001,1406827.9840000002,4124.873170907454,2138.8868289022766,6764.839267858014,4957069.42679291,2389464.6142657413,8190825.323684212
v1p7p4,Observed,0.95,2025,TSS,CT,44,NA,2008642.38,1876885.3642499999,2135459.82475,1440.966604577018,1173.6260318970212,1710.2222264540346,2894386.5901181,2311283.701184654,3503775.7618238777
v1p7p4,Observed,0.95,2025,TSS,MT,35,NA,1835872.6199999999,1622327.00975,2019678.7419999999,1205.388852363775,546.0576079797062,2397.2400769448914,2212940.3905078764,965090.183817978,4358649.111287103
v1p7p4,Observed,0.95,2025,TSS,ST,45,NA,2371395.56,2178020.548,2585899.3164999997,1714.0690803614516,1320.282379059253,2174.299440202267,4064735.80670243,3078079.292686105,5158867.991348897
