Method,Scenario,Year,Analyte,Treatment,mean,median,lower_95,upper_95,n_draws
Bayes,model_only,2011,NH4,CT,0.028825690458388346,0.029427658157083952,-0.014953822937339904,0.0695239999334508,1500
Bayes,model_only,2011,NH4,MT,0.03751064269112603,0.03759115633309316,-0.010262034001216128,0.08272503260776791,1500
Bayes,model_only,2011,NH4,ST,0.03804580003746056,0.03797468130104886,-0.00977689080232868,0.08358253843547299,1500
Bayes,model_only,2011,NO2,CT,0.10488689838984355,0.10079852121247718,-0.34031442564513376,0.5998235034208422,1500
Bayes,model_only,2011,NO2,MT,0.10794837704332762,0.10267318835375433,-0.4025559006630268,0.637334112410226,1500
Bayes,model_only,2011,NO2,ST,0.10799842679734808,0.10365843390282736,-0.41038708562723836,0.6446585605464649,1500
Bayes,model_only,2011,NO3,CT,2.5693364518213415,2.556015933958599,1.9403097438312007,3.255360293801031,1500
Bayes,model_only,2011,NO3,MT,2.9047779952719397,2.9045850804150595,2.2565510428513615,3.551379024766461,1500
Bayes,model_only,2011,NO3,ST,2.924425649967543,2.9242852193020554,2.258415494501263,3.5922410093365578,1500
Bayes,model_only,2011,OP,CT,0.0555322448005989,0.05573146446082346,0.019456638077460547,0.0921575846538811,1500
Bayes,model_only,2011,OP,MT,0.02982821671628939,0.030881164805491558,-0.015828517667514853,0.07022503686888472,1500
Bayes,model_only,2011,OP,ST,0.02805802773348636,0.029001559093476494,-0.019147998331919602,0.069661885233479,1500
Bayes,model_only,2011,Se,CT,0.0025848685606741618,0.002562473875183116,0.0017316478313659208,0.0035788142620639773,1500
Bayes,model_only,2011,Se,MT,0.002673532571479115,0.0026672087936894387,0.0017807880421695252,0.0036460171096470303,1500
Bayes,model_only,2011,Se,ST,0.0026769231972839608,0.0026660485079600784,0.001767710749489776,0.003674429954604057,1500
Bayes,model_only,2011,TDS,CT,305.90606331272176,303.20344704472745,178.09974805723581,456.89562157008424,1500
Bayes,model_only,2011,TDS,MT,360.84387841095884,357.8863488449628,212.32106476250243,510.92246088101217,1500
Bayes,model_only,2011,TDS,ST,364.2076702793802,361.1451353485165,211.2386504839617,515.5036503357476,1500
Bayes,model_only,2011,TKN,CT,1.5877618720540607,1.5588813027514958,0.1743399281457435,2.955460601833059,1500
Bayes,model_only,2011,TKN,MT,1.0572600354570736,1.0488521575836445,-0.5081188570116599,2.6003685192106376,1500
Bayes,model_only,2011,TKN,ST,1.0205075674997848,1.012666074834077,-0.5643305097995099,2.596071335663557,1500
Bayes,model_only,2011,TN,CT,2.0802228212058886,2.034549655686332,1.3811549597606436,2.980858944962277,1500
Bayes,model_only,2011,TN,MT,2.3984209875826905,2.385607692895616,1.303939643333316,3.5489449763085323,1500
Bayes,model_only,2011,TN,ST,2.4177414090328724,2.408151273908538,1.2830767834923176,3.6080550208001743,1500
Bayes,model_only,2011,TP,CT,0.6601665295425554,0.6517316413575677,0.25617445251507803,1.1070471565652866,1500
Bayes,model_only,2011,TP,MT,0.19733382279647618,0.20908138630806233,-0.30182535419488954,0.6342107741181957,1500
Bayes,model_only,2011,TP,ST,0.16593960217224873,0.17849829984903232,-0.34158630898211095,0.6105383402599704,1500
Bayes,model_only,2011,TSS,CT,619.2912656828449,611.0632494858112,331.42664800636686,953.59290389266,1500
Bayes,model_only,2011,TSS,MT,-86.2373434549569,-78.71274440741007,-492.35865058923093,267.7318650049722,1500
Bayes,model_only,2011,TSS,ST,-133.63771356347382,-125.59691374275084,-561.7338578205978,233.0953261746294,1500
Bayes,model_only,2012,NH4,CT,0.014061684825730919,0.014609317398533406,-0.04092978559571984,0.06924423276179284,1500
Bayes,model_only,2012,NH4,MT,0.024964894595548077,0.02487923574747041,-0.044324681144436655,0.09169234626373135,1500
Bayes,model_only,2012,NH4,ST,0.020339640564169953,0.020289545274766466,-0.040823389777863345,0.08127421632876003,1500
Bayes,model_only,2012,NO2,CT,0.0974403071586943,0.09218375475668311,-0.5471786227671759,0.7586146400201828,1500
Bayes,model_only,2012,NO2,MT,0.10885955948677975,0.09716210611892209,-0.7027575252129626,0.9455399248916581,1500
Bayes,model_only,2012,NO2,ST,0.09545588194561337,0.08613000823105069,-0.6357148985982627,0.8536920365349978,1500
Bayes,model_only,2012,NO3,CT,4.808665639175191,4.793372710950557,3.7053112526026877,6.0338958474839295,1500
Bayes,model_only,2012,NO3,MT,4.893072308619055,4.909601355568125,3.775272219126798,5.934578867902638,1500
Bayes,model_only,2012,NO3,ST,4.55208980995943,4.5504218613538185,3.6425111701663155,5.53286685505656,1500
Bayes,model_only,2012,OP,CT,0.06577394428314781,0.06476539856351057,0.02035902745027167,0.11818919434451747,1500
Bayes,model_only,2012,OP,MT,0.047516791156563716,0.04689488003140678,-0.017114586899282767,0.11537385284981268,1500
Bayes,model_only,2012,OP,ST,0.03600711943512062,0.03534948451031039,-0.024842771069191527,0.09760612112934383,1500
Bayes,model_only,2012,Se,CT,0.003156921250834774,0.0031343682497313027,0.0019708362247860276,0.0044984966616304035,1500
Bayes,model_only,2012,Se,MT,0.003628294138735714,0.0036238894558910037,0.0022216460958770566,0.005096788335917729,1500
Bayes,model_only,2012,Se,ST,0.003224186817700823,0.003223012365604734,0.002065627841444346,0.004427401447375476,1500
Bayes,model_only,2012,TDS,CT,420.9931616395033,417.24648137694476,253.32953802893195,605.8029881098812,1500
Bayes,model_only,2012,TDS,MT,542.0262454089432,539.2805316657866,326.13823018147804,760.8455976401275,1500
Bayes,model_only,2012,TDS,ST,488.581588733355,486.273856145325,296.942995792129,676.8541175501059,1500
Bayes,model_only,2012,TKN,CT,1.907653945174099,1.8511093143240314,0.47761974669766344,3.519355974025585,1500
Bayes,model_only,2012,TKN,MT,1.4627833118874387,1.418624011618386,-0.2934128906100269,3.467142733273706,1500
Bayes,model_only,2012,TKN,ST,1.2475231962574738,1.1989159017893511,-0.33963576424098096,2.950701254286222,1500
Bayes,model_only,2012,TN,CT,1.468038837871878,1.4108625640837702,0.5141973088177951,2.7159112231622036,1500
Bayes,model_only,2012,TN,MT,1.746315689342561,1.7261967608169688,0.10960955710115597,3.4812069533664705,1500
Bayes,model_only,2012,TN,ST,1.5061269066910024,1.4989557088185825,0.055139828419955905,3.0064650112362235,1500
Bayes,model_only,2012,TP,CT,0.5831428961431564,0.5757219238385465,0.07779839391093807,1.0898503654439624,1500
Bayes,model_only,2012,TP,MT,-0.0731069081561899,-0.06099081489451998,-0.7565256107184382,0.5607952173215324,1500
Bayes,model_only,2012,TP,ST,-0.1234513303068186,-0.11353869539563119,-0.7504903839142836,0.4476228234061695,1500
Bayes,model_only,2012,TSS,CT,806.9490417623489,799.7015336126171,399.0385914873262,1266.6416282864304,1500
Bayes,model_only,2012,TSS,MT,-374.24358143941714,-342.1022720745767,-1105.7676931649605,215.30766606336545,1500
Bayes,model_only,2012,TSS,ST,-248.82483283611862,-225.81514438023265,-914.0705347572118,292.0961212139587,1500
Bayes,model_only,2013,NH4,CT,0.039852910691326966,0.04023723420899197,-0.033952608145505866,0.10351611489307513,1500
Bayes,model_only,2013,NH4,MT,0.03769253492545177,0.03806437127785901,-0.03708165750137865,0.10015074308552634,1500
Bayes,model_only,2013,NH4,ST,0.04047723892576376,0.04070529728149405,-0.03454091856912366,0.10655102314143267,1500
Bayes,model_only,2013,NO2,CT,-0.05548293359775218,-0.08370562364470543,-0.7256542248541039,0.7290174161688389,1500
Bayes,model_only,2013,NO2,MT,-0.05789459669264827,-0.0855590237661613,-0.7389022722686115,0.7434539944597897,1500
Bayes,model_only,2013,NO2,ST,-0.05671126428063123,-0.08481217586025416,-0.7403790259667744,0.7382567565343097,1500
Bayes,model_only,2013,NO3,CT,3.9234131612002026,3.9384136686432294,2.9453309162542616,4.770037914669031,1500
Bayes,model_only,2013,NO3,MT,4.019825566545309,4.040719121789573,2.9948724289702042,4.911087306767063,1500
Bayes,model_only,2013,NO3,ST,3.949890019576465,3.963838574859067,2.9484514603336045,4.800815567428844,1500
Bayes,model_only,2013,OP,CT,-0.05684010464602006,-0.057655908663948464,-0.14202751841801983,0.03767574154762041,1500
Bayes,model_only,2013,OP,MT,-0.056564553792155636,-0.05748463990700538,-0.14474034534097646,0.042214918449015336,1500
Bayes,model_only,2013,OP,ST,-0.05984584183041499,-0.061273106639917876,-0.14765887079084547,0.03572443626731387,1500
Bayes,model_only,2013,Se,CT,0.0030126504648038117,0.00305634364609579,0.0012637962538057021,0.004650767985792423,1500
Bayes,model_only,2013,Se,MT,0.003000353430119303,0.003042252105764697,0.0012448833589593846,0.004616807263579357,1500
Bayes,model_only,2013,Se,ST,0.003013455977919245,0.0030579733650888887,0.0012596061511200875,0.004654879026718283,1500
Bayes,model_only,2013,TDS,CT,450.61170158762724,450.679900205643,277.7105111844591,623.7471001931908,1500
Bayes,model_only,2013,TDS,MT,455.3220262956357,455.96131629953317,277.72327732759504,635.3062137158761,1500
Bayes,model_only,2013,TDS,ST,454.86951121887597,455.4111659670298,277.45483239685564,631.3525930663244,1500
Bayes,model_only,2013,TKN,CT,2.131958192202656,2.1230435947519184,1.3067935504728918,3.0241284272998072,1500
Bayes,model_only,2013,TKN,MT,2.0745840969115035,2.0738527000592235,1.2469523482247078,3.001677687652793,1500
Bayes,model_only,2013,TKN,ST,2.0876653175840287,2.080106867745025,1.2751362294087838,2.98203882953729,1500
Bayes,model_only,2013,TN,CT,1.538302356657223,1.5790978344302165,-1.7132618423037884,4.4385365981158476,1500
Bayes,model_only,2013,TN,MT,1.5327296342316707,1.5930511695882812,-1.7156238445847596,4.523553936012575,1500
Bayes,model_only,2013,TN,ST,1.552113556779319,1.5974953630795112,-1.7229288692135123,4.486179608796141,1500
Bayes,model_only,2013,TP,CT,-0.19194419148141742,-0.1799716869329276,-0.8358108515924081,0.4065658694893167,1500
Bayes,model_only,2013,TP,MT,-0.20968023975139902,-0.1956619661833135,-0.9079366833520163,0.3884176149672362,1500
Bayes,model_only,2013,TP,ST,-0.2366682541137319,-0.22385184949203957,-0.9081297020125076,0.3743477862305033,1500
Bayes,model_only,2013,TSS,CT,-70.33479638013797,-49.919067030240726,-670.5299526864592,440.61155373238245,1500
Bayes,model_only,2013,TSS,MT,-190.9465552487734,-173.99190496910524,-848.2357624336594,350.03431062076214,1500
Bayes,model_only,2013,TSS,ST,-132.8905638107154,-113.96808444325261,-750.8068758729404,390.6946164822638,1500
Bayes,model_only,2014,NH4,CT,0.0353663683331093,0.03504453327572567,0.01036178296623424,0.06204718317848696,1500
Bayes,model_only,2014,NH4,MT,0.025917407519366924,0.02570467545829385,0.0036758462297320363,0.0504211972590394,1500
Bayes,model_only,2014,NH4,ST,0.037128333184759534,0.03662705252572348,0.009479777778582164,0.06753928907437032,1500
Bayes,model_only,2014,NO2,CT,0.11653193541579551,0.10954931033977161,-0.30138851670430655,0.5652076157400769,1500
Bayes,model_only,2014,NO2,MT,0.09018626372303346,0.08736321749647406,-0.25773207671700615,0.46061059153665634,1500
Bayes,model_only,2014,NO2,ST,0.11758952293575396,0.11128579034337208,-0.3181306259613411,0.5808166058936329,1500
Bayes,model_only,2014,NO3,CT,2.6392917056616096,2.6348589587077482,2.0809982973370555,3.195473636668176,1500
Bayes,model_only,2014,NO3,MT,2.143303014993887,2.1432319944443607,1.647351482630759,2.6524030884337595,1500
Bayes,model_only,2014,NO3,ST,2.713205767736819,2.7129021823212094,2.0783288027508,3.348258745260134,1500
Bayes,model_only,2014,OP,CT,0.04297304556215431,0.043068160029544694,0.018619318036529595,0.0671733888932758,1500
Bayes,model_only,2014,OP,MT,0.040029122698836364,0.040189745853198136,0.010986957662746823,0.06955828422663483,1500
Bayes,model_only,2014,OP,ST,0.03780222002430686,0.038356148570793634,0.011988681731849405,0.0640894734163819,1500
Bayes,model_only,2014,Se,CT,0.002244265501057138,0.002242698341712679,0.001597198844729762,0.0028965249966350012,1500
Bayes,model_only,2014,Se,MT,0.0017726000384734324,0.001764237160375986,0.001213124793914597,0.002353050893055365,1500
Bayes,model_only,2014,Se,ST,0.0022571586376638276,0.0022550938265950477,0.0015658599754263779,0.0029772954868786724,1500
Bayes,model_only,2014,TDS,CT,281.5761743399829,280.20596155629005,184.47472246355,387.0571732468597,1500
Bayes,model_only,2014,TDS,MT,235.7350564054482,234.00046420074918,150.5014485357261,328.1312878557127,1500
Bayes,model_only,2014,TDS,ST,292.19703055846486,289.7420273108436,186.47443578617577,410.85958649057017,1500
Bayes,model_only,2014,TKN,CT,1.2886026482387232,1.280644566398994,0.7659697643240702,1.8833642421957877,1500
Bayes,model_only,2014,TKN,MT,0.8684764506388429,0.8638091702413544,0.4026405968246064,1.3601434516687503,1500
Bayes,model_only,2014,TKN,ST,1.1858725934944843,1.1697511289391538,0.6316229171884606,1.801548289679141,1500
Bayes,model_only,2014,TN,CT,2.234223410644036,2.2236823051149934,1.5416270964814291,3.010906394912365,1500
Bayes,model_only,2014,TN,MT,2.2913386983159953,2.27118586940375,1.4307647285712208,3.2566308723060557,1500
Bayes,model_only,2014,TN,ST,2.30199430307339,2.2889871055519073,1.4963225143039036,3.1887845854124386,1500
Bayes,model_only,2014,TP,CT,0.21012530249481443,0.21044266360548824,-0.041681327173922623,0.4741831718948132,1500
Bayes,model_only,2014,TP,MT,0.12960412845793978,0.13159799472465886,-0.17875047085082513,0.4387077954225131,1500
Bayes,model_only,2014,TP,ST,0.11190442626302935,0.11480532561355612,-0.17005897150998436,0.39137327622609036,1500
Bayes,model_only,2014,TSS,CT,227.0188931347232,227.1145153550694,3.608606097877648,449.47892012158957,1500
Bayes,model_only,2014,TSS,MT,45.26080806196778,47.940972851444286,-240.61552141143466,312.0362234528931,1500
Bayes,model_only,2014,TSS,ST,82.82558431397534,83.17421192711014,-180.6047572120509,327.06132323303177,1500
Bayes,model_only,2015,NH4,CT,0.03155086842161072,0.031127206234179992,0.018403401854556713,0.047014669547780705,1500
Bayes,model_only,2015,NH4,MT,0.03051411696452897,0.03053391482389914,0.019690335548700377,0.04112786025992973,1500
Bayes,model_only,2015,NH4,ST,0.030864152045239342,0.030708521209596367,0.020361479139896697,0.04171605324850817,1500
Bayes,model_only,2015,NO2,CT,0.13619704759097595,0.13179488612603624,-0.33876960866053557,0.6397994966152324,1500
Bayes,model_only,2015,NO2,MT,0.1280421870993838,0.11761194925328933,-0.31863741293749553,0.6003121401119521,1500
Bayes,model_only,2015,NO2,ST,0.12512021324070322,0.11591069625949738,-0.3015885700049613,0.5798949388110008,1500
Bayes,model_only,2015,NO3,CT,2.7684588016424354,2.7576687109679456,2.1743321636272217,3.4001051242522955,1500
Bayes,model_only,2015,NO3,MT,2.7550329649642076,2.755600619675686,2.3505468907391713,3.1634002163412953,1500
Bayes,model_only,2015,NO3,ST,2.6151503605743653,2.617754786186966,2.22194647127798,2.99247614840556,1500
Bayes,model_only,2015,OP,CT,0.03505116107313208,0.0349663911961893,0.010138619614498039,0.06294494545761121,1500
Bayes,model_only,2015,OP,MT,0.025567143893788377,0.025395850671666532,0.004477917211220758,0.04785028073872872,1500
Bayes,model_only,2015,OP,ST,0.02527110194376803,0.025170718577994158,0.005575045787219928,0.04569103807608051,1500
Bayes,model_only,2015,Se,CT,0.0025220481018610828,0.002517058449596282,0.001745995866393487,0.0033091097892940153,1500
Bayes,model_only,2015,Se,MT,0.0021377319297167696,0.0021413932743712,0.0014961436749129713,0.0027377257044592764,1500
Bayes,model_only,2015,Se,ST,0.0020346118152365744,0.0020410924632372337,0.0014493612067636163,0.0026080800132267405,1500
Bayes,model_only,2015,TDS,CT,299.86257917770865,295.3117504515159,187.75327606516407,425.5786483543322,1500
Bayes,model_only,2015,TDS,MT,304.9232681823259,302.250323156273,207.598397323589,408.431684590725,1500
Bayes,model_only,2015,TDS,ST,294.6241918701158,292.70995100650214,202.83909592358134,397.2433925412581,1500
Bayes,model_only,2015,TKN,CT,0.7753668316601873,0.7693194269147909,0.39880833406839267,1.2331292305890038,1500
Bayes,model_only,2015,TKN,MT,0.17149429630902507,0.17058274881868157,-0.1427076160723193,0.4957969228736956,1500
Bayes,model_only,2015,TKN,ST,0.15230449950383665,0.15416939527838472,-0.16729913907772231,0.45921865969450626,1500
Bayes,model_only,2015,TN,CT,3.275817250707815,3.245445190728671,2.522981259190631,4.152978198080122,1500
Bayes,model_only,2015,TN,MT,2.998411588987729,2.9902002749828203,2.509896023200451,3.5164286828371356,1500
Bayes,model_only,2015,TN,ST,2.853837377911691,2.853556138191549,2.361049192044105,3.346885998207866,1500
Bayes,model_only,2015,TP,CT,0.37322972124114184,0.3725399961805784,0.07161044803460681,0.6924683624400007,1500
Bayes,model_only,2015,TP,MT,0.10933866535650665,0.10706585566021092,-0.15073230318360958,0.3770876805679191,1500
Bayes,model_only,2015,TP,ST,0.1101488867647552,0.10459603370835951,-0.1382211600958711,0.37167201087272944,1500
Bayes,model_only,2015,TSS,CT,571.0941209573442,566.0824266461998,336.6982965045238,833.469904982326,1500
Bayes,model_only,2015,TSS,MT,72.99269513597613,75.58770006578018,-127.85907165326647,267.98654133967074,1500
Bayes,model_only,2015,TSS,ST,128.41171550682205,126.10622971223847,-59.78928714520798,305.51872841561544,1500
Bayes,model_only,2016,NH4,CT,0.015158937381822307,0.015308499351786634,0.006890698111177694,0.023214048203644977,1500
Bayes,model_only,2016,NH4,MT,0.0127345576122583,0.01268811916830489,0.0051200679934067725,0.020130752878152244,1500
Bayes,model_only,2016,NH4,ST,0.013131870874206596,0.01326557568366597,0.005159695314285292,0.020818774571210345,1500
Bayes,model_only,2016,NO2,CT,0.03252419168262469,0.030592120062083603,-0.13702911255625522,0.21301733775737505,1500
Bayes,model_only,2016,NO2,MT,0.029705048943667312,0.026980921785131493,-0.12250022772833144,0.19603188800857818,1500
Bayes,model_only,2016,NO2,ST,0.029784781297635697,0.027626785545840738,-0.12304501818630963,0.1902082214928431,1500
Bayes,model_only,2016,NO3,CT,0.5410760936569309,0.5578833470705524,0.2529078288267686,0.7843667528734344,1500
Bayes,model_only,2016,NO3,MT,0.5014561409533167,0.5198188603852534,0.2156837909019519,0.7494218777226472,1500
Bayes,model_only,2016,NO3,ST,0.4837921250989131,0.49795657858907694,0.20225442396372287,0.7200940024003348,1500
Bayes,model_only,2016,OP,CT,0.0030369247556175307,0.0026395424402950703,-0.005722091124957966,0.01379523316448279,1500
Bayes,model_only,2016,OP,MT,0.006008483817861648,0.005470379325792368,-0.001973589939232736,0.016662441830392324,1500
Bayes,model_only,2016,OP,ST,0.00561697177854185,0.0051407111354808376,-0.002160304119201605,0.01589233742447417,1500
Bayes,model_only,2016,Se,CT,0.0006873863682904378,0.000676975311416462,0.00019823396705261425,0.0012338447739453115,1500
Bayes,model_only,2016,Se,MT,0.0005799383791579339,0.0005727994778623225,0.00014207376431928323,0.0010706613695649367,1500
Bayes,model_only,2016,Se,ST,0.000576720913264598,0.0005673021285945725,0.00014597868654852076,0.0010527638617197342,1500
Bayes,model_only,2016,TDS,CT,93.6627486064146,90.57822725161444,36.242417495859755,165.2620321362394,1500
Bayes,model_only,2016,TDS,MT,84.4435980013759,81.996920434983,29.56688343602488,150.30140211298956,1500
Bayes,model_only,2016,TDS,ST,83.59900462868627,81.21868756383861,28.948791328829767,149.27328080883518,1500
Bayes,model_only,2016,TKN,CT,0.03527566962434478,0.03447595974485383,-0.12090212291204203,0.17255946829709837,1500
Bayes,model_only,2016,TKN,MT,0.013033349697139549,0.014267362760328927,-0.13747240764160282,0.13590499807192677,1500
Bayes,model_only,2016,TKN,ST,0.01832175815587231,0.01750078186584754,-0.1158507917253577,0.13987270462203394,1500
Bayes,model_only,2016,TN,CT,0.5742916517124478,0.5805223392960149,0.25152533371685193,0.8827117749982998,1500
Bayes,model_only,2016,TN,MT,0.46569661390200817,0.4711420770037236,0.18775506184282434,0.7474073606438334,1500
Bayes,model_only,2016,TN,ST,0.46274223447262586,0.46797058514709866,0.18517109644780783,0.7392608191009639,1500
Bayes,model_only,2016,TP,CT,-0.011739155216253745,-0.010424278680555014,-0.12551677503854816,0.08956186085423036,1500
Bayes,model_only,2016,TP,MT,0.018060869331138922,0.01788822393725981,-0.0774495727206986,0.1131502045093496,1500
Bayes,model_only,2016,TP,ST,0.01639794918322379,0.015185112715583036,-0.07858296968379444,0.11779830697916954,1500
Bayes,model_only,2016,TSS,CT,62.737364306065885,57.04255143724512,-23.671598053370925,172.54621898223357,1500
Bayes,model_only,2016,TSS,MT,65.33871750770584,59.7981427941992,-6.9654417157999555,171.3309931953525,1500
Bayes,model_only,2016,TSS,ST,80.89768094001714,75.81511707277969,3.410737585021727,191.8891612057432,1500
Bayes,model_only,2017,NH4,CT,0.03599574464083532,0.036410979192749965,-0.01623771047075039,0.08360224852365677,1500
Bayes,model_only,2017,NH4,MT,0.029311375135162285,0.029618666237061195,-0.014763395205042712,0.07025578632031165,1500
Bayes,model_only,2017,NH4,ST,0.029929157039650968,0.03031725207478876,-0.012589501226027144,0.07043747773524242,1500
Bayes,model_only,2017,NO2,CT,0.03078058222449969,0.016941911450283204,-0.5383112283190825,0.69758551665139,1500
Bayes,model_only,2017,NO2,MT,0.026278666978190937,0.017326550979462382,-0.4448562963334833,0.5992043197006538,1500
Bayes,model_only,2017,NO2,ST,0.026922169573021282,0.017464491143584122,-0.4433430349509995,0.5885977564451066,1500
Bayes,model_only,2017,NO3,CT,3.3906680888839733,3.3873074214930923,2.611698527942438,4.1891101282187915,1500
Bayes,model_only,2017,NO3,MT,3.0369782433419403,3.035603422479996,2.5078950193997165,3.5568578885191435,1500
Bayes,model_only,2017,NO3,ST,2.900070630904714,2.8947130800946104,2.3796126046501933,3.4323538181082824,1500
Bayes,model_only,2017,OP,CT,-0.005381005927532839,-0.005156939188023548,-0.046064348979418496,0.03478124867738017,1500
Bayes,model_only,2017,OP,MT,0.0017566530856531987,0.0015844177809001428,-0.03172862470576546,0.03510788292153726,1500
Bayes,model_only,2017,OP,ST,0.002202932162419395,0.0019927650569655005,-0.029250954655672096,0.03315036622272176,1500
Bayes,model_only,2017,Se,CT,0.0025716385058457388,0.002609670900349947,0.001094459357845,0.003923258237870475,1500
Bayes,model_only,2017,Se,MT,0.0019281063261029129,0.0019694244981426356,0.0007127968558847989,0.002993550192188549,1500
Bayes,model_only,2017,Se,ST,0.0018520655983924217,0.0018936586735305498,0.0006778927380385493,0.002874436465304621,1500
Bayes,model_only,2017,TDS,CT,338.43049207405284,335.9913683662297,219.83544676681447,473.6143349718517,1500
Bayes,model_only,2017,TDS,MT,307.3496283492932,304.36618810685366,210.93205151165088,418.2798756444508,1500
Bayes,model_only,2017,TDS,ST,298.07348566498547,296.72838846098006,203.21367389293786,404.05257816857,1500
Bayes,model_only,2017,TKN,CT,0.9346035448654518,0.9269684989673525,0.5489785982465808,1.3488356060723536,1500
Bayes,model_only,2017,TKN,MT,0.3856001577612145,0.38414624524454744,0.09253553115351684,0.683500009294876,1500
Bayes,model_only,2017,TKN,ST,0.3740454908750531,0.3745282060825154,0.09481835841710119,0.6648439235481303,1500
Bayes,model_only,2017,TN,CT,1.8945098561893365,1.8734152327686902,-0.7784650153989602,4.792819232395234,1500
Bayes,model_only,2017,TN,MT,1.3601313164541535,1.351047325470565,-1.0046730819276597,3.7845985516576395,1500
Bayes,model_only,2017,TN,ST,1.2920707550484816,1.2918241011410674,-0.9502132877190825,3.6120019448885223,1500
Bayes,model_only,2017,TP,CT,0.0407849103626316,0.04118097116370819,-0.2370173708223401,0.3199200339141643,1500
Bayes,model_only,2017,TP,MT,-0.020336674906666255,-0.020829189650341265,-0.24746925533624756,0.20132012335815452,1500
Bayes,model_only,2017,TP,ST,-0.01171460741520947,-0.01175375831522419,-0.2260882872234763,0.18670599559333692,1500
Bayes,model_only,2017,TSS,CT,624.5183212011523,619.6035417931597,378.7198455291409,911.4158296446777,1500
Bayes,model_only,2017,TSS,MT,315.61433968538876,314.0837457960465,140.39104424232622,492.9400603761843,1500
Bayes,model_only,2017,TSS,ST,370.80033753138065,368.67823146556367,210.97212994380322,544.4887748790509,1500
Bayes,model_only,2018,NH4,CT,0.04035272662810161,0.03653293581344064,-0.0021207483722317697,0.0986923556947303,1500
Bayes,model_only,2018,NH4,MT,0.04077810499374499,0.03698264638971186,-0.003432936656678468,0.10090121412797232,1500
Bayes,model_only,2018,NH4,ST,0.042489201173067696,0.03834956186037522,0.001048511291698764,0.10153567714585797,1500
Bayes,model_only,2018,NO2,CT,0.06933122089020498,0.04982422997125761,-0.4339108590161144,0.6688487102629156,1500
Bayes,model_only,2018,NO2,MT,0.06417220777833982,0.05444754838319882,-0.42567624891658495,0.6611628463565624,1500
Bayes,model_only,2018,NO2,ST,0.06503633446863155,0.053665126786702134,-0.4194500046255508,0.6533876845252982,1500
Bayes,model_only,2018,NO3,CT,2.7011702012935466,2.5482789196573785,1.4135999349494182,4.736837565675903,1500
Bayes,model_only,2018,NO3,MT,2.800797184730844,2.656370589665224,1.522853006303466,4.6877869766243645,1500
Bayes,model_only,2018,NO3,ST,2.736504536328659,2.598078378885664,1.4812152164484136,4.597819941765487,1500
Bayes,model_only,2018,OP,CT,0.1273787929897648,0.1195154102915651,0.034897774114006845,0.266022418307398,1500
Bayes,model_only,2018,OP,MT,0.11857816503487126,0.11053375435322085,0.026600020810836057,0.2510856185828682,1500
Bayes,model_only,2018,OP,ST,0.11615441804087756,0.10875612400280313,0.024134219098701972,0.2410075237275634,1500
Bayes,model_only,2018,Se,CT,0.002553007875917151,0.0024466361595172183,0.0013156557719189407,0.004425571598282118,1500
Bayes,model_only,2018,Se,MT,0.002357671079419893,0.0022429801476863175,0.0011950020522521242,0.004069386506083505,1500
Bayes,model_only,2018,Se,ST,0.002350865749032695,0.0022458090780506502,0.0011863281500408347,0.004052245605146963,1500
Bayes,model_only,2018,TDS,CT,323.248611948371,307.50789968912864,177.8168794153035,552.1778888166417,1500
Bayes,model_only,2018,TDS,MT,338.0905285669125,324.594477491628,190.48422698111094,558.0196461657138,1500
Bayes,model_only,2018,TDS,ST,336.2646661653981,323.01466914153013,186.4302552641506,555.9665643355683,1500
Bayes,model_only,2018,TKN,CT,1.6436639036791858,1.5555522943338498,0.3845538083310846,3.4077132639351637,1500
Bayes,model_only,2018,TKN,MT,1.1853286471613953,1.1142219376049955,-0.09298048974857978,2.7699330323974705,1500
Bayes,model_only,2018,TKN,ST,1.1883841069081886,1.1254005807413971,-0.07654212996681421,2.7247305910417334,1500
Bayes,model_only,2018,TN,CT,2.2151368725395546,2.0344103070169415,-0.35536777462128843,5.575961789146277,1500
Bayes,model_only,2018,TN,MT,2.1455305396751108,1.980082509116266,-0.5236265254219084,5.393224722673881,1500
Bayes,model_only,2018,TN,ST,2.141282921618166,1.977236545746347,-0.4467994982592687,5.411555992722387,1500
Bayes,model_only,2018,TP,CT,0.5485925739907379,0.4778766400736015,-0.22499644185284748,1.7129257876172927,1500
Bayes,model_only,2018,TP,MT,0.3120769666680844,0.26041619233721675,-0.49056746567426057,1.4644872265191509,1500
Bayes,model_only,2018,TP,ST,0.2960793069149784,0.24135770612694596,-0.497414789923942,1.4269980237650155,1500
Bayes,model_only,2018,TSS,CT,1210.328284813631,1136.2812582917902,517.7333451281943,2366.18881288619,1500
Bayes,model_only,2018,TSS,MT,774.3919462811782,712.7458078690474,107.42768936382843,1760.047437797767,1500
Bayes,model_only,2018,TSS,ST,819.1244716540593,752.7486601952896,151.76836668700003,1843.5553798672522,1500
Bayes,model_only,2019,NH4,CT,0.01579467504091572,0.01538392881737718,0.0024182582213943156,0.03136935519604762,1500
Bayes,model_only,2019,NH4,MT,0.01527570138303991,0.014996848700212409,0.0016441666687536307,0.030580940452693026,1500
Bayes,model_only,2019,NH4,ST,0.01579467504091572,0.01538392881737718,0.0024182582213943156,0.03136935519604762,1500
Bayes,model_only,2019,NO2,CT,0.008549841425682143,0.003429941952484885,-0.11528344248913999,0.1570705477048746,1500
Bayes,model_only,2019,NO2,MT,0.008322478716496938,0.003796346941414678,-0.11402438683888817,0.15588641230457975,1500
Bayes,model_only,2019,NO2,ST,0.008549841425682143,0.003429941952484885,-0.11528344248913999,0.1570705477048746,1500
Bayes,model_only,2019,NO3,CT,0.7066297821874149,0.7031598955334872,0.44172432972555165,1.0045317473548023,1500
Bayes,model_only,2019,NO3,MT,0.7198424406574923,0.7155325628257724,0.4494839468640528,1.0213851227954973,1500
Bayes,model_only,2019,NO3,ST,0.7066297821874149,0.7031598955334872,0.44172432972555165,1.0045317473548023,1500
Bayes,model_only,2019,OP,CT,0.0345903156554601,0.03421935545968706,0.01452268246399625,0.05782043234243574,1500
Bayes,model_only,2019,OP,MT,0.0352169152907338,0.034963538510669606,0.014813218934697218,0.05847951658632697,1500
Bayes,model_only,2019,OP,ST,0.0345903156554601,0.03421935545968706,0.01452268246399625,0.05782043234243574,1500
Bayes,model_only,2019,Se,CT,0.000634888631182889,0.0006231227651357173,0.00029262899904808104,0.0009671810400650937,1500
Bayes,model_only,2019,Se,MT,0.000632478639284123,0.000621265432828848,0.0002927647520210548,0.0009621404434917059,1500
Bayes,model_only,2019,Se,ST,0.000634888631182889,0.0006231227651357173,0.00029262899904808104,0.0009671810400650937,1500
Bayes,model_only,2019,TDS,CT,87.53797964021237,87.02896060426276,54.183756496951425,121.9027047170556,1500
Bayes,model_only,2019,TDS,MT,87.62113896473826,87.54195761608537,54.345287413124396,122.96853572905157,1500
Bayes,model_only,2019,TDS,ST,87.53797964021237,87.02896060426276,54.183756496951425,121.9027047170556,1500
Bayes,model_only,2019,TKN,CT,0.38168544591883974,0.3782981531500661,0.09025698421701368,0.6778943740000043,1500
Bayes,model_only,2019,TKN,MT,0.3794760121812001,0.3742289855412399,0.09282076972383041,0.6663765333773531,1500
Bayes,model_only,2019,TKN,ST,0.38168544591883974,0.3782981531500661,0.09025698421701368,0.6778943740000043,1500
Bayes,model_only,2019,TN,CT,0.7501105739657694,0.7363601818876453,0.02688598657819586,1.5678132073681696,1500
Bayes,model_only,2019,TN,MT,0.7465676845222845,0.7281134118394146,0.02652676159105786,1.5605607572648434,1500
Bayes,model_only,2019,TN,ST,0.7501105739657694,0.7363601818876453,0.02688598657819586,1.5678132073681696,1500
Bayes,model_only,2019,TP,CT,0.07804098731165596,0.06564568420133451,-0.1050855016921385,0.31723868967316093,1500
Bayes,model_only,2019,TP,MT,0.08321444147423161,0.07020767829138513,-0.1011814724830322,0.32052241582271634,1500
Bayes,model_only,2019,TP,ST,0.07804098731165596,0.06564568420133451,-0.1050855016921385,0.31723868967316093,1500
Bayes,model_only,2019,TSS,CT,174.84321773337936,168.85385598647983,20.176123713465323,349.42452311317254,1500
Bayes,model_only,2019,TSS,MT,164.12008923495713,156.76608742242354,13.437356835427357,341.68556290230424,1500
Bayes,model_only,2019,TSS,ST,174.84321773337936,168.85385598647983,20.176123713465323,349.42452311317254,1500
Bayes,model_only,2020,NH4,CT,0.04908984682209573,0.04729122363226079,0.003781438281145688,0.09925608068360528,1500
Bayes,model_only,2020,NH4,MT,0.032416560834420405,0.032002534311994416,-5.1208121004951734e-05,0.06505582226718933,1500
Bayes,model_only,2020,NH4,ST,0.03571052164364221,0.03522148832842365,0.003301059832911433,0.07011128862297501,1500
Bayes,model_only,2020,NO2,CT,0.18492189209200005,0.16246707018701317,-0.44441170280491316,0.9244521367510922,1500
Bayes,model_only,2020,NO2,MT,0.14510866637808828,0.127072651792041,-0.31924920028099446,0.6746391736790481,1500
Bayes,model_only,2020,NO2,ST,0.14770673892880545,0.13143939008000965,-0.32373758957461946,0.6808363668505896,1500
Bayes,model_only,2020,NO3,CT,3.894830508070007,3.8964450183767863,3.003938329312077,4.724956984572324,1500
Bayes,model_only,2020,NO3,MT,3.019470660387094,3.0192235500280056,2.5828416674147108,3.476565532198164,1500
Bayes,model_only,2020,NO3,ST,3.0135731647623323,3.0179854390433123,2.537009355618842,3.4965883439397776,1500
Bayes,model_only,2020,OP,CT,0.03153819055833428,0.033562509087661896,-0.0466327778903432,0.09833136015691667,1500
Bayes,model_only,2020,OP,MT,0.05533030207239785,0.05681873640309466,-0.0012996007251927413,0.10073672440379593,1500
Bayes,model_only,2020,OP,ST,0.050687289759968876,0.05249267384438599,-0.008389555548007422,0.09646069678824219,1500
Bayes,model_only,2020,Se,CT,0.0034248053738561,0.003428407933032354,0.002601826384018344,0.004204729742202898,1500
Bayes,model_only,2020,Se,MT,0.002379794561797606,0.002377342515413299,0.002011221461768962,0.0027938347641235264,1500
Bayes,model_only,2020,Se,ST,0.0024278371607471044,0.002422261636146172,0.0020389763389077466,0.00285816765973087,1500
Bayes,model_only,2020,TDS,CT,477.81248205967074,476.1978223994803,313.11882390923955,650.4113510782386,1500
Bayes,model_only,2020,TDS,MT,358.8487063772674,356.4113339166656,253.64925155309768,472.56269487499804,1500
Bayes,model_only,2020,TDS,ST,365.8712721698666,362.4391414356804,258.50869309776186,484.7698059342851,1500
Bayes,model_only,2020,TKN,CT,0.6145653866616769,0.6085277655201535,0.05314126334519499,1.177949914901199,1500
Bayes,model_only,2020,TKN,MT,0.5189777159624428,0.5226170323575999,0.1478862719458369,0.8888884013740516,1500
Bayes,model_only,2020,TKN,ST,0.49606325713524346,0.4937630759231191,0.11734398080027096,0.8924222588459864,1500
Bayes,model_only,2020,TN,CT,3.4550958312081526,3.448962089760758,0.4733667865013635,6.470377334521668,1500
Bayes,model_only,2020,TN,MT,2.256470764136912,2.282046828162194,0.20361880234204383,4.305863529118637,1500
Bayes,model_only,2020,TN,ST,2.331574062480423,2.341158750721954,0.23188864622474983,4.435639677746999,1500
Bayes,model_only,2020,TP,CT,-0.021200659635275062,-0.018641622670732064,-0.4610283777815518,0.3797545088063008,1500
Bayes,model_only,2020,TP,MT,0.3249751024533548,0.33211143398170945,0.0362007155944406,0.5925363233499036,1500
Bayes,model_only,2020,TP,ST,0.2659763600463953,0.26807034462274815,-0.01941675594189264,0.5484695003968856,1500
Bayes,model_only,2020,TSS,CT,55.75926477363332,55.76776435436108,-343.43904978857364,432.0705811100753,1500
Bayes,model_only,2020,TSS,MT,336.34448372452056,333.7724815449445,102.40013882671956,575.6924400263632,1500
Bayes,model_only,2020,TSS,ST,331.92560091492794,330.00746572548724,92.16755679528863,577.0048112900123,1500
Bayes,model_only,2021,NH4,CT,0.029151215732624743,0.029265454613103706,-0.006816288118557102,0.0645133851341911,1500
Bayes,model_only,2021,NH4,MT,0.020320706959007475,0.020291006988056928,-0.012717134179729733,0.05260105595954642,1500
Bayes,model_only,2021,NH4,ST,0.023230979965005127,0.022911807931448754,-0.009203132158331415,0.05607546749277339,1500
Bayes,model_only,2021,NO2,CT,0.06874354005777293,0.056668866957648154,-0.23301606279144665,0.42358046988511866,1500
Bayes,model_only,2021,NO2,MT,0.053745963209464634,0.04595024925060094,-0.20700733482771796,0.3382693312112649,1500
Bayes,model_only,2021,NO2,ST,0.05429833155796979,0.0465747834930669,-0.21494828331063176,0.3465170680251956,1500
Bayes,model_only,2021,NO3,CT,2.7960941166247704,2.7867758232168844,2.126669395396894,3.538633942011677,1500
Bayes,model_only,2021,NO3,MT,2.2498195099086074,2.2350230117481886,1.7855509860226573,2.864391475308202,1500
Bayes,model_only,2021,NO3,ST,2.318347043228527,2.3059335668136978,1.9185911778122056,2.7938433198824626,1500
Bayes,model_only,2021,OP,CT,0.058760309109410616,0.05756228579994718,0.02878599722673824,0.09299785888035628,1500
Bayes,model_only,2021,OP,MT,0.055801730315897545,0.055197456030021574,0.032861302085352165,0.08112386903170692,1500
Bayes,model_only,2021,OP,ST,0.05448563508908532,0.05380483299577851,0.03181596279052905,0.07896552877966781,1500
Bayes,model_only,2021,Se,CT,0.0026017493912817717,0.002605840118163362,0.00197434444283279,0.003261363880856053,1500
Bayes,model_only,2021,Se,MT,0.0017133524181819598,0.0016958972322681707,0.0013502011852265824,0.002166341682880437,1500
Bayes,model_only,2021,Se,ST,0.0018468755911977832,0.0018370157017638675,0.0015296038496512142,0.00223675226982409,1500
Bayes,model_only,2021,TDS,CT,302.33312194639,298.2514215735253,197.4393163727274,427.17779228995505,1500
Bayes,model_only,2021,TDS,MT,246.41106063230677,243.84896080720364,164.29199536864385,335.42199969336934,1500
Bayes,model_only,2021,TDS,ST,257.5579691976718,255.76941649684517,180.87618675642952,342.16212178986,1500
Bayes,model_only,2021,TKN,CT,1.284327125072331,1.2759168026362606,0.8929502600864909,1.7345855142296989,1500
Bayes,model_only,2021,TKN,MT,0.6215841487229108,0.6132921578602524,0.4060866481409364,0.9013265559383938,1500
Bayes,model_only,2021,TKN,ST,0.703028254421217,0.6962968618713029,0.4941901942632369,0.9583285554821175,1500
Bayes,model_only,2021,TN,CT,2.148496216894329,2.1039024639006536,0.3970022056070073,4.213607064458201,1500
Bayes,model_only,2021,TN,MT,1.3540039368403392,1.330898601633197,-0.011964401020143511,2.976668304967467,1500
Bayes,model_only,2021,TN,ST,1.4777602771515652,1.4491091759059356,0.04426020288153044,3.132436030677564,1500
Bayes,model_only,2021,TP,CT,0.24023383048450606,0.23689932507057554,0.009695119469796145,0.4950716397954982,1500
Bayes,model_only,2021,TP,MT,0.18431025646906085,0.1823820565986834,0.03227034238763385,0.3483541752817192,1500
Bayes,model_only,2021,TP,ST,0.16415268543982053,0.16125110197699882,0.007991729873834808,0.3276956472707779,1500
Bayes,model_only,2021,TSS,CT,456.2790923758582,451.47065564012735,261.8437957207348,694.8504060570797,1500
Bayes,model_only,2021,TSS,MT,212.46249382945823,212.30417889498406,76.35412696311285,363.1021217548547,1500
Bayes,model_only,2021,TSS,ST,247.1604129646501,244.51512876410237,114.89268781778742,394.94635728481643,1500
Bayes,model_only,2022,NH4,CT,0.03898917375193623,0.0387022756768438,-0.013424571653155323,0.09200179374383383,1500
Bayes,model_only,2022,NH4,MT,0.030433360278830833,0.031135479564695735,-0.0188311229856467,0.07855468262542036,1500
Bayes,model_only,2022,NH4,ST,0.03405854900585862,0.034026323467623056,-0.016614290061431107,0.08458155372013575,1500
Bayes,model_only,2022,NO2,CT,-0.10474188896956317,-0.10270231716193592,-0.20960143660693106,-0.015003139030610072,1500
Bayes,model_only,2022,NO2,MT,-0.0837258314053724,-0.08073497294934488,-0.17595312258622092,-0.00293700922779413,1500
Bayes,model_only,2022,NO2,ST,-0.08526601946090051,-0.0826461103478951,-0.17994564903195395,-0.006347405469533483,1500
Bayes,model_only,2022,NO3,CT,3.6018627597273336,3.5956017102669,2.9574998159529424,4.234967306329298,1500
Bayes,model_only,2022,NO3,MT,3.3278806132666245,3.32107334425676,2.906578028263325,3.759334235778337,1500
Bayes,model_only,2022,NO3,ST,3.3203646205120974,3.314936874062691,2.893924761367847,3.770417147149305,1500
Bayes,model_only,2022,OP,CT,0.053530225344060836,0.053800030630850426,0.014178361530278254,0.09312255152370032,1500
Bayes,model_only,2022,OP,MT,0.06371097480129523,0.06347610825273972,0.029324243424554607,0.0994345613371352,1500
Bayes,model_only,2022,OP,ST,0.05930673321412341,0.05952641515192769,0.025507969794691245,0.09432844538203745,1500
Bayes,model_only,2022,Se,CT,0.0035130920360962083,0.003509279030471411,0.0028887069357024474,0.004145774603054017,1500
Bayes,model_only,2022,Se,MT,0.0029953735587842914,0.0029869437348426318,0.0025994074351926633,0.003407698806851073,1500
Bayes,model_only,2022,Se,ST,0.0031020234386779947,0.0030954885451423496,0.0026748418703860873,0.0035133201356786618,1500
Bayes,model_only,2022,TDS,CT,478.62040930022494,476.80246657824864,343.52636817114075,615.6971917008697,1500
Bayes,model_only,2022,TDS,MT,433.8654355872314,433.6146705723098,321.26553095300994,544.485962477947,1500
Bayes,model_only,2022,TDS,ST,441.1856179257521,439.555306333788,326.5674623759433,558.915355473006,1500
Bayes,model_only,2022,TKN,CT,0.19708892424970698,0.18537171555863788,-0.20510708786921558,0.6295724072431861,1500
Bayes,model_only,2022,TKN,MT,0.056913493937263485,0.053808210462201675,-0.31622871456103563,0.4617425279013128,1500
Bayes,model_only,2022,TKN,ST,0.09844900065712432,0.08545873393660564,-0.2627005208596975,0.4926874934261677,1500
Bayes,model_only,2022,TN,CT,3.0093385138962083,3.03338274640077,0.04810018074471475,5.9209602633886025,1500
Bayes,model_only,2022,TN,MT,2.4606372333967634,2.4580613982015205,-0.21244862886354265,5.021954060887101,1500
Bayes,model_only,2022,TN,ST,2.5713758213851436,2.573097296865314,-0.09229101384524711,5.211897305635559,1500
Bayes,model_only,2022,TP,CT,-0.2266263435644078,-0.22502933435660596,-0.5327382144577276,0.07925460910820174,1500
Bayes,model_only,2022,TP,MT,-0.07208711241339275,-0.07355957339994888,-0.3527451477601213,0.2029143473411961,1500
Bayes,model_only,2022,TP,ST,-0.11277990739467017,-0.11491958521994404,-0.3930677053653583,0.16958461114135173,1500
Bayes,model_only,2022,TSS,CT,112.38658323645554,115.39672850005897,-152.63448930708842,377.9344588606976,1500
Bayes,model_only,2022,TSS,MT,150.81103140373526,148.5747955468625,-85.77143417548388,386.68585796034904,1500
Bayes,model_only,2022,TSS,ST,205.58975193864325,204.26473849067426,-25.403597662517,443.55372811189363,1500
Bayes,model_only,2023,NH4,CT,0.029684008941767683,0.029758332946510063,-0.04105251818841886,0.10131623212634738,1500
Bayes,model_only,2023,NH4,MT,0.027593237728776226,0.027890578565050617,-0.039955991380338535,0.09684711090215961,1500
Bayes,model_only,2023,NH4,ST,0.02717892822397261,0.02724953627892699,-0.040925866843095494,0.09530644169273608,1500
Bayes,model_only,2023,NO2,CT,-0.6001692259338732,-0.5942922550643353,-0.8090737486852865,-0.43071760930062153,1500
Bayes,model_only,2023,NO2,MT,-0.5725708351168598,-0.569236096511327,-0.7596819393970257,-0.4155724260786601,1500
Bayes,model_only,2023,NO2,ST,-0.5597707976430957,-0.5576409691266797,-0.7511848046712146,-0.40531323701946437,1500
Bayes,model_only,2023,NO3,CT,3.552240518088077,3.552719834964102,3.002348206730064,4.09991091403946,1500
Bayes,model_only,2023,NO3,MT,3.4159224951269698,3.4148998893232094,2.987457744534748,3.8657324562080406,1500
Bayes,model_only,2023,NO3,ST,3.3537941756913625,3.347169575004651,2.9564283744578064,3.7692653045279947,1500
Bayes,model_only,2023,OP,CT,-0.04464603466100211,-0.04344415057042235,-0.084300985671459,-0.008546104452670388,1500
Bayes,model_only,2023,OP,MT,-0.03826708264307188,-0.03721076483193497,-0.07715792445691719,-0.005879637407663529,1500
Bayes,model_only,2023,OP,ST,-0.03446327677361255,-0.033062912121582216,-0.07286811249892464,-0.0033535979161701756,1500
Bayes,model_only,2023,Se,CT,0.003039796742801172,0.0030884118383880995,0.0015096264018236518,0.004423181943022864,1500
Bayes,model_only,2023,Se,MT,0.0028112220426029866,0.0028617857593436526,0.001355688397202306,0.004102911866634094,1500
Bayes,model_only,2023,Se,ST,0.0026743661905572137,0.002714472874536879,0.001243294205461475,0.0039335129311212184,1500
Bayes,model_only,2023,TDS,CT,562.9523639751236,563.6414219809103,475.84872162662,644.4824831268999,1500
Bayes,model_only,2023,TDS,MT,542.5143165028658,542.5461429927273,473.99977574675194,612.3585839922625,1500
Bayes,model_only,2023,TDS,ST,533.3663296912839,532.941321334655,472.22766871636816,598.6957045906304,1500
Bayes,model_only,2023,TKN,CT,0.36729922177783114,0.37258016665501925,-0.02258755954532946,0.7322445247013774,1500
Bayes,model_only,2023,TKN,MT,0.2535816748750931,0.25569089816995166,-0.11040172340872004,0.5902286943262354,1500
Bayes,model_only,2023,TKN,ST,0.15412710441075714,0.1571935635124288,-0.19276110038840902,0.4812954856376307,1500
Bayes,model_only,2023,TN,CT,2.3567545269230226,2.3280666036912425,-1.3084652453882575,6.143956830847928,1500
Bayes,model_only,2023,TN,MT,2.1271102887377427,2.0971616145133387,-1.364243209994786,5.697047198527782,1500
Bayes,model_only,2023,TN,ST,2.0212417099492144,1.9974964114949059,-1.406300782928908,5.498831311752594,1500
Bayes,model_only,2023,TP,CT,-0.20538741449164377,-0.20274641106920763,-0.49706522962027133,0.07721595035794013,1500
Bayes,model_only,2023,TP,MT,-0.19232440257790226,-0.1872447283049732,-0.47478472009818007,0.0649917345446542,1500
Bayes,model_only,2023,TP,ST,-0.17699541877063169,-0.17381698450420485,-0.4481523679280724,0.09131688364055987,1500
Bayes,model_only,2023,TSS,CT,473.9995862930612,471.1502463305553,198.30879150041926,737.9621635534314,1500
Bayes,model_only,2023,TSS,MT,448.14896282958836,448.821229727933,197.92421488372958,691.176896818218,1500
Bayes,model_only,2023,TSS,ST,412.54184936959507,416.8527259369689,171.34867607801124,650.3363204255749,1500
Bayes,model_only,2024,NH4,CT,0.049247045822499766,0.04749305590178922,-0.009269569531568968,0.11307855750891756,1500
Bayes,model_only,2024,NH4,MT,0.04929015631423254,0.04763923860345695,-0.009587770497773668,0.11288983391257532,1500
Bayes,model_only,2024,NH4,ST,0.04927439861984806,0.04745214270492208,-0.009254024375475015,0.11290195183188188,1500
Bayes,model_only,2024,NO2,CT,-0.268414744588229,-0.2663261889486974,-0.36774503137485387,-0.18471979808194297,1500
Bayes,model_only,2024,NO2,MT,-0.26911597988976577,-0.26694249791881974,-0.36886591812815067,-0.185090173858476,1500
Bayes,model_only,2024,NO2,ST,-0.26853606251646855,-0.2662577200609342,-0.36842434980751393,-0.18478003440619514,1500
Bayes,model_only,2024,NO3,CT,2.481973239929704,2.4745869885876086,1.9249015898069064,3.0903738286292626,1500
Bayes,model_only,2024,NO3,MT,2.4845920288802827,2.4780513315939117,1.927153654552048,3.093521827630343,1500
Bayes,model_only,2024,NO3,ST,2.4831969800669387,2.475132187170759,1.9265096134708457,3.091981381632836,1500
Bayes,model_only,2024,OP,CT,0.14374882318513607,0.1430448979403036,0.10875437065302801,0.184625344807781,1500
Bayes,model_only,2024,OP,MT,0.14383168341293404,0.14298235694448083,0.1087251667795945,0.18471896208099212,1500
Bayes,model_only,2024,OP,ST,0.14375025972026867,0.1430448979403036,0.10875437065302802,0.184625344807781,1500
Bayes,model_only,2024,Se,CT,0.0023787868716573426,0.002337942221167265,0.0009897114746113117,0.00379912217332869,1500
Bayes,model_only,2024,Se,MT,0.0023837543228814677,0.0023455859468130636,0.0009945597366179293,0.0038050023002750596,1500
Bayes,model_only,2024,Se,ST,0.00237914089462296,0.002337942221167265,0.0009902388510634273,0.00379912217332869,1500
Bayes,model_only,2024,TDS,CT,405.6749755557152,403.7046393190011,314.5262430929424,503.7198797196587,1500
Bayes,model_only,2024,TDS,MT,405.7764383864614,403.9261683779646,314.8637359137324,503.73566749997553,1500
Bayes,model_only,2024,TDS,ST,405.7052494878457,403.7411857553378,314.6116335878516,503.59486701400914,1500
Bayes,model_only,2024,TKN,CT,0.41469977281451265,0.4079049338771862,0.15029309703954508,0.735351764016801,1500
Bayes,model_only,2024,TKN,MT,0.4222918372868923,0.415472480742462,0.1602273345823272,0.7430996290338523,1500
Bayes,model_only,2024,TKN,ST,0.41391061263562773,0.40649829653095754,0.15015017870149844,0.735351764016801,1500
Bayes,model_only,2024,TN,CT,2.699101772533265,2.616656812988275,-0.08946133579057354,5.964138919318401,1500
Bayes,model_only,2024,TN,MT,2.7015316866913537,2.613669292248962,-0.0797222215437451,5.962016242154032,1500
Bayes,model_only,2024,TN,ST,2.7018926352969412,2.618326514848514,-0.07957406860544876,5.964800309603464,1500
Bayes,model_only,2024,TP,CT,0.33309320991694996,0.3275997010852889,0.08297596626226933,0.5943400309771879,1500
Bayes,model_only,2024,TP,MT,0.33371359395935596,0.3283028875390339,0.08249099455548728,0.5922977718285607,1500
Bayes,model_only,2024,TP,ST,0.3330831587185096,0.3275997010852889,0.08297596626226934,0.5943400309771879,1500
Bayes,model_only,2024,TSS,CT,591.448990238788,584.6149766231028,360.36721674385143,865.3497506273693,1500
Bayes,model_only,2024,TSS,MT,591.6199197599037,585.0138853160257,360.0847844546135,864.8654886420385,1500
Bayes,model_only,2024,TSS,ST,591.4422517361044,584.6149766231028,360.3672167438515,865.3497506273692,1500
Bayes,model_only,2025,NH4,CT,0.03492642851680713,0.03447935636936095,-0.03091575093050746,0.10514351721684048,1500
Bayes,model_only,2025,NH4,MT,0.024780546479695915,0.024811350911209448,-0.030267686466089638,0.07644656745242966,1500
Bayes,model_only,2025,NH4,ST,0.025656548940596078,0.02572715157809735,-0.03181442581855046,0.08038719413876072,1500
Bayes,model_only,2025,NO2,CT,0.3486555251599712,0.34647314471685786,0.24913847749924167,0.45942951849521396,1500
Bayes,model_only,2025,NO2,MT,0.28917186549990104,0.28904639335239746,0.21973086819905208,0.36032294514987084,1500
Bayes,model_only,2025,NO2,ST,0.299432727252266,0.3000271615736458,0.22420232475573268,0.37884972831607844,1500
Bayes,model_only,2025,NO3,CT,0.5479125392017375,0.5609642935245318,0.24323689153038422,0.8323699522050204,1500
Bayes,model_only,2025,NO3,MT,0.4771948709734349,0.4927042859852917,0.2182743213799826,0.729963370593948,1500
Bayes,model_only,2025,NO3,ST,0.48171496849195206,0.4917604403003743,0.21578285359081067,0.7395868638765069,1500
Bayes,model_only,2025,OP,CT,0.05405936595948346,0.05469492407340287,0.023385014311824534,0.0853039461984375,1500
Bayes,model_only,2025,OP,MT,0.06957067636537818,0.06977861820580625,0.043856235548218055,0.09349515826509053,1500
Bayes,model_only,2025,OP,ST,0.07120005064179641,0.07149906220971963,0.045955633397660095,0.09629278543707896,1500
Bayes,model_only,2025,Se,CT,0.0032001879307947696,0.003223314524410579,0.001959703034769362,0.004429680959133953,1500
Bayes,model_only,2025,Se,MT,0.0024283187162172826,0.0024477449694394198,0.001409458528259784,0.003314656612772906,1500
Bayes,model_only,2025,Se,ST,0.002600713419122113,0.0026219425363251123,0.0015413929020913885,0.003566230030867871,1500
Bayes,model_only,2025,TDS,CT,369.90399109301694,370.6875707232206,287.0588626296005,446.98879329368026,1500
Bayes,model_only,2025,TDS,MT,301.3712741336382,301.2766551841248,258.76646402028456,344.11351661506706,1500
Bayes,model_only,2025,TDS,ST,308.32962809868087,308.12805742050534,268.1715524795802,351.3910579054118,1500
Bayes,model_only,2025,TKN,CT,-1.421629773670789,-1.4218158465128852,-1.885666862105001,-0.9567529405722232,1500
Bayes,model_only,2025,TKN,MT,-1.1099470689711515,-1.1127441256925032,-1.5448163577574392,-0.6787317744346631,1500
Bayes,model_only,2025,TKN,ST,-1.0257943551960436,-1.0276204218882325,-1.4621343620700746,-0.5997589657751007,1500
Bayes,model_only,2025,TN,CT,2.949945576159346,2.970069073402657,-0.4821118737561917,6.433255973259971,1500
Bayes,model_only,2025,TN,MT,2.0614784939122273,2.0584385742837545,-0.6817317078743276,4.8123925032780255,1500
Bayes,model_only,2025,TN,ST,2.208657671043828,2.191873142034825,-0.5876797404385589,5.021927915006347,1500
Bayes,model_only,2025,TP,CT,1.0789851535685868,1.0828764676737859,0.669910097733201,1.4883006801947039,1500
Bayes,model_only,2025,TP,MT,1.1503735466836995,1.1488080744140654,0.8565718431107234,1.4554379163281637,1500
Bayes,model_only,2025,TP,ST,1.2176563981255406,1.2167125535739887,0.9111588530206045,1.5453508746262778,1500
Bayes,model_only,2025,TSS,CT,687.4361315650696,683.8285342542986,386.015588887808,1005.5636070019846,1500
Bayes,model_only,2025,TSS,MT,873.6607002768698,875.4135005669608,623.6060580904498,1135.6379860436773,1500
Bayes,model_only,2025,TSS,ST,964.331396742045,965.5800943783524,704.5210607427252,1226.8730648274568,1500
ML,full_record_model_only,2011,NH4,CT,1.813413117816372,1.451931562403272,0.1504887244320475,5.308152444302998,2000
ML,full_record_model_only,2011,NH4,MT,2.3609544386698733,1.9248826271884292,0.18821238165459914,7.097098947931833,2000
ML,full_record_model_only,2011,NH4,ST,2.6759066717074473,2.12705970286121,0.22005064990803364,7.75250347788521,2000
ML,full_record_model_only,2011,NO2,CT,2.0749217606648744,1.6967937519272351,0.21564742650285268,6.198910847882832,2000
ML,full_record_model_only,2011,NO2,MT,2.8403221399583862,2.3423392807459154,0.22460229440354823,8.63699783202773,2000
ML,full_record_model_only,2011,NO2,ST,2.980272889041461,2.330899104495648,0.28134263915072255,9.132931815455843,2000
ML,full_record_model_only,2011,NO3,CT,16.184825787771317,13.617641526446032,1.9215021566644215,45.406609719910364,2000
ML,full_record_model_only,2011,NO3,MT,21.733780271832384,17.638210310449537,2.2189536459016117,63.26096856003175,2000
ML,full_record_model_only,2011,NO3,ST,24.920557071165423,20.095749372542933,2.5880349327514507,77.46511172139421,2000
ML,full_record_model_only,2011,OP,CT,1.6738043512148848,1.3601979864945162,0.15986777322442944,4.801012345730466,2000
ML,full_record_model_only,2011,OP,MT,2.1900097847917768,1.8034915285399853,0.1784569402263864,6.354674214492634,2000
ML,full_record_model_only,2011,OP,ST,2.4987506119945766,1.9954328863756983,0.21262941540048194,7.650469357078785,2000
ML,full_record_model_only,2011,Se,CT,1.73366655472676,1.391664285234548,0.174616424803564,5.114915808442077,2000
ML,full_record_model_only,2011,Se,MT,2.380354901626209,1.901567317275401,0.18576976149638236,6.974233662272626,2000
ML,full_record_model_only,2011,Se,ST,2.682037981816221,2.1761165597074577,0.238045894438749,8.029242791818806,2000
ML,full_record_model_only,2011,TDS,CT,25.14423094528575,21.542301426520297,2.995855225044982,67.72883281449394,2000
ML,full_record_model_only,2011,TDS,MT,27.235998546056614,23.07962018386911,2.9080599695934564,75.9167006045105,2000
ML,full_record_model_only,2011,TDS,ST,28.569986309919642,23.810663914924007,3.121313737398807,84.59269308870014,2000
ML,full_record_model_only,2011,TKN,CT,11.316477293278517,9.554574857144129,1.3380070259949814,31.20577911115813,2000
ML,full_record_model_only,2011,TKN,MT,13.329502585218417,10.783778843802764,1.3285887304315531,39.21016760501796,2000
ML,full_record_model_only,2011,TKN,ST,14.677946648992084,11.873104318846623,1.690473526069768,42.7751098545713,2000
ML,full_record_model_only,2011,TN,CT,10.082360337117507,8.034724134578735,1.1494730169384584,30.546446627227066,2000
ML,full_record_model_only,2011,TN,MT,12.2106693729288,9.744778097467421,1.2214718990955935,37.45508721323094,2000
ML,full_record_model_only,2011,TN,ST,13.444823334499096,11.181102511956672,1.498172427698572,37.13860786961473,2000
ML,full_record_model_only,2011,TP,CT,4.459628523744562,3.553337564205549,0.4257468258243457,14.073743652449727,2000
ML,full_record_model_only,2011,TP,MT,5.264800348432596,4.117254294765681,0.4381630573870744,16.74819908009621,2000
ML,full_record_model_only,2011,TP,ST,5.8663737059299,4.513449331378004,0.5198950046636002,18.499449006876546,2000
ML,full_record_model_only,2011,TSS,CT,3137.699078979508,2651.0321831596884,382.64662255603855,8203.626597225051,2000
ML,full_record_model_only,2011,TSS,MT,2883.4884664671436,2432.01412550676,297.2244097469153,7874.626433552159,2000
ML,full_record_model_only,2011,TSS,ST,2858.1593775739298,2350.444963442655,309.85947813077655,8267.52622106907,2000
ML,full_record_model_only,2012,NH4,CT,1.6707549518554285,1.4301536079193018,0.20744760104822926,4.520791454473887,2000
ML,full_record_model_only,2012,NH4,MT,2.2553382922557508,1.8775991090771473,0.26653486729871056,6.306573408968774,2000
ML,full_record_model_only,2012,NH4,ST,1.8588798122663985,1.5920055504190975,0.24027004917518827,4.936884839758728,2000
ML,full_record_model_only,2012,NO2,CT,1.9433646870977292,1.6351209892852343,0.23586866468105055,5.2505195168314645,2000
ML,full_record_model_only,2012,NO2,MT,2.8961021106823206,2.330764001063989,0.32454426491226274,8.447952290175607,2000
ML,full_record_model_only,2012,NO2,ST,2.2679748347904005,1.9174668647044792,0.2838314777333039,6.023004588949931,2000
ML,full_record_model_only,2012,NO3,CT,15.27512606830138,12.73088428627027,1.9613907483748794,41.90021901281718,2000
ML,full_record_model_only,2012,NO3,MT,22.773678254469832,18.539248286995907,2.9936366171525606,64.48312016397904,2000
ML,full_record_model_only,2012,NO3,ST,17.94931302710387,15.243120592896895,2.6429881778502673,46.49276870612634,2000
ML,full_record_model_only,2012,OP,CT,1.7190321804510171,1.49743186772344,0.21070259350524417,4.483061054832365,2000
ML,full_record_model_only,2012,OP,MT,2.625005267108301,2.175744067860461,0.315944128665293,7.138020211785526,2000
ML,full_record_model_only,2012,OP,ST,2.1719207237866245,1.8705618311881995,0.2709959876474412,5.5994480054337386,2000
ML,full_record_model_only,2012,Se,CT,1.634922004602853,1.4464541107584523,0.19831386284285288,4.176355926473668,2000
ML,full_record_model_only,2012,Se,MT,2.3060909573166923,1.877448053365388,0.2737797649868472,6.603214470040187,2000
ML,full_record_model_only,2012,Se,ST,1.9151843843605187,1.6105133021001556,0.24918006314469654,5.129187111813999,2000
ML,full_record_model_only,2012,TDS,CT,23.03618234508788,20.25740013111404,3.1878493685286418,57.34565151692806,2000
ML,full_record_model_only,2012,TDS,MT,28.96014217623084,24.79270340676672,4.218323817171791,76.13781293333837,2000
ML,full_record_model_only,2012,TDS,ST,22.609884336618993,19.74629483208543,3.894306291684695,55.84693482509094,2000
ML,full_record_model_only,2012,TKN,CT,9.0598386730652,7.8580433362035205,1.1947799839059114,22.998656355850738,2000
ML,full_record_model_only,2012,TKN,MT,11.32537586097207,9.343382757027626,1.5741928709482236,32.105133176773926,2000
ML,full_record_model_only,2012,TKN,ST,8.934547267191384,7.760368170162561,1.3852416080377528,23.177473934065002,2000
ML,full_record_model_only,2012,TN,CT,5.904664491421554,5.124685172186394,0.7173802983796274,16.072059171502755,2000
ML,full_record_model_only,2012,TN,MT,6.758661549050024,5.5835404141840606,0.8624291844848042,19.559793222359346,2000
ML,full_record_model_only,2012,TN,ST,5.423032445676,4.660303487882228,0.8174389230492296,14.94031090938158,2000
ML,full_record_model_only,2012,TP,CT,4.147206127608264,3.3976073763103596,0.48243231767841527,12.096012347066916,2000
ML,full_record_model_only,2012,TP,MT,6.068468198364173,4.94114165883043,0.7189098570020201,17.58266471586585,2000
ML,full_record_model_only,2012,TP,ST,4.580735286175089,3.8176742403473587,0.5769050942136975,12.637356143708521,2000
ML,full_record_model_only,2012,TSS,CT,2605.4454661967666,2306.367449005393,402.2225805784449,6392.0394984597115,2000
ML,full_record_model_only,2012,TSS,MT,2903.9055014673822,2545.785291387434,455.959144142837,7433.749224562168,2000
ML,full_record_model_only,2012,TSS,ST,2248.090908642239,1984.7027990574197,378.58135047959234,5544.973876778968,2000
ML,full_record_model_only,2013,NH4,CT,2.269245321314399,1.9339859770069736,0.29019211835847836,6.032199487129787,2000
ML,full_record_model_only,2013,NH4,MT,2.979679050625313,2.4762775569325974,0.31339853217508806,8.615076291941284,2000
ML,full_record_model_only,2013,NH4,ST,2.220536330140302,1.8006505573839953,0.23400774310562247,6.375234308826939,2000
ML,full_record_model_only,2013,NO2,CT,2.477057471924639,2.0704174237219943,0.3243643354838208,6.6589402509786035,2000
ML,full_record_model_only,2013,NO2,MT,3.226879392131471,2.6454635460469915,0.34589131743211804,8.984796537234551,2000
ML,full_record_model_only,2013,NO2,ST,2.365436582246451,1.9847389731414806,0.2402131311252878,6.973506035194247,2000
ML,full_record_model_only,2013,NO3,CT,23.64317307555477,20.00146729360111,3.0725394333582874,64.15104420959477,2000
ML,full_record_model_only,2013,NO3,MT,30.8928911289669,25.22261501268616,4.250829453548928,86.75513360057191,2000
ML,full_record_model_only,2013,NO3,ST,23.769907735482235,19.63445505178278,2.8740221866272657,64.59672371353943,2000
ML,full_record_model_only,2013,OP,CT,2.415883290836042,2.029342495567463,0.254430256743834,6.496399504824446,2000
ML,full_record_model_only,2013,OP,MT,3.158455599088315,2.558808522408036,0.3566333335856142,9.45095095737756,2000
ML,full_record_model_only,2013,OP,ST,2.3335890398733268,1.8904535830637186,0.27134264025791605,7.158937959723088,2000
ML,full_record_model_only,2013,Se,CT,2.0849732984332388,1.8019515300993265,0.2463033353708084,5.501905286214972,2000
ML,full_record_model_only,2013,Se,MT,2.78937573780726,2.288577249235166,0.29432973713558097,8.20337058269622,2000
ML,full_record_model_only,2013,Se,ST,2.0968807490884886,1.7359968494351459,0.21582672859513263,6.177692065463095,2000
ML,full_record_model_only,2013,TDS,CT,27.72407686421228,24.52099422746918,4.286983481698021,68.7494348647227,2000
ML,full_record_model_only,2013,TDS,MT,41.007198940138174,35.474476347151295,5.562575366686889,108.01754309048178,2000
ML,full_record_model_only,2013,TDS,ST,27.369173367234556,23.314358222940676,3.448513797685572,76.69165594926761,2000
ML,full_record_model_only,2013,TKN,CT,15.916315415885395,13.919923832322407,2.1588201540139287,40.918344244923254,2000
ML,full_record_model_only,2013,TKN,MT,20.850491084869137,17.605742331356325,2.8731781103494267,56.27613596183517,2000
ML,full_record_model_only,2013,TKN,ST,15.532706561138607,13.245813668504645,1.8757047573680083,41.524798937306514,2000
ML,full_record_model_only,2013,TN,CT,9.228070701026743,7.8562528633155875,1.3457939990766818,24.69060068598082,2000
ML,full_record_model_only,2013,TN,MT,13.14440073262996,10.923802043111454,1.682395220351234,37.43160217969793,2000
ML,full_record_model_only,2013,TN,ST,9.772997230270432,8.224668049392658,1.0667967452759455,27.456481883187276,2000
ML,full_record_model_only,2013,TP,CT,3.4726376679582462,2.953837480618632,0.3459364357282909,9.335454760070498,2000
ML,full_record_model_only,2013,TP,MT,4.4099358246730676,3.597199827770835,0.4726752422633752,12.599644276406748,2000
ML,full_record_model_only,2013,TP,ST,3.2922718504137523,2.7156740914646056,0.3411405506635703,9.40710292637053,2000
ML,full_record_model_only,2013,TSS,CT,2124.0793815383977,1844.5456677984184,289.3077253092283,5430.568929954889,2000
ML,full_record_model_only,2013,TSS,MT,3299.5552160367824,2743.3885996807626,412.51008132662105,8815.933952017767,2000
ML,full_record_model_only,2013,TSS,ST,1827.373892916319,1585.2595717760196,236.83964156188435,4766.948136022554,2000
ML,full_record_model_only,2014,NH4,CT,1.9246750953756357,1.4671296305209003,0.1134846511860941,6.055138630496106,2000
ML,full_record_model_only,2014,NH4,MT,1.6511079590043645,1.1186570096117614,0.06469300867243097,5.704956747079169,2000
ML,full_record_model_only,2014,NH4,ST,1.7062511257317217,1.349661263300626,0.12247909185762595,5.38079499918473,2000
ML,full_record_model_only,2014,NO2,CT,1.8873172384007528,1.4400407060594527,0.12163327364025621,6.048616503677583,2000
ML,full_record_model_only,2014,NO2,MT,1.5257782223429166,1.0894230703783787,0.05722820186363466,5.210152125918741,2000
ML,full_record_model_only,2014,NO2,ST,1.6867449282780353,1.3291687011414064,0.11679865319173818,5.059813963215138,2000
ML,full_record_model_only,2014,NO3,CT,18.31581667196529,14.498397592333575,1.291034388816093,55.630743942493474,2000
ML,full_record_model_only,2014,NO3,MT,13.613273151666428,10.117986787950311,0.7083333457003599,45.87785218890922,2000
ML,full_record_model_only,2014,NO3,ST,16.622043569543887,12.874705992082962,1.438412229225137,50.98538983869259,2000
ML,full_record_model_only,2014,OP,CT,1.658219899582913,1.260499688014812,0.09808084272551418,5.133925843578978,2000
ML,full_record_model_only,2014,OP,MT,1.4478419442422494,1.0216102978263943,0.06685783765448937,5.162696732352857,2000
ML,full_record_model_only,2014,OP,ST,1.4731382853509147,1.2037734315146729,0.1282185301796406,4.576300797056375,2000
ML,full_record_model_only,2014,Se,CT,1.5886270150182988,1.2071219745212964,0.09645252031463433,5.122854349360462,2000
ML,full_record_model_only,2014,Se,MT,1.3790236832135114,0.9720079275553948,0.05619210915955179,4.5662082640763755,2000
ML,full_record_model_only,2014,Se,ST,1.4758148085719338,1.1905387217423171,0.11077106330876646,4.485926576885742,2000
ML,full_record_model_only,2014,TDS,CT,28.64810707587152,23.032934566930834,2.0922210962845194,85.99688615456253,2000
ML,full_record_model_only,2014,TDS,MT,18.24900784511844,14.330144041055714,0.9398399162797867,59.35973022089476,2000
ML,full_record_model_only,2014,TDS,ST,20.98702509876655,16.54959483356125,1.9363911514517598,61.67321996429547,2000
ML,full_record_model_only,2014,TKN,CT,11.043952108392713,8.50829802210204,0.7522801773929425,34.94356279729277,2000
ML,full_record_model_only,2014,TKN,MT,8.054672415703735,6.071090273534822,0.3788600637788536,27.131798433972982,2000
ML,full_record_model_only,2014,TKN,ST,8.968809414521917,7.150783777333588,0.810388053075104,26.512543821524012,2000
ML,full_record_model_only,2014,TN,CT,11.659701385581663,9.297774383346589,0.8926126303808682,36.61090688242871,2000
ML,full_record_model_only,2014,TN,MT,7.8900824994841505,6.057793764202016,0.4377502422339253,25.908780510995776,2000
ML,full_record_model_only,2014,TN,ST,9.368640258706765,7.568274232618096,0.8066563423183742,28.02332216135688,2000
ML,full_record_model_only,2014,TP,CT,2.8126558364542844,2.150590060034187,0.16417982596033612,8.844518732082175,2000
ML,full_record_model_only,2014,TP,MT,2.1610466774456674,1.4572893950941797,0.09278410526543261,7.975368554624082,2000
ML,full_record_model_only,2014,TP,ST,2.406835901796646,1.8353944515732694,0.17457189606055215,7.7735368370771525,2000
ML,full_record_model_only,2014,TSS,CT,2172.9334944590637,1692.3271909890505,162.37963767537332,7507.011268375818,2000
ML,full_record_model_only,2014,TSS,MT,1218.6798904137097,872.2480415747422,65.04066439625001,4387.791274893984,2000
ML,full_record_model_only,2014,TSS,ST,1394.7350312993794,1116.5718923760426,130.09277168030997,3975.1791704514135,2000
ML,full_record_model_only,2015,NH4,CT,2.2764386640137118,1.9673673413849655,0.2452056186643789,6.380068443018006,2000
ML,full_record_model_only,2015,NH4,MT,0.9851220267207766,0.8173798057377196,0.10302207043954732,2.7934313314464267,2000
ML,full_record_model_only,2015,NH4,ST,1.0986564372715457,0.946393010993177,0.11033739734857421,3.1230425376601176,2000
ML,full_record_model_only,2015,NO2,CT,2.852832539354104,2.484240704433182,0.3205300749560994,7.831112309823095,2000
ML,full_record_model_only,2015,NO2,MT,1.0907497895105047,0.9143472202210945,0.11476835032498181,3.036610586651069,2000
ML,full_record_model_only,2015,NO2,ST,1.2416746745562701,1.039637541178378,0.12469014061102968,3.4471891182296925,2000
ML,full_record_model_only,2015,NO3,CT,33.05077879786488,28.966500022803487,3.5991273546440024,82.08778210809406,2000
ML,full_record_model_only,2015,NO3,MT,12.963619465028646,11.496441345086243,1.6153332521974904,32.304954009263234,2000
ML,full_record_model_only,2015,NO3,ST,14.868635748954604,12.807298231514576,1.5132916485498744,39.00365412405104,2000
ML,full_record_model_only,2015,OP,CT,2.410831651836472,2.012435855745128,0.25138057594767765,6.655762215312115,2000
ML,full_record_model_only,2015,OP,MT,0.932257780368066,0.7946142637603606,0.09302340569074813,2.5317683414481724,2000
ML,full_record_model_only,2015,OP,ST,1.0568228314429198,0.8859660782900343,0.09916469311383437,2.9839105352066895,2000
ML,full_record_model_only,2015,Se,CT,2.470067292299561,2.123840951925321,0.23061480174336946,6.66612462589542,2000
ML,full_record_model_only,2015,Se,MT,0.9552598691412169,0.8173114303468643,0.11267512801691137,2.6108463017657506,2000
ML,full_record_model_only,2015,Se,ST,1.090207757856699,0.9270663299362438,0.09841859247217352,3.1410603850927585,2000
ML,full_record_model_only,2015,TDS,CT,31.170189401141915,27.246050781383474,3.367755679928283,82.71334129283827,2000
ML,full_record_model_only,2015,TDS,MT,7.91169213430059,6.7980647259916,0.8640799502305919,20.712128950765276,2000
ML,full_record_model_only,2015,TDS,ST,7.867340768397054,6.694062310049766,0.8476771217956235,21.56717127977182,2000
ML,full_record_model_only,2015,TKN,CT,5.934320379776883,5.038791502655609,0.6262368660688812,16.67511036635761,2000
ML,full_record_model_only,2015,TKN,MT,1.4822445171141685,1.2503633603070066,0.15390743125338563,4.317912248699318,2000
ML,full_record_model_only,2015,TKN,ST,1.6396201708981033,1.4046388955279387,0.15941772823800487,4.355300783384435,2000
ML,full_record_model_only,2015,TN,CT,34.777832247107554,30.11048148497581,3.8678870595485995,94.32544299929684,2000
ML,full_record_model_only,2015,TN,MT,13.607792909733787,11.652272584795787,1.5119090936435813,35.95245906917101,2000
ML,full_record_model_only,2015,TN,ST,15.051370161980978,12.756116237190223,1.4897714759034624,40.27769833090718,2000
ML,full_record_model_only,2015,TP,CT,4.314403290523088,3.6335829074068133,0.41616137017760907,12.08743534515928,2000
ML,full_record_model_only,2015,TP,MT,1.2764438326607328,1.0715539562941827,0.12441591778336175,3.4788742718989716,2000
ML,full_record_model_only,2015,TP,ST,1.4107039191197603,1.1840307709917386,0.12881615669657775,4.016217066570006,2000
ML,full_record_model_only,2015,TSS,CT,3917.110719701328,3354.705804791597,353.0213117501484,10578.232398276323,2000
ML,full_record_model_only,2015,TSS,MT,380.968116883484,298.3587521562507,34.40602468900712,1117.3446259727395,2000
ML,full_record_model_only,2015,TSS,ST,234.6719512262153,187.75930769315465,21.872400901702292,689.8323967185105,2000
ML,full_record_model_only,2016,NH4,CT,1.02309397297919,0.5536910743437489,0.00985447537787911,4.352233570258187,2000
ML,full_record_model_only,2016,NH4,MT,0.312889302492134,0.18483932615400728,0.00230784312678563,1.3279238350210811,2000
ML,full_record_model_only,2016,NH4,ST,0.7706898330336102,0.4363332254414277,0.006424451776089753,3.244163910756714,2000
ML,full_record_model_only,2016,NO2,CT,0.850841025685,0.4746927257892667,0.00746474956613362,3.4416977387554177,2000
ML,full_record_model_only,2016,NO2,MT,0.2664611561929953,0.14637254002365285,0.00190033322611075,1.0907272674007198,2000
ML,full_record_model_only,2016,NO2,ST,0.6497947843600224,0.3849650248661349,0.005456497983978888,2.609811088617885,2000
ML,full_record_model_only,2016,NO3,CT,8.629386080089303,5.115952632791298,0.09357720699212138,34.800335905955144,2000
ML,full_record_model_only,2016,NO3,MT,2.7068228274588937,1.5689155506319616,0.021946506949570465,10.538209616692889,2000
ML,full_record_model_only,2016,NO3,ST,6.836214108007597,4.019047217618086,0.058016926325771885,28.750006605315818,2000
ML,full_record_model_only,2016,OP,CT,0.8867096878836342,0.49692289386259636,0.007513117220268861,3.59127687241381,2000
ML,full_record_model_only,2016,OP,MT,0.26858960565002943,0.15702330862459246,0.0018470663935776154,1.1102045444844688,2000
ML,full_record_model_only,2016,OP,ST,0.6712821403574598,0.3799083186430744,0.005962319281073395,2.777605194924174,2000
ML,full_record_model_only,2016,Se,CT,0.8378578014335104,0.46441895912080067,0.007546759113410785,3.34404748514112,2000
ML,full_record_model_only,2016,Se,MT,0.24525101735620866,0.13647907128912196,0.0018097377589949416,1.0093803222128033,2000
ML,full_record_model_only,2016,Se,ST,0.6231433121365567,0.34965782578442206,0.004987896963902294,2.684027191000518,2000
ML,full_record_model_only,2016,TDS,CT,9.600566484619506,5.7016593293425855,0.10873298178389765,36.83793710106136,2000
ML,full_record_model_only,2016,TDS,MT,2.000145887033215,1.2380174190456255,0.015185825288489477,8.047281500861681,2000
ML,full_record_model_only,2016,TDS,ST,5.335793521118055,3.2124780108849276,0.047904662428038376,22.267129410980612,2000
ML,full_record_model_only,2016,TKN,CT,1.0957670992839348,0.6154981340110148,0.010876846882944614,4.449817838504375,2000
ML,full_record_model_only,2016,TKN,MT,0.29696605166699824,0.16280643430779063,0.001991864577483103,1.2131282227909856,2000
ML,full_record_model_only,2016,TKN,ST,0.7302754355537558,0.41717084557273443,0.005976165538893158,3.052026401857559,2000
ML,full_record_model_only,2016,TN,CT,8.089099385795233,4.879850686302957,0.08868341852776478,31.888900475401265,2000
ML,full_record_model_only,2016,TN,MT,2.6409508988052135,1.6370277608424355,0.01840456242069018,10.287607835433757,2000
ML,full_record_model_only,2016,TN,ST,6.5701970960381395,4.002205806230014,0.05514670985117291,25.69273998660838,2000
ML,full_record_model_only,2016,TP,CT,0.9371736646896401,0.5219037099178534,0.008620620497419514,3.8039688357746133,2000
ML,full_record_model_only,2016,TP,MT,0.27482310578682034,0.1523391176302017,0.0019363694657566844,1.1970240512226844,2000
ML,full_record_model_only,2016,TP,ST,0.6824213581458392,0.3803595200761919,0.005927703896505564,2.990112496466734,2000
ML,full_record_model_only,2016,TSS,CT,1364.2403101818024,798.0798637053418,14.569829672734928,5600.44427661182,2000
ML,full_record_model_only,2016,TSS,MT,137.53831740682054,87.7452576429481,1.1366270513255723,519.2331145583111,2000
ML,full_record_model_only,2016,TSS,ST,423.4488332893099,273.48353163309764,3.914216892496059,1606.4655824652964,2000
ML,full_record_model_only,2017,NH4,CT,5.346183363381584,4.661086289962919,0.5824884245537308,14.13278469566225,2000
ML,full_record_model_only,2017,NH4,MT,1.5725724186869687,1.237869495288539,0.13096295720105902,4.634719979706842,2000
ML,full_record_model_only,2017,NH4,ST,1.1706198831328,0.8804804301852718,0.10604308196612547,3.6840035399298174,2000
ML,full_record_model_only,2017,NO2,CT,4.326671984531929,3.7777647809273103,0.4764260212981445,11.559491315241335,2000
ML,full_record_model_only,2017,NO2,MT,1.5225031495441934,1.2454314334569179,0.14047783698120345,4.396999179294702,2000
ML,full_record_model_only,2017,NO2,ST,1.2118737924561853,0.94716921975763,0.12713512500658652,3.6576270609019277,2000
ML,full_record_model_only,2017,NO3,CT,54.54818276538334,49.20604347769574,6.417255573667666,132.05198701503073,2000
ML,full_record_model_only,2017,NO3,MT,22.63309545895263,19.184319778437654,2.0458697013509375,62.811517130404326,2000
ML,full_record_model_only,2017,NO3,ST,19.39103859594857,15.683041517685146,2.016063680662731,57.70229079416292,2000
ML,full_record_model_only,2017,OP,CT,2.9052481247916857,2.548984374515161,0.3213280294832831,7.302106009116092,2000
ML,full_record_model_only,2017,OP,MT,1.2057715829153675,0.9641824224047486,0.10592155572170445,3.5814433304531543,2000
ML,full_record_model_only,2017,OP,ST,1.017311319288901,0.815955234210993,0.10558118376570323,2.9976636220284667,2000
ML,full_record_model_only,2017,Se,CT,3.7895823079969357,3.403965757611794,0.4800085278530023,9.509645054858767,2000
ML,full_record_model_only,2017,Se,MT,1.320630825486302,1.067057269801515,0.09557537134142587,4.0559960508144695,2000
ML,full_record_model_only,2017,Se,ST,1.0535735521126728,0.8085041721900743,0.09631918800965292,3.238635080349018,2000
ML,full_record_model_only,2017,TDS,CT,74.23399856221407,64.08753860105969,8.559555438970136,193.20831282683102,2000
ML,full_record_model_only,2017,TDS,MT,13.419915619961316,10.813576245289173,1.009303838907665,38.16604446802227,2000
ML,full_record_model_only,2017,TDS,ST,10.620413520885855,8.301851736173862,1.1091721578017373,32.124959064702836,2000
ML,full_record_model_only,2017,TKN,CT,20.86994828727902,17.785998291287342,2.3020044187134125,55.35692830945052,2000
ML,full_record_model_only,2017,TKN,MT,3.0311382700517115,2.3579553919778524,0.2519814057319043,9.173133338079886,2000
ML,full_record_model_only,2017,TKN,ST,2.040493099528038,1.4692646178398516,0.1704990985718723,6.897211013408619,2000
ML,full_record_model_only,2017,TN,CT,23.182776974015855,20.071996108832227,2.8751383823992818,60.84811085800965,2000
ML,full_record_model_only,2017,TN,MT,4.7676716574070594,3.782130020001554,0.3912438595869466,13.892878370487788,2000
ML,full_record_model_only,2017,TN,ST,3.6610956516877304,2.767832539129895,0.3807340608890038,11.738289257824142,2000
ML,full_record_model_only,2017,TP,CT,4.215970467338894,3.71052712199639,0.45230319729495505,10.789643569404799,2000
ML,full_record_model_only,2017,TP,MT,1.4642820330628301,1.177280094543132,0.10980439543803913,4.374333169815054,2000
ML,full_record_model_only,2017,TP,ST,1.2457444025351792,0.9589786957072642,0.11502361555158144,3.9806058396261452,2000
ML,full_record_model_only,2017,TSS,CT,16732.085078267522,14680.993088898585,1856.5520239251514,44920.87023010424,2000
ML,full_record_model_only,2017,TSS,MT,1105.2113852646323,881.3500512765047,81.8043521400985,3485.8444735123576,2000
ML,full_record_model_only,2017,TSS,ST,1174.6027248971902,859.0978433862258,109.08987600672111,3737.340329124789,2000
ML,full_record_model_only,2018,NH4,CT,1.8253147488327985,1.4807139951993435,0.11804080239155393,5.388081823723879,2000
ML,full_record_model_only,2018,NH4,MT,1.2696082320994886,0.9965584367371149,0.07175600741786058,3.880131716404946,2000
ML,full_record_model_only,2018,NH4,ST,1.2311702531939117,0.9828242193797105,0.07610595622578566,3.663426668299669,2000
ML,full_record_model_only,2018,NO2,CT,2.0741799701108654,1.6349241668472885,0.12755800371509166,6.2271259857702805,2000
ML,full_record_model_only,2018,NO2,MT,1.5997389150286765,1.3125733676398608,0.10668758723653939,4.769834953314009,2000
ML,full_record_model_only,2018,NO2,ST,1.6550247120903354,1.3517690465011643,0.10428496777864049,5.019061793217836,2000
ML,full_record_model_only,2018,NO3,CT,10.567933473330644,8.83341025809596,0.8686695064663611,29.47181596431985,2000
ML,full_record_model_only,2018,NO3,MT,8.49884582416373,6.961096930529599,0.5625474769306177,23.703988142512948,2000
ML,full_record_model_only,2018,NO3,ST,8.851424500021853,7.1753340291503775,0.7559333595992257,25.063405607000846,2000
ML,full_record_model_only,2018,OP,CT,1.5650746327255105,1.2559707146182255,0.10114490750944449,4.541209439387306,2000
ML,full_record_model_only,2018,OP,MT,1.319471681031405,1.0293037191056498,0.08206591122191312,3.7978994914600768,2000
ML,full_record_model_only,2018,OP,ST,1.3465142237332826,1.0761113180354431,0.10311083291990283,4.00427678156728,2000
ML,full_record_model_only,2018,Se,CT,1.4241409992275313,1.1362096558781878,0.09390120267398565,4.198243212553327,2000
ML,full_record_model_only,2018,Se,MT,1.210689084138294,0.9407656431791788,0.0755133203459764,3.6626091843859916,2000
ML,full_record_model_only,2018,Se,ST,1.1991008626387512,0.9369242117981164,0.08836897854273718,3.746266580299921,2000
ML,full_record_model_only,2018,TDS,CT,25.465954452585592,21.295752388621626,1.8333827240906133,70.07602409078837,2000
ML,full_record_model_only,2018,TDS,MT,13.214524886413772,10.88719919688452,0.9718419380281437,37.95755353886617,2000
ML,full_record_model_only,2018,TDS,ST,12.812015279879581,10.800210866124894,1.0436211394952124,35.487121452861324,2000
ML,full_record_model_only,2018,TKN,CT,7.608289549161937,6.175580375293501,0.5243839177682315,22.016104215119984,2000
ML,full_record_model_only,2018,TKN,MT,3.5535819057947404,2.753538225363009,0.1968315351409673,11.18883732879608,2000
ML,full_record_model_only,2018,TKN,ST,3.3717448718132883,2.624917758779309,0.23263646993037843,10.287333117119873,2000
ML,full_record_model_only,2018,TN,CT,7.207254661250624,6.018467399705063,0.5327858323512029,20.236210152279263,2000
ML,full_record_model_only,2018,TN,MT,4.138753801175767,3.334128139565135,0.28636364034493067,12.643619983930702,2000
ML,full_record_model_only,2018,TN,ST,4.001324879088419,3.1996407863314924,0.3167342038956171,12.088489550905708,2000
ML,full_record_model_only,2018,TP,CT,2.358983250453982,1.8713439576930009,0.1415606694251291,7.341176728894539,2000
ML,full_record_model_only,2018,TP,MT,1.8018981216111674,1.3840187880493984,0.11586726323963305,5.63468512342205,2000
ML,full_record_model_only,2018,TP,ST,1.8721375574046888,1.4826837379801727,0.11208904064830588,5.524740324314248,2000
ML,full_record_model_only,2018,TSS,CT,1130.578312987147,977.957729781517,93.47285358543807,3126.0824501842935,2000
ML,full_record_model_only,2018,TSS,MT,564.6540958513332,484.7244591627813,44.47459115665238,1567.5735972008376,2000
ML,full_record_model_only,2018,TSS,ST,553.6701611760301,476.58359936756585,49.25564608997776,1553.7570815704182,2000
ML,full_record_model_only,2019,NH4,CT,0.3660527419922573,0.08119737116746195,0.00039353858530115447,2.2850900675899624,2000
ML,full_record_model_only,2019,NH4,MT,0.2530039543117188,0.05382549033864881,0.00023150186713592478,1.6429021995305488,2000
ML,full_record_model_only,2019,NH4,ST,0.28409948201350704,0.06040466487969025,0.0002828484593231705,1.8070164490804486,2000
ML,full_record_model_only,2019,NO2,CT,0.40853629622278187,0.09241602012239805,0.00044331152333310845,2.594907563557411,2000
ML,full_record_model_only,2019,NO2,MT,0.289560857621037,0.05394797887937315,0.0002980674565128917,1.8303218220388804,2000
ML,full_record_model_only,2019,NO2,ST,0.3151072722483529,0.0674803561117013,0.0002982023440296253,2.1670779978926062,2000
ML,full_record_model_only,2019,NO3,CT,1.9398537297939389,0.48504199096881695,0.0028099406639579025,12.609703818651381,2000
ML,full_record_model_only,2019,NO3,MT,1.324376345486322,0.2885968170929045,0.0017178142938038376,8.023518182748365,2000
ML,full_record_model_only,2019,NO3,ST,1.5708655455490113,0.42447564339307153,0.002096420423857878,9.668412887287362,2000
ML,full_record_model_only,2019,OP,CT,0.34322302384236725,0.07787865942723066,0.00035397344729448264,2.2213253108727344,2000
ML,full_record_model_only,2019,OP,MT,0.22917897284198627,0.047968134233025456,0.00024888069554769376,1.4589802823713958,2000
ML,full_record_model_only,2019,OP,ST,0.26644373987738734,0.05620586246298925,0.0002736766105060556,1.7213830970226778,2000
ML,full_record_model_only,2019,Se,CT,0.3021458966691229,0.07410683011668745,0.00028503791982017345,1.9914259785471276,2000
ML,full_record_model_only,2019,Se,MT,0.21336327453133097,0.044339004600687154,0.00020045533697398828,1.4313393615268801,2000
ML,full_record_model_only,2019,Se,ST,0.2507508100201822,0.0509554960037596,0.00025498202753939693,1.6075438009801477,2000
ML,full_record_model_only,2019,TDS,CT,5.251100560576128,1.592474525037952,0.006729144000877656,31.181694360125885,2000
ML,full_record_model_only,2019,TDS,MT,3.041412130036868,0.7555910974216451,0.0037117598246271624,18.683326324395537,2000
ML,full_record_model_only,2019,TDS,ST,3.5820871986306466,1.0247126079422144,0.005174752748764835,20.014873272656065,2000
ML,full_record_model_only,2019,TKN,CT,1.0604914242350492,0.27079923000595907,0.0011853120804080101,6.863684647724082,2000
ML,full_record_model_only,2019,TKN,MT,0.6322592843508292,0.11647946273714443,0.0005882561628291002,4.586546099893082,2000
ML,full_record_model_only,2019,TKN,ST,0.7925078371585391,0.1494978932610534,0.0007371810844012214,5.338644731804211,2000
ML,full_record_model_only,2019,TN,CT,1.367421277305075,0.3556636164550344,0.0017951549827816401,9.052864767084282,2000
ML,full_record_model_only,2019,TN,MT,0.9683123303308278,0.2001399798478245,0.00101291207900918,6.3060061520050334,2000
ML,full_record_model_only,2019,TN,ST,1.0675779956798381,0.281016881229794,0.0014138609725053424,6.573096090581749,2000
ML,full_record_model_only,2019,TP,CT,0.457686080098861,0.10072730867777756,0.0004953568149514375,3.199310593236518,2000
ML,full_record_model_only,2019,TP,MT,0.30372030672916484,0.06000581391330255,0.0002553673779477784,1.9696074582082215,2000
ML,full_record_model_only,2019,TP,ST,0.3502043326293326,0.07384805720166995,0.0003738708288013325,2.4387211603715984,2000
ML,full_record_model_only,2019,TSS,CT,461.6427584034651,132.3011258929009,0.660880265564071,2753.8669265064395,2000
ML,full_record_model_only,2019,TSS,MT,229.76293692545204,59.65502755872198,0.2956103246478909,1425.9273906433748,2000
ML,full_record_model_only,2019,TSS,ST,292.6215353004657,79.56490547059815,0.42773943972534556,1705.9748734721195,2000
ML,full_record_model_only,2020,NH4,CT,3.5608104410032273,3.1915943227263393,0.509968888482952,8.682434384525934,2000
ML,full_record_model_only,2020,NH4,MT,2.0643345875462913,1.777359646053951,0.2761260262613569,5.431844376073095,2000
ML,full_record_model_only,2020,NH4,ST,2.4447009972335842,2.054624663338138,0.30151262516524246,6.7511905946009065,2000
ML,full_record_model_only,2020,NO2,CT,3.010439848322076,2.6376483496111236,0.4501993849511565,7.544182084902051,2000
ML,full_record_model_only,2020,NO2,MT,1.873644625574997,1.6212284926589948,0.24924326159974278,4.7500841768784925,2000
ML,full_record_model_only,2020,NO2,ST,2.2090723189139827,1.870771789036934,0.27911389809348447,5.931609785110001,2000
ML,full_record_model_only,2020,NO3,CT,35.04839704680139,32.09909967639136,5.642037360703745,82.66602532918569,2000
ML,full_record_model_only,2020,NO3,MT,20.480036702909455,17.811843509403182,2.992865911436331,52.40815721289503,2000
ML,full_record_model_only,2020,NO3,ST,28.11009460137071,23.978197959061575,3.552733623893974,74.25910213916578,2000
ML,full_record_model_only,2020,OP,CT,2.478249129183591,2.2265928491440192,0.37255895492178553,6.087811933895146,2000
ML,full_record_model_only,2020,OP,MT,1.6065288046776045,1.4071941572504483,0.22474498269953283,4.177122638758799,2000
ML,full_record_model_only,2020,OP,ST,1.9623638793520224,1.6479680623285375,0.23385290849626922,5.075202799485439,2000
ML,full_record_model_only,2020,Se,CT,2.4431932218720473,2.220834100293593,0.3565075293562884,6.01644776119579,2000
ML,full_record_model_only,2020,Se,MT,1.5263497731955007,1.3291046901671935,0.20879262074761257,3.853473268919839,2000
ML,full_record_model_only,2020,Se,ST,1.9411853389401932,1.6230974786879035,0.22923055686097432,5.467154120617557,2000
ML,full_record_model_only,2020,TDS,CT,45.09059989813485,41.48144554200517,7.520107405813598,102.08139139172206,2000
ML,full_record_model_only,2020,TDS,MT,14.553306379629214,12.77124139232528,2.2237612664890585,35.19921660331561,2000
ML,full_record_model_only,2020,TDS,ST,17.800405224054217,15.232225124579866,2.5132822339411978,47.55871753743069,2000
ML,full_record_model_only,2020,TKN,CT,12.216775136496665,11.079447623349088,1.828284297253711,28.952211116555656,2000
ML,full_record_model_only,2020,TKN,MT,4.411605588813238,3.7181230665509135,0.5942933032259688,12.087896255593662,2000
ML,full_record_model_only,2020,TKN,ST,5.73292179993736,4.695756870556015,0.6220310159828181,16.881337761531523,2000
ML,full_record_model_only,2020,TN,CT,14.06888027911194,12.68647930732076,2.3498337562247316,33.050508748554535,2000
ML,full_record_model_only,2020,TN,MT,5.733415245235872,4.811428234378651,0.7928497673869559,15.763398901254549,2000
ML,full_record_model_only,2020,TN,ST,7.265138061136624,6.069985158878904,0.8684199214163314,19.801960315980523,2000
ML,full_record_model_only,2020,TP,CT,3.514838831651198,3.0780048117880554,0.4895026157599634,8.969754779347056,2000
ML,full_record_model_only,2020,TP,MT,2.073053746086933,1.782328296414165,0.2714460010695106,5.324802168498107,2000
ML,full_record_model_only,2020,TP,ST,2.589301031679012,2.209593295066587,0.32216185620377263,6.995966565144483,2000
ML,full_record_model_only,2020,TSS,CT,3880.788239867239,3576.2804028926985,713.936986889034,9141.18227259792,2000
ML,full_record_model_only,2020,TSS,MT,504.54304984246494,426.47184509597315,74.56403020607394,1285.7827556863356,2000
ML,full_record_model_only,2020,TSS,ST,597.2238022857474,494.90022107398033,78.5779639418368,1643.7747624281592,2000
ML,full_record_model_only,2021,NH4,CT,2.751749455248231,2.4057332658990234,0.2940060940986697,7.327132950749577,2000
ML,full_record_model_only,2021,NH4,MT,1.283132103713177,1.093364713510599,0.12792469975404167,3.508195034974064,2000
ML,full_record_model_only,2021,NH4,ST,1.353429789427877,1.1500669789417954,0.15292464942989714,3.747733953501893,2000
ML,full_record_model_only,2021,NO2,CT,2.4796759216181723,2.164657326518656,0.24161719216534083,6.442096164385546,2000
ML,full_record_model_only,2021,NO2,MT,1.2338154339035319,1.069949343300924,0.11892050191842611,3.3004581028691367,2000
ML,full_record_model_only,2021,NO2,ST,1.3662808241442752,1.1783218938600553,0.1449346766248018,3.622528171369129,2000
ML,full_record_model_only,2021,NO3,CT,27.741894612581685,24.935568271708508,3.181556169475545,68.71537839081556,2000
ML,full_record_model_only,2021,NO3,MT,15.699805976776718,13.93264362036403,1.7956379516815908,39.57112645540134,2000
ML,full_record_model_only,2021,NO3,ST,17.980358456401603,15.850575433134999,2.1000530407915243,45.30177281924971,2000
ML,full_record_model_only,2021,OP,CT,1.7838191511690449,1.6053942256809464,0.19160839935332957,4.575482781900994,2000
ML,full_record_model_only,2021,OP,MT,1.0319298737951665,0.8608203841812623,0.10276155088413987,2.847622334276753,2000
ML,full_record_model_only,2021,OP,ST,1.16911626815385,1.0037400304427369,0.1324286231663871,3.124895819900872,2000
ML,full_record_model_only,2021,Se,CT,1.6939031117595738,1.5055088367487077,0.1936218884676033,4.293110634731115,2000
ML,full_record_model_only,2021,Se,MT,0.9141684309200904,0.7958257579634604,0.09578076299077119,2.46833782827217,2000
ML,full_record_model_only,2021,Se,ST,1.067164294044354,0.9351530516498407,0.11711324484508084,2.741296685502179,2000
ML,full_record_model_only,2021,TDS,CT,34.878295492329535,31.242115602218938,4.039080048273073,89.64865368982026,2000
ML,full_record_model_only,2021,TDS,MT,12.149095179858941,10.298698026971923,1.276188958931816,32.98187290134291,2000
ML,full_record_model_only,2021,TDS,ST,12.741719932533767,10.890231070953575,1.5384046588382176,35.380398599844376,2000
ML,full_record_model_only,2021,TKN,CT,13.361506799862642,11.47821879453923,1.410217614107062,35.47405759257487,2000
ML,full_record_model_only,2021,TKN,MT,4.6608366952841696,3.631191938089974,0.4456742521494993,14.177355857583922,2000
ML,full_record_model_only,2021,TKN,ST,4.756902320248642,3.838609631869103,0.47786382478255096,14.894215933773824,2000
ML,full_record_model_only,2021,TN,CT,11.365052874709095,9.850297110481238,1.1446508050018684,29.57558527405673,2000
ML,full_record_model_only,2021,TN,MT,4.1932311279823224,3.4791093341921435,0.4197822419737767,11.787373503677872,2000
ML,full_record_model_only,2021,TN,ST,4.446763324344993,3.724964096794287,0.44228357628766896,12.288182081615227,2000
ML,full_record_model_only,2021,TP,CT,2.7677095553885587,2.4010292425720783,0.26820401100962704,7.523126991613506,2000
ML,full_record_model_only,2021,TP,MT,1.6534133282401262,1.32609373354348,0.16274806456921914,4.988652100019757,2000
ML,full_record_model_only,2021,TP,ST,1.8201244585728815,1.5027488111583733,0.19322254730357621,5.283873612256167,2000
ML,full_record_model_only,2021,TSS,CT,5316.86449443096,4524.592373959943,568.1783167892116,14310.194551811826,2000
ML,full_record_model_only,2021,TSS,MT,1040.6537343588825,719.3079737350191,72.55878585130132,3762.430933752002,2000
ML,full_record_model_only,2021,TSS,ST,1111.5185476372774,765.2323030810799,87.79875770703747,3995.354046013024,2000
ML,full_record_model_only,2022,NH4,CT,2.049522176275405,1.86691721114965,0.3585380615333507,4.964968037249193,2000
ML,full_record_model_only,2022,NH4,MT,2.2187361305361475,1.9652204291770892,0.3741488979448261,5.301325847618173,2000
ML,full_record_model_only,2022,NH4,ST,2.0048161015850416,1.7710068333113185,0.37872509984458685,4.921784801525086,2000
ML,full_record_model_only,2022,NO2,CT,2.5424382194315904,2.2515111759828383,0.45013139838405736,6.346502429338667,2000
ML,full_record_model_only,2022,NO2,MT,2.2375118992021656,1.98811734387388,0.3849595575143212,5.482605359191344,2000
ML,full_record_model_only,2022,NO2,ST,2.3909514065566313,2.193854102398342,0.4481024126283127,5.478671038727708,2000
ML,full_record_model_only,2022,NO3,CT,24.826286233350167,22.40739535231048,4.29383011550248,58.635576680988855,2000
ML,full_record_model_only,2022,NO3,MT,24.198314938233775,21.690352077649745,4.45761457795851,56.205789297363424,2000
ML,full_record_model_only,2022,NO3,ST,25.681727740882405,23.40793591123598,5.149427794418691,58.513157122948854,2000
ML,full_record_model_only,2022,OP,CT,2.2363354386151717,2.019481061465289,0.3922873074651901,5.332453648491524,2000
ML,full_record_model_only,2022,OP,MT,2.10791832896612,1.9072715634618698,0.37275162788302063,4.913070041452076,2000
ML,full_record_model_only,2022,OP,ST,2.2090699156973734,2.0134568112032314,0.4067679301263222,5.271177088327341,2000
ML,full_record_model_only,2022,Se,CT,2.0987436447795504,1.8961592708674848,0.3503402338977708,5.050319658997176,2000
ML,full_record_model_only,2022,Se,MT,1.890693792101324,1.7314239541148084,0.3572402490226432,4.3064226393139196,2000
ML,full_record_model_only,2022,Se,ST,2.0037534461324538,1.7743687728894904,0.3838483845907331,4.750493599458463,2000
ML,full_record_model_only,2022,TDS,CT,18.25934471376348,16.4623393262235,3.4749685518738085,42.64741369266554,2000
ML,full_record_model_only,2022,TDS,MT,16.3707045210845,14.987382642756131,3.160638007476607,38.61015815842445,2000
ML,full_record_model_only,2022,TDS,ST,15.534407647183865,14.203869374168018,3.1683346233400274,35.664524521728715,2000
ML,full_record_model_only,2022,TKN,CT,4.405353574988562,3.792929158362171,0.6567556651006395,11.147762918769208,2000
ML,full_record_model_only,2022,TKN,MT,4.212639786009761,3.6430306334613762,0.6563121252874866,10.730501944833302,2000
ML,full_record_model_only,2022,TKN,ST,4.126322028057125,3.510078961268076,0.6495333782695814,10.717075118449682,2000
ML,full_record_model_only,2022,TN,CT,5.965733271661441,5.354247936373843,1.055527227470928,14.795112863058062,2000
ML,full_record_model_only,2022,TN,MT,6.065215144133943,5.433857741978629,1.057808052322017,14.723135999141308,2000
ML,full_record_model_only,2022,TN,ST,5.842916596540616,5.1335989125160815,1.1501136126212175,14.199032482563705,2000
ML,full_record_model_only,2022,TP,CT,2.6619849161566274,2.4337044394288476,0.4243132598455774,6.135777498354732,2000
ML,full_record_model_only,2022,TP,MT,2.5603604471021972,2.334321248196905,0.44735224860224654,6.0051552831593975,2000
ML,full_record_model_only,2022,TP,ST,2.6592515087070265,2.3707782371483885,0.46466978747494636,6.434618875014057,2000
ML,full_record_model_only,2022,TSS,CT,921.758856816062,802.9092891620392,157.70921483876006,2371.79864609156,2000
ML,full_record_model_only,2022,TSS,MT,1172.9974266214529,947.4413481428489,150.9401986154931,3422.0436383489528,2000
ML,full_record_model_only,2022,TSS,ST,945.9431594188977,775.2620867084149,141.68516267968718,2694.7460105346267,2000
ML,full_record_model_only,2023,NH4,CT,6.970798318555645,6.155006727230495,0.9606284135543935,17.580410948838395,2000
ML,full_record_model_only,2023,NH4,MT,7.458015972702398,6.596094690250803,1.1050464287200232,18.65866330611593,2000
ML,full_record_model_only,2023,NH4,ST,6.07812334463716,5.473630840231744,0.7332825739336881,15.730756624290574,2000
ML,full_record_model_only,2023,NO2,CT,3.522729921382924,3.067882657417825,0.47242664076528323,9.019279712738147,2000
ML,full_record_model_only,2023,NO2,MT,3.998653427042537,3.515078292757188,0.5390152954554226,9.84123579655977,2000
ML,full_record_model_only,2023,NO2,ST,3.172099557869286,2.8220751375191737,0.3552567140852208,8.198513638719565,2000
ML,full_record_model_only,2023,NO3,CT,41.455638940331255,35.51535915856655,4.665825156137399,109.48190073559518,2000
ML,full_record_model_only,2023,NO3,MT,52.18139343730031,44.53225432722087,5.302980876527748,142.35314993654075,2000
ML,full_record_model_only,2023,NO3,ST,39.750193890790754,34.30661761744145,3.8992634502256753,109.43605977766238,2000
ML,full_record_model_only,2023,OP,CT,3.9158219780510333,3.405146239948829,0.5669532388075115,9.93500016609674,2000
ML,full_record_model_only,2023,OP,MT,4.576677451984196,4.006401193190813,0.6202626872650736,12.027840118830794,2000
ML,full_record_model_only,2023,OP,ST,3.555587420601799,3.1122684338348137,0.4024868754697753,9.435190630547275,2000
ML,full_record_model_only,2023,Se,CT,4.747685149366678,4.1998380609310475,0.6524424798305863,12.604222120518902,2000
ML,full_record_model_only,2023,Se,MT,5.264778515298776,4.587152051129419,0.6632369588756354,14.009738148797004,2000
ML,full_record_model_only,2023,Se,ST,4.069660876040062,3.579052284669906,0.43466321555548865,10.727299826461753,2000
ML,full_record_model_only,2023,TDS,CT,5401.797017369836,4565.4339550575405,641.165224336975,14699.449828714556,2000
ML,full_record_model_only,2023,TDS,MT,8277.699098158864,7354.613055348989,944.6753217556966,21259.451718588098,2000
ML,full_record_model_only,2023,TDS,ST,6064.577192341516,5297.816324347321,589.9772835339971,16250.623763936184,2000
ML,full_record_model_only,2023,TKN,CT,30.522402792187208,24.519128363108877,3.2736898496309075,91.96252249303313,2000
ML,full_record_model_only,2023,TKN,MT,37.90104843771797,31.038695660655165,4.34603882558029,109.01777976144166,2000
ML,full_record_model_only,2023,TKN,ST,36.1166695137813,29.11824915885421,3.3834330759835147,107.96900317768502,2000
ML,full_record_model_only,2023,TN,CT,15.988181924339619,13.9286739464121,2.5391426022809793,40.70030377905087,2000
ML,full_record_model_only,2023,TN,MT,17.47404216724804,15.187153843110657,2.3377834685427876,46.115505511453684,2000
ML,full_record_model_only,2023,TN,ST,13.304155093096053,11.496974712366026,1.5167731285479689,35.55987558453741,2000
ML,full_record_model_only,2023,TP,CT,7.197556134005549,6.221203845222165,1.014321337899634,18.499639269887854,2000
ML,full_record_model_only,2023,TP,MT,7.982126702913773,7.01593309409836,0.9557144529119684,20.679875127696178,2000
ML,full_record_model_only,2023,TP,ST,6.200344952579802,5.336231188480959,0.6463073025348004,16.862824138036327,2000
ML,full_record_model_only,2023,TSS,CT,8868.775182082309,7552.764685104973,1321.728056265913,22911.955235070767,2000
ML,full_record_model_only,2023,TSS,MT,9580.772116485532,7852.9676856039105,1218.333895266595,26668.787444195983,2000
ML,full_record_model_only,2023,TSS,ST,8240.832445928643,6825.161462083056,881.0714201048248,23138.004172759673,2000
ML,full_record_model_only,2024,NH4,CT,3.7086209796284346,3.221712600864996,0.35797016050327674,10.139963076516649,2000
ML,full_record_model_only,2024,NH4,MT,5.0538902173232385,3.9162875546677096,0.35127466454030015,15.974653303802404,2000
ML,full_record_model_only,2024,NH4,ST,5.447855624175108,4.4187898943400645,0.6624340155162958,15.918737462636507,2000
ML,full_record_model_only,2024,NO2,CT,2.0248788246971055,1.753723732739945,0.1931522235047172,5.257259940392556,2000
ML,full_record_model_only,2024,NO2,MT,2.7741332362296713,2.1859967903235065,0.18067445134737475,8.406969847255862,2000
ML,full_record_model_only,2024,NO2,ST,2.9863563894284617,2.572794135409909,0.3849688032322383,8.185126115919092,2000
ML,full_record_model_only,2024,NO3,CT,28.10891243945333,24.219845365515482,1.9582620026123334,78.86368920515439,2000
ML,full_record_model_only,2024,NO3,MT,36.87762911877931,27.772933280410673,2.0814558580187423,118.29779491467062,2000
ML,full_record_model_only,2024,NO3,ST,41.267914164347786,33.29465251757733,4.7403537783716,121.68473919460736,2000
ML,full_record_model_only,2024,OP,CT,3.050739627605676,2.598629127939552,0.295813601101278,8.309770373246211,2000
ML,full_record_model_only,2024,OP,MT,3.9402288303448487,3.152764438518573,0.25310524507456833,12.240634674050435,2000
ML,full_record_model_only,2024,OP,ST,4.555738414697989,3.8663081433959503,0.5734404415642789,12.919606451139249,2000
ML,full_record_model_only,2024,Se,CT,2.9521473340748456,2.5776797454500677,0.2908458255239678,8.065858701495419,2000
ML,full_record_model_only,2024,Se,MT,4.036589333233834,3.1564231638058344,0.28051247261433626,12.4159021572603,2000
ML,full_record_model_only,2024,Se,ST,4.363959670264072,3.6889741728501932,0.5117049758687394,12.443055293642354,2000
ML,full_record_model_only,2024,TDS,CT,4339.165789590183,3833.98539763193,430.6745754560598,11328.333921564372,2000
ML,full_record_model_only,2024,TDS,MT,6193.745268555108,5107.419800991178,433.41378203048635,17898.86282355382,2000
ML,full_record_model_only,2024,TDS,ST,6761.449321116601,5871.449096331577,905.050320470942,18387.000434377143,2000
ML,full_record_model_only,2024,TKN,CT,5.652645122499917,4.625730109204676,0.4723038578892111,16.41352015249903,2000
ML,full_record_model_only,2024,TKN,MT,9.051088532263035,6.045882711660107,0.4907861862254097,33.70456065318074,2000
ML,full_record_model_only,2024,TKN,ST,10.265716177525677,7.756348681000809,1.073942820869521,32.984869192074605,2000
ML,full_record_model_only,2024,TN,CT,9.166291471742706,8.06646119934388,0.9262690625806408,23.748404024340854,2000
ML,full_record_model_only,2024,TN,MT,13.746051494207048,10.879449991532542,0.9760038311579767,42.65513995364656,2000
ML,full_record_model_only,2024,TN,ST,16.305633706781986,13.933069641954061,2.115132629626237,44.82837809551044,2000
ML,full_record_model_only,2024,TP,CT,4.623160934353593,3.9556280048149692,0.4827361511830867,12.633008245769501,2000
ML,full_record_model_only,2024,TP,MT,5.599635784119453,4.401846051030575,0.3816750747023061,17.387509130384704,2000
ML,full_record_model_only,2024,TP,ST,7.867703271543972,6.6061652687758405,0.9920832249569753,23.04028618014291,2000
ML,full_record_model_only,2024,TSS,CT,4347.771502291087,3784.0610850745325,439.8206078377012,11815.91672610184,2000
ML,full_record_model_only,2024,TSS,MT,4703.016910093,3998.388848891322,348.2214774843807,12928.340709821034,2000
ML,full_record_model_only,2024,TSS,ST,10304.105855002425,8628.649932260876,1331.052387343542,30205.09813721522,2000
ML,full_record_model_only,2025,NH4,CT,10.15285431735376,9.53364286432138,2.9218962019828156,20.967041448791463,2000
ML,full_record_model_only,2025,NH4,MT,10.351940897488177,9.206087123752454,2.3703454541926887,24.498296750932617,2000
ML,full_record_model_only,2025,NH4,ST,10.883829463878635,9.928570807398465,2.9100301177920618,23.738712077347913,2000
ML,full_record_model_only,2025,NO2,CT,9.947642736004662,9.248347228472145,2.661318897903201,21.872491332721896,2000
ML,full_record_model_only,2025,NO2,MT,10.434126210020363,9.582209290798222,2.138564906329923,25.089375321630115,2000
ML,full_record_model_only,2025,NO2,ST,11.042461831852552,10.167228892665069,3.0062798560123647,24.241894716439205,2000
ML,full_record_model_only,2025,NO3,CT,6.621914589628167,6.050503566678759,1.831471034602652,13.895206344010054,2000
ML,full_record_model_only,2025,NO3,MT,6.360266843750693,5.79736478733536,1.426716372908309,14.423539339061003,2000
ML,full_record_model_only,2025,NO3,ST,6.950124955597657,6.461087502803846,1.9726592573858255,15.05663716959452,2000
ML,full_record_model_only,2025,OP,CT,6.308916614517684,5.879861702832764,1.7115817680616454,13.048251653845304,2000
ML,full_record_model_only,2025,OP,MT,6.685345533178105,5.962220952509153,1.4723108557234752,15.788710070895595,2000
ML,full_record_model_only,2025,OP,ST,7.1421069510673,6.5982157735164275,1.9606151180861588,15.526292078180619,2000
ML,full_record_model_only,2025,Se,CT,7.270657489174745,6.765741645918624,2.0192576987821833,15.212881713005647,2000
ML,full_record_model_only,2025,Se,MT,7.724782178527875,6.846725107209156,1.756257588882352,18.066989634056824,2000
ML,full_record_model_only,2025,Se,ST,8.069375865734822,7.517483472696087,2.224283054765802,17.803033793564612,2000
ML,full_record_model_only,2025,TDS,CT,6148.658443083274,5780.067335615087,1695.9336019811474,12734.636049167117,2000
ML,full_record_model_only,2025,TDS,MT,5817.8320786200475,5289.766084566351,1301.4598377227771,13274.980371741847,2000
ML,full_record_model_only,2025,TDS,ST,6572.69277649894,6088.40829423594,1850.3467407269968,14465.966975848545,2000
ML,full_record_model_only,2025,TKN,CT,10.02425291015367,9.296369093685794,2.8362783851394653,21.519692763148534,2000
ML,full_record_model_only,2025,TKN,MT,9.558899622178329,8.295307650087436,2.0100599705192654,23.935918165306237,2000
ML,full_record_model_only,2025,TKN,ST,9.318865996645583,8.40923566724221,2.5250290218865366,22.274061653725315,2000
ML,full_record_model_only,2025,TN,CT,16.930970591182508,16.00074092317504,4.645219367537447,35.59877599276263,2000
ML,full_record_model_only,2025,TN,MT,16.627953926306777,14.646556225065508,3.573801027586884,40.39723748079853,2000
ML,full_record_model_only,2025,TN,ST,18.81432285013205,17.279105101702044,4.919087480092859,42.77666620953219,2000
ML,full_record_model_only,2025,TP,CT,17.39538914581099,15.758964935733303,4.5539700731041055,40.63512800180704,2000
ML,full_record_model_only,2025,TP,MT,23.438827925828654,19.48791352213174,3.8301494750068925,64.00704172407791,2000
ML,full_record_model_only,2025,TP,ST,25.602322889617668,21.475700582845622,5.671688881085349,67.19469700441259,2000
ML,full_record_model_only,2025,TSS,CT,12575.46708160405,11528.469408813951,3417.986315930843,27483.284316036727,2000
ML,full_record_model_only,2025,TSS,MT,13115.60100872232,10031.714877459644,1492.880940731036,39422.17636816215,2000
ML,full_record_model_only,2025,TSS,ST,17335.628670424983,14016.958085493814,3481.460657988705,47539.17781506733,2000
ML,observed_plus_imputed_sensitivity,2011,NH4,CT,0.4504885605980456,0.2104568208656271,0.09176162948512422,2.1980854363778106,2000
ML,observed_plus_imputed_sensitivity,2011,NH4,MT,1.0789260260870133,0.7376924389426567,0.13635892350291706,3.7989840496291727,2000
ML,observed_plus_imputed_sensitivity,2011,NH4,ST,0.368394249614204,0.24272965240463068,0.12348429900824956,1.6538707936389712,2000
ML,observed_plus_imputed_sensitivity,2011,NO2,CT,0.49231529566619275,0.22923394894113366,0.10053914619919724,2.3480039207301475,2000
ML,observed_plus_imputed_sensitivity,2011,NO2,MT,1.335096983182108,0.9148484563360793,0.15349415371988984,4.8750904779153075,2000
ML,observed_plus_imputed_sensitivity,2011,NO2,ST,0.44864551275039666,0.26387166592401384,0.13798760210743843,2.165573308932086,2000
ML,observed_plus_imputed_sensitivity,2011,NO3,CT,3.4014872204284536,1.695054077566498,0.9475217029198723,14.537036116659321,2000
ML,observed_plus_imputed_sensitivity,2011,NO3,MT,9.35174845676854,7.3820754393162105,1.29356207461289,27.991769833588123,2000
ML,observed_plus_imputed_sensitivity,2011,NO3,ST,3.616599134348375,1.8979939148635743,1.4293989109523415,16.875627049674804,2000
ML,observed_plus_imputed_sensitivity,2011,OP,CT,0.37498480925771505,0.1377753621604485,0.0493032727654556,2.1427364592344627,2000
ML,observed_plus_imputed_sensitivity,2011,OP,MT,0.7226880064275394,0.4356687980063143,0.07605035752555328,3.070962939220365,2000
ML,observed_plus_imputed_sensitivity,2011,OP,ST,0.1672578103375818,0.138473939175419,0.0726942501489755,0.4695865365073358,2000
ML,observed_plus_imputed_sensitivity,2011,Se,CT,0.4169324884979986,0.19496273392473507,0.08629784240851748,2.0274869447446435,2000
ML,observed_plus_imputed_sensitivity,2011,Se,MT,1.1175722763295919,0.7664595781179817,0.14326014653857777,4.085649527071933,2000
ML,observed_plus_imputed_sensitivity,2011,Se,ST,0.3638438938356142,0.232510691048344,0.1213885508928364,1.6708013453691504,2000
ML,observed_plus_imputed_sensitivity,2011,TDS,CT,6.101238692057963,2.999927923778432,1.4623870540899533,27.565903143533998,2000
ML,observed_plus_imputed_sensitivity,2011,TDS,MT,12.460346452842776,9.515392881527305,1.7425623128399448,40.63814695199564,2000
ML,observed_plus_imputed_sensitivity,2011,TDS,ST,3.695031820372342,2.4804620436902702,1.574094436835759,14.166900795306939,2000
ML,observed_plus_imputed_sensitivity,2011,TKN,CT,2.5390027722148605,1.3028334419245735,0.6442931691665084,11.754175076505023,2000
ML,observed_plus_imputed_sensitivity,2011,TKN,MT,6.07854964493217,4.469279495275874,0.8554156250600962,20.429827067665393,2000
ML,observed_plus_imputed_sensitivity,2011,TKN,ST,2.21133997380708,1.3124584480281722,0.7763730461898587,10.154422830625252,2000
ML,observed_plus_imputed_sensitivity,2011,TN,CT,1.8464968813958234,0.9994208852629483,0.6151431814442662,8.064913458671185,2000
ML,observed_plus_imputed_sensitivity,2011,TN,MT,4.294640159803432,2.6699429488008413,0.8272465612836785,15.98693770108781,2000
ML,observed_plus_imputed_sensitivity,2011,TN,ST,1.9762335280158538,1.0441768637295037,0.7335663823021781,9.33909015825445,2000
ML,observed_plus_imputed_sensitivity,2011,TP,CT,0.9079053603484075,0.4814855133084134,0.29143417318152304,4.096818002734034,2000
ML,observed_plus_imputed_sensitivity,2011,TP,MT,2.270599226053523,1.673337535372787,0.31609340437663297,7.108575479345511,2000
ML,observed_plus_imputed_sensitivity,2011,TP,ST,0.6212682256692983,0.4627396952168322,0.30259394752896274,2.065583762992932,2000
ML,observed_plus_imputed_sensitivity,2011,TSS,CT,747.325625877702,368.4736019551069,207.67815200678788,3015.8687829817045,2000
ML,observed_plus_imputed_sensitivity,2011,TSS,MT,1601.3219601742207,1228.903494438291,240.2813964942233,4822.5991898438215,2000
ML,observed_plus_imputed_sensitivity,2011,TSS,ST,413.76638704884493,262.1799127126654,249.07811143238425,1532.683260274635,2000
ML,observed_plus_imputed_sensitivity,2012,NH4,CT,0.38990430092424583,0.17994730668382125,0.08930437254710057,1.8152323958899799,2000
ML,observed_plus_imputed_sensitivity,2012,NH4,MT,0.5229764156735249,0.2988785069524172,0.11848257816984797,2.1910331108520533,2000
ML,observed_plus_imputed_sensitivity,2012,NH4,ST,0.5092091066732359,0.28541503612988717,0.09917218039414621,2.291645931661978,2000
ML,observed_plus_imputed_sensitivity,2012,NO2,CT,0.45570602885490324,0.2094582487415519,0.09862781602456641,2.2240526083351635,2000
ML,observed_plus_imputed_sensitivity,2012,NO2,MT,0.6614983835644791,0.3850913658357308,0.15616901029397004,2.6380640725922238,2000
ML,observed_plus_imputed_sensitivity,2012,NO2,ST,0.6442955027993048,0.3488162758922744,0.12471292473169715,2.8121586209486944,2000
ML,observed_plus_imputed_sensitivity,2012,NO3,CT,2.5339960745846795,1.3746503158929515,0.9200376174618188,11.164326154554539,2000
ML,observed_plus_imputed_sensitivity,2012,NO3,MT,4.585910100967191,3.0486862630030815,1.775746806262187,13.985359811264834,2000
ML,observed_plus_imputed_sensitivity,2012,NO3,ST,4.476017764487155,2.756431661785167,1.0520774146072334,16.666725508068012,2000
ML,observed_plus_imputed_sensitivity,2012,OP,CT,0.39340764090345737,0.1414727616588547,0.05247373211181688,2.2142430245851665,2000
ML,observed_plus_imputed_sensitivity,2012,OP,MT,0.5979659691892267,0.32734244328645534,0.08171440562314292,2.387383704301362,2000
ML,observed_plus_imputed_sensitivity,2012,OP,ST,0.28870452165005644,0.12555667975515228,0.05797625916335937,1.9020110181255425,2000
ML,observed_plus_imputed_sensitivity,2012,Se,CT,0.37413763418050333,0.18017410593327277,0.08681978224808275,1.7706089895711081,2000
ML,observed_plus_imputed_sensitivity,2012,Se,MT,0.5280452102510276,0.3015159387450072,0.12413270309370308,2.1089158070076484,2000
ML,observed_plus_imputed_sensitivity,2012,Se,ST,0.5115654721654315,0.2817156239122124,0.10567272888841797,2.2958329768162016,2000
ML,observed_plus_imputed_sensitivity,2012,TDS,CT,5.562543821722845,2.7153848967764014,1.3252699322810968,25.028594262128024,2000
ML,observed_plus_imputed_sensitivity,2012,TDS,MT,6.7625805109732875,4.253008608114829,1.6874893225057075,24.778802050136772,2000
ML,observed_plus_imputed_sensitivity,2012,TDS,ST,6.021970209281478,3.655068925609849,1.3620371204073556,24.919783329308764,2000
ML,observed_plus_imputed_sensitivity,2012,TKN,CT,2.0191471816836364,0.977076998031873,0.5079497185057192,9.12697945515403,2000
ML,observed_plus_imputed_sensitivity,2012,TKN,MT,2.554974577226957,1.5408496900897193,0.6539701326552014,9.968758299835596,2000
ML,observed_plus_imputed_sensitivity,2012,TKN,ST,2.4438359970851367,1.3556967530690627,0.5136448628506588,10.862667836513065,2000
ML,observed_plus_imputed_sensitivity,2012,TN,CT,1.3638233498405459,0.6341440511150429,0.3662532120141558,6.327289794438438,2000
ML,observed_plus_imputed_sensitivity,2012,TN,MT,1.675578574967508,1.088999528999438,0.5863633400470166,5.389963608052531,2000
ML,observed_plus_imputed_sensitivity,2012,TN,ST,1.0958824305121306,0.6623232302447661,0.325645332564128,4.564032657759275,2000
ML,observed_plus_imputed_sensitivity,2012,TP,CT,0.8084362524049136,0.39322491151473693,0.26305761138919065,3.765670944098254,2000
ML,observed_plus_imputed_sensitivity,2012,TP,MT,1.2128451321701328,0.6934238489946551,0.31743101042159305,4.5670430980583925,2000
ML,observed_plus_imputed_sensitivity,2012,TP,ST,0.958546866070957,0.611351673163962,0.29533150099854205,3.6425954371742026,2000
ML,observed_plus_imputed_sensitivity,2012,TSS,CT,815.9948365984676,344.4150706252111,161.26885829646483,3800.2414015841264,2000
ML,observed_plus_imputed_sensitivity,2012,TSS,MT,768.3594712881545,480.9417862536171,165.71342816203403,2785.099788207379,2000
ML,observed_plus_imputed_sensitivity,2012,TSS,ST,582.7972660532062,337.94099706178787,132.49300936327677,2166.522421012944,2000
ML,observed_plus_imputed_sensitivity,2013,NH4,CT,0.5044698019624203,0.2914696553248234,0.11135681130568237,2.019258508341028,2000
ML,observed_plus_imputed_sensitivity,2013,NH4,MT,0.8251564898957197,0.5706479912762674,0.1662077062459749,2.6810825944888563,2000
ML,observed_plus_imputed_sensitivity,2013,NH4,ST,0.4076360274427478,0.2335057887191454,0.10525077838128763,1.7973668079696625,2000
ML,observed_plus_imputed_sensitivity,2013,NO2,CT,0.5497389242680748,0.31783740843265085,0.12685216061012392,2.196943842276044,2000
ML,observed_plus_imputed_sensitivity,2013,NO2,MT,0.8489409210790352,0.5895425836839356,0.17512803069074614,2.777850197270815,2000
ML,observed_plus_imputed_sensitivity,2013,NO2,ST,0.3942899089315515,0.23336658569348712,0.1121300442869954,1.6203318438225218,2000
ML,observed_plus_imputed_sensitivity,2013,NO3,CT,4.635770187278168,2.7457294170970807,1.2595881458499605,16.85375658887904,2000
ML,observed_plus_imputed_sensitivity,2013,NO3,MT,7.9079338739342555,6.037233255690767,1.8298891296391255,22.92498949274964,2000
ML,observed_plus_imputed_sensitivity,2013,NO3,ST,3.204377168448952,2.037522923036448,1.372410742277174,11.762318267830285,2000
ML,observed_plus_imputed_sensitivity,2013,OP,CT,0.48440051276505514,0.3010397320863306,0.11997536804045683,1.7718266768839472,2000
ML,observed_plus_imputed_sensitivity,2013,OP,MT,0.8381732683433035,0.5638963640298007,0.17589421708218064,2.8609523719530903,2000
ML,observed_plus_imputed_sensitivity,2013,OP,ST,0.3592403702655716,0.222423265995398,0.10769312456993604,1.3822045943959456,2000
ML,observed_plus_imputed_sensitivity,2013,Se,CT,0.4459861714792959,0.26063031311049734,0.10976696403389136,1.7266049133643617,2000
ML,observed_plus_imputed_sensitivity,2013,Se,MT,0.7346339432535701,0.5022836504303398,0.1530407579477809,2.3674874026805846,2000
ML,observed_plus_imputed_sensitivity,2013,Se,ST,0.3490354816866789,0.20807754650721866,0.09782772672682002,1.4268494155701936,2000
ML,observed_plus_imputed_sensitivity,2013,TDS,CT,5.828724063599571,3.7828957956301936,1.7392417934272093,19.875877293656725,2000
ML,observed_plus_imputed_sensitivity,2013,TDS,MT,10.2521871646937,7.70891410310714,2.5515334549548507,30.610327499692254,2000
ML,observed_plus_imputed_sensitivity,2013,TDS,ST,4.875210104717706,2.9010034961972835,1.5050703325284487,19.1411643898317,2000
ML,observed_plus_imputed_sensitivity,2013,TKN,CT,3.3110648745571107,2.030872167855091,0.8614735863144065,12.207789842816346,2000
ML,observed_plus_imputed_sensitivity,2013,TKN,MT,6.035113012193974,4.509477089824196,1.2164455282058528,18.11057846119221,2000
ML,observed_plus_imputed_sensitivity,2013,TKN,ST,2.5827596525025096,1.4320636889208262,0.7508976264742885,10.276737697026906,2000
ML,observed_plus_imputed_sensitivity,2013,TN,CT,2.014296317707738,1.2288515501029982,0.5210588319807049,7.937855318923546,2000
ML,observed_plus_imputed_sensitivity,2013,TN,MT,3.4963347670171925,2.496442817943514,0.8003486943199545,10.886338733132607,2000
ML,observed_plus_imputed_sensitivity,2013,TN,ST,1.8435229087392708,1.0267344899719308,0.47442823729449257,7.929859929296066,2000
ML,observed_plus_imputed_sensitivity,2013,TP,CT,0.5596360652036757,0.3463885031780731,0.16175093998075687,2.4051011173622596,2000
ML,observed_plus_imputed_sensitivity,2013,TP,MT,0.9179166642504225,0.6594025364898966,0.2093161273756248,3.145475844827517,2000
ML,observed_plus_imputed_sensitivity,2013,TP,ST,0.4593721252035999,0.2257973480910428,0.08721735019312607,2.38011395084453,2000
ML,observed_plus_imputed_sensitivity,2013,TSS,CT,431.3804315091725,333.8069363385548,231.433459089125,1214.6134286796157,2000
ML,observed_plus_imputed_sensitivity,2013,TSS,MT,721.8986106845857,582.2907307609382,246.71491147693476,1845.2220987821277,2000
ML,observed_plus_imputed_sensitivity,2013,TSS,ST,281.7759766544727,157.61145987480234,89.01102096986877,1137.4629618908498,2000
ML,observed_plus_imputed_sensitivity,2014,NH4,CT,0.5559532989202008,0.30788250614218515,0.1574795471536211,2.3664147330424803,2000
ML,observed_plus_imputed_sensitivity,2014,NH4,MT,0.7539299135294916,0.394475780936087,0.05054137234086306,3.286673426706541,2000
ML,observed_plus_imputed_sensitivity,2014,NH4,ST,0.4051279951820332,0.170990292216497,0.07688854113136757,2.028180921204467,2000
ML,observed_plus_imputed_sensitivity,2014,NO2,CT,0.5284420022184558,0.3051083946001725,0.15845380590002706,2.2307620077191856,2000
ML,observed_plus_imputed_sensitivity,2014,NO2,MT,0.6637354673360009,0.36006074091091805,0.0523637902819425,2.8281097669794413,2000
ML,observed_plus_imputed_sensitivity,2014,NO2,ST,0.36940248808884574,0.16192749258946276,0.07380672237212949,1.8122663074583165,2000
ML,observed_plus_imputed_sensitivity,2014,NO3,CT,4.814013014956592,2.92652266061521,2.1455025925793643,17.149776405980855,2000
ML,observed_plus_imputed_sensitivity,2014,NO3,MT,5.578658309309427,3.3740089631891124,0.4969691284298842,21.337171193579028,2000
ML,observed_plus_imputed_sensitivity,2014,NO3,ST,3.247991172006638,1.6073284136872883,0.9476389436179908,14.36684476712449,2000
ML,observed_plus_imputed_sensitivity,2014,OP,CT,0.37389452891201325,0.1329919734247647,0.049499904007515395,1.9399333793878764,2000
ML,observed_plus_imputed_sensitivity,2014,OP,MT,0.5657792091872869,0.34023143687519514,0.04456019309420924,2.130720940677638,2000
ML,observed_plus_imputed_sensitivity,2014,OP,ST,0.30670427494294483,0.08569167976689525,0.024376034456139523,1.8152628134294493,2000
ML,observed_plus_imputed_sensitivity,2014,Se,CT,0.4448707364931206,0.24484790030076883,0.13507295847436301,1.8911362082301046,2000
ML,observed_plus_imputed_sensitivity,2014,Se,MT,0.6175521659265725,0.3406808488935179,0.04667903457258807,2.644890261023716,2000
ML,observed_plus_imputed_sensitivity,2014,Se,ST,0.331050443423387,0.14266734455898855,0.06749213525145906,1.6424230958159298,2000
ML,observed_plus_imputed_sensitivity,2014,TDS,CT,8.378947550769288,5.714346504470664,3.6008826332375246,27.430146100718257,2000
ML,observed_plus_imputed_sensitivity,2014,TDS,MT,7.770991945807943,4.955111132129177,0.7422471222811574,29.456982027166802,2000
ML,observed_plus_imputed_sensitivity,2014,TDS,ST,4.673319415171416,2.2402610060814796,1.1240559598340298,21.870921906588656,2000
ML,observed_plus_imputed_sensitivity,2014,TKN,CT,2.557407023695121,1.7398589643148095,1.1876667736320357,9.159345237539563,2000
ML,observed_plus_imputed_sensitivity,2014,TKN,MT,3.2216100002523396,1.8670042843322725,0.30469820387909957,12.475541723200193,2000
ML,observed_plus_imputed_sensitivity,2014,TKN,ST,1.6199500720846762,0.8757466180361546,0.5102625670734331,6.74053980213002,2000
ML,observed_plus_imputed_sensitivity,2014,TN,CT,3.1676343549286545,2.081602211619705,1.6005754449284215,10.135659233598794,2000
ML,observed_plus_imputed_sensitivity,2014,TN,MT,3.560224383458502,2.180437487704986,0.30698430247291625,13.237022043013406,2000
ML,observed_plus_imputed_sensitivity,2014,TN,ST,2.0090917579820227,0.9415327200004028,0.5548691185227396,9.15770145540901,2000
ML,observed_plus_imputed_sensitivity,2014,TP,CT,0.7365920036191448,0.41455718030683963,0.2980645823161758,3.016878116124291,2000
ML,observed_plus_imputed_sensitivity,2014,TP,MT,0.7527542785264258,0.45253785087914467,0.06698559349303328,2.840968558327216,2000
ML,observed_plus_imputed_sensitivity,2014,TP,ST,0.47429544423711967,0.21772877862329568,0.12810296204835464,2.273370870027914,2000
ML,observed_plus_imputed_sensitivity,2014,TSS,CT,667.230475001982,416.06861669924945,318.53600987987613,2322.2500069426683,2000
ML,observed_plus_imputed_sensitivity,2014,TSS,MT,441.7614621532538,279.0959410812805,58.14925042280159,1736.7690767686563,2000
ML,observed_plus_imputed_sensitivity,2014,TSS,ST,368.8333621009607,176.72829884602376,101.87261543594316,1693.119569187851,2000
ML,observed_plus_imputed_sensitivity,2015,NH4,CT,0.04836051769586332,0.0450714711511752,0.02025984485025115,0.08423738355145287,2000
ML,observed_plus_imputed_sensitivity,2015,NH4,MT,0.03456783342889856,0.033406164876495045,0.013961389497304393,0.05960956926634696,2000
ML,observed_plus_imputed_sensitivity,2015,NH4,ST,0.028390455428723472,0.027520972491821602,0.011850042655955626,0.04881286976183429,2000
ML,observed_plus_imputed_sensitivity,2015,NO2,CT,0.20918729864983834,0.20780745512713117,0.1405630665726595,0.28347652398437895,2000
ML,observed_plus_imputed_sensitivity,2015,NO2,MT,0.091928665007445,0.0911704486800381,0.058639569868711244,0.12814416182434638,2000
ML,observed_plus_imputed_sensitivity,2015,NO2,ST,0.07544813549858188,0.0745337228073413,0.04842466986070636,0.10529043982218836,2000
ML,observed_plus_imputed_sensitivity,2015,NO3,CT,2.050812960052214,2.021767086693248,1.864670686453509,2.3329475073585453,2000
ML,observed_plus_imputed_sensitivity,2015,NO3,MT,0.9724268719389922,0.9643119387034806,0.8456209258841652,1.144222158389382,2000
ML,observed_plus_imputed_sensitivity,2015,NO3,ST,0.7983269319513758,0.7914787068463753,0.6964811412278872,0.9301181416803133,2000
ML,observed_plus_imputed_sensitivity,2015,OP,CT,0.04864213797245802,0.04509094743023691,0.016593724411947557,0.09180639014557052,2000
ML,observed_plus_imputed_sensitivity,2015,OP,MT,0.030068285743225155,0.028561863761137,0.008464253655529566,0.05648732716977404,2000
ML,observed_plus_imputed_sensitivity,2015,OP,ST,0.026781350046391945,0.02605112390810365,0.009488105364491543,0.047057956291853394,2000
ML,observed_plus_imputed_sensitivity,2015,Se,CT,0.17974720500572355,0.1788505669357511,0.12028860359055647,0.24288746121527102,2000
ML,observed_plus_imputed_sensitivity,2015,Se,MT,0.08246457474900637,0.08186884414245446,0.052970313099090276,0.11379159427229778,2000
ML,observed_plus_imputed_sensitivity,2015,Se,ST,0.06768874562324624,0.0671345530427139,0.04429387500789867,0.09413305495445881,2000
ML,observed_plus_imputed_sensitivity,2015,TDS,CT,2.320052661788359,2.305531386971901,1.77553142711668,2.9544948919780154,2000
ML,observed_plus_imputed_sensitivity,2015,TDS,MT,0.6790328838894893,0.6727360934679047,0.47730922525941144,0.9053256885797769,2000
ML,observed_plus_imputed_sensitivity,2015,TDS,ST,0.4938342410208111,0.49127188150640266,0.34707466829721756,0.661979759747672,2000
ML,observed_plus_imputed_sensitivity,2015,TKN,CT,0.36573050993322365,0.364692169676486,0.28407852429320496,0.4531056125072533,2000
ML,observed_plus_imputed_sensitivity,2015,TKN,MT,0.08372775948212786,0.08304160750146385,0.061747958177145935,0.10973581650693293,2000
ML,observed_plus_imputed_sensitivity,2015,TKN,ST,0.06326751593099904,0.0630299502383688,0.04794483101266695,0.08037966488626226,2000
ML,observed_plus_imputed_sensitivity,2015,TN,CT,2.1054009355450245,2.088445320182965,1.9903207250498496,2.2834738682066047,2000
ML,observed_plus_imputed_sensitivity,2015,TN,MT,0.9463359166668931,0.9409282384080202,0.8775403923414439,1.0393827436519856,2000
ML,observed_plus_imputed_sensitivity,2015,TN,ST,0.779329835735824,0.7756289947236004,0.7217142661024752,0.853019663141671,2000
ML,observed_plus_imputed_sensitivity,2015,TP,CT,0.3301728785921226,0.32963500727922285,0.27216738068252866,0.39158143263263506,2000
ML,observed_plus_imputed_sensitivity,2015,TP,MT,0.0695326297430362,0.0689374335138935,0.05146535277137687,0.0897249946032749,2000
ML,observed_plus_imputed_sensitivity,2015,TP,ST,0.05000558705792853,0.049810195042190294,0.03553629925814681,0.06544073249725214,2000
ML,observed_plus_imputed_sensitivity,2015,TSS,CT,432.105001413965,432.105001413965,432.105001413965,432.105001413965,2000
ML,observed_plus_imputed_sensitivity,2015,TSS,MT,38.36730592586,38.36730592586,38.36730592586,38.36730592586,2000
ML,observed_plus_imputed_sensitivity,2015,TSS,ST,12.496549623661624,12.491064158514103,12.466488932804388,12.547571811419521,2000
ML,observed_plus_imputed_sensitivity,2016,NH4,CT,0.0247897159199998,0.0247897159199998,0.0247897159199998,0.0247897159199998,2000
ML,observed_plus_imputed_sensitivity,2016,NH4,MT,0.0017672101499999,0.0017672101499999,0.0017672101499999,0.0017672101499999,2000
ML,observed_plus_imputed_sensitivity,2016,NH4,ST,0.0056423617799998,0.0056423617799998,0.0056423617799998,0.0056423617799998,2000
ML,observed_plus_imputed_sensitivity,2016,NO2,CT,0.08303498844593528,0.0824170682128278,0.04525815899496863,0.1241171710354117,2000
ML,observed_plus_imputed_sensitivity,2016,NO2,MT,0.011434951427525682,0.0113885514752325,0.005592526618584172,0.017392443174212093,2000
ML,observed_plus_imputed_sensitivity,2016,NO2,ST,0.040531813432756726,0.0406999792912413,0.0196839539443606,0.06199216656798306,2000
ML,observed_plus_imputed_sensitivity,2016,NO3,CT,0.761775042905,0.761775042905,0.761775042905,0.761775042905,2000
ML,observed_plus_imputed_sensitivity,2016,NO3,MT,0.10329933254999979,0.10329933254999979,0.10329933254999979,0.10329933254999979,2000
ML,observed_plus_imputed_sensitivity,2016,NO3,ST,0.395033512635,0.395033512635,0.395033512635,0.395033512635,2000
ML,observed_plus_imputed_sensitivity,2016,OP,CT,0.0091865991599998,0.0091865991599998,0.0091865991599998,0.0091865991599998,2000
ML,observed_plus_imputed_sensitivity,2016,OP,MT,0.0006672285949999,0.0006672285949999,0.0006672285949999,0.0006672285949999,2000
ML,observed_plus_imputed_sensitivity,2016,OP,ST,0.002495439525,0.002495439525,0.002495439525,0.002495439525,2000
ML,observed_plus_imputed_sensitivity,2016,Se,CT,0.08087890931483718,0.0800739740818826,0.044919177721240815,0.12053004798027121,2000
ML,observed_plus_imputed_sensitivity,2016,Se,MT,0.010390459064808245,0.01037667906336345,0.005449999655000672,0.01593586181889569,2000
ML,observed_plus_imputed_sensitivity,2016,Se,ST,0.03836670903224376,0.038158329068109245,0.019356106656568044,0.0585249202417364,2000
ML,observed_plus_imputed_sensitivity,2016,TDS,CT,0.926379481288192,0.9159113110883037,0.6202087587835907,1.2982198335974504,2000
ML,observed_plus_imputed_sensitivity,2016,TDS,MT,0.08283364929984263,0.08216576460120376,0.0497701056808408,0.11953692083703205,2000
ML,observed_plus_imputed_sensitivity,2016,TDS,ST,0.3259370541899984,0.3255047271775507,0.188225184725462,0.4755071423972157,2000
ML,observed_plus_imputed_sensitivity,2016,TKN,CT,0.0170700556749999,0.0170700556749999,0.0170700556749999,0.0170700556749999,2000
ML,observed_plus_imputed_sensitivity,2016,TKN,MT,0.0023556970649998,0.0023556970649998,0.0023556970649998,0.0023556970649998,2000
ML,observed_plus_imputed_sensitivity,2016,TKN,ST,0.008395225365,0.008395225365,0.008395225365,0.008395225365,2000
ML,observed_plus_imputed_sensitivity,2016,TN,CT,0.7221681058749999,0.7221681058749999,0.7221681058749999,0.7221681058749999,2000
ML,observed_plus_imputed_sensitivity,2016,TN,MT,0.0986384636799999,0.0986384636799999,0.0986384636799999,0.0986384636799999,2000
ML,observed_plus_imputed_sensitivity,2016,TN,ST,0.3763617945899998,0.3763617945899998,0.3763617945899998,0.3763617945899998,2000
ML,observed_plus_imputed_sensitivity,2016,TP,CT,0.0022539712799998,0.0022539712799998,0.0022539712799998,0.0022539712799998,2000
ML,observed_plus_imputed_sensitivity,2016,TP,MT,0.0011485396400000001,0.0011485396400000001,0.0011485396400000001,0.0011485396400000001,2000
ML,observed_plus_imputed_sensitivity,2016,TP,ST,0.000750649755,0.000750649755,0.000750649755,0.000750649755,2000
ML,observed_plus_imputed_sensitivity,2016,TSS,CT,165.91382320519,165.91382320519,165.91382320519,165.91382320519,2000
ML,observed_plus_imputed_sensitivity,2016,TSS,MT,5.004839609575,5.004839609575,5.004839609575,5.004839609575,2000
ML,observed_plus_imputed_sensitivity,2016,TSS,ST,29.104141635885,29.104141635885,29.104141635885,29.104141635885,2000
ML,observed_plus_imputed_sensitivity,2017,NH4,CT,0.6586899050133364,0.6507214406824919,0.40597227163556804,0.9297094769711007,2000
ML,observed_plus_imputed_sensitivity,2017,NH4,MT,0.1354260709828893,0.1341448078375947,0.08247160404368686,0.19432168091302196,2000
ML,observed_plus_imputed_sensitivity,2017,NH4,ST,0.09479427102797282,0.09424542322973811,0.06038014903661911,0.13101304770913963,2000
ML,observed_plus_imputed_sensitivity,2017,NO2,CT,0.4790152785015936,0.47719625327392756,0.3145434628206302,0.6563378780829726,2000
ML,observed_plus_imputed_sensitivity,2017,NO2,MT,0.13125371366574046,0.13054897637977955,0.0854554445217883,0.18007025612533234,2000
ML,observed_plus_imputed_sensitivity,2017,NO2,ST,0.09724693972521865,0.0962719551227014,0.06335965562045805,0.1319509045794822,2000
ML,observed_plus_imputed_sensitivity,2017,NO3,CT,5.468957836103256,5.412280757030333,4.888102953072128,6.271818609018622,2000
ML,observed_plus_imputed_sensitivity,2017,NO3,MT,1.8243437271838974,1.822839809472446,1.6981865852075329,1.9705628800775723,2000
ML,observed_plus_imputed_sensitivity,2017,NO3,ST,1.4668883235912182,1.456639977590552,1.2735891400449613,1.7136334306614027,2000
ML,observed_plus_imputed_sensitivity,2017,OP,CT,0.0746906679191117,0.07307535700768665,0.03099105955360778,0.12316417962061656,2000
ML,observed_plus_imputed_sensitivity,2017,OP,MT,0.01928715886236764,0.0189989206421024,0.010214873238399248,0.029313069377889595,2000
ML,observed_plus_imputed_sensitivity,2017,OP,ST,0.02471355766139239,0.02433597916896535,0.011584731593248148,0.039591051015653085,2000
ML,observed_plus_imputed_sensitivity,2017,Se,CT,0.4304573202693333,0.4274799039107663,0.2885951875564148,0.5809824141599388,2000
ML,observed_plus_imputed_sensitivity,2017,Se,MT,0.11330326250944246,0.1131952529648011,0.07326874456595175,0.15582055466632141,2000
ML,observed_plus_imputed_sensitivity,2017,Se,ST,0.0842888627533599,0.0835179067233222,0.05549636570469148,0.11423849456298585,2000
ML,observed_plus_imputed_sensitivity,2017,TDS,CT,9.532597953556293,9.513942880326773,7.061435604826567,12.213726191007721,2000
ML,observed_plus_imputed_sensitivity,2017,TDS,MT,1.1612345327890645,1.1543788768274725,0.8412881237281782,1.5222101077269155,2000
ML,observed_plus_imputed_sensitivity,2017,TDS,ST,0.8632454381922812,0.8590360127118307,0.6319869896579402,1.127516076960587,2000
ML,observed_plus_imputed_sensitivity,2017,TKN,CT,2.841344874571746,2.834178050084982,2.6844741250875765,3.0344615756329345,2000
ML,observed_plus_imputed_sensitivity,2017,TKN,MT,0.33980013464544206,0.33896521294593407,0.3206518529002573,0.36265142722082244,2000
ML,observed_plus_imputed_sensitivity,2017,TKN,ST,0.11091398018632799,0.10910283991026296,0.08728905247478198,0.14174448498557862,2000
ML,observed_plus_imputed_sensitivity,2017,TN,CT,3.003452357096506,2.9833282489656217,2.1902720456873634,3.982232921553494,2000
ML,observed_plus_imputed_sensitivity,2017,TN,MT,0.40643228462880815,0.4028788532839699,0.27120632310506304,0.5648180802410312,2000
ML,observed_plus_imputed_sensitivity,2017,TN,ST,0.29329185335976865,0.29115862140513143,0.1933253867202679,0.39837243427157965,2000
ML,observed_plus_imputed_sensitivity,2017,TP,CT,0.1996281325994741,0.19851065339936555,0.16626891140387265,0.2386118967277996,2000
ML,observed_plus_imputed_sensitivity,2017,TP,MT,0.04932485343563684,0.0492521967811345,0.04272553709166725,0.05651685549090747,2000
ML,observed_plus_imputed_sensitivity,2017,TP,ST,0.040442166719460514,0.0395107058667809,0.02911583285603,0.0540025778974331,2000
ML,observed_plus_imputed_sensitivity,2017,TSS,CT,2162.90790228052,2162.90790228052,2162.90790228052,2162.90790228052,2000
ML,observed_plus_imputed_sensitivity,2017,TSS,MT,105.22449756111502,105.22449756111502,105.22449756111502,105.22449756111502,2000
ML,observed_plus_imputed_sensitivity,2017,TSS,ST,124.07472792317652,124.04396625095696,122.656835051665,125.95865691231407,2000
ML,observed_plus_imputed_sensitivity,2018,NH4,CT,1.768686020246511,1.4184924868102948,0.11467499602327211,5.378036018798883,2000
ML,observed_plus_imputed_sensitivity,2018,NH4,MT,1.3294205598968714,1.0854112795537187,0.07731037184834803,3.862797642196961,2000
ML,observed_plus_imputed_sensitivity,2018,NH4,ST,1.1608264647567603,0.8994769970921332,0.07240661776822928,3.5241324056868715,2000
ML,observed_plus_imputed_sensitivity,2018,NO2,CT,2.0266947725632574,1.568509044515956,0.11983612095071491,6.545223950798935,2000
ML,observed_plus_imputed_sensitivity,2018,NO2,MT,1.6781588286041274,1.3089040765386124,0.10775789926088136,4.984380501640409,2000
ML,observed_plus_imputed_sensitivity,2018,NO2,ST,1.5231290095274572,1.1944945662406368,0.10001277586905886,4.431050106145342,2000
ML,observed_plus_imputed_sensitivity,2018,NO3,CT,10.19867824758718,8.463883148217175,0.8083711343618671,29.436443014235596,2000
ML,observed_plus_imputed_sensitivity,2018,NO3,MT,8.76317591111711,7.415784640699528,0.6973889155833278,25.348280098482807,2000
ML,observed_plus_imputed_sensitivity,2018,NO3,ST,8.29012260319545,6.801074500182677,0.7245964871824877,24.506856980576313,2000
ML,observed_plus_imputed_sensitivity,2018,OP,CT,1.453707574114253,1.1832739678505912,0.08424435842739487,4.275015090936845,2000
ML,observed_plus_imputed_sensitivity,2018,OP,MT,1.3659422423472716,1.0898426971738098,0.09395172933790828,3.9578304381752285,2000
ML,observed_plus_imputed_sensitivity,2018,OP,ST,1.2543179127777129,0.9627921900655814,0.08583631969464618,3.8172376079133437,2000
ML,observed_plus_imputed_sensitivity,2018,Se,CT,1.4432008164164818,1.1521490220557937,0.0929187651144567,4.362611734132923,2000
ML,observed_plus_imputed_sensitivity,2018,Se,MT,1.248970023096846,0.9797188139878616,0.07805922723158779,3.787282612842627,2000
ML,observed_plus_imputed_sensitivity,2018,Se,ST,1.1078346420531953,0.8701544934781827,0.07625967724279213,3.419329650811158,2000
ML,observed_plus_imputed_sensitivity,2018,TDS,CT,24.74439092060897,20.42189606097019,1.8897656646252317,68.17009779351051,2000
ML,observed_plus_imputed_sensitivity,2018,TDS,MT,13.651933386256887,11.253023256002159,1.201127933230304,39.06006038862676,2000
ML,observed_plus_imputed_sensitivity,2018,TDS,ST,11.905750393079298,9.79799490182838,1.0041966142488377,33.30914325655501,2000
ML,observed_plus_imputed_sensitivity,2018,TKN,CT,7.406776974400886,5.949164087625567,0.5298665749354519,21.236573714938135,2000
ML,observed_plus_imputed_sensitivity,2018,TKN,MT,3.646432313849362,2.8876131406661445,0.26351378668672154,11.636316024741914,2000
ML,observed_plus_imputed_sensitivity,2018,TKN,ST,3.331640787727922,2.557149799810678,0.2221675108380736,9.81482038297432,2000
ML,observed_plus_imputed_sensitivity,2018,TN,CT,6.981469352242779,5.769053894546017,0.4578229824286761,19.778753341557543,2000
ML,observed_plus_imputed_sensitivity,2018,TN,MT,4.2144503265208355,3.2294008715822553,0.2985545883554002,12.759313206022465,2000
ML,observed_plus_imputed_sensitivity,2018,TN,ST,3.7950624929542465,2.9441762420044837,0.254190352458942,11.711199158444165,2000
ML,observed_plus_imputed_sensitivity,2018,TP,CT,2.2040935517010327,1.7760890372795537,0.14102647316146041,6.577643523736315,2000
ML,observed_plus_imputed_sensitivity,2018,TP,MT,1.919528137804424,1.4870375637933881,0.1244340798626014,5.959269490268975,2000
ML,observed_plus_imputed_sensitivity,2018,TP,ST,1.7236688676468643,1.3506956847719374,0.1224242044367021,5.161260453764117,2000
ML,observed_plus_imputed_sensitivity,2018,TSS,CT,1090.002126520988,934.5981296471782,87.79012247846678,3053.808686680876,2000
ML,observed_plus_imputed_sensitivity,2018,TSS,MT,571.5525809368332,483.22380006515357,51.75838342795371,1557.260375251816,2000
ML,observed_plus_imputed_sensitivity,2018,TSS,ST,524.9603584905522,439.157089562446,46.614825810600834,1469.0521128104979,2000
ML,observed_plus_imputed_sensitivity,2019,NH4,CT,0.3612636567082721,0.0741053902110074,0.0004040892566430725,2.28874217700267,2000
ML,observed_plus_imputed_sensitivity,2019,NH4,MT,0.25392177868202676,0.05177462825355355,0.0002546142363477789,1.6923180146859835,2000
ML,observed_plus_imputed_sensitivity,2019,NH4,ST,0.263391099997084,0.0610225159091522,0.000295496999584385,1.6204924478067886,2000
ML,observed_plus_imputed_sensitivity,2019,NO2,CT,0.4040227824331719,0.07747984096453794,0.0005065625513384669,2.741750336296356,2000
ML,observed_plus_imputed_sensitivity,2019,NO2,MT,0.2811416451012769,0.0581863283225105,0.00026454771110334663,1.8115236944523354,2000
ML,observed_plus_imputed_sensitivity,2019,NO2,ST,0.29948447587065674,0.07067735230771754,0.0003554221631239281,1.8596121243451265,2000
ML,observed_plus_imputed_sensitivity,2019,NO3,CT,1.9326840044400706,0.47657681763185394,0.0025392664239445822,12.106287750523629,2000
ML,observed_plus_imputed_sensitivity,2019,NO3,MT,1.3045364395508656,0.3176625566421834,0.0015635331351917176,7.644130668123509,2000
ML,observed_plus_imputed_sensitivity,2019,NO3,ST,1.4720128256564136,0.4188813437920636,0.0023384068915323505,8.364297561451346,2000
ML,observed_plus_imputed_sensitivity,2019,OP,CT,0.3467383984380768,0.07148837418115506,0.000383915819481345,2.3471775743642738,2000
ML,observed_plus_imputed_sensitivity,2019,OP,MT,0.22925152716879194,0.046817673220370046,0.00024710043164912496,1.5076516028528777,2000
ML,observed_plus_imputed_sensitivity,2019,OP,ST,0.24317823813095316,0.05873466252953115,0.0002979379834653325,1.4701242043618803,2000
ML,observed_plus_imputed_sensitivity,2019,Se,CT,0.305523279802949,0.06475951539630914,0.0003707140713500565,2.026869990362109,2000
ML,observed_plus_imputed_sensitivity,2019,Se,MT,0.20895507311594966,0.0415918438781474,0.000248755982087883,1.301055461811912,2000
ML,observed_plus_imputed_sensitivity,2019,Se,ST,0.22781876902504186,0.05437798453444305,0.00027495693141051043,1.4044906972196805,2000
ML,observed_plus_imputed_sensitivity,2019,TDS,CT,5.266374387112983,1.3976590736913028,0.007928673379508462,31.644811445089882,2000
ML,observed_plus_imputed_sensitivity,2019,TDS,MT,3.0620074364515024,0.7713690778779572,0.0041367508902792885,17.201583159179908,2000
ML,observed_plus_imputed_sensitivity,2019,TDS,ST,3.2684492561377434,1.0169657918921322,0.005121760010032103,18.665023639205135,2000
ML,observed_plus_imputed_sensitivity,2019,TKN,CT,1.1458701357076024,0.2488023756412901,0.0014491137259837025,7.692008183881529,2000
ML,observed_plus_imputed_sensitivity,2019,TKN,MT,0.6784068916593977,0.1313000580691662,0.0007369545626377175,4.606087498187231,2000
ML,observed_plus_imputed_sensitivity,2019,TKN,ST,0.6880310970275313,0.1625101757913118,0.0008192156826626726,4.436456585033591,2000
ML,observed_plus_imputed_sensitivity,2019,TN,CT,1.4092240621294048,0.32012373748343737,0.0018376735700373127,9.366582780163869,2000
ML,observed_plus_imputed_sensitivity,2019,TN,MT,0.920189639903362,0.201709377225692,0.001071031407810785,5.926893404834761,2000
ML,observed_plus_imputed_sensitivity,2019,TN,ST,0.9714673910205688,0.2670225102872965,0.0014815389681554726,6.2002724218676155,2000
ML,observed_plus_imputed_sensitivity,2019,TP,CT,0.44390689233438335,0.09268825582809835,0.0005057265495054,3.182432180346688,2000
ML,observed_plus_imputed_sensitivity,2019,TP,MT,0.29844299039093236,0.060605589586590305,0.0003247638073574295,1.8522585921297787,2000
ML,observed_plus_imputed_sensitivity,2019,TP,ST,0.3397471401592535,0.0794136189393124,0.0004041077262977775,2.154254582287571,2000
ML,observed_plus_imputed_sensitivity,2019,TSS,CT,454.25254769794884,127.07483583992433,0.5984816644496441,2802.0772638829626,2000
ML,observed_plus_imputed_sensitivity,2019,TSS,MT,227.73868362297438,62.65421103181506,0.34002609295150316,1275.8946277541631,2000
ML,observed_plus_imputed_sensitivity,2019,TSS,ST,272.34839835700353,85.3412692500769,0.46243219058642415,1578.8113181456422,2000
ML,observed_plus_imputed_sensitivity,2020,NH4,CT,3.0327862092228264,2.6458461041928327,0.44349637927085633,7.596976150264968,2000
ML,observed_plus_imputed_sensitivity,2020,NH4,MT,2.1012005216027396,1.8122200950339598,0.26727630336904523,5.4870606837901725,2000
ML,observed_plus_imputed_sensitivity,2020,NH4,ST,1.2874841509633863,0.9628928160596713,0.1584845314497819,4.126614346255785,2000
ML,observed_plus_imputed_sensitivity,2020,NO2,CT,2.611920990737404,2.218476034410931,0.353032546650561,6.741246631043319,2000
ML,observed_plus_imputed_sensitivity,2020,NO2,MT,1.8872733199024483,1.6205763516856124,0.2741243897997544,4.900170145657089,2000
ML,observed_plus_imputed_sensitivity,2020,NO2,ST,1.028956371821676,0.7707742448171885,0.1362935041345341,3.362075854675942,2000
ML,observed_plus_imputed_sensitivity,2020,NO3,CT,25.135450720075454,23.462120689756063,4.2913005493543706,57.959824196449276,2000
ML,observed_plus_imputed_sensitivity,2020,NO3,MT,19.813109208541306,18.19684770427811,3.239431944684911,45.899709160851586,2000
ML,observed_plus_imputed_sensitivity,2020,NO3,ST,10.027336473248399,8.024793793583354,1.7212033798553634,27.57392939368257,2000
ML,observed_plus_imputed_sensitivity,2020,OP,CT,0.9121319752372999,0.5626137563135071,0.023874525115201255,3.3517401796780057,2000
ML,observed_plus_imputed_sensitivity,2020,OP,MT,0.6257873140355432,0.3920166106624375,0.013680342353269762,2.3759962725722548,2000
ML,observed_plus_imputed_sensitivity,2020,OP,ST,0.5790001898951777,0.377244125541699,0.010627957351271526,2.1277520732604778,2000
ML,observed_plus_imputed_sensitivity,2020,Se,CT,0.8516000691722131,0.5565983427329888,0.030587966060079165,3.141998600985395,2000
ML,observed_plus_imputed_sensitivity,2020,Se,MT,0.5961739320290279,0.37257670894963535,0.022706447006101006,2.2140640787536086,2000
ML,observed_plus_imputed_sensitivity,2020,Se,ST,0.5495331296090583,0.3476789047893264,0.013589119034346552,2.1328566413005903,2000
ML,observed_plus_imputed_sensitivity,2020,TDS,CT,38.7660070105051,35.259234089864265,5.9917066613510315,92.66426041179591,2000
ML,observed_plus_imputed_sensitivity,2020,TDS,MT,14.791070018319536,13.088466309192587,2.297452934178316,37.48572257753055,2000
ML,observed_plus_imputed_sensitivity,2020,TDS,ST,9.686467270542142,7.609817437652317,1.1763523313298743,29.783791281054693,2000
ML,observed_plus_imputed_sensitivity,2020,TKN,CT,8.800640653076176,7.787271765653363,1.3460392103206849,22.178145216605937,2000
ML,observed_plus_imputed_sensitivity,2020,TKN,MT,4.0288878415991425,3.56138277436572,0.5852292748619781,10.115739915677622,2000
ML,observed_plus_imputed_sensitivity,2020,TKN,ST,2.627313733205128,2.067811769570411,0.3332914436641612,7.987433165918716,2000
ML,observed_plus_imputed_sensitivity,2020,TN,CT,12.047021709860081,10.405897302285169,1.7293488815358404,30.130091539546946,2000
ML,observed_plus_imputed_sensitivity,2020,TN,MT,5.8343101146330225,4.915671796143613,0.8826450485557796,15.394015673497103,2000
ML,observed_plus_imputed_sensitivity,2020,TN,ST,3.822647486672378,2.778975677370709,0.47048483087750725,12.310750015440377,2000
ML,observed_plus_imputed_sensitivity,2020,TP,CT,1.8816131960626825,1.4876486784497194,0.2432352675297758,5.439853923563056,2000
ML,observed_plus_imputed_sensitivity,2020,TP,MT,1.250245811984816,1.0036181025163313,0.18174277845238065,3.5214732292121207,2000
ML,observed_plus_imputed_sensitivity,2020,TP,ST,0.9374559782276017,0.7202719534424221,0.07919063725458056,3.0890041991890955,2000
ML,observed_plus_imputed_sensitivity,2020,TSS,CT,3066.078852406607,2784.1449150259396,475.1530655488969,7309.009482398528,2000
ML,observed_plus_imputed_sensitivity,2020,TSS,MT,478.70459104884316,417.29384758211523,80.87597240424233,1222.916089914736,2000
ML,observed_plus_imputed_sensitivity,2020,TSS,ST,395.64570474072843,316.66253350597367,37.657169428902286,1159.4829242117328,2000
ML,observed_plus_imputed_sensitivity,2021,NH4,CT,1.4748656191313985,1.1721821305711309,0.13064363207334176,4.440689688196841,2000
ML,observed_plus_imputed_sensitivity,2021,NH4,MT,0.617291365166412,0.4671989161739811,0.06993091465170957,1.9517568650462926,2000
ML,observed_plus_imputed_sensitivity,2021,NH4,ST,0.5207866741604849,0.37110363375817523,0.074673995532254,1.7421365824699848,2000
ML,observed_plus_imputed_sensitivity,2021,NO2,CT,1.348168461475862,1.0276697879435277,0.11981804404487788,4.101215367770075,2000
ML,observed_plus_imputed_sensitivity,2021,NO2,MT,0.6207495552353034,0.45469950360040623,0.06239191297767919,2.0584177842210742,2000
ML,observed_plus_imputed_sensitivity,2021,NO2,ST,0.5514336135807437,0.39960418485867777,0.07308337926665884,1.824650302987466,2000
ML,observed_plus_imputed_sensitivity,2021,NO3,CT,14.179457966816303,12.087727090359206,1.2431297986210024,37.47980552201263,2000
ML,observed_plus_imputed_sensitivity,2021,NO3,MT,7.686251871761892,6.1725178986790254,0.7893207572039668,22.349946655967663,2000
ML,observed_plus_imputed_sensitivity,2021,NO3,ST,6.717666229163157,5.316905452316825,0.858856531414058,20.35033279706946,2000
ML,observed_plus_imputed_sensitivity,2021,OP,CT,0.01071280864,0.01071280864,0.01071280864,0.01071280864,2000
ML,observed_plus_imputed_sensitivity,2021,OP,MT,0.011972734009334005,0.0112225969070812,0.006497574260054565,0.019891791940221115,2000
ML,observed_plus_imputed_sensitivity,2021,OP,ST,0.017885609150000002,0.01788560915,0.01788560915,0.01788560915,2000
ML,observed_plus_imputed_sensitivity,2021,Se,CT,0.013156666780367126,0.011378863262061134,0.0011377875618299956,0.034715433506478,2000
ML,observed_plus_imputed_sensitivity,2021,Se,MT,0.009423188626331817,0.008849843654893393,0.0017755057540250186,0.02110415999864768,2000
ML,observed_plus_imputed_sensitivity,2021,Se,ST,0.005366192601216248,0.0042309026296023095,0.0007854462564399078,0.016326656314674188,2000
ML,observed_plus_imputed_sensitivity,2021,TDS,CT,17.85316623384443,14.886715400830415,1.7310476087451385,50.9218740465226,2000
ML,observed_plus_imputed_sensitivity,2021,TDS,MT,5.242354976909759,4.046701754412314,0.6663680367019955,17.221743692697427,2000
ML,observed_plus_imputed_sensitivity,2021,TDS,ST,4.5749125713812635,3.432430470709159,0.8063978004370832,14.485939568962506,2000
ML,observed_plus_imputed_sensitivity,2021,TKN,CT,5.595864783000405,4.662184682759447,0.6362729866015533,15.332797700846038,2000
ML,observed_plus_imputed_sensitivity,2021,TKN,MT,1.4312747804355093,1.115799310215979,0.21030270412155455,4.513111305273091,2000
ML,observed_plus_imputed_sensitivity,2021,TKN,ST,1.4631400376055304,1.1214366752453964,0.32556209694746474,4.5837626277143695,2000
ML,observed_plus_imputed_sensitivity,2021,TN,CT,5.4697153295527725,4.436608775136727,0.541251678954266,15.553990988425657,2000
ML,observed_plus_imputed_sensitivity,2021,TN,MT,1.7811695207114178,1.320596957360614,0.22945048805845392,6.133729894299529,2000
ML,observed_plus_imputed_sensitivity,2021,TN,ST,1.5668750347088847,1.1157086299882633,0.2866750430014196,5.130601911716738,2000
ML,observed_plus_imputed_sensitivity,2021,TP,CT,0.55953366060026,0.4918941595477675,0.10776318629180878,1.392773736607427,2000
ML,observed_plus_imputed_sensitivity,2021,TP,MT,0.2590228175036162,0.2224867706195595,0.09436596792594262,0.6116785588016189,2000
ML,observed_plus_imputed_sensitivity,2021,TP,ST,0.2371706267956853,0.20186624630999042,0.11695080992788552,0.5477319840787722,2000
ML,observed_plus_imputed_sensitivity,2021,TSS,CT,2703.3146481854637,2159.0290505244966,268.1181675793622,8307.429347515406,2000
ML,observed_plus_imputed_sensitivity,2021,TSS,MT,296.74746306048576,239.38821696383673,57.981524480659594,874.1201946177704,2000
ML,observed_plus_imputed_sensitivity,2021,TSS,ST,302.63168910066094,214.55123707176037,105.63785760040825,977.0296315643948,2000
ML,observed_plus_imputed_sensitivity,2022,NH4,CT,2.028586756196313,1.8564863816891009,0.38541287728220913,4.778035778246487,2000
ML,observed_plus_imputed_sensitivity,2022,NH4,MT,2.180988183581939,1.9339111797042419,0.39431941478542937,5.158119073379168,2000
ML,observed_plus_imputed_sensitivity,2022,NH4,ST,2.0510278989604984,1.8521401589471869,0.3379438427279666,4.80948555302104,2000
ML,observed_plus_imputed_sensitivity,2022,NO2,CT,1.5459441686137725,1.193783898962873,0.12028889205403467,4.850228188188223,2000
ML,observed_plus_imputed_sensitivity,2022,NO2,MT,1.1393454770542035,0.8145511111300923,0.051664828996697415,3.977582924989112,2000
ML,observed_plus_imputed_sensitivity,2022,NO2,ST,1.3895047084477663,1.015511219770193,0.07886096915730995,4.359411574236487,2000
ML,observed_plus_imputed_sensitivity,2022,NO3,CT,23.594761001469635,21.970554074395665,4.987532227921841,52.72417333361909,2000
ML,observed_plus_imputed_sensitivity,2022,NO3,MT,22.1827877506146,20.93186409679908,4.477301975332179,48.46292900059394,2000
ML,observed_plus_imputed_sensitivity,2022,NO3,ST,23.975885905317774,22.211875660830223,4.778411463502582,51.297038572703734,2000
ML,observed_plus_imputed_sensitivity,2022,OP,CT,1.0647032644614436,0.842098176960942,0.090065242505325,3.1722115599721996,2000
ML,observed_plus_imputed_sensitivity,2022,OP,MT,0.6850538445746875,0.5212892102823945,0.04196661649086916,2.191717363097519,2000
ML,observed_plus_imputed_sensitivity,2022,OP,ST,0.8281656758650352,0.631112643972477,0.051623056694834114,2.590955580008256,2000
ML,observed_plus_imputed_sensitivity,2022,Se,CT,0.8835470054905851,0.6818631489892597,0.06400165746846248,2.7783528289914066,2000
ML,observed_plus_imputed_sensitivity,2022,Se,MT,0.4515931053365917,0.277009272735265,0.01933690720144278,1.8232768050566803,2000
ML,observed_plus_imputed_sensitivity,2022,Se,ST,0.5958152505525337,0.40245943728099615,0.028782695812012864,2.1019769398213994,2000
ML,observed_plus_imputed_sensitivity,2022,TDS,CT,17.946193070568867,16.35953056336207,3.726566865707444,41.65300036711987,2000
ML,observed_plus_imputed_sensitivity,2022,TDS,MT,16.194533303504702,14.590823241558233,3.056575474166872,38.203435759509276,2000
ML,observed_plus_imputed_sensitivity,2022,TDS,ST,15.792622275978596,14.090622960279566,2.8434943355913807,36.75813555094474,2000
ML,observed_plus_imputed_sensitivity,2022,TKN,CT,3.582185061061813,2.87293466207762,0.3973642397362003,10.573832004948759,2000
ML,observed_plus_imputed_sensitivity,2022,TKN,MT,3.334648351882042,2.6453007829413684,0.22056277915656983,10.393002236428092,2000
ML,observed_plus_imputed_sensitivity,2022,TKN,ST,3.0369071385546964,2.3273058896719574,0.22219943506666123,9.472662589707845,2000
ML,observed_plus_imputed_sensitivity,2022,TN,CT,5.992364332030739,5.476245038492265,1.1032871311520922,13.996929518859814,2000
ML,observed_plus_imputed_sensitivity,2022,TN,MT,5.881730818161662,5.188547855792475,1.0318129371584435,14.662053254252658,2000
ML,observed_plus_imputed_sensitivity,2022,TN,ST,5.950340052910037,5.276828682848966,1.0286125068311451,14.49592601895597,2000
ML,observed_plus_imputed_sensitivity,2022,TP,CT,1.44364829879193,1.2127950360295832,0.23231044246420046,3.7518036531048566,2000
ML,observed_plus_imputed_sensitivity,2022,TP,MT,1.1389071593280653,0.9608377284903151,0.19882939668962274,2.888251899593255,2000
ML,observed_plus_imputed_sensitivity,2022,TP,ST,1.2443677988851827,1.0383266659397465,0.19850012156857974,3.40671744108964,2000
ML,observed_plus_imputed_sensitivity,2022,TSS,CT,1628.0902353714705,1034.6670101066802,192.2837570269225,6665.835283700742,2000
ML,observed_plus_imputed_sensitivity,2022,TSS,MT,957.9974442786764,793.0376062014441,142.1304234799657,2789.5648061353236,2000
ML,observed_plus_imputed_sensitivity,2022,TSS,ST,766.6622594472901,654.2642349910532,122.15002991270534,2018.9706368176255,2000
ML,observed_plus_imputed_sensitivity,2023,NH4,CT,1.8534094958972005,1.0829596762965061,0.3634212265019645,7.664864071755667,2000
ML,observed_plus_imputed_sensitivity,2023,NH4,MT,1.788146457805447,1.0761251372255687,0.38296416140320855,7.284744069525849,2000
ML,observed_plus_imputed_sensitivity,2023,NH4,ST,1.5838069699935595,0.964149839367969,0.3156566012614805,5.951289422248422,2000
ML,observed_plus_imputed_sensitivity,2023,NO2,CT,0.38875912176019106,0.16062613058270003,0.0019435731408391325,2.3028701605243405,2000
ML,observed_plus_imputed_sensitivity,2023,NO2,MT,0.3715413866138049,0.17765855100917324,0.0029280550465615542,1.9597284353688211,2000
ML,observed_plus_imputed_sensitivity,2023,NO2,ST,0.21783267683331983,0.07934213043392746,0.0007894578384368483,1.4840282159020786,2000
ML,observed_plus_imputed_sensitivity,2023,NO3,CT,4.408354146941582,3.5407111257256085,2.763724078857432,10.685353976515023,2000
ML,observed_plus_imputed_sensitivity,2023,NO3,MT,5.987660621722632,4.234721772570084,3.3342234411113707,18.550837760017995,2000
ML,observed_plus_imputed_sensitivity,2023,NO3,ST,3.7277955324382672,3.291687504000305,2.721676234158258,6.855282084640635,2000
ML,observed_plus_imputed_sensitivity,2023,OP,CT,0.4026125546423257,0.17040822361618566,0.04627297776304017,2.277960901252137,2000
ML,observed_plus_imputed_sensitivity,2023,OP,MT,0.3701698635955703,0.17787379040068407,0.0456492390215381,1.8757564676978409,2000
ML,observed_plus_imputed_sensitivity,2023,OP,ST,0.2586609452968526,0.1326136539104322,0.044807065620554636,1.5106812959789286,2000
ML,observed_plus_imputed_sensitivity,2023,Se,CT,0.9899144422627324,0.61750072747137,0.2612643618292006,3.496507866031317,2000
ML,observed_plus_imputed_sensitivity,2023,Se,MT,0.9415957453466494,0.6362587153601063,0.27513748561943463,3.034112297925815,2000
ML,observed_plus_imputed_sensitivity,2023,Se,ST,0.7879181274488032,0.5294895760281815,0.22110499765414196,2.5893657281311624,2000
ML,observed_plus_imputed_sensitivity,2023,TDS,CT,588.8405108684502,529.8341478478192,444.35765698425547,1035.8404697583105,2000
ML,observed_plus_imputed_sensitivity,2023,TDS,MT,700.9133276904739,629.6650204288139,517.3207962123009,1219.403767197917,2000
ML,observed_plus_imputed_sensitivity,2023,TDS,ST,572.22801724119,524.6413646602564,431.413221351326,949.8114736775128,2000
ML,observed_plus_imputed_sensitivity,2023,TKN,CT,17.44589644785004,10.0952557262225,1.0013823376633602,66.53801507644694,2000
ML,observed_plus_imputed_sensitivity,2023,TKN,MT,19.674869326839097,12.013982126779176,1.2372526460633422,71.40596000019843,2000
ML,observed_plus_imputed_sensitivity,2023,TKN,ST,22.525494943798314,15.566854480346988,1.0044512819180433,78.22406364037911,2000
ML,observed_plus_imputed_sensitivity,2023,TN,CT,3.4754931410016585,2.275104209151792,0.9177073198017194,12.393364335555557,2000
ML,observed_plus_imputed_sensitivity,2023,TN,MT,3.1363556430481423,2.1435197455390353,0.9776109136686592,10.287479765474977,2000
ML,observed_plus_imputed_sensitivity,2023,TN,ST,2.544098067438103,1.7480894599743957,0.7532960849856202,8.554128297290422,2000
ML,observed_plus_imputed_sensitivity,2023,TP,CT,1.4313005343123764,0.9602299417628516,0.38935108833165716,4.630212303703531,2000
ML,observed_plus_imputed_sensitivity,2023,TP,MT,0.9970903930076339,0.6246489136488372,0.34209719341868755,3.383022280230017,2000
ML,observed_plus_imputed_sensitivity,2023,TP,ST,0.5354208685458294,0.3041480438851526,0.2381052360696733,2.3783805474022786,2000
ML,observed_plus_imputed_sensitivity,2023,TSS,CT,2498.329665496119,1630.8553406034102,552.64868456835,8574.72046849478,2000
ML,observed_plus_imputed_sensitivity,2023,TSS,MT,1525.3189722484929,1104.3600991287835,433.47977814701983,4897.862519626281,2000
ML,observed_plus_imputed_sensitivity,2023,TSS,ST,2294.052735579329,1716.598457973324,530.2140063693881,6615.64407629073,2000
ML,observed_plus_imputed_sensitivity,2024,NH4,CT,1.1612802727430191,0.6228233503098721,0.17207911969663026,4.795740919266533,2000
ML,observed_plus_imputed_sensitivity,2024,NH4,MT,0.9487215883600645,0.5385505197066961,0.24985813178598051,3.8872197433207347,2000
ML,observed_plus_imputed_sensitivity,2024,NH4,ST,0.6349364327737138,0.4239764096912872,0.2640342526510569,2.63891882968681,2000
ML,observed_plus_imputed_sensitivity,2024,NO2,CT,0.026500397278670634,0.014625476020223651,0.0038383855099800687,0.14226912049494456,2000
ML,observed_plus_imputed_sensitivity,2024,NO2,MT,0.0,0.0,0.0,0.0,2000
ML,observed_plus_imputed_sensitivity,2024,NO2,ST,0.007150305,0.007150305,0.007150305,0.007150305,2000
ML,observed_plus_imputed_sensitivity,2024,NO3,CT,7.501957236291796,3.4147518660672045,1.4570298563296582,30.38548843547426,2000
ML,observed_plus_imputed_sensitivity,2024,NO3,MT,7.854702303398732,3.869893518690202,2.078045289039398,30.616806245311746,2000
ML,observed_plus_imputed_sensitivity,2024,NO3,ST,5.014165876363778,2.5499075507967577,2.407066610819551,22.01810381382045,2000
ML,observed_plus_imputed_sensitivity,2024,OP,CT,0.37356289558653066,0.21807364490358716,0.09512309562438288,1.3611610437462156,2000
ML,observed_plus_imputed_sensitivity,2024,OP,MT,0.3817433161034423,0.2194096768052135,0.14487863031270096,1.3350001144129833,2000
ML,observed_plus_imputed_sensitivity,2024,OP,ST,0.23041980997703085,0.14616411762460013,0.1393981858725864,0.813993804183791,2000
ML,observed_plus_imputed_sensitivity,2024,Se,CT,0.8660395678053217,0.5055832924468415,0.1407593848423618,3.464211531559514,2000
ML,observed_plus_imputed_sensitivity,2024,Se,MT,0.7465406277467445,0.41365042828540377,0.20761088049315513,2.9637088364109547,2000
ML,observed_plus_imputed_sensitivity,2024,Se,ST,0.5039223869580628,0.33959655437511516,0.214091625337414,1.9911300395705533,2000
ML,observed_plus_imputed_sensitivity,2024,TDS,CT,1274.7616466364466,734.4595166002377,234.9140999379327,4615.647885868733,2000
ML,observed_plus_imputed_sensitivity,2024,TDS,MT,1245.3727001383004,650.853600837507,385.82986455648694,4684.380728246867,2000
ML,observed_plus_imputed_sensitivity,2024,TDS,ST,793.0209378418327,432.4770812136998,410.039919489461,3283.6135190408627,2000
ML,observed_plus_imputed_sensitivity,2024,TKN,CT,1.8999091644939803,0.9502731607509916,0.238697906990253,8.838438232766027,2000
ML,observed_plus_imputed_sensitivity,2024,TKN,MT,0.9690069200925076,0.6510417190034373,0.48830849492178136,2.8126581684598007,2000
ML,observed_plus_imputed_sensitivity,2024,TKN,ST,0.8337567062827791,0.5819076041932798,0.5651646786094872,2.571965981830834,2000
ML,observed_plus_imputed_sensitivity,2024,TN,CT,2.7280401613931606,1.5523742490292554,0.4705316929222738,10.474737201656616,2000
ML,observed_plus_imputed_sensitivity,2024,TN,MT,2.5172861023763664,1.413002146348965,0.7275916780652111,9.625367856276783,2000
ML,observed_plus_imputed_sensitivity,2024,TN,ST,1.8640633035055825,1.2656477143119058,0.8514599799120435,7.214647872307696,2000
ML,observed_plus_imputed_sensitivity,2024,TP,CT,1.0050372524142461,0.5124641052737904,0.1226100797694251,4.760717244795908,2000
ML,observed_plus_imputed_sensitivity,2024,TP,MT,0.6104059069023423,0.3545956814444865,0.21439553527085745,2.2268623062978965,2000
ML,observed_plus_imputed_sensitivity,2024,TP,ST,0.5677611144154794,0.3819229912832482,0.3407959119026166,1.9394543905950445,2000
ML,observed_plus_imputed_sensitivity,2024,TSS,CT,1214.3233023304315,671.7032343031939,213.7163787546699,5062.587798613503,2000
ML,observed_plus_imputed_sensitivity,2024,TSS,MT,816.6111145634668,458.17886063002413,290.4594598131608,2800.780783508642,2000
ML,observed_plus_imputed_sensitivity,2024,TSS,ST,887.9542815871557,566.7493663449577,542.251156217317,3120.654403108223,2000
ML,observed_plus_imputed_sensitivity,2025,NH4,CT,0.8329371565652844,0.7461346216174924,0.5330000375932257,1.8143500518135085,2000
ML,observed_plus_imputed_sensitivity,2025,NH4,MT,0.8932807781184813,0.8442112666605064,0.6336122800732673,1.6114177277937891,2000
ML,observed_plus_imputed_sensitivity,2025,NH4,ST,0.8827423179174053,0.8291189901992124,0.6032539174557785,1.6386678974193147,2000
ML,observed_plus_imputed_sensitivity,2025,NO2,CT,0.5953613633697189,0.5325577015847653,0.4813912191074685,1.067447486588025,2000
ML,observed_plus_imputed_sensitivity,2025,NO2,MT,0.6834529902022775,0.6383803489620616,0.5970301002372216,1.1409202918278962,2000
ML,observed_plus_imputed_sensitivity,2025,NO2,ST,0.6722104741921929,0.6265526267188515,0.5851639435586236,1.214241205548113,2000
ML,observed_plus_imputed_sensitivity,2025,NO3,CT,0.31054589077243333,0.20523008120134772,0.12157555950947524,1.1705931026232124,2000
ML,observed_plus_imputed_sensitivity,2025,NO3,MT,0.2929402969164826,0.2302542157839948,0.17276400375031414,0.9908766742960511,2000
ML,observed_plus_imputed_sensitivity,2025,NO3,ST,0.26114137099795726,0.19529823589654002,0.14329834809032324,0.972689219659619,2000
ML,observed_plus_imputed_sensitivity,2025,OP,CT,0.24374771935100292,0.1863391068622208,0.13547043581617432,0.7208368125010416,2000
ML,observed_plus_imputed_sensitivity,2025,OP,MT,0.2552826284994391,0.21582981378307237,0.17579951787873263,0.6582028249883596,2000
ML,observed_plus_imputed_sensitivity,2025,OP,ST,0.24264359967605567,0.20030044705516772,0.15999043591579565,0.7156453999504138,2000
ML,observed_plus_imputed_sensitivity,2025,Se,CT,0.5831506922411499,0.536216292190655,0.38891280858959604,1.0793878638662597,2000
ML,observed_plus_imputed_sensitivity,2025,Se,MT,0.6530374832723941,0.6247443602529421,0.4721029625018143,1.085272462538692,2000
ML,observed_plus_imputed_sensitivity,2025,Se,ST,0.6486692359451114,0.6185011335424921,0.4657004482066571,1.1388722292354883,2000
ML,observed_plus_imputed_sensitivity,2025,TDS,CT,386.51475496854914,376.8096379471024,369.90047235124615,449.56640929377363,2000
ML,observed_plus_imputed_sensitivity,2025,TDS,MT,448.9374741428784,443.0335090780436,439.5158193223411,497.93315513828,2000
ML,observed_plus_imputed_sensitivity,2025,TDS,ST,459.73197984859235,453.69511269621194,450.49605434298934,512.2325979906349,2000
ML,observed_plus_imputed_sensitivity,2025,TKN,CT,1.0226201366869154,0.6524306338148063,0.45545087686522917,3.563343651910989,2000
ML,observed_plus_imputed_sensitivity,2025,TKN,MT,0.7635588168548224,0.5614794018977947,0.4609852543826411,2.5782477238880843,2000
ML,observed_plus_imputed_sensitivity,2025,TKN,ST,0.7045987832359735,0.5214848557840827,0.4373436925594757,2.36502411670197,2000
ML,observed_plus_imputed_sensitivity,2025,TN,CT,1.3711492446032119,1.2395454600321187,0.93186921512185,2.723104569543077,2000
ML,observed_plus_imputed_sensitivity,2025,TN,MT,1.4252834569920965,1.3572307770799283,1.027214235859335,2.484213650657934,2000
ML,observed_plus_imputed_sensitivity,2025,TN,ST,1.5337823288863295,1.4683822411969616,1.0801848477572464,2.6280297500761476,2000
ML,observed_plus_imputed_sensitivity,2025,TP,CT,1.210460102689353,1.1114887636177357,1.018152566362981,2.064363939257946,2000
ML,observed_plus_imputed_sensitivity,2025,TP,MT,2.576721730670247,2.513043173159181,2.448657011856612,3.2164848440373235,2000
ML,observed_plus_imputed_sensitivity,2025,TP,ST,1.8356263239011401,1.7676315336128607,1.699100976696554,2.5707231484845168,2000
ML,observed_plus_imputed_sensitivity,2025,TSS,CT,849.6965032527859,798.0521132039678,757.78041230164,1199.6581987123216,2000
ML,observed_plus_imputed_sensitivity,2025,TSS,MT,1806.9090058173817,1786.7284156666033,1777.156694302923,1991.7106209187823,2000
ML,observed_plus_imputed_sensitivity,2025,TSS,ST,1187.40627097922,1164.967934201346,1152.3699851660879,1391.0240929464435,2000
