Analyte,Treatment,method,n,MAE,RMSE,NRMSE_mean,NRMSE_range,Coverage,MeanWidth,IntervalProb,CRPS,CRPS_norm_mean
ALL,ALL,"('Bayes',)",231,105583.41553983121,354320.44399868307,1.6116641526023598,3.2314573003118356,0.3463203463203463,125687.0148262109,0.95,242185203.33478028,1977.9223200223585
ALL,ALL,"('ML',)",231,72728.09080323736,290940.2848651999,13.31798049650543,38.07065561250697,0.1038961038961039,81534.61236814893,0.95,60828800.27202591,1288.124288604355
