model_version,source,interval_prob,Year,analyte,treatment,n_events,n_rows,volume_mean,volume_low,volume_high,conc_mean,conc_low,conc_high,load_mean,load_low,load_high
v1p7,Bayes_Modeled,0.95,2011,NH4,CT,12,12,210829.53653656197,157706.6932433581,241206.00638576015,-0.09782336165383373,-0.19423338622044867,-0.013012044782453686,-20.692716429494975,-42.87731827537725,-2.373440705258063
v1p7,Bayes_Modeled,0.95,2011,NH4,MT,12,12,318377.37160146266,305829.0623582471,328145.05705209204,0.0643653380801415,-0.03831503787971094,0.1598615940116106,20.449553952103898,-12.309779410243074,51.07288371669867
v1p7,Bayes_Modeled,0.95,2011,NH4,ST,12,12,324724.8731791668,313557.29222221626,334371.7997323336,0.07393775789524923,-0.029567222559464718,0.17020172916489731,23.977616925196514,-9.714379277972409,55.322645022229345
v1p7,Bayes_Modeled,0.95,2012,NH4,CT,16,16,282715.845643317,212557.6644716593,322814.9227756923,-0.1024950300037232,-0.2001534027142553,-0.02591070314828374,-29.100953311805654,-60.93820335669756,-6.8370489198217355
v1p7,Bayes_Modeled,0.95,2012,NH4,MT,18,18,468750.082988716,447564.4057759019,483803.8284112119,0.04447326568414873,-0.05670964663894266,0.12544258480333795,20.756005196700364,-26.743882202377506,58.123506595454344
v1p7,Bayes_Modeled,0.95,2012,NH4,ST,16,16,408246.5053168301,386879.49929361837,422264.03634438,0.03890506453035992,-0.05934964486322379,0.12255657559882108,15.79161094584502,-24.724356519860592,49.1072082437979
v1p7,Bayes_Modeled,0.95,2013,NH4,CT,14,14,376464.37549299566,350090.06115129835,394458.55152103526,0.06162731175286365,-0.04778204225231452,0.15883010171952952,23.11756600270373,-18.03286893128997,60.01146948592736
v1p7,Bayes_Modeled,0.95,2013,NH4,MT,14,14,384363.4885674719,360654.2537661039,401394.36703244655,0.06525798629019966,-0.04493306829326993,0.16528051989639442,24.995799882108333,-17.150262494400877,63.52750242262688
v1p7,Bayes_Modeled,0.95,2013,NH4,ST,14,14,384363.4885674719,360654.2537661038,401394.36703244655,0.07183789288897852,-0.037542268753528854,0.16804579298556416,27.529931318064303,-14.483388810332768,65.07965870504361
v1p7,Bayes_Modeled,0.95,2014,NH4,CT,25,25,612131.4993021745,570035.794191713,638138.4418270495,0.03877805973437152,-0.006187780944490632,0.07369738704931639,23.74475997346306,-3.7801140201110903,44.75189305752475
v1p7,Bayes_Modeled,0.95,2014,NH4,MT,8,8,212279.7921857649,203922.21864256516,218790.91304856978,0.06688810110106667,0.02275642447900285,0.10367305317202455,14.196011757687854,4.817011967070487,21.704103036932807
v1p7,Bayes_Modeled,0.95,2014,NH4,ST,24,24,636839.3765572947,611766.6559276956,656372.7391457093,0.07624202113922646,0.031284616414632996,0.11065437332471165,48.54754769623667,20.062978306668583,69.4067469171695
v1p7,Bayes_Modeled,0.95,2015,NH4,CT,22,22,406226.2829927031,317353.4618109353,456934.9785996257,-0.07799733651519511,-0.12173163626869518,-0.041659531021578815,-31.47140211208327,-48.35440770315225,-17.23560518564493
v1p7,Bayes_Modeled,0.95,2015,NH4,MT,22,22,584933.1371334326,562278.4054210715,602823.968946814,0.06242321718003016,0.04483058738822884,0.08062128516588093,36.503693146538524,25.963319035478314,46.90960678282859
v1p7,Bayes_Modeled,0.95,2015,NH4,ST,22,22,591449.9054198755,570187.0284786234,609260.2006751269,0.074363678875269415,0.05148323809958655,0.09391809303258819,43.976014367167366,30.78871485575475,55.45256871352462
v1p7,Bayes_Modeled,0.95,2016,NH4,CT,8,8,153550.9358138469,131848.4267788882,172811.7881978383,0.0880496070657277,0.06764521445889651,0.11122510797256824,13.53356486488069,9.89959369608054,17.95273388080215
v1p7,Bayes_Modeled,0.95,2016,NH4,MT,8,8,159968.96518685893,139354.2252329139,178745.64836240682,0.09598787051986228,0.07600564782732636,0.11708853378452654,15.36542570417104,11.603924717911115,19.51172742682698
v1p7,Bayes_Modeled,0.95,2016,NH4,ST,8,8,159052.10384785722,138390.08379534533,177891.47449722255,0.10049375282536786,0.07985424185670578,0.12297663560591962,15.994132351411931,12.125615465018502,20.4671143238281
v1p7,Bayes_Modeled,0.95,2017,NH4,CT,30,30,632946.520366768,508814.5318587641,704327.3618753176,-0.036451148018995655,-0.11022378990982701,0.05036055543003288,-22.436507577849305,-65.51467631731937,33.275793100320676
v1p7,Bayes_Modeled,0.95,2017,NH4,MT,24,24,648541.2516339874,604374.8976692513,679110.9195035326,0.06531067198390675,0.013119968996500206,0.13798560328228082,42.459373382557125,8.112905198539025,90.72520951503266
v1p7,Bayes_Modeled,0.95,2017,NH4,ST,29,29,787105.4663739448,734841.8055750246,823654.015811291,0.07383289386841439,0.021014238856221508,0.1455075295188374,58.24372717030818,16.405879468861293,116.05547888178
v1p7,Bayes_Modeled,0.95,2018,NH4,CT,10,10,219282.39509722663,83413.86093777553,305228.2215879543,-0.0715981464346617,-0.16411200199372028,0.011845190597453988,-14.525593617919279,-27.69048927551847,2.9591180028508246
v1p7,Bayes_Modeled,0.95,2018,NH4,MT,10,10,281699.4939446508,168840.1074344754,357598.8727072142,0.038915805739931066,-0.013128515670685396,0.10667497764202605,11.369372950530815,-3.0672734275708646,33.84647127088593
v1p7,Bayes_Modeled,0.95,2018,NH4,ST,10,10,281699.4939446508,168840.10743447542,357598.8727072142,0.04549571233871002,-0.010463801894479003,0.11091328082741489,13.259342007339875,-2.1664064807697727,35.62195423445407
v1p7,Bayes_Modeled,0.95,2019,NH4,CT,2,2,81897.54287042309,78804.99810977103,84666.7495154615,0.13229519405284612,0.07461974854628395,0.19478051908849392,10.834630191088811,6.14801906216864,16.040116691548725
v1p7,Bayes_Modeled,0.95,2019,NH4,MT,2,2,81897.54287042309,78804.99810977103,84666.7495154615,0.1257152874540672,0.06664167372634022,0.18954770384871386,10.295227866602085,5.405856047477398,15.593691150065446
v1p7,Bayes_Modeled,0.95,2019,NH4,ST,2,2,81897.54287042309,78804.99810977103,84666.7495154615,0.13229519405284612,0.07461974854628395,0.19478051908849392,10.834630191088811,6.14801906216864,16.040116691548725
v1p7,Bayes_Modeled,0.95,2020,NH4,CT,20,20,538563.3296412346,519480.69948712084,554713.7536872356,0.07496846273281124,0.02697432773300324,0.1084497964640366,40.37959245473186,14.083138432172817,58.11559124696589
v1p7,Bayes_Modeled,0.95,2020,NH4,MT,20,20,531775.0293428566,511184.79741542885,548039.2369501934,0.06224625341933821,0.01634980687560493,0.09553186752522999,33.10357780455495,8.6434557401444,51.215204987973834
v1p7,Bayes_Modeled,0.95,2020,NH4,ST,20,20,542354.1986390301,523956.50364109303,558430.7047098825,0.07839857983322483,0.030632632042722076,0.11184403863190286,42.52408240261787,16.0982327525856,60.500769976259136
v1p7,Bayes_Modeled,0.95,2021,NH4,CT,31,31,545599.5026099806,408764.9541096126,623832.6588697999,-0.08272333677975756,-0.13745413958873373,-0.0330445647397527,-44.71719438149795,-71.06667049949806,-17.76279430882869
v1p7,Bayes_Modeled,0.95,2021,NH4,MT,31,31,748247.8984653924,691509.166512469,781641.8707389035,0.028995911503169852,-0.0080251174272557,0.07555755890461262,21.710302333082417,-6.064996859551165,56.4452277430059
v1p7,Bayes_Modeled,0.95,2021,NH4,ST,29,29,686935.0143423495,628953.991154023,720326.532784671,0.028039529191512015,-0.00961946718035,0.07350646909237221,19.29211515848682,-6.3994669054633455,50.084599559887685
v1p7,Bayes_Modeled,0.95,2022,NH4,CT,45,45,1102074.7300530788,1026427.516932741,1148875.2047201423,0.04052814739699199,-0.004919969199690831,0.08801623026554475,44.69167784771985,-5.347645335811934,96.58849253434393
v1p7,Bayes_Modeled,0.95,2022,NH4,MT,47,47,1174425.2141417956,1103212.032774848,1218637.8551818975,0.042837872271190236,-0.0013110166684114247,0.09332819427146735,50.31263816784008,-1.537570971875646,109.57045249852152
v1p7,Bayes_Modeled,0.95,2022,NH4,ST,47,47,1161994.6902187916,1086800.4468741748,1208916.1038438883,0.04463156896241527,-0.001013787196104758,0.0927646051050473,51.88192898049963,-1.1656650302388916,106.488015705988
v1p7,Bayes_Modeled,0.95,2023,NH4,CT,45,45,1325760.2920300083,1217584.317037148,1392954.3386061674,0.041970690957108696,-0.024381040111745883,0.11569494083333766,55.68941741050132,-33.11872569754415,156.48234521506785
v1p7,Bayes_Modeled,0.95,2023,NH4,MT,51,51,1523758.9888525333,1418095.4197742054,1591992.4210516275,0.05907163949804046,-0.008362013292562835,0.13216911402075726,90.00958959719237,-13.025598090105992,202.95448433514292
v1p7,Bayes_Modeled,0.95,2023,NH4,ST,45,45,1412840.0792991372,1335153.8329358506,1467254.3470940338,0.07709725910666337,0.010845479645488064,0.14985472605711658,108.87332444091095,15.323374048623359,212.80350775396266
v1p7,Bayes_Modeled,0.95,2024,NH4,CT,32,32,1310360.6859267694,1260879.9697563364,1354667.992247384,0.13198180106255886,0.0581715717524681,0.2217629318955667,172.9256381416023,76.61895584067585,293.898770177064
v1p7,Bayes_Modeled,0.95,2024,NH4,MT,32,32,1310360.6859267694,1260879.9697563364,1354667.992247384,0.1320656346327536,0.05832717432746633,0.22131393577931596,173.03553021482313,76.84419303032054,293.738498011663
v1p7,Bayes_Modeled,0.95,2024,NH4,ST,32,32,1310360.6859267694,1260879.9697563364,1354667.992247384,0.13210712506320724,0.05815310245407649,0.22181823506752157,173.08972928687558,76.67453509666377,294.2075121414981
v1p7,Bayes_Modeled,0.95,2025,NH4,CT,58,58,1441160.598187894,1350795.4018524492,1497347.6057951557,0.04763428214140958,-0.023331257257714056,0.1581651668466582,68.57675122101455,-34.43177481791223,229.91743582485884
v1p7,Bayes_Modeled,0.95,2025,NH4,MT,58,58,1408947.0276810448,1306150.6204048716,1469992.9087770171,0.03758324133554629,-0.03290933555405895,0.1474403075534325,52.89695100934193,-47.528190488465256,211.49481860709852
v1p7,Bayes_Modeled,0.95,2025,NH4,ST,58,58,1328157.4381559326,1197416.6225951826,1405074.3294262625,0.012375869155762652,-0.05752731687151616,0.12237036093346063,16.446553585512905,-78.48874094317593,168.10696224774222
v1p7,Bayes_Modeled,0.95,2011,ICP,CT,12,12,210829.53653656197,157706.6932433581,241206.00638576015,-0.026249869767331603,-0.2377598000730206,0.38552604875667684,-4.929307718987828,-52.553624187673954,86.65417169354305
v1p7,Bayes_Modeled,0.95,2011,ICP,MT,12,12,318377.37160146266,305829.0623582471,328145.05705209204,0.10454210306695365,-0.0032076292566422244,0.2648851510460627,33.30246545485365,-1.0443407118110002,85.41435345233742
v1p7,Bayes_Modeled,0.95,2011,ICP,ST,12,12,324724.8731791668,313557.29222221626,334371.7997323336,0.11226147978351583,0.00799675074395499,0.2646209441658562,36.46811375134195,2.602150848446053,86.05254725920263
v1p7,Bayes_Modeled,0.95,2012,ICP,CT,18,18,319901.1709915536,241778.6068624835,364595.64487754635,0.021016877065210885,-0.18100024974682194,0.4583334113819202,7.822939050540277,-59.34881921949052,151.51775325922523
v1p7,Bayes_Modeled,0.95,2012,ICP,MT,18,18,468750.082988716,447564.4057759019,483803.8284112119,0.14668241986386962,0.017853221836829875,0.34633682331696375,68.83879819909386,8.366855508272305,164.23448788096215
v1p7,Bayes_Modeled,0.95,2012,ICP,ST,16,16,408246.5053168301,386879.49929361837,422264.03634438,0.12813000313122824,-0.01193629133944344,0.32648308075200466,52.413672264475096,-4.7438451159403705,135.38248265661736
v1p7,Bayes_Modeled,0.95,2013,ICP,CT,14,14,376464.37549299566,350090.06115129835,394458.55152103526,-0.0011345208093328707,-0.11597952861084741,0.19347204669821325,-0.25120497023278876,-43.30540089470776,73.74302293205969
v1p7,Bayes_Modeled,0.95,2013,ICP,MT,14,14,384363.4885674719,360654.2537661039,401394.36703244655,0.0127628021907035,-0.10250400070004498,0.19407098708391415,5.030558634368267,-38.95989684272293,75.13906005787386
v1p7,Bayes_Modeled,0.95,2013,ICP,ST,14,14,384363.4885674719,360654.2537661038,401394.36703244655,0.007099481021666758,-0.104522527776474,0.1850524556452595,2.8648503230354123,-39.912967310328256,71.67518992715702
v1p7,Bayes_Modeled,0.95,2014,ICP,CT,25,25,612131.4993021745,570035.794191713,638138.4418270495,0.08742924122826091,-0.16606430495488697,0.3552372371335911,54.051229366955,-94.74862673659767,217.38123516306294
v1p7,Bayes_Modeled,0.95,2014,ICP,MT,8,8,212279.7921857649,203922.21864256516,218790.91304856978,0.11903895605551298,-0.1184949038628236,0.3816853294760113,25.348092408306517,-24.24054733076469,81.28629862013366
v1p7,Bayes_Modeled,0.95,2014,ICP,ST,24,24,636839.3765572947,611766.6559276956,656372.7391457093,0.11861039607121436,-0.12620345103273964,0.37899144181538813,75.78152753679962,-78.633552937348,239.9501378761317
v1p7,Bayes_Modeled,0.95,2015,ICP,CT,22,22,406226.2829927031,317353.4618109353,456934.9785996257,-0.016302882026297393,-0.3347202076621509,0.3125917492631372,-4.866433806934614,-113.79128973864718,128.22822071159104
v1p7,Bayes_Modeled,0.95,2015,ICP,MT,22,22,584933.1371334326,562278.4054210715,602823.968946814,0.10790433425341248,-0.1054362612211404,0.35606510537938296,63.30223312201298,-60.489325575625145,206.48845124854859
v1p7,Bayes_Modeled,0.95,2015,ICP,ST,22,22,591449.9054198755,570187.0284786234,609260.2006751269,0.1065638640456506,-0.10874341668108434,0.3552707244786725,63.19059357226774,-63.54276683310087,209.82564565500078
v1p7,Bayes_Modeled,0.95,2016,ICP,CT,8,8,153550.9358138469,131848.4267788882,172811.7881978383,0.10857809397726832,-0.3368354854764054,0.4305872219166255,16.84837617308576,-49.83773842776358,67.74779323616487
v1p7,Bayes_Modeled,0.95,2016,ICP,MT,8,8,159968.96518685893,139354.2252329139,178745.64836240682,0.12594913649975775,-0.33490761462470453,0.44623690396702465,20.201636690519244,-52.392174210736194,72.15335200565205
v1p7,Bayes_Modeled,0.95,2016,ICP,ST,8,8,159052.10384785722,138390.08379534533,177891.47449722255,0.11861328370879926,-0.3190555183651701,0.43719033829340276,18.962132567031073,-51.63392505624785,71.52959599834386
v1p7,Bayes_Modeled,0.95,2017,ICP,CT,30,30,632946.520366768,508814.5318587641,704327.3618753176,-0.04226525208039777,-0.42828657016449345,0.24230280286255226,-21.666473293711842,-227.09159655079276,155.9469263062053
v1p7,Bayes_Modeled,0.95,2017,ICP,MT,24,24,648541.2516339874,604374.8976692513,679110.9195035326,0.05298465953994013,-0.2811816789357199,0.2921434073445668,35.68089774798931,-174.58358653714924,186.10666816171516
v1p7,Bayes_Modeled,0.95,2017,ICP,ST,29,29,787105.4663739448,734841.8055750246,823654.015811291,0.04718116448337481,-0.2880353159845808,0.28948687640023696,38.70231207095078,-216.44831353920398,223.15594381164635
v1p7,Bayes_Modeled,0.95,2018,ICP,CT,10,10,219282.39509722663,83413.86093777553,305228.2215879543,-0.10771442152734603,-0.8931724236530896,0.28490841687636753,-12.98779635617024,-85.0355186607097,64.64485281949605
v1p7,Bayes_Modeled,0.95,2018,ICP,MT,10,10,281699.4939446508,168840.1074344754,357598.8727072142,0.01594420891146203,-0.5156411383463139,0.2607728396390894,10.445003488317067,-89.52222298766517,76.41941668529307
v1p7,Bayes_Modeled,0.95,2018,ICP,ST,10,10,281699.4939446508,168840.10743447542,357598.8727072142,0.010280887742425384,-0.5032630741861471,0.26742869224844706,8.737867512620474,-90.0971331518122,81.05057527953295
v1p7,Bayes_Modeled,0.95,2019,ICP,CT,2,2,81897.54287042309,78804.99810977103,84666.7495154615,0.006164193769241485,-0.5021604404300734,0.3824430956387458,0.6556080396508042,-40.60680463680727,31.452049731907955
v1p7,Bayes_Modeled,0.95,2019,ICP,MT,2,2,81897.54287042309,78804.99810977103,84666.7495154615,0.011827514938278206,-0.5065053121005145,0.3733111544008912,1.1165580770037764,-40.552365502893096,31.123912103570774
v1p7,Bayes_Modeled,0.95,2019,ICP,ST,2,2,81897.54287042309,78804.99810977103,84666.7495154615,0.006164193769241485,-0.5021604404300734,0.3824430956387458,0.6556080396508042,-40.60680463680727,31.452049731907955
v1p7,Bayes_Modeled,0.95,2020,ICP,CT,20,20,538563.3296412346,519480.69948712084,554713.7536872356,0.0827845435927547,-0.08694130992334217,0.2466571689667949,44.739593519906755,-46.6470209999586,133.6924654434315
v1p7,Bayes_Modeled,0.95,2020,ICP,MT,20,20,531775.0293428566,511184.79741542885,548039.2369501934,0.08349459803533067,-0.10248984705216699,0.26331467910593365,44.563951087662154,-54.33971051535369,141.08178481794945
v1p7,Bayes_Modeled,0.95,2020,ICP,ST,20,20,542354.1986390301,523956.50364109303,558430.7047098825,0.08555065358285613,-0.08437095138606487,0.24834352577672747,46.54585639843839,-45.49258646404179,134.6745946201082
v1p7,Bayes_Modeled,0.95,2021,ICP,CT,31,31,545599.5026099806,408764.9541096126,623832.6588697999,-0.027484061499350326,-0.2765316549611888,0.3620851977091571,-13.860548581091745,-160.84699348168533,205.9393126701761
v1p7,Bayes_Modeled,0.95,2021,ICP,MT,31,31,748247.8984653924,691509.166512469,781641.8707389035,0.07357789025853403,-0.13035987518642347,0.28706659207365054,54.968294928854405,-99.08894307473724,217.32466570038852
v1p7,Bayes_Modeled,0.95,2021,ICP,ST,29,29,686935.0143423495,628953.991154023,720326.532784671,0.0634009407606789,-0.1378237294605586,0.2669282088409361,43.53927303811934,-96.80258525389183,184.92153081053536
v1p7,Bayes_Modeled,0.95,2022,ICP,CT,45,45,1102074.7300530788,1026427.516932741,1148875.2047201423,0.0641000933906038,-0.08997347888242141,0.2012329954987232,70.67886536511054,-98.67700770170524,224.0237009929284
v1p7,Bayes_Modeled,0.95,2022,ICP,MT,47,47,1174425.2141417956,1103212.032774848,1218637.8551818975,0.07555776451814247,-0.07374504142235927,0.2348994880283498,88.69593636779905,-88.42347501328916,275.993905214851
v1p7,Bayes_Modeled,0.95,2022,ICP,ST,47,47,1161994.6902187916,1086800.4468741748,1208916.1038438883,0.06603475499082466,-0.08829431737135635,0.20192325337854072,76.74853374707082,-102.80182316772115,237.3229404838503
v1p7,Bayes_Modeled,0.95,2023,ICP,CT,45,45,1325760.2920300083,1217584.317037148,1392954.3386061674,-0.06902026068421721,-0.3519575741353407,0.4469693763241076,-85.43394154441938,-440.26118512930293,610.5446056189103
v1p7,Bayes_Modeled,0.95,2023,ICP,MT,51,51,1523758.9888525333,1418095.4197742054,1591992.4210516275,-0.05168840659935495,-0.31500486991078047,0.46100574244565506,-73.3236978930915,-457.1978785797463,720.4319130612217
v1p7,Bayes_Modeled,0.95,2023,ICP,ST,45,45,1412840.0792991372,1335153.8329358506,1467254.3470940338,-0.040370714150769135,-0.307443631842184,0.47758666245247827,-53.03596108445067,-414.2359602924796,687.8687044702006
v1p7,Bayes_Modeled,0.95,2024,ICP,CT,32,32,1310360.6859267694,1260879.9697563364,1354667.992247384,-0.0894922014055016,-0.5001900606265823,0.41828581758908856,-114.85149441687261,-645.4825824112909,554.5609796743361
v1p7,Bayes_Modeled,0.95,2024,ICP,MT,32,32,1310360.6859267694,1260879.9697563364,1354667.992247384,-0.0885424650673001,-0.4997850839117214,0.41938338989028867,-113.60658510047655,-645.8966586366696,554.6464780003463
v1p7,Bayes_Modeled,0.95,2024,ICP,ST,32,32,1310360.6859267694,1260879.9697563364,1354667.992247384,-0.08903994677556668,-0.49947085099488525,0.418659565086451,-114.25929116923156,-645.1334989640836,555.2511012821409
v1p7,Bayes_Modeled,0.95,2025,ICP,CT,58,58,1441160.598187894,1350795.4018524492,1497347.6057951557,-0.004237726836836394,-0.21932039385972008,0.28045440242222147,-6.139843634163733,-316.8729709262397,412.767735974503
v1p7,Bayes_Modeled,0.95,2025,ICP,MT,58,58,1408947.0276810448,1306150.6204048716,1469992.9087770171,-0.012343072389226831,-0.22835065584041542,0.2892231218345901,-17.39520389666086,-323.00123470357767,416.3801142447967
v1p7,Bayes_Modeled,0.95,2025,ICP,ST,58,58,1328157.4381559326,1197416.6225951826,1405074.3294262625,-0.03267076440950721,-0.2519084797071909,0.31120277368830856,-43.24746354796612,-337.87186458842075,418.92855468266913
v1p7,Bayes_Modeled,0.95,2011,NO3,CT,12,12,210829.53653656197,157706.6932433581,241206.00638576015,7.159903029286732,6.418054821323091,7.845250543886186,1509.0744471316327,1090.6038535145037,1781.2831151306418
v1p7,Bayes_Modeled,0.95,2011,NO3,MT,12,12,318377.37160146266,305829.0623582471,328145.05705209204,7.374595763959149,6.829789877294807,7.972685007058562,2348.03434495891,2149.656145483887,2541.1154417439247
v1p7,Bayes_Modeled,0.95,2011,NO3,ST,12,12,324724.8731791668,313557.29222221626,334371.7997323336,7.3872669857576385,6.841479232231144,7.983216299966303,2398.9292609857234,2198.229223943932,2595.1240522773824
v1p7,Bayes_Modeled,0.95,2012,NO3,CT,20,20,356927.80880034756,270804.2979483077,406258.7300995635,8.107305336799355,7.472347946942698,8.680485564765817,2892.4490940190403,2145.8073112450406,3352.563796823228
v1p7,Bayes_Modeled,0.95,2012,NO3,MT,18,18,468750.082988716,447564.4057759019,483803.8284112119,8.406928082366347,7.969062139992088,8.834202477374461,3940.8080685742398,3670.3315836327074,4202.912483991374
v1p7,Bayes_Modeled,0.95,2012,NO3,ST,17,17,435483.2309033636,413214.6401054664,450149.11254455836,8.05218103840397,7.649131118380488,8.44471040805065,3506.6747074422733,3268.3986941856924,3737.2998664929655
v1p7,Bayes_Modeled,0.95,2013,NO3,CT,14,14,376464.37549299566,350090.06115129835,394458.55152103526,7.964773203897151,7.4415526164373915,8.482507539608473,2997.9484551499922,2746.257573289447,3241.3368833794457
v1p7,Bayes_Modeled,0.95,2013,NO3,MT,14,14,384363.4885674719,360654.2537661039,401394.36703244655,8.164806464951177,7.619472173588871,8.698132236511036,3137.8596570796,2899.36541712505,3387.178850117414
v1p7,Bayes_Modeled,0.95,2013,NO3,ST,14,14,384363.4885674719,360654.2537661038,401394.36703244655,7.978289173815541,7.457333286387259,8.491652785841447,3066.1643606070475,2826.210132356503,3309.791029381458
v1p7,Bayes_Modeled,0.95,2014,NO3,CT,25,25,612131.4993021745,570035.794191713,638138.4418270495,8.538806840371352,7.993331580055495,9.099736462475253,5226.284614048733,4783.234879539201,5645.796567731141
v1p7,Bayes_Modeled,0.95,2014,NO3,MT,8,8,212279.7921857649,203922.21864256516,218790.91304856978,8.296645923200323,7.761982822361237,8.88705614353265,1761.1754608065398,1637.2144050761651,1900.5644144370951
v1p7,Bayes_Modeled,0.95,2014,NO3,ST,24,24,636839.3765572947,611766.6559276956,656372.7391457093,8.61853980852542,8.111851092781949,9.15859326633095,5488.481317646182,5133.0508176755675,5883.309070454391
v1p7,Bayes_Modeled,0.95,2015,NO3,CT,22,22,406226.2829927031,317353.4618109353,456934.9785996257,7.782410495061855,7.185953003729229,8.383271651072397,3159.300597951487,2425.150766848932,3630.452327492244
v1p7,Bayes_Modeled,0.95,2015,NO3,MT,22,22,584933.1371334326,562278.4054210715,602823.968946814,8.163515515616304,7.862367227318844,8.445733835430152,4775.069229534366,4545.242982069713,5011.325929449242
v1p7,Bayes_Modeled,0.95,2015,NO3,ST,22,22,591449.9054198755,570187.0284786234,609260.2006751269,7.984094108687822,7.661319684884463,8.30055853810099,4722.193579051384,4475.2553118840315,4966.37873481462
v1p7,Bayes_Modeled,0.95,2016,NO3,CT,8,8,153550.9358138469,131848.4267788882,172811.7881978383,4.9213830100145435,4.473232823495721,5.35215479827652,755.5648167143104,637.2674575442411,877.3180035389571
v1p7,Bayes_Modeled,0.95,2016,NO3,MT,8,8,159968.96518685893,139354.2252329139,178745.64836240682,5.12711832087789,4.6854875099045215,5.566724746699737,820.1289415015053,697.3298766932426,945.62769338975
v1p7,Bayes_Modeled,0.95,2016,NO3,ST,8,8,159052.10384785722,138390.08379534533,177891.47449722255,4.937855598352581,4.50134225409492,5.360590315364793,785.3065829201321,669.3857383064876,906.5742354072552
v1p7,Bayes_Modeled,0.95,2017,NO3,CT,30,30,632946.520366768,508814.5318587641,704327.3618753176,8.67670399209283,8.2082478468107265,9.22791114238915,5489.3657965433795,4381.972844322545,6151.171367175539
v1p7,Bayes_Modeled,0.95,2017,NO3,MT,24,24,648541.2516339874,604374.8976692513,679110.9195035326,9.020549596068742,8.646648525279407,9.361527001109064,5850.13605837933,5408.159264948845,6200.019914979775
v1p7,Bayes_Modeled,0.95,2017,NO3,ST,29,29,787105.4663739448,734841.8055750246,823654.015811291,8.820310648165936,8.494078390520812,9.138508911731396,6942.417032229383,6467.741428381136,7375.201232398831
v1p7,Bayes_Modeled,0.95,2018,NO3,CT,10,10,219282.39509722663,83413.86093777553,305228.2215879543,7.091760162702512,4.524189238857634,9.663099278761333,1547.0515267038836,628.3296135947709,2462.8798509974977
v1p7,Bayes_Modeled,0.95,2018,NO3,MT,10,10,281699.4939446508,168840.1074344754,357598.8727072142,7.244979944779874,4.515273815681352,9.834013208247203,2048.822671940289,1030.5039169331906,3098.2745101149626
v1p7,Bayes_Modeled,0.95,2018,NO3,ST,10,10,281699.4939446508,168840.10743447542,357598.8727072142,7.058462653644237,4.34120448412431,9.569188476972911,1995.9570858310287,996.8530005551727,3015.2788767975276
v1p7,Bayes_Modeled,0.95,2019,NO3,CT,2,2,81897.54287042309,78804.99810977103,84666.7495154615,8.604512390486223,6.467019902521162,10.483188296141712,704.7697829081912,531.1747366252548,860.9630457609385
v1p7,Bayes_Modeled,0.95,2019,NO3,MT,2,2,81897.54287042309,78804.99810977103,84666.7495154615,8.791029681621858,6.606993068857148,10.604528460497917,720.0452845737009,542.9022444957255,869.8320688238488
v1p7,Bayes_Modeled,0.95,2019,NO3,ST,2,2,81897.54287042309,78804.99810977103,84666.7495154615,8.604512390486223,6.467019902521162,10.483188296141712,704.7697829081912,531.1747366252548,860.9630457609385
v1p7,Bayes_Modeled,0.95,2020,NO3,CT,20,20,538563.3296412346,519480.69948712084,554713.7536872356,7.40771517117988,6.998819333004635,7.800971933613372,3989.3074478575677,3750.8162540721714,4236.176192933404
v1p7,Bayes_Modeled,0.95,2020,NO3,MT,20,20,531775.0293428566,511184.79741542885,548039.2369501934,7.654961814980523,7.2225878559815,8.074545690310655,4070.4443589448456,3832.4530299058742,4327.235884746975
v1p7,Bayes_Modeled,0.95,2020,NO3,ST,20,20,542354.1986390301,523956.50364109303,558430.7047098825,7.481115745643377,7.078585530195391,7.869369930298184,4057.216096295444,3819.2227548442124,4302.634776083347
v1p7,Bayes_Modeled,0.95,2021,NO3,CT,31,31,545599.5026099806,408764.9541096126,623832.6588697999,7.774664351928463,7.320897429323013,8.257678006299063,4239.859094113736,3156.839769810138,4907.139191584025
v1p7,Bayes_Modeled,0.95,2021,NO3,MT,31,31,748247.8984653924,691509.166512469,781641.8707389035,8.117776825790438,7.863896072911954,8.390927534404394,6074.248325989339,5578.550172623774,6420.492817267261
v1p7,Bayes_Modeled,0.95,2021,NO3,ST,29,29,686935.0143423495,628953.991154023,720326.532784671,8.295536393081862,8.044205986482918,8.57720471591488,5698.534005717008,5194.943804838559,6061.488241628145
v1p7,Bayes_Modeled,0.95,2022,NO3,CT,45,45,1102074.7300530788,1026427.516932741,1148875.2047201423,6.682918541208014,6.335588301730691,7.045299370757129,7364.189476611135,6797.550856245853,7923.5924360562185
v1p7,Bayes_Modeled,0.95,2022,NO3,MT,47,47,1174425.2141417956,1103212.032774848,1218637.8551818975,6.866928560359679,6.531273229764713,7.203373574754897,8063.9757365124015,7522.403737390131,8607.637434539956
v1p7,Bayes_Modeled,0.95,2022,NO3,ST,47,47,1161994.6902187916,1086800.4468741748,1208916.1038438883,6.6740756583247975,6.335770641889731,7.031462559677649,7754.397625603669,7187.552170656853,8319.629172832967
v1p7,Bayes_Modeled,0.95,2023,NO3,CT,45,45,1325760.2920300083,1217584.317037148,1392954.3386061674,7.4175134280873936,7.087573570527017,7.793313239956866,9832.764529998698,8924.57178253155,10591.326231434148
v1p7,Bayes_Modeled,0.95,2023,NO3,MT,51,51,1523758.9888525333,1418095.4197742054,1591992.4210516275,7.303036940463996,7.00516855616319,7.647854346053226,11127.177380098952,10245.367294962562,11903.346434016103
v1p7,Bayes_Modeled,0.95,2023,NO3,ST,45,45,1412840.0792991372,1335153.8329358506,1467254.3470940338,7.441980877326608,7.170216219245715,7.738329955324298,10513.948442399078,9844.045790706317,11122.28955543636
v1p7,Bayes_Modeled,0.95,2024,NO3,CT,32,32,1310360.6859267694,1260879.9697563364,1354667.992247384,6.747564443525674,6.501580778878971,7.027372385767847,8841.678514266334,8402.916468254032,9356.916060223815
v1p7,Bayes_Modeled,0.95,2024,NO3,MT,32,32,1310360.6859267694,1260879.9697563364,1354667.992247384,6.750005533691633,6.506491055276016,7.026131683399335,8844.880602516241,8402.742246524294,9360.38154543626
v1p7,Bayes_Modeled,0.95,2024,NO3,ST,32,32,1310360.6859267694,1260879.9697563364,1354667.992247384,6.75036249605556,6.505578878573303,7.028234957473678,8845.349491330957,8404.307902721772,9363.836732800095
v1p7,Bayes_Modeled,0.95,2025,NO3,CT,58,58,1441160.598187894,1350795.4018524492,1497347.6057951557,0.9128013225053132,0.6655441026725433,1.2180690786414092,1314.338744146484,962.2437615586393,1740.091466673282
v1p7,Bayes_Modeled,0.95,2025,NO3,MT,58,58,1408947.0276810448,1306150.6204048716,1469992.9087770171,0.8994965396168985,0.6338740420119774,1.2206522636380233,1265.8563872721604,898.6617479596856,1713.482937915082
v1p7,Bayes_Modeled,0.95,2025,NO3,ST,58,58,1328157.4381559326,1197416.6225951826,1405074.3294262625,0.8661289888808748,0.5622196705587248,1.2310261325266416,1147.8693715155566,744.503672284998,1639.292403161562
v1p7,Bayes_Modeled,0.95,2011,NOx,CT,12,12,210829.53653656197,157706.6932433581,241206.00638576015,8.07020962610567,7.53386371147332,8.583924718954515,1702.5185069357067,1241.2939233479908,1975.449836825088
v1p7,Bayes_Modeled,0.95,2011,NOx,MT,12,12,318377.37160146266,305829.0623582471,328145.05705209204,8.170951823830764,7.7037585453497774,8.57859609441481,2601.418280263448,2440.8092474667947,2758.662691617738
v1p7,Bayes_Modeled,0.95,2011,NOx,ST,12,12,324724.8731791668,313557.29222221626,334371.7997323336,8.176897654898545,7.708629109815772,8.581651532415506,2655.2318516606447,2490.8337023351614,2816.6756410021444
v1p7,Bayes_Modeled,0.95,2012,NOx,CT,16,16,282715.845643317,212557.6644716593,322814.9227756923,8.017585258321429,7.120887871770174,8.45208077636001,2265.841319171698,1687.80625586355,2605.581676007419
v1p7,Bayes_Modeled,0.95,2012,NOx,MT,18,18,468750.082988716,447564.4057759019,483803.8284112119,8.113269284428803,7.20260824441398,8.495705848319549,3802.612198195842,3380.541089577538,4029.125979152612
v1p7,Bayes_Modeled,0.95,2012,NOx,ST,16,16,408246.5053168301,386879.49929361837,422264.03634438,8.104453790822756,7.205294690092456,8.467078508973474,3308.0780092207556,2949.208190720388,3513.5837362647917
v1p7,Bayes_Modeled,0.95,2013,NOx,CT,14,14,376464.37549299566,350090.06115129835,394458.55152103526,8.125074999909668,7.541824011168304,8.873983101593641,3058.8002941185514,2799.1119532235552,3413.2267388062087
v1p7,Bayes_Modeled,0.95,2013,NOx,MT,14,14,384363.4885674719,360654.2537661039,401394.36703244655,8.128326799782103,7.51565781671276,8.86533924612154,3124.1774935604394,2856.9303443877616,3466.042617398451
v1p7,Bayes_Modeled,0.95,2013,NOx,ST,14,14,384363.4885674719,360654.2537661038,401394.36703244655,8.131417219715301,7.534700994444293,8.876905995447325,3125.3860387104064,2865.361647936249,3471.8266642914946
v1p7,Bayes_Modeled,0.95,2014,NOx,CT,25,25,612131.4993021745,570035.794191713,638138.4418270495,8.135074869036794,7.567581037175909,8.534084445867997,4978.361070680211,4598.980710726908,5270.893260547155
v1p7,Bayes_Modeled,0.95,2014,NOx,MT,8,8,212279.7921857649,203922.21864256516,218790.91304856978,8.149604766765856,7.536860587720531,8.562631361320516,1729.76178121956,1599.992654049741,1821.237588778034
v1p7,Bayes_Modeled,0.95,2014,NOx,ST,24,24,636839.3765572947,611766.6559276956,656372.7391457093,8.159409200408604,7.550215967110262,8.556825933033252,5195.545573315467,4813.989591107602,5469.087634952346
v1p7,Bayes_Modeled,0.95,2015,NOx,CT,22,22,406226.2829927031,317353.4618109353,456934.9785996257,8.092929631846925,7.677220390015573,8.485232427550283,3288.680745525954,2512.9698550896037,3726.218080127378
v1p7,Bayes_Modeled,0.95,2015,NOx,MT,22,22,584933.1371334326,562278.4054210715,602823.968946814,8.181147357677942,7.750635092103881,8.476652644456507,4785.1614969342545,4523.942711435488,5011.433057745809
v1p7,Bayes_Modeled,0.95,2015,NOx,ST,22,22,591449.9054198755,570187.0284786234,609260.2006751269,8.187567443009097,7.790024506690899,8.469083666853127,4842.309120521842,4574.44776047754,5063.480885428232
v1p7,Bayes_Modeled,0.95,2016,NOx,CT,8,8,153550.9358138469,131848.4267788882,172811.7881978383,8.227564468831186,7.770955011693562,8.833229388588249,1263.299179555216,1078.372031892763,1438.9953538735595
v1p7,Bayes_Modeled,0.95,2016,NOx,MT,8,8,159968.96518685893,139354.2252329139,178745.64836240682,8.233491892684121,7.736279512575728,8.841717370663403,1317.016004681821,1137.9060340973663,1490.3734476340087
v1p7,Bayes_Modeled,0.95,2016,NOx,ST,8,8,159052.10384785722,138390.08379534533,177891.47449722255,8.2352940492193,7.773729445725922,8.84085772673885,1309.7866314574485,1133.1759913032752,1483.7026602894975
v1p7,Bayes_Modeled,0.95,2017,NOx,CT,30,30,632946.520366768,508814.5318587641,704327.3618753176,8.021954522095037,7.572507401217722,8.523924078786061,5076.524462481406,4111.452767243117,5734.296165994237
v1p7,Bayes_Modeled,0.95,2017,NOx,MT,24,24,648541.2516339874,604374.8976692513,679110.9195035326,8.087833215158549,7.542331506793045,8.602704362237045,5244.250293299379,4854.8773207828035,5691.534099005848
v1p7,Bayes_Modeled,0.95,2017,NOx,ST,29,29,787105.4663739448,734841.8055750246,823654.015811291,8.090584121955306,7.555999022191942,8.59211913879366,6366.96282716807,5892.213261447558,6899.078213566381
v1p7,Bayes_Modeled,0.95,2018,NOx,CT,10,10,219282.39509722663,83413.86093777553,305228.2215879543,8.116118722598673,7.64235678294895,9.138538807210335,1785.4302712932927,657.3920084324432,2526.3123324154635
v1p7,Bayes_Modeled,0.95,2018,NOx,MT,10,10,281699.4939446508,168840.1074344754,357598.8727072142,8.189867489020925,7.827910762472075,9.148084451129371,2308.77011603623,1354.5728738590303,2959.610886776727
v1p7,Bayes_Modeled,0.95,2018,NOx,ST,10,10,281699.4939446508,168840.10743447542,357598.8727072142,8.192957908954124,7.849561994380775,9.15601322956601,2309.6202466559553,1357.4859707713822,2954.7988436455253
v1p7,Bayes_Modeled,0.95,2019,NOx,CT,2,2,81897.54287042309,78804.99810977103,84666.7495154615,8.212472366710134,7.793901625197052,8.635949803421115,672.6044178351939,631.8147959053487,715.4538942546419
v1p7,Bayes_Modeled,0.95,2019,NOx,MT,2,2,81897.54287042309,78804.99810977103,84666.7495154615,8.209381946776935,7.78254473924528,8.652020236503692,672.3456388533741,630.4793752103354,715.6956135653816
v1p7,Bayes_Modeled,0.95,2019,NOx,ST,2,2,81897.54287042309,78804.99810977103,84666.7495154615,8.212472366710134,7.793901625197052,8.635949803421115,672.6044178351939,631.8147959053487,715.4538942546419
v1p7,Bayes_Modeled,0.95,2020,NOx,CT,20,20,538563.3296412346,519480.69948712084,554713.7536872356,8.176780273622926,7.56023712651578,8.47479593175959,4403.4276959569615,4098.306345398791,4614.86807374198
v1p7,Bayes_Modeled,0.95,2020,NOx,MT,20,20,531775.0293428566,511184.79741542885,548039.2369501934,8.1698746120879,7.5589384755569045,8.479007316240892,4344.202535372932,4055.6765450953917,4562.957852498097
v1p7,Bayes_Modeled,0.95,2020,NOx,ST,20,20,542354.1986390301,523956.50364109303,558430.7047098825,8.17891086308888,7.56204636138736,8.476149384092755,4435.603857054811,4120.518271277329,4650.177478857794
v1p7,Bayes_Modeled,0.95,2021,NOx,CT,31,31,545599.5026099806,408764.9541096126,623832.6588697999,8.035105998130861,7.548633961278142,8.451705616896687,4386.199734569142,3214.5854351335247,5037.9808872840185
v1p7,Bayes_Modeled,0.95,2021,NOx,MT,31,31,748247.8984653924,691509.166512469,781641.8707389035,8.105496140476983,7.598139140684829,8.407744916872211,6064.6944684699,5549.7500891459395,6451.238479443681
v1p7,Bayes_Modeled,0.95,2021,NOx,ST,29,29,686935.0143423495,628953.991154023,720326.532784671,8.104985559720603,7.595118078230586,8.420357584486272,5567.464773099954,5043.4502496415425,5953.301183155026
v1p7,Bayes_Modeled,0.95,2022,NOx,CT,45,45,1102074.7300530788,1026427.516932741,1148875.2047201423,8.240051671798382,7.941799835196196,8.508234200635279,9082.795968485825,8314.640203393128,9645.084630648598
v1p7,Bayes_Modeled,0.95,2022,NOx,MT,47,47,1174425.2141417956,1103212.032774848,1218637.8551818975,8.241626241853092,7.964483988215628,8.51183378913652,9680.502006724219,8943.656315729186,10240.182326887072
v1p7,Bayes_Modeled,0.95,2022,NOx,ST,47,47,1161994.6902187916,1086800.4468741748,1208916.1038438883,8.241743746252402,7.942595609493013,8.50516902010835,9578.41954832061,8808.494921174883,10148.794228979661
v1p7,Bayes_Modeled,0.95,2023,NOx,CT,45,45,1325760.2920300083,1217584.317037148,1392954.3386061674,8.138396286714547,7.845392848177337,8.45597934926727,10791.961466247452,9757.355659318073,11611.91466228549
v1p7,Bayes_Modeled,0.95,2023,NOx,MT,51,51,1523758.9888525333,1418095.4197742054,1591992.4210516275,8.147612273032037,7.853235780396239,8.465548305556654,12416.964969564231,11405.116156868182,13265.236721025572
v1p7,Bayes_Modeled,0.95,2023,NOx,ST,45,45,1412840.0792991372,1335153.8329358506,1467254.3470940338,8.159940274243866,7.884182323406467,8.45916479314295,11529.923372596118,10767.159657142001,12223.935391671772
v1p7,Bayes_Modeled,0.95,2024,NOx,CT,32,32,1310360.6859267694,1260879.9697563364,1354667.992247384,8.180614207208272,7.699773736938405,8.5237764006916,10720.878223286603,9888.70586382565,11349.834739040052
v1p7,Bayes_Modeled,0.95,2024,NOx,MT,32,32,1310360.6859267694,1260879.9697563364,1354667.992247384,8.18107035417447,7.70075859786796,8.52393487166134,10721.4716992262,9891.266120613689,11349.440543879304
v1p7,Bayes_Modeled,0.95,2024,NOx,ST,32,32,1310360.6859267694,1260879.9697563364,1354667.992247384,8.180994570190729,7.700440702511965,8.524261785353271,10721.375807945706,9890.748874080204,11350.228002073407
v1p7,Bayes_Modeled,0.95,2025,NOx,CT,58,58,1441160.598187894,1350795.4018524492,1497347.6057951557,8.200266160056849,7.764717238963096,8.587009214373273,11820.138400481963,10763.987180245102,12648.107346046094
v1p7,Bayes_Modeled,0.95,2025,NOx,MT,58,58,1408947.0276810448,1306150.6204048716,1469992.9087770171,8.194023037435679,7.759130568338495,8.584275369767717,11547.817269380837,10402.731475934961,12408.483752966331
v1p7,Bayes_Modeled,0.95,2025,NOx,ST,58,58,1328157.4381559326,1197416.6225951826,1405074.3294262625,8.178365682290524,7.730368378442727,8.578122220081095,10866.839524012341,9470.089650389873,11797.371504090617
v1p7,Bayes_Modeled,0.95,2011,NO2,CT,12,12,210829.53653656197,157706.6932433581,241206.00638576015,0.22004715696915195,-0.17685618224670507,0.6311703466835215,47.48730731728259,-35.59621035412289,142.09954815279792
v1p7,Bayes_Modeled,0.95,2011,NO2,MT,12,12,318377.37160146266,305829.0623582471,328145.05705209204,0.23910540249680884,-0.13947996417615305,0.5792825591750481,76.31130483879899,-44.0506909752819,188.26986834203637
v1p7,Bayes_Modeled,0.95,2011,NO2,ST,12,12,324724.8731791668,313557.29222221626,334371.7997323336,0.24023022517205908,-0.13792541798187508,0.5766427106454312,78.15227032179088,-44.4861399589398,190.6186966193382
v1p7,Bayes_Modeled,0.95,2012,NO2,CT,16,16,282715.845643317,212557.6644716593,322814.9227756923,0.18043230194362408,-0.1452927699374061,0.6152496123924075,51.058458271871174,-40.720226163491205,168.76691716218306
v1p7,Bayes_Modeled,0.95,2012,NO2,MT,18,18,468750.082988716,447564.4057759019,483803.8284112119,0.2522624155432408,-0.06431103395496073,0.6298321291530423,118.17647173282205,-30.56036835025045,296.35015665659984
v1p7,Bayes_Modeled,0.95,2012,NO2,ST,16,16,408246.5053168301,386879.49929361837,422264.03634438,0.19471758250830173,-0.1320657844558625,0.5806156369644109,79.41605890675991,-53.08131707435586,236.28076075565534
v1p7,Bayes_Modeled,0.95,2013,NO2,CT,14,14,376464.37549299566,350090.06115129835,394458.55152103526,0.1617413510031809,-0.1786867066482798,0.5840337947936626,61.51764239935828,-64.67669826951351,221.20205182893682
v1p7,Bayes_Modeled,0.95,2013,NO2,MT,14,14,384363.4885674719,360654.2537661039,401394.36703244655,0.20841217643614335,-0.13667406782530925,0.6314509941546902,80.65610236406575,-52.071700655671705,244.7204454285083
v1p7,Bayes_Modeled,0.95,2013,NO2,ST,14,14,384363.4885674719,360654.2537661038,401394.36703244655,0.16294116185678117,-0.17657975974084883,0.5831827995173986,63.16932846434931,-65.41845911043518,226.95811794086245
v1p7,Bayes_Modeled,0.95,2014,NO2,CT,25,25,612131.4993021745,570035.794191713,638138.4418270495,0.12895446954609177,-0.35220819217111576,0.5153646462094464,79.60819999077741,-209.89301447002634,317.7616157099844
v1p7,Bayes_Modeled,0.95,2014,NO2,MT,8,8,212279.7921857649,203922.21864256516,218790.91304856978,0.1653637730130794,-0.3377385344557028,0.5680621552386492,35.20550475833242,-70.79473176719381,121.17635372150289
v1p7,Bayes_Modeled,0.95,2014,NO2,ST,24,24,636839.3765572947,611766.6559276956,656372.7391457093,0.13516095443838136,-0.3474205632663129,0.529083610879009,86.3715965495426,-220.85499779263816,339.1217449967658
v1p7,Bayes_Modeled,0.95,2015,NO2,CT,22,22,406226.2829927031,317353.4618109353,456934.9785996257,0.09735606502379349,-0.20457503432093754,0.3153038471761552,40.91051378864232,-75.5735069642021,132.25483277833803
v1p7,Bayes_Modeled,0.95,2015,NO2,MT,22,22,584933.1371334326,562278.4054210715,602823.968946814,0.16010060648608213,-0.12940699162371605,0.3719779169698427,93.81390803872192,-74.58672142101672,219.3466348751686
v1p7,Bayes_Modeled,0.95,2015,NO2,ST,22,22,591449.9054198755,570187.0284786234,609260.2006751269,0.11525949260486008,-0.1624877405808872,0.33582552470998905,68.29304073716874,-96.1134481208648,199.58501770172393
v1p7,Bayes_Modeled,0.95,2016,NO2,CT,8,8,153550.9358138469,131848.4267788882,172811.7881978383,0.1518264787299923,-0.44349186391465356,0.5285153701203287,23.613265145228958,-64.64035401899064,80.67649176302635
v1p7,Bayes_Modeled,0.95,2016,NO2,MT,8,8,159968.96518685893,139354.2252329139,178745.64836240682,0.1990034743668174,-0.39749775737528703,0.5833109030103774,32.04918253404327,-62.66488024055715,92.15492609268861
v1p7,Bayes_Modeled,0.95,2016,NO2,ST,8,8,159052.10384785722,138390.08379534533,177891.47449722255,0.15328874820781765,-0.4375902438950259,0.5261116459218317,24.592613559074078,-67.27780899283312,83.11588595785398
v1p7,Bayes_Modeled,0.95,2017,NO2,CT,30,30,632946.520366768,508814.5318587641,704327.3618753176,0.11020835665298312,-0.20461946917955187,0.41002735231730236,74.21700634087486,-114.94296508362616,263.74921578017484
v1p7,Bayes_Modeled,0.95,2017,NO2,MT,24,24,648541.2516339874,604374.8976692513,679110.9195035326,0.16899410476523374,-0.13655642803958823,0.5074250612322264,110.95212035261561,-84.12304309910056,329.1927635911471
v1p7,Bayes_Modeled,0.95,2017,NO2,ST,29,29,787105.4663739448,734841.8055750246,823654.015811291,0.12300905406630891,-0.16594718586666168,0.4590520663163269,98.38374599438114,-123.47821267606574,358.0015461165541
v1p7,Bayes_Modeled,0.95,2018,NO2,CT,10,10,219282.39509722663,83413.86093777553,305228.2215879543,0.13647203426085133,-0.2364784856029491,0.47547795702113305,31.196189555706685,-41.78948794972493,97.69639681610786
v1p7,Bayes_Modeled,0.95,2018,NO2,MT,10,10,281699.4939446508,168840.1074344754,357598.8727072142,0.21236959611225545,-0.10535327206130356,0.5580526722591659,58.579718864368814,-32.070425829509404,141.24275376179182
v1p7,Bayes_Modeled,0.95,2018,NO2,ST,10,10,281699.4939446508,168840.10743447542,357598.8727072142,0.16689858153289328,-0.15346862045357035,0.5223481078817984,45.716088983186694,-44.89545731675287,130.29087384803313
v1p7,Bayes_Modeled,0.95,2019,NO2,CT,2,2,81897.54287042309,78804.99810977103,84666.7495154615,0.18659676678300077,-0.2181510582176413,0.5630936391921264,15.316713163944359,-17.810078817599788,46.23471514939598
v1p7,Bayes_Modeled,0.95,2019,NO2,MT,2,2,81897.54287042309,78804.99810977103,84666.7495154615,0.23206778136236295,-0.1812334606693251,0.6055735681060468,19.042015246317934,-14.857446304125133,49.271712689586415
v1p7,Bayes_Modeled,0.95,2019,NO2,ST,2,2,81897.54287042309,78804.99810977103,84666.7495154615,0.18659676678300077,-0.2181510582176413,0.5630936391921264,15.316713163944359,-17.810078817599788,46.23471514939598
v1p7,Bayes_Modeled,0.95,2020,NO2,CT,20,20,538563.3296412346,519480.69948712084,554713.7536872356,0.0909603404727857,-0.2633221623188414,0.4798930582596051,48.99396416204304,-142.61716988458443,260.30554668515936
v1p7,Bayes_Modeled,0.95,2020,NO2,MT,20,20,531775.0293428566,511184.79741542885,548039.2369501934,0.13570959383552897,-0.2171001654173363,0.5188669240983312,72.20773929709827,-114.19492566739953,277.6252273142235
v1p7,Bayes_Modeled,0.95,2020,NO2,ST,20,20,542354.1986390301,523956.50364109303,558430.7047098825,0.09136340193141704,-0.26371747705148835,0.48171172491317854,49.54325102235277,-143.77921745494427,262.68023579056177
v1p7,Bayes_Modeled,0.95,2021,NO2,CT,31,31,545599.5026099806,408764.9541096126,623832.6588697999,0.16533563630627762,-0.17819789502798666,0.5324567644092629,94.01886931095994,-77.33872557905246,295.7910736860844
v1p7,Bayes_Modeled,0.95,2021,NO2,MT,31,31,748247.8984653924,691509.166512469,781641.8707389035,0.22470758444727426,-0.11560143122075536,0.5351697516690512,169.51726280594522,-80.1140399652887,399.37381543338614
v1p7,Bayes_Modeled,0.95,2021,NO2,ST,29,29,686935.0143423495,628953.991154023,720326.532784671,0.17899378337818989,-0.15257371027182903,0.4940756368435605,124.35449503192437,-96.81171009372781,342.6117518712447
v1p7,Bayes_Modeled,0.95,2022,NO2,CT,45,45,1102074.7300530788,1026427.516932741,1148875.2047201423,-0.050882062289971206,-0.07781495332603461,-0.024014381247188604,-56.15197485199925,-87.34404735459779,-25.82167143124204
v1p7,Bayes_Modeled,0.95,2022,NO2,MT,47,47,1174425.2141417956,1103212.032774848,1218637.8551818975,-0.006342516840810753,-0.04032186725914744,0.02553853200841863,-7.486425320449825,-47.96014223233548,29.65541357436796
v1p7,Bayes_Modeled,0.95,2022,NO2,ST,47,47,1161994.6902187916,1086800.4468741748,1208916.1038438883,-0.05237594275779806,-0.07864381223401817,-0.025524258312534142,-60.937805889245325,-92.55855423957165,-29.132124013319192
v1p7,Bayes_Modeled,0.95,2023,NO2,CT,45,45,1325760.2920300083,1217584.317037148,1392954.3386061674,-0.13149326569047318,-0.15142425548545485,-0.11076602264972363,-174.32153242729063,-203.34103404679655,-147.22620808875863
v1p7,Bayes_Modeled,0.95,2023,NO2,MT,51,51,1523758.9888525333,1418095.4197742054,1591992.4210516275,-0.12886239581772155,-0.14491221277626998,-0.10962618847804323,-196.38039046909225,-223.47104898469667,-167.25557746284096
v1p7,Bayes_Modeled,0.95,2023,NO2,ST,45,45,1412840.0792991372,1335153.8329358506,1467254.3470940338,-0.1276587062808275,-0.1502743101676954,-0.10790811688616904,-180.4193296891621,-215.78451530251772,-151.3093709420084
v1p7,Bayes_Modeled,0.95,2024,NO2,CT,32,32,1310360.6859267694,1260879.9697563364,1354667.992247384,-0.06736842858236014,-0.08718260451914106,-0.04607269484886866,-88.24014423026794,-114.8628409306736,-60.91319913516016
v1p7,Bayes_Modeled,0.95,2024,NO2,MT,32,32,1310360.6859267694,1260879.9697563364,1354667.992247384,-0.06818699850115272,-0.08846831807295141,-0.046881091625344345,-89.31314911861479,-116.39516719875355,-61.38337960054309
v1p7,Bayes_Modeled,0.95,2024,NO2,ST,32,32,1310360.6859267694,1260879.9697563364,1354667.992247384,-0.06716325854512786,-0.08721002035143356,-0.045733159825896055,-87.97100257743921,-114.57665222934708,-60.476151000015236
v1p7,Bayes_Modeled,0.95,2025,NO2,CT,58,58,1441160.598187894,1350795.4018524492,1497347.6057951557,0.6267281974897928,0.5941137216229306,0.6512141108480352,903.2589888250671,833.1799794189719,958.7923304231944
v1p7,Bayes_Modeled,0.95,2025,NO2,MT,58,58,1408947.0276810448,1306150.6204048716,1469992.9087770171,0.6255471336807801,0.5912041411283526,0.6519655698595872,881.4336648234951,804.3137285468385,941.7195767109233
v1p7,Bayes_Modeled,0.95,2025,NO2,ST,58,58,1328157.4381559326,1197416.6225951826,1405074.3294262625,0.6225851006359544,0.5807087466054696,0.6565675521916492,827.0623042042789,728.8737745142103,903.2632009063118
v1p7,Bayes_Modeled,0.95,2011,NPOC,CT,12,12,210829.53653656197,157706.6932433581,241206.00638576015,5.0427859236717545,3.254056485915836,7.58441174133422,1053.190970556581,679.7201176178678,1603.609194355009
v1p7,Bayes_Modeled,0.95,2011,NPOC,MT,12,12,318377.37160146266,305829.0623582471,328145.05705209204,6.231512193515023,4.701084483788209,8.436177970876598,1982.0338211686355,1509.9602833066544,2679.512087460548
v1p7,Bayes_Modeled,0.95,2011,NPOC,ST,12,12,324724.8731791668,313557.29222221626,334371.7997323336,6.301671131337761,4.736356890345441,8.512541720556989,2044.8808779523567,1542.5797975981588,2746.746951132275
v1p7,Bayes_Modeled,0.95,2012,NPOC,CT,16,16,282715.845643317,212557.6644716593,322814.9227756923,4.82121085766766,2.7977303227378636,7.33526186763419,1353.410651681496,766.2952631780977,2091.002212457757
v1p7,Bayes_Modeled,0.95,2012,NPOC,MT,18,18,468750.082988716,447564.4057759019,483803.8284112119,6.062721347056239,4.678381093539944,8.333266567969751,2839.081755786751,2193.555886150956,3887.7369304752
v1p7,Bayes_Modeled,0.95,2012,NPOC,ST,16,16,408246.5053168301,386879.49929361837,422264.03634438,5.853733350395287,4.4843996241501,8.182787884016303,2386.8422654276605,1844.371572611276,3332.3662913456565
v1p7,Bayes_Modeled,0.95,2013,NPOC,CT,14,14,376464.37549299566,350090.06115129835,394458.55152103526,5.239594521391736,3.4282358591724957,6.756566420862502,1975.6825489817327,1227.3533987296883,2573.0068778290615
v1p7,Bayes_Modeled,0.95,2013,NPOC,MT,14,14,384363.4885674719,360654.2537661039,401394.36703244655,5.416814836109132,3.676390205088958,6.934160573108654,2084.7070096717503,1357.4989628660965,2663.4801974095826
v1p7,Bayes_Modeled,0.95,2013,NPOC,ST,14,14,384363.4885674719,360654.2537661038,401394.36703244655,5.314430721735991,3.5767616148171175,6.8579934935622155,2045.3988105794085,1324.6177842609566,2663.9548990083595
v1p7,Bayes_Modeled,0.95,2014,NPOC,CT,25,25,612131.4993021745,570035.794191713,638138.4418270495,5.80821735907421,4.453070134820956,7.840888661552,3556.7834420075455,2578.316435123231,4780.228629661072
v1p7,Bayes_Modeled,0.95,2014,NPOC,MT,8,8,212279.7921857649,203922.21864256516,218790.91304856978,6.148583488270315,4.784357263052081,8.100292876331089,1305.4424092073418,987.6905179205089,1727.4041969136101
v1p7,Bayes_Modeled,0.95,2014,NPOC,ST,24,24,636839.3765572947,611766.6559276956,656372.7391457093,6.087631481577805,4.756843960646059,8.01652771409917,3877.6232851023897,2946.323027227468,5102.42759873075
v1p7,Bayes_Modeled,0.95,2015,NPOC,CT,22,22,406226.2829927031,317353.4618109353,456934.9785996257,5.201866584596615,3.4066510592913737,7.552557340368189,2106.8894421324453,1267.0668848955524,3138.6560855210455
v1p7,Bayes_Modeled,0.95,2015,NPOC,MT,22,22,584933.1371334326,562278.4054210715,602823.968946814,6.381658120800945,5.302028278892067,8.272526387232398,3731.405775692946,3109.0754582114105,4863.908563297691
v1p7,Bayes_Modeled,0.95,2015,NPOC,ST,22,22,591449.9054198755,570187.0284786234,609260.2006751269,6.318563011608537,5.145160050609194,8.35324852578031,3735.972435201159,3044.263711136766,4922.886954579817
v1p7,Bayes_Modeled,0.95,2016,NPOC,CT,8,8,153550.9358138469,131848.4267788882,172811.7881978383,5.955083243261484,5.372497251982553,6.5611112535669545,914.4669981200217,754.1653456863316,1062.401145802215
v1p7,Bayes_Modeled,0.95,2016,NPOC,MT,8,8,159968.96518685893,139354.2252329139,178745.64836240682,6.163875079999112,5.515821911152125,6.766476525115966,986.0511890608213,815.1916050145201,1146.8446995242543
v1p7,Bayes_Modeled,0.95,2016,NPOC,ST,8,8,159052.10384785722,138390.08379534533,177891.47449722255,6.046289862431045,5.453441355874753,6.658651518769201,961.7341050251314,802.8654091778051,1116.0334350460598
v1p7,Bayes_Modeled,0.95,2017,NPOC,CT,30,30,632946.520366768,508814.5318587641,704327.3618753176,4.455986430745755,0.6396751167632173,6.245027147525491,2850.440806694235,347.49832738753855,4040.1275947323757
v1p7,Bayes_Modeled,0.95,2017,NPOC,MT,24,24,648541.2516339874,604374.8976692513,679110.9195035326,5.3601643651345166,2.7226480828118884,6.620718765732035,3485.944565434367,1673.129274744248,4350.500823498178
v1p7,Bayes_Modeled,0.95,2017,NPOC,ST,29,29,787105.4663739448,734841.8055750246,823654.015811291,5.2678544708958555,2.591203029105344,6.446447613810918,4157.86551267623,1948.3933853640945,5163.488218622671
v1p7,Bayes_Modeled,0.95,2018,NPOC,CT,10,10,219282.39509722663,83413.86093777553,305228.2215879543,4.442542118593456,0.7899421757661298,7.057014652857731,1020.3947942264884,72.76181078002031,1802.8647015912609
v1p7,Bayes_Modeled,0.95,2018,NPOC,MT,10,10,281699.4939446508,168840.1074344754,357598.8727072142,5.465696328706175,3.3037077098805416,6.954544653537239,1563.248478587795,602.1078992469711,2396.682817358086
v1p7,Bayes_Modeled,0.95,2018,NPOC,ST,10,10,281699.4939446508,168840.10743447542,357598.8727072142,5.3633122143330345,3.264377930397371,6.845806791594377,1534.072797104161,596.3700819407286,2351.7503904153527
v1p7,Bayes_Modeled,0.95,2019,NPOC,CT,2,2,81897.54287042309,78804.99810977103,84666.7495154615,5.981222792103069,3.6473608771932264,7.584956160147971,490.3663253013669,293.0114108364214,628.0734237070867
v1p7,Bayes_Modeled,0.95,2019,NPOC,MT,2,2,81897.54287042309,78804.99810977103,84666.7495154615,6.08360690647621,3.677336882763246,7.643118509455071,498.73535981412834,296.98687447523207,632.4839447132601
v1p7,Bayes_Modeled,0.95,2019,NPOC,ST,2,2,81897.54287042309,78804.99810977103,84666.7495154615,5.981222792103069,3.6473608771932264,7.584956160147971,490.3663253013669,293.0114108364214,628.0734237070867
v1p7,Bayes_Modeled,0.95,2020,NPOC,CT,20,20,538563.3296412346,519480.69948712084,554713.7536872356,6.18989652254246,5.070025817996979,8.040119240851624,3333.3278376403428,2709.459983068419,4327.851271648431
v1p7,Bayes_Modeled,0.95,2020,NPOC,MT,20,20,531775.0293428566,511184.79741542885,548039.2369501934,6.24726198514601,5.085815298415184,8.096899953244138,3321.6135000657787,2690.263909671995,4328.489379439823
v1p7,Bayes_Modeled,0.95,2020,NPOC,ST,20,20,542354.1986390301,523956.50364109303,558430.7047098825,6.215036808595608,5.089550699396739,8.059462884377247,3370.49789754939,2741.691487935584,4370.969267835963
v1p7,Bayes_Modeled,0.95,2021,NPOC,CT,31,31,545599.5026099806,408764.9541096126,623832.6588697999,4.882291201966032,3.1884799717053114,7.557650787511649,2652.3564009081924,1603.00473252761,4115.588308181765
v1p7,Bayes_Modeled,0.95,2021,NPOC,MT,31,31,748247.8984653924,691509.166512469,781641.8707389035,5.851722856265185,4.691901868726211,8.245480552878856,4373.6811201592345,3548.665337232216,6113.212582411492
v1p7,Bayes_Modeled,0.95,2021,NPOC,ST,29,29,686935.0143423495,628953.991154023,720326.532784671,5.696595638465457,4.555305526056281,8.154504032882567,3908.2733488115,3148.9229974150094,5568.446605595268
v1p7,Bayes_Modeled,0.95,2022,NPOC,CT,45,45,1102074.7300530788,1026427.516932741,1148875.2047201423,5.9644482631884514,4.513007350617183,8.31586990635642,6561.032255216393,5030.719295070212,9065.245508399588
v1p7,Bayes_Modeled,0.95,2022,NPOC,MT,47,47,1174425.2141417956,1103212.032774848,1218637.8551818975,6.131186720915697,4.68822157051444,8.538930878759604,7189.238616417279,5578.5747978476375,9916.47892019675
v1p7,Bayes_Modeled,0.95,2022,NPOC,ST,47,47,1161994.6902187916,1086800.4468741748,1208916.1038438883,5.993723137631187,4.548394330458247,8.33624082032065,6952.6930171950535,5335.975083084735,9578.374554522252
v1p7,Bayes_Modeled,0.95,2023,NPOC,CT,45,45,1325760.2920300083,1217584.317037148,1392954.3386061674,4.698012877541631,2.1335149332694696,6.3943983402282765,6258.0621766516015,2655.8725489907724,8524.064985538484
v1p7,Bayes_Modeled,0.95,2023,NPOC,MT,51,51,1523758.9888525333,1418095.4197742054,1591992.4210516275,4.8208443790597535,2.33060831970214,6.446126246267523,7374.144309531126,3389.024325260506,9892.60123608169
v1p7,Bayes_Modeled,0.95,2023,NPOC,ST,45,45,1412840.0792991372,1335153.8329358506,1467254.3470940338,4.9546331380479085,2.6402801774368756,6.52802249981068,7020.22592335499,3586.611232367256,9288.79325556309
v1p7,Bayes_Modeled,0.95,2024,NPOC,CT,32,32,1310360.6859267694,1260879.9697563364,1354667.992247384,5.409891629784888,2.9018329083019623,6.990223425250651,7096.692890738523,3756.9961456533365,9201.011452478284
v1p7,Bayes_Modeled,0.95,2024,NPOC,MT,32,32,1310360.6859267694,1260879.9697563364,1354667.992247384,5.410494792457693,2.9203320701930915,6.9909094999440295,7097.483432347998,3766.176350575136,9203.308297584237
v1p7,Bayes_Modeled,0.95,2024,NPOC,ST,32,32,1310360.6859267694,1260879.9697563364,1354667.992247384,5.411919032038324,2.9030336097771716,6.991570779543835,7099.341483927268,3761.475517042114,9203.566969990137
v1p7,Bayes_Modeled,0.95,2025,NPOC,CT,58,58,1441160.598187894,1350795.4018524492,1497347.6057951557,5.401383911316468,3.9647282395558268,7.745350454889975,7789.15819886126,5409.157916196264,11120.787478089318
v1p7,Bayes_Modeled,0.95,2025,NPOC,MT,58,58,1408947.0276810448,1306150.6204048716,1469992.9087770171,5.327717026602591,3.8963069382222733,7.677549213356864,7512.142392588438,5124.784763000729,10744.793453378108
v1p7,Bayes_Modeled,0.95,2025,NPOC,ST,58,58,1328157.4381559326,1197416.6225951826,1405074.3294262625,5.142965157002712,3.6236017979328023,7.5275715154352065,6838.375238521055,4377.853129959361,9919.976350140525
v1p7,Bayes_Modeled,0.95,2011,OP,CT,12,12,210829.53653656197,157706.6932433581,241206.00638576015,0.20507241122338177,0.09357821889127686,0.3001680992282847,43.04796343462983,19.50555566933007,64.67926087475843
v1p7,Bayes_Modeled,0.95,2011,OP,MT,12,12,318377.37160146266,305829.0623582471,328145.05705209204,0.1619147314221656,0.08395606436350027,0.23367889588648744,51.52753143278521,26.56274811106455,74.23305062292619
v1p7,Bayes_Modeled,0.95,2011,OP,ST,12,12,324724.8731791668,313557.29222221626,334371.7997323336,0.15936755378290435,0.08083953797401656,0.23044301051853383,51.731479957121735,26.77090046748662,74.74938918574486
v1p7,Bayes_Modeled,0.95,2012,OP,CT,16,16,282715.845643317,212557.6644716593,322814.9227756923,0.2374126551300611,0.12395863549285682,0.32206880674716676,66.9513975110341,36.21094812856308,97.97283552811635
v1p7,Bayes_Modeled,0.95,2012,OP,MT,18,18,468750.082988716,447564.4057759019,483803.8284112119,0.208680858560092,0.1436384742314142,0.2734695404206182,97.79580897093967,67.34954656036868,129.2090926407761
v1p7,Bayes_Modeled,0.95,2012,OP,ST,16,16,408246.5053168301,386879.49929361837,422264.03634438,0.20291145917637027,0.13150829738938966,0.2704898042263377,82.81817228591518,53.94026146073091,111.90357608094439
v1p7,Bayes_Modeled,0.95,2013,OP,CT,14,14,376464.37549299566,350090.06115129835,394458.55152103526,0.07724229865762292,-0.0816992664924715,0.22339664415256544,28.870091886410357,-31.16808991315129,82.3066554043556
v1p7,Bayes_Modeled,0.95,2013,OP,MT,14,14,384363.4885674719,360654.2537661039,401394.36703244655,0.07735901255816025,-0.07918356125671129,0.21154912022140027,29.556639648134187,-30.793418345948364,81.11373504377622
v1p7,Bayes_Modeled,0.95,2013,OP,ST,14,14,384363.4885674719,360654.2537661038,401394.36703244655,0.07452530917574428,-0.08490299473338,0.21929222864765324,28.464901180116783,-32.57323974052172,83.26232703882205
v1p7,Bayes_Modeled,0.95,2014,OP,CT,25,25,612131.4993021745,570035.794191713,638138.4418270495,0.19579764990662044,0.1298179497543902,0.25189365686934473,119.73422619849441,80.83050847286063,153.10737047435228
v1p7,Bayes_Modeled,0.95,2014,OP,MT,12,12,318419.6882786474,305883.3279638478,328186.36957285466,0.19147105708440723,0.12810885684159182,0.24733356778504173,60.941100522510304,40.96814661991972,78.24259739777621
v1p7,Bayes_Modeled,0.95,2014,OP,ST,24,24,636839.3765572947,611766.6559276956,656372.7391457093,0.1866374660431329,0.12603531522672248,0.23924740994668206,118.81204007509079,80.51124086369325,152.44734565497333
v1p7,Bayes_Modeled,0.95,2015,OP,CT,22,22,406226.2829927031,317353.4618109353,456934.9785996257,0.10390689983049524,0.02650058409454882,0.17340003065967866,42.05881966254765,11.039808603207225,73.16177267357604
v1p7,Bayes_Modeled,0.95,2015,OP,MT,22,22,584933.1371334326,562278.4054210715,602823.968946814,0.06762444526598957,0.021813835590428467,0.11220849208415173,39.567940971477945,12.545544825871964,66.55353106921308
v1p7,Bayes_Modeled,0.95,2015,OP,ST,22,22,591449.9054198755,570187.0284786234,609260.2006751269,0.06336432240558729,0.017739817404030973,0.10692261389133224,37.494801100367475,10.324991069074972,63.77168238725706
v1p7,Bayes_Modeled,0.95,2016,OP,CT,8,8,153550.9358138469,131848.4267788882,172811.7881978383,0.04894179993484379,-0.013689850380044404,0.11509620991799843,7.527492844765052,-2.1565896220484406,18.284663610647208
v1p7,Bayes_Modeled,0.95,2016,OP,MT,8,8,159968.96518685893,139354.2252329139,178745.64836240682,0.047912283897713535,-0.01883617144397119,0.11554178878545894,7.679514381039791,-3.08163366218856,18.25721222900529
v1p7,Bayes_Modeled,0.95,2016,OP,ST,8,8,159052.10384785722,138390.08379534533,177891.47449722255,0.045630469003804144,-0.018130411966441634,0.11200607444878602,7.268497049749427,-2.8427673230773807,18.35805751223019
v1p7,Bayes_Modeled,0.95,2017,OP,CT,30,30,632946.520366768,508814.5318587641,704327.3618753176,0.0534870602260034,-0.02560717644413863,0.11790080080907954,33.347051872142316,-16.995960938406583,72.43990363345364
v1p7,Bayes_Modeled,0.95,2017,OP,MT,24,24,648541.2516339874,604374.8976692513,679110.9195035326,0.031874883908508594,-0.017277650048490426,0.081721505658173,20.56406509874186,-11.040561954472771,51.06502046307351
v1p7,Bayes_Modeled,0.95,2017,OP,ST,29,29,787105.4663739448,734841.8055750246,823654.015811291,0.02762266238031199,-0.019237722313521145,0.07529966836854823,21.61423220545662,-15.40896199826016,58.40882596126866
v1p7,Bayes_Modeled,0.95,2018,OP,CT,10,10,219282.39509722663,83413.86093777553,305228.2215879543,0.22733205262512923,0.004205007052321602,0.4575931994250808,48.16784435555823,0.8634064392129635,99.52052790211519
v1p7,Bayes_Modeled,0.95,2018,OP,MT,10,10,281699.4939446508,168840.1074344754,357598.8727072142,0.18741707924222317,-0.023876839401754973,0.401191085714353,52.461157395678796,-6.560540402287671,114.49549908857651
v1p7,Bayes_Modeled,0.95,2018,OP,ST,10,10,281699.4939446508,168840.10743447542,357598.8727072142,0.18458337585980716,-0.025247164386954936,0.39701660213137624,51.69797122177758,-6.872236296583193,114.74776550262129
v1p7,Bayes_Modeled,0.95,2019,OP,CT,2,2,81897.54287042309,78804.99810977103,84666.7495154615,0.27688110793935894,0.1368828010900032,0.42993445790354523,22.68780880381714,11.138280115842678,35.134082415218245
v1p7,Bayes_Modeled,0.95,2019,OP,MT,2,2,81897.54287042309,78804.99810977103,84666.7495154615,0.27971481132177495,0.13497670352803273,0.44141895082533666,22.92066748704089,10.8813600023948,36.17855747930088
v1p7,Bayes_Modeled,0.95,2019,OP,ST,2,2,81897.54287042309,78804.99810977103,84666.7495154615,0.27688110793935894,0.1368828010900032,0.42993445790354523,22.68780880381714,11.138280115842678,35.134082415218245
v1p7,Bayes_Modeled,0.95,2020,OP,CT,20,20,538563.3296412346,519480.69948712084,554713.7536872356,0.04334132024455359,-0.016025319212643465,0.10383873431929694,23.30964296101554,-8.628891275904033,55.68377663783734
v1p7,Bayes_Modeled,0.95,2020,OP,MT,20,20,531775.0293428566,511184.79741542885,548039.2369501934,0.0461086870738086,-0.01075946098002069,0.10708718048199731,24.473509288788193,-5.704066357726305,57.252297217146094
v1p7,Bayes_Modeled,0.95,2020,OP,ST,20,20,542354.1986390301,523956.50364109303,558430.7047098825,0.04072780605213139,-0.017444637118034904,0.10109777015045812,22.061105569796787,-9.59669728698631,54.89881235037804
v1p7,Bayes_Modeled,0.95,2021,OP,CT,31,31,545599.5026099806,408764.9541096126,623832.6588697999,0.09052808566974727,0.02183078139960114,0.14749303457861454,49.20707916587735,12.018159326850535,82.83242752086687
v1p7,Bayes_Modeled,0.95,2021,OP,MT,31,31,748247.8984653924,691509.166512469,781641.8707389035,0.06188291872695983,0.0204170235815898,0.10046471525159892,46.33672631105296,15.22261823907693,76.53421138968756
v1p7,Bayes_Modeled,0.95,2021,OP,ST,29,29,686935.0143423495,628953.991154023,720326.532784671,0.06405952577923024,0.024358647832817975,0.10206163872639959,44.026950792433944,17.144634940914564,70.26844504339739
v1p7,Bayes_Modeled,0.95,2022,OP,CT,45,45,1102074.7300530788,1026427.516932741,1148875.2047201423,0.07087467291237648,0.023018223124992944,0.11389119306238613,78.08273913130039,25.436771343432213,124.88523331281701
v1p7,Bayes_Modeled,0.95,2022,OP,MT,46,46,1149437.4436281403,1079739.43633283,1192709.3901780273,0.06846458069118493,0.02255437262771217,0.11238074438046461,78.68769313352388,26.17079606564223,129.4665135494996
v1p7,Bayes_Modeled,0.95,2022,OP,ST,47,47,1161994.6902187916,1086800.4468741748,1208916.1038438883,0.06685526123284867,0.0201295086986116,0.10892576517239919,77.67113291385277,23.9205418125513,126.71892781272471
v1p7,Bayes_Modeled,0.95,2023,OP,CT,45,45,1325760.2920300083,1217584.317037148,1392954.3386061674,0.16553847550924675,0.10848619284739208,0.20768693621594048,219.31517716909252,142.85551073136216,277.90774848342335
v1p7,Bayes_Modeled,0.95,2023,OP,MT,51,51,1523758.9888525333,1418095.4197742054,1591992.4210516275,0.14645151437744613,0.09631320825733697,0.18411742911372997,223.04003932027385,147.80049854382617,282.6543212828077
v1p7,Bayes_Modeled,0.95,2023,OP,ST,45,45,1412840.0792991372,1335153.8329358506,1467254.3470940338,0.15490526545937508,0.11252041019449469,0.18924527119449122,218.80088941600602,158.88693467134877,270.7401600059602
v1p7,Bayes_Modeled,0.95,2024,OP,CT,32,32,1310360.6859267694,1260879.9697563364,1354667.992247384,0.434926042827214,0.398336819368075,0.47481323934904046,569.9053019410338,517.3432840440552,624.8543334537949
v1p7,Bayes_Modeled,0.95,2024,OP,MT,32,32,1310360.6859267694,1260879.9697563364,1354667.992247384,0.4357675391092463,0.3990258069802349,0.4757201154000846,571.0062773691714,518.8559394598477,625.7933703410819
v1p7,Bayes_Modeled,0.95,2024,OP,ST,32,32,1310360.6859267694,1260879.9697563364,1354667.992247384,0.43542104793726155,0.3989233275444133,0.47500173523486955,570.5532512336246,518.303968509963,625.1613877258397
v1p7,Bayes_Modeled,0.95,2025,OP,CT,58,58,1441160.598187894,1350795.4018524492,1497347.6057951557,0.23460703657082735,0.19528724165058833,0.2724408176362797,338.01014005078855,281.3235552199622,393.6954374546095
v1p7,Bayes_Modeled,0.95,2025,OP,MT,58,58,1408947.0276810448,1306150.6204048716,1469992.9087770171,0.23728157309205167,0.19454741704632925,0.27601595929104633,334.1893234544123,273.67669249497783,390.85802360523684
v1p7,Bayes_Modeled,0.95,2025,OP,ST,58,58,1328157.4381559326,1197416.6225951826,1405074.3294262625,0.24398914087543958,0.19014434211266618,0.2873129664035263,323.8322442572315,252.91708226305582,384.0626907246595
v1p7,Bayes_Modeled,0.95,2011,Se,CT,12,12,210829.53653656197,157706.6932433581,241206.00638576015,0.004316324457188906,0.0021374714179873723,0.006324009969448102,0.9104333433714923,0.40509448413886384,1.3689328195012609
v1p7,Bayes_Modeled,0.95,2011,Se,MT,12,12,318377.37160146266,305829.0623582471,328145.05705209204,0.005845075634178223,0.003531550257420873,0.007943097570312687,1.8603123685456378,1.1246976164254592,2.515625808502364
v1p7,Bayes_Modeled,0.95,2011,Se,ST,12,12,324724.8731791668,313557.29222221626,334371.7997323336,0.005935302931659394,0.0035979642019625746,0.008064690693716424,1.9267323887496717,1.176237114235588,2.5973639086980675
v1p7,Bayes_Modeled,0.95,2012,Se,CT,16,16,282715.845643317,212557.6644716593,322814.9227756923,0.004395557217813977,-6.431345954410535e-4,0.007283998647968467,1.2277843181416028,-0.19321738142119835,1.8440014432634209
v1p7,Bayes_Modeled,0.95,2012,Se,MT,18,18,468750.082988716,447564.4057759019,483803.8284112119,0.00606593185063887,6.542402566000714e-4,0.008680290575081396,2.838406311176974,0.31399453717535125,4.008136426273769
v1p7,Bayes_Modeled,0.95,2012,Se,ST,16,16,408246.5053168301,386879.49929361837,422264.03634438,0.0057239397631301345,4.925028712661141e-4,0.00841908669331198,2.3314178854241967,0.20389616382192646,3.3599512403707585
v1p7,Bayes_Modeled,0.95,2013,Se,CT,14,14,376464.37549299566,350090.06115129835,394458.55152103526,0.006471631354291357,0.004429745253601522,0.008790116470743937,2.4324959477321633,1.6505382397103996,3.2470228212307886
v1p7,Bayes_Modeled,0.95,2013,Se,MT,14,14,384363.4885674719,360654.2537661039,401394.36703244655,0.006775107881107639,0.00460149216965185,0.009105926495295492,2.6009661198215515,1.7546214001551201,3.4308313774934085
v1p7,Bayes_Modeled,0.95,2013,Se,ST,14,14,384363.4885674719,360654.2537661038,401394.36703244655,0.006567873804937939,0.004499765248590951,0.008919989471835066,2.5210471152745297,1.7153970553787365,3.370099251694656
v1p7,Bayes_Modeled,0.95,2014,Se,CT,25,25,612131.4993021745,570035.794191713,638138.4418270495,0.005327584859493055,0.003579583604831027,0.007696253364513142,3.2545092304360357,2.1826622386083168,4.434736160448386
v1p7,Bayes_Modeled,0.95,2014,Se,MT,8,8,212279.7921857649,203922.21864256516,218790.91304856978,0.005845163799613409,0.004042764049934161,0.0082566411520376,1.2396139713375907,0.8566499159386701,1.6993248039329307
v1p7,Bayes_Modeled,0.95,2014,Se,ST,24,24,636839.3765572947,611766.6559276956,656372.7391457093,0.005686430476543781,0.003924390154124938,0.00818141837096843,3.617531626253811,2.479440031874322,5.031877064733595
v1p7,Bayes_Modeled,0.95,2015,Se,CT,22,22,406226.2829927031,317353.4618109353,456934.9785996257,0.004046612855105519,0.002001631217954424,0.005904377048774551,1.634709926853381,0.8280898117069706,2.2592598287639545
v1p7,Bayes_Modeled,0.95,2015,Se,MT,22,22,584933.1371334326,562278.4054210715,602823.968946814,0.005639437462927741,0.0037223968794155926,0.00759236761562462,3.2973409573483017,2.1319569068328468,4.3729410629446654
v1p7,Bayes_Modeled,0.95,2015,Se,ST,22,22,591449.9054198755,570187.0284786234,609260.2006751269,0.005482730673347498,0.003381719292231887,0.007468287554498829,3.241550987260596,1.9995444924497527,4.3879308185408945
v1p7,Bayes_Modeled,0.95,2016,Se,CT,8,8,153550.9358138469,131848.4267788882,172811.7881978383,0.007029399019490712,0.004187430534421457,0.013472258064971399,1.0802432366564343,0.6271587306342336,2.084666417566403
v1p7,Bayes_Modeled,0.95,2016,Se,MT,8,8,159968.96518685893,139354.2252329139,178745.64836240682,0.007373477830173523,0.004487081498980026,0.013930966771761323,1.1799849787802132,0.7003787968937678,2.2329089095823624
v1p7,Bayes_Modeled,0.95,2016,Se,ST,8,8,159052.10384785722,138390.08379534533,177891.47449722255,0.007146694506216237,0.004292640232176437,0.013554497565432349,1.1370436061929357,0.6771288651177383,2.1705775077888116
v1p7,Bayes_Modeled,0.95,2017,Se,CT,30,30,632946.520366768,508814.5318587641,704327.3618753176,0.004945061757017482,0.002563251414146873,0.006837119580157688,3.1348112448356176,1.6614912358758487,4.58509666421825
v1p7,Bayes_Modeled,0.95,2017,Se,MT,24,24,648541.2516339874,604374.8976692513,679110.9195035326,0.006189612327594851,0.0038819622337914255,0.007860400837216149,4.016051481353318,2.5061657944771123,5.168682103487108
v1p7,Bayes_Modeled,0.95,2017,Se,ST,29,29,787105.4663739448,734841.8055750246,823654.015811291,0.006000648606538473,0.003782523379751236,0.0076525220575886215,4.724708029260753,2.986420202296739,6.131620430721467
v1p7,Bayes_Modeled,0.95,2018,Se,CT,10,10,219282.39509722663,83413.86093777553,305228.2215879543,0.004654874268421182,0.0017874375038737333,0.007742862042580968,1.0421005082904817,0.22109137154928876,1.910281146153762
v1p7,Bayes_Modeled,0.95,2018,Se,MT,10,10,281699.4939446508,168840.1074344754,357598.8727072142,0.005951192054771255,0.003292870540233853,0.008808152717044673,1.6877323665957311,0.7029656875398305,2.693294055653885
v1p7,Bayes_Modeled,0.95,2018,Se,ST,10,10,281699.4939446508,168840.10743447542,357598.8727072142,0.005743957978601557,0.0031312974013663103,0.008673978372887171,1.6275007031692574,0.672135185014426,2.623452840749458
v1p7,Bayes_Modeled,0.95,2019,Se,CT,2,2,81897.54287042309,78804.99810977103,84666.7495154615,0.006975563981933407,0.004745534938343577,0.009908464844087046,0.5713710393531823,0.39085015954071917,0.8029426574159043
v1p7,Bayes_Modeled,0.95,2019,Se,MT,2,2,81897.54287042309,78804.99810977103,84666.7495154615,0.007182798058103106,0.004979224758299724,0.010085867859701987,0.5884063665326524,0.4055949424966247,0.8178640815559648
v1p7,Bayes_Modeled,0.95,2019,Se,ST,2,2,81897.54287042309,78804.99810977103,84666.7495154615,0.006975563981933407,0.004745534938343577,0.009908464844087046,0.5713710393531823,0.39085015954071917,0.8029426574159043
v1p7,Bayes_Modeled,0.95,2020,Se,CT,20,20,538563.3296412346,519480.69948712084,554713.7536872356,0.00497209892618415,0.00447008232325798,0.005449405765899556,2.6776086481865904,2.406747364466943,2.9552735953161653
v1p7,Bayes_Modeled,0.95,2020,Se,MT,20,20,531775.0293428566,511184.79741542885,548039.2369501934,0.005097676995048844,0.004532594361317276,0.005718344383706171,2.710817932711998,2.4037546307643822,3.0676077107531086
v1p7,Bayes_Modeled,0.95,2020,Se,ST,20,20,542354.1986390301,523956.50364109303,558430.7047098825,0.004980670216360317,0.004485747187972806,0.0054476564470192675,2.7011053705310224,2.433879092031188,2.9768904225147503
v1p7,Bayes_Modeled,0.95,2021,Se,CT,31,31,545599.5026099806,408764.9541096126,623832.6588697999,0.00509276975016207,0.00438102450664299,0.005696046168499428,2.7783366783689876,2.019454310892119,3.343391705905012
v1p7,Bayes_Modeled,0.95,2021,Se,MT,31,31,748247.8984653924,691509.166512469,781641.8707389035,0.006415062844369913,0.005960420725120392,0.006829801054077786,4.799363832172202,4.370676378713071,5.203340700903868
v1p7,Bayes_Modeled,0.95,2021,Se,ST,29,29,686935.0143423495,628953.991154023,720326.532784671,0.0061430150572512375,0.005629183545861741,0.006529183784764212,4.2185111371312765,3.821951856283285,4.5593566373174905
v1p7,Bayes_Modeled,0.95,2022,Se,CT,45,45,1102074.7300530788,1026427.516932741,1148875.2047201423,0.005354270554473054,0.004929627942557591,0.005744288892669976,5.900190060697276,5.34906641562398,6.382586410396546
v1p7,Bayes_Modeled,0.95,2022,Se,MT,47,47,1174425.2141417956,1103212.032774848,1218637.8551818975,0.005634068495038554,0.005213140003584818,0.006014711649733242,6.6169022204018315,5.962259771634516,7.159587680274079
v1p7,Bayes_Modeled,0.95,2022,Se,ST,47,47,1161994.6902187916,1086800.4468741748,1208916.1038438883,0.005381720770128269,0.004956758268824977,0.005760085813802907,6.252879448240729,5.697184899136314,6.743773882304705
v1p7,Bayes_Modeled,0.95,2023,Se,CT,45,45,1325760.2920300083,1217584.317037148,1392954.3386061674,0.0059108490277331735,0.003763680158886444,0.007658528300794141,7.827713897038905,4.983308370686066,10.22767489347568
v1p7,Bayes_Modeled,0.95,2023,Se,MT,51,51,1523758.9888525333,1418095.4197742054,1591992.4210516275,0.006047989122409981,0.003842991962529868,0.007759751174537196,9.206113050733371,5.910136106279825,11.94232847425561
v1p7,Bayes_Modeled,0.95,2023,Se,ST,45,45,1412840.0792991372,1335153.8329358506,1467254.3470940338,0.0062402179841734625,0.003995382801238117,0.0079645906726946835,8.808473135344366,5.675984235360535,11.357609348274009
v1p7,Bayes_Modeled,0.95,2024,Se,CT,32,32,1310360.6859267694,1260879.9697563364,1354667.992247384,0.006483991671424894,0.003832002389398359,0.009417703777209605,8.489839803602768,5.043839008283566,12.398556351520963
v1p7,Bayes_Modeled,0.95,2024,Se,MT,32,32,1310360.6859267694,1260879.9697563364,1354667.992247384,0.006500484310034772,0.0038478422075010187,0.009436086869627186,8.51145718443815,5.067613345151916,12.423194169690458
v1p7,Bayes_Modeled,0.95,2024,Se,ST,32,32,1310360.6859267694,1260879.9697563364,1354667.992247384,0.006486582802252709,0.003837118804505883,0.009420475580837105,8.49323265870716,5.05216417447533,12.40141666721761
v1p7,Bayes_Modeled,0.95,2025,Se,CT,58,58,1441160.598187894,1350795.4018524492,1497347.6057951557,0.005400688047195316,0.0035377581394032027,0.00879909858621019,7.783575662985883,5.032263644265087,12.662364857917002
v1p7,Bayes_Modeled,0.95,2025,Se,MT,58,58,1408947.0276810448,1306150.6204048716,1469992.9087770171,0.005305949384840084,0.0034371114087296,0.00869461157849446,7.476499077886649,4.783279880273505,12.20557247797641
v1p7,Bayes_Modeled,0.95,2025,Se,ST,58,58,1328157.4381559326,1197416.6225951826,1405074.3294262625,0.005068350834806333,0.003161519227003138,0.008427170442486321,6.7334326685173,4.1460683563422105,11.241824959960875
v1p7,Bayes_Modeled,0.95,2011,TDS,CT,12,12,210829.53653656197,157706.6932433581,241206.00638576015,1034.0486856351774,731.7952003967655,1310.8254391086393,219358.54350528852,128163.97890363482,293857.3813930871
v1p7,Bayes_Modeled,0.95,2011,TDS,MT,12,12,318377.37160146266,305829.0623582471,328145.05705209204,980.8172305351137,737.702145443828,1235.5587418475525,312322.02052497014,233204.28717749257,393953.60058062046
v1p7,Bayes_Modeled,0.95,2011,TDS,ST,12,12,324724.8731791668,313557.29222221626,334371.7997323336,977.6754960220271,735.9327330031867,1233.2833057064395,317480.249953593,237994.6620295985,400063.8962876344
v1p7,Bayes_Modeled,0.95,2012,TDS,CT,16,16,282715.845643317,212557.6644716593,322814.9227756923,990.2351104062769,733.1735763991985,1226.8155921674415,281525.2555508823,172932.02006632654,372488.9655256907
v1p7,Bayes_Modeled,0.95,2012,TDS,MT,18,18,468750.082988716,447564.4057759019,483803.8284112119,942.5392435638362,706.3240881219397,1188.4099751531849,441966.43850866664,332449.6265558173,560865.4709678994
v1p7,Bayes_Modeled,0.95,2012,TDS,ST,16,16,408246.5053168301,386879.49929361837,422264.03634438,941.9793123291694,725.1406425387052,1151.5889563209753,384745.8876927362,288883.8010741563,473617.03422556014
v1p7,Bayes_Modeled,0.95,2013,TDS,CT,14,14,376464.37549299566,350090.06115129835,394458.55152103526,929.1492725666334,693.9317419010924,1159.5246180173783,350178.0557226158,256713.60803452932,446424.20305584965
v1p7,Bayes_Modeled,0.95,2013,TDS,MT,14,14,384363.4885674719,360654.2537661039,401394.36703244655,921.9107652129794,676.3104763552678,1184.0595793016946,354724.4931605816,255431.27376373028,462806.90564035333
v1p7,Bayes_Modeled,0.95,2013,TDS,ST,14,14,384363.4885674719,360654.2537661038,401394.36703244655,925.7980890860077,690.945470793636,1157.7220754561613,356162.72649513494,262144.63219573774,453036.86169899476
v1p7,Bayes_Modeled,0.95,2014,TDS,CT,25,25,612131.4993021745,570035.794191713,638138.4418270495,928.4682410450268,737.7049102576788,1084.1920263244428,568835.3442545034,440237.11506174994,676952.4105405025
v1p7,Bayes_Modeled,0.95,2014,TDS,MT,8,8,212279.7921857649,203922.21864256516,218790.91304856978,902.4232028755272,697.532916594947,1076.5736251667545,191601.22173885274,146626.17213374117,229346.75338473078
v1p7,Bayes_Modeled,0.95,2014,TDS,ST,24,24,636839.3765572947,611766.6559276956,656372.7391457093,916.364472129151,725.4095474863777,1070.7587472708337,583680.0005465659,461806.9933599294,687030.4141457978
v1p7,Bayes_Modeled,0.95,2015,TDS,CT,22,22,406226.2829927031,317353.4618109353,456934.9785996257,948.7315971619759,708.1436232873507,1120.7458568715729,387137.1955601947,248509.6467536002,490374.85490400135
v1p7,Bayes_Modeled,0.95,2015,TDS,MT,22,22,584933.1371334326,562278.4054210715,602823.968946814,896.5977036163147,704.204480587731,1074.240572002121,524476.7767449566,411283.35042575444,629952.7766477652
v1p7,Bayes_Modeled,0.95,2015,TDS,ST,22,22,591449.9054198755,570187.0284786234,609260.2006751269,898.7256561620144,717.5243003876012,1055.3244963899247,531546.3583609895,422483.90167391463,626955.1490523613
v1p7,Bayes_Modeled,0.95,2016,TDS,CT,8,8,153550.9358138469,131848.4267788882,172811.7881978383,918.7431868957276,717.2391784064015,1125.607037201811,141088.1532801082,106624.84746872936,177556.2583018609
v1p7,Bayes_Modeled,0.95,2016,TDS,MT,8,8,159968.96518685893,139354.2252329139,178745.64836240682,910.0908990111845,678.9775764829765,1119.6769392380975,145599.86476723952,106163.68093948896,185152.6631602903
v1p7,Bayes_Modeled,0.95,2016,TDS,ST,8,8,159052.10384785722,138390.08379534533,177891.47449722255,914.658932028715,714.9196890185797,1122.3181717498542,145476.72714064826,110343.47255028665,182561.8923830249
v1p7,Bayes_Modeled,0.95,2017,TDS,CT,30,30,632946.520366768,508814.5318587641,704327.3618753176,903.0784976505192,626.4217667540908,1103.552879064186,574088.9692211763,361310.4109681522,731690.4644560793
v1p7,Bayes_Modeled,0.95,2017,TDS,MT,24,24,648541.2516339874,604374.8976692513,679110.9195035326,864.0812343450863,620.7893909133813,1043.1712208413142,561005.8316135175,390984.3963666988,686342.6031742699
v1p7,Bayes_Modeled,0.95,2017,TDS,ST,29,29,787105.4663739448,734841.8055750246,823654.015811291,867.5211007377385,652.0478153542246,1026.3390470342329,683413.8969762799,497213.7618429534,821358.8286574074
v1p7,Bayes_Modeled,0.95,2018,TDS,CT,10,10,219282.39509722663,83413.86093777553,305228.2215879543,977.5251460859705,736.115780162118,1164.8474490662913,215913.70501104178,77500.89220317558,333596.0078168652
v1p7,Bayes_Modeled,0.95,2018,TDS,MT,10,10,281699.4939446508,168840.1074344754,357598.8727072142,932.5183130164237,723.9148641521048,1117.4100740806527,263481.2626631109,144617.4883042433,370669.43341597205
v1p7,Bayes_Modeled,0.95,2018,TDS,ST,10,10,281699.4939446508,168840.10743447542,357598.8727072142,936.4056368894519,756.7340591681202,1106.923146876496,264686.57383606175,145186.20088260563,378828.55255172524
v1p7,Bayes_Modeled,0.95,2019,TDS,CT,2,2,81897.54287042309,78804.99810977103,84666.7495154615,966.598979677601,786.9982152806593,1130.5440733494756,79152.67273538224,64717.6766782964,92544.72802493538
v1p7,Bayes_Modeled,0.95,2019,TDS,MT,2,2,81897.54287042309,78804.99810977103,84666.7495154615,962.7116558045727,762.4795197563949,1138.9127142588177,78833.82834383003,62120.164417272594,93644.34389936618
v1p7,Bayes_Modeled,0.95,2019,TDS,ST,2,2,81897.54287042309,78804.99810977103,84666.7495154615,966.598979677601,786.9982152806593,1130.5440733494756,79152.67273538224,64717.6766782964,92544.72802493538
v1p7,Bayes_Modeled,0.95,2020,TDS,CT,20,20,538563.3296412346,519480.69948712084,554713.7536872356,897.8276272765928,741.3855355266469,1047.0280553183416,483532.85154762183,399203.5046167793,566328.0750789302
v1p7,Bayes_Modeled,0.95,2020,TDS,MT,20,20,531775.0293428566,511184.79741542885,548039.2369501934,895.9562497161284,725.9479170889165,1076.1995956950416,476470.8414894985,381712.3885268457,570140.8011583656
v1p7,Bayes_Modeled,0.95,2020,TDS,ST,20,20,542354.1986390301,523956.50364109303,558430.7047098825,896.7018390760701,740.0935163891704,1046.5861954538323,486309.3903708329,401214.808243026,569256.3362754203
v1p7,Bayes_Modeled,0.95,2021,TDS,CT,31,31,545599.5026099806,408764.9541096126,623832.6588697999,970.1725736346068,707.6310504167423,1152.235023238286,532733.924414945,321099.1131424942,685687.9713891172
v1p7,Bayes_Modeled,0.95,2021,TDS,MT,31,31,748247.8984653924,691509.166512469,781641.8707389035,927.4586474040169,719.5595100467428,1132.5779324970013,694832.2431824259,521243.85007151787,859978.346849352
v1p7,Bayes_Modeled,0.95,2021,TDS,ST,29,29,686935.0143423495,628953.991154023,720326.532784671,936.1967673911386,740.651509319329,1092.3131327021629,643969.1656980788,485935.8924482741,766878.584422839
v1p7,Bayes_Modeled,0.95,2022,TDS,CT,45,45,1102074.7300530788,1026427.516932741,1148875.2047201423,916.1893753428906,713.2104312977704,1082.0077011739531,1010738.2653372127,756519.6823753702,1213190.018328542
v1p7,Bayes_Modeled,0.95,2022,TDS,MT,47,47,1174425.2141417956,1103212.032774848,1218637.8551818975,909.1586954090603,696.9385365058938,1123.471468740514,1068673.4856964827,797000.2262243784,1325521.7792502097
v1p7,Bayes_Modeled,0.95,2022,TDS,ST,47,47,1161994.6902187916,1086800.4468741748,1208916.1038438883,914.616886538632,713.92318146191,1080.2811307997142,1063744.4902493586,802639.8653525084,1276529.0310344608
v1p7,Bayes_Modeled,0.95,2023,TDS,CT,45,45,1325760.2920300083,1217584.317037148,1392954.3386061674,1240.1124155510297,1122.4617228668785,1295.0787173437561,1646251.0063924359,1383198.4346644233,1780376.0101796333
v1p7,Bayes_Modeled,0.95,2023,TDS,MT,51,51,1523758.9888525333,1418095.4197742054,1591992.4210516275,1231.7299144777087,1118.599094608316,1283.0673332938059,1878812.8755238084,1607745.9311590102,2018021.42612694
v1p7,Bayes_Modeled,0.95,2023,TDS,ST,45,45,1412840.0792991372,1335153.8329358506,1467254.3470940338,1231.2347682405825,1123.5387171730736,1283.4736710180468,1740815.7693987875,1518362.3859442538,1856547.7879842736
v1p7,Bayes_Modeled,0.95,2024,TDS,CT,32,32,1310360.6859267694,1260879.9697563364,1354667.992247384,1171.9897445867382,1101.6333186861893,1213.022056095938,1535930.2237710312,1411914.752842792,1613805.579594268
v1p7,Bayes_Modeled,0.95,2024,TDS,MT,32,32,1310360.6859267694,1260879.9697563364,1354667.992247384,1172.3409226454783,1102.171090277668,1213.5341983344047,1536394.6282723194,1411739.810964202,1614185.7849755338
v1p7,Bayes_Modeled,0.95,2024,TDS,ST,32,32,1310360.6859267694,1260879.9697563364,1354667.992247384,1172.027850915299,1101.800255118399,1212.9330833662675,1535980.6803728053,1411389.7257330234,1614163.5488517843
v1p7,Bayes_Modeled,0.95,2025,TDS,CT,58,58,1441160.598187894,1350795.4018524492,1497347.6057951557,802.0696706121074,712.0861497105749,848.3878778376595,1156960.3790533876,973541.0558499503,1245813.1432489709
v1p7,Bayes_Modeled,0.95,2025,TDS,MT,58,58,1408947.0276810448,1306150.6204048716,1469992.9087770171,805.3684918508484,713.7333104257386,851.2125736645695,1136005.866129686,945830.5652960108,1226506.1269058897
v1p7,Bayes_Modeled,0.95,2025,TDS,ST,58,58,1328157.4381559326,1197416.6225951826,1405074.3294262625,813.641726068643,713.71128906418,862.1724717838435,1082595.0056865572,869101.8615267007,1187619.1691190377
v1p7,Bayes_Modeled,0.95,2011,TKN,CT,12,12,210829.53653656197,157706.6932433581,241206.00638576015,0.46825434070213706,-1.842312999375817,2.3305919345028863,92.36686851991018,-395.1865443897409,486.0035572347425
v1p7,Bayes_Modeled,0.95,2011,TKN,MT,12,12,318377.37160146266,305829.0623582471,328145.05705209204,1.9727749320636383,-0.34247304714143717,3.9821006206556904,626.5037106439979,-110.93132530890652,1248.0385854357155
v1p7,Bayes_Modeled,0.95,2011,TKN,ST,12,12,324724.8731791668,313557.29222221626,334371.7997323336,2.061572133993296,-0.2573891920216293,4.083695070057835,668.2003670072847,-84.92647785473676,1310.1489705281667
v1p7,Bayes_Modeled,0.95,2012,TKN,CT,16,16,282715.845643317,212557.6644716593,322814.9227756923,0.5059543985821976,-1.7581601400808236,2.198503382943544,144.09378185406513,-443.5457110768738,644.8193473751539
v1p7,Bayes_Modeled,0.95,2012,TKN,MT,18,18,468750.082988716,447564.4057759019,483803.8284112119,2.388189995201673,0.21741265261666542,4.023776628394785,1119.6256086404198,97.25122338425072,1895.5886760381907
v1p7,Bayes_Modeled,0.95,2012,TKN,ST,16,16,408246.5053168301,386879.49929361837,422264.03634438,1.8070992866602187,-0.3910197200071791,3.5214534475297077,737.9499764159028,-153.53282070726812,1434.471946814785
v1p7,Bayes_Modeled,0.95,2013,TKN,CT,14,14,376464.37549299566,350090.06115129835,394458.55152103526,2.330536896150788,1.6997383372207422,2.9331960873492156,876.679360492702,638.6708482969655,1106.6134989626735
v1p7,Bayes_Modeled,0.95,2013,TKN,MT,14,14,384363.4885674719,360654.2537661039,401394.36703244655,2.8454256508891813,2.2423005224596864,3.4575567284950353,1093.032711971783,857.7460600996634,1328.1292137718076
v1p7,Bayes_Modeled,0.95,2013,TKN,ST,14,14,384363.4885674719,360654.2537661038,401394.36703244655,2.425253911542423,1.7860036854252836,3.030845330395363,931.5588075547435,689.5553230292121,1166.9867922855342
v1p7,Bayes_Modeled,0.95,2014,TKN,CT,25,25,612131.4993021745,570035.794191713,638138.4418270495,2.255405112152407,1.5849734887632128,2.9631128430645455,1379.2089225611562,973.0850548700707,1796.4135193152206
v1p7,Bayes_Modeled,0.95,2014,TKN,MT,8,8,212279.7921857649,203922.21864256516,218790.91304856978,2.9439606567764987,2.2583307235844785,3.692798157758478,624.793686162189,482.3666151904538,782.892758790037
v1p7,Bayes_Modeled,0.95,2014,TKN,ST,24,24,636839.3765572947,611766.6559276956,656372.7391457093,2.6144306015224297,1.9533420793462248,3.3677598274699014,1664.5778548539145,1236.7634020827447,2127.518947958206
v1p7,Bayes_Modeled,0.95,2015,TKN,CT,22,22,406226.2829927031,317353.4618109353,456934.9785996257,-1.2173489235285022,-1.663425924093922,-0.7467896223232763,-494.500978083965,-696.6846585474623,-287.0218572387174
v1p7,Bayes_Modeled,0.95,2015,TKN,MT,22,22,584933.1371334326,562278.4054210715,602823.968946814,0.5664518467846993,0.21638286908539286,0.9308037784051717,331.2089206424774,124.2455358040866,545.9515132486333
v1p7,Bayes_Modeled,0.95,2015,TKN,ST,22,22,591449.9054198755,570187.0284786234,609260.2006751269,0.1960065405185496,-0.1611343641191718,0.5287500041162851,115.93572603020527,-95.34540067844682,311.5378692793307
v1p7,Bayes_Modeled,0.95,2016,TKN,CT,8,8,153550.9358138469,131848.4267788882,172811.7881978383,-0.05698028360770526,-0.4799506912982455,0.358884040220006,-8.521079562214311,-73.1547393283977,55.802609016273706
v1p7,Bayes_Modeled,0.95,2016,TKN,MT,8,8,159968.96518685893,139354.2252329139,178745.64836240682,0.49786721199903483,0.05014780482662646,0.9068422128346498,79.79599208408696,8.064926724740994,147.85031212177512
v1p7,Bayes_Modeled,0.95,2016,TKN,ST,8,8,159052.10384785722,138390.08379534533,177891.47449722255,0.05845607890085095,-0.36307525079563796,0.47457392853550134,9.513597530799405,-56.626178800071266,76.29166910622052
v1p7,Bayes_Modeled,0.95,2017,TKN,CT,30,30,632946.520366768,508814.5318587641,704327.3618753176,-0.48474058626721184,-0.812440473026198,-0.09963110078925072,-308.15328939072026,-535.869125110091,-61.78347261271905
v1p7,Bayes_Modeled,0.95,2017,TKN,MT,24,24,648541.2516339874,604374.8976692513,679110.9195035326,0.9589397945191946,0.6672643036443047,1.2797318312014578,621.0242464021494,433.69000793898095,825.1194503705104
v1p7,Bayes_Modeled,0.95,2017,TKN,ST,29,29,787105.4663739448,734841.8055750246,823654.015811291,0.5623301104579242,0.26890987390492904,0.8829892929373206,441.5989554217028,212.14913724962008,692.5216212657367
v1p7,Bayes_Modeled,0.95,2018,TKN,CT,10,10,219282.39509722663,83413.86093777553,305228.2215879543,-0.1550743727295468,-3.252060051660898,2.0059455525959753,-13.653820256016727,-487.733470681924,509.6199172366787
v1p7,Bayes_Modeled,0.95,2018,TKN,MT,10,10,281699.4939446508,168840.1074344754,357598.8727072142,1.3169422177401562,-1.7065453540621207,3.5678646870133517,385.646414732408,-340.698867559355,1065.0401033390465
v1p7,Bayes_Modeled,0.95,2018,TKN,ST,10,10,281699.4939446508,168840.10743447542,357598.8727072142,0.8967704783933982,-2.259092146924962,3.096311000578379,267.22014583832095,-456.3458984737422,947.4618862324617
v1p7,Bayes_Modeled,0.95,2019,TKN,CT,2,2,81897.54287042309,78804.99810977103,84666.7495154615,1.8009379846481708,-0.7389043240642033,4.265204359542151,147.5807222008909,-60.258551452603,345.2671326247656
v1p7,Bayes_Modeled,0.95,2019,TKN,MT,2,2,81897.54287042309,78804.99810977103,84666.7495154615,2.221109723994929,-0.3032244485725196,4.61136071629215,181.98417130515745,-24.92327060879815,377.51499065679525
v1p7,Bayes_Modeled,0.95,2019,TKN,ST,2,2,81897.54287042309,78804.99810977103,84666.7495154615,1.8009379846481708,-0.7389043240642033,4.265204359542151,147.5807222008909,-60.258551452603,345.2671326247656
v1p7,Bayes_Modeled,0.95,2020,TKN,CT,20,20,538563.3296412346,519480.69948712084,554713.7536872356,-0.034175133675761596,-0.351257368378999,0.29972794679261405,-18.36208793379985,-186.24796009497481,160.5429368951673
v1p7,Bayes_Modeled,0.95,2020,TKN,MT,20,20,531775.0293428566,511184.79741542885,548039.2369501934,0.3150394334937766,-0.04970015815126845,0.6865508054704585,167.47268102399403,-26.42731089885111,359.91438581540365
v1p7,Bayes_Modeled,0.95,2020,TKN,ST,20,20,542354.1986390301,523956.50364109303,558430.7047098825,-0.016335103923324074,-0.32769281431331926,0.3164568511803073,-8.800167170191083,-177.08833914012453,169.87728359322273
v1p7,Bayes_Modeled,0.95,2021,TKN,CT,31,31,545599.5026099806,408764.9541096126,623832.6588697999,0.35660839512457493,0.03451413850214024,0.6829270652941801,193.69687655751744,19.690503204974988,373.1334303373424
v1p7,Bayes_Modeled,0.95,2021,TKN,MT,31,31,748247.8984653924,691509.166512469,781641.8707389035,1.8741655549853538,1.593547687811309,2.164286166099182,1401.0631581607565,1210.6268406321583,1599.813473879737
v1p7,Bayes_Modeled,0.95,2021,TKN,ST,29,29,686935.0143423495,628953.991154023,720326.532784671,1.387012551042458,1.1267169497787974,1.6591126405743974,951.6717397987204,773.6845509139791,1116.735595903834
v1p7,Bayes_Modeled,0.95,2022,TKN,CT,45,45,1102074.7300530788,1026427.516932741,1148875.2047201423,-0.26398480392157553,-0.506833005787454,-0.010092799990037513,-291.6856952417392,-566.5128842030073,-10.88649907847073
v1p7,Bayes_Modeled,0.95,2022,TKN,MT,47,47,1174425.2141417956,1103212.032774848,1218637.8551818975,0.20977162757642667,-0.058420092315893665,0.5022468331425471,245.40765113486384,-70.13873503529808,577.4632849766739
v1p7,Bayes_Modeled,0.95,2022,TKN,ST,47,47,1161994.6902187916,1086800.4468741748,1208916.1038438883,-0.25479871273516064,-0.500137419557659,0.001116202827424462,-296.86035408178475,-586.1487247877587,1.263890182109785
v1p7,Bayes_Modeled,0.95,2023,TKN,CT,45,45,1325760.2920300083,1217584.317037148,1392954.3386061674,0.335527490924632,0.07075308384142336,0.5813716138145252,443.38381270108806,95.10850574763833,763.4732815569419
v1p7,Bayes_Modeled,0.95,2023,TKN,MT,51,51,1523758.9888525333,1418095.4197742054,1591992.4210516275,0.5001098244798854,0.2467073230162255,0.7216240032606467,760.4772795029571,382.2446199296287,1103.800761679839
v1p7,Bayes_Modeled,0.95,2023,TKN,ST,45,45,1412840.0792991372,1335153.8329358506,1467254.3470940338,0.6721852529826271,0.4245954792801182,0.9092567506679965,948.4688460640335,600.1824403545165,1254.9741840085767
v1p7,Bayes_Modeled,0.95,2024,TKN,CT,32,32,1310360.6859267694,1260879.9697563364,1354667.992247384,0.4239559827128141,0.14594716628895346,0.690317566424711,555.900157302152,192.15438421905952,907.9786923322177
v1p7,Bayes_Modeled,0.95,2024,TKN,MT,32,32,1310360.6859267694,1260879.9697563364,1354667.992247384,0.450150092820992,0.17356010658231238,0.7162124241078027,590.2471287227546,228.95205837408992,944.2696761672871
v1p7,Bayes_Modeled,0.95,2024,TKN,ST,32,32,1310360.6859267694,1260879.9697563364,1354667.992247384,0.4265578161040262,0.1502235660141646,0.6917527221040168,559.3095521056428,197.78479473543794,910.0070531745084
v1p7,Bayes_Modeled,0.95,2025,TKN,CT,58,58,1441160.598187894,1350795.4018524492,1497347.6057951557,-0.4463836869048908,-0.649817794314566,-0.2433650241785798,-643.3657927763115,-944.1466746243532,-352.5843199137346
v1p7,Bayes_Modeled,0.95,2025,TKN,MT,58,58,1408947.0276810448,1306150.6204048716,1469992.9087770171,-0.5396207489310331,-0.7472936950745023,-0.33434673936920134,-760.2809355964293,-1062.593887001725,-469.86000972819954
v1p7,Bayes_Modeled,0.95,2025,TKN,ST,58,58,1328157.4381559326,1197416.6225951826,1405074.3294262625,-0.7734533806791315,-1.0079915282774072,-0.5531123625773499,-1026.920878187777,-1359.4179636766762,-725.7589642012431
v1p7,Bayes_Modeled,0.95,2011,TN,CT,12,12,210829.53653656197,157706.6932433581,241206.00638576015,0.5769267474618912,-0.5604058676170754,1.8290603967388956,125.3705250371113,-109.19603838927593,416.69511927544386
v1p7,Bayes_Modeled,0.95,2011,TN,MT,12,12,318377.37160146266,305829.0623582471,328145.05705209204,4.51919095834861,3.692270107640965,5.350034001593418,1438.6953103236722,1178.5346736432207,1696.2945458397799
v1p7,Bayes_Modeled,0.95,2011,TN,ST,12,12,324724.8731791668,313557.29222221626,334371.7997323336,4.751864431349991,3.900863177534121,5.607996364309206,1542.9960815885177,1269.8962051046637,1814.4191182714942
v1p7,Bayes_Modeled,0.95,2012,TN,CT,18,18,319901.1709915536,241778.6068624835,364595.64487754635,-2.3234132376674697,-3.5471208370009126,-1.1877604928385883,-737.2526762154655,-1107.0436433276348,-400.6890702091819
v1p7,Bayes_Modeled,0.95,2012,TN,MT,18,18,468750.082988716,447564.4057759019,483803.8284112119,1.3540322638342832,0.5559795515257947,2.132657262519131,634.3277997557158,261.75907373376026,998.7569221308552
v1p7,Bayes_Modeled,0.95,2012,TN,ST,16,16,408246.5053168301,386879.49929361837,422264.03634438,1.2817906756916748,0.41720326479798153,2.1130240005685126,523.1483373150883,170.2615625584319,856.289616249385
v1p7,Bayes_Modeled,0.95,2013,TN,CT,14,14,376464.37549299566,350090.06115129835,394458.55152103526,4.406960581360914,-1.568959919847934,10.654361896421486,1660.1167452909208,-594.707378126918,3973.869325840258
v1p7,Bayes_Modeled,0.95,2013,TN,MT,14,14,384363.4885674719,360654.2537661039,401394.36703244655,4.556072305404395,-1.4005614913736317,11.006021764106704,1751.853414858613,-535.5445738352635,4214.313368133232
v1p7,Bayes_Modeled,0.95,2013,TN,ST,14,14,384363.4885674719,360654.2537661038,401394.36703244655,4.655145619229052,-1.2816184421113754,10.880957804706743,1789.8327892414043,-498.08451217293026,4150.812774422033
v1p7,Bayes_Modeled,0.95,2014,TN,CT,25,25,612131.4993021745,570035.794191713,638138.4418270495,3.408704631254241,2.7810888364764743,4.098298865437898,2086.2767300670284,1693.0054184272076,2562.756873967676
v1p7,Bayes_Modeled,0.95,2014,TN,MT,12,12,318419.6882786474,305883.3279638478,328186.36957285466,4.234398971903429,3.4971608034377972,4.898097184767133,1348.0666283586354,1114.1861007931348,1570.7980592504418
v1p7,Bayes_Modeled,0.95,2014,TN,ST,24,24,636839.3765572947,611766.6559276956,656372.7391457093,4.304337489739489,3.7045313221797063,4.980745860953311,2740.7868561531054,2352.544311492521,3188.961829601185
v1p7,Bayes_Modeled,0.95,2015,TN,CT,22,22,406226.2829927031,317353.4618109353,456934.9785996257,4.6040557241039455,3.7797558637812703,5.336587764084161,1874.3009863379102,1360.3202119331224,2381.6347083067703
v1p7,Bayes_Modeled,0.95,2015,TN,MT,22,22,584933.1371334326,562278.4054210715,602823.968946814,8.078071377337146,7.592855495683136,8.556442957290344,4724.566467377144,4420.359479103022,5055.203264399958
v1p7,Bayes_Modeled,0.95,2015,TN,ST,22,22,591449.9054198755,570187.0284786234,609260.2006751269,8.307441836042578,7.685006045535102,8.820286589825123,4913.0235031612665,4528.744781773406,5269.96819978165
v1p7,Bayes_Modeled,0.95,2016,TN,CT,8,8,153550.9358138469,131848.4267788882,172811.7881978383,3.955322479605039,3.3395166865716543,4.623735289948695,607.8251419088225,477.91576814955863,753.9931287508637
v1p7,Bayes_Modeled,0.95,2016,TN,MT,8,8,159968.96518685893,139354.2252329139,178745.64836240682,4.209137266499143,3.500717285113277,4.996454369078318,673.834680465563,536.6573563220495,843.5131917787553
v1p7,Bayes_Modeled,0.95,2016,TN,ST,8,8,159052.10384785722,138390.08379534533,177891.47449722255,4.257797994506836,3.649526369171273,4.915418229843916,677.5519698161296,541.3486423372804,825.6602297023911
v1p7,Bayes_Modeled,0.95,2017,TN,CT,30,30,632946.520366768,508814.5318587641,704327.3618753176,3.367047091273706,-0.9918621834378185,8.423170136287226,2123.5402898247544,-653.0350053770851,5468.254549873033
v1p7,Bayes_Modeled,0.95,2017,TN,MT,24,24,648541.2516339874,604374.8976692513,679110.9195035326,5.925368926043408,1.202210224977405,10.956237399095333,3837.7024643595023,794.3185549145919,7136.8806933143605
v1p7,Bayes_Modeled,0.95,2017,TN,ST,29,29,787105.4663739448,734841.8055750246,823654.015811291,6.054586284015933,1.653925469110181,11.221098163070575,4759.474185602121,1322.384501027055,8827.340628811358
v1p7,Bayes_Modeled,0.95,2018,TN,CT,10,10,219282.39509722663,83413.86093777553,305228.2215879543,0.559414250802868,-3.628031588024204,4.548887366864486,122.95891885073176,-881.9458060358947,984.9758904760643
v1p7,Bayes_Modeled,0.95,2018,TN,MT,10,10,281699.4939446508,168840.1074344754,357598.8727072142,3.3077828464008845,-0.7668308456635122,7.481138846239659,923.3518800634474,-247.89582513872315,2082.7853906313408
v1p7,Bayes_Modeled,0.95,2018,TN,ST,10,10,281699.4939446508,168840.10743447542,357598.8727072142,3.4068561602255443,-0.7610089096309689,7.650606594638165,950.6391070311215,-219.78778814719004,2161.5678221323456
v1p7,Bayes_Modeled,0.95,2019,TN,CT,2,2,81897.54287042309,78804.99810977103,84666.7495154615,6.142471774329154,0.3379722763358522,11.423079637548561,502.6088581186379,28.215029776490432,937.05410267546
v1p7,Bayes_Modeled,0.95,2019,TN,MT,2,2,81897.54287042309,78804.99810977103,84666.7495154615,6.043398460504497,0.4013741642275774,11.395309424434302,494.4840197333374,33.126977037909306,927.8865494745418
v1p7,Bayes_Modeled,0.95,2019,TN,ST,2,2,81897.54287042309,78804.99810977103,84666.7495154615,6.142471774329154,0.3379722763358522,11.423079637548561,502.6088581186379,28.215029776490432,937.05410267546
v1p7,Bayes_Modeled,0.95,2020,TN,CT,20,20,538563.3296412346,519480.69948712084,554713.7536872356,6.18196213585281,1.7244326483357,11.259088807321952,3333.5942254953675,918.0349468087045,6093.138167073506
v1p7,Bayes_Modeled,0.95,2020,TN,MT,20,20,531775.0293428566,511184.79741542885,548039.2369501934,5.9335900101856,1.4658783945789784,10.984127526557502,3160.397340870714,790.3518053604573,5892.484727940045
v1p7,Bayes_Modeled,0.95,2020,TN,ST,20,20,542354.1986390301,523956.50364109303,558430.7047098825,6.265336797011638,1.8113111805753466,11.334820968338478,3401.756409894239,974.1533637260402,6173.036162421131
v1p7,Bayes_Modeled,0.95,2021,TN,CT,31,31,545599.5026099806,408764.9541096126,623832.6588697999,0.6760283055916504,-3.3465709425281847,4.1497117282433695,412.7216841056895,-1842.3717842176673,2431.096041145862
v1p7,Bayes_Modeled,0.95,2021,TN,MT,31,31,748247.8984653924,691509.166512469,781641.8707389035,3.4524113289423832,-0.3965044887611986,6.71721268993433,2598.5336333138653,-300.4668715848578,5079.480255321056
v1p7,Bayes_Modeled,0.95,2021,TN,ST,29,29,686935.0143423495,628953.991154023,720326.532784671,3.374182618646671,-0.32732342223920224,6.7063952700275635,2333.599217050758,-228.2092789864146,4727.339929365049
v1p7,Bayes_Modeled,0.95,2022,TN,CT,45,45,1102074.7300530788,1026427.516932741,1148875.2047201423,4.571450122184095,1.9497539403094708,7.45519002907945,5053.511112091725,2138.6740964706314,8189.300541941585
v1p7,Bayes_Modeled,0.95,2022,TN,MT,47,47,1174425.2141417956,1103212.032774848,1218637.8551818975,4.681908762472681,1.9102558663674891,7.7355764457748215,5512.121354366756,2231.6420811800494,9042.60434582303
v1p7,Bayes_Modeled,0.95,2022,TN,ST,47,47,1161994.6902187916,1086800.4468741748,1208916.1038438883,4.664645339796649,2.050702089237789,7.572188376016943,5435.290894525662,2380.883008746899,8760.00639760891
v1p7,Bayes_Modeled,0.95,2023,TN,CT,45,45,1325760.2920300083,1217584.317037148,1392954.3386061674,5.135342679145286,-2.233934473748948,10.113481515305537,6813.28383756926,-3020.0441258685496,13758.888493889885
v1p7,Bayes_Modeled,0.95,2023,TN,MT,51,51,1523758.9888525333,1418095.4197742054,1591992.4210516275,5.604464733571644,-1.8244576541556994,10.465864540283468,8545.237843356852,-2811.982671433193,16344.115379326304
v1p7,Bayes_Modeled,0.95,2023,TN,ST,45,45,1412840.0792991372,1335153.8329358506,1467254.3470940338,5.9937811178823415,-1.3583975747551575,10.860895190108558,8473.106910445487,-1930.9042716206818,15651.603575922665
v1p7,Bayes_Modeled,0.95,2024,TN,CT,32,32,1310360.6859267694,1260879.9697563364,1354667.992247384,7.362005767259376,0.6070336949570305,13.173491117224664,9657.00355948586,800.3885903310934,17282.675548784777
v1p7,Bayes_Modeled,0.95,2024,TN,MT,32,32,1310360.6859267694,1260879.9697563364,1354667.992247384,7.3663708995312005,0.6224373610241254,13.155063173583542,9662.775597097489,825.633765354004,17256.160162130604
v1p7,Bayes_Modeled,0.95,2024,TN,ST,32,32,1310360.6859267694,1260879.9697563364,1354667.992247384,7.36871666026044,0.6201743510462029,13.17577762268982,9665.775601356028,811.0601676009287,17286.771149103326
v1p7,Bayes_Modeled,0.95,2025,TN,CT,58,58,1441160.598187894,1350795.4018524492,1497347.6057951557,3.875767921427606,-2.119711455625745,12.675460052340767,5623.637103838092,-3094.8283169148117,18565.30458655313
v1p7,Bayes_Modeled,0.95,2025,TN,MT,58,58,1408947.0276810448,1306150.6204048716,1469992.9087770171,3.6314607747761523,-2.37510506346644,12.398438471121317,5159.58404215435,-3388.525752818953,17790.375880615924
v1p7,Bayes_Modeled,0.95,2025,TN,ST,58,58,1328157.4381559326,1197416.6225951826,1405074.3294262625,3.0187539625391855,-2.987467134052149,11.720417456718797,4065.757575851316,-4037.6331026210237,15957.512568863707
v1p7,Bayes_Modeled,0.95,2011,TP,CT,12,12,210829.53653656197,157706.6932433581,241206.00638576015,3.16834038893697,2.0021116332659337,4.459273373748752,668.0873112166205,399.0857318200864,975.3433958689802
v1p7,Bayes_Modeled,0.95,2011,TP,MT,12,12,318377.37160146266,305829.0623582471,328145.05705209204,1.6395753818413372,0.7185564838475372,2.6271304267546007,522.2608961323702,226.0045028708695,840.1010721009823
v1p7,Bayes_Modeled,0.95,2011,TP,ST,12,12,324724.8731791668,313557.29222221626,334371.7997323336,1.5493472681036449,0.6099426146724927,2.5453273410301103,503.3455257764906,197.67920086419412,832.7062011413167
v1p7,Bayes_Modeled,0.95,2012,TP,CT,18,18,319901.1709915536,241778.6068624835,364595.64487754635,2.9388481902484975,1.8896224097738459,4.000810316805216,939.4552968110651,576.6017954565871,1357.4175052538112
v1p7,Bayes_Modeled,0.95,2012,TP,MT,18,18,468750.082988716,447564.4057759019,483803.8284112119,1.4745992805909913,0.704132643526596,2.291435621795928,691.3126414015478,326.58623339443284,1077.0450962954048
v1p7,Bayes_Modeled,0.95,2012,TP,ST,16,16,408246.5053168301,386879.49929361837,422264.03634438,1.542873980613304,0.787675213380495,2.3271586367061325,629.8439144171869,316.3525512254179,962.1119250677646
v1p7,Bayes_Modeled,0.95,2013,TP,CT,14,14,376464.37549299566,350090.06115129835,394458.55152103526,0.8126312981662849,-0.07999255706358764,1.61450472535107,305.6706207413418,-30.679782911628372,607.0095960343688
v1p7,Bayes_Modeled,0.95,2013,TP,MT,14,14,384363.4885674719,360654.2537661039,401394.36703244655,0.6740042814591037,-0.2520360770299165,1.5661761551608055,259.0284367535507,-96.1856882279759,593.4406626737609
v1p7,Bayes_Modeled,0.95,2013,TP,ST,14,14,384363.4885674719,360654.2537661038,401394.36703244655,0.7163879768460801,-0.18257520140140718,1.5410857147772858,275.11789887917723,-71.34869347882935,589.7336830005436
v1p7,Bayes_Modeled,0.95,2014,TP,CT,25,25,612131.4993021745,570035.794191713,638138.4418270495,1.7267261651831496,1.037885965271144,2.5115056755013025,1057.0425236265005,626.4430911926556,1536.4771370076764
v1p7,Bayes_Modeled,0.95,2014,TP,MT,12,12,318419.6882786474,305883.3279638478,328186.36957285466,1.3802167781115908,0.6775916718478594,2.17906019081755,439.5977255419717,214.96042201948012,695.7881643858306
v1p7,Bayes_Modeled,0.95,2014,TP,ST,24,24,636839.3765572947,611766.6559276956,656372.7391457093,1.3914105524810396,0.7518792902182424,2.177286809775241,886.2015878613149,479.17141554830005,1391.7844141197113
v1p7,Bayes_Modeled,0.95,2015,TP,CT,22,22,406226.2829927031,317353.4618109353,456934.9785996257,2.2390741622341768,1.1456594735483074,3.2271525368103475,910.6354519284075,456.3882040854678,1377.6498192569375
v1p7,Bayes_Modeled,0.95,2015,TP,MT,22,22,584933.1371334326,562278.4054210715,602823.968946814,0.8110874002153744,0.08168975274766777,1.5886548291176528,475.01392892178137,46.80715591322875,930.7814579528895
v1p7,Bayes_Modeled,0.95,2015,TP,ST,22,22,591449.9054198755,570187.0284786234,609260.2006751269,0.8029433519092425,-0.026388843127435745,1.5593261446207918,475.3001464397374,-15.255441362228906,929.4992970370251
v1p7,Bayes_Modeled,0.95,2016,TP,CT,8,8,153550.9358138469,131848.4267788882,172811.7881978383,0.5053383316885125,-0.3998088520893731,1.3906426111072685,77.50153590880271,-59.96634443963538,214.81021628670334
v1p7,Bayes_Modeled,0.95,2016,TP,MT,8,8,159968.96518685893,139354.2252329139,178745.64836240682,0.32610866379936904,-0.55699069884694,1.2352407795890439,52.21231580369599,-87.65711421915391,198.5520932333406
v1p7,Bayes_Modeled,0.95,2016,TP,ST,8,8,159052.10384785722,138390.08379534533,177891.47449722255,0.38804178382951143,-0.535232680600982,1.2672657006728127,61.609479916738024,-84.20702521807773,201.2970256189439
v1p7,Bayes_Modeled,0.95,2017,TP,CT,30,30,632946.520366768,508814.5318587641,704327.3618753176,1.3577819310562702,0.5466005686888141,2.2208814754970008,858.803940691919,337.1969108651899,1464.09898464712
v1p7,Bayes_Modeled,0.95,2017,TP,MT,24,24,648541.2516339874,604374.8976692513,679110.9195035326,0.3725065507012012,-0.22715386145167288,0.9736812012511188,241.92404031422416,-148.04737535893042,639.3557806944907
v1p7,Bayes_Modeled,0.95,2017,TP,ST,29,29,787105.4663739448,734841.8055750246,823654.015811291,0.38380125938070486,-0.20546010669792777,0.9726462222028743,302.10587025393414,-162.55396799482676,756.1053058483737
v1p7,Bayes_Modeled,0.95,2018,TP,CT,10,10,219282.39509722663,83413.86093777553,305228.2215879543,2.251852604426485,0.33026083556987645,4.095447779716942,496.04450652978915,61.90378550976151,1049.6960677016314
v1p7,Bayes_Modeled,0.95,2018,TP,MT,10,10,281699.4939446508,168840.1074344754,357598.8727072142,1.1373082921899134,-0.6298184814930446,3.0014006564723843,323.8077593563612,-173.6920727730676,908.1546611658157
v1p7,Bayes_Modeled,0.95,2018,TP,ST,10,10,281699.4939446508,168840.10743447542,357598.8727072142,1.1796919875768888,-0.581594130692441,3.007490353363599,335.48449722212274,-150.04449399791955,901.445306120251
v1p7,Bayes_Modeled,0.95,2019,TP,CT,2,2,81897.54287042309,78804.99810977103,84666.7495154615,0.6344839437185746,-0.7561191368724237,2.4090465410503565,52.03597536370082,-62.17726896397323,198.3106700326864
v1p7,Bayes_Modeled,0.95,2019,TP,MT,2,2,81897.54287042309,78804.99810977103,84666.7495154615,0.5921002483315985,-0.7815217587894531,2.405230182332578,48.59083037458559,-63.27386209828205,196.10664465679025
v1p7,Bayes_Modeled,0.95,2019,TP,ST,2,2,81897.54287042309,78804.99810977103,84666.7495154615,0.6344839437185746,-0.7561191368724237,2.4090465410503565,52.03597536370082,-62.17726896397323,198.3106700326864
v1p7,Bayes_Modeled,0.95,2020,TP,CT,20,20,538563.3296412346,519480.69948712084,554713.7536872356,0.8573536401437999,0.21935643198465932,1.55366224983254,461.6569035308711,118.60236288018565,837.0615300609568
v1p7,Bayes_Modeled,0.95,2020,TP,MT,20,20,531775.0293428566,511184.79741542885,548039.2369501934,0.8733967064729252,0.17196643378619905,1.5711220639608066,464.4487870098348,91.67296381272183,841.7386089453089
v1p7,Bayes_Modeled,0.95,2020,TP,ST,20,20,542354.1986390301,523956.50364109303,558430.7047098825,0.825552288122209,0.1906746004017584,1.529416634116835,447.67969871816183,103.69273466483894,829.3635421454792
v1p7,Bayes_Modeled,0.95,2021,TP,CT,31,31,545599.5026099806,408764.9541096126,623832.6588697999,1.6180710924588633,0.9352889347536439,2.4232129815808903,881.0380104289586,498.2381563524398,1353.7588995147075
v1p7,Bayes_Modeled,0.95,2021,TP,MT,31,31,748247.8984653924,691509.166512469,781641.8707389035,0.4606182914635736,-0.09984344184824752,1.0056775130437003,344.8612065561976,-75.12158268441874,762.8045354936417
v1p7,Bayes_Modeled,0.95,2021,TP,ST,29,29,686935.0143423495,628953.991154023,720326.532784671,0.6277893202000902,0.06401662004396834,1.1930102021228641,430.9986768845577,42.60939477613134,819.4577486868316
v1p7,Bayes_Modeled,0.95,2022,TP,CT,45,45,1102074.7300530788,1026427.516932741,1148875.2047201423,0.6290051502684417,0.1080898778166357,1.1751464249395878,692.9214326775023,118.08542077427629,1282.6957681182994
v1p7,Bayes_Modeled,0.95,2022,TP,MT,47,47,1174425.2141417956,1103212.032774848,1218637.8551818975,0.47442718070536777,-0.09246169128051485,1.0290994115666574,557.4410566753304,-108.50230816270673,1205.592866995321
v1p7,Bayes_Modeled,0.95,2022,TP,ST,47,47,1161994.6902187916,1086800.4468741748,1208916.1038438883,0.56192493296119,0.04042518531672608,1.094904970385338,652.7068472881424,46.76229779342749,1265.9372175395833
v1p7,Bayes_Modeled,0.95,2023,TP,CT,45,45,1325760.2920300083,1217584.317037148,1392954.3386061674,1.5485025345835168,0.9277151346843402,2.0966246579428756,2052.782873180248,1245.1605952685204,2809.4386910521944
v1p7,Bayes_Modeled,0.95,2023,TP,MT,51,51,1523758.9888525333,1418095.4197742054,1591992.4210516275,1.3283009451321237,0.7513047277964425,1.8643337999345517,2024.0567321839555,1149.1522174467457,2843.2204808241077
v1p7,Bayes_Modeled,0.95,2023,TP,ST,45,45,1412840.0792991372,1335153.8329358506,1467254.3470940338,1.213691501110464,0.6699041566161021,1.6877293264296576,1714.7224795017962,957.2297567845578,2400.8984924073593
v1p7,Bayes_Modeled,0.95,2024,TP,CT,32,32,1310360.6859267694,1260879.9697563364,1354667.992247384,1.4795763708730794,0.9906802969907581,1.9584231906192326,1938.2726634782957,1299.2527826553132,2561.8650153476165
v1p7,Bayes_Modeled,0.95,2024,TP,MT,32,32,1310360.6859267694,1260879.9697563364,1354667.992247384,1.5021855141000566,1.0139026611695048,1.9834644537161124,1967.8932735232818,1332.7789802907644,2595.5235015183985
v1p7,Bayes_Modeled,0.95,2024,TP,ST,32,32,1310360.6859267694,1260879.9697563364,1354667.992247384,1.4863564882051927,0.9986663014097621,1.9646428404911198,1947.1481654452818,1312.913032232002,2577.2586009066035
v1p7,Bayes_Modeled,0.95,2025,TP,CT,58,58,1441160.598187894,1350795.4018524492,1497347.6057951557,3.4631619166551983,3.0107934404382872,3.859779984931252,4990.813720536402,4317.083786162775,5583.191516378153
v1p7,Bayes_Modeled,0.95,2025,TP,MT,58,58,1408947.0276810448,1306150.6204048716,1469992.9087770171,3.5579014360797765,3.099964136872175,3.972272372310508,5012.622786215225,4318.738434302089,5647.445813843749
v1p7,Bayes_Modeled,0.95,2025,TP,ST,58,58,1328157.4381559326,1197416.6225951826,1405074.3294262625,3.795502135589033,3.292498735498431,4.2722889119113425,5040.385052256621,4293.865253623309,5798.532230998764
v1p7,Bayes_Modeled,0.95,2011,TSP,CT,12,12,210829.53653656197,157706.6932433581,241206.00638576015,-0.21740285411309027,-0.41368417957770853,0.03888836767804786,-46.14123478065879,-89.47394601444458,7.695182871405629
v1p7,Bayes_Modeled,0.95,2011,TSP,MT,12,12,318377.37160146266,305829.0623582471,328145.05705209204,0.032932591780093674,-0.16272722660929817,0.256548969174389,10.427516317693987,-51.39979903916517,81.93479332039098
v1p7,Bayes_Modeled,0.95,2011,TSP,ST,12,12,324724.8731791668,313557.29222221626,334371.7997323336,0.04770745579110198,-0.14877882842542628,0.2723774537951645,15.456580820896228,-48.29824474420452,88.83294220926294
v1p7,Bayes_Modeled,0.95,2012,TSP,CT,16,16,282715.845643317,212557.6644716593,322814.9227756923,-0.24123493830581785,-0.4381856570264384,0.02160486132636316,-69.2999541167934,-128.5211905176958,5.529161767404885
v1p7,Bayes_Modeled,0.95,2012,TSP,MT,18,18,468750.082988716,447564.4057759019,483803.8284112119,0.03053149327034664,-0.1761219563125322,0.3063568642109221,14.09571970515362,-83.81978094080262,139.3231096765487
v1p7,Bayes_Modeled,0.95,2012,TSP,ST,16,16,408246.5053168301,386879.49929361837,422264.03634438,-0.023300944001044693,-0.22427024257645864,0.23138299871274753,-9.788118956894408,-91.41866789180412,92.15752947157088
v1p7,Bayes_Modeled,0.95,2013,TSP,CT,14,14,376464.37549299566,350090.06115129835,394458.55152103526,-0.05543024371855636,-0.5201387161590304,0.2159836977147102,-21.28487997840606,-199.7480708692896,81.28680772660647
v1p7,Bayes_Modeled,0.95,2013,TSP,MT,14,14,384363.4885674719,360654.2537661039,401394.36703244655,-0.006025113657436013,-0.4898196510748106,0.2807425956076741,-2.671519013201957,-191.7982890975444,109.093823370336
v1p7,Bayes_Modeled,0.95,2013,TSP,ST,14,14,384363.4885674719,360654.2537661038,401394.36703244655,-0.0396703887734809,-0.5034281486603364,0.2284514325427075,-15.622094159064247,-197.0213418721715,88.01388860331929
v1p7,Bayes_Modeled,0.95,2014,TSP,CT,25,25,612131.4993021745,570035.794191713,638138.4418270495,0.008975796141645495,-0.0828844006141825,0.11117370337300767,5.362451967999036,-50.76342186887521,66.64502052088932
v1p7,Bayes_Modeled,0.95,2014,TSP,MT,8,8,212279.7921857649,203922.21864256516,218790.91304856978,0.0958919288584381,-0.015838676355350648,0.21497577970600262,20.3356293194729,-3.4413199361820035,45.28907652575897
v1p7,Bayes_Modeled,0.95,2014,TSP,ST,24,24,636839.3765572947,611766.6559276956,656372.7391457093,0.06739686365444023,-0.017815988143504914,0.16319127193844696,42.83913127989381,-11.406372841226219,103.35353963160092
v1p7,Bayes_Modeled,0.95,2015,TSP,CT,22,22,406226.2829927031,317353.4618109353,456934.9785996257,-0.25855951506234015,-0.37711555179742157,-0.14714284986148773,-105.20151327410046,-160.27949017752434,-56.502741698953514
v1p7,Bayes_Modeled,0.95,2015,TSP,MT,22,22,584933.1371334326,562278.4054210715,602823.968946814,0.0019784217160885983,-0.06041224257777844,0.06184704035161064,1.1519610759664423,-35.64468495451564,35.89086216256557
v1p7,Bayes_Modeled,0.95,2015,TSP,ST,22,22,591449.9054198755,570187.0284786234,609260.2006751269,-0.02339292955379154,-0.08949919395316214,0.04135053193549229,-13.848917598879545,-52.84258081673966,24.4635493852182
v1p7,Bayes_Modeled,0.95,2016,TSP,CT,8,8,153550.9358138469,131848.4267788882,172811.7881978383,-0.05214110546834785,-0.09969915169520548,-0.0031843121104886056,-8.002292224421499,-15.256470320058003,-0.4754439500627352
v1p7,Bayes_Modeled,0.95,2016,TSP,MT,8,8,159968.96518685893,139354.2252329139,178745.64836240682,0.003912713397726378,-0.05115884176947106,0.06219281779251319,0.6424661160484334,-8.119214947621058,10.055434536554142
v1p7,Bayes_Modeled,0.95,2016,TSP,ST,8,8,159052.10384785722,138390.08379534533,177891.47449722255,-0.03293378225403687,-0.07791367868199463,0.018186655967437848,-5.237761070357067,-12.51656300185542,2.9492819937640196
v1p7,Bayes_Modeled,0.95,2017,TSP,CT,30,30,632946.520366768,508814.5318587641,704327.3618753176,-0.22059212020984084,-0.715909755739028,0.19190864841477745,-139.08522153337125,-472.27572705057014,123.07763092604338
v1p7,Bayes_Modeled,0.95,2017,TSP,MT,24,24,648541.2516339874,604374.8976692513,679110.9195035326,-0.01856831776348936,-0.4896396792981439,0.3532671510717508,-11.999438220586258,-319.31376877485195,227.8905534724791
v1p7,Bayes_Modeled,0.95,2017,TSP,ST,29,29,787105.4663739448,734841.8055750246,823654.015811291,-0.05116234471969293,-0.5081828407750892,0.31787361736414144,-40.26354147725997,-407.17133584539454,254.02663205694188
v1p7,Bayes_Modeled,0.95,2018,TSP,CT,10,10,219282.39509722663,83413.86093777553,305228.2215879543,-0.3001011345967662,-0.9150054963626975,0.0173934990858901,-57.25062693267699,-120.06000745234127,4.1922678459809095
v1p7,Bayes_Modeled,0.95,2018,TSP,MT,10,10,281699.4939446508,168840.1074344754,357598.8727072142,-0.06562789560738663,-0.49298866484595183,0.2193653934607113,-13.473015016220902,-94.82852180820959,68.44415168914767
v1p7,Bayes_Modeled,0.95,2018,TSP,ST,10,10,281699.4939446508,168840.10743447542,357598.8727072142,-0.09927317072343135,-0.5047304541454867,0.17819735352714605,-23.241451597191276,-98.1826226148539,54.91200916651309
v1p7,Bayes_Modeled,0.95,2019,TSP,CT,2,2,81897.54287042309,78804.99810977103,84666.7495154615,-0.0657368999719473,-0.6977714266413968,0.3206811677613254,-5.273637742011683,-55.84328125529248,26.189144179159307
v1p7,Bayes_Modeled,0.95,2019,TSP,MT,2,2,81897.54287042309,78804.99810977103,84666.7495154615,-0.03209162485590245,-0.6521932202160181,0.37617194856806546,-2.5151928190538464,-52.51895882170298,30.910028520609234
v1p7,Bayes_Modeled,0.95,2019,TSP,ST,2,2,81897.54287042309,78804.99810977103,84666.7495154615,-0.0657368999719473,-0.6977714266413968,0.3206811677613254,-5.273637742011683,-55.84328125529248,26.189144179159307
v1p7,Bayes_Modeled,0.95,2020,TSP,CT,20,20,538563.3296412346,519480.69948712084,554713.7536872356,0.012231691681947704,-0.11793648705796492,0.14412015123133307,6.52196503869115,-63.576277412971024,76.19787085009713
v1p7,Bayes_Modeled,0.95,2020,TSP,MT,20,20,531775.0293428566,511184.79741542885,548039.2369501934,0.03639642905759553,-0.09570089635124171,0.18582757206227385,19.294479089756827,-50.09379464940397,98.44495062648656
v1p7,Bayes_Modeled,0.95,2020,TSP,ST,20,20,542354.1986390301,523956.50364109303,558430.7047098825,0.01752601795255898,-0.11278158204091013,0.14905820404401593,9.447141316245853,-61.15578326615248,79.98470162897388
v1p7,Bayes_Modeled,0.95,2021,TSP,CT,31,31,545599.5026099806,408764.9541096126,623832.6588697999,-0.239231527883996,-0.40560088956164947,-0.06104680858372517,-131.51599842832462,-233.8767863388269,-27.900938009314878
v1p7,Bayes_Modeled,0.95,2021,TSP,MT,31,31,748247.8984653924,691509.166512469,781641.8707389035,-0.022993558365240255,-0.16081169933659586,0.18480809979996782,-17.599591254492296,-121.26159885267472,131.94600288166737
v1p7,Bayes_Modeled,0.95,2021,TSP,ST,29,29,686935.0143423495,628953.991154023,720326.532784671,-0.06750353665512002,-0.19004817760685577,0.12591909401733556,-46.861929688594,-131.00718496192962,81.82075722028546
v1p7,Bayes_Modeled,0.95,2022,TSP,CT,45,45,1102074.7300530788,1026427.516932741,1148875.2047201423,-0.06959647268037039,-0.17848862328505838,0.11682731474806682,-77.08550660621088,-198.58204419370873,125.321517055864
v1p7,Bayes_Modeled,0.95,2022,TSP,MT,47,47,1174425.2141417956,1103212.032774848,1218637.8551818975,-0.023467121987282707,-0.15085488911006262,0.1757825497674249,-27.791126144608423,-178.49451934061125,200.12296071775802
v1p7,Bayes_Modeled,0.95,2022,TSP,ST,47,47,1161994.6902187916,1086800.4468741748,1208916.1038438883,-0.0644998291088317,-0.1727205329656335,0.12233955349902659,-75.31144451473148,-201.2480964667027,137.0336356903387
v1p7,Bayes_Modeled,0.95,2023,TSP,CT,45,45,1325760.2920300083,1217584.317037148,1392954.3386061674,-0.26601916230592876,-0.5950984667444325,0.04999444107245075,-350.9481183645489,-771.1490733219898,66.28406540329435
v1p7,Bayes_Modeled,0.95,2023,TSP,MT,51,51,1523758.9888525333,1418095.4197742054,1591992.4210516275,-0.23628875674967575,-0.5646567113333651,0.07556492849476149,-358.78234994230615,-851.40616328206,114.86233545082565
v1p7,Bayes_Modeled,0.95,2023,TSP,ST,45,45,1412840.0792991372,1335153.8329358506,1467254.3470940338,-0.2113830857746895,-0.5450617719447399,0.10475720094304491,-297.60451281312055,-758.4732496292971,147.3128585720159
v1p7,Bayes_Modeled,0.95,2024,TSP,CT,32,32,1310360.6859267694,1260879.9697563364,1354667.992247384,-0.19717799697646948,-0.8148770075093215,0.14205182349222875,-256.81561834808366,-1051.5504780791925,185.01545279491424
v1p7,Bayes_Modeled,0.95,2024,TSP,MT,32,32,1310360.6859267694,1260879.9697563364,1354667.992247384,-0.19637430478703943,-0.8144964894793183,0.14317813354001277,-255.7686354368606,-1052.7400642468906,186.6402943187913
v1p7,Bayes_Modeled,0.95,2024,TSP,ST,32,32,1310360.6859267694,1260879.9697563364,1354667.992247384,-0.19670743503782157,-0.8143740095076523,0.1422419229561237,-256.20101014550676,-1050.58326693147,185.55905289887693
v1p7,Bayes_Modeled,0.95,2025,TSP,CT,58,58,1441160.598187894,1350795.4018524492,1497347.6057951557,-0.1512919366780256,-0.28195833330697373,-0.003411279379203861,-218.67612062680715,-408.998601404196,-4.732752050845267
v1p7,Bayes_Modeled,0.95,2025,TSP,MT,58,58,1408947.0276810448,1306150.6204048716,1469992.9087770171,-0.1668055438895846,-0.2934230368126927,-0.023863613598516693,-235.774041855856,-419.6850915947145,-33.19950700443069
v1p7,Bayes_Modeled,0.95,2025,TSP,ST,58,58,1328157.4381559326,1197416.6225951826,1405074.3294262625,-0.2057126857852397,-0.32581764760471155,-0.07446268783128265,-274.23812464983916,-435.23867329275686,-95.6481890178197
v1p7,Bayes_Modeled,0.95,2011,TSS,CT,12,12,210829.53653656197,157706.6932433581,241206.00638576015,-1200.2192299291432,-2103.0708718843825,1833.980107033834,-271757.88507683075,-477137.23365707014,301924.77027229534
v1p7,Bayes_Modeled,0.95,2011,TSS,MT,12,12,318377.37160146266,305829.0623582471,328145.05705209204,145.00191714708203,-269.6997414230432,821.290234496731,45677.01414947127,-86797.8745558712,253216.68163164757
v1p7,Bayes_Modeled,0.95,2011,TSS,ST,12,12,324724.8731791668,313557.29222221626,334371.7997323336,224.39722387989093,-167.02784777552444,832.5469965752516,72660.96069425296,-54386.31432878904,266916.5289540428
v1p7,Bayes_Modeled,0.95,2012,TSS,CT,20,20,356927.80880034756,270804.2979483077,406258.7300995635,-1237.196314300373,-2221.055910526303,1699.8947851393486,-469871.50095082645,-808533.4002607246,480748.65580906
v1p7,Bayes_Modeled,0.95,2012,TSS,MT,20,20,523752.4926265916,501077.45631709264,540366.9387442321,291.5899307657723,-183.0965961408974,692.5165145754013,152788.93488689666,-95164.87363986109,358275.4219471747
v1p7,Bayes_Modeled,0.95,2012,TSS,ST,20,20,517114.0638932427,492384.3817904004,534059.8510170779,-33.33156410986584,-614.4639709511869,767.6021108866179,-18536.18106365902,-315015.44062624534,379834.8567508352
v1p7,Bayes_Modeled,0.95,2013,TSS,CT,14,14,376464.37549299566,350090.06115129835,394458.55152103526,-214.73657193982888,-859.1417215808333,662.3635990984646,-82963.5646191064,-330708.6710111846,237176.11921898503
v1p7,Bayes_Modeled,0.95,2013,TSS,MT,14,14,384363.4885674719,360654.2537661039,401394.36703244655,145.482605590853,-440.3465147616557,795.5482822747504,55498.27521167333,-169399.17779170658,304818.1641072445
v1p7,Bayes_Modeled,0.95,2013,TSS,ST,14,14,384363.4885674719,360654.2537661038,401394.36703244655,-130.0482447581664,-747.0515965450502,599.8057005786195,-51486.634687894606,-292714.7426008306,222422.1532185084
v1p7,Bayes_Modeled,0.95,2014,TSS,CT,25,25,612131.4993021745,570035.794191713,638138.4418270495,-83.16340938785304,-613.0937769191312,1216.569039220437,-57107.57880783479,-386101.38371040154,703932.9221308504
v1p7,Bayes_Modeled,0.95,2014,TSS,MT,12,12,318419.6882786474,305883.3279638478,328186.36957285466,537.4158463900712,165.77819333494205,1076.9176547118168,170764.4505747476,52979.61515547613,338691.23909462313
v1p7,Bayes_Modeled,0.95,2014,TSS,ST,24,24,636839.3765572947,611766.6559276956,656372.7391457093,240.97824620413485,-207.23009891810142,1032.531062996281,151826.49886638686,-133937.4434443224,649855.8631312384
v1p7,Bayes_Modeled,0.95,2015,TSS,CT,22,22,406226.2829927031,317353.4618109353,456934.9785996257,-1619.8837644729606,-2396.924753645423,1418.2827104804305,-690278.1468228644,-1017482.59697611,487337.83135569317
v1p7,Bayes_Modeled,0.95,2015,TSS,MT,22,22,584933.1371334326,562278.4054210715,602823.968946814,-125.10565373044057,-403.8317778453033,435.77277656733236,-73908.65300842973,-238277.76883122095,251159.11079377297
v1p7,Bayes_Modeled,0.95,2015,TSS,ST,22,22,591449.9054198755,570187.0284786234,609260.2006751269,-356.17513230908645,-732.3695310267559,504.7300811448051,-211877.31147233947,-436499.47373775695,293695.084609966
v1p7,Bayes_Modeled,0.95,2016,TSS,CT,8,8,153550.9358138469,131848.4267788882,172811.7881978383,191.82094679783665,-301.3618168440149,984.8551686894054,29253.6777368311,-47346.37857920991,148189.14380254032
v1p7,Bayes_Modeled,0.95,2016,TSS,MT,8,8,159968.96518685893,139354.2252329139,178745.64836240682,587.7680123582834,44.52585697170345,1071.2570626048516,94433.25118078041,6536.319403066462,175484.70505979948
v1p7,Bayes_Modeled,0.95,2016,TSS,ST,8,8,159052.10384785722,138390.08379534533,177891.47449722255,295.03484555048925,-180.9739798160791,949.1449064717438,46987.39538004478,-29244.432673556737,151318.89662134828
v1p7,Bayes_Modeled,0.95,2017,TSS,CT,30,30,632946.520366768,508814.5318587641,704327.3618753176,-796.1622759105038,-1430.148559803055,1669.2441358853525,-541170.8733694939,-958291.1986848325,905919.8895611758
v1p7,Bayes_Modeled,0.95,2017,TSS,MT,24,24,648541.2516339874,604374.8976692513,679110.9195035326,428.05624007056366,124.75043782663002,1057.2962579584819,274985.82049129583,81343.87819562039,654103.3391934312
v1p7,Bayes_Modeled,0.95,2017,TSS,ST,29,29,787105.4663739448,734841.8055750246,823654.015811291,165.96543992968873,-216.1007304604242,1205.8848262078482,125335.33203230909,-173880.07860986653,906509.5297524851
v1p7,Bayes_Modeled,0.95,2018,TSS,CT,10,10,219282.39509722663,83413.86093777553,305228.2215879543,-196.09115789498847,-2659.8538664950747,3641.5540996026484,-100120.49279004148,-687736.2310986319,569584.7525295675
v1p7,Bayes_Modeled,0.95,2018,TSS,MT,10,10,281699.4939446508,168840.1074344754,357598.8727072142,1021.4893283974033,-1159.2891010881876,3345.8392686171533,263935.28154833557,-356096.7436058864,953950.4468820611
v1p7,Bayes_Modeled,0.95,2018,TSS,ST,10,10,281699.4939446508,168840.10743447542,357598.8727072142,745.9584780483846,-1546.3441318215612,3202.5216711277744,181085.03010780702,-459332.16492251336,851762.2295080699
v1p7,Bayes_Modeled,0.95,2019,TSS,CT,2,2,81897.54287042309,78804.99810977103,84666.7495154615,1611.150173954335,-279.32197599208183,3735.1090242421756,131788.19756810347,-22686.62926761721,303141.6481735698
v1p7,Bayes_Modeled,0.95,2019,TSS,MT,2,2,81897.54287042309,78804.99810977103,84666.7495154615,1886.6810243033544,72.28799658457297,3833.0498019126044,154406.19352165956,5887.343790058338,313324.06389233307
v1p7,Bayes_Modeled,0.95,2019,TSS,ST,2,2,81897.54287042309,78804.99810977103,84666.7495154615,1611.150173954335,-279.32197599208183,3735.1090242421756,131788.19756810347,-22686.62926761721,303141.6481735698
v1p7,Bayes_Modeled,0.95,2020,TSS,CT,20,20,538563.3296412346,519480.69948712084,554713.7536872356,-1168.2724146620458,-1764.5730448187605,648.3612588618619,-631887.2246469773,-955548.2198484958,342131.3228847424
v1p7,Bayes_Modeled,0.95,2020,TSS,MT,20,20,531775.0293428566,511184.79741542885,548039.2369501934,-943.4750941060136,-1510.8847801145607,609.2842249915141,-504404.1549236952,-812014.4979298869,317516.95402854047
v1p7,Bayes_Modeled,0.95,2020,TSS,ST,20,20,542354.1986390301,523956.50364109303,558430.7047098825,-1139.6106377222238,-1727.6524278970132,613.2490010512388,-620353.5125848389,-940137.0045339302,329490.7266175911
v1p7,Bayes_Modeled,0.95,2021,TSS,CT,31,31,545599.5026099806,408764.9541096126,623832.6588697999,-898.220773791685,-1512.2314565660001,1308.448503963557,-525835.9717634603,-870652.3800636781,574713.5492597315
v1p7,Bayes_Modeled,0.95,2021,TSS,MT,31,31,748247.8984653924,691509.166512469,781641.8707389035,358.50374226363067,86.12528701518252,598.5457463041246,268429.87879528257,62419.486940062925,440631.9157563278
v1p7,Bayes_Modeled,0.95,2021,TSS,ST,29,29,686935.0143423495,628953.991154023,720326.532784671,55.095776464336524,-281.14466233833593,728.5611661154403,34131.372104137874,-197597.58409425511,465091.7556926613
v1p7,Bayes_Modeled,0.95,2022,TSS,CT,45,45,1102074.7300530788,1026427.516932741,1148875.2047201423,-1060.3668253299375,-1483.2667304744868,539.0802210475938,-1180777.251894352,-1659795.5335880637,564976.4254719943
v1p7,Bayes_Modeled,0.95,2022,TSS,MT,47,47,1174425.2141417956,1103212.032774848,1218637.8551818975,-729.003618391224,-1066.0639895551426,377.0810664956963,-862489.1653043231,-1266850.2507459372,424234.27876325743
v1p7,Bayes_Modeled,0.95,2022,TSS,ST,47,47,1161994.6902187916,1086800.4468741748,1208916.1038438883,-1044.2321221066477,-1454.3756635154289,483.36005565377263,-1224712.0852161606,-1714584.0590127334,535470.1431349496
v1p7,Bayes_Modeled,0.95,2023,TSS,CT,45,45,1325760.2920300083,1217584.317037148,1392954.3386061674,-478.4514539042041,-976.6745564173484,1734.0961166867041,-662290.9270965528,-1328459.0904065338,2171598.2628932344
v1p7,Bayes_Modeled,0.95,2023,TSS,MT,51,51,1523758.9888525333,1418095.4197742054,1591992.4210516275,-454.14784567119955,-901.8758815795768,1492.7200805236869,-714829.844475281,-1404889.2112697863,2157437.116496168
v1p7,Bayes_Modeled,0.95,2023,TSS,ST,45,45,1412840.0792991372,1335153.8329358506,1467254.3470940338,-194.84150994862577,-622.6129054689206,1476.3436775442024,-289292.6856794889,-888692.3162541452,2007160.8515024134
v1p7,Bayes_Modeled,0.95,2024,TSS,CT,32,32,1310360.6859267694,1260879.9697563364,1354667.992247384,539.5345152835297,25.334213700614796,1903.4043678537412,704747.3201909445,32400.78441004105,2473342.2114592907
v1p7,Bayes_Modeled,0.95,2024,TSS,MT,32,32,1310360.6859267694,1260879.9697563364,1354667.992247384,556.5323628797892,43.14009592683226,1925.800670220754,726997.4790260837,57055.2944296325,2498679.755385441
v1p7,Bayes_Modeled,0.95,2024,TSS,ST,32,32,1310360.6859267694,1260879.9697563364,1354667.992247384,544.985004143501,30.26759259250552,1908.2216863006934,711874.9544530958,39370.44178759806,2480249.212887873
v1p7,Bayes_Modeled,0.95,2025,TSS,CT,58,58,1441160.598187894,1350795.4018524492,1497347.6057951557,172.48772123736677,-277.9650596144496,1868.4941385051986,230041.51088785,-403781.1762365293,2573951.4922854276
v1p7,Bayes_Modeled,0.95,2025,TSS,MT,58,58,1408947.0276810448,1306150.6204048716,1469992.9087770171,89.12264916791597,-381.55696311269423,1942.5967080382188,102347.84498845576,-543786.3023421563,2568790.168522605
v1p7,Bayes_Modeled,0.95,2025,TSS,ST,58,58,1328157.4381559326,1197416.6225951826,1405074.3294262625,-119.95165856181377,-652.1797770939514,2039.2033720769155,-196347.93130997333,-873751.5145316916,2474012.662929712
