Method,Scenario,Year,Analyte,Treatment,mean,median,lower_95,upper_95,n_draws,PointTotal_kg,primary_center,primary_center_type,primary_center_within_draw_interval
Bayes,model_only,2011,NH4,CT,0.01606798640723523,0.015145665895123318,0.0012558394077579642,0.03724099304681712,1500,,0.015145665895123318,posterior_median,True
Bayes,model_only,2011,NH4,MT,0.013417354578360208,0.011997292640637888,0.0007841129761573688,0.03378450788228803,1500,,0.011997292640637888,posterior_median,True
Bayes,model_only,2011,NH4,ST,0.01303224074604627,0.011636224275313117,0.0007842940085014142,0.034142141976739114,1500,,0.011636224275313117,posterior_median,True
Bayes,model_only,2011,NO2,CT,0.06433203135357475,0.04897693006959314,0.0,0.2299313536330654,1500,,0.04897693006959314,posterior_median,True
Bayes,model_only,2011,NO2,MT,0.04876988499504008,0.03301053334865259,0.0,0.1944494792955136,1500,,0.03301053334865259,posterior_median,True
Bayes,model_only,2011,NO2,ST,0.0505575749699473,0.0352420128603484,0.0,0.19564514718843568,1500,,0.0352420128603484,posterior_median,True
Bayes,model_only,2011,NO3,CT,0.9802971522487107,0.9687294838492493,0.6401420110654379,1.390516322615013,1500,,0.9687294838492493,posterior_median,True
Bayes,model_only,2011,NO3,MT,0.8599076939285409,0.8427821260091801,0.49024219280579534,1.3175440512439145,1500,,0.8427821260091801,posterior_median,True
Bayes,model_only,2011,NO3,ST,0.8688317257098661,0.8611891563546239,0.523405223152486,1.2955623297712482,1500,,0.8611891563546239,posterior_median,True
Bayes,model_only,2011,OP,CT,0.02172473207666786,0.0206589573298977,0.006707729165767918,0.042203468036852244,1500,,0.0206589573298977,posterior_median,True
Bayes,model_only,2011,OP,MT,0.018841028181870938,0.0181519141789055,0.005067641976812054,0.03660691409205174,1500,,0.0181519141789055,posterior_median,True
Bayes,model_only,2011,OP,ST,0.018294781894174886,0.017780235433110823,0.004906606719468263,0.035943842801109974,1500,,0.017780235433110823,posterior_median,True
Bayes,model_only,2011,Se,CT,0.0008710245482791358,0.0008649125719537433,0.0004727592105152615,0.0012625872530405622,1500,,0.0008649125719537433,posterior_median,True
Bayes,model_only,2011,Se,MT,0.0006745432611428097,0.0006638441242469969,0.0003319837012850667,0.0011110099945598458,1500,,0.0006638441242469969,posterior_median,True
Bayes,model_only,2011,Se,ST,0.0006854782280417143,0.0006751497855130868,0.00034370103538917897,0.001085507723781146,1500,,0.0006751497855130868,posterior_median,True
Bayes,model_only,2011,TDS,CT,116.02469536325516,114.67078927510597,60.01883870018634,177.33518816013685,1500,,114.67078927510597,posterior_median,True
Bayes,model_only,2011,TDS,MT,103.14631620122513,101.51954406797753,47.648572988804496,167.2584373939606,1500,,101.51954406797753,posterior_median,True
Bayes,model_only,2011,TDS,ST,104.01370931084217,102.5072850925303,51.428414290970274,165.72999517003694,1500,,102.5072850925303,posterior_median,True
Bayes,model_only,2011,TKN,CT,0.33460782264914934,0.28958714993352186,0.009084723096153607,0.9284822723153789,1500,,0.28958714993352186,posterior_median,True
Bayes,model_only,2011,TKN,MT,0.26479715701370826,0.2241123757521113,0.009164516223133596,0.7475266769666717,1500,,0.2241123757521113,posterior_median,True
Bayes,model_only,2011,TKN,ST,0.2800246144296934,0.23583842037744912,0.0003326738594076744,0.8292908357872701,1500,,0.23583842037744912,posterior_median,True
Bayes,model_only,2011,TN,CT,0.7950205088615259,0.7695615015415576,0.3763037225169445,1.3632613416414345,1500,,0.7695615015415576,posterior_median,True
Bayes,model_only,2011,TN,MT,0.6370995823400086,0.6128927666287324,0.2429886325319099,1.1288338193085863,1500,,0.6128927666287324,posterior_median,True
Bayes,model_only,2011,TN,ST,0.6214389519404379,0.6100117058657761,0.22253046353419134,1.0822162731399312,1500,,0.6100117058657761,posterior_median,True
Bayes,model_only,2011,TP,CT,0.15468040337019112,0.14327351815281938,0.011130999765901583,0.36865994784734446,1500,,0.14327351815281938,posterior_median,True
Bayes,model_only,2011,TP,MT,0.12761707368178218,0.11600182247595334,0.002287339437088008,0.33005581635791464,1500,,0.11600182247595334,posterior_median,True
Bayes,model_only,2011,TP,ST,0.11739889738366063,0.10396977678978264,0.0018936026975705596,0.30262624030464624,1500,,0.10396977678978264,posterior_median,True
Bayes,model_only,2011,TSS,CT,118.20101813783391,108.58439638901982,10.168915966763073,279.8880939572849,1500,,108.58439638901982,posterior_median,True
Bayes,model_only,2011,TSS,MT,62.45373065440002,50.56144050813741,0.9183108474190137,187.81463916707926,1500,,50.56144050813741,posterior_median,True
Bayes,model_only,2011,TSS,ST,53.14872506744218,39.637612166146596,0.0,178.32986305750234,1500,,39.637612166146596,posterior_median,True
Bayes,model_only,2012,NH4,CT,0.020258158245691816,0.018010419602174685,0.0009045035667618658,0.05459798985263811,1500,,0.018010419602174685,posterior_median,True
Bayes,model_only,2012,NH4,MT,0.017259274474021303,0.01533975598577796,0.0015840054259324806,0.04454276539646462,1500,,0.01533975598577796,posterior_median,True
Bayes,model_only,2012,NH4,ST,0.014486790020749278,0.012792070759187325,0.0009633074936003128,0.04011166370773858,1500,,0.012792070759187325,posterior_median,True
Bayes,model_only,2012,NO2,CT,0.10251881584456221,0.07638229235278785,0.0,0.3424483978230981,1500,,0.07638229235278785,posterior_median,True
Bayes,model_only,2012,NO2,MT,0.07114615603663067,0.05111954879948362,0.0,0.25272022865936034,1500,,0.05111954879948362,posterior_median,True
Bayes,model_only,2012,NO2,ST,0.06621671445413752,0.046490695039176355,0.0,0.2373648578341521,1500,,0.046490695039176355,posterior_median,True
Bayes,model_only,2012,NO3,CT,1.5204541572016987,1.5077432197295464,0.8872890794570002,2.213948706074543,1500,,1.5077432197295464,posterior_median,True
Bayes,model_only,2012,NO3,MT,1.3700274236237262,1.3683686927604468,0.8800133019835751,1.8990388345156477,1500,,1.3683686927604468,posterior_median,True
Bayes,model_only,2012,NO3,ST,1.2093269769606096,1.2055769863081653,0.7503803327149747,1.740383565515054,1500,,1.2055769863081653,posterior_median,True
Bayes,model_only,2012,OP,CT,0.0381472575650253,0.037213722357811396,0.01446190176225458,0.06622595729315923,1500,,0.037213722357811396,posterior_median,True
Bayes,model_only,2012,OP,MT,0.03782498599896859,0.03685307726056686,0.018304984014363465,0.06414663722174278,1500,,0.03685307726056686,posterior_median,True
Bayes,model_only,2012,OP,ST,0.027963645001326736,0.02672508369680849,0.010213086555280658,0.05063611797732686,1500,,0.02672508369680849,posterior_median,True
Bayes,model_only,2012,Se,CT,0.0012829477397315596,0.0012807929645824413,0.0006283946231639275,0.00199246763812955,1500,,0.0012807929645824413,posterior_median,True
Bayes,model_only,2012,Se,MT,0.0009387820062272078,0.0009259179980765074,0.0005012777947258168,0.001455109063277184,1500,,0.0009259179980765074,posterior_median,True
Bayes,model_only,2012,Se,ST,0.0008529308892434968,0.0008394363748059016,0.0004304825941547671,0.0013304641235340582,1500,,0.0008394363748059016,posterior_median,True
Bayes,model_only,2012,TDS,CT,154.69465022719942,153.71899390354696,59.59899726774931,251.03319464554068,1500,,153.71899390354696,posterior_median,True
Bayes,model_only,2012,TDS,MT,139.4257015420086,138.0125199726702,68.14186996142314,216.79400956219442,1500,,138.0125199726702,posterior_median,True
Bayes,model_only,2012,TDS,ST,125.87842954852894,124.43932384379612,58.23797494094982,202.645650702094,1500,,124.43932384379612,posterior_median,True
Bayes,model_only,2012,TKN,CT,0.8114988583185482,0.7407204757737941,0.11436622034308758,1.8243416477367456,1500,,0.7407204757737941,posterior_median,True
Bayes,model_only,2012,TKN,MT,0.6148747020858764,0.5777021462464884,0.09904230868433167,1.3563781522224392,1500,,0.5777021462464884,posterior_median,True
Bayes,model_only,2012,TKN,ST,0.5439922395075543,0.5040709684355078,0.06446474623296064,1.2828309453469375,1500,,0.5040709684355078,posterior_median,True
Bayes,model_only,2012,TN,CT,0.5378895062417313,0.49301365413265297,0.12507713201959209,1.192423119536729,1500,,0.49301365413265297,posterior_median,True
Bayes,model_only,2012,TN,MT,0.4616818052459627,0.4217602643299524,0.12941185942617048,1.0018463928824184,1500,,0.4217602643299524,posterior_median,True
Bayes,model_only,2012,TN,ST,0.36184596504033556,0.33002359400677006,0.07315363756845794,0.8344655321479829,1500,,0.33002359400677006,posterior_median,True
Bayes,model_only,2012,TP,CT,0.20515074093546487,0.19044801992069121,0.011527968081061896,0.5036372513263847,1500,,0.19044801992069121,posterior_median,True
Bayes,model_only,2012,TP,MT,0.15461743503990646,0.142342491954343,0.008648197839443164,0.39349545528564706,1500,,0.142342491954343,posterior_median,True
Bayes,model_only,2012,TP,ST,0.1345054670294517,0.11909326924809469,0.0036727434432547675,0.35439952161555516,1500,,0.11909326924809469,posterior_median,True
Bayes,model_only,2012,TSS,CT,217.96983617978586,205.6732131204094,36.71488641264022,464.89782280642623,1500,,205.6732131204094,posterior_median,True
Bayes,model_only,2012,TSS,MT,103.42166389831115,91.13723429408856,6.241666003638636,283.9703788068344,1500,,91.13723429408856,posterior_median,True
Bayes,model_only,2012,TSS,ST,85.89991472563023,74.34796801432822,2.806358681546055,231.43751115543427,1500,,74.34796801432822,posterior_median,True
Bayes,model_only,2013,NH4,CT,0.021779946363009024,0.019309726959484935,0.0006789346377525207,0.05799224942486347,1500,,0.019309726959484935,posterior_median,True
Bayes,model_only,2013,NH4,MT,0.02025896977892253,0.017902443893396406,0.0008965297476209689,0.05517637773428045,1500,,0.017902443893396406,posterior_median,True
Bayes,model_only,2013,NH4,ST,0.017484571826692146,0.01554828378372233,0.000751718739090038,0.048792904383336055,1500,,0.01554828378372233,posterior_median,True
Bayes,model_only,2013,NO2,CT,0.06301371584435563,0.036160791548088746,0.0,0.2688297342895266,1500,,0.036160791548088746,posterior_median,True
Bayes,model_only,2013,NO2,MT,0.05676437854392957,0.03051725581409978,0.0,0.25318519727027206,1500,,0.03051725581409978,posterior_median,True
Bayes,model_only,2013,NO2,ST,0.04774942984845885,0.024843808696372663,0.0,0.21751587474426912,1500,,0.024843808696372663,posterior_median,True
Bayes,model_only,2013,NO3,CT,1.4006541697872847,1.3920566032044115,0.89853419073426,1.9212236109501564,1500,,1.3920566032044115,posterior_median,True
Bayes,model_only,2013,NO3,MT,1.402963712290647,1.3919123629069872,0.9440766861646384,1.9730463779836038,1500,,1.3919123629069872,posterior_median,True
Bayes,model_only,2013,NO3,ST,1.2240012317729567,1.2198673805194535,0.8329466167619065,1.6969440550592594,1500,,1.2198673805194535,posterior_median,True
Bayes,model_only,2013,OP,CT,0.013419426397479306,0.011116710850576292,0.00036164604731260417,0.03979385785532862,1500,,0.011116710850576292,posterior_median,True
Bayes,model_only,2013,OP,MT,0.01274507962652295,0.010426389083233227,0.0006400622175731294,0.03851826895244482,1500,,0.010426389083233227,posterior_median,True
Bayes,model_only,2013,OP,ST,0.010764722386541966,0.008759214256764574,0.00026235852555955966,0.032224050185250534,1500,,0.008759214256764574,posterior_median,True
Bayes,model_only,2013,Se,CT,0.0011205759291996907,0.0010998476927316506,0.0004150539461530647,0.001911773495546722,1500,,0.0010998476927316506,posterior_median,True
Bayes,model_only,2013,Se,MT,0.0010175805332481949,0.0009985507117409235,0.00033531014163876047,0.0018393701972246636,1500,,0.0009985507117409235,posterior_median,True
Bayes,model_only,2013,Se,ST,0.0008753934046154182,0.0008530977395908297,0.0002725146955733279,0.0015783475051739202,1500,,0.0008530977395908297,posterior_median,True
Bayes,model_only,2013,TDS,CT,138.55052075955354,136.7968753760291,61.283419026839525,226.2573054368734,1500,,136.7968753760291,posterior_median,True
Bayes,model_only,2013,TDS,MT,140.29380537919994,138.09606648310822,60.15453101518712,227.83781674100166,1500,,138.09606648310822,posterior_median,True
Bayes,model_only,2013,TDS,ST,122.34139373711297,120.71042042751574,55.35018511379336,195.60891501222503,1500,,120.71042042751574,posterior_median,True
Bayes,model_only,2013,TKN,CT,1.008942716666999,0.97760630420654,0.5054596677851849,1.7189145915184336,1500,,0.97760630420654,posterior_median,True
Bayes,model_only,2013,TKN,MT,0.9454333250815132,0.9134905021275793,0.44082026142851544,1.6624446779228368,1500,,0.9134905021275793,posterior_median,True
Bayes,model_only,2013,TKN,ST,0.7808211893538392,0.7473084556112488,0.3599555459800205,1.3558510437325024,1500,,0.7473084556112488,posterior_median,True
Bayes,model_only,2013,TN,CT,0.7981546832890852,0.6965789782470242,0.0,2.462550712878535,1500,,0.6965789782470242,posterior_median,True
Bayes,model_only,2013,TN,MT,0.7373362181303271,0.6212474257520635,0.0,2.3026675567432706,1500,,0.6212474257520635,posterior_median,True
Bayes,model_only,2013,TN,ST,0.6416903394271763,0.5509078630933455,0.0,2.0357876694207095,1500,,0.5509078630933455,posterior_median,True
Bayes,model_only,2013,TP,CT,0.09820286947443416,0.07762987094304047,0.0,0.3080365171615152,1500,,0.07762987094304047,posterior_median,True
Bayes,model_only,2013,TP,MT,0.08233781076199435,0.06484443058371028,0.0,0.27197766867997486,1500,,0.06484443058371028,posterior_median,True
Bayes,model_only,2013,TP,ST,0.06727697286155368,0.050886618474044326,0.0,0.22517123194786023,1500,,0.050886618474044326,posterior_median,True
Bayes,model_only,2013,TSS,CT,167.9064504672958,157.40328233018096,18.016126960173434,385.7000013646512,1500,,157.40328233018096,posterior_median,True
Bayes,model_only,2013,TSS,MT,104.22741159822455,89.22975373260763,2.559368896365864,298.3122039617692,1500,,89.22975373260763,posterior_median,True
Bayes,model_only,2013,TSS,ST,83.11756309295406,70.29238987741405,1.2265621566859382,240.19034380508444,1500,,70.29238987741405,posterior_median,True
Bayes,model_only,2014,NH4,CT,0.018238307621940484,0.01697099829417268,0.0028457736220274753,0.04058269743564327,1500,,0.01697099829417268,posterior_median,True
Bayes,model_only,2014,NH4,MT,0.01001150308154332,0.008993201137778392,0.00118029227680502,0.024019431996345233,1500,,0.008993201137778392,posterior_median,True
Bayes,model_only,2014,NH4,ST,0.010719174392466738,0.00992692547316541,0.0014424508781938064,0.024663267206531902,1500,,0.00992692547316541,posterior_median,True
Bayes,model_only,2014,NO2,CT,0.06357666955256504,0.04540973796090537,0.0,0.2431036188857356,1500,,0.04540973796090537,posterior_median,True
Bayes,model_only,2014,NO2,MT,0.03262175604050789,0.020700320465478886,0.0,0.14093474927688707,1500,,0.020700320465478886,posterior_median,True
Bayes,model_only,2014,NO2,ST,0.034476963155306,0.02252760188769195,0.0,0.13207621510505022,1500,,0.02252760188769195,posterior_median,True
Bayes,model_only,2014,NO3,CT,1.244063432188975,1.239103441245593,0.9109195126155281,1.5922961159426285,1500,,1.239103441245593,posterior_median,True
Bayes,model_only,2014,NO3,MT,0.6915208284608311,0.6805486607779643,0.34063316900179974,1.0777214878737027,1500,,0.6805486607779643,posterior_median,True
Bayes,model_only,2014,NO3,ST,0.7518420507729996,0.7476863136173217,0.44728177441593375,1.095691195989753,1500,,0.7476863136173217,posterior_median,True
Bayes,model_only,2014,OP,CT,0.01893779881877101,0.018579025142790712,0.007583283061459124,0.03339395520270431,1500,,0.018579025142790712,posterior_median,True
Bayes,model_only,2014,OP,MT,0.015091507402991904,0.01456353831096302,0.005539369403240185,0.028024513207198055,1500,,0.01456353831096302,posterior_median,True
Bayes,model_only,2014,OP,ST,0.015203780959848662,0.014789912866448025,0.006293786306563965,0.026856572698319762,1500,,0.014789912866448025,posterior_median,True
Bayes,model_only,2014,Se,CT,0.0009540773247948005,0.0009549837575939799,0.0005670414205008753,0.0013467726159064742,1500,,0.0009549837575939799,posterior_median,True
Bayes,model_only,2014,Se,MT,0.0005024354745227129,0.0004917253709683486,0.00022648009402746847,0.000850135106428854,1500,,0.0004917253709683486,posterior_median,True
Bayes,model_only,2014,Se,ST,0.0005394272922374448,0.0005261485104188547,0.0002708256389387968,0.0008694120887453497,1500,,0.0005261485104188547,posterior_median,True
Bayes,model_only,2014,TDS,CT,126.11413271386554,124.25493098569352,68.43818773760583,203.12318151511772,1500,,124.25493098569352,posterior_median,True
Bayes,model_only,2014,TDS,MT,75.88344120894338,73.84413147902926,31.313489907717948,130.42923067316138,1500,,73.84413147902926,posterior_median,True
Bayes,model_only,2014,TDS,ST,80.3034695684296,78.20027683121822,37.39877925078856,134.31418498069868,1500,,78.20027683121822,posterior_median,True
Bayes,model_only,2014,TKN,CT,0.6391443254245122,0.6295426441525733,0.33095530703089826,1.0111719174308793,1500,,0.6295426441525733,posterior_median,True
Bayes,model_only,2014,TKN,MT,0.36958163303100183,0.3588605378585552,0.1283930924966572,0.6925504875311729,1500,,0.3588605378585552,posterior_median,True
Bayes,model_only,2014,TKN,ST,0.3933698367684408,0.3757331756021328,0.18183160896778117,0.7018926827001379,1500,,0.3757331756021328,posterior_median,True
Bayes,model_only,2014,TN,CT,0.9518388173613276,0.9433119725368315,0.5366526828846501,1.4147324454564318,1500,,0.9433119725368315,posterior_median,True
Bayes,model_only,2014,TN,MT,0.466544548987132,0.4504250252567456,0.1819277721998914,0.8353004808103569,1500,,0.4504250252567456,posterior_median,True
Bayes,model_only,2014,TN,ST,0.5092186870317597,0.4957397786290776,0.2248153892954652,0.8721429507498005,1500,,0.4957397786290776,posterior_median,True
Bayes,model_only,2014,TP,CT,0.06730349216215241,0.05427171774805535,0.0,0.21631917707586473,1500,,0.05427171774805535,posterior_median,True
Bayes,model_only,2014,TP,MT,0.03358994733972174,0.02251177920511195,0.0,0.12577827724017893,1500,,0.02251177920511195,posterior_median,True
Bayes,model_only,2014,TP,ST,0.03152933319646531,0.021995538697555307,0.0,0.11884091206197207,1500,,0.021995538697555307,posterior_median,True
Bayes,model_only,2014,TSS,CT,67.3295306985682,55.96620400426377,3.990868844090612,198.38428365747106,1500,,55.96620400426377,posterior_median,True
Bayes,model_only,2014,TSS,MT,20.50176972577962,12.297088645612849,0.0,82.44220484076965,1500,,12.297088645612849,posterior_median,True
Bayes,model_only,2014,TSS,ST,18.27057590015419,10.740437682495063,0.0,77.94682468240484,1500,,10.740437682495063,posterior_median,True
Bayes,model_only,2015,NH4,CT,0.014810405440926218,0.0143653188163659,0.006209095243853714,0.026845694662999436,1500,,0.0143653188163659,posterior_median,True
Bayes,model_only,2015,NH4,MT,0.009954861835600381,0.009683636355060228,0.004163517698376114,0.01802694903910785,1500,,0.009683636355060228,posterior_median,True
Bayes,model_only,2015,NH4,ST,0.011820215280806207,0.011538839713381994,0.005306399658699266,0.02066349675193993,1500,,0.011538839713381994,posterior_median,True
Bayes,model_only,2015,NO2,CT,0.07037541686449714,0.05192090574211474,0.0,0.25475882608962236,1500,,0.05192090574211474,posterior_median,True
Bayes,model_only,2015,NO2,MT,0.036928090644006456,0.024589829575617436,0.0,0.1432156474964268,1500,,0.024589829575617436,posterior_median,True
Bayes,model_only,2015,NO2,ST,0.032711820074921544,0.021288360345071325,0.0,0.12679824732862657,1500,,0.021288360345071325,posterior_median,True
Bayes,model_only,2015,NO3,CT,1.2439993090817743,1.2416420871163907,0.9200821890271738,1.6020826528444303,1500,,1.2416420871163907,posterior_median,True
Bayes,model_only,2015,NO3,MT,0.7769710534740164,0.7727224879795731,0.49936677606330204,1.0944027030159018,1500,,0.7727224879795731,posterior_median,True
Bayes,model_only,2015,NO3,ST,0.7445299420783259,0.7410873663693791,0.4570528272651967,1.0426828536490411,1500,,0.7410873663693791,posterior_median,True
Bayes,model_only,2015,OP,CT,0.010301645733488051,0.009790194882599218,0.001965615099231077,0.022177583804870164,1500,,0.009790194882599218,posterior_median,True
Bayes,model_only,2015,OP,MT,0.0058606556026237575,0.005225175235828579,0.0008617848043132926,0.014160640291736117,1500,,0.005225175235828579,posterior_median,True
Bayes,model_only,2015,OP,ST,0.006544118193572447,0.005962773348132077,0.0012890991294826574,0.014897084094980403,1500,,0.005962773348132077,posterior_median,True
Bayes,model_only,2015,Se,CT,0.0010303928017137492,0.0010285870251819519,0.0006371097150011734,0.0014540370169868683,1500,,0.0010285870251819519,posterior_median,True
Bayes,model_only,2015,Se,MT,0.0005627232420845276,0.0005529425593373898,0.00029837991452809874,0.0008573763943976011,1500,,0.0005529425593373898,posterior_median,True
Bayes,model_only,2015,Se,ST,0.0005248222205290498,0.0005209197080068507,0.0002591382179686094,0.0007982914958242559,1500,,0.0005209197080068507,posterior_median,True
Bayes,model_only,2015,TDS,CT,135.12085186735408,132.03417891847909,71.28937689216345,213.7619371396864,1500,,132.03417891847909,posterior_median,True
Bayes,model_only,2015,TDS,MT,86.88142035816838,83.91974948108384,44.50340931267783,142.09969875944793,1500,,83.91974948108384,posterior_median,True
Bayes,model_only,2015,TDS,ST,83.20210537685988,81.50046726713248,41.961277061159606,135.6981947196076,1500,,81.50046726713248,posterior_median,True
Bayes,model_only,2015,TKN,CT,0.28752764766442357,0.27433304004938797,0.1036321729455432,0.5281234371025044,1500,,0.27433304004938797,posterior_median,True
Bayes,model_only,2015,TKN,MT,0.12504447942803704,0.11544485007409303,0.03058628844988033,0.27541544976981164,1500,,0.11544485007409303,posterior_median,True
Bayes,model_only,2015,TKN,ST,0.12183160794343881,0.11533292511150209,0.02729709368769572,0.2576879845802174,1500,,0.11533292511150209,posterior_median,True
Bayes,model_only,2015,TN,CT,1.409046206716109,1.4067145330051267,0.9081816180189726,1.9808388614054144,1500,,1.4067145330051267,posterior_median,True
Bayes,model_only,2015,TN,MT,0.839932540944531,0.8314594371070682,0.48736695663339064,1.2768382943945367,1500,,0.8314594371070682,posterior_median,True
Bayes,model_only,2015,TN,ST,0.792308991597964,0.7898622218280579,0.4471637704349834,1.191801083345944,1500,,0.7898622218280579,posterior_median,True
Bayes,model_only,2015,TP,CT,0.046305923529326845,0.029625509913794753,0.0,0.18919168191673258,1500,,0.029625509913794753,posterior_median,True
Bayes,model_only,2015,TP,MT,0.017295396498418162,0.008936075452897142,0.0,0.08469094393188825,1500,,0.008936075452897142,posterior_median,True
Bayes,model_only,2015,TP,ST,0.014750869225642881,0.006258384179441769,0.0,0.07324099753979148,1500,,0.006258384179441769,posterior_median,True
Bayes,model_only,2015,TSS,CT,57.28164157710106,42.778213505582,0.1695612343043937,203.95201156603977,1500,,42.778213505582,posterior_median,True
Bayes,model_only,2015,TSS,MT,10.279784058266033,3.8494068895759663,0.0,56.415005515998814,1500,,3.8494068895759663,posterior_median,True
Bayes,model_only,2015,TSS,ST,9.37779573624099,2.876997472759215,0.0,55.973293668504354,1500,,2.876997472759215,posterior_median,True
Bayes,model_only,2016,NH4,CT,0.011290362619480033,0.011258976501688755,0.0056420894270394805,0.01804447531436226,1500,,0.011258976501688755,posterior_median,True
Bayes,model_only,2016,NH4,MT,0.0028714691846726125,0.002711382220024496,0.0005938937038339346,0.006051712512034346,1500,,0.002711382220024496,posterior_median,True
Bayes,model_only,2016,NH4,ST,0.003462239082528574,0.003305868052922675,0.0008527529664987751,0.0069693413579466545,1500,,0.003305868052922675,posterior_median,True
Bayes,model_only,2016,NO2,CT,0.027416532520514177,0.01648701103143524,0.0,0.11891559404542747,1500,,0.01648701103143524,posterior_median,True
Bayes,model_only,2016,NO2,MT,0.011504242080089605,0.004775329913408101,0.0,0.057090550100212106,1500,,0.004775329913408101,posterior_median,True
Bayes,model_only,2016,NO2,ST,0.014327780342373947,0.006458539099708399,0.0,0.07133280777115074,1500,,0.006458539099708399,posterior_median,True
Bayes,model_only,2016,NO3,CT,0.31325507091770216,0.3115207985354851,0.19738935523778192,0.43885229166220124,1500,,0.3115207985354851,posterior_median,True
Bayes,model_only,2016,NO3,MT,0.14433954305961771,0.14240818233836405,0.04736321055850422,0.25329450510115276,1500,,0.14240818233836405,posterior_median,True
Bayes,model_only,2016,NO3,ST,0.1923732058001684,0.1902503743217025,0.08789358068061018,0.3040011415537439,1500,,0.1902503743217025,posterior_median,True
Bayes,model_only,2016,OP,CT,0.002683178047728902,0.0023057914909850414,0.0,0.00808907789283065,1500,,0.0023057914909850414,posterior_median,True
Bayes,model_only,2016,OP,MT,0.0009568149803024586,0.0006404925274410741,0.0,0.003602094102306313,1500,,0.0006404925274410741,posterior_median,True
Bayes,model_only,2016,OP,ST,0.00141103629075634,0.0010568020342656718,0.0,0.004791787372590079,1500,,0.0010568020342656718,posterior_median,True
Bayes,model_only,2016,Se,CT,0.00040434940958808684,0.00038858091397198904,0.0001522873647220955,0.0007329569175516187,1500,,0.00038858091397198904,posterior_median,True
Bayes,model_only,2016,Se,MT,0.00017237531236866872,0.00015972996550234225,3.208994898358255e-05,0.00038153792858318863,1500,,0.00015972996550234225,posterior_median,True
Bayes,model_only,2016,Se,ST,0.0002240986023366545,0.0002174388476582342,5.436553133254067e-05,0.000435742762108183,1500,,0.0002174388476582342,posterior_median,True
Bayes,model_only,2016,TDS,CT,55.65655082775637,54.26580367772359,19.1880751130299,101.71437921819354,1500,,54.26580367772359,posterior_median,True
Bayes,model_only,2016,TDS,MT,26.738904020678955,25.3379586845545,5.990244245817752,54.70018585068414,1500,,25.3379586845545,posterior_median,True
Bayes,model_only,2016,TDS,ST,34.93366968163861,33.813260306910934,10.927258033965364,67.58945722497751,1500,,33.813260306910934,posterior_median,True
Bayes,model_only,2016,TKN,CT,0.05601176128999648,0.048680463146536734,0.0,0.1569783533255241,1500,,0.048680463146536734,posterior_median,True
Bayes,model_only,2016,TKN,MT,0.0220256860793113,0.017429689597016407,0.0,0.07448895025192535,1500,,0.017429689597016407,posterior_median,True
Bayes,model_only,2016,TKN,ST,0.028620571516896162,0.022717456637807838,0.0,0.09105767542131943,1500,,0.022717456637807838,posterior_median,True
Bayes,model_only,2016,TN,CT,0.3003614043755968,0.2936982507902758,0.11908138301409198,0.5138750200218168,1500,,0.2936982507902758,posterior_median,True
Bayes,model_only,2016,TN,MT,0.12838766991297365,0.12077629172199618,0.02901964258518692,0.28068442626350754,1500,,0.12077629172199618,posterior_median,True
Bayes,model_only,2016,TN,ST,0.16939682597562655,0.16465157310981837,0.052739951924695196,0.3173735902396414,1500,,0.16465157310981837,posterior_median,True
Bayes,model_only,2016,TP,CT,0.0055767826422386075,0.0,0.0,0.03916436845897381,1500,,0.0,posterior_median,True
Bayes,model_only,2016,TP,MT,0.0019227993392566093,0.0,0.0,0.017094359743950724,1500,,0.0,posterior_median,True
Bayes,model_only,2016,TP,ST,0.0026619860870128313,0.0,0.0,0.022329810659964117,1500,,0.0,posterior_median,True
Bayes,model_only,2016,TSS,CT,17.658235938396803,9.629121297280056,0.0,77.94142945878313,1500,,9.629121297280056,posterior_median,True
Bayes,model_only,2016,TSS,MT,3.4201537217239153,0.0,0.0,27.125096995266997,1500,,0.0,posterior_median,True
Bayes,model_only,2016,TSS,ST,4.60436552748373,0.0,0.0,31.53532739237172,1500,,0.0,posterior_median,True
Bayes,model_only,2017,NH4,CT,0.02857829155285946,0.02630094296647613,0.0016968615978202519,0.0686403251397428,1500,,0.02630094296647613,posterior_median,True
Bayes,model_only,2017,NH4,MT,0.015189103138758287,0.014030333958764565,0.0004628573201676173,0.03653807367323089,1500,,0.014030333958764565,posterior_median,True
Bayes,model_only,2017,NH4,ST,0.013665664898125712,0.012321839029237001,0.0004747144584897083,0.03805584850492789,1500,,0.012321839029237001,posterior_median,True
Bayes,model_only,2017,NO2,CT,0.0739341825843585,0.04108878872015986,0.0,0.32031095606934584,1500,,0.04108878872015986,posterior_median,True
Bayes,model_only,2017,NO2,MT,0.03513399270302704,0.01752704112625312,0.0,0.16976548716914092,1500,,0.01752704112625312,posterior_median,True
Bayes,model_only,2017,NO2,ST,0.03307239121570829,0.015849090114125552,0.0,0.17508346411866943,1500,,0.015849090114125552,posterior_median,True
Bayes,model_only,2017,NO3,CT,1.8904237382113882,1.8920045074241392,1.4279226221492367,2.3743305676469904,1500,,1.8920045074241392,posterior_median,True
Bayes,model_only,2017,NO3,MT,1.1121150137277547,1.1099699953124638,0.7952954798487614,1.441278938613439,1500,,1.1099699953124638,posterior_median,True
Bayes,model_only,2017,NO3,ST,1.011805085573628,1.01164032359941,0.6995097854921555,1.3402727136835855,1500,,1.01164032359941,posterior_median,True
Bayes,model_only,2017,OP,CT,0.017664990943617554,0.016230220679130103,0.003091677143994236,0.03864427747026555,1500,,0.016230220679130103,posterior_median,True
Bayes,model_only,2017,OP,MT,0.005807132320904297,0.005089367638898178,0.00029631579922202364,0.015311347144609749,1500,,0.005089367638898178,posterior_median,True
Bayes,model_only,2017,OP,ST,0.005063305993463199,0.004214680471856424,0.0002468567400666732,0.013575730122444715,1500,,0.004214680471856424,posterior_median,True
Bayes,model_only,2017,Se,CT,0.0013426034722909496,0.0013422592804878952,0.00044262743004365565,0.0022779701782300577,1500,,0.0013422592804878952,posterior_median,True
Bayes,model_only,2017,Se,MT,0.0007013309522730095,0.0006893096788008429,0.0002061596133870721,0.0012504968896476774,1500,,0.0006893096788008429,posterior_median,True
Bayes,model_only,2017,Se,ST,0.0006282877790628986,0.0006169926647278572,0.00017350465990688426,0.0011567680913108585,1500,,0.0006169926647278572,posterior_median,True
Bayes,model_only,2017,TDS,CT,163.87571707036636,162.09355610725999,76.72230735698848,259.07169919715835,1500,,162.09355610725999,posterior_median,True
Bayes,model_only,2017,TDS,MT,100.68339068724748,99.68663311528866,48.48080334224526,158.40633274361068,1500,,99.68663311528866,posterior_median,True
Bayes,model_only,2017,TDS,ST,91.1623460898938,89.40411401717773,41.851049929702704,147.08930750632297,1500,,89.40411401717773,posterior_median,True
Bayes,model_only,2017,TKN,CT,0.9220053857586755,0.9120910693113059,0.5522958560959482,1.3243877548413132,1500,,0.9120910693113059,posterior_median,True
Bayes,model_only,2017,TKN,MT,0.3688112701568388,0.3593565150898732,0.1742887960323971,0.6099339493152234,1500,,0.3593565150898732,posterior_median,True
Bayes,model_only,2017,TKN,ST,0.3203037846690319,0.31182127647813396,0.12710419789913466,0.5754346375744732,1500,,0.31182127647813396,posterior_median,True
Bayes,model_only,2017,TN,CT,1.2393313770065315,1.1280834406836737,0.0,3.463472050626483,1500,,1.1280834406836737,posterior_median,True
Bayes,model_only,2017,TN,MT,0.6622443287652492,0.5965735267378593,0.0,1.9053415243159255,1500,,0.5965735267378593,posterior_median,True
Bayes,model_only,2017,TN,ST,0.5903449986307328,0.5183349348747901,0.0,1.7514167291918221,1500,,0.5183349348747901,posterior_median,True
Bayes,model_only,2017,TP,CT,0.06712775940199697,0.046852324569251314,0.0,0.22997462149088924,1500,,0.046852324569251314,posterior_median,True
Bayes,model_only,2017,TP,MT,0.008648269103371678,0.001212397330021259,0.0,0.05768100793454414,1500,,0.001212397330021259,posterior_median,True
Bayes,model_only,2017,TP,ST,0.007339933168161003,0.0005078937856504896,0.0,0.05026317315120768,1500,,0.0005078937856504896,posterior_median,True
Bayes,model_only,2017,TSS,CT,246.68157362050874,228.66310549925484,78.95727808033587,505.3136168565368,1500,,228.66310549925484,posterior_median,True
Bayes,model_only,2017,TSS,MT,30.83225778708861,20.53865763366266,0.0,121.34202512971943,1500,,20.53865763366266,posterior_median,True
Bayes,model_only,2017,TSS,ST,30.50212280289656,21.266493990366865,0.0,118.80877903644405,1500,,21.266493990366865,posterior_median,True
Bayes,model_only,2018,NH4,CT,0.019000938071108593,0.016524785926461824,0.0007143250086498139,0.051549385732507974,1500,,0.016524785926461824,posterior_median,True
Bayes,model_only,2018,NH4,MT,0.016154588994289544,0.014151401575748072,0.0006276172924754533,0.04618184394548735,1500,,0.014151401575748072,posterior_median,True
Bayes,model_only,2018,NH4,ST,0.015970968721524603,0.013787092400088841,0.0005647723586827377,0.04509553715736038,1500,,0.013787092400088841,posterior_median,True
Bayes,model_only,2018,NO2,CT,0.05966189081373845,0.03820089083889659,0.0,0.2565251228806707,1500,,0.03820089083889659,posterior_median,True
Bayes,model_only,2018,NO2,MT,0.04839900383313011,0.02825388567725836,0.0,0.21511802299988605,1500,,0.02825388567725836,posterior_median,True
Bayes,model_only,2018,NO2,ST,0.04912026737339669,0.030392646166837956,0.0,0.22424509896456676,1500,,0.030392646166837956,posterior_median,True
Bayes,model_only,2018,NO3,CT,1.223598443079765,1.1787812993196667,0.5211087922000732,2.1722357414993336,1500,,1.1787812993196667,posterior_median,True
Bayes,model_only,2018,NO3,MT,1.0916264000252378,1.0502738134394989,0.46863853881095974,2.0006014040562654,1500,,1.0502738134394989,posterior_median,True
Bayes,model_only,2018,NO3,ST,1.0858025236485742,1.0302980999247648,0.4708212759149051,1.9669963544374292,1500,,1.0302980999247648,posterior_median,True
Bayes,model_only,2018,OP,CT,0.03741385907678938,0.03275946647624095,0.009560503472482622,0.0929622270052107,1500,,0.03275946647624095,posterior_median,True
Bayes,model_only,2018,OP,MT,0.03402209362243113,0.030249986532371785,0.00933075948892188,0.0795332505929177,1500,,0.030249986532371785,posterior_median,True
Bayes,model_only,2018,OP,ST,0.03392403672613538,0.030155158996008867,0.009512991213179493,0.07777674746862812,1500,,0.030155158996008867,posterior_median,True
Bayes,model_only,2018,Se,CT,0.0009794191762819134,0.0009409334986808485,0.0003551663543278417,0.0018143988672747718,1500,,0.0009409334986808485,posterior_median,True
Bayes,model_only,2018,Se,MT,0.0008134349430812121,0.0007772473095375138,0.0002833510261492291,0.0015347646195689659,1500,,0.0007772473095375138,posterior_median,True
Bayes,model_only,2018,Se,ST,0.0008147621742929156,0.0007849626188367962,0.00030822678872246336,0.00158443572690585,1500,,0.0007849626188367962,posterior_median,True
Bayes,model_only,2018,TDS,CT,146.19701454656183,140.31700980264696,56.897491748931394,259.9001138387933,1500,,140.31700980264696,posterior_median,True
Bayes,model_only,2018,TDS,MT,130.46723963854603,124.9600523458,51.71622073117803,243.11086034309182,1500,,124.9600523458,posterior_median,True
Bayes,model_only,2018,TDS,ST,129.83893834963695,124.57953149569438,50.53501074358144,243.54230670624628,1500,,124.57953149569438,posterior_median,True
Bayes,model_only,2018,TKN,CT,0.3622384460320748,0.2844833183881211,0.0001485682183197121,1.1497529322073397,1500,,0.2844833183881211,posterior_median,True
Bayes,model_only,2018,TKN,MT,0.2988335150015574,0.23055206855021593,0.0,1.0025114578559513,1500,,0.23055206855021593,posterior_median,True
Bayes,model_only,2018,TKN,ST,0.2946416285364931,0.22952532208236592,0.0,1.0059441065890855,1500,,0.22952532208236592,posterior_median,True
Bayes,model_only,2018,TN,CT,0.9297746874936773,0.8318874680052799,0.0,2.391784661700455,1500,,0.8318874680052799,posterior_median,True
Bayes,model_only,2018,TN,MT,0.782764018830539,0.7058893961915469,0.0,2.1966199013068004,1500,,0.7058893961915469,posterior_median,True
Bayes,model_only,2018,TN,ST,0.7781398679722299,0.6865726618855424,0.0,2.123540879086307,1500,,0.6865726618855424,posterior_median,True
Bayes,model_only,2018,TP,CT,0.08298976379541809,0.03673126228621038,0.0,0.42284039863973444,1500,,0.03673126228621038,posterior_median,True
Bayes,model_only,2018,TP,MT,0.06492115739778231,0.025951513555596932,0.0,0.35065627384023923,1500,,0.025951513555596932,posterior_median,True
Bayes,model_only,2018,TP,ST,0.06555983274821257,0.02741246298774882,0.0,0.33236527698834023,1500,,0.02741246298774882,posterior_median,True
Bayes,model_only,2018,TSS,CT,149.42541443435965,112.81524863258352,3.7624865214692695,496.0144682585694,1500,,112.81524863258352,posterior_median,True
Bayes,model_only,2018,TSS,MT,111.85276642222715,84.3336222771455,0.0,374.1971261532892,1500,,84.3336222771455,posterior_median,True
Bayes,model_only,2018,TSS,ST,112.09532693656388,84.01768820628917,1.1716209991956554,388.1805539031212,1500,,84.01768820628917,posterior_median,True
Bayes,model_only,2019,NH4,CT,0.004379620872843108,0.0036630139113004116,0.0,0.012765981961696227,1500,,0.0036630139113004116,posterior_median,True
Bayes,model_only,2019,NH4,MT,0.004345234548518311,0.0036693312932374765,0.0,0.01344699686216295,1500,,0.0036693312932374765,posterior_median,True
Bayes,model_only,2019,NH4,ST,0.00441125237875315,0.0036616017843041186,0.0,0.012938085097010282,1500,,0.0036616017843041186,posterior_median,True
Bayes,model_only,2019,NO2,CT,0.008042527190673863,0.0006838068953906032,0.0,0.04782294689611312,1500,,0.0006838068953906032,posterior_median,True
Bayes,model_only,2019,NO2,MT,0.007888205886067564,0.0003508012866667973,0.0,0.044772808726441224,1500,,0.0003508012866667973,posterior_median,True
Bayes,model_only,2019,NO2,ST,0.007829460823771933,0.0006480248239881434,0.0,0.047871321472442,1500,,0.0006480248239881434,posterior_median,True
Bayes,model_only,2019,NO3,CT,0.26301049253752395,0.25632032012029826,0.07824496733363849,0.4899753591702049,1500,,0.25632032012029826,posterior_median,True
Bayes,model_only,2019,NO3,MT,0.26369352590879397,0.25642975799188433,0.0808954147119127,0.48859159532291935,1500,,0.25642975799188433,posterior_median,True
Bayes,model_only,2019,NO3,ST,0.26432252490877695,0.2580892664102643,0.08223337369039271,0.4873819713837403,1500,,0.2580892664102643,posterior_median,True
Bayes,model_only,2019,OP,CT,0.01009713753064204,0.009538465126043349,0.001272040623978887,0.021847054234088503,1500,,0.009538465126043349,posterior_median,True
Bayes,model_only,2019,OP,MT,0.010098433463925041,0.009723936939825949,0.0015825977770672782,0.02249951593484709,1500,,0.009723936939825949,posterior_median,True
Bayes,model_only,2019,OP,ST,0.010059937111101447,0.009526848349878225,0.0015840254657683134,0.021645227802822,1500,,0.009526848349878225,posterior_median,True
Bayes,model_only,2019,Se,CT,0.00018418250791195278,0.00017510055241712862,3.416608096924062e-05,0.0003917074866715882,1500,,0.00017510055241712862,posterior_median,True
Bayes,model_only,2019,Se,MT,0.00018297243022768843,0.0001706289839062958,3.3285180869297625e-05,0.00039217437510287483,1500,,0.0001706289839062958,posterior_median,True
Bayes,model_only,2019,Se,ST,0.00018313983936238005,0.00017606565376215426,4.1321203678884644e-05,0.0003848728315497839,1500,,0.00017606565376215426,posterior_median,True
Bayes,model_only,2019,TDS,CT,31.758832867061262,30.76875040557661,9.579598166137304,58.86592028574314,1500,,30.76875040557661,posterior_median,True
Bayes,model_only,2019,TDS,MT,31.61312997883994,30.447111392761766,9.520856391169243,59.18444980739622,1500,,30.447111392761766,posterior_median,True
Bayes,model_only,2019,TDS,ST,32.058821968544905,31.239023198691658,9.650409238240185,59.478079740850944,1500,,31.239023198691658,posterior_median,True
Bayes,model_only,2019,TKN,CT,0.03552695323959617,0.007552678056805252,0.0,0.17929773269543944,1500,,0.007552678056805252,posterior_median,True
Bayes,model_only,2019,TKN,MT,0.03443507853269124,0.0043053916643036,0.0,0.1908975980374622,1500,,0.0043053916643036,posterior_median,True
Bayes,model_only,2019,TKN,ST,0.03161949129911009,0.0035472096382975146,0.0,0.17437283964007091,1500,,0.0035472096382975146,posterior_median,True
Bayes,model_only,2019,TN,CT,0.21472744475150507,0.19520495000054883,0.0,0.5793671843088801,1500,,0.19520495000054883,posterior_median,True
Bayes,model_only,2019,TN,MT,0.2149722954604696,0.1890960341411832,0.0,0.5869187055596162,1500,,0.1890960341411832,posterior_median,True
Bayes,model_only,2019,TN,ST,0.21495553932880765,0.1888622427193437,0.0,0.5878564998756616,1500,,0.1888622427193437,posterior_median,True
Bayes,model_only,2019,TP,CT,0.013588149040893012,0.0019967686310170037,0.0,0.07971107756593727,1500,,0.0019967686310170037,posterior_median,True
Bayes,model_only,2019,TP,MT,0.013374367479035082,0.0016407261948227444,0.0,0.07330270191126047,1500,,0.0016407261948227444,posterior_median,True
Bayes,model_only,2019,TP,ST,0.013982651931287388,0.001941476820374639,0.0,0.08428986655847585,1500,,0.001941476820374639,posterior_median,True
Bayes,model_only,2019,TSS,CT,30.89024457837106,23.646614014274107,0.0,113.17433537017381,1500,,23.646614014274107,posterior_median,True
Bayes,model_only,2019,TSS,MT,30.28369006589639,22.318929748696597,0.0,104.95186005164604,1500,,22.318929748696597,posterior_median,True
Bayes,model_only,2019,TSS,ST,30.751330561211347,21.79345946538387,0.0,111.68533396215544,1500,,21.79345946538387,posterior_median,True
Bayes,model_only,2020,NH4,CT,0.01955822876359682,0.01794617805147227,0.0014894778575718188,0.045486114009811444,1500,,0.01794617805147227,posterior_median,True
Bayes,model_only,2020,NH4,MT,0.012585417524340272,0.011528808523206648,0.0008318179958114083,0.03000779632785013,1500,,0.011528808523206648,posterior_median,True
Bayes,model_only,2020,NH4,ST,0.01348133094409688,0.012552873059889693,0.000846179031332358,0.031956064134538276,1500,,0.012552873059889693,posterior_median,True
Bayes,model_only,2020,NO2,CT,0.08083110338430545,0.05980390666818644,0.0,0.2915631778201942,1500,,0.05980390666818644,posterior_median,True
Bayes,model_only,2020,NO2,MT,0.041618783568870873,0.0282680404424751,0.0,0.16541812707425013,1500,,0.0282680404424751,posterior_median,True
Bayes,model_only,2020,NO2,ST,0.04552992415805064,0.030904524102515762,0.0,0.1806921568306014,1500,,0.030904524102515762,posterior_median,True
Bayes,model_only,2020,NO3,CT,1.4236386221847441,1.408191227067856,0.9459922320801861,1.9773930630229133,1500,,1.408191227067856,posterior_median,True
Bayes,model_only,2020,NO3,MT,0.9167430358130195,0.9157726528966905,0.5406480267728406,1.3280533233832137,1500,,0.9157726528966905,posterior_median,True
Bayes,model_only,2020,NO3,ST,0.9662159277132247,0.9671894863221825,0.6303538137137025,1.3367711522866903,1500,,0.9671894863221825,posterior_median,True
Bayes,model_only,2020,OP,CT,0.02399498853000961,0.02267970646394034,0.004379636065557924,0.05406640649837701,1500,,0.02267970646394034,posterior_median,True
Bayes,model_only,2020,OP,MT,0.01712803243768279,0.015888029378529796,0.0036331913276793494,0.03694863645748833,1500,,0.015888029378529796,posterior_median,True
Bayes,model_only,2020,OP,ST,0.01791992369764008,0.01698155832796646,0.0037757053262702034,0.03701389437273904,1500,,0.01698155832796646,posterior_median,True
Bayes,model_only,2020,Se,CT,0.0012010538859946248,0.0011985015164861193,0.0007876643703512274,0.0016391263517941382,1500,,0.0011985015164861193,posterior_median,True
Bayes,model_only,2020,Se,MT,0.0006576623134327039,0.0006465407575231789,0.00038622015676381335,0.0009601665288819534,1500,,0.0006465407575231789,posterior_median,True
Bayes,model_only,2020,Se,ST,0.0006897543610619964,0.0006881156184048607,0.0004411569982724047,0.0009630984140575332,1500,,0.0006881156184048607,posterior_median,True
Bayes,model_only,2020,TDS,CT,159.81235015916394,156.84560323041478,77.89027563256715,252.99969477429877,1500,,156.84560323041478,posterior_median,True
Bayes,model_only,2020,TDS,MT,104.2845616258165,102.3906570144816,49.345309663971925,173.8944686121168,1500,,102.3906570144816,posterior_median,True
Bayes,model_only,2020,TDS,ST,109.60896579880288,107.94263302032118,55.35737137425974,171.67745982244884,1500,,107.94263302032118,posterior_median,True
Bayes,model_only,2020,TKN,CT,0.49150051464478245,0.47144160600350205,0.21193248581514362,0.8846402827817992,1500,,0.47144160600350205,posterior_median,True
Bayes,model_only,2020,TKN,MT,0.27118140955548886,0.2549017408362728,0.08481624411259103,0.5442907323572618,1500,,0.2549017408362728,posterior_median,True
Bayes,model_only,2020,TKN,ST,0.29062867133721393,0.2796154278971933,0.09389652211042564,0.5724179149975472,1500,,0.2796154278971933,posterior_median,True
Bayes,model_only,2020,TN,CT,1.1573319438524605,1.124218563538055,0.10216095879872711,2.3869220583853847,1500,,1.124218563538055,posterior_median,True
Bayes,model_only,2020,TN,MT,0.6887251859666518,0.6521214114873466,0.040394157683236225,1.566870068440971,1500,,0.6521214114873466,posterior_median,True
Bayes,model_only,2020,TN,ST,0.7293468567635052,0.700034644862036,0.047850306629344815,1.6167783928308108,1500,,0.700034644862036,posterior_median,True
Bayes,model_only,2020,TP,CT,0.057753175335609475,0.03883625825816123,0.0,0.21281917598786051,1500,,0.03883625825816123,posterior_median,True
Bayes,model_only,2020,TP,MT,0.03794606245578407,0.025199130863578764,0.0,0.15500129540267996,1500,,0.025199130863578764,posterior_median,True
Bayes,model_only,2020,TP,ST,0.039287713629774616,0.026641659124343173,0.0,0.14940689143313476,1500,,0.026641659124343173,posterior_median,True
Bayes,model_only,2020,TSS,CT,64.67209424719282,47.01166982661089,0.0,226.7674034028632,1500,,47.01166982661089,posterior_median,True
Bayes,model_only,2020,TSS,MT,28.25030486600025,18.662014075340544,0.0,119.1775847000686,1500,,18.662014075340544,posterior_median,True
Bayes,model_only,2020,TSS,ST,26.269940639333935,15.945529281959601,0.0,112.57142401890108,1500,,15.945529281959601,posterior_median,True
Bayes,model_only,2021,NH4,CT,0.019740325939767482,0.01835669760462385,0.002237704551167071,0.04477104670483411,1500,,0.01835669760462385,posterior_median,True
Bayes,model_only,2021,NH4,MT,0.013457607917576558,0.012248958257714049,0.0008869740381847076,0.033340926355438935,1500,,0.012248958257714049,posterior_median,True
Bayes,model_only,2021,NH4,ST,0.02832118247401143,0.026869508136825874,0.0024521621807883877,0.0629471024248001,1500,,0.026869508136825874,posterior_median,True
Bayes,model_only,2021,NO2,CT,0.0720825159377466,0.06176378800737769,0.0017969734289506073,0.2028221928612218,1500,,0.06176378800737769,posterior_median,True
Bayes,model_only,2021,NO2,MT,0.031585444844780826,0.022579340003576448,0.0,0.11846982186997931,1500,,0.022579340003576448,posterior_median,True
Bayes,model_only,2021,NO2,ST,0.07021944419937934,0.05413809170725739,0.0,0.2408618849660691,1500,,0.05413809170725739,posterior_median,True
Bayes,model_only,2021,NO3,CT,1.338814314864557,1.3369088994566944,0.9365493263455831,1.7533215312057955,1500,,1.3369088994566944,posterior_median,True
Bayes,model_only,2021,NO3,MT,0.8586246741172765,0.8506327876655388,0.4841160661950954,1.3018728921339646,1500,,0.8506327876655388,posterior_median,True
Bayes,model_only,2021,NO3,ST,1.8107733247605817,1.8120745090573087,1.3582745611995923,2.266522133486072,1500,,1.8120745090573087,posterior_median,True
Bayes,model_only,2021,OP,CT,0.030521120689193593,0.029542398257788267,0.01114159285125,0.05562474483956196,1500,,0.029542398257788267,posterior_median,True
Bayes,model_only,2021,OP,MT,0.021430667955355493,0.020403589933183315,0.007973053367720152,0.039534855369770625,1500,,0.020403589933183315,posterior_median,True
Bayes,model_only,2021,OP,ST,0.04203966723714405,0.0406478852987729,0.017768705903237276,0.07363547888119483,1500,,0.0406478852987729,posterior_median,True
Bayes,model_only,2021,Se,CT,0.001167553963897252,0.0011667861618573474,0.0008169184154030332,0.0015579576256308692,1500,,0.0011667861618573474,posterior_median,True
Bayes,model_only,2021,Se,MT,0.0006319075375435681,0.0006209130626813875,0.0003657648010731869,0.0009445740164234106,1500,,0.0006209130626813875,posterior_median,True
Bayes,model_only,2021,Se,ST,0.0013601224772107105,0.00136134124427261,0.0010169686736345165,0.0016870050961530763,1500,,0.00136134124427261,posterior_median,True
Bayes,model_only,2021,TDS,CT,142.173511571257,139.30052625011342,75.3252737495997,229.57933449629311,1500,,139.30052625011342,posterior_median,True
Bayes,model_only,2021,TDS,MT,94.80434856530705,92.96982827718908,43.99809279675007,159.56236237582837,1500,,92.96982827718908,posterior_median,True
Bayes,model_only,2021,TDS,ST,199.61246327484935,196.68797519915125,116.18800798735641,297.5556599116337,1500,,196.68797519915125,posterior_median,True
Bayes,model_only,2021,TKN,CT,0.46176978807682434,0.45410269817131566,0.21943721856243303,0.7402912267685917,1500,,0.45410269817131566,posterior_median,True
Bayes,model_only,2021,TKN,MT,0.16279873321895624,0.15297595751161952,0.04327294245130329,0.34521022839346555,1500,,0.15297595751161952,posterior_median,True
Bayes,model_only,2021,TKN,ST,0.2908838097574507,0.27318677880191466,0.08907568451883158,0.5797503464195766,1500,,0.27318677880191466,posterior_median,True
Bayes,model_only,2021,TN,CT,1.073750733072942,1.0346872705373686,0.0857653924823964,2.249026431701666,1500,,1.0346872705373686,posterior_median,True
Bayes,model_only,2021,TN,MT,0.6334771818250478,0.581026921319771,0.031263133091242026,1.5259194732168297,1500,,0.581026921319771,posterior_median,True
Bayes,model_only,2021,TN,ST,1.3603990916089268,1.3094892096168804,0.07089257354380493,2.979361319992791,1500,,1.3094892096168804,posterior_median,True
Bayes,model_only,2021,TP,CT,0.18630532340397774,0.1665843871884885,0.042866766153631004,0.4168724495586501,1500,,0.1665843871884885,posterior_median,True
Bayes,model_only,2021,TP,MT,0.10901610395043011,0.09663179264939456,0.02295079629682805,0.26516469273764637,1500,,0.09663179264939456,posterior_median,True
Bayes,model_only,2021,TP,ST,0.21703210921981894,0.19305583112768315,0.047126058487893,0.4990245623462031,1500,,0.19305583112768315,posterior_median,True
Bayes,model_only,2021,TSS,CT,184.08486065594593,174.71870019529408,56.44780770550453,379.0504733548009,1500,,174.71870019529408,posterior_median,True
Bayes,model_only,2021,TSS,MT,88.21150033396546,77.59754518381487,17.082694431946056,224.33707906417357,1500,,77.59754518381487,posterior_median,True
Bayes,model_only,2021,TSS,ST,167.73480221997247,148.5633488691118,32.49956151193807,414.218840910795,1500,,148.5633488691118,posterior_median,True
Bayes,model_only,2022,NH4,CT,0.026780447081803146,0.024981314915032627,0.0024192551613832535,0.06022936946868597,1500,,0.024981314915032627,posterior_median,True
Bayes,model_only,2022,NH4,MT,0.03860881919371806,0.03602453930577841,0.003397720964502597,0.08720682296769869,1500,,0.03602453930577841,posterior_median,True
Bayes,model_only,2022,NH4,ST,0.0403136700076427,0.03838571850216831,0.004197306862681206,0.09241219069065028,1500,,0.03838571850216831,posterior_median,True
Bayes,model_only,2022,NO2,CT,0.06353966329501641,0.061303997275666613,0.02575796715377037,0.11545269815120823,1500,,0.061303997275666613,posterior_median,True
Bayes,model_only,2022,NO2,MT,0.08224082997344641,0.07921933672374865,0.04155084095180206,0.14377030171213886,1500,,0.07921933672374865,posterior_median,True
Bayes,model_only,2022,NO2,ST,0.06876289482332967,0.06651703908495393,0.029058897336488844,0.12613840535814608,1500,,0.06651703908495393,posterior_median,True
Bayes,model_only,2022,NO3,CT,1.582304419404784,1.57674882685758,1.1161731280052287,2.0744502727327965,1500,,1.57674882685758,posterior_median,True
Bayes,model_only,2022,NO3,MT,2.4133298922474595,2.4144886086298234,1.9194391479350679,2.9244832353184,1500,,2.4144886086298234,posterior_median,True
Bayes,model_only,2022,NO3,ST,2.502754511047068,2.5057293237469684,1.9585310741128947,3.0379564405478496,1500,,2.5057293237469684,posterior_median,True
Bayes,model_only,2022,OP,CT,0.036052314843107516,0.03505704935211576,0.014055715004180843,0.06376173312287539,1500,,0.03505704935211576,posterior_median,True
Bayes,model_only,2022,OP,MT,0.05538754316961152,0.05449098508338238,0.02689827233965955,0.08975045710958197,1500,,0.05449098508338238,posterior_median,True
Bayes,model_only,2022,OP,ST,0.0616437350201368,0.060769013044307804,0.031024571640694772,0.09735732376704298,1500,,0.060769013044307804,posterior_median,True
Bayes,model_only,2022,Se,CT,0.0017100020379387526,0.0017008527437151785,0.001223407939901595,0.002264559063254497,1500,,0.0017008527437151785,posterior_median,True
Bayes,model_only,2022,Se,MT,0.0022107642267652446,0.002202079147315809,0.0017790395009232168,0.0026814890261361458,1500,,0.002202079147315809,posterior_median,True
Bayes,model_only,2022,Se,ST,0.002254053774805253,0.002249306584053853,0.0018102241297415901,0.002740601029749041,1500,,0.002249306584053853,posterior_median,True
Bayes,model_only,2022,TDS,CT,199.2662865712676,195.31994107909372,105.51170931885675,312.51117316763225,1500,,195.31994107909372,posterior_median,True
Bayes,model_only,2022,TDS,MT,309.81363136931407,308.2587981533062,181.58844568634112,446.8221592676918,1500,,308.2587981533062,posterior_median,True
Bayes,model_only,2022,TDS,ST,318.78622818123335,317.7063687628158,184.9239753377268,451.0406100563609,1500,,317.7063687628158,posterior_median,True
Bayes,model_only,2022,TKN,CT,0.757318007470907,0.7395952655689461,0.36133304521412957,1.2306913538343989,1500,,0.7395952655689461,posterior_median,True
Bayes,model_only,2022,TKN,MT,1.0565943205680692,1.0399632794233993,0.5140078577333734,1.67106491396607,1500,,1.0399632794233993,posterior_median,True
Bayes,model_only,2022,TKN,ST,1.262359112005319,1.2432133805819836,0.6715605523754652,1.9425919872354263,1500,,1.2432133805819836,posterior_median,True
Bayes,model_only,2022,TN,CT,1.4626905820073866,1.3855710406021493,0.07099277775438027,3.1550788758821264,1500,,1.3855710406021493,posterior_median,True
Bayes,model_only,2022,TN,MT,2.1047659487739985,2.0254441954771814,0.07532620808814354,4.525137339860457,1500,,2.0254441954771814,posterior_median,True
Bayes,model_only,2022,TN,ST,2.1758969615762145,2.0911534945633043,0.13559181384664618,4.566200264294013,1500,,2.0911534945633043,posterior_median,True
Bayes,model_only,2022,TP,CT,0.1567510269722939,0.13583764314145225,0.026113703661198685,0.39250934467850673,1500,,0.13583764314145225,posterior_median,True
Bayes,model_only,2022,TP,MT,0.2651978381446583,0.23006605938262265,0.05143548955775858,0.6339044796883831,1500,,0.23006605938262265,posterior_median,True
Bayes,model_only,2022,TP,ST,0.2838380302019545,0.2515371132706382,0.06600817554979312,0.6497311937416272,1500,,0.2515371132706382,posterior_median,True
Bayes,model_only,2022,TSS,CT,223.8651643645304,206.78687818418874,70.40945422325622,482.38420058506057,1500,,206.78687818418874,posterior_median,True
Bayes,model_only,2022,TSS,MT,261.94730832530223,235.5147841771366,61.63358231991323,622.2050463730819,1500,,235.5147841771366,posterior_median,True
Bayes,model_only,2022,TSS,ST,278.84987954397025,253.89607802005327,70.23593075868123,623.2940855706566,1500,,253.89607802005327,posterior_median,True
Bayes,model_only,2023,NH4,CT,0.0253884090062976,0.02274675742233253,0.0019179567466856898,0.07112838935972009,1500,,0.02274675742233253,posterior_median,True
Bayes,model_only,2023,NH4,MT,0.03586922705603147,0.031993192571116706,0.003207535863788918,0.0953219922641051,1500,,0.031993192571116706,posterior_median,True
Bayes,model_only,2023,NH4,ST,0.03356797865334059,0.02924614290256001,0.0030566636665389276,0.08908192419319388,1500,,0.02924614290256001,posterior_median,True
Bayes,model_only,2023,NO2,CT,0.010423617540406632,0.007152524214019242,0.0,0.042436251076216534,1500,,0.007152524214019242,posterior_median,True
Bayes,model_only,2023,NO2,MT,0.01627367052467197,0.01285112577385286,0.0,0.05742521036322553,1500,,0.01285112577385286,posterior_median,True
Bayes,model_only,2023,NO2,ST,0.015562360278212596,0.011257953872485826,0.0,0.055332371574482966,1500,,0.011257953872485826,posterior_median,True
Bayes,model_only,2023,NO3,CT,1.6537841995841192,1.6294258085783737,1.1541026242192547,2.277703430937056,1500,,1.6294258085783737,posterior_median,True
Bayes,model_only,2023,NO3,MT,2.585339502601527,2.5402093245793376,1.8733266438451561,3.457812129358626,1500,,2.5402093245793376,posterior_median,True
Bayes,model_only,2023,NO3,ST,2.1303376595999994,2.093848869684085,1.489619087762557,2.919140190537986,1500,,2.093848869684085,posterior_median,True
Bayes,model_only,2023,OP,CT,0.02277812823839897,0.022131517780923555,0.009930440283525464,0.04130886519807384,1500,,0.022131517780923555,posterior_median,True
Bayes,model_only,2023,OP,MT,0.03707473781445808,0.03631881903550265,0.018343434636261178,0.06274182936964917,1500,,0.03631881903550265,posterior_median,True
Bayes,model_only,2023,OP,ST,0.03840258508326229,0.03783883790255685,0.01797290020402951,0.06214260447247392,1500,,0.03783883790255685,posterior_median,True
Bayes,model_only,2023,Se,CT,0.001463377226795576,0.001453000360708806,0.0006647225627054972,0.002332512426990158,1500,,0.001453000360708806,posterior_median,True
Bayes,model_only,2023,Se,MT,0.0020107686831414423,0.001998755661623203,0.00091610338106508,0.0030883157706122527,1500,,0.001998755661623203,posterior_median,True
Bayes,model_only,2023,Se,ST,0.0019176686404533622,0.0018896520515032694,0.0009031638864414241,0.0029737523961236648,1500,,0.0018896520515032694,posterior_median,True
Bayes,model_only,2023,TDS,CT,218.3206532755667,217.76612386825914,153.56961636316476,289.33026067289404,1500,,217.76612386825914,posterior_median,True
Bayes,model_only,2023,TDS,MT,331.86080222467064,331.6528833199235,247.0953915311155,421.5760373476039,1500,,331.6528833199235,posterior_median,True
Bayes,model_only,2023,TDS,ST,290.8664399824602,290.2781302856462,213.69612316492288,375.0100670044387,1500,,290.2781302856462,posterior_median,True
Bayes,model_only,2023,TKN,CT,1.7661326512163429,1.7506604419411995,1.0754628184285218,2.560030717433177,1500,,1.7506604419411995,posterior_median,True
Bayes,model_only,2023,TKN,MT,2.70064036958099,2.6839600506275074,1.8541442505356278,3.6838131719800367,1500,,2.6839600506275074,posterior_median,True
Bayes,model_only,2023,TKN,ST,3.023958760076327,3.0183448582287533,2.069830259484776,3.980450059925886,1500,,3.0183448582287533,posterior_median,True
Bayes,model_only,2023,TN,CT,1.346245122944111,1.239250791507637,0.03521994323376219,3.549211531862523,1500,,1.239250791507637,posterior_median,True
Bayes,model_only,2023,TN,MT,1.900019240542989,1.7806522740618096,0.037027118273282526,4.809927258115854,1500,,1.7806522740618096,posterior_median,True
Bayes,model_only,2023,TN,ST,1.6765468350250197,1.541465648426953,0.03776073505400774,4.274007438050515,1500,,1.541465648426953,posterior_median,True
Bayes,model_only,2023,TP,CT,0.05565987591527431,0.027298161575912513,0.0,0.2528955653747942,1500,,0.027298161575912513,posterior_median,True
Bayes,model_only,2023,TP,MT,0.10976492224916629,0.07319018899774912,0.0,0.4094233903981849,1500,,0.07319018899774912,posterior_median,True
Bayes,model_only,2023,TP,ST,0.08683727914331564,0.05112711296674415,0.0,0.35874007775575384,1500,,0.05112711296674415,posterior_median,True
Bayes,model_only,2023,TSS,CT,219.8545085440029,202.10513053333523,34.167423097702276,521.3353292681211,1500,,202.10513053333523,posterior_median,True
Bayes,model_only,2023,TSS,MT,315.17271045782667,287.9511002566843,76.12810549982593,701.8293766480302,1500,,287.9511002566843,posterior_median,True
Bayes,model_only,2023,TSS,ST,328.7206986383163,307.47783372799836,81.98322070768398,670.7152245015412,1500,,307.47783372799836,posterior_median,True
Bayes,model_only,2024,NH4,CT,0.018372095921722977,0.016200606505956238,0.0009720390812375505,0.05191812412876004,1500,,0.016200606505956238,posterior_median,True
Bayes,model_only,2024,NH4,MT,0.028621316756679945,0.025844362396987463,0.00155687288483434,0.07629642439548635,1500,,0.025844362396987463,posterior_median,True
Bayes,model_only,2024,NH4,ST,0.027610484686097947,0.024541369761845906,0.0010286535766551935,0.07627064774872276,1500,,0.024541369761845906,posterior_median,True
Bayes,model_only,2024,NO2,CT,0.004827739693926707,0.0016559202293638412,0.0,0.027025578126032204,1500,,0.0016559202293638412,posterior_median,True
Bayes,model_only,2024,NO2,MT,0.0032601463781746784,0.0,0.0,0.024356555864935382,1500,,0.0,posterior_median,True
Bayes,model_only,2024,NO2,ST,0.0046750111428846535,0.001892428738442488,0.0,0.026479970300505366,1500,,0.001892428738442488,posterior_median,True
Bayes,model_only,2024,NO3,CT,1.0949617504466969,1.074576499145959,0.7528503200204287,1.5162656433013773,1500,,1.074576499145959,posterior_median,True
Bayes,model_only,2024,NO3,MT,1.6776035921727859,1.658156378021518,1.208730373812171,2.2501489127901393,1500,,1.658156378021518,posterior_median,True
Bayes,model_only,2024,NO3,ST,1.6474482467052445,1.625261368281397,1.2202677383923906,2.1829587302069138,1500,,1.625261368281397,posterior_median,True
Bayes,model_only,2024,OP,CT,0.06087366421588492,0.06036314141904371,0.040300881046619184,0.08466811415998729,1500,,0.06036314141904371,posterior_median,True
Bayes,model_only,2024,OP,MT,0.08432196424757796,0.08362184041908766,0.05717762576532346,0.11530819387878893,1500,,0.08362184041908766,posterior_median,True
Bayes,model_only,2024,OP,ST,0.089493561751063,0.08952418360110713,0.06132139844388301,0.11847474747470348,1500,,0.08952418360110713,posterior_median,True
Bayes,model_only,2024,Se,CT,0.0008894468969841116,0.0008831615991445333,0.00030898732016114395,0.0015068471930387915,1500,,0.0008831615991445333,posterior_median,True
Bayes,model_only,2024,Se,MT,0.001317644287152404,0.0013092847327539352,0.00046390623455313076,0.002206670651140449,1500,,0.0013092847327539352,posterior_median,True
Bayes,model_only,2024,Se,ST,0.001287355722855084,0.0012787462464866964,0.0004298631736705139,0.002127307738241072,1500,,0.0012787462464866964,posterior_median,True
Bayes,model_only,2024,TDS,CT,158.73379688854982,158.7390464668668,111.97710691447844,209.2910249399098,1500,,158.7390464668668,posterior_median,True
Bayes,model_only,2024,TDS,MT,247.71670268069417,247.31468791811295,188.38637348187277,308.22460191891673,1500,,247.31468791811295,posterior_median,True
Bayes,model_only,2024,TDS,ST,240.28162910347916,239.709941929162,185.00284893980523,298.3070974311682,1500,,239.709941929162,posterior_median,True
Bayes,model_only,2024,TKN,CT,0.2288984075117915,0.21038931657224436,0.007919054461563593,0.582997376263927,1500,,0.21038931657224436,posterior_median,True
Bayes,model_only,2024,TKN,MT,0.2959440057365707,0.2717985711950809,0.017235901583128557,0.7606465100736416,1500,,0.2717985711950809,posterior_median,True
Bayes,model_only,2024,TKN,ST,0.365388511608708,0.3461199692049579,0.01774413940475806,0.8497937646603098,1500,,0.3461199692049579,posterior_median,True
Bayes,model_only,2024,TN,CT,0.963528286054313,0.9169246499298591,0.0,2.402445065749997,1500,,0.9169246499298591,posterior_median,True
Bayes,model_only,2024,TN,MT,1.4740306558148693,1.40358834957585,0.0,3.6338628819204515,1500,,1.40358834957585,posterior_median,True
Bayes,model_only,2024,TN,ST,1.4532335602358015,1.3765360981194228,0.0,3.589901850945049,1500,,1.3765360981194228,posterior_median,True
Bayes,model_only,2024,TP,CT,0.05890230092714154,0.038576133073995184,0.0,0.23351874201273382,1500,,0.038576133073995184,posterior_median,True
Bayes,model_only,2024,TP,MT,0.05980266224993771,0.026888296376100955,0.0,0.28339086173075617,1500,,0.026888296376100955,posterior_median,True
Bayes,model_only,2024,TP,ST,0.1545146412482211,0.13118815101692027,0.0,0.45480049767893344,1500,,0.13118815101692027,posterior_median,True
Bayes,model_only,2024,TSS,CT,108.20087670034331,95.55800497105079,11.834879620164864,276.3870784112957,1500,,95.55800497105079,posterior_median,True
Bayes,model_only,2024,TSS,MT,116.06430872362431,88.94941092505775,0.0,363.59163413018683,1500,,88.94941092505775,posterior_median,True
Bayes,model_only,2024,TSS,ST,271.47641495804606,259.13147081791993,60.47360120113642,553.5537824418976,1500,,259.13147081791993,posterior_median,True
Bayes,model_only,2025,NH4,CT,0.030558131785442626,0.028004290100239616,0.0010490698418319205,0.07455964379972847,1500,,0.028004290100239616,posterior_median,True
Bayes,model_only,2025,NH4,MT,0.040138184585657065,0.03654613957835215,0.0025541589925638392,0.10687458651587027,1500,,0.03654613957835215,posterior_median,True
Bayes,model_only,2025,NH4,ST,0.04075803176182096,0.03788714270020202,0.002011577904984373,0.09801079855862846,1500,,0.03788714270020202,posterior_median,True
Bayes,model_only,2025,NO2,CT,0.21412586399633146,0.2101807045035552,0.10936392788427256,0.34541803735085086,1500,,0.2101807045035552,posterior_median,True
Bayes,model_only,2025,NO2,MT,0.2787681714419338,0.2738350418037313,0.15537261937153193,0.437588914360812,1500,,0.2738350418037313,posterior_median,True
Bayes,model_only,2025,NO2,ST,0.2861507332105225,0.28093914735297076,0.15292629225057364,0.4534067510471925,1500,,0.28093914735297076,posterior_median,True
Bayes,model_only,2025,NO3,CT,0.49999270806313695,0.45480159446853285,0.1023202371823556,1.0994937019124915,1500,,0.45480159446853285,posterior_median,True
Bayes,model_only,2025,NO3,MT,0.6854534253279801,0.6314920558519685,0.15361709178910676,1.4641798736425973,1500,,0.6314920558519685,posterior_median,True
Bayes,model_only,2025,NO3,ST,0.7021310767471105,0.6498016293911094,0.1621195138791869,1.491733802805455,1500,,0.6498016293911094,posterior_median,True
Bayes,model_only,2025,OP,CT,0.048674674691687,0.04800392231044112,0.022587430794605946,0.08036300274349263,1500,,0.04800392231044112,posterior_median,True
Bayes,model_only,2025,OP,MT,0.08179714852205994,0.08070113344416446,0.044364435215901644,0.12373002273545745,1500,,0.08070113344416446,posterior_median,True
Bayes,model_only,2025,OP,ST,0.07021712363062017,0.06922758235811144,0.036402387775748654,0.11225407193080734,1500,,0.06922758235811144,posterior_median,True
Bayes,model_only,2025,Se,CT,0.0018196062864987868,0.0018193624571797768,0.0011317251355622633,0.0024811279760688374,1500,,0.0018193624571797768,posterior_median,True
Bayes,model_only,2025,Se,MT,0.002146519366276784,0.0021485403289795103,0.0012601245119499443,0.0029645759135695565,1500,,0.0021485403289795103,posterior_median,True
Bayes,model_only,2025,Se,ST,0.0022414181476209088,0.0022476005113453994,0.0013517484846219826,0.003098663756511009,1500,,0.0022476005113453994,posterior_median,True
Bayes,model_only,2025,TDS,CT,186.4880930301752,186.4567284916588,119.74406459659387,257.5130832356632,1500,,186.4567284916588,posterior_median,True
Bayes,model_only,2025,TDS,MT,242.5349318926449,242.7084217408053,159.55540895531476,328.9809412971497,1500,,242.7084217408053,posterior_median,True
Bayes,model_only,2025,TDS,ST,255.53440612588952,255.2797892935491,167.16287125296805,341.13073712044684,1500,,255.2797892935491,posterior_median,True
Bayes,model_only,2025,TKN,CT,0.3750396442257247,0.3505421438948338,0.056194979384553596,0.8258664353047065,1500,,0.3505421438948338,posterior_median,True
Bayes,model_only,2025,TKN,MT,0.4556075758209704,0.41309538133054957,0.07004342263138943,1.060044605745202,1500,,0.41309538133054957,posterior_median,True
Bayes,model_only,2025,TKN,ST,0.46879883520079835,0.4340167150152554,0.07741381403479025,1.0775508007411483,1500,,0.4340167150152554,posterior_median,True
Bayes,model_only,2025,TN,CT,1.6605353607384732,1.5654028312387596,0.0552699330282703,3.8809255049012306,1500,,1.5654028312387596,posterior_median,True
Bayes,model_only,2025,TN,MT,2.176064740187594,2.055967525197202,0.14822047142156428,5.100779156892898,1500,,2.055967525197202,posterior_median,True
Bayes,model_only,2025,TN,ST,2.2032448969990193,2.064124734362913,0.08885752764128299,5.197286372083124,1500,,2.064124734362913,posterior_median,True
Bayes,model_only,2025,TP,CT,0.32687890755027443,0.30633816842412853,0.02155483302717687,0.7882842560230179,1500,,0.30633816842412853,posterior_median,True
Bayes,model_only,2025,TP,MT,0.9393388450916258,0.9098827671400527,0.46166335092527666,1.5802069134348198,1500,,0.9098827671400527,posterior_median,True
Bayes,model_only,2025,TP,ST,0.6586390082880631,0.6407874490169367,0.1825961234179016,1.2763523143639819,1500,,0.6407874490169367,posterior_median,True
Bayes,model_only,2025,TSS,CT,184.23326096143842,156.03702821703632,8.231708035750973,495.33290254702285,1500,,156.03702821703632,posterior_median,True
Bayes,model_only,2025,TSS,MT,599.8097166940138,572.2872476403385,326.66846549343813,1007.6286811656425,1500,,572.2872476403385,posterior_median,True
Bayes,model_only,2025,TSS,ST,357.09131573036893,320.78537747326584,94.8900898602011,779.9014557874247,1500,,320.78537747326584,posterior_median,True
ML,full_record_model_only,2011,NH4,CT,0.05869272165518051,0.04561819508883594,0.01820261105453364,0.18270057334462464,2000,0.0297275393176198,0.0297275393176198,mean_of_replicate_annual_plot_totals,True
ML,full_record_model_only,2011,NH4,MT,0.06571569311232518,0.05015842187933098,0.020534551351355446,0.21802141594878705,2000,0.0332850206989163,0.0332850206989163,mean_of_replicate_annual_plot_totals,True
ML,full_record_model_only,2011,NH4,ST,0.05271242858376239,0.036843089228987325,0.012201191316642051,0.19000307869092897,2000,0.02101143641934585,0.02101143641934585,mean_of_replicate_annual_plot_totals,True
ML,full_record_model_only,2011,NO2,CT,0.08315626992587913,0.06621147257879714,0.03202614366052369,0.22824876521287826,2000,0.0470042678820769,0.0470042678820769,mean_of_replicate_annual_plot_totals,True
ML,full_record_model_only,2011,NO2,MT,0.1034259320941892,0.08315567268560493,0.04040437847130056,0.3060756159769461,2000,0.059871372750719604,0.059871372750719604,mean_of_replicate_annual_plot_totals,True
ML,full_record_model_only,2011,NO2,ST,0.08662342542674713,0.06579371852169628,0.029337441189049494,0.29287089190326815,2000,0.04697360740012835,0.04697360740012835,mean_of_replicate_annual_plot_totals,True
ML,full_record_model_only,2011,NO3,CT,1.043632098392834,0.8917843817904021,0.526144732898192,2.551009871209428,2000,0.7172185730779049,0.7172185730779049,mean_of_replicate_annual_plot_totals,True
ML,full_record_model_only,2011,NO3,MT,1.2847499709822878,1.0856877750901295,0.6326074767069765,3.2092946549025814,2000,0.8800085059171776,0.8800085059171776,mean_of_replicate_annual_plot_totals,True
ML,full_record_model_only,2011,NO3,ST,1.1198363573451413,0.9617567895686214,0.564750402927727,2.689643289699434,2000,0.7777506864388825,0.7777506864388825,mean_of_replicate_annual_plot_totals,True
ML,full_record_model_only,2011,OP,CT,0.04674557146966475,0.033620691942065205,0.012327784653058269,0.15991477636024418,2000,0.020710024909141797,0.020710024909141797,mean_of_replicate_annual_plot_totals,True
ML,full_record_model_only,2011,OP,MT,0.06466690479388555,0.045794013675446325,0.018668799350316186,0.2187858777472168,2000,0.030241694369794098,0.030241694369794098,mean_of_replicate_annual_plot_totals,True
ML,full_record_model_only,2011,OP,ST,0.044846476183741546,0.03180791744488104,0.010255581613325572,0.1606810897657889,2000,0.01724140857742595,0.01724140857742595,mean_of_replicate_annual_plot_totals,True
ML,full_record_model_only,2011,Se,CT,0.06755297217343194,0.0507870377677364,0.021559848417850535,0.21032213941136368,2000,0.0345989746774569,0.0345989746774569,mean_of_replicate_annual_plot_totals,True
ML,full_record_model_only,2011,Se,MT,0.07944161275709229,0.05993003307005192,0.026049263949728924,0.2616899293271706,2000,0.041609385911868996,0.041609385911868996,mean_of_replicate_annual_plot_totals,True
ML,full_record_model_only,2011,Se,ST,0.06573379335898094,0.047566599891854675,0.018840274914959484,0.21861150417845449,2000,0.03055119471226345,0.03055119471226345,mean_of_replicate_annual_plot_totals,True
ML,full_record_model_only,2011,TDS,CT,4.025889025582882,3.449718383057477,2.1194424559800993,8.99329708947506,2000,2.8139982079890196,2.8139982079890196,mean_of_replicate_annual_plot_totals,True
ML,full_record_model_only,2011,TDS,MT,4.581471367207011,3.8846630554528687,2.301038574539801,11.303251220382506,2000,3.143204379449181,3.143204379449181,mean_of_replicate_annual_plot_totals,True
ML,full_record_model_only,2011,TDS,ST,4.788112299681901,4.07565028719681,2.4345812734287278,12.062182605360563,2000,3.3153295310180257,3.3153295310180257,mean_of_replicate_annual_plot_totals,True
ML,full_record_model_only,2011,TKN,CT,0.6755831148828806,0.5722618367044003,0.3426532747905669,1.6026720108287411,2000,0.4608621678522494,0.4608621678522494,mean_of_replicate_annual_plot_totals,True
ML,full_record_model_only,2011,TKN,MT,0.7330982661932242,0.6080333047524966,0.3456907499877708,1.956738963906169,2000,0.48982475219930555,0.48982475219930555,mean_of_replicate_annual_plot_totals,True
ML,full_record_model_only,2011,TKN,ST,0.6119458765091504,0.5163870731506155,0.30763807335640797,1.514434188192338,2000,0.41504942508869513,0.41504942508869513,mean_of_replicate_annual_plot_totals,True
ML,full_record_model_only,2011,TN,CT,0.6665361575066396,0.556992768253606,0.3184009558580448,1.6676435871048796,2000,0.44358789553865646,0.44358789553865646,mean_of_replicate_annual_plot_totals,True
ML,full_record_model_only,2011,TN,MT,0.7318980062523559,0.6106868363270672,0.3521338558065598,1.8692864738249877,2000,0.4934920595121907,0.4934920595121907,mean_of_replicate_annual_plot_totals,True
ML,full_record_model_only,2011,TN,ST,0.584918442770471,0.4942819296483423,0.3006922013916933,1.3687772049255151,2000,0.3973177850991425,0.3973177850991425,mean_of_replicate_annual_plot_totals,True
ML,full_record_model_only,2011,TP,CT,0.2146044253915934,0.17818856924719587,0.09668123442262987,0.5737820598859636,2000,0.13954160717332043,0.13954160717332043,mean_of_replicate_annual_plot_totals,True
ML,full_record_model_only,2011,TP,MT,0.22029355666613237,0.17663082363214458,0.09819924145866656,0.566225442741639,2000,0.1394650887795731,0.1394650887795731,mean_of_replicate_annual_plot_totals,True
ML,full_record_model_only,2011,TP,ST,0.20038922306385487,0.16685117016034623,0.08590327606151342,0.556342367319362,2000,0.1302831861723844,0.1302831861723844,mean_of_replicate_annual_plot_totals,True
ML,full_record_model_only,2011,TSS,CT,166.74873119927662,143.64254745812428,86.02393737365773,393.749270065946,2000,116.3241174703732,116.3241174703732,mean_of_replicate_annual_plot_totals,True
ML,full_record_model_only,2011,TSS,MT,183.271262948524,156.29711477675423,91.68028531175496,430.8012479929281,2000,126.77446228848233,126.77446228848233,mean_of_replicate_annual_plot_totals,True
ML,full_record_model_only,2011,TSS,ST,149.58061187144796,125.26746250379502,71.20775942455126,394.5623389393965,2000,103.76924938088061,103.76924938088061,mean_of_replicate_annual_plot_totals,True
ML,full_record_model_only,2012,NH4,CT,0.059534691622012234,0.04778438818867341,0.022702534326947153,0.18091185659388812,2000,0.03130996380943555,0.03130996380943555,mean_of_replicate_annual_plot_totals,True
ML,full_record_model_only,2012,NH4,MT,0.07095324249039035,0.05595137908286592,0.0255837877650142,0.22531241242000352,2000,0.03666659304811648,0.03666659304811648,mean_of_replicate_annual_plot_totals,True
ML,full_record_model_only,2012,NH4,ST,0.054228773650128646,0.04401588867345322,0.0193774184202552,0.1586522573271143,2000,0.0266626023712346,0.0266626023712346,mean_of_replicate_annual_plot_totals,True
ML,full_record_model_only,2012,NO2,CT,0.08366982157397138,0.0670635330980273,0.03571614253889657,0.2226589062976403,2000,0.04785425272582586,0.04785425272582586,mean_of_replicate_annual_plot_totals,True
ML,full_record_model_only,2012,NO2,MT,0.1013464256264574,0.08349632224285411,0.04182221194878864,0.27426470821579857,2000,0.05950838089561214,0.05950838089561214,mean_of_replicate_annual_plot_totals,True
ML,full_record_model_only,2012,NO2,ST,0.08000226930927261,0.06525797152270486,0.034369155534983264,0.22219109494796915,2000,0.045304723544756745,0.045304723544756745,mean_of_replicate_annual_plot_totals,True
ML,full_record_model_only,2012,NO3,CT,1.016299799811328,0.8828808153624974,0.5749794538078365,2.155498607269976,2000,0.6972544903928796,0.6972544903928796,mean_of_replicate_annual_plot_totals,True
ML,full_record_model_only,2012,NO3,MT,1.2695882953646282,1.1006920590578464,0.6708439482844367,3.0422374991509615,2000,0.8905822803594037,0.8905822803594037,mean_of_replicate_annual_plot_totals,True
ML,full_record_model_only,2012,NO3,ST,0.972889339864171,0.8488601241406987,0.5377535860747084,2.0645005348365255,2000,0.6714667836396826,0.6714667836396826,mean_of_replicate_annual_plot_totals,True
ML,full_record_model_only,2012,OP,CT,0.046259761248657945,0.03641680689040651,0.015960090931909712,0.14390134549954253,2000,0.022411642458448247,0.022411642458448247,mean_of_replicate_annual_plot_totals,True
ML,full_record_model_only,2012,OP,MT,0.06272309458929043,0.048679156470826525,0.020666781402363773,0.1803143414017337,2000,0.031084023594191504,0.031084023594191504,mean_of_replicate_annual_plot_totals,True
ML,full_record_model_only,2012,OP,ST,0.04538800766643597,0.03492079517595612,0.01438956553700312,0.15545892243445736,2000,0.01991121746616165,0.01991121746616165,mean_of_replicate_annual_plot_totals,True
ML,full_record_model_only,2012,Se,CT,0.06393982668903006,0.05221602249644064,0.02580605447146836,0.17728345757574518,2000,0.035510467987604696,0.035510467987604696,mean_of_replicate_annual_plot_totals,True
ML,full_record_model_only,2012,Se,MT,0.08038274764594297,0.06367839820844334,0.03083843143078191,0.23620395370524883,2000,0.04351026496138197,0.04351026496138197,mean_of_replicate_annual_plot_totals,True
ML,full_record_model_only,2012,Se,ST,0.0635421380391163,0.05109714452988062,0.023861411855269177,0.18865956877679432,2000,0.033233782018540894,0.033233782018540894,mean_of_replicate_annual_plot_totals,True
ML,full_record_model_only,2012,TDS,CT,3.846899672995613,3.335191844681265,2.117455206499231,8.368136907814149,2000,2.6730438269426466,2.6730438269426466,mean_of_replicate_annual_plot_totals,True
ML,full_record_model_only,2012,TDS,MT,4.179673626425119,3.672747079145803,2.317686576450262,8.758269997596305,2000,2.9610188666085477,2.9610188666085477,mean_of_replicate_annual_plot_totals,True
ML,full_record_model_only,2012,TDS,ST,3.6808512532104345,3.241490123663228,2.0330730714264487,7.5817462066319,2000,2.560510151832611,2.560510151832611,mean_of_replicate_annual_plot_totals,True
ML,full_record_model_only,2012,TKN,CT,0.5309750339616963,0.4569139934529628,0.2899579162035289,1.1830433789357035,2000,0.3609245484704027,0.3609245484704027,mean_of_replicate_annual_plot_totals,True
ML,full_record_model_only,2012,TKN,MT,0.6216776849172438,0.5430769191404711,0.3275625037005035,1.348402151088092,2000,0.4320282358714956,0.4320282358714956,mean_of_replicate_annual_plot_totals,True
ML,full_record_model_only,2012,TKN,ST,0.48444715390217785,0.4239608428582943,0.25986758145235633,1.0468306519812791,2000,0.33253874188500426,0.33253874188500426,mean_of_replicate_annual_plot_totals,True
ML,full_record_model_only,2012,TN,CT,0.5276661858675754,0.44821437626086236,0.28240774672671076,1.1741488529480106,2000,0.3524124933953241,0.3524124933953241,mean_of_replicate_annual_plot_totals,True
ML,full_record_model_only,2012,TN,MT,0.5129026589117621,0.44401243441786753,0.26741241299582175,1.1954073641670069,2000,0.34989562460543316,0.34989562460543316,mean_of_replicate_annual_plot_totals,True
ML,full_record_model_only,2012,TN,ST,0.45120537975885816,0.39310460286601,0.23429962415839095,0.9928301944138705,2000,0.30843797427574693,0.30843797427574693,mean_of_replicate_annual_plot_totals,True
ML,full_record_model_only,2012,TP,CT,0.18899088190314753,0.15936123101523791,0.09312584502199499,0.49532129259782215,2000,0.12275579995932523,0.12275579995932523,mean_of_replicate_annual_plot_totals,True
ML,full_record_model_only,2012,TP,MT,0.23233337542509888,0.1961449442908066,0.1105115521620506,0.6044968530048821,2000,0.15248557942714208,0.15248557942714208,mean_of_replicate_annual_plot_totals,True
ML,full_record_model_only,2012,TP,ST,0.18433478168511525,0.1563793406093619,0.08872988564961151,0.45308308036384637,2000,0.11948621295283265,0.11948621295283265,mean_of_replicate_annual_plot_totals,True
ML,full_record_model_only,2012,TSS,CT,145.28011445278878,128.75608108782973,82.85584439747186,299.1595868078397,2000,101.39598197372372,101.39598197372372,mean_of_replicate_annual_plot_totals,True
ML,full_record_model_only,2012,TSS,MT,142.81231097953088,125.0337423605496,80.82208623752892,297.7865014869693,2000,101.38346886212014,101.38346886212014,mean_of_replicate_annual_plot_totals,True
ML,full_record_model_only,2012,TSS,ST,111.30693435093063,97.21466105573775,61.838424261154515,235.73433285830743,2000,77.58145067085161,77.58145067085161,mean_of_replicate_annual_plot_totals,True
ML,full_record_model_only,2013,NH4,CT,0.06676243510167194,0.04989011942956052,0.02350883336541762,0.21250130340734522,2000,0.03289157684615675,0.03289157684615675,mean_of_replicate_annual_plot_totals,True
ML,full_record_model_only,2013,NH4,MT,0.08854152458160462,0.06736743491341864,0.029296505055366216,0.2796127301048842,2000,0.043660571124591444,0.043660571124591444,mean_of_replicate_annual_plot_totals,True
ML,full_record_model_only,2013,NH4,ST,0.056906885299625815,0.043592794737197044,0.018316370864193125,0.1900622502050844,2000,0.026647124575642153,0.026647124575642153,mean_of_replicate_annual_plot_totals,True
ML,full_record_model_only,2013,NO2,CT,0.07264838566443531,0.05772392114439582,0.027458033801674386,0.2292175103686478,2000,0.039384789058030195,0.039384789058030195,mean_of_replicate_annual_plot_totals,True
ML,full_record_model_only,2013,NO2,MT,0.10966439360962801,0.08820997703129396,0.04406491159652745,0.33316937153989273,2000,0.0612317118350236,0.0612317118350236,mean_of_replicate_annual_plot_totals,True
ML,full_record_model_only,2013,NO2,ST,0.0786825825984475,0.05878825700953132,0.027801526736661766,0.23054494448748328,2000,0.040301092325288404,0.040301092325288404,mean_of_replicate_annual_plot_totals,True
ML,full_record_model_only,2013,NO3,CT,0.9527024388994426,0.8124976896576823,0.5185137835724749,2.190360288291621,2000,0.6515937966673704,0.6515937966673704,mean_of_replicate_annual_plot_totals,True
ML,full_record_model_only,2013,NO3,MT,1.4829018347867702,1.2803639333976577,0.7841574108760966,3.312745103996433,2000,1.0281360639271973,1.0281360639271973,mean_of_replicate_annual_plot_totals,True
ML,full_record_model_only,2013,NO3,ST,0.9957989077597923,0.8697944010473503,0.5341413502844774,2.1899405490541284,2000,0.6956942338531449,0.6956942338531449,mean_of_replicate_annual_plot_totals,True
ML,full_record_model_only,2013,OP,CT,0.035160474676327214,0.025037317902515274,0.007207243694950843,0.14410939806654446,2000,0.011113443828188466,0.011113443828188466,mean_of_replicate_annual_plot_totals,True
ML,full_record_model_only,2013,OP,MT,0.06098432747842862,0.042054096396198275,0.014159698031725397,0.21868072648631381,2000,0.02192503372463945,0.02192503372463945,mean_of_replicate_annual_plot_totals,True
ML,full_record_model_only,2013,OP,ST,0.03527721535108929,0.024182894912430437,0.0077719599597887365,0.1306079702164498,2000,0.01055301589784935,0.01055301589784935,mean_of_replicate_annual_plot_totals,True
ML,full_record_model_only,2013,Se,CT,0.057070269674257164,0.04151461218279705,0.01747371507376819,0.20115635454885158,2000,0.025837021233544248,0.025837021233544248,mean_of_replicate_annual_plot_totals,True
ML,full_record_model_only,2013,Se,MT,0.0783041419607918,0.060223999601336065,0.025625174091192273,0.2431650131878099,2000,0.0377669448188416,0.0377669448188416,mean_of_replicate_annual_plot_totals,True
ML,full_record_model_only,2013,Se,ST,0.05203289980097231,0.03838223500274646,0.015830515926603478,0.18216273296118846,2000,0.02357254568667225,0.02357254568667225,mean_of_replicate_annual_plot_totals,True
ML,full_record_model_only,2013,TDS,CT,4.3131113545147475,3.777080935643573,2.3557049910055206,9.638271552505538,2000,3.0413421888509165,3.0413421888509165,mean_of_replicate_annual_plot_totals,True
ML,full_record_model_only,2013,TDS,MT,6.216806902071342,5.428755864365837,3.3871524716285712,13.578236528400154,2000,4.388134754336285,4.388134754336285,mean_of_replicate_annual_plot_totals,True
ML,full_record_model_only,2013,TDS,ST,4.113468158013181,3.60705100421263,2.2359814478963944,9.127795075750736,2000,2.9159543067414093,2.9159543067414093,mean_of_replicate_annual_plot_totals,True
ML,full_record_model_only,2013,TKN,CT,0.6595436224392518,0.5681129727145261,0.35287883507514245,1.4261271284599177,2000,0.45118411486009413,0.45118411486009413,mean_of_replicate_annual_plot_totals,True
ML,full_record_model_only,2013,TKN,MT,0.9569789977363249,0.8162736533614543,0.4924466353540061,2.2249606387101415,2000,0.6480092152139604,0.6480092152139604,mean_of_replicate_annual_plot_totals,True
ML,full_record_model_only,2013,TKN,ST,0.6167592535711386,0.5377746167997572,0.3290985113424571,1.3484516626203182,2000,0.42467962523358344,0.42467962523358344,mean_of_replicate_annual_plot_totals,True
ML,full_record_model_only,2013,TN,CT,0.626304101590845,0.5361108213835563,0.32797608025607794,1.4247121777430174,2000,0.426723723087962,0.426723723087962,mean_of_replicate_annual_plot_totals,True
ML,full_record_model_only,2013,TN,MT,0.8075132800970662,0.7045137087077716,0.428617748344478,1.8049077622845067,2000,0.5618402460266472,0.5618402460266472,mean_of_replicate_annual_plot_totals,True
ML,full_record_model_only,2013,TN,ST,0.5338426507566834,0.4592228815977734,0.2777683041215944,1.2007053139404213,2000,0.36356337546308914,0.36356337546308914,mean_of_replicate_annual_plot_totals,True
ML,full_record_model_only,2013,TP,CT,0.10423148689072437,0.08346511573417607,0.042735253471536165,0.29292015430834034,2000,0.0610671573954958,0.0610671573954958,mean_of_replicate_annual_plot_totals,True
ML,full_record_model_only,2013,TP,MT,0.1485645740912726,0.12012294856954611,0.06158963811888191,0.40931101502595785,2000,0.0893593708290405,0.0893593708290405,mean_of_replicate_annual_plot_totals,True
ML,full_record_model_only,2013,TP,ST,0.08831348675704763,0.07277029586915396,0.03601941181303191,0.24426378815997155,2000,0.05248580790719635,0.05248580790719635,mean_of_replicate_annual_plot_totals,True
ML,full_record_model_only,2013,TSS,CT,129.84274445126272,110.42936281506971,66.70732205025323,314.7637835240305,2000,90.54837778297953,90.54837778297953,mean_of_replicate_annual_plot_totals,True
ML,full_record_model_only,2013,TSS,MT,167.68965396257224,144.77654235256728,90.40402978294671,390.63787130266996,2000,117.92505861118818,117.92505861118818,mean_of_replicate_annual_plot_totals,True
ML,full_record_model_only,2013,TSS,ST,79.83604799493298,68.55334901845802,43.51912335082782,174.27991996940298,2000,55.517338462920975,55.517338462920975,mean_of_replicate_annual_plot_totals,True
ML,full_record_model_only,2014,NH4,CT,0.05737802955314904,0.04756719429541219,0.023312528877950996,0.16149441011552687,2000,0.03292438140997795,0.03292438140997795,mean_of_replicate_annual_plot_totals,True
ML,full_record_model_only,2014,NH4,MT,0.04351884783585297,0.033428532743320576,0.014395523783344067,0.14015552614637591,2000,0.025880164965216848,0.025880164965216848,mean_of_replicate_annual_plot_totals,True
ML,full_record_model_only,2014,NH4,ST,0.034687843857590134,0.028056600921339325,0.013763137493241769,0.10091171192479646,2000,0.0198833676662295,0.0198833676662295,mean_of_replicate_annual_plot_totals,True
ML,full_record_model_only,2014,NO2,CT,0.06076263590419616,0.05004078630290395,0.025755470781500634,0.1677034696172386,2000,0.0375613484848482,0.0375613484848482,mean_of_replicate_annual_plot_totals,True
ML,full_record_model_only,2014,NO2,MT,0.04821654963928024,0.03693424017452775,0.01605445130164476,0.15608341892771282,2000,0.028869218876342348,0.028869218876342348,mean_of_replicate_annual_plot_totals,True
ML,full_record_model_only,2014,NO2,ST,0.041063618045990104,0.0326718787326706,0.01680931125481375,0.11882877672391413,2000,0.0241929168387277,0.0241929168387277,mean_of_replicate_annual_plot_totals,True
ML,full_record_model_only,2014,NO3,CT,0.8256909992454657,0.7159470139243778,0.4372327068735498,1.9485699806802768,2000,0.5907773260410925,0.5907773260410925,mean_of_replicate_annual_plot_totals,True
ML,full_record_model_only,2014,NO3,MT,0.5176553534491376,0.43019042046809264,0.23349567991365455,1.465353337762714,2000,0.3624552699545336,0.3624552699545336,mean_of_replicate_annual_plot_totals,True
ML,full_record_model_only,2014,NO3,ST,0.5394302453883677,0.4645781532432992,0.2762518643366271,1.32679082547513,2000,0.3794967748755459,0.3794967748755459,mean_of_replicate_annual_plot_totals,True
ML,full_record_model_only,2014,OP,CT,0.029687288894717948,0.022837795456453487,0.009852916691999968,0.08093208110385464,2000,0.0146392570728767,0.0146392570728767,mean_of_replicate_annual_plot_totals,True
ML,full_record_model_only,2014,OP,MT,0.029777798480776937,0.02052183375920827,0.007194638247822718,0.1066340401952215,2000,0.014671992057711206,0.014671992057711206,mean_of_replicate_annual_plot_totals,True
ML,full_record_model_only,2014,OP,ST,0.02268180128715101,0.017488516102117865,0.007541640566975376,0.07585519318145649,2000,0.0116281025058814,0.0116281025058814,mean_of_replicate_annual_plot_totals,True
ML,full_record_model_only,2014,Se,CT,0.044391704004122956,0.03571121341922524,0.016784671555668932,0.14260129079260778,2000,0.02456038391635075,0.02456038391635075,mean_of_replicate_annual_plot_totals,True
ML,full_record_model_only,2014,Se,MT,0.037840457069062826,0.027618698100723524,0.011419560737762461,0.13062551026120794,2000,0.02092307261275355,0.02092307261275355,mean_of_replicate_annual_plot_totals,True
ML,full_record_model_only,2014,Se,ST,0.029890849224831643,0.022232426879380672,0.010555416460839552,0.09273864215586262,2000,0.0152205350764367,0.0152205350764367,mean_of_replicate_annual_plot_totals,True
ML,full_record_model_only,2014,TDS,CT,4.358027900315744,3.80348177188779,2.2925092563817766,10.334212538692492,2000,3.077471714692577,3.077471714692577,mean_of_replicate_annual_plot_totals,True
ML,full_record_model_only,2014,TDS,MT,2.750040513205424,2.291300429982193,1.1999210736385948,8.403879740891506,2000,1.9348193260982418,1.9348193260982418,mean_of_replicate_annual_plot_totals,True
ML,full_record_model_only,2014,TDS,ST,2.778438131760075,2.3986683304219,1.4740508188165495,6.840653155831393,2000,1.9643857289247295,1.9643857289247295,mean_of_replicate_annual_plot_totals,True
ML,full_record_model_only,2014,TKN,CT,0.4923496376713022,0.42492100138483774,0.25598994461225455,1.189462925667909,2000,0.3487566946636358,0.3487566946636358,mean_of_replicate_annual_plot_totals,True
ML,full_record_model_only,2014,TKN,MT,0.33341597551465385,0.2719256847403118,0.14455621583709793,0.9822264128012745,2000,0.22756799166098846,0.22756799166098846,mean_of_replicate_annual_plot_totals,True
ML,full_record_model_only,2014,TKN,ST,0.32180098835136,0.2770761738802037,0.16052503073099497,0.7889406539419469,2000,0.22491552034814538,0.22491552034814538,mean_of_replicate_annual_plot_totals,True
ML,full_record_model_only,2014,TN,CT,0.7536182681223341,0.6562102114088653,0.3958871260822871,1.6612691893408256,2000,0.524107063084584,0.524107063084584,mean_of_replicate_annual_plot_totals,True
ML,full_record_model_only,2014,TN,MT,0.5182056081626502,0.42800736686256285,0.22696494874434164,1.6086804327871906,2000,0.3611397763994449,0.3611397763994449,mean_of_replicate_annual_plot_totals,True
ML,full_record_model_only,2014,TN,ST,0.49986664267671266,0.42774229642753253,0.257500458777947,1.2067536732012765,2000,0.35178470052838623,0.35178470052838623,mean_of_replicate_annual_plot_totals,True
ML,full_record_model_only,2014,TP,CT,0.12174800201451826,0.10361009535368783,0.05838301135174366,0.3025311527926133,2000,0.081866299250861,0.081866299250861,mean_of_replicate_annual_plot_totals,True
ML,full_record_model_only,2014,TP,MT,0.07604098005632816,0.059774672711636945,0.028846949316415668,0.23668037892140323,2000,0.04832209452407581,0.04832209452407581,mean_of_replicate_annual_plot_totals,True
ML,full_record_model_only,2014,TP,ST,0.06728827957688105,0.056788648668358185,0.031686162754727215,0.1759994381043241,2000,0.0448403999493815,0.0448403999493815,mean_of_replicate_annual_plot_totals,True
ML,full_record_model_only,2014,TSS,CT,91.12162966614517,79.05506803530544,45.82320505277456,234.9083059285648,2000,65.10630127972459,65.10630127972459,mean_of_replicate_annual_plot_totals,True
ML,full_record_model_only,2014,TSS,MT,38.21346092140601,30.930116850576358,16.04709592618941,126.65741744408585,2000,26.056131119004412,26.056131119004412,mean_of_replicate_annual_plot_totals,True
ML,full_record_model_only,2014,TSS,ST,35.086396225239945,30.390016241135633,17.990854442278334,87.5486361536101,2000,24.793673762992682,24.793673762992682,mean_of_replicate_annual_plot_totals,True
ML,full_record_model_only,2015,NH4,CT,0.05325985337217022,0.040272106467576146,0.016034009012683557,0.18404466269897718,2000,0.01968358398636995,0.01968358398636995,mean_of_replicate_annual_plot_totals,True
ML,full_record_model_only,2015,NH4,MT,0.015483084190075425,0.011237484982571495,0.003862712766406802,0.0525189647686632,2000,0.004463944945132581,0.004463944945132581,mean_of_replicate_annual_plot_totals,True
ML,full_record_model_only,2015,NH4,ST,0.016195035961559415,0.011379193419378951,0.0036791964470497484,0.0631278888106608,2000,0.0037701537004691693,0.0037701537004691693,mean_of_replicate_annual_plot_totals,True
ML,full_record_model_only,2015,NO2,CT,0.1041445572215209,0.08561158892385112,0.0441127584353382,0.2860922889806279,2000,0.057570914935392,0.057570914935392,mean_of_replicate_annual_plot_totals,True
ML,full_record_model_only,2015,NO2,MT,0.03034469837129098,0.02337585705669385,0.010801418517068909,0.09316690245929955,2000,0.01519581984900685,0.01519581984900685,mean_of_replicate_annual_plot_totals,True
ML,full_record_model_only,2015,NO2,ST,0.03372109241649246,0.026686707788116295,0.012590887439861547,0.0955079194868232,2000,0.01769206171288855,0.01769206171288855,mean_of_replicate_annual_plot_totals,True
ML,full_record_model_only,2015,NO3,CT,1.5231005042581678,1.314104373856607,0.8394511974032044,3.3304852642778413,2000,1.0513731735201912,1.0513731735201912,mean_of_replicate_annual_plot_totals,True
ML,full_record_model_only,2015,NO3,MT,0.5118453845934747,0.43861545038645333,0.2655739608155266,1.189340250498586,2000,0.3515366928622974,0.3515366928622974,mean_of_replicate_annual_plot_totals,True
ML,full_record_model_only,2015,NO3,ST,0.5608208228370645,0.4883092324932091,0.29306886028304807,1.2710642819758882,2000,0.39217305486040915,0.39217305486040915,mean_of_replicate_annual_plot_totals,True
ML,full_record_model_only,2015,OP,CT,0.04968832685752136,0.03455398641578601,0.013041505285896166,0.18320977269631064,2000,0.015560616947767,0.015560616947767,mean_of_replicate_annual_plot_totals,True
ML,full_record_model_only,2015,OP,MT,0.01283687819621601,0.008789942356123183,0.0022043342894708094,0.05071447804045977,2000,0.0022067649477560706,0.0022067649477560706,mean_of_replicate_annual_plot_totals,True
ML,full_record_model_only,2015,OP,ST,0.015753903818217917,0.010526103389279402,0.003020891153498253,0.056831114169016365,2000,0.0031297306167504205,0.0031297306167504205,mean_of_replicate_annual_plot_totals,True
ML,full_record_model_only,2015,Se,CT,0.07378911170994058,0.058627549137674,0.028565895439278805,0.2159158078027379,2000,0.035768464843323605,0.035768464843323605,mean_of_replicate_annual_plot_totals,True
ML,full_record_model_only,2015,Se,MT,0.016061791969519595,0.011459222508123798,0.0041317870918607036,0.05816356331619285,2000,0.004915169300473293,0.004915169300473293,mean_of_replicate_annual_plot_totals,True
ML,full_record_model_only,2015,Se,ST,0.01557428614519136,0.010324020724076774,0.003003991950571237,0.04955002827457046,2000,0.0032037380855236,0.0032037380855236,mean_of_replicate_annual_plot_totals,True
ML,full_record_model_only,2015,TDS,CT,5.059739324712669,4.351362033939109,2.7691450972100777,11.309436980005767,2000,3.5157238509715696,3.5157238509715696,mean_of_replicate_annual_plot_totals,True
ML,full_record_model_only,2015,TDS,MT,1.3571826535750966,1.175358463680153,0.717016767149914,3.236149964982047,2000,0.9462536615646215,0.9462536615646215,mean_of_replicate_annual_plot_totals,True
ML,full_record_model_only,2015,TDS,ST,1.3831042534675086,1.2089383893434784,0.7218807590670716,3.132595593558167,2000,0.9892281517567302,0.9892281517567302,mean_of_replicate_annual_plot_totals,True
ML,full_record_model_only,2015,TKN,CT,0.25247158774016987,0.217038490987112,0.12611067337193635,0.6244917803259219,2000,0.1665769617941958,0.1665769617941958,mean_of_replicate_annual_plot_totals,True
ML,full_record_model_only,2015,TKN,MT,0.03997893320133962,0.032665391221902665,0.016859539256181562,0.11454625524704953,2000,0.02263845777953525,0.02263845777953525,mean_of_replicate_annual_plot_totals,True
ML,full_record_model_only,2015,TKN,ST,0.04262512454504372,0.03506307260050788,0.01789316415348801,0.10898601518845563,2000,0.02433768835973275,0.02433768835973275,mean_of_replicate_annual_plot_totals,True
ML,full_record_model_only,2015,TN,CT,1.6995181467764555,1.4719270449866473,0.9194510374446907,3.701753234217348,2000,1.174797420317793,1.174797420317793,mean_of_replicate_annual_plot_totals,True
ML,full_record_model_only,2015,TN,MT,0.5498726468222929,0.4756587982979415,0.2943003354733127,1.2502516789001057,2000,0.3789466905102705,0.3789466905102705,mean_of_replicate_annual_plot_totals,True
ML,full_record_model_only,2015,TN,ST,0.6128009119667802,0.5346830657963568,0.32257199440690426,1.3711730970833969,2000,0.4312766005654731,0.4312766005654731,mean_of_replicate_annual_plot_totals,True
ML,full_record_model_only,2015,TP,CT,0.17781548192771315,0.1493295843684998,0.08386784159795176,0.43848822597741055,2000,0.1104958548873088,0.1104958548873088,mean_of_replicate_annual_plot_totals,True
ML,full_record_model_only,2015,TP,MT,0.03092536725637419,0.024069420813299727,0.011789269714535618,0.08754188232128043,2000,0.016039053351856777,0.016039053351856777,mean_of_replicate_annual_plot_totals,True
ML,full_record_model_only,2015,TP,ST,0.02889936795409107,0.02240696970886937,0.010469885142949505,0.08814053235357623,2000,0.014195399130796399,0.014195399130796399,mean_of_replicate_annual_plot_totals,True
ML,full_record_model_only,2015,TSS,CT,208.18345231669318,183.09777453053908,106.70134178628335,482.80949187428877,2000,148.11436727592178,148.11436727592178,mean_of_replicate_annual_plot_totals,True
ML,full_record_model_only,2015,TSS,MT,14.813765378387705,12.69171063783018,7.378746148453652,36.27017821413102,2000,10.328004481283676,10.328004481283676,mean_of_replicate_annual_plot_totals,True
ML,full_record_model_only,2015,TSS,ST,6.561425955585693,5.612998857829832,3.2039266962813877,17.653943874432937,2000,4.627206768919429,4.627206768919429,mean_of_replicate_annual_plot_totals,True
ML,full_record_model_only,2016,NH4,CT,0.0275689458387238,0.015865401146265425,0.003022522989812297,0.10637119901861616,2000,0.00793826909929655,0.00793826909929655,mean_of_replicate_annual_plot_totals,True
ML,full_record_model_only,2016,NH4,MT,0.0028327620178073055,0.0018779439201639795,0.0003676944411271586,0.011649026032125783,2000,0.0010058075494598,0.0010058075494598,mean_of_replicate_annual_plot_totals,True
ML,full_record_model_only,2016,NH4,ST,0.007165464905500058,0.0043953938270256,0.0008259381325449448,0.031161086504090465,2000,0.0022029131089491,0.0022029131089491,mean_of_replicate_annual_plot_totals,True
ML,full_record_model_only,2016,NO2,CT,0.03161207829801348,0.020789916201220875,0.004806706618692513,0.1427537386723748,2000,0.012289389253200651,0.012289389253200651,mean_of_replicate_annual_plot_totals,True
ML,full_record_model_only,2016,NO2,MT,0.0039864635457655525,0.0026791740485397,0.0007938978070696323,0.015324088137732556,2000,0.0018651178697986,0.0018651178697986,mean_of_replicate_annual_plot_totals,True
ML,full_record_model_only,2016,NO2,ST,0.009192350188297685,0.005687920321318851,0.001398551288802068,0.03475350264576349,2000,0.0037139018797171497,0.0037139018797171497,mean_of_replicate_annual_plot_totals,True
ML,full_record_model_only,2016,NO3,CT,0.5483328053718467,0.44168787259793574,0.19456721406342262,1.8416598974929288,2000,0.3782037380443227,0.3782037380443227,mean_of_replicate_annual_plot_totals,True
ML,full_record_model_only,2016,NO3,MT,0.06029676131990074,0.04971150130554923,0.02145174522714625,0.20315115687947685,2000,0.04188231349290575,0.04188231349290575,mean_of_replicate_annual_plot_totals,True
ML,full_record_model_only,2016,NO3,ST,0.1560245791235326,0.13079551766421477,0.053967842061435144,0.5096429748411818,2000,0.10997471299970331,0.10997471299970331,mean_of_replicate_annual_plot_totals,True
ML,full_record_model_only,2016,OP,CT,0.018207768690223117,0.009376753380429825,0.0006578564990535553,0.10243087206643149,2000,0.001194128334928,0.001194128334928,mean_of_replicate_annual_plot_totals,True
ML,full_record_model_only,2016,OP,MT,0.0020559284280847897,0.0011346334225975098,0.00010874527900136143,0.009928940189887128,2000,0.00028737431363370003,0.00028737431363370003,mean_of_replicate_annual_plot_totals,True
ML,full_record_model_only,2016,OP,ST,0.005454508465910164,0.002637372125240125,0.00019544106857343732,0.026883743303590488,2000,0.00035754885202055,0.00035754885202055,mean_of_replicate_annual_plot_totals,True
ML,full_record_model_only,2016,Se,CT,0.01889036260108585,0.009052220065863925,0.0004475603916412764,0.12005483521743435,2000,0.00044411496305565,0.00044411496305565,mean_of_replicate_annual_plot_totals,False
ML,full_record_model_only,2016,Se,MT,0.001838934929912044,0.0008676876530637461,2.437800298218415e-05,0.010451827153768618,2000,0.0,0.0,mean_of_replicate_annual_plot_totals,False
ML,full_record_model_only,2016,Se,ST,0.004746644153818308,0.0021429800206545,9.493123644171964e-05,0.024355996788909158,2000,0.0,0.0,mean_of_replicate_annual_plot_totals,False
ML,full_record_model_only,2016,TDS,CT,2.1306648681983735,1.7749479995018147,0.7871032012399005,7.250545773551005,2000,1.5111978887238247,1.5111978887238247,mean_of_replicate_annual_plot_totals,True
ML,full_record_model_only,2016,TDS,MT,0.18400343304604472,0.1519487301276108,0.06901537154977068,0.6205905330169422,2000,0.12749511242946482,0.12749511242946482,mean_of_replicate_annual_plot_totals,True
ML,full_record_model_only,2016,TDS,ST,0.5010688461722661,0.4180619722896648,0.18577604320698882,1.580541488962295,2000,0.35483766290217195,0.35483766290217195,mean_of_replicate_annual_plot_totals,True
ML,full_record_model_only,2016,TKN,CT,0.04055311354082905,0.0283648774296388,0.008328053727581372,0.15034621675525991,2000,0.020121709103276098,0.020121709103276098,mean_of_replicate_annual_plot_totals,True
ML,full_record_model_only,2016,TKN,MT,0.003182026014070089,0.0017865988261122237,0.00044668275187119806,0.012343034617451268,2000,0.00105914348201365,0.00105914348201365,mean_of_replicate_annual_plot_totals,True
ML,full_record_model_only,2016,TKN,ST,0.006994643255288502,0.004462246427557992,0.0009149228411688837,0.027861346529045632,2000,0.0023553061057761,0.0023553061057761,mean_of_replicate_annual_plot_totals,True
ML,full_record_model_only,2016,TN,CT,0.5215301322456497,0.4321694141141602,0.19481977450158655,1.6668533679205075,2000,0.3731266123860295,0.3731266123860295,mean_of_replicate_annual_plot_totals,True
ML,full_record_model_only,2016,TN,MT,0.059952794595352944,0.0482562409876872,0.021931691797695985,0.1935912053677307,2000,0.04117710134228375,0.04117710134228375,mean_of_replicate_annual_plot_totals,True
ML,full_record_model_only,2016,TN,ST,0.15157394721822046,0.12649907003496413,0.055594376497957676,0.48138404610447594,2000,0.10758230831269897,0.10758230831269897,mean_of_replicate_annual_plot_totals,True
ML,full_record_model_only,2016,TP,CT,0.02566687372036916,0.015836616675364623,0.002892469494163331,0.10314876305700643,2000,0.0079464484190371,0.0079464484190371,mean_of_replicate_annual_plot_totals,True
ML,full_record_model_only,2016,TP,MT,0.002389796138756732,0.0013106450486516917,0.0001977317462774477,0.012576927627373509,2000,0.0004589153086811377,0.0004589153086811377,mean_of_replicate_annual_plot_totals,True
ML,full_record_model_only,2016,TP,ST,0.005829688375209071,0.003145833955343777,0.00033634419994887894,0.026815479546332774,2000,0.0009438567861296292,0.0009438567861296292,mean_of_replicate_annual_plot_totals,True
ML,full_record_model_only,2016,TSS,CT,75.90228749304698,62.52708229940803,25.49762516156311,238.6335014956061,2000,54.244053137930095,54.244053137930095,mean_of_replicate_annual_plot_totals,True
ML,full_record_model_only,2016,TSS,MT,3.619805747876207,2.988501969136317,1.3646899164813044,12.593494041877284,2000,2.5410298095138852,2.5410298095138852,mean_of_replicate_annual_plot_totals,True
ML,full_record_model_only,2016,TSS,ST,12.635559964317402,10.648618183177785,4.762178148528243,39.50953129721004,2000,9.13134179546757,9.13134179546757,mean_of_replicate_annual_plot_totals,True
ML,full_record_model_only,2017,NH4,CT,0.3083191994724717,0.25781645671877773,0.1407698301309191,0.8746864138344543,2000,0.1954505730504613,0.1954505730504613,mean_of_replicate_annual_plot_totals,True
ML,full_record_model_only,2017,NH4,MT,0.04177214551429242,0.033334116758467966,0.01613602496730192,0.11741377761454443,2000,0.021113073218034947,0.021113073218034947,mean_of_replicate_annual_plot_totals,True
ML,full_record_model_only,2017,NH4,ST,0.025311625121103996,0.019917122562669677,0.00867349371938944,0.07917692485912978,2000,0.01039789775197855,0.01039789775197855,mean_of_replicate_annual_plot_totals,True
ML,full_record_model_only,2017,NO2,CT,0.19804148579572392,0.16406799669010647,0.08855410973735257,0.49695711492376715,2000,0.12445493372213304,0.12445493372213304,mean_of_replicate_annual_plot_totals,True
ML,full_record_model_only,2017,NO2,MT,0.0427879752137195,0.03342559499802723,0.01582577224876977,0.12389474799268287,2000,0.0217608700075403,0.0217608700075403,mean_of_replicate_annual_plot_totals,True
ML,full_record_model_only,2017,NO2,ST,0.02834058229472464,0.023083782601745876,0.010990572481241679,0.0758889117933026,2000,0.01429686699450815,0.01429686699450815,mean_of_replicate_annual_plot_totals,True
ML,full_record_model_only,2017,NO3,CT,2.9475153613294567,2.5642930217005757,1.5921498581656202,6.73878747136005,2000,2.100971758444595,2.100971758444595,mean_of_replicate_annual_plot_totals,True
ML,full_record_model_only,2017,NO3,MT,0.9300184370051181,0.8096957107497791,0.48415661213774736,2.2605681432671423,2000,0.6535416335830586,0.6535416335830586,mean_of_replicate_annual_plot_totals,True
ML,full_record_model_only,2017,NO3,ST,0.8065302892157952,0.6925611002962431,0.4271305605292436,1.8569918874590223,2000,0.5543265429755304,0.5543265429755304,mean_of_replicate_annual_plot_totals,True
ML,full_record_model_only,2017,OP,CT,0.051881049721485994,0.03427138348740841,0.010059339886092923,0.1834195439364967,2000,0.010946589319787,0.010946589319787,mean_of_replicate_annual_plot_totals,True
ML,full_record_model_only,2017,OP,MT,0.022061198596829475,0.015474267607402779,0.005075961244474661,0.0928684076049597,2000,0.0060356397098655,0.0060356397098655,mean_of_replicate_annual_plot_totals,True
ML,full_record_model_only,2017,OP,ST,0.014999622407948655,0.010478166315053657,0.0033784672110065465,0.05317496039447546,2000,0.003276646056095728,0.003276646056095728,mean_of_replicate_annual_plot_totals,False
ML,full_record_model_only,2017,Se,CT,0.15348235237532912,0.12087003958544983,0.058089001196454396,0.4940379389216982,2000,0.0848999999059471,0.0848999999059471,mean_of_replicate_annual_plot_totals,True
ML,full_record_model_only,2017,Se,MT,0.026568433326906844,0.019030233971012913,0.007004117269369326,0.0908590059861584,2000,0.00870806016202405,0.00870806016202405,mean_of_replicate_annual_plot_totals,True
ML,full_record_model_only,2017,Se,ST,0.016612211112999865,0.011701511134088516,0.003989331917038328,0.061406313218241006,2000,0.00411378781093265,0.00411378781093265,mean_of_replicate_annual_plot_totals,True
ML,full_record_model_only,2017,TDS,CT,17.508528899762577,15.154553803984502,9.247244083080945,40.513791724377214,2000,12.331041213130238,12.331041213130238,mean_of_replicate_annual_plot_totals,True
ML,full_record_model_only,2017,TDS,MT,2.647877404577151,2.3145748994405904,1.3614693771387283,6.423147071962667,2000,1.8696446607271922,1.8696446607271922,mean_of_replicate_annual_plot_totals,True
ML,full_record_model_only,2017,TDS,ST,2.2211725862584886,1.9537645642282424,1.1822178127950769,4.996757694775246,2000,1.5429276879811131,1.5429276879811131,mean_of_replicate_annual_plot_totals,True
ML,full_record_model_only,2017,TKN,CT,1.0403862950446336,0.8901338330180475,0.5085074389812573,2.6967744582185653,2000,0.7146488638683385,0.7146488638683385,mean_of_replicate_annual_plot_totals,True
ML,full_record_model_only,2017,TKN,MT,0.12064336720795256,0.10263291903017852,0.05365374418917956,0.327379789457808,2000,0.0779928124911609,0.0779928124911609,mean_of_replicate_annual_plot_totals,True
ML,full_record_model_only,2017,TKN,ST,0.07616183568672756,0.06400341378126048,0.03561518760474363,0.1988816603733096,2000,0.0474078170337042,0.0474078170337042,mean_of_replicate_annual_plot_totals,True
ML,full_record_model_only,2017,TN,CT,3.587624037361022,3.0989302448426796,1.8662797825011177,7.999940652346278,2000,2.5167829241727446,2.5167829241727446,mean_of_replicate_annual_plot_totals,True
ML,full_record_model_only,2017,TN,MT,0.6857235448082154,0.5944280108502649,0.3481726885192801,1.625802104516499,2000,0.48077026342763224,0.48077026342763224,mean_of_replicate_annual_plot_totals,True
ML,full_record_model_only,2017,TN,ST,0.5673795987442095,0.4864747521352434,0.3040675538881133,1.3348311594645939,2000,0.3841184908141128,0.3841184908141128,mean_of_replicate_annual_plot_totals,True
ML,full_record_model_only,2017,TP,CT,0.14000830688623564,0.11550787299418828,0.05989039109955242,0.37000986860356533,2000,0.08228796936889715,0.08228796936889715,mean_of_replicate_annual_plot_totals,True
ML,full_record_model_only,2017,TP,MT,0.035641902717203355,0.028439430746970293,0.012722750474584021,0.09907755789664191,2000,0.0170454921022595,0.0170454921022595,mean_of_replicate_annual_plot_totals,True
ML,full_record_model_only,2017,TP,ST,0.023194543073551732,0.01788981515058822,0.008022258027654168,0.07535903137538762,2000,0.0100253887443804,0.0100253887443804,mean_of_replicate_annual_plot_totals,True
ML,full_record_model_only,2017,TSS,CT,814.6157922438254,699.4242124619316,425.6341072499168,2027.1950446545404,2000,577.5511752344077,577.5511752344077,mean_of_replicate_annual_plot_totals,True
ML,full_record_model_only,2017,TSS,MT,42.45656512924919,36.46537764075529,21.20622415730417,106.17124257109026,2000,29.903930557888447,29.903930557888447,mean_of_replicate_annual_plot_totals,True
ML,full_record_model_only,2017,TSS,ST,45.51292740967029,38.77096746234566,22.857389113782528,119.92557622382792,2000,31.083926548250673,31.083926548250673,mean_of_replicate_annual_plot_totals,True
ML,full_record_model_only,2018,NH4,CT,0.05782668285944081,0.04566909284826025,0.022121490105270137,0.18629902785481534,2000,0.03341553966199645,0.03341553966199645,mean_of_replicate_annual_plot_totals,True
ML,full_record_model_only,2018,NH4,MT,0.032054285922538006,0.024058439632478862,0.010564933129980355,0.10631318631285197,2000,0.016718174598496803,0.016718174598496803,mean_of_replicate_annual_plot_totals,True
ML,full_record_model_only,2018,NH4,ST,0.027173263609744674,0.020518812209868675,0.0077496323272991776,0.09115091538037551,2000,0.01307184205491145,0.01307184205491145,mean_of_replicate_annual_plot_totals,True
ML,full_record_model_only,2018,NO2,CT,0.057548584034173594,0.044456736113705424,0.020863772835086256,0.17086316876954502,2000,0.03280792682402005,0.03280792682402005,mean_of_replicate_annual_plot_totals,True
ML,full_record_model_only,2018,NO2,MT,0.0466020131987504,0.03629949292716325,0.016811164678002675,0.13981282245842067,2000,0.02601425727917355,0.02601425727917355,mean_of_replicate_annual_plot_totals,True
ML,full_record_model_only,2018,NO2,ST,0.0420930681074648,0.03324895441346007,0.01525438392083866,0.12636949990293833,2000,0.02396834112262715,0.02396834112262715,mean_of_replicate_annual_plot_totals,True
ML,full_record_model_only,2018,NO3,CT,0.6595448561327469,0.5603195267027914,0.33279624885589354,1.5845854371274752,2000,0.4606462358741795,0.4606462358741795,mean_of_replicate_annual_plot_totals,True
ML,full_record_model_only,2018,NO3,MT,0.5429928698026874,0.4602803997584788,0.27803305006192525,1.3080048126128265,2000,0.3681143078204706,0.3681143078204706,mean_of_replicate_annual_plot_totals,True
ML,full_record_model_only,2018,NO3,ST,0.5098134001578457,0.431006701544838,0.25721916171295833,1.2156066601436815,2000,0.3561329946104175,0.3561329946104175,mean_of_replicate_annual_plot_totals,True
ML,full_record_model_only,2018,OP,CT,0.0385008923046943,0.02712312402566205,0.01074636654345807,0.13995985110879006,2000,0.0173230281444899,0.0173230281444899,mean_of_replicate_annual_plot_totals,True
ML,full_record_model_only,2018,OP,MT,0.03328397399253304,0.02489639330477729,0.010278769504478346,0.12108946453411655,2000,0.01728235477149255,0.01728235477149255,mean_of_replicate_annual_plot_totals,True
ML,full_record_model_only,2018,OP,ST,0.032021970278349826,0.023721632518107938,0.009521970885523711,0.10959027864348622,2000,0.01576695689304445,0.01576695689304445,mean_of_replicate_annual_plot_totals,True
ML,full_record_model_only,2018,Se,CT,0.028148054342695277,0.01927669976601313,0.006166623274900596,0.11714470807925897,2000,0.0105441870228937,0.0105441870228937,mean_of_replicate_annual_plot_totals,True
ML,full_record_model_only,2018,Se,MT,0.023011637336085838,0.016324867882134754,0.005522691612768884,0.09013012452122825,2000,0.0095982067839816,0.0095982067839816,mean_of_replicate_annual_plot_totals,True
ML,full_record_model_only,2018,Se,ST,0.020721077222279054,0.01425615989253835,0.004298848747758914,0.08146614168183569,2000,0.00778031388293285,0.00778031388293285,mean_of_replicate_annual_plot_totals,True
ML,full_record_model_only,2018,TDS,CT,3.618061783637731,3.0860827447402284,1.9116062834687548,8.29025152578866,2000,2.56452990992221,2.56452990992221,mean_of_replicate_annual_plot_totals,True
ML,full_record_model_only,2018,TDS,MT,2.5703361031308094,2.2137683706138853,1.3424296167773742,6.160568405274458,2000,1.7867589223422884,1.7867589223422884,mean_of_replicate_annual_plot_totals,True
ML,full_record_model_only,2018,TDS,ST,2.5271134738909664,2.1579433736186555,1.2829969375456929,6.015306727720935,2000,1.7881699977060468,1.7881699977060468,mean_of_replicate_annual_plot_totals,True
ML,full_record_model_only,2018,TKN,CT,0.38310701547841103,0.32016754771789496,0.18440565378306595,0.9307044389688943,2000,0.2585495792170494,0.2585495792170494,mean_of_replicate_annual_plot_totals,True
ML,full_record_model_only,2018,TKN,MT,0.25083459904060634,0.2116831454788058,0.12343687139540609,0.6641819405589757,2000,0.16832625346591168,0.16832625346591168,mean_of_replicate_annual_plot_totals,True
ML,full_record_model_only,2018,TKN,ST,0.22570958109079514,0.18992204182665934,0.10888990990592168,0.5522582902857462,2000,0.1539258731530437,0.1539258731530437,mean_of_replicate_annual_plot_totals,True
ML,full_record_model_only,2018,TN,CT,0.853367722490999,0.7233540123312426,0.4379913744712962,1.9707405975823882,2000,0.5930955163629759,0.5930955163629759,mean_of_replicate_annual_plot_totals,True
ML,full_record_model_only,2018,TN,MT,0.6009395683750625,0.5131325655735233,0.30426945011903567,1.3746410715412523,2000,0.41337688472602563,0.41337688472602563,mean_of_replicate_annual_plot_totals,True
ML,full_record_model_only,2018,TN,ST,0.6315714938726213,0.5253159356795105,0.3115655943336071,1.6201960415388554,2000,0.4328419291490927,0.4328419291490927,mean_of_replicate_annual_plot_totals,True
ML,full_record_model_only,2018,TP,CT,0.06149978565959843,0.0489693523212911,0.024275326535906725,0.18586579784091675,2000,0.0361077378759191,0.0361077378759191,mean_of_replicate_annual_plot_totals,True
ML,full_record_model_only,2018,TP,MT,0.04815241964800628,0.037043088749930925,0.018008834138178904,0.14069842029459614,2000,0.02731346362127745,0.02731346362127745,mean_of_replicate_annual_plot_totals,True
ML,full_record_model_only,2018,TP,ST,0.04705673488180525,0.0352420243534416,0.016498649997369958,0.1585105759964291,2000,0.02553312777883485,0.02553312777883485,mean_of_replicate_annual_plot_totals,True
ML,full_record_model_only,2018,TSS,CT,48.32893719415441,41.22247553277763,24.434337055700965,112.14831151720567,2000,34.10759701219537,34.10759701219537,mean_of_replicate_annual_plot_totals,True
ML,full_record_model_only,2018,TSS,MT,22.486669851538476,19.19506393461072,11.474203319314368,54.47325633651593,2000,15.534889815660389,15.534889815660389,mean_of_replicate_annual_plot_totals,True
ML,full_record_model_only,2018,TSS,ST,22.3560656517309,18.777780988449802,11.151369347392338,54.74134275386432,2000,15.528624984430436,15.528624984430436,mean_of_replicate_annual_plot_totals,True
ML,full_record_model_only,2019,NH4,CT,0.009068777798839014,0.0044284886178231,7.853908127518501e-06,0.04813981262459938,2000,0.00416134682629175,0.00416134682629175,mean_of_replicate_annual_plot_totals,True
ML,full_record_model_only,2019,NH4,MT,0.005643356108359679,0.003030713789426125,1.5121139992925855e-07,0.027070836270996795,2000,0.0027264234528457,0.0027264234528457,mean_of_replicate_annual_plot_totals,True
ML,full_record_model_only,2019,NH4,ST,0.004276995786057786,0.001740086811350225,0.0,0.0193755492762117,2000,0.0014236377621885499,0.0014236377621885499,mean_of_replicate_annual_plot_totals,True
ML,full_record_model_only,2019,NO2,CT,0.005753290377235734,0.00258731791267775,0.0,0.03193457482958039,2000,0.0022349292030177,0.0022349292030177,mean_of_replicate_annual_plot_totals,True
ML,full_record_model_only,2019,NO2,MT,0.005404618161516164,0.0020798930879914997,0.0,0.025605619062428295,2000,0.0018200659818448,0.0018200659818448,mean_of_replicate_annual_plot_totals,True
ML,full_record_model_only,2019,NO2,ST,0.004084001815585155,0.0016707189471894751,0.0,0.022097703336352983,2000,0.0015198672769373,0.0015198672769373,mean_of_replicate_annual_plot_totals,True
ML,full_record_model_only,2019,NO3,CT,0.10905933807695158,0.07749307541042216,0.02330024768340536,0.540165976311527,2000,0.07009982585416741,0.07009982585416741,mean_of_replicate_annual_plot_totals,True
ML,full_record_model_only,2019,NO3,MT,0.08139016674739001,0.06011807411180645,0.017937811663528057,0.3672924820564385,2000,0.05619865050232285,0.05619865050232285,mean_of_replicate_annual_plot_totals,True
ML,full_record_model_only,2019,NO3,ST,0.07466711828012307,0.055749132782584226,0.015580718252312673,0.34616201650698647,2000,0.0515192204556942,0.0515192204556942,mean_of_replicate_annual_plot_totals,True
ML,full_record_model_only,2019,OP,CT,0.00479006035042874,0.0008528525386291,0.0,0.028444127564920766,2000,0.00027790392827635,0.00027790392827635,mean_of_replicate_annual_plot_totals,True
ML,full_record_model_only,2019,OP,MT,0.0034193842877587688,0.000784531221042425,0.0,0.02205195802570626,2000,0.0005428748583733,0.0005428748583733,mean_of_replicate_annual_plot_totals,True
ML,full_record_model_only,2019,OP,ST,0.0032256059161705803,0.000853777958473725,0.0,0.018626606685525304,2000,0.0005645986984291499,0.0005645986984291499,mean_of_replicate_annual_plot_totals,True
ML,full_record_model_only,2019,Se,CT,0.0039461918031796555,0.0005673984932548001,0.0,0.023172945125688585,2000,0.0,0.0,mean_of_replicate_annual_plot_totals,True
ML,full_record_model_only,2019,Se,MT,0.0025493839384959508,0.0004681256120186,0.0,0.01758208917868972,2000,6.635184887385e-05,6.635184887385e-05,mean_of_replicate_annual_plot_totals,True
ML,full_record_model_only,2019,Se,ST,0.002441815715396458,0.0004354342693999,0.0,0.01476494136966164,2000,0.0,0.0,mean_of_replicate_annual_plot_totals,True
ML,full_record_model_only,2019,TDS,CT,0.7831991220531993,0.566576583860624,0.17372327893581493,3.9871590431490125,2000,0.5144031331262382,0.5144031331262382,mean_of_replicate_annual_plot_totals,True
ML,full_record_model_only,2019,TDS,MT,0.511940199459516,0.38667218208213716,0.11281284864750533,2.3457294224312757,2000,0.3625092611573173,0.3625092611573173,mean_of_replicate_annual_plot_totals,True
ML,full_record_model_only,2019,TDS,ST,0.4579422842760614,0.3359302752937974,0.09945442514242388,2.1474301606524517,2000,0.31073525360013576,0.31073525360013576,mean_of_replicate_annual_plot_totals,True
ML,full_record_model_only,2019,TKN,CT,0.060303931644116675,0.040909582805231395,0.011410908694989735,0.29139839162474024,2000,0.036894854324922705,0.036894854324922705,mean_of_replicate_annual_plot_totals,True
ML,full_record_model_only,2019,TKN,MT,0.03981883466794016,0.029936255329808325,0.00861023819945124,0.16469225164252943,2000,0.028368116489047003,0.028368116489047003,mean_of_replicate_annual_plot_totals,True
ML,full_record_model_only,2019,TKN,ST,0.035021700820299574,0.024109643251797326,0.005510831846080036,0.16856988425435873,2000,0.02237862434500775,0.02237862434500775,mean_of_replicate_annual_plot_totals,True
ML,full_record_model_only,2019,TN,CT,0.17260555086364104,0.12253025607187365,0.03490784854921184,0.9044311342071247,2000,0.11144627882446964,0.11144627882446964,mean_of_replicate_annual_plot_totals,True
ML,full_record_model_only,2019,TN,MT,0.11163661267771043,0.08516558447360584,0.0264290958237838,0.41979573586233415,2000,0.0799917348750977,0.0799917348750977,mean_of_replicate_annual_plot_totals,True
ML,full_record_model_only,2019,TN,ST,0.10171051713191179,0.07657939327620085,0.020230022511479345,0.48966262314682363,2000,0.07093019127801181,0.07093019127801181,mean_of_replicate_annual_plot_totals,True
ML,full_record_model_only,2019,TP,CT,0.00818498032934577,0.0035856044552484,1.4418724107638631e-09,0.038618427204266524,2000,0.0030829777724597,0.0030829777724597,mean_of_replicate_annual_plot_totals,True
ML,full_record_model_only,2019,TP,MT,0.005825579242301508,0.00344590784899345,6.05114595870225e-05,0.025753333911070663,2000,0.0031104708870078,0.0031104708870078,mean_of_replicate_annual_plot_totals,True
ML,full_record_model_only,2019,TP,ST,0.005875110663283652,0.003146367197278975,1.854347896156939e-05,0.02661766156905139,2000,0.0028610966553141498,0.0028610966553141498,mean_of_replicate_annual_plot_totals,True
ML,full_record_model_only,2019,TSS,CT,11.914934928008147,8.586979449885824,2.6067609055843226,60.45822693305104,2000,7.953966971955469,7.953966971955469,mean_of_replicate_annual_plot_totals,True
ML,full_record_model_only,2019,TSS,MT,8.270090516523638,6.175764076421284,1.6818083632213134,28.729621516867883,2000,5.841807351873836,5.841807351873836,mean_of_replicate_annual_plot_totals,True
ML,full_record_model_only,2019,TSS,ST,7.428436456640336,5.657200931142312,1.6127223365311087,36.99925492210595,2000,5.259282831642567,5.259282831642567,mean_of_replicate_annual_plot_totals,True
ML,full_record_model_only,2020,NH4,CT,0.0856506051788786,0.06983688443686133,0.03625862384546667,0.2582519660000542,2000,0.04732861545480915,0.04732861545480915,mean_of_replicate_annual_plot_totals,True
ML,full_record_model_only,2020,NH4,MT,0.039690038756802375,0.03112427819428035,0.013389057694138052,0.11645585456365803,2000,0.0183463914460925,0.0183463914460925,mean_of_replicate_annual_plot_totals,True
ML,full_record_model_only,2020,NH4,ST,0.0390880901770424,0.029224125258588526,0.011657670840573028,0.13786646935983715,2000,0.01449126425817291,0.01449126425817291,mean_of_replicate_annual_plot_totals,True
ML,full_record_model_only,2020,NO2,CT,0.0646303576945847,0.05139446331662375,0.024360227121999166,0.1995301485380254,2000,0.0320414876253984,0.0320414876253984,mean_of_replicate_annual_plot_totals,True
ML,full_record_model_only,2020,NO2,MT,0.04047649995341563,0.032245354922990174,0.014973411413874019,0.11822848573812607,2000,0.01967503832286455,0.01967503832286455,mean_of_replicate_annual_plot_totals,True
ML,full_record_model_only,2020,NO2,ST,0.04574985681169023,0.03460930894140461,0.01534647073906681,0.14731670115795892,2000,0.020388019181722998,0.020388019181722998,mean_of_replicate_annual_plot_totals,True
ML,full_record_model_only,2020,NO3,CT,1.1000280989008795,0.957319023067434,0.6032106106659746,2.4336544458289837,2000,0.7604384688447825,0.7604384688447825,mean_of_replicate_annual_plot_totals,True
ML,full_record_model_only,2020,NO3,MT,0.8007176317886692,0.7040237582447817,0.45204135630402403,1.677059858515948,2000,0.5670935801188388,0.5670935801188388,mean_of_replicate_annual_plot_totals,True
ML,full_record_model_only,2020,NO3,ST,0.9992401168099092,0.8670423773582207,0.5276105254223215,2.2478477171980455,2000,0.6945804208774086,0.6945804208774086,mean_of_replicate_annual_plot_totals,True
ML,full_record_model_only,2020,OP,CT,0.03517745049207666,0.023253576174130618,0.007112119043701236,0.14673102287879658,2000,0.0070552958749310005,0.0070552958749310005,mean_of_replicate_annual_plot_totals,False
ML,full_record_model_only,2020,OP,MT,0.024975351053417652,0.017245067760585115,0.005734458961353165,0.09400884752114265,2000,0.00658673644417365,0.00658673644417365,mean_of_replicate_annual_plot_totals,True
ML,full_record_model_only,2020,OP,ST,0.027231532441633257,0.0193200505848398,0.0050689290819471424,0.10793881693199521,2000,0.0053849806398726646,0.0053849806398726646,mean_of_replicate_annual_plot_totals,True
ML,full_record_model_only,2020,Se,CT,0.03285978892699701,0.023691025651494127,0.006681518491221117,0.1193294978559338,2000,0.0067016268462114,0.0067016268462114,mean_of_replicate_annual_plot_totals,True
ML,full_record_model_only,2020,Se,MT,0.023270364804785372,0.0156431405680892,0.004353484560143631,0.09135009200959043,2000,0.004343348181022268,0.004343348181022268,mean_of_replicate_annual_plot_totals,False
ML,full_record_model_only,2020,Se,ST,0.026270852956643078,0.0182390073181131,0.0049298448191140605,0.10564015480090176,2000,0.0045687420356000505,0.0045687420356000505,mean_of_replicate_annual_plot_totals,False
ML,full_record_model_only,2020,TDS,CT,6.402041670291375,5.566138001352892,3.604607490022253,13.756562140938277,2000,4.508132333752633,4.508132333752633,mean_of_replicate_annual_plot_totals,True
ML,full_record_model_only,2020,TDS,MT,2.882557979243199,2.5190372399578504,1.6052923611807048,6.092431955367279,2000,2.037423867961076,2.037423867961076,mean_of_replicate_annual_plot_totals,True
ML,full_record_model_only,2020,TDS,ST,3.395593277428917,2.983004730328429,1.856358169190788,7.292470736173655,2000,2.3788736799286445,2.3788736799286445,mean_of_replicate_annual_plot_totals,True
ML,full_record_model_only,2020,TKN,CT,0.4393248858797998,0.38035191976716354,0.23526169502281677,0.9255433136179821,2000,0.29881620962465727,0.29881620962465727,mean_of_replicate_annual_plot_totals,True
ML,full_record_model_only,2020,TKN,MT,0.1674437341596699,0.1462116275477482,0.08678913792371269,0.38861388234613653,2000,0.1121939397723095,0.1121939397723095,mean_of_replicate_annual_plot_totals,True
ML,full_record_model_only,2020,TKN,ST,0.18499864622607606,0.15660985723429716,0.09031534664284468,0.4396862718862875,2000,0.1196378736901074,0.1196378736901074,mean_of_replicate_annual_plot_totals,True
ML,full_record_model_only,2020,TN,CT,1.302985523358657,1.1255812961998657,0.7184232792067068,2.831820921095011,2000,0.9044179999900774,0.9044179999900774,mean_of_replicate_annual_plot_totals,True
ML,full_record_model_only,2020,TN,MT,0.8066971640785874,0.7034084907323517,0.44402674257989627,1.7799736123596643,2000,0.5636635923206763,0.5636635923206763,mean_of_replicate_annual_plot_totals,True
ML,full_record_model_only,2020,TN,ST,0.9159308745693262,0.8038208109616809,0.48314155502565137,2.026927787502071,2000,0.6388823457550019,0.6388823457550019,mean_of_replicate_annual_plot_totals,True
ML,full_record_model_only,2020,TP,CT,0.07456831292699197,0.062331875520075776,0.02962452445116672,0.1968587894056921,2000,0.04055886651877695,0.04055886651877695,mean_of_replicate_annual_plot_totals,True
ML,full_record_model_only,2020,TP,MT,0.041374987557742444,0.032163254048548445,0.015089755037141075,0.1293610248576793,2000,0.0198314832680829,0.0198314832680829,mean_of_replicate_annual_plot_totals,True
ML,full_record_model_only,2020,TP,ST,0.04670442398699215,0.0361271630848302,0.015891208795884876,0.14084016921016904,2000,0.02085124670971335,0.02085124670971335,mean_of_replicate_annual_plot_totals,True
ML,full_record_model_only,2020,TSS,CT,102.267586525436,89.1357140804172,56.828899652684356,217.75832940490596,2000,72.00402978508237,72.00402978508237,mean_of_replicate_annual_plot_totals,True
ML,full_record_model_only,2020,TSS,MT,17.250854637947832,15.265518998779685,9.212395995831798,38.920515546733206,2000,12.456090910431042,12.456090910431042,mean_of_replicate_annual_plot_totals,True
ML,full_record_model_only,2020,TSS,ST,20.204247581622994,17.42264088396552,10.307594195892705,50.39253677674145,2000,14.299207321704515,14.299207321704515,mean_of_replicate_annual_plot_totals,True
ML,full_record_model_only,2021,NH4,CT,0.10445615739385479,0.08841860028252754,0.05101661641935155,0.23668395197171518,2000,0.06778276421485616,0.06778276421485616,mean_of_replicate_annual_plot_totals,True
ML,full_record_model_only,2021,NH4,MT,0.030519787737139415,0.025168407179603322,0.013409919123832909,0.08281014228663594,2000,0.018052379766010748,0.018052379766010748,mean_of_replicate_annual_plot_totals,True
ML,full_record_model_only,2021,NH4,ST,0.02636903231768331,0.020768730097159186,0.010139154657130967,0.07443720582142578,2000,0.014068782608866499,0.014068782608866499,mean_of_replicate_annual_plot_totals,True
ML,full_record_model_only,2021,NO2,CT,0.060398608704917665,0.0482400635809085,0.02682813914579636,0.16317003305900926,2000,0.03432922829722655,0.03432922829722655,mean_of_replicate_annual_plot_totals,True
ML,full_record_model_only,2021,NO2,MT,0.027582635600187685,0.022110406172549023,0.011184929787635854,0.0801519751449217,2000,0.014466909545375349,0.014466909545375349,mean_of_replicate_annual_plot_totals,True
ML,full_record_model_only,2021,NO2,ST,0.022547286347574177,0.01750965318158197,0.008279767444566658,0.06882569673334389,2000,0.011280291109283,0.011280291109283,mean_of_replicate_annual_plot_totals,True
ML,full_record_model_only,2021,NO3,CT,0.9978053350870404,0.8604870733243954,0.5503585679225839,2.134869368799797,2000,0.7005557080677534,0.7005557080677534,mean_of_replicate_annual_plot_totals,True
ML,full_record_model_only,2021,NO3,MT,0.6354896175422372,0.5577537908348347,0.3595532235418658,1.4164373768552285,2000,0.4603618967709099,0.4603618967709099,mean_of_replicate_annual_plot_totals,True
ML,full_record_model_only,2021,NO3,ST,0.5371792546439557,0.4628078412175503,0.28354666692477204,1.2622821779196511,2000,0.3779002203627849,0.3779002203627849,mean_of_replicate_annual_plot_totals,True
ML,full_record_model_only,2021,OP,CT,0.023385911876597745,0.017272658742494375,0.006128812296645935,0.08441191972086158,2000,0.006473308306045054,0.006473308306045054,mean_of_replicate_annual_plot_totals,True
ML,full_record_model_only,2021,OP,MT,0.014096710944639981,0.009370873696059748,0.0030932098899820503,0.05257533869650501,2000,0.0033205707251147704,0.0033205707251147704,mean_of_replicate_annual_plot_totals,True
ML,full_record_model_only,2021,OP,ST,0.012902003068811674,0.009607909397763428,0.003019041626624233,0.047221673466228097,2000,0.003843556650992868,0.003843556650992868,mean_of_replicate_annual_plot_totals,True
ML,full_record_model_only,2021,Se,CT,0.019047908268579786,0.01274976236827866,0.0035949113945163524,0.07595607078798629,2000,0.0026354831399827126,0.0026354831399827126,mean_of_replicate_annual_plot_totals,False
ML,full_record_model_only,2021,Se,MT,0.010921216813361601,0.007512603862488475,0.001953645750774281,0.0475470262865602,2000,0.00141010983862605,0.00141010983862605,mean_of_replicate_annual_plot_totals,False
ML,full_record_model_only,2021,Se,ST,0.00946718820934368,0.006705789389645732,0.0015033055607690997,0.03512291118248177,2000,0.0009650497756253793,0.0009650497756253793,mean_of_replicate_annual_plot_totals,False
ML,full_record_model_only,2021,TDS,CT,6.388429905168189,5.556416563816432,3.527298683486101,13.757213949283177,2000,4.581501103114167,4.581501103114167,mean_of_replicate_annual_plot_totals,True
ML,full_record_model_only,2021,TDS,MT,2.097565708036844,1.829633603776665,1.167020340282732,4.604163132184582,2000,1.5127837499783747,1.5127837499783747,mean_of_replicate_annual_plot_totals,True
ML,full_record_model_only,2021,TDS,ST,1.7802541713485538,1.546053397517412,0.9293878563164247,4.2307446746433275,2000,1.2659359663037948,1.2659359663037948,mean_of_replicate_annual_plot_totals,True
ML,full_record_model_only,2021,TKN,CT,0.49699391492236544,0.4235946524573794,0.26016597374949546,1.180120335617732,2000,0.3471703513318628,0.3471703513318628,mean_of_replicate_annual_plot_totals,True
ML,full_record_model_only,2021,TKN,MT,0.14603627990843304,0.12322764307355653,0.07455373108436261,0.34748719203385703,2000,0.09975629048493961,0.09975629048493961,mean_of_replicate_annual_plot_totals,True
ML,full_record_model_only,2021,TKN,ST,0.13027033290008913,0.1103492213678655,0.06267389658481501,0.34545319782318723,2000,0.08828294093036915,0.08828294093036915,mean_of_replicate_annual_plot_totals,True
ML,full_record_model_only,2021,TN,CT,1.3500110587918044,1.1661911473918893,0.743785366979318,3.0097111969326016,2000,0.9526028305531012,0.9526028305531012,mean_of_replicate_annual_plot_totals,True
ML,full_record_model_only,2021,TN,MT,0.5866567395743685,0.5100129062102294,0.32782615623777545,1.3059152993582328,2000,0.4203597382223812,0.4203597382223812,mean_of_replicate_annual_plot_totals,True
ML,full_record_model_only,2021,TN,ST,0.48281187676984455,0.4196125893763613,0.25887433804381427,1.1505477037902718,2000,0.3416058511771398,0.3416058511771398,mean_of_replicate_annual_plot_totals,True
ML,full_record_model_only,2021,TP,CT,0.08925369417670206,0.07428321221922425,0.03864521623280561,0.25044852329837775,2000,0.05620173897163035,0.05620173897163035,mean_of_replicate_annual_plot_totals,True
ML,full_record_model_only,2021,TP,MT,0.0371956247718906,0.03062469824619573,0.016463565034167533,0.10161869236237424,2000,0.02240766667299525,0.02240766667299525,mean_of_replicate_annual_plot_totals,True
ML,full_record_model_only,2021,TP,ST,0.03549264723404527,0.028407680117737873,0.012703041175051083,0.11549640978222843,2000,0.020268974547839498,0.020268974547839498,mean_of_replicate_annual_plot_totals,True
ML,full_record_model_only,2021,TSS,CT,208.72450043727687,178.86953364263775,111.42959279688124,483.6997059176678,2000,147.34145400023482,147.34145400023482,mean_of_replicate_annual_plot_totals,True
ML,full_record_model_only,2021,TSS,MT,27.54608097110488,24.03747102234164,15.069077930272348,64.14501400055725,2000,19.966911820243457,19.966911820243457,mean_of_replicate_annual_plot_totals,True
ML,full_record_model_only,2021,TSS,ST,21.648356719073544,18.622787177025273,10.748671514522382,59.18831932175341,2000,15.414506155987445,15.414506155987445,mean_of_replicate_annual_plot_totals,True
ML,full_record_model_only,2022,NH4,CT,0.03791832972195835,0.03154061123602048,0.015333936564836222,0.108085426162172,2000,0.0182269758522041,0.0182269758522041,mean_of_replicate_annual_plot_totals,True
ML,full_record_model_only,2022,NH4,MT,0.043697151688598175,0.037524465523990275,0.01912099773897781,0.116718757877186,2000,0.0237422311882557,0.0237422311882557,mean_of_replicate_annual_plot_totals,True
ML,full_record_model_only,2022,NH4,ST,0.034053777722644674,0.02799341559879201,0.01279873150869815,0.09350226185699148,2000,0.01497796289559355,0.01497796289559355,mean_of_replicate_annual_plot_totals,True
ML,full_record_model_only,2022,NO2,CT,0.03810701018439706,0.03237187879568589,0.015297650494719284,0.10383220747776047,2000,0.025035882139168353,0.025035882139168353,mean_of_replicate_annual_plot_totals,True
ML,full_record_model_only,2022,NO2,MT,0.03152759139594594,0.02680429790228068,0.01275883550965499,0.08742504031659809,2000,0.0212719716329819,0.0212719716329819,mean_of_replicate_annual_plot_totals,True
ML,full_record_model_only,2022,NO2,ST,0.020435413566742763,0.01719274152535879,0.007654676270071079,0.05797765048634459,2000,0.011845032560073798,0.011845032560073798,mean_of_replicate_annual_plot_totals,True
ML,full_record_model_only,2022,NO3,CT,0.9563423900798557,0.8601488447008749,0.5786203264810991,1.8129707671605573,2000,0.7105442160532751,0.7105442160532751,mean_of_replicate_annual_plot_totals,True
ML,full_record_model_only,2022,NO3,MT,0.930979319563526,0.8245172784356727,0.5605910342789906,1.8213129006671132,2000,0.6838616400168701,0.6838616400168701,mean_of_replicate_annual_plot_totals,True
ML,full_record_model_only,2022,NO3,ST,0.8288042338890902,0.7343309243062494,0.4953195984160918,1.5978781098422752,2000,0.6038266420528526,0.6038266420528526,mean_of_replicate_annual_plot_totals,True
ML,full_record_model_only,2022,OP,CT,0.01965710862914012,0.016076262731946574,0.006704078602512273,0.052704740222946994,2000,0.008548199279464829,0.008548199279464829,mean_of_replicate_annual_plot_totals,True
ML,full_record_model_only,2022,OP,MT,0.01843759133659633,0.014502719421385441,0.005853623555975479,0.0549239397052542,2000,0.00815544216452015,0.00815544216452015,mean_of_replicate_annual_plot_totals,True
ML,full_record_model_only,2022,OP,ST,0.013980743574278004,0.011109533639141689,0.004329520184394475,0.041170911486703966,2000,0.005412463951969206,0.005412463951969206,mean_of_replicate_annual_plot_totals,True
ML,full_record_model_only,2022,Se,CT,0.0143597440119635,0.011445135201068032,0.00353377094510364,0.041857521640988216,2000,0.0039864696972399,0.0039864696972399,mean_of_replicate_annual_plot_totals,True
ML,full_record_model_only,2022,Se,MT,0.013580881470482472,0.010525115465109751,0.003939157702795816,0.041817742680381076,2000,0.00474757192605097,0.00474757192605097,mean_of_replicate_annual_plot_totals,True
ML,full_record_model_only,2022,Se,ST,0.010729819759270018,0.008077152743846332,0.0023967606129950336,0.03396830314082302,2000,0.002175375385237854,0.002175375385237854,mean_of_replicate_annual_plot_totals,False
ML,full_record_model_only,2022,TDS,CT,4.547348052004509,3.967734083026573,2.673893132791068,9.832181795298107,2000,3.1662596011061446,3.1662596011061446,mean_of_replicate_annual_plot_totals,True
ML,full_record_model_only,2022,TDS,MT,3.7762600203582957,3.312385454239046,2.2147833491516873,7.740237105844365,2000,2.605232752428172,2.605232752428172,mean_of_replicate_annual_plot_totals,True
ML,full_record_model_only,2022,TDS,ST,3.2826246781634474,2.92427973405443,1.9378877618335706,6.4100309278731205,2000,2.274745231698434,2.274745231698434,mean_of_replicate_annual_plot_totals,True
ML,full_record_model_only,2022,TKN,CT,0.17558184968770746,0.15148444713470693,0.09231276982802462,0.43156991277342677,2000,0.11084860639565515,0.11084860639565515,mean_of_replicate_annual_plot_totals,True
ML,full_record_model_only,2022,TKN,MT,0.1478604025100539,0.12872276223218548,0.07436452171242207,0.35687399280384025,2000,0.092625958717311,0.092625958717311,mean_of_replicate_annual_plot_totals,True
ML,full_record_model_only,2022,TKN,ST,0.12223594081521197,0.10551583723734133,0.05975634537118719,0.3017654381225328,2000,0.0736304109189643,0.0736304109189643,mean_of_replicate_annual_plot_totals,True
ML,full_record_model_only,2022,TN,CT,1.154902028454713,1.0303852063306556,0.6881155544554526,2.3880180373439663,2000,0.8023913393610331,0.8023913393610331,mean_of_replicate_annual_plot_totals,True
ML,full_record_model_only,2022,TN,MT,1.0596090081766265,0.9269093253120579,0.6197576101842093,2.1900248918872367,2000,0.7281983140587207,0.7281983140587207,mean_of_replicate_annual_plot_totals,True
ML,full_record_model_only,2022,TN,ST,0.8599491327197347,0.770416525528542,0.5020720703157219,1.703781303690139,2000,0.5849586238522289,0.5849586238522289,mean_of_replicate_annual_plot_totals,True
ML,full_record_model_only,2022,TP,CT,0.04424207303629584,0.037171387257309306,0.02046573204026699,0.10319577890219113,2000,0.02592412730199595,0.02592412730199595,mean_of_replicate_annual_plot_totals,True
ML,full_record_model_only,2022,TP,MT,0.03920311222017201,0.03384749729174523,0.019410963585272698,0.08908567465745605,2000,0.024283612160679452,0.024283612160679452,mean_of_replicate_annual_plot_totals,True
ML,full_record_model_only,2022,TP,ST,0.03168825164738994,0.027457332854278,0.0149408131678452,0.07691134166680218,2000,0.017888027704016603,0.017888027704016603,mean_of_replicate_annual_plot_totals,True
ML,full_record_model_only,2022,TSS,CT,45.12246601574692,39.209239455532945,23.858751544174282,110.76388237279762,2000,30.44187351070039,30.44187351070039,mean_of_replicate_annual_plot_totals,True
ML,full_record_model_only,2022,TSS,MT,35.88239802148085,31.279074660298882,19.016343859919598,86.42056202072447,2000,23.391807231633088,23.391807231633088,mean_of_replicate_annual_plot_totals,True
ML,full_record_model_only,2022,TSS,ST,27.707978636131898,24.594245483002005,14.660563916601765,64.78225614548077,2000,18.262057076842076,18.262057076842076,mean_of_replicate_annual_plot_totals,True
ML,full_record_model_only,2023,NH4,CT,0.34794829357302565,0.3072552154443367,0.19465665265797757,0.7734966559559092,2000,0.2516526033434871,0.2516526033434871,mean_of_replicate_annual_plot_totals,True
ML,full_record_model_only,2023,NH4,MT,0.3525139494797415,0.3097058396480132,0.1971596699925533,0.7546446583407787,2000,0.2584398818421587,0.2584398818421587,mean_of_replicate_annual_plot_totals,True
ML,full_record_model_only,2023,NH4,ST,0.27430461702593095,0.2401795750057517,0.15332853012643174,0.599116598190477,2000,0.1950089591474084,0.1950089591474084,mean_of_replicate_annual_plot_totals,True
ML,full_record_model_only,2023,NO2,CT,0.03676296406928008,0.027486136641442026,0.009363889316066095,0.12996017260264447,2000,0.010117769544315789,0.010117769544315789,mean_of_replicate_annual_plot_totals,True
ML,full_record_model_only,2023,NO2,MT,0.03228068538094449,0.02496375317258938,0.009241276684561643,0.10348617290341813,2000,0.01143274250962015,0.01143274250962015,mean_of_replicate_annual_plot_totals,True
ML,full_record_model_only,2023,NO2,ST,0.026505994977722727,0.018581603471035976,0.005926750587345159,0.08367664329274031,2000,0.00542333870267485,0.00542333870267485,mean_of_replicate_annual_plot_totals,False
ML,full_record_model_only,2023,NO3,CT,2.0098171926442183,1.7859474314278678,1.1481541140155,4.245199461458236,2000,1.4910559694819994,1.4910559694819994,mean_of_replicate_annual_plot_totals,True
ML,full_record_model_only,2023,NO3,MT,1.9264538275211371,1.698293714071486,1.0669101077146117,4.377783812909852,2000,1.4428848706886923,1.4428848706886923,mean_of_replicate_annual_plot_totals,True
ML,full_record_model_only,2023,NO3,ST,1.7607614718068132,1.5345822030318588,0.9645674622819578,4.132484349462471,2000,1.2995501053958254,1.2995501053958254,mean_of_replicate_annual_plot_totals,True
ML,full_record_model_only,2023,OP,CT,0.054011242764499166,0.043794191461302354,0.020657756966796774,0.15494197829253367,2000,0.0282093190778196,0.0282093190778196,mean_of_replicate_annual_plot_totals,True
ML,full_record_model_only,2023,OP,MT,0.04461164481453436,0.03559851385233974,0.016437909115679,0.13803407525338512,2000,0.020442586670736347,0.020442586670736347,mean_of_replicate_annual_plot_totals,True
ML,full_record_model_only,2023,OP,ST,0.04197965375981818,0.03285605285004073,0.014599479282956962,0.12380565503873178,2000,0.020357524007761953,0.020357524007761953,mean_of_replicate_annual_plot_totals,True
ML,full_record_model_only,2023,Se,CT,0.19124512032901156,0.16668870303136418,0.10167226547214749,0.44683423081612433,2000,0.1345918224266281,0.1345918224266281,mean_of_replicate_annual_plot_totals,True
ML,full_record_model_only,2023,Se,MT,0.17638198459360568,0.15414344417668496,0.09561957037562799,0.3932248470109878,2000,0.1247674468445565,0.1247674468445565,mean_of_replicate_annual_plot_totals,True
ML,full_record_model_only,2023,Se,ST,0.12551959795614936,0.10866489777933276,0.06417887282414482,0.2999873272449663,2000,0.0860165680914605,0.0860165680914605,mean_of_replicate_annual_plot_totals,True
ML,full_record_model_only,2023,TDS,CT,298.23892468523894,264.41144200708095,167.6422865497893,678.3815064213671,2000,226.92542132604558,226.92542132604558,mean_of_replicate_annual_plot_totals,True
ML,full_record_model_only,2023,TDS,MT,304.44604399788943,267.5079460502818,171.88387133845177,672.4046226389028,2000,234.87632409792118,234.87632409792118,mean_of_replicate_annual_plot_totals,True
ML,full_record_model_only,2023,TDS,ST,269.4160797541234,236.48236146201236,153.29527034701397,575.000092456254,2000,203.92173436631674,203.92173436631674,mean_of_replicate_annual_plot_totals,True
ML,full_record_model_only,2023,TKN,CT,1.6713222937058596,1.4232685644666785,0.7859740534581476,4.58923648581917,2000,1.1941083108894772,1.1941083108894772,mean_of_replicate_annual_plot_totals,True
ML,full_record_model_only,2023,TKN,MT,1.9030935732589462,1.6274077544854877,0.9220152439475839,5.281877792995005,2000,1.386694726962229,1.386694726962229,mean_of_replicate_annual_plot_totals,True
ML,full_record_model_only,2023,TKN,ST,1.730318815310231,1.4315598075390308,0.8103236448623766,4.6733246232817525,2000,1.1925505825003442,1.1925505825003442,mean_of_replicate_annual_plot_totals,True
ML,full_record_model_only,2023,TN,CT,2.3345793258519736,2.081681770886277,1.3402513899096007,5.1322933180769,2000,1.746060524554522,1.746060524554522,mean_of_replicate_annual_plot_totals,True
ML,full_record_model_only,2023,TN,MT,2.0173626235260533,1.7819111829625323,1.1776177991620966,4.300837014861876,2000,1.508111766486107,1.508111766486107,mean_of_replicate_annual_plot_totals,True
ML,full_record_model_only,2023,TN,ST,1.7680859347698887,1.5563848953762394,1.0124977793548868,3.8754785434394217,2000,1.3062233068800795,1.3062233068800795,mean_of_replicate_annual_plot_totals,True
ML,full_record_model_only,2023,TP,CT,0.295463605255179,0.26165005650585,0.16370945304045462,0.6360679165108026,2000,0.21238678113408127,0.21238678113408127,mean_of_replicate_annual_plot_totals,True
ML,full_record_model_only,2023,TP,MT,0.21247367938438036,0.18524693359022676,0.11504962963126536,0.47555336536121645,2000,0.1527916472898263,0.1527916472898263,mean_of_replicate_annual_plot_totals,True
ML,full_record_model_only,2023,TP,ST,0.17828006198894078,0.15401459000830076,0.09331135344404666,0.4151435839121931,2000,0.12614814845710787,0.12614814845710787,mean_of_replicate_annual_plot_totals,True
ML,full_record_model_only,2023,TSS,CT,357.39707083334787,319.935713683712,207.17538610639832,750.1318322954578,2000,268.98591529566255,268.98591529566255,mean_of_replicate_annual_plot_totals,True
ML,full_record_model_only,2023,TSS,MT,260.1435744944399,228.91000202157852,146.39544190358623,569.7522118280792,2000,191.83660619248872,191.83660619248872,mean_of_replicate_annual_plot_totals,True
ML,full_record_model_only,2023,TSS,ST,355.8392514379158,307.5105959699065,186.02518586501358,948.5685097325045,2000,261.5758937032689,261.5758937032689,mean_of_replicate_annual_plot_totals,True
ML,full_record_model_only,2024,NH4,CT,0.16197207061067367,0.14161243055810466,0.08605619989135044,0.3755057957968134,2000,0.120163946966904,0.120163946966904,mean_of_replicate_annual_plot_totals,True
ML,full_record_model_only,2024,NH4,MT,0.1433780320181562,0.1215933302711802,0.06798069536925395,0.3788665874058379,2000,0.10566615272785726,0.10566615272785726,mean_of_replicate_annual_plot_totals,True
ML,full_record_model_only,2024,NH4,ST,0.205488332596329,0.18200217188824352,0.11431746181823395,0.46169260325755246,2000,0.1536959046385433,0.1536959046385433,mean_of_replicate_annual_plot_totals,True
ML,full_record_model_only,2024,NO2,CT,0.015607981263404319,0.011937310271890187,0.0029376244570382534,0.04692756969900078,2000,0.004745815959381601,0.004745815959381601,mean_of_replicate_annual_plot_totals,True
ML,full_record_model_only,2024,NO2,MT,0.011579500295317974,0.007974577472397425,0.0013248254316602,0.04240333229829271,2000,0.0010588540768655668,0.0010588540768655668,mean_of_replicate_annual_plot_totals,False
ML,full_record_model_only,2024,NO2,ST,0.021020235286299524,0.0165707612890864,0.005716158792553932,0.062135568920675906,2000,0.0075270326597972,0.0075270326597972,mean_of_replicate_annual_plot_totals,True
ML,full_record_model_only,2024,NO3,CT,1.2551849645998359,1.0825448515301,0.6439496585419868,3.3022353498054846,2000,0.9468225703087909,0.9468225703087909,mean_of_replicate_annual_plot_totals,True
ML,full_record_model_only,2024,NO3,MT,1.1560449188246125,0.9863047737753188,0.5259413266499688,3.2241108195439825,2000,0.8786006556117307,0.8786006556117307,mean_of_replicate_annual_plot_totals,True
ML,full_record_model_only,2024,NO3,ST,1.6591202277249537,1.4494689328788362,0.9044501327887597,3.783551468803251,2000,1.238656379003508,1.238656379003508,mean_of_replicate_annual_plot_totals,True
ML,full_record_model_only,2024,OP,CT,0.0692334681098698,0.05942495987543895,0.03113222404987619,0.1835213832874358,2000,0.04768733939006685,0.04768733939006685,mean_of_replicate_annual_plot_totals,True
ML,full_record_model_only,2024,OP,MT,0.05760062897767297,0.04932016571322235,0.025529271633029246,0.14876561063220078,2000,0.04004954231535025,0.04004954231535025,mean_of_replicate_annual_plot_totals,True
ML,full_record_model_only,2024,OP,ST,0.0984970997446092,0.08600236742769271,0.05145707841339631,0.22925521705569402,2000,0.06832763110649635,0.06832763110649635,mean_of_replicate_annual_plot_totals,True
ML,full_record_model_only,2024,Se,CT,0.09724646676018958,0.08506335900044862,0.04970682508739516,0.2318552743706051,2000,0.0707076799526727,0.0707076799526727,mean_of_replicate_annual_plot_totals,True
ML,full_record_model_only,2024,Se,MT,0.0822842820266205,0.07016542830626224,0.03790769517174118,0.22381099221318057,2000,0.0592087686234543,0.0592087686234543,mean_of_replicate_annual_plot_totals,True
ML,full_record_model_only,2024,Se,ST,0.13164011229765937,0.11630812601767532,0.06993378116382838,0.2945362439435311,2000,0.0944911216231306,0.0944911216231306,mean_of_replicate_annual_plot_totals,True
ML,full_record_model_only,2024,TDS,CT,194.5400570078781,169.35593195964287,105.09771185109669,456.42886158620917,2000,146.41300622027185,146.41300622027185,mean_of_replicate_annual_plot_totals,True
ML,full_record_model_only,2024,TDS,MT,195.99737840147674,169.61205854873174,98.8399058366177,544.6843240768577,2000,149.63479417987844,149.63479417987844,mean_of_replicate_annual_plot_totals,True
ML,full_record_model_only,2024,TDS,ST,251.1650316589986,220.94704335467196,143.37269791046063,553.2368690553791,2000,188.83578457902843,188.83578457902843,mean_of_replicate_annual_plot_totals,True
ML,full_record_model_only,2024,TKN,CT,0.2504709324041739,0.21656309370407956,0.11876512153166857,0.6524233605593915,2000,0.1854379555971707,0.1854379555971707,mean_of_replicate_annual_plot_totals,True
ML,full_record_model_only,2024,TKN,MT,0.25463666888966907,0.21945604738909205,0.10055583356543574,0.7713649168770391,2000,0.18965850742647866,0.18965850742647866,mean_of_replicate_annual_plot_totals,True
ML,full_record_model_only,2024,TKN,ST,0.34371810601245173,0.3018674408668117,0.1689654382904141,0.8378507812542716,2000,0.2523714046463729,0.2523714046463729,mean_of_replicate_annual_plot_totals,True
ML,full_record_model_only,2024,TN,CT,1.0251416455307203,0.8914477803215435,0.5694504887171502,2.447769569026596,2000,0.7739493567026163,0.7739493567026163,mean_of_replicate_annual_plot_totals,True
ML,full_record_model_only,2024,TN,MT,0.9468280327906132,0.8121244478127094,0.47652142459800134,2.559336883958928,2000,0.7198039437397659,0.7198039437397659,mean_of_replicate_annual_plot_totals,True
ML,full_record_model_only,2024,TN,ST,1.2934562796188886,1.1436649904635048,0.7579107865325927,2.870812414766162,2000,0.9793288321564679,0.9793288321564679,mean_of_replicate_annual_plot_totals,True
ML,full_record_model_only,2024,TP,CT,0.16284302674046544,0.14129863951197136,0.08524006749125904,0.38420541431367244,2000,0.1141056502668196,0.1141056502668196,mean_of_replicate_annual_plot_totals,True
ML,full_record_model_only,2024,TP,MT,0.1418848058638712,0.1218808489756356,0.07028491683825079,0.35811639955845614,2000,0.10025447933750975,0.10025447933750975,mean_of_replicate_annual_plot_totals,True
ML,full_record_model_only,2024,TP,ST,0.2696507062566291,0.2377781968344257,0.1484390795792082,0.6062815549324663,2000,0.19370481753896868,0.19370481753896868,mean_of_replicate_annual_plot_totals,True
ML,full_record_model_only,2024,TSS,CT,172.28163435630992,150.21414778806377,94.52119863121835,405.030534482408,2000,127.50785187616374,127.50785187616374,mean_of_replicate_annual_plot_totals,True
ML,full_record_model_only,2024,TSS,MT,169.85674343550207,146.14768947211954,87.19970408818253,406.5252286896413,2000,127.76621909530198,127.76621909530198,mean_of_replicate_annual_plot_totals,True
ML,full_record_model_only,2024,TSS,ST,355.4957004925012,314.73081285174055,203.59279593323166,774.4743903962145,2000,269.6333937569991,269.6333937569991,mean_of_replicate_annual_plot_totals,True
ML,full_record_model_only,2025,NH4,CT,0.5442929544336871,0.4999078863281926,0.3512555296589331,0.9571195735318615,2000,0.4022909612820269,0.4022909612820269,mean_of_replicate_annual_plot_totals,True
ML,full_record_model_only,2025,NH4,MT,0.7003300446020314,0.6362062335127776,0.4296759079786712,1.3689197976683338,2000,0.5186704702486042,0.5186704702486042,mean_of_replicate_annual_plot_totals,True
ML,full_record_model_only,2025,NH4,ST,0.7390356479840381,0.6766266352138728,0.4814184518103244,1.3349119201377346,2000,0.549796649448419,0.549796649448419,mean_of_replicate_annual_plot_totals,True
ML,full_record_model_only,2025,NO2,CT,0.33187107324605164,0.3005754022995808,0.21217054977141492,0.6067662970738058,2000,0.24097513036801563,0.24097513036801563,mean_of_replicate_annual_plot_totals,True
ML,full_record_model_only,2025,NO2,MT,0.3993585066520113,0.3637503852746171,0.24482406515590024,0.7710342718186258,2000,0.2948558982949457,0.2948558982949457,mean_of_replicate_annual_plot_totals,True
ML,full_record_model_only,2025,NO2,ST,0.41864428364818057,0.3813844145366613,0.262816062469656,0.7668934266997783,2000,0.30553517761165505,0.30553517761165505,mean_of_replicate_annual_plot_totals,True
ML,full_record_model_only,2025,NO3,CT,0.13745560352199512,0.12179925918478957,0.07228659801396896,0.30633433798039567,2000,0.09037167028667376,0.09037167028667376,mean_of_replicate_annual_plot_totals,True
ML,full_record_model_only,2025,NO3,MT,0.14890788905085228,0.13176109038854728,0.07399581836826052,0.3367108704060934,2000,0.0955629057853532,0.0955629057853532,mean_of_replicate_annual_plot_totals,True
ML,full_record_model_only,2025,NO3,ST,0.14836557855466412,0.1323984143851858,0.07876933153340077,0.312069306378516,2000,0.0953817837002077,0.0953817837002077,mean_of_replicate_annual_plot_totals,True
ML,full_record_model_only,2025,OP,CT,0.12317369651581704,0.11166580742093035,0.06855835853077064,0.24330515073463307,2000,0.08035850081130566,0.08035850081130566,mean_of_replicate_annual_plot_totals,True
ML,full_record_model_only,2025,OP,MT,0.14714686185804887,0.1313636076339515,0.07829733670580982,0.31626267942431785,2000,0.09420894721654155,0.09420894721654155,mean_of_replicate_annual_plot_totals,True
ML,full_record_model_only,2025,OP,ST,0.1553905557008823,0.13994684430601054,0.08460174309460668,0.3044192335266667,2000,0.10019414415333261,0.10019414415333261,mean_of_replicate_annual_plot_totals,True
ML,full_record_model_only,2025,Se,CT,0.3345180957231903,0.30736409840588186,0.21208201307068222,0.595091069903775,2000,0.24369979970170075,0.24369979970170075,mean_of_replicate_annual_plot_totals,True
ML,full_record_model_only,2025,Se,MT,0.41230018894475057,0.37569458713374004,0.24358708955143163,0.7879897258769258,2000,0.3030981216880819,0.3030981216880819,mean_of_replicate_annual_plot_totals,True
ML,full_record_model_only,2025,Se,ST,0.459395362280781,0.4221078174939607,0.29264696923015093,0.8270536778418242,2000,0.3366495398227535,0.3366495398227535,mean_of_replicate_annual_plot_totals,True
ML,full_record_model_only,2025,TDS,CT,241.45496984195523,218.74400001633975,160.07634394720336,429.9351270342235,2000,180.31764070134528,180.31764070134528,mean_of_replicate_annual_plot_totals,True
ML,full_record_model_only,2025,TDS,MT,285.16120230503543,257.87478430667284,176.9708977734418,548.0824061672391,2000,217.3520781839428,217.3520781839428,mean_of_replicate_annual_plot_totals,True
ML,full_record_model_only,2025,TDS,ST,301.1499221481233,275.91881357744603,197.33358398242638,531.4395586341401,2000,228.3613413764088,228.3613413764088,mean_of_replicate_annual_plot_totals,True
ML,full_record_model_only,2025,TKN,CT,0.3549998107718936,0.3193010802415829,0.20415100367226457,0.7430878168805114,2000,0.2532213594174259,0.2532213594174259,mean_of_replicate_annual_plot_totals,True
ML,full_record_model_only,2025,TKN,MT,0.36116520575730704,0.31911694219815423,0.1925483384459611,0.8298483942826845,2000,0.2542218706663219,0.2542218706663219,mean_of_replicate_annual_plot_totals,True
ML,full_record_model_only,2025,TKN,ST,0.3658497974304512,0.3249919464160622,0.2020591085151278,0.8539080812175938,2000,0.25644442200242556,0.25644442200242556,mean_of_replicate_annual_plot_totals,True
ML,full_record_model_only,2025,TN,CT,2.483241750672051,2.2729572324423306,1.6453709164657615,4.342134850139439,2000,1.8594667953797197,1.8594667953797197,mean_of_replicate_annual_plot_totals,True
ML,full_record_model_only,2025,TN,MT,2.8646260168309126,2.609959767427061,1.8085332057449137,5.281722906122463,2000,2.185507927950035,2.185507927950035,mean_of_replicate_annual_plot_totals,True
ML,full_record_model_only,2025,TN,ST,3.12093606035337,2.8684245319019404,2.0884966526049786,5.45270316458707,2000,2.3531191910005056,2.3531191910005056,mean_of_replicate_annual_plot_totals,True
ML,full_record_model_only,2025,TP,CT,0.7609967116358375,0.6905352019052609,0.4755701820107893,1.5585434477419544,2000,0.5437842696455113,0.5437842696455113,mean_of_replicate_annual_plot_totals,True
ML,full_record_model_only,2025,TP,MT,1.1817508223106317,1.0424238452105157,0.6415453322842112,3.0079001437145676,2000,0.8614913869094218,0.8614913869094218,mean_of_replicate_annual_plot_totals,True
ML,full_record_model_only,2025,TP,ST,1.1530170170677327,1.0455964599467058,0.6841762507169844,2.524203944586124,2000,0.8459244198927516,0.8459244198927516,mean_of_replicate_annual_plot_totals,True
ML,full_record_model_only,2025,TSS,CT,488.6430935180416,443.9892107321915,317.3520274433305,932.6374136385729,2000,356.7505806832213,356.7505806832213,mean_of_replicate_annual_plot_totals,True
ML,full_record_model_only,2025,TSS,MT,779.3162024583413,682.9436837647303,411.9908602395169,1997.7290636310888,2000,588.6854881039613,588.6854881039613,mean_of_replicate_annual_plot_totals,True
ML,full_record_model_only,2025,TSS,ST,711.1490794506404,642.2347720360068,428.38699780562234,1536.6927217212126,2000,524.4176111801465,524.4176111801465,mean_of_replicate_annual_plot_totals,True
