PhysicalEventID,Analyte,Year,Treatment,Observed_mg_L,n_source_observations,Method,Modeled_mg_L,central_estimate_type,resolution
PE_003510690d55f2e080ab,NH4,2015,CT,0.14,2,Bayes,0.1353666762191538,posterior_predictive_mean,one median measured concentration per PhysicalEventID x Analyte
PE_01dfb8394999c3a08b1b,NH4,2015,CT,0.0,2,Bayes,0.0327704028118172,posterior_predictive_mean,one median measured concentration per PhysicalEventID x Analyte
PE_1994b95c4c5d89d54441,NH4,2015,CT,0.0,2,Bayes,0.0330316694075879,posterior_predictive_mean,one median measured concentration per PhysicalEventID x Analyte
PE_1ad2a48558b8c9cdf0bb,NH4,2015,CT,0.005,2,Bayes,0.0057610813286485,posterior_predictive_mean,one median measured concentration per PhysicalEventID x Analyte
PE_38f43e287ee7d1f916e4,NH4,2015,CT,0.13,2,Bayes,0.1264685733910357,posterior_predictive_mean,one median measured concentration per PhysicalEventID x Analyte
PE_63a5c105af28ea9f75a7,NH4,2015,CT,0.1215,2,Bayes,0.1179279285304329,posterior_predictive_mean,one median measured concentration per PhysicalEventID x Analyte
PE_b307adedb4f140b2f276,NH4,2015,CT,0.15500000000000003,2,Bayes,0.1508406130812108,posterior_predictive_mean,one median measured concentration per PhysicalEventID x Analyte
PE_eba40b08b5ce69421768,NH4,2015,CT,0.012,2,Bayes,0.0068849747478421,posterior_predictive_mean,one median measured concentration per PhysicalEventID x Analyte
PE_ece5ee3d9a47f8a4b70b,NH4,2015,CT,0.131,2,Bayes,0.1255322028956457,posterior_predictive_mean,one median measured concentration per PhysicalEventID x Analyte
PE_effd37ee189df750ad5a,NH4,2015,CT,0.1175,2,Bayes,0.113843102663862,posterior_predictive_mean,one median measured concentration per PhysicalEventID x Analyte
PE_078b8edebaf25b47ca9c,NH4,2015,MT,0.005,2,Bayes,0.007351852088942,posterior_predictive_mean,one median measured concentration per PhysicalEventID x Analyte
PE_0e378dd2a91d7df1a7a9,NH4,2015,MT,0.1565,2,Bayes,0.1543231315385521,posterior_predictive_mean,one median measured concentration per PhysicalEventID x Analyte
PE_4ebf629c5dd531a50c12,NH4,2015,MT,0.135,2,Bayes,0.1339767761511123,posterior_predictive_mean,one median measured concentration per PhysicalEventID x Analyte
PE_61227cf97dd057e6375a,NH4,2015,MT,0.005,2,Bayes,0.007904107902651,posterior_predictive_mean,one median measured concentration per PhysicalEventID x Analyte
PE_9f67556e2848ccb24a85,NH4,2015,MT,0.14500000000000002,2,Bayes,0.1440105850133916,posterior_predictive_mean,one median measured concentration per PhysicalEventID x Analyte
PE_a98d09332522adfe618b,NH4,2015,MT,0.0,2,Bayes,0.0286328029401414,posterior_predictive_mean,one median measured concentration per PhysicalEventID x Analyte
PE_bd8c84ec329021438849,NH4,2015,MT,0.1375,2,Bayes,0.1348110332267971,posterior_predictive_mean,one median measured concentration per PhysicalEventID x Analyte
PE_bf6fc540566653c363a5,NH4,2015,MT,0.14200000000000002,2,Bayes,0.1397996171931035,posterior_predictive_mean,one median measured concentration per PhysicalEventID x Analyte
PE_f28eca55841e3590b19f,NH4,2015,MT,0.0,2,Bayes,0.0269094841686126,posterior_predictive_mean,one median measured concentration per PhysicalEventID x Analyte
PE_fc35961bbf4775b1838e,NH4,2015,MT,0.134,2,Bayes,0.1324657786199465,posterior_predictive_mean,one median measured concentration per PhysicalEventID x Analyte
PE_27068e46a99396e37068,NH4,2015,ST,0.0,2,Bayes,0.0328744715900985,posterior_predictive_mean,one median measured concentration per PhysicalEventID x Analyte
PE_2bc636c51bdfedd7a673,NH4,2015,ST,0.005,2,Bayes,0.0054683811236518,posterior_predictive_mean,one median measured concentration per PhysicalEventID x Analyte
PE_64548a06be4bb873cda0,NH4,2015,ST,0.165,2,Bayes,0.1594229936306323,posterior_predictive_mean,one median measured concentration per PhysicalEventID x Analyte
PE_72bbe667892a258fbed0,NH4,2015,ST,0.0,2,Bayes,0.0345592053263037,posterior_predictive_mean,one median measured concentration per PhysicalEventID x Analyte
PE_8b715eebc00f1d87b8e3,NH4,2015,ST,0.125,2,Bayes,0.121771571718445,posterior_predictive_mean,one median measured concentration per PhysicalEventID x Analyte
PE_982e6a4e7c9174d09a3c,NH4,2015,ST,0.43,1,Bayes,0.4104584492081956,posterior_predictive_mean,one median measured concentration per PhysicalEventID x Analyte
PE_ab750944465b3b03a5ec,NH4,2015,ST,0.15000000000000002,2,Bayes,0.1459662757737327,posterior_predictive_mean,one median measured concentration per PhysicalEventID x Analyte
PE_c173a335fbc6a1794117,NH4,2015,ST,0.0165,2,Bayes,0.0113290605781114,posterior_predictive_mean,one median measured concentration per PhysicalEventID x Analyte
PE_ef16b92ac44718ed6fbe,NH4,2015,ST,0.255,1,Bayes,0.2446053410353031,posterior_predictive_mean,one median measured concentration per PhysicalEventID x Analyte
PE_f98814c17b9da4b10046,NH4,2015,ST,0.1535,2,Bayes,0.148234958970022,posterior_predictive_mean,one median measured concentration per PhysicalEventID x Analyte
PE_571c968894d925b12ac7,NH4,2016,CT,0.4825,2,Bayes,0.4663961862462624,posterior_predictive_mean,one median measured concentration per PhysicalEventID x Analyte
PE_796a63125680b03b1a47,NH4,2016,CT,0.161,2,Bayes,0.1555992277234991,posterior_predictive_mean,one median measured concentration per PhysicalEventID x Analyte
PE_962807ecf486db3c765b,NH4,2016,CT,0.1595,2,Bayes,0.154616450107291,posterior_predictive_mean,one median measured concentration per PhysicalEventID x Analyte
PE_cf4508303fbec7c40fe5,NH4,2016,CT,0.01,2,Bayes,0.019915336746302,posterior_predictive_mean,one median measured concentration per PhysicalEventID x Analyte
PE_06726b0bbd436c0f2638,NH4,2016,MT,0.0835,2,Bayes,0.0817266315376658,posterior_predictive_mean,one median measured concentration per PhysicalEventID x Analyte
PE_1d9fa89274a5507fb9c3,NH4,2016,MT,0.1385,2,Bayes,0.1361763896671709,posterior_predictive_mean,one median measured concentration per PhysicalEventID x Analyte
PE_2836684cbc95d298d128,NH4,2016,MT,0.0385,2,Bayes,0.0381876662323438,posterior_predictive_mean,one median measured concentration per PhysicalEventID x Analyte
PE_e91aef82d1d0158c64de,NH4,2016,MT,0.1265,2,Bayes,0.1245341003647738,posterior_predictive_mean,one median measured concentration per PhysicalEventID x Analyte
PE_245bc6dafec7fe277df3,NH4,2016,ST,0.1245,2,Bayes,0.1202734588607491,posterior_predictive_mean,one median measured concentration per PhysicalEventID x Analyte
PE_518a902e850a37a6e1f7,NH4,2016,ST,0.0495,2,Bayes,0.0458835011171197,posterior_predictive_mean,one median measured concentration per PhysicalEventID x Analyte
PE_7b17489d08fa900cd025,NH4,2016,ST,0.16999999999999998,2,Bayes,0.1642083740655467,posterior_predictive_mean,one median measured concentration per PhysicalEventID x Analyte
PE_ed07163240c41f058ff7,NH4,2016,ST,0.049,2,Bayes,0.0455122883559207,posterior_predictive_mean,one median measured concentration per PhysicalEventID x Analyte
PE_003510690d55f2e080ab,NH4,2015,CT,0.14,2,ML,0.2624580578788137,full_record_deterministic_prediction,one median measured concentration per PhysicalEventID x Analyte
PE_01dfb8394999c3a08b1b,NH4,2015,CT,0.0,2,ML,0.0427241761349725,full_record_deterministic_prediction,one median measured concentration per PhysicalEventID x Analyte
PE_1994b95c4c5d89d54441,NH4,2015,CT,0.0,2,ML,0.0155554131856221,full_record_deterministic_prediction,one median measured concentration per PhysicalEventID x Analyte
PE_1ad2a48558b8c9cdf0bb,NH4,2015,CT,0.005,2,ML,0.0708946670272915,full_record_deterministic_prediction,one median measured concentration per PhysicalEventID x Analyte
PE_38f43e287ee7d1f916e4,NH4,2015,CT,0.13,2,ML,0.1091611017139932,full_record_deterministic_prediction,one median measured concentration per PhysicalEventID x Analyte
PE_63a5c105af28ea9f75a7,NH4,2015,CT,0.1215,2,ML,0.1664544074930523,full_record_deterministic_prediction,one median measured concentration per PhysicalEventID x Analyte
PE_b307adedb4f140b2f276,NH4,2015,CT,0.15500000000000003,2,ML,0.180211744050141,full_record_deterministic_prediction,one median measured concentration per PhysicalEventID x Analyte
PE_eba40b08b5ce69421768,NH4,2015,CT,0.012,2,ML,0.0299764102902786,full_record_deterministic_prediction,one median measured concentration per PhysicalEventID x Analyte
PE_ece5ee3d9a47f8a4b70b,NH4,2015,CT,0.131,2,ML,0.2765952754308119,full_record_deterministic_prediction,one median measured concentration per PhysicalEventID x Analyte
PE_effd37ee189df750ad5a,NH4,2015,CT,0.1175,2,ML,0.1494915836573853,full_record_deterministic_prediction,one median measured concentration per PhysicalEventID x Analyte
PE_078b8edebaf25b47ca9c,NH4,2015,MT,0.005,2,ML,0.0026935500817338,full_record_deterministic_prediction,one median measured concentration per PhysicalEventID x Analyte
PE_0e378dd2a91d7df1a7a9,NH4,2015,MT,0.1565,2,ML,0.0738230600107371,full_record_deterministic_prediction,one median measured concentration per PhysicalEventID x Analyte
PE_4ebf629c5dd531a50c12,NH4,2015,MT,0.135,2,ML,0.1658660899801742,full_record_deterministic_prediction,one median measured concentration per PhysicalEventID x Analyte
PE_61227cf97dd057e6375a,NH4,2015,MT,0.005,2,ML,0.0610859370795948,full_record_deterministic_prediction,one median measured concentration per PhysicalEventID x Analyte
PE_9f67556e2848ccb24a85,NH4,2015,MT,0.14500000000000002,2,ML,0.0772371798300461,full_record_deterministic_prediction,one median measured concentration per PhysicalEventID x Analyte
PE_a98d09332522adfe618b,NH4,2015,MT,0.0,2,ML,0.0,full_record_deterministic_prediction,one median measured concentration per PhysicalEventID x Analyte
PE_bd8c84ec329021438849,NH4,2015,MT,0.1375,2,ML,0.1800886353281886,full_record_deterministic_prediction,one median measured concentration per PhysicalEventID x Analyte
PE_bf6fc540566653c363a5,NH4,2015,MT,0.14200000000000002,2,ML,0.2284680569407731,full_record_deterministic_prediction,one median measured concentration per PhysicalEventID x Analyte
PE_f28eca55841e3590b19f,NH4,2015,MT,0.0,2,ML,0.0,full_record_deterministic_prediction,one median measured concentration per PhysicalEventID x Analyte
PE_fc35961bbf4775b1838e,NH4,2015,MT,0.134,2,ML,0.1240477253263256,full_record_deterministic_prediction,one median measured concentration per PhysicalEventID x Analyte
PE_27068e46a99396e37068,NH4,2015,ST,0.0,2,ML,0.0,full_record_deterministic_prediction,one median measured concentration per PhysicalEventID x Analyte
PE_2bc636c51bdfedd7a673,NH4,2015,ST,0.005,2,ML,0.0288420424219122,full_record_deterministic_prediction,one median measured concentration per PhysicalEventID x Analyte
PE_64548a06be4bb873cda0,NH4,2015,ST,0.165,2,ML,0.1472675700840408,full_record_deterministic_prediction,one median measured concentration per PhysicalEventID x Analyte
PE_72bbe667892a258fbed0,NH4,2015,ST,0.0,2,ML,0.0,full_record_deterministic_prediction,one median measured concentration per PhysicalEventID x Analyte
PE_8b715eebc00f1d87b8e3,NH4,2015,ST,0.125,2,ML,0.127006186005447,full_record_deterministic_prediction,one median measured concentration per PhysicalEventID x Analyte
PE_982e6a4e7c9174d09a3c,NH4,2015,ST,0.43,1,ML,0.2758344110043486,full_record_deterministic_prediction,one median measured concentration per PhysicalEventID x Analyte
PE_ab750944465b3b03a5ec,NH4,2015,ST,0.15000000000000002,2,ML,0.1121445525804764,full_record_deterministic_prediction,one median measured concentration per PhysicalEventID x Analyte
PE_c173a335fbc6a1794117,NH4,2015,ST,0.0165,2,ML,0.0014364301604464,full_record_deterministic_prediction,one median measured concentration per PhysicalEventID x Analyte
PE_ef16b92ac44718ed6fbe,NH4,2015,ST,0.255,1,ML,0.2267671422131923,full_record_deterministic_prediction,one median measured concentration per PhysicalEventID x Analyte
PE_f98814c17b9da4b10046,NH4,2015,ST,0.1535,2,ML,0.1488784828529512,full_record_deterministic_prediction,one median measured concentration per PhysicalEventID x Analyte
PE_571c968894d925b12ac7,NH4,2016,CT,0.4825,2,ML,0.0546123705209035,full_record_deterministic_prediction,one median measured concentration per PhysicalEventID x Analyte
PE_796a63125680b03b1a47,NH4,2016,CT,0.161,2,ML,0.1968390864385632,full_record_deterministic_prediction,one median measured concentration per PhysicalEventID x Analyte
PE_962807ecf486db3c765b,NH4,2016,CT,0.1595,2,ML,0.0827421133409459,full_record_deterministic_prediction,one median measured concentration per PhysicalEventID x Analyte
PE_cf4508303fbec7c40fe5,NH4,2016,CT,0.01,2,ML,0.0832931107659588,full_record_deterministic_prediction,one median measured concentration per PhysicalEventID x Analyte
PE_06726b0bbd436c0f2638,NH4,2016,MT,0.0835,2,ML,0.1051181202856889,full_record_deterministic_prediction,one median measured concentration per PhysicalEventID x Analyte
PE_1d9fa89274a5507fb9c3,NH4,2016,MT,0.1385,2,ML,0.1541354969971892,full_record_deterministic_prediction,one median measured concentration per PhysicalEventID x Analyte
PE_2836684cbc95d298d128,NH4,2016,MT,0.0385,2,ML,0.0936262607118011,full_record_deterministic_prediction,one median measured concentration per PhysicalEventID x Analyte
PE_e91aef82d1d0158c64de,NH4,2016,MT,0.1265,2,ML,0.1403795988475092,full_record_deterministic_prediction,one median measured concentration per PhysicalEventID x Analyte
PE_245bc6dafec7fe277df3,NH4,2016,ST,0.1245,2,ML,0.1166043568828028,full_record_deterministic_prediction,one median measured concentration per PhysicalEventID x Analyte
PE_518a902e850a37a6e1f7,NH4,2016,ST,0.0495,2,ML,0.0819953222135213,full_record_deterministic_prediction,one median measured concentration per PhysicalEventID x Analyte
PE_7b17489d08fa900cd025,NH4,2016,ST,0.16999999999999998,2,ML,0.1532494349306777,full_record_deterministic_prediction,one median measured concentration per PhysicalEventID x Analyte
PE_ed07163240c41f058ff7,NH4,2016,ST,0.049,2,ML,0.0730287133451938,full_record_deterministic_prediction,one median measured concentration per PhysicalEventID x Analyte
PE_074f45d65401c8fdb3f5,NO2,2022,CT,0.0,3,Bayes,0.0,posterior_predictive_mean,one median measured concentration per PhysicalEventID x Analyte
PE_26a08057b7264787ef06,NO2,2022,CT,0.0,1,Bayes,0.0,posterior_predictive_mean,one median measured concentration per PhysicalEventID x Analyte
PE_32d4186ac5b7c925427a,NO2,2022,CT,0.0,2,Bayes,0.0,posterior_predictive_mean,one median measured concentration per PhysicalEventID x Analyte
PE_438127a754ce2a504c09,NO2,2022,CT,0.0,2,Bayes,0.0,posterior_predictive_mean,one median measured concentration per PhysicalEventID x Analyte
PE_5ae2ded12c8023b32c0a,NO2,2022,CT,1.7,3,Bayes,2.06522969054002,posterior_predictive_mean,one median measured concentration per PhysicalEventID x Analyte
PE_b8cc705881475991ea0f,NO2,2022,CT,0.0,2,Bayes,0.0,posterior_predictive_mean,one median measured concentration per PhysicalEventID x Analyte
PE_c409fdcd758dbf3b86bb,NO2,2022,CT,0.0,1,Bayes,0.0,posterior_predictive_mean,one median measured concentration per PhysicalEventID x Analyte
PE_db44df4caa1727e348be,NO2,2022,CT,0.0,3,Bayes,0.0,posterior_predictive_mean,one median measured concentration per PhysicalEventID x Analyte
PE_df160c088a0a2ccf4d3e,NO2,2022,CT,0.0,1,Bayes,0.0,posterior_predictive_mean,one median measured concentration per PhysicalEventID x Analyte
PE_eb7e4b7d6a65d5aa6a4b,NO2,2022,CT,0.0,3,Bayes,0.0,posterior_predictive_mean,one median measured concentration per PhysicalEventID x Analyte
PE_14298b67e71efd6380df,NO2,2022,MT,1.6,3,Bayes,2.0646615521293703,posterior_predictive_mean,one median measured concentration per PhysicalEventID x Analyte
PE_260d9de653b38957c0fe,NO2,2022,MT,0.0,2,Bayes,0.0,posterior_predictive_mean,one median measured concentration per PhysicalEventID x Analyte
PE_344e7a9bb935a4829210,NO2,2022,MT,0.0,2,Bayes,0.0,posterior_predictive_mean,one median measured concentration per PhysicalEventID x Analyte
PE_3fc5dfce0fb4c6220e16,NO2,2022,MT,0.0,3,Bayes,0.0,posterior_predictive_mean,one median measured concentration per PhysicalEventID x Analyte
PE_5556897f607258fe9362,NO2,2022,MT,0.0,3,Bayes,0.0,posterior_predictive_mean,one median measured concentration per PhysicalEventID x Analyte
PE_912d046edf542edb9c36,NO2,2022,MT,0.0,2,Bayes,0.0,posterior_predictive_mean,one median measured concentration per PhysicalEventID x Analyte
PE_a5a3e7d8a5e84189d18a,NO2,2022,MT,0.0,3,Bayes,0.0,posterior_predictive_mean,one median measured concentration per PhysicalEventID x Analyte
PE_aa383c8c9a57591dc206,NO2,2022,MT,0.0,2,Bayes,0.0,posterior_predictive_mean,one median measured concentration per PhysicalEventID x Analyte
PE_afa287a09ff3e5bab631,NO2,2022,MT,0.0,3,Bayes,0.0,posterior_predictive_mean,one median measured concentration per PhysicalEventID x Analyte
PE_d41d88e8b515629ab69d,NO2,2022,MT,0.0,1,Bayes,0.0,posterior_predictive_mean,one median measured concentration per PhysicalEventID x Analyte
PE_f0406a7690a0e8ef2920,NO2,2022,MT,0.0,2,Bayes,0.0,posterior_predictive_mean,one median measured concentration per PhysicalEventID x Analyte
PE_0656666c2b33c1a71dfc,NO2,2022,ST,0.0,3,Bayes,0.0,posterior_predictive_mean,one median measured concentration per PhysicalEventID x Analyte
PE_230aa97120550e292bc7,NO2,2022,ST,0.0,2,Bayes,0.0,posterior_predictive_mean,one median measured concentration per PhysicalEventID x Analyte
PE_3eefa2d11be77738359b,NO2,2022,ST,1.6,3,Bayes,1.58390685334075,posterior_predictive_mean,one median measured concentration per PhysicalEventID x Analyte
PE_425f14902ee81a16cfeb,NO2,2022,ST,0.0,1,Bayes,0.0,posterior_predictive_mean,one median measured concentration per PhysicalEventID x Analyte
PE_70d3cc17c47edebe68ad,NO2,2022,ST,0.0,2,Bayes,0.0,posterior_predictive_mean,one median measured concentration per PhysicalEventID x Analyte
PE_7cf61966fec7c7b6adc5,NO2,2022,ST,0.0,2,Bayes,0.0,posterior_predictive_mean,one median measured concentration per PhysicalEventID x Analyte
PE_901ccaf6a3ac1105504f,NO2,2022,ST,0.0,2,Bayes,0.0,posterior_predictive_mean,one median measured concentration per PhysicalEventID x Analyte
PE_99ec6d6affe898b0e8d2,NO2,2022,ST,0.0,1,Bayes,0.0,posterior_predictive_mean,one median measured concentration per PhysicalEventID x Analyte
PE_a8630556d08f6cec7f6a,NO2,2022,ST,0.0,3,Bayes,0.0,posterior_predictive_mean,one median measured concentration per PhysicalEventID x Analyte
PE_ceb9c23bc0db5be24388,NO2,2022,ST,0.0,3,Bayes,0.0,posterior_predictive_mean,one median measured concentration per PhysicalEventID x Analyte
PE_dc25029fed7bf1b276c5,NO2,2022,ST,0.0,3,Bayes,0.0,posterior_predictive_mean,one median measured concentration per PhysicalEventID x Analyte
PE_1607bd85c5b858754283,NO2,2023,CT,0.0,4,Bayes,0.0,posterior_predictive_mean,one median measured concentration per PhysicalEventID x Analyte
PE_17f8630aaa6312f3912a,NO2,2023,CT,0.0,4,Bayes,0.0,posterior_predictive_mean,one median measured concentration per PhysicalEventID x Analyte
PE_21ef5b6342274d9e3203,NO2,2023,CT,0.0,4,Bayes,0.0,posterior_predictive_mean,one median measured concentration per PhysicalEventID x Analyte
PE_222b0b4beba254c530d7,NO2,2023,CT,0.0,3,Bayes,0.0,posterior_predictive_mean,one median measured concentration per PhysicalEventID x Analyte
PE_577d295e76e129c37688,NO2,2023,CT,0.0,4,Bayes,0.0,posterior_predictive_mean,one median measured concentration per PhysicalEventID x Analyte
PE_5bf168b414e63b4f63f3,NO2,2023,CT,0.0,5,Bayes,0.0,posterior_predictive_mean,one median measured concentration per PhysicalEventID x Analyte
PE_7131d35e8cd02b882d26,NO2,2023,CT,0.0,4,Bayes,0.0,posterior_predictive_mean,one median measured concentration per PhysicalEventID x Analyte
PE_8474551aa700ba7170c1,NO2,2023,CT,0.182,1,Bayes,0.1847605954798762,posterior_predictive_mean,one median measured concentration per PhysicalEventID x Analyte
PE_bf4d5c43e21a82c51f4f,NO2,2023,CT,0.0,4,Bayes,0.0,posterior_predictive_mean,one median measured concentration per PhysicalEventID x Analyte
PE_ee0d84028e7204c9f8b6,NO2,2023,CT,0.0,4,Bayes,0.0,posterior_predictive_mean,one median measured concentration per PhysicalEventID x Analyte
PE_f071df1dfa8de45515c1,NO2,2023,CT,0.164,1,Bayes,0.1689069023652735,posterior_predictive_mean,one median measured concentration per PhysicalEventID x Analyte
PE_f7a5e5b2a4c1c3239774,NO2,2023,CT,0.0,4,Bayes,0.0,posterior_predictive_mean,one median measured concentration per PhysicalEventID x Analyte
PE_199b5b7c1aaa1098c691,NO2,2023,MT,0.288,1,Bayes,0.2855866374950301,posterior_predictive_mean,one median measured concentration per PhysicalEventID x Analyte
PE_23621b170748f0fc60c2,NO2,2023,MT,0.0,4,Bayes,0.0,posterior_predictive_mean,one median measured concentration per PhysicalEventID x Analyte
PE_248493668060338e72e6,NO2,2023,MT,0.0,5,Bayes,0.0,posterior_predictive_mean,one median measured concentration per PhysicalEventID x Analyte
PE_3694e2f2ef6dd2e8480f,NO2,2023,MT,0.152,1,Bayes,0.1528221565678354,posterior_predictive_mean,one median measured concentration per PhysicalEventID x Analyte
PE_7751232195de561530b0,NO2,2023,MT,0.0,4,Bayes,0.0,posterior_predictive_mean,one median measured concentration per PhysicalEventID x Analyte
PE_8d90127b55de039c6ab7,NO2,2023,MT,0.0,5,Bayes,0.0,posterior_predictive_mean,one median measured concentration per PhysicalEventID x Analyte
PE_9d88eac30a91208d302b,NO2,2023,MT,0.0,4,Bayes,0.0,posterior_predictive_mean,one median measured concentration per PhysicalEventID x Analyte
PE_a5dd6f772a1d2e7d821c,NO2,2023,MT,0.0,6,Bayes,0.0,posterior_predictive_mean,one median measured concentration per PhysicalEventID x Analyte
PE_acc7ee117e759ece44f9,NO2,2023,MT,0.0,5,Bayes,0.0,posterior_predictive_mean,one median measured concentration per PhysicalEventID x Analyte
PE_b6fd60d10e559978199b,NO2,2023,MT,0.0,5,Bayes,0.0,posterior_predictive_mean,one median measured concentration per PhysicalEventID x Analyte
PE_bf74455b1a7c48461768,NO2,2023,MT,0.0,3,Bayes,0.0,posterior_predictive_mean,one median measured concentration per PhysicalEventID x Analyte
PE_c4acde3ff39ca34f7f1d,NO2,2023,MT,0.0,4,Bayes,0.0,posterior_predictive_mean,one median measured concentration per PhysicalEventID x Analyte
PE_68d44a8c5ee2992c2c36,NO2,2023,ST,0.0,4,Bayes,0.0,posterior_predictive_mean,one median measured concentration per PhysicalEventID x Analyte
PE_6f90d69c4aa146a04e18,NO2,2023,ST,0.166,1,Bayes,0.1749936336581766,posterior_predictive_mean,one median measured concentration per PhysicalEventID x Analyte
PE_78a0e5a12037218db30c,NO2,2023,ST,0.0,5,Bayes,0.0,posterior_predictive_mean,one median measured concentration per PhysicalEventID x Analyte
PE_8a47f8b2785e361a0f5c,NO2,2023,ST,0.0,4,Bayes,0.0595921766567382,posterior_predictive_mean,one median measured concentration per PhysicalEventID x Analyte
PE_8f51b688686d8bdc2f79,NO2,2023,ST,0.0,4,Bayes,0.0,posterior_predictive_mean,one median measured concentration per PhysicalEventID x Analyte
PE_ada3010827131318b4a5,NO2,2023,ST,0.0,4,Bayes,0.0,posterior_predictive_mean,one median measured concentration per PhysicalEventID x Analyte
PE_bca2b67b03840bac2206,NO2,2023,ST,0.0,4,Bayes,0.0,posterior_predictive_mean,one median measured concentration per PhysicalEventID x Analyte
PE_c6f4076701513ce44077,NO2,2023,ST,0.209,1,Bayes,0.2153688588732416,posterior_predictive_mean,one median measured concentration per PhysicalEventID x Analyte
PE_c9875bdbbfec951204a7,NO2,2023,ST,0.0,4,Bayes,0.0,posterior_predictive_mean,one median measured concentration per PhysicalEventID x Analyte
PE_d0ce0a7aa7e876660808,NO2,2023,ST,0.0,4,Bayes,0.0,posterior_predictive_mean,one median measured concentration per PhysicalEventID x Analyte
PE_dbd728d03c1d5af8f0ef,NO2,2023,ST,0.0,1,Bayes,0.0,posterior_predictive_mean,one median measured concentration per PhysicalEventID x Analyte
PE_e29fdc102c9f799e8e4f,NO2,2023,ST,0.0,4,Bayes,0.0,posterior_predictive_mean,one median measured concentration per PhysicalEventID x Analyte
PE_fc1529c70189a30552dd,NO2,2023,ST,0.0,4,Bayes,0.0,posterior_predictive_mean,one median measured concentration per PhysicalEventID x Analyte
PE_3a4478840ec05680e176,NO2,2024,CT,0.0505,4,Bayes,0.0520877516130224,posterior_predictive_mean,one median measured concentration per PhysicalEventID x Analyte
PE_828e337f2a8b9a9634d7,NO2,2024,CT,0.0,4,Bayes,0.0,posterior_predictive_mean,one median measured concentration per PhysicalEventID x Analyte
PE_87d4115bb68391b10daf,NO2,2024,CT,0.05,4,Bayes,0.0433980485226652,posterior_predictive_mean,one median measured concentration per PhysicalEventID x Analyte
PE_a354768a3ad269a40a28,NO2,2024,CT,0.0,4,Bayes,0.0,posterior_predictive_mean,one median measured concentration per PhysicalEventID x Analyte
PE_add35a9103c77e144288,NO2,2024,CT,0.0,4,Bayes,0.0,posterior_predictive_mean,one median measured concentration per PhysicalEventID x Analyte
PE_dd4d0ea35e35c329e9d8,NO2,2024,CT,0.0,4,Bayes,0.0,posterior_predictive_mean,one median measured concentration per PhysicalEventID x Analyte
PE_e01f96101de9649fe0a8,NO2,2024,CT,0.0,2,Bayes,0.0,posterior_predictive_mean,one median measured concentration per PhysicalEventID x Analyte
PE_f96a427e92fb0d6cf251,NO2,2024,CT,0.0,4,Bayes,0.0,posterior_predictive_mean,one median measured concentration per PhysicalEventID x Analyte
PE_02b42436b7981ca07571,NO2,2024,MT,0.0,4,Bayes,0.0,posterior_predictive_mean,one median measured concentration per PhysicalEventID x Analyte
PE_7a793bda6ecab836d590,NO2,2024,MT,0.0,3,Bayes,0.0,posterior_predictive_mean,one median measured concentration per PhysicalEventID x Analyte
PE_ba059ebbc29b11d1a3be,NO2,2024,MT,0.0,4,Bayes,0.0,posterior_predictive_mean,one median measured concentration per PhysicalEventID x Analyte
PE_c488be01d5dbff565ef0,NO2,2024,MT,0.0,4,Bayes,0.0,posterior_predictive_mean,one median measured concentration per PhysicalEventID x Analyte
PE_c918bf0b868668efb5e3,NO2,2024,MT,0.0,4,Bayes,0.0,posterior_predictive_mean,one median measured concentration per PhysicalEventID x Analyte
PE_cc030c89ee5b8a7462b6,NO2,2024,MT,0.0,4,Bayes,0.0,posterior_predictive_mean,one median measured concentration per PhysicalEventID x Analyte
PE_d0a561512025e1d2770d,NO2,2024,MT,0.0,4,Bayes,0.0,posterior_predictive_mean,one median measured concentration per PhysicalEventID x Analyte
PE_e582d3221277d02f35d9,NO2,2024,MT,0.0,4,Bayes,0.0,posterior_predictive_mean,one median measured concentration per PhysicalEventID x Analyte
PE_00b38906ec1907c7d0dc,NO2,2024,ST,0.1,4,Bayes,0.0765128938261939,posterior_predictive_mean,one median measured concentration per PhysicalEventID x Analyte
PE_30f71765b192fa672ac6,NO2,2024,ST,0.0,4,Bayes,0.0,posterior_predictive_mean,one median measured concentration per PhysicalEventID x Analyte
PE_47021952abc7ade62c23,NO2,2024,ST,0.0,4,Bayes,0.0,posterior_predictive_mean,one median measured concentration per PhysicalEventID x Analyte
PE_6dfbf6a0b565de5536dd,NO2,2024,ST,0.0,4,Bayes,0.0,posterior_predictive_mean,one median measured concentration per PhysicalEventID x Analyte
PE_d36d20c6bc7c067588be,NO2,2024,ST,0.0,3,Bayes,0.0,posterior_predictive_mean,one median measured concentration per PhysicalEventID x Analyte
PE_dd553617c7d118d29861,NO2,2024,ST,0.0,4,Bayes,0.0,posterior_predictive_mean,one median measured concentration per PhysicalEventID x Analyte
PE_f0055d0fbf3bb2c0c279,NO2,2024,ST,0.0,4,Bayes,0.0,posterior_predictive_mean,one median measured concentration per PhysicalEventID x Analyte
PE_f6579064c70952c33aa8,NO2,2024,ST,0.0,4,Bayes,0.0,posterior_predictive_mean,one median measured concentration per PhysicalEventID x Analyte
PE_01024210b88310ac1815,NO2,2025,CT,0.7275,4,Bayes,0.7304409402278087,posterior_predictive_mean,one median measured concentration per PhysicalEventID x Analyte
PE_30d8eee773ba85ed7ec9,NO2,2025,CT,0.8445,4,Bayes,0.8536785351445131,posterior_predictive_mean,one median measured concentration per PhysicalEventID x Analyte
PE_41cebec90b66f3ef63c2,NO2,2025,CT,0.875,3,Bayes,0.8839002505478796,posterior_predictive_mean,one median measured concentration per PhysicalEventID x Analyte
PE_5c35b22fc4eba02df28c,NO2,2025,CT,0.854,4,Bayes,0.8547037437529191,posterior_predictive_mean,one median measured concentration per PhysicalEventID x Analyte
PE_72b83136bc50254a55a6,NO2,2025,CT,0.7755000000000001,4,Bayes,0.781351613649012,posterior_predictive_mean,one median measured concentration per PhysicalEventID x Analyte
PE_73a092189bd19f7de823,NO2,2025,CT,0.866,4,Bayes,0.8618451611327829,posterior_predictive_mean,one median measured concentration per PhysicalEventID x Analyte
PE_79ea2eb78bef48e2d163,NO2,2025,CT,0.8,4,Bayes,0.8034522699049795,posterior_predictive_mean,one median measured concentration per PhysicalEventID x Analyte
PE_85771b5590cb80ee80b1,NO2,2025,CT,0.799,4,Bayes,0.8051940547194385,posterior_predictive_mean,one median measured concentration per PhysicalEventID x Analyte
PE_92e7ac2243498d97f3e0,NO2,2025,CT,0.864,4,Bayes,0.8700874252101344,posterior_predictive_mean,one median measured concentration per PhysicalEventID x Analyte
PE_961b16815e7ba5016bdb,NO2,2025,CT,0.8485,4,Bayes,0.8535581750604878,posterior_predictive_mean,one median measured concentration per PhysicalEventID x Analyte
PE_bd4a80359ce1de5f5729,NO2,2025,CT,0.7785,4,Bayes,0.782980514127074,posterior_predictive_mean,one median measured concentration per PhysicalEventID x Analyte
PE_ef5b618a3b1b8ffbd8e4,NO2,2025,CT,0.715,4,Bayes,0.7220501982287943,posterior_predictive_mean,one median measured concentration per PhysicalEventID x Analyte
PE_2314eec6a45e0be9e203,NO2,2025,MT,0.7815000000000001,4,Bayes,0.7825749239796468,posterior_predictive_mean,one median measured concentration per PhysicalEventID x Analyte
PE_39c8810e26ab4ca7933c,NO2,2025,MT,0.8294999999999999,4,Bayes,0.830750547797468,posterior_predictive_mean,one median measured concentration per PhysicalEventID x Analyte
PE_676050582c291c72204b,NO2,2025,MT,0.7244999999999999,4,Bayes,0.7300025431056654,posterior_predictive_mean,one median measured concentration per PhysicalEventID x Analyte
PE_6c85627a623e6c9dfbb4,NO2,2025,MT,0.8674999999999999,4,Bayes,0.8727105508284978,posterior_predictive_mean,one median measured concentration per PhysicalEventID x Analyte
PE_7d221972180d28e4f760,NO2,2025,MT,0.779,4,Bayes,0.7825824930361094,posterior_predictive_mean,one median measured concentration per PhysicalEventID x Analyte
PE_a033c0958b5b88a75684,NO2,2025,MT,0.8305,4,Bayes,0.8301719522997413,posterior_predictive_mean,one median measured concentration per PhysicalEventID x Analyte
PE_a36448d6fe89c398bac0,NO2,2025,MT,0.724,4,Bayes,0.7277979605933919,posterior_predictive_mean,one median measured concentration per PhysicalEventID x Analyte
PE_c1edec673d6e55fe03b0,NO2,2025,MT,0.8614999999999999,4,Bayes,0.8663707868682463,posterior_predictive_mean,one median measured concentration per PhysicalEventID x Analyte
PE_c63b91d3075e6834f32e,NO2,2025,MT,0.9365,4,Bayes,0.943044238255832,posterior_predictive_mean,one median measured concentration per PhysicalEventID x Analyte
PE_e6892c1c4df9f9956548,NO2,2025,MT,0.9245000000000001,4,Bayes,0.9296693528375004,posterior_predictive_mean,one median measured concentration per PhysicalEventID x Analyte
PE_f2544036a8cdc2b562ca,NO2,2025,MT,0.8625,4,Bayes,0.8680779500997688,posterior_predictive_mean,one median measured concentration per PhysicalEventID x Analyte
PE_ff8985d7bd1f94902d4e,NO2,2025,MT,0.859,4,Bayes,0.8621847122408196,posterior_predictive_mean,one median measured concentration per PhysicalEventID x Analyte
PE_0373cedd6c6b07cdac38,NO2,2025,ST,0.813,4,Bayes,0.8168796837949963,posterior_predictive_mean,one median measured concentration per PhysicalEventID x Analyte
PE_0c2d197a5610b0bbb10e,NO2,2025,ST,0.7235,4,Bayes,0.7256505488639311,posterior_predictive_mean,one median measured concentration per PhysicalEventID x Analyte
PE_2000666922e9baf4491a,NO2,2025,ST,0.8574999999999999,4,Bayes,0.8574184436312322,posterior_predictive_mean,one median measured concentration per PhysicalEventID x Analyte
PE_326f1ee42ddcd2cd3c31,NO2,2025,ST,0.9015,4,Bayes,0.909778868689266,posterior_predictive_mean,one median measured concentration per PhysicalEventID x Analyte
PE_33b48c45a8f1d7ee984a,NO2,2025,ST,0.726,4,Bayes,0.727692908978782,posterior_predictive_mean,one median measured concentration per PhysicalEventID x Analyte
PE_44d1a7f433fe780ac78b,NO2,2025,ST,0.8614999999999999,4,Bayes,0.8678812003451006,posterior_predictive_mean,one median measured concentration per PhysicalEventID x Analyte
PE_55ff1c1f21eee62bac5f,NO2,2025,ST,0.855,4,Bayes,0.86329688819306,posterior_predictive_mean,one median measured concentration per PhysicalEventID x Analyte
PE_69bf4666a40285ef26b8,NO2,2025,ST,0.8865000000000001,4,Bayes,0.8918216182126136,posterior_predictive_mean,one median measured concentration per PhysicalEventID x Analyte
PE_6db16cd7a8da79e5651d,NO2,2025,ST,0.7785,4,Bayes,0.7835573276850392,posterior_predictive_mean,one median measured concentration per PhysicalEventID x Analyte
PE_744bc567dc348be5d05b,NO2,2025,ST,0.8625,4,Bayes,0.8626664956487948,posterior_predictive_mean,one median measured concentration per PhysicalEventID x Analyte
PE_76eec8ae39fe2d6f5031,NO2,2025,ST,0.814,4,Bayes,0.8168576155086413,posterior_predictive_mean,one median measured concentration per PhysicalEventID x Analyte
PE_a873c6f206750ebc6cd1,NO2,2025,ST,0.7765,4,Bayes,0.782600317003844,posterior_predictive_mean,one median measured concentration per PhysicalEventID x Analyte
PE_074f45d65401c8fdb3f5,NO2,2022,CT,0.0,3,ML,0.0426395466989852,full_record_deterministic_prediction,one median measured concentration per PhysicalEventID x Analyte
PE_26a08057b7264787ef06,NO2,2022,CT,0.0,1,ML,0.0,full_record_deterministic_prediction,one median measured concentration per PhysicalEventID x Analyte
PE_32d4186ac5b7c925427a,NO2,2022,CT,0.0,2,ML,0.0024857794597836,full_record_deterministic_prediction,one median measured concentration per PhysicalEventID x Analyte
PE_438127a754ce2a504c09,NO2,2022,CT,0.0,2,ML,0.1512642092992795,full_record_deterministic_prediction,one median measured concentration per PhysicalEventID x Analyte
PE_5ae2ded12c8023b32c0a,NO2,2022,CT,1.7,3,ML,0.94973389466192,full_record_deterministic_prediction,one median measured concentration per PhysicalEventID x Analyte
PE_b8cc705881475991ea0f,NO2,2022,CT,0.0,2,ML,0.0953199517053861,full_record_deterministic_prediction,one median measured concentration per PhysicalEventID x Analyte
PE_c409fdcd758dbf3b86bb,NO2,2022,CT,0.0,1,ML,0.0081888871983194,full_record_deterministic_prediction,one median measured concentration per PhysicalEventID x Analyte
PE_db44df4caa1727e348be,NO2,2022,CT,0.0,3,ML,0.0564208466602412,full_record_deterministic_prediction,one median measured concentration per PhysicalEventID x Analyte
PE_df160c088a0a2ccf4d3e,NO2,2022,CT,0.0,1,ML,0.0516650165077155,full_record_deterministic_prediction,one median measured concentration per PhysicalEventID x Analyte
PE_eb7e4b7d6a65d5aa6a4b,NO2,2022,CT,0.0,3,ML,0.0577261542174542,full_record_deterministic_prediction,one median measured concentration per PhysicalEventID x Analyte
PE_14298b67e71efd6380df,NO2,2022,MT,1.6,3,ML,0.9181480520013312,full_record_deterministic_prediction,one median measured concentration per PhysicalEventID x Analyte
PE_260d9de653b38957c0fe,NO2,2022,MT,0.0,2,ML,0.0184768117445136,full_record_deterministic_prediction,one median measured concentration per PhysicalEventID x Analyte
PE_344e7a9bb935a4829210,NO2,2022,MT,0.0,2,ML,0.164102215648872,full_record_deterministic_prediction,one median measured concentration per PhysicalEventID x Analyte
PE_3fc5dfce0fb4c6220e16,NO2,2022,MT,0.0,3,ML,0.0089464440057472,full_record_deterministic_prediction,one median measured concentration per PhysicalEventID x Analyte
PE_5556897f607258fe9362,NO2,2022,MT,0.0,3,ML,0.0258116453820473,full_record_deterministic_prediction,one median measured concentration per PhysicalEventID x Analyte
PE_912d046edf542edb9c36,NO2,2022,MT,0.0,2,ML,0.0252115405920803,full_record_deterministic_prediction,one median measured concentration per PhysicalEventID x Analyte
PE_a5a3e7d8a5e84189d18a,NO2,2022,MT,0.0,3,ML,0.0502218982762782,full_record_deterministic_prediction,one median measured concentration per PhysicalEventID x Analyte
PE_aa383c8c9a57591dc206,NO2,2022,MT,0.0,2,ML,0.0,full_record_deterministic_prediction,one median measured concentration per PhysicalEventID x Analyte
PE_afa287a09ff3e5bab631,NO2,2022,MT,0.0,3,ML,0.0486738509372351,full_record_deterministic_prediction,one median measured concentration per PhysicalEventID x Analyte
PE_d41d88e8b515629ab69d,NO2,2022,MT,0.0,1,ML,0.0,full_record_deterministic_prediction,one median measured concentration per PhysicalEventID x Analyte
PE_f0406a7690a0e8ef2920,NO2,2022,MT,0.0,2,ML,0.0668746510250028,full_record_deterministic_prediction,one median measured concentration per PhysicalEventID x Analyte
PE_0656666c2b33c1a71dfc,NO2,2022,ST,0.0,3,ML,0.0,full_record_deterministic_prediction,one median measured concentration per PhysicalEventID x Analyte
PE_230aa97120550e292bc7,NO2,2022,ST,0.0,2,ML,0.0908693500861006,full_record_deterministic_prediction,one median measured concentration per PhysicalEventID x Analyte
PE_3eefa2d11be77738359b,NO2,2022,ST,1.6,3,ML,0.0,full_record_deterministic_prediction,one median measured concentration per PhysicalEventID x Analyte
PE_425f14902ee81a16cfeb,NO2,2022,ST,0.0,1,ML,0.0,full_record_deterministic_prediction,one median measured concentration per PhysicalEventID x Analyte
PE_70d3cc17c47edebe68ad,NO2,2022,ST,0.0,2,ML,0.0099757337079177,full_record_deterministic_prediction,one median measured concentration per PhysicalEventID x Analyte
PE_7cf61966fec7c7b6adc5,NO2,2022,ST,0.0,2,ML,0.0437410383122881,full_record_deterministic_prediction,one median measured concentration per PhysicalEventID x Analyte
PE_901ccaf6a3ac1105504f,NO2,2022,ST,0.0,2,ML,0.0041335364053335,full_record_deterministic_prediction,one median measured concentration per PhysicalEventID x Analyte
PE_99ec6d6affe898b0e8d2,NO2,2022,ST,0.0,1,ML,0.0,full_record_deterministic_prediction,one median measured concentration per PhysicalEventID x Analyte
PE_a8630556d08f6cec7f6a,NO2,2022,ST,0.0,3,ML,0.0170090839544662,full_record_deterministic_prediction,one median measured concentration per PhysicalEventID x Analyte
PE_ceb9c23bc0db5be24388,NO2,2022,ST,0.0,3,ML,0.009176646131454,full_record_deterministic_prediction,one median measured concentration per PhysicalEventID x Analyte
PE_dc25029fed7bf1b276c5,NO2,2022,ST,0.0,3,ML,0.3018990063831994,full_record_deterministic_prediction,one median measured concentration per PhysicalEventID x Analyte
PE_1607bd85c5b858754283,NO2,2023,CT,0.0,4,ML,0.0,full_record_deterministic_prediction,one median measured concentration per PhysicalEventID x Analyte
PE_17f8630aaa6312f3912a,NO2,2023,CT,0.0,4,ML,0.0183968657264199,full_record_deterministic_prediction,one median measured concentration per PhysicalEventID x Analyte
PE_21ef5b6342274d9e3203,NO2,2023,CT,0.0,4,ML,0.0,full_record_deterministic_prediction,one median measured concentration per PhysicalEventID x Analyte
PE_222b0b4beba254c530d7,NO2,2023,CT,0.0,3,ML,0.0119659409850772,full_record_deterministic_prediction,one median measured concentration per PhysicalEventID x Analyte
PE_577d295e76e129c37688,NO2,2023,CT,0.0,4,ML,0.0276304169396556,full_record_deterministic_prediction,one median measured concentration per PhysicalEventID x Analyte
PE_5bf168b414e63b4f63f3,NO2,2023,CT,0.0,5,ML,0.0134573654985892,full_record_deterministic_prediction,one median measured concentration per PhysicalEventID x Analyte
PE_7131d35e8cd02b882d26,NO2,2023,CT,0.0,4,ML,0.0435988837948589,full_record_deterministic_prediction,one median measured concentration per PhysicalEventID x Analyte
PE_8474551aa700ba7170c1,NO2,2023,CT,0.182,1,ML,0.1832401801000241,full_record_deterministic_prediction,one median measured concentration per PhysicalEventID x Analyte
PE_bf4d5c43e21a82c51f4f,NO2,2023,CT,0.0,4,ML,0.0173374434774017,full_record_deterministic_prediction,one median measured concentration per PhysicalEventID x Analyte
PE_ee0d84028e7204c9f8b6,NO2,2023,CT,0.0,4,ML,0.0,full_record_deterministic_prediction,one median measured concentration per PhysicalEventID x Analyte
PE_f071df1dfa8de45515c1,NO2,2023,CT,0.164,1,ML,0.2700095824688647,full_record_deterministic_prediction,one median measured concentration per PhysicalEventID x Analyte
PE_f7a5e5b2a4c1c3239774,NO2,2023,CT,0.0,4,ML,0.001883833634454,full_record_deterministic_prediction,one median measured concentration per PhysicalEventID x Analyte
PE_199b5b7c1aaa1098c691,NO2,2023,MT,0.288,1,ML,0.2550736795232912,full_record_deterministic_prediction,one median measured concentration per PhysicalEventID x Analyte
PE_23621b170748f0fc60c2,NO2,2023,MT,0.0,4,ML,0.0518222463491229,full_record_deterministic_prediction,one median measured concentration per PhysicalEventID x Analyte
PE_248493668060338e72e6,NO2,2023,MT,0.0,5,ML,0.0521320980624194,full_record_deterministic_prediction,one median measured concentration per PhysicalEventID x Analyte
PE_3694e2f2ef6dd2e8480f,NO2,2023,MT,0.152,1,ML,0.0374289607918742,full_record_deterministic_prediction,one median measured concentration per PhysicalEventID x Analyte
PE_7751232195de561530b0,NO2,2023,MT,0.0,4,ML,0.035272880549779,full_record_deterministic_prediction,one median measured concentration per PhysicalEventID x Analyte
PE_8d90127b55de039c6ab7,NO2,2023,MT,0.0,5,ML,0.0971836976321673,full_record_deterministic_prediction,one median measured concentration per PhysicalEventID x Analyte
PE_9d88eac30a91208d302b,NO2,2023,MT,0.0,4,ML,0.0,full_record_deterministic_prediction,one median measured concentration per PhysicalEventID x Analyte
PE_a5dd6f772a1d2e7d821c,NO2,2023,MT,0.0,6,ML,0.0,full_record_deterministic_prediction,one median measured concentration per PhysicalEventID x Analyte
PE_acc7ee117e759ece44f9,NO2,2023,MT,0.0,5,ML,0.0,full_record_deterministic_prediction,one median measured concentration per PhysicalEventID x Analyte
PE_b6fd60d10e559978199b,NO2,2023,MT,0.0,5,ML,0.0,full_record_deterministic_prediction,one median measured concentration per PhysicalEventID x Analyte
PE_bf74455b1a7c48461768,NO2,2023,MT,0.0,3,ML,0.0068191712772713,full_record_deterministic_prediction,one median measured concentration per PhysicalEventID x Analyte
PE_c4acde3ff39ca34f7f1d,NO2,2023,MT,0.0,4,ML,0.0285648178813446,full_record_deterministic_prediction,one median measured concentration per PhysicalEventID x Analyte
PE_68d44a8c5ee2992c2c36,NO2,2023,ST,0.0,4,ML,0.0387405949428124,full_record_deterministic_prediction,one median measured concentration per PhysicalEventID x Analyte
PE_6f90d69c4aa146a04e18,NO2,2023,ST,0.166,1,ML,0.1608284475052819,full_record_deterministic_prediction,one median measured concentration per PhysicalEventID x Analyte
PE_78a0e5a12037218db30c,NO2,2023,ST,0.0,5,ML,0.0,full_record_deterministic_prediction,one median measured concentration per PhysicalEventID x Analyte
PE_8a47f8b2785e361a0f5c,NO2,2023,ST,0.0,4,ML,0.003775511002641,full_record_deterministic_prediction,one median measured concentration per PhysicalEventID x Analyte
PE_8f51b688686d8bdc2f79,NO2,2023,ST,0.0,4,ML,0.025031132822356,full_record_deterministic_prediction,one median measured concentration per PhysicalEventID x Analyte
PE_ada3010827131318b4a5,NO2,2023,ST,0.0,4,ML,0.0,full_record_deterministic_prediction,one median measured concentration per PhysicalEventID x Analyte
PE_bca2b67b03840bac2206,NO2,2023,ST,0.0,4,ML,0.0,full_record_deterministic_prediction,one median measured concentration per PhysicalEventID x Analyte
PE_c6f4076701513ce44077,NO2,2023,ST,0.209,1,ML,0.0995864197128689,full_record_deterministic_prediction,one median measured concentration per PhysicalEventID x Analyte
PE_c9875bdbbfec951204a7,NO2,2023,ST,0.0,4,ML,0.0,full_record_deterministic_prediction,one median measured concentration per PhysicalEventID x Analyte
PE_d0ce0a7aa7e876660808,NO2,2023,ST,0.0,4,ML,0.0049297064865197,full_record_deterministic_prediction,one median measured concentration per PhysicalEventID x Analyte
PE_dbd728d03c1d5af8f0ef,NO2,2023,ST,0.0,1,ML,0.0218430131967238,full_record_deterministic_prediction,one median measured concentration per PhysicalEventID x Analyte
PE_e29fdc102c9f799e8e4f,NO2,2023,ST,0.0,4,ML,0.0167177256734289,full_record_deterministic_prediction,one median measured concentration per PhysicalEventID x Analyte
PE_fc1529c70189a30552dd,NO2,2023,ST,0.0,4,ML,0.0230645301504904,full_record_deterministic_prediction,one median measured concentration per PhysicalEventID x Analyte
PE_3a4478840ec05680e176,NO2,2024,CT,0.0505,4,ML,0.027612988623292,full_record_deterministic_prediction,one median measured concentration per PhysicalEventID x Analyte
PE_828e337f2a8b9a9634d7,NO2,2024,CT,0.0,4,ML,0.0025633622697285,full_record_deterministic_prediction,one median measured concentration per PhysicalEventID x Analyte
PE_87d4115bb68391b10daf,NO2,2024,CT,0.05,4,ML,0.0065261759430381,full_record_deterministic_prediction,one median measured concentration per PhysicalEventID x Analyte
PE_a354768a3ad269a40a28,NO2,2024,CT,0.0,4,ML,0.0151895350185406,full_record_deterministic_prediction,one median measured concentration per PhysicalEventID x Analyte
PE_add35a9103c77e144288,NO2,2024,CT,0.0,4,ML,0.0106672848317041,full_record_deterministic_prediction,one median measured concentration per PhysicalEventID x Analyte
PE_dd4d0ea35e35c329e9d8,NO2,2024,CT,0.0,4,ML,0.014585601976111,full_record_deterministic_prediction,one median measured concentration per PhysicalEventID x Analyte
PE_e01f96101de9649fe0a8,NO2,2024,CT,0.0,2,ML,0.1266411625500715,full_record_deterministic_prediction,one median measured concentration per PhysicalEventID x Analyte
PE_f96a427e92fb0d6cf251,NO2,2024,CT,0.0,4,ML,0.0435748923428087,full_record_deterministic_prediction,one median measured concentration per PhysicalEventID x Analyte
PE_02b42436b7981ca07571,NO2,2024,MT,0.0,4,ML,0.0,full_record_deterministic_prediction,one median measured concentration per PhysicalEventID x Analyte
PE_7a793bda6ecab836d590,NO2,2024,MT,0.0,3,ML,0.0,full_record_deterministic_prediction,one median measured concentration per PhysicalEventID x Analyte
PE_ba059ebbc29b11d1a3be,NO2,2024,MT,0.0,4,ML,0.0311654897055547,full_record_deterministic_prediction,one median measured concentration per PhysicalEventID x Analyte
PE_c488be01d5dbff565ef0,NO2,2024,MT,0.0,4,ML,0.0012388682448522,full_record_deterministic_prediction,one median measured concentration per PhysicalEventID x Analyte
PE_c918bf0b868668efb5e3,NO2,2024,MT,0.0,4,ML,0.0067372807815312,full_record_deterministic_prediction,one median measured concentration per PhysicalEventID x Analyte
PE_cc030c89ee5b8a7462b6,NO2,2024,MT,0.0,4,ML,0.0079062497565074,full_record_deterministic_prediction,one median measured concentration per PhysicalEventID x Analyte
PE_d0a561512025e1d2770d,NO2,2024,MT,0.0,4,ML,0.0051767681758255,full_record_deterministic_prediction,one median measured concentration per PhysicalEventID x Analyte
PE_e582d3221277d02f35d9,NO2,2024,MT,0.0,4,ML,0.0103415260646937,full_record_deterministic_prediction,one median measured concentration per PhysicalEventID x Analyte
PE_00b38906ec1907c7d0dc,NO2,2024,ST,0.1,4,ML,0.0574684517222925,full_record_deterministic_prediction,one median measured concentration per PhysicalEventID x Analyte
PE_30f71765b192fa672ac6,NO2,2024,ST,0.0,4,ML,0.0366320020526187,full_record_deterministic_prediction,one median measured concentration per PhysicalEventID x Analyte
PE_47021952abc7ade62c23,NO2,2024,ST,0.0,4,ML,0.0639017816217304,full_record_deterministic_prediction,one median measured concentration per PhysicalEventID x Analyte
PE_6dfbf6a0b565de5536dd,NO2,2024,ST,0.0,4,ML,0.0424185993808195,full_record_deterministic_prediction,one median measured concentration per PhysicalEventID x Analyte
PE_d36d20c6bc7c067588be,NO2,2024,ST,0.0,3,ML,0.0042402529684696,full_record_deterministic_prediction,one median measured concentration per PhysicalEventID x Analyte
PE_dd553617c7d118d29861,NO2,2024,ST,0.0,4,ML,0.0169476207593511,full_record_deterministic_prediction,one median measured concentration per PhysicalEventID x Analyte
PE_f0055d0fbf3bb2c0c279,NO2,2024,ST,0.0,4,ML,0.0459190708303206,full_record_deterministic_prediction,one median measured concentration per PhysicalEventID x Analyte
PE_f6579064c70952c33aa8,NO2,2024,ST,0.0,4,ML,0.0646285554975879,full_record_deterministic_prediction,one median measured concentration per PhysicalEventID x Analyte
PE_01024210b88310ac1815,NO2,2025,CT,0.7275,4,ML,0.7085481445749116,full_record_deterministic_prediction,one median measured concentration per PhysicalEventID x Analyte
PE_30d8eee773ba85ed7ec9,NO2,2025,CT,0.8445,4,ML,0.6602771510245875,full_record_deterministic_prediction,one median measured concentration per PhysicalEventID x Analyte
PE_41cebec90b66f3ef63c2,NO2,2025,CT,0.875,3,ML,0.9221060657431835,full_record_deterministic_prediction,one median measured concentration per PhysicalEventID x Analyte
PE_5c35b22fc4eba02df28c,NO2,2025,CT,0.854,4,ML,0.8648766599435931,full_record_deterministic_prediction,one median measured concentration per PhysicalEventID x Analyte
PE_72b83136bc50254a55a6,NO2,2025,CT,0.7755000000000001,4,ML,0.7147516080839764,full_record_deterministic_prediction,one median measured concentration per PhysicalEventID x Analyte
PE_73a092189bd19f7de823,NO2,2025,CT,0.866,4,ML,0.8793609430804821,full_record_deterministic_prediction,one median measured concentration per PhysicalEventID x Analyte
PE_79ea2eb78bef48e2d163,NO2,2025,CT,0.8,4,ML,0.8471747717113803,full_record_deterministic_prediction,one median measured concentration per PhysicalEventID x Analyte
PE_85771b5590cb80ee80b1,NO2,2025,CT,0.799,4,ML,0.9281569608985304,full_record_deterministic_prediction,one median measured concentration per PhysicalEventID x Analyte
PE_92e7ac2243498d97f3e0,NO2,2025,CT,0.864,4,ML,0.8129826654270533,full_record_deterministic_prediction,one median measured concentration per PhysicalEventID x Analyte
PE_961b16815e7ba5016bdb,NO2,2025,CT,0.8485,4,ML,0.7912676545570856,full_record_deterministic_prediction,one median measured concentration per PhysicalEventID x Analyte
PE_bd4a80359ce1de5f5729,NO2,2025,CT,0.7785,4,ML,0.8311394872925869,full_record_deterministic_prediction,one median measured concentration per PhysicalEventID x Analyte
PE_ef5b618a3b1b8ffbd8e4,NO2,2025,CT,0.715,4,ML,0.6865433410381162,full_record_deterministic_prediction,one median measured concentration per PhysicalEventID x Analyte
PE_2314eec6a45e0be9e203,NO2,2025,MT,0.7815000000000001,4,ML,0.7408238388829734,full_record_deterministic_prediction,one median measured concentration per PhysicalEventID x Analyte
PE_39c8810e26ab4ca7933c,NO2,2025,MT,0.8294999999999999,4,ML,0.7949216243704001,full_record_deterministic_prediction,one median measured concentration per PhysicalEventID x Analyte
PE_676050582c291c72204b,NO2,2025,MT,0.7244999999999999,4,ML,0.7602211367426058,full_record_deterministic_prediction,one median measured concentration per PhysicalEventID x Analyte
PE_6c85627a623e6c9dfbb4,NO2,2025,MT,0.8674999999999999,4,ML,0.9073259824173892,full_record_deterministic_prediction,one median measured concentration per PhysicalEventID x Analyte
PE_7d221972180d28e4f760,NO2,2025,MT,0.779,4,ML,0.7478933088849575,full_record_deterministic_prediction,one median measured concentration per PhysicalEventID x Analyte
PE_a033c0958b5b88a75684,NO2,2025,MT,0.8305,4,ML,0.7877201612745521,full_record_deterministic_prediction,one median measured concentration per PhysicalEventID x Analyte
PE_a36448d6fe89c398bac0,NO2,2025,MT,0.724,4,ML,0.781107698163306,full_record_deterministic_prediction,one median measured concentration per PhysicalEventID x Analyte
PE_c1edec673d6e55fe03b0,NO2,2025,MT,0.8614999999999999,4,ML,0.8137386766372866,full_record_deterministic_prediction,one median measured concentration per PhysicalEventID x Analyte
PE_c63b91d3075e6834f32e,NO2,2025,MT,0.9365,4,ML,0.9594728712487128,full_record_deterministic_prediction,one median measured concentration per PhysicalEventID x Analyte
PE_e6892c1c4df9f9956548,NO2,2025,MT,0.9245000000000001,4,ML,0.9696299348129552,full_record_deterministic_prediction,one median measured concentration per PhysicalEventID x Analyte
PE_f2544036a8cdc2b562ca,NO2,2025,MT,0.8625,4,ML,0.8084014888505616,full_record_deterministic_prediction,one median measured concentration per PhysicalEventID x Analyte
PE_ff8985d7bd1f94902d4e,NO2,2025,MT,0.859,4,ML,0.7306366042611385,full_record_deterministic_prediction,one median measured concentration per PhysicalEventID x Analyte
PE_0373cedd6c6b07cdac38,NO2,2025,ST,0.813,4,ML,0.8159954758522018,full_record_deterministic_prediction,one median measured concentration per PhysicalEventID x Analyte
PE_0c2d197a5610b0bbb10e,NO2,2025,ST,0.7235,4,ML,0.822121827474008,full_record_deterministic_prediction,one median measured concentration per PhysicalEventID x Analyte
PE_2000666922e9baf4491a,NO2,2025,ST,0.8574999999999999,4,ML,0.8649435810913582,full_record_deterministic_prediction,one median measured concentration per PhysicalEventID x Analyte
PE_326f1ee42ddcd2cd3c31,NO2,2025,ST,0.9015,4,ML,1.0079706585278156,full_record_deterministic_prediction,one median measured concentration per PhysicalEventID x Analyte
PE_33b48c45a8f1d7ee984a,NO2,2025,ST,0.726,4,ML,0.8035762645482174,full_record_deterministic_prediction,one median measured concentration per PhysicalEventID x Analyte
PE_44d1a7f433fe780ac78b,NO2,2025,ST,0.8614999999999999,4,ML,0.7467363593827234,full_record_deterministic_prediction,one median measured concentration per PhysicalEventID x Analyte
PE_55ff1c1f21eee62bac5f,NO2,2025,ST,0.855,4,ML,0.7824841558172225,full_record_deterministic_prediction,one median measured concentration per PhysicalEventID x Analyte
PE_69bf4666a40285ef26b8,NO2,2025,ST,0.8865000000000001,4,ML,0.991105472029734,full_record_deterministic_prediction,one median measured concentration per PhysicalEventID x Analyte
PE_6db16cd7a8da79e5651d,NO2,2025,ST,0.7785,4,ML,0.8148263876968534,full_record_deterministic_prediction,one median measured concentration per PhysicalEventID x Analyte
PE_744bc567dc348be5d05b,NO2,2025,ST,0.8625,4,ML,0.818339497727109,full_record_deterministic_prediction,one median measured concentration per PhysicalEventID x Analyte
PE_76eec8ae39fe2d6f5031,NO2,2025,ST,0.814,4,ML,0.8069027712908667,full_record_deterministic_prediction,one median measured concentration per PhysicalEventID x Analyte
PE_a873c6f206750ebc6cd1,NO2,2025,ST,0.7765,4,ML,0.7729273386594964,full_record_deterministic_prediction,one median measured concentration per PhysicalEventID x Analyte
PE_35e13c2714d6ea95f5d3,NO3,2011,CT,8.057,1,Bayes,8.096865412768738,posterior_predictive_mean,one median measured concentration per PhysicalEventID x Analyte
PE_57effa7ea94a4868513b,NO3,2011,CT,8.123,1,Bayes,7.99953212785848,posterior_predictive_mean,one median measured concentration per PhysicalEventID x Analyte
PE_7ab5d22c48132f848099,NO3,2011,CT,7.0,1,Bayes,7.2581903283234785,posterior_predictive_mean,one median measured concentration per PhysicalEventID x Analyte
PE_8372856d847ab29e3d55,NO3,2011,CT,8.567,1,Bayes,8.126720659175371,posterior_predictive_mean,one median measured concentration per PhysicalEventID x Analyte
PE_9b06b2640ba03d9fa7c4,NO3,2011,CT,8.103,1,Bayes,7.98887387713185,posterior_predictive_mean,one median measured concentration per PhysicalEventID x Analyte
PE_9e155a06de6d2a36ed95,NO3,2011,CT,7.213,1,Bayes,7.48057224685304,posterior_predictive_mean,one median measured concentration per PhysicalEventID x Analyte
PE_2aaba42888d07cb12d22,NO3,2011,MT,7.3,1,Bayes,7.712099194372499,posterior_predictive_mean,one median measured concentration per PhysicalEventID x Analyte
PE_49484da33f0ea698b83b,NO3,2011,MT,7.967,1,Bayes,8.024769692681105,posterior_predictive_mean,one median measured concentration per PhysicalEventID x Analyte
PE_60f1a6212ff620019a30,NO3,2011,MT,7.967,1,Bayes,7.859375920512837,posterior_predictive_mean,one median measured concentration per PhysicalEventID x Analyte
PE_63934b6278a65a8216b9,NO3,2011,MT,7.413,1,Bayes,7.785090956691012,posterior_predictive_mean,one median measured concentration per PhysicalEventID x Analyte
PE_883a7658077d89fcf49d,NO3,2011,MT,8.967,1,Bayes,8.383152841022692,posterior_predictive_mean,one median measured concentration per PhysicalEventID x Analyte
PE_bf4999981e8b30465343,NO3,2011,MT,8.423,1,Bayes,8.2943682159452,posterior_predictive_mean,one median measured concentration per PhysicalEventID x Analyte
PE_556f24afddcf35c92237,NO3,2011,ST,7.437,1,Bayes,7.764865839928928,posterior_predictive_mean,one median measured concentration per PhysicalEventID x Analyte
PE_95d3b43c79b8bf669652,NO3,2011,ST,7.523,1,Bayes,7.772012925887318,posterior_predictive_mean,one median measured concentration per PhysicalEventID x Analyte
PE_b29e09cdb7f952a1cdb0,NO3,2011,ST,7.633,1,Bayes,7.6524586774125,posterior_predictive_mean,one median measured concentration per PhysicalEventID x Analyte
PE_bbf4e95c02e1591047b4,NO3,2011,ST,8.05,1,Bayes,8.180612719980342,posterior_predictive_mean,one median measured concentration per PhysicalEventID x Analyte
PE_e7adc6803f9ae278362b,NO3,2011,ST,7.6,1,Bayes,7.652630669599568,posterior_predictive_mean,one median measured concentration per PhysicalEventID x Analyte
PE_f5556b234e32459fa7a2,NO3,2011,ST,7.987,1,Bayes,8.197806468822291,posterior_predictive_mean,one median measured concentration per PhysicalEventID x Analyte
PE_0d403a1dbd25bf378957,NO3,2012,CT,6.65,1,Bayes,6.993373070528093,posterior_predictive_mean,one median measured concentration per PhysicalEventID x Analyte
PE_42eb29bd3d8b55596b0d,NO3,2012,CT,8.11,1,Bayes,8.402485489688626,posterior_predictive_mean,one median measured concentration per PhysicalEventID x Analyte
PE_6dd6e0481282dc87af9e,NO3,2012,CT,8.407,1,Bayes,8.59916418975947,posterior_predictive_mean,one median measured concentration per PhysicalEventID x Analyte
PE_8926ae228cc15db54f23,NO3,2012,CT,9.547,1,Bayes,8.952821302194263,posterior_predictive_mean,one median measured concentration per PhysicalEventID x Analyte
PE_93fc10203fe8e4c919ea,NO3,2012,CT,10.11,1,Bayes,9.218425442222095,posterior_predictive_mean,one median measured concentration per PhysicalEventID x Analyte
PE_964f9e60ef2ea5038dae,NO3,2012,CT,8.083,1,Bayes,8.215023926894704,posterior_predictive_mean,one median measured concentration per PhysicalEventID x Analyte
PE_980f4b8e6c4ad4f916f0,NO3,2012,CT,6.777,1,Bayes,7.060979999788957,posterior_predictive_mean,one median measured concentration per PhysicalEventID x Analyte
PE_9990eb3a8c35bbfe0d52,NO3,2012,CT,7.317,1,Bayes,7.714145680461931,posterior_predictive_mean,one median measured concentration per PhysicalEventID x Analyte
PE_c022cac1f55e539686af,NO3,2012,CT,9.19,1,Bayes,9.145074119957425,posterior_predictive_mean,one median measured concentration per PhysicalEventID x Analyte
PE_cbed8a7088e045d7b553,NO3,2012,CT,7.407,1,Bayes,7.748675389914819,posterior_predictive_mean,one median measured concentration per PhysicalEventID x Analyte
PE_df9469438e8cb790e7af,NO3,2012,CT,9.777,1,Bayes,9.449088637739775,posterior_predictive_mean,one median measured concentration per PhysicalEventID x Analyte
PE_e36c37e82bf0717de103,NO3,2012,CT,8.35,1,Bayes,8.576437490215291,posterior_predictive_mean,one median measured concentration per PhysicalEventID x Analyte
PE_01ea2f88880fff50efcb,NO3,2012,MT,10.143,1,Bayes,9.601179456295982,posterior_predictive_mean,one median measured concentration per PhysicalEventID x Analyte
PE_04c02bec0f0f9a370498,NO3,2012,MT,7.457,1,Bayes,8.138671541195789,posterior_predictive_mean,one median measured concentration per PhysicalEventID x Analyte
PE_084268df6eb9d4246043,NO3,2012,MT,6.877,1,Bayes,7.11842756294472,posterior_predictive_mean,one median measured concentration per PhysicalEventID x Analyte
PE_5d3101462bb3db890b29,NO3,2012,MT,7.517,1,Bayes,7.976905610140011,posterior_predictive_mean,one median measured concentration per PhysicalEventID x Analyte
PE_681443548ef078be38f1,NO3,2012,MT,6.78,1,Bayes,7.080328272146643,posterior_predictive_mean,one median measured concentration per PhysicalEventID x Analyte
PE_860b95b364b2c2e3a6b5,NO3,2012,MT,7.48,1,Bayes,7.769621593000231,posterior_predictive_mean,one median measured concentration per PhysicalEventID x Analyte
PE_8b5564238c223d972525,NO3,2012,MT,19.797,1,Bayes,14.352175986251977,posterior_predictive_mean,one median measured concentration per PhysicalEventID x Analyte
PE_8dd5bcb659f488a967c1,NO3,2012,MT,14.303,1,Bayes,11.476599653631908,posterior_predictive_mean,one median measured concentration per PhysicalEventID x Analyte
PE_bdf17111cc35249ef7aa,NO3,2012,MT,8.453,1,Bayes,8.804605500122104,posterior_predictive_mean,one median measured concentration per PhysicalEventID x Analyte
PE_f18d62b04bf4f3a25d7e,NO3,2012,MT,7.557,1,Bayes,8.209013369056407,posterior_predictive_mean,one median measured concentration per PhysicalEventID x Analyte
PE_164e2c6f0b39eec70d00,NO3,2012,ST,8.2,1,Bayes,8.390315538508261,posterior_predictive_mean,one median measured concentration per PhysicalEventID x Analyte
PE_248d74790d081f1ad247,NO3,2012,ST,12.993,1,Bayes,10.740117995232444,posterior_predictive_mean,one median measured concentration per PhysicalEventID x Analyte
PE_3b419c0bdb22b2b7c315,NO3,2012,ST,7.85,1,Bayes,8.407187437915002,posterior_predictive_mean,one median measured concentration per PhysicalEventID x Analyte
PE_649006527ce5d1d1ff1f,NO3,2012,ST,15.233,1,Bayes,11.842833736772906,posterior_predictive_mean,one median measured concentration per PhysicalEventID x Analyte
PE_6c101e1953c53808bd4e,NO3,2012,ST,7.567,1,Bayes,7.894520342224959,posterior_predictive_mean,one median measured concentration per PhysicalEventID x Analyte
PE_a828a4cd4628108e4701,NO3,2012,ST,7.73,1,Bayes,8.315734858521328,posterior_predictive_mean,one median measured concentration per PhysicalEventID x Analyte
PE_bf44e09ffc415b58c4a0,NO3,2012,ST,7.037,1,Bayes,7.295180156603875,posterior_predictive_mean,one median measured concentration per PhysicalEventID x Analyte
PE_cc5627c91253785c0d98,NO3,2012,ST,6.983,1,Bayes,7.209417090057194,posterior_predictive_mean,one median measured concentration per PhysicalEventID x Analyte
PE_e54a1b2fb0b2d2f3c583,NO3,2012,ST,7.57,1,Bayes,7.879224240267849,posterior_predictive_mean,one median measured concentration per PhysicalEventID x Analyte
PE_0609bb3a38fc48d18c44,NO3,2013,CT,8.273,1,Bayes,7.615503242326872,posterior_predictive_mean,one median measured concentration per PhysicalEventID x Analyte
PE_06846811b2896d804676,NO3,2013,CT,8.005,1,Bayes,7.380140881545266,posterior_predictive_mean,one median measured concentration per PhysicalEventID x Analyte
PE_2e9d58711c9824497c11,NO3,2013,CT,8.838,1,Bayes,8.587722457787788,posterior_predictive_mean,one median measured concentration per PhysicalEventID x Analyte
PE_7dbc678d30fda2bb0d2c,NO3,2013,CT,9.308,1,Bayes,8.910777270929277,posterior_predictive_mean,one median measured concentration per PhysicalEventID x Analyte
PE_a814ea72d8a79e5ce612,NO3,2013,CT,7.947,1,Bayes,8.669947819557688,posterior_predictive_mean,one median measured concentration per PhysicalEventID x Analyte
PE_dc649077fd49ff457e31,NO3,2013,CT,8.018,1,Bayes,8.736004269051108,posterior_predictive_mean,one median measured concentration per PhysicalEventID x Analyte
PE_113a8b8781b7a42b7a0c,NO3,2013,MT,8.26,1,Bayes,8.36688624611306,posterior_predictive_mean,one median measured concentration per PhysicalEventID x Analyte
PE_12cbc4a228ce581574f5,NO3,2013,MT,8.995,1,Bayes,9.20190152523804,posterior_predictive_mean,one median measured concentration per PhysicalEventID x Analyte
PE_1bd1f8a68c1dc49b3965,NO3,2013,MT,8.675,1,Bayes,8.616372210518861,posterior_predictive_mean,one median measured concentration per PhysicalEventID x Analyte
PE_262bcdadb146dac989ae,NO3,2013,MT,8.825,1,Bayes,9.080460922835783,posterior_predictive_mean,one median measured concentration per PhysicalEventID x Analyte
PE_99b3a7e1248efb280745,NO3,2013,MT,9.238,1,Bayes,8.036133460285688,posterior_predictive_mean,one median measured concentration per PhysicalEventID x Analyte
PE_e9b4025c029d683e1a32,NO3,2013,MT,9.436,1,Bayes,8.067793157024596,posterior_predictive_mean,one median measured concentration per PhysicalEventID x Analyte
PE_06463f55c291ea1d15a9,NO3,2013,ST,8.128,1,Bayes,8.314029116817077,posterior_predictive_mean,one median measured concentration per PhysicalEventID x Analyte
PE_2b1a26b26247f7aaf591,NO3,2013,ST,9.627,1,Bayes,9.500206353022644,posterior_predictive_mean,one median measured concentration per PhysicalEventID x Analyte
PE_3a1f801f634bfe189584,NO3,2013,ST,8.512,1,Bayes,7.700024654210631,posterior_predictive_mean,one median measured concentration per PhysicalEventID x Analyte
PE_4ba63451b7dc89c0a556,NO3,2013,ST,9.023,1,Bayes,9.329307894676372,posterior_predictive_mean,one median measured concentration per PhysicalEventID x Analyte
PE_b7ff1c1774876e409c04,NO3,2013,ST,9.693,1,Bayes,8.287711744891753,posterior_predictive_mean,one median measured concentration per PhysicalEventID x Analyte
PE_f7fa36feaba1a3684ccf,NO3,2013,ST,8.31,1,Bayes,8.509951271056583,posterior_predictive_mean,one median measured concentration per PhysicalEventID x Analyte
PE_0c873ebca68f220b5575,NO3,2014,CT,9.002500000000001,4,Bayes,9.36212149713196,posterior_predictive_mean,one median measured concentration per PhysicalEventID x Analyte
PE_0f2c1b5db3c1949d1f74,NO3,2014,CT,8.075,4,Bayes,8.462020160125816,posterior_predictive_mean,one median measured concentration per PhysicalEventID x Analyte
PE_0f6804c5fdc4da7fb4f7,NO3,2014,CT,9.7025,4,Bayes,10.700155887937786,posterior_predictive_mean,one median measured concentration per PhysicalEventID x Analyte
PE_4c80e607422dec97f0c9,NO3,2014,CT,8.635000000000002,2,Bayes,8.776103207147855,posterior_predictive_mean,one median measured concentration per PhysicalEventID x Analyte
PE_e1f06f083d001c899062,NO3,2014,CT,8.2725,4,Bayes,9.032157379720338,posterior_predictive_mean,one median measured concentration per PhysicalEventID x Analyte
PE_e4c541913dac4c0bca3d,NO3,2014,CT,8.64,1,Bayes,8.703532117236444,posterior_predictive_mean,one median measured concentration per PhysicalEventID x Analyte
PE_28a3ad7db7957a75e475,NO3,2014,MT,9.65,1,Bayes,9.541885441990145,posterior_predictive_mean,one median measured concentration per PhysicalEventID x Analyte
PE_909a6e90f2a2fb0ccb86,NO3,2014,MT,8.31,1,Bayes,8.331636823597044,posterior_predictive_mean,one median measured concentration per PhysicalEventID x Analyte
PE_5d5cb3edcd99b5be75e6,NO3,2014,ST,8.68,1,Bayes,8.756102351114727,posterior_predictive_mean,one median measured concentration per PhysicalEventID x Analyte
PE_99c4e1053e4376d0bed3,NO3,2014,ST,7.7295,4,Bayes,7.948354678867258,posterior_predictive_mean,one median measured concentration per PhysicalEventID x Analyte
PE_be3da0eafc673da18d92,NO3,2014,ST,8.68,1,Bayes,8.619586389584338,posterior_predictive_mean,one median measured concentration per PhysicalEventID x Analyte
PE_d1afac04920a2ee5af17,NO3,2014,ST,7.999,4,Bayes,8.452774451121318,posterior_predictive_mean,one median measured concentration per PhysicalEventID x Analyte
PE_e5b7650f3b7e52f1a1bf,NO3,2014,ST,9.777999999999999,4,Bayes,10.357600757790436,posterior_predictive_mean,one median measured concentration per PhysicalEventID x Analyte
PE_e6f216bc2af9baf87adb,NO3,2014,ST,8.7,4,Bayes,9.15012556346286,posterior_predictive_mean,one median measured concentration per PhysicalEventID x Analyte
PE_003510690d55f2e080ab,NO3,2015,CT,8.185,2,Bayes,8.333576899165822,posterior_predictive_mean,one median measured concentration per PhysicalEventID x Analyte
PE_01dfb8394999c3a08b1b,NO3,2015,CT,7.83,2,Bayes,8.01439195844854,posterior_predictive_mean,one median measured concentration per PhysicalEventID x Analyte
PE_1994b95c4c5d89d54441,NO3,2015,CT,7.936999999999999,2,Bayes,8.10703730879612,posterior_predictive_mean,one median measured concentration per PhysicalEventID x Analyte
PE_1ad2a48558b8c9cdf0bb,NO3,2015,CT,7.846,2,Bayes,8.002972062045302,posterior_predictive_mean,one median measured concentration per PhysicalEventID x Analyte
PE_38f43e287ee7d1f916e4,NO3,2015,CT,8.165,2,Bayes,8.306944128345107,posterior_predictive_mean,one median measured concentration per PhysicalEventID x Analyte
PE_63a5c105af28ea9f75a7,NO3,2015,CT,8.4065,2,Bayes,8.468945942001389,posterior_predictive_mean,one median measured concentration per PhysicalEventID x Analyte
PE_b307adedb4f140b2f276,NO3,2015,CT,8.16,2,Bayes,8.367764263050981,posterior_predictive_mean,one median measured concentration per PhysicalEventID x Analyte
PE_eba40b08b5ce69421768,NO3,2015,CT,7.513999999999999,2,Bayes,7.765210918927938,posterior_predictive_mean,one median measured concentration per PhysicalEventID x Analyte
PE_ece5ee3d9a47f8a4b70b,NO3,2015,CT,8.21,2,Bayes,8.368478209256335,posterior_predictive_mean,one median measured concentration per PhysicalEventID x Analyte
PE_effd37ee189df750ad5a,NO3,2015,CT,8.4,2,Bayes,8.487386591063393,posterior_predictive_mean,one median measured concentration per PhysicalEventID x Analyte
PE_078b8edebaf25b47ca9c,NO3,2015,MT,7.909,2,Bayes,7.956655101439648,posterior_predictive_mean,one median measured concentration per PhysicalEventID x Analyte
PE_0e378dd2a91d7df1a7a9,NO3,2015,MT,8.579,2,Bayes,8.632514982215847,posterior_predictive_mean,one median measured concentration per PhysicalEventID x Analyte
PE_4ebf629c5dd531a50c12,NO3,2015,MT,8.094999999999999,2,Bayes,8.234496503389853,posterior_predictive_mean,one median measured concentration per PhysicalEventID x Analyte
PE_61227cf97dd057e6375a,NO3,2015,MT,7.5225,2,Bayes,7.746801445141856,posterior_predictive_mean,one median measured concentration per PhysicalEventID x Analyte
PE_9f67556e2848ccb24a85,NO3,2015,MT,8.22,2,Bayes,8.326949985878294,posterior_predictive_mean,one median measured concentration per PhysicalEventID x Analyte
PE_a98d09332522adfe618b,NO3,2015,MT,8.196,2,Bayes,8.18679232849096,posterior_predictive_mean,one median measured concentration per PhysicalEventID x Analyte
PE_bd8c84ec329021438849,NO3,2015,MT,8.3565,2,Bayes,8.389027020075977,posterior_predictive_mean,one median measured concentration per PhysicalEventID x Analyte
PE_bf6fc540566653c363a5,NO3,2015,MT,8.327,2,Bayes,8.404664345060432,posterior_predictive_mean,one median measured concentration per PhysicalEventID x Analyte
PE_f28eca55841e3590b19f,NO3,2015,MT,8.107,2,Bayes,8.135964916304378,posterior_predictive_mean,one median measured concentration per PhysicalEventID x Analyte
PE_fc35961bbf4775b1838e,NO3,2015,MT,8.5275,2,Bayes,8.590595702880606,posterior_predictive_mean,one median measured concentration per PhysicalEventID x Analyte
PE_27068e46a99396e37068,NO3,2015,ST,7.981,2,Bayes,8.170509539738433,posterior_predictive_mean,one median measured concentration per PhysicalEventID x Analyte
PE_2bc636c51bdfedd7a673,NO3,2015,ST,7.92,2,Bayes,8.096290020568905,posterior_predictive_mean,one median measured concentration per PhysicalEventID x Analyte
PE_64548a06be4bb873cda0,NO3,2015,ST,8.719999999999999,2,Bayes,8.782999448804116,posterior_predictive_mean,one median measured concentration per PhysicalEventID x Analyte
PE_72bbe667892a258fbed0,NO3,2015,ST,8.133,2,Bayes,8.235358040975191,posterior_predictive_mean,one median measured concentration per PhysicalEventID x Analyte
PE_8b715eebc00f1d87b8e3,NO3,2015,ST,7.984999999999999,2,Bayes,8.23224723185503,posterior_predictive_mean,one median measured concentration per PhysicalEventID x Analyte
PE_982e6a4e7c9174d09a3c,NO3,2015,ST,9.53,1,Bayes,9.315135992652072,posterior_predictive_mean,one median measured concentration per PhysicalEventID x Analyte
PE_ab750944465b3b03a5ec,NO3,2015,ST,8.235,2,Bayes,8.426651214742106,posterior_predictive_mean,one median measured concentration per PhysicalEventID x Analyte
PE_c173a335fbc6a1794117,NO3,2015,ST,7.24,2,Bayes,7.650371022191791,posterior_predictive_mean,one median measured concentration per PhysicalEventID x Analyte
PE_ef16b92ac44718ed6fbe,NO3,2015,ST,8.6625,2,Bayes,8.804762552270429,posterior_predictive_mean,one median measured concentration per PhysicalEventID x Analyte
PE_f98814c17b9da4b10046,NO3,2015,ST,8.3185,2,Bayes,8.458740747183313,posterior_predictive_mean,one median measured concentration per PhysicalEventID x Analyte
PE_571c968894d925b12ac7,NO3,2016,CT,4.936,2,Bayes,5.308839087964836,posterior_predictive_mean,one median measured concentration per PhysicalEventID x Analyte
PE_796a63125680b03b1a47,NO3,2016,CT,4.7575,2,Bayes,4.951460309493323,posterior_predictive_mean,one median measured concentration per PhysicalEventID x Analyte
PE_962807ecf486db3c765b,NO3,2016,CT,4.746,2,Bayes,4.928923557246241,posterior_predictive_mean,one median measured concentration per PhysicalEventID x Analyte
PE_cf4508303fbec7c40fe5,NO3,2016,CT,5.2515,2,Bayes,5.315242453403332,posterior_predictive_mean,one median measured concentration per PhysicalEventID x Analyte
PE_06726b0bbd436c0f2638,NO3,2016,MT,5.1145,2,Bayes,5.139245604469368,posterior_predictive_mean,one median measured concentration per PhysicalEventID x Analyte
PE_1d9fa89274a5507fb9c3,NO3,2016,MT,4.733499999999999,2,Bayes,4.824384605833815,posterior_predictive_mean,one median measured concentration per PhysicalEventID x Analyte
PE_2836684cbc95d298d128,NO3,2016,MT,5.089,2,Bayes,5.077645022765628,posterior_predictive_mean,one median measured concentration per PhysicalEventID x Analyte
PE_e91aef82d1d0158c64de,NO3,2016,MT,4.728999999999999,2,Bayes,4.809104187371817,posterior_predictive_mean,one median measured concentration per PhysicalEventID x Analyte
PE_245bc6dafec7fe277df3,NO3,2016,ST,4.7915,2,Bayes,4.961468936750981,posterior_predictive_mean,one median measured concentration per PhysicalEventID x Analyte
PE_518a902e850a37a6e1f7,NO3,2016,ST,5.1235,2,Bayes,5.25986398796406,posterior_predictive_mean,one median measured concentration per PhysicalEventID x Analyte
PE_7b17489d08fa900cd025,NO3,2016,ST,4.8065,2,Bayes,4.958560417143912,posterior_predictive_mean,one median measured concentration per PhysicalEventID x Analyte
PE_ed07163240c41f058ff7,NO3,2016,ST,5.18,2,Bayes,5.244907060152682,posterior_predictive_mean,one median measured concentration per PhysicalEventID x Analyte
PE_0db94b33091790ae448c,NO3,2017,CT,9.4,3,Bayes,9.578447706246116,posterior_predictive_mean,one median measured concentration per PhysicalEventID x Analyte
PE_1286406ef8d51ffa7b89,NO3,2017,CT,7.3,1,Bayes,7.451385022443656,posterior_predictive_mean,one median measured concentration per PhysicalEventID x Analyte
PE_20fd7645e8886a1975a0,NO3,2017,CT,8.8,1,Bayes,8.89004314182802,posterior_predictive_mean,one median measured concentration per PhysicalEventID x Analyte
PE_31bb29072ce592a58136,NO3,2017,CT,9.3,1,Bayes,9.791312363109853,posterior_predictive_mean,one median measured concentration per PhysicalEventID x Analyte
PE_4a45291481f1020c04f7,NO3,2017,CT,7.6,2,Bayes,7.844242633227201,posterior_predictive_mean,one median measured concentration per PhysicalEventID x Analyte
PE_a249f721c9cded6ed477,NO3,2017,CT,9.45,2,Bayes,9.825522983620951,posterior_predictive_mean,one median measured concentration per PhysicalEventID x Analyte
PE_a86f0dd73b63a18791b9,NO3,2017,CT,8.4,3,Bayes,8.454507751357347,posterior_predictive_mean,one median measured concentration per PhysicalEventID x Analyte
PE_c0e9a65e116d987d3dfe,NO3,2017,CT,9.8,2,Bayes,9.62793840118644,posterior_predictive_mean,one median measured concentration per PhysicalEventID x Analyte
PE_c67a9e43f22b05bb8d70,NO3,2017,CT,8.600000000000001,2,Bayes,8.50907077046665,posterior_predictive_mean,one median measured concentration per PhysicalEventID x Analyte
PE_c6a22d9daf9658c76f8d,NO3,2017,CT,8.850000000000001,2,Bayes,9.111135336728028,posterior_predictive_mean,one median measured concentration per PhysicalEventID x Analyte
PE_c7e10f3a52f813c6a07a,NO3,2017,CT,9.399999999999999,2,Bayes,9.640725730252,posterior_predictive_mean,one median measured concentration per PhysicalEventID x Analyte
PE_f0acae9004db30c9f89b,NO3,2017,CT,8.8,1,Bayes,8.959280579814001,posterior_predictive_mean,one median measured concentration per PhysicalEventID x Analyte
PE_01ef9362ba3276afc3a9,NO3,2017,MT,9.75,2,Bayes,9.180289722755935,posterior_predictive_mean,one median measured concentration per PhysicalEventID x Analyte
PE_0d069e1b4f6cd76df6ac,NO3,2017,MT,7.2,1,Bayes,7.464928798691041,posterior_predictive_mean,one median measured concentration per PhysicalEventID x Analyte
PE_283a79a4d7e1d99ea45c,NO3,2017,MT,7.8,1,Bayes,8.511598372804484,posterior_predictive_mean,one median measured concentration per PhysicalEventID x Analyte
PE_3712d644db8e7505fd90,NO3,2017,MT,8.95,2,Bayes,8.692363003567232,posterior_predictive_mean,one median measured concentration per PhysicalEventID x Analyte
PE_44c3319c1ae4491d3b22,NO3,2017,MT,8.7,1,Bayes,8.899378613445258,posterior_predictive_mean,one median measured concentration per PhysicalEventID x Analyte
PE_5f5cdcb0357234b8314a,NO3,2017,MT,9.45,2,Bayes,9.567794958745186,posterior_predictive_mean,one median measured concentration per PhysicalEventID x Analyte
PE_72973ed7fd2fafa39b49,NO3,2017,MT,9.9,1,Bayes,9.36181795989248,posterior_predictive_mean,one median measured concentration per PhysicalEventID x Analyte
PE_7563047765a1e3f047e6,NO3,2017,MT,9.7,1,Bayes,9.800328886440605,posterior_predictive_mean,one median measured concentration per PhysicalEventID x Analyte
PE_ae6e7b1bd3de16ea6d0f,NO3,2017,MT,9.3,1,Bayes,9.062092551506325,posterior_predictive_mean,one median measured concentration per PhysicalEventID x Analyte
PE_c9e73ef1dabab1e96c37,NO3,2017,MT,9.3,1,Bayes,9.562979417042182,posterior_predictive_mean,one median measured concentration per PhysicalEventID x Analyte
PE_df9fe3439780c58ef619,NO3,2017,MT,9.350000000000001,2,Bayes,9.425658292570889,posterior_predictive_mean,one median measured concentration per PhysicalEventID x Analyte
PE_fa68bde0c7a186695c73,NO3,2017,MT,7.8,1,Bayes,7.769206494925988,posterior_predictive_mean,one median measured concentration per PhysicalEventID x Analyte
PE_20cdd4f089d2cb0bb73d,NO3,2017,ST,9.5,2,Bayes,9.693680279855602,posterior_predictive_mean,one median measured concentration per PhysicalEventID x Analyte
PE_4998c6ec98ba5c91a95d,NO3,2017,ST,8.8,3,Bayes,7.305522247114827,posterior_predictive_mean,one median measured concentration per PhysicalEventID x Analyte
PE_4d317db65fbb1df71b52,NO3,2017,ST,9.3,3,Bayes,9.532598587232648,posterior_predictive_mean,one median measured concentration per PhysicalEventID x Analyte
PE_531c541dd4a3fff82f15,NO3,2017,ST,8.0,1,Bayes,8.643306616743189,posterior_predictive_mean,one median measured concentration per PhysicalEventID x Analyte
PE_568f0b5ec6deda07b9f9,NO3,2017,ST,7.9,1,Bayes,7.878418404188165,posterior_predictive_mean,one median measured concentration per PhysicalEventID x Analyte
PE_6ca81f85570cae0e0d9c,NO3,2017,ST,9.4,1,Bayes,9.769671436373027,posterior_predictive_mean,one median measured concentration per PhysicalEventID x Analyte
PE_8b4c5aba46522be8a6ae,NO3,2017,ST,9.3,1,Bayes,9.147893265327877,posterior_predictive_mean,one median measured concentration per PhysicalEventID x Analyte
PE_9be29822841d41a56b41,NO3,2017,ST,8.95,2,Bayes,8.777541459699382,posterior_predictive_mean,one median measured concentration per PhysicalEventID x Analyte
PE_dd2eb9cbf33aadc76796,NO3,2017,ST,8.649999999999999,2,Bayes,8.908770045045257,posterior_predictive_mean,one median measured concentration per PhysicalEventID x Analyte
PE_e8e143ce24098f6b3f6d,NO3,2017,ST,9.2,2,Bayes,9.647939603963115,posterior_predictive_mean,one median measured concentration per PhysicalEventID x Analyte
PE_fae3faa31fd03c716eb2,NO3,2017,ST,7.8,2,Bayes,7.939073780293553,posterior_predictive_mean,one median measured concentration per PhysicalEventID x Analyte
PE_166bc984fea383507df7,NO3,2020,CT,8.0,2,Bayes,8.295667820450802,posterior_predictive_mean,one median measured concentration per PhysicalEventID x Analyte
PE_568a40e75356dbe2944f,NO3,2020,CT,7.9,2,Bayes,8.094127564531256,posterior_predictive_mean,one median measured concentration per PhysicalEventID x Analyte
PE_5cea09f5406d83c18d64,NO3,2020,CT,7.7,1,Bayes,8.060820975192556,posterior_predictive_mean,one median measured concentration per PhysicalEventID x Analyte
PE_5fe6f2ac660a17d837bd,NO3,2020,CT,8.1,1,Bayes,8.409881771879483,posterior_predictive_mean,one median measured concentration per PhysicalEventID x Analyte
PE_81e03fd81db11fe99704,NO3,2020,CT,7.9,2,Bayes,8.023582937403337,posterior_predictive_mean,one median measured concentration per PhysicalEventID x Analyte
PE_956f49ab7f5a452d4e47,NO3,2020,CT,8.1,2,Bayes,8.220529687802829,posterior_predictive_mean,one median measured concentration per PhysicalEventID x Analyte
PE_a2e77087ab55e269e32c,NO3,2020,CT,8.0,1,Bayes,7.986859144249301,posterior_predictive_mean,one median measured concentration per PhysicalEventID x Analyte
PE_d03c293a07504dee9823,NO3,2020,CT,8.0,2,Bayes,8.273056710573712,posterior_predictive_mean,one median measured concentration per PhysicalEventID x Analyte
PE_f112cb116ff39b0745d1,NO3,2020,CT,7.7,1,Bayes,8.015529132228533,posterior_predictive_mean,one median measured concentration per PhysicalEventID x Analyte
PE_1c61ae236bb189923470,NO3,2020,MT,7.9,2,Bayes,8.032804024331705,posterior_predictive_mean,one median measured concentration per PhysicalEventID x Analyte
PE_3f0bbb475c6994c60cf6,NO3,2020,MT,8.0,1,Bayes,8.14530604971486,posterior_predictive_mean,one median measured concentration per PhysicalEventID x Analyte
PE_48332f955c6c36e57528,NO3,2020,MT,8.3,2,Bayes,8.286132811958929,posterior_predictive_mean,one median measured concentration per PhysicalEventID x Analyte
PE_61b68e752c1619aa8c43,NO3,2020,MT,9.2,1,Bayes,8.910356084572557,posterior_predictive_mean,one median measured concentration per PhysicalEventID x Analyte
PE_8ed15b2f1e5372b81dc7,NO3,2020,MT,8.0,1,Bayes,8.113580204056573,posterior_predictive_mean,one median measured concentration per PhysicalEventID x Analyte
PE_a32b9b1cc443544ce423,NO3,2020,MT,8.0,2,Bayes,8.198867582024452,posterior_predictive_mean,one median measured concentration per PhysicalEventID x Analyte
PE_addb6558497635dd3d9a,NO3,2020,MT,7.9,2,Bayes,7.918054947674259,posterior_predictive_mean,one median measured concentration per PhysicalEventID x Analyte
PE_f20fe17d9d856cebbcf8,NO3,2020,MT,8.1,2,Bayes,8.285212319234144,posterior_predictive_mean,one median measured concentration per PhysicalEventID x Analyte
PE_f8ef94027a8e2bfa6b9c,NO3,2020,MT,9.2,1,Bayes,8.93170795642167,posterior_predictive_mean,one median measured concentration per PhysicalEventID x Analyte
PE_0b902961f965469f339e,NO3,2020,ST,7.9,2,Bayes,8.114507750449194,posterior_predictive_mean,one median measured concentration per PhysicalEventID x Analyte
PE_3f6400cdcf4fab1e9fc1,NO3,2020,ST,9.0,1,Bayes,8.877966479424225,posterior_predictive_mean,one median measured concentration per PhysicalEventID x Analyte
PE_46cc9f71204f4afd638d,NO3,2020,ST,8.1,1,Bayes,8.420148919842626,posterior_predictive_mean,one median measured concentration per PhysicalEventID x Analyte
PE_49fb6cd53fdd5e458f64,NO3,2020,ST,8.3,2,Bayes,8.361579660570147,posterior_predictive_mean,one median measured concentration per PhysicalEventID x Analyte
PE_5ff3d0ad9d787e19a7ca,NO3,2020,ST,8.05,2,Bayes,8.388235811497138,posterior_predictive_mean,one median measured concentration per PhysicalEventID x Analyte
PE_875be1f39b86704274b0,NO3,2020,ST,7.8,1,Bayes,8.111323924050462,posterior_predictive_mean,one median measured concentration per PhysicalEventID x Analyte
PE_e92a1d87a3645647bd4e,NO3,2020,ST,8.1,2,Bayes,8.123757590361869,posterior_predictive_mean,one median measured concentration per PhysicalEventID x Analyte
PE_ee23dd5347fd2acef254,NO3,2020,ST,7.8,1,Bayes,8.180413813117744,posterior_predictive_mean,one median measured concentration per PhysicalEventID x Analyte
PE_fc822425df54345742cb,NO3,2020,ST,8.0,2,Bayes,8.272684540531811,posterior_predictive_mean,one median measured concentration per PhysicalEventID x Analyte
PE_051cd85fc942217be314,NO3,2021,CT,8.149999999999999,2,Bayes,8.335768046528495,posterior_predictive_mean,one median measured concentration per PhysicalEventID x Analyte
PE_0ac2121b8fe18c0053e2,NO3,2021,CT,8.4,3,Bayes,8.543304673286132,posterior_predictive_mean,one median measured concentration per PhysicalEventID x Analyte
PE_21dfe39111b133765d37,NO3,2021,CT,8.5,2,Bayes,8.666914458382164,posterior_predictive_mean,one median measured concentration per PhysicalEventID x Analyte
PE_21eb97240c4e244d59c9,NO3,2021,CT,8.2,2,Bayes,8.397546867237114,posterior_predictive_mean,one median measured concentration per PhysicalEventID x Analyte
PE_2e40b6e91cc7d5ecd6c3,NO3,2021,CT,8.45,2,Bayes,8.530004827467975,posterior_predictive_mean,one median measured concentration per PhysicalEventID x Analyte
PE_33074ef569f8079ca2c5,NO3,2021,CT,7.75,2,Bayes,8.035316539560569,posterior_predictive_mean,one median measured concentration per PhysicalEventID x Analyte
PE_3e80216d31c31cb94be7,NO3,2021,CT,4.47,4,Bayes,4.092033705793451,posterior_predictive_mean,one median measured concentration per PhysicalEventID x Analyte
PE_43f0020c0e87bb28cb4f,NO3,2021,CT,8.149999999999999,2,Bayes,8.302133327513925,posterior_predictive_mean,one median measured concentration per PhysicalEventID x Analyte
PE_7bb31d342461203b532f,NO3,2021,CT,8.25,4,Bayes,8.395984880727507,posterior_predictive_mean,one median measured concentration per PhysicalEventID x Analyte
PE_a1506e8e5a02282cf157,NO3,2021,CT,8.0,2,Bayes,8.185758789725764,posterior_predictive_mean,one median measured concentration per PhysicalEventID x Analyte
PE_a9b65e771f7f28532999,NO3,2021,CT,8.5,4,Bayes,8.585942240724417,posterior_predictive_mean,one median measured concentration per PhysicalEventID x Analyte
PE_e9ed7c0da6f350ec0ebd,NO3,2021,CT,8.6,2,Bayes,8.670495566284082,posterior_predictive_mean,one median measured concentration per PhysicalEventID x Analyte
PE_10a82e2f3d5ad96163d0,NO3,2021,MT,9.100000000000001,2,Bayes,8.904688273881966,posterior_predictive_mean,one median measured concentration per PhysicalEventID x Analyte
PE_29232e3b1d0dd0846861,NO3,2021,MT,8.4,4,Bayes,6.008978000839893,posterior_predictive_mean,one median measured concentration per PhysicalEventID x Analyte
PE_3b0275b6f31aa3c48b11,NO3,2021,MT,8.5,2,Bayes,8.699075052457122,posterior_predictive_mean,one median measured concentration per PhysicalEventID x Analyte
PE_51b615c0027e4e29028e,NO3,2021,MT,8.05,2,Bayes,8.155308475535847,posterior_predictive_mean,one median measured concentration per PhysicalEventID x Analyte
PE_55b3839d44d67304ba2d,NO3,2021,MT,8.2,2,Bayes,8.131713882914369,posterior_predictive_mean,one median measured concentration per PhysicalEventID x Analyte
PE_936c12cc5ae17810e93e,NO3,2021,MT,8.3,2,Bayes,8.389477611532817,posterior_predictive_mean,one median measured concentration per PhysicalEventID x Analyte
PE_97c5dc883be532c37d60,NO3,2021,MT,8.2,2,Bayes,8.288898395633595,posterior_predictive_mean,one median measured concentration per PhysicalEventID x Analyte
PE_c7ea31b20b60ad1966be,NO3,2021,MT,8.6,2,Bayes,8.698333823901102,posterior_predictive_mean,one median measured concentration per PhysicalEventID x Analyte
PE_e31452c7a0ebfbfaf3f2,NO3,2021,MT,8.2,4,Bayes,8.252512192280612,posterior_predictive_mean,one median measured concentration per PhysicalEventID x Analyte
PE_ebd22f3a15b20eea0e80,NO3,2021,MT,8.2,4,Bayes,8.253650451332218,posterior_predictive_mean,one median measured concentration per PhysicalEventID x Analyte
PE_f0e98ee733e1acf48f4e,NO3,2021,MT,8.6,3,Bayes,8.722640893354807,posterior_predictive_mean,one median measured concentration per PhysicalEventID x Analyte
PE_f544dd1f1224ddc9abde,NO3,2021,MT,8.0,1,Bayes,8.347112195590444,posterior_predictive_mean,one median measured concentration per PhysicalEventID x Analyte
PE_16ac905814be2f1ac791,NO3,2021,ST,8.2,2,Bayes,8.51072936252091,posterior_predictive_mean,one median measured concentration per PhysicalEventID x Analyte
PE_1a4143d14585d70064a4,NO3,2021,ST,9.2,2,Bayes,9.10077467582328,posterior_predictive_mean,one median measured concentration per PhysicalEventID x Analyte
PE_3d9e743a00f5613f6722,NO3,2021,ST,7.55,2,Bayes,7.902324885083324,posterior_predictive_mean,one median measured concentration per PhysicalEventID x Analyte
PE_47319afabf95ce33e7fd,NO3,2021,ST,8.4,2,Bayes,8.66599762595167,posterior_predictive_mean,one median measured concentration per PhysicalEventID x Analyte
PE_6af7db12fea1a0f5f5e0,NO3,2021,ST,8.2,2,Bayes,8.5263266177653,posterior_predictive_mean,one median measured concentration per PhysicalEventID x Analyte
PE_6ee044c77bdf30366b5d,NO3,2021,ST,8.0,2,Bayes,8.470492612892137,posterior_predictive_mean,one median measured concentration per PhysicalEventID x Analyte
PE_78a548d4e3eef2a21ea3,NO3,2021,ST,8.1,4,Bayes,8.313363605164612,posterior_predictive_mean,one median measured concentration per PhysicalEventID x Analyte
PE_835c9b48606f6cdfa777,NO3,2021,ST,8.5,2,Bayes,8.873734625220774,posterior_predictive_mean,one median measured concentration per PhysicalEventID x Analyte
PE_af610e0f46836e0b77e1,NO3,2021,ST,8.55,2,Bayes,8.884499845895911,posterior_predictive_mean,one median measured concentration per PhysicalEventID x Analyte
PE_b08201b583b69f927729,NO3,2021,ST,8.2,2,Bayes,6.553643206064864,posterior_predictive_mean,one median measured concentration per PhysicalEventID x Analyte
PE_c917d3aa7638a95ddccd,NO3,2021,ST,8.149999999999999,4,Bayes,8.389529535979584,posterior_predictive_mean,one median measured concentration per PhysicalEventID x Analyte
PE_e416400520de7f5adc17,NO3,2021,ST,8.4,3,Bayes,8.594021053908014,posterior_predictive_mean,one median measured concentration per PhysicalEventID x Analyte
PE_074f45d65401c8fdb3f5,NO3,2022,CT,6.3,3,Bayes,6.230891513741102,posterior_predictive_mean,one median measured concentration per PhysicalEventID x Analyte
PE_26a08057b7264787ef06,NO3,2022,CT,8.02,1,Bayes,7.555994101429354,posterior_predictive_mean,one median measured concentration per PhysicalEventID x Analyte
PE_32d4186ac5b7c925427a,NO3,2022,CT,7.85,2,Bayes,7.612678377419221,posterior_predictive_mean,one median measured concentration per PhysicalEventID x Analyte
PE_3433a0bfc8c7216f3995,NO3,2022,CT,7.1,1,Bayes,7.491170552493577,posterior_predictive_mean,one median measured concentration per PhysicalEventID x Analyte
PE_3f1a3adf6196ed54473e,NO3,2022,CT,6.7,1,Bayes,7.262813231947133,posterior_predictive_mean,one median measured concentration per PhysicalEventID x Analyte
PE_438127a754ce2a504c09,NO3,2022,CT,6.5,2,Bayes,6.654991821626968,posterior_predictive_mean,one median measured concentration per PhysicalEventID x Analyte
PE_5ae2ded12c8023b32c0a,NO3,2022,CT,7.0,3,Bayes,6.960399123794449,posterior_predictive_mean,one median measured concentration per PhysicalEventID x Analyte
PE_b8cc705881475991ea0f,NO3,2022,CT,6.45,2,Bayes,6.594100142453356,posterior_predictive_mean,one median measured concentration per PhysicalEventID x Analyte
PE_c409fdcd758dbf3b86bb,NO3,2022,CT,6.4,1,Bayes,6.451552874524774,posterior_predictive_mean,one median measured concentration per PhysicalEventID x Analyte
PE_db44df4caa1727e348be,NO3,2022,CT,5.8,3,Bayes,6.12271095078551,posterior_predictive_mean,one median measured concentration per PhysicalEventID x Analyte
PE_df160c088a0a2ccf4d3e,NO3,2022,CT,7.3,1,Bayes,7.381560428110819,posterior_predictive_mean,one median measured concentration per PhysicalEventID x Analyte
PE_eb7e4b7d6a65d5aa6a4b,NO3,2022,CT,6.1,3,Bayes,6.278258227652689,posterior_predictive_mean,one median measured concentration per PhysicalEventID x Analyte
PE_14298b67e71efd6380df,NO3,2022,MT,7.1,3,Bayes,7.425968922347646,posterior_predictive_mean,one median measured concentration per PhysicalEventID x Analyte
PE_260d9de653b38957c0fe,NO3,2022,MT,7.55,2,Bayes,7.5996055157728675,posterior_predictive_mean,one median measured concentration per PhysicalEventID x Analyte
PE_344e7a9bb935a4829210,NO3,2022,MT,6.699999999999999,2,Bayes,6.857394874741618,posterior_predictive_mean,one median measured concentration per PhysicalEventID x Analyte
PE_3fc5dfce0fb4c6220e16,NO3,2022,MT,6.4,3,Bayes,6.9010288966629,posterior_predictive_mean,one median measured concentration per PhysicalEventID x Analyte
PE_5556897f607258fe9362,NO3,2022,MT,5.9,3,Bayes,6.227278203495798,posterior_predictive_mean,one median measured concentration per PhysicalEventID x Analyte
PE_7b7021667404f4bf5ffe,NO3,2022,MT,6.7,3,Bayes,7.1076205024016295,posterior_predictive_mean,one median measured concentration per PhysicalEventID x Analyte
PE_7f40423a8c9c7387079e,NO3,2022,MT,7.6,2,Bayes,7.73991126510232,posterior_predictive_mean,one median measured concentration per PhysicalEventID x Analyte
PE_912d046edf542edb9c36,NO3,2022,MT,7.6,2,Bayes,7.603679966682489,posterior_predictive_mean,one median measured concentration per PhysicalEventID x Analyte
PE_a5a3e7d8a5e84189d18a,NO3,2022,MT,6.1,3,Bayes,6.232112099210122,posterior_predictive_mean,one median measured concentration per PhysicalEventID x Analyte
PE_aa383c8c9a57591dc206,NO3,2022,MT,7.8,2,Bayes,7.604102707010933,posterior_predictive_mean,one median measured concentration per PhysicalEventID x Analyte
PE_afa287a09ff3e5bab631,NO3,2022,MT,5.9,3,Bayes,6.192993532360676,posterior_predictive_mean,one median measured concentration per PhysicalEventID x Analyte
PE_d41d88e8b515629ab69d,NO3,2022,MT,8.26,1,Bayes,7.785927795918479,posterior_predictive_mean,one median measured concentration per PhysicalEventID x Analyte
PE_f0406a7690a0e8ef2920,NO3,2022,MT,6.65,2,Bayes,6.746886110558926,posterior_predictive_mean,one median measured concentration per PhysicalEventID x Analyte
PE_0656666c2b33c1a71dfc,NO3,2022,ST,6.0,3,Bayes,6.324400685912046,posterior_predictive_mean,one median measured concentration per PhysicalEventID x Analyte
PE_230aa97120550e292bc7,NO3,2022,ST,6.5,2,Bayes,6.833454760255733,posterior_predictive_mean,one median measured concentration per PhysicalEventID x Analyte
PE_3eefa2d11be77738359b,NO3,2022,ST,6.3,3,Bayes,6.379774625773899,posterior_predictive_mean,one median measured concentration per PhysicalEventID x Analyte
PE_425f14902ee81a16cfeb,NO3,2022,ST,7.4,1,Bayes,7.412944524360949,posterior_predictive_mean,one median measured concentration per PhysicalEventID x Analyte
PE_510406c16da87dd620cb,NO3,2022,ST,9.85,2,Bayes,9.157202843929657,posterior_predictive_mean,one median measured concentration per PhysicalEventID x Analyte
PE_70d3cc17c47edebe68ad,NO3,2022,ST,7.45,2,Bayes,7.62514556390588,posterior_predictive_mean,one median measured concentration per PhysicalEventID x Analyte
PE_7cf61966fec7c7b6adc5,NO3,2022,ST,6.25,2,Bayes,6.526435468506164,posterior_predictive_mean,one median measured concentration per PhysicalEventID x Analyte
PE_901ccaf6a3ac1105504f,NO3,2022,ST,7.55,2,Bayes,7.653385013887602,posterior_predictive_mean,one median measured concentration per PhysicalEventID x Analyte
PE_99ec6d6affe898b0e8d2,NO3,2022,ST,8.49,1,Bayes,7.990461794963512,posterior_predictive_mean,one median measured concentration per PhysicalEventID x Analyte
PE_a8630556d08f6cec7f6a,NO3,2022,ST,5.9,3,Bayes,6.309747438332124,posterior_predictive_mean,one median measured concentration per PhysicalEventID x Analyte
PE_ceb9c23bc0db5be24388,NO3,2022,ST,6.3,3,Bayes,6.427716483061734,posterior_predictive_mean,one median measured concentration per PhysicalEventID x Analyte
PE_d47080104483a2906848,NO3,2022,ST,6.7,3,Bayes,7.90184169800125,posterior_predictive_mean,one median measured concentration per PhysicalEventID x Analyte
PE_dc25029fed7bf1b276c5,NO3,2022,ST,6.8,3,Bayes,7.118606661210341,posterior_predictive_mean,one median measured concentration per PhysicalEventID x Analyte
PE_1607bd85c5b858754283,NO3,2023,CT,3.145,4,Bayes,4.023082173367925,posterior_predictive_mean,one median measured concentration per PhysicalEventID x Analyte
PE_17f8630aaa6312f3912a,NO3,2023,CT,9.605,4,Bayes,10.289250920248644,posterior_predictive_mean,one median measured concentration per PhysicalEventID x Analyte
PE_21ef5b6342274d9e3203,NO3,2023,CT,3.27,4,Bayes,4.108309545639237,posterior_predictive_mean,one median measured concentration per PhysicalEventID x Analyte
PE_222b0b4beba254c530d7,NO3,2023,CT,8.71,3,Bayes,8.653781566763936,posterior_predictive_mean,one median measured concentration per PhysicalEventID x Analyte
PE_577d295e76e129c37688,NO3,2023,CT,8.59,4,Bayes,9.43750314692002,posterior_predictive_mean,one median measured concentration per PhysicalEventID x Analyte
PE_5bf168b414e63b4f63f3,NO3,2023,CT,8.53,5,Bayes,9.372872953610514,posterior_predictive_mean,one median measured concentration per PhysicalEventID x Analyte
PE_7131d35e8cd02b882d26,NO3,2023,CT,8.8,4,Bayes,9.49828964911913,posterior_predictive_mean,one median measured concentration per PhysicalEventID x Analyte
PE_8474551aa700ba7170c1,NO3,2023,CT,0.808,1,Bayes,1.931771598182832,posterior_predictive_mean,one median measured concentration per PhysicalEventID x Analyte
PE_bf4d5c43e21a82c51f4f,NO3,2023,CT,9.045,4,Bayes,9.99800329471895,posterior_predictive_mean,one median measured concentration per PhysicalEventID x Analyte
PE_ee0d84028e7204c9f8b6,NO3,2023,CT,7.42,4,Bayes,8.03639317319848,posterior_predictive_mean,one median measured concentration per PhysicalEventID x Analyte
PE_f071df1dfa8de45515c1,NO3,2023,CT,4.18,1,Bayes,4.958267175503101,posterior_predictive_mean,one median measured concentration per PhysicalEventID x Analyte
PE_f7a5e5b2a4c1c3239774,NO3,2023,CT,7.51,4,Bayes,8.270460744219392,posterior_predictive_mean,one median measured concentration per PhysicalEventID x Analyte
PE_199b5b7c1aaa1098c691,NO3,2023,MT,9.56,1,Bayes,9.827674250289752,posterior_predictive_mean,one median measured concentration per PhysicalEventID x Analyte
PE_23621b170748f0fc60c2,NO3,2023,MT,8.605,4,Bayes,9.508539841050656,posterior_predictive_mean,one median measured concentration per PhysicalEventID x Analyte
PE_248493668060338e72e6,NO3,2023,MT,8.82,5,Bayes,9.386583501622082,posterior_predictive_mean,one median measured concentration per PhysicalEventID x Analyte
PE_3694e2f2ef6dd2e8480f,NO3,2023,MT,0.438,1,Bayes,1.6594993111147298,posterior_predictive_mean,one median measured concentration per PhysicalEventID x Analyte
PE_7751232195de561530b0,NO3,2023,MT,10.04,4,Bayes,10.851011984423472,posterior_predictive_mean,one median measured concentration per PhysicalEventID x Analyte
PE_8d90127b55de039c6ab7,NO3,2023,MT,8.69,5,Bayes,9.57013620318286,posterior_predictive_mean,one median measured concentration per PhysicalEventID x Analyte
PE_9d88eac30a91208d302b,NO3,2023,MT,3.09,4,Bayes,4.043447969342635,posterior_predictive_mean,one median measured concentration per PhysicalEventID x Analyte
PE_a5dd6f772a1d2e7d821c,NO3,2023,MT,3.125,6,Bayes,4.154434794221355,posterior_predictive_mean,one median measured concentration per PhysicalEventID x Analyte
PE_acc7ee117e759ece44f9,NO3,2023,MT,7.43,5,Bayes,8.127982067048643,posterior_predictive_mean,one median measured concentration per PhysicalEventID x Analyte
PE_b6fd60d10e559978199b,NO3,2023,MT,7.42,5,Bayes,8.11674058195871,posterior_predictive_mean,one median measured concentration per PhysicalEventID x Analyte
PE_bf74455b1a7c48461768,NO3,2023,MT,8.93,3,Bayes,9.303665316690696,posterior_predictive_mean,one median measured concentration per PhysicalEventID x Analyte
PE_c4acde3ff39ca34f7f1d,NO3,2023,MT,9.365,4,Bayes,9.928897353276437,posterior_predictive_mean,one median measured concentration per PhysicalEventID x Analyte
PE_68d44a8c5ee2992c2c36,NO3,2023,ST,8.594999999999999,4,Bayes,9.47304707021572,posterior_predictive_mean,one median measured concentration per PhysicalEventID x Analyte
PE_6f90d69c4aa146a04e18,NO3,2023,ST,1.37,1,Bayes,2.4657798314806136,posterior_predictive_mean,one median measured concentration per PhysicalEventID x Analyte
PE_78a0e5a12037218db30c,NO3,2023,ST,9.7,5,Bayes,10.702942089942583,posterior_predictive_mean,one median measured concentration per PhysicalEventID x Analyte
PE_8a47f8b2785e361a0f5c,NO3,2023,ST,8.780000000000001,4,Bayes,7.868099029514294,posterior_predictive_mean,one median measured concentration per PhysicalEventID x Analyte
PE_8f51b688686d8bdc2f79,NO3,2023,ST,8.71,4,Bayes,9.262502664322753,posterior_predictive_mean,one median measured concentration per PhysicalEventID x Analyte
PE_ada3010827131318b4a5,NO3,2023,ST,7.48,4,Bayes,8.134787375757258,posterior_predictive_mean,one median measured concentration per PhysicalEventID x Analyte
PE_bca2b67b03840bac2206,NO3,2023,ST,7.41,4,Bayes,8.127586936173321,posterior_predictive_mean,one median measured concentration per PhysicalEventID x Analyte
PE_c6f4076701513ce44077,NO3,2023,ST,1.9,1,Bayes,2.970813267658026,posterior_predictive_mean,one median measured concentration per PhysicalEventID x Analyte
PE_c9875bdbbfec951204a7,NO3,2023,ST,9.0,4,Bayes,9.81333190002853,posterior_predictive_mean,one median measured concentration per PhysicalEventID x Analyte
PE_d0ce0a7aa7e876660808,NO3,2023,ST,3.0599999999999996,4,Bayes,3.998199325381077,posterior_predictive_mean,one median measured concentration per PhysicalEventID x Analyte
PE_dbd728d03c1d5af8f0ef,NO3,2023,ST,0.485,1,Bayes,1.6938039506243143,posterior_predictive_mean,one median measured concentration per PhysicalEventID x Analyte
PE_e29fdc102c9f799e8e4f,NO3,2023,ST,3.09,4,Bayes,4.041765100126022,posterior_predictive_mean,one median measured concentration per PhysicalEventID x Analyte
PE_fc1529c70189a30552dd,NO3,2023,ST,8.635,4,Bayes,9.60033282226493,posterior_predictive_mean,one median measured concentration per PhysicalEventID x Analyte
PE_3a4478840ec05680e176,NO3,2024,CT,0.21550000000000002,4,Bayes,1.4721119200558572,posterior_predictive_mean,one median measured concentration per PhysicalEventID x Analyte
PE_828e337f2a8b9a9634d7,NO3,2024,CT,8.88,4,Bayes,9.77783961281922,posterior_predictive_mean,one median measured concentration per PhysicalEventID x Analyte
PE_87d4115bb68391b10daf,NO3,2024,CT,0.195,4,Bayes,1.4032507625264683,posterior_predictive_mean,one median measured concentration per PhysicalEventID x Analyte
PE_a354768a3ad269a40a28,NO3,2024,CT,9.105,4,Bayes,9.957956275697256,posterior_predictive_mean,one median measured concentration per PhysicalEventID x Analyte
PE_add35a9103c77e144288,NO3,2024,CT,8.77,4,Bayes,9.558716231267011,posterior_predictive_mean,one median measured concentration per PhysicalEventID x Analyte
PE_dd4d0ea35e35c329e9d8,NO3,2024,CT,8.91,4,Bayes,9.73138600356443,posterior_predictive_mean,one median measured concentration per PhysicalEventID x Analyte
PE_e01f96101de9649fe0a8,NO3,2024,CT,8.995000000000001,2,Bayes,9.465735853960478,posterior_predictive_mean,one median measured concentration per PhysicalEventID x Analyte
PE_f96a427e92fb0d6cf251,NO3,2024,CT,8.809999999999999,4,Bayes,9.694641268769638,posterior_predictive_mean,one median measured concentration per PhysicalEventID x Analyte
PE_02b42436b7981ca07571,NO3,2024,MT,0.2155,4,Bayes,1.5456897404060204,posterior_predictive_mean,one median measured concentration per PhysicalEventID x Analyte
PE_7a793bda6ecab836d590,NO3,2024,MT,0.214,3,Bayes,1.6881751644150809,posterior_predictive_mean,one median measured concentration per PhysicalEventID x Analyte
PE_ba059ebbc29b11d1a3be,NO3,2024,MT,9.055,4,Bayes,9.81520729958626,posterior_predictive_mean,one median measured concentration per PhysicalEventID x Analyte
PE_c488be01d5dbff565ef0,NO3,2024,MT,8.905000000000001,4,Bayes,9.610733858860453,posterior_predictive_mean,one median measured concentration per PhysicalEventID x Analyte
PE_c918bf0b868668efb5e3,NO3,2024,MT,8.83,4,Bayes,9.731854655994194,posterior_predictive_mean,one median measured concentration per PhysicalEventID x Analyte
PE_cc030c89ee5b8a7462b6,NO3,2024,MT,8.695,4,Bayes,9.648469518229968,posterior_predictive_mean,one median measured concentration per PhysicalEventID x Analyte
PE_d0a561512025e1d2770d,NO3,2024,MT,8.855,4,Bayes,9.787946721089398,posterior_predictive_mean,one median measured concentration per PhysicalEventID x Analyte
PE_e582d3221277d02f35d9,NO3,2024,MT,8.7,4,Bayes,9.785654824127487,posterior_predictive_mean,one median measured concentration per PhysicalEventID x Analyte
PE_00b38906ec1907c7d0dc,NO3,2024,ST,0.2345,4,Bayes,1.5457986523168,posterior_predictive_mean,one median measured concentration per PhysicalEventID x Analyte
PE_30f71765b192fa672ac6,NO3,2024,ST,8.995000000000001,4,Bayes,9.663306615700536,posterior_predictive_mean,one median measured concentration per PhysicalEventID x Analyte
PE_47021952abc7ade62c23,NO3,2024,ST,8.895,4,Bayes,9.915272127491216,posterior_predictive_mean,one median measured concentration per PhysicalEventID x Analyte
PE_6dfbf6a0b565de5536dd,NO3,2024,ST,8.754999999999999,4,Bayes,9.73864381545397,posterior_predictive_mean,one median measured concentration per PhysicalEventID x Analyte
PE_d36d20c6bc7c067588be,NO3,2024,ST,0.212,3,Bayes,1.530543741082755,posterior_predictive_mean,one median measured concentration per PhysicalEventID x Analyte
PE_dd553617c7d118d29861,NO3,2024,ST,8.809999999999999,4,Bayes,9.701370292633364,posterior_predictive_mean,one median measured concentration per PhysicalEventID x Analyte
PE_f0055d0fbf3bb2c0c279,NO3,2024,ST,8.885,4,Bayes,9.89722109260184,posterior_predictive_mean,one median measured concentration per PhysicalEventID x Analyte
PE_f6579064c70952c33aa8,NO3,2024,ST,9.035,4,Bayes,9.839799376735336,posterior_predictive_mean,one median measured concentration per PhysicalEventID x Analyte
PE_01024210b88310ac1815,NO3,2025,CT,0.135,4,Bayes,1.0369060778726675,posterior_predictive_mean,one median measured concentration per PhysicalEventID x Analyte
PE_30d8eee773ba85ed7ec9,NO3,2025,CT,0.1985,4,Bayes,1.035117357544772,posterior_predictive_mean,one median measured concentration per PhysicalEventID x Analyte
PE_41cebec90b66f3ef63c2,NO3,2025,CT,0.143,3,Bayes,1.1347892719096793,posterior_predictive_mean,one median measured concentration per PhysicalEventID x Analyte
PE_5c35b22fc4eba02df28c,NO3,2025,CT,0.115,4,Bayes,1.1064215596251925,posterior_predictive_mean,one median measured concentration per PhysicalEventID x Analyte
PE_72b83136bc50254a55a6,NO3,2025,CT,0.14600000000000002,4,Bayes,0.9385652921780264,posterior_predictive_mean,one median measured concentration per PhysicalEventID x Analyte
PE_73a092189bd19f7de823,NO3,2025,CT,0.127,4,Bayes,1.217003887985603,posterior_predictive_mean,one median measured concentration per PhysicalEventID x Analyte
PE_79ea2eb78bef48e2d163,NO3,2025,CT,0.1105,4,Bayes,1.21797990554324,posterior_predictive_mean,one median measured concentration per PhysicalEventID x Analyte
PE_85771b5590cb80ee80b1,NO3,2025,CT,0.1285,4,Bayes,1.1510881985694947,posterior_predictive_mean,one median measured concentration per PhysicalEventID x Analyte
PE_92e7ac2243498d97f3e0,NO3,2025,CT,0.0615,4,Bayes,0.843251510442542,posterior_predictive_mean,one median measured concentration per PhysicalEventID x Analyte
PE_961b16815e7ba5016bdb,NO3,2025,CT,0.138,4,Bayes,0.9335193301028708,posterior_predictive_mean,one median measured concentration per PhysicalEventID x Analyte
PE_bd4a80359ce1de5f5729,NO3,2025,CT,0.1555,4,Bayes,0.9943980607263132,posterior_predictive_mean,one median measured concentration per PhysicalEventID x Analyte
PE_ef5b618a3b1b8ffbd8e4,NO3,2025,CT,0.1205,4,Bayes,1.062258654161278,posterior_predictive_mean,one median measured concentration per PhysicalEventID x Analyte
PE_2314eec6a45e0be9e203,NO3,2025,MT,0.164,4,Bayes,1.1264505332785495,posterior_predictive_mean,one median measured concentration per PhysicalEventID x Analyte
PE_39c8810e26ab4ca7933c,NO3,2025,MT,0.1975,4,Bayes,1.1681630855827445,posterior_predictive_mean,one median measured concentration per PhysicalEventID x Analyte
PE_676050582c291c72204b,NO3,2025,MT,0.1445,4,Bayes,1.025966112018993,posterior_predictive_mean,one median measured concentration per PhysicalEventID x Analyte
PE_6c85627a623e6c9dfbb4,NO3,2025,MT,0.1855,4,Bayes,1.2432783239746543,posterior_predictive_mean,one median measured concentration per PhysicalEventID x Analyte
PE_7d221972180d28e4f760,NO3,2025,MT,0.15949999999999998,4,Bayes,1.0762196794991334,posterior_predictive_mean,one median measured concentration per PhysicalEventID x Analyte
PE_a033c0958b5b88a75684,NO3,2025,MT,0.1305,4,Bayes,1.2019635994060105,posterior_predictive_mean,one median measured concentration per PhysicalEventID x Analyte
PE_a36448d6fe89c398bac0,NO3,2025,MT,0.131,4,Bayes,1.032687021298365,posterior_predictive_mean,one median measured concentration per PhysicalEventID x Analyte
PE_c1edec673d6e55fe03b0,NO3,2025,MT,0.126,4,Bayes,1.0782042352122874,posterior_predictive_mean,one median measured concentration per PhysicalEventID x Analyte
PE_c63b91d3075e6834f32e,NO3,2025,MT,0.432,4,Bayes,1.4790215406196283,posterior_predictive_mean,one median measured concentration per PhysicalEventID x Analyte
PE_e6892c1c4df9f9956548,NO3,2025,MT,0.383,4,Bayes,1.3771922033204396,posterior_predictive_mean,one median measured concentration per PhysicalEventID x Analyte
PE_f2544036a8cdc2b562ca,NO3,2025,MT,0.178,4,Bayes,1.1453209376782407,posterior_predictive_mean,one median measured concentration per PhysicalEventID x Analyte
PE_ff8985d7bd1f94902d4e,NO3,2025,MT,0.1235,4,Bayes,1.0956398096719289,posterior_predictive_mean,one median measured concentration per PhysicalEventID x Analyte
PE_0373cedd6c6b07cdac38,NO3,2025,ST,0.14700000000000002,4,Bayes,1.2030963839092133,posterior_predictive_mean,one median measured concentration per PhysicalEventID x Analyte
PE_0c2d197a5610b0bbb10e,NO3,2025,ST,0.14150000000000001,4,Bayes,1.1208815710832338,posterior_predictive_mean,one median measured concentration per PhysicalEventID x Analyte
PE_2000666922e9baf4491a,NO3,2025,ST,0.1405,4,Bayes,1.1994473573638516,posterior_predictive_mean,one median measured concentration per PhysicalEventID x Analyte
PE_326f1ee42ddcd2cd3c31,NO3,2025,ST,0.2195,4,Bayes,1.2960498741665465,posterior_predictive_mean,one median measured concentration per PhysicalEventID x Analyte
PE_33b48c45a8f1d7ee984a,NO3,2025,ST,0.14900000000000002,4,Bayes,1.1162929566956414,posterior_predictive_mean,one median measured concentration per PhysicalEventID x Analyte
PE_44d1a7f433fe780ac78b,NO3,2025,ST,0.168,4,Bayes,1.1021355013501424,posterior_predictive_mean,one median measured concentration per PhysicalEventID x Analyte
PE_55ff1c1f21eee62bac5f,NO3,2025,ST,0.14350000000000002,4,Bayes,0.9889933271130724,posterior_predictive_mean,one median measured concentration per PhysicalEventID x Analyte
PE_69bf4666a40285ef26b8,NO3,2025,ST,0.1975,4,Bayes,1.289640412353286,posterior_predictive_mean,one median measured concentration per PhysicalEventID x Analyte
PE_6db16cd7a8da79e5651d,NO3,2025,ST,0.16199999999999998,4,Bayes,1.1556466944587598,posterior_predictive_mean,one median measured concentration per PhysicalEventID x Analyte
PE_744bc567dc348be5d05b,NO3,2025,ST,0.1385,4,Bayes,1.1775674041451625,posterior_predictive_mean,one median measured concentration per PhysicalEventID x Analyte
PE_76eec8ae39fe2d6f5031,NO3,2025,ST,0.1545,4,Bayes,1.175823798167518,posterior_predictive_mean,one median measured concentration per PhysicalEventID x Analyte
PE_a873c6f206750ebc6cd1,NO3,2025,ST,0.158,4,Bayes,1.0576573542046228,posterior_predictive_mean,one median measured concentration per PhysicalEventID x Analyte
PE_35e13c2714d6ea95f5d3,NO3,2011,CT,8.057,1,ML,9.24203815142173,full_record_deterministic_prediction,one median measured concentration per PhysicalEventID x Analyte
PE_57effa7ea94a4868513b,NO3,2011,CT,8.123,1,ML,8.465983310331215,full_record_deterministic_prediction,one median measured concentration per PhysicalEventID x Analyte
PE_7ab5d22c48132f848099,NO3,2011,CT,7.0,1,ML,8.491801078215783,full_record_deterministic_prediction,one median measured concentration per PhysicalEventID x Analyte
PE_8372856d847ab29e3d55,NO3,2011,CT,8.567,1,ML,8.481496809116345,full_record_deterministic_prediction,one median measured concentration per PhysicalEventID x Analyte
PE_9b06b2640ba03d9fa7c4,NO3,2011,CT,8.103,1,ML,8.363971853408277,full_record_deterministic_prediction,one median measured concentration per PhysicalEventID x Analyte
PE_9e155a06de6d2a36ed95,NO3,2011,CT,7.213,1,ML,9.086366108757014,full_record_deterministic_prediction,one median measured concentration per PhysicalEventID x Analyte
PE_2aaba42888d07cb12d22,NO3,2011,MT,7.3,1,ML,9.18634285655422,full_record_deterministic_prediction,one median measured concentration per PhysicalEventID x Analyte
PE_49484da33f0ea698b83b,NO3,2011,MT,7.967,1,ML,8.456241773453531,full_record_deterministic_prediction,one median measured concentration per PhysicalEventID x Analyte
PE_60f1a6212ff620019a30,NO3,2011,MT,7.967,1,ML,8.264121122664232,full_record_deterministic_prediction,one median measured concentration per PhysicalEventID x Analyte
PE_63934b6278a65a8216b9,NO3,2011,MT,7.413,1,ML,9.4718188031835,full_record_deterministic_prediction,one median measured concentration per PhysicalEventID x Analyte
PE_883a7658077d89fcf49d,NO3,2011,MT,8.967,1,ML,8.409412973740386,full_record_deterministic_prediction,one median measured concentration per PhysicalEventID x Analyte
PE_bf4999981e8b30465343,NO3,2011,MT,8.423,1,ML,9.03035390185709,full_record_deterministic_prediction,one median measured concentration per PhysicalEventID x Analyte
PE_556f24afddcf35c92237,NO3,2011,ST,7.437,1,ML,7.888503951448218,full_record_deterministic_prediction,one median measured concentration per PhysicalEventID x Analyte
PE_95d3b43c79b8bf669652,NO3,2011,ST,7.523,1,ML,7.958447007085637,full_record_deterministic_prediction,one median measured concentration per PhysicalEventID x Analyte
PE_b29e09cdb7f952a1cdb0,NO3,2011,ST,7.633,1,ML,7.729516078596076,full_record_deterministic_prediction,one median measured concentration per PhysicalEventID x Analyte
PE_bbf4e95c02e1591047b4,NO3,2011,ST,8.05,1,ML,9.568715822196822,full_record_deterministic_prediction,one median measured concentration per PhysicalEventID x Analyte
PE_e7adc6803f9ae278362b,NO3,2011,ST,7.6,1,ML,7.824432255282931,full_record_deterministic_prediction,one median measured concentration per PhysicalEventID x Analyte
PE_f5556b234e32459fa7a2,NO3,2011,ST,7.987,1,ML,8.683352547559334,full_record_deterministic_prediction,one median measured concentration per PhysicalEventID x Analyte
PE_0d403a1dbd25bf378957,NO3,2012,CT,6.65,1,ML,6.448025347961978,full_record_deterministic_prediction,one median measured concentration per PhysicalEventID x Analyte
PE_42eb29bd3d8b55596b0d,NO3,2012,CT,8.11,1,ML,9.09495362556972,full_record_deterministic_prediction,one median measured concentration per PhysicalEventID x Analyte
PE_6dd6e0481282dc87af9e,NO3,2012,CT,8.407,1,ML,8.303648517433176,full_record_deterministic_prediction,one median measured concentration per PhysicalEventID x Analyte
PE_8926ae228cc15db54f23,NO3,2012,CT,9.547,1,ML,8.88847102852445,full_record_deterministic_prediction,one median measured concentration per PhysicalEventID x Analyte
PE_93fc10203fe8e4c919ea,NO3,2012,CT,10.11,1,ML,9.876793735533358,full_record_deterministic_prediction,one median measured concentration per PhysicalEventID x Analyte
PE_964f9e60ef2ea5038dae,NO3,2012,CT,8.083,1,ML,9.10896239447879,full_record_deterministic_prediction,one median measured concentration per PhysicalEventID x Analyte
PE_980f4b8e6c4ad4f916f0,NO3,2012,CT,6.777,1,ML,6.720053046996355,full_record_deterministic_prediction,one median measured concentration per PhysicalEventID x Analyte
PE_9990eb3a8c35bbfe0d52,NO3,2012,CT,7.317,1,ML,7.456211975842896,full_record_deterministic_prediction,one median measured concentration per PhysicalEventID x Analyte
PE_c022cac1f55e539686af,NO3,2012,CT,9.19,1,ML,9.0291122580508,full_record_deterministic_prediction,one median measured concentration per PhysicalEventID x Analyte
PE_cbed8a7088e045d7b553,NO3,2012,CT,7.407,1,ML,7.628010853521866,full_record_deterministic_prediction,one median measured concentration per PhysicalEventID x Analyte
PE_df9469438e8cb790e7af,NO3,2012,CT,9.777,1,ML,9.38809057253028,full_record_deterministic_prediction,one median measured concentration per PhysicalEventID x Analyte
PE_e36c37e82bf0717de103,NO3,2012,CT,8.35,1,ML,8.125576564707853,full_record_deterministic_prediction,one median measured concentration per PhysicalEventID x Analyte
PE_01ea2f88880fff50efcb,NO3,2012,MT,10.143,1,ML,9.07098342750966,full_record_deterministic_prediction,one median measured concentration per PhysicalEventID x Analyte
PE_04c02bec0f0f9a370498,NO3,2012,MT,7.457,1,ML,8.513010915904431,full_record_deterministic_prediction,one median measured concentration per PhysicalEventID x Analyte
PE_084268df6eb9d4246043,NO3,2012,MT,6.877,1,ML,6.013555755785941,full_record_deterministic_prediction,one median measured concentration per PhysicalEventID x Analyte
PE_5d3101462bb3db890b29,NO3,2012,MT,7.517,1,ML,8.911197497186041,full_record_deterministic_prediction,one median measured concentration per PhysicalEventID x Analyte
PE_681443548ef078be38f1,NO3,2012,MT,6.78,1,ML,7.075466221534434,full_record_deterministic_prediction,one median measured concentration per PhysicalEventID x Analyte
PE_860b95b364b2c2e3a6b5,NO3,2012,MT,7.48,1,ML,8.075767976866791,full_record_deterministic_prediction,one median measured concentration per PhysicalEventID x Analyte
PE_8b5564238c223d972525,NO3,2012,MT,19.797,1,ML,13.903609318320768,full_record_deterministic_prediction,one median measured concentration per PhysicalEventID x Analyte
PE_8dd5bcb659f488a967c1,NO3,2012,MT,14.303,1,ML,13.442811230449983,full_record_deterministic_prediction,one median measured concentration per PhysicalEventID x Analyte
PE_bdf17111cc35249ef7aa,NO3,2012,MT,8.453,1,ML,9.57963049272782,full_record_deterministic_prediction,one median measured concentration per PhysicalEventID x Analyte
PE_f18d62b04bf4f3a25d7e,NO3,2012,MT,7.557,1,ML,8.55470009291812,full_record_deterministic_prediction,one median measured concentration per PhysicalEventID x Analyte
PE_164e2c6f0b39eec70d00,NO3,2012,ST,8.2,1,ML,8.114417677922681,full_record_deterministic_prediction,one median measured concentration per PhysicalEventID x Analyte
PE_248d74790d081f1ad247,NO3,2012,ST,12.993,1,ML,11.187365400555857,full_record_deterministic_prediction,one median measured concentration per PhysicalEventID x Analyte
PE_3b419c0bdb22b2b7c315,NO3,2012,ST,7.85,1,ML,8.327179412480364,full_record_deterministic_prediction,one median measured concentration per PhysicalEventID x Analyte
PE_649006527ce5d1d1ff1f,NO3,2012,ST,15.233,1,ML,11.871024314097644,full_record_deterministic_prediction,one median measured concentration per PhysicalEventID x Analyte
PE_6c101e1953c53808bd4e,NO3,2012,ST,7.567,1,ML,8.289937807924861,full_record_deterministic_prediction,one median measured concentration per PhysicalEventID x Analyte
PE_a828a4cd4628108e4701,NO3,2012,ST,7.73,1,ML,8.532150115198984,full_record_deterministic_prediction,one median measured concentration per PhysicalEventID x Analyte
PE_bf44e09ffc415b58c4a0,NO3,2012,ST,7.037,1,ML,6.789100804145626,full_record_deterministic_prediction,one median measured concentration per PhysicalEventID x Analyte
PE_cc5627c91253785c0d98,NO3,2012,ST,6.983,1,ML,6.47735370154752,full_record_deterministic_prediction,one median measured concentration per PhysicalEventID x Analyte
PE_e54a1b2fb0b2d2f3c583,NO3,2012,ST,7.57,1,ML,8.243329809133517,full_record_deterministic_prediction,one median measured concentration per PhysicalEventID x Analyte
PE_0609bb3a38fc48d18c44,NO3,2013,CT,8.273,1,ML,6.643542995067555,full_record_deterministic_prediction,one median measured concentration per PhysicalEventID x Analyte
PE_06846811b2896d804676,NO3,2013,CT,8.005,1,ML,7.2832404353966655,full_record_deterministic_prediction,one median measured concentration per PhysicalEventID x Analyte
PE_2e9d58711c9824497c11,NO3,2013,CT,8.838,1,ML,7.821167318955153,full_record_deterministic_prediction,one median measured concentration per PhysicalEventID x Analyte
PE_7dbc678d30fda2bb0d2c,NO3,2013,CT,9.308,1,ML,7.603125982289923,full_record_deterministic_prediction,one median measured concentration per PhysicalEventID x Analyte
PE_a814ea72d8a79e5ce612,NO3,2013,CT,7.947,1,ML,8.763499836445611,full_record_deterministic_prediction,one median measured concentration per PhysicalEventID x Analyte
PE_dc649077fd49ff457e31,NO3,2013,CT,8.018,1,ML,7.347569263619583,full_record_deterministic_prediction,one median measured concentration per PhysicalEventID x Analyte
PE_113a8b8781b7a42b7a0c,NO3,2013,MT,8.26,1,ML,8.834246794527797,full_record_deterministic_prediction,one median measured concentration per PhysicalEventID x Analyte
PE_12cbc4a228ce581574f5,NO3,2013,MT,8.995,1,ML,8.050168860382799,full_record_deterministic_prediction,one median measured concentration per PhysicalEventID x Analyte
PE_1bd1f8a68c1dc49b3965,NO3,2013,MT,8.675,1,ML,8.635581149474415,full_record_deterministic_prediction,one median measured concentration per PhysicalEventID x Analyte
PE_262bcdadb146dac989ae,NO3,2013,MT,8.825,1,ML,8.58677299061322,full_record_deterministic_prediction,one median measured concentration per PhysicalEventID x Analyte
PE_99b3a7e1248efb280745,NO3,2013,MT,9.238,1,ML,7.890386648853852,full_record_deterministic_prediction,one median measured concentration per PhysicalEventID x Analyte
PE_e9b4025c029d683e1a32,NO3,2013,MT,9.436,1,ML,8.523580513151716,full_record_deterministic_prediction,one median measured concentration per PhysicalEventID x Analyte
PE_06463f55c291ea1d15a9,NO3,2013,ST,8.128,1,ML,8.123689731286944,full_record_deterministic_prediction,one median measured concentration per PhysicalEventID x Analyte
PE_2b1a26b26247f7aaf591,NO3,2013,ST,9.627,1,ML,8.410252067352994,full_record_deterministic_prediction,one median measured concentration per PhysicalEventID x Analyte
PE_3a1f801f634bfe189584,NO3,2013,ST,8.512,1,ML,7.797963695673388,full_record_deterministic_prediction,one median measured concentration per PhysicalEventID x Analyte
PE_4ba63451b7dc89c0a556,NO3,2013,ST,9.023,1,ML,8.080259869303935,full_record_deterministic_prediction,one median measured concentration per PhysicalEventID x Analyte
PE_b7ff1c1774876e409c04,NO3,2013,ST,9.693,1,ML,7.437998294832589,full_record_deterministic_prediction,one median measured concentration per PhysicalEventID x Analyte
PE_f7fa36feaba1a3684ccf,NO3,2013,ST,8.31,1,ML,7.926684358668872,full_record_deterministic_prediction,one median measured concentration per PhysicalEventID x Analyte
PE_0c873ebca68f220b5575,NO3,2014,CT,9.002500000000001,4,ML,7.309661901114014,full_record_deterministic_prediction,one median measured concentration per PhysicalEventID x Analyte
PE_0f2c1b5db3c1949d1f74,NO3,2014,CT,8.075,4,ML,7.1897833135211,full_record_deterministic_prediction,one median measured concentration per PhysicalEventID x Analyte
PE_0f6804c5fdc4da7fb4f7,NO3,2014,CT,9.7025,4,ML,10.111863529165474,full_record_deterministic_prediction,one median measured concentration per PhysicalEventID x Analyte
PE_4c80e607422dec97f0c9,NO3,2014,CT,8.635000000000002,2,ML,6.49375775235689,full_record_deterministic_prediction,one median measured concentration per PhysicalEventID x Analyte
PE_e1f06f083d001c899062,NO3,2014,CT,8.2725,4,ML,8.223473485893404,full_record_deterministic_prediction,one median measured concentration per PhysicalEventID x Analyte
PE_e4c541913dac4c0bca3d,NO3,2014,CT,8.64,1,ML,7.094364214092709,full_record_deterministic_prediction,one median measured concentration per PhysicalEventID x Analyte
PE_28a3ad7db7957a75e475,NO3,2014,MT,9.65,1,ML,8.98423398381097,full_record_deterministic_prediction,one median measured concentration per PhysicalEventID x Analyte
PE_909a6e90f2a2fb0ccb86,NO3,2014,MT,8.31,1,ML,7.994163598465317,full_record_deterministic_prediction,one median measured concentration per PhysicalEventID x Analyte
PE_5d5cb3edcd99b5be75e6,NO3,2014,ST,8.68,1,ML,6.326892401234868,full_record_deterministic_prediction,one median measured concentration per PhysicalEventID x Analyte
PE_99c4e1053e4376d0bed3,NO3,2014,ST,7.7295,4,ML,7.235807702416945,full_record_deterministic_prediction,one median measured concentration per PhysicalEventID x Analyte
PE_be3da0eafc673da18d92,NO3,2014,ST,8.68,1,ML,6.5051714514741015,full_record_deterministic_prediction,one median measured concentration per PhysicalEventID x Analyte
PE_d1afac04920a2ee5af17,NO3,2014,ST,7.999,4,ML,8.901428533121788,full_record_deterministic_prediction,one median measured concentration per PhysicalEventID x Analyte
PE_e5b7650f3b7e52f1a1bf,NO3,2014,ST,9.777999999999999,4,ML,10.40877224597794,full_record_deterministic_prediction,one median measured concentration per PhysicalEventID x Analyte
PE_e6f216bc2af9baf87adb,NO3,2014,ST,8.7,4,ML,9.886568175519006,full_record_deterministic_prediction,one median measured concentration per PhysicalEventID x Analyte
PE_003510690d55f2e080ab,NO3,2015,CT,8.185,2,ML,7.849905491896768,full_record_deterministic_prediction,one median measured concentration per PhysicalEventID x Analyte
PE_01dfb8394999c3a08b1b,NO3,2015,CT,7.83,2,ML,7.638121768501396,full_record_deterministic_prediction,one median measured concentration per PhysicalEventID x Analyte
PE_1994b95c4c5d89d54441,NO3,2015,CT,7.936999999999999,2,ML,8.004140972702594,full_record_deterministic_prediction,one median measured concentration per PhysicalEventID x Analyte
PE_1ad2a48558b8c9cdf0bb,NO3,2015,CT,7.846,2,ML,7.931067419686161,full_record_deterministic_prediction,one median measured concentration per PhysicalEventID x Analyte
PE_38f43e287ee7d1f916e4,NO3,2015,CT,8.165,2,ML,7.337683994917373,full_record_deterministic_prediction,one median measured concentration per PhysicalEventID x Analyte
PE_63a5c105af28ea9f75a7,NO3,2015,CT,8.4065,2,ML,7.858080575585475,full_record_deterministic_prediction,one median measured concentration per PhysicalEventID x Analyte
PE_b307adedb4f140b2f276,NO3,2015,CT,8.16,2,ML,7.83356205231633,full_record_deterministic_prediction,one median measured concentration per PhysicalEventID x Analyte
PE_eba40b08b5ce69421768,NO3,2015,CT,7.513999999999999,2,ML,7.62020168148364,full_record_deterministic_prediction,one median measured concentration per PhysicalEventID x Analyte
PE_ece5ee3d9a47f8a4b70b,NO3,2015,CT,8.21,2,ML,8.172846743278754,full_record_deterministic_prediction,one median measured concentration per PhysicalEventID x Analyte
PE_effd37ee189df750ad5a,NO3,2015,CT,8.4,2,ML,7.715511574851372,full_record_deterministic_prediction,one median measured concentration per PhysicalEventID x Analyte
PE_078b8edebaf25b47ca9c,NO3,2015,MT,7.909,2,ML,7.560946125337064,full_record_deterministic_prediction,one median measured concentration per PhysicalEventID x Analyte
PE_0e378dd2a91d7df1a7a9,NO3,2015,MT,8.579,2,ML,7.86460181757718,full_record_deterministic_prediction,one median measured concentration per PhysicalEventID x Analyte
PE_4ebf629c5dd531a50c12,NO3,2015,MT,8.094999999999999,2,ML,8.289765839922971,full_record_deterministic_prediction,one median measured concentration per PhysicalEventID x Analyte
PE_61227cf97dd057e6375a,NO3,2015,MT,7.5225,2,ML,7.897538393843082,full_record_deterministic_prediction,one median measured concentration per PhysicalEventID x Analyte
PE_9f67556e2848ccb24a85,NO3,2015,MT,8.22,2,ML,7.475349179523124,full_record_deterministic_prediction,one median measured concentration per PhysicalEventID x Analyte
PE_a98d09332522adfe618b,NO3,2015,MT,8.196,2,ML,7.80550052317174,full_record_deterministic_prediction,one median measured concentration per PhysicalEventID x Analyte
PE_bd8c84ec329021438849,NO3,2015,MT,8.3565,2,ML,8.422219559166408,full_record_deterministic_prediction,one median measured concentration per PhysicalEventID x Analyte
PE_bf6fc540566653c363a5,NO3,2015,MT,8.327,2,ML,8.553293292284481,full_record_deterministic_prediction,one median measured concentration per PhysicalEventID x Analyte
PE_f28eca55841e3590b19f,NO3,2015,MT,8.107,2,ML,7.461771955401083,full_record_deterministic_prediction,one median measured concentration per PhysicalEventID x Analyte
PE_fc35961bbf4775b1838e,NO3,2015,MT,8.5275,2,ML,8.351441631096346,full_record_deterministic_prediction,one median measured concentration per PhysicalEventID x Analyte
PE_27068e46a99396e37068,NO3,2015,ST,7.981,2,ML,7.692925514975768,full_record_deterministic_prediction,one median measured concentration per PhysicalEventID x Analyte
PE_2bc636c51bdfedd7a673,NO3,2015,ST,7.92,2,ML,7.97906500514735,full_record_deterministic_prediction,one median measured concentration per PhysicalEventID x Analyte
PE_64548a06be4bb873cda0,NO3,2015,ST,8.719999999999999,2,ML,8.196996404160242,full_record_deterministic_prediction,one median measured concentration per PhysicalEventID x Analyte
PE_72bbe667892a258fbed0,NO3,2015,ST,8.133,2,ML,7.665573760307439,full_record_deterministic_prediction,one median measured concentration per PhysicalEventID x Analyte
PE_8b715eebc00f1d87b8e3,NO3,2015,ST,7.984999999999999,2,ML,8.047786973333253,full_record_deterministic_prediction,one median measured concentration per PhysicalEventID x Analyte
PE_982e6a4e7c9174d09a3c,NO3,2015,ST,9.53,1,ML,9.042267823918202,full_record_deterministic_prediction,one median measured concentration per PhysicalEventID x Analyte
PE_ab750944465b3b03a5ec,NO3,2015,ST,8.235,2,ML,7.958378377388714,full_record_deterministic_prediction,one median measured concentration per PhysicalEventID x Analyte
PE_c173a335fbc6a1794117,NO3,2015,ST,7.24,2,ML,7.861558430614922,full_record_deterministic_prediction,one median measured concentration per PhysicalEventID x Analyte
PE_ef16b92ac44718ed6fbe,NO3,2015,ST,8.6625,2,ML,8.764885345554177,full_record_deterministic_prediction,one median measured concentration per PhysicalEventID x Analyte
PE_f98814c17b9da4b10046,NO3,2015,ST,8.3185,2,ML,8.03380720701726,full_record_deterministic_prediction,one median measured concentration per PhysicalEventID x Analyte
PE_571c968894d925b12ac7,NO3,2016,CT,4.936,2,ML,4.954873996231284,full_record_deterministic_prediction,one median measured concentration per PhysicalEventID x Analyte
PE_796a63125680b03b1a47,NO3,2016,CT,4.7575,2,ML,4.535824119792153,full_record_deterministic_prediction,one median measured concentration per PhysicalEventID x Analyte
PE_962807ecf486db3c765b,NO3,2016,CT,4.746,2,ML,4.389728868893077,full_record_deterministic_prediction,one median measured concentration per PhysicalEventID x Analyte
PE_cf4508303fbec7c40fe5,NO3,2016,CT,5.2515,2,ML,4.744321470273933,full_record_deterministic_prediction,one median measured concentration per PhysicalEventID x Analyte
PE_06726b0bbd436c0f2638,NO3,2016,MT,5.1145,2,ML,5.168617847855857,full_record_deterministic_prediction,one median measured concentration per PhysicalEventID x Analyte
PE_1d9fa89274a5507fb9c3,NO3,2016,MT,4.733499999999999,2,ML,5.0919241681787,full_record_deterministic_prediction,one median measured concentration per PhysicalEventID x Analyte
PE_2836684cbc95d298d128,NO3,2016,MT,5.089,2,ML,5.174459113267508,full_record_deterministic_prediction,one median measured concentration per PhysicalEventID x Analyte
PE_e91aef82d1d0158c64de,NO3,2016,MT,4.728999999999999,2,ML,4.852336691065252,full_record_deterministic_prediction,one median measured concentration per PhysicalEventID x Analyte
PE_245bc6dafec7fe277df3,NO3,2016,ST,4.7915,2,ML,4.80757417833841,full_record_deterministic_prediction,one median measured concentration per PhysicalEventID x Analyte
PE_518a902e850a37a6e1f7,NO3,2016,ST,5.1235,2,ML,4.845162911041303,full_record_deterministic_prediction,one median measured concentration per PhysicalEventID x Analyte
PE_7b17489d08fa900cd025,NO3,2016,ST,4.8065,2,ML,4.841571701755221,full_record_deterministic_prediction,one median measured concentration per PhysicalEventID x Analyte
PE_ed07163240c41f058ff7,NO3,2016,ST,5.18,2,ML,4.855102075472894,full_record_deterministic_prediction,one median measured concentration per PhysicalEventID x Analyte
PE_0db94b33091790ae448c,NO3,2017,CT,9.4,3,ML,8.71086372008438,full_record_deterministic_prediction,one median measured concentration per PhysicalEventID x Analyte
PE_1286406ef8d51ffa7b89,NO3,2017,CT,7.3,1,ML,9.353856752942576,full_record_deterministic_prediction,one median measured concentration per PhysicalEventID x Analyte
PE_20fd7645e8886a1975a0,NO3,2017,CT,8.8,1,ML,9.780605412934452,full_record_deterministic_prediction,one median measured concentration per PhysicalEventID x Analyte
PE_31bb29072ce592a58136,NO3,2017,CT,9.3,1,ML,10.532010603845762,full_record_deterministic_prediction,one median measured concentration per PhysicalEventID x Analyte
PE_4a45291481f1020c04f7,NO3,2017,CT,7.6,2,ML,7.670752321198728,full_record_deterministic_prediction,one median measured concentration per PhysicalEventID x Analyte
PE_a249f721c9cded6ed477,NO3,2017,CT,9.45,2,ML,9.096949694583977,full_record_deterministic_prediction,one median measured concentration per PhysicalEventID x Analyte
PE_a86f0dd73b63a18791b9,NO3,2017,CT,8.4,3,ML,7.923018452725802,full_record_deterministic_prediction,one median measured concentration per PhysicalEventID x Analyte
PE_c0e9a65e116d987d3dfe,NO3,2017,CT,9.8,2,ML,8.851209439011303,full_record_deterministic_prediction,one median measured concentration per PhysicalEventID x Analyte
PE_c67a9e43f22b05bb8d70,NO3,2017,CT,8.600000000000001,2,ML,9.130774964660691,full_record_deterministic_prediction,one median measured concentration per PhysicalEventID x Analyte
PE_c6a22d9daf9658c76f8d,NO3,2017,CT,8.850000000000001,2,ML,8.719585421300161,full_record_deterministic_prediction,one median measured concentration per PhysicalEventID x Analyte
PE_c7e10f3a52f813c6a07a,NO3,2017,CT,9.399999999999999,2,ML,9.55039446501922,full_record_deterministic_prediction,one median measured concentration per PhysicalEventID x Analyte
PE_f0acae9004db30c9f89b,NO3,2017,CT,8.8,1,ML,10.090874262671242,full_record_deterministic_prediction,one median measured concentration per PhysicalEventID x Analyte
PE_01ef9362ba3276afc3a9,NO3,2017,MT,9.75,2,ML,8.77692391130202,full_record_deterministic_prediction,one median measured concentration per PhysicalEventID x Analyte
PE_0d069e1b4f6cd76df6ac,NO3,2017,MT,7.2,1,ML,8.971979210339635,full_record_deterministic_prediction,one median measured concentration per PhysicalEventID x Analyte
PE_283a79a4d7e1d99ea45c,NO3,2017,MT,7.8,1,ML,10.00770800929997,full_record_deterministic_prediction,one median measured concentration per PhysicalEventID x Analyte
PE_3712d644db8e7505fd90,NO3,2017,MT,8.95,2,ML,8.030386346265182,full_record_deterministic_prediction,one median measured concentration per PhysicalEventID x Analyte
PE_44c3319c1ae4491d3b22,NO3,2017,MT,8.7,1,ML,10.084107886607915,full_record_deterministic_prediction,one median measured concentration per PhysicalEventID x Analyte
PE_5f5cdcb0357234b8314a,NO3,2017,MT,9.45,2,ML,9.234281273971243,full_record_deterministic_prediction,one median measured concentration per PhysicalEventID x Analyte
PE_72973ed7fd2fafa39b49,NO3,2017,MT,9.9,1,ML,9.736090370534772,full_record_deterministic_prediction,one median measured concentration per PhysicalEventID x Analyte
PE_7563047765a1e3f047e6,NO3,2017,MT,9.7,1,ML,12.491391050986689,full_record_deterministic_prediction,one median measured concentration per PhysicalEventID x Analyte
PE_ae6e7b1bd3de16ea6d0f,NO3,2017,MT,9.3,1,ML,9.603308592615711,full_record_deterministic_prediction,one median measured concentration per PhysicalEventID x Analyte
PE_c9e73ef1dabab1e96c37,NO3,2017,MT,9.3,1,ML,11.947367448270407,full_record_deterministic_prediction,one median measured concentration per PhysicalEventID x Analyte
PE_df9fe3439780c58ef619,NO3,2017,MT,9.350000000000001,2,ML,9.327322292370647,full_record_deterministic_prediction,one median measured concentration per PhysicalEventID x Analyte
PE_fa68bde0c7a186695c73,NO3,2017,MT,7.8,1,ML,9.762771977103194,full_record_deterministic_prediction,one median measured concentration per PhysicalEventID x Analyte
PE_20cdd4f089d2cb0bb73d,NO3,2017,ST,9.5,2,ML,9.846928529333072,full_record_deterministic_prediction,one median measured concentration per PhysicalEventID x Analyte
PE_4998c6ec98ba5c91a95d,NO3,2017,ST,8.8,3,ML,6.978485351095847,full_record_deterministic_prediction,one median measured concentration per PhysicalEventID x Analyte
PE_4d317db65fbb1df71b52,NO3,2017,ST,9.3,3,ML,9.093272086815835,full_record_deterministic_prediction,one median measured concentration per PhysicalEventID x Analyte
PE_531c541dd4a3fff82f15,NO3,2017,ST,8.0,1,ML,10.074675675794534,full_record_deterministic_prediction,one median measured concentration per PhysicalEventID x Analyte
PE_568f0b5ec6deda07b9f9,NO3,2017,ST,7.9,1,ML,11.246354907679482,full_record_deterministic_prediction,one median measured concentration per PhysicalEventID x Analyte
PE_6ca81f85570cae0e0d9c,NO3,2017,ST,9.4,1,ML,10.718274333538137,full_record_deterministic_prediction,one median measured concentration per PhysicalEventID x Analyte
PE_8b4c5aba46522be8a6ae,NO3,2017,ST,9.3,1,ML,10.367423772853176,full_record_deterministic_prediction,one median measured concentration per PhysicalEventID x Analyte
PE_9be29822841d41a56b41,NO3,2017,ST,8.95,2,ML,7.988664139486657,full_record_deterministic_prediction,one median measured concentration per PhysicalEventID x Analyte
PE_dd2eb9cbf33aadc76796,NO3,2017,ST,8.649999999999999,2,ML,8.179121357914054,full_record_deterministic_prediction,one median measured concentration per PhysicalEventID x Analyte
PE_e8e143ce24098f6b3f6d,NO3,2017,ST,9.2,2,ML,9.317107513872331,full_record_deterministic_prediction,one median measured concentration per PhysicalEventID x Analyte
PE_fae3faa31fd03c716eb2,NO3,2017,ST,7.8,2,ML,7.515676369660237,full_record_deterministic_prediction,one median measured concentration per PhysicalEventID x Analyte
PE_166bc984fea383507df7,NO3,2020,CT,8.0,2,ML,7.088644630397663,full_record_deterministic_prediction,one median measured concentration per PhysicalEventID x Analyte
PE_568a40e75356dbe2944f,NO3,2020,CT,7.9,2,ML,7.689193108452169,full_record_deterministic_prediction,one median measured concentration per PhysicalEventID x Analyte
PE_5cea09f5406d83c18d64,NO3,2020,CT,7.7,1,ML,6.148333606634809,full_record_deterministic_prediction,one median measured concentration per PhysicalEventID x Analyte
PE_5fe6f2ac660a17d837bd,NO3,2020,CT,8.1,1,ML,7.902978926173269,full_record_deterministic_prediction,one median measured concentration per PhysicalEventID x Analyte
PE_81e03fd81db11fe99704,NO3,2020,CT,7.9,2,ML,6.361483754297515,full_record_deterministic_prediction,one median measured concentration per PhysicalEventID x Analyte
PE_956f49ab7f5a452d4e47,NO3,2020,CT,8.1,2,ML,8.491323588413902,full_record_deterministic_prediction,one median measured concentration per PhysicalEventID x Analyte
PE_a2e77087ab55e269e32c,NO3,2020,CT,8.0,1,ML,6.678502461920254,full_record_deterministic_prediction,one median measured concentration per PhysicalEventID x Analyte
PE_d03c293a07504dee9823,NO3,2020,CT,8.0,2,ML,7.543207259226961,full_record_deterministic_prediction,one median measured concentration per PhysicalEventID x Analyte
PE_f112cb116ff39b0745d1,NO3,2020,CT,7.7,1,ML,7.7370913187135155,full_record_deterministic_prediction,one median measured concentration per PhysicalEventID x Analyte
PE_1c61ae236bb189923470,NO3,2020,MT,7.9,2,ML,8.290144370825793,full_record_deterministic_prediction,one median measured concentration per PhysicalEventID x Analyte
PE_3f0bbb475c6994c60cf6,NO3,2020,MT,8.0,1,ML,6.699582211355587,full_record_deterministic_prediction,one median measured concentration per PhysicalEventID x Analyte
PE_48332f955c6c36e57528,NO3,2020,MT,8.3,2,ML,8.715777054085546,full_record_deterministic_prediction,one median measured concentration per PhysicalEventID x Analyte
PE_61b68e752c1619aa8c43,NO3,2020,MT,9.2,1,ML,9.169467366290055,full_record_deterministic_prediction,one median measured concentration per PhysicalEventID x Analyte
PE_8ed15b2f1e5372b81dc7,NO3,2020,MT,8.0,1,ML,8.3983634011337,full_record_deterministic_prediction,one median measured concentration per PhysicalEventID x Analyte
PE_a32b9b1cc443544ce423,NO3,2020,MT,8.0,2,ML,8.059961488407243,full_record_deterministic_prediction,one median measured concentration per PhysicalEventID x Analyte
PE_addb6558497635dd3d9a,NO3,2020,MT,7.9,2,ML,7.880240939648402,full_record_deterministic_prediction,one median measured concentration per PhysicalEventID x Analyte
PE_f20fe17d9d856cebbcf8,NO3,2020,MT,8.1,2,ML,7.916776468755303,full_record_deterministic_prediction,one median measured concentration per PhysicalEventID x Analyte
PE_f8ef94027a8e2bfa6b9c,NO3,2020,MT,9.2,1,ML,8.023380427144154,full_record_deterministic_prediction,one median measured concentration per PhysicalEventID x Analyte
PE_0b902961f965469f339e,NO3,2020,ST,7.9,2,ML,7.225523761378522,full_record_deterministic_prediction,one median measured concentration per PhysicalEventID x Analyte
PE_3f6400cdcf4fab1e9fc1,NO3,2020,ST,9.0,1,ML,8.628082860093231,full_record_deterministic_prediction,one median measured concentration per PhysicalEventID x Analyte
PE_46cc9f71204f4afd638d,NO3,2020,ST,8.1,1,ML,9.171385986025475,full_record_deterministic_prediction,one median measured concentration per PhysicalEventID x Analyte
PE_49fb6cd53fdd5e458f64,NO3,2020,ST,8.3,2,ML,7.923289591870579,full_record_deterministic_prediction,one median measured concentration per PhysicalEventID x Analyte
PE_5ff3d0ad9d787e19a7ca,NO3,2020,ST,8.05,2,ML,7.752536347095142,full_record_deterministic_prediction,one median measured concentration per PhysicalEventID x Analyte
PE_875be1f39b86704274b0,NO3,2020,ST,7.8,1,ML,8.530950870712443,full_record_deterministic_prediction,one median measured concentration per PhysicalEventID x Analyte
PE_e92a1d87a3645647bd4e,NO3,2020,ST,8.1,2,ML,7.331397740439045,full_record_deterministic_prediction,one median measured concentration per PhysicalEventID x Analyte
PE_ee23dd5347fd2acef254,NO3,2020,ST,7.8,1,ML,6.562963721951723,full_record_deterministic_prediction,one median measured concentration per PhysicalEventID x Analyte
PE_fc822425df54345742cb,NO3,2020,ST,8.0,2,ML,7.990209022473575,full_record_deterministic_prediction,one median measured concentration per PhysicalEventID x Analyte
PE_051cd85fc942217be314,NO3,2021,CT,8.149999999999999,2,ML,8.430818955252084,full_record_deterministic_prediction,one median measured concentration per PhysicalEventID x Analyte
PE_0ac2121b8fe18c0053e2,NO3,2021,CT,8.4,3,ML,7.88414966649904,full_record_deterministic_prediction,one median measured concentration per PhysicalEventID x Analyte
PE_21dfe39111b133765d37,NO3,2021,CT,8.5,2,ML,8.305425954652762,full_record_deterministic_prediction,one median measured concentration per PhysicalEventID x Analyte
PE_21eb97240c4e244d59c9,NO3,2021,CT,8.2,2,ML,7.620223583081049,full_record_deterministic_prediction,one median measured concentration per PhysicalEventID x Analyte
PE_2e40b6e91cc7d5ecd6c3,NO3,2021,CT,8.45,2,ML,8.56440099150481,full_record_deterministic_prediction,one median measured concentration per PhysicalEventID x Analyte
PE_33074ef569f8079ca2c5,NO3,2021,CT,7.75,2,ML,8.784825246513904,full_record_deterministic_prediction,one median measured concentration per PhysicalEventID x Analyte
PE_3e80216d31c31cb94be7,NO3,2021,CT,4.47,4,ML,3.101538771778856,full_record_deterministic_prediction,one median measured concentration per PhysicalEventID x Analyte
PE_43f0020c0e87bb28cb4f,NO3,2021,CT,8.149999999999999,2,ML,8.846468210709538,full_record_deterministic_prediction,one median measured concentration per PhysicalEventID x Analyte
PE_7bb31d342461203b532f,NO3,2021,CT,8.25,4,ML,8.071222405437982,full_record_deterministic_prediction,one median measured concentration per PhysicalEventID x Analyte
PE_a1506e8e5a02282cf157,NO3,2021,CT,8.0,2,ML,7.916541740770496,full_record_deterministic_prediction,one median measured concentration per PhysicalEventID x Analyte
PE_a9b65e771f7f28532999,NO3,2021,CT,8.5,4,ML,8.169271499681905,full_record_deterministic_prediction,one median measured concentration per PhysicalEventID x Analyte
PE_e9ed7c0da6f350ec0ebd,NO3,2021,CT,8.6,2,ML,7.661253411307257,full_record_deterministic_prediction,one median measured concentration per PhysicalEventID x Analyte
PE_10a82e2f3d5ad96163d0,NO3,2021,MT,9.100000000000001,2,ML,9.267267397393054,full_record_deterministic_prediction,one median measured concentration per PhysicalEventID x Analyte
PE_29232e3b1d0dd0846861,NO3,2021,MT,8.4,4,ML,5.70369405724057,full_record_deterministic_prediction,one median measured concentration per PhysicalEventID x Analyte
PE_3b0275b6f31aa3c48b11,NO3,2021,MT,8.5,2,ML,7.980479533718231,full_record_deterministic_prediction,one median measured concentration per PhysicalEventID x Analyte
PE_51b615c0027e4e29028e,NO3,2021,MT,8.05,2,ML,8.932128555903272,full_record_deterministic_prediction,one median measured concentration per PhysicalEventID x Analyte
PE_55b3839d44d67304ba2d,NO3,2021,MT,8.2,2,ML,8.127986280630896,full_record_deterministic_prediction,one median measured concentration per PhysicalEventID x Analyte
PE_936c12cc5ae17810e93e,NO3,2021,MT,8.3,2,ML,7.748862013387754,full_record_deterministic_prediction,one median measured concentration per PhysicalEventID x Analyte
PE_97c5dc883be532c37d60,NO3,2021,MT,8.2,2,ML,9.775055827705147,full_record_deterministic_prediction,one median measured concentration per PhysicalEventID x Analyte
PE_c7ea31b20b60ad1966be,NO3,2021,MT,8.6,2,ML,8.96984444271266,full_record_deterministic_prediction,one median measured concentration per PhysicalEventID x Analyte
PE_e31452c7a0ebfbfaf3f2,NO3,2021,MT,8.2,4,ML,8.587483235696613,full_record_deterministic_prediction,one median measured concentration per PhysicalEventID x Analyte
PE_ebd22f3a15b20eea0e80,NO3,2021,MT,8.2,4,ML,8.390473805752379,full_record_deterministic_prediction,one median measured concentration per PhysicalEventID x Analyte
PE_f0e98ee733e1acf48f4e,NO3,2021,MT,8.6,3,ML,8.969945886660703,full_record_deterministic_prediction,one median measured concentration per PhysicalEventID x Analyte
PE_f544dd1f1224ddc9abde,NO3,2021,MT,8.0,1,ML,8.948677946670198,full_record_deterministic_prediction,one median measured concentration per PhysicalEventID x Analyte
PE_16ac905814be2f1ac791,NO3,2021,ST,8.2,2,ML,9.520999121853706,full_record_deterministic_prediction,one median measured concentration per PhysicalEventID x Analyte
PE_1a4143d14585d70064a4,NO3,2021,ST,9.2,2,ML,8.019893447354104,full_record_deterministic_prediction,one median measured concentration per PhysicalEventID x Analyte
PE_3d9e743a00f5613f6722,NO3,2021,ST,7.55,2,ML,8.744789859699967,full_record_deterministic_prediction,one median measured concentration per PhysicalEventID x Analyte
PE_47319afabf95ce33e7fd,NO3,2021,ST,8.4,2,ML,7.888446661547491,full_record_deterministic_prediction,one median measured concentration per PhysicalEventID x Analyte
PE_6af7db12fea1a0f5f5e0,NO3,2021,ST,8.2,2,ML,8.89839877854829,full_record_deterministic_prediction,one median measured concentration per PhysicalEventID x Analyte
PE_6ee044c77bdf30366b5d,NO3,2021,ST,8.0,2,ML,9.547799249257768,full_record_deterministic_prediction,one median measured concentration per PhysicalEventID x Analyte
PE_78a548d4e3eef2a21ea3,NO3,2021,ST,8.1,4,ML,8.463121485504551,full_record_deterministic_prediction,one median measured concentration per PhysicalEventID x Analyte
PE_835c9b48606f6cdfa777,NO3,2021,ST,8.5,2,ML,8.620309875883038,full_record_deterministic_prediction,one median measured concentration per PhysicalEventID x Analyte
PE_af610e0f46836e0b77e1,NO3,2021,ST,8.55,2,ML,8.648488383471783,full_record_deterministic_prediction,one median measured concentration per PhysicalEventID x Analyte
PE_b08201b583b69f927729,NO3,2021,ST,8.2,2,ML,5.525908162095224,full_record_deterministic_prediction,one median measured concentration per PhysicalEventID x Analyte
PE_c917d3aa7638a95ddccd,NO3,2021,ST,8.149999999999999,4,ML,8.360067151071897,full_record_deterministic_prediction,one median measured concentration per PhysicalEventID x Analyte
PE_e416400520de7f5adc17,NO3,2021,ST,8.4,3,ML,8.77840894633141,full_record_deterministic_prediction,one median measured concentration per PhysicalEventID x Analyte
PE_074f45d65401c8fdb3f5,NO3,2022,CT,6.3,3,ML,5.861095282546627,full_record_deterministic_prediction,one median measured concentration per PhysicalEventID x Analyte
PE_26a08057b7264787ef06,NO3,2022,CT,8.02,1,ML,6.797480394215806,full_record_deterministic_prediction,one median measured concentration per PhysicalEventID x Analyte
PE_32d4186ac5b7c925427a,NO3,2022,CT,7.85,2,ML,6.952618748867645,full_record_deterministic_prediction,one median measured concentration per PhysicalEventID x Analyte
PE_3433a0bfc8c7216f3995,NO3,2022,CT,7.1,1,ML,6.530203440249704,full_record_deterministic_prediction,one median measured concentration per PhysicalEventID x Analyte
PE_3f1a3adf6196ed54473e,NO3,2022,CT,6.7,1,ML,6.609688879648178,full_record_deterministic_prediction,one median measured concentration per PhysicalEventID x Analyte
PE_438127a754ce2a504c09,NO3,2022,CT,6.5,2,ML,6.690078860146256,full_record_deterministic_prediction,one median measured concentration per PhysicalEventID x Analyte
PE_5ae2ded12c8023b32c0a,NO3,2022,CT,7.0,3,ML,6.738175424254545,full_record_deterministic_prediction,one median measured concentration per PhysicalEventID x Analyte
PE_b8cc705881475991ea0f,NO3,2022,CT,6.45,2,ML,7.113732700792445,full_record_deterministic_prediction,one median measured concentration per PhysicalEventID x Analyte
PE_c409fdcd758dbf3b86bb,NO3,2022,CT,6.4,1,ML,6.525829451667398,full_record_deterministic_prediction,one median measured concentration per PhysicalEventID x Analyte
PE_db44df4caa1727e348be,NO3,2022,CT,5.8,3,ML,5.634264737575596,full_record_deterministic_prediction,one median measured concentration per PhysicalEventID x Analyte
PE_df160c088a0a2ccf4d3e,NO3,2022,CT,7.3,1,ML,6.823643737344078,full_record_deterministic_prediction,one median measured concentration per PhysicalEventID x Analyte
PE_eb7e4b7d6a65d5aa6a4b,NO3,2022,CT,6.1,3,ML,5.762816788217901,full_record_deterministic_prediction,one median measured concentration per PhysicalEventID x Analyte
PE_14298b67e71efd6380df,NO3,2022,MT,7.1,3,ML,7.507903850604938,full_record_deterministic_prediction,one median measured concentration per PhysicalEventID x Analyte
PE_260d9de653b38957c0fe,NO3,2022,MT,7.55,2,ML,7.499064389375533,full_record_deterministic_prediction,one median measured concentration per PhysicalEventID x Analyte
PE_344e7a9bb935a4829210,NO3,2022,MT,6.699999999999999,2,ML,7.000120958453699,full_record_deterministic_prediction,one median measured concentration per PhysicalEventID x Analyte
PE_3fc5dfce0fb4c6220e16,NO3,2022,MT,6.4,3,ML,6.323023502575291,full_record_deterministic_prediction,one median measured concentration per PhysicalEventID x Analyte
PE_5556897f607258fe9362,NO3,2022,MT,5.9,3,ML,6.11158407233206,full_record_deterministic_prediction,one median measured concentration per PhysicalEventID x Analyte
PE_7b7021667404f4bf5ffe,NO3,2022,MT,6.7,3,ML,7.029636336836216,full_record_deterministic_prediction,one median measured concentration per PhysicalEventID x Analyte
PE_7f40423a8c9c7387079e,NO3,2022,MT,7.6,2,ML,7.696552611738685,full_record_deterministic_prediction,one median measured concentration per PhysicalEventID x Analyte
PE_912d046edf542edb9c36,NO3,2022,MT,7.6,2,ML,7.493920440601553,full_record_deterministic_prediction,one median measured concentration per PhysicalEventID x Analyte
PE_a5a3e7d8a5e84189d18a,NO3,2022,MT,6.1,3,ML,6.253373197593754,full_record_deterministic_prediction,one median measured concentration per PhysicalEventID x Analyte
PE_aa383c8c9a57591dc206,NO3,2022,MT,7.8,2,ML,7.136241326952774,full_record_deterministic_prediction,one median measured concentration per PhysicalEventID x Analyte
PE_afa287a09ff3e5bab631,NO3,2022,MT,5.9,3,ML,6.190667753192299,full_record_deterministic_prediction,one median measured concentration per PhysicalEventID x Analyte
PE_d41d88e8b515629ab69d,NO3,2022,MT,8.26,1,ML,7.065264472120393,full_record_deterministic_prediction,one median measured concentration per PhysicalEventID x Analyte
PE_f0406a7690a0e8ef2920,NO3,2022,MT,6.65,2,ML,6.888711708988955,full_record_deterministic_prediction,one median measured concentration per PhysicalEventID x Analyte
PE_0656666c2b33c1a71dfc,NO3,2022,ST,6.0,3,ML,5.971585775336997,full_record_deterministic_prediction,one median measured concentration per PhysicalEventID x Analyte
PE_230aa97120550e292bc7,NO3,2022,ST,6.5,2,ML,6.517639933176788,full_record_deterministic_prediction,one median measured concentration per PhysicalEventID x Analyte
PE_3eefa2d11be77738359b,NO3,2022,ST,6.3,3,ML,6.152140799879328,full_record_deterministic_prediction,one median measured concentration per PhysicalEventID x Analyte
PE_425f14902ee81a16cfeb,NO3,2022,ST,7.4,1,ML,7.061896832314467,full_record_deterministic_prediction,one median measured concentration per PhysicalEventID x Analyte
PE_510406c16da87dd620cb,NO3,2022,ST,9.85,2,ML,7.780832314819731,full_record_deterministic_prediction,one median measured concentration per PhysicalEventID x Analyte
PE_70d3cc17c47edebe68ad,NO3,2022,ST,7.45,2,ML,7.423924203748225,full_record_deterministic_prediction,one median measured concentration per PhysicalEventID x Analyte
PE_7cf61966fec7c7b6adc5,NO3,2022,ST,6.25,2,ML,6.686924872002984,full_record_deterministic_prediction,one median measured concentration per PhysicalEventID x Analyte
PE_901ccaf6a3ac1105504f,NO3,2022,ST,7.55,2,ML,7.371199638052605,full_record_deterministic_prediction,one median measured concentration per PhysicalEventID x Analyte
PE_99ec6d6affe898b0e8d2,NO3,2022,ST,8.49,1,ML,6.974691218415301,full_record_deterministic_prediction,one median measured concentration per PhysicalEventID x Analyte
PE_a8630556d08f6cec7f6a,NO3,2022,ST,5.9,3,ML,5.926488783338994,full_record_deterministic_prediction,one median measured concentration per PhysicalEventID x Analyte
PE_ceb9c23bc0db5be24388,NO3,2022,ST,6.3,3,ML,5.936539754259568,full_record_deterministic_prediction,one median measured concentration per PhysicalEventID x Analyte
PE_d47080104483a2906848,NO3,2022,ST,6.7,3,ML,6.908423384402828,full_record_deterministic_prediction,one median measured concentration per PhysicalEventID x Analyte
PE_dc25029fed7bf1b276c5,NO3,2022,ST,6.8,3,ML,6.797693914637973,full_record_deterministic_prediction,one median measured concentration per PhysicalEventID x Analyte
PE_1607bd85c5b858754283,NO3,2023,CT,3.145,4,ML,3.4300545054408067,full_record_deterministic_prediction,one median measured concentration per PhysicalEventID x Analyte
PE_17f8630aaa6312f3912a,NO3,2023,CT,9.605,4,ML,9.37178919707192,full_record_deterministic_prediction,one median measured concentration per PhysicalEventID x Analyte
PE_21ef5b6342274d9e3203,NO3,2023,CT,3.27,4,ML,3.094531649210664,full_record_deterministic_prediction,one median measured concentration per PhysicalEventID x Analyte
PE_222b0b4beba254c530d7,NO3,2023,CT,8.71,3,ML,8.817579974562499,full_record_deterministic_prediction,one median measured concentration per PhysicalEventID x Analyte
PE_577d295e76e129c37688,NO3,2023,CT,8.59,4,ML,8.560459759552089,full_record_deterministic_prediction,one median measured concentration per PhysicalEventID x Analyte
PE_5bf168b414e63b4f63f3,NO3,2023,CT,8.53,5,ML,8.421807125615086,full_record_deterministic_prediction,one median measured concentration per PhysicalEventID x Analyte
PE_7131d35e8cd02b882d26,NO3,2023,CT,8.8,4,ML,9.33089140972179,full_record_deterministic_prediction,one median measured concentration per PhysicalEventID x Analyte
PE_8474551aa700ba7170c1,NO3,2023,CT,0.808,1,ML,2.154167697045044,full_record_deterministic_prediction,one median measured concentration per PhysicalEventID x Analyte
PE_bf4d5c43e21a82c51f4f,NO3,2023,CT,9.045,4,ML,9.042367847763083,full_record_deterministic_prediction,one median measured concentration per PhysicalEventID x Analyte
PE_ee0d84028e7204c9f8b6,NO3,2023,CT,7.42,4,ML,7.094774047532422,full_record_deterministic_prediction,one median measured concentration per PhysicalEventID x Analyte
PE_f071df1dfa8de45515c1,NO3,2023,CT,4.18,1,ML,2.681870681394976,full_record_deterministic_prediction,one median measured concentration per PhysicalEventID x Analyte
PE_f7a5e5b2a4c1c3239774,NO3,2023,CT,7.51,4,ML,7.425219417206543,full_record_deterministic_prediction,one median measured concentration per PhysicalEventID x Analyte
PE_199b5b7c1aaa1098c691,NO3,2023,MT,9.56,1,ML,2.5510137659017924,full_record_deterministic_prediction,one median measured concentration per PhysicalEventID x Analyte
PE_23621b170748f0fc60c2,NO3,2023,MT,8.605,4,ML,9.18384981152686,full_record_deterministic_prediction,one median measured concentration per PhysicalEventID x Analyte
PE_248493668060338e72e6,NO3,2023,MT,8.82,5,ML,9.18324797998714,full_record_deterministic_prediction,one median measured concentration per PhysicalEventID x Analyte
PE_3694e2f2ef6dd2e8480f,NO3,2023,MT,0.438,1,ML,0.9272696927937578,full_record_deterministic_prediction,one median measured concentration per PhysicalEventID x Analyte
PE_7751232195de561530b0,NO3,2023,MT,10.04,4,ML,10.118705284588025,full_record_deterministic_prediction,one median measured concentration per PhysicalEventID x Analyte
PE_8d90127b55de039c6ab7,NO3,2023,MT,8.69,5,ML,9.665013075070972,full_record_deterministic_prediction,one median measured concentration per PhysicalEventID x Analyte
PE_9d88eac30a91208d302b,NO3,2023,MT,3.09,4,ML,2.925615518663668,full_record_deterministic_prediction,one median measured concentration per PhysicalEventID x Analyte
PE_a5dd6f772a1d2e7d821c,NO3,2023,MT,3.125,6,ML,3.085571312731968,full_record_deterministic_prediction,one median measured concentration per PhysicalEventID x Analyte
PE_acc7ee117e759ece44f9,NO3,2023,MT,7.43,5,ML,6.601126268804845,full_record_deterministic_prediction,one median measured concentration per PhysicalEventID x Analyte
PE_b6fd60d10e559978199b,NO3,2023,MT,7.42,5,ML,7.002937646484433,full_record_deterministic_prediction,one median measured concentration per PhysicalEventID x Analyte
PE_bf74455b1a7c48461768,NO3,2023,MT,8.93,3,ML,8.790026398754271,full_record_deterministic_prediction,one median measured concentration per PhysicalEventID x Analyte
PE_c4acde3ff39ca34f7f1d,NO3,2023,MT,9.365,4,ML,9.462015124735998,full_record_deterministic_prediction,one median measured concentration per PhysicalEventID x Analyte
PE_68d44a8c5ee2992c2c36,NO3,2023,ST,8.594999999999999,4,ML,9.58532006736947,full_record_deterministic_prediction,one median measured concentration per PhysicalEventID x Analyte
PE_6f90d69c4aa146a04e18,NO3,2023,ST,1.37,1,ML,2.0375618435913605,full_record_deterministic_prediction,one median measured concentration per PhysicalEventID x Analyte
PE_78a0e5a12037218db30c,NO3,2023,ST,9.7,5,ML,9.889206638514002,full_record_deterministic_prediction,one median measured concentration per PhysicalEventID x Analyte
PE_8a47f8b2785e361a0f5c,NO3,2023,ST,8.780000000000001,4,ML,9.23715111330062,full_record_deterministic_prediction,one median measured concentration per PhysicalEventID x Analyte
PE_8f51b688686d8bdc2f79,NO3,2023,ST,8.71,4,ML,9.45058887891462,full_record_deterministic_prediction,one median measured concentration per PhysicalEventID x Analyte
PE_ada3010827131318b4a5,NO3,2023,ST,7.48,4,ML,7.018014716239651,full_record_deterministic_prediction,one median measured concentration per PhysicalEventID x Analyte
PE_bca2b67b03840bac2206,NO3,2023,ST,7.41,4,ML,6.949304432471909,full_record_deterministic_prediction,one median measured concentration per PhysicalEventID x Analyte
PE_c6f4076701513ce44077,NO3,2023,ST,1.9,1,ML,1.7402401896396134,full_record_deterministic_prediction,one median measured concentration per PhysicalEventID x Analyte
PE_c9875bdbbfec951204a7,NO3,2023,ST,9.0,4,ML,9.480375187994614,full_record_deterministic_prediction,one median measured concentration per PhysicalEventID x Analyte
PE_d0ce0a7aa7e876660808,NO3,2023,ST,3.0599999999999996,4,ML,2.881498258976438,full_record_deterministic_prediction,one median measured concentration per PhysicalEventID x Analyte
PE_dbd728d03c1d5af8f0ef,NO3,2023,ST,0.485,1,ML,0.9362302708567556,full_record_deterministic_prediction,one median measured concentration per PhysicalEventID x Analyte
PE_e29fdc102c9f799e8e4f,NO3,2023,ST,3.09,4,ML,3.053853844069728,full_record_deterministic_prediction,one median measured concentration per PhysicalEventID x Analyte
PE_fc1529c70189a30552dd,NO3,2023,ST,8.635,4,ML,9.277357894007158,full_record_deterministic_prediction,one median measured concentration per PhysicalEventID x Analyte
PE_3a4478840ec05680e176,NO3,2024,CT,0.21550000000000002,4,ML,0.2694900627978269,full_record_deterministic_prediction,one median measured concentration per PhysicalEventID x Analyte
PE_828e337f2a8b9a9634d7,NO3,2024,CT,8.88,4,ML,8.248868246387666,full_record_deterministic_prediction,one median measured concentration per PhysicalEventID x Analyte
PE_87d4115bb68391b10daf,NO3,2024,CT,0.195,4,ML,0.2249506171526133,full_record_deterministic_prediction,one median measured concentration per PhysicalEventID x Analyte
PE_a354768a3ad269a40a28,NO3,2024,CT,9.105,4,ML,8.402437572295398,full_record_deterministic_prediction,one median measured concentration per PhysicalEventID x Analyte
PE_add35a9103c77e144288,NO3,2024,CT,8.77,4,ML,8.604521520556041,full_record_deterministic_prediction,one median measured concentration per PhysicalEventID x Analyte
PE_dd4d0ea35e35c329e9d8,NO3,2024,CT,8.91,4,ML,8.640580458741987,full_record_deterministic_prediction,one median measured concentration per PhysicalEventID x Analyte
PE_e01f96101de9649fe0a8,NO3,2024,CT,8.995000000000001,2,ML,9.010455033607784,full_record_deterministic_prediction,one median measured concentration per PhysicalEventID x Analyte
PE_f96a427e92fb0d6cf251,NO3,2024,CT,8.809999999999999,4,ML,8.88007048836992,full_record_deterministic_prediction,one median measured concentration per PhysicalEventID x Analyte
PE_02b42436b7981ca07571,NO3,2024,MT,0.2155,4,ML,0.1393186019485799,full_record_deterministic_prediction,one median measured concentration per PhysicalEventID x Analyte
PE_7a793bda6ecab836d590,NO3,2024,MT,0.214,3,ML,0.2244453604734141,full_record_deterministic_prediction,one median measured concentration per PhysicalEventID x Analyte
PE_ba059ebbc29b11d1a3be,NO3,2024,MT,9.055,4,ML,8.896557263817542,full_record_deterministic_prediction,one median measured concentration per PhysicalEventID x Analyte
PE_c488be01d5dbff565ef0,NO3,2024,MT,8.905000000000001,4,ML,8.369745807295981,full_record_deterministic_prediction,one median measured concentration per PhysicalEventID x Analyte
PE_c918bf0b868668efb5e3,NO3,2024,MT,8.83,4,ML,8.229202518195542,full_record_deterministic_prediction,one median measured concentration per PhysicalEventID x Analyte
PE_cc030c89ee5b8a7462b6,NO3,2024,MT,8.695,4,ML,8.637472176643417,full_record_deterministic_prediction,one median measured concentration per PhysicalEventID x Analyte
PE_d0a561512025e1d2770d,NO3,2024,MT,8.855,4,ML,8.493888711668163,full_record_deterministic_prediction,one median measured concentration per PhysicalEventID x Analyte
PE_e582d3221277d02f35d9,NO3,2024,MT,8.7,4,ML,8.904696080707385,full_record_deterministic_prediction,one median measured concentration per PhysicalEventID x Analyte
PE_00b38906ec1907c7d0dc,NO3,2024,ST,0.2345,4,ML,0.3955273647945169,full_record_deterministic_prediction,one median measured concentration per PhysicalEventID x Analyte
PE_30f71765b192fa672ac6,NO3,2024,ST,8.995000000000001,4,ML,9.22225742367283,full_record_deterministic_prediction,one median measured concentration per PhysicalEventID x Analyte
PE_47021952abc7ade62c23,NO3,2024,ST,8.895,4,ML,9.529278778262146,full_record_deterministic_prediction,one median measured concentration per PhysicalEventID x Analyte
PE_6dfbf6a0b565de5536dd,NO3,2024,ST,8.754999999999999,4,ML,9.586689022830528,full_record_deterministic_prediction,one median measured concentration per PhysicalEventID x Analyte
PE_d36d20c6bc7c067588be,NO3,2024,ST,0.212,3,ML,0.2891434062707285,full_record_deterministic_prediction,one median measured concentration per PhysicalEventID x Analyte
PE_dd553617c7d118d29861,NO3,2024,ST,8.809999999999999,4,ML,8.837455434145303,full_record_deterministic_prediction,one median measured concentration per PhysicalEventID x Analyte
PE_f0055d0fbf3bb2c0c279,NO3,2024,ST,8.885,4,ML,9.467213164983534,full_record_deterministic_prediction,one median measured concentration per PhysicalEventID x Analyte
PE_f6579064c70952c33aa8,NO3,2024,ST,9.035,4,ML,9.621884298687164,full_record_deterministic_prediction,one median measured concentration per PhysicalEventID x Analyte
PE_01024210b88310ac1815,NO3,2025,CT,0.135,4,ML,0.1031806125469387,full_record_deterministic_prediction,one median measured concentration per PhysicalEventID x Analyte
PE_30d8eee773ba85ed7ec9,NO3,2025,CT,0.1985,4,ML,0.0845070619837676,full_record_deterministic_prediction,one median measured concentration per PhysicalEventID x Analyte
PE_41cebec90b66f3ef63c2,NO3,2025,CT,0.143,3,ML,0.1651983580169455,full_record_deterministic_prediction,one median measured concentration per PhysicalEventID x Analyte
PE_5c35b22fc4eba02df28c,NO3,2025,CT,0.115,4,ML,0.2395065125436235,full_record_deterministic_prediction,one median measured concentration per PhysicalEventID x Analyte
PE_72b83136bc50254a55a6,NO3,2025,CT,0.14600000000000002,4,ML,0.108706705940282,full_record_deterministic_prediction,one median measured concentration per PhysicalEventID x Analyte
PE_73a092189bd19f7de823,NO3,2025,CT,0.127,4,ML,0.1880268509513844,full_record_deterministic_prediction,one median measured concentration per PhysicalEventID x Analyte
PE_79ea2eb78bef48e2d163,NO3,2025,CT,0.1105,4,ML,0.2053044735030448,full_record_deterministic_prediction,one median measured concentration per PhysicalEventID x Analyte
PE_85771b5590cb80ee80b1,NO3,2025,CT,0.1285,4,ML,0.2141428325750787,full_record_deterministic_prediction,one median measured concentration per PhysicalEventID x Analyte
PE_92e7ac2243498d97f3e0,NO3,2025,CT,0.0615,4,ML,0.0984024637621129,full_record_deterministic_prediction,one median measured concentration per PhysicalEventID x Analyte
PE_961b16815e7ba5016bdb,NO3,2025,CT,0.138,4,ML,0.1113690385353174,full_record_deterministic_prediction,one median measured concentration per PhysicalEventID x Analyte
PE_bd4a80359ce1de5f5729,NO3,2025,CT,0.1555,4,ML,0.1370917701350115,full_record_deterministic_prediction,one median measured concentration per PhysicalEventID x Analyte
PE_ef5b618a3b1b8ffbd8e4,NO3,2025,CT,0.1205,4,ML,0.1138315644339476,full_record_deterministic_prediction,one median measured concentration per PhysicalEventID x Analyte
PE_2314eec6a45e0be9e203,NO3,2025,MT,0.164,4,ML,0.1047776641205541,full_record_deterministic_prediction,one median measured concentration per PhysicalEventID x Analyte
PE_39c8810e26ab4ca7933c,NO3,2025,MT,0.1975,4,ML,0.0824695279415081,full_record_deterministic_prediction,one median measured concentration per PhysicalEventID x Analyte
PE_676050582c291c72204b,NO3,2025,MT,0.1445,4,ML,0.1003920914639332,full_record_deterministic_prediction,one median measured concentration per PhysicalEventID x Analyte
PE_6c85627a623e6c9dfbb4,NO3,2025,MT,0.1855,4,ML,0.2100401739065982,full_record_deterministic_prediction,one median measured concentration per PhysicalEventID x Analyte
PE_7d221972180d28e4f760,NO3,2025,MT,0.15949999999999998,4,ML,0.1256958854255162,full_record_deterministic_prediction,one median measured concentration per PhysicalEventID x Analyte
PE_a033c0958b5b88a75684,NO3,2025,MT,0.1305,4,ML,0.0367289936300257,full_record_deterministic_prediction,one median measured concentration per PhysicalEventID x Analyte
PE_a36448d6fe89c398bac0,NO3,2025,MT,0.131,4,ML,0.1278616484192142,full_record_deterministic_prediction,one median measured concentration per PhysicalEventID x Analyte
PE_c1edec673d6e55fe03b0,NO3,2025,MT,0.126,4,ML,0.0931115034489208,full_record_deterministic_prediction,one median measured concentration per PhysicalEventID x Analyte
PE_c63b91d3075e6834f32e,NO3,2025,MT,0.432,4,ML,0.2660643424112626,full_record_deterministic_prediction,one median measured concentration per PhysicalEventID x Analyte
PE_e6892c1c4df9f9956548,NO3,2025,MT,0.383,4,ML,0.3235326245747414,full_record_deterministic_prediction,one median measured concentration per PhysicalEventID x Analyte
PE_f2544036a8cdc2b562ca,NO3,2025,MT,0.178,4,ML,0.1283025807045236,full_record_deterministic_prediction,one median measured concentration per PhysicalEventID x Analyte
PE_ff8985d7bd1f94902d4e,NO3,2025,MT,0.1235,4,ML,0.0990284880377091,full_record_deterministic_prediction,one median measured concentration per PhysicalEventID x Analyte
PE_0373cedd6c6b07cdac38,NO3,2025,ST,0.14700000000000002,4,ML,0.031579156049725,full_record_deterministic_prediction,one median measured concentration per PhysicalEventID x Analyte
PE_0c2d197a5610b0bbb10e,NO3,2025,ST,0.14150000000000001,4,ML,0.1864709013363595,full_record_deterministic_prediction,one median measured concentration per PhysicalEventID x Analyte
PE_2000666922e9baf4491a,NO3,2025,ST,0.1405,4,ML,0.1739669737782057,full_record_deterministic_prediction,one median measured concentration per PhysicalEventID x Analyte
PE_326f1ee42ddcd2cd3c31,NO3,2025,ST,0.2195,4,ML,0.3111543471461372,full_record_deterministic_prediction,one median measured concentration per PhysicalEventID x Analyte
PE_33b48c45a8f1d7ee984a,NO3,2025,ST,0.14900000000000002,4,ML,0.1084358338695879,full_record_deterministic_prediction,one median measured concentration per PhysicalEventID x Analyte
PE_44d1a7f433fe780ac78b,NO3,2025,ST,0.168,4,ML,0.0968611869921351,full_record_deterministic_prediction,one median measured concentration per PhysicalEventID x Analyte
PE_55ff1c1f21eee62bac5f,NO3,2025,ST,0.14350000000000002,4,ML,0.0654997695724625,full_record_deterministic_prediction,one median measured concentration per PhysicalEventID x Analyte
PE_69bf4666a40285ef26b8,NO3,2025,ST,0.1975,4,ML,0.2458880935921208,full_record_deterministic_prediction,one median measured concentration per PhysicalEventID x Analyte
PE_6db16cd7a8da79e5651d,NO3,2025,ST,0.16199999999999998,4,ML,0.098538893582883,full_record_deterministic_prediction,one median measured concentration per PhysicalEventID x Analyte
PE_744bc567dc348be5d05b,NO3,2025,ST,0.1385,4,ML,0.1337005034725814,full_record_deterministic_prediction,one median measured concentration per PhysicalEventID x Analyte
PE_76eec8ae39fe2d6f5031,NO3,2025,ST,0.1545,4,ML,0.0555740828643854,full_record_deterministic_prediction,one median measured concentration per PhysicalEventID x Analyte
PE_a873c6f206750ebc6cd1,NO3,2025,ST,0.158,4,ML,0.1313643637749867,full_record_deterministic_prediction,one median measured concentration per PhysicalEventID x Analyte
PE_35e13c2714d6ea95f5d3,OP,2011,CT,0.356,1,Bayes,0.20642528836071,posterior_predictive_mean,one median measured concentration per PhysicalEventID x Analyte
PE_57effa7ea94a4868513b,OP,2011,CT,0.07,1,Bayes,0.1059739135152934,posterior_predictive_mean,one median measured concentration per PhysicalEventID x Analyte
PE_7ab5d22c48132f848099,OP,2011,CT,0.08,1,Bayes,0.1350516904517179,posterior_predictive_mean,one median measured concentration per PhysicalEventID x Analyte
PE_8372856d847ab29e3d55,OP,2011,CT,0.064,1,Bayes,0.1413316587311261,posterior_predictive_mean,one median measured concentration per PhysicalEventID x Analyte
PE_9b06b2640ba03d9fa7c4,OP,2011,CT,0.076,1,Bayes,0.1191194435666512,posterior_predictive_mean,one median measured concentration per PhysicalEventID x Analyte
PE_9e155a06de6d2a36ed95,OP,2011,CT,0.127,1,Bayes,0.1283404218559893,posterior_predictive_mean,one median measured concentration per PhysicalEventID x Analyte
PE_2aaba42888d07cb12d22,OP,2011,MT,0.232,1,Bayes,0.1626685401000358,posterior_predictive_mean,one median measured concentration per PhysicalEventID x Analyte
PE_49484da33f0ea698b83b,OP,2011,MT,0.137,1,Bayes,0.1270088179888382,posterior_predictive_mean,one median measured concentration per PhysicalEventID x Analyte
PE_60f1a6212ff620019a30,OP,2011,MT,0.087,1,Bayes,0.1368362934508022,posterior_predictive_mean,one median measured concentration per PhysicalEventID x Analyte
PE_63934b6278a65a8216b9,OP,2011,MT,0.055,1,Bayes,0.1016721213436078,posterior_predictive_mean,one median measured concentration per PhysicalEventID x Analyte
PE_883a7658077d89fcf49d,OP,2011,MT,0.077,1,Bayes,0.1501092614107571,posterior_predictive_mean,one median measured concentration per PhysicalEventID x Analyte
PE_bf4999981e8b30465343,OP,2011,MT,0.462,1,Bayes,0.2306404842806116,posterior_predictive_mean,one median measured concentration per PhysicalEventID x Analyte
PE_556f24afddcf35c92237,OP,2011,ST,0.178,1,Bayes,0.1312059634726804,posterior_predictive_mean,one median measured concentration per PhysicalEventID x Analyte
PE_95d3b43c79b8bf669652,OP,2011,ST,0.032,1,Bayes,0.0925672345931954,posterior_predictive_mean,one median measured concentration per PhysicalEventID x Analyte
PE_b29e09cdb7f952a1cdb0,OP,2011,ST,0.109,1,Bayes,0.136024564234609,posterior_predictive_mean,one median measured concentration per PhysicalEventID x Analyte
PE_bbf4e95c02e1591047b4,OP,2011,ST,0.074,1,Bayes,0.121941706369755,posterior_predictive_mean,one median measured concentration per PhysicalEventID x Analyte
PE_e7adc6803f9ae278362b,OP,2011,ST,0.118,1,Bayes,0.1323593281008874,posterior_predictive_mean,one median measured concentration per PhysicalEventID x Analyte
PE_f5556b234e32459fa7a2,OP,2011,ST,0.422,1,Bayes,0.2065182216316117,posterior_predictive_mean,one median measured concentration per PhysicalEventID x Analyte
PE_0d403a1dbd25bf378957,OP,2012,CT,0.085,1,Bayes,0.118107235209888,posterior_predictive_mean,one median measured concentration per PhysicalEventID x Analyte
PE_42eb29bd3d8b55596b0d,OP,2012,CT,0.195,1,Bayes,0.1773159195607359,posterior_predictive_mean,one median measured concentration per PhysicalEventID x Analyte
PE_8926ae228cc15db54f23,OP,2012,CT,0.37,1,Bayes,0.2677179440538603,posterior_predictive_mean,one median measured concentration per PhysicalEventID x Analyte
PE_93fc10203fe8e4c919ea,OP,2012,CT,0.31,1,Bayes,0.2483291156162644,posterior_predictive_mean,one median measured concentration per PhysicalEventID x Analyte
PE_964f9e60ef2ea5038dae,OP,2012,CT,0.027,1,Bayes,0.128993359252878,posterior_predictive_mean,one median measured concentration per PhysicalEventID x Analyte
PE_980f4b8e6c4ad4f916f0,OP,2012,CT,0.196,1,Bayes,0.1711770040385704,posterior_predictive_mean,one median measured concentration per PhysicalEventID x Analyte
PE_9990eb3a8c35bbfe0d52,OP,2012,CT,0.419,1,Bayes,0.2555309077961954,posterior_predictive_mean,one median measured concentration per PhysicalEventID x Analyte
PE_cbed8a7088e045d7b553,OP,2012,CT,0.198,1,Bayes,0.1771471279361764,posterior_predictive_mean,one median measured concentration per PhysicalEventID x Analyte
PE_01ea2f88880fff50efcb,OP,2012,MT,0.14,1,Bayes,0.1707476137711072,posterior_predictive_mean,one median measured concentration per PhysicalEventID x Analyte
PE_04c02bec0f0f9a370498,OP,2012,MT,0.117,1,Bayes,0.1431059625763825,posterior_predictive_mean,one median measured concentration per PhysicalEventID x Analyte
PE_084268df6eb9d4246043,OP,2012,MT,0.078,1,Bayes,0.1105929285503629,posterior_predictive_mean,one median measured concentration per PhysicalEventID x Analyte
PE_5d3101462bb3db890b29,OP,2012,MT,1.102,1,Bayes,0.505405120677485,posterior_predictive_mean,one median measured concentration per PhysicalEventID x Analyte
PE_681443548ef078be38f1,OP,2012,MT,0.227,1,Bayes,0.1770656961692026,posterior_predictive_mean,one median measured concentration per PhysicalEventID x Analyte
PE_860b95b364b2c2e3a6b5,OP,2012,MT,0.074,1,Bayes,0.1161718876648371,posterior_predictive_mean,one median measured concentration per PhysicalEventID x Analyte
PE_8b5564238c223d972525,OP,2012,MT,0.688,1,Bayes,0.484207949347829,posterior_predictive_mean,one median measured concentration per PhysicalEventID x Analyte
PE_8dd5bcb659f488a967c1,OP,2012,MT,0.598,1,Bayes,0.4090926271486566,posterior_predictive_mean,one median measured concentration per PhysicalEventID x Analyte
PE_bdf17111cc35249ef7aa,OP,2012,MT,0.06,1,Bayes,0.1079681924077914,posterior_predictive_mean,one median measured concentration per PhysicalEventID x Analyte
PE_f18d62b04bf4f3a25d7e,OP,2012,MT,0.083,1,Bayes,0.1172237098085383,posterior_predictive_mean,one median measured concentration per PhysicalEventID x Analyte
PE_248d74790d081f1ad247,OP,2012,ST,0.413,1,Bayes,0.3124037610035369,posterior_predictive_mean,one median measured concentration per PhysicalEventID x Analyte
PE_3b419c0bdb22b2b7c315,OP,2012,ST,0.063,1,Bayes,0.1217607879553795,posterior_predictive_mean,one median measured concentration per PhysicalEventID x Analyte
PE_649006527ce5d1d1ff1f,OP,2012,ST,0.331,1,Bayes,0.305174528681373,posterior_predictive_mean,one median measured concentration per PhysicalEventID x Analyte
PE_6c101e1953c53808bd4e,OP,2012,ST,0.152,1,Bayes,0.1700355007611188,posterior_predictive_mean,one median measured concentration per PhysicalEventID x Analyte
PE_a828a4cd4628108e4701,OP,2012,ST,0.003,1,Bayes,0.0977759055875888,posterior_predictive_mean,one median measured concentration per PhysicalEventID x Analyte
PE_bf44e09ffc415b58c4a0,OP,2012,ST,0.052,1,Bayes,0.1105567790034362,posterior_predictive_mean,one median measured concentration per PhysicalEventID x Analyte
PE_cc5627c91253785c0d98,OP,2012,ST,0.048,1,Bayes,0.1102398542681504,posterior_predictive_mean,one median measured concentration per PhysicalEventID x Analyte
PE_e54a1b2fb0b2d2f3c583,OP,2012,ST,0.097,1,Bayes,0.1399454147670279,posterior_predictive_mean,one median measured concentration per PhysicalEventID x Analyte
PE_0c873ebca68f220b5575,OP,2014,CT,0.0675,4,Bayes,0.0810184563380449,posterior_predictive_mean,one median measured concentration per PhysicalEventID x Analyte
PE_0f2c1b5db3c1949d1f74,OP,2014,CT,0.0735,4,Bayes,0.0868628931085499,posterior_predictive_mean,one median measured concentration per PhysicalEventID x Analyte
PE_0f6804c5fdc4da7fb4f7,OP,2014,CT,0.147,4,Bayes,0.1825119082139664,posterior_predictive_mean,one median measured concentration per PhysicalEventID x Analyte
PE_4c80e607422dec97f0c9,OP,2014,CT,0.1,1,Bayes,0.0958712819011749,posterior_predictive_mean,one median measured concentration per PhysicalEventID x Analyte
PE_e1f06f083d001c899062,OP,2014,CT,0.1755,4,Bayes,0.1456763898557549,posterior_predictive_mean,one median measured concentration per PhysicalEventID x Analyte
PE_e4c541913dac4c0bca3d,OP,2014,CT,0.147,1,Bayes,0.1224593698877208,posterior_predictive_mean,one median measured concentration per PhysicalEventID x Analyte
PE_214aa9017327a70f135f,OP,2014,MT,0.2855,2,Bayes,0.179026397682877,posterior_predictive_mean,one median measured concentration per PhysicalEventID x Analyte
PE_28a3ad7db7957a75e475,OP,2014,MT,0.7,1,Bayes,0.3282619095178106,posterior_predictive_mean,one median measured concentration per PhysicalEventID x Analyte
PE_909a6e90f2a2fb0ccb86,OP,2014,MT,0.62,1,Bayes,0.2935172378376116,posterior_predictive_mean,one median measured concentration per PhysicalEventID x Analyte
PE_c29031fe1d291910e835,OP,2014,MT,0.084,2,Bayes,0.0821058525692271,posterior_predictive_mean,one median measured concentration per PhysicalEventID x Analyte
PE_5d5cb3edcd99b5be75e6,OP,2014,ST,0.089,1,Bayes,0.111663222202646,posterior_predictive_mean,one median measured concentration per PhysicalEventID x Analyte
PE_99c4e1053e4376d0bed3,OP,2014,ST,0.07,4,Bayes,0.0767987013613616,posterior_predictive_mean,one median measured concentration per PhysicalEventID x Analyte
PE_be3da0eafc673da18d92,OP,2014,ST,0.09,1,Bayes,0.0989269739680963,posterior_predictive_mean,one median measured concentration per PhysicalEventID x Analyte
PE_d1afac04920a2ee5af17,OP,2014,ST,0.11549999999999999,4,Bayes,0.4539590577207993,posterior_predictive_mean,one median measured concentration per PhysicalEventID x Analyte
PE_e5b7650f3b7e52f1a1bf,OP,2014,ST,0.1085,4,Bayes,0.1581589514107622,posterior_predictive_mean,one median measured concentration per PhysicalEventID x Analyte
PE_e6f216bc2af9baf87adb,OP,2014,ST,0.0925,4,Bayes,0.0910763968497962,posterior_predictive_mean,one median measured concentration per PhysicalEventID x Analyte
PE_003510690d55f2e080ab,OP,2015,CT,0.005,2,Bayes,0.0462336825762009,posterior_predictive_mean,one median measured concentration per PhysicalEventID x Analyte
PE_01dfb8394999c3a08b1b,OP,2015,CT,0.06,2,Bayes,0.0204109511730819,posterior_predictive_mean,one median measured concentration per PhysicalEventID x Analyte
PE_1994b95c4c5d89d54441,OP,2015,CT,0.086,2,Bayes,0.0338129015433954,posterior_predictive_mean,one median measured concentration per PhysicalEventID x Analyte
PE_1ad2a48558b8c9cdf0bb,OP,2015,CT,0.091,2,Bayes,0.0284183894290414,posterior_predictive_mean,one median measured concentration per PhysicalEventID x Analyte
PE_38f43e287ee7d1f916e4,OP,2015,CT,0.07,2,Bayes,0.0535065916102861,posterior_predictive_mean,one median measured concentration per PhysicalEventID x Analyte
PE_63a5c105af28ea9f75a7,OP,2015,CT,0.0265,2,Bayes,0.0559380660832543,posterior_predictive_mean,one median measured concentration per PhysicalEventID x Analyte
PE_b307adedb4f140b2f276,OP,2015,CT,0.1,2,Bayes,0.0749413955669388,posterior_predictive_mean,one median measured concentration per PhysicalEventID x Analyte
PE_eba40b08b5ce69421768,OP,2015,CT,0.059,2,Bayes,0.0095131775676776,posterior_predictive_mean,one median measured concentration per PhysicalEventID x Analyte
PE_ece5ee3d9a47f8a4b70b,OP,2015,CT,0.043,2,Bayes,0.0600615717065084,posterior_predictive_mean,one median measured concentration per PhysicalEventID x Analyte
PE_effd37ee189df750ad5a,OP,2015,CT,0.0315,2,Bayes,0.0569152665264205,posterior_predictive_mean,one median measured concentration per PhysicalEventID x Analyte
PE_078b8edebaf25b47ca9c,OP,2015,MT,0.059,2,Bayes,0.0051205252448416,posterior_predictive_mean,one median measured concentration per PhysicalEventID x Analyte
PE_0e378dd2a91d7df1a7a9,OP,2015,MT,0.06,2,Bayes,0.0472363182095683,posterior_predictive_mean,one median measured concentration per PhysicalEventID x Analyte
PE_4ebf629c5dd531a50c12,OP,2015,MT,0.06,2,Bayes,0.0490366816086092,posterior_predictive_mean,one median measured concentration per PhysicalEventID x Analyte
PE_61227cf97dd057e6375a,OP,2015,MT,0.059,2,Bayes,0.0,posterior_predictive_mean,one median measured concentration per PhysicalEventID x Analyte
PE_9f67556e2848ccb24a85,OP,2015,MT,0.06,2,Bayes,0.0487674228909562,posterior_predictive_mean,one median measured concentration per PhysicalEventID x Analyte
PE_a98d09332522adfe618b,OP,2015,MT,0.041,2,Bayes,0.0146880477363939,posterior_predictive_mean,one median measured concentration per PhysicalEventID x Analyte
PE_bd8c84ec329021438849,OP,2015,MT,0.01,2,Bayes,0.045045572150061,posterior_predictive_mean,one median measured concentration per PhysicalEventID x Analyte
PE_bf6fc540566653c363a5,OP,2015,MT,0.01,2,Bayes,0.0444395283340771,posterior_predictive_mean,one median measured concentration per PhysicalEventID x Analyte
PE_f28eca55841e3590b19f,OP,2015,MT,0.052,2,Bayes,0.0142328356035356,posterior_predictive_mean,one median measured concentration per PhysicalEventID x Analyte
PE_fc35961bbf4775b1838e,OP,2015,MT,0.049,2,Bayes,0.0479662988492196,posterior_predictive_mean,one median measured concentration per PhysicalEventID x Analyte
PE_27068e46a99396e37068,OP,2015,ST,0.063,2,Bayes,0.0236323155674989,posterior_predictive_mean,one median measured concentration per PhysicalEventID x Analyte
PE_2bc636c51bdfedd7a673,OP,2015,ST,0.07500000000000001,2,Bayes,0.0156943760595605,posterior_predictive_mean,one median measured concentration per PhysicalEventID x Analyte
PE_64548a06be4bb873cda0,OP,2015,ST,0.09,2,Bayes,0.0692793286794276,posterior_predictive_mean,one median measured concentration per PhysicalEventID x Analyte
PE_72bbe667892a258fbed0,OP,2015,ST,0.049,2,Bayes,0.0245647945978094,posterior_predictive_mean,one median measured concentration per PhysicalEventID x Analyte
PE_8b715eebc00f1d87b8e3,OP,2015,ST,0.055,2,Bayes,0.042887595271576,posterior_predictive_mean,one median measured concentration per PhysicalEventID x Analyte
PE_982e6a4e7c9174d09a3c,OP,2015,ST,0.08,1,Bayes,0.1294691496383332,posterior_predictive_mean,one median measured concentration per PhysicalEventID x Analyte
PE_ab750944465b3b03a5ec,OP,2015,ST,0.07,2,Bayes,0.0606078780192332,posterior_predictive_mean,one median measured concentration per PhysicalEventID x Analyte
PE_c173a335fbc6a1794117,OP,2015,ST,0.064,2,Bayes,0.0017791795675158,posterior_predictive_mean,one median measured concentration per PhysicalEventID x Analyte
PE_ef16b92ac44718ed6fbe,OP,2015,ST,0.065,2,Bayes,0.0814630406504775,posterior_predictive_mean,one median measured concentration per PhysicalEventID x Analyte
PE_f98814c17b9da4b10046,OP,2015,ST,0.028499999999999998,2,Bayes,0.0419654972453904,posterior_predictive_mean,one median measured concentration per PhysicalEventID x Analyte
PE_571c968894d925b12ac7,OP,2016,CT,0.0705,2,Bayes,0.0393289021256769,posterior_predictive_mean,one median measured concentration per PhysicalEventID x Analyte
PE_796a63125680b03b1a47,OP,2016,CT,0.061,2,Bayes,0.0069822410260124,posterior_predictive_mean,one median measured concentration per PhysicalEventID x Analyte
PE_962807ecf486db3c765b,OP,2016,CT,0.04,2,Bayes,0.0,posterior_predictive_mean,one median measured concentration per PhysicalEventID x Analyte
PE_cf4508303fbec7c40fe5,OP,2016,CT,0.067,2,Bayes,0.0247461668361649,posterior_predictive_mean,one median measured concentration per PhysicalEventID x Analyte
PE_06726b0bbd436c0f2638,OP,2016,MT,0.0315,2,Bayes,0.0061951251385684,posterior_predictive_mean,one median measured concentration per PhysicalEventID x Analyte
PE_1d9fa89274a5507fb9c3,OP,2016,MT,0.0385,2,Bayes,0.0,posterior_predictive_mean,one median measured concentration per PhysicalEventID x Analyte
PE_2836684cbc95d298d128,OP,2016,MT,0.0315,2,Bayes,0.0022107318700158,posterior_predictive_mean,one median measured concentration per PhysicalEventID x Analyte
PE_e91aef82d1d0158c64de,OP,2016,MT,0.03,2,Bayes,0.0,posterior_predictive_mean,one median measured concentration per PhysicalEventID x Analyte
PE_245bc6dafec7fe277df3,OP,2016,ST,0.0315,2,Bayes,0.00042943321277622015,posterior_predictive_mean,one median measured concentration per PhysicalEventID x Analyte
PE_518a902e850a37a6e1f7,OP,2016,ST,0.03,2,Bayes,0.0100320126065508,posterior_predictive_mean,one median measured concentration per PhysicalEventID x Analyte
PE_7b17489d08fa900cd025,OP,2016,ST,0.04,2,Bayes,0.008112286770665,posterior_predictive_mean,one median measured concentration per PhysicalEventID x Analyte
PE_ed07163240c41f058ff7,OP,2016,ST,0.0335,2,Bayes,0.0102483226510454,posterior_predictive_mean,one median measured concentration per PhysicalEventID x Analyte
PE_0db94b33091790ae448c,OP,2017,CT,0.0,3,Bayes,0.0,posterior_predictive_mean,one median measured concentration per PhysicalEventID x Analyte
PE_1286406ef8d51ffa7b89,OP,2017,CT,0.09,1,Bayes,0.1085275320153992,posterior_predictive_mean,one median measured concentration per PhysicalEventID x Analyte
PE_20fd7645e8886a1975a0,OP,2017,CT,0.0,1,Bayes,0.04071047529797,posterior_predictive_mean,one median measured concentration per PhysicalEventID x Analyte
PE_31bb29072ce592a58136,OP,2017,CT,0.0,1,Bayes,0.1565774410243084,posterior_predictive_mean,one median measured concentration per PhysicalEventID x Analyte
PE_4a45291481f1020c04f7,OP,2017,CT,0.08449999999999999,2,Bayes,0.0086030295506259,posterior_predictive_mean,one median measured concentration per PhysicalEventID x Analyte
PE_a249f721c9cded6ed477,OP,2017,CT,0.066,2,Bayes,0.0,posterior_predictive_mean,one median measured concentration per PhysicalEventID x Analyte
PE_a86f0dd73b63a18791b9,OP,2017,CT,0.054,3,Bayes,0.0374810152183686,posterior_predictive_mean,one median measured concentration per PhysicalEventID x Analyte
PE_c0e9a65e116d987d3dfe,OP,2017,CT,0.0,2,Bayes,0.0,posterior_predictive_mean,one median measured concentration per PhysicalEventID x Analyte
PE_c67a9e43f22b05bb8d70,OP,2017,CT,0.0,2,Bayes,0.184131351079808,posterior_predictive_mean,one median measured concentration per PhysicalEventID x Analyte
PE_c6a22d9daf9658c76f8d,OP,2017,CT,0.0,2,Bayes,0.0,posterior_predictive_mean,one median measured concentration per PhysicalEventID x Analyte
PE_c7e10f3a52f813c6a07a,OP,2017,CT,0.0,2,Bayes,0.0464211063363938,posterior_predictive_mean,one median measured concentration per PhysicalEventID x Analyte
PE_f0acae9004db30c9f89b,OP,2017,CT,0.0,1,Bayes,0.0728051317954451,posterior_predictive_mean,one median measured concentration per PhysicalEventID x Analyte
PE_01ef9362ba3276afc3a9,OP,2017,MT,0.0365,2,Bayes,0.0660736269776066,posterior_predictive_mean,one median measured concentration per PhysicalEventID x Analyte
PE_0d069e1b4f6cd76df6ac,OP,2017,MT,0.09,1,Bayes,0.0016044814375519,posterior_predictive_mean,one median measured concentration per PhysicalEventID x Analyte
PE_283a79a4d7e1d99ea45c,OP,2017,MT,0.0,1,Bayes,0.0,posterior_predictive_mean,one median measured concentration per PhysicalEventID x Analyte
PE_3712d644db8e7505fd90,OP,2017,MT,0.0285,2,Bayes,0.0194651700786055,posterior_predictive_mean,one median measured concentration per PhysicalEventID x Analyte
PE_44c3319c1ae4491d3b22,OP,2017,MT,0.0,1,Bayes,0.0,posterior_predictive_mean,one median measured concentration per PhysicalEventID x Analyte
PE_5f5cdcb0357234b8314a,OP,2017,MT,0.0,2,Bayes,0.0,posterior_predictive_mean,one median measured concentration per PhysicalEventID x Analyte
PE_72973ed7fd2fafa39b49,OP,2017,MT,0.0,1,Bayes,0.0,posterior_predictive_mean,one median measured concentration per PhysicalEventID x Analyte
PE_7563047765a1e3f047e6,OP,2017,MT,0.0,1,Bayes,0.0141113202766803,posterior_predictive_mean,one median measured concentration per PhysicalEventID x Analyte
PE_ae6e7b1bd3de16ea6d0f,OP,2017,MT,0.0,1,Bayes,0.0,posterior_predictive_mean,one median measured concentration per PhysicalEventID x Analyte
PE_c9e73ef1dabab1e96c37,OP,2017,MT,0.0,1,Bayes,0.0628632248879553,posterior_predictive_mean,one median measured concentration per PhysicalEventID x Analyte
PE_df9fe3439780c58ef619,OP,2017,MT,0.0,2,Bayes,0.0123366618873327,posterior_predictive_mean,one median measured concentration per PhysicalEventID x Analyte
PE_fa68bde0c7a186695c73,OP,2017,MT,0.08,1,Bayes,0.0201181384331283,posterior_predictive_mean,one median measured concentration per PhysicalEventID x Analyte
PE_20cdd4f089d2cb0bb73d,OP,2017,ST,0.0,2,Bayes,0.0,posterior_predictive_mean,one median measured concentration per PhysicalEventID x Analyte
PE_4998c6ec98ba5c91a95d,OP,2017,ST,0.0,3,Bayes,0.0,posterior_predictive_mean,one median measured concentration per PhysicalEventID x Analyte
PE_4d317db65fbb1df71b52,OP,2017,ST,0.0,3,Bayes,0.0,posterior_predictive_mean,one median measured concentration per PhysicalEventID x Analyte
PE_531c541dd4a3fff82f15,OP,2017,ST,0.0,1,Bayes,0.0,posterior_predictive_mean,one median measured concentration per PhysicalEventID x Analyte
PE_568f0b5ec6deda07b9f9,OP,2017,ST,0.062,1,Bayes,0.0374734493129947,posterior_predictive_mean,one median measured concentration per PhysicalEventID x Analyte
PE_6ca81f85570cae0e0d9c,OP,2017,ST,0.0,1,Bayes,0.02578670988191,posterior_predictive_mean,one median measured concentration per PhysicalEventID x Analyte
PE_8b4c5aba46522be8a6ae,OP,2017,ST,0.0,1,Bayes,0.0,posterior_predictive_mean,one median measured concentration per PhysicalEventID x Analyte
PE_9be29822841d41a56b41,OP,2017,ST,0.031,2,Bayes,0.0211543291706627,posterior_predictive_mean,one median measured concentration per PhysicalEventID x Analyte
PE_dd2eb9cbf33aadc76796,OP,2017,ST,0.0,2,Bayes,0.0,posterior_predictive_mean,one median measured concentration per PhysicalEventID x Analyte
PE_e8e143ce24098f6b3f6d,OP,2017,ST,0.135,2,Bayes,0.0419784945190996,posterior_predictive_mean,one median measured concentration per PhysicalEventID x Analyte
PE_fae3faa31fd03c716eb2,OP,2017,ST,0.0755,2,Bayes,0.0206084260823382,posterior_predictive_mean,one median measured concentration per PhysicalEventID x Analyte
PE_166bc984fea383507df7,OP,2020,CT,0.0,2,Bayes,0.1277775011624163,posterior_predictive_mean,one median measured concentration per PhysicalEventID x Analyte
PE_568a40e75356dbe2944f,OP,2020,CT,0.0,2,Bayes,0.077972830575626,posterior_predictive_mean,one median measured concentration per PhysicalEventID x Analyte
PE_5cea09f5406d83c18d64,OP,2020,CT,0.0,1,Bayes,0.1089721320480123,posterior_predictive_mean,one median measured concentration per PhysicalEventID x Analyte
PE_5fe6f2ac660a17d837bd,OP,2020,CT,0.0,1,Bayes,0.1082633844308438,posterior_predictive_mean,one median measured concentration per PhysicalEventID x Analyte
PE_81e03fd81db11fe99704,OP,2020,CT,0.0,2,Bayes,0.0739638149246517,posterior_predictive_mean,one median measured concentration per PhysicalEventID x Analyte
PE_956f49ab7f5a452d4e47,OP,2020,CT,0.0,2,Bayes,0.1057385890742224,posterior_predictive_mean,one median measured concentration per PhysicalEventID x Analyte
PE_a2e77087ab55e269e32c,OP,2020,CT,0.0,1,Bayes,0.1615631913624726,posterior_predictive_mean,one median measured concentration per PhysicalEventID x Analyte
PE_d03c293a07504dee9823,OP,2020,CT,0.0,2,Bayes,0.0601604081039252,posterior_predictive_mean,one median measured concentration per PhysicalEventID x Analyte
PE_f112cb116ff39b0745d1,OP,2020,CT,0.0,1,Bayes,0.1076547843104368,posterior_predictive_mean,one median measured concentration per PhysicalEventID x Analyte
PE_1c61ae236bb189923470,OP,2020,MT,0.0,2,Bayes,0.0968109290151681,posterior_predictive_mean,one median measured concentration per PhysicalEventID x Analyte
PE_3f0bbb475c6994c60cf6,OP,2020,MT,0.0,1,Bayes,0.1316923727910311,posterior_predictive_mean,one median measured concentration per PhysicalEventID x Analyte
PE_48332f955c6c36e57528,OP,2020,MT,0.0,2,Bayes,0.1008797211857578,posterior_predictive_mean,one median measured concentration per PhysicalEventID x Analyte
PE_61b68e752c1619aa8c43,OP,2020,MT,0.0,1,Bayes,0.1587688532096929,posterior_predictive_mean,one median measured concentration per PhysicalEventID x Analyte
PE_8ed15b2f1e5372b81dc7,OP,2020,MT,0.0,1,Bayes,0.1249501163927217,posterior_predictive_mean,one median measured concentration per PhysicalEventID x Analyte
PE_a32b9b1cc443544ce423,OP,2020,MT,0.0,2,Bayes,0.0731812037248734,posterior_predictive_mean,one median measured concentration per PhysicalEventID x Analyte
PE_addb6558497635dd3d9a,OP,2020,MT,0.0,2,Bayes,0.1118636055503833,posterior_predictive_mean,one median measured concentration per PhysicalEventID x Analyte
PE_f20fe17d9d856cebbcf8,OP,2020,MT,0.0,2,Bayes,0.1310931714460609,posterior_predictive_mean,one median measured concentration per PhysicalEventID x Analyte
PE_f8ef94027a8e2bfa6b9c,OP,2020,MT,0.0,1,Bayes,0.1842759490966834,posterior_predictive_mean,one median measured concentration per PhysicalEventID x Analyte
PE_0b902961f965469f339e,OP,2020,ST,0.0,2,Bayes,0.0925716178852373,posterior_predictive_mean,one median measured concentration per PhysicalEventID x Analyte
PE_3f6400cdcf4fab1e9fc1,OP,2020,ST,0.0,1,Bayes,0.1795312683001655,posterior_predictive_mean,one median measured concentration per PhysicalEventID x Analyte
PE_46cc9f71204f4afd638d,OP,2020,ST,0.0,1,Bayes,0.1370179961557348,posterior_predictive_mean,one median measured concentration per PhysicalEventID x Analyte
PE_49fb6cd53fdd5e458f64,OP,2020,ST,0.0,2,Bayes,0.1044417308848774,posterior_predictive_mean,one median measured concentration per PhysicalEventID x Analyte
PE_5ff3d0ad9d787e19a7ca,OP,2020,ST,0.0,2,Bayes,0.1444564550384487,posterior_predictive_mean,one median measured concentration per PhysicalEventID x Analyte
PE_875be1f39b86704274b0,OP,2020,ST,0.0,1,Bayes,0.1336792076150401,posterior_predictive_mean,one median measured concentration per PhysicalEventID x Analyte
PE_e92a1d87a3645647bd4e,OP,2020,ST,0.0,2,Bayes,0.1147241340328033,posterior_predictive_mean,one median measured concentration per PhysicalEventID x Analyte
PE_ee23dd5347fd2acef254,OP,2020,ST,0.0,1,Bayes,0.1315303094134049,posterior_predictive_mean,one median measured concentration per PhysicalEventID x Analyte
PE_fc822425df54345742cb,OP,2020,ST,0.0,2,Bayes,0.0874361051128264,posterior_predictive_mean,one median measured concentration per PhysicalEventID x Analyte
PE_051cd85fc942217be314,OP,2021,CT,0.0,2,Bayes,0.1014524624765454,posterior_predictive_mean,one median measured concentration per PhysicalEventID x Analyte
PE_0ac2121b8fe18c0053e2,OP,2021,CT,0.0,3,Bayes,0.1331015502801178,posterior_predictive_mean,one median measured concentration per PhysicalEventID x Analyte
PE_21dfe39111b133765d37,OP,2021,CT,0.0,2,Bayes,0.1554541803556741,posterior_predictive_mean,one median measured concentration per PhysicalEventID x Analyte
PE_21eb97240c4e244d59c9,OP,2021,CT,0.0,2,Bayes,0.1946448880596097,posterior_predictive_mean,one median measured concentration per PhysicalEventID x Analyte
PE_2e40b6e91cc7d5ecd6c3,OP,2021,CT,0.0,2,Bayes,0.1704497344150512,posterior_predictive_mean,one median measured concentration per PhysicalEventID x Analyte
PE_33074ef569f8079ca2c5,OP,2021,CT,0.63,2,Bayes,0.4328940399251564,posterior_predictive_mean,one median measured concentration per PhysicalEventID x Analyte
PE_3e80216d31c31cb94be7,OP,2021,CT,0.0,4,Bayes,0.1397086881226778,posterior_predictive_mean,one median measured concentration per PhysicalEventID x Analyte
PE_43f0020c0e87bb28cb4f,OP,2021,CT,0.14300000000000002,2,Bayes,0.2004282067141607,posterior_predictive_mean,one median measured concentration per PhysicalEventID x Analyte
PE_7bb31d342461203b532f,OP,2021,CT,0.0,4,Bayes,0.1522702427909457,posterior_predictive_mean,one median measured concentration per PhysicalEventID x Analyte
PE_a1506e8e5a02282cf157,OP,2021,CT,0.0,2,Bayes,0.227087875740736,posterior_predictive_mean,one median measured concentration per PhysicalEventID x Analyte
PE_a9b65e771f7f28532999,OP,2021,CT,0.0,4,Bayes,0.1338545283576836,posterior_predictive_mean,one median measured concentration per PhysicalEventID x Analyte
PE_e9ed7c0da6f350ec0ebd,OP,2021,CT,0.0,2,Bayes,0.1495364847242065,posterior_predictive_mean,one median measured concentration per PhysicalEventID x Analyte
PE_10a82e2f3d5ad96163d0,OP,2021,MT,0.0,2,Bayes,0.1776257405401111,posterior_predictive_mean,one median measured concentration per PhysicalEventID x Analyte
PE_29232e3b1d0dd0846861,OP,2021,MT,0.0,4,Bayes,0.2733881034368051,posterior_predictive_mean,one median measured concentration per PhysicalEventID x Analyte
PE_3b0275b6f31aa3c48b11,OP,2021,MT,0.0,2,Bayes,0.1386269026475303,posterior_predictive_mean,one median measured concentration per PhysicalEventID x Analyte
PE_51b615c0027e4e29028e,OP,2021,MT,0.0,2,Bayes,0.1901937182973672,posterior_predictive_mean,one median measured concentration per PhysicalEventID x Analyte
PE_55b3839d44d67304ba2d,OP,2021,MT,0.475,2,Bayes,0.401097688633004,posterior_predictive_mean,one median measured concentration per PhysicalEventID x Analyte
PE_936c12cc5ae17810e93e,OP,2021,MT,0.0,2,Bayes,0.1705601555040573,posterior_predictive_mean,one median measured concentration per PhysicalEventID x Analyte
PE_97c5dc883be532c37d60,OP,2021,MT,0.0,2,Bayes,0.1287122906877862,posterior_predictive_mean,one median measured concentration per PhysicalEventID x Analyte
PE_c7ea31b20b60ad1966be,OP,2021,MT,0.0,2,Bayes,0.1613651435487832,posterior_predictive_mean,one median measured concentration per PhysicalEventID x Analyte
PE_e31452c7a0ebfbfaf3f2,OP,2021,MT,0.0,4,Bayes,0.1335701900314391,posterior_predictive_mean,one median measured concentration per PhysicalEventID x Analyte
PE_ebd22f3a15b20eea0e80,OP,2021,MT,0.0,4,Bayes,0.1170057396243574,posterior_predictive_mean,one median measured concentration per PhysicalEventID x Analyte
PE_f0e98ee733e1acf48f4e,OP,2021,MT,0.0,3,Bayes,0.1581683240772294,posterior_predictive_mean,one median measured concentration per PhysicalEventID x Analyte
PE_f544dd1f1224ddc9abde,OP,2021,MT,0.59,1,Bayes,0.348574896808532,posterior_predictive_mean,one median measured concentration per PhysicalEventID x Analyte
PE_16ac905814be2f1ac791,OP,2021,ST,0.0,2,Bayes,0.1146693231955415,posterior_predictive_mean,one median measured concentration per PhysicalEventID x Analyte
PE_1a4143d14585d70064a4,OP,2021,ST,0.0,2,Bayes,0.2170377929778296,posterior_predictive_mean,one median measured concentration per PhysicalEventID x Analyte
PE_3d9e743a00f5613f6722,OP,2021,ST,0.24,2,Bayes,0.2845564984735054,posterior_predictive_mean,one median measured concentration per PhysicalEventID x Analyte
PE_47319afabf95ce33e7fd,OP,2021,ST,0.0,2,Bayes,0.1751789336025259,posterior_predictive_mean,one median measured concentration per PhysicalEventID x Analyte
PE_6af7db12fea1a0f5f5e0,OP,2021,ST,0.0,2,Bayes,0.1259134243229577,posterior_predictive_mean,one median measured concentration per PhysicalEventID x Analyte
PE_6ee044c77bdf30366b5d,OP,2021,ST,0.575,2,Bayes,0.3708338696844225,posterior_predictive_mean,one median measured concentration per PhysicalEventID x Analyte
PE_78a548d4e3eef2a21ea3,OP,2021,ST,0.0,4,Bayes,0.1141799881509471,posterior_predictive_mean,one median measured concentration per PhysicalEventID x Analyte
PE_835c9b48606f6cdfa777,OP,2021,ST,0.0,2,Bayes,0.1425891798923141,posterior_predictive_mean,one median measured concentration per PhysicalEventID x Analyte
PE_af610e0f46836e0b77e1,OP,2021,ST,0.0,2,Bayes,0.1748282182791818,posterior_predictive_mean,one median measured concentration per PhysicalEventID x Analyte
PE_b08201b583b69f927729,OP,2021,ST,0.0,2,Bayes,0.2661748673654351,posterior_predictive_mean,one median measured concentration per PhysicalEventID x Analyte
PE_c917d3aa7638a95ddccd,OP,2021,ST,0.0,4,Bayes,0.113200799804101,posterior_predictive_mean,one median measured concentration per PhysicalEventID x Analyte
PE_e416400520de7f5adc17,OP,2021,ST,0.0,3,Bayes,0.1395727970760738,posterior_predictive_mean,one median measured concentration per PhysicalEventID x Analyte
PE_074f45d65401c8fdb3f5,OP,2022,CT,0.0,3,Bayes,0.0577791352402174,posterior_predictive_mean,one median measured concentration per PhysicalEventID x Analyte
PE_26a08057b7264787ef06,OP,2022,CT,0.09,1,Bayes,0.0254854872208604,posterior_predictive_mean,one median measured concentration per PhysicalEventID x Analyte
PE_32d4186ac5b7c925427a,OP,2022,CT,0.14,2,Bayes,0.1792650154550369,posterior_predictive_mean,one median measured concentration per PhysicalEventID x Analyte
PE_3433a0bfc8c7216f3995,OP,2022,CT,0.0,1,Bayes,0.324624281603232,posterior_predictive_mean,one median measured concentration per PhysicalEventID x Analyte
PE_3f1a3adf6196ed54473e,OP,2022,CT,0.0,1,Bayes,0.1114865940573109,posterior_predictive_mean,one median measured concentration per PhysicalEventID x Analyte
PE_438127a754ce2a504c09,OP,2022,CT,0.0,2,Bayes,0.154913225114902,posterior_predictive_mean,one median measured concentration per PhysicalEventID x Analyte
PE_5ae2ded12c8023b32c0a,OP,2022,CT,0.0,3,Bayes,0.1403359785205507,posterior_predictive_mean,one median measured concentration per PhysicalEventID x Analyte
PE_b8cc705881475991ea0f,OP,2022,CT,0.25,2,Bayes,0.1928609685807878,posterior_predictive_mean,one median measured concentration per PhysicalEventID x Analyte
PE_c409fdcd758dbf3b86bb,OP,2022,CT,0.0,1,Bayes,0.1488942067031593,posterior_predictive_mean,one median measured concentration per PhysicalEventID x Analyte
PE_db44df4caa1727e348be,OP,2022,CT,0.0,3,Bayes,0.0765805249651756,posterior_predictive_mean,one median measured concentration per PhysicalEventID x Analyte
PE_df160c088a0a2ccf4d3e,OP,2022,CT,0.16,1,Bayes,0.1746012396458897,posterior_predictive_mean,one median measured concentration per PhysicalEventID x Analyte
PE_eb7e4b7d6a65d5aa6a4b,OP,2022,CT,0.0,3,Bayes,0.1004768036729764,posterior_predictive_mean,one median measured concentration per PhysicalEventID x Analyte
PE_14298b67e71efd6380df,OP,2022,MT,0.0,3,Bayes,0.2129754021760416,posterior_predictive_mean,one median measured concentration per PhysicalEventID x Analyte
PE_260d9de653b38957c0fe,OP,2022,MT,0.165,2,Bayes,0.1954860177752131,posterior_predictive_mean,one median measured concentration per PhysicalEventID x Analyte
PE_344e7a9bb935a4829210,OP,2022,MT,0.0,2,Bayes,0.1569949266696351,posterior_predictive_mean,one median measured concentration per PhysicalEventID x Analyte
PE_3fc5dfce0fb4c6220e16,OP,2022,MT,0.0,3,Bayes,0.1243787276576106,posterior_predictive_mean,one median measured concentration per PhysicalEventID x Analyte
PE_5556897f607258fe9362,OP,2022,MT,0.0,3,Bayes,0.0605520898533291,posterior_predictive_mean,one median measured concentration per PhysicalEventID x Analyte
PE_7b7021667404f4bf5ffe,OP,2022,MT,0.0,3,Bayes,0.1305875439636843,posterior_predictive_mean,one median measured concentration per PhysicalEventID x Analyte
PE_7f40423a8c9c7387079e,OP,2022,MT,0.0,2,Bayes,0.1575678920181301,posterior_predictive_mean,one median measured concentration per PhysicalEventID x Analyte
PE_912d046edf542edb9c36,OP,2022,MT,0.22,2,Bayes,0.2383834772763454,posterior_predictive_mean,one median measured concentration per PhysicalEventID x Analyte
PE_a5a3e7d8a5e84189d18a,OP,2022,MT,0.0,3,Bayes,0.1650270188891789,posterior_predictive_mean,one median measured concentration per PhysicalEventID x Analyte
PE_aa383c8c9a57591dc206,OP,2022,MT,0.14,2,Bayes,0.1886647745497709,posterior_predictive_mean,one median measured concentration per PhysicalEventID x Analyte
PE_afa287a09ff3e5bab631,OP,2022,MT,0.0,3,Bayes,0.1180842957232409,posterior_predictive_mean,one median measured concentration per PhysicalEventID x Analyte
PE_d41d88e8b515629ab69d,OP,2022,MT,0.091,1,Bayes,0.0459714948202079,posterior_predictive_mean,one median measured concentration per PhysicalEventID x Analyte
PE_f0406a7690a0e8ef2920,OP,2022,MT,0.25,2,Bayes,0.2066434007548339,posterior_predictive_mean,one median measured concentration per PhysicalEventID x Analyte
PE_0656666c2b33c1a71dfc,OP,2022,ST,0.0,3,Bayes,0.1033050501715635,posterior_predictive_mean,one median measured concentration per PhysicalEventID x Analyte
PE_230aa97120550e292bc7,OP,2022,ST,0.0,2,Bayes,0.1413220242588742,posterior_predictive_mean,one median measured concentration per PhysicalEventID x Analyte
PE_3eefa2d11be77738359b,OP,2022,ST,0.0,3,Bayes,0.1273172557186049,posterior_predictive_mean,one median measured concentration per PhysicalEventID x Analyte
PE_425f14902ee81a16cfeb,OP,2022,ST,0.16,1,Bayes,0.198489004753014,posterior_predictive_mean,one median measured concentration per PhysicalEventID x Analyte
PE_510406c16da87dd620cb,OP,2022,ST,0.0,2,Bayes,0.3781348071148903,posterior_predictive_mean,one median measured concentration per PhysicalEventID x Analyte
PE_70d3cc17c47edebe68ad,OP,2022,ST,0.14500000000000002,2,Bayes,0.194324181561688,posterior_predictive_mean,one median measured concentration per PhysicalEventID x Analyte
PE_7cf61966fec7c7b6adc5,OP,2022,ST,0.24,2,Bayes,0.2070759249528929,posterior_predictive_mean,one median measured concentration per PhysicalEventID x Analyte
PE_901ccaf6a3ac1105504f,OP,2022,ST,0.16999999999999998,2,Bayes,0.2107812503589908,posterior_predictive_mean,one median measured concentration per PhysicalEventID x Analyte
PE_99ec6d6affe898b0e8d2,OP,2022,ST,0.17,1,Bayes,0.0683490605867859,posterior_predictive_mean,one median measured concentration per PhysicalEventID x Analyte
PE_a8630556d08f6cec7f6a,OP,2022,ST,0.0,3,Bayes,0.119946748148859,posterior_predictive_mean,one median measured concentration per PhysicalEventID x Analyte
PE_ceb9c23bc0db5be24388,OP,2022,ST,0.0,3,Bayes,0.0951239286149571,posterior_predictive_mean,one median measured concentration per PhysicalEventID x Analyte
PE_d47080104483a2906848,OP,2022,ST,0.0,3,Bayes,0.222610097150035,posterior_predictive_mean,one median measured concentration per PhysicalEventID x Analyte
PE_dc25029fed7bf1b276c5,OP,2022,ST,0.0,3,Bayes,0.1652570833383226,posterior_predictive_mean,one median measured concentration per PhysicalEventID x Analyte
PE_1607bd85c5b858754283,OP,2023,CT,0.0,4,Bayes,0.0,posterior_predictive_mean,one median measured concentration per PhysicalEventID x Analyte
PE_17f8630aaa6312f3912a,OP,2023,CT,0.244,4,Bayes,0.218219343867765,posterior_predictive_mean,one median measured concentration per PhysicalEventID x Analyte
PE_21ef5b6342274d9e3203,OP,2023,CT,0.0,4,Bayes,0.0,posterior_predictive_mean,one median measured concentration per PhysicalEventID x Analyte
PE_222b0b4beba254c530d7,OP,2023,CT,0.0,3,Bayes,0.0,posterior_predictive_mean,one median measured concentration per PhysicalEventID x Analyte
PE_577d295e76e129c37688,OP,2023,CT,0.432,4,Bayes,0.32127455746589,posterior_predictive_mean,one median measured concentration per PhysicalEventID x Analyte
PE_5bf168b414e63b4f63f3,OP,2023,CT,0.219,5,Bayes,0.2296684914524712,posterior_predictive_mean,one median measured concentration per PhysicalEventID x Analyte
PE_7131d35e8cd02b882d26,OP,2023,CT,0.0595,4,Bayes,0.0,posterior_predictive_mean,one median measured concentration per PhysicalEventID x Analyte
PE_8474551aa700ba7170c1,OP,2023,CT,0.105,1,Bayes,0.0954180673425679,posterior_predictive_mean,one median measured concentration per PhysicalEventID x Analyte
PE_bf4d5c43e21a82c51f4f,OP,2023,CT,0.3665,4,Bayes,0.2886121974941035,posterior_predictive_mean,one median measured concentration per PhysicalEventID x Analyte
PE_ee0d84028e7204c9f8b6,OP,2023,CT,0.0,4,Bayes,0.0,posterior_predictive_mean,one median measured concentration per PhysicalEventID x Analyte
PE_f071df1dfa8de45515c1,OP,2023,CT,0.094,1,Bayes,0.1262568202270951,posterior_predictive_mean,one median measured concentration per PhysicalEventID x Analyte
PE_f7a5e5b2a4c1c3239774,OP,2023,CT,0.067,4,Bayes,0.0,posterior_predictive_mean,one median measured concentration per PhysicalEventID x Analyte
PE_199b5b7c1aaa1098c691,OP,2023,MT,0.098,1,Bayes,0.1529350911844919,posterior_predictive_mean,one median measured concentration per PhysicalEventID x Analyte
PE_23621b170748f0fc60c2,OP,2023,MT,0.315,4,Bayes,0.293580229538751,posterior_predictive_mean,one median measured concentration per PhysicalEventID x Analyte
PE_248493668060338e72e6,OP,2023,MT,0.053,5,Bayes,0.0362844888110976,posterior_predictive_mean,one median measured concentration per PhysicalEventID x Analyte
PE_3694e2f2ef6dd2e8480f,OP,2023,MT,0.154,1,Bayes,0.0577182781102056,posterior_predictive_mean,one median measured concentration per PhysicalEventID x Analyte
PE_7751232195de561530b0,OP,2023,MT,0.22949999999999998,4,Bayes,0.250926303201034,posterior_predictive_mean,one median measured concentration per PhysicalEventID x Analyte
PE_8d90127b55de039c6ab7,OP,2023,MT,0.372,5,Bayes,0.3200612572481639,posterior_predictive_mean,one median measured concentration per PhysicalEventID x Analyte
PE_9d88eac30a91208d302b,OP,2023,MT,0.0,4,Bayes,0.0,posterior_predictive_mean,one median measured concentration per PhysicalEventID x Analyte
PE_a5dd6f772a1d2e7d821c,OP,2023,MT,0.0,6,Bayes,0.0,posterior_predictive_mean,one median measured concentration per PhysicalEventID x Analyte
PE_acc7ee117e759ece44f9,OP,2023,MT,0.0,5,Bayes,0.0,posterior_predictive_mean,one median measured concentration per PhysicalEventID x Analyte
PE_b6fd60d10e559978199b,OP,2023,MT,0.0,5,Bayes,0.0,posterior_predictive_mean,one median measured concentration per PhysicalEventID x Analyte
PE_bf74455b1a7c48461768,OP,2023,MT,0.0,3,Bayes,0.0,posterior_predictive_mean,one median measured concentration per PhysicalEventID x Analyte
PE_c4acde3ff39ca34f7f1d,OP,2023,MT,0.2415,4,Bayes,0.2739902942854952,posterior_predictive_mean,one median measured concentration per PhysicalEventID x Analyte
PE_68d44a8c5ee2992c2c36,OP,2023,ST,0.2175,4,Bayes,0.2270326643762704,posterior_predictive_mean,one median measured concentration per PhysicalEventID x Analyte
PE_6f90d69c4aa146a04e18,OP,2023,ST,0.074,1,Bayes,0.1479633544696642,posterior_predictive_mean,one median measured concentration per PhysicalEventID x Analyte
PE_78a0e5a12037218db30c,OP,2023,ST,0.306,5,Bayes,0.3145976756591708,posterior_predictive_mean,one median measured concentration per PhysicalEventID x Analyte
PE_8a47f8b2785e361a0f5c,OP,2023,ST,0.0,4,Bayes,0.0,posterior_predictive_mean,one median measured concentration per PhysicalEventID x Analyte
PE_8f51b688686d8bdc2f79,OP,2023,ST,0.0,4,Bayes,0.0,posterior_predictive_mean,one median measured concentration per PhysicalEventID x Analyte
PE_ada3010827131318b4a5,OP,2023,ST,0.0,4,Bayes,0.0,posterior_predictive_mean,one median measured concentration per PhysicalEventID x Analyte
PE_bca2b67b03840bac2206,OP,2023,ST,0.0,4,Bayes,0.0,posterior_predictive_mean,one median measured concentration per PhysicalEventID x Analyte
PE_c6f4076701513ce44077,OP,2023,ST,0.189,1,Bayes,0.1432937483133012,posterior_predictive_mean,one median measured concentration per PhysicalEventID x Analyte
PE_c9875bdbbfec951204a7,OP,2023,ST,0.16,4,Bayes,0.1923879426951371,posterior_predictive_mean,one median measured concentration per PhysicalEventID x Analyte
PE_d0ce0a7aa7e876660808,OP,2023,ST,0.0,4,Bayes,0.0,posterior_predictive_mean,one median measured concentration per PhysicalEventID x Analyte
PE_dbd728d03c1d5af8f0ef,OP,2023,ST,0.104,1,Bayes,0.1106592426446917,posterior_predictive_mean,one median measured concentration per PhysicalEventID x Analyte
PE_e29fdc102c9f799e8e4f,OP,2023,ST,0.0,4,Bayes,0.0,posterior_predictive_mean,one median measured concentration per PhysicalEventID x Analyte
PE_fc1529c70189a30552dd,OP,2023,ST,0.3855,4,Bayes,0.3431021351636177,posterior_predictive_mean,one median measured concentration per PhysicalEventID x Analyte
PE_3a4478840ec05680e176,OP,2024,CT,0.33599999999999997,4,Bayes,0.4021599104078378,posterior_predictive_mean,one median measured concentration per PhysicalEventID x Analyte
PE_828e337f2a8b9a9634d7,OP,2024,CT,0.1215,4,Bayes,0.2125774377474746,posterior_predictive_mean,one median measured concentration per PhysicalEventID x Analyte
PE_87d4115bb68391b10daf,OP,2024,CT,0.314,4,Bayes,0.3610022293964208,posterior_predictive_mean,one median measured concentration per PhysicalEventID x Analyte
PE_a354768a3ad269a40a28,OP,2024,CT,0.7,4,Bayes,0.786973554303884,posterior_predictive_mean,one median measured concentration per PhysicalEventID x Analyte
PE_add35a9103c77e144288,OP,2024,CT,0.222,4,Bayes,0.2307046939911927,posterior_predictive_mean,one median measured concentration per PhysicalEventID x Analyte
PE_dd4d0ea35e35c329e9d8,OP,2024,CT,0.0755,4,Bayes,0.2006542496761719,posterior_predictive_mean,one median measured concentration per PhysicalEventID x Analyte
PE_e01f96101de9649fe0a8,OP,2024,CT,0.8775000000000001,2,Bayes,0.7123140060656543,posterior_predictive_mean,one median measured concentration per PhysicalEventID x Analyte
PE_f96a427e92fb0d6cf251,OP,2024,CT,0.393,4,Bayes,0.3648240166497328,posterior_predictive_mean,one median measured concentration per PhysicalEventID x Analyte
PE_02b42436b7981ca07571,OP,2024,MT,0.3185,4,Bayes,0.3400360418775101,posterior_predictive_mean,one median measured concentration per PhysicalEventID x Analyte
PE_7a793bda6ecab836d590,OP,2024,MT,0.39,3,Bayes,0.3854906676122718,posterior_predictive_mean,one median measured concentration per PhysicalEventID x Analyte
PE_ba059ebbc29b11d1a3be,OP,2024,MT,0.7324999999999999,4,Bayes,0.6672216275350271,posterior_predictive_mean,one median measured concentration per PhysicalEventID x Analyte
PE_c488be01d5dbff565ef0,OP,2024,MT,0.4575,4,Bayes,0.5278757155875458,posterior_predictive_mean,one median measured concentration per PhysicalEventID x Analyte
PE_c918bf0b868668efb5e3,OP,2024,MT,0.21000000000000002,4,Bayes,0.2383506617603114,posterior_predictive_mean,one median measured concentration per PhysicalEventID x Analyte
PE_cc030c89ee5b8a7462b6,OP,2024,MT,0.268,4,Bayes,0.2601259172445921,posterior_predictive_mean,one median measured concentration per PhysicalEventID x Analyte
PE_d0a561512025e1d2770d,OP,2024,MT,0.155,4,Bayes,0.2166229295132509,posterior_predictive_mean,one median measured concentration per PhysicalEventID x Analyte
PE_e582d3221277d02f35d9,OP,2024,MT,0.655,4,Bayes,0.4567059724105959,posterior_predictive_mean,one median measured concentration per PhysicalEventID x Analyte
PE_00b38906ec1907c7d0dc,OP,2024,ST,0.338,4,Bayes,0.4211793240050744,posterior_predictive_mean,one median measured concentration per PhysicalEventID x Analyte
PE_30f71765b192fa672ac6,OP,2024,ST,0.47,4,Bayes,0.5806323817846968,posterior_predictive_mean,one median measured concentration per PhysicalEventID x Analyte
PE_47021952abc7ade62c23,OP,2024,ST,0.2875,4,Bayes,0.3195574756228397,posterior_predictive_mean,one median measured concentration per PhysicalEventID x Analyte
PE_6dfbf6a0b565de5536dd,OP,2024,ST,0.33299999999999996,4,Bayes,0.3506488226711651,posterior_predictive_mean,one median measured concentration per PhysicalEventID x Analyte
PE_d36d20c6bc7c067588be,OP,2024,ST,0.378,3,Bayes,0.4203048995768053,posterior_predictive_mean,one median measured concentration per PhysicalEventID x Analyte
PE_dd553617c7d118d29861,OP,2024,ST,0.302,4,Bayes,0.2869645158692664,posterior_predictive_mean,one median measured concentration per PhysicalEventID x Analyte
PE_f0055d0fbf3bb2c0c279,OP,2024,ST,0.163,4,Bayes,0.2859162267929447,posterior_predictive_mean,one median measured concentration per PhysicalEventID x Analyte
PE_f6579064c70952c33aa8,OP,2024,ST,0.7925,4,Bayes,0.7425341519970466,posterior_predictive_mean,one median measured concentration per PhysicalEventID x Analyte
PE_01024210b88310ac1815,OP,2025,CT,0.1785,4,Bayes,0.1105147565442483,posterior_predictive_mean,one median measured concentration per PhysicalEventID x Analyte
PE_30d8eee773ba85ed7ec9,OP,2025,CT,0.0,4,Bayes,0.0,posterior_predictive_mean,one median measured concentration per PhysicalEventID x Analyte
PE_41cebec90b66f3ef63c2,OP,2025,CT,0.314,3,Bayes,0.2753856476246989,posterior_predictive_mean,one median measured concentration per PhysicalEventID x Analyte
PE_5c35b22fc4eba02df28c,OP,2025,CT,0.33199999999999996,4,Bayes,0.2975666183756471,posterior_predictive_mean,one median measured concentration per PhysicalEventID x Analyte
PE_72b83136bc50254a55a6,OP,2025,CT,0.0,4,Bayes,0.0200092828198145,posterior_predictive_mean,one median measured concentration per PhysicalEventID x Analyte
PE_73a092189bd19f7de823,OP,2025,CT,0.184,4,Bayes,0.2126856200678302,posterior_predictive_mean,one median measured concentration per PhysicalEventID x Analyte
PE_79ea2eb78bef48e2d163,OP,2025,CT,0.364,4,Bayes,0.3751922955220069,posterior_predictive_mean,one median measured concentration per PhysicalEventID x Analyte
PE_85771b5590cb80ee80b1,OP,2025,CT,0.351,4,Bayes,0.2909537527265071,posterior_predictive_mean,one median measured concentration per PhysicalEventID x Analyte
PE_92e7ac2243498d97f3e0,OP,2025,CT,0.308,4,Bayes,0.2225858867052553,posterior_predictive_mean,one median measured concentration per PhysicalEventID x Analyte
PE_961b16815e7ba5016bdb,OP,2025,CT,0.0,4,Bayes,0.0245558439433722,posterior_predictive_mean,one median measured concentration per PhysicalEventID x Analyte
PE_bd4a80359ce1de5f5729,OP,2025,CT,0.0,4,Bayes,0.0795241419184259,posterior_predictive_mean,one median measured concentration per PhysicalEventID x Analyte
PE_ef5b618a3b1b8ffbd8e4,OP,2025,CT,0.1525,4,Bayes,0.1098092115996529,posterior_predictive_mean,one median measured concentration per PhysicalEventID x Analyte
PE_2314eec6a45e0be9e203,OP,2025,MT,0.0,4,Bayes,0.0,posterior_predictive_mean,one median measured concentration per PhysicalEventID x Analyte
PE_39c8810e26ab4ca7933c,OP,2025,MT,0.27999999999999997,4,Bayes,0.3322641904102891,posterior_predictive_mean,one median measured concentration per PhysicalEventID x Analyte
PE_676050582c291c72204b,OP,2025,MT,0.0755,4,Bayes,0.0857014722229957,posterior_predictive_mean,one median measured concentration per PhysicalEventID x Analyte
PE_6c85627a623e6c9dfbb4,OP,2025,MT,0.1425,4,Bayes,0.3961428650173378,posterior_predictive_mean,one median measured concentration per PhysicalEventID x Analyte
PE_7d221972180d28e4f760,OP,2025,MT,0.0,4,Bayes,0.0585596884065486,posterior_predictive_mean,one median measured concentration per PhysicalEventID x Analyte
PE_a033c0958b5b88a75684,OP,2025,MT,0.279,4,Bayes,0.2403424315697172,posterior_predictive_mean,one median measured concentration per PhysicalEventID x Analyte
PE_a36448d6fe89c398bac0,OP,2025,MT,0.127,4,Bayes,0.1129960307439308,posterior_predictive_mean,one median measured concentration per PhysicalEventID x Analyte
PE_c1edec673d6e55fe03b0,OP,2025,MT,0.161,4,Bayes,0.2139112636760511,posterior_predictive_mean,one median measured concentration per PhysicalEventID x Analyte
PE_c63b91d3075e6834f32e,OP,2025,MT,0.605,4,Bayes,0.5436521207102472,posterior_predictive_mean,one median measured concentration per PhysicalEventID x Analyte
PE_e6892c1c4df9f9956548,OP,2025,MT,0.46099999999999997,4,Bayes,0.3648065241466252,posterior_predictive_mean,one median measured concentration per PhysicalEventID x Analyte
PE_f2544036a8cdc2b562ca,OP,2025,MT,0.125,4,Bayes,0.1736024039312295,posterior_predictive_mean,one median measured concentration per PhysicalEventID x Analyte
PE_ff8985d7bd1f94902d4e,OP,2025,MT,0.214,4,Bayes,0.2091349147159721,posterior_predictive_mean,one median measured concentration per PhysicalEventID x Analyte
PE_0373cedd6c6b07cdac38,OP,2025,ST,0.332,4,Bayes,0.3060968937538948,posterior_predictive_mean,one median measured concentration per PhysicalEventID x Analyte
PE_0c2d197a5610b0bbb10e,OP,2025,ST,0.1785,4,Bayes,0.1199432556814317,posterior_predictive_mean,one median measured concentration per PhysicalEventID x Analyte
PE_2000666922e9baf4491a,OP,2025,ST,0.253,4,Bayes,0.2457056432080355,posterior_predictive_mean,one median measured concentration per PhysicalEventID x Analyte
PE_326f1ee42ddcd2cd3c31,OP,2025,ST,0.459,4,Bayes,0.3872604894759672,posterior_predictive_mean,one median measured concentration per PhysicalEventID x Analyte
PE_33b48c45a8f1d7ee984a,OP,2025,ST,0.1365,4,Bayes,0.0963537741865923,posterior_predictive_mean,one median measured concentration per PhysicalEventID x Analyte
PE_44d1a7f433fe780ac78b,OP,2025,ST,0.0,4,Bayes,0.0837216322940081,posterior_predictive_mean,one median measured concentration per PhysicalEventID x Analyte
PE_55ff1c1f21eee62bac5f,OP,2025,ST,0.0,4,Bayes,0.0545342703107562,posterior_predictive_mean,one median measured concentration per PhysicalEventID x Analyte
PE_69bf4666a40285ef26b8,OP,2025,ST,0.42300000000000004,4,Bayes,0.3417743085998234,posterior_predictive_mean,one median measured concentration per PhysicalEventID x Analyte
PE_6db16cd7a8da79e5651d,OP,2025,ST,0.0,4,Bayes,0.065783546731011,posterior_predictive_mean,one median measured concentration per PhysicalEventID x Analyte
PE_744bc567dc348be5d05b,OP,2025,ST,0.21000000000000002,4,Bayes,0.2237215268493242,posterior_predictive_mean,one median measured concentration per PhysicalEventID x Analyte
PE_76eec8ae39fe2d6f5031,OP,2025,ST,0.258,4,Bayes,0.2978190265933105,posterior_predictive_mean,one median measured concentration per PhysicalEventID x Analyte
PE_a873c6f206750ebc6cd1,OP,2025,ST,0.0,4,Bayes,0.0,posterior_predictive_mean,one median measured concentration per PhysicalEventID x Analyte
PE_35e13c2714d6ea95f5d3,OP,2011,CT,0.356,1,ML,0.2631681185762794,full_record_deterministic_prediction,one median measured concentration per PhysicalEventID x Analyte
PE_57effa7ea94a4868513b,OP,2011,CT,0.07,1,ML,0.1656166645525628,full_record_deterministic_prediction,one median measured concentration per PhysicalEventID x Analyte
PE_7ab5d22c48132f848099,OP,2011,CT,0.08,1,ML,0.0919343671075767,full_record_deterministic_prediction,one median measured concentration per PhysicalEventID x Analyte
PE_8372856d847ab29e3d55,OP,2011,CT,0.064,1,ML,0.1116400914073273,full_record_deterministic_prediction,one median measured concentration per PhysicalEventID x Analyte
PE_9b06b2640ba03d9fa7c4,OP,2011,CT,0.076,1,ML,0.1673870261202174,full_record_deterministic_prediction,one median measured concentration per PhysicalEventID x Analyte
PE_9e155a06de6d2a36ed95,OP,2011,CT,0.127,1,ML,0.1573909608998739,full_record_deterministic_prediction,one median measured concentration per PhysicalEventID x Analyte
PE_2aaba42888d07cb12d22,OP,2011,MT,0.232,1,ML,0.150682688763993,full_record_deterministic_prediction,one median measured concentration per PhysicalEventID x Analyte
PE_49484da33f0ea698b83b,OP,2011,MT,0.137,1,ML,0.2132676148433656,full_record_deterministic_prediction,one median measured concentration per PhysicalEventID x Analyte
PE_60f1a6212ff620019a30,OP,2011,MT,0.087,1,ML,0.0968303641772657,full_record_deterministic_prediction,one median measured concentration per PhysicalEventID x Analyte
PE_63934b6278a65a8216b9,OP,2011,MT,0.055,1,ML,0.2619091464479932,full_record_deterministic_prediction,one median measured concentration per PhysicalEventID x Analyte
PE_883a7658077d89fcf49d,OP,2011,MT,0.077,1,ML,0.0320373825124187,full_record_deterministic_prediction,one median measured concentration per PhysicalEventID x Analyte
PE_bf4999981e8b30465343,OP,2011,MT,0.462,1,ML,0.2773651460128228,full_record_deterministic_prediction,one median measured concentration per PhysicalEventID x Analyte
PE_556f24afddcf35c92237,OP,2011,ST,0.178,1,ML,0.0708410201088869,full_record_deterministic_prediction,one median measured concentration per PhysicalEventID x Analyte
PE_95d3b43c79b8bf669652,OP,2011,ST,0.032,1,ML,0.0412135655285847,full_record_deterministic_prediction,one median measured concentration per PhysicalEventID x Analyte
PE_b29e09cdb7f952a1cdb0,OP,2011,ST,0.109,1,ML,0.0507080440765923,full_record_deterministic_prediction,one median measured concentration per PhysicalEventID x Analyte
PE_bbf4e95c02e1591047b4,OP,2011,ST,0.074,1,ML,0.1906246264075227,full_record_deterministic_prediction,one median measured concentration per PhysicalEventID x Analyte
PE_e7adc6803f9ae278362b,OP,2011,ST,0.118,1,ML,0.0370277070806983,full_record_deterministic_prediction,one median measured concentration per PhysicalEventID x Analyte
PE_f5556b234e32459fa7a2,OP,2011,ST,0.422,1,ML,0.1635980390879208,full_record_deterministic_prediction,one median measured concentration per PhysicalEventID x Analyte
PE_0d403a1dbd25bf378957,OP,2012,CT,0.085,1,ML,0.1390017643508218,full_record_deterministic_prediction,one median measured concentration per PhysicalEventID x Analyte
PE_42eb29bd3d8b55596b0d,OP,2012,CT,0.195,1,ML,0.1507204880917616,full_record_deterministic_prediction,one median measured concentration per PhysicalEventID x Analyte
PE_8926ae228cc15db54f23,OP,2012,CT,0.37,1,ML,0.2760263544934883,full_record_deterministic_prediction,one median measured concentration per PhysicalEventID x Analyte
PE_93fc10203fe8e4c919ea,OP,2012,CT,0.31,1,ML,0.3287839115899696,full_record_deterministic_prediction,one median measured concentration per PhysicalEventID x Analyte
PE_964f9e60ef2ea5038dae,OP,2012,CT,0.027,1,ML,0.1047461331963516,full_record_deterministic_prediction,one median measured concentration per PhysicalEventID x Analyte
PE_980f4b8e6c4ad4f916f0,OP,2012,CT,0.196,1,ML,0.1937137169353805,full_record_deterministic_prediction,one median measured concentration per PhysicalEventID x Analyte
PE_9990eb3a8c35bbfe0d52,OP,2012,CT,0.419,1,ML,0.1468806861125265,full_record_deterministic_prediction,one median measured concentration per PhysicalEventID x Analyte
PE_cbed8a7088e045d7b553,OP,2012,CT,0.198,1,ML,0.2299854750832143,full_record_deterministic_prediction,one median measured concentration per PhysicalEventID x Analyte
PE_01ea2f88880fff50efcb,OP,2012,MT,0.14,1,ML,0.1257503972443118,full_record_deterministic_prediction,one median measured concentration per PhysicalEventID x Analyte
PE_04c02bec0f0f9a370498,OP,2012,MT,0.117,1,ML,0.1350510922504589,full_record_deterministic_prediction,one median measured concentration per PhysicalEventID x Analyte
PE_084268df6eb9d4246043,OP,2012,MT,0.078,1,ML,0.0865162597228247,full_record_deterministic_prediction,one median measured concentration per PhysicalEventID x Analyte
PE_5d3101462bb3db890b29,OP,2012,MT,1.102,1,ML,0.2294849028577609,full_record_deterministic_prediction,one median measured concentration per PhysicalEventID x Analyte
PE_681443548ef078be38f1,OP,2012,MT,0.227,1,ML,0.1858673238794376,full_record_deterministic_prediction,one median measured concentration per PhysicalEventID x Analyte
PE_860b95b364b2c2e3a6b5,OP,2012,MT,0.074,1,ML,0.2236208886080062,full_record_deterministic_prediction,one median measured concentration per PhysicalEventID x Analyte
PE_8b5564238c223d972525,OP,2012,MT,0.688,1,ML,0.6150402737700345,full_record_deterministic_prediction,one median measured concentration per PhysicalEventID x Analyte
PE_8dd5bcb659f488a967c1,OP,2012,MT,0.598,1,ML,0.5575155602858826,full_record_deterministic_prediction,one median measured concentration per PhysicalEventID x Analyte
PE_bdf17111cc35249ef7aa,OP,2012,MT,0.06,1,ML,0.1078667691826011,full_record_deterministic_prediction,one median measured concentration per PhysicalEventID x Analyte
PE_f18d62b04bf4f3a25d7e,OP,2012,MT,0.083,1,ML,0.1674758960625813,full_record_deterministic_prediction,one median measured concentration per PhysicalEventID x Analyte
PE_248d74790d081f1ad247,OP,2012,ST,0.413,1,ML,0.3412290375723754,full_record_deterministic_prediction,one median measured concentration per PhysicalEventID x Analyte
PE_3b419c0bdb22b2b7c315,OP,2012,ST,0.063,1,ML,0.0771371001876023,full_record_deterministic_prediction,one median measured concentration per PhysicalEventID x Analyte
PE_649006527ce5d1d1ff1f,OP,2012,ST,0.331,1,ML,0.4224307441092964,full_record_deterministic_prediction,one median measured concentration per PhysicalEventID x Analyte
PE_6c101e1953c53808bd4e,OP,2012,ST,0.152,1,ML,0.2556789490769021,full_record_deterministic_prediction,one median measured concentration per PhysicalEventID x Analyte
PE_a828a4cd4628108e4701,OP,2012,ST,0.003,1,ML,0.1070495464039344,full_record_deterministic_prediction,one median measured concentration per PhysicalEventID x Analyte
PE_bf44e09ffc415b58c4a0,OP,2012,ST,0.052,1,ML,0.1063372198164501,full_record_deterministic_prediction,one median measured concentration per PhysicalEventID x Analyte
PE_cc5627c91253785c0d98,OP,2012,ST,0.048,1,ML,0.0341691430743726,full_record_deterministic_prediction,one median measured concentration per PhysicalEventID x Analyte
PE_e54a1b2fb0b2d2f3c583,OP,2012,ST,0.097,1,ML,0.173181006606106,full_record_deterministic_prediction,one median measured concentration per PhysicalEventID x Analyte
PE_0c873ebca68f220b5575,OP,2014,CT,0.0675,4,ML,0.1309732567185167,full_record_deterministic_prediction,one median measured concentration per PhysicalEventID x Analyte
PE_0f2c1b5db3c1949d1f74,OP,2014,CT,0.0735,4,ML,0.1701280083429281,full_record_deterministic_prediction,one median measured concentration per PhysicalEventID x Analyte
PE_0f6804c5fdc4da7fb4f7,OP,2014,CT,0.147,4,ML,0.1336461266796939,full_record_deterministic_prediction,one median measured concentration per PhysicalEventID x Analyte
PE_4c80e607422dec97f0c9,OP,2014,CT,0.1,1,ML,0.0808681851068248,full_record_deterministic_prediction,one median measured concentration per PhysicalEventID x Analyte
PE_e1f06f083d001c899062,OP,2014,CT,0.1755,4,ML,0.0555317093774294,full_record_deterministic_prediction,one median measured concentration per PhysicalEventID x Analyte
PE_e4c541913dac4c0bca3d,OP,2014,CT,0.147,1,ML,0.2261505055930288,full_record_deterministic_prediction,one median measured concentration per PhysicalEventID x Analyte
PE_214aa9017327a70f135f,OP,2014,MT,0.2855,2,ML,0.1756335893413857,full_record_deterministic_prediction,one median measured concentration per PhysicalEventID x Analyte
PE_28a3ad7db7957a75e475,OP,2014,MT,0.7,1,ML,0.5213827493546381,full_record_deterministic_prediction,one median measured concentration per PhysicalEventID x Analyte
PE_909a6e90f2a2fb0ccb86,OP,2014,MT,0.62,1,ML,0.3795461850090533,full_record_deterministic_prediction,one median measured concentration per PhysicalEventID x Analyte
PE_c29031fe1d291910e835,OP,2014,MT,0.084,2,ML,0.1520402502464657,full_record_deterministic_prediction,one median measured concentration per PhysicalEventID x Analyte
PE_5d5cb3edcd99b5be75e6,OP,2014,ST,0.089,1,ML,0.1062141909427514,full_record_deterministic_prediction,one median measured concentration per PhysicalEventID x Analyte
PE_99c4e1053e4376d0bed3,OP,2014,ST,0.07,4,ML,0.1394700666553335,full_record_deterministic_prediction,one median measured concentration per PhysicalEventID x Analyte
PE_be3da0eafc673da18d92,OP,2014,ST,0.09,1,ML,0.1104129934441647,full_record_deterministic_prediction,one median measured concentration per PhysicalEventID x Analyte
PE_d1afac04920a2ee5af17,OP,2014,ST,0.11549999999999999,4,ML,0.3177850198140793,full_record_deterministic_prediction,one median measured concentration per PhysicalEventID x Analyte
PE_e5b7650f3b7e52f1a1bf,OP,2014,ST,0.1085,4,ML,0.1355890088732024,full_record_deterministic_prediction,one median measured concentration per PhysicalEventID x Analyte
PE_e6f216bc2af9baf87adb,OP,2014,ST,0.0925,4,ML,0.1614566886067937,full_record_deterministic_prediction,one median measured concentration per PhysicalEventID x Analyte
PE_003510690d55f2e080ab,OP,2015,CT,0.005,2,ML,0.0635995184690697,full_record_deterministic_prediction,one median measured concentration per PhysicalEventID x Analyte
PE_01dfb8394999c3a08b1b,OP,2015,CT,0.06,2,ML,0.1391913664612661,full_record_deterministic_prediction,one median measured concentration per PhysicalEventID x Analyte
PE_1994b95c4c5d89d54441,OP,2015,CT,0.086,2,ML,0.1522350518184578,full_record_deterministic_prediction,one median measured concentration per PhysicalEventID x Analyte
PE_1ad2a48558b8c9cdf0bb,OP,2015,CT,0.091,2,ML,0.1158515945338423,full_record_deterministic_prediction,one median measured concentration per PhysicalEventID x Analyte
PE_38f43e287ee7d1f916e4,OP,2015,CT,0.07,2,ML,0.0316762050883759,full_record_deterministic_prediction,one median measured concentration per PhysicalEventID x Analyte
PE_63a5c105af28ea9f75a7,OP,2015,CT,0.0265,2,ML,0.0,full_record_deterministic_prediction,one median measured concentration per PhysicalEventID x Analyte
PE_b307adedb4f140b2f276,OP,2015,CT,0.1,2,ML,0.1544973558516374,full_record_deterministic_prediction,one median measured concentration per PhysicalEventID x Analyte
PE_eba40b08b5ce69421768,OP,2015,CT,0.059,2,ML,0.1270695512587874,full_record_deterministic_prediction,one median measured concentration per PhysicalEventID x Analyte
PE_ece5ee3d9a47f8a4b70b,OP,2015,CT,0.043,2,ML,0.1103517324106445,full_record_deterministic_prediction,one median measured concentration per PhysicalEventID x Analyte
PE_effd37ee189df750ad5a,OP,2015,CT,0.0315,2,ML,0.0,full_record_deterministic_prediction,one median measured concentration per PhysicalEventID x Analyte
PE_078b8edebaf25b47ca9c,OP,2015,MT,0.059,2,ML,0.0488246560068068,full_record_deterministic_prediction,one median measured concentration per PhysicalEventID x Analyte
PE_0e378dd2a91d7df1a7a9,OP,2015,MT,0.06,2,ML,0.0,full_record_deterministic_prediction,one median measured concentration per PhysicalEventID x Analyte
PE_4ebf629c5dd531a50c12,OP,2015,MT,0.06,2,ML,0.068528846105833,full_record_deterministic_prediction,one median measured concentration per PhysicalEventID x Analyte
PE_61227cf97dd057e6375a,OP,2015,MT,0.059,2,ML,0.0431421841301528,full_record_deterministic_prediction,one median measured concentration per PhysicalEventID x Analyte
PE_9f67556e2848ccb24a85,OP,2015,MT,0.06,2,ML,0.0118769831190607,full_record_deterministic_prediction,one median measured concentration per PhysicalEventID x Analyte
PE_a98d09332522adfe618b,OP,2015,MT,0.041,2,ML,0.0510373566425855,full_record_deterministic_prediction,one median measured concentration per PhysicalEventID x Analyte
PE_bd8c84ec329021438849,OP,2015,MT,0.01,2,ML,0.0376543458424007,full_record_deterministic_prediction,one median measured concentration per PhysicalEventID x Analyte
PE_bf6fc540566653c363a5,OP,2015,MT,0.01,2,ML,0.061845515685785,full_record_deterministic_prediction,one median measured concentration per PhysicalEventID x Analyte
PE_f28eca55841e3590b19f,OP,2015,MT,0.052,2,ML,0.0570119215533598,full_record_deterministic_prediction,one median measured concentration per PhysicalEventID x Analyte
PE_fc35961bbf4775b1838e,OP,2015,MT,0.049,2,ML,0.0004869538216515,full_record_deterministic_prediction,one median measured concentration per PhysicalEventID x Analyte
PE_27068e46a99396e37068,OP,2015,ST,0.063,2,ML,0.0756684459993244,full_record_deterministic_prediction,one median measured concentration per PhysicalEventID x Analyte
PE_2bc636c51bdfedd7a673,OP,2015,ST,0.07500000000000001,2,ML,0.0593613496979084,full_record_deterministic_prediction,one median measured concentration per PhysicalEventID x Analyte
PE_64548a06be4bb873cda0,OP,2015,ST,0.09,2,ML,0.0094455966759999,full_record_deterministic_prediction,one median measured concentration per PhysicalEventID x Analyte
PE_72bbe667892a258fbed0,OP,2015,ST,0.049,2,ML,0.090569988801764,full_record_deterministic_prediction,one median measured concentration per PhysicalEventID x Analyte
PE_8b715eebc00f1d87b8e3,OP,2015,ST,0.055,2,ML,0.0788495151024549,full_record_deterministic_prediction,one median measured concentration per PhysicalEventID x Analyte
PE_982e6a4e7c9174d09a3c,OP,2015,ST,0.08,1,ML,0.022837509243797,full_record_deterministic_prediction,one median measured concentration per PhysicalEventID x Analyte
PE_ab750944465b3b03a5ec,OP,2015,ST,0.07,2,ML,0.0632018988404942,full_record_deterministic_prediction,one median measured concentration per PhysicalEventID x Analyte
PE_c173a335fbc6a1794117,OP,2015,ST,0.064,2,ML,0.1076999940121016,full_record_deterministic_prediction,one median measured concentration per PhysicalEventID x Analyte
PE_ef16b92ac44718ed6fbe,OP,2015,ST,0.065,2,ML,0.0602754419198506,full_record_deterministic_prediction,one median measured concentration per PhysicalEventID x Analyte
PE_f98814c17b9da4b10046,OP,2015,ST,0.028499999999999998,2,ML,0.0224747823573492,full_record_deterministic_prediction,one median measured concentration per PhysicalEventID x Analyte
PE_571c968894d925b12ac7,OP,2016,CT,0.0705,2,ML,0.0,full_record_deterministic_prediction,one median measured concentration per PhysicalEventID x Analyte
PE_796a63125680b03b1a47,OP,2016,CT,0.061,2,ML,0.0533696728693157,full_record_deterministic_prediction,one median measured concentration per PhysicalEventID x Analyte
PE_962807ecf486db3c765b,OP,2016,CT,0.04,2,ML,0.0,full_record_deterministic_prediction,one median measured concentration per PhysicalEventID x Analyte
PE_cf4508303fbec7c40fe5,OP,2016,CT,0.067,2,ML,0.0124236713330715,full_record_deterministic_prediction,one median measured concentration per PhysicalEventID x Analyte
PE_06726b0bbd436c0f2638,OP,2016,MT,0.0315,2,ML,0.0,full_record_deterministic_prediction,one median measured concentration per PhysicalEventID x Analyte
PE_1d9fa89274a5507fb9c3,OP,2016,MT,0.0385,2,ML,0.0904746610877675,full_record_deterministic_prediction,one median measured concentration per PhysicalEventID x Analyte
PE_2836684cbc95d298d128,OP,2016,MT,0.0315,2,ML,0.0,full_record_deterministic_prediction,one median measured concentration per PhysicalEventID x Analyte
PE_e91aef82d1d0158c64de,OP,2016,MT,0.03,2,ML,0.0558126092251374,full_record_deterministic_prediction,one median measured concentration per PhysicalEventID x Analyte
PE_245bc6dafec7fe277df3,OP,2016,ST,0.0315,2,ML,0.0451689182636662,full_record_deterministic_prediction,one median measured concentration per PhysicalEventID x Analyte
PE_518a902e850a37a6e1f7,OP,2016,ST,0.03,2,ML,0.0,full_record_deterministic_prediction,one median measured concentration per PhysicalEventID x Analyte
PE_7b17489d08fa900cd025,OP,2016,ST,0.04,2,ML,0.0405759448698822,full_record_deterministic_prediction,one median measured concentration per PhysicalEventID x Analyte
PE_ed07163240c41f058ff7,OP,2016,ST,0.0335,2,ML,0.0,full_record_deterministic_prediction,one median measured concentration per PhysicalEventID x Analyte
PE_0db94b33091790ae448c,OP,2017,CT,0.0,3,ML,0.0,full_record_deterministic_prediction,one median measured concentration per PhysicalEventID x Analyte
PE_1286406ef8d51ffa7b89,OP,2017,CT,0.09,1,ML,0.0805240018209128,full_record_deterministic_prediction,one median measured concentration per PhysicalEventID x Analyte
PE_20fd7645e8886a1975a0,OP,2017,CT,0.0,1,ML,0.0712730533787121,full_record_deterministic_prediction,one median measured concentration per PhysicalEventID x Analyte
PE_31bb29072ce592a58136,OP,2017,CT,0.0,1,ML,0.1754860548040598,full_record_deterministic_prediction,one median measured concentration per PhysicalEventID x Analyte
PE_4a45291481f1020c04f7,OP,2017,CT,0.08449999999999999,2,ML,0.0253234751048756,full_record_deterministic_prediction,one median measured concentration per PhysicalEventID x Analyte
PE_a249f721c9cded6ed477,OP,2017,CT,0.066,2,ML,0.0121672200295281,full_record_deterministic_prediction,one median measured concentration per PhysicalEventID x Analyte
PE_a86f0dd73b63a18791b9,OP,2017,CT,0.054,3,ML,0.0145007242295374,full_record_deterministic_prediction,one median measured concentration per PhysicalEventID x Analyte
PE_c0e9a65e116d987d3dfe,OP,2017,CT,0.0,2,ML,0.0083126305631996,full_record_deterministic_prediction,one median measured concentration per PhysicalEventID x Analyte
PE_c67a9e43f22b05bb8d70,OP,2017,CT,0.0,2,ML,0.0066559266982256,full_record_deterministic_prediction,one median measured concentration per PhysicalEventID x Analyte
PE_c6a22d9daf9658c76f8d,OP,2017,CT,0.0,2,ML,0.0,full_record_deterministic_prediction,one median measured concentration per PhysicalEventID x Analyte
PE_c7e10f3a52f813c6a07a,OP,2017,CT,0.0,2,ML,0.0,full_record_deterministic_prediction,one median measured concentration per PhysicalEventID x Analyte
PE_f0acae9004db30c9f89b,OP,2017,CT,0.0,1,ML,0.0759510620658094,full_record_deterministic_prediction,one median measured concentration per PhysicalEventID x Analyte
PE_01ef9362ba3276afc3a9,OP,2017,MT,0.0365,2,ML,0.0609313913971521,full_record_deterministic_prediction,one median measured concentration per PhysicalEventID x Analyte
PE_0d069e1b4f6cd76df6ac,OP,2017,MT,0.09,1,ML,0.1954098484904093,full_record_deterministic_prediction,one median measured concentration per PhysicalEventID x Analyte
PE_283a79a4d7e1d99ea45c,OP,2017,MT,0.0,1,ML,0.1253894166172378,full_record_deterministic_prediction,one median measured concentration per PhysicalEventID x Analyte
PE_3712d644db8e7505fd90,OP,2017,MT,0.0285,2,ML,0.0236435020790996,full_record_deterministic_prediction,one median measured concentration per PhysicalEventID x Analyte
PE_44c3319c1ae4491d3b22,OP,2017,MT,0.0,1,ML,0.1070645243557757,full_record_deterministic_prediction,one median measured concentration per PhysicalEventID x Analyte
PE_5f5cdcb0357234b8314a,OP,2017,MT,0.0,2,ML,0.0654343404303056,full_record_deterministic_prediction,one median measured concentration per PhysicalEventID x Analyte
PE_72973ed7fd2fafa39b49,OP,2017,MT,0.0,1,ML,0.1177514516955729,full_record_deterministic_prediction,one median measured concentration per PhysicalEventID x Analyte
PE_7563047765a1e3f047e6,OP,2017,MT,0.0,1,ML,0.2027508634140084,full_record_deterministic_prediction,one median measured concentration per PhysicalEventID x Analyte
PE_ae6e7b1bd3de16ea6d0f,OP,2017,MT,0.0,1,ML,0.120991385188262,full_record_deterministic_prediction,one median measured concentration per PhysicalEventID x Analyte
PE_c9e73ef1dabab1e96c37,OP,2017,MT,0.0,1,ML,0.1513418906296758,full_record_deterministic_prediction,one median measured concentration per PhysicalEventID x Analyte
PE_df9fe3439780c58ef619,OP,2017,MT,0.0,2,ML,0.060752176913729,full_record_deterministic_prediction,one median measured concentration per PhysicalEventID x Analyte
PE_fa68bde0c7a186695c73,OP,2017,MT,0.08,1,ML,0.2468209676946722,full_record_deterministic_prediction,one median measured concentration per PhysicalEventID x Analyte
PE_20cdd4f089d2cb0bb73d,OP,2017,ST,0.0,2,ML,0.0215747224275041,full_record_deterministic_prediction,one median measured concentration per PhysicalEventID x Analyte
PE_4998c6ec98ba5c91a95d,OP,2017,ST,0.0,3,ML,0.0080082607865087,full_record_deterministic_prediction,one median measured concentration per PhysicalEventID x Analyte
PE_4d317db65fbb1df71b52,OP,2017,ST,0.0,3,ML,0.0141613353856647,full_record_deterministic_prediction,one median measured concentration per PhysicalEventID x Analyte
PE_531c541dd4a3fff82f15,OP,2017,ST,0.0,1,ML,0.0580044735083535,full_record_deterministic_prediction,one median measured concentration per PhysicalEventID x Analyte
PE_568f0b5ec6deda07b9f9,OP,2017,ST,0.062,1,ML,0.264725919768526,full_record_deterministic_prediction,one median measured concentration per PhysicalEventID x Analyte
PE_6ca81f85570cae0e0d9c,OP,2017,ST,0.0,1,ML,0.1075952349055262,full_record_deterministic_prediction,one median measured concentration per PhysicalEventID x Analyte
PE_8b4c5aba46522be8a6ae,OP,2017,ST,0.0,1,ML,0.0764871477611952,full_record_deterministic_prediction,one median measured concentration per PhysicalEventID x Analyte
PE_9be29822841d41a56b41,OP,2017,ST,0.031,2,ML,0.0242651419900294,full_record_deterministic_prediction,one median measured concentration per PhysicalEventID x Analyte
PE_dd2eb9cbf33aadc76796,OP,2017,ST,0.0,2,ML,0.0,full_record_deterministic_prediction,one median measured concentration per PhysicalEventID x Analyte
PE_e8e143ce24098f6b3f6d,OP,2017,ST,0.135,2,ML,0.026496944839225,full_record_deterministic_prediction,one median measured concentration per PhysicalEventID x Analyte
PE_fae3faa31fd03c716eb2,OP,2017,ST,0.0755,2,ML,0.0649359140930699,full_record_deterministic_prediction,one median measured concentration per PhysicalEventID x Analyte
PE_166bc984fea383507df7,OP,2020,CT,0.0,2,ML,0.0,full_record_deterministic_prediction,one median measured concentration per PhysicalEventID x Analyte
PE_568a40e75356dbe2944f,OP,2020,CT,0.0,2,ML,0.0,full_record_deterministic_prediction,one median measured concentration per PhysicalEventID x Analyte
PE_5cea09f5406d83c18d64,OP,2020,CT,0.0,1,ML,0.0688663404666664,full_record_deterministic_prediction,one median measured concentration per PhysicalEventID x Analyte
PE_5fe6f2ac660a17d837bd,OP,2020,CT,0.0,1,ML,0.0,full_record_deterministic_prediction,one median measured concentration per PhysicalEventID x Analyte
PE_81e03fd81db11fe99704,OP,2020,CT,0.0,2,ML,0.0509194094614893,full_record_deterministic_prediction,one median measured concentration per PhysicalEventID x Analyte
PE_956f49ab7f5a452d4e47,OP,2020,CT,0.0,2,ML,0.024740944043198,full_record_deterministic_prediction,one median measured concentration per PhysicalEventID x Analyte
PE_a2e77087ab55e269e32c,OP,2020,CT,0.0,1,ML,0.0345429673869251,full_record_deterministic_prediction,one median measured concentration per PhysicalEventID x Analyte
PE_d03c293a07504dee9823,OP,2020,CT,0.0,2,ML,0.0,full_record_deterministic_prediction,one median measured concentration per PhysicalEventID x Analyte
PE_f112cb116ff39b0745d1,OP,2020,CT,0.0,1,ML,0.0,full_record_deterministic_prediction,one median measured concentration per PhysicalEventID x Analyte
PE_1c61ae236bb189923470,OP,2020,MT,0.0,2,ML,0.0135602866072596,full_record_deterministic_prediction,one median measured concentration per PhysicalEventID x Analyte
PE_3f0bbb475c6994c60cf6,OP,2020,MT,0.0,1,ML,0.0806665367886271,full_record_deterministic_prediction,one median measured concentration per PhysicalEventID x Analyte
PE_48332f955c6c36e57528,OP,2020,MT,0.0,2,ML,0.053875186775239,full_record_deterministic_prediction,one median measured concentration per PhysicalEventID x Analyte
PE_61b68e752c1619aa8c43,OP,2020,MT,0.0,1,ML,0.0,full_record_deterministic_prediction,one median measured concentration per PhysicalEventID x Analyte
PE_8ed15b2f1e5372b81dc7,OP,2020,MT,0.0,1,ML,0.0170866571882774,full_record_deterministic_prediction,one median measured concentration per PhysicalEventID x Analyte
PE_a32b9b1cc443544ce423,OP,2020,MT,0.0,2,ML,0.0137322501324529,full_record_deterministic_prediction,one median measured concentration per PhysicalEventID x Analyte
PE_addb6558497635dd3d9a,OP,2020,MT,0.0,2,ML,0.0423318262036659,full_record_deterministic_prediction,one median measured concentration per PhysicalEventID x Analyte
PE_f20fe17d9d856cebbcf8,OP,2020,MT,0.0,2,ML,0.0,full_record_deterministic_prediction,one median measured concentration per PhysicalEventID x Analyte
PE_f8ef94027a8e2bfa6b9c,OP,2020,MT,0.0,1,ML,0.0213480834406229,full_record_deterministic_prediction,one median measured concentration per PhysicalEventID x Analyte
PE_0b902961f965469f339e,OP,2020,ST,0.0,2,ML,0.0,full_record_deterministic_prediction,one median measured concentration per PhysicalEventID x Analyte
PE_3f6400cdcf4fab1e9fc1,OP,2020,ST,0.0,1,ML,0.0589065056443103,full_record_deterministic_prediction,one median measured concentration per PhysicalEventID x Analyte
PE_46cc9f71204f4afd638d,OP,2020,ST,0.0,1,ML,0.0,full_record_deterministic_prediction,one median measured concentration per PhysicalEventID x Analyte
PE_49fb6cd53fdd5e458f64,OP,2020,ST,0.0,2,ML,0.003834785401533,full_record_deterministic_prediction,one median measured concentration per PhysicalEventID x Analyte
PE_5ff3d0ad9d787e19a7ca,OP,2020,ST,0.0,2,ML,0.0246386447248713,full_record_deterministic_prediction,one median measured concentration per PhysicalEventID x Analyte
PE_875be1f39b86704274b0,OP,2020,ST,0.0,1,ML,0.0255879993616616,full_record_deterministic_prediction,one median measured concentration per PhysicalEventID x Analyte
PE_e92a1d87a3645647bd4e,OP,2020,ST,0.0,2,ML,0.0031675573943227,full_record_deterministic_prediction,one median measured concentration per PhysicalEventID x Analyte
PE_ee23dd5347fd2acef254,OP,2020,ST,0.0,1,ML,0.0601589242158284,full_record_deterministic_prediction,one median measured concentration per PhysicalEventID x Analyte
PE_fc822425df54345742cb,OP,2020,ST,0.0,2,ML,0.0077446931288135,full_record_deterministic_prediction,one median measured concentration per PhysicalEventID x Analyte
PE_051cd85fc942217be314,OP,2021,CT,0.0,2,ML,0.0006308890480022,full_record_deterministic_prediction,one median measured concentration per PhysicalEventID x Analyte
PE_0ac2121b8fe18c0053e2,OP,2021,CT,0.0,3,ML,0.0,full_record_deterministic_prediction,one median measured concentration per PhysicalEventID x Analyte
PE_21dfe39111b133765d37,OP,2021,CT,0.0,2,ML,0.0,full_record_deterministic_prediction,one median measured concentration per PhysicalEventID x Analyte
PE_21eb97240c4e244d59c9,OP,2021,CT,0.0,2,ML,0.0,full_record_deterministic_prediction,one median measured concentration per PhysicalEventID x Analyte
PE_2e40b6e91cc7d5ecd6c3,OP,2021,CT,0.0,2,ML,0.0,full_record_deterministic_prediction,one median measured concentration per PhysicalEventID x Analyte
PE_33074ef569f8079ca2c5,OP,2021,CT,0.63,2,ML,0.4716949194352082,full_record_deterministic_prediction,one median measured concentration per PhysicalEventID x Analyte
PE_3e80216d31c31cb94be7,OP,2021,CT,0.0,4,ML,0.0,full_record_deterministic_prediction,one median measured concentration per PhysicalEventID x Analyte
PE_43f0020c0e87bb28cb4f,OP,2021,CT,0.14300000000000002,2,ML,0.2706497206777167,full_record_deterministic_prediction,one median measured concentration per PhysicalEventID x Analyte
PE_7bb31d342461203b532f,OP,2021,CT,0.0,4,ML,0.01227883027523,full_record_deterministic_prediction,one median measured concentration per PhysicalEventID x Analyte
PE_a1506e8e5a02282cf157,OP,2021,CT,0.0,2,ML,0.0,full_record_deterministic_prediction,one median measured concentration per PhysicalEventID x Analyte
PE_a9b65e771f7f28532999,OP,2021,CT,0.0,4,ML,0.0110896415718323,full_record_deterministic_prediction,one median measured concentration per PhysicalEventID x Analyte
PE_e9ed7c0da6f350ec0ebd,OP,2021,CT,0.0,2,ML,0.0109141208786966,full_record_deterministic_prediction,one median measured concentration per PhysicalEventID x Analyte
PE_10a82e2f3d5ad96163d0,OP,2021,MT,0.0,2,ML,0.0068919737357063,full_record_deterministic_prediction,one median measured concentration per PhysicalEventID x Analyte
PE_29232e3b1d0dd0846861,OP,2021,MT,0.0,4,ML,0.0371020957743497,full_record_deterministic_prediction,one median measured concentration per PhysicalEventID x Analyte
PE_3b0275b6f31aa3c48b11,OP,2021,MT,0.0,2,ML,0.0026794598000179,full_record_deterministic_prediction,one median measured concentration per PhysicalEventID x Analyte
PE_51b615c0027e4e29028e,OP,2021,MT,0.0,2,ML,0.0702212636278534,full_record_deterministic_prediction,one median measured concentration per PhysicalEventID x Analyte
PE_55b3839d44d67304ba2d,OP,2021,MT,0.475,2,ML,0.2388137427529624,full_record_deterministic_prediction,one median measured concentration per PhysicalEventID x Analyte
PE_936c12cc5ae17810e93e,OP,2021,MT,0.0,2,ML,0.0,full_record_deterministic_prediction,one median measured concentration per PhysicalEventID x Analyte
PE_97c5dc883be532c37d60,OP,2021,MT,0.0,2,ML,0.0097537811288868,full_record_deterministic_prediction,one median measured concentration per PhysicalEventID x Analyte
PE_c7ea31b20b60ad1966be,OP,2021,MT,0.0,2,ML,0.0181351579157122,full_record_deterministic_prediction,one median measured concentration per PhysicalEventID x Analyte
PE_e31452c7a0ebfbfaf3f2,OP,2021,MT,0.0,4,ML,0.0306971849974338,full_record_deterministic_prediction,one median measured concentration per PhysicalEventID x Analyte
PE_ebd22f3a15b20eea0e80,OP,2021,MT,0.0,4,ML,0.0021465876572272,full_record_deterministic_prediction,one median measured concentration per PhysicalEventID x Analyte
PE_f0e98ee733e1acf48f4e,OP,2021,MT,0.0,3,ML,0.0086199916707046,full_record_deterministic_prediction,one median measured concentration per PhysicalEventID x Analyte
PE_f544dd1f1224ddc9abde,OP,2021,MT,0.59,1,ML,0.244570014848132,full_record_deterministic_prediction,one median measured concentration per PhysicalEventID x Analyte
PE_16ac905814be2f1ac791,OP,2021,ST,0.0,2,ML,0.0249306437124261,full_record_deterministic_prediction,one median measured concentration per PhysicalEventID x Analyte
PE_1a4143d14585d70064a4,OP,2021,ST,0.0,2,ML,0.0,full_record_deterministic_prediction,one median measured concentration per PhysicalEventID x Analyte
PE_3d9e743a00f5613f6722,OP,2021,ST,0.24,2,ML,0.3074825454175078,full_record_deterministic_prediction,one median measured concentration per PhysicalEventID x Analyte
PE_47319afabf95ce33e7fd,OP,2021,ST,0.0,2,ML,0.0,full_record_deterministic_prediction,one median measured concentration per PhysicalEventID x Analyte
PE_6af7db12fea1a0f5f5e0,OP,2021,ST,0.0,2,ML,0.0,full_record_deterministic_prediction,one median measured concentration per PhysicalEventID x Analyte
PE_6ee044c77bdf30366b5d,OP,2021,ST,0.575,2,ML,0.2528922278874834,full_record_deterministic_prediction,one median measured concentration per PhysicalEventID x Analyte
PE_78a548d4e3eef2a21ea3,OP,2021,ST,0.0,4,ML,0.0085582403819147,full_record_deterministic_prediction,one median measured concentration per PhysicalEventID x Analyte
PE_835c9b48606f6cdfa777,OP,2021,ST,0.0,2,ML,0.0396777732555159,full_record_deterministic_prediction,one median measured concentration per PhysicalEventID x Analyte
PE_af610e0f46836e0b77e1,OP,2021,ST,0.0,2,ML,0.0,full_record_deterministic_prediction,one median measured concentration per PhysicalEventID x Analyte
PE_b08201b583b69f927729,OP,2021,ST,0.0,2,ML,0.0061793807314287,full_record_deterministic_prediction,one median measured concentration per PhysicalEventID x Analyte
PE_c917d3aa7638a95ddccd,OP,2021,ST,0.0,4,ML,0.0037635625326063,full_record_deterministic_prediction,one median measured concentration per PhysicalEventID x Analyte
PE_e416400520de7f5adc17,OP,2021,ST,0.0,3,ML,0.0112344566967866,full_record_deterministic_prediction,one median measured concentration per PhysicalEventID x Analyte
PE_074f45d65401c8fdb3f5,OP,2022,CT,0.0,3,ML,0.0054889273802121,full_record_deterministic_prediction,one median measured concentration per PhysicalEventID x Analyte
PE_26a08057b7264787ef06,OP,2022,CT,0.09,1,ML,0.0,full_record_deterministic_prediction,one median measured concentration per PhysicalEventID x Analyte
PE_32d4186ac5b7c925427a,OP,2022,CT,0.14,2,ML,0.133939293196651,full_record_deterministic_prediction,one median measured concentration per PhysicalEventID x Analyte
PE_3433a0bfc8c7216f3995,OP,2022,CT,0.0,1,ML,0.0532390430791825,full_record_deterministic_prediction,one median measured concentration per PhysicalEventID x Analyte
PE_3f1a3adf6196ed54473e,OP,2022,CT,0.0,1,ML,0.0388507064699379,full_record_deterministic_prediction,one median measured concentration per PhysicalEventID x Analyte
PE_438127a754ce2a504c09,OP,2022,CT,0.0,2,ML,0.029387781315929,full_record_deterministic_prediction,one median measured concentration per PhysicalEventID x Analyte
PE_5ae2ded12c8023b32c0a,OP,2022,CT,0.0,3,ML,0.1225386142886022,full_record_deterministic_prediction,one median measured concentration per PhysicalEventID x Analyte
PE_b8cc705881475991ea0f,OP,2022,CT,0.25,2,ML,0.2246616777350498,full_record_deterministic_prediction,one median measured concentration per PhysicalEventID x Analyte
PE_c409fdcd758dbf3b86bb,OP,2022,CT,0.0,1,ML,0.0,full_record_deterministic_prediction,one median measured concentration per PhysicalEventID x Analyte
PE_db44df4caa1727e348be,OP,2022,CT,0.0,3,ML,0.0,full_record_deterministic_prediction,one median measured concentration per PhysicalEventID x Analyte
PE_df160c088a0a2ccf4d3e,OP,2022,CT,0.16,1,ML,0.1346808428806867,full_record_deterministic_prediction,one median measured concentration per PhysicalEventID x Analyte
PE_eb7e4b7d6a65d5aa6a4b,OP,2022,CT,0.0,3,ML,0.0054467904572609,full_record_deterministic_prediction,one median measured concentration per PhysicalEventID x Analyte
PE_14298b67e71efd6380df,OP,2022,MT,0.0,3,ML,0.1149322603568556,full_record_deterministic_prediction,one median measured concentration per PhysicalEventID x Analyte
PE_260d9de653b38957c0fe,OP,2022,MT,0.165,2,ML,0.1537944956142521,full_record_deterministic_prediction,one median measured concentration per PhysicalEventID x Analyte
PE_344e7a9bb935a4829210,OP,2022,MT,0.0,2,ML,0.0295969040722004,full_record_deterministic_prediction,one median measured concentration per PhysicalEventID x Analyte
PE_3fc5dfce0fb4c6220e16,OP,2022,MT,0.0,3,ML,0.0195027577095351,full_record_deterministic_prediction,one median measured concentration per PhysicalEventID x Analyte
PE_5556897f607258fe9362,OP,2022,MT,0.0,3,ML,0.0326687401570083,full_record_deterministic_prediction,one median measured concentration per PhysicalEventID x Analyte
PE_7b7021667404f4bf5ffe,OP,2022,MT,0.0,3,ML,0.0266405034247425,full_record_deterministic_prediction,one median measured concentration per PhysicalEventID x Analyte
PE_7f40423a8c9c7387079e,OP,2022,MT,0.0,2,ML,0.025927964916219,full_record_deterministic_prediction,one median measured concentration per PhysicalEventID x Analyte
PE_912d046edf542edb9c36,OP,2022,MT,0.22,2,ML,0.1741269025892672,full_record_deterministic_prediction,one median measured concentration per PhysicalEventID x Analyte
PE_a5a3e7d8a5e84189d18a,OP,2022,MT,0.0,3,ML,0.01845759700746,full_record_deterministic_prediction,one median measured concentration per PhysicalEventID x Analyte
PE_aa383c8c9a57591dc206,OP,2022,MT,0.14,2,ML,0.1280116733929214,full_record_deterministic_prediction,one median measured concentration per PhysicalEventID x Analyte
PE_afa287a09ff3e5bab631,OP,2022,MT,0.0,3,ML,0.011947384978936,full_record_deterministic_prediction,one median measured concentration per PhysicalEventID x Analyte
PE_d41d88e8b515629ab69d,OP,2022,MT,0.091,1,ML,0.0,full_record_deterministic_prediction,one median measured concentration per PhysicalEventID x Analyte
PE_f0406a7690a0e8ef2920,OP,2022,MT,0.25,2,ML,0.2365186861201023,full_record_deterministic_prediction,one median measured concentration per PhysicalEventID x Analyte
PE_0656666c2b33c1a71dfc,OP,2022,ST,0.0,3,ML,0.0,full_record_deterministic_prediction,one median measured concentration per PhysicalEventID x Analyte
PE_230aa97120550e292bc7,OP,2022,ST,0.0,2,ML,0.0,full_record_deterministic_prediction,one median measured concentration per PhysicalEventID x Analyte
PE_3eefa2d11be77738359b,OP,2022,ST,0.0,3,ML,0.0,full_record_deterministic_prediction,one median measured concentration per PhysicalEventID x Analyte
PE_425f14902ee81a16cfeb,OP,2022,ST,0.16,1,ML,0.108206431234224,full_record_deterministic_prediction,one median measured concentration per PhysicalEventID x Analyte
PE_510406c16da87dd620cb,OP,2022,ST,0.0,2,ML,0.0629296654451293,full_record_deterministic_prediction,one median measured concentration per PhysicalEventID x Analyte
PE_70d3cc17c47edebe68ad,OP,2022,ST,0.14500000000000002,2,ML,0.1342082542731301,full_record_deterministic_prediction,one median measured concentration per PhysicalEventID x Analyte
PE_7cf61966fec7c7b6adc5,OP,2022,ST,0.24,2,ML,0.2151231684849057,full_record_deterministic_prediction,one median measured concentration per PhysicalEventID x Analyte
PE_901ccaf6a3ac1105504f,OP,2022,ST,0.16999999999999998,2,ML,0.1473555219806692,full_record_deterministic_prediction,one median measured concentration per PhysicalEventID x Analyte
PE_99ec6d6affe898b0e8d2,OP,2022,ST,0.17,1,ML,0.0,full_record_deterministic_prediction,one median measured concentration per PhysicalEventID x Analyte
PE_a8630556d08f6cec7f6a,OP,2022,ST,0.0,3,ML,0.0,full_record_deterministic_prediction,one median measured concentration per PhysicalEventID x Analyte
PE_ceb9c23bc0db5be24388,OP,2022,ST,0.0,3,ML,0.0,full_record_deterministic_prediction,one median measured concentration per PhysicalEventID x Analyte
PE_d47080104483a2906848,OP,2022,ST,0.0,3,ML,0.0126797739004003,full_record_deterministic_prediction,one median measured concentration per PhysicalEventID x Analyte
PE_dc25029fed7bf1b276c5,OP,2022,ST,0.0,3,ML,0.0066416647677648,full_record_deterministic_prediction,one median measured concentration per PhysicalEventID x Analyte
PE_1607bd85c5b858754283,OP,2023,CT,0.0,4,ML,0.0425448772409271,full_record_deterministic_prediction,one median measured concentration per PhysicalEventID x Analyte
PE_17f8630aaa6312f3912a,OP,2023,CT,0.244,4,ML,0.22656390310147,full_record_deterministic_prediction,one median measured concentration per PhysicalEventID x Analyte
PE_21ef5b6342274d9e3203,OP,2023,CT,0.0,4,ML,0.011485993209444,full_record_deterministic_prediction,one median measured concentration per PhysicalEventID x Analyte
PE_222b0b4beba254c530d7,OP,2023,CT,0.0,3,ML,0.0743256012884894,full_record_deterministic_prediction,one median measured concentration per PhysicalEventID x Analyte
PE_577d295e76e129c37688,OP,2023,CT,0.432,4,ML,0.2614590145639044,full_record_deterministic_prediction,one median measured concentration per PhysicalEventID x Analyte
PE_5bf168b414e63b4f63f3,OP,2023,CT,0.219,5,ML,0.2542178145400342,full_record_deterministic_prediction,one median measured concentration per PhysicalEventID x Analyte
PE_7131d35e8cd02b882d26,OP,2023,CT,0.0595,4,ML,0.062540541366812,full_record_deterministic_prediction,one median measured concentration per PhysicalEventID x Analyte
PE_8474551aa700ba7170c1,OP,2023,CT,0.105,1,ML,0.1671705821860764,full_record_deterministic_prediction,one median measured concentration per PhysicalEventID x Analyte
PE_bf4d5c43e21a82c51f4f,OP,2023,CT,0.3665,4,ML,0.2285596080450734,full_record_deterministic_prediction,one median measured concentration per PhysicalEventID x Analyte
PE_ee0d84028e7204c9f8b6,OP,2023,CT,0.0,4,ML,0.045891432431656,full_record_deterministic_prediction,one median measured concentration per PhysicalEventID x Analyte
PE_f071df1dfa8de45515c1,OP,2023,CT,0.094,1,ML,0.2071817237483438,full_record_deterministic_prediction,one median measured concentration per PhysicalEventID x Analyte
PE_f7a5e5b2a4c1c3239774,OP,2023,CT,0.067,4,ML,0.0426538739087302,full_record_deterministic_prediction,one median measured concentration per PhysicalEventID x Analyte
PE_199b5b7c1aaa1098c691,OP,2023,MT,0.098,1,ML,0.1832239210459714,full_record_deterministic_prediction,one median measured concentration per PhysicalEventID x Analyte
PE_23621b170748f0fc60c2,OP,2023,MT,0.315,4,ML,0.2733359020128165,full_record_deterministic_prediction,one median measured concentration per PhysicalEventID x Analyte
PE_248493668060338e72e6,OP,2023,MT,0.053,5,ML,0.0305208171071305,full_record_deterministic_prediction,one median measured concentration per PhysicalEventID x Analyte
PE_3694e2f2ef6dd2e8480f,OP,2023,MT,0.154,1,ML,0.0,full_record_deterministic_prediction,one median measured concentration per PhysicalEventID x Analyte
PE_7751232195de561530b0,OP,2023,MT,0.22949999999999998,4,ML,0.2717872516343935,full_record_deterministic_prediction,one median measured concentration per PhysicalEventID x Analyte
PE_8d90127b55de039c6ab7,OP,2023,MT,0.372,5,ML,0.3300731406112306,full_record_deterministic_prediction,one median measured concentration per PhysicalEventID x Analyte
PE_9d88eac30a91208d302b,OP,2023,MT,0.0,4,ML,0.0,full_record_deterministic_prediction,one median measured concentration per PhysicalEventID x Analyte
PE_a5dd6f772a1d2e7d821c,OP,2023,MT,0.0,6,ML,0.0031166477084331,full_record_deterministic_prediction,one median measured concentration per PhysicalEventID x Analyte
PE_acc7ee117e759ece44f9,OP,2023,MT,0.0,5,ML,0.0,full_record_deterministic_prediction,one median measured concentration per PhysicalEventID x Analyte
PE_b6fd60d10e559978199b,OP,2023,MT,0.0,5,ML,0.0,full_record_deterministic_prediction,one median measured concentration per PhysicalEventID x Analyte
PE_bf74455b1a7c48461768,OP,2023,MT,0.0,3,ML,0.0150145620802459,full_record_deterministic_prediction,one median measured concentration per PhysicalEventID x Analyte
PE_c4acde3ff39ca34f7f1d,OP,2023,MT,0.2415,4,ML,0.2470500493708228,full_record_deterministic_prediction,one median measured concentration per PhysicalEventID x Analyte
PE_68d44a8c5ee2992c2c36,OP,2023,ST,0.2175,4,ML,0.2725636128530375,full_record_deterministic_prediction,one median measured concentration per PhysicalEventID x Analyte
PE_6f90d69c4aa146a04e18,OP,2023,ST,0.074,1,ML,0.0728766644901997,full_record_deterministic_prediction,one median measured concentration per PhysicalEventID x Analyte
PE_78a0e5a12037218db30c,OP,2023,ST,0.306,5,ML,0.1836610533185493,full_record_deterministic_prediction,one median measured concentration per PhysicalEventID x Analyte
PE_8a47f8b2785e361a0f5c,OP,2023,ST,0.0,4,ML,0.025546093036281,full_record_deterministic_prediction,one median measured concentration per PhysicalEventID x Analyte
PE_8f51b688686d8bdc2f79,OP,2023,ST,0.0,4,ML,0.0667353327699166,full_record_deterministic_prediction,one median measured concentration per PhysicalEventID x Analyte
PE_ada3010827131318b4a5,OP,2023,ST,0.0,4,ML,0.0,full_record_deterministic_prediction,one median measured concentration per PhysicalEventID x Analyte
PE_bca2b67b03840bac2206,OP,2023,ST,0.0,4,ML,0.0,full_record_deterministic_prediction,one median measured concentration per PhysicalEventID x Analyte
PE_c6f4076701513ce44077,OP,2023,ST,0.189,1,ML,0.0265727191017811,full_record_deterministic_prediction,one median measured concentration per PhysicalEventID x Analyte
PE_c9875bdbbfec951204a7,OP,2023,ST,0.16,4,ML,0.2016485065688089,full_record_deterministic_prediction,one median measured concentration per PhysicalEventID x Analyte
PE_d0ce0a7aa7e876660808,OP,2023,ST,0.0,4,ML,0.0237553406756317,full_record_deterministic_prediction,one median measured concentration per PhysicalEventID x Analyte
PE_dbd728d03c1d5af8f0ef,OP,2023,ST,0.104,1,ML,0.0,full_record_deterministic_prediction,one median measured concentration per PhysicalEventID x Analyte
PE_e29fdc102c9f799e8e4f,OP,2023,ST,0.0,4,ML,0.0366066284755799,full_record_deterministic_prediction,one median measured concentration per PhysicalEventID x Analyte
PE_fc1529c70189a30552dd,OP,2023,ST,0.3855,4,ML,0.284186156022544,full_record_deterministic_prediction,one median measured concentration per PhysicalEventID x Analyte
PE_3a4478840ec05680e176,OP,2024,CT,0.33599999999999997,4,ML,0.3761430192913714,full_record_deterministic_prediction,one median measured concentration per PhysicalEventID x Analyte
PE_828e337f2a8b9a9634d7,OP,2024,CT,0.1215,4,ML,0.0845790987692255,full_record_deterministic_prediction,one median measured concentration per PhysicalEventID x Analyte
PE_87d4115bb68391b10daf,OP,2024,CT,0.314,4,ML,0.2877359989540041,full_record_deterministic_prediction,one median measured concentration per PhysicalEventID x Analyte
PE_a354768a3ad269a40a28,OP,2024,CT,0.7,4,ML,0.5307730683336517,full_record_deterministic_prediction,one median measured concentration per PhysicalEventID x Analyte
PE_add35a9103c77e144288,OP,2024,CT,0.222,4,ML,0.1528676835476983,full_record_deterministic_prediction,one median measured concentration per PhysicalEventID x Analyte
PE_dd4d0ea35e35c329e9d8,OP,2024,CT,0.0755,4,ML,0.1596084420326065,full_record_deterministic_prediction,one median measured concentration per PhysicalEventID x Analyte
PE_e01f96101de9649fe0a8,OP,2024,CT,0.8775000000000001,2,ML,0.6406599890478596,full_record_deterministic_prediction,one median measured concentration per PhysicalEventID x Analyte
PE_f96a427e92fb0d6cf251,OP,2024,CT,0.393,4,ML,0.2569679482731095,full_record_deterministic_prediction,one median measured concentration per PhysicalEventID x Analyte
PE_02b42436b7981ca07571,OP,2024,MT,0.3185,4,ML,0.2704271590247283,full_record_deterministic_prediction,one median measured concentration per PhysicalEventID x Analyte
PE_7a793bda6ecab836d590,OP,2024,MT,0.39,3,ML,0.3325159040135468,full_record_deterministic_prediction,one median measured concentration per PhysicalEventID x Analyte
PE_ba059ebbc29b11d1a3be,OP,2024,MT,0.7324999999999999,4,ML,0.627797634856018,full_record_deterministic_prediction,one median measured concentration per PhysicalEventID x Analyte
PE_c488be01d5dbff565ef0,OP,2024,MT,0.4575,4,ML,0.4783735567192946,full_record_deterministic_prediction,one median measured concentration per PhysicalEventID x Analyte
PE_c918bf0b868668efb5e3,OP,2024,MT,0.21000000000000002,4,ML,0.1464138889526758,full_record_deterministic_prediction,one median measured concentration per PhysicalEventID x Analyte
PE_cc030c89ee5b8a7462b6,OP,2024,MT,0.268,4,ML,0.1639766426204645,full_record_deterministic_prediction,one median measured concentration per PhysicalEventID x Analyte
PE_d0a561512025e1d2770d,OP,2024,MT,0.155,4,ML,0.1347931700687372,full_record_deterministic_prediction,one median measured concentration per PhysicalEventID x Analyte
PE_e582d3221277d02f35d9,OP,2024,MT,0.655,4,ML,0.2333150980110515,full_record_deterministic_prediction,one median measured concentration per PhysicalEventID x Analyte
PE_00b38906ec1907c7d0dc,OP,2024,ST,0.338,4,ML,0.4965855310139156,full_record_deterministic_prediction,one median measured concentration per PhysicalEventID x Analyte
PE_30f71765b192fa672ac6,OP,2024,ST,0.47,4,ML,0.619943839178226,full_record_deterministic_prediction,one median measured concentration per PhysicalEventID x Analyte
PE_47021952abc7ade62c23,OP,2024,ST,0.2875,4,ML,0.2718516127693318,full_record_deterministic_prediction,one median measured concentration per PhysicalEventID x Analyte
PE_6dfbf6a0b565de5536dd,OP,2024,ST,0.33299999999999996,4,ML,0.2648173825743937,full_record_deterministic_prediction,one median measured concentration per PhysicalEventID x Analyte
PE_d36d20c6bc7c067588be,OP,2024,ST,0.378,3,ML,0.4502935675039029,full_record_deterministic_prediction,one median measured concentration per PhysicalEventID x Analyte
PE_dd553617c7d118d29861,OP,2024,ST,0.302,4,ML,0.169764868885341,full_record_deterministic_prediction,one median measured concentration per PhysicalEventID x Analyte
PE_f0055d0fbf3bb2c0c279,OP,2024,ST,0.163,4,ML,0.2533498995058713,full_record_deterministic_prediction,one median measured concentration per PhysicalEventID x Analyte
PE_f6579064c70952c33aa8,OP,2024,ST,0.7925,4,ML,0.695488415984424,full_record_deterministic_prediction,one median measured concentration per PhysicalEventID x Analyte
PE_01024210b88310ac1815,OP,2025,CT,0.1785,4,ML,0.0950081709542923,full_record_deterministic_prediction,one median measured concentration per PhysicalEventID x Analyte
PE_30d8eee773ba85ed7ec9,OP,2025,CT,0.0,4,ML,0.1000849288114929,full_record_deterministic_prediction,one median measured concentration per PhysicalEventID x Analyte
PE_41cebec90b66f3ef63c2,OP,2025,CT,0.314,3,ML,0.2634361348863325,full_record_deterministic_prediction,one median measured concentration per PhysicalEventID x Analyte
PE_5c35b22fc4eba02df28c,OP,2025,CT,0.33199999999999996,4,ML,0.3537041506024916,full_record_deterministic_prediction,one median measured concentration per PhysicalEventID x Analyte
PE_72b83136bc50254a55a6,OP,2025,CT,0.0,4,ML,0.1087930271477559,full_record_deterministic_prediction,one median measured concentration per PhysicalEventID x Analyte
PE_73a092189bd19f7de823,OP,2025,CT,0.184,4,ML,0.3214756839617055,full_record_deterministic_prediction,one median measured concentration per PhysicalEventID x Analyte
PE_79ea2eb78bef48e2d163,OP,2025,CT,0.364,4,ML,0.3714544702049964,full_record_deterministic_prediction,one median measured concentration per PhysicalEventID x Analyte
PE_85771b5590cb80ee80b1,OP,2025,CT,0.351,4,ML,0.4020513328350539,full_record_deterministic_prediction,one median measured concentration per PhysicalEventID x Analyte
PE_92e7ac2243498d97f3e0,OP,2025,CT,0.308,4,ML,0.2129335427650312,full_record_deterministic_prediction,one median measured concentration per PhysicalEventID x Analyte
PE_961b16815e7ba5016bdb,OP,2025,CT,0.0,4,ML,0.1695213687770475,full_record_deterministic_prediction,one median measured concentration per PhysicalEventID x Analyte
PE_bd4a80359ce1de5f5729,OP,2025,CT,0.0,4,ML,0.161868580462572,full_record_deterministic_prediction,one median measured concentration per PhysicalEventID x Analyte
PE_ef5b618a3b1b8ffbd8e4,OP,2025,CT,0.1525,4,ML,0.1241095665830708,full_record_deterministic_prediction,one median measured concentration per PhysicalEventID x Analyte
PE_2314eec6a45e0be9e203,OP,2025,MT,0.0,4,ML,0.0453554682987626,full_record_deterministic_prediction,one median measured concentration per PhysicalEventID x Analyte
PE_39c8810e26ab4ca7933c,OP,2025,MT,0.27999999999999997,4,ML,0.3457700948187898,full_record_deterministic_prediction,one median measured concentration per PhysicalEventID x Analyte
PE_676050582c291c72204b,OP,2025,MT,0.0755,4,ML,0.0711129611858213,full_record_deterministic_prediction,one median measured concentration per PhysicalEventID x Analyte
PE_6c85627a623e6c9dfbb4,OP,2025,MT,0.1425,4,ML,0.3111854702184963,full_record_deterministic_prediction,one median measured concentration per PhysicalEventID x Analyte
PE_7d221972180d28e4f760,OP,2025,MT,0.0,4,ML,0.0976724663440202,full_record_deterministic_prediction,one median measured concentration per PhysicalEventID x Analyte
PE_a033c0958b5b88a75684,OP,2025,MT,0.279,4,ML,0.2243172764665833,full_record_deterministic_prediction,one median measured concentration per PhysicalEventID x Analyte
PE_a36448d6fe89c398bac0,OP,2025,MT,0.127,4,ML,0.0919122996130868,full_record_deterministic_prediction,one median measured concentration per PhysicalEventID x Analyte
PE_c1edec673d6e55fe03b0,OP,2025,MT,0.161,4,ML,0.2316434160980268,full_record_deterministic_prediction,one median measured concentration per PhysicalEventID x Analyte
PE_c63b91d3075e6834f32e,OP,2025,MT,0.605,4,ML,0.3586128247928436,full_record_deterministic_prediction,one median measured concentration per PhysicalEventID x Analyte
PE_e6892c1c4df9f9956548,OP,2025,MT,0.46099999999999997,4,ML,0.3974673319365636,full_record_deterministic_prediction,one median measured concentration per PhysicalEventID x Analyte
PE_f2544036a8cdc2b562ca,OP,2025,MT,0.125,4,ML,0.2497380403064389,full_record_deterministic_prediction,one median measured concentration per PhysicalEventID x Analyte
PE_ff8985d7bd1f94902d4e,OP,2025,MT,0.214,4,ML,0.233338333197158,full_record_deterministic_prediction,one median measured concentration per PhysicalEventID x Analyte
PE_0373cedd6c6b07cdac38,OP,2025,ST,0.332,4,ML,0.2716145270746022,full_record_deterministic_prediction,one median measured concentration per PhysicalEventID x Analyte
PE_0c2d197a5610b0bbb10e,OP,2025,ST,0.1785,4,ML,0.1680532345484596,full_record_deterministic_prediction,one median measured concentration per PhysicalEventID x Analyte
PE_2000666922e9baf4491a,OP,2025,ST,0.253,4,ML,0.3647428480048619,full_record_deterministic_prediction,one median measured concentration per PhysicalEventID x Analyte
PE_326f1ee42ddcd2cd3c31,OP,2025,ST,0.459,4,ML,0.4168186187537863,full_record_deterministic_prediction,one median measured concentration per PhysicalEventID x Analyte
PE_33b48c45a8f1d7ee984a,OP,2025,ST,0.1365,4,ML,0.1163498279697834,full_record_deterministic_prediction,one median measured concentration per PhysicalEventID x Analyte
PE_44d1a7f433fe780ac78b,OP,2025,ST,0.0,4,ML,0.196169076621531,full_record_deterministic_prediction,one median measured concentration per PhysicalEventID x Analyte
PE_55ff1c1f21eee62bac5f,OP,2025,ST,0.0,4,ML,0.1328039773448736,full_record_deterministic_prediction,one median measured concentration per PhysicalEventID x Analyte
PE_69bf4666a40285ef26b8,OP,2025,ST,0.42300000000000004,4,ML,0.3482262800772629,full_record_deterministic_prediction,one median measured concentration per PhysicalEventID x Analyte
PE_6db16cd7a8da79e5651d,OP,2025,ST,0.0,4,ML,0.1256735528708293,full_record_deterministic_prediction,one median measured concentration per PhysicalEventID x Analyte
PE_744bc567dc348be5d05b,OP,2025,ST,0.21000000000000002,4,ML,0.3192014185296652,full_record_deterministic_prediction,one median measured concentration per PhysicalEventID x Analyte
PE_76eec8ae39fe2d6f5031,OP,2025,ST,0.258,4,ML,0.294203588966013,full_record_deterministic_prediction,one median measured concentration per PhysicalEventID x Analyte
PE_a873c6f206750ebc6cd1,OP,2025,ST,0.0,4,ML,0.1086775069293835,full_record_deterministic_prediction,one median measured concentration per PhysicalEventID x Analyte
PE_166bc984fea383507df7,Se,2020,CT,0.00745,2,Bayes,0.0072842882156233,posterior_predictive_mean,one median measured concentration per PhysicalEventID x Analyte
PE_568a40e75356dbe2944f,Se,2020,CT,0.00545,2,Bayes,0.0054752747654613,posterior_predictive_mean,one median measured concentration per PhysicalEventID x Analyte
PE_5cea09f5406d83c18d64,Se,2020,CT,0.0073,1,Bayes,0.0070036390633761,posterior_predictive_mean,one median measured concentration per PhysicalEventID x Analyte
PE_5fe6f2ac660a17d837bd,Se,2020,CT,0.0062,1,Bayes,0.0059316549604172,posterior_predictive_mean,one median measured concentration per PhysicalEventID x Analyte
PE_81e03fd81db11fe99704,Se,2020,CT,0.00665,2,Bayes,0.0063248013695607,posterior_predictive_mean,one median measured concentration per PhysicalEventID x Analyte
PE_956f49ab7f5a452d4e47,Se,2020,CT,0.006750000000000001,2,Bayes,0.0065569263663851,posterior_predictive_mean,one median measured concentration per PhysicalEventID x Analyte
PE_a2e77087ab55e269e32c,Se,2020,CT,0.0073,1,Bayes,0.0067972705889332,posterior_predictive_mean,one median measured concentration per PhysicalEventID x Analyte
PE_d03c293a07504dee9823,Se,2020,CT,0.006200000000000001,2,Bayes,0.0059927495326243,posterior_predictive_mean,one median measured concentration per PhysicalEventID x Analyte
PE_f112cb116ff39b0745d1,Se,2020,CT,0.0068,1,Bayes,0.0066488030147795,posterior_predictive_mean,one median measured concentration per PhysicalEventID x Analyte
PE_1c61ae236bb189923470,Se,2020,MT,0.005549999999999999,2,Bayes,0.0053967635377091,posterior_predictive_mean,one median measured concentration per PhysicalEventID x Analyte
PE_3f0bbb475c6994c60cf6,Se,2020,MT,0.0058,1,Bayes,0.0057733961648761,posterior_predictive_mean,one median measured concentration per PhysicalEventID x Analyte
PE_48332f955c6c36e57528,Se,2020,MT,0.0055,2,Bayes,0.0053924644685638,posterior_predictive_mean,one median measured concentration per PhysicalEventID x Analyte
PE_61b68e752c1619aa8c43,Se,2020,MT,0.0056,1,Bayes,0.0052941104512325,posterior_predictive_mean,one median measured concentration per PhysicalEventID x Analyte
PE_8ed15b2f1e5372b81dc7,Se,2020,MT,0.0056,1,Bayes,0.0055950905966669,posterior_predictive_mean,one median measured concentration per PhysicalEventID x Analyte
PE_a32b9b1cc443544ce423,Se,2020,MT,0.0055,2,Bayes,0.0052953029565358,posterior_predictive_mean,one median measured concentration per PhysicalEventID x Analyte
PE_addb6558497635dd3d9a,Se,2020,MT,0.0055,2,Bayes,0.0053096665986089,posterior_predictive_mean,one median measured concentration per PhysicalEventID x Analyte
PE_f20fe17d9d856cebbcf8,Se,2020,MT,0.00565,2,Bayes,0.0056712542152497,posterior_predictive_mean,one median measured concentration per PhysicalEventID x Analyte
PE_f8ef94027a8e2bfa6b9c,Se,2020,MT,0.0065,1,Bayes,0.0060073997838928,posterior_predictive_mean,one median measured concentration per PhysicalEventID x Analyte
PE_0b902961f965469f339e,Se,2020,ST,0.0053,2,Bayes,0.0051907701161369,posterior_predictive_mean,one median measured concentration per PhysicalEventID x Analyte
PE_3f6400cdcf4fab1e9fc1,Se,2020,ST,0.0062,1,Bayes,0.0058006227082896,posterior_predictive_mean,one median measured concentration per PhysicalEventID x Analyte
PE_46cc9f71204f4afd638d,Se,2020,ST,0.0056,1,Bayes,0.0052614911638968,posterior_predictive_mean,one median measured concentration per PhysicalEventID x Analyte
PE_49fb6cd53fdd5e458f64,Se,2020,ST,0.0051,2,Bayes,0.0050121966995203,posterior_predictive_mean,one median measured concentration per PhysicalEventID x Analyte
PE_5ff3d0ad9d787e19a7ca,Se,2020,ST,0.0059,2,Bayes,0.005866261681058,posterior_predictive_mean,one median measured concentration per PhysicalEventID x Analyte
PE_875be1f39b86704274b0,Se,2020,ST,0.0058,1,Bayes,0.0057482815410224,posterior_predictive_mean,one median measured concentration per PhysicalEventID x Analyte
PE_e92a1d87a3645647bd4e,Se,2020,ST,0.0056,2,Bayes,0.0053551662997714,posterior_predictive_mean,one median measured concentration per PhysicalEventID x Analyte
PE_ee23dd5347fd2acef254,Se,2020,ST,0.0063,1,Bayes,0.0060736543737065,posterior_predictive_mean,one median measured concentration per PhysicalEventID x Analyte
PE_fc822425df54345742cb,Se,2020,ST,0.0051,2,Bayes,0.0049772399424475,posterior_predictive_mean,one median measured concentration per PhysicalEventID x Analyte
PE_051cd85fc942217be314,Se,2021,CT,0.0071,2,Bayes,0.00692407231342,posterior_predictive_mean,one median measured concentration per PhysicalEventID x Analyte
PE_0ac2121b8fe18c0053e2,Se,2021,CT,0.0074,3,Bayes,0.0071978548717291,posterior_predictive_mean,one median measured concentration per PhysicalEventID x Analyte
PE_21dfe39111b133765d37,Se,2021,CT,0.00575,2,Bayes,0.0055723771035261,posterior_predictive_mean,one median measured concentration per PhysicalEventID x Analyte
PE_21eb97240c4e244d59c9,Se,2021,CT,0.0085,2,Bayes,0.0078427538922576,posterior_predictive_mean,one median measured concentration per PhysicalEventID x Analyte
PE_2e40b6e91cc7d5ecd6c3,Se,2021,CT,0.00855,2,Bayes,0.0078267754649333,posterior_predictive_mean,one median measured concentration per PhysicalEventID x Analyte
PE_33074ef569f8079ca2c5,Se,2021,CT,0.00955,2,Bayes,0.0087905648515096,posterior_predictive_mean,one median measured concentration per PhysicalEventID x Analyte
PE_3e80216d31c31cb94be7,Se,2021,CT,0.00705,4,Bayes,0.006703791199173,posterior_predictive_mean,one median measured concentration per PhysicalEventID x Analyte
PE_43f0020c0e87bb28cb4f,Se,2021,CT,0.0094,2,Bayes,0.0086763709298614,posterior_predictive_mean,one median measured concentration per PhysicalEventID x Analyte
PE_7bb31d342461203b532f,Se,2021,CT,0.0075,4,Bayes,0.0071483630989384,posterior_predictive_mean,one median measured concentration per PhysicalEventID x Analyte
PE_a1506e8e5a02282cf157,Se,2021,CT,0.01,2,Bayes,0.0090976527200741,posterior_predictive_mean,one median measured concentration per PhysicalEventID x Analyte
PE_a9b65e771f7f28532999,Se,2021,CT,0.0072499999999999995,4,Bayes,0.0069972151903125,posterior_predictive_mean,one median measured concentration per PhysicalEventID x Analyte
PE_e9ed7c0da6f350ec0ebd,Se,2021,CT,0.0,2,Bayes,0.0010358064579502,posterior_predictive_mean,one median measured concentration per PhysicalEventID x Analyte
PE_10a82e2f3d5ad96163d0,Se,2021,MT,0.00675,2,Bayes,0.0061841758146321,posterior_predictive_mean,one median measured concentration per PhysicalEventID x Analyte
PE_29232e3b1d0dd0846861,Se,2021,MT,0.0064,3,Bayes,0.0059212084878611,posterior_predictive_mean,one median measured concentration per PhysicalEventID x Analyte
PE_3b0275b6f31aa3c48b11,Se,2021,MT,0.0066,2,Bayes,0.0059970203413832,posterior_predictive_mean,one median measured concentration per PhysicalEventID x Analyte
PE_51b615c0027e4e29028e,Se,2021,MT,0.00405,2,Bayes,0.0040456835463874,posterior_predictive_mean,one median measured concentration per PhysicalEventID x Analyte
PE_55b3839d44d67304ba2d,Se,2021,MT,0.00755,2,Bayes,0.0070570060555306,posterior_predictive_mean,one median measured concentration per PhysicalEventID x Analyte
PE_936c12cc5ae17810e93e,Se,2021,MT,0.00645,2,Bayes,0.0059478739275639,posterior_predictive_mean,one median measured concentration per PhysicalEventID x Analyte
PE_97c5dc883be532c37d60,Se,2021,MT,0.00645,2,Bayes,0.0062444101345929,posterior_predictive_mean,one median measured concentration per PhysicalEventID x Analyte
PE_c7ea31b20b60ad1966be,Se,2021,MT,0.00635,2,Bayes,0.0058066081593897,posterior_predictive_mean,one median measured concentration per PhysicalEventID x Analyte
PE_e31452c7a0ebfbfaf3f2,Se,2021,MT,0.0058,4,Bayes,0.0055781210555841,posterior_predictive_mean,one median measured concentration per PhysicalEventID x Analyte
PE_ebd22f3a15b20eea0e80,Se,2021,MT,0.00575,4,Bayes,0.0054961317037107,posterior_predictive_mean,one median measured concentration per PhysicalEventID x Analyte
PE_f0e98ee733e1acf48f4e,Se,2021,MT,0.0062,3,Bayes,0.0057444091912928,posterior_predictive_mean,one median measured concentration per PhysicalEventID x Analyte
PE_f544dd1f1224ddc9abde,Se,2021,MT,0.0089,1,Bayes,0.0080793501021356,posterior_predictive_mean,one median measured concentration per PhysicalEventID x Analyte
PE_16ac905814be2f1ac791,Se,2021,ST,0.006500000000000001,2,Bayes,0.0062768355900113,posterior_predictive_mean,one median measured concentration per PhysicalEventID x Analyte
PE_1a4143d14585d70064a4,Se,2021,ST,0.0071,2,Bayes,0.0065363242346076,posterior_predictive_mean,one median measured concentration per PhysicalEventID x Analyte
PE_3d9e743a00f5613f6722,Se,2021,ST,0.0078,2,Bayes,0.0071470275013128,posterior_predictive_mean,one median measured concentration per PhysicalEventID x Analyte
PE_47319afabf95ce33e7fd,Se,2021,ST,0.0069,2,Bayes,0.0063199948181599,posterior_predictive_mean,one median measured concentration per PhysicalEventID x Analyte
PE_6af7db12fea1a0f5f5e0,Se,2021,ST,0.00645,2,Bayes,0.0059162336641412,posterior_predictive_mean,one median measured concentration per PhysicalEventID x Analyte
PE_6ee044c77bdf30366b5d,Se,2021,ST,0.0086,2,Bayes,0.0079796766542021,posterior_predictive_mean,one median measured concentration per PhysicalEventID x Analyte
PE_78a548d4e3eef2a21ea3,Se,2021,ST,0.00575,4,Bayes,0.0055593707163199,posterior_predictive_mean,one median measured concentration per PhysicalEventID x Analyte
PE_835c9b48606f6cdfa777,Se,2021,ST,0.0063999999999999994,2,Bayes,0.0058435794128192,posterior_predictive_mean,one median measured concentration per PhysicalEventID x Analyte
PE_af610e0f46836e0b77e1,Se,2021,ST,0.00775,2,Bayes,0.0069737871648858,posterior_predictive_mean,one median measured concentration per PhysicalEventID x Analyte
PE_b08201b583b69f927729,Se,2021,ST,0.006200000000000001,2,Bayes,0.0057066383312863,posterior_predictive_mean,one median measured concentration per PhysicalEventID x Analyte
PE_c917d3aa7638a95ddccd,Se,2021,ST,0.0053,4,Bayes,0.0050459600849998,posterior_predictive_mean,one median measured concentration per PhysicalEventID x Analyte
PE_e416400520de7f5adc17,Se,2021,ST,0.0063,3,Bayes,0.0056693178070886,posterior_predictive_mean,one median measured concentration per PhysicalEventID x Analyte
PE_074f45d65401c8fdb3f5,Se,2022,CT,0.0059,3,Bayes,0.0059254575198004,posterior_predictive_mean,one median measured concentration per PhysicalEventID x Analyte
PE_26a08057b7264787ef06,Se,2022,CT,0.0067,1,Bayes,0.0061197997007875,posterior_predictive_mean,one median measured concentration per PhysicalEventID x Analyte
PE_32d4186ac5b7c925427a,Se,2022,CT,0.00614,2,Bayes,0.0061205721999596,posterior_predictive_mean,one median measured concentration per PhysicalEventID x Analyte
PE_3433a0bfc8c7216f3995,Se,2022,CT,0.022,1,Bayes,0.0172924716613264,posterior_predictive_mean,one median measured concentration per PhysicalEventID x Analyte
PE_3f1a3adf6196ed54473e,Se,2022,CT,0.0053,1,Bayes,0.0058716224207892,posterior_predictive_mean,one median measured concentration per PhysicalEventID x Analyte
PE_438127a754ce2a504c09,Se,2022,CT,0.008,2,Bayes,0.0076489960174174,posterior_predictive_mean,one median measured concentration per PhysicalEventID x Analyte
PE_5ae2ded12c8023b32c0a,Se,2022,CT,0.0069,3,Bayes,0.0068560147373066,posterior_predictive_mean,one median measured concentration per PhysicalEventID x Analyte
PE_b8cc705881475991ea0f,Se,2022,CT,0.006,2,Bayes,0.0060764168958027,posterior_predictive_mean,one median measured concentration per PhysicalEventID x Analyte
PE_c409fdcd758dbf3b86bb,Se,2022,CT,0.009,1,Bayes,0.0080665063233445,posterior_predictive_mean,one median measured concentration per PhysicalEventID x Analyte
PE_db44df4caa1727e348be,Se,2022,CT,0.0062,3,Bayes,0.0060935850594036,posterior_predictive_mean,one median measured concentration per PhysicalEventID x Analyte
PE_df160c088a0a2ccf4d3e,Se,2022,CT,0.0056,1,Bayes,0.0059390382354936,posterior_predictive_mean,one median measured concentration per PhysicalEventID x Analyte
PE_eb7e4b7d6a65d5aa6a4b,Se,2022,CT,0.0063,3,Bayes,0.0062691001130011,posterior_predictive_mean,one median measured concentration per PhysicalEventID x Analyte
PE_14298b67e71efd6380df,Se,2022,MT,0.0079,3,Bayes,0.0076911488988714,posterior_predictive_mean,one median measured concentration per PhysicalEventID x Analyte
PE_260d9de653b38957c0fe,Se,2022,MT,0.0062,2,Bayes,0.0062365194878502,posterior_predictive_mean,one median measured concentration per PhysicalEventID x Analyte
PE_344e7a9bb935a4829210,Se,2022,MT,0.006200000000000001,2,Bayes,0.0063552117284232,posterior_predictive_mean,one median measured concentration per PhysicalEventID x Analyte
PE_3fc5dfce0fb4c6220e16,Se,2022,MT,0.0059,3,Bayes,0.0060699974022876,posterior_predictive_mean,one median measured concentration per PhysicalEventID x Analyte
PE_5556897f607258fe9362,Se,2022,MT,0.0061,3,Bayes,0.0058836472534105,posterior_predictive_mean,one median measured concentration per PhysicalEventID x Analyte
PE_7b7021667404f4bf5ffe,Se,2022,MT,0.0061,3,Bayes,0.0062780700158294,posterior_predictive_mean,one median measured concentration per PhysicalEventID x Analyte
PE_7f40423a8c9c7387079e,Se,2022,MT,0.00685,2,Bayes,0.0066169274582252,posterior_predictive_mean,one median measured concentration per PhysicalEventID x Analyte
PE_912d046edf542edb9c36,Se,2022,MT,0.00615,2,Bayes,0.0062014770816283,posterior_predictive_mean,one median measured concentration per PhysicalEventID x Analyte
PE_a5a3e7d8a5e84189d18a,Se,2022,MT,0.0064,3,Bayes,0.0065569609721969,posterior_predictive_mean,one median measured concentration per PhysicalEventID x Analyte
PE_aa383c8c9a57591dc206,Se,2022,MT,0.006500000000000001,2,Bayes,0.0063703789625856,posterior_predictive_mean,one median measured concentration per PhysicalEventID x Analyte
PE_afa287a09ff3e5bab631,Se,2022,MT,0.0068,3,Bayes,0.0064700385573582,posterior_predictive_mean,one median measured concentration per PhysicalEventID x Analyte
PE_d41d88e8b515629ab69d,Se,2022,MT,0.006,1,Bayes,0.0055271526651896,posterior_predictive_mean,one median measured concentration per PhysicalEventID x Analyte
PE_f0406a7690a0e8ef2920,Se,2022,MT,0.006500000000000001,2,Bayes,0.0063753236827734,posterior_predictive_mean,one median measured concentration per PhysicalEventID x Analyte
PE_0656666c2b33c1a71dfc,Se,2022,ST,0.0063,3,Bayes,0.0060583578418616,posterior_predictive_mean,one median measured concentration per PhysicalEventID x Analyte
PE_230aa97120550e292bc7,Se,2022,ST,0.0064,2,Bayes,0.0064972609539691,posterior_predictive_mean,one median measured concentration per PhysicalEventID x Analyte
PE_3eefa2d11be77738359b,Se,2022,ST,0.0063,3,Bayes,0.0061898085340126,posterior_predictive_mean,one median measured concentration per PhysicalEventID x Analyte
PE_425f14902ee81a16cfeb,Se,2022,ST,0.006,1,Bayes,0.005913907081288,posterior_predictive_mean,one median measured concentration per PhysicalEventID x Analyte
PE_510406c16da87dd620cb,Se,2022,ST,0.00895,2,Bayes,0.0086348428813549,posterior_predictive_mean,one median measured concentration per PhysicalEventID x Analyte
PE_70d3cc17c47edebe68ad,Se,2022,ST,0.00635,2,Bayes,0.0063710973607206,posterior_predictive_mean,one median measured concentration per PhysicalEventID x Analyte
PE_7cf61966fec7c7b6adc5,Se,2022,ST,0.005,2,Bayes,0.0052452050964854,posterior_predictive_mean,one median measured concentration per PhysicalEventID x Analyte
PE_901ccaf6a3ac1105504f,Se,2022,ST,0.0056500000000000005,2,Bayes,0.0057676739789395,posterior_predictive_mean,one median measured concentration per PhysicalEventID x Analyte
PE_99ec6d6affe898b0e8d2,Se,2022,ST,0.0059,1,Bayes,0.0054697001550328,posterior_predictive_mean,one median measured concentration per PhysicalEventID x Analyte
PE_a8630556d08f6cec7f6a,Se,2022,ST,0.0061,3,Bayes,0.0066458534971149,posterior_predictive_mean,one median measured concentration per PhysicalEventID x Analyte
PE_ceb9c23bc0db5be24388,Se,2022,ST,0.006,3,Bayes,0.0059623291354348,posterior_predictive_mean,one median measured concentration per PhysicalEventID x Analyte
PE_d47080104483a2906848,Se,2022,ST,0.0067,3,Bayes,0.0068002432553176,posterior_predictive_mean,one median measured concentration per PhysicalEventID x Analyte
PE_dc25029fed7bf1b276c5,Se,2022,ST,0.0067,3,Bayes,0.0066557991138634,posterior_predictive_mean,one median measured concentration per PhysicalEventID x Analyte
PE_166bc984fea383507df7,Se,2020,CT,0.00745,2,ML,0.0,full_record_deterministic_prediction,one median measured concentration per PhysicalEventID x Analyte
PE_568a40e75356dbe2944f,Se,2020,CT,0.00545,2,ML,0.0063826363087387,full_record_deterministic_prediction,one median measured concentration per PhysicalEventID x Analyte
PE_5cea09f5406d83c18d64,Se,2020,CT,0.0073,1,ML,0.0436660864613847,full_record_deterministic_prediction,one median measured concentration per PhysicalEventID x Analyte
PE_5fe6f2ac660a17d837bd,Se,2020,CT,0.0062,1,ML,0.0,full_record_deterministic_prediction,one median measured concentration per PhysicalEventID x Analyte
PE_81e03fd81db11fe99704,Se,2020,CT,0.00665,2,ML,0.0772745562218708,full_record_deterministic_prediction,one median measured concentration per PhysicalEventID x Analyte
PE_956f49ab7f5a452d4e47,Se,2020,CT,0.006750000000000001,2,ML,0.0751619878714599,full_record_deterministic_prediction,one median measured concentration per PhysicalEventID x Analyte
PE_a2e77087ab55e269e32c,Se,2020,CT,0.0073,1,ML,0.0617949272249394,full_record_deterministic_prediction,one median measured concentration per PhysicalEventID x Analyte
PE_d03c293a07504dee9823,Se,2020,CT,0.006200000000000001,2,ML,0.0,full_record_deterministic_prediction,one median measured concentration per PhysicalEventID x Analyte
PE_f112cb116ff39b0745d1,Se,2020,CT,0.0068,1,ML,0.0,full_record_deterministic_prediction,one median measured concentration per PhysicalEventID x Analyte
PE_1c61ae236bb189923470,Se,2020,MT,0.005549999999999999,2,ML,0.0147179276988961,full_record_deterministic_prediction,one median measured concentration per PhysicalEventID x Analyte
PE_3f0bbb475c6994c60cf6,Se,2020,MT,0.0058,1,ML,0.0561591160966979,full_record_deterministic_prediction,one median measured concentration per PhysicalEventID x Analyte
PE_48332f955c6c36e57528,Se,2020,MT,0.0055,2,ML,0.0495926263343005,full_record_deterministic_prediction,one median measured concentration per PhysicalEventID x Analyte
PE_61b68e752c1619aa8c43,Se,2020,MT,0.0056,1,ML,0.0,full_record_deterministic_prediction,one median measured concentration per PhysicalEventID x Analyte
PE_8ed15b2f1e5372b81dc7,Se,2020,MT,0.0056,1,ML,0.0,full_record_deterministic_prediction,one median measured concentration per PhysicalEventID x Analyte
PE_a32b9b1cc443544ce423,Se,2020,MT,0.0055,2,ML,0.0,full_record_deterministic_prediction,one median measured concentration per PhysicalEventID x Analyte
PE_addb6558497635dd3d9a,Se,2020,MT,0.0055,2,ML,0.0,full_record_deterministic_prediction,one median measured concentration per PhysicalEventID x Analyte
PE_f20fe17d9d856cebbcf8,Se,2020,MT,0.00565,2,ML,0.0011776981517389,full_record_deterministic_prediction,one median measured concentration per PhysicalEventID x Analyte
PE_f8ef94027a8e2bfa6b9c,Se,2020,MT,0.0065,1,ML,0.004243210402321,full_record_deterministic_prediction,one median measured concentration per PhysicalEventID x Analyte
PE_0b902961f965469f339e,Se,2020,ST,0.0053,2,ML,0.0,full_record_deterministic_prediction,one median measured concentration per PhysicalEventID x Analyte
PE_3f6400cdcf4fab1e9fc1,Se,2020,ST,0.0062,1,ML,0.0342496441871412,full_record_deterministic_prediction,one median measured concentration per PhysicalEventID x Analyte
PE_46cc9f71204f4afd638d,Se,2020,ST,0.0056,1,ML,0.0,full_record_deterministic_prediction,one median measured concentration per PhysicalEventID x Analyte
PE_49fb6cd53fdd5e458f64,Se,2020,ST,0.0051,2,ML,0.0,full_record_deterministic_prediction,one median measured concentration per PhysicalEventID x Analyte
PE_5ff3d0ad9d787e19a7ca,Se,2020,ST,0.0059,2,ML,0.0702808416612716,full_record_deterministic_prediction,one median measured concentration per PhysicalEventID x Analyte
PE_875be1f39b86704274b0,Se,2020,ST,0.0058,1,ML,0.0157825357836931,full_record_deterministic_prediction,one median measured concentration per PhysicalEventID x Analyte
PE_e92a1d87a3645647bd4e,Se,2020,ST,0.0056,2,ML,0.0,full_record_deterministic_prediction,one median measured concentration per PhysicalEventID x Analyte
PE_ee23dd5347fd2acef254,Se,2020,ST,0.0063,1,ML,0.0463801858951919,full_record_deterministic_prediction,one median measured concentration per PhysicalEventID x Analyte
PE_fc822425df54345742cb,Se,2020,ST,0.0051,2,ML,0.0,full_record_deterministic_prediction,one median measured concentration per PhysicalEventID x Analyte
PE_051cd85fc942217be314,Se,2021,CT,0.0071,2,ML,0.0090427604355989,full_record_deterministic_prediction,one median measured concentration per PhysicalEventID x Analyte
PE_0ac2121b8fe18c0053e2,Se,2021,CT,0.0074,3,ML,0.0090182305768048,full_record_deterministic_prediction,one median measured concentration per PhysicalEventID x Analyte
PE_21dfe39111b133765d37,Se,2021,CT,0.00575,2,ML,0.009070446278084,full_record_deterministic_prediction,one median measured concentration per PhysicalEventID x Analyte
PE_21eb97240c4e244d59c9,Se,2021,CT,0.0085,2,ML,0.0024958993998088,full_record_deterministic_prediction,one median measured concentration per PhysicalEventID x Analyte
PE_2e40b6e91cc7d5ecd6c3,Se,2021,CT,0.00855,2,ML,0.0154962469734213,full_record_deterministic_prediction,one median measured concentration per PhysicalEventID x Analyte
PE_33074ef569f8079ca2c5,Se,2021,CT,0.00955,2,ML,0.130963164456867,full_record_deterministic_prediction,one median measured concentration per PhysicalEventID x Analyte
PE_3e80216d31c31cb94be7,Se,2021,CT,0.00705,4,ML,0.0071321009222734,full_record_deterministic_prediction,one median measured concentration per PhysicalEventID x Analyte
PE_43f0020c0e87bb28cb4f,Se,2021,CT,0.0094,2,ML,0.0983528549675988,full_record_deterministic_prediction,one median measured concentration per PhysicalEventID x Analyte
PE_7bb31d342461203b532f,Se,2021,CT,0.0075,4,ML,0.015483712426373,full_record_deterministic_prediction,one median measured concentration per PhysicalEventID x Analyte
PE_a1506e8e5a02282cf157,Se,2021,CT,0.01,2,ML,0.0097367816862891,full_record_deterministic_prediction,one median measured concentration per PhysicalEventID x Analyte
PE_a9b65e771f7f28532999,Se,2021,CT,0.0072499999999999995,4,ML,0.0143874820117697,full_record_deterministic_prediction,one median measured concentration per PhysicalEventID x Analyte
PE_e9ed7c0da6f350ec0ebd,Se,2021,CT,0.0,2,ML,0.0059399982883221,full_record_deterministic_prediction,one median measured concentration per PhysicalEventID x Analyte
PE_10a82e2f3d5ad96163d0,Se,2021,MT,0.00675,2,ML,0.0,full_record_deterministic_prediction,one median measured concentration per PhysicalEventID x Analyte
PE_29232e3b1d0dd0846861,Se,2021,MT,0.0064,3,ML,0.0395443211301217,full_record_deterministic_prediction,one median measured concentration per PhysicalEventID x Analyte
PE_3b0275b6f31aa3c48b11,Se,2021,MT,0.0066,2,ML,0.0,full_record_deterministic_prediction,one median measured concentration per PhysicalEventID x Analyte
PE_51b615c0027e4e29028e,Se,2021,MT,0.00405,2,ML,0.0606292610243301,full_record_deterministic_prediction,one median measured concentration per PhysicalEventID x Analyte
PE_55b3839d44d67304ba2d,Se,2021,MT,0.00755,2,ML,0.0167230112375665,full_record_deterministic_prediction,one median measured concentration per PhysicalEventID x Analyte
PE_936c12cc5ae17810e93e,Se,2021,MT,0.00645,2,ML,0.0,full_record_deterministic_prediction,one median measured concentration per PhysicalEventID x Analyte
PE_97c5dc883be532c37d60,Se,2021,MT,0.00645,2,ML,0.0299685201185125,full_record_deterministic_prediction,one median measured concentration per PhysicalEventID x Analyte
PE_c7ea31b20b60ad1966be,Se,2021,MT,0.00635,2,ML,0.0119899811385929,full_record_deterministic_prediction,one median measured concentration per PhysicalEventID x Analyte
PE_e31452c7a0ebfbfaf3f2,Se,2021,MT,0.0058,4,ML,0.0301941934465745,full_record_deterministic_prediction,one median measured concentration per PhysicalEventID x Analyte
PE_ebd22f3a15b20eea0e80,Se,2021,MT,0.00575,4,ML,0.0,full_record_deterministic_prediction,one median measured concentration per PhysicalEventID x Analyte
PE_f0e98ee733e1acf48f4e,Se,2021,MT,0.0062,3,ML,0.0,full_record_deterministic_prediction,one median measured concentration per PhysicalEventID x Analyte
PE_f544dd1f1224ddc9abde,Se,2021,MT,0.0089,1,ML,0.0931110284396296,full_record_deterministic_prediction,one median measured concentration per PhysicalEventID x Analyte
PE_16ac905814be2f1ac791,Se,2021,ST,0.006500000000000001,2,ML,0.0369092289239846,full_record_deterministic_prediction,one median measured concentration per PhysicalEventID x Analyte
PE_1a4143d14585d70064a4,Se,2021,ST,0.0071,2,ML,0.006304621992807,full_record_deterministic_prediction,one median measured concentration per PhysicalEventID x Analyte
PE_3d9e743a00f5613f6722,Se,2021,ST,0.0078,2,ML,0.0331666795890377,full_record_deterministic_prediction,one median measured concentration per PhysicalEventID x Analyte
PE_47319afabf95ce33e7fd,Se,2021,ST,0.0069,2,ML,0.0,full_record_deterministic_prediction,one median measured concentration per PhysicalEventID x Analyte
PE_6af7db12fea1a0f5f5e0,Se,2021,ST,0.00645,2,ML,0.0,full_record_deterministic_prediction,one median measured concentration per PhysicalEventID x Analyte
PE_6ee044c77bdf30366b5d,Se,2021,ST,0.0086,2,ML,0.0803664591714367,full_record_deterministic_prediction,one median measured concentration per PhysicalEventID x Analyte
PE_78a548d4e3eef2a21ea3,Se,2021,ST,0.00575,4,ML,0.0,full_record_deterministic_prediction,one median measured concentration per PhysicalEventID x Analyte
PE_835c9b48606f6cdfa777,Se,2021,ST,0.0063999999999999994,2,ML,0.0180414671315749,full_record_deterministic_prediction,one median measured concentration per PhysicalEventID x Analyte
PE_af610e0f46836e0b77e1,Se,2021,ST,0.00775,2,ML,0.0059642914224548,full_record_deterministic_prediction,one median measured concentration per PhysicalEventID x Analyte
PE_b08201b583b69f927729,Se,2021,ST,0.006200000000000001,2,ML,0.0139747654283694,full_record_deterministic_prediction,one median measured concentration per PhysicalEventID x Analyte
PE_c917d3aa7638a95ddccd,Se,2021,ST,0.0053,4,ML,0.0,full_record_deterministic_prediction,one median measured concentration per PhysicalEventID x Analyte
PE_e416400520de7f5adc17,Se,2021,ST,0.0063,3,ML,0.0112536713655451,full_record_deterministic_prediction,one median measured concentration per PhysicalEventID x Analyte
PE_074f45d65401c8fdb3f5,Se,2022,CT,0.0059,3,ML,0.0,full_record_deterministic_prediction,one median measured concentration per PhysicalEventID x Analyte
PE_26a08057b7264787ef06,Se,2022,CT,0.0067,1,ML,0.0,full_record_deterministic_prediction,one median measured concentration per PhysicalEventID x Analyte
PE_32d4186ac5b7c925427a,Se,2022,CT,0.00614,2,ML,0.0,full_record_deterministic_prediction,one median measured concentration per PhysicalEventID x Analyte
PE_3433a0bfc8c7216f3995,Se,2022,CT,0.022,1,ML,0.0145044047090951,full_record_deterministic_prediction,one median measured concentration per PhysicalEventID x Analyte
PE_3f1a3adf6196ed54473e,Se,2022,CT,0.0053,1,ML,0.0,full_record_deterministic_prediction,one median measured concentration per PhysicalEventID x Analyte
PE_438127a754ce2a504c09,Se,2022,CT,0.008,2,ML,0.023862027915359,full_record_deterministic_prediction,one median measured concentration per PhysicalEventID x Analyte
PE_5ae2ded12c8023b32c0a,Se,2022,CT,0.0069,3,ML,0.1067908989417831,full_record_deterministic_prediction,one median measured concentration per PhysicalEventID x Analyte
PE_b8cc705881475991ea0f,Se,2022,CT,0.006,2,ML,0.1130059894011015,full_record_deterministic_prediction,one median measured concentration per PhysicalEventID x Analyte
PE_c409fdcd758dbf3b86bb,Se,2022,CT,0.009,1,ML,0.0,full_record_deterministic_prediction,one median measured concentration per PhysicalEventID x Analyte
PE_db44df4caa1727e348be,Se,2022,CT,0.0062,3,ML,0.0,full_record_deterministic_prediction,one median measured concentration per PhysicalEventID x Analyte
PE_df160c088a0a2ccf4d3e,Se,2022,CT,0.0056,1,ML,0.0,full_record_deterministic_prediction,one median measured concentration per PhysicalEventID x Analyte
PE_eb7e4b7d6a65d5aa6a4b,Se,2022,CT,0.0063,3,ML,0.0,full_record_deterministic_prediction,one median measured concentration per PhysicalEventID x Analyte
PE_14298b67e71efd6380df,Se,2022,MT,0.0079,3,ML,0.1662450906433599,full_record_deterministic_prediction,one median measured concentration per PhysicalEventID x Analyte
PE_260d9de653b38957c0fe,Se,2022,MT,0.0062,2,ML,0.0006421948681681,full_record_deterministic_prediction,one median measured concentration per PhysicalEventID x Analyte
PE_344e7a9bb935a4829210,Se,2022,MT,0.006200000000000001,2,ML,0.0662588796611238,full_record_deterministic_prediction,one median measured concentration per PhysicalEventID x Analyte
PE_3fc5dfce0fb4c6220e16,Se,2022,MT,0.0059,3,ML,0.0,full_record_deterministic_prediction,one median measured concentration per PhysicalEventID x Analyte
PE_5556897f607258fe9362,Se,2022,MT,0.0061,3,ML,0.0,full_record_deterministic_prediction,one median measured concentration per PhysicalEventID x Analyte
PE_7b7021667404f4bf5ffe,Se,2022,MT,0.0061,3,ML,0.0266491665849161,full_record_deterministic_prediction,one median measured concentration per PhysicalEventID x Analyte
PE_7f40423a8c9c7387079e,Se,2022,MT,0.00685,2,ML,0.0755497721138874,full_record_deterministic_prediction,one median measured concentration per PhysicalEventID x Analyte
PE_912d046edf542edb9c36,Se,2022,MT,0.00615,2,ML,0.0047900281377991,full_record_deterministic_prediction,one median measured concentration per PhysicalEventID x Analyte
PE_a5a3e7d8a5e84189d18a,Se,2022,MT,0.0064,3,ML,0.0130547436513073,full_record_deterministic_prediction,one median measured concentration per PhysicalEventID x Analyte
PE_aa383c8c9a57591dc206,Se,2022,MT,0.006500000000000001,2,ML,0.0,full_record_deterministic_prediction,one median measured concentration per PhysicalEventID x Analyte
PE_afa287a09ff3e5bab631,Se,2022,MT,0.0068,3,ML,0.0199433698588411,full_record_deterministic_prediction,one median measured concentration per PhysicalEventID x Analyte
PE_d41d88e8b515629ab69d,Se,2022,MT,0.006,1,ML,0.0,full_record_deterministic_prediction,one median measured concentration per PhysicalEventID x Analyte
PE_f0406a7690a0e8ef2920,Se,2022,MT,0.006500000000000001,2,ML,0.0986331874773736,full_record_deterministic_prediction,one median measured concentration per PhysicalEventID x Analyte
PE_0656666c2b33c1a71dfc,Se,2022,ST,0.0063,3,ML,0.0,full_record_deterministic_prediction,one median measured concentration per PhysicalEventID x Analyte
PE_230aa97120550e292bc7,Se,2022,ST,0.0064,2,ML,0.0007974617193078,full_record_deterministic_prediction,one median measured concentration per PhysicalEventID x Analyte
PE_3eefa2d11be77738359b,Se,2022,ST,0.0063,3,ML,0.0,full_record_deterministic_prediction,one median measured concentration per PhysicalEventID x Analyte
PE_425f14902ee81a16cfeb,Se,2022,ST,0.006,1,ML,0.0,full_record_deterministic_prediction,one median measured concentration per PhysicalEventID x Analyte
PE_510406c16da87dd620cb,Se,2022,ST,0.00895,2,ML,0.1179206801209856,full_record_deterministic_prediction,one median measured concentration per PhysicalEventID x Analyte
PE_70d3cc17c47edebe68ad,Se,2022,ST,0.00635,2,ML,0.0,full_record_deterministic_prediction,one median measured concentration per PhysicalEventID x Analyte
PE_7cf61966fec7c7b6adc5,Se,2022,ST,0.005,2,ML,0.0541575977619994,full_record_deterministic_prediction,one median measured concentration per PhysicalEventID x Analyte
PE_901ccaf6a3ac1105504f,Se,2022,ST,0.0056500000000000005,2,ML,0.0,full_record_deterministic_prediction,one median measured concentration per PhysicalEventID x Analyte
PE_99ec6d6affe898b0e8d2,Se,2022,ST,0.0059,1,ML,0.0,full_record_deterministic_prediction,one median measured concentration per PhysicalEventID x Analyte
PE_a8630556d08f6cec7f6a,Se,2022,ST,0.0061,3,ML,0.0,full_record_deterministic_prediction,one median measured concentration per PhysicalEventID x Analyte
PE_ceb9c23bc0db5be24388,Se,2022,ST,0.006,3,ML,0.0,full_record_deterministic_prediction,one median measured concentration per PhysicalEventID x Analyte
PE_d47080104483a2906848,Se,2022,ST,0.0067,3,ML,0.0163060317591072,full_record_deterministic_prediction,one median measured concentration per PhysicalEventID x Analyte
PE_dc25029fed7bf1b276c5,Se,2022,ST,0.0067,3,ML,0.0517523531736912,full_record_deterministic_prediction,one median measured concentration per PhysicalEventID x Analyte
PE_1607bd85c5b858754283,TDS,2023,CT,908.0,4,Bayes,890.0749923983383,posterior_predictive_mean,one median measured concentration per PhysicalEventID x Analyte
PE_17f8630aaa6312f3912a,TDS,2023,CT,1220.0,4,Bayes,1235.3016029612522,posterior_predictive_mean,one median measured concentration per PhysicalEventID x Analyte
PE_21ef5b6342274d9e3203,TDS,2023,CT,864.0,4,Bayes,838.3906442810716,posterior_predictive_mean,one median measured concentration per PhysicalEventID x Analyte
PE_222b0b4beba254c530d7,TDS,2023,CT,1110.0,3,Bayes,916.1364636931868,posterior_predictive_mean,one median measured concentration per PhysicalEventID x Analyte
PE_577d295e76e129c37688,TDS,2023,CT,1150.0,4,Bayes,1139.9724354042007,posterior_predictive_mean,one median measured concentration per PhysicalEventID x Analyte
PE_5bf168b414e63b4f63f3,TDS,2023,CT,1180.0,5,Bayes,1173.7768896242742,posterior_predictive_mean,one median measured concentration per PhysicalEventID x Analyte
PE_7131d35e8cd02b882d26,TDS,2023,CT,1310.0,4,Bayes,1290.5659935403671,posterior_predictive_mean,one median measured concentration per PhysicalEventID x Analyte
PE_8474551aa700ba7170c1,TDS,2023,CT,170.0,1,Bayes,231.0791561092348,posterior_predictive_mean,one median measured concentration per PhysicalEventID x Analyte
PE_bf4d5c43e21a82c51f4f,TDS,2023,CT,1240.0,4,Bayes,1254.7380451478923,posterior_predictive_mean,one median measured concentration per PhysicalEventID x Analyte
PE_ee0d84028e7204c9f8b6,TDS,2023,CT,1150.0,4,Bayes,1137.3260437154822,posterior_predictive_mean,one median measured concentration per PhysicalEventID x Analyte
PE_f071df1dfa8de45515c1,TDS,2023,CT,156.0,1,Bayes,222.1379624962401,posterior_predictive_mean,one median measured concentration per PhysicalEventID x Analyte
PE_f7a5e5b2a4c1c3239774,TDS,2023,CT,1215.0,4,Bayes,1154.7073083741798,posterior_predictive_mean,one median measured concentration per PhysicalEventID x Analyte
PE_199b5b7c1aaa1098c691,TDS,2023,MT,196.0,1,Bayes,268.44148713029483,posterior_predictive_mean,one median measured concentration per PhysicalEventID x Analyte
PE_23621b170748f0fc60c2,TDS,2023,MT,1180.0,4,Bayes,1187.7559402642105,posterior_predictive_mean,one median measured concentration per PhysicalEventID x Analyte
PE_248493668060338e72e6,TDS,2023,MT,1240.0,5,Bayes,1237.7482172706616,posterior_predictive_mean,one median measured concentration per PhysicalEventID x Analyte
PE_3694e2f2ef6dd2e8480f,TDS,2023,MT,296.0,1,Bayes,345.4749618882805,posterior_predictive_mean,one median measured concentration per PhysicalEventID x Analyte
PE_7751232195de561530b0,TDS,2023,MT,1230.0,4,Bayes,1420.1048183018308,posterior_predictive_mean,one median measured concentration per PhysicalEventID x Analyte
PE_8d90127b55de039c6ab7,TDS,2023,MT,1180.0,5,Bayes,1168.384187963078,posterior_predictive_mean,one median measured concentration per PhysicalEventID x Analyte
PE_9d88eac30a91208d302b,TDS,2023,MT,896.0,4,Bayes,898.6519356113324,posterior_predictive_mean,one median measured concentration per PhysicalEventID x Analyte
PE_a5dd6f772a1d2e7d821c,TDS,2023,MT,930.0,6,Bayes,943.4227944058426,posterior_predictive_mean,one median measured concentration per PhysicalEventID x Analyte
PE_acc7ee117e759ece44f9,TDS,2023,MT,1140.0,5,Bayes,1151.6039353059982,posterior_predictive_mean,one median measured concentration per PhysicalEventID x Analyte
PE_b6fd60d10e559978199b,TDS,2023,MT,1160.0,5,Bayes,1144.4833138309596,posterior_predictive_mean,one median measured concentration per PhysicalEventID x Analyte
PE_bf74455b1a7c48461768,TDS,2023,MT,1180.0,3,Bayes,1201.3208319649953,posterior_predictive_mean,one median measured concentration per PhysicalEventID x Analyte
PE_c4acde3ff39ca34f7f1d,TDS,2023,MT,1215.0,4,Bayes,1198.4847758881242,posterior_predictive_mean,one median measured concentration per PhysicalEventID x Analyte
PE_68d44a8c5ee2992c2c36,TDS,2023,ST,1175.0,4,Bayes,1187.3794070966796,posterior_predictive_mean,one median measured concentration per PhysicalEventID x Analyte
PE_6f90d69c4aa146a04e18,TDS,2023,ST,180.0,1,Bayes,245.2475897089864,posterior_predictive_mean,one median measured concentration per PhysicalEventID x Analyte
PE_78a0e5a12037218db30c,TDS,2023,ST,1200.0,5,Bayes,1214.5537458693975,posterior_predictive_mean,one median measured concentration per PhysicalEventID x Analyte
PE_8a47f8b2785e361a0f5c,TDS,2023,ST,1220.0,4,Bayes,1003.251902329988,posterior_predictive_mean,one median measured concentration per PhysicalEventID x Analyte
PE_8f51b688686d8bdc2f79,TDS,2023,ST,1365.0,4,Bayes,1324.7183552481615,posterior_predictive_mean,one median measured concentration per PhysicalEventID x Analyte
PE_ada3010827131318b4a5,TDS,2023,ST,1195.0,4,Bayes,1178.108190158392,posterior_predictive_mean,one median measured concentration per PhysicalEventID x Analyte
PE_bca2b67b03840bac2206,TDS,2023,ST,1215.0,4,Bayes,1171.3109303927251,posterior_predictive_mean,one median measured concentration per PhysicalEventID x Analyte
PE_c6f4076701513ce44077,TDS,2023,ST,150.0,1,Bayes,222.53405969699645,posterior_predictive_mean,one median measured concentration per PhysicalEventID x Analyte
PE_c9875bdbbfec951204a7,TDS,2023,ST,1280.0,4,Bayes,1285.0772179176545,posterior_predictive_mean,one median measured concentration per PhysicalEventID x Analyte
PE_d0ce0a7aa7e876660808,TDS,2023,ST,986.0,4,Bayes,933.9147831872352,posterior_predictive_mean,one median measured concentration per PhysicalEventID x Analyte
PE_dbd728d03c1d5af8f0ef,TDS,2023,ST,212.0,1,Bayes,279.0351278106812,posterior_predictive_mean,one median measured concentration per PhysicalEventID x Analyte
PE_e29fdc102c9f799e8e4f,TDS,2023,ST,950.0,4,Bayes,937.9973478157276,posterior_predictive_mean,one median measured concentration per PhysicalEventID x Analyte
PE_fc1529c70189a30552dd,TDS,2023,ST,1195.0,4,Bayes,1178.89718444886,posterior_predictive_mean,one median measured concentration per PhysicalEventID x Analyte
PE_3a4478840ec05680e176,TDS,2024,CT,561.0,4,Bayes,589.5000935449689,posterior_predictive_mean,one median measured concentration per PhysicalEventID x Analyte
PE_828e337f2a8b9a9634d7,TDS,2024,CT,1325.0,4,Bayes,1303.802676229806,posterior_predictive_mean,one median measured concentration per PhysicalEventID x Analyte
PE_87d4115bb68391b10daf,TDS,2024,CT,602.0,4,Bayes,618.8497796620477,posterior_predictive_mean,one median measured concentration per PhysicalEventID x Analyte
PE_a354768a3ad269a40a28,TDS,2024,CT,1285.0,4,Bayes,1306.5374272120573,posterior_predictive_mean,one median measured concentration per PhysicalEventID x Analyte
PE_add35a9103c77e144288,TDS,2024,CT,1240.0,4,Bayes,1263.4128711700096,posterior_predictive_mean,one median measured concentration per PhysicalEventID x Analyte
PE_dd4d0ea35e35c329e9d8,TDS,2024,CT,1285.0,4,Bayes,1275.592117075122,posterior_predictive_mean,one median measured concentration per PhysicalEventID x Analyte
PE_e01f96101de9649fe0a8,TDS,2024,CT,1052.0,2,Bayes,1185.8051360375805,posterior_predictive_mean,one median measured concentration per PhysicalEventID x Analyte
PE_f96a427e92fb0d6cf251,TDS,2024,CT,1250.0,4,Bayes,1256.3738602926485,posterior_predictive_mean,one median measured concentration per PhysicalEventID x Analyte
PE_02b42436b7981ca07571,TDS,2024,MT,620.0,4,Bayes,632.9881845042648,posterior_predictive_mean,one median measured concentration per PhysicalEventID x Analyte
PE_7a793bda6ecab836d590,TDS,2024,MT,598.0,3,Bayes,654.5247010617262,posterior_predictive_mean,one median measured concentration per PhysicalEventID x Analyte
PE_ba059ebbc29b11d1a3be,TDS,2024,MT,1325.0,4,Bayes,1337.794677318937,posterior_predictive_mean,one median measured concentration per PhysicalEventID x Analyte
PE_c488be01d5dbff565ef0,TDS,2024,MT,1305.0,4,Bayes,1325.3976377174088,posterior_predictive_mean,one median measured concentration per PhysicalEventID x Analyte
PE_c918bf0b868668efb5e3,TDS,2024,MT,1210.0,4,Bayes,1231.294856987269,posterior_predictive_mean,one median measured concentration per PhysicalEventID x Analyte
PE_cc030c89ee5b8a7462b6,TDS,2024,MT,1310.0,4,Bayes,1318.8575549573543,posterior_predictive_mean,one median measured concentration per PhysicalEventID x Analyte
PE_d0a561512025e1d2770d,TDS,2024,MT,1220.0,4,Bayes,1233.9175445882768,posterior_predictive_mean,one median measured concentration per PhysicalEventID x Analyte
PE_e582d3221277d02f35d9,TDS,2024,MT,1270.0,4,Bayes,1288.8681338413571,posterior_predictive_mean,one median measured concentration per PhysicalEventID x Analyte
PE_00b38906ec1907c7d0dc,TDS,2024,ST,605.0,4,Bayes,612.1124398527372,posterior_predictive_mean,one median measured concentration per PhysicalEventID x Analyte
PE_30f71765b192fa672ac6,TDS,2024,ST,1280.0,4,Bayes,1300.7259741930006,posterior_predictive_mean,one median measured concentration per PhysicalEventID x Analyte
PE_47021952abc7ade62c23,TDS,2024,ST,1290.0,4,Bayes,1292.3167609772258,posterior_predictive_mean,one median measured concentration per PhysicalEventID x Analyte
PE_6dfbf6a0b565de5536dd,TDS,2024,ST,1280.0,4,Bayes,1289.475689550552,posterior_predictive_mean,one median measured concentration per PhysicalEventID x Analyte
PE_d36d20c6bc7c067588be,TDS,2024,ST,582.0,3,Bayes,617.6224728970253,posterior_predictive_mean,one median measured concentration per PhysicalEventID x Analyte
PE_dd553617c7d118d29861,TDS,2024,ST,1290.0,4,Bayes,1309.0724087455992,posterior_predictive_mean,one median measured concentration per PhysicalEventID x Analyte
PE_f0055d0fbf3bb2c0c279,TDS,2024,ST,1280.0,4,Bayes,1289.268898378321,posterior_predictive_mean,one median measured concentration per PhysicalEventID x Analyte
PE_f6579064c70952c33aa8,TDS,2024,ST,1265.0,4,Bayes,1303.6463033945183,posterior_predictive_mean,one median measured concentration per PhysicalEventID x Analyte
PE_01024210b88310ac1815,TDS,2025,CT,601.0,4,Bayes,642.6636183064714,posterior_predictive_mean,one median measured concentration per PhysicalEventID x Analyte
PE_30d8eee773ba85ed7ec9,TDS,2025,CT,617.0,4,Bayes,657.4738831599282,posterior_predictive_mean,one median measured concentration per PhysicalEventID x Analyte
PE_41cebec90b66f3ef63c2,TDS,2025,CT,628.0,3,Bayes,643.7676509612793,posterior_predictive_mean,one median measured concentration per PhysicalEventID x Analyte
PE_5c35b22fc4eba02df28c,TDS,2025,CT,686.5,4,Bayes,668.6754435665953,posterior_predictive_mean,one median measured concentration per PhysicalEventID x Analyte
PE_72b83136bc50254a55a6,TDS,2025,CT,635.0,4,Bayes,655.7224311122052,posterior_predictive_mean,one median measured concentration per PhysicalEventID x Analyte
PE_73a092189bd19f7de823,TDS,2025,CT,908.0,4,Bayes,799.8518992058376,posterior_predictive_mean,one median measured concentration per PhysicalEventID x Analyte
PE_79ea2eb78bef48e2d163,TDS,2025,CT,680.0,4,Bayes,687.23517537729,posterior_predictive_mean,one median measured concentration per PhysicalEventID x Analyte
PE_85771b5590cb80ee80b1,TDS,2025,CT,669.0,4,Bayes,680.569392200249,posterior_predictive_mean,one median measured concentration per PhysicalEventID x Analyte
PE_92e7ac2243498d97f3e0,TDS,2025,CT,606.0,4,Bayes,630.3787356143243,posterior_predictive_mean,one median measured concentration per PhysicalEventID x Analyte
PE_961b16815e7ba5016bdb,TDS,2025,CT,605.0,4,Bayes,641.8362361538256,posterior_predictive_mean,one median measured concentration per PhysicalEventID x Analyte
PE_bd4a80359ce1de5f5729,TDS,2025,CT,606.0,4,Bayes,636.6150743322276,posterior_predictive_mean,one median measured concentration per PhysicalEventID x Analyte
PE_ef5b618a3b1b8ffbd8e4,TDS,2025,CT,649.0,4,Bayes,672.6936696305995,posterior_predictive_mean,one median measured concentration per PhysicalEventID x Analyte
PE_2314eec6a45e0be9e203,TDS,2025,MT,692.0,4,Bayes,706.4261307823248,posterior_predictive_mean,one median measured concentration per PhysicalEventID x Analyte
PE_39c8810e26ab4ca7933c,TDS,2025,MT,722.0,4,Bayes,685.9881745910175,posterior_predictive_mean,one median measured concentration per PhysicalEventID x Analyte
PE_676050582c291c72204b,TDS,2025,MT,665.0,4,Bayes,686.6282846813874,posterior_predictive_mean,one median measured concentration per PhysicalEventID x Analyte
PE_6c85627a623e6c9dfbb4,TDS,2025,MT,632.0,4,Bayes,629.8020796068199,posterior_predictive_mean,one median measured concentration per PhysicalEventID x Analyte
PE_7d221972180d28e4f760,TDS,2025,MT,602.0,4,Bayes,640.0367282141935,posterior_predictive_mean,one median measured concentration per PhysicalEventID x Analyte
PE_a033c0958b5b88a75684,TDS,2025,MT,730.0,4,Bayes,730.5150888254018,posterior_predictive_mean,one median measured concentration per PhysicalEventID x Analyte
PE_a36448d6fe89c398bac0,TDS,2025,MT,648.0,4,Bayes,680.3734066921743,posterior_predictive_mean,one median measured concentration per PhysicalEventID x Analyte
PE_c1edec673d6e55fe03b0,TDS,2025,MT,698.0,4,Bayes,689.9060175391013,posterior_predictive_mean,one median measured concentration per PhysicalEventID x Analyte
PE_c63b91d3075e6834f32e,TDS,2025,MT,590.0,4,Bayes,599.8647393809185,posterior_predictive_mean,one median measured concentration per PhysicalEventID x Analyte
PE_e6892c1c4df9f9956548,TDS,2025,MT,574.0,4,Bayes,626.8836641958961,posterior_predictive_mean,one median measured concentration per PhysicalEventID x Analyte
PE_f2544036a8cdc2b562ca,TDS,2025,MT,592.0,4,Bayes,642.8605639578038,posterior_predictive_mean,one median measured concentration per PhysicalEventID x Analyte
PE_ff8985d7bd1f94902d4e,TDS,2025,MT,612.0,4,Bayes,639.395954591251,posterior_predictive_mean,one median measured concentration per PhysicalEventID x Analyte
PE_0373cedd6c6b07cdac38,TDS,2025,ST,708.0,4,Bayes,705.4755890804918,posterior_predictive_mean,one median measured concentration per PhysicalEventID x Analyte
PE_0c2d197a5610b0bbb10e,TDS,2025,ST,672.0,4,Bayes,692.9290887033391,posterior_predictive_mean,one median measured concentration per PhysicalEventID x Analyte
PE_2000666922e9baf4491a,TDS,2025,ST,741.0,4,Bayes,708.1934350252455,posterior_predictive_mean,one median measured concentration per PhysicalEventID x Analyte
PE_326f1ee42ddcd2cd3c31,TDS,2025,ST,591.0,4,Bayes,626.1422073635997,posterior_predictive_mean,one median measured concentration per PhysicalEventID x Analyte
PE_33b48c45a8f1d7ee984a,TDS,2025,ST,657.0,4,Bayes,685.4142103898223,posterior_predictive_mean,one median measured concentration per PhysicalEventID x Analyte
PE_44d1a7f433fe780ac78b,TDS,2025,ST,629.0,4,Bayes,664.2071285418609,posterior_predictive_mean,one median measured concentration per PhysicalEventID x Analyte
PE_55ff1c1f21eee62bac5f,TDS,2025,ST,619.0,4,Bayes,661.9804278241078,posterior_predictive_mean,one median measured concentration per PhysicalEventID x Analyte
PE_69bf4666a40285ef26b8,TDS,2025,ST,623.0,4,Bayes,654.2045089004871,posterior_predictive_mean,one median measured concentration per PhysicalEventID x Analyte
PE_6db16cd7a8da79e5651d,TDS,2025,ST,658.0,4,Bayes,683.8716939194521,posterior_predictive_mean,one median measured concentration per PhysicalEventID x Analyte
PE_744bc567dc348be5d05b,TDS,2025,ST,744.0,4,Bayes,720.9530654307089,posterior_predictive_mean,one median measured concentration per PhysicalEventID x Analyte
PE_76eec8ae39fe2d6f5031,TDS,2025,ST,713.0,4,Bayes,708.6658356438537,posterior_predictive_mean,one median measured concentration per PhysicalEventID x Analyte
PE_a873c6f206750ebc6cd1,TDS,2025,ST,671.0,4,Bayes,684.6343756507581,posterior_predictive_mean,one median measured concentration per PhysicalEventID x Analyte
PE_1607bd85c5b858754283,TDS,2023,CT,908.0,4,ML,955.4546875769036,full_record_deterministic_prediction,one median measured concentration per PhysicalEventID x Analyte
PE_17f8630aaa6312f3912a,TDS,2023,CT,1220.0,4,ML,1135.1609041596478,full_record_deterministic_prediction,one median measured concentration per PhysicalEventID x Analyte
PE_21ef5b6342274d9e3203,TDS,2023,CT,864.0,4,ML,976.801319544651,full_record_deterministic_prediction,one median measured concentration per PhysicalEventID x Analyte
PE_222b0b4beba254c530d7,TDS,2023,CT,1110.0,3,ML,914.3019632419632,full_record_deterministic_prediction,one median measured concentration per PhysicalEventID x Analyte
PE_577d295e76e129c37688,TDS,2023,CT,1150.0,4,ML,1032.658023247183,full_record_deterministic_prediction,one median measured concentration per PhysicalEventID x Analyte
PE_5bf168b414e63b4f63f3,TDS,2023,CT,1180.0,5,ML,1068.8404145560633,full_record_deterministic_prediction,one median measured concentration per PhysicalEventID x Analyte
PE_7131d35e8cd02b882d26,TDS,2023,CT,1310.0,4,ML,1040.9424728103545,full_record_deterministic_prediction,one median measured concentration per PhysicalEventID x Analyte
PE_8474551aa700ba7170c1,TDS,2023,CT,170.0,1,ML,159.30129996137796,full_record_deterministic_prediction,one median measured concentration per PhysicalEventID x Analyte
PE_bf4d5c43e21a82c51f4f,TDS,2023,CT,1240.0,4,ML,1133.8906838271284,full_record_deterministic_prediction,one median measured concentration per PhysicalEventID x Analyte
PE_ee0d84028e7204c9f8b6,TDS,2023,CT,1150.0,4,ML,1142.4166886878083,full_record_deterministic_prediction,one median measured concentration per PhysicalEventID x Analyte
PE_f071df1dfa8de45515c1,TDS,2023,CT,156.0,1,ML,174.4178386355649,full_record_deterministic_prediction,one median measured concentration per PhysicalEventID x Analyte
PE_f7a5e5b2a4c1c3239774,TDS,2023,CT,1215.0,4,ML,1270.5520359466375,full_record_deterministic_prediction,one median measured concentration per PhysicalEventID x Analyte
PE_199b5b7c1aaa1098c691,TDS,2023,MT,196.0,1,ML,193.4057483004146,full_record_deterministic_prediction,one median measured concentration per PhysicalEventID x Analyte
PE_23621b170748f0fc60c2,TDS,2023,MT,1180.0,4,ML,1321.9771411344118,full_record_deterministic_prediction,one median measured concentration per PhysicalEventID x Analyte
PE_248493668060338e72e6,TDS,2023,MT,1240.0,5,ML,1234.030166385886,full_record_deterministic_prediction,one median measured concentration per PhysicalEventID x Analyte
PE_3694e2f2ef6dd2e8480f,TDS,2023,MT,296.0,1,ML,190.234143910941,full_record_deterministic_prediction,one median measured concentration per PhysicalEventID x Analyte
PE_7751232195de561530b0,TDS,2023,MT,1230.0,4,ML,1275.7373221500911,full_record_deterministic_prediction,one median measured concentration per PhysicalEventID x Analyte
PE_8d90127b55de039c6ab7,TDS,2023,MT,1180.0,5,ML,1275.998103445733,full_record_deterministic_prediction,one median measured concentration per PhysicalEventID x Analyte
PE_9d88eac30a91208d302b,TDS,2023,MT,896.0,4,ML,894.5044651123397,full_record_deterministic_prediction,one median measured concentration per PhysicalEventID x Analyte
PE_a5dd6f772a1d2e7d821c,TDS,2023,MT,930.0,6,ML,921.5048052371314,full_record_deterministic_prediction,one median measured concentration per PhysicalEventID x Analyte
PE_acc7ee117e759ece44f9,TDS,2023,MT,1140.0,5,ML,1168.4792583285907,full_record_deterministic_prediction,one median measured concentration per PhysicalEventID x Analyte
PE_b6fd60d10e559978199b,TDS,2023,MT,1160.0,5,ML,1150.2071052755243,full_record_deterministic_prediction,one median measured concentration per PhysicalEventID x Analyte
PE_bf74455b1a7c48461768,TDS,2023,MT,1180.0,3,ML,1306.7534507492996,full_record_deterministic_prediction,one median measured concentration per PhysicalEventID x Analyte
PE_c4acde3ff39ca34f7f1d,TDS,2023,MT,1215.0,4,ML,1242.2608990354895,full_record_deterministic_prediction,one median measured concentration per PhysicalEventID x Analyte
PE_68d44a8c5ee2992c2c36,TDS,2023,ST,1175.0,4,ML,1214.4841646450764,full_record_deterministic_prediction,one median measured concentration per PhysicalEventID x Analyte
PE_6f90d69c4aa146a04e18,TDS,2023,ST,180.0,1,ML,225.4159057822832,full_record_deterministic_prediction,one median measured concentration per PhysicalEventID x Analyte
PE_78a0e5a12037218db30c,TDS,2023,ST,1200.0,5,ML,1258.9693700341545,full_record_deterministic_prediction,one median measured concentration per PhysicalEventID x Analyte
PE_8a47f8b2785e361a0f5c,TDS,2023,ST,1220.0,4,ML,1370.748579590074,full_record_deterministic_prediction,one median measured concentration per PhysicalEventID x Analyte
PE_8f51b688686d8bdc2f79,TDS,2023,ST,1365.0,4,ML,1509.2634339421647,full_record_deterministic_prediction,one median measured concentration per PhysicalEventID x Analyte
PE_ada3010827131318b4a5,TDS,2023,ST,1195.0,4,ML,1189.773610924459,full_record_deterministic_prediction,one median measured concentration per PhysicalEventID x Analyte
PE_bca2b67b03840bac2206,TDS,2023,ST,1215.0,4,ML,1170.7487989630338,full_record_deterministic_prediction,one median measured concentration per PhysicalEventID x Analyte
PE_c6f4076701513ce44077,TDS,2023,ST,150.0,1,ML,250.15927434716184,full_record_deterministic_prediction,one median measured concentration per PhysicalEventID x Analyte
PE_c9875bdbbfec951204a7,TDS,2023,ST,1280.0,4,ML,1250.6732773922458,full_record_deterministic_prediction,one median measured concentration per PhysicalEventID x Analyte
PE_d0ce0a7aa7e876660808,TDS,2023,ST,986.0,4,ML,875.5472758641172,full_record_deterministic_prediction,one median measured concentration per PhysicalEventID x Analyte
PE_dbd728d03c1d5af8f0ef,TDS,2023,ST,212.0,1,ML,215.2018156657896,full_record_deterministic_prediction,one median measured concentration per PhysicalEventID x Analyte
PE_e29fdc102c9f799e8e4f,TDS,2023,ST,950.0,4,ML,859.9619930264621,full_record_deterministic_prediction,one median measured concentration per PhysicalEventID x Analyte
PE_fc1529c70189a30552dd,TDS,2023,ST,1195.0,4,ML,1243.118311902985,full_record_deterministic_prediction,one median measured concentration per PhysicalEventID x Analyte
PE_3a4478840ec05680e176,TDS,2024,CT,561.0,4,ML,569.8353133336466,full_record_deterministic_prediction,one median measured concentration per PhysicalEventID x Analyte
PE_828e337f2a8b9a9634d7,TDS,2024,CT,1325.0,4,ML,1250.917647595399,full_record_deterministic_prediction,one median measured concentration per PhysicalEventID x Analyte
PE_87d4115bb68391b10daf,TDS,2024,CT,602.0,4,ML,581.0113477692765,full_record_deterministic_prediction,one median measured concentration per PhysicalEventID x Analyte
PE_a354768a3ad269a40a28,TDS,2024,CT,1285.0,4,ML,1104.2545116710503,full_record_deterministic_prediction,one median measured concentration per PhysicalEventID x Analyte
PE_add35a9103c77e144288,TDS,2024,CT,1240.0,4,ML,1197.0200351882654,full_record_deterministic_prediction,one median measured concentration per PhysicalEventID x Analyte
PE_dd4d0ea35e35c329e9d8,TDS,2024,CT,1285.0,4,ML,1315.6437678861937,full_record_deterministic_prediction,one median measured concentration per PhysicalEventID x Analyte
PE_e01f96101de9649fe0a8,TDS,2024,CT,1052.0,2,ML,920.0168888409976,full_record_deterministic_prediction,one median measured concentration per PhysicalEventID x Analyte
PE_f96a427e92fb0d6cf251,TDS,2024,CT,1250.0,4,ML,1334.0946564059886,full_record_deterministic_prediction,one median measured concentration per PhysicalEventID x Analyte
PE_02b42436b7981ca07571,TDS,2024,MT,620.0,4,ML,592.4800638025702,full_record_deterministic_prediction,one median measured concentration per PhysicalEventID x Analyte
PE_7a793bda6ecab836d590,TDS,2024,MT,598.0,3,ML,573.4235891654296,full_record_deterministic_prediction,one median measured concentration per PhysicalEventID x Analyte
PE_ba059ebbc29b11d1a3be,TDS,2024,MT,1325.0,4,ML,1335.8673916026792,full_record_deterministic_prediction,one median measured concentration per PhysicalEventID x Analyte
PE_c488be01d5dbff565ef0,TDS,2024,MT,1305.0,4,ML,1296.4329602082817,full_record_deterministic_prediction,one median measured concentration per PhysicalEventID x Analyte
PE_c918bf0b868668efb5e3,TDS,2024,MT,1210.0,4,ML,1174.38110952411,full_record_deterministic_prediction,one median measured concentration per PhysicalEventID x Analyte
PE_cc030c89ee5b8a7462b6,TDS,2024,MT,1310.0,4,ML,1318.5452640333672,full_record_deterministic_prediction,one median measured concentration per PhysicalEventID x Analyte
PE_d0a561512025e1d2770d,TDS,2024,MT,1220.0,4,ML,1150.5229085073383,full_record_deterministic_prediction,one median measured concentration per PhysicalEventID x Analyte
PE_e582d3221277d02f35d9,TDS,2024,MT,1270.0,4,ML,1256.0032859532764,full_record_deterministic_prediction,one median measured concentration per PhysicalEventID x Analyte
PE_00b38906ec1907c7d0dc,TDS,2024,ST,605.0,4,ML,634.3177963029921,full_record_deterministic_prediction,one median measured concentration per PhysicalEventID x Analyte
PE_30f71765b192fa672ac6,TDS,2024,ST,1280.0,4,ML,1248.051414030489,full_record_deterministic_prediction,one median measured concentration per PhysicalEventID x Analyte
PE_47021952abc7ade62c23,TDS,2024,ST,1290.0,4,ML,1257.7647179690423,full_record_deterministic_prediction,one median measured concentration per PhysicalEventID x Analyte
PE_6dfbf6a0b565de5536dd,TDS,2024,ST,1280.0,4,ML,1219.460551022515,full_record_deterministic_prediction,one median measured concentration per PhysicalEventID x Analyte
PE_d36d20c6bc7c067588be,TDS,2024,ST,582.0,3,ML,614.8990630955627,full_record_deterministic_prediction,one median measured concentration per PhysicalEventID x Analyte
PE_dd553617c7d118d29861,TDS,2024,ST,1290.0,4,ML,1291.7819885481344,full_record_deterministic_prediction,one median measured concentration per PhysicalEventID x Analyte
PE_f0055d0fbf3bb2c0c279,TDS,2024,ST,1280.0,4,ML,1258.0578286100251,full_record_deterministic_prediction,one median measured concentration per PhysicalEventID x Analyte
PE_f6579064c70952c33aa8,TDS,2024,ST,1265.0,4,ML,1304.6929606041729,full_record_deterministic_prediction,one median measured concentration per PhysicalEventID x Analyte
PE_01024210b88310ac1815,TDS,2025,CT,601.0,4,ML,632.99628026631,full_record_deterministic_prediction,one median measured concentration per PhysicalEventID x Analyte
PE_30d8eee773ba85ed7ec9,TDS,2025,CT,617.0,4,ML,569.3338967590016,full_record_deterministic_prediction,one median measured concentration per PhysicalEventID x Analyte
PE_41cebec90b66f3ef63c2,TDS,2025,CT,628.0,3,ML,549.9929952877617,full_record_deterministic_prediction,one median measured concentration per PhysicalEventID x Analyte
PE_5c35b22fc4eba02df28c,TDS,2025,CT,686.5,4,ML,724.6386105179018,full_record_deterministic_prediction,one median measured concentration per PhysicalEventID x Analyte
PE_72b83136bc50254a55a6,TDS,2025,CT,635.0,4,ML,649.3909711956412,full_record_deterministic_prediction,one median measured concentration per PhysicalEventID x Analyte
PE_73a092189bd19f7de823,TDS,2025,CT,908.0,4,ML,757.2741929982787,full_record_deterministic_prediction,one median measured concentration per PhysicalEventID x Analyte
PE_79ea2eb78bef48e2d163,TDS,2025,CT,680.0,4,ML,689.6738011030983,full_record_deterministic_prediction,one median measured concentration per PhysicalEventID x Analyte
PE_85771b5590cb80ee80b1,TDS,2025,CT,669.0,4,ML,696.6362587257345,full_record_deterministic_prediction,one median measured concentration per PhysicalEventID x Analyte
PE_92e7ac2243498d97f3e0,TDS,2025,CT,606.0,4,ML,568.2805456518006,full_record_deterministic_prediction,one median measured concentration per PhysicalEventID x Analyte
PE_961b16815e7ba5016bdb,TDS,2025,CT,605.0,4,ML,569.592513923674,full_record_deterministic_prediction,one median measured concentration per PhysicalEventID x Analyte
PE_bd4a80359ce1de5f5729,TDS,2025,CT,606.0,4,ML,679.6265734655077,full_record_deterministic_prediction,one median measured concentration per PhysicalEventID x Analyte
PE_ef5b618a3b1b8ffbd8e4,TDS,2025,CT,649.0,4,ML,650.4552905457999,full_record_deterministic_prediction,one median measured concentration per PhysicalEventID x Analyte
PE_2314eec6a45e0be9e203,TDS,2025,MT,692.0,4,ML,610.0431369607263,full_record_deterministic_prediction,one median measured concentration per PhysicalEventID x Analyte
PE_39c8810e26ab4ca7933c,TDS,2025,MT,722.0,4,ML,719.9206108354358,full_record_deterministic_prediction,one median measured concentration per PhysicalEventID x Analyte
PE_676050582c291c72204b,TDS,2025,MT,665.0,4,ML,603.3808704622137,full_record_deterministic_prediction,one median measured concentration per PhysicalEventID x Analyte
PE_6c85627a623e6c9dfbb4,TDS,2025,MT,632.0,4,ML,660.0050830782518,full_record_deterministic_prediction,one median measured concentration per PhysicalEventID x Analyte
PE_7d221972180d28e4f760,TDS,2025,MT,602.0,4,ML,605.4336931647655,full_record_deterministic_prediction,one median measured concentration per PhysicalEventID x Analyte
PE_a033c0958b5b88a75684,TDS,2025,MT,730.0,4,ML,711.4290923458548,full_record_deterministic_prediction,one median measured concentration per PhysicalEventID x Analyte
PE_a36448d6fe89c398bac0,TDS,2025,MT,648.0,4,ML,619.616668210965,full_record_deterministic_prediction,one median measured concentration per PhysicalEventID x Analyte
PE_c1edec673d6e55fe03b0,TDS,2025,MT,698.0,4,ML,646.920678865444,full_record_deterministic_prediction,one median measured concentration per PhysicalEventID x Analyte
PE_c63b91d3075e6834f32e,TDS,2025,MT,590.0,4,ML,603.9982771924394,full_record_deterministic_prediction,one median measured concentration per PhysicalEventID x Analyte
PE_e6892c1c4df9f9956548,TDS,2025,MT,574.0,4,ML,589.1411728818656,full_record_deterministic_prediction,one median measured concentration per PhysicalEventID x Analyte
PE_f2544036a8cdc2b562ca,TDS,2025,MT,592.0,4,ML,586.2566454073117,full_record_deterministic_prediction,one median measured concentration per PhysicalEventID x Analyte
PE_ff8985d7bd1f94902d4e,TDS,2025,MT,612.0,4,ML,626.5149461208088,full_record_deterministic_prediction,one median measured concentration per PhysicalEventID x Analyte
PE_0373cedd6c6b07cdac38,TDS,2025,ST,708.0,4,ML,715.4202605329749,full_record_deterministic_prediction,one median measured concentration per PhysicalEventID x Analyte
PE_0c2d197a5610b0bbb10e,TDS,2025,ST,672.0,4,ML,680.2222457386317,full_record_deterministic_prediction,one median measured concentration per PhysicalEventID x Analyte
PE_2000666922e9baf4491a,TDS,2025,ST,741.0,4,ML,724.2454061991623,full_record_deterministic_prediction,one median measured concentration per PhysicalEventID x Analyte
PE_326f1ee42ddcd2cd3c31,TDS,2025,ST,591.0,4,ML,608.7019021840802,full_record_deterministic_prediction,one median measured concentration per PhysicalEventID x Analyte
PE_33b48c45a8f1d7ee984a,TDS,2025,ST,657.0,4,ML,664.3508734327695,full_record_deterministic_prediction,one median measured concentration per PhysicalEventID x Analyte
PE_44d1a7f433fe780ac78b,TDS,2025,ST,629.0,4,ML,610.1253229965046,full_record_deterministic_prediction,one median measured concentration per PhysicalEventID x Analyte
PE_55ff1c1f21eee62bac5f,TDS,2025,ST,619.0,4,ML,627.0381005642671,full_record_deterministic_prediction,one median measured concentration per PhysicalEventID x Analyte
PE_69bf4666a40285ef26b8,TDS,2025,ST,623.0,4,ML,606.6065259421094,full_record_deterministic_prediction,one median measured concentration per PhysicalEventID x Analyte
PE_6db16cd7a8da79e5651d,TDS,2025,ST,658.0,4,ML,650.7560282048477,full_record_deterministic_prediction,one median measured concentration per PhysicalEventID x Analyte
PE_744bc567dc348be5d05b,TDS,2025,ST,744.0,4,ML,684.5122311967036,full_record_deterministic_prediction,one median measured concentration per PhysicalEventID x Analyte
PE_76eec8ae39fe2d6f5031,TDS,2025,ST,713.0,4,ML,719.3293170773923,full_record_deterministic_prediction,one median measured concentration per PhysicalEventID x Analyte
PE_a873c6f206750ebc6cd1,TDS,2025,ST,671.0,4,ML,646.1538486235354,full_record_deterministic_prediction,one median measured concentration per PhysicalEventID x Analyte
PE_0609bb3a38fc48d18c44,TKN,2013,CT,3.423,1,Bayes,3.6054598268366655,posterior_predictive_mean,one median measured concentration per PhysicalEventID x Analyte
PE_06846811b2896d804676,TKN,2013,CT,6.115,1,Bayes,5.641364395391529,posterior_predictive_mean,one median measured concentration per PhysicalEventID x Analyte
PE_2e9d58711c9824497c11,TKN,2013,CT,8.493,1,Bayes,8.11588284352903,posterior_predictive_mean,one median measured concentration per PhysicalEventID x Analyte
PE_7dbc678d30fda2bb0d2c,TKN,2013,CT,5.605,1,Bayes,5.664930274822497,posterior_predictive_mean,one median measured concentration per PhysicalEventID x Analyte
PE_a814ea72d8a79e5ce612,TKN,2013,CT,3.343,1,Bayes,4.915322972954056,posterior_predictive_mean,one median measured concentration per PhysicalEventID x Analyte
PE_dc649077fd49ff457e31,TKN,2013,CT,2.562,1,Bayes,4.267322228817882,posterior_predictive_mean,one median measured concentration per PhysicalEventID x Analyte
PE_113a8b8781b7a42b7a0c,TKN,2013,MT,6.495,1,Bayes,6.515812610548816,posterior_predictive_mean,one median measured concentration per PhysicalEventID x Analyte
PE_12cbc4a228ce581574f5,TKN,2013,MT,2.65,1,Bayes,4.271379807162255,posterior_predictive_mean,one median measured concentration per PhysicalEventID x Analyte
PE_1bd1f8a68c1dc49b3965,TKN,2013,MT,4.968,1,Bayes,5.317801694230525,posterior_predictive_mean,one median measured concentration per PhysicalEventID x Analyte
PE_262bcdadb146dac989ae,TKN,2013,MT,2.462,1,Bayes,4.137168111200623,posterior_predictive_mean,one median measured concentration per PhysicalEventID x Analyte
PE_99b3a7e1248efb280745,TKN,2013,MT,4.773,1,Bayes,4.565729190422727,posterior_predictive_mean,one median measured concentration per PhysicalEventID x Analyte
PE_e9b4025c029d683e1a32,TKN,2013,MT,6.798,1,Bayes,5.955437126251741,posterior_predictive_mean,one median measured concentration per PhysicalEventID x Analyte
PE_06463f55c291ea1d15a9,TKN,2013,ST,6.718,1,Bayes,6.5854043629969645,posterior_predictive_mean,one median measured concentration per PhysicalEventID x Analyte
PE_2b1a26b26247f7aaf591,TKN,2013,ST,2.643,1,Bayes,4.026593585777914,posterior_predictive_mean,one median measured concentration per PhysicalEventID x Analyte
PE_3a1f801f634bfe189584,TKN,2013,ST,4.765,1,Bayes,4.483226055887738,posterior_predictive_mean,one median measured concentration per PhysicalEventID x Analyte
PE_4ba63451b7dc89c0a556,TKN,2013,ST,1.332,1,Bayes,3.1784211323107536,posterior_predictive_mean,one median measured concentration per PhysicalEventID x Analyte
PE_b7ff1c1774876e409c04,TKN,2013,ST,5.003,1,Bayes,4.58947087532372,posterior_predictive_mean,one median measured concentration per PhysicalEventID x Analyte
PE_f7fa36feaba1a3684ccf,TKN,2013,ST,4.058,1,Bayes,4.688156967955377,posterior_predictive_mean,one median measured concentration per PhysicalEventID x Analyte
PE_0c873ebca68f220b5575,TKN,2014,CT,6.29,1,Bayes,5.349557125153508,posterior_predictive_mean,one median measured concentration per PhysicalEventID x Analyte
PE_0f2c1b5db3c1949d1f74,TKN,2014,CT,6.24,1,Bayes,5.257731347308452,posterior_predictive_mean,one median measured concentration per PhysicalEventID x Analyte
PE_0f6804c5fdc4da7fb4f7,TKN,2014,CT,4.8,1,Bayes,3.958562468862795,posterior_predictive_mean,one median measured concentration per PhysicalEventID x Analyte
PE_4c80e607422dec97f0c9,TKN,2014,CT,3.68,1,Bayes,3.944961066774548,posterior_predictive_mean,one median measured concentration per PhysicalEventID x Analyte
PE_e1f06f083d001c899062,TKN,2014,CT,3.89,1,Bayes,3.910278396116521,posterior_predictive_mean,one median measured concentration per PhysicalEventID x Analyte
PE_e4c541913dac4c0bca3d,TKN,2014,CT,4.34,1,Bayes,4.524888124904965,posterior_predictive_mean,one median measured concentration per PhysicalEventID x Analyte
PE_28a3ad7db7957a75e475,TKN,2014,MT,5.58,1,Bayes,5.638161317592221,posterior_predictive_mean,one median measured concentration per PhysicalEventID x Analyte
PE_909a6e90f2a2fb0ccb86,TKN,2014,MT,4.88,1,Bayes,5.091108336802661,posterior_predictive_mean,one median measured concentration per PhysicalEventID x Analyte
PE_5d5cb3edcd99b5be75e6,TKN,2014,ST,4.5,1,Bayes,4.45540773008456,posterior_predictive_mean,one median measured concentration per PhysicalEventID x Analyte
PE_99c4e1053e4376d0bed3,TKN,2014,ST,4.33,1,Bayes,3.9396171036577554,posterior_predictive_mean,one median measured concentration per PhysicalEventID x Analyte
PE_be3da0eafc673da18d92,TKN,2014,ST,4.75,1,Bayes,4.519663307452976,posterior_predictive_mean,one median measured concentration per PhysicalEventID x Analyte
PE_d1afac04920a2ee5af17,TKN,2014,ST,6.7,1,Bayes,6.932400200686833,posterior_predictive_mean,one median measured concentration per PhysicalEventID x Analyte
PE_e5b7650f3b7e52f1a1bf,TKN,2014,ST,5.61,1,Bayes,4.17676779261312,posterior_predictive_mean,one median measured concentration per PhysicalEventID x Analyte
PE_e6f216bc2af9baf87adb,TKN,2014,ST,2.28,1,Bayes,2.244811119529005,posterior_predictive_mean,one median measured concentration per PhysicalEventID x Analyte
PE_003510690d55f2e080ab,TKN,2015,CT,1.405,1,Bayes,1.1079223997450645,posterior_predictive_mean,one median measured concentration per PhysicalEventID x Analyte
PE_01dfb8394999c3a08b1b,TKN,2015,CT,0.774,1,Bayes,1.7637121612333162,posterior_predictive_mean,one median measured concentration per PhysicalEventID x Analyte
PE_1994b95c4c5d89d54441,TKN,2015,CT,0.829,1,Bayes,1.8316023926238916,posterior_predictive_mean,one median measured concentration per PhysicalEventID x Analyte
PE_1ad2a48558b8c9cdf0bb,TKN,2015,CT,0.815,1,Bayes,2.0515167703308244,posterior_predictive_mean,one median measured concentration per PhysicalEventID x Analyte
PE_38f43e287ee7d1f916e4,TKN,2015,CT,0.675,1,Bayes,1.0296674400403354,posterior_predictive_mean,one median measured concentration per PhysicalEventID x Analyte
PE_42feb90a12eb2a1656cd,TKN,2015,CT,0.965,1,Bayes,1.425538757403863,posterior_predictive_mean,one median measured concentration per PhysicalEventID x Analyte
PE_63a5c105af28ea9f75a7,TKN,2015,CT,3.81,1,Bayes,1.9320464457594249,posterior_predictive_mean,one median measured concentration per PhysicalEventID x Analyte
PE_9a36752b43ad5983930a,TKN,2015,CT,0.858,1,Bayes,1.4546629225589514,posterior_predictive_mean,one median measured concentration per PhysicalEventID x Analyte
PE_b307adedb4f140b2f276,TKN,2015,CT,0.811,1,Bayes,1.2133766622643685,posterior_predictive_mean,one median measured concentration per PhysicalEventID x Analyte
PE_eba40b08b5ce69421768,TKN,2015,CT,0.778,1,Bayes,2.145558047200228,posterior_predictive_mean,one median measured concentration per PhysicalEventID x Analyte
PE_ece5ee3d9a47f8a4b70b,TKN,2015,CT,1.22,1,Bayes,1.3036701323915714,posterior_predictive_mean,one median measured concentration per PhysicalEventID x Analyte
PE_effd37ee189df750ad5a,TKN,2015,CT,3.52,1,Bayes,1.84727048301155,posterior_predictive_mean,one median measured concentration per PhysicalEventID x Analyte
PE_078b8edebaf25b47ca9c,TKN,2015,MT,0.22,1,Bayes,1.4503896491999877,posterior_predictive_mean,one median measured concentration per PhysicalEventID x Analyte
PE_09a938930ab837ebeb36,TKN,2015,MT,0.322,1,Bayes,0.8966635855510598,posterior_predictive_mean,one median measured concentration per PhysicalEventID x Analyte
PE_0e378dd2a91d7df1a7a9,TKN,2015,MT,0.01,1,Bayes,0.0,posterior_predictive_mean,one median measured concentration per PhysicalEventID x Analyte
PE_4ebf629c5dd531a50c12,TKN,2015,MT,0.424,1,Bayes,0.6570651564971699,posterior_predictive_mean,one median measured concentration per PhysicalEventID x Analyte
PE_61227cf97dd057e6375a,TKN,2015,MT,0.228,1,Bayes,1.431935663043163,posterior_predictive_mean,one median measured concentration per PhysicalEventID x Analyte
PE_74dfc686b20e794d29d3,TKN,2015,MT,0.246,1,Bayes,0.7880097751956232,posterior_predictive_mean,one median measured concentration per PhysicalEventID x Analyte
PE_9f67556e2848ccb24a85,TKN,2015,MT,0.343,1,Bayes,0.6283664442568693,posterior_predictive_mean,one median measured concentration per PhysicalEventID x Analyte
PE_a98d09332522adfe618b,TKN,2015,MT,0.34,1,Bayes,1.100742966099676,posterior_predictive_mean,one median measured concentration per PhysicalEventID x Analyte
PE_bd8c84ec329021438849,TKN,2015,MT,1.37,1,Bayes,0.8529139379966506,posterior_predictive_mean,one median measured concentration per PhysicalEventID x Analyte
PE_bf6fc540566653c363a5,TKN,2015,MT,0.88,1,Bayes,0.6057874582608618,posterior_predictive_mean,one median measured concentration per PhysicalEventID x Analyte
PE_f28eca55841e3590b19f,TKN,2015,MT,0.33,1,Bayes,1.178491086233377,posterior_predictive_mean,one median measured concentration per PhysicalEventID x Analyte
PE_fc35961bbf4775b1838e,TKN,2015,MT,1.09,1,Bayes,0.3565277832032212,posterior_predictive_mean,one median measured concentration per PhysicalEventID x Analyte
PE_27068e46a99396e37068,TKN,2015,ST,0.192,1,Bayes,1.0953069754190972,posterior_predictive_mean,one median measured concentration per PhysicalEventID x Analyte
PE_2bc636c51bdfedd7a673,TKN,2015,ST,0.121,1,Bayes,1.161145094871025,posterior_predictive_mean,one median measured concentration per PhysicalEventID x Analyte
PE_61cbb9676a953528de2c,TKN,2015,ST,0.282,1,Bayes,0.7620363410259099,posterior_predictive_mean,one median measured concentration per PhysicalEventID x Analyte
PE_64548a06be4bb873cda0,TKN,2015,ST,0.94,1,Bayes,0.4688627934554668,posterior_predictive_mean,one median measured concentration per PhysicalEventID x Analyte
PE_72bbe667892a258fbed0,TKN,2015,ST,0.381,1,Bayes,1.0413723346977768,posterior_predictive_mean,one median measured concentration per PhysicalEventID x Analyte
PE_8b715eebc00f1d87b8e3,TKN,2015,ST,0.327,1,Bayes,0.3447663976999362,posterior_predictive_mean,one median measured concentration per PhysicalEventID x Analyte
PE_982e6a4e7c9174d09a3c,TKN,2015,ST,2.53,1,Bayes,1.3280159718332745,posterior_predictive_mean,one median measured concentration per PhysicalEventID x Analyte
PE_ab750944465b3b03a5ec,TKN,2015,ST,0.316,1,Bayes,0.4879882856549422,posterior_predictive_mean,one median measured concentration per PhysicalEventID x Analyte
PE_c173a335fbc6a1794117,TKN,2015,ST,0.115,1,Bayes,1.5071351860949544,posterior_predictive_mean,one median measured concentration per PhysicalEventID x Analyte
PE_e9d0921860cc7c87fefe,TKN,2015,ST,0.198,1,Bayes,0.7500231565899194,posterior_predictive_mean,one median measured concentration per PhysicalEventID x Analyte
PE_ef16b92ac44718ed6fbe,TKN,2015,ST,2.17,1,Bayes,1.0659981402716598,posterior_predictive_mean,one median measured concentration per PhysicalEventID x Analyte
PE_f98814c17b9da4b10046,TKN,2015,ST,1.02,1,Bayes,0.4301029417196671,posterior_predictive_mean,one median measured concentration per PhysicalEventID x Analyte
PE_571c968894d925b12ac7,TKN,2016,CT,0.04,2,Bayes,0.6226118387233344,posterior_predictive_mean,one median measured concentration per PhysicalEventID x Analyte
PE_796a63125680b03b1a47,TKN,2016,CT,0.0645,2,Bayes,0.413579318212582,posterior_predictive_mean,one median measured concentration per PhysicalEventID x Analyte
PE_962807ecf486db3c765b,TKN,2016,CT,0.0395,2,Bayes,0.3373634847283975,posterior_predictive_mean,one median measured concentration per PhysicalEventID x Analyte
PE_cf4508303fbec7c40fe5,TKN,2016,CT,0.2175,2,Bayes,0.2658603371698156,posterior_predictive_mean,one median measured concentration per PhysicalEventID x Analyte
PE_06726b0bbd436c0f2638,TKN,2016,MT,0.129,2,Bayes,0.0561843302825235,posterior_predictive_mean,one median measured concentration per PhysicalEventID x Analyte
PE_1d9fa89274a5507fb9c3,TKN,2016,MT,0.1385,2,Bayes,0.3993505619843884,posterior_predictive_mean,one median measured concentration per PhysicalEventID x Analyte
PE_2836684cbc95d298d128,TKN,2016,MT,0.098,2,Bayes,0.0,posterior_predictive_mean,one median measured concentration per PhysicalEventID x Analyte
PE_e91aef82d1d0158c64de,TKN,2016,MT,0.0615,2,Bayes,0.3180300310791573,posterior_predictive_mean,one median measured concentration per PhysicalEventID x Analyte
PE_245bc6dafec7fe277df3,TKN,2016,ST,0.038,2,Bayes,0.3436019975091775,posterior_predictive_mean,one median measured concentration per PhysicalEventID x Analyte
PE_518a902e850a37a6e1f7,TKN,2016,ST,0.1245,2,Bayes,0.0051902486359374,posterior_predictive_mean,one median measured concentration per PhysicalEventID x Analyte
PE_7b17489d08fa900cd025,TKN,2016,ST,0.0455,2,Bayes,0.3449409886745131,posterior_predictive_mean,one median measured concentration per PhysicalEventID x Analyte
PE_ed07163240c41f058ff7,TKN,2016,ST,0.14400000000000002,2,Bayes,0.0,posterior_predictive_mean,one median measured concentration per PhysicalEventID x Analyte
PE_0db94b33091790ae448c,TKN,2017,CT,0.0,3,Bayes,3.868940811348756,posterior_predictive_mean,one median measured concentration per PhysicalEventID x Analyte
PE_1286406ef8d51ffa7b89,TKN,2017,CT,5.8,1,Bayes,5.713893413250342,posterior_predictive_mean,one median measured concentration per PhysicalEventID x Analyte
PE_20fd7645e8886a1975a0,TKN,2017,CT,4.0,1,Bayes,4.378958309062936,posterior_predictive_mean,one median measured concentration per PhysicalEventID x Analyte
PE_31bb29072ce592a58136,TKN,2017,CT,8.15,2,Bayes,7.093728689002797,posterior_predictive_mean,one median measured concentration per PhysicalEventID x Analyte
PE_4a45291481f1020c04f7,TKN,2017,CT,1.35,2,Bayes,2.3628083612171578,posterior_predictive_mean,one median measured concentration per PhysicalEventID x Analyte
PE_a249f721c9cded6ed477,TKN,2017,CT,1.5,3,Bayes,2.2134891022658234,posterior_predictive_mean,one median measured concentration per PhysicalEventID x Analyte
PE_a86f0dd73b63a18791b9,TKN,2017,CT,4.2,3,Bayes,4.103079957944653,posterior_predictive_mean,one median measured concentration per PhysicalEventID x Analyte
PE_c0e9a65e116d987d3dfe,TKN,2017,CT,1.75,2,Bayes,2.2813579932477945,posterior_predictive_mean,one median measured concentration per PhysicalEventID x Analyte
PE_c67a9e43f22b05bb8d70,TKN,2017,CT,8.100000000000001,2,Bayes,7.099515936176499,posterior_predictive_mean,one median measured concentration per PhysicalEventID x Analyte
PE_c6a22d9daf9658c76f8d,TKN,2017,CT,2.0,2,Bayes,2.5146899032550243,posterior_predictive_mean,one median measured concentration per PhysicalEventID x Analyte
PE_c7e10f3a52f813c6a07a,TKN,2017,CT,0.9650000000000001,2,Bayes,1.9219455239583572,posterior_predictive_mean,one median measured concentration per PhysicalEventID x Analyte
PE_f0acae9004db30c9f89b,TKN,2017,CT,6.3,1,Bayes,6.001800138422505,posterior_predictive_mean,one median measured concentration per PhysicalEventID x Analyte
PE_01ef9362ba3276afc3a9,TKN,2017,MT,3.1500000000000004,2,Bayes,2.8085469524310205,posterior_predictive_mean,one median measured concentration per PhysicalEventID x Analyte
PE_0d069e1b4f6cd76df6ac,TKN,2017,MT,0.6,1,Bayes,2.205369295195062,posterior_predictive_mean,one median measured concentration per PhysicalEventID x Analyte
PE_283a79a4d7e1d99ea45c,TKN,2017,MT,0.71,1,Bayes,1.8884610329878184,posterior_predictive_mean,one median measured concentration per PhysicalEventID x Analyte
PE_3712d644db8e7505fd90,TKN,2017,MT,0.85,2,Bayes,1.628113475921531,posterior_predictive_mean,one median measured concentration per PhysicalEventID x Analyte
PE_44c3319c1ae4491d3b22,TKN,2017,MT,0.0,1,Bayes,3.87259214626104,posterior_predictive_mean,one median measured concentration per PhysicalEventID x Analyte
PE_5f5cdcb0357234b8314a,TKN,2017,MT,0.165,2,Bayes,1.281682613164424,posterior_predictive_mean,one median measured concentration per PhysicalEventID x Analyte
PE_72973ed7fd2fafa39b49,TKN,2017,MT,0.0,1,Bayes,3.1853483278224326,posterior_predictive_mean,one median measured concentration per PhysicalEventID x Analyte
PE_7563047765a1e3f047e6,TKN,2017,MT,2.6,1,Bayes,2.2828717462411974,posterior_predictive_mean,one median measured concentration per PhysicalEventID x Analyte
PE_ae6e7b1bd3de16ea6d0f,TKN,2017,MT,1.5,1,Bayes,2.3130595106907137,posterior_predictive_mean,one median measured concentration per PhysicalEventID x Analyte
PE_c9e73ef1dabab1e96c37,TKN,2017,MT,3.7,2,Bayes,5.485420787349074,posterior_predictive_mean,one median measured concentration per PhysicalEventID x Analyte
PE_df9fe3439780c58ef619,TKN,2017,MT,2.5,2,Bayes,4.296158460566003,posterior_predictive_mean,one median measured concentration per PhysicalEventID x Analyte
PE_fa68bde0c7a186695c73,TKN,2017,MT,1.4,1,Bayes,2.6314939788105693,posterior_predictive_mean,one median measured concentration per PhysicalEventID x Analyte
PE_20cdd4f089d2cb0bb73d,TKN,2017,ST,0.195,2,Bayes,1.238776265985277,posterior_predictive_mean,one median measured concentration per PhysicalEventID x Analyte
PE_4998c6ec98ba5c91a95d,TKN,2017,ST,1.6,3,Bayes,1.990419113933488,posterior_predictive_mean,one median measured concentration per PhysicalEventID x Analyte
PE_4d317db65fbb1df71b52,TKN,2017,ST,0.0,3,Bayes,2.1857215278418245,posterior_predictive_mean,one median measured concentration per PhysicalEventID x Analyte
PE_531c541dd4a3fff82f15,TKN,2017,ST,0.0,1,Bayes,4.511666736847163,posterior_predictive_mean,one median measured concentration per PhysicalEventID x Analyte
PE_568f0b5ec6deda07b9f9,TKN,2017,ST,1.1,1,Bayes,2.585835049596524,posterior_predictive_mean,one median measured concentration per PhysicalEventID x Analyte
PE_6ca81f85570cae0e0d9c,TKN,2017,ST,1.9,2,Bayes,2.9344287880172897,posterior_predictive_mean,one median measured concentration per PhysicalEventID x Analyte
PE_8b4c5aba46522be8a6ae,TKN,2017,ST,0.0,1,Bayes,3.443204278720246,posterior_predictive_mean,one median measured concentration per PhysicalEventID x Analyte
PE_9be29822841d41a56b41,TKN,2017,ST,0.6,2,Bayes,1.180567204901476,posterior_predictive_mean,one median measured concentration per PhysicalEventID x Analyte
PE_dd2eb9cbf33aadc76796,TKN,2017,ST,0.0,2,Bayes,3.5091884115263627,posterior_predictive_mean,one median measured concentration per PhysicalEventID x Analyte
PE_e8e143ce24098f6b3f6d,TKN,2017,ST,1.0,3,Bayes,2.0112329818448447,posterior_predictive_mean,one median measured concentration per PhysicalEventID x Analyte
PE_fae3faa31fd03c716eb2,TKN,2017,ST,0.405,2,Bayes,1.3411327596943838,posterior_predictive_mean,one median measured concentration per PhysicalEventID x Analyte
PE_166bc984fea383507df7,TKN,2020,CT,1.9,2,Bayes,1.7380683756606643,posterior_predictive_mean,one median measured concentration per PhysicalEventID x Analyte
PE_568a40e75356dbe2944f,TKN,2020,CT,1.9,2,Bayes,1.9415616136567129,posterior_predictive_mean,one median measured concentration per PhysicalEventID x Analyte
PE_5cea09f5406d83c18d64,TKN,2020,CT,1.2,1,Bayes,1.3855557885368937,posterior_predictive_mean,one median measured concentration per PhysicalEventID x Analyte
PE_5fe6f2ac660a17d837bd,TKN,2020,CT,1.2,1,Bayes,0.0,posterior_predictive_mean,one median measured concentration per PhysicalEventID x Analyte
PE_81e03fd81db11fe99704,TKN,2020,CT,2.35,2,Bayes,2.9714957720323323,posterior_predictive_mean,one median measured concentration per PhysicalEventID x Analyte
PE_956f49ab7f5a452d4e47,TKN,2020,CT,3.4,2,Bayes,3.5424236343165063,posterior_predictive_mean,one median measured concentration per PhysicalEventID x Analyte
PE_a2e77087ab55e269e32c,TKN,2020,CT,2.2,1,Bayes,0.6001299111744918,posterior_predictive_mean,one median measured concentration per PhysicalEventID x Analyte
PE_d03c293a07504dee9823,TKN,2020,CT,1.75,2,Bayes,2.4449590332263544,posterior_predictive_mean,one median measured concentration per PhysicalEventID x Analyte
PE_f112cb116ff39b0745d1,TKN,2020,CT,1.8,1,Bayes,1.7041349635505794,posterior_predictive_mean,one median measured concentration per PhysicalEventID x Analyte
PE_1c61ae236bb189923470,TKN,2020,MT,1.35,2,Bayes,1.659939588370523,posterior_predictive_mean,one median measured concentration per PhysicalEventID x Analyte
PE_3f0bbb475c6994c60cf6,TKN,2020,MT,1.2,1,Bayes,1.0547252612497025,posterior_predictive_mean,one median measured concentration per PhysicalEventID x Analyte
PE_48332f955c6c36e57528,TKN,2020,MT,1.8,2,Bayes,2.1220760341795573,posterior_predictive_mean,one median measured concentration per PhysicalEventID x Analyte
PE_61b68e752c1619aa8c43,TKN,2020,MT,1.1,1,Bayes,0.0,posterior_predictive_mean,one median measured concentration per PhysicalEventID x Analyte
PE_8ed15b2f1e5372b81dc7,TKN,2020,MT,1.2,1,Bayes,1.0298434948525972,posterior_predictive_mean,one median measured concentration per PhysicalEventID x Analyte
PE_a32b9b1cc443544ce423,TKN,2020,MT,1.35,2,Bayes,2.074005143782122,posterior_predictive_mean,one median measured concentration per PhysicalEventID x Analyte
PE_addb6558497635dd3d9a,TKN,2020,MT,0.0,2,Bayes,3.78677770075046,posterior_predictive_mean,one median measured concentration per PhysicalEventID x Analyte
PE_f20fe17d9d856cebbcf8,TKN,2020,MT,1.0,2,Bayes,0.7623359346357768,posterior_predictive_mean,one median measured concentration per PhysicalEventID x Analyte
PE_f8ef94027a8e2bfa6b9c,TKN,2020,MT,2.1,1,Bayes,0.337751683846049,posterior_predictive_mean,one median measured concentration per PhysicalEventID x Analyte
PE_0b902961f965469f339e,TKN,2020,ST,0.0,2,Bayes,1.5858157948139953,posterior_predictive_mean,one median measured concentration per PhysicalEventID x Analyte
PE_3f6400cdcf4fab1e9fc1,TKN,2020,ST,2.3,1,Bayes,0.4060301394402037,posterior_predictive_mean,one median measured concentration per PhysicalEventID x Analyte
PE_46cc9f71204f4afd638d,TKN,2020,ST,1.2,1,Bayes,0.0,posterior_predictive_mean,one median measured concentration per PhysicalEventID x Analyte
PE_49fb6cd53fdd5e458f64,TKN,2020,ST,0.0,2,Bayes,2.041737254137794,posterior_predictive_mean,one median measured concentration per PhysicalEventID x Analyte
PE_5ff3d0ad9d787e19a7ca,TKN,2020,ST,1.65,2,Bayes,1.2996103988050165,posterior_predictive_mean,one median measured concentration per PhysicalEventID x Analyte
PE_875be1f39b86704274b0,TKN,2020,ST,2.0,1,Bayes,1.5495898434312587,posterior_predictive_mean,one median measured concentration per PhysicalEventID x Analyte
PE_e92a1d87a3645647bd4e,TKN,2020,ST,0.0,2,Bayes,3.434873891134111,posterior_predictive_mean,one median measured concentration per PhysicalEventID x Analyte
PE_ee23dd5347fd2acef254,TKN,2020,ST,1.3,1,Bayes,1.2542598527426023,posterior_predictive_mean,one median measured concentration per PhysicalEventID x Analyte
PE_fc822425df54345742cb,TKN,2020,ST,2.0999999999999996,2,Bayes,2.534197988038002,posterior_predictive_mean,one median measured concentration per PhysicalEventID x Analyte
PE_051cd85fc942217be314,TKN,2021,CT,2.5,2,Bayes,3.2611969669863323,posterior_predictive_mean,one median measured concentration per PhysicalEventID x Analyte
PE_0ac2121b8fe18c0053e2,TKN,2021,CT,2.0,3,Bayes,1.4462257604818176,posterior_predictive_mean,one median measured concentration per PhysicalEventID x Analyte
PE_21dfe39111b133765d37,TKN,2021,CT,4.6,2,Bayes,2.346789840033938,posterior_predictive_mean,one median measured concentration per PhysicalEventID x Analyte
PE_21eb97240c4e244d59c9,TKN,2021,CT,4.800000000000001,2,Bayes,2.8822073821453102,posterior_predictive_mean,one median measured concentration per PhysicalEventID x Analyte
PE_2e40b6e91cc7d5ecd6c3,TKN,2021,CT,4.050000000000001,2,Bayes,2.670175991351287,posterior_predictive_mean,one median measured concentration per PhysicalEventID x Analyte
PE_33074ef569f8079ca2c5,TKN,2021,CT,6.25,2,Bayes,4.477927138524649,posterior_predictive_mean,one median measured concentration per PhysicalEventID x Analyte
PE_3e80216d31c31cb94be7,TKN,2021,CT,1.7000000000000002,4,Bayes,1.5687899928240547,posterior_predictive_mean,one median measured concentration per PhysicalEventID x Analyte
PE_43f0020c0e87bb28cb4f,TKN,2021,CT,4.75,2,Bayes,2.4835120221787177,posterior_predictive_mean,one median measured concentration per PhysicalEventID x Analyte
PE_7bb31d342461203b532f,TKN,2021,CT,3.4000000000000004,4,Bayes,3.023715620704027,posterior_predictive_mean,one median measured concentration per PhysicalEventID x Analyte
PE_a1506e8e5a02282cf157,TKN,2021,CT,6.25,2,Bayes,4.212769766544081,posterior_predictive_mean,one median measured concentration per PhysicalEventID x Analyte
PE_a9b65e771f7f28532999,TKN,2021,CT,2.75,4,Bayes,2.0312955400803534,posterior_predictive_mean,one median measured concentration per PhysicalEventID x Analyte
PE_e9ed7c0da6f350ec0ebd,TKN,2021,CT,6.8,2,Bayes,2.9364792999872416,posterior_predictive_mean,one median measured concentration per PhysicalEventID x Analyte
PE_10a82e2f3d5ad96163d0,TKN,2021,MT,1.9,2,Bayes,0.545888924355163,posterior_predictive_mean,one median measured concentration per PhysicalEventID x Analyte
PE_29232e3b1d0dd0846861,TKN,2021,MT,1.75,4,Bayes,1.210211910425456,posterior_predictive_mean,one median measured concentration per PhysicalEventID x Analyte
PE_3b0275b6f31aa3c48b11,TKN,2021,MT,0.44,2,Bayes,0.0,posterior_predictive_mean,one median measured concentration per PhysicalEventID x Analyte
PE_51b615c0027e4e29028e,TKN,2021,MT,2.25,2,Bayes,0.1533341297286443,posterior_predictive_mean,one median measured concentration per PhysicalEventID x Analyte
PE_55b3839d44d67304ba2d,TKN,2021,MT,6.55,2,Bayes,3.904451093049956,posterior_predictive_mean,one median measured concentration per PhysicalEventID x Analyte
PE_936c12cc5ae17810e93e,TKN,2021,MT,1.8,2,Bayes,0.1280689490138662,posterior_predictive_mean,one median measured concentration per PhysicalEventID x Analyte
PE_97c5dc883be532c37d60,TKN,2021,MT,1.65,2,Bayes,2.557549646931516,posterior_predictive_mean,one median measured concentration per PhysicalEventID x Analyte
PE_c7ea31b20b60ad1966be,TKN,2021,MT,2.1,2,Bayes,0.5661352834293611,posterior_predictive_mean,one median measured concentration per PhysicalEventID x Analyte
PE_e31452c7a0ebfbfaf3f2,TKN,2021,MT,1.35,4,Bayes,0.8770060748034578,posterior_predictive_mean,one median measured concentration per PhysicalEventID x Analyte
PE_ebd22f3a15b20eea0e80,TKN,2021,MT,0.0,4,Bayes,0.594687443772691,posterior_predictive_mean,one median measured concentration per PhysicalEventID x Analyte
PE_f0e98ee733e1acf48f4e,TKN,2021,MT,1.5,3,Bayes,0.6343415563677326,posterior_predictive_mean,one median measured concentration per PhysicalEventID x Analyte
PE_f544dd1f1224ddc9abde,TKN,2021,MT,5.8,1,Bayes,3.407034862001968,posterior_predictive_mean,one median measured concentration per PhysicalEventID x Analyte
PE_16ac905814be2f1ac791,TKN,2021,ST,1.2000000000000002,2,Bayes,2.240334989079322,posterior_predictive_mean,one median measured concentration per PhysicalEventID x Analyte
PE_1a4143d14585d70064a4,TKN,2021,ST,2.5,2,Bayes,0.6211856420239319,posterior_predictive_mean,one median measured concentration per PhysicalEventID x Analyte
PE_3d9e743a00f5613f6722,TKN,2021,ST,4.2,2,Bayes,2.0061558372686648,posterior_predictive_mean,one median measured concentration per PhysicalEventID x Analyte
PE_47319afabf95ce33e7fd,TKN,2021,ST,1.65,2,Bayes,0.1513489384842561,posterior_predictive_mean,one median measured concentration per PhysicalEventID x Analyte
PE_6af7db12fea1a0f5f5e0,TKN,2021,ST,1.25,2,Bayes,0.1314866215600292,posterior_predictive_mean,one median measured concentration per PhysicalEventID x Analyte
PE_6ee044c77bdf30366b5d,TKN,2021,ST,5.050000000000001,2,Bayes,3.34842799363926,posterior_predictive_mean,one median measured concentration per PhysicalEventID x Analyte
PE_78a548d4e3eef2a21ea3,TKN,2021,ST,1.3,4,Bayes,0.6806290185190553,posterior_predictive_mean,one median measured concentration per PhysicalEventID x Analyte
PE_835c9b48606f6cdfa777,TKN,2021,ST,1.55,2,Bayes,0.2006620277309856,posterior_predictive_mean,one median measured concentration per PhysicalEventID x Analyte
PE_af610e0f46836e0b77e1,TKN,2021,ST,2.7,2,Bayes,1.3256547399882792,posterior_predictive_mean,one median measured concentration per PhysicalEventID x Analyte
PE_b08201b583b69f927729,TKN,2021,ST,1.55,2,Bayes,0.2361333008182684,posterior_predictive_mean,one median measured concentration per PhysicalEventID x Analyte
PE_c917d3aa7638a95ddccd,TKN,2021,ST,1.075,4,Bayes,0.4799323865019156,posterior_predictive_mean,one median measured concentration per PhysicalEventID x Analyte
PE_e416400520de7f5adc17,TKN,2021,ST,1.2,3,Bayes,0.5151472162534292,posterior_predictive_mean,one median measured concentration per PhysicalEventID x Analyte
PE_074f45d65401c8fdb3f5,TKN,2022,CT,0.0,3,Bayes,0.3550876105537064,posterior_predictive_mean,one median measured concentration per PhysicalEventID x Analyte
PE_26a08057b7264787ef06,TKN,2022,CT,0.71,1,Bayes,0.906133131125094,posterior_predictive_mean,one median measured concentration per PhysicalEventID x Analyte
PE_32d4186ac5b7c925427a,TKN,2022,CT,0.0,2,Bayes,3.001727641698766,posterior_predictive_mean,one median measured concentration per PhysicalEventID x Analyte
PE_3433a0bfc8c7216f3995,TKN,2022,CT,11.0,1,Bayes,9.609021165798236,posterior_predictive_mean,one median measured concentration per PhysicalEventID x Analyte
PE_3f1a3adf6196ed54473e,TKN,2022,CT,1.4,1,Bayes,0.7362886485006386,posterior_predictive_mean,one median measured concentration per PhysicalEventID x Analyte
PE_438127a754ce2a504c09,TKN,2022,CT,3.45,2,Bayes,2.32054982906603,posterior_predictive_mean,one median measured concentration per PhysicalEventID x Analyte
PE_5ae2ded12c8023b32c0a,TKN,2022,CT,0.0,3,Bayes,2.08574113442856,posterior_predictive_mean,one median measured concentration per PhysicalEventID x Analyte
PE_b8cc705881475991ea0f,TKN,2022,CT,0.49,2,Bayes,2.285965037673268,posterior_predictive_mean,one median measured concentration per PhysicalEventID x Analyte
PE_c409fdcd758dbf3b86bb,TKN,2022,CT,0.0,1,Bayes,3.619466662245672,posterior_predictive_mean,one median measured concentration per PhysicalEventID x Analyte
PE_db44df4caa1727e348be,TKN,2022,CT,0.0,3,Bayes,0.0,posterior_predictive_mean,one median measured concentration per PhysicalEventID x Analyte
PE_df160c088a0a2ccf4d3e,TKN,2022,CT,0.0,1,Bayes,1.7499368099082906,posterior_predictive_mean,one median measured concentration per PhysicalEventID x Analyte
PE_eb7e4b7d6a65d5aa6a4b,TKN,2022,CT,0.91,3,Bayes,0.5840735699557003,posterior_predictive_mean,one median measured concentration per PhysicalEventID x Analyte
PE_14298b67e71efd6380df,TKN,2022,MT,4.0,3,Bayes,4.183608073883288,posterior_predictive_mean,one median measured concentration per PhysicalEventID x Analyte
PE_260d9de653b38957c0fe,TKN,2022,MT,0.0,2,Bayes,2.5438842177324044,posterior_predictive_mean,one median measured concentration per PhysicalEventID x Analyte
PE_344e7a9bb935a4829210,TKN,2022,MT,2.05,2,Bayes,1.7351360421294928,posterior_predictive_mean,one median measured concentration per PhysicalEventID x Analyte
PE_3fc5dfce0fb4c6220e16,TKN,2022,MT,0.0,3,Bayes,1.5209239657441396,posterior_predictive_mean,one median measured concentration per PhysicalEventID x Analyte
PE_5556897f607258fe9362,TKN,2022,MT,0.0,3,Bayes,0.6821881945587838,posterior_predictive_mean,one median measured concentration per PhysicalEventID x Analyte
PE_7b7021667404f4bf5ffe,TKN,2022,MT,2.7,3,Bayes,2.5915095828613377,posterior_predictive_mean,one median measured concentration per PhysicalEventID x Analyte
PE_7f40423a8c9c7387079e,TKN,2022,MT,2.4,2,Bayes,1.4014920286140526,posterior_predictive_mean,one median measured concentration per PhysicalEventID x Analyte
PE_912d046edf542edb9c36,TKN,2022,MT,0.0,2,Bayes,2.619751850683069,posterior_predictive_mean,one median measured concentration per PhysicalEventID x Analyte
PE_a5a3e7d8a5e84189d18a,TKN,2022,MT,0.0,3,Bayes,3.0780616129690097,posterior_predictive_mean,one median measured concentration per PhysicalEventID x Analyte
PE_aa383c8c9a57591dc206,TKN,2022,MT,0.0,2,Bayes,3.7975288145453847,posterior_predictive_mean,one median measured concentration per PhysicalEventID x Analyte
PE_afa287a09ff3e5bab631,TKN,2022,MT,0.0,3,Bayes,1.6673748239408974,posterior_predictive_mean,one median measured concentration per PhysicalEventID x Analyte
PE_d41d88e8b515629ab69d,TKN,2022,MT,0.63,1,Bayes,0.9138708353320668,posterior_predictive_mean,one median measured concentration per PhysicalEventID x Analyte
PE_f0406a7690a0e8ef2920,TKN,2022,MT,0.49,2,Bayes,2.62794440175714,posterior_predictive_mean,one median measured concentration per PhysicalEventID x Analyte
PE_0656666c2b33c1a71dfc,TKN,2022,ST,0.0,3,Bayes,0.7016489904041907,posterior_predictive_mean,one median measured concentration per PhysicalEventID x Analyte
PE_230aa97120550e292bc7,TKN,2022,ST,1.05,2,Bayes,1.542724392592986,posterior_predictive_mean,one median measured concentration per PhysicalEventID x Analyte
PE_3eefa2d11be77738359b,TKN,2022,ST,0.0,3,Bayes,4.118853981166161,posterior_predictive_mean,one median measured concentration per PhysicalEventID x Analyte
PE_425f14902ee81a16cfeb,TKN,2022,ST,0.0,1,Bayes,3.9556516971634497,posterior_predictive_mean,one median measured concentration per PhysicalEventID x Analyte
PE_510406c16da87dd620cb,TKN,2022,ST,11.15,2,Bayes,8.063376000086352,posterior_predictive_mean,one median measured concentration per PhysicalEventID x Analyte
PE_70d3cc17c47edebe68ad,TKN,2022,ST,0.0,2,Bayes,2.550641414962612,posterior_predictive_mean,one median measured concentration per PhysicalEventID x Analyte
PE_7cf61966fec7c7b6adc5,TKN,2022,ST,0.0,2,Bayes,3.7892000171706495,posterior_predictive_mean,one median measured concentration per PhysicalEventID x Analyte
PE_901ccaf6a3ac1105504f,TKN,2022,ST,0.0,2,Bayes,1.968347057152131,posterior_predictive_mean,one median measured concentration per PhysicalEventID x Analyte
PE_99ec6d6affe898b0e8d2,TKN,2022,ST,0.97,1,Bayes,1.1314956017323752,posterior_predictive_mean,one median measured concentration per PhysicalEventID x Analyte
PE_a8630556d08f6cec7f6a,TKN,2022,ST,0.0,3,Bayes,0.8706096350248265,posterior_predictive_mean,one median measured concentration per PhysicalEventID x Analyte
PE_ceb9c23bc0db5be24388,TKN,2022,ST,0.0,3,Bayes,1.763289868067805,posterior_predictive_mean,one median measured concentration per PhysicalEventID x Analyte
PE_d47080104483a2906848,TKN,2022,ST,3.0,3,Bayes,4.275334715032804,posterior_predictive_mean,one median measured concentration per PhysicalEventID x Analyte
PE_dc25029fed7bf1b276c5,TKN,2022,ST,2.1,3,Bayes,2.1482365920408832,posterior_predictive_mean,one median measured concentration per PhysicalEventID x Analyte
PE_1607bd85c5b858754283,TKN,2023,CT,1.115,4,Bayes,1.61400765145005,posterior_predictive_mean,one median measured concentration per PhysicalEventID x Analyte
PE_17f8630aaa6312f3912a,TKN,2023,CT,1.85,4,Bayes,1.534026770589937,posterior_predictive_mean,one median measured concentration per PhysicalEventID x Analyte
PE_21ef5b6342274d9e3203,TKN,2023,CT,0.75,4,Bayes,1.1389822332849555,posterior_predictive_mean,one median measured concentration per PhysicalEventID x Analyte
PE_222b0b4beba254c530d7,TKN,2023,CT,8.7,3,Bayes,8.846713657005019,posterior_predictive_mean,one median measured concentration per PhysicalEventID x Analyte
PE_577d295e76e129c37688,TKN,2023,CT,2.1,4,Bayes,2.120986614528381,posterior_predictive_mean,one median measured concentration per PhysicalEventID x Analyte
PE_5bf168b414e63b4f63f3,TKN,2023,CT,2.6,5,Bayes,2.0212413564386846,posterior_predictive_mean,one median measured concentration per PhysicalEventID x Analyte
PE_7131d35e8cd02b882d26,TKN,2023,CT,6.1,4,Bayes,7.023967325966992,posterior_predictive_mean,one median measured concentration per PhysicalEventID x Analyte
PE_8474551aa700ba7170c1,TKN,2023,CT,29.0,1,Bayes,24.859487985521497,posterior_predictive_mean,one median measured concentration per PhysicalEventID x Analyte
PE_bf4d5c43e21a82c51f4f,TKN,2023,CT,1.3,4,Bayes,1.6184109015105932,posterior_predictive_mean,one median measured concentration per PhysicalEventID x Analyte
PE_ee0d84028e7204c9f8b6,TKN,2023,CT,0.61,4,Bayes,0.6820241150789854,posterior_predictive_mean,one median measured concentration per PhysicalEventID x Analyte
PE_f071df1dfa8de45515c1,TKN,2023,CT,33.0,1,Bayes,27.374096406934772,posterior_predictive_mean,one median measured concentration per PhysicalEventID x Analyte
PE_f7a5e5b2a4c1c3239774,TKN,2023,CT,0.7050000000000001,4,Bayes,0.7349862954312136,posterior_predictive_mean,one median measured concentration per PhysicalEventID x Analyte
PE_199b5b7c1aaa1098c691,TKN,2023,MT,34.0,1,Bayes,27.963502247208567,posterior_predictive_mean,one median measured concentration per PhysicalEventID x Analyte
PE_23621b170748f0fc60c2,TKN,2023,MT,4.15,4,Bayes,4.11812389254997,posterior_predictive_mean,one median measured concentration per PhysicalEventID x Analyte
PE_248493668060338e72e6,TKN,2023,MT,7.5,5,Bayes,14.68404033831182,posterior_predictive_mean,one median measured concentration per PhysicalEventID x Analyte
PE_3694e2f2ef6dd2e8480f,TKN,2023,MT,25.0,1,Bayes,22.11400070292322,posterior_predictive_mean,one median measured concentration per PhysicalEventID x Analyte
PE_7751232195de561530b0,TKN,2023,MT,1.7000000000000002,4,Bayes,1.4613684931858542,posterior_predictive_mean,one median measured concentration per PhysicalEventID x Analyte
PE_8d90127b55de039c6ab7,TKN,2023,MT,3.3,5,Bayes,3.514968282852766,posterior_predictive_mean,one median measured concentration per PhysicalEventID x Analyte
PE_9d88eac30a91208d302b,TKN,2023,MT,0.0,4,Bayes,0.0,posterior_predictive_mean,one median measured concentration per PhysicalEventID x Analyte
PE_a5dd6f772a1d2e7d821c,TKN,2023,MT,0.0,6,Bayes,0.0,posterior_predictive_mean,one median measured concentration per PhysicalEventID x Analyte
PE_acc7ee117e759ece44f9,TKN,2023,MT,0.89,5,Bayes,1.0739497763444077,posterior_predictive_mean,one median measured concentration per PhysicalEventID x Analyte
PE_b6fd60d10e559978199b,TKN,2023,MT,0.53,5,Bayes,0.0,posterior_predictive_mean,one median measured concentration per PhysicalEventID x Analyte
PE_bf74455b1a7c48461768,TKN,2023,MT,6.3,3,Bayes,7.143849083858164,posterior_predictive_mean,one median measured concentration per PhysicalEventID x Analyte
PE_c4acde3ff39ca34f7f1d,TKN,2023,MT,2.05,4,Bayes,2.386140048087561,posterior_predictive_mean,one median measured concentration per PhysicalEventID x Analyte
PE_68d44a8c5ee2992c2c36,TKN,2023,ST,2.75,4,Bayes,2.297183425722462,posterior_predictive_mean,one median measured concentration per PhysicalEventID x Analyte
PE_6f90d69c4aa146a04e18,TKN,2023,ST,37.0,1,Bayes,30.12788071051712,posterior_predictive_mean,one median measured concentration per PhysicalEventID x Analyte
PE_78a0e5a12037218db30c,TKN,2023,ST,1.2,5,Bayes,2.1782550388670394,posterior_predictive_mean,one median measured concentration per PhysicalEventID x Analyte
PE_8a47f8b2785e361a0f5c,TKN,2023,ST,5.449999999999999,4,Bayes,6.466284358634883,posterior_predictive_mean,one median measured concentration per PhysicalEventID x Analyte
PE_8f51b688686d8bdc2f79,TKN,2023,ST,11.5,4,Bayes,15.377060011396557,posterior_predictive_mean,one median measured concentration per PhysicalEventID x Analyte
PE_ada3010827131318b4a5,TKN,2023,ST,0.26,4,Bayes,0.0,posterior_predictive_mean,one median measured concentration per PhysicalEventID x Analyte
PE_bca2b67b03840bac2206,TKN,2023,ST,0.0,4,Bayes,0.0,posterior_predictive_mean,one median measured concentration per PhysicalEventID x Analyte
PE_c6f4076701513ce44077,TKN,2023,ST,32.0,1,Bayes,26.98204957265253,posterior_predictive_mean,one median measured concentration per PhysicalEventID x Analyte
PE_c9875bdbbfec951204a7,TKN,2023,ST,1.25,4,Bayes,1.279514304590661,posterior_predictive_mean,one median measured concentration per PhysicalEventID x Analyte
PE_d0ce0a7aa7e876660808,TKN,2023,ST,0.95,4,Bayes,0.62591655421333,posterior_predictive_mean,one median measured concentration per PhysicalEventID x Analyte
PE_dbd728d03c1d5af8f0ef,TKN,2023,ST,33.0,1,Bayes,27.49193422077516,posterior_predictive_mean,one median measured concentration per PhysicalEventID x Analyte
PE_e29fdc102c9f799e8e4f,TKN,2023,ST,1.3,4,Bayes,1.4503330948088011,posterior_predictive_mean,one median measured concentration per PhysicalEventID x Analyte
PE_fc1529c70189a30552dd,TKN,2023,ST,3.15,4,Bayes,3.9546016347929625,posterior_predictive_mean,one median measured concentration per PhysicalEventID x Analyte
PE_3a4478840ec05680e176,TKN,2024,CT,0.94,4,Bayes,1.5105796457819474,posterior_predictive_mean,one median measured concentration per PhysicalEventID x Analyte
PE_828e337f2a8b9a9634d7,TKN,2024,CT,2.8,4,Bayes,2.4750915258484896,posterior_predictive_mean,one median measured concentration per PhysicalEventID x Analyte
PE_87d4115bb68391b10daf,TKN,2024,CT,1.15,4,Bayes,1.3836739009729124,posterior_predictive_mean,one median measured concentration per PhysicalEventID x Analyte
PE_a354768a3ad269a40a28,TKN,2024,CT,0.725,4,Bayes,0.9421226358568652,posterior_predictive_mean,one median measured concentration per PhysicalEventID x Analyte
PE_add35a9103c77e144288,TKN,2024,CT,0.91,4,Bayes,0.4544038440099742,posterior_predictive_mean,one median measured concentration per PhysicalEventID x Analyte
PE_dd4d0ea35e35c329e9d8,TKN,2024,CT,3.25,4,Bayes,2.854269477787746,posterior_predictive_mean,one median measured concentration per PhysicalEventID x Analyte
PE_e01f96101de9649fe0a8,TKN,2024,CT,0.73,2,Bayes,0.7744061539093263,posterior_predictive_mean,one median measured concentration per PhysicalEventID x Analyte
PE_f96a427e92fb0d6cf251,TKN,2024,CT,0.8,4,Bayes,0.5263390140944171,posterior_predictive_mean,one median measured concentration per PhysicalEventID x Analyte
PE_02b42436b7981ca07571,TKN,2024,MT,0.0,4,Bayes,0.0,posterior_predictive_mean,one median measured concentration per PhysicalEventID x Analyte
PE_7a793bda6ecab836d590,TKN,2024,MT,0.51,3,Bayes,0.5091247570295865,posterior_predictive_mean,one median measured concentration per PhysicalEventID x Analyte
PE_ba059ebbc29b11d1a3be,TKN,2024,MT,0.76,4,Bayes,0.5987612311263542,posterior_predictive_mean,one median measured concentration per PhysicalEventID x Analyte
PE_c488be01d5dbff565ef0,TKN,2024,MT,0.7,4,Bayes,0.1619168197541856,posterior_predictive_mean,one median measured concentration per PhysicalEventID x Analyte
PE_c918bf0b868668efb5e3,TKN,2024,MT,2.6500000000000004,4,Bayes,2.568653902948749,posterior_predictive_mean,one median measured concentration per PhysicalEventID x Analyte
PE_cc030c89ee5b8a7462b6,TKN,2024,MT,0.7050000000000001,4,Bayes,0.3431117116311637,posterior_predictive_mean,one median measured concentration per PhysicalEventID x Analyte
PE_d0a561512025e1d2770d,TKN,2024,MT,2.6,4,Bayes,2.728810171905627,posterior_predictive_mean,one median measured concentration per PhysicalEventID x Analyte
PE_e582d3221277d02f35d9,TKN,2024,MT,0.86,4,Bayes,1.0615023110799315,posterior_predictive_mean,one median measured concentration per PhysicalEventID x Analyte
PE_00b38906ec1907c7d0dc,TKN,2024,ST,0.975,4,Bayes,1.5953073935060045,posterior_predictive_mean,one median measured concentration per PhysicalEventID x Analyte
PE_30f71765b192fa672ac6,TKN,2024,ST,0.855,4,Bayes,0.3608232386159196,posterior_predictive_mean,one median measured concentration per PhysicalEventID x Analyte
PE_47021952abc7ade62c23,TKN,2024,ST,2.8,4,Bayes,3.108054143496294,posterior_predictive_mean,one median measured concentration per PhysicalEventID x Analyte
PE_6dfbf6a0b565de5536dd,TKN,2024,ST,1.1,4,Bayes,1.150790342443888,posterior_predictive_mean,one median measured concentration per PhysicalEventID x Analyte
PE_d36d20c6bc7c067588be,TKN,2024,ST,0.62,3,Bayes,1.1701673143149014,posterior_predictive_mean,one median measured concentration per PhysicalEventID x Analyte
PE_dd553617c7d118d29861,TKN,2024,ST,0.8999999999999999,4,Bayes,0.7058428002020649,posterior_predictive_mean,one median measured concentration per PhysicalEventID x Analyte
PE_f0055d0fbf3bb2c0c279,TKN,2024,ST,2.6,4,Bayes,2.696128317684383,posterior_predictive_mean,one median measured concentration per PhysicalEventID x Analyte
PE_f6579064c70952c33aa8,TKN,2024,ST,0.8400000000000001,4,Bayes,1.0947265685444605,posterior_predictive_mean,one median measured concentration per PhysicalEventID x Analyte
PE_01024210b88310ac1815,TKN,2025,CT,0.0,4,Bayes,0.0,posterior_predictive_mean,one median measured concentration per PhysicalEventID x Analyte
PE_30d8eee773ba85ed7ec9,TKN,2025,CT,0.0,4,Bayes,0.0,posterior_predictive_mean,one median measured concentration per PhysicalEventID x Analyte
PE_41cebec90b66f3ef63c2,TKN,2025,CT,1.5,3,Bayes,1.0047562814850433,posterior_predictive_mean,one median measured concentration per PhysicalEventID x Analyte
PE_5c35b22fc4eba02df28c,TKN,2025,CT,1.2000000000000002,4,Bayes,1.129949474559376,posterior_predictive_mean,one median measured concentration per PhysicalEventID x Analyte
PE_72b83136bc50254a55a6,TKN,2025,CT,0.5,4,Bayes,0.0,posterior_predictive_mean,one median measured concentration per PhysicalEventID x Analyte
PE_73a092189bd19f7de823,TKN,2025,CT,1.05,4,Bayes,0.097233623619219,posterior_predictive_mean,one median measured concentration per PhysicalEventID x Analyte
PE_79ea2eb78bef48e2d163,TKN,2025,CT,1.65,4,Bayes,1.8214943875360172,posterior_predictive_mean,one median measured concentration per PhysicalEventID x Analyte
PE_85771b5590cb80ee80b1,TKN,2025,CT,1.15,4,Bayes,1.182604292468905,posterior_predictive_mean,one median measured concentration per PhysicalEventID x Analyte
PE_92e7ac2243498d97f3e0,TKN,2025,CT,0.0,4,Bayes,0.0,posterior_predictive_mean,one median measured concentration per PhysicalEventID x Analyte
PE_961b16815e7ba5016bdb,TKN,2025,CT,0.0,4,Bayes,0.0,posterior_predictive_mean,one median measured concentration per PhysicalEventID x Analyte
PE_bd4a80359ce1de5f5729,TKN,2025,CT,0.0,4,Bayes,0.0,posterior_predictive_mean,one median measured concentration per PhysicalEventID x Analyte
PE_ef5b618a3b1b8ffbd8e4,TKN,2025,CT,0.0,4,Bayes,0.0,posterior_predictive_mean,one median measured concentration per PhysicalEventID x Analyte
PE_2314eec6a45e0be9e203,TKN,2025,MT,0.0,4,Bayes,0.0,posterior_predictive_mean,one median measured concentration per PhysicalEventID x Analyte
PE_39c8810e26ab4ca7933c,TKN,2025,MT,1.1,4,Bayes,0.8608095757417187,posterior_predictive_mean,one median measured concentration per PhysicalEventID x Analyte
PE_676050582c291c72204b,TKN,2025,MT,0.0,4,Bayes,0.0,posterior_predictive_mean,one median measured concentration per PhysicalEventID x Analyte
PE_6c85627a623e6c9dfbb4,TKN,2025,MT,0.6,4,Bayes,0.8500753944013513,posterior_predictive_mean,one median measured concentration per PhysicalEventID x Analyte
PE_7d221972180d28e4f760,TKN,2025,MT,0.0,4,Bayes,0.0,posterior_predictive_mean,one median measured concentration per PhysicalEventID x Analyte
PE_a033c0958b5b88a75684,TKN,2025,MT,0.85,4,Bayes,0.0102810117832663,posterior_predictive_mean,one median measured concentration per PhysicalEventID x Analyte
PE_a36448d6fe89c398bac0,TKN,2025,MT,0.0,4,Bayes,0.0,posterior_predictive_mean,one median measured concentration per PhysicalEventID x Analyte
PE_c1edec673d6e55fe03b0,TKN,2025,MT,1.05,4,Bayes,0.0883238588443604,posterior_predictive_mean,one median measured concentration per PhysicalEventID x Analyte
PE_c63b91d3075e6834f32e,TKN,2025,MT,1.3,4,Bayes,1.8174106176662264,posterior_predictive_mean,one median measured concentration per PhysicalEventID x Analyte
PE_e6892c1c4df9f9956548,TKN,2025,MT,1.2999999999999998,4,Bayes,1.2005745339897245,posterior_predictive_mean,one median measured concentration per PhysicalEventID x Analyte
PE_f2544036a8cdc2b562ca,TKN,2025,MT,0.0,4,Bayes,0.0,posterior_predictive_mean,one median measured concentration per PhysicalEventID x Analyte
PE_ff8985d7bd1f94902d4e,TKN,2025,MT,0.0,4,Bayes,0.0,posterior_predictive_mean,one median measured concentration per PhysicalEventID x Analyte
PE_0373cedd6c6b07cdac38,TKN,2025,ST,1.45,4,Bayes,1.5865938576367729,posterior_predictive_mean,one median measured concentration per PhysicalEventID x Analyte
PE_0c2d197a5610b0bbb10e,TKN,2025,ST,0.0,4,Bayes,0.0,posterior_predictive_mean,one median measured concentration per PhysicalEventID x Analyte
PE_2000666922e9baf4491a,TKN,2025,ST,0.0,4,Bayes,0.0,posterior_predictive_mean,one median measured concentration per PhysicalEventID x Analyte
PE_326f1ee42ddcd2cd3c31,TKN,2025,ST,1.6,4,Bayes,1.7747139809399948,posterior_predictive_mean,one median measured concentration per PhysicalEventID x Analyte
PE_33b48c45a8f1d7ee984a,TKN,2025,ST,0.0,4,Bayes,0.0,posterior_predictive_mean,one median measured concentration per PhysicalEventID x Analyte
PE_44d1a7f433fe780ac78b,TKN,2025,ST,0.0,4,Bayes,0.0,posterior_predictive_mean,one median measured concentration per PhysicalEventID x Analyte
PE_55ff1c1f21eee62bac5f,TKN,2025,ST,0.55,4,Bayes,0.0,posterior_predictive_mean,one median measured concentration per PhysicalEventID x Analyte
PE_69bf4666a40285ef26b8,TKN,2025,ST,1.15,4,Bayes,0.5049229849624985,posterior_predictive_mean,one median measured concentration per PhysicalEventID x Analyte
PE_6db16cd7a8da79e5651d,TKN,2025,ST,0.0,4,Bayes,0.0,posterior_predictive_mean,one median measured concentration per PhysicalEventID x Analyte
PE_744bc567dc348be5d05b,TKN,2025,ST,0.5,4,Bayes,0.0,posterior_predictive_mean,one median measured concentration per PhysicalEventID x Analyte
PE_76eec8ae39fe2d6f5031,TKN,2025,ST,1.5,4,Bayes,1.4310067183567765,posterior_predictive_mean,one median measured concentration per PhysicalEventID x Analyte
PE_a873c6f206750ebc6cd1,TKN,2025,ST,0.0,4,Bayes,0.0,posterior_predictive_mean,one median measured concentration per PhysicalEventID x Analyte
PE_0609bb3a38fc48d18c44,TKN,2013,CT,3.423,1,ML,4.70937366797896,full_record_deterministic_prediction,one median measured concentration per PhysicalEventID x Analyte
PE_06846811b2896d804676,TKN,2013,CT,6.115,1,ML,5.729131627867323,full_record_deterministic_prediction,one median measured concentration per PhysicalEventID x Analyte
PE_2e9d58711c9824497c11,TKN,2013,CT,8.493,1,ML,4.506338367975258,full_record_deterministic_prediction,one median measured concentration per PhysicalEventID x Analyte
PE_7dbc678d30fda2bb0d2c,TKN,2013,CT,5.605,1,ML,4.20391652566686,full_record_deterministic_prediction,one median measured concentration per PhysicalEventID x Analyte
PE_a814ea72d8a79e5ce612,TKN,2013,CT,3.343,1,ML,3.396838213701007,full_record_deterministic_prediction,one median measured concentration per PhysicalEventID x Analyte
PE_dc649077fd49ff457e31,TKN,2013,CT,2.562,1,ML,2.45124337457427,full_record_deterministic_prediction,one median measured concentration per PhysicalEventID x Analyte
PE_113a8b8781b7a42b7a0c,TKN,2013,MT,6.495,1,ML,5.287638495032678,full_record_deterministic_prediction,one median measured concentration per PhysicalEventID x Analyte
PE_12cbc4a228ce581574f5,TKN,2013,MT,2.65,1,ML,2.750927908951005,full_record_deterministic_prediction,one median measured concentration per PhysicalEventID x Analyte
PE_1bd1f8a68c1dc49b3965,TKN,2013,MT,4.968,1,ML,4.894895963747744,full_record_deterministic_prediction,one median measured concentration per PhysicalEventID x Analyte
PE_262bcdadb146dac989ae,TKN,2013,MT,2.462,1,ML,3.1704771312059794,full_record_deterministic_prediction,one median measured concentration per PhysicalEventID x Analyte
PE_99b3a7e1248efb280745,TKN,2013,MT,4.773,1,ML,4.9988870497035816,full_record_deterministic_prediction,one median measured concentration per PhysicalEventID x Analyte
PE_e9b4025c029d683e1a32,TKN,2013,MT,6.798,1,ML,6.191418232460923,full_record_deterministic_prediction,one median measured concentration per PhysicalEventID x Analyte
PE_06463f55c291ea1d15a9,TKN,2013,ST,6.718,1,ML,4.172749354973491,full_record_deterministic_prediction,one median measured concentration per PhysicalEventID x Analyte
PE_2b1a26b26247f7aaf591,TKN,2013,ST,2.643,1,ML,2.9764953082303496,full_record_deterministic_prediction,one median measured concentration per PhysicalEventID x Analyte
PE_3a1f801f634bfe189584,TKN,2013,ST,4.765,1,ML,4.930555377146413,full_record_deterministic_prediction,one median measured concentration per PhysicalEventID x Analyte
PE_4ba63451b7dc89c0a556,TKN,2013,ST,1.332,1,ML,2.7093193040865287,full_record_deterministic_prediction,one median measured concentration per PhysicalEventID x Analyte
PE_b7ff1c1774876e409c04,TKN,2013,ST,5.003,1,ML,4.473678634937786,full_record_deterministic_prediction,one median measured concentration per PhysicalEventID x Analyte
PE_f7fa36feaba1a3684ccf,TKN,2013,ST,4.058,1,ML,3.515844806934405,full_record_deterministic_prediction,one median measured concentration per PhysicalEventID x Analyte
PE_0c873ebca68f220b5575,TKN,2014,CT,6.29,1,ML,4.031202975196608,full_record_deterministic_prediction,one median measured concentration per PhysicalEventID x Analyte
PE_0f2c1b5db3c1949d1f74,TKN,2014,CT,6.24,1,ML,3.932892555869551,full_record_deterministic_prediction,one median measured concentration per PhysicalEventID x Analyte
PE_0f6804c5fdc4da7fb4f7,TKN,2014,CT,4.8,1,ML,5.343117405564393,full_record_deterministic_prediction,one median measured concentration per PhysicalEventID x Analyte
PE_4c80e607422dec97f0c9,TKN,2014,CT,3.68,1,ML,3.8023484854284497,full_record_deterministic_prediction,one median measured concentration per PhysicalEventID x Analyte
PE_e1f06f083d001c899062,TKN,2014,CT,3.89,1,ML,3.972429326022754,full_record_deterministic_prediction,one median measured concentration per PhysicalEventID x Analyte
PE_e4c541913dac4c0bca3d,TKN,2014,CT,4.34,1,ML,4.160563515596538,full_record_deterministic_prediction,one median measured concentration per PhysicalEventID x Analyte
PE_28a3ad7db7957a75e475,TKN,2014,MT,5.58,1,ML,5.0172167561607885,full_record_deterministic_prediction,one median measured concentration per PhysicalEventID x Analyte
PE_909a6e90f2a2fb0ccb86,TKN,2014,MT,4.88,1,ML,4.612924875552985,full_record_deterministic_prediction,one median measured concentration per PhysicalEventID x Analyte
PE_5d5cb3edcd99b5be75e6,TKN,2014,ST,4.5,1,ML,3.7105627603784326,full_record_deterministic_prediction,one median measured concentration per PhysicalEventID x Analyte
PE_99c4e1053e4376d0bed3,TKN,2014,ST,4.33,1,ML,3.9084091306789466,full_record_deterministic_prediction,one median measured concentration per PhysicalEventID x Analyte
PE_be3da0eafc673da18d92,TKN,2014,ST,4.75,1,ML,3.899306375475899,full_record_deterministic_prediction,one median measured concentration per PhysicalEventID x Analyte
PE_d1afac04920a2ee5af17,TKN,2014,ST,6.7,1,ML,4.92496798017606,full_record_deterministic_prediction,one median measured concentration per PhysicalEventID x Analyte
PE_e5b7650f3b7e52f1a1bf,TKN,2014,ST,5.61,1,ML,4.910612924183555,full_record_deterministic_prediction,one median measured concentration per PhysicalEventID x Analyte
PE_e6f216bc2af9baf87adb,TKN,2014,ST,2.28,1,ML,4.732056032687918,full_record_deterministic_prediction,one median measured concentration per PhysicalEventID x Analyte
PE_003510690d55f2e080ab,TKN,2015,CT,1.405,1,ML,1.4319683398133245,full_record_deterministic_prediction,one median measured concentration per PhysicalEventID x Analyte
PE_01dfb8394999c3a08b1b,TKN,2015,CT,0.774,1,ML,0.8650608246965786,full_record_deterministic_prediction,one median measured concentration per PhysicalEventID x Analyte
PE_1994b95c4c5d89d54441,TKN,2015,CT,0.829,1,ML,0.8615303138521285,full_record_deterministic_prediction,one median measured concentration per PhysicalEventID x Analyte
PE_1ad2a48558b8c9cdf0bb,TKN,2015,CT,0.815,1,ML,0.7817030578550991,full_record_deterministic_prediction,one median measured concentration per PhysicalEventID x Analyte
PE_38f43e287ee7d1f916e4,TKN,2015,CT,0.675,1,ML,0.798704883678006,full_record_deterministic_prediction,one median measured concentration per PhysicalEventID x Analyte
PE_42feb90a12eb2a1656cd,TKN,2015,CT,0.965,1,ML,0.8397529155236447,full_record_deterministic_prediction,one median measured concentration per PhysicalEventID x Analyte
PE_63a5c105af28ea9f75a7,TKN,2015,CT,3.81,1,ML,2.1200016106538437,full_record_deterministic_prediction,one median measured concentration per PhysicalEventID x Analyte
PE_9a36752b43ad5983930a,TKN,2015,CT,0.858,1,ML,1.0006495755942426,full_record_deterministic_prediction,one median measured concentration per PhysicalEventID x Analyte
PE_b307adedb4f140b2f276,TKN,2015,CT,0.811,1,ML,0.9034254483557056,full_record_deterministic_prediction,one median measured concentration per PhysicalEventID x Analyte
PE_eba40b08b5ce69421768,TKN,2015,CT,0.778,1,ML,0.9141379843916924,full_record_deterministic_prediction,one median measured concentration per PhysicalEventID x Analyte
PE_ece5ee3d9a47f8a4b70b,TKN,2015,CT,1.22,1,ML,1.3987354806507315,full_record_deterministic_prediction,one median measured concentration per PhysicalEventID x Analyte
PE_effd37ee189df750ad5a,TKN,2015,CT,3.52,1,ML,1.9369555833115493,full_record_deterministic_prediction,one median measured concentration per PhysicalEventID x Analyte
PE_078b8edebaf25b47ca9c,TKN,2015,MT,0.22,1,ML,0.3788887476725585,full_record_deterministic_prediction,one median measured concentration per PhysicalEventID x Analyte
PE_09a938930ab837ebeb36,TKN,2015,MT,0.322,1,ML,0.3877165705838576,full_record_deterministic_prediction,one median measured concentration per PhysicalEventID x Analyte
PE_0e378dd2a91d7df1a7a9,TKN,2015,MT,0.01,1,ML,0.532415259336343,full_record_deterministic_prediction,one median measured concentration per PhysicalEventID x Analyte
PE_4ebf629c5dd531a50c12,TKN,2015,MT,0.424,1,ML,0.4117935472131004,full_record_deterministic_prediction,one median measured concentration per PhysicalEventID x Analyte
PE_61227cf97dd057e6375a,TKN,2015,MT,0.228,1,ML,0.2581461143554203,full_record_deterministic_prediction,one median measured concentration per PhysicalEventID x Analyte
PE_74dfc686b20e794d29d3,TKN,2015,MT,0.246,1,ML,0.3363669953093735,full_record_deterministic_prediction,one median measured concentration per PhysicalEventID x Analyte
PE_9f67556e2848ccb24a85,TKN,2015,MT,0.343,1,ML,0.4064202566004884,full_record_deterministic_prediction,one median measured concentration per PhysicalEventID x Analyte
PE_a98d09332522adfe618b,TKN,2015,MT,0.34,1,ML,0.2910305772650418,full_record_deterministic_prediction,one median measured concentration per PhysicalEventID x Analyte
PE_bd8c84ec329021438849,TKN,2015,MT,1.37,1,ML,0.7184818057158174,full_record_deterministic_prediction,one median measured concentration per PhysicalEventID x Analyte
PE_bf6fc540566653c363a5,TKN,2015,MT,0.88,1,ML,0.6730269961431918,full_record_deterministic_prediction,one median measured concentration per PhysicalEventID x Analyte
PE_f28eca55841e3590b19f,TKN,2015,MT,0.33,1,ML,0.3467424901100364,full_record_deterministic_prediction,one median measured concentration per PhysicalEventID x Analyte
PE_fc35961bbf4775b1838e,TKN,2015,MT,1.09,1,ML,0.95687572558874,full_record_deterministic_prediction,one median measured concentration per PhysicalEventID x Analyte
PE_27068e46a99396e37068,TKN,2015,ST,0.192,1,ML,0.2456197145641458,full_record_deterministic_prediction,one median measured concentration per PhysicalEventID x Analyte
PE_2bc636c51bdfedd7a673,TKN,2015,ST,0.121,1,ML,0.1895308955348719,full_record_deterministic_prediction,one median measured concentration per PhysicalEventID x Analyte
PE_61cbb9676a953528de2c,TKN,2015,ST,0.282,1,ML,0.3212991482462361,full_record_deterministic_prediction,one median measured concentration per PhysicalEventID x Analyte
PE_64548a06be4bb873cda0,TKN,2015,ST,0.94,1,ML,0.5614776118940191,full_record_deterministic_prediction,one median measured concentration per PhysicalEventID x Analyte
PE_72bbe667892a258fbed0,TKN,2015,ST,0.381,1,ML,0.3031114658334696,full_record_deterministic_prediction,one median measured concentration per PhysicalEventID x Analyte
PE_8b715eebc00f1d87b8e3,TKN,2015,ST,0.327,1,ML,0.422787669065388,full_record_deterministic_prediction,one median measured concentration per PhysicalEventID x Analyte
PE_982e6a4e7c9174d09a3c,TKN,2015,ST,2.53,1,ML,2.0223561497645943,full_record_deterministic_prediction,one median measured concentration per PhysicalEventID x Analyte
PE_ab750944465b3b03a5ec,TKN,2015,ST,0.316,1,ML,0.3596672106089593,full_record_deterministic_prediction,one median measured concentration per PhysicalEventID x Analyte
PE_c173a335fbc6a1794117,TKN,2015,ST,0.115,1,ML,0.3459206678811107,full_record_deterministic_prediction,one median measured concentration per PhysicalEventID x Analyte
PE_e9d0921860cc7c87fefe,TKN,2015,ST,0.198,1,ML,0.2109218593940676,full_record_deterministic_prediction,one median measured concentration per PhysicalEventID x Analyte
PE_ef16b92ac44718ed6fbe,TKN,2015,ST,2.17,1,ML,0.979779088453306,full_record_deterministic_prediction,one median measured concentration per PhysicalEventID x Analyte
PE_f98814c17b9da4b10046,TKN,2015,ST,1.02,1,ML,0.6142078465304576,full_record_deterministic_prediction,one median measured concentration per PhysicalEventID x Analyte
PE_571c968894d925b12ac7,TKN,2016,CT,0.04,2,ML,0.2804258220659311,full_record_deterministic_prediction,one median measured concentration per PhysicalEventID x Analyte
PE_796a63125680b03b1a47,TKN,2016,CT,0.0645,2,ML,0.3431313053278216,full_record_deterministic_prediction,one median measured concentration per PhysicalEventID x Analyte
PE_962807ecf486db3c765b,TKN,2016,CT,0.0395,2,ML,0.1989578018188708,full_record_deterministic_prediction,one median measured concentration per PhysicalEventID x Analyte
PE_cf4508303fbec7c40fe5,TKN,2016,CT,0.2175,2,ML,0.1979843543655715,full_record_deterministic_prediction,one median measured concentration per PhysicalEventID x Analyte
PE_06726b0bbd436c0f2638,TKN,2016,MT,0.129,2,ML,0.1261139008654068,full_record_deterministic_prediction,one median measured concentration per PhysicalEventID x Analyte
PE_1d9fa89274a5507fb9c3,TKN,2016,MT,0.1385,2,ML,0.1403088386978767,full_record_deterministic_prediction,one median measured concentration per PhysicalEventID x Analyte
PE_2836684cbc95d298d128,TKN,2016,MT,0.098,2,ML,0.1170893220919607,full_record_deterministic_prediction,one median measured concentration per PhysicalEventID x Analyte
PE_e91aef82d1d0158c64de,TKN,2016,MT,0.0615,2,ML,0.1304274935753162,full_record_deterministic_prediction,one median measured concentration per PhysicalEventID x Analyte
PE_245bc6dafec7fe277df3,TKN,2016,ST,0.038,2,ML,0.051929749739901,full_record_deterministic_prediction,one median measured concentration per PhysicalEventID x Analyte
PE_518a902e850a37a6e1f7,TKN,2016,ST,0.1245,2,ML,0.1185787158489145,full_record_deterministic_prediction,one median measured concentration per PhysicalEventID x Analyte
PE_7b17489d08fa900cd025,TKN,2016,ST,0.0455,2,ML,0.1322954993092034,full_record_deterministic_prediction,one median measured concentration per PhysicalEventID x Analyte
PE_ed07163240c41f058ff7,TKN,2016,ST,0.14400000000000002,2,ML,0.1138510365713403,full_record_deterministic_prediction,one median measured concentration per PhysicalEventID x Analyte
PE_0db94b33091790ae448c,TKN,2017,CT,0.0,3,ML,0.6525643060778499,full_record_deterministic_prediction,one median measured concentration per PhysicalEventID x Analyte
PE_1286406ef8d51ffa7b89,TKN,2017,CT,5.8,1,ML,4.259272716673038,full_record_deterministic_prediction,one median measured concentration per PhysicalEventID x Analyte
PE_20fd7645e8886a1975a0,TKN,2017,CT,4.0,1,ML,3.330354146640811,full_record_deterministic_prediction,one median measured concentration per PhysicalEventID x Analyte
PE_31bb29072ce592a58136,TKN,2017,CT,8.15,2,ML,5.362702203997088,full_record_deterministic_prediction,one median measured concentration per PhysicalEventID x Analyte
PE_4a45291481f1020c04f7,TKN,2017,CT,1.35,2,ML,1.7366805226828572,full_record_deterministic_prediction,one median measured concentration per PhysicalEventID x Analyte
PE_a249f721c9cded6ed477,TKN,2017,CT,1.5,3,ML,1.8738342814701128,full_record_deterministic_prediction,one median measured concentration per PhysicalEventID x Analyte
PE_a86f0dd73b63a18791b9,TKN,2017,CT,4.2,3,ML,2.053042942626296,full_record_deterministic_prediction,one median measured concentration per PhysicalEventID x Analyte
PE_c0e9a65e116d987d3dfe,TKN,2017,CT,1.75,2,ML,1.718221786887845,full_record_deterministic_prediction,one median measured concentration per PhysicalEventID x Analyte
PE_c67a9e43f22b05bb8d70,TKN,2017,CT,8.100000000000001,2,ML,5.811452244512745,full_record_deterministic_prediction,one median measured concentration per PhysicalEventID x Analyte
PE_c6a22d9daf9658c76f8d,TKN,2017,CT,2.0,2,ML,1.907181664043732,full_record_deterministic_prediction,one median measured concentration per PhysicalEventID x Analyte
PE_c7e10f3a52f813c6a07a,TKN,2017,CT,0.9650000000000001,2,ML,1.5007216523605251,full_record_deterministic_prediction,one median measured concentration per PhysicalEventID x Analyte
PE_f0acae9004db30c9f89b,TKN,2017,CT,6.3,1,ML,4.043737975200024,full_record_deterministic_prediction,one median measured concentration per PhysicalEventID x Analyte
PE_01ef9362ba3276afc3a9,TKN,2017,MT,3.1500000000000004,2,ML,1.4439368340580212,full_record_deterministic_prediction,one median measured concentration per PhysicalEventID x Analyte
PE_0d069e1b4f6cd76df6ac,TKN,2017,MT,0.6,1,ML,1.4044567561273855,full_record_deterministic_prediction,one median measured concentration per PhysicalEventID x Analyte
PE_283a79a4d7e1d99ea45c,TKN,2017,MT,0.71,1,ML,1.0179198611274904,full_record_deterministic_prediction,one median measured concentration per PhysicalEventID x Analyte
PE_3712d644db8e7505fd90,TKN,2017,MT,0.85,2,ML,0.984287612426979,full_record_deterministic_prediction,one median measured concentration per PhysicalEventID x Analyte
PE_44c3319c1ae4491d3b22,TKN,2017,MT,0.0,1,ML,0.8592311853912532,full_record_deterministic_prediction,one median measured concentration per PhysicalEventID x Analyte
PE_5f5cdcb0357234b8314a,TKN,2017,MT,0.165,2,ML,0.2978735496210538,full_record_deterministic_prediction,one median measured concentration per PhysicalEventID x Analyte
PE_72973ed7fd2fafa39b49,TKN,2017,MT,0.0,1,ML,1.239303874759825,full_record_deterministic_prediction,one median measured concentration per PhysicalEventID x Analyte
PE_7563047765a1e3f047e6,TKN,2017,MT,2.6,1,ML,2.783296435766946,full_record_deterministic_prediction,one median measured concentration per PhysicalEventID x Analyte
PE_ae6e7b1bd3de16ea6d0f,TKN,2017,MT,1.5,1,ML,1.3049016008844458,full_record_deterministic_prediction,one median measured concentration per PhysicalEventID x Analyte
PE_c9e73ef1dabab1e96c37,TKN,2017,MT,3.7,2,ML,2.3744006072231443,full_record_deterministic_prediction,one median measured concentration per PhysicalEventID x Analyte
PE_df9fe3439780c58ef619,TKN,2017,MT,2.5,2,ML,0.3131091964433005,full_record_deterministic_prediction,one median measured concentration per PhysicalEventID x Analyte
PE_fa68bde0c7a186695c73,TKN,2017,MT,1.4,1,ML,1.667462832043504,full_record_deterministic_prediction,one median measured concentration per PhysicalEventID x Analyte
PE_20cdd4f089d2cb0bb73d,TKN,2017,ST,0.195,2,ML,0.2865929321063442,full_record_deterministic_prediction,one median measured concentration per PhysicalEventID x Analyte
PE_4998c6ec98ba5c91a95d,TKN,2017,ST,1.6,3,ML,0.8605498688837505,full_record_deterministic_prediction,one median measured concentration per PhysicalEventID x Analyte
PE_4d317db65fbb1df71b52,TKN,2017,ST,0.0,3,ML,0.0,full_record_deterministic_prediction,one median measured concentration per PhysicalEventID x Analyte
PE_531c541dd4a3fff82f15,TKN,2017,ST,0.0,1,ML,0.6961500702643242,full_record_deterministic_prediction,one median measured concentration per PhysicalEventID x Analyte
PE_568f0b5ec6deda07b9f9,TKN,2017,ST,1.1,1,ML,1.6253405535731291,full_record_deterministic_prediction,one median measured concentration per PhysicalEventID x Analyte
PE_6ca81f85570cae0e0d9c,TKN,2017,ST,1.9,2,ML,1.728330877876601,full_record_deterministic_prediction,one median measured concentration per PhysicalEventID x Analyte
PE_8b4c5aba46522be8a6ae,TKN,2017,ST,0.0,1,ML,1.0031669674391428,full_record_deterministic_prediction,one median measured concentration per PhysicalEventID x Analyte
PE_9be29822841d41a56b41,TKN,2017,ST,0.6,2,ML,0.9092363756794892,full_record_deterministic_prediction,one median measured concentration per PhysicalEventID x Analyte
PE_dd2eb9cbf33aadc76796,TKN,2017,ST,0.0,2,ML,0.2481227673970866,full_record_deterministic_prediction,one median measured concentration per PhysicalEventID x Analyte
PE_e8e143ce24098f6b3f6d,TKN,2017,ST,1.0,3,ML,1.012353444016881,full_record_deterministic_prediction,one median measured concentration per PhysicalEventID x Analyte
PE_fae3faa31fd03c716eb2,TKN,2017,ST,0.405,2,ML,0.5640460020651261,full_record_deterministic_prediction,one median measured concentration per PhysicalEventID x Analyte
PE_166bc984fea383507df7,TKN,2020,CT,1.9,2,ML,1.8896145290943056,full_record_deterministic_prediction,one median measured concentration per PhysicalEventID x Analyte
PE_568a40e75356dbe2944f,TKN,2020,CT,1.9,2,ML,1.8739303104042644,full_record_deterministic_prediction,one median measured concentration per PhysicalEventID x Analyte
PE_5cea09f5406d83c18d64,TKN,2020,CT,1.2,1,ML,2.3280808574598826,full_record_deterministic_prediction,one median measured concentration per PhysicalEventID x Analyte
PE_5fe6f2ac660a17d837bd,TKN,2020,CT,1.2,1,ML,2.2989841108429587,full_record_deterministic_prediction,one median measured concentration per PhysicalEventID x Analyte
PE_81e03fd81db11fe99704,TKN,2020,CT,2.35,2,ML,2.6167975943276485,full_record_deterministic_prediction,one median measured concentration per PhysicalEventID x Analyte
PE_956f49ab7f5a452d4e47,TKN,2020,CT,3.4,2,ML,2.979242808730264,full_record_deterministic_prediction,one median measured concentration per PhysicalEventID x Analyte
PE_a2e77087ab55e269e32c,TKN,2020,CT,2.2,1,ML,3.921943920866865,full_record_deterministic_prediction,one median measured concentration per PhysicalEventID x Analyte
PE_d03c293a07504dee9823,TKN,2020,CT,1.75,2,ML,2.1420752088643464,full_record_deterministic_prediction,one median measured concentration per PhysicalEventID x Analyte
PE_f112cb116ff39b0745d1,TKN,2020,CT,1.8,1,ML,2.0970179521332426,full_record_deterministic_prediction,one median measured concentration per PhysicalEventID x Analyte
PE_1c61ae236bb189923470,TKN,2020,MT,1.35,2,ML,0.7365603764041866,full_record_deterministic_prediction,one median measured concentration per PhysicalEventID x Analyte
PE_3f0bbb475c6994c60cf6,TKN,2020,MT,1.2,1,ML,1.2862288318852353,full_record_deterministic_prediction,one median measured concentration per PhysicalEventID x Analyte
PE_48332f955c6c36e57528,TKN,2020,MT,1.8,2,ML,1.0501632468904658,full_record_deterministic_prediction,one median measured concentration per PhysicalEventID x Analyte
PE_61b68e752c1619aa8c43,TKN,2020,MT,1.1,1,ML,1.583706076578446,full_record_deterministic_prediction,one median measured concentration per PhysicalEventID x Analyte
PE_8ed15b2f1e5372b81dc7,TKN,2020,MT,1.2,1,ML,0.9801912235573528,full_record_deterministic_prediction,one median measured concentration per PhysicalEventID x Analyte
PE_a32b9b1cc443544ce423,TKN,2020,MT,1.35,2,ML,1.3016751138954368,full_record_deterministic_prediction,one median measured concentration per PhysicalEventID x Analyte
PE_addb6558497635dd3d9a,TKN,2020,MT,0.0,2,ML,0.5858151644514575,full_record_deterministic_prediction,one median measured concentration per PhysicalEventID x Analyte
PE_f20fe17d9d856cebbcf8,TKN,2020,MT,1.0,2,ML,0.9874947185286176,full_record_deterministic_prediction,one median measured concentration per PhysicalEventID x Analyte
PE_f8ef94027a8e2bfa6b9c,TKN,2020,MT,2.1,1,ML,2.5067930702922747,full_record_deterministic_prediction,one median measured concentration per PhysicalEventID x Analyte
PE_0b902961f965469f339e,TKN,2020,ST,0.0,2,ML,0.280090334983309,full_record_deterministic_prediction,one median measured concentration per PhysicalEventID x Analyte
PE_3f6400cdcf4fab1e9fc1,TKN,2020,ST,2.3,1,ML,2.7751159752298697,full_record_deterministic_prediction,one median measured concentration per PhysicalEventID x Analyte
PE_46cc9f71204f4afd638d,TKN,2020,ST,1.2,1,ML,1.5657260216719933,full_record_deterministic_prediction,one median measured concentration per PhysicalEventID x Analyte
PE_49fb6cd53fdd5e458f64,TKN,2020,ST,0.0,2,ML,0.4037453971571149,full_record_deterministic_prediction,one median measured concentration per PhysicalEventID x Analyte
PE_5ff3d0ad9d787e19a7ca,TKN,2020,ST,1.65,2,ML,0.9552569228520992,full_record_deterministic_prediction,one median measured concentration per PhysicalEventID x Analyte
PE_875be1f39b86704274b0,TKN,2020,ST,2.0,1,ML,0.9124592236349288,full_record_deterministic_prediction,one median measured concentration per PhysicalEventID x Analyte
PE_e92a1d87a3645647bd4e,TKN,2020,ST,0.0,2,ML,0.1673362010334009,full_record_deterministic_prediction,one median measured concentration per PhysicalEventID x Analyte
PE_ee23dd5347fd2acef254,TKN,2020,ST,1.3,1,ML,1.151199624871043,full_record_deterministic_prediction,one median measured concentration per PhysicalEventID x Analyte
PE_fc822425df54345742cb,TKN,2020,ST,2.0999999999999996,2,ML,1.3969331963442544,full_record_deterministic_prediction,one median measured concentration per PhysicalEventID x Analyte
PE_051cd85fc942217be314,TKN,2021,CT,2.5,2,ML,2.64275687156562,full_record_deterministic_prediction,one median measured concentration per PhysicalEventID x Analyte
PE_0ac2121b8fe18c0053e2,TKN,2021,CT,2.0,3,ML,2.97810280815562,full_record_deterministic_prediction,one median measured concentration per PhysicalEventID x Analyte
PE_21dfe39111b133765d37,TKN,2021,CT,4.6,2,ML,3.966061272160428,full_record_deterministic_prediction,one median measured concentration per PhysicalEventID x Analyte
PE_21eb97240c4e244d59c9,TKN,2021,CT,4.800000000000001,2,ML,4.641475575933201,full_record_deterministic_prediction,one median measured concentration per PhysicalEventID x Analyte
PE_2e40b6e91cc7d5ecd6c3,TKN,2021,CT,4.050000000000001,2,ML,4.008676235476208,full_record_deterministic_prediction,one median measured concentration per PhysicalEventID x Analyte
PE_33074ef569f8079ca2c5,TKN,2021,CT,6.25,2,ML,5.942178687713545,full_record_deterministic_prediction,one median measured concentration per PhysicalEventID x Analyte
PE_3e80216d31c31cb94be7,TKN,2021,CT,1.7000000000000002,4,ML,2.767603072014164,full_record_deterministic_prediction,one median measured concentration per PhysicalEventID x Analyte
PE_43f0020c0e87bb28cb4f,TKN,2021,CT,4.75,2,ML,5.870416471205277,full_record_deterministic_prediction,one median measured concentration per PhysicalEventID x Analyte
PE_7bb31d342461203b532f,TKN,2021,CT,3.4000000000000004,4,ML,2.444608773630137,full_record_deterministic_prediction,one median measured concentration per PhysicalEventID x Analyte
PE_a1506e8e5a02282cf157,TKN,2021,CT,6.25,2,ML,5.256214504295018,full_record_deterministic_prediction,one median measured concentration per PhysicalEventID x Analyte
PE_a9b65e771f7f28532999,TKN,2021,CT,2.75,4,ML,2.334645072125424,full_record_deterministic_prediction,one median measured concentration per PhysicalEventID x Analyte
PE_e9ed7c0da6f350ec0ebd,TKN,2021,CT,6.8,2,ML,3.018728444348436,full_record_deterministic_prediction,one median measured concentration per PhysicalEventID x Analyte
PE_10a82e2f3d5ad96163d0,TKN,2021,MT,1.9,2,ML,1.714469535268376,full_record_deterministic_prediction,one median measured concentration per PhysicalEventID x Analyte
PE_29232e3b1d0dd0846861,TKN,2021,MT,1.75,4,ML,1.7602722674960989,full_record_deterministic_prediction,one median measured concentration per PhysicalEventID x Analyte
PE_3b0275b6f31aa3c48b11,TKN,2021,MT,0.44,2,ML,1.1136691229999447,full_record_deterministic_prediction,one median measured concentration per PhysicalEventID x Analyte
PE_51b615c0027e4e29028e,TKN,2021,MT,2.25,2,ML,2.6026479635365014,full_record_deterministic_prediction,one median measured concentration per PhysicalEventID x Analyte
PE_55b3839d44d67304ba2d,TKN,2021,MT,6.55,2,ML,2.677885208719682,full_record_deterministic_prediction,one median measured concentration per PhysicalEventID x Analyte
PE_936c12cc5ae17810e93e,TKN,2021,MT,1.8,2,ML,1.8798195413234744,full_record_deterministic_prediction,one median measured concentration per PhysicalEventID x Analyte
PE_97c5dc883be532c37d60,TKN,2021,MT,1.65,2,ML,1.9835113156342683,full_record_deterministic_prediction,one median measured concentration per PhysicalEventID x Analyte
PE_c7ea31b20b60ad1966be,TKN,2021,MT,2.1,2,ML,1.7920368159394044,full_record_deterministic_prediction,one median measured concentration per PhysicalEventID x Analyte
PE_e31452c7a0ebfbfaf3f2,TKN,2021,MT,1.35,4,ML,1.1592785631255564,full_record_deterministic_prediction,one median measured concentration per PhysicalEventID x Analyte
PE_ebd22f3a15b20eea0e80,TKN,2021,MT,0.0,4,ML,0.6408033098357885,full_record_deterministic_prediction,one median measured concentration per PhysicalEventID x Analyte
PE_f0e98ee733e1acf48f4e,TKN,2021,MT,1.5,3,ML,1.3114519854007796,full_record_deterministic_prediction,one median measured concentration per PhysicalEventID x Analyte
PE_f544dd1f1224ddc9abde,TKN,2021,MT,5.8,1,ML,3.0419532794774247,full_record_deterministic_prediction,one median measured concentration per PhysicalEventID x Analyte
PE_16ac905814be2f1ac791,TKN,2021,ST,1.2000000000000002,2,ML,1.349338855859347,full_record_deterministic_prediction,one median measured concentration per PhysicalEventID x Analyte
PE_1a4143d14585d70064a4,TKN,2021,ST,2.5,2,ML,2.2990797293039056,full_record_deterministic_prediction,one median measured concentration per PhysicalEventID x Analyte
PE_3d9e743a00f5613f6722,TKN,2021,ST,4.2,2,ML,2.748357914014909,full_record_deterministic_prediction,one median measured concentration per PhysicalEventID x Analyte
PE_47319afabf95ce33e7fd,TKN,2021,ST,1.65,2,ML,1.9525613208894428,full_record_deterministic_prediction,one median measured concentration per PhysicalEventID x Analyte
PE_6af7db12fea1a0f5f5e0,TKN,2021,ST,1.25,2,ML,1.5048665744986487,full_record_deterministic_prediction,one median measured concentration per PhysicalEventID x Analyte
PE_6ee044c77bdf30366b5d,TKN,2021,ST,5.050000000000001,2,ML,3.452444256567936,full_record_deterministic_prediction,one median measured concentration per PhysicalEventID x Analyte
PE_78a548d4e3eef2a21ea3,TKN,2021,ST,1.3,4,ML,0.6899480549973439,full_record_deterministic_prediction,one median measured concentration per PhysicalEventID x Analyte
PE_835c9b48606f6cdfa777,TKN,2021,ST,1.55,2,ML,1.3174280763447852,full_record_deterministic_prediction,one median measured concentration per PhysicalEventID x Analyte
PE_af610e0f46836e0b77e1,TKN,2021,ST,2.7,2,ML,1.8192636320428683,full_record_deterministic_prediction,one median measured concentration per PhysicalEventID x Analyte
PE_b08201b583b69f927729,TKN,2021,ST,1.55,2,ML,1.8549634004987492,full_record_deterministic_prediction,one median measured concentration per PhysicalEventID x Analyte
PE_c917d3aa7638a95ddccd,TKN,2021,ST,1.075,4,ML,0.8696106328171154,full_record_deterministic_prediction,one median measured concentration per PhysicalEventID x Analyte
PE_e416400520de7f5adc17,TKN,2021,ST,1.2,3,ML,1.306739128365007,full_record_deterministic_prediction,one median measured concentration per PhysicalEventID x Analyte
PE_074f45d65401c8fdb3f5,TKN,2022,CT,0.0,3,ML,0.1741416182934361,full_record_deterministic_prediction,one median measured concentration per PhysicalEventID x Analyte
PE_26a08057b7264787ef06,TKN,2022,CT,0.71,1,ML,0.5058819841696687,full_record_deterministic_prediction,one median measured concentration per PhysicalEventID x Analyte
PE_32d4186ac5b7c925427a,TKN,2022,CT,0.0,2,ML,0.0502280785845497,full_record_deterministic_prediction,one median measured concentration per PhysicalEventID x Analyte
PE_3433a0bfc8c7216f3995,TKN,2022,CT,11.0,1,ML,1.13374917730311,full_record_deterministic_prediction,one median measured concentration per PhysicalEventID x Analyte
PE_3f1a3adf6196ed54473e,TKN,2022,CT,1.4,1,ML,1.5767373225241397,full_record_deterministic_prediction,one median measured concentration per PhysicalEventID x Analyte
PE_438127a754ce2a504c09,TKN,2022,CT,3.45,2,ML,3.164883932313088,full_record_deterministic_prediction,one median measured concentration per PhysicalEventID x Analyte
PE_5ae2ded12c8023b32c0a,TKN,2022,CT,0.0,3,ML,1.166852163118465,full_record_deterministic_prediction,one median measured concentration per PhysicalEventID x Analyte
PE_b8cc705881475991ea0f,TKN,2022,CT,0.49,2,ML,0.4144029440237327,full_record_deterministic_prediction,one median measured concentration per PhysicalEventID x Analyte
PE_c409fdcd758dbf3b86bb,TKN,2022,CT,0.0,1,ML,0.6284685006666497,full_record_deterministic_prediction,one median measured concentration per PhysicalEventID x Analyte
PE_db44df4caa1727e348be,TKN,2022,CT,0.0,3,ML,0.4063452048729396,full_record_deterministic_prediction,one median measured concentration per PhysicalEventID x Analyte
PE_df160c088a0a2ccf4d3e,TKN,2022,CT,0.0,1,ML,0.3906603747648037,full_record_deterministic_prediction,one median measured concentration per PhysicalEventID x Analyte
PE_eb7e4b7d6a65d5aa6a4b,TKN,2022,CT,0.91,3,ML,0.5402331790975661,full_record_deterministic_prediction,one median measured concentration per PhysicalEventID x Analyte
PE_14298b67e71efd6380df,TKN,2022,MT,4.0,3,ML,2.54104160170403,full_record_deterministic_prediction,one median measured concentration per PhysicalEventID x Analyte
PE_260d9de653b38957c0fe,TKN,2022,MT,0.0,2,ML,0.0945931723688487,full_record_deterministic_prediction,one median measured concentration per PhysicalEventID x Analyte
PE_344e7a9bb935a4829210,TKN,2022,MT,2.05,2,ML,1.759182542344445,full_record_deterministic_prediction,one median measured concentration per PhysicalEventID x Analyte
PE_3fc5dfce0fb4c6220e16,TKN,2022,MT,0.0,3,ML,0.1864996499312262,full_record_deterministic_prediction,one median measured concentration per PhysicalEventID x Analyte
PE_5556897f607258fe9362,TKN,2022,MT,0.0,3,ML,0.1321372334056247,full_record_deterministic_prediction,one median measured concentration per PhysicalEventID x Analyte
PE_7b7021667404f4bf5ffe,TKN,2022,MT,2.7,3,ML,1.5688373051117517,full_record_deterministic_prediction,one median measured concentration per PhysicalEventID x Analyte
PE_7f40423a8c9c7387079e,TKN,2022,MT,2.4,2,ML,2.082672998268818,full_record_deterministic_prediction,one median measured concentration per PhysicalEventID x Analyte
PE_912d046edf542edb9c36,TKN,2022,MT,0.0,2,ML,0.0704367466358056,full_record_deterministic_prediction,one median measured concentration per PhysicalEventID x Analyte
PE_a5a3e7d8a5e84189d18a,TKN,2022,MT,0.0,3,ML,0.6398198279590817,full_record_deterministic_prediction,one median measured concentration per PhysicalEventID x Analyte
PE_aa383c8c9a57591dc206,TKN,2022,MT,0.0,2,ML,0.0579504903704898,full_record_deterministic_prediction,one median measured concentration per PhysicalEventID x Analyte
PE_afa287a09ff3e5bab631,TKN,2022,MT,0.0,3,ML,0.6008101040228244,full_record_deterministic_prediction,one median measured concentration per PhysicalEventID x Analyte
PE_d41d88e8b515629ab69d,TKN,2022,MT,0.63,1,ML,0.3340854762904711,full_record_deterministic_prediction,one median measured concentration per PhysicalEventID x Analyte
PE_f0406a7690a0e8ef2920,TKN,2022,MT,0.49,2,ML,0.2308069268108641,full_record_deterministic_prediction,one median measured concentration per PhysicalEventID x Analyte
PE_0656666c2b33c1a71dfc,TKN,2022,ST,0.0,3,ML,0.6015334171356024,full_record_deterministic_prediction,one median measured concentration per PhysicalEventID x Analyte
PE_230aa97120550e292bc7,TKN,2022,ST,1.05,2,ML,1.5692002125711273,full_record_deterministic_prediction,one median measured concentration per PhysicalEventID x Analyte
PE_3eefa2d11be77738359b,TKN,2022,ST,0.0,3,ML,0.179112317238639,full_record_deterministic_prediction,one median measured concentration per PhysicalEventID x Analyte
PE_425f14902ee81a16cfeb,TKN,2022,ST,0.0,1,ML,0.0,full_record_deterministic_prediction,one median measured concentration per PhysicalEventID x Analyte
PE_510406c16da87dd620cb,TKN,2022,ST,11.15,2,ML,2.320106553754934,full_record_deterministic_prediction,one median measured concentration per PhysicalEventID x Analyte
PE_70d3cc17c47edebe68ad,TKN,2022,ST,0.0,2,ML,0.0440553158959464,full_record_deterministic_prediction,one median measured concentration per PhysicalEventID x Analyte
PE_7cf61966fec7c7b6adc5,TKN,2022,ST,0.0,2,ML,0.1576314644887072,full_record_deterministic_prediction,one median measured concentration per PhysicalEventID x Analyte
PE_901ccaf6a3ac1105504f,TKN,2022,ST,0.0,2,ML,0.0725822284268714,full_record_deterministic_prediction,one median measured concentration per PhysicalEventID x Analyte
PE_99ec6d6affe898b0e8d2,TKN,2022,ST,0.97,1,ML,0.2687990071936083,full_record_deterministic_prediction,one median measured concentration per PhysicalEventID x Analyte
PE_a8630556d08f6cec7f6a,TKN,2022,ST,0.0,3,ML,0.4839878898906181,full_record_deterministic_prediction,one median measured concentration per PhysicalEventID x Analyte
PE_ceb9c23bc0db5be24388,TKN,2022,ST,0.0,3,ML,0.0663275297408019,full_record_deterministic_prediction,one median measured concentration per PhysicalEventID x Analyte
PE_d47080104483a2906848,TKN,2022,ST,3.0,3,ML,1.7261078061356776,full_record_deterministic_prediction,one median measured concentration per PhysicalEventID x Analyte
PE_dc25029fed7bf1b276c5,TKN,2022,ST,2.1,3,ML,1.941971043414268,full_record_deterministic_prediction,one median measured concentration per PhysicalEventID x Analyte
PE_1607bd85c5b858754283,TKN,2023,CT,1.115,4,ML,0.7764183885544279,full_record_deterministic_prediction,one median measured concentration per PhysicalEventID x Analyte
PE_17f8630aaa6312f3912a,TKN,2023,CT,1.85,4,ML,1.7121658745974704,full_record_deterministic_prediction,one median measured concentration per PhysicalEventID x Analyte
PE_21ef5b6342274d9e3203,TKN,2023,CT,0.75,4,ML,0.5088586287098685,full_record_deterministic_prediction,one median measured concentration per PhysicalEventID x Analyte
PE_222b0b4beba254c530d7,TKN,2023,CT,8.7,3,ML,7.404182012343992,full_record_deterministic_prediction,one median measured concentration per PhysicalEventID x Analyte
PE_577d295e76e129c37688,TKN,2023,CT,2.1,4,ML,2.6568795436164043,full_record_deterministic_prediction,one median measured concentration per PhysicalEventID x Analyte
PE_5bf168b414e63b4f63f3,TKN,2023,CT,2.6,5,ML,2.649112742590076,full_record_deterministic_prediction,one median measured concentration per PhysicalEventID x Analyte
PE_7131d35e8cd02b882d26,TKN,2023,CT,6.1,4,ML,7.603387465641704,full_record_deterministic_prediction,one median measured concentration per PhysicalEventID x Analyte
PE_8474551aa700ba7170c1,TKN,2023,CT,29.0,1,ML,24.99320852969456,full_record_deterministic_prediction,one median measured concentration per PhysicalEventID x Analyte
PE_bf4d5c43e21a82c51f4f,TKN,2023,CT,1.3,4,ML,1.725057164192928,full_record_deterministic_prediction,one median measured concentration per PhysicalEventID x Analyte
PE_ee0d84028e7204c9f8b6,TKN,2023,CT,0.61,4,ML,0.6326107732011749,full_record_deterministic_prediction,one median measured concentration per PhysicalEventID x Analyte
PE_f071df1dfa8de45515c1,TKN,2023,CT,33.0,1,ML,32.52751866738824,full_record_deterministic_prediction,one median measured concentration per PhysicalEventID x Analyte
PE_f7a5e5b2a4c1c3239774,TKN,2023,CT,0.7050000000000001,4,ML,0.4295687913143534,full_record_deterministic_prediction,one median measured concentration per PhysicalEventID x Analyte
PE_199b5b7c1aaa1098c691,TKN,2023,MT,34.0,1,ML,33.11416154300109,full_record_deterministic_prediction,one median measured concentration per PhysicalEventID x Analyte
PE_23621b170748f0fc60c2,TKN,2023,MT,4.15,4,ML,3.55696550759308,full_record_deterministic_prediction,one median measured concentration per PhysicalEventID x Analyte
PE_248493668060338e72e6,TKN,2023,MT,7.5,5,ML,10.149109325219532,full_record_deterministic_prediction,one median measured concentration per PhysicalEventID x Analyte
PE_3694e2f2ef6dd2e8480f,TKN,2023,MT,25.0,1,ML,15.68477913782997,full_record_deterministic_prediction,one median measured concentration per PhysicalEventID x Analyte
PE_7751232195de561530b0,TKN,2023,MT,1.7000000000000002,4,ML,1.9862963308628705,full_record_deterministic_prediction,one median measured concentration per PhysicalEventID x Analyte
PE_8d90127b55de039c6ab7,TKN,2023,MT,3.3,5,ML,3.087911732049692,full_record_deterministic_prediction,one median measured concentration per PhysicalEventID x Analyte
PE_9d88eac30a91208d302b,TKN,2023,MT,0.0,4,ML,0.2902178039155648,full_record_deterministic_prediction,one median measured concentration per PhysicalEventID x Analyte
PE_a5dd6f772a1d2e7d821c,TKN,2023,MT,0.0,6,ML,0.3498702632362721,full_record_deterministic_prediction,one median measured concentration per PhysicalEventID x Analyte
PE_acc7ee117e759ece44f9,TKN,2023,MT,0.89,5,ML,0.2572778014457995,full_record_deterministic_prediction,one median measured concentration per PhysicalEventID x Analyte
PE_b6fd60d10e559978199b,TKN,2023,MT,0.53,5,ML,0.3132572778289912,full_record_deterministic_prediction,one median measured concentration per PhysicalEventID x Analyte
PE_bf74455b1a7c48461768,TKN,2023,MT,6.3,3,ML,8.187397016020695,full_record_deterministic_prediction,one median measured concentration per PhysicalEventID x Analyte
PE_c4acde3ff39ca34f7f1d,TKN,2023,MT,2.05,4,ML,1.8428716993865597,full_record_deterministic_prediction,one median measured concentration per PhysicalEventID x Analyte
PE_68d44a8c5ee2992c2c36,TKN,2023,ST,2.75,4,ML,2.935244398745203,full_record_deterministic_prediction,one median measured concentration per PhysicalEventID x Analyte
PE_6f90d69c4aa146a04e18,TKN,2023,ST,37.0,1,ML,31.456018043565702,full_record_deterministic_prediction,one median measured concentration per PhysicalEventID x Analyte
PE_78a0e5a12037218db30c,TKN,2023,ST,1.2,5,ML,1.9227778762968424,full_record_deterministic_prediction,one median measured concentration per PhysicalEventID x Analyte
PE_8a47f8b2785e361a0f5c,TKN,2023,ST,5.449999999999999,4,ML,9.582122898988713,full_record_deterministic_prediction,one median measured concentration per PhysicalEventID x Analyte
PE_8f51b688686d8bdc2f79,TKN,2023,ST,11.5,4,ML,11.984376367096056,full_record_deterministic_prediction,one median measured concentration per PhysicalEventID x Analyte
PE_ada3010827131318b4a5,TKN,2023,ST,0.26,4,ML,0.5019401185709987,full_record_deterministic_prediction,one median measured concentration per PhysicalEventID x Analyte
PE_bca2b67b03840bac2206,TKN,2023,ST,0.0,4,ML,0.2604720531200037,full_record_deterministic_prediction,one median measured concentration per PhysicalEventID x Analyte
PE_c6f4076701513ce44077,TKN,2023,ST,32.0,1,ML,30.56974099595335,full_record_deterministic_prediction,one median measured concentration per PhysicalEventID x Analyte
PE_c9875bdbbfec951204a7,TKN,2023,ST,1.25,4,ML,1.7030314780387756,full_record_deterministic_prediction,one median measured concentration per PhysicalEventID x Analyte
PE_d0ce0a7aa7e876660808,TKN,2023,ST,0.95,4,ML,0.6142186597716355,full_record_deterministic_prediction,one median measured concentration per PhysicalEventID x Analyte
PE_dbd728d03c1d5af8f0ef,TKN,2023,ST,33.0,1,ML,17.126014709786546,full_record_deterministic_prediction,one median measured concentration per PhysicalEventID x Analyte
PE_e29fdc102c9f799e8e4f,TKN,2023,ST,1.3,4,ML,0.7563973001631289,full_record_deterministic_prediction,one median measured concentration per PhysicalEventID x Analyte
PE_fc1529c70189a30552dd,TKN,2023,ST,3.15,4,ML,3.407231425284865,full_record_deterministic_prediction,one median measured concentration per PhysicalEventID x Analyte
PE_3a4478840ec05680e176,TKN,2024,CT,0.94,4,ML,0.7981867887870607,full_record_deterministic_prediction,one median measured concentration per PhysicalEventID x Analyte
PE_828e337f2a8b9a9634d7,TKN,2024,CT,2.8,4,ML,2.5643872640313603,full_record_deterministic_prediction,one median measured concentration per PhysicalEventID x Analyte
PE_87d4115bb68391b10daf,TKN,2024,CT,1.15,4,ML,0.6557703494411774,full_record_deterministic_prediction,one median measured concentration per PhysicalEventID x Analyte
PE_a354768a3ad269a40a28,TKN,2024,CT,0.725,4,ML,0.7071968407841674,full_record_deterministic_prediction,one median measured concentration per PhysicalEventID x Analyte
PE_add35a9103c77e144288,TKN,2024,CT,0.91,4,ML,0.8920435389596705,full_record_deterministic_prediction,one median measured concentration per PhysicalEventID x Analyte
PE_dd4d0ea35e35c329e9d8,TKN,2024,CT,3.25,4,ML,2.815790954602388,full_record_deterministic_prediction,one median measured concentration per PhysicalEventID x Analyte
PE_e01f96101de9649fe0a8,TKN,2024,CT,0.73,2,ML,1.182244849765767,full_record_deterministic_prediction,one median measured concentration per PhysicalEventID x Analyte
PE_f96a427e92fb0d6cf251,TKN,2024,CT,0.8,4,ML,0.9017470016902678,full_record_deterministic_prediction,one median measured concentration per PhysicalEventID x Analyte
PE_02b42436b7981ca07571,TKN,2024,MT,0.0,4,ML,0.3517147712636159,full_record_deterministic_prediction,one median measured concentration per PhysicalEventID x Analyte
PE_7a793bda6ecab836d590,TKN,2024,MT,0.51,3,ML,0.4554307210507234,full_record_deterministic_prediction,one median measured concentration per PhysicalEventID x Analyte
PE_ba059ebbc29b11d1a3be,TKN,2024,MT,0.76,4,ML,0.7877472466581326,full_record_deterministic_prediction,one median measured concentration per PhysicalEventID x Analyte
PE_c488be01d5dbff565ef0,TKN,2024,MT,0.7,4,ML,0.7455947744688348,full_record_deterministic_prediction,one median measured concentration per PhysicalEventID x Analyte
PE_c918bf0b868668efb5e3,TKN,2024,MT,2.6500000000000004,4,ML,2.387187440267973,full_record_deterministic_prediction,one median measured concentration per PhysicalEventID x Analyte
PE_cc030c89ee5b8a7462b6,TKN,2024,MT,0.7050000000000001,4,ML,0.8396301449537835,full_record_deterministic_prediction,one median measured concentration per PhysicalEventID x Analyte
PE_d0a561512025e1d2770d,TKN,2024,MT,2.6,4,ML,2.5330857146378367,full_record_deterministic_prediction,one median measured concentration per PhysicalEventID x Analyte
PE_e582d3221277d02f35d9,TKN,2024,MT,0.86,4,ML,0.824963878224586,full_record_deterministic_prediction,one median measured concentration per PhysicalEventID x Analyte
PE_00b38906ec1907c7d0dc,TKN,2024,ST,0.975,4,ML,0.8065744083765765,full_record_deterministic_prediction,one median measured concentration per PhysicalEventID x Analyte
PE_30f71765b192fa672ac6,TKN,2024,ST,0.855,4,ML,0.8162274562320195,full_record_deterministic_prediction,one median measured concentration per PhysicalEventID x Analyte
PE_47021952abc7ade62c23,TKN,2024,ST,2.8,4,ML,2.8256387338138254,full_record_deterministic_prediction,one median measured concentration per PhysicalEventID x Analyte
PE_6dfbf6a0b565de5536dd,TKN,2024,ST,1.1,4,ML,0.9884951676008642,full_record_deterministic_prediction,one median measured concentration per PhysicalEventID x Analyte
PE_d36d20c6bc7c067588be,TKN,2024,ST,0.62,3,ML,0.6663361474221396,full_record_deterministic_prediction,one median measured concentration per PhysicalEventID x Analyte
PE_dd553617c7d118d29861,TKN,2024,ST,0.8999999999999999,4,ML,0.8954984129755715,full_record_deterministic_prediction,one median measured concentration per PhysicalEventID x Analyte
PE_f0055d0fbf3bb2c0c279,TKN,2024,ST,2.6,4,ML,2.7333936365868667,full_record_deterministic_prediction,one median measured concentration per PhysicalEventID x Analyte
PE_f6579064c70952c33aa8,TKN,2024,ST,0.8400000000000001,4,ML,0.8663159272590505,full_record_deterministic_prediction,one median measured concentration per PhysicalEventID x Analyte
PE_01024210b88310ac1815,TKN,2025,CT,0.0,4,ML,0.1721482989830322,full_record_deterministic_prediction,one median measured concentration per PhysicalEventID x Analyte
PE_30d8eee773ba85ed7ec9,TKN,2025,CT,0.0,4,ML,0.0581985661086282,full_record_deterministic_prediction,one median measured concentration per PhysicalEventID x Analyte
PE_41cebec90b66f3ef63c2,TKN,2025,CT,1.5,3,ML,0.6074553139892072,full_record_deterministic_prediction,one median measured concentration per PhysicalEventID x Analyte
PE_5c35b22fc4eba02df28c,TKN,2025,CT,1.2000000000000002,4,ML,0.574709213767562,full_record_deterministic_prediction,one median measured concentration per PhysicalEventID x Analyte
PE_72b83136bc50254a55a6,TKN,2025,CT,0.5,4,ML,0.2462443859688794,full_record_deterministic_prediction,one median measured concentration per PhysicalEventID x Analyte
PE_73a092189bd19f7de823,TKN,2025,CT,1.05,4,ML,0.4170118404912704,full_record_deterministic_prediction,one median measured concentration per PhysicalEventID x Analyte
PE_79ea2eb78bef48e2d163,TKN,2025,CT,1.65,4,ML,1.2267292565498298,full_record_deterministic_prediction,one median measured concentration per PhysicalEventID x Analyte
PE_85771b5590cb80ee80b1,TKN,2025,CT,1.15,4,ML,1.1822346338425516,full_record_deterministic_prediction,one median measured concentration per PhysicalEventID x Analyte
PE_92e7ac2243498d97f3e0,TKN,2025,CT,0.0,4,ML,0.4615212801943452,full_record_deterministic_prediction,one median measured concentration per PhysicalEventID x Analyte
PE_961b16815e7ba5016bdb,TKN,2025,CT,0.0,4,ML,0.0726505813660114,full_record_deterministic_prediction,one median measured concentration per PhysicalEventID x Analyte
PE_bd4a80359ce1de5f5729,TKN,2025,CT,0.0,4,ML,0.2689537998397294,full_record_deterministic_prediction,one median measured concentration per PhysicalEventID x Analyte
PE_ef5b618a3b1b8ffbd8e4,TKN,2025,CT,0.0,4,ML,0.200040696106702,full_record_deterministic_prediction,one median measured concentration per PhysicalEventID x Analyte
PE_2314eec6a45e0be9e203,TKN,2025,MT,0.0,4,ML,0.0,full_record_deterministic_prediction,one median measured concentration per PhysicalEventID x Analyte
PE_39c8810e26ab4ca7933c,TKN,2025,MT,1.1,4,ML,0.8821138208730909,full_record_deterministic_prediction,one median measured concentration per PhysicalEventID x Analyte
PE_676050582c291c72204b,TKN,2025,MT,0.0,4,ML,0.0,full_record_deterministic_prediction,one median measured concentration per PhysicalEventID x Analyte
PE_6c85627a623e6c9dfbb4,TKN,2025,MT,0.6,4,ML,0.3219521710255399,full_record_deterministic_prediction,one median measured concentration per PhysicalEventID x Analyte
PE_7d221972180d28e4f760,TKN,2025,MT,0.0,4,ML,0.0932878210097726,full_record_deterministic_prediction,one median measured concentration per PhysicalEventID x Analyte
PE_a033c0958b5b88a75684,TKN,2025,MT,0.85,4,ML,0.5888818050365715,full_record_deterministic_prediction,one median measured concentration per PhysicalEventID x Analyte
PE_a36448d6fe89c398bac0,TKN,2025,MT,0.0,4,ML,0.0680370030624237,full_record_deterministic_prediction,one median measured concentration per PhysicalEventID x Analyte
PE_c1edec673d6e55fe03b0,TKN,2025,MT,1.05,4,ML,0.0687177506222909,full_record_deterministic_prediction,one median measured concentration per PhysicalEventID x Analyte
PE_c63b91d3075e6834f32e,TKN,2025,MT,1.3,4,ML,0.9168835144760912,full_record_deterministic_prediction,one median measured concentration per PhysicalEventID x Analyte
PE_e6892c1c4df9f9956548,TKN,2025,MT,1.2999999999999998,4,ML,0.9911104308782984,full_record_deterministic_prediction,one median measured concentration per PhysicalEventID x Analyte
PE_f2544036a8cdc2b562ca,TKN,2025,MT,0.0,4,ML,0.1059174316392324,full_record_deterministic_prediction,one median measured concentration per PhysicalEventID x Analyte
PE_ff8985d7bd1f94902d4e,TKN,2025,MT,0.0,4,ML,0.114673744598434,full_record_deterministic_prediction,one median measured concentration per PhysicalEventID x Analyte
PE_0373cedd6c6b07cdac38,TKN,2025,ST,1.45,4,ML,0.6505298552210564,full_record_deterministic_prediction,one median measured concentration per PhysicalEventID x Analyte
PE_0c2d197a5610b0bbb10e,TKN,2025,ST,0.0,4,ML,0.062623589132767,full_record_deterministic_prediction,one median measured concentration per PhysicalEventID x Analyte
PE_2000666922e9baf4491a,TKN,2025,ST,0.0,4,ML,0.2014024345976425,full_record_deterministic_prediction,one median measured concentration per PhysicalEventID x Analyte
PE_326f1ee42ddcd2cd3c31,TKN,2025,ST,1.6,4,ML,1.0572201797905587,full_record_deterministic_prediction,one median measured concentration per PhysicalEventID x Analyte
PE_33b48c45a8f1d7ee984a,TKN,2025,ST,0.0,4,ML,0.0047995441240353,full_record_deterministic_prediction,one median measured concentration per PhysicalEventID x Analyte
PE_44d1a7f433fe780ac78b,TKN,2025,ST,0.0,4,ML,0.1519324318074597,full_record_deterministic_prediction,one median measured concentration per PhysicalEventID x Analyte
PE_55ff1c1f21eee62bac5f,TKN,2025,ST,0.55,4,ML,0.2398701055829395,full_record_deterministic_prediction,one median measured concentration per PhysicalEventID x Analyte
PE_69bf4666a40285ef26b8,TKN,2025,ST,1.15,4,ML,0.8426419501694464,full_record_deterministic_prediction,one median measured concentration per PhysicalEventID x Analyte
PE_6db16cd7a8da79e5651d,TKN,2025,ST,0.0,4,ML,0.0162356592015017,full_record_deterministic_prediction,one median measured concentration per PhysicalEventID x Analyte
PE_744bc567dc348be5d05b,TKN,2025,ST,0.5,4,ML,0.0931670146323398,full_record_deterministic_prediction,one median measured concentration per PhysicalEventID x Analyte
PE_76eec8ae39fe2d6f5031,TKN,2025,ST,1.5,4,ML,0.7080661805281951,full_record_deterministic_prediction,one median measured concentration per PhysicalEventID x Analyte
PE_a873c6f206750ebc6cd1,TKN,2025,ST,0.0,4,ML,0.0577641533344294,full_record_deterministic_prediction,one median measured concentration per PhysicalEventID x Analyte
PE_35e13c2714d6ea95f5d3,TN,2011,CT,5.593,1,Bayes,6.155491442504382,posterior_predictive_mean,one median measured concentration per PhysicalEventID x Analyte
PE_57effa7ea94a4868513b,TN,2011,CT,2.43,1,Bayes,3.989162571770447,posterior_predictive_mean,one median measured concentration per PhysicalEventID x Analyte
PE_7ab5d22c48132f848099,TN,2011,CT,10.803,1,Bayes,8.558573130336091,posterior_predictive_mean,one median measured concentration per PhysicalEventID x Analyte
PE_8372856d847ab29e3d55,TN,2011,CT,12.703,1,Bayes,9.192440499049171,posterior_predictive_mean,one median measured concentration per PhysicalEventID x Analyte
PE_9b06b2640ba03d9fa7c4,TN,2011,CT,0.84,1,Bayes,3.6306879104567287,posterior_predictive_mean,one median measured concentration per PhysicalEventID x Analyte
PE_9e155a06de6d2a36ed95,TN,2011,CT,3.1,1,Bayes,5.518707807198624,posterior_predictive_mean,one median measured concentration per PhysicalEventID x Analyte
PE_2aaba42888d07cb12d22,TN,2011,MT,4.64,1,Bayes,5.487714529995714,posterior_predictive_mean,one median measured concentration per PhysicalEventID x Analyte
PE_49484da33f0ea698b83b,TN,2011,MT,1.057,1,Bayes,3.267673082786067,posterior_predictive_mean,one median measured concentration per PhysicalEventID x Analyte
PE_60f1a6212ff620019a30,TN,2011,MT,10.15,1,Bayes,8.18151343180462,posterior_predictive_mean,one median measured concentration per PhysicalEventID x Analyte
PE_63934b6278a65a8216b9,TN,2011,MT,5.408,1,Bayes,5.525007412113186,posterior_predictive_mean,one median measured concentration per PhysicalEventID x Analyte
PE_883a7658077d89fcf49d,TN,2011,MT,12.047,1,Bayes,8.829889340381504,posterior_predictive_mean,one median measured concentration per PhysicalEventID x Analyte
PE_bf4999981e8b30465343,TN,2011,MT,0.51,1,Bayes,3.388792713610277,posterior_predictive_mean,one median measured concentration per PhysicalEventID x Analyte
PE_556f24afddcf35c92237,TN,2011,ST,4.11,1,Bayes,5.26035823482614,posterior_predictive_mean,one median measured concentration per PhysicalEventID x Analyte
PE_95d3b43c79b8bf669652,TN,2011,ST,3.907,1,Bayes,5.3575700873114025,posterior_predictive_mean,one median measured concentration per PhysicalEventID x Analyte
PE_b29e09cdb7f952a1cdb0,TN,2011,ST,10.067,1,Bayes,7.998117595403416,posterior_predictive_mean,one median measured concentration per PhysicalEventID x Analyte
PE_bbf4e95c02e1591047b4,TN,2011,ST,3.443,1,Bayes,3.841189423102873,posterior_predictive_mean,one median measured concentration per PhysicalEventID x Analyte
PE_e7adc6803f9ae278362b,TN,2011,ST,10.713,1,Bayes,8.20904534600487,posterior_predictive_mean,one median measured concentration per PhysicalEventID x Analyte
PE_f5556b234e32459fa7a2,TN,2011,ST,3.167,1,Bayes,3.811920270559999,posterior_predictive_mean,one median measured concentration per PhysicalEventID x Analyte
PE_0d403a1dbd25bf378957,TN,2012,CT,1.723,1,Bayes,1.9418697801419995,posterior_predictive_mean,one median measured concentration per PhysicalEventID x Analyte
PE_42eb29bd3d8b55596b0d,TN,2012,CT,6.69,1,Bayes,3.930401293543271,posterior_predictive_mean,one median measured concentration per PhysicalEventID x Analyte
PE_8926ae228cc15db54f23,TN,2012,CT,1.51,1,Bayes,3.4030127588026327,posterior_predictive_mean,one median measured concentration per PhysicalEventID x Analyte
PE_93fc10203fe8e4c919ea,TN,2012,CT,2.037,1,Bayes,3.82215959434975,posterior_predictive_mean,one median measured concentration per PhysicalEventID x Analyte
PE_964f9e60ef2ea5038dae,TN,2012,CT,4.027,1,Bayes,3.605334166959301,posterior_predictive_mean,one median measured concentration per PhysicalEventID x Analyte
PE_980f4b8e6c4ad4f916f0,TN,2012,CT,1.87,1,Bayes,1.8802495204375795,posterior_predictive_mean,one median measured concentration per PhysicalEventID x Analyte
PE_9990eb3a8c35bbfe0d52,TN,2012,CT,1.703,1,Bayes,2.647643194819969,posterior_predictive_mean,one median measured concentration per PhysicalEventID x Analyte
PE_c022cac1f55e539686af,TN,2012,CT,2.583,1,Bayes,3.693298188278826,posterior_predictive_mean,one median measured concentration per PhysicalEventID x Analyte
PE_cbed8a7088e045d7b553,TN,2012,CT,4.08,1,Bayes,3.5356285257778968,posterior_predictive_mean,one median measured concentration per PhysicalEventID x Analyte
PE_df9469438e8cb790e7af,TN,2012,CT,2.693,1,Bayes,3.6894726619815255,posterior_predictive_mean,one median measured concentration per PhysicalEventID x Analyte
PE_01ea2f88880fff50efcb,TN,2012,MT,2.133,1,Bayes,3.232687754114992,posterior_predictive_mean,one median measured concentration per PhysicalEventID x Analyte
PE_04c02bec0f0f9a370498,TN,2012,MT,1.917,1,Bayes,3.012723197688551,posterior_predictive_mean,one median measured concentration per PhysicalEventID x Analyte
PE_084268df6eb9d4246043,TN,2012,MT,0.007,1,Bayes,0.9397423789550832,posterior_predictive_mean,one median measured concentration per PhysicalEventID x Analyte
PE_5d3101462bb3db890b29,TN,2012,MT,2.113,1,Bayes,2.5245784900197603,posterior_predictive_mean,one median measured concentration per PhysicalEventID x Analyte
PE_681443548ef078be38f1,TN,2012,MT,1.27,1,Bayes,1.40656675746113,posterior_predictive_mean,one median measured concentration per PhysicalEventID x Analyte
PE_860b95b364b2c2e3a6b5,TN,2012,MT,1.024,1,Bayes,2.0799857884032456,posterior_predictive_mean,one median measured concentration per PhysicalEventID x Analyte
PE_8b5564238c223d972525,TN,2012,MT,7.983,1,Bayes,7.1140133133809975,posterior_predictive_mean,one median measured concentration per PhysicalEventID x Analyte
PE_8dd5bcb659f488a967c1,TN,2012,MT,6.803,1,Bayes,5.671591699115435,posterior_predictive_mean,one median measured concentration per PhysicalEventID x Analyte
PE_bdf17111cc35249ef7aa,TN,2012,MT,2.697,1,Bayes,2.845391180753887,posterior_predictive_mean,one median measured concentration per PhysicalEventID x Analyte
PE_f18d62b04bf4f3a25d7e,TN,2012,MT,2.323,1,Bayes,3.1007768588812192,posterior_predictive_mean,one median measured concentration per PhysicalEventID x Analyte
PE_248d74790d081f1ad247,TN,2012,ST,1.003,1,Bayes,3.511322112961182,posterior_predictive_mean,one median measured concentration per PhysicalEventID x Analyte
PE_3b419c0bdb22b2b7c315,TN,2012,ST,2.323,1,Bayes,3.1000895574866867,posterior_predictive_mean,one median measured concentration per PhysicalEventID x Analyte
PE_649006527ce5d1d1ff1f,TN,2012,ST,1.3,1,Bayes,4.155479512061205,posterior_predictive_mean,one median measured concentration per PhysicalEventID x Analyte
PE_6c101e1953c53808bd4e,TN,2012,ST,3.297,1,Bayes,2.911715443248323,posterior_predictive_mean,one median measured concentration per PhysicalEventID x Analyte
PE_a828a4cd4628108e4701,TN,2012,ST,1.917,1,Bayes,3.081847534587613,posterior_predictive_mean,one median measured concentration per PhysicalEventID x Analyte
PE_bf44e09ffc415b58c4a0,TN,2012,ST,1.803,1,Bayes,1.6090581528951278,posterior_predictive_mean,one median measured concentration per PhysicalEventID x Analyte
PE_cc5627c91253785c0d98,TN,2012,ST,0.18,1,Bayes,0.9465793347433342,posterior_predictive_mean,one median measured concentration per PhysicalEventID x Analyte
PE_e54a1b2fb0b2d2f3c583,TN,2012,ST,2.463,1,Bayes,2.4703811485567564,posterior_predictive_mean,one median measured concentration per PhysicalEventID x Analyte
PE_0c873ebca68f220b5575,TN,2014,CT,4.925000000000001,4,Bayes,5.42964655046406,posterior_predictive_mean,one median measured concentration per PhysicalEventID x Analyte
PE_0f2c1b5db3c1949d1f74,TN,2014,CT,6.319000000000001,4,Bayes,6.2285682869813614,posterior_predictive_mean,one median measured concentration per PhysicalEventID x Analyte
PE_0f6804c5fdc4da7fb4f7,TN,2014,CT,10.685,4,Bayes,10.735180038650046,posterior_predictive_mean,one median measured concentration per PhysicalEventID x Analyte
PE_4c80e607422dec97f0c9,TN,2014,CT,3.875,2,Bayes,4.95792105294923,posterior_predictive_mean,one median measured concentration per PhysicalEventID x Analyte
PE_e1f06f083d001c899062,TN,2014,CT,4.701,4,Bayes,6.386399884949252,posterior_predictive_mean,one median measured concentration per PhysicalEventID x Analyte
PE_e4c541913dac4c0bca3d,TN,2014,CT,4.45,1,Bayes,5.795098948064789,posterior_predictive_mean,one median measured concentration per PhysicalEventID x Analyte
PE_214aa9017327a70f135f,TN,2014,MT,3.835,2,Bayes,5.045762009613609,posterior_predictive_mean,one median measured concentration per PhysicalEventID x Analyte
PE_28a3ad7db7957a75e475,TN,2014,MT,5.69,1,Bayes,5.817816910741255,posterior_predictive_mean,one median measured concentration per PhysicalEventID x Analyte
PE_909a6e90f2a2fb0ccb86,TN,2014,MT,4.99,1,Bayes,5.705762619149645,posterior_predictive_mean,one median measured concentration per PhysicalEventID x Analyte
PE_c29031fe1d291910e835,TN,2014,MT,1.8365,2,Bayes,4.184457531540646,posterior_predictive_mean,one median measured concentration per PhysicalEventID x Analyte
PE_5d5cb3edcd99b5be75e6,TN,2014,ST,4.61,1,Bayes,5.016166999952195,posterior_predictive_mean,one median measured concentration per PhysicalEventID x Analyte
PE_99c4e1053e4376d0bed3,TN,2014,ST,5.148,4,Bayes,5.404233685042987,posterior_predictive_mean,one median measured concentration per PhysicalEventID x Analyte
PE_be3da0eafc673da18d92,TN,2014,ST,4.86,1,Bayes,5.367473546225669,posterior_predictive_mean,one median measured concentration per PhysicalEventID x Analyte
PE_d1afac04920a2ee5af17,TN,2014,ST,6.823499999999999,4,Bayes,6.497712317929795,posterior_predictive_mean,one median measured concentration per PhysicalEventID x Analyte
PE_e5b7650f3b7e52f1a1bf,TN,2014,ST,5.7805,4,Bayes,7.354546901580205,posterior_predictive_mean,one median measured concentration per PhysicalEventID x Analyte
PE_e6f216bc2af9baf87adb,TN,2014,ST,2.435,4,Bayes,4.247157170411187,posterior_predictive_mean,one median measured concentration per PhysicalEventID x Analyte
PE_003510690d55f2e080ab,TN,2015,CT,9.299,2,Bayes,9.963928879023763,posterior_predictive_mean,one median measured concentration per PhysicalEventID x Analyte
PE_01dfb8394999c3a08b1b,TN,2015,CT,8.560500000000001,2,Bayes,8.404737211655641,posterior_predictive_mean,one median measured concentration per PhysicalEventID x Analyte
PE_1994b95c4c5d89d54441,TN,2015,CT,8.6335,2,Bayes,8.29737338648118,posterior_predictive_mean,one median measured concentration per PhysicalEventID x Analyte
PE_1ad2a48558b8c9cdf0bb,TN,2015,CT,8.475,2,Bayes,7.879266480258876,posterior_predictive_mean,one median measured concentration per PhysicalEventID x Analyte
PE_38f43e287ee7d1f916e4,TN,2015,CT,8.455,2,Bayes,9.188602303066244,posterior_predictive_mean,one median measured concentration per PhysicalEventID x Analyte
PE_63a5c105af28ea9f75a7,TN,2015,CT,10.2765,2,Bayes,10.498731160217403,posterior_predictive_mean,one median measured concentration per PhysicalEventID x Analyte
PE_b307adedb4f140b2f276,TN,2015,CT,8.365,2,Bayes,9.097293479288538,posterior_predictive_mean,one median measured concentration per PhysicalEventID x Analyte
PE_eba40b08b5ce69421768,TN,2015,CT,8.448,2,Bayes,7.898081259287348,posterior_predictive_mean,one median measured concentration per PhysicalEventID x Analyte
PE_ece5ee3d9a47f8a4b70b,TN,2015,CT,9.731,2,Bayes,10.105254393541928,posterior_predictive_mean,one median measured concentration per PhysicalEventID x Analyte
PE_effd37ee189df750ad5a,TN,2015,CT,9.724,2,Bayes,10.2355901006653,posterior_predictive_mean,one median measured concentration per PhysicalEventID x Analyte
PE_078b8edebaf25b47ca9c,TN,2015,MT,8.64,2,Bayes,7.596921590264776,posterior_predictive_mean,one median measured concentration per PhysicalEventID x Analyte
PE_0e378dd2a91d7df1a7a9,TN,2015,MT,10.1775,2,Bayes,10.060897849388036,posterior_predictive_mean,one median measured concentration per PhysicalEventID x Analyte
PE_4ebf629c5dd531a50c12,TN,2015,MT,8.435,2,Bayes,8.652747548429588,posterior_predictive_mean,one median measured concentration per PhysicalEventID x Analyte
PE_61227cf97dd057e6375a,TN,2015,MT,8.6665,2,Bayes,7.356170626671941,posterior_predictive_mean,one median measured concentration per PhysicalEventID x Analyte
PE_9f67556e2848ccb24a85,TN,2015,MT,8.54,2,Bayes,8.853164573360793,posterior_predictive_mean,one median measured concentration per PhysicalEventID x Analyte
PE_a98d09332522adfe618b,TN,2015,MT,8.8825,2,Bayes,8.003144655990464,posterior_predictive_mean,one median measured concentration per PhysicalEventID x Analyte
PE_bd8c84ec329021438849,TN,2015,MT,9.584,2,Bayes,9.660316167491088,posterior_predictive_mean,one median measured concentration per PhysicalEventID x Analyte
PE_bf6fc540566653c363a5,TN,2015,MT,9.762,2,Bayes,9.590093911908296,posterior_predictive_mean,one median measured concentration per PhysicalEventID x Analyte
PE_f28eca55841e3590b19f,TN,2015,MT,8.913499999999999,2,Bayes,8.152465201062013,posterior_predictive_mean,one median measured concentration per PhysicalEventID x Analyte
PE_fc35961bbf4775b1838e,TN,2015,MT,10.6035,2,Bayes,10.293984744344236,posterior_predictive_mean,one median measured concentration per PhysicalEventID x Analyte
PE_27068e46a99396e37068,TN,2015,ST,8.6735,2,Bayes,7.928377942799146,posterior_predictive_mean,one median measured concentration per PhysicalEventID x Analyte
PE_2bc636c51bdfedd7a673,TN,2015,ST,8.7625,2,Bayes,7.504939099758632,posterior_predictive_mean,one median measured concentration per PhysicalEventID x Analyte
PE_64548a06be4bb873cda0,TN,2015,ST,10.539,2,Bayes,9.90393514596022,posterior_predictive_mean,one median measured concentration per PhysicalEventID x Analyte
PE_72bbe667892a258fbed0,TN,2015,ST,8.664,2,Bayes,8.051924531130581,posterior_predictive_mean,one median measured concentration per PhysicalEventID x Analyte
PE_8b715eebc00f1d87b8e3,TN,2015,ST,8.5,2,Bayes,8.67966357861802,posterior_predictive_mean,one median measured concentration per PhysicalEventID x Analyte
PE_982e6a4e7c9174d09a3c,TN,2015,ST,11.84,1,Bayes,10.881782414253982,posterior_predictive_mean,one median measured concentration per PhysicalEventID x Analyte
PE_ab750944465b3b03a5ec,TN,2015,ST,8.594999999999999,2,Bayes,8.727981749084549,posterior_predictive_mean,one median measured concentration per PhysicalEventID x Analyte
PE_c173a335fbc6a1794117,TN,2015,ST,8.565000000000001,2,Bayes,7.422248978965112,posterior_predictive_mean,one median measured concentration per PhysicalEventID x Analyte
PE_ef16b92ac44718ed6fbe,TN,2015,ST,11.0875,2,Bayes,10.402796355625178,posterior_predictive_mean,one median measured concentration per PhysicalEventID x Analyte
PE_f98814c17b9da4b10046,TN,2015,ST,9.4115,2,Bayes,9.567513209854342,posterior_predictive_mean,one median measured concentration per PhysicalEventID x Analyte
PE_571c968894d925b12ac7,TN,2016,CT,4.963,2,Bayes,5.352405431536679,posterior_predictive_mean,one median measured concentration per PhysicalEventID x Analyte
PE_796a63125680b03b1a47,TN,2016,CT,4.3895,2,Bayes,4.474506603272113,posterior_predictive_mean,one median measured concentration per PhysicalEventID x Analyte
PE_962807ecf486db3c765b,TN,2016,CT,4.4975000000000005,2,Bayes,4.573244505320297,posterior_predictive_mean,one median measured concentration per PhysicalEventID x Analyte
PE_cf4508303fbec7c40fe5,TN,2016,CT,4.911,2,Bayes,5.139850862942101,posterior_predictive_mean,one median measured concentration per PhysicalEventID x Analyte
PE_06726b0bbd436c0f2638,TN,2016,MT,4.877,2,Bayes,4.6178715702785205,posterior_predictive_mean,one median measured concentration per PhysicalEventID x Analyte
PE_1d9fa89274a5507fb9c3,TN,2016,MT,4.5285,2,Bayes,4.043730384152118,posterior_predictive_mean,one median measured concentration per PhysicalEventID x Analyte
PE_2836684cbc95d298d128,TN,2016,MT,4.845,2,Bayes,4.6762165212609625,posterior_predictive_mean,one median measured concentration per PhysicalEventID x Analyte
PE_e91aef82d1d0158c64de,TN,2016,MT,4.5600000000000005,2,Bayes,4.1645143879331865,posterior_predictive_mean,one median measured concentration per PhysicalEventID x Analyte
PE_245bc6dafec7fe277df3,TN,2016,ST,4.4535,2,Bayes,4.069146367154502,posterior_predictive_mean,one median measured concentration per PhysicalEventID x Analyte
PE_518a902e850a37a6e1f7,TN,2016,ST,4.9559999999999995,2,Bayes,4.701454966282723,posterior_predictive_mean,one median measured concentration per PhysicalEventID x Analyte
PE_7b17489d08fa900cd025,TN,2016,ST,4.5485,2,Bayes,4.24343133772209,posterior_predictive_mean,one median measured concentration per PhysicalEventID x Analyte
PE_ed07163240c41f058ff7,TN,2016,ST,4.907500000000001,2,Bayes,4.778293679257269,posterior_predictive_mean,one median measured concentration per PhysicalEventID x Analyte
PE_35e13c2714d6ea95f5d3,TN,2011,CT,5.593,1,ML,5.469098640201035,full_record_deterministic_prediction,one median measured concentration per PhysicalEventID x Analyte
PE_57effa7ea94a4868513b,TN,2011,CT,2.43,1,ML,2.1334136296191257,full_record_deterministic_prediction,one median measured concentration per PhysicalEventID x Analyte
PE_7ab5d22c48132f848099,TN,2011,CT,10.803,1,ML,10.499400361750835,full_record_deterministic_prediction,one median measured concentration per PhysicalEventID x Analyte
PE_8372856d847ab29e3d55,TN,2011,CT,12.703,1,ML,11.073202411747554,full_record_deterministic_prediction,one median measured concentration per PhysicalEventID x Analyte
PE_9b06b2640ba03d9fa7c4,TN,2011,CT,0.84,1,ML,1.6995915104043808,full_record_deterministic_prediction,one median measured concentration per PhysicalEventID x Analyte
PE_9e155a06de6d2a36ed95,TN,2011,CT,3.1,1,ML,5.083707159294915,full_record_deterministic_prediction,one median measured concentration per PhysicalEventID x Analyte
PE_2aaba42888d07cb12d22,TN,2011,MT,4.64,1,ML,4.764438532447535,full_record_deterministic_prediction,one median measured concentration per PhysicalEventID x Analyte
PE_49484da33f0ea698b83b,TN,2011,MT,1.057,1,ML,1.465717543431683,full_record_deterministic_prediction,one median measured concentration per PhysicalEventID x Analyte
PE_60f1a6212ff620019a30,TN,2011,MT,10.15,1,ML,9.285902570919106,full_record_deterministic_prediction,one median measured concentration per PhysicalEventID x Analyte
PE_63934b6278a65a8216b9,TN,2011,MT,5.408,1,ML,4.869411895517195,full_record_deterministic_prediction,one median measured concentration per PhysicalEventID x Analyte
PE_883a7658077d89fcf49d,TN,2011,MT,12.047,1,ML,9.598862863527511,full_record_deterministic_prediction,one median measured concentration per PhysicalEventID x Analyte
PE_bf4999981e8b30465343,TN,2011,MT,0.51,1,ML,1.4916903821853933,full_record_deterministic_prediction,one median measured concentration per PhysicalEventID x Analyte
PE_556f24afddcf35c92237,TN,2011,ST,4.11,1,ML,4.2989476429759845,full_record_deterministic_prediction,one median measured concentration per PhysicalEventID x Analyte
PE_95d3b43c79b8bf669652,TN,2011,ST,3.907,1,ML,4.573020361618073,full_record_deterministic_prediction,one median measured concentration per PhysicalEventID x Analyte
PE_b29e09cdb7f952a1cdb0,TN,2011,ST,10.067,1,ML,10.523336875850983,full_record_deterministic_prediction,one median measured concentration per PhysicalEventID x Analyte
PE_bbf4e95c02e1591047b4,TN,2011,ST,3.443,1,ML,3.1216925650142366,full_record_deterministic_prediction,one median measured concentration per PhysicalEventID x Analyte
PE_e7adc6803f9ae278362b,TN,2011,ST,10.713,1,ML,10.09570305043837,full_record_deterministic_prediction,one median measured concentration per PhysicalEventID x Analyte
PE_f5556b234e32459fa7a2,TN,2011,ST,3.167,1,ML,2.11541373885458,full_record_deterministic_prediction,one median measured concentration per PhysicalEventID x Analyte
PE_0d403a1dbd25bf378957,TN,2012,CT,1.723,1,ML,1.5937715452357692,full_record_deterministic_prediction,one median measured concentration per PhysicalEventID x Analyte
PE_42eb29bd3d8b55596b0d,TN,2012,CT,6.69,1,ML,4.071197264504263,full_record_deterministic_prediction,one median measured concentration per PhysicalEventID x Analyte
PE_8926ae228cc15db54f23,TN,2012,CT,1.51,1,ML,3.2253995834838154,full_record_deterministic_prediction,one median measured concentration per PhysicalEventID x Analyte
PE_93fc10203fe8e4c919ea,TN,2012,CT,2.037,1,ML,4.099987897514106,full_record_deterministic_prediction,one median measured concentration per PhysicalEventID x Analyte
PE_964f9e60ef2ea5038dae,TN,2012,CT,4.027,1,ML,3.966564575368202,full_record_deterministic_prediction,one median measured concentration per PhysicalEventID x Analyte
PE_980f4b8e6c4ad4f916f0,TN,2012,CT,1.87,1,ML,1.897473438688074,full_record_deterministic_prediction,one median measured concentration per PhysicalEventID x Analyte
PE_9990eb3a8c35bbfe0d52,TN,2012,CT,1.703,1,ML,2.991393821939348,full_record_deterministic_prediction,one median measured concentration per PhysicalEventID x Analyte
PE_c022cac1f55e539686af,TN,2012,CT,2.583,1,ML,3.3142406319830435,full_record_deterministic_prediction,one median measured concentration per PhysicalEventID x Analyte
PE_cbed8a7088e045d7b553,TN,2012,CT,4.08,1,ML,3.274409552545782,full_record_deterministic_prediction,one median measured concentration per PhysicalEventID x Analyte
PE_df9469438e8cb790e7af,TN,2012,CT,2.693,1,ML,2.910025752397027,full_record_deterministic_prediction,one median measured concentration per PhysicalEventID x Analyte
PE_01ea2f88880fff50efcb,TN,2012,MT,2.133,1,ML,2.1315813189005235,full_record_deterministic_prediction,one median measured concentration per PhysicalEventID x Analyte
PE_04c02bec0f0f9a370498,TN,2012,MT,1.917,1,ML,2.756443810664843,full_record_deterministic_prediction,one median measured concentration per PhysicalEventID x Analyte
PE_084268df6eb9d4246043,TN,2012,MT,0.007,1,ML,0.4361789263817494,full_record_deterministic_prediction,one median measured concentration per PhysicalEventID x Analyte
PE_5d3101462bb3db890b29,TN,2012,MT,2.113,1,ML,2.4726714629040725,full_record_deterministic_prediction,one median measured concentration per PhysicalEventID x Analyte
PE_681443548ef078be38f1,TN,2012,MT,1.27,1,ML,1.1275410702546798,full_record_deterministic_prediction,one median measured concentration per PhysicalEventID x Analyte
PE_860b95b364b2c2e3a6b5,TN,2012,MT,1.024,1,ML,2.2805781992999647,full_record_deterministic_prediction,one median measured concentration per PhysicalEventID x Analyte
PE_8b5564238c223d972525,TN,2012,MT,7.983,1,ML,4.534999603546055,full_record_deterministic_prediction,one median measured concentration per PhysicalEventID x Analyte
PE_8dd5bcb659f488a967c1,TN,2012,MT,6.803,1,ML,5.50465648840915,full_record_deterministic_prediction,one median measured concentration per PhysicalEventID x Analyte
PE_bdf17111cc35249ef7aa,TN,2012,MT,2.697,1,ML,2.0316389697563326,full_record_deterministic_prediction,one median measured concentration per PhysicalEventID x Analyte
PE_f18d62b04bf4f3a25d7e,TN,2012,MT,2.323,1,ML,2.3725218986883507,full_record_deterministic_prediction,one median measured concentration per PhysicalEventID x Analyte
PE_248d74790d081f1ad247,TN,2012,ST,1.003,1,ML,3.6721372716408265,full_record_deterministic_prediction,one median measured concentration per PhysicalEventID x Analyte
PE_3b419c0bdb22b2b7c315,TN,2012,ST,2.323,1,ML,2.2216474234650803,full_record_deterministic_prediction,one median measured concentration per PhysicalEventID x Analyte
PE_649006527ce5d1d1ff1f,TN,2012,ST,1.3,1,ML,4.471462309846477,full_record_deterministic_prediction,one median measured concentration per PhysicalEventID x Analyte
PE_6c101e1953c53808bd4e,TN,2012,ST,3.297,1,ML,2.79677037908254,full_record_deterministic_prediction,one median measured concentration per PhysicalEventID x Analyte
PE_a828a4cd4628108e4701,TN,2012,ST,1.917,1,ML,2.519855666968441,full_record_deterministic_prediction,one median measured concentration per PhysicalEventID x Analyte
PE_bf44e09ffc415b58c4a0,TN,2012,ST,1.803,1,ML,1.1474150594706756,full_record_deterministic_prediction,one median measured concentration per PhysicalEventID x Analyte
PE_cc5627c91253785c0d98,TN,2012,ST,0.18,1,ML,0.6112454682007267,full_record_deterministic_prediction,one median measured concentration per PhysicalEventID x Analyte
PE_e54a1b2fb0b2d2f3c583,TN,2012,ST,2.463,1,ML,2.633890248660508,full_record_deterministic_prediction,one median measured concentration per PhysicalEventID x Analyte
PE_0c873ebca68f220b5575,TN,2014,CT,4.925000000000001,4,ML,4.3779350092990645,full_record_deterministic_prediction,one median measured concentration per PhysicalEventID x Analyte
PE_0f2c1b5db3c1949d1f74,TN,2014,CT,6.319000000000001,4,ML,4.66587934677497,full_record_deterministic_prediction,one median measured concentration per PhysicalEventID x Analyte
PE_0f6804c5fdc4da7fb4f7,TN,2014,CT,10.685,4,ML,9.147286632684333,full_record_deterministic_prediction,one median measured concentration per PhysicalEventID x Analyte
PE_4c80e607422dec97f0c9,TN,2014,CT,3.875,2,ML,5.653337691531809,full_record_deterministic_prediction,one median measured concentration per PhysicalEventID x Analyte
PE_e1f06f083d001c899062,TN,2014,CT,4.701,4,ML,5.372946175492769,full_record_deterministic_prediction,one median measured concentration per PhysicalEventID x Analyte
PE_e4c541913dac4c0bca3d,TN,2014,CT,4.45,1,ML,7.097061391801554,full_record_deterministic_prediction,one median measured concentration per PhysicalEventID x Analyte
PE_214aa9017327a70f135f,TN,2014,MT,3.835,2,ML,4.985514010812467,full_record_deterministic_prediction,one median measured concentration per PhysicalEventID x Analyte
PE_28a3ad7db7957a75e475,TN,2014,MT,5.69,1,ML,5.513353531518543,full_record_deterministic_prediction,one median measured concentration per PhysicalEventID x Analyte
PE_909a6e90f2a2fb0ccb86,TN,2014,MT,4.99,1,ML,4.69688252434278,full_record_deterministic_prediction,one median measured concentration per PhysicalEventID x Analyte
PE_c29031fe1d291910e835,TN,2014,MT,1.8365,2,ML,4.806655205945896,full_record_deterministic_prediction,one median measured concentration per PhysicalEventID x Analyte
PE_5d5cb3edcd99b5be75e6,TN,2014,ST,4.61,1,ML,6.990128006386756,full_record_deterministic_prediction,one median measured concentration per PhysicalEventID x Analyte
PE_99c4e1053e4376d0bed3,TN,2014,ST,5.148,4,ML,4.307564591751937,full_record_deterministic_prediction,one median measured concentration per PhysicalEventID x Analyte
PE_be3da0eafc673da18d92,TN,2014,ST,4.86,1,ML,6.461933568779694,full_record_deterministic_prediction,one median measured concentration per PhysicalEventID x Analyte
PE_d1afac04920a2ee5af17,TN,2014,ST,6.823499999999999,4,ML,6.642202521121829,full_record_deterministic_prediction,one median measured concentration per PhysicalEventID x Analyte
PE_e5b7650f3b7e52f1a1bf,TN,2014,ST,5.7805,4,ML,6.053268709434225,full_record_deterministic_prediction,one median measured concentration per PhysicalEventID x Analyte
PE_e6f216bc2af9baf87adb,TN,2014,ST,2.435,4,ML,5.759966041015856,full_record_deterministic_prediction,one median measured concentration per PhysicalEventID x Analyte
PE_003510690d55f2e080ab,TN,2015,CT,9.299,2,ML,11.026814680210382,full_record_deterministic_prediction,one median measured concentration per PhysicalEventID x Analyte
PE_01dfb8394999c3a08b1b,TN,2015,CT,8.560500000000001,2,ML,7.155549587089748,full_record_deterministic_prediction,one median measured concentration per PhysicalEventID x Analyte
PE_1994b95c4c5d89d54441,TN,2015,CT,8.6335,2,ML,7.535938942366571,full_record_deterministic_prediction,one median measured concentration per PhysicalEventID x Analyte
PE_1ad2a48558b8c9cdf0bb,TN,2015,CT,8.475,2,ML,8.440734377777243,full_record_deterministic_prediction,one median measured concentration per PhysicalEventID x Analyte
PE_38f43e287ee7d1f916e4,TN,2015,CT,8.455,2,ML,7.496671754870702,full_record_deterministic_prediction,one median measured concentration per PhysicalEventID x Analyte
PE_63a5c105af28ea9f75a7,TN,2015,CT,10.2765,2,ML,10.034357997308142,full_record_deterministic_prediction,one median measured concentration per PhysicalEventID x Analyte
PE_b307adedb4f140b2f276,TN,2015,CT,8.365,2,ML,7.394453041769607,full_record_deterministic_prediction,one median measured concentration per PhysicalEventID x Analyte
PE_eba40b08b5ce69421768,TN,2015,CT,8.448,2,ML,8.30088813605655,full_record_deterministic_prediction,one median measured concentration per PhysicalEventID x Analyte
PE_ece5ee3d9a47f8a4b70b,TN,2015,CT,9.731,2,ML,11.415014967006556,full_record_deterministic_prediction,one median measured concentration per PhysicalEventID x Analyte
PE_effd37ee189df750ad5a,TN,2015,CT,9.724,2,ML,9.37562503589437,full_record_deterministic_prediction,one median measured concentration per PhysicalEventID x Analyte
PE_078b8edebaf25b47ca9c,TN,2015,MT,8.64,2,ML,7.994310174380237,full_record_deterministic_prediction,one median measured concentration per PhysicalEventID x Analyte
PE_0e378dd2a91d7df1a7a9,TN,2015,MT,10.1775,2,ML,8.828123811768748,full_record_deterministic_prediction,one median measured concentration per PhysicalEventID x Analyte
PE_4ebf629c5dd531a50c12,TN,2015,MT,8.435,2,ML,8.569093498375835,full_record_deterministic_prediction,one median measured concentration per PhysicalEventID x Analyte
PE_61227cf97dd057e6375a,TN,2015,MT,8.6665,2,ML,8.349450595439784,full_record_deterministic_prediction,one median measured concentration per PhysicalEventID x Analyte
PE_9f67556e2848ccb24a85,TN,2015,MT,8.54,2,ML,6.803145028364149,full_record_deterministic_prediction,one median measured concentration per PhysicalEventID x Analyte
PE_a98d09332522adfe618b,TN,2015,MT,8.8825,2,ML,8.062267082066082,full_record_deterministic_prediction,one median measured concentration per PhysicalEventID x Analyte
PE_bd8c84ec329021438849,TN,2015,MT,9.584,2,ML,9.597860520680468,full_record_deterministic_prediction,one median measured concentration per PhysicalEventID x Analyte
PE_bf6fc540566653c363a5,TN,2015,MT,9.762,2,ML,10.598281238798284,full_record_deterministic_prediction,one median measured concentration per PhysicalEventID x Analyte
PE_f28eca55841e3590b19f,TN,2015,MT,8.913499999999999,2,ML,7.40712706407823,full_record_deterministic_prediction,one median measured concentration per PhysicalEventID x Analyte
PE_fc35961bbf4775b1838e,TN,2015,MT,10.6035,2,ML,8.689184824847466,full_record_deterministic_prediction,one median measured concentration per PhysicalEventID x Analyte
PE_27068e46a99396e37068,TN,2015,ST,8.6735,2,ML,7.549539911016541,full_record_deterministic_prediction,one median measured concentration per PhysicalEventID x Analyte
PE_2bc636c51bdfedd7a673,TN,2015,ST,8.7625,2,ML,8.355409284039585,full_record_deterministic_prediction,one median measured concentration per PhysicalEventID x Analyte
PE_64548a06be4bb873cda0,TN,2015,ST,10.539,2,ML,9.541460287742648,full_record_deterministic_prediction,one median measured concentration per PhysicalEventID x Analyte
PE_72bbe667892a258fbed0,TN,2015,ST,8.664,2,ML,7.511257162875169,full_record_deterministic_prediction,one median measured concentration per PhysicalEventID x Analyte
PE_8b715eebc00f1d87b8e3,TN,2015,ST,8.5,2,ML,7.670744756848127,full_record_deterministic_prediction,one median measured concentration per PhysicalEventID x Analyte
PE_982e6a4e7c9174d09a3c,TN,2015,ST,11.84,1,ML,11.292299109430054,full_record_deterministic_prediction,one median measured concentration per PhysicalEventID x Analyte
PE_ab750944465b3b03a5ec,TN,2015,ST,8.594999999999999,2,ML,7.962385760950763,full_record_deterministic_prediction,one median measured concentration per PhysicalEventID x Analyte
PE_c173a335fbc6a1794117,TN,2015,ST,8.565000000000001,2,ML,8.41598571802634,full_record_deterministic_prediction,one median measured concentration per PhysicalEventID x Analyte
PE_ef16b92ac44718ed6fbe,TN,2015,ST,11.0875,2,ML,9.728772302872605,full_record_deterministic_prediction,one median measured concentration per PhysicalEventID x Analyte
PE_f98814c17b9da4b10046,TN,2015,ST,9.4115,2,ML,9.130043925144696,full_record_deterministic_prediction,one median measured concentration per PhysicalEventID x Analyte
PE_571c968894d925b12ac7,TN,2016,CT,4.963,2,ML,4.412133809962019,full_record_deterministic_prediction,one median measured concentration per PhysicalEventID x Analyte
PE_796a63125680b03b1a47,TN,2016,CT,4.3895,2,ML,5.110051421569617,full_record_deterministic_prediction,one median measured concentration per PhysicalEventID x Analyte
PE_962807ecf486db3c765b,TN,2016,CT,4.4975000000000005,2,ML,4.384300118687197,full_record_deterministic_prediction,one median measured concentration per PhysicalEventID x Analyte
PE_cf4508303fbec7c40fe5,TN,2016,CT,4.911,2,ML,4.644878642315199,full_record_deterministic_prediction,one median measured concentration per PhysicalEventID x Analyte
PE_06726b0bbd436c0f2638,TN,2016,MT,4.877,2,ML,4.994052460457803,full_record_deterministic_prediction,one median measured concentration per PhysicalEventID x Analyte
PE_1d9fa89274a5507fb9c3,TN,2016,MT,4.5285,2,ML,5.012705512937899,full_record_deterministic_prediction,one median measured concentration per PhysicalEventID x Analyte
PE_2836684cbc95d298d128,TN,2016,MT,4.845,2,ML,4.965199354651162,full_record_deterministic_prediction,one median measured concentration per PhysicalEventID x Analyte
PE_e91aef82d1d0158c64de,TN,2016,MT,4.5600000000000005,2,ML,5.089148797769459,full_record_deterministic_prediction,one median measured concentration per PhysicalEventID x Analyte
PE_245bc6dafec7fe277df3,TN,2016,ST,4.4535,2,ML,4.754979757705737,full_record_deterministic_prediction,one median measured concentration per PhysicalEventID x Analyte
PE_518a902e850a37a6e1f7,TN,2016,ST,4.9559999999999995,2,ML,4.656712302270059,full_record_deterministic_prediction,one median measured concentration per PhysicalEventID x Analyte
PE_7b17489d08fa900cd025,TN,2016,ST,4.5485,2,ML,5.020074364718473,full_record_deterministic_prediction,one median measured concentration per PhysicalEventID x Analyte
PE_ed07163240c41f058ff7,TN,2016,ST,4.907500000000001,2,ML,4.683699053946644,full_record_deterministic_prediction,one median measured concentration per PhysicalEventID x Analyte
PE_35e13c2714d6ea95f5d3,TP,2011,CT,2.788,1,Bayes,1.4272821472332455,posterior_predictive_mean,one median measured concentration per PhysicalEventID x Analyte
PE_57effa7ea94a4868513b,TP,2011,CT,1.833,1,Bayes,0.7901673898907025,posterior_predictive_mean,one median measured concentration per PhysicalEventID x Analyte
PE_7ab5d22c48132f848099,TP,2011,CT,3.337,1,Bayes,1.588511489109711,posterior_predictive_mean,one median measured concentration per PhysicalEventID x Analyte
PE_8372856d847ab29e3d55,TP,2011,CT,1.431,1,Bayes,1.2145025496817965,posterior_predictive_mean,one median measured concentration per PhysicalEventID x Analyte
PE_9b06b2640ba03d9fa7c4,TP,2011,CT,3.02,1,Bayes,0.9229105266838104,posterior_predictive_mean,one median measured concentration per PhysicalEventID x Analyte
PE_9e155a06de6d2a36ed95,TP,2011,CT,2.593,1,Bayes,1.3744411667287042,posterior_predictive_mean,one median measured concentration per PhysicalEventID x Analyte
PE_2aaba42888d07cb12d22,TP,2011,MT,1.917,1,Bayes,1.4318429608524,posterior_predictive_mean,one median measured concentration per PhysicalEventID x Analyte
PE_49484da33f0ea698b83b,TP,2011,MT,2.363,1,Bayes,0.7921238504033294,posterior_predictive_mean,one median measured concentration per PhysicalEventID x Analyte
PE_60f1a6212ff620019a30,TP,2011,MT,1.556,1,Bayes,1.0947183020681066,posterior_predictive_mean,one median measured concentration per PhysicalEventID x Analyte
PE_63934b6278a65a8216b9,TP,2011,MT,1.848,1,Bayes,1.0344059801615093,posterior_predictive_mean,one median measured concentration per PhysicalEventID x Analyte
PE_883a7658077d89fcf49d,TP,2011,MT,1.09,1,Bayes,1.0925297865861427,posterior_predictive_mean,one median measured concentration per PhysicalEventID x Analyte
PE_bf4999981e8b30465343,TP,2011,MT,1.543,1,Bayes,1.0155320830381624,posterior_predictive_mean,one median measured concentration per PhysicalEventID x Analyte
PE_556f24afddcf35c92237,TP,2011,ST,0.818,1,Bayes,0.8879491067818139,posterior_predictive_mean,one median measured concentration per PhysicalEventID x Analyte
PE_95d3b43c79b8bf669652,TP,2011,ST,0.794,1,Bayes,0.8839908094468862,posterior_predictive_mean,one median measured concentration per PhysicalEventID x Analyte
PE_b29e09cdb7f952a1cdb0,TP,2011,ST,1.261,1,Bayes,1.03579220576372,posterior_predictive_mean,one median measured concentration per PhysicalEventID x Analyte
PE_bbf4e95c02e1591047b4,TP,2011,ST,2.181,1,Bayes,1.031129707186388,posterior_predictive_mean,one median measured concentration per PhysicalEventID x Analyte
PE_e7adc6803f9ae278362b,TP,2011,ST,0.9,1,Bayes,1.00744944798947,posterior_predictive_mean,one median measured concentration per PhysicalEventID x Analyte
PE_f5556b234e32459fa7a2,TP,2011,ST,1.643,1,Bayes,0.919166092914794,posterior_predictive_mean,one median measured concentration per PhysicalEventID x Analyte
PE_0d403a1dbd25bf378957,TP,2012,CT,1.136,1,Bayes,0.5021968817242924,posterior_predictive_mean,one median measured concentration per PhysicalEventID x Analyte
PE_42eb29bd3d8b55596b0d,TP,2012,CT,1.81,1,Bayes,1.5184987576617328,posterior_predictive_mean,one median measured concentration per PhysicalEventID x Analyte
PE_8926ae228cc15db54f23,TP,2012,CT,2.297,1,Bayes,1.1788651506995658,posterior_predictive_mean,one median measured concentration per PhysicalEventID x Analyte
PE_93fc10203fe8e4c919ea,TP,2012,CT,3.193,1,Bayes,1.2836641597042369,posterior_predictive_mean,one median measured concentration per PhysicalEventID x Analyte
PE_964f9e60ef2ea5038dae,TP,2012,CT,3.87,1,Bayes,1.7705996921505915,posterior_predictive_mean,one median measured concentration per PhysicalEventID x Analyte
PE_980f4b8e6c4ad4f916f0,TP,2012,CT,2.105,1,Bayes,0.6228376239716872,posterior_predictive_mean,one median measured concentration per PhysicalEventID x Analyte
PE_9990eb3a8c35bbfe0d52,TP,2012,CT,1.707,1,Bayes,1.052564479229586,posterior_predictive_mean,one median measured concentration per PhysicalEventID x Analyte
PE_c022cac1f55e539686af,TP,2012,CT,0.188,1,Bayes,1.3179916573428505,posterior_predictive_mean,one median measured concentration per PhysicalEventID x Analyte
PE_cbed8a7088e045d7b553,TP,2012,CT,2.858,1,Bayes,1.1943532939765038,posterior_predictive_mean,one median measured concentration per PhysicalEventID x Analyte
PE_df9469438e8cb790e7af,TP,2012,CT,0.089,1,Bayes,1.17006782062532,posterior_predictive_mean,one median measured concentration per PhysicalEventID x Analyte
PE_01ea2f88880fff50efcb,TP,2012,MT,0.194,1,Bayes,1.0752023281342276,posterior_predictive_mean,one median measured concentration per PhysicalEventID x Analyte
PE_04c02bec0f0f9a370498,TP,2012,MT,1.0,1,Bayes,1.19250680122402,posterior_predictive_mean,one median measured concentration per PhysicalEventID x Analyte
PE_084268df6eb9d4246043,TP,2012,MT,1.312,1,Bayes,0.3534848940868065,posterior_predictive_mean,one median measured concentration per PhysicalEventID x Analyte
PE_5d3101462bb3db890b29,TP,2012,MT,2.523,1,Bayes,1.732595136371739,posterior_predictive_mean,one median measured concentration per PhysicalEventID x Analyte
PE_681443548ef078be38f1,TP,2012,MT,1.202,1,Bayes,0.6189349416038193,posterior_predictive_mean,one median measured concentration per PhysicalEventID x Analyte
PE_860b95b364b2c2e3a6b5,TP,2012,MT,1.27,1,Bayes,0.611470652089314,posterior_predictive_mean,one median measured concentration per PhysicalEventID x Analyte
PE_8b5564238c223d972525,TP,2012,MT,2.573,1,Bayes,0.9426884661863552,posterior_predictive_mean,one median measured concentration per PhysicalEventID x Analyte
PE_8dd5bcb659f488a967c1,TP,2012,MT,4.1,1,Bayes,1.566720980916867,posterior_predictive_mean,one median measured concentration per PhysicalEventID x Analyte
PE_bdf17111cc35249ef7aa,TP,2012,MT,0.212,1,Bayes,0.9190590706412431,posterior_predictive_mean,one median measured concentration per PhysicalEventID x Analyte
PE_f18d62b04bf4f3a25d7e,TP,2012,MT,1.747,1,Bayes,1.0210145072329582,posterior_predictive_mean,one median measured concentration per PhysicalEventID x Analyte
PE_248d74790d081f1ad247,TP,2012,ST,2.3,1,Bayes,0.9136874547453526,posterior_predictive_mean,one median measured concentration per PhysicalEventID x Analyte
PE_3b419c0bdb22b2b7c315,TP,2012,ST,1.383,1,Bayes,0.9754985208097908,posterior_predictive_mean,one median measured concentration per PhysicalEventID x Analyte
PE_649006527ce5d1d1ff1f,TP,2012,ST,1.67,1,Bayes,0.775307441871199,posterior_predictive_mean,one median measured concentration per PhysicalEventID x Analyte
PE_6c101e1953c53808bd4e,TP,2012,ST,4.813,1,Bayes,1.3705376157803006,posterior_predictive_mean,one median measured concentration per PhysicalEventID x Analyte
PE_a828a4cd4628108e4701,TP,2012,ST,0.96,1,Bayes,0.9996967519999416,posterior_predictive_mean,one median measured concentration per PhysicalEventID x Analyte
PE_bf44e09ffc415b58c4a0,TP,2012,ST,0.758,1,Bayes,0.397885280008372,posterior_predictive_mean,one median measured concentration per PhysicalEventID x Analyte
PE_cc5627c91253785c0d98,TP,2012,ST,0.932,1,Bayes,0.3045520886279614,posterior_predictive_mean,one median measured concentration per PhysicalEventID x Analyte
PE_e54a1b2fb0b2d2f3c583,TP,2012,ST,2.113,1,Bayes,0.8701955463571528,posterior_predictive_mean,one median measured concentration per PhysicalEventID x Analyte
PE_0609bb3a38fc48d18c44,TP,2013,CT,0.115,1,Bayes,0.0,posterior_predictive_mean,one median measured concentration per PhysicalEventID x Analyte
PE_06846811b2896d804676,TP,2013,CT,0.371,1,Bayes,0.4364168005813512,posterior_predictive_mean,one median measured concentration per PhysicalEventID x Analyte
PE_2e9d58711c9824497c11,TP,2013,CT,1.703,1,Bayes,0.7775679110592388,posterior_predictive_mean,one median measured concentration per PhysicalEventID x Analyte
PE_7dbc678d30fda2bb0d2c,TP,2013,CT,0.213,1,Bayes,0.0,posterior_predictive_mean,one median measured concentration per PhysicalEventID x Analyte
PE_a814ea72d8a79e5ce612,TP,2013,CT,1.591,1,Bayes,0.0,posterior_predictive_mean,one median measured concentration per PhysicalEventID x Analyte
PE_dc649077fd49ff457e31,TP,2013,CT,0.157,1,Bayes,0.0,posterior_predictive_mean,one median measured concentration per PhysicalEventID x Analyte
PE_113a8b8781b7a42b7a0c,TP,2013,MT,0.624,1,Bayes,0.0,posterior_predictive_mean,one median measured concentration per PhysicalEventID x Analyte
PE_12cbc4a228ce581574f5,TP,2013,MT,0.656,1,Bayes,0.0,posterior_predictive_mean,one median measured concentration per PhysicalEventID x Analyte
PE_1bd1f8a68c1dc49b3965,TP,2013,MT,0.374,1,Bayes,0.0,posterior_predictive_mean,one median measured concentration per PhysicalEventID x Analyte
PE_262bcdadb146dac989ae,TP,2013,MT,0.791,1,Bayes,0.0,posterior_predictive_mean,one median measured concentration per PhysicalEventID x Analyte
PE_99b3a7e1248efb280745,TP,2013,MT,0.148,1,Bayes,0.0848890349260684,posterior_predictive_mean,one median measured concentration per PhysicalEventID x Analyte
PE_e9b4025c029d683e1a32,TP,2013,MT,0.914,1,Bayes,0.4746784797826292,posterior_predictive_mean,one median measured concentration per PhysicalEventID x Analyte
PE_06463f55c291ea1d15a9,TP,2013,ST,0.157,1,Bayes,0.0,posterior_predictive_mean,one median measured concentration per PhysicalEventID x Analyte
PE_2b1a26b26247f7aaf591,TP,2013,ST,1.514,1,Bayes,0.0,posterior_predictive_mean,one median measured concentration per PhysicalEventID x Analyte
PE_3a1f801f634bfe189584,TP,2013,ST,0.17,1,Bayes,0.2067090613317508,posterior_predictive_mean,one median measured concentration per PhysicalEventID x Analyte
PE_4ba63451b7dc89c0a556,TP,2013,ST,0.107,1,Bayes,0.0,posterior_predictive_mean,one median measured concentration per PhysicalEventID x Analyte
PE_b7ff1c1774876e409c04,TP,2013,ST,0.151,1,Bayes,0.0110273873982822,posterior_predictive_mean,one median measured concentration per PhysicalEventID x Analyte
PE_f7fa36feaba1a3684ccf,TP,2013,ST,0.055,1,Bayes,0.0,posterior_predictive_mean,one median measured concentration per PhysicalEventID x Analyte
PE_0c873ebca68f220b5575,TP,2014,CT,0.9430000000000001,4,Bayes,0.0,posterior_predictive_mean,one median measured concentration per PhysicalEventID x Analyte
PE_0f2c1b5db3c1949d1f74,TP,2014,CT,0.8565,4,Bayes,0.0,posterior_predictive_mean,one median measured concentration per PhysicalEventID x Analyte
PE_0f6804c5fdc4da7fb4f7,TP,2014,CT,1.685,4,Bayes,1.0788488374482177,posterior_predictive_mean,one median measured concentration per PhysicalEventID x Analyte
PE_4c80e607422dec97f0c9,TP,2014,CT,0.6399999999999999,2,Bayes,0.0,posterior_predictive_mean,one median measured concentration per PhysicalEventID x Analyte
PE_e1f06f083d001c899062,TP,2014,CT,1.2185,4,Bayes,0.4732350150329164,posterior_predictive_mean,one median measured concentration per PhysicalEventID x Analyte
PE_e4c541913dac4c0bca3d,TP,2014,CT,1.23,1,Bayes,0.0,posterior_predictive_mean,one median measured concentration per PhysicalEventID x Analyte
PE_214aa9017327a70f135f,TP,2014,MT,1.675,2,Bayes,0.3723574942334009,posterior_predictive_mean,one median measured concentration per PhysicalEventID x Analyte
PE_28a3ad7db7957a75e475,TP,2014,MT,0.8,1,Bayes,0.0,posterior_predictive_mean,one median measured concentration per PhysicalEventID x Analyte
PE_909a6e90f2a2fb0ccb86,TP,2014,MT,0.84,1,Bayes,0.0,posterior_predictive_mean,one median measured concentration per PhysicalEventID x Analyte
PE_c29031fe1d291910e835,TP,2014,MT,1.0899999999999999,2,Bayes,0.0,posterior_predictive_mean,one median measured concentration per PhysicalEventID x Analyte
PE_5d5cb3edcd99b5be75e6,TP,2014,ST,0.35,1,Bayes,0.0,posterior_predictive_mean,one median measured concentration per PhysicalEventID x Analyte
PE_99c4e1053e4376d0bed3,TP,2014,ST,0.7144999999999999,4,Bayes,0.0,posterior_predictive_mean,one median measured concentration per PhysicalEventID x Analyte
PE_be3da0eafc673da18d92,TP,2014,ST,0.3,1,Bayes,0.0,posterior_predictive_mean,one median measured concentration per PhysicalEventID x Analyte
PE_d1afac04920a2ee5af17,TP,2014,ST,1.7200000000000002,4,Bayes,0.3902155910050225,posterior_predictive_mean,one median measured concentration per PhysicalEventID x Analyte
PE_e5b7650f3b7e52f1a1bf,TP,2014,ST,1.375,4,Bayes,0.4290998299366155,posterior_predictive_mean,one median measured concentration per PhysicalEventID x Analyte
PE_e6f216bc2af9baf87adb,TP,2014,ST,0.89,4,Bayes,0.0,posterior_predictive_mean,one median measured concentration per PhysicalEventID x Analyte
PE_003510690d55f2e080ab,TP,2015,CT,2.083,1,Bayes,0.0792023211662278,posterior_predictive_mean,one median measured concentration per PhysicalEventID x Analyte
PE_01dfb8394999c3a08b1b,TP,2015,CT,1.066,1,Bayes,0.0,posterior_predictive_mean,one median measured concentration per PhysicalEventID x Analyte
PE_1994b95c4c5d89d54441,TP,2015,CT,0.941,1,Bayes,0.0,posterior_predictive_mean,one median measured concentration per PhysicalEventID x Analyte
PE_1ad2a48558b8c9cdf0bb,TP,2015,CT,0.837,1,Bayes,0.0,posterior_predictive_mean,one median measured concentration per PhysicalEventID x Analyte
PE_38f43e287ee7d1f916e4,TP,2015,CT,0.0,1,Bayes,0.0,posterior_predictive_mean,one median measured concentration per PhysicalEventID x Analyte
PE_42feb90a12eb2a1656cd,TP,2015,CT,2.191,1,Bayes,0.0,posterior_predictive_mean,one median measured concentration per PhysicalEventID x Analyte
PE_63a5c105af28ea9f75a7,TP,2015,CT,0.305,1,Bayes,0.0,posterior_predictive_mean,one median measured concentration per PhysicalEventID x Analyte
PE_9a36752b43ad5983930a,TP,2015,CT,1.336,1,Bayes,0.0,posterior_predictive_mean,one median measured concentration per PhysicalEventID x Analyte
PE_b307adedb4f140b2f276,TP,2015,CT,1.529,1,Bayes,0.0,posterior_predictive_mean,one median measured concentration per PhysicalEventID x Analyte
PE_eba40b08b5ce69421768,TP,2015,CT,1.181,1,Bayes,0.0,posterior_predictive_mean,one median measured concentration per PhysicalEventID x Analyte
PE_ece5ee3d9a47f8a4b70b,TP,2015,CT,3.046,1,Bayes,0.6558832975782083,posterior_predictive_mean,one median measured concentration per PhysicalEventID x Analyte
PE_effd37ee189df750ad5a,TP,2015,CT,0.438,1,Bayes,0.0,posterior_predictive_mean,one median measured concentration per PhysicalEventID x Analyte
PE_078b8edebaf25b47ca9c,TP,2015,MT,0.164,1,Bayes,0.0,posterior_predictive_mean,one median measured concentration per PhysicalEventID x Analyte
PE_09a938930ab837ebeb36,TP,2015,MT,0.289,1,Bayes,0.0,posterior_predictive_mean,one median measured concentration per PhysicalEventID x Analyte
PE_0e378dd2a91d7df1a7a9,TP,2015,MT,0.014,1,Bayes,0.0,posterior_predictive_mean,one median measured concentration per PhysicalEventID x Analyte
PE_4ebf629c5dd531a50c12,TP,2015,MT,0.496,1,Bayes,0.0,posterior_predictive_mean,one median measured concentration per PhysicalEventID x Analyte
PE_61227cf97dd057e6375a,TP,2015,MT,0.205,1,Bayes,0.0,posterior_predictive_mean,one median measured concentration per PhysicalEventID x Analyte
PE_74dfc686b20e794d29d3,TP,2015,MT,0.525,1,Bayes,0.0,posterior_predictive_mean,one median measured concentration per PhysicalEventID x Analyte
PE_9f67556e2848ccb24a85,TP,2015,MT,0.378,1,Bayes,0.0,posterior_predictive_mean,one median measured concentration per PhysicalEventID x Analyte
PE_a98d09332522adfe618b,TP,2015,MT,0.212,1,Bayes,0.0,posterior_predictive_mean,one median measured concentration per PhysicalEventID x Analyte
PE_bd8c84ec329021438849,TP,2015,MT,0.536,1,Bayes,0.0,posterior_predictive_mean,one median measured concentration per PhysicalEventID x Analyte
PE_bf6fc540566653c363a5,TP,2015,MT,0.705,1,Bayes,0.0,posterior_predictive_mean,one median measured concentration per PhysicalEventID x Analyte
PE_f28eca55841e3590b19f,TP,2015,MT,0.29,1,Bayes,0.0,posterior_predictive_mean,one median measured concentration per PhysicalEventID x Analyte
PE_fc35961bbf4775b1838e,TP,2015,MT,0.194,1,Bayes,0.0,posterior_predictive_mean,one median measured concentration per PhysicalEventID x Analyte
PE_27068e46a99396e37068,TP,2015,ST,0.231,1,Bayes,0.0,posterior_predictive_mean,one median measured concentration per PhysicalEventID x Analyte
PE_2bc636c51bdfedd7a673,TP,2015,ST,0.191,1,Bayes,0.0,posterior_predictive_mean,one median measured concentration per PhysicalEventID x Analyte
PE_61cbb9676a953528de2c,TP,2015,ST,0.422,1,Bayes,0.0,posterior_predictive_mean,one median measured concentration per PhysicalEventID x Analyte
PE_64548a06be4bb873cda0,TP,2015,ST,0.201,1,Bayes,0.0,posterior_predictive_mean,one median measured concentration per PhysicalEventID x Analyte
PE_72bbe667892a258fbed0,TP,2015,ST,0.27,1,Bayes,0.0,posterior_predictive_mean,one median measured concentration per PhysicalEventID x Analyte
PE_8b715eebc00f1d87b8e3,TP,2015,ST,0.0,1,Bayes,0.0,posterior_predictive_mean,one median measured concentration per PhysicalEventID x Analyte
PE_982e6a4e7c9174d09a3c,TP,2015,ST,0.278,1,Bayes,0.0,posterior_predictive_mean,one median measured concentration per PhysicalEventID x Analyte
PE_ab750944465b3b03a5ec,TP,2015,ST,0.226,1,Bayes,0.0,posterior_predictive_mean,one median measured concentration per PhysicalEventID x Analyte
PE_c173a335fbc6a1794117,TP,2015,ST,0.232,1,Bayes,0.0,posterior_predictive_mean,one median measured concentration per PhysicalEventID x Analyte
PE_e9d0921860cc7c87fefe,TP,2015,ST,0.248,1,Bayes,0.0,posterior_predictive_mean,one median measured concentration per PhysicalEventID x Analyte
PE_ef16b92ac44718ed6fbe,TP,2015,ST,0.224,1,Bayes,0.0,posterior_predictive_mean,one median measured concentration per PhysicalEventID x Analyte
PE_f98814c17b9da4b10046,TP,2015,ST,0.11,1,Bayes,0.0,posterior_predictive_mean,one median measured concentration per PhysicalEventID x Analyte
PE_571c968894d925b12ac7,TP,2016,CT,0.047999999999999994,2,Bayes,0.0,posterior_predictive_mean,one median measured concentration per PhysicalEventID x Analyte
PE_796a63125680b03b1a47,TP,2016,CT,0.018000000000000002,2,Bayes,0.0,posterior_predictive_mean,one median measured concentration per PhysicalEventID x Analyte
PE_962807ecf486db3c765b,TP,2016,CT,0.002,2,Bayes,0.0,posterior_predictive_mean,one median measured concentration per PhysicalEventID x Analyte
PE_cf4508303fbec7c40fe5,TP,2016,CT,0.005,2,Bayes,0.0,posterior_predictive_mean,one median measured concentration per PhysicalEventID x Analyte
PE_06726b0bbd436c0f2638,TP,2016,MT,0.012,2,Bayes,0.0,posterior_predictive_mean,one median measured concentration per PhysicalEventID x Analyte
PE_1d9fa89274a5507fb9c3,TP,2016,MT,0.008,2,Bayes,0.0,posterior_predictive_mean,one median measured concentration per PhysicalEventID x Analyte
PE_2836684cbc95d298d128,TP,2016,MT,0.1905,2,Bayes,0.0,posterior_predictive_mean,one median measured concentration per PhysicalEventID x Analyte
PE_e91aef82d1d0158c64de,TP,2016,MT,0.0085,2,Bayes,0.0,posterior_predictive_mean,one median measured concentration per PhysicalEventID x Analyte
PE_245bc6dafec7fe277df3,TP,2016,ST,0.014,2,Bayes,0.0,posterior_predictive_mean,one median measured concentration per PhysicalEventID x Analyte
PE_518a902e850a37a6e1f7,TP,2016,ST,0.008,2,Bayes,0.0,posterior_predictive_mean,one median measured concentration per PhysicalEventID x Analyte
PE_7b17489d08fa900cd025,TP,2016,ST,0.028499999999999998,2,Bayes,0.0,posterior_predictive_mean,one median measured concentration per PhysicalEventID x Analyte
PE_ed07163240c41f058ff7,TP,2016,ST,0.005,2,Bayes,0.0,posterior_predictive_mean,one median measured concentration per PhysicalEventID x Analyte
PE_0db94b33091790ae448c,TP,2017,CT,0.2,3,Bayes,0.0,posterior_predictive_mean,one median measured concentration per PhysicalEventID x Analyte
PE_1286406ef8d51ffa7b89,TP,2017,CT,0.0,1,Bayes,0.0,posterior_predictive_mean,one median measured concentration per PhysicalEventID x Analyte
PE_20fd7645e8886a1975a0,TP,2017,CT,0.52,1,Bayes,0.0,posterior_predictive_mean,one median measured concentration per PhysicalEventID x Analyte
PE_31bb29072ce592a58136,TP,2017,CT,0.345,2,Bayes,0.3366141870373859,posterior_predictive_mean,one median measured concentration per PhysicalEventID x Analyte
PE_4a45291481f1020c04f7,TP,2017,CT,0.185,2,Bayes,0.0,posterior_predictive_mean,one median measured concentration per PhysicalEventID x Analyte
PE_a249f721c9cded6ed477,TP,2017,CT,0.31,3,Bayes,0.0,posterior_predictive_mean,one median measured concentration per PhysicalEventID x Analyte
PE_a86f0dd73b63a18791b9,TP,2017,CT,0.21,3,Bayes,0.0,posterior_predictive_mean,one median measured concentration per PhysicalEventID x Analyte
PE_c0e9a65e116d987d3dfe,TP,2017,CT,0.22499999999999998,2,Bayes,0.0,posterior_predictive_mean,one median measured concentration per PhysicalEventID x Analyte
PE_c67a9e43f22b05bb8d70,TP,2017,CT,0.355,2,Bayes,0.4512086674289782,posterior_predictive_mean,one median measured concentration per PhysicalEventID x Analyte
PE_c6a22d9daf9658c76f8d,TP,2017,CT,0.22,2,Bayes,0.0,posterior_predictive_mean,one median measured concentration per PhysicalEventID x Analyte
PE_c7e10f3a52f813c6a07a,TP,2017,CT,0.20500000000000002,2,Bayes,0.7696811738870866,posterior_predictive_mean,one median measured concentration per PhysicalEventID x Analyte
PE_f0acae9004db30c9f89b,TP,2017,CT,0.37,1,Bayes,0.0,posterior_predictive_mean,one median measured concentration per PhysicalEventID x Analyte
PE_01ef9362ba3276afc3a9,TP,2017,MT,0.21000000000000002,2,Bayes,0.0,posterior_predictive_mean,one median measured concentration per PhysicalEventID x Analyte
PE_0d069e1b4f6cd76df6ac,TP,2017,MT,0.13,1,Bayes,0.0,posterior_predictive_mean,one median measured concentration per PhysicalEventID x Analyte
PE_283a79a4d7e1d99ea45c,TP,2017,MT,0.14,1,Bayes,0.0,posterior_predictive_mean,one median measured concentration per PhysicalEventID x Analyte
PE_3712d644db8e7505fd90,TP,2017,MT,0.14500000000000002,2,Bayes,0.0,posterior_predictive_mean,one median measured concentration per PhysicalEventID x Analyte
PE_44c3319c1ae4491d3b22,TP,2017,MT,0.094,1,Bayes,0.0,posterior_predictive_mean,one median measured concentration per PhysicalEventID x Analyte
PE_5f5cdcb0357234b8314a,TP,2017,MT,0.45,2,Bayes,0.0,posterior_predictive_mean,one median measured concentration per PhysicalEventID x Analyte
PE_72973ed7fd2fafa39b49,TP,2017,MT,0.13,1,Bayes,0.0,posterior_predictive_mean,one median measured concentration per PhysicalEventID x Analyte
PE_7563047765a1e3f047e6,TP,2017,MT,0.52,2,Bayes,0.0,posterior_predictive_mean,one median measured concentration per PhysicalEventID x Analyte
PE_ae6e7b1bd3de16ea6d0f,TP,2017,MT,0.25,1,Bayes,0.0,posterior_predictive_mean,one median measured concentration per PhysicalEventID x Analyte
PE_c9e73ef1dabab1e96c37,TP,2017,MT,0.125,2,Bayes,0.0,posterior_predictive_mean,one median measured concentration per PhysicalEventID x Analyte
PE_df9fe3439780c58ef619,TP,2017,MT,0.16999999999999998,2,Bayes,0.0,posterior_predictive_mean,one median measured concentration per PhysicalEventID x Analyte
PE_fa68bde0c7a186695c73,TP,2017,MT,0.25,1,Bayes,0.0,posterior_predictive_mean,one median measured concentration per PhysicalEventID x Analyte
PE_20cdd4f089d2cb0bb73d,TP,2017,ST,0.22999999999999998,2,Bayes,0.0,posterior_predictive_mean,one median measured concentration per PhysicalEventID x Analyte
PE_4998c6ec98ba5c91a95d,TP,2017,ST,0.2,3,Bayes,0.0,posterior_predictive_mean,one median measured concentration per PhysicalEventID x Analyte
PE_4d317db65fbb1df71b52,TP,2017,ST,0.12,3,Bayes,0.0,posterior_predictive_mean,one median measured concentration per PhysicalEventID x Analyte
PE_531c541dd4a3fff82f15,TP,2017,ST,0.24,1,Bayes,0.0,posterior_predictive_mean,one median measured concentration per PhysicalEventID x Analyte
PE_568f0b5ec6deda07b9f9,TP,2017,ST,0.14,1,Bayes,0.0,posterior_predictive_mean,one median measured concentration per PhysicalEventID x Analyte
PE_6ca81f85570cae0e0d9c,TP,2017,ST,0.185,2,Bayes,0.0,posterior_predictive_mean,one median measured concentration per PhysicalEventID x Analyte
PE_8b4c5aba46522be8a6ae,TP,2017,ST,0.12,1,Bayes,0.0,posterior_predictive_mean,one median measured concentration per PhysicalEventID x Analyte
PE_9be29822841d41a56b41,TP,2017,ST,0.14,2,Bayes,0.0,posterior_predictive_mean,one median measured concentration per PhysicalEventID x Analyte
PE_dd2eb9cbf33aadc76796,TP,2017,ST,0.1145,2,Bayes,0.0,posterior_predictive_mean,one median measured concentration per PhysicalEventID x Analyte
PE_e8e143ce24098f6b3f6d,TP,2017,ST,0.13,3,Bayes,0.0,posterior_predictive_mean,one median measured concentration per PhysicalEventID x Analyte
PE_fae3faa31fd03c716eb2,TP,2017,ST,0.12,2,Bayes,0.0,posterior_predictive_mean,one median measured concentration per PhysicalEventID x Analyte
PE_166bc984fea383507df7,TP,2020,CT,0.28500000000000003,2,Bayes,0.0,posterior_predictive_mean,one median measured concentration per PhysicalEventID x Analyte
PE_568a40e75356dbe2944f,TP,2020,CT,0.20500000000000002,2,Bayes,0.0,posterior_predictive_mean,one median measured concentration per PhysicalEventID x Analyte
PE_5cea09f5406d83c18d64,TP,2020,CT,0.38,1,Bayes,0.0,posterior_predictive_mean,one median measured concentration per PhysicalEventID x Analyte
PE_5fe6f2ac660a17d837bd,TP,2020,CT,0.25,1,Bayes,0.2597491725199548,posterior_predictive_mean,one median measured concentration per PhysicalEventID x Analyte
PE_81e03fd81db11fe99704,TP,2020,CT,0.315,2,Bayes,0.0,posterior_predictive_mean,one median measured concentration per PhysicalEventID x Analyte
PE_956f49ab7f5a452d4e47,TP,2020,CT,0.325,2,Bayes,0.0,posterior_predictive_mean,one median measured concentration per PhysicalEventID x Analyte
PE_a2e77087ab55e269e32c,TP,2020,CT,0.35,1,Bayes,0.4104630072399392,posterior_predictive_mean,one median measured concentration per PhysicalEventID x Analyte
PE_d03c293a07504dee9823,TP,2020,CT,0.21000000000000002,2,Bayes,0.0,posterior_predictive_mean,one median measured concentration per PhysicalEventID x Analyte
PE_f112cb116ff39b0745d1,TP,2020,CT,0.41,1,Bayes,0.0,posterior_predictive_mean,one median measured concentration per PhysicalEventID x Analyte
PE_1c61ae236bb189923470,TP,2020,MT,0.0675,2,Bayes,0.0,posterior_predictive_mean,one median measured concentration per PhysicalEventID x Analyte
PE_3f0bbb475c6994c60cf6,TP,2020,MT,0.29,1,Bayes,0.0,posterior_predictive_mean,one median measured concentration per PhysicalEventID x Analyte
PE_48332f955c6c36e57528,TP,2020,MT,0.185,2,Bayes,0.0,posterior_predictive_mean,one median measured concentration per PhysicalEventID x Analyte
PE_61b68e752c1619aa8c43,TP,2020,MT,0.32,1,Bayes,0.322692474577916,posterior_predictive_mean,one median measured concentration per PhysicalEventID x Analyte
PE_8ed15b2f1e5372b81dc7,TP,2020,MT,0.37,1,Bayes,0.0,posterior_predictive_mean,one median measured concentration per PhysicalEventID x Analyte
PE_a32b9b1cc443544ce423,TP,2020,MT,0.15,2,Bayes,0.0,posterior_predictive_mean,one median measured concentration per PhysicalEventID x Analyte
PE_addb6558497635dd3d9a,TP,2020,MT,0.275,2,Bayes,0.0,posterior_predictive_mean,one median measured concentration per PhysicalEventID x Analyte
PE_f20fe17d9d856cebbcf8,TP,2020,MT,0.215,2,Bayes,0.0,posterior_predictive_mean,one median measured concentration per PhysicalEventID x Analyte
PE_f8ef94027a8e2bfa6b9c,TP,2020,MT,0.36,1,Bayes,0.4215309418384921,posterior_predictive_mean,one median measured concentration per PhysicalEventID x Analyte
PE_0b902961f965469f339e,TP,2020,ST,0.0255,2,Bayes,0.0,posterior_predictive_mean,one median measured concentration per PhysicalEventID x Analyte
PE_3f6400cdcf4fab1e9fc1,TP,2020,ST,0.44,1,Bayes,0.4291978054840794,posterior_predictive_mean,one median measured concentration per PhysicalEventID x Analyte
PE_46cc9f71204f4afd638d,TP,2020,ST,0.31,1,Bayes,0.3065486310986511,posterior_predictive_mean,one median measured concentration per PhysicalEventID x Analyte
PE_49fb6cd53fdd5e458f64,TP,2020,ST,0.11,2,Bayes,0.0,posterior_predictive_mean,one median measured concentration per PhysicalEventID x Analyte
PE_5ff3d0ad9d787e19a7ca,TP,2020,ST,0.325,2,Bayes,0.0,posterior_predictive_mean,one median measured concentration per PhysicalEventID x Analyte
PE_875be1f39b86704274b0,TP,2020,ST,0.15,1,Bayes,0.0,posterior_predictive_mean,one median measured concentration per PhysicalEventID x Analyte
PE_e92a1d87a3645647bd4e,TP,2020,ST,0.10500000000000001,2,Bayes,0.0,posterior_predictive_mean,one median measured concentration per PhysicalEventID x Analyte
PE_ee23dd5347fd2acef254,TP,2020,ST,0.35,1,Bayes,0.0,posterior_predictive_mean,one median measured concentration per PhysicalEventID x Analyte
PE_fc822425df54345742cb,TP,2020,ST,0.14500000000000002,2,Bayes,0.0,posterior_predictive_mean,one median measured concentration per PhysicalEventID x Analyte
PE_051cd85fc942217be314,TP,2021,CT,0.24,2,Bayes,0.4901395089674831,posterior_predictive_mean,one median measured concentration per PhysicalEventID x Analyte
PE_0ac2121b8fe18c0053e2,TP,2021,CT,0.29,3,Bayes,0.7571149966175347,posterior_predictive_mean,one median measured concentration per PhysicalEventID x Analyte
PE_21dfe39111b133765d37,TP,2021,CT,0.27,2,Bayes,0.9913674686571716,posterior_predictive_mean,one median measured concentration per PhysicalEventID x Analyte
PE_21eb97240c4e244d59c9,TP,2021,CT,0.21500000000000002,2,Bayes,1.2459217312769817,posterior_predictive_mean,one median measured concentration per PhysicalEventID x Analyte
PE_2e40b6e91cc7d5ecd6c3,TP,2021,CT,0.37,2,Bayes,1.1699121205939076,posterior_predictive_mean,one median measured concentration per PhysicalEventID x Analyte
PE_33074ef569f8079ca2c5,TP,2021,CT,3.1500000000000004,2,Bayes,2.181327845731067,posterior_predictive_mean,one median measured concentration per PhysicalEventID x Analyte
PE_3e80216d31c31cb94be7,TP,2021,CT,0.29,4,Bayes,0.4387271307916572,posterior_predictive_mean,one median measured concentration per PhysicalEventID x Analyte
PE_43f0020c0e87bb28cb4f,TP,2021,CT,2.1500000000000004,2,Bayes,1.7413442178300391,posterior_predictive_mean,one median measured concentration per PhysicalEventID x Analyte
PE_7bb31d342461203b532f,TP,2021,CT,0.225,4,Bayes,0.8400108208598978,posterior_predictive_mean,one median measured concentration per PhysicalEventID x Analyte
PE_a1506e8e5a02282cf157,TP,2021,CT,0.44,2,Bayes,1.4057271405701246,posterior_predictive_mean,one median measured concentration per PhysicalEventID x Analyte
PE_a9b65e771f7f28532999,TP,2021,CT,0.21000000000000002,4,Bayes,0.6294066522485908,posterior_predictive_mean,one median measured concentration per PhysicalEventID x Analyte
PE_e9ed7c0da6f350ec0ebd,TP,2021,CT,0.1295,2,Bayes,0.9828945535797832,posterior_predictive_mean,one median measured concentration per PhysicalEventID x Analyte
PE_10a82e2f3d5ad96163d0,TP,2021,MT,0.27,2,Bayes,0.6886525100299896,posterior_predictive_mean,one median measured concentration per PhysicalEventID x Analyte
PE_29232e3b1d0dd0846861,TP,2021,MT,0.22000000000000003,4,Bayes,0.4000015934620182,posterior_predictive_mean,one median measured concentration per PhysicalEventID x Analyte
PE_3b0275b6f31aa3c48b11,TP,2021,MT,0.315,2,Bayes,0.6861670980691335,posterior_predictive_mean,one median measured concentration per PhysicalEventID x Analyte
PE_51b615c0027e4e29028e,TP,2021,MT,4.2,2,Bayes,2.0396420973410554,posterior_predictive_mean,one median measured concentration per PhysicalEventID x Analyte
PE_55b3839d44d67304ba2d,TP,2021,MT,2.2,2,Bayes,1.811066059967576,posterior_predictive_mean,one median measured concentration per PhysicalEventID x Analyte
PE_936c12cc5ae17810e93e,TP,2021,MT,0.20500000000000002,2,Bayes,0.8815391988933416,posterior_predictive_mean,one median measured concentration per PhysicalEventID x Analyte
PE_97c5dc883be532c37d60,TP,2021,MT,0.16999999999999998,2,Bayes,0.5489717278882559,posterior_predictive_mean,one median measured concentration per PhysicalEventID x Analyte
PE_c7ea31b20b60ad1966be,TP,2021,MT,0.16499999999999998,2,Bayes,0.828336962621143,posterior_predictive_mean,one median measured concentration per PhysicalEventID x Analyte
PE_e31452c7a0ebfbfaf3f2,TP,2021,MT,0.185,4,Bayes,0.6020288049641902,posterior_predictive_mean,one median measured concentration per PhysicalEventID x Analyte
PE_ebd22f3a15b20eea0e80,TP,2021,MT,0.12,4,Bayes,0.4621596047864309,posterior_predictive_mean,one median measured concentration per PhysicalEventID x Analyte
PE_f0e98ee733e1acf48f4e,TP,2021,MT,0.25,3,Bayes,0.6201725724759815,posterior_predictive_mean,one median measured concentration per PhysicalEventID x Analyte
PE_f544dd1f1224ddc9abde,TP,2021,MT,2.7,1,Bayes,2.065586051026802,posterior_predictive_mean,one median measured concentration per PhysicalEventID x Analyte
PE_16ac905814be2f1ac791,TP,2021,ST,0.095,2,Bayes,0.5374383709682827,posterior_predictive_mean,one median measured concentration per PhysicalEventID x Analyte
PE_1a4143d14585d70064a4,TP,2021,ST,0.25,2,Bayes,1.127896907042983,posterior_predictive_mean,one median measured concentration per PhysicalEventID x Analyte
PE_3d9e743a00f5613f6722,TP,2021,ST,1.75,2,Bayes,1.6849068607528443,posterior_predictive_mean,one median measured concentration per PhysicalEventID x Analyte
PE_47319afabf95ce33e7fd,TP,2021,ST,0.35,2,Bayes,1.0347669711577407,posterior_predictive_mean,one median measured concentration per PhysicalEventID x Analyte
PE_6af7db12fea1a0f5f5e0,TP,2021,ST,0.19,2,Bayes,0.7215336544259247,posterior_predictive_mean,one median measured concentration per PhysicalEventID x Analyte
PE_6ee044c77bdf30366b5d,TP,2021,ST,2.1500000000000004,2,Bayes,2.216142320022219,posterior_predictive_mean,one median measured concentration per PhysicalEventID x Analyte
PE_78a548d4e3eef2a21ea3,TP,2021,ST,0.11,4,Bayes,0.4663551551299622,posterior_predictive_mean,one median measured concentration per PhysicalEventID x Analyte
PE_835c9b48606f6cdfa777,TP,2021,ST,0.38,2,Bayes,0.781971961050453,posterior_predictive_mean,one median measured concentration per PhysicalEventID x Analyte
PE_af610e0f46836e0b77e1,TP,2021,ST,0.245,2,Bayes,0.9917317458106996,posterior_predictive_mean,one median measured concentration per PhysicalEventID x Analyte
PE_b08201b583b69f927729,TP,2021,ST,0.175,2,Bayes,0.2264424273650829,posterior_predictive_mean,one median measured concentration per PhysicalEventID x Analyte
PE_c917d3aa7638a95ddccd,TP,2021,ST,0.113,4,Bayes,0.5602019221840159,posterior_predictive_mean,one median measured concentration per PhysicalEventID x Analyte
PE_e416400520de7f5adc17,TP,2021,ST,0.19,3,Bayes,0.5899862242574392,posterior_predictive_mean,one median measured concentration per PhysicalEventID x Analyte
PE_074f45d65401c8fdb3f5,TP,2022,CT,0.12,3,Bayes,0.337745568033179,posterior_predictive_mean,one median measured concentration per PhysicalEventID x Analyte
PE_26a08057b7264787ef06,TP,2022,CT,0.0,1,Bayes,0.0,posterior_predictive_mean,one median measured concentration per PhysicalEventID x Analyte
PE_32d4186ac5b7c925427a,TP,2022,CT,0.0,2,Bayes,0.0,posterior_predictive_mean,one median measured concentration per PhysicalEventID x Analyte
PE_3433a0bfc8c7216f3995,TP,2022,CT,0.11,1,Bayes,1.2187978146675849,posterior_predictive_mean,one median measured concentration per PhysicalEventID x Analyte
PE_3f1a3adf6196ed54473e,TP,2022,CT,0.24,1,Bayes,1.0574472930745262,posterior_predictive_mean,one median measured concentration per PhysicalEventID x Analyte
PE_438127a754ce2a504c09,TP,2022,CT,0.24,2,Bayes,0.954625550882275,posterior_predictive_mean,one median measured concentration per PhysicalEventID x Analyte
PE_5ae2ded12c8023b32c0a,TP,2022,CT,0.24,3,Bayes,0.6816899282974525,posterior_predictive_mean,one median measured concentration per PhysicalEventID x Analyte
PE_b8cc705881475991ea0f,TP,2022,CT,0.11499999999999999,2,Bayes,0.0133785571280413,posterior_predictive_mean,one median measured concentration per PhysicalEventID x Analyte
PE_c409fdcd758dbf3b86bb,TP,2022,CT,0.4,1,Bayes,0.86469094939151,posterior_predictive_mean,one median measured concentration per PhysicalEventID x Analyte
PE_db44df4caa1727e348be,TP,2022,CT,0.11,3,Bayes,0.4986364589559129,posterior_predictive_mean,one median measured concentration per PhysicalEventID x Analyte
PE_df160c088a0a2ccf4d3e,TP,2022,CT,0.16,1,Bayes,0.1864605255694505,posterior_predictive_mean,one median measured concentration per PhysicalEventID x Analyte
PE_eb7e4b7d6a65d5aa6a4b,TP,2022,CT,0.21,3,Bayes,0.5934331133365484,posterior_predictive_mean,one median measured concentration per PhysicalEventID x Analyte
PE_14298b67e71efd6380df,TP,2022,MT,0.28,3,Bayes,1.0640091036626786,posterior_predictive_mean,one median measured concentration per PhysicalEventID x Analyte
PE_260d9de653b38957c0fe,TP,2022,MT,0.12,2,Bayes,0.4366743892874766,posterior_predictive_mean,one median measured concentration per PhysicalEventID x Analyte
PE_344e7a9bb935a4829210,TP,2022,MT,0.19,2,Bayes,1.1245598459671693,posterior_predictive_mean,one median measured concentration per PhysicalEventID x Analyte
PE_3fc5dfce0fb4c6220e16,TP,2022,MT,0.15,3,Bayes,0.6498653459222491,posterior_predictive_mean,one median measured concentration per PhysicalEventID x Analyte
PE_5556897f607258fe9362,TP,2022,MT,0.15,3,Bayes,0.5684307295154338,posterior_predictive_mean,one median measured concentration per PhysicalEventID x Analyte
PE_7b7021667404f4bf5ffe,TP,2022,MT,0.3,3,Bayes,1.1567097728910016,posterior_predictive_mean,one median measured concentration per PhysicalEventID x Analyte
PE_7f40423a8c9c7387079e,TP,2022,MT,0.35,2,Bayes,1.2147700260771912,posterior_predictive_mean,one median measured concentration per PhysicalEventID x Analyte
PE_912d046edf542edb9c36,TP,2022,MT,0.265,2,Bayes,0.6031412807818083,posterior_predictive_mean,one median measured concentration per PhysicalEventID x Analyte
PE_a5a3e7d8a5e84189d18a,TP,2022,MT,0.24,3,Bayes,1.1930695811212528,posterior_predictive_mean,one median measured concentration per PhysicalEventID x Analyte
PE_aa383c8c9a57591dc206,TP,2022,MT,0.0,2,Bayes,0.0,posterior_predictive_mean,one median measured concentration per PhysicalEventID x Analyte
PE_afa287a09ff3e5bab631,TP,2022,MT,0.38,3,Bayes,0.9117488635859838,posterior_predictive_mean,one median measured concentration per PhysicalEventID x Analyte
PE_d41d88e8b515629ab69d,TP,2022,MT,0.138,1,Bayes,0.0,posterior_predictive_mean,one median measured concentration per PhysicalEventID x Analyte
PE_f0406a7690a0e8ef2920,TP,2022,MT,0.125,2,Bayes,0.2212031263697117,posterior_predictive_mean,one median measured concentration per PhysicalEventID x Analyte
PE_0656666c2b33c1a71dfc,TP,2022,ST,0.16,3,Bayes,0.7474540108244034,posterior_predictive_mean,one median measured concentration per PhysicalEventID x Analyte
PE_230aa97120550e292bc7,TP,2022,ST,0.165,2,Bayes,1.071549573570731,posterior_predictive_mean,one median measured concentration per PhysicalEventID x Analyte
PE_3eefa2d11be77738359b,TP,2022,ST,0.074,3,Bayes,0.5170731415850752,posterior_predictive_mean,one median measured concentration per PhysicalEventID x Analyte
PE_425f14902ee81a16cfeb,TP,2022,ST,0.0,1,Bayes,0.0,posterior_predictive_mean,one median measured concentration per PhysicalEventID x Analyte
PE_510406c16da87dd620cb,TP,2022,ST,0.845,2,Bayes,1.7506545203441315,posterior_predictive_mean,one median measured concentration per PhysicalEventID x Analyte
PE_70d3cc17c47edebe68ad,TP,2022,ST,0.11,2,Bayes,0.4101852750855956,posterior_predictive_mean,one median measured concentration per PhysicalEventID x Analyte
PE_7cf61966fec7c7b6adc5,TP,2022,ST,0.10500000000000001,2,Bayes,0.1853870712208286,posterior_predictive_mean,one median measured concentration per PhysicalEventID x Analyte
PE_901ccaf6a3ac1105504f,TP,2022,ST,0.0875,2,Bayes,0.4588553863642035,posterior_predictive_mean,one median measured concentration per PhysicalEventID x Analyte
PE_99ec6d6affe898b0e8d2,TP,2022,ST,0.134,1,Bayes,0.0,posterior_predictive_mean,one median measured concentration per PhysicalEventID x Analyte
PE_a8630556d08f6cec7f6a,TP,2022,ST,0.15,3,Bayes,1.3093573966721284,posterior_predictive_mean,one median measured concentration per PhysicalEventID x Analyte
PE_ceb9c23bc0db5be24388,TP,2022,ST,0.092,3,Bayes,0.5028470438242798,posterior_predictive_mean,one median measured concentration per PhysicalEventID x Analyte
PE_d47080104483a2906848,TP,2022,ST,0.29,3,Bayes,1.5779245572618414,posterior_predictive_mean,one median measured concentration per PhysicalEventID x Analyte
PE_dc25029fed7bf1b276c5,TP,2022,ST,0.23,3,Bayes,0.9696893857862422,posterior_predictive_mean,one median measured concentration per PhysicalEventID x Analyte
PE_1607bd85c5b858754283,TP,2023,CT,0.9385,4,Bayes,0.0,posterior_predictive_mean,one median measured concentration per PhysicalEventID x Analyte
PE_17f8630aaa6312f3912a,TP,2023,CT,1.1099999999999999,4,Bayes,0.0,posterior_predictive_mean,one median measured concentration per PhysicalEventID x Analyte
PE_21ef5b6342274d9e3203,TP,2023,CT,0.962,4,Bayes,0.0,posterior_predictive_mean,one median measured concentration per PhysicalEventID x Analyte
PE_222b0b4beba254c530d7,TP,2023,CT,1.14,3,Bayes,0.1336136385952593,posterior_predictive_mean,one median measured concentration per PhysicalEventID x Analyte
PE_577d295e76e129c37688,TP,2023,CT,1.18,4,Bayes,0.0,posterior_predictive_mean,one median measured concentration per PhysicalEventID x Analyte
PE_5bf168b414e63b4f63f3,TP,2023,CT,1.13,5,Bayes,0.0,posterior_predictive_mean,one median measured concentration per PhysicalEventID x Analyte
PE_7131d35e8cd02b882d26,TP,2023,CT,0.6105,4,Bayes,0.0,posterior_predictive_mean,one median measured concentration per PhysicalEventID x Analyte
PE_8474551aa700ba7170c1,TP,2023,CT,1.88,1,Bayes,0.0,posterior_predictive_mean,one median measured concentration per PhysicalEventID x Analyte
PE_bf4d5c43e21a82c51f4f,TP,2023,CT,0.92,4,Bayes,0.0,posterior_predictive_mean,one median measured concentration per PhysicalEventID x Analyte
PE_ee0d84028e7204c9f8b6,TP,2023,CT,0.8585,4,Bayes,0.0,posterior_predictive_mean,one median measured concentration per PhysicalEventID x Analyte
PE_f071df1dfa8de45515c1,TP,2023,CT,1.28,1,Bayes,0.0,posterior_predictive_mean,one median measured concentration per PhysicalEventID x Analyte
PE_f7a5e5b2a4c1c3239774,TP,2023,CT,0.6930000000000001,4,Bayes,0.0,posterior_predictive_mean,one median measured concentration per PhysicalEventID x Analyte
PE_199b5b7c1aaa1098c691,TP,2023,MT,1.25,1,Bayes,0.0,posterior_predictive_mean,one median measured concentration per PhysicalEventID x Analyte
PE_23621b170748f0fc60c2,TP,2023,MT,0.8135,4,Bayes,0.0,posterior_predictive_mean,one median measured concentration per PhysicalEventID x Analyte
PE_248493668060338e72e6,TP,2023,MT,0.612,5,Bayes,0.0,posterior_predictive_mean,one median measured concentration per PhysicalEventID x Analyte
PE_3694e2f2ef6dd2e8480f,TP,2023,MT,0.0,1,Bayes,0.0,posterior_predictive_mean,one median measured concentration per PhysicalEventID x Analyte
PE_7751232195de561530b0,TP,2023,MT,1.028,4,Bayes,0.0,posterior_predictive_mean,one median measured concentration per PhysicalEventID x Analyte
PE_8d90127b55de039c6ab7,TP,2023,MT,1.32,5,Bayes,0.0,posterior_predictive_mean,one median measured concentration per PhysicalEventID x Analyte
PE_9d88eac30a91208d302b,TP,2023,MT,0.599,4,Bayes,0.0,posterior_predictive_mean,one median measured concentration per PhysicalEventID x Analyte
PE_a5dd6f772a1d2e7d821c,TP,2023,MT,0.386,6,Bayes,0.0,posterior_predictive_mean,one median measured concentration per PhysicalEventID x Analyte
PE_acc7ee117e759ece44f9,TP,2023,MT,0.782,5,Bayes,0.0,posterior_predictive_mean,one median measured concentration per PhysicalEventID x Analyte
PE_b6fd60d10e559978199b,TP,2023,MT,0.229,5,Bayes,0.0,posterior_predictive_mean,one median measured concentration per PhysicalEventID x Analyte
PE_bf74455b1a7c48461768,TP,2023,MT,0.888,3,Bayes,0.0063371102992608,posterior_predictive_mean,one median measured concentration per PhysicalEventID x Analyte
PE_c4acde3ff39ca34f7f1d,TP,2023,MT,1.1400000000000001,4,Bayes,1.539297117852085,posterior_predictive_mean,one median measured concentration per PhysicalEventID x Analyte
PE_68d44a8c5ee2992c2c36,TP,2023,ST,1.2149999999999999,4,Bayes,0.0,posterior_predictive_mean,one median measured concentration per PhysicalEventID x Analyte
PE_6f90d69c4aa146a04e18,TP,2023,ST,0.474,1,Bayes,0.0,posterior_predictive_mean,one median measured concentration per PhysicalEventID x Analyte
PE_78a0e5a12037218db30c,TP,2023,ST,0.359,5,Bayes,0.4361685914768965,posterior_predictive_mean,one median measured concentration per PhysicalEventID x Analyte
PE_8a47f8b2785e361a0f5c,TP,2023,ST,0.532,4,Bayes,0.0,posterior_predictive_mean,one median measured concentration per PhysicalEventID x Analyte
PE_8f51b688686d8bdc2f79,TP,2023,ST,1.405,4,Bayes,0.2355539992102795,posterior_predictive_mean,one median measured concentration per PhysicalEventID x Analyte
PE_ada3010827131318b4a5,TP,2023,ST,0.261,4,Bayes,0.0,posterior_predictive_mean,one median measured concentration per PhysicalEventID x Analyte
PE_bca2b67b03840bac2206,TP,2023,ST,0.1315,4,Bayes,0.0,posterior_predictive_mean,one median measured concentration per PhysicalEventID x Analyte
PE_c6f4076701513ce44077,TP,2023,ST,0.0,1,Bayes,0.0,posterior_predictive_mean,one median measured concentration per PhysicalEventID x Analyte
PE_c9875bdbbfec951204a7,TP,2023,ST,1.072,4,Bayes,0.0,posterior_predictive_mean,one median measured concentration per PhysicalEventID x Analyte
PE_d0ce0a7aa7e876660808,TP,2023,ST,0.366,4,Bayes,0.0,posterior_predictive_mean,one median measured concentration per PhysicalEventID x Analyte
PE_dbd728d03c1d5af8f0ef,TP,2023,ST,0.0,1,Bayes,0.0,posterior_predictive_mean,one median measured concentration per PhysicalEventID x Analyte
PE_e29fdc102c9f799e8e4f,TP,2023,ST,0.369,4,Bayes,0.0,posterior_predictive_mean,one median measured concentration per PhysicalEventID x Analyte
PE_fc1529c70189a30552dd,TP,2023,ST,1.28,4,Bayes,0.0,posterior_predictive_mean,one median measured concentration per PhysicalEventID x Analyte
PE_3a4478840ec05680e176,TP,2024,CT,0.6645,4,Bayes,0.8165625694330645,posterior_predictive_mean,one median measured concentration per PhysicalEventID x Analyte
PE_828e337f2a8b9a9634d7,TP,2024,CT,0.21150000000000002,4,Bayes,0.0,posterior_predictive_mean,one median measured concentration per PhysicalEventID x Analyte
PE_87d4115bb68391b10daf,TP,2024,CT,0.5045000000000001,4,Bayes,0.0,posterior_predictive_mean,one median measured concentration per PhysicalEventID x Analyte
PE_a354768a3ad269a40a28,TP,2024,CT,0.5780000000000001,4,Bayes,0.1118981824227953,posterior_predictive_mean,one median measured concentration per PhysicalEventID x Analyte
PE_add35a9103c77e144288,TP,2024,CT,0.397,4,Bayes,0.0,posterior_predictive_mean,one median measured concentration per PhysicalEventID x Analyte
PE_dd4d0ea35e35c329e9d8,TP,2024,CT,0.5115000000000001,4,Bayes,0.0,posterior_predictive_mean,one median measured concentration per PhysicalEventID x Analyte
PE_e01f96101de9649fe0a8,TP,2024,CT,0.5315000000000001,2,Bayes,0.0,posterior_predictive_mean,one median measured concentration per PhysicalEventID x Analyte
PE_f96a427e92fb0d6cf251,TP,2024,CT,1.534,4,Bayes,0.266466249265116,posterior_predictive_mean,one median measured concentration per PhysicalEventID x Analyte
PE_02b42436b7981ca07571,TP,2024,MT,0.6705000000000001,4,Bayes,0.0,posterior_predictive_mean,one median measured concentration per PhysicalEventID x Analyte
PE_7a793bda6ecab836d590,TP,2024,MT,0.551,3,Bayes,0.0,posterior_predictive_mean,one median measured concentration per PhysicalEventID x Analyte
PE_ba059ebbc29b11d1a3be,TP,2024,MT,0.8185,4,Bayes,0.0945857135401986,posterior_predictive_mean,one median measured concentration per PhysicalEventID x Analyte
PE_c488be01d5dbff565ef0,TP,2024,MT,0.782,4,Bayes,0.0,posterior_predictive_mean,one median measured concentration per PhysicalEventID x Analyte
PE_c918bf0b868668efb5e3,TP,2024,MT,0.357,4,Bayes,0.0,posterior_predictive_mean,one median measured concentration per PhysicalEventID x Analyte
PE_cc030c89ee5b8a7462b6,TP,2024,MT,0.38749999999999996,4,Bayes,0.0,posterior_predictive_mean,one median measured concentration per PhysicalEventID x Analyte
PE_d0a561512025e1d2770d,TP,2024,MT,0.377,4,Bayes,0.0,posterior_predictive_mean,one median measured concentration per PhysicalEventID x Analyte
PE_e582d3221277d02f35d9,TP,2024,MT,1.0125,4,Bayes,0.2435922738351269,posterior_predictive_mean,one median measured concentration per PhysicalEventID x Analyte
PE_00b38906ec1907c7d0dc,TP,2024,ST,1.4725000000000001,4,Bayes,1.5348686620003855,posterior_predictive_mean,one median measured concentration per PhysicalEventID x Analyte
PE_30f71765b192fa672ac6,TP,2024,ST,0.767,4,Bayes,0.6489775595173073,posterior_predictive_mean,one median measured concentration per PhysicalEventID x Analyte
PE_47021952abc7ade62c23,TP,2024,ST,0.9835,4,Bayes,0.0,posterior_predictive_mean,one median measured concentration per PhysicalEventID x Analyte
PE_6dfbf6a0b565de5536dd,TP,2024,ST,0.71,4,Bayes,0.3134498270762483,posterior_predictive_mean,one median measured concentration per PhysicalEventID x Analyte
PE_d36d20c6bc7c067588be,TP,2024,ST,0.852,3,Bayes,0.008819025290645,posterior_predictive_mean,one median measured concentration per PhysicalEventID x Analyte
PE_dd553617c7d118d29861,TP,2024,ST,0.716,4,Bayes,0.0,posterior_predictive_mean,one median measured concentration per PhysicalEventID x Analyte
PE_f0055d0fbf3bb2c0c279,TP,2024,ST,0.474,4,Bayes,0.0,posterior_predictive_mean,one median measured concentration per PhysicalEventID x Analyte
PE_f6579064c70952c33aa8,TP,2024,ST,0.893,4,Bayes,1.2726089378965406,posterior_predictive_mean,one median measured concentration per PhysicalEventID x Analyte
PE_01024210b88310ac1815,TP,2025,CT,0.402,4,Bayes,0.0476894137184111,posterior_predictive_mean,one median measured concentration per PhysicalEventID x Analyte
PE_30d8eee773ba85ed7ec9,TP,2025,CT,2.165,4,Bayes,1.2081570378388298,posterior_predictive_mean,one median measured concentration per PhysicalEventID x Analyte
PE_41cebec90b66f3ef63c2,TP,2025,CT,2.14,3,Bayes,1.8528996711103247,posterior_predictive_mean,one median measured concentration per PhysicalEventID x Analyte
PE_5c35b22fc4eba02df28c,TP,2025,CT,1.46,4,Bayes,0.8403323078416922,posterior_predictive_mean,one median measured concentration per PhysicalEventID x Analyte
PE_72b83136bc50254a55a6,TP,2025,CT,0.49,4,Bayes,0.4168010993255907,posterior_predictive_mean,one median measured concentration per PhysicalEventID x Analyte
PE_73a092189bd19f7de823,TP,2025,CT,1.42,4,Bayes,0.3712776100789983,posterior_predictive_mean,one median measured concentration per PhysicalEventID x Analyte
PE_79ea2eb78bef48e2d163,TP,2025,CT,1.925,4,Bayes,1.479247850745364,posterior_predictive_mean,one median measured concentration per PhysicalEventID x Analyte
PE_85771b5590cb80ee80b1,TP,2025,CT,2.9,4,Bayes,2.163394760279522,posterior_predictive_mean,one median measured concentration per PhysicalEventID x Analyte
PE_92e7ac2243498d97f3e0,TP,2025,CT,1.3900000000000001,4,Bayes,1.205841364460174,posterior_predictive_mean,one median measured concentration per PhysicalEventID x Analyte
PE_961b16815e7ba5016bdb,TP,2025,CT,3.34,4,Bayes,1.8948641711562488,posterior_predictive_mean,one median measured concentration per PhysicalEventID x Analyte
PE_bd4a80359ce1de5f5729,TP,2025,CT,1.5675,4,Bayes,1.431370267512257,posterior_predictive_mean,one median measured concentration per PhysicalEventID x Analyte
PE_ef5b618a3b1b8ffbd8e4,TP,2025,CT,0.895,4,Bayes,0.3053284192169984,posterior_predictive_mean,one median measured concentration per PhysicalEventID x Analyte
PE_2314eec6a45e0be9e203,TP,2025,MT,0.3435,4,Bayes,0.2342386659362995,posterior_predictive_mean,one median measured concentration per PhysicalEventID x Analyte
PE_39c8810e26ab4ca7933c,TP,2025,MT,7.08,4,Bayes,7.313150137615876,posterior_predictive_mean,one median measured concentration per PhysicalEventID x Analyte
PE_676050582c291c72204b,TP,2025,MT,0.181,4,Bayes,0.0,posterior_predictive_mean,one median measured concentration per PhysicalEventID x Analyte
PE_6c85627a623e6c9dfbb4,TP,2025,MT,12.200000000000001,4,Bayes,7.644336435355587,posterior_predictive_mean,one median measured concentration per PhysicalEventID x Analyte
PE_7d221972180d28e4f760,TP,2025,MT,0.5625,4,Bayes,1.6347741838598155,posterior_predictive_mean,one median measured concentration per PhysicalEventID x Analyte
PE_a033c0958b5b88a75684,TP,2025,MT,0.9725,4,Bayes,1.383387462006069,posterior_predictive_mean,one median measured concentration per PhysicalEventID x Analyte
PE_a36448d6fe89c398bac0,TP,2025,MT,0.3065,4,Bayes,0.0522589119054979,posterior_predictive_mean,one median measured concentration per PhysicalEventID x Analyte
PE_c1edec673d6e55fe03b0,TP,2025,MT,0.44699999999999995,4,Bayes,0.0722498470957688,posterior_predictive_mean,one median measured concentration per PhysicalEventID x Analyte
PE_c63b91d3075e6834f32e,TP,2025,MT,9.084999999999999,4,Bayes,7.655296271586216,posterior_predictive_mean,one median measured concentration per PhysicalEventID x Analyte
PE_e6892c1c4df9f9956548,TP,2025,MT,3.1399999999999997,4,Bayes,2.4777523335652942,posterior_predictive_mean,one median measured concentration per PhysicalEventID x Analyte
PE_f2544036a8cdc2b562ca,TP,2025,MT,4.625,4,Bayes,3.5487215607088283,posterior_predictive_mean,one median measured concentration per PhysicalEventID x Analyte
PE_ff8985d7bd1f94902d4e,TP,2025,MT,0.6975,4,Bayes,0.4681948149057027,posterior_predictive_mean,one median measured concentration per PhysicalEventID x Analyte
PE_0373cedd6c6b07cdac38,TP,2025,ST,2.745,4,Bayes,2.8671136504150647,posterior_predictive_mean,one median measured concentration per PhysicalEventID x Analyte
PE_0c2d197a5610b0bbb10e,TP,2025,ST,0.71,4,Bayes,0.504839587547721,posterior_predictive_mean,one median measured concentration per PhysicalEventID x Analyte
PE_2000666922e9baf4491a,TP,2025,ST,2.16,4,Bayes,1.1472538394082137,posterior_predictive_mean,one median measured concentration per PhysicalEventID x Analyte
PE_326f1ee42ddcd2cd3c31,TP,2025,ST,4.145,4,Bayes,3.933867739359018,posterior_predictive_mean,one median measured concentration per PhysicalEventID x Analyte
PE_33b48c45a8f1d7ee984a,TP,2025,ST,0.35250000000000004,4,Bayes,0.0337436751889939,posterior_predictive_mean,one median measured concentration per PhysicalEventID x Analyte
PE_44d1a7f433fe780ac78b,TP,2025,ST,4.45,4,Bayes,3.830267324516728,posterior_predictive_mean,one median measured concentration per PhysicalEventID x Analyte
PE_55ff1c1f21eee62bac5f,TP,2025,ST,3.8449999999999998,4,Bayes,2.457814557292717,posterior_predictive_mean,one median measured concentration per PhysicalEventID x Analyte
PE_69bf4666a40285ef26b8,TP,2025,ST,2.35,4,Bayes,1.9570936695575532,posterior_predictive_mean,one median measured concentration per PhysicalEventID x Analyte
PE_6db16cd7a8da79e5651d,TP,2025,ST,0.7124999999999999,4,Bayes,0.6311573931118566,posterior_predictive_mean,one median measured concentration per PhysicalEventID x Analyte
PE_744bc567dc348be5d05b,TP,2025,ST,1.32,4,Bayes,0.5700989620997164,posterior_predictive_mean,one median measured concentration per PhysicalEventID x Analyte
PE_76eec8ae39fe2d6f5031,TP,2025,ST,4.055,4,Bayes,3.232478869500528,posterior_predictive_mean,one median measured concentration per PhysicalEventID x Analyte
PE_a873c6f206750ebc6cd1,TP,2025,ST,0.6275,4,Bayes,0.9380111335785336,posterior_predictive_mean,one median measured concentration per PhysicalEventID x Analyte
PE_35e13c2714d6ea95f5d3,TP,2011,CT,2.788,1,ML,1.6083078881624622,full_record_deterministic_prediction,one median measured concentration per PhysicalEventID x Analyte
PE_57effa7ea94a4868513b,TP,2011,CT,1.833,1,ML,1.637346348779594,full_record_deterministic_prediction,one median measured concentration per PhysicalEventID x Analyte
PE_7ab5d22c48132f848099,TP,2011,CT,3.337,1,ML,1.384254605530706,full_record_deterministic_prediction,one median measured concentration per PhysicalEventID x Analyte
PE_8372856d847ab29e3d55,TP,2011,CT,1.431,1,ML,1.4434241868660451,full_record_deterministic_prediction,one median measured concentration per PhysicalEventID x Analyte
PE_9b06b2640ba03d9fa7c4,TP,2011,CT,3.02,1,ML,1.855234082929507,full_record_deterministic_prediction,one median measured concentration per PhysicalEventID x Analyte
PE_9e155a06de6d2a36ed95,TP,2011,CT,2.593,1,ML,1.2320881287503649,full_record_deterministic_prediction,one median measured concentration per PhysicalEventID x Analyte
PE_2aaba42888d07cb12d22,TP,2011,MT,1.917,1,ML,1.1509493673246047,full_record_deterministic_prediction,one median measured concentration per PhysicalEventID x Analyte
PE_49484da33f0ea698b83b,TP,2011,MT,2.363,1,ML,1.3339849286457746,full_record_deterministic_prediction,one median measured concentration per PhysicalEventID x Analyte
PE_60f1a6212ff620019a30,TP,2011,MT,1.556,1,ML,1.2140366146177404,full_record_deterministic_prediction,one median measured concentration per PhysicalEventID x Analyte
PE_63934b6278a65a8216b9,TP,2011,MT,1.848,1,ML,1.33465880922512,full_record_deterministic_prediction,one median measured concentration per PhysicalEventID x Analyte
PE_883a7658077d89fcf49d,TP,2011,MT,1.09,1,ML,0.9648899932237291,full_record_deterministic_prediction,one median measured concentration per PhysicalEventID x Analyte
PE_bf4999981e8b30465343,TP,2011,MT,1.543,1,ML,1.4406424055230196,full_record_deterministic_prediction,one median measured concentration per PhysicalEventID x Analyte
PE_556f24afddcf35c92237,TP,2011,ST,0.818,1,ML,0.7778344091528426,full_record_deterministic_prediction,one median measured concentration per PhysicalEventID x Analyte
PE_95d3b43c79b8bf669652,TP,2011,ST,0.794,1,ML,0.851850516928391,full_record_deterministic_prediction,one median measured concentration per PhysicalEventID x Analyte
PE_b29e09cdb7f952a1cdb0,TP,2011,ST,1.261,1,ML,1.1156792948063026,full_record_deterministic_prediction,one median measured concentration per PhysicalEventID x Analyte
PE_bbf4e95c02e1591047b4,TP,2011,ST,2.181,1,ML,1.809118742671613,full_record_deterministic_prediction,one median measured concentration per PhysicalEventID x Analyte
PE_e7adc6803f9ae278362b,TP,2011,ST,0.9,1,ML,1.0698435742737011,full_record_deterministic_prediction,one median measured concentration per PhysicalEventID x Analyte
PE_f5556b234e32459fa7a2,TP,2011,ST,1.643,1,ML,1.5074384889990928,full_record_deterministic_prediction,one median measured concentration per PhysicalEventID x Analyte
PE_0d403a1dbd25bf378957,TP,2012,CT,1.136,1,ML,1.2365770671042395,full_record_deterministic_prediction,one median measured concentration per PhysicalEventID x Analyte
PE_42eb29bd3d8b55596b0d,TP,2012,CT,1.81,1,ML,1.599519631433378,full_record_deterministic_prediction,one median measured concentration per PhysicalEventID x Analyte
PE_8926ae228cc15db54f23,TP,2012,CT,2.297,1,ML,2.011066236527609,full_record_deterministic_prediction,one median measured concentration per PhysicalEventID x Analyte
PE_93fc10203fe8e4c919ea,TP,2012,CT,3.193,1,ML,2.158236186547968,full_record_deterministic_prediction,one median measured concentration per PhysicalEventID x Analyte
PE_964f9e60ef2ea5038dae,TP,2012,CT,3.87,1,ML,1.4619490030163074,full_record_deterministic_prediction,one median measured concentration per PhysicalEventID x Analyte
PE_980f4b8e6c4ad4f916f0,TP,2012,CT,2.105,1,ML,1.112633796851671,full_record_deterministic_prediction,one median measured concentration per PhysicalEventID x Analyte
PE_9990eb3a8c35bbfe0d52,TP,2012,CT,1.707,1,ML,1.9036876052049652,full_record_deterministic_prediction,one median measured concentration per PhysicalEventID x Analyte
PE_c022cac1f55e539686af,TP,2012,CT,0.188,1,ML,0.3186553567155125,full_record_deterministic_prediction,one median measured concentration per PhysicalEventID x Analyte
PE_cbed8a7088e045d7b553,TP,2012,CT,2.858,1,ML,2.2132264875735794,full_record_deterministic_prediction,one median measured concentration per PhysicalEventID x Analyte
PE_df9469438e8cb790e7af,TP,2012,CT,0.089,1,ML,0.3467824077295195,full_record_deterministic_prediction,one median measured concentration per PhysicalEventID x Analyte
PE_01ea2f88880fff50efcb,TP,2012,MT,0.194,1,ML,0.5368975920080494,full_record_deterministic_prediction,one median measured concentration per PhysicalEventID x Analyte
PE_04c02bec0f0f9a370498,TP,2012,MT,1.0,1,ML,1.2842629180338223,full_record_deterministic_prediction,one median measured concentration per PhysicalEventID x Analyte
PE_084268df6eb9d4246043,TP,2012,MT,1.312,1,ML,0.8682560624406725,full_record_deterministic_prediction,one median measured concentration per PhysicalEventID x Analyte
PE_5d3101462bb3db890b29,TP,2012,MT,2.523,1,ML,1.9501413298782493,full_record_deterministic_prediction,one median measured concentration per PhysicalEventID x Analyte
PE_681443548ef078be38f1,TP,2012,MT,1.202,1,ML,1.232266792762022,full_record_deterministic_prediction,one median measured concentration per PhysicalEventID x Analyte
PE_860b95b364b2c2e3a6b5,TP,2012,MT,1.27,1,ML,1.7744474144136202,full_record_deterministic_prediction,one median measured concentration per PhysicalEventID x Analyte
PE_8b5564238c223d972525,TP,2012,MT,2.573,1,ML,2.325766377118476,full_record_deterministic_prediction,one median measured concentration per PhysicalEventID x Analyte
PE_8dd5bcb659f488a967c1,TP,2012,MT,4.1,1,ML,2.540927418925008,full_record_deterministic_prediction,one median measured concentration per PhysicalEventID x Analyte
PE_bdf17111cc35249ef7aa,TP,2012,MT,0.212,1,ML,0.4662218120264098,full_record_deterministic_prediction,one median measured concentration per PhysicalEventID x Analyte
PE_f18d62b04bf4f3a25d7e,TP,2012,MT,1.747,1,ML,1.2614755918595284,full_record_deterministic_prediction,one median measured concentration per PhysicalEventID x Analyte
PE_248d74790d081f1ad247,TP,2012,ST,2.3,1,ML,1.966987125674779,full_record_deterministic_prediction,one median measured concentration per PhysicalEventID x Analyte
PE_3b419c0bdb22b2b7c315,TP,2012,ST,1.383,1,ML,1.2093364448444364,full_record_deterministic_prediction,one median measured concentration per PhysicalEventID x Analyte
PE_649006527ce5d1d1ff1f,TP,2012,ST,1.67,1,ML,2.2076841971135983,full_record_deterministic_prediction,one median measured concentration per PhysicalEventID x Analyte
PE_6c101e1953c53808bd4e,TP,2012,ST,4.813,1,ML,2.3682293195389774,full_record_deterministic_prediction,one median measured concentration per PhysicalEventID x Analyte
PE_a828a4cd4628108e4701,TP,2012,ST,0.96,1,ML,1.1235506594009412,full_record_deterministic_prediction,one median measured concentration per PhysicalEventID x Analyte
PE_bf44e09ffc415b58c4a0,TP,2012,ST,0.758,1,ML,1.1390143809825322,full_record_deterministic_prediction,one median measured concentration per PhysicalEventID x Analyte
PE_cc5627c91253785c0d98,TP,2012,ST,0.932,1,ML,0.9479224248349436,full_record_deterministic_prediction,one median measured concentration per PhysicalEventID x Analyte
PE_e54a1b2fb0b2d2f3c583,TP,2012,ST,2.113,1,ML,1.966403609407377,full_record_deterministic_prediction,one median measured concentration per PhysicalEventID x Analyte
PE_0609bb3a38fc48d18c44,TP,2013,CT,0.115,1,ML,0.2477770490639171,full_record_deterministic_prediction,one median measured concentration per PhysicalEventID x Analyte
PE_06846811b2896d804676,TP,2013,CT,0.371,1,ML,0.4297784534122473,full_record_deterministic_prediction,one median measured concentration per PhysicalEventID x Analyte
PE_2e9d58711c9824497c11,TP,2013,CT,1.703,1,ML,0.4523875637130781,full_record_deterministic_prediction,one median measured concentration per PhysicalEventID x Analyte
PE_7dbc678d30fda2bb0d2c,TP,2013,CT,0.213,1,ML,0.3286745705469114,full_record_deterministic_prediction,one median measured concentration per PhysicalEventID x Analyte
PE_a814ea72d8a79e5ce612,TP,2013,CT,1.591,1,ML,0.899344762209173,full_record_deterministic_prediction,one median measured concentration per PhysicalEventID x Analyte
PE_dc649077fd49ff457e31,TP,2013,CT,0.157,1,ML,0.3346879067775394,full_record_deterministic_prediction,one median measured concentration per PhysicalEventID x Analyte
PE_113a8b8781b7a42b7a0c,TP,2013,MT,0.624,1,ML,0.5153739008359013,full_record_deterministic_prediction,one median measured concentration per PhysicalEventID x Analyte
PE_12cbc4a228ce581574f5,TP,2013,MT,0.656,1,ML,0.4875955965833782,full_record_deterministic_prediction,one median measured concentration per PhysicalEventID x Analyte
PE_1bd1f8a68c1dc49b3965,TP,2013,MT,0.374,1,ML,0.3927591026765886,full_record_deterministic_prediction,one median measured concentration per PhysicalEventID x Analyte
PE_262bcdadb146dac989ae,TP,2013,MT,0.791,1,ML,0.7227115210326913,full_record_deterministic_prediction,one median measured concentration per PhysicalEventID x Analyte
PE_99b3a7e1248efb280745,TP,2013,MT,0.148,1,ML,0.3327213917004283,full_record_deterministic_prediction,one median measured concentration per PhysicalEventID x Analyte
PE_e9b4025c029d683e1a32,TP,2013,MT,0.914,1,ML,0.4965946117022692,full_record_deterministic_prediction,one median measured concentration per PhysicalEventID x Analyte
PE_06463f55c291ea1d15a9,TP,2013,ST,0.157,1,ML,0.3873850166775349,full_record_deterministic_prediction,one median measured concentration per PhysicalEventID x Analyte
PE_2b1a26b26247f7aaf591,TP,2013,ST,1.514,1,ML,0.6845760166595154,full_record_deterministic_prediction,one median measured concentration per PhysicalEventID x Analyte
PE_3a1f801f634bfe189584,TP,2013,ST,0.17,1,ML,0.2836034806865692,full_record_deterministic_prediction,one median measured concentration per PhysicalEventID x Analyte
PE_4ba63451b7dc89c0a556,TP,2013,ST,0.107,1,ML,0.4321042886380818,full_record_deterministic_prediction,one median measured concentration per PhysicalEventID x Analyte
PE_b7ff1c1774876e409c04,TP,2013,ST,0.151,1,ML,0.2372090003898026,full_record_deterministic_prediction,one median measured concentration per PhysicalEventID x Analyte
PE_f7fa36feaba1a3684ccf,TP,2013,ST,0.055,1,ML,0.2214919976433523,full_record_deterministic_prediction,one median measured concentration per PhysicalEventID x Analyte
PE_0c873ebca68f220b5575,TP,2014,CT,0.9430000000000001,4,ML,0.9330010796759765,full_record_deterministic_prediction,one median measured concentration per PhysicalEventID x Analyte
PE_0f2c1b5db3c1949d1f74,TP,2014,CT,0.8565,4,ML,0.9093313844067804,full_record_deterministic_prediction,one median measured concentration per PhysicalEventID x Analyte
PE_0f6804c5fdc4da7fb4f7,TP,2014,CT,1.685,4,ML,1.583044380339469,full_record_deterministic_prediction,one median measured concentration per PhysicalEventID x Analyte
PE_4c80e607422dec97f0c9,TP,2014,CT,0.6399999999999999,2,ML,0.8529945076449903,full_record_deterministic_prediction,one median measured concentration per PhysicalEventID x Analyte
PE_e1f06f083d001c899062,TP,2014,CT,1.2185,4,ML,1.2640272132565729,full_record_deterministic_prediction,one median measured concentration per PhysicalEventID x Analyte
PE_e4c541913dac4c0bca3d,TP,2014,CT,1.23,1,ML,1.132959426402979,full_record_deterministic_prediction,one median measured concentration per PhysicalEventID x Analyte
PE_214aa9017327a70f135f,TP,2014,MT,1.675,2,ML,1.2848470456297805,full_record_deterministic_prediction,one median measured concentration per PhysicalEventID x Analyte
PE_28a3ad7db7957a75e475,TP,2014,MT,0.8,1,ML,1.0479352401932331,full_record_deterministic_prediction,one median measured concentration per PhysicalEventID x Analyte
PE_909a6e90f2a2fb0ccb86,TP,2014,MT,0.84,1,ML,0.9169235042435796,full_record_deterministic_prediction,one median measured concentration per PhysicalEventID x Analyte
PE_c29031fe1d291910e835,TP,2014,MT,1.0899999999999999,2,ML,1.154784939611481,full_record_deterministic_prediction,one median measured concentration per PhysicalEventID x Analyte
PE_5d5cb3edcd99b5be75e6,TP,2014,ST,0.35,1,ML,0.797249799113433,full_record_deterministic_prediction,one median measured concentration per PhysicalEventID x Analyte
PE_99c4e1053e4376d0bed3,TP,2014,ST,0.7144999999999999,4,ML,0.6485638825977508,full_record_deterministic_prediction,one median measured concentration per PhysicalEventID x Analyte
PE_be3da0eafc673da18d92,TP,2014,ST,0.3,1,ML,0.7866707295238172,full_record_deterministic_prediction,one median measured concentration per PhysicalEventID x Analyte
PE_d1afac04920a2ee5af17,TP,2014,ST,1.7200000000000002,4,ML,1.0190473686817678,full_record_deterministic_prediction,one median measured concentration per PhysicalEventID x Analyte
PE_e5b7650f3b7e52f1a1bf,TP,2014,ST,1.375,4,ML,1.2705088444243045,full_record_deterministic_prediction,one median measured concentration per PhysicalEventID x Analyte
PE_e6f216bc2af9baf87adb,TP,2014,ST,0.89,4,ML,1.2972894285432706,full_record_deterministic_prediction,one median measured concentration per PhysicalEventID x Analyte
PE_003510690d55f2e080ab,TP,2015,CT,2.083,1,ML,0.9310583383826084,full_record_deterministic_prediction,one median measured concentration per PhysicalEventID x Analyte
PE_01dfb8394999c3a08b1b,TP,2015,CT,1.066,1,ML,0.8917715894253968,full_record_deterministic_prediction,one median measured concentration per PhysicalEventID x Analyte
PE_1994b95c4c5d89d54441,TP,2015,CT,0.941,1,ML,0.8743962250657016,full_record_deterministic_prediction,one median measured concentration per PhysicalEventID x Analyte
PE_1ad2a48558b8c9cdf0bb,TP,2015,CT,0.837,1,ML,0.6880431426891941,full_record_deterministic_prediction,one median measured concentration per PhysicalEventID x Analyte
PE_38f43e287ee7d1f916e4,TP,2015,CT,0.0,1,ML,0.5363239793850277,full_record_deterministic_prediction,one median measured concentration per PhysicalEventID x Analyte
PE_42feb90a12eb2a1656cd,TP,2015,CT,2.191,1,ML,0.7254461321800321,full_record_deterministic_prediction,one median measured concentration per PhysicalEventID x Analyte
PE_63a5c105af28ea9f75a7,TP,2015,CT,0.305,1,ML,0.5134830319703274,full_record_deterministic_prediction,one median measured concentration per PhysicalEventID x Analyte
PE_9a36752b43ad5983930a,TP,2015,CT,1.336,1,ML,1.0181112108918082,full_record_deterministic_prediction,one median measured concentration per PhysicalEventID x Analyte
PE_b307adedb4f140b2f276,TP,2015,CT,1.529,1,ML,0.7779279921537253,full_record_deterministic_prediction,one median measured concentration per PhysicalEventID x Analyte
PE_eba40b08b5ce69421768,TP,2015,CT,1.181,1,ML,0.8687652169178346,full_record_deterministic_prediction,one median measured concentration per PhysicalEventID x Analyte
PE_ece5ee3d9a47f8a4b70b,TP,2015,CT,3.046,1,ML,0.9667656192479254,full_record_deterministic_prediction,one median measured concentration per PhysicalEventID x Analyte
PE_effd37ee189df750ad5a,TP,2015,CT,0.438,1,ML,0.490819547749702,full_record_deterministic_prediction,one median measured concentration per PhysicalEventID x Analyte
PE_078b8edebaf25b47ca9c,TP,2015,MT,0.164,1,ML,0.3457750983732651,full_record_deterministic_prediction,one median measured concentration per PhysicalEventID x Analyte
PE_09a938930ab837ebeb36,TP,2015,MT,0.289,1,ML,0.3700765563374134,full_record_deterministic_prediction,one median measured concentration per PhysicalEventID x Analyte
PE_0e378dd2a91d7df1a7a9,TP,2015,MT,0.014,1,ML,0.0792476987817953,full_record_deterministic_prediction,one median measured concentration per PhysicalEventID x Analyte
PE_4ebf629c5dd531a50c12,TP,2015,MT,0.496,1,ML,0.3179052337417492,full_record_deterministic_prediction,one median measured concentration per PhysicalEventID x Analyte
PE_61227cf97dd057e6375a,TP,2015,MT,0.205,1,ML,0.1858812883588412,full_record_deterministic_prediction,one median measured concentration per PhysicalEventID x Analyte
PE_74dfc686b20e794d29d3,TP,2015,MT,0.525,1,ML,0.3299461254098115,full_record_deterministic_prediction,one median measured concentration per PhysicalEventID x Analyte
PE_9f67556e2848ccb24a85,TP,2015,MT,0.378,1,ML,0.3122101871891869,full_record_deterministic_prediction,one median measured concentration per PhysicalEventID x Analyte
PE_a98d09332522adfe618b,TP,2015,MT,0.212,1,ML,0.2859056421593525,full_record_deterministic_prediction,one median measured concentration per PhysicalEventID x Analyte
PE_bd8c84ec329021438849,TP,2015,MT,0.536,1,ML,0.4016708289723197,full_record_deterministic_prediction,one median measured concentration per PhysicalEventID x Analyte
PE_bf6fc540566653c363a5,TP,2015,MT,0.705,1,ML,0.3791115472084011,full_record_deterministic_prediction,one median measured concentration per PhysicalEventID x Analyte
PE_f28eca55841e3590b19f,TP,2015,MT,0.29,1,ML,0.3831627583779972,full_record_deterministic_prediction,one median measured concentration per PhysicalEventID x Analyte
PE_fc35961bbf4775b1838e,TP,2015,MT,0.194,1,ML,0.2814502998073943,full_record_deterministic_prediction,one median measured concentration per PhysicalEventID x Analyte
PE_27068e46a99396e37068,TP,2015,ST,0.231,1,ML,0.2933336661506854,full_record_deterministic_prediction,one median measured concentration per PhysicalEventID x Analyte
PE_2bc636c51bdfedd7a673,TP,2015,ST,0.191,1,ML,0.197414546668901,full_record_deterministic_prediction,one median measured concentration per PhysicalEventID x Analyte
PE_61cbb9676a953528de2c,TP,2015,ST,0.422,1,ML,0.2683127111814326,full_record_deterministic_prediction,one median measured concentration per PhysicalEventID x Analyte
PE_64548a06be4bb873cda0,TP,2015,ST,0.201,1,ML,0.2196785277944807,full_record_deterministic_prediction,one median measured concentration per PhysicalEventID x Analyte
PE_72bbe667892a258fbed0,TP,2015,ST,0.27,1,ML,0.319058370476727,full_record_deterministic_prediction,one median measured concentration per PhysicalEventID x Analyte
PE_8b715eebc00f1d87b8e3,TP,2015,ST,0.0,1,ML,0.2628787004100464,full_record_deterministic_prediction,one median measured concentration per PhysicalEventID x Analyte
PE_982e6a4e7c9174d09a3c,TP,2015,ST,0.278,1,ML,0.3497373973120964,full_record_deterministic_prediction,one median measured concentration per PhysicalEventID x Analyte
PE_ab750944465b3b03a5ec,TP,2015,ST,0.226,1,ML,0.2309159232523688,full_record_deterministic_prediction,one median measured concentration per PhysicalEventID x Analyte
PE_c173a335fbc6a1794117,TP,2015,ST,0.232,1,ML,0.3504833602378495,full_record_deterministic_prediction,one median measured concentration per PhysicalEventID x Analyte
PE_e9d0921860cc7c87fefe,TP,2015,ST,0.248,1,ML,0.212266715948057,full_record_deterministic_prediction,one median measured concentration per PhysicalEventID x Analyte
PE_ef16b92ac44718ed6fbe,TP,2015,ST,0.224,1,ML,0.2256362508545081,full_record_deterministic_prediction,one median measured concentration per PhysicalEventID x Analyte
PE_f98814c17b9da4b10046,TP,2015,ST,0.11,1,ML,0.2509195484156868,full_record_deterministic_prediction,one median measured concentration per PhysicalEventID x Analyte
PE_571c968894d925b12ac7,TP,2016,CT,0.047999999999999994,2,ML,0.1530786999927366,full_record_deterministic_prediction,one median measured concentration per PhysicalEventID x Analyte
PE_796a63125680b03b1a47,TP,2016,CT,0.018000000000000002,2,ML,0.0937019638283805,full_record_deterministic_prediction,one median measured concentration per PhysicalEventID x Analyte
PE_962807ecf486db3c765b,TP,2016,CT,0.002,2,ML,0.024326540957122,full_record_deterministic_prediction,one median measured concentration per PhysicalEventID x Analyte
PE_cf4508303fbec7c40fe5,TP,2016,CT,0.005,2,ML,0.1033251007617298,full_record_deterministic_prediction,one median measured concentration per PhysicalEventID x Analyte
PE_06726b0bbd436c0f2638,TP,2016,MT,0.012,2,ML,0.0689059020565867,full_record_deterministic_prediction,one median measured concentration per PhysicalEventID x Analyte
PE_1d9fa89274a5507fb9c3,TP,2016,MT,0.008,2,ML,0.0474557993854586,full_record_deterministic_prediction,one median measured concentration per PhysicalEventID x Analyte
PE_2836684cbc95d298d128,TP,2016,MT,0.1905,2,ML,0.0803673130010275,full_record_deterministic_prediction,one median measured concentration per PhysicalEventID x Analyte
PE_e91aef82d1d0158c64de,TP,2016,MT,0.0085,2,ML,0.0122804471875166,full_record_deterministic_prediction,one median measured concentration per PhysicalEventID x Analyte
PE_245bc6dafec7fe277df3,TP,2016,ST,0.014,2,ML,0.004967450916221,full_record_deterministic_prediction,one median measured concentration per PhysicalEventID x Analyte
PE_518a902e850a37a6e1f7,TP,2016,ST,0.008,2,ML,0.0634758578714959,full_record_deterministic_prediction,one median measured concentration per PhysicalEventID x Analyte
PE_7b17489d08fa900cd025,TP,2016,ST,0.028499999999999998,2,ML,0.0057605943763355,full_record_deterministic_prediction,one median measured concentration per PhysicalEventID x Analyte
PE_ed07163240c41f058ff7,TP,2016,ST,0.005,2,ML,0.0599245630665812,full_record_deterministic_prediction,one median measured concentration per PhysicalEventID x Analyte
PE_0db94b33091790ae448c,TP,2017,CT,0.2,3,ML,0.1939896103136487,full_record_deterministic_prediction,one median measured concentration per PhysicalEventID x Analyte
PE_1286406ef8d51ffa7b89,TP,2017,CT,0.0,1,ML,0.4017104572848385,full_record_deterministic_prediction,one median measured concentration per PhysicalEventID x Analyte
PE_20fd7645e8886a1975a0,TP,2017,CT,0.52,1,ML,0.4367993003681283,full_record_deterministic_prediction,one median measured concentration per PhysicalEventID x Analyte
PE_31bb29072ce592a58136,TP,2017,CT,0.345,2,ML,0.586506598735872,full_record_deterministic_prediction,one median measured concentration per PhysicalEventID x Analyte
PE_4a45291481f1020c04f7,TP,2017,CT,0.185,2,ML,0.2771121940020403,full_record_deterministic_prediction,one median measured concentration per PhysicalEventID x Analyte
PE_a249f721c9cded6ed477,TP,2017,CT,0.31,3,ML,0.3446354410020024,full_record_deterministic_prediction,one median measured concentration per PhysicalEventID x Analyte
PE_a86f0dd73b63a18791b9,TP,2017,CT,0.21,3,ML,0.2579536460183281,full_record_deterministic_prediction,one median measured concentration per PhysicalEventID x Analyte
PE_c0e9a65e116d987d3dfe,TP,2017,CT,0.22499999999999998,2,ML,0.2699365647255642,full_record_deterministic_prediction,one median measured concentration per PhysicalEventID x Analyte
PE_c67a9e43f22b05bb8d70,TP,2017,CT,0.355,2,ML,0.3736413059355545,full_record_deterministic_prediction,one median measured concentration per PhysicalEventID x Analyte
PE_c6a22d9daf9658c76f8d,TP,2017,CT,0.22,2,ML,0.2978793098693953,full_record_deterministic_prediction,one median measured concentration per PhysicalEventID x Analyte
PE_c7e10f3a52f813c6a07a,TP,2017,CT,0.20500000000000002,2,ML,0.2126385857739544,full_record_deterministic_prediction,one median measured concentration per PhysicalEventID x Analyte
PE_f0acae9004db30c9f89b,TP,2017,CT,0.37,1,ML,0.418730795104647,full_record_deterministic_prediction,one median measured concentration per PhysicalEventID x Analyte
PE_01ef9362ba3276afc3a9,TP,2017,MT,0.21000000000000002,2,ML,0.2372725144260729,full_record_deterministic_prediction,one median measured concentration per PhysicalEventID x Analyte
PE_0d069e1b4f6cd76df6ac,TP,2017,MT,0.13,1,ML,0.3082075883305968,full_record_deterministic_prediction,one median measured concentration per PhysicalEventID x Analyte
PE_283a79a4d7e1d99ea45c,TP,2017,MT,0.14,1,ML,0.2442516095197451,full_record_deterministic_prediction,one median measured concentration per PhysicalEventID x Analyte
PE_3712d644db8e7505fd90,TP,2017,MT,0.14500000000000002,2,ML,0.1694639912095003,full_record_deterministic_prediction,one median measured concentration per PhysicalEventID x Analyte
PE_44c3319c1ae4491d3b22,TP,2017,MT,0.094,1,ML,0.238620668028466,full_record_deterministic_prediction,one median measured concentration per PhysicalEventID x Analyte
PE_5f5cdcb0357234b8314a,TP,2017,MT,0.45,2,ML,0.1883832586121911,full_record_deterministic_prediction,one median measured concentration per PhysicalEventID x Analyte
PE_72973ed7fd2fafa39b49,TP,2017,MT,0.13,1,ML,0.2475983517972386,full_record_deterministic_prediction,one median measured concentration per PhysicalEventID x Analyte
PE_7563047765a1e3f047e6,TP,2017,MT,0.52,2,ML,0.487726428297718,full_record_deterministic_prediction,one median measured concentration per PhysicalEventID x Analyte
PE_ae6e7b1bd3de16ea6d0f,TP,2017,MT,0.25,1,ML,0.2469722664652683,full_record_deterministic_prediction,one median measured concentration per PhysicalEventID x Analyte
PE_c9e73ef1dabab1e96c37,TP,2017,MT,0.125,2,ML,0.3997761839175723,full_record_deterministic_prediction,one median measured concentration per PhysicalEventID x Analyte
PE_df9fe3439780c58ef619,TP,2017,MT,0.16999999999999998,2,ML,0.1992141027859069,full_record_deterministic_prediction,one median measured concentration per PhysicalEventID x Analyte
PE_fa68bde0c7a186695c73,TP,2017,MT,0.25,1,ML,0.3705519422942668,full_record_deterministic_prediction,one median measured concentration per PhysicalEventID x Analyte
PE_20cdd4f089d2cb0bb73d,TP,2017,ST,0.22999999999999998,2,ML,0.1226231062452654,full_record_deterministic_prediction,one median measured concentration per PhysicalEventID x Analyte
PE_4998c6ec98ba5c91a95d,TP,2017,ST,0.2,3,ML,0.1116745326793317,full_record_deterministic_prediction,one median measured concentration per PhysicalEventID x Analyte
PE_4d317db65fbb1df71b52,TP,2017,ST,0.12,3,ML,0.0864530633072391,full_record_deterministic_prediction,one median measured concentration per PhysicalEventID x Analyte
PE_531c541dd4a3fff82f15,TP,2017,ST,0.24,1,ML,0.1858035409039627,full_record_deterministic_prediction,one median measured concentration per PhysicalEventID x Analyte
PE_568f0b5ec6deda07b9f9,TP,2017,ST,0.14,1,ML,0.388739155419461,full_record_deterministic_prediction,one median measured concentration per PhysicalEventID x Analyte
PE_6ca81f85570cae0e0d9c,TP,2017,ST,0.185,2,ML,0.3098375598374985,full_record_deterministic_prediction,one median measured concentration per PhysicalEventID x Analyte
PE_8b4c5aba46522be8a6ae,TP,2017,ST,0.12,1,ML,0.1742365142139181,full_record_deterministic_prediction,one median measured concentration per PhysicalEventID x Analyte
PE_9be29822841d41a56b41,TP,2017,ST,0.14,2,ML,0.1113985029107288,full_record_deterministic_prediction,one median measured concentration per PhysicalEventID x Analyte
PE_dd2eb9cbf33aadc76796,TP,2017,ST,0.1145,2,ML,0.0836731039774812,full_record_deterministic_prediction,one median measured concentration per PhysicalEventID x Analyte
PE_e8e143ce24098f6b3f6d,TP,2017,ST,0.13,3,ML,0.1934914552491719,full_record_deterministic_prediction,one median measured concentration per PhysicalEventID x Analyte
PE_fae3faa31fd03c716eb2,TP,2017,ST,0.12,2,ML,0.1331925925415348,full_record_deterministic_prediction,one median measured concentration per PhysicalEventID x Analyte
PE_166bc984fea383507df7,TP,2020,CT,0.28500000000000003,2,ML,0.2118581345909674,full_record_deterministic_prediction,one median measured concentration per PhysicalEventID x Analyte
PE_568a40e75356dbe2944f,TP,2020,CT,0.20500000000000002,2,ML,0.2447090690686381,full_record_deterministic_prediction,one median measured concentration per PhysicalEventID x Analyte
PE_5cea09f5406d83c18d64,TP,2020,CT,0.38,1,ML,0.3284632042780231,full_record_deterministic_prediction,one median measured concentration per PhysicalEventID x Analyte
PE_5fe6f2ac660a17d837bd,TP,2020,CT,0.25,1,ML,0.3698894697988169,full_record_deterministic_prediction,one median measured concentration per PhysicalEventID x Analyte
PE_81e03fd81db11fe99704,TP,2020,CT,0.315,2,ML,0.3100074228916837,full_record_deterministic_prediction,one median measured concentration per PhysicalEventID x Analyte
PE_956f49ab7f5a452d4e47,TP,2020,CT,0.325,2,ML,0.3561575024284122,full_record_deterministic_prediction,one median measured concentration per PhysicalEventID x Analyte
PE_a2e77087ab55e269e32c,TP,2020,CT,0.35,1,ML,0.5008164513559026,full_record_deterministic_prediction,one median measured concentration per PhysicalEventID x Analyte
PE_d03c293a07504dee9823,TP,2020,CT,0.21000000000000002,2,ML,0.2506290626162465,full_record_deterministic_prediction,one median measured concentration per PhysicalEventID x Analyte
PE_f112cb116ff39b0745d1,TP,2020,CT,0.41,1,ML,0.2994804341637909,full_record_deterministic_prediction,one median measured concentration per PhysicalEventID x Analyte
PE_1c61ae236bb189923470,TP,2020,MT,0.0675,2,ML,0.1294369462886633,full_record_deterministic_prediction,one median measured concentration per PhysicalEventID x Analyte
PE_3f0bbb475c6994c60cf6,TP,2020,MT,0.29,1,ML,0.2249811275465608,full_record_deterministic_prediction,one median measured concentration per PhysicalEventID x Analyte
PE_48332f955c6c36e57528,TP,2020,MT,0.185,2,ML,0.1817030406041628,full_record_deterministic_prediction,one median measured concentration per PhysicalEventID x Analyte
PE_61b68e752c1619aa8c43,TP,2020,MT,0.32,1,ML,0.3155132978077852,full_record_deterministic_prediction,one median measured concentration per PhysicalEventID x Analyte
PE_8ed15b2f1e5372b81dc7,TP,2020,MT,0.37,1,ML,0.2061662539314852,full_record_deterministic_prediction,one median measured concentration per PhysicalEventID x Analyte
PE_a32b9b1cc443544ce423,TP,2020,MT,0.15,2,ML,0.1629717555998999,full_record_deterministic_prediction,one median measured concentration per PhysicalEventID x Analyte
PE_addb6558497635dd3d9a,TP,2020,MT,0.275,2,ML,0.2008187469902751,full_record_deterministic_prediction,one median measured concentration per PhysicalEventID x Analyte
PE_f20fe17d9d856cebbcf8,TP,2020,MT,0.215,2,ML,0.1803810817004974,full_record_deterministic_prediction,one median measured concentration per PhysicalEventID x Analyte
PE_f8ef94027a8e2bfa6b9c,TP,2020,MT,0.36,1,ML,0.373880866535184,full_record_deterministic_prediction,one median measured concentration per PhysicalEventID x Analyte
PE_0b902961f965469f339e,TP,2020,ST,0.0255,2,ML,0.0427750434943306,full_record_deterministic_prediction,one median measured concentration per PhysicalEventID x Analyte
PE_3f6400cdcf4fab1e9fc1,TP,2020,ST,0.44,1,ML,0.4145532980656638,full_record_deterministic_prediction,one median measured concentration per PhysicalEventID x Analyte
PE_46cc9f71204f4afd638d,TP,2020,ST,0.31,1,ML,0.3211520088118942,full_record_deterministic_prediction,one median measured concentration per PhysicalEventID x Analyte
PE_49fb6cd53fdd5e458f64,TP,2020,ST,0.11,2,ML,0.1078303431721149,full_record_deterministic_prediction,one median measured concentration per PhysicalEventID x Analyte
PE_5ff3d0ad9d787e19a7ca,TP,2020,ST,0.325,2,ML,0.2271226587148647,full_record_deterministic_prediction,one median measured concentration per PhysicalEventID x Analyte
PE_875be1f39b86704274b0,TP,2020,ST,0.15,1,ML,0.227879947270998,full_record_deterministic_prediction,one median measured concentration per PhysicalEventID x Analyte
PE_e92a1d87a3645647bd4e,TP,2020,ST,0.10500000000000001,2,ML,0.1436566120292464,full_record_deterministic_prediction,one median measured concentration per PhysicalEventID x Analyte
PE_ee23dd5347fd2acef254,TP,2020,ST,0.35,1,ML,0.1999383799501167,full_record_deterministic_prediction,one median measured concentration per PhysicalEventID x Analyte
PE_fc822425df54345742cb,TP,2020,ST,0.14500000000000002,2,ML,0.1430194971668926,full_record_deterministic_prediction,one median measured concentration per PhysicalEventID x Analyte
PE_051cd85fc942217be314,TP,2021,CT,0.24,2,ML,0.2467065375781983,full_record_deterministic_prediction,one median measured concentration per PhysicalEventID x Analyte
PE_0ac2121b8fe18c0053e2,TP,2021,CT,0.29,3,ML,0.3326281902488396,full_record_deterministic_prediction,one median measured concentration per PhysicalEventID x Analyte
PE_21dfe39111b133765d37,TP,2021,CT,0.27,2,ML,0.3631363696794252,full_record_deterministic_prediction,one median measured concentration per PhysicalEventID x Analyte
PE_21eb97240c4e244d59c9,TP,2021,CT,0.21500000000000002,2,ML,0.4762817256439332,full_record_deterministic_prediction,one median measured concentration per PhysicalEventID x Analyte
PE_2e40b6e91cc7d5ecd6c3,TP,2021,CT,0.37,2,ML,0.3615399204675754,full_record_deterministic_prediction,one median measured concentration per PhysicalEventID x Analyte
PE_33074ef569f8079ca2c5,TP,2021,CT,3.1500000000000004,2,ML,2.3567874437728227,full_record_deterministic_prediction,one median measured concentration per PhysicalEventID x Analyte
PE_3e80216d31c31cb94be7,TP,2021,CT,0.29,4,ML,0.2289417956327742,full_record_deterministic_prediction,one median measured concentration per PhysicalEventID x Analyte
PE_43f0020c0e87bb28cb4f,TP,2021,CT,2.1500000000000004,2,ML,1.3442449912804446,full_record_deterministic_prediction,one median measured concentration per PhysicalEventID x Analyte
PE_7bb31d342461203b532f,TP,2021,CT,0.225,4,ML,0.2940136438484453,full_record_deterministic_prediction,one median measured concentration per PhysicalEventID x Analyte
PE_a1506e8e5a02282cf157,TP,2021,CT,0.44,2,ML,0.4861593427590552,full_record_deterministic_prediction,one median measured concentration per PhysicalEventID x Analyte
PE_a9b65e771f7f28532999,TP,2021,CT,0.21000000000000002,4,ML,0.261147063758293,full_record_deterministic_prediction,one median measured concentration per PhysicalEventID x Analyte
PE_e9ed7c0da6f350ec0ebd,TP,2021,CT,0.1295,2,ML,0.3921717504742511,full_record_deterministic_prediction,one median measured concentration per PhysicalEventID x Analyte
PE_10a82e2f3d5ad96163d0,TP,2021,MT,0.27,2,ML,0.2835191563047983,full_record_deterministic_prediction,one median measured concentration per PhysicalEventID x Analyte
PE_29232e3b1d0dd0846861,TP,2021,MT,0.22000000000000003,4,ML,0.2162302776176131,full_record_deterministic_prediction,one median measured concentration per PhysicalEventID x Analyte
PE_3b0275b6f31aa3c48b11,TP,2021,MT,0.315,2,ML,0.2783435939918812,full_record_deterministic_prediction,one median measured concentration per PhysicalEventID x Analyte
PE_51b615c0027e4e29028e,TP,2021,MT,4.2,2,ML,0.6737041183414456,full_record_deterministic_prediction,one median measured concentration per PhysicalEventID x Analyte
PE_55b3839d44d67304ba2d,TP,2021,MT,2.2,2,ML,1.1119212858636829,full_record_deterministic_prediction,one median measured concentration per PhysicalEventID x Analyte
PE_936c12cc5ae17810e93e,TP,2021,MT,0.20500000000000002,2,ML,0.3515592355681379,full_record_deterministic_prediction,one median measured concentration per PhysicalEventID x Analyte
PE_97c5dc883be532c37d60,TP,2021,MT,0.16999999999999998,2,ML,0.1818690459073019,full_record_deterministic_prediction,one median measured concentration per PhysicalEventID x Analyte
PE_c7ea31b20b60ad1966be,TP,2021,MT,0.16499999999999998,2,ML,0.3642483937838653,full_record_deterministic_prediction,one median measured concentration per PhysicalEventID x Analyte
PE_e31452c7a0ebfbfaf3f2,TP,2021,MT,0.185,4,ML,0.2217141012446893,full_record_deterministic_prediction,one median measured concentration per PhysicalEventID x Analyte
PE_ebd22f3a15b20eea0e80,TP,2021,MT,0.12,4,ML,0.1182712814121206,full_record_deterministic_prediction,one median measured concentration per PhysicalEventID x Analyte
PE_f0e98ee733e1acf48f4e,TP,2021,MT,0.25,3,ML,0.2417516532967884,full_record_deterministic_prediction,one median measured concentration per PhysicalEventID x Analyte
PE_f544dd1f1224ddc9abde,TP,2021,MT,2.7,1,ML,0.8429959468916374,full_record_deterministic_prediction,one median measured concentration per PhysicalEventID x Analyte
PE_16ac905814be2f1ac791,TP,2021,ST,0.095,2,ML,0.145998610747034,full_record_deterministic_prediction,one median measured concentration per PhysicalEventID x Analyte
PE_1a4143d14585d70064a4,TP,2021,ST,0.25,2,ML,0.3518721768406638,full_record_deterministic_prediction,one median measured concentration per PhysicalEventID x Analyte
PE_3d9e743a00f5613f6722,TP,2021,ST,1.75,2,ML,1.1345927805711893,full_record_deterministic_prediction,one median measured concentration per PhysicalEventID x Analyte
PE_47319afabf95ce33e7fd,TP,2021,ST,0.35,2,ML,0.3341238315235609,full_record_deterministic_prediction,one median measured concentration per PhysicalEventID x Analyte
PE_6af7db12fea1a0f5f5e0,TP,2021,ST,0.19,2,ML,0.2115040945448643,full_record_deterministic_prediction,one median measured concentration per PhysicalEventID x Analyte
PE_6ee044c77bdf30366b5d,TP,2021,ST,2.1500000000000004,2,ML,0.8031330734735012,full_record_deterministic_prediction,one median measured concentration per PhysicalEventID x Analyte
PE_78a548d4e3eef2a21ea3,TP,2021,ST,0.11,4,ML,0.113709553314759,full_record_deterministic_prediction,one median measured concentration per PhysicalEventID x Analyte
PE_835c9b48606f6cdfa777,TP,2021,ST,0.38,2,ML,0.3180367618212483,full_record_deterministic_prediction,one median measured concentration per PhysicalEventID x Analyte
PE_af610e0f46836e0b77e1,TP,2021,ST,0.245,2,ML,0.2777690344721114,full_record_deterministic_prediction,one median measured concentration per PhysicalEventID x Analyte
PE_b08201b583b69f927729,TP,2021,ST,0.175,2,ML,0.210186823399992,full_record_deterministic_prediction,one median measured concentration per PhysicalEventID x Analyte
PE_c917d3aa7638a95ddccd,TP,2021,ST,0.113,4,ML,0.1379296619777414,full_record_deterministic_prediction,one median measured concentration per PhysicalEventID x Analyte
PE_e416400520de7f5adc17,TP,2021,ST,0.19,3,ML,0.2433994211593299,full_record_deterministic_prediction,one median measured concentration per PhysicalEventID x Analyte
PE_074f45d65401c8fdb3f5,TP,2022,CT,0.12,3,ML,0.1509028338271609,full_record_deterministic_prediction,one median measured concentration per PhysicalEventID x Analyte
PE_26a08057b7264787ef06,TP,2022,CT,0.0,1,ML,0.1164453425393933,full_record_deterministic_prediction,one median measured concentration per PhysicalEventID x Analyte
PE_32d4186ac5b7c925427a,TP,2022,CT,0.0,2,ML,0.0867950055604432,full_record_deterministic_prediction,one median measured concentration per PhysicalEventID x Analyte
PE_3433a0bfc8c7216f3995,TP,2022,CT,0.11,1,ML,0.2410091929346808,full_record_deterministic_prediction,one median measured concentration per PhysicalEventID x Analyte
PE_3f1a3adf6196ed54473e,TP,2022,CT,0.24,1,ML,0.349518251894399,full_record_deterministic_prediction,one median measured concentration per PhysicalEventID x Analyte
PE_438127a754ce2a504c09,TP,2022,CT,0.24,2,ML,0.3363100611791357,full_record_deterministic_prediction,one median measured concentration per PhysicalEventID x Analyte
PE_5ae2ded12c8023b32c0a,TP,2022,CT,0.24,3,ML,0.3381169173495904,full_record_deterministic_prediction,one median measured concentration per PhysicalEventID x Analyte
PE_b8cc705881475991ea0f,TP,2022,CT,0.11499999999999999,2,ML,0.2224144832843855,full_record_deterministic_prediction,one median measured concentration per PhysicalEventID x Analyte
PE_c409fdcd758dbf3b86bb,TP,2022,CT,0.4,1,ML,0.2722166783576116,full_record_deterministic_prediction,one median measured concentration per PhysicalEventID x Analyte
PE_db44df4caa1727e348be,TP,2022,CT,0.11,3,ML,0.1952089866756097,full_record_deterministic_prediction,one median measured concentration per PhysicalEventID x Analyte
PE_df160c088a0a2ccf4d3e,TP,2022,CT,0.16,1,ML,0.1743607421236753,full_record_deterministic_prediction,one median measured concentration per PhysicalEventID x Analyte
PE_eb7e4b7d6a65d5aa6a4b,TP,2022,CT,0.21,3,ML,0.2414606149096261,full_record_deterministic_prediction,one median measured concentration per PhysicalEventID x Analyte
PE_14298b67e71efd6380df,TP,2022,MT,0.28,3,ML,0.4779511360733556,full_record_deterministic_prediction,one median measured concentration per PhysicalEventID x Analyte
PE_260d9de653b38957c0fe,TP,2022,MT,0.12,2,ML,0.1700549346645253,full_record_deterministic_prediction,one median measured concentration per PhysicalEventID x Analyte
PE_344e7a9bb935a4829210,TP,2022,MT,0.19,2,ML,0.3350752251742741,full_record_deterministic_prediction,one median measured concentration per PhysicalEventID x Analyte
PE_3fc5dfce0fb4c6220e16,TP,2022,MT,0.15,3,ML,0.1711792743012062,full_record_deterministic_prediction,one median measured concentration per PhysicalEventID x Analyte
PE_5556897f607258fe9362,TP,2022,MT,0.15,3,ML,0.2000690020979321,full_record_deterministic_prediction,one median measured concentration per PhysicalEventID x Analyte
PE_7b7021667404f4bf5ffe,TP,2022,MT,0.3,3,ML,0.3314733244837469,full_record_deterministic_prediction,one median measured concentration per PhysicalEventID x Analyte
PE_7f40423a8c9c7387079e,TP,2022,MT,0.35,2,ML,0.3747992846233122,full_record_deterministic_prediction,one median measured concentration per PhysicalEventID x Analyte
PE_912d046edf542edb9c36,TP,2022,MT,0.265,2,ML,0.1582003880389985,full_record_deterministic_prediction,one median measured concentration per PhysicalEventID x Analyte
PE_a5a3e7d8a5e84189d18a,TP,2022,MT,0.24,3,ML,0.3258258550049902,full_record_deterministic_prediction,one median measured concentration per PhysicalEventID x Analyte
PE_aa383c8c9a57591dc206,TP,2022,MT,0.0,2,ML,0.0770279087699004,full_record_deterministic_prediction,one median measured concentration per PhysicalEventID x Analyte
PE_afa287a09ff3e5bab631,TP,2022,MT,0.38,3,ML,0.3442192240360338,full_record_deterministic_prediction,one median measured concentration per PhysicalEventID x Analyte
PE_d41d88e8b515629ab69d,TP,2022,MT,0.138,1,ML,0.061014210274292,full_record_deterministic_prediction,one median measured concentration per PhysicalEventID x Analyte
PE_f0406a7690a0e8ef2920,TP,2022,MT,0.125,2,ML,0.1420433789579969,full_record_deterministic_prediction,one median measured concentration per PhysicalEventID x Analyte
PE_0656666c2b33c1a71dfc,TP,2022,ST,0.16,3,ML,0.2657582321346758,full_record_deterministic_prediction,one median measured concentration per PhysicalEventID x Analyte
PE_230aa97120550e292bc7,TP,2022,ST,0.165,2,ML,0.2585340715358475,full_record_deterministic_prediction,one median measured concentration per PhysicalEventID x Analyte
PE_3eefa2d11be77738359b,TP,2022,ST,0.074,3,ML,0.1515366990954617,full_record_deterministic_prediction,one median measured concentration per PhysicalEventID x Analyte
PE_425f14902ee81a16cfeb,TP,2022,ST,0.0,1,ML,0.0473269927114359,full_record_deterministic_prediction,one median measured concentration per PhysicalEventID x Analyte
PE_510406c16da87dd620cb,TP,2022,ST,0.845,2,ML,0.3760401553452829,full_record_deterministic_prediction,one median measured concentration per PhysicalEventID x Analyte
PE_70d3cc17c47edebe68ad,TP,2022,ST,0.11,2,ML,0.1251808024785038,full_record_deterministic_prediction,one median measured concentration per PhysicalEventID x Analyte
PE_7cf61966fec7c7b6adc5,TP,2022,ST,0.10500000000000001,2,ML,0.1365769636760694,full_record_deterministic_prediction,one median measured concentration per PhysicalEventID x Analyte
PE_901ccaf6a3ac1105504f,TP,2022,ST,0.0875,2,ML,0.1458923924319323,full_record_deterministic_prediction,one median measured concentration per PhysicalEventID x Analyte
PE_99ec6d6affe898b0e8d2,TP,2022,ST,0.134,1,ML,0.0673804325291936,full_record_deterministic_prediction,one median measured concentration per PhysicalEventID x Analyte
PE_a8630556d08f6cec7f6a,TP,2022,ST,0.15,3,ML,0.2445543165445266,full_record_deterministic_prediction,one median measured concentration per PhysicalEventID x Analyte
PE_ceb9c23bc0db5be24388,TP,2022,ST,0.092,3,ML,0.1287065562068732,full_record_deterministic_prediction,one median measured concentration per PhysicalEventID x Analyte
PE_d47080104483a2906848,TP,2022,ST,0.29,3,ML,0.2978553010275882,full_record_deterministic_prediction,one median measured concentration per PhysicalEventID x Analyte
PE_dc25029fed7bf1b276c5,TP,2022,ST,0.23,3,ML,0.2976068877327439,full_record_deterministic_prediction,one median measured concentration per PhysicalEventID x Analyte
PE_1607bd85c5b858754283,TP,2023,CT,0.9385,4,ML,0.8655304810337162,full_record_deterministic_prediction,one median measured concentration per PhysicalEventID x Analyte
PE_17f8630aaa6312f3912a,TP,2023,CT,1.1099999999999999,4,ML,0.8648312301309946,full_record_deterministic_prediction,one median measured concentration per PhysicalEventID x Analyte
PE_21ef5b6342274d9e3203,TP,2023,CT,0.962,4,ML,0.6435638710825823,full_record_deterministic_prediction,one median measured concentration per PhysicalEventID x Analyte
PE_222b0b4beba254c530d7,TP,2023,CT,1.14,3,ML,1.149259247544241,full_record_deterministic_prediction,one median measured concentration per PhysicalEventID x Analyte
PE_577d295e76e129c37688,TP,2023,CT,1.18,4,ML,0.9720077976045732,full_record_deterministic_prediction,one median measured concentration per PhysicalEventID x Analyte
PE_5bf168b414e63b4f63f3,TP,2023,CT,1.13,5,ML,0.9636844504894486,full_record_deterministic_prediction,one median measured concentration per PhysicalEventID x Analyte
PE_7131d35e8cd02b882d26,TP,2023,CT,0.6105,4,ML,1.0586496684125035,full_record_deterministic_prediction,one median measured concentration per PhysicalEventID x Analyte
PE_8474551aa700ba7170c1,TP,2023,CT,1.88,1,ML,1.3058203495878034,full_record_deterministic_prediction,one median measured concentration per PhysicalEventID x Analyte
PE_bf4d5c43e21a82c51f4f,TP,2023,CT,0.92,4,ML,0.8540970052556063,full_record_deterministic_prediction,one median measured concentration per PhysicalEventID x Analyte
PE_ee0d84028e7204c9f8b6,TP,2023,CT,0.8585,4,ML,0.714277299396814,full_record_deterministic_prediction,one median measured concentration per PhysicalEventID x Analyte
PE_f071df1dfa8de45515c1,TP,2023,CT,1.28,1,ML,1.3860592207474045,full_record_deterministic_prediction,one median measured concentration per PhysicalEventID x Analyte
PE_f7a5e5b2a4c1c3239774,TP,2023,CT,0.6930000000000001,4,ML,0.5819884998654445,full_record_deterministic_prediction,one median measured concentration per PhysicalEventID x Analyte
PE_199b5b7c1aaa1098c691,TP,2023,MT,1.25,1,ML,1.1068060077718425,full_record_deterministic_prediction,one median measured concentration per PhysicalEventID x Analyte
PE_23621b170748f0fc60c2,TP,2023,MT,0.8135,4,ML,0.9795941758264292,full_record_deterministic_prediction,one median measured concentration per PhysicalEventID x Analyte
PE_248493668060338e72e6,TP,2023,MT,0.612,5,ML,0.8918206275195645,full_record_deterministic_prediction,one median measured concentration per PhysicalEventID x Analyte
PE_3694e2f2ef6dd2e8480f,TP,2023,MT,0.0,1,ML,0.1571962951127812,full_record_deterministic_prediction,one median measured concentration per PhysicalEventID x Analyte
PE_7751232195de561530b0,TP,2023,MT,1.028,4,ML,0.9561613690147062,full_record_deterministic_prediction,one median measured concentration per PhysicalEventID x Analyte
PE_8d90127b55de039c6ab7,TP,2023,MT,1.32,5,ML,1.0468101542599737,full_record_deterministic_prediction,one median measured concentration per PhysicalEventID x Analyte
PE_9d88eac30a91208d302b,TP,2023,MT,0.599,4,ML,0.3956913915966394,full_record_deterministic_prediction,one median measured concentration per PhysicalEventID x Analyte
PE_a5dd6f772a1d2e7d821c,TP,2023,MT,0.386,6,ML,0.4532439417217663,full_record_deterministic_prediction,one median measured concentration per PhysicalEventID x Analyte
PE_acc7ee117e759ece44f9,TP,2023,MT,0.782,5,ML,0.3013478106815633,full_record_deterministic_prediction,one median measured concentration per PhysicalEventID x Analyte
PE_b6fd60d10e559978199b,TP,2023,MT,0.229,5,ML,0.3091634363781774,full_record_deterministic_prediction,one median measured concentration per PhysicalEventID x Analyte
PE_bf74455b1a7c48461768,TP,2023,MT,0.888,3,ML,0.8126304379588277,full_record_deterministic_prediction,one median measured concentration per PhysicalEventID x Analyte
PE_c4acde3ff39ca34f7f1d,TP,2023,MT,1.1400000000000001,4,ML,0.879038792988597,full_record_deterministic_prediction,one median measured concentration per PhysicalEventID x Analyte
PE_68d44a8c5ee2992c2c36,TP,2023,ST,1.2149999999999999,4,ML,0.9000925916815474,full_record_deterministic_prediction,one median measured concentration per PhysicalEventID x Analyte
PE_6f90d69c4aa146a04e18,TP,2023,ST,0.474,1,ML,0.8746939755118108,full_record_deterministic_prediction,one median measured concentration per PhysicalEventID x Analyte
PE_78a0e5a12037218db30c,TP,2023,ST,0.359,5,ML,0.793630143891281,full_record_deterministic_prediction,one median measured concentration per PhysicalEventID x Analyte
PE_8a47f8b2785e361a0f5c,TP,2023,ST,0.532,4,ML,0.8420272521337095,full_record_deterministic_prediction,one median measured concentration per PhysicalEventID x Analyte
PE_8f51b688686d8bdc2f79,TP,2023,ST,1.405,4,ML,1.0005010031723065,full_record_deterministic_prediction,one median measured concentration per PhysicalEventID x Analyte
PE_ada3010827131318b4a5,TP,2023,ST,0.261,4,ML,0.3360665385802408,full_record_deterministic_prediction,one median measured concentration per PhysicalEventID x Analyte
PE_bca2b67b03840bac2206,TP,2023,ST,0.1315,4,ML,0.2363308238260288,full_record_deterministic_prediction,one median measured concentration per PhysicalEventID x Analyte
PE_c6f4076701513ce44077,TP,2023,ST,0.0,1,ML,0.8020627663145163,full_record_deterministic_prediction,one median measured concentration per PhysicalEventID x Analyte
PE_c9875bdbbfec951204a7,TP,2023,ST,1.072,4,ML,0.8096903419026323,full_record_deterministic_prediction,one median measured concentration per PhysicalEventID x Analyte
PE_d0ce0a7aa7e876660808,TP,2023,ST,0.366,4,ML,0.3771187462884363,full_record_deterministic_prediction,one median measured concentration per PhysicalEventID x Analyte
PE_dbd728d03c1d5af8f0ef,TP,2023,ST,0.0,1,ML,0.1544445112435307,full_record_deterministic_prediction,one median measured concentration per PhysicalEventID x Analyte
PE_e29fdc102c9f799e8e4f,TP,2023,ST,0.369,4,ML,0.440551733473065,full_record_deterministic_prediction,one median measured concentration per PhysicalEventID x Analyte
PE_fc1529c70189a30552dd,TP,2023,ST,1.28,4,ML,0.9278378026249172,full_record_deterministic_prediction,one median measured concentration per PhysicalEventID x Analyte
PE_3a4478840ec05680e176,TP,2024,CT,0.6645,4,ML,1.1160227752688154,full_record_deterministic_prediction,one median measured concentration per PhysicalEventID x Analyte
PE_828e337f2a8b9a9634d7,TP,2024,CT,0.21150000000000002,4,ML,0.4446139095518303,full_record_deterministic_prediction,one median measured concentration per PhysicalEventID x Analyte
PE_87d4115bb68391b10daf,TP,2024,CT,0.5045000000000001,4,ML,0.7523131032514234,full_record_deterministic_prediction,one median measured concentration per PhysicalEventID x Analyte
PE_a354768a3ad269a40a28,TP,2024,CT,0.5780000000000001,4,ML,0.9618728058006883,full_record_deterministic_prediction,one median measured concentration per PhysicalEventID x Analyte
PE_add35a9103c77e144288,TP,2024,CT,0.397,4,ML,0.5844818764001625,full_record_deterministic_prediction,one median measured concentration per PhysicalEventID x Analyte
PE_dd4d0ea35e35c329e9d8,TP,2024,CT,0.5115000000000001,4,ML,0.5958342444245834,full_record_deterministic_prediction,one median measured concentration per PhysicalEventID x Analyte
PE_e01f96101de9649fe0a8,TP,2024,CT,0.5315000000000001,2,ML,0.9508311720483684,full_record_deterministic_prediction,one median measured concentration per PhysicalEventID x Analyte
PE_f96a427e92fb0d6cf251,TP,2024,CT,1.534,4,ML,0.7738513776084468,full_record_deterministic_prediction,one median measured concentration per PhysicalEventID x Analyte
PE_02b42436b7981ca07571,TP,2024,MT,0.6705000000000001,4,ML,0.7368089766889528,full_record_deterministic_prediction,one median measured concentration per PhysicalEventID x Analyte
PE_7a793bda6ecab836d590,TP,2024,MT,0.551,3,ML,0.8265657601807258,full_record_deterministic_prediction,one median measured concentration per PhysicalEventID x Analyte
PE_ba059ebbc29b11d1a3be,TP,2024,MT,0.8185,4,ML,0.9172634964425128,full_record_deterministic_prediction,one median measured concentration per PhysicalEventID x Analyte
PE_c488be01d5dbff565ef0,TP,2024,MT,0.782,4,ML,0.7783146104231122,full_record_deterministic_prediction,one median measured concentration per PhysicalEventID x Analyte
PE_c918bf0b868668efb5e3,TP,2024,MT,0.357,4,ML,0.5356211897280743,full_record_deterministic_prediction,one median measured concentration per PhysicalEventID x Analyte
PE_cc030c89ee5b8a7462b6,TP,2024,MT,0.38749999999999996,4,ML,0.500062252134866,full_record_deterministic_prediction,one median measured concentration per PhysicalEventID x Analyte
PE_d0a561512025e1d2770d,TP,2024,MT,0.377,4,ML,0.613475028640664,full_record_deterministic_prediction,one median measured concentration per PhysicalEventID x Analyte
PE_e582d3221277d02f35d9,TP,2024,MT,1.0125,4,ML,0.681947076196982,full_record_deterministic_prediction,one median measured concentration per PhysicalEventID x Analyte
PE_00b38906ec1907c7d0dc,TP,2024,ST,1.4725000000000001,4,ML,1.5575485091646182,full_record_deterministic_prediction,one median measured concentration per PhysicalEventID x Analyte
PE_30f71765b192fa672ac6,TP,2024,ST,0.767,4,ML,1.413095086183343,full_record_deterministic_prediction,one median measured concentration per PhysicalEventID x Analyte
PE_47021952abc7ade62c23,TP,2024,ST,0.9835,4,ML,0.8963948017566096,full_record_deterministic_prediction,one median measured concentration per PhysicalEventID x Analyte
PE_6dfbf6a0b565de5536dd,TP,2024,ST,0.71,4,ML,0.9002173048548896,full_record_deterministic_prediction,one median measured concentration per PhysicalEventID x Analyte
PE_d36d20c6bc7c067588be,TP,2024,ST,0.852,3,ML,1.4628818399261974,full_record_deterministic_prediction,one median measured concentration per PhysicalEventID x Analyte
PE_dd553617c7d118d29861,TP,2024,ST,0.716,4,ML,0.6215720267975375,full_record_deterministic_prediction,one median measured concentration per PhysicalEventID x Analyte
PE_f0055d0fbf3bb2c0c279,TP,2024,ST,0.474,4,ML,0.7638746670671508,full_record_deterministic_prediction,one median measured concentration per PhysicalEventID x Analyte
PE_f6579064c70952c33aa8,TP,2024,ST,0.893,4,ML,1.5240959061879615,full_record_deterministic_prediction,one median measured concentration per PhysicalEventID x Analyte
PE_01024210b88310ac1815,TP,2025,CT,0.402,4,ML,0.6860051394000978,full_record_deterministic_prediction,one median measured concentration per PhysicalEventID x Analyte
PE_30d8eee773ba85ed7ec9,TP,2025,CT,2.165,4,ML,2.487797469217556,full_record_deterministic_prediction,one median measured concentration per PhysicalEventID x Analyte
PE_41cebec90b66f3ef63c2,TP,2025,CT,2.14,3,ML,2.39720619750657,full_record_deterministic_prediction,one median measured concentration per PhysicalEventID x Analyte
PE_5c35b22fc4eba02df28c,TP,2025,CT,1.46,4,ML,1.5192906209377628,full_record_deterministic_prediction,one median measured concentration per PhysicalEventID x Analyte
PE_72b83136bc50254a55a6,TP,2025,CT,0.49,4,ML,1.0358735501387049,full_record_deterministic_prediction,one median measured concentration per PhysicalEventID x Analyte
PE_73a092189bd19f7de823,TP,2025,CT,1.42,4,ML,1.429050453726595,full_record_deterministic_prediction,one median measured concentration per PhysicalEventID x Analyte
PE_79ea2eb78bef48e2d163,TP,2025,CT,1.925,4,ML,2.1662111182380324,full_record_deterministic_prediction,one median measured concentration per PhysicalEventID x Analyte
PE_85771b5590cb80ee80b1,TP,2025,CT,2.9,4,ML,2.5384908787975378,full_record_deterministic_prediction,one median measured concentration per PhysicalEventID x Analyte
PE_92e7ac2243498d97f3e0,TP,2025,CT,1.3900000000000001,4,ML,1.692376155710977,full_record_deterministic_prediction,one median measured concentration per PhysicalEventID x Analyte
PE_961b16815e7ba5016bdb,TP,2025,CT,3.34,4,ML,3.635398517889589,full_record_deterministic_prediction,one median measured concentration per PhysicalEventID x Analyte
PE_bd4a80359ce1de5f5729,TP,2025,CT,1.5675,4,ML,1.3459430027019152,full_record_deterministic_prediction,one median measured concentration per PhysicalEventID x Analyte
PE_ef5b618a3b1b8ffbd8e4,TP,2025,CT,0.895,4,ML,0.7365802074232454,full_record_deterministic_prediction,one median measured concentration per PhysicalEventID x Analyte
PE_2314eec6a45e0be9e203,TP,2025,MT,0.3435,4,ML,0.793088022652194,full_record_deterministic_prediction,one median measured concentration per PhysicalEventID x Analyte
PE_39c8810e26ab4ca7933c,TP,2025,MT,7.08,4,ML,3.6112725039130407,full_record_deterministic_prediction,one median measured concentration per PhysicalEventID x Analyte
PE_676050582c291c72204b,TP,2025,MT,0.181,4,ML,0.3444411741491774,full_record_deterministic_prediction,one median measured concentration per PhysicalEventID x Analyte
PE_6c85627a623e6c9dfbb4,TP,2025,MT,12.200000000000001,4,ML,6.256404585798846,full_record_deterministic_prediction,one median measured concentration per PhysicalEventID x Analyte
PE_7d221972180d28e4f760,TP,2025,MT,0.5625,4,ML,1.161569764743195,full_record_deterministic_prediction,one median measured concentration per PhysicalEventID x Analyte
PE_a033c0958b5b88a75684,TP,2025,MT,0.9725,4,ML,2.133174015561562,full_record_deterministic_prediction,one median measured concentration per PhysicalEventID x Analyte
PE_a36448d6fe89c398bac0,TP,2025,MT,0.3065,4,ML,0.4955363537498809,full_record_deterministic_prediction,one median measured concentration per PhysicalEventID x Analyte
PE_c1edec673d6e55fe03b0,TP,2025,MT,0.44699999999999995,4,ML,0.8682641984485566,full_record_deterministic_prediction,one median measured concentration per PhysicalEventID x Analyte
PE_c63b91d3075e6834f32e,TP,2025,MT,9.084999999999999,4,ML,3.569683376409603,full_record_deterministic_prediction,one median measured concentration per PhysicalEventID x Analyte
PE_e6892c1c4df9f9956548,TP,2025,MT,3.1399999999999997,4,ML,3.5970491995690086,full_record_deterministic_prediction,one median measured concentration per PhysicalEventID x Analyte
PE_f2544036a8cdc2b562ca,TP,2025,MT,4.625,4,ML,5.158039025113814,full_record_deterministic_prediction,one median measured concentration per PhysicalEventID x Analyte
PE_ff8985d7bd1f94902d4e,TP,2025,MT,0.6975,4,ML,1.093481133276354,full_record_deterministic_prediction,one median measured concentration per PhysicalEventID x Analyte
PE_0373cedd6c6b07cdac38,TP,2025,ST,2.745,4,ML,2.4379076804588484,full_record_deterministic_prediction,one median measured concentration per PhysicalEventID x Analyte
PE_0c2d197a5610b0bbb10e,TP,2025,ST,0.71,4,ML,0.763730659274824,full_record_deterministic_prediction,one median measured concentration per PhysicalEventID x Analyte
PE_2000666922e9baf4491a,TP,2025,ST,2.16,4,ML,1.6351743510716452,full_record_deterministic_prediction,one median measured concentration per PhysicalEventID x Analyte
PE_326f1ee42ddcd2cd3c31,TP,2025,ST,4.145,4,ML,3.9473313421702754,full_record_deterministic_prediction,one median measured concentration per PhysicalEventID x Analyte
PE_33b48c45a8f1d7ee984a,TP,2025,ST,0.35250000000000004,4,ML,0.5290372426447222,full_record_deterministic_prediction,one median measured concentration per PhysicalEventID x Analyte
PE_44d1a7f433fe780ac78b,TP,2025,ST,4.45,4,ML,5.52483415056169,full_record_deterministic_prediction,one median measured concentration per PhysicalEventID x Analyte
PE_55ff1c1f21eee62bac5f,TP,2025,ST,3.8449999999999998,4,ML,4.264790923231165,full_record_deterministic_prediction,one median measured concentration per PhysicalEventID x Analyte
PE_69bf4666a40285ef26b8,TP,2025,ST,2.35,4,ML,2.8127934229739098,full_record_deterministic_prediction,one median measured concentration per PhysicalEventID x Analyte
PE_6db16cd7a8da79e5651d,TP,2025,ST,0.7124999999999999,4,ML,1.0928285815482364,full_record_deterministic_prediction,one median measured concentration per PhysicalEventID x Analyte
PE_744bc567dc348be5d05b,TP,2025,ST,1.32,4,ML,1.2633097584417683,full_record_deterministic_prediction,one median measured concentration per PhysicalEventID x Analyte
PE_76eec8ae39fe2d6f5031,TP,2025,ST,4.055,4,ML,2.518850179712756,full_record_deterministic_prediction,one median measured concentration per PhysicalEventID x Analyte
PE_a873c6f206750ebc6cd1,TP,2025,ST,0.6275,4,ML,1.155969969836598,full_record_deterministic_prediction,one median measured concentration per PhysicalEventID x Analyte
PE_2fff192166fb6a1b5884,TSS,2011,CT,997.38,1,Bayes,520.1895742237778,posterior_predictive_mean,one median measured concentration per PhysicalEventID x Analyte
PE_35e13c2714d6ea95f5d3,TSS,2011,CT,1115.4,1,Bayes,836.5233458750172,posterior_predictive_mean,one median measured concentration per PhysicalEventID x Analyte
PE_3da987b4bbd059aa3b87,TSS,2011,CT,1216.56,1,Bayes,752.2599292364222,posterior_predictive_mean,one median measured concentration per PhysicalEventID x Analyte
PE_478d3c0884b4f50a8523,TSS,2011,CT,1385.16,1,Bayes,803.763870808438,posterior_predictive_mean,one median measured concentration per PhysicalEventID x Analyte
PE_57effa7ea94a4868513b,TSS,2011,CT,1014.24,1,Bayes,667.0872456105544,posterior_predictive_mean,one median measured concentration per PhysicalEventID x Analyte
PE_7025ca38701f624e1713,TSS,2011,CT,1520.04,1,Bayes,637.8088046038248,posterior_predictive_mean,one median measured concentration per PhysicalEventID x Analyte
PE_7ab5d22c48132f848099,TSS,2011,CT,1149.12,1,Bayes,967.4650376201304,posterior_predictive_mean,one median measured concentration per PhysicalEventID x Analyte
PE_8372856d847ab29e3d55,TSS,2011,CT,1621.2,1,Bayes,597.637491951688,posterior_predictive_mean,one median measured concentration per PhysicalEventID x Analyte
PE_9b06b2640ba03d9fa7c4,TSS,2011,CT,1351.44,1,Bayes,680.3045055627643,posterior_predictive_mean,one median measured concentration per PhysicalEventID x Analyte
PE_9e155a06de6d2a36ed95,TSS,2011,CT,1486.32,1,Bayes,897.0224700198205,posterior_predictive_mean,one median measured concentration per PhysicalEventID x Analyte
PE_c33b54f99c0ede44173e,TSS,2011,CT,929.94,1,Bayes,548.7394148858397,posterior_predictive_mean,one median measured concentration per PhysicalEventID x Analyte
PE_d16ac2ea89bbe98196a0,TSS,2011,CT,1101.733,1,Bayes,819.711403868981,posterior_predictive_mean,one median measured concentration per PhysicalEventID x Analyte
PE_13b97df6b79444e8e9e5,TSS,2011,MT,744.48,1,Bayes,0.0,posterior_predictive_mean,one median measured concentration per PhysicalEventID x Analyte
PE_1959bad48333cbb7ac20,TSS,2011,MT,1182.84,1,Bayes,158.7150424901663,posterior_predictive_mean,one median measured concentration per PhysicalEventID x Analyte
PE_2aaba42888d07cb12d22,TSS,2011,MT,1688.64,1,Bayes,563.4744505101264,posterior_predictive_mean,one median measured concentration per PhysicalEventID x Analyte
PE_49484da33f0ea698b83b,TSS,2011,MT,946.8,1,Bayes,136.60885672198492,posterior_predictive_mean,one median measured concentration per PhysicalEventID x Analyte
PE_60f1a6212ff620019a30,TSS,2011,MT,583.04,1,Bayes,18.781782794532774,posterior_predictive_mean,one median measured concentration per PhysicalEventID x Analyte
PE_63934b6278a65a8216b9,TSS,2011,MT,666.953,1,Bayes,67.5028068763163,posterior_predictive_mean,one median measured concentration per PhysicalEventID x Analyte
PE_759e17ed54a412339741,TSS,2011,MT,946.8,1,Bayes,12.130577269355172,posterior_predictive_mean,one median measured concentration per PhysicalEventID x Analyte
PE_8822e7617a2395f5da78,TSS,2011,MT,1300.86,1,Bayes,330.16875336963017,posterior_predictive_mean,one median measured concentration per PhysicalEventID x Analyte
PE_883a7658077d89fcf49d,TSS,2011,MT,542.16,1,Bayes,125.7052810209036,posterior_predictive_mean,one median measured concentration per PhysicalEventID x Analyte
PE_90c1ad0a7f83e0b230a6,TSS,2011,MT,1772.94,1,Bayes,478.4101530623874,posterior_predictive_mean,one median measured concentration per PhysicalEventID x Analyte
PE_af262f79aa0ed033156d,TSS,2011,MT,1351.44,1,Bayes,360.54601170444096,posterior_predictive_mean,one median measured concentration per PhysicalEventID x Analyte
PE_bf4999981e8b30465343,TSS,2011,MT,1435.74,1,Bayes,478.6499306492135,posterior_predictive_mean,one median measured concentration per PhysicalEventID x Analyte
PE_23fdec9b5d2f5aa45a05,TSS,2011,ST,494.773,1,Bayes,0.0,posterior_predictive_mean,one median measured concentration per PhysicalEventID x Analyte
PE_32e6a0947406c0450241,TSS,2011,ST,363.86,1,Bayes,4.607010335961604,posterior_predictive_mean,one median measured concentration per PhysicalEventID x Analyte
PE_556f24afddcf35c92237,TSS,2011,ST,626.46,1,Bayes,0.0,posterior_predictive_mean,one median measured concentration per PhysicalEventID x Analyte
PE_74d2b6cff9d0f8aad3cb,TSS,2011,ST,331.3,1,Bayes,0.0,posterior_predictive_mean,one median measured concentration per PhysicalEventID x Analyte
PE_95d3b43c79b8bf669652,TSS,2011,ST,542.16,1,Bayes,0.0,posterior_predictive_mean,one median measured concentration per PhysicalEventID x Analyte
PE_b29e09cdb7f952a1cdb0,TSS,2011,ST,798.253,1,Bayes,0.0,posterior_predictive_mean,one median measured concentration per PhysicalEventID x Analyte
PE_bbf4e95c02e1591047b4,TSS,2011,ST,2464.2,1,Bayes,370.6929920901665,posterior_predictive_mean,one median measured concentration per PhysicalEventID x Analyte
PE_db00152d9902bdb511ab,TSS,2011,ST,1317.72,1,Bayes,48.0135639377761,posterior_predictive_mean,one median measured concentration per PhysicalEventID x Analyte
PE_dfd4f33e25a6c0f68606,TSS,2011,ST,549.32,1,Bayes,160.45836517169437,posterior_predictive_mean,one median measured concentration per PhysicalEventID x Analyte
PE_e7adc6803f9ae278362b,TSS,2011,ST,233.333,1,Bayes,0.0,posterior_predictive_mean,one median measured concentration per PhysicalEventID x Analyte
PE_f5556b234e32459fa7a2,TSS,2011,ST,415.6,1,Bayes,273.59703232381867,posterior_predictive_mean,one median measured concentration per PhysicalEventID x Analyte
PE_fcddf23162383dff810e,TSS,2011,ST,380.333,1,Bayes,0.0,posterior_predictive_mean,one median measured concentration per PhysicalEventID x Analyte
PE_0d403a1dbd25bf378957,TSS,2012,CT,963.66,1,Bayes,950.3270350065698,posterior_predictive_mean,one median measured concentration per PhysicalEventID x Analyte
PE_15c01ebd332fd5d41b39,TSS,2012,CT,811.92,1,Bayes,880.3757364837998,posterior_predictive_mean,one median measured concentration per PhysicalEventID x Analyte
PE_17730c5643d948b203ad,TSS,2012,CT,1992.12,1,Bayes,999.1092727948858,posterior_predictive_mean,one median measured concentration per PhysicalEventID x Analyte
PE_2efa629b1e4ba707bca1,TSS,2012,CT,609.6,1,Bayes,672.1344450628928,posterior_predictive_mean,one median measured concentration per PhysicalEventID x Analyte
PE_32cf57061f68ffb1c9cf,TSS,2012,CT,643.32,1,Bayes,840.1312808316136,posterior_predictive_mean,one median measured concentration per PhysicalEventID x Analyte
PE_7105f0f414cf84b7ea78,TSS,2012,CT,795.06,1,Bayes,827.3012258921322,posterior_predictive_mean,one median measured concentration per PhysicalEventID x Analyte
PE_8926ae228cc15db54f23,TSS,2012,CT,1132.26,1,Bayes,1039.5484154108613,posterior_predictive_mean,one median measured concentration per PhysicalEventID x Analyte
PE_93fc10203fe8e4c919ea,TSS,2012,CT,997.38,1,Bayes,1141.3047094620354,posterior_predictive_mean,one median measured concentration per PhysicalEventID x Analyte
PE_980f4b8e6c4ad4f916f0,TSS,2012,CT,845.64,1,Bayes,983.0211511557752,posterior_predictive_mean,one median measured concentration per PhysicalEventID x Analyte
PE_9990eb3a8c35bbfe0d52,TSS,2012,CT,1149.12,1,Bayes,1095.5509501645208,posterior_predictive_mean,one median measured concentration per PhysicalEventID x Analyte
PE_9a4ef4ab7be905b67891,TSS,2012,CT,2152.29,1,Bayes,1180.1194939143709,posterior_predictive_mean,one median measured concentration per PhysicalEventID x Analyte
PE_c022cac1f55e539686af,TSS,2012,CT,1638.06,1,Bayes,788.3431850642035,posterior_predictive_mean,one median measured concentration per PhysicalEventID x Analyte
PE_cbed8a7088e045d7b553,TSS,2012,CT,1132.26,1,Bayes,1258.162079174603,posterior_predictive_mean,one median measured concentration per PhysicalEventID x Analyte
PE_df9469438e8cb790e7af,TSS,2012,CT,1216.56,1,Bayes,584.3800148730721,posterior_predictive_mean,one median measured concentration per PhysicalEventID x Analyte
PE_f0826e18d2e4817478f5,TSS,2012,CT,795.06,1,Bayes,747.103058023818,posterior_predictive_mean,one median measured concentration per PhysicalEventID x Analyte
PE_fa3605fec991b5fdcb5e,TSS,2012,CT,980.52,1,Bayes,1002.9666263185755,posterior_predictive_mean,one median measured concentration per PhysicalEventID x Analyte
PE_01ea2f88880fff50efcb,TSS,2012,MT,272.4,1,Bayes,9.363725169119109,posterior_predictive_mean,one median measured concentration per PhysicalEventID x Analyte
PE_084268df6eb9d4246043,TSS,2012,MT,913.08,1,Bayes,194.71584969156245,posterior_predictive_mean,one median measured concentration per PhysicalEventID x Analyte
PE_406a96629a182935cae7,TSS,2012,MT,938.37,1,Bayes,109.82955435931672,posterior_predictive_mean,one median measured concentration per PhysicalEventID x Analyte
PE_53bed9867f02ff579e2d,TSS,2012,MT,1368.3,1,Bayes,558.8140732755825,posterior_predictive_mean,one median measured concentration per PhysicalEventID x Analyte
PE_55dfff50a7b8f0a977d1,TSS,2012,MT,1098.54,1,Bayes,508.3814475826981,posterior_predictive_mean,one median measured concentration per PhysicalEventID x Analyte
PE_5d3101462bb3db890b29,TSS,2012,MT,1705.5,1,Bayes,1317.5485030680584,posterior_predictive_mean,one median measured concentration per PhysicalEventID x Analyte
PE_681443548ef078be38f1,TSS,2012,MT,1064.82,1,Bayes,602.5774469545207,posterior_predictive_mean,one median measured concentration per PhysicalEventID x Analyte
PE_69e7705e30f4fa9b6143,TSS,2012,MT,559.02,1,Bayes,156.94564696398425,posterior_predictive_mean,one median measured concentration per PhysicalEventID x Analyte
PE_7bc7d14f1d4cbbeee019,TSS,2012,MT,457.86,1,Bayes,100.0420366007438,posterior_predictive_mean,one median measured concentration per PhysicalEventID x Analyte
PE_81617f8b3e2986274802,TSS,2012,MT,963.66,1,Bayes,471.7095980045548,posterior_predictive_mean,one median measured concentration per PhysicalEventID x Analyte
PE_860b95b364b2c2e3a6b5,TSS,2012,MT,508.44,1,Bayes,130.68843971092292,posterior_predictive_mean,one median measured concentration per PhysicalEventID x Analyte
PE_8844898dffe247398b01,TSS,2012,MT,693.9,1,Bayes,111.56433579712484,posterior_predictive_mean,one median measured concentration per PhysicalEventID x Analyte
PE_8b5564238c223d972525,TSS,2012,MT,786.63,1,Bayes,138.4066682137834,posterior_predictive_mean,one median measured concentration per PhysicalEventID x Analyte
PE_8dd5bcb659f488a967c1,TSS,2012,MT,1351.44,1,Bayes,896.2836080070707,posterior_predictive_mean,one median measured concentration per PhysicalEventID x Analyte
PE_bdf17111cc35249ef7aa,TSS,2012,MT,356.7,1,Bayes,0.0,posterior_predictive_mean,one median measured concentration per PhysicalEventID x Analyte
PE_c3c22e6072f6eeb66ac2,TSS,2012,MT,1351.48,1,Bayes,587.0081057988865,posterior_predictive_mean,one median measured concentration per PhysicalEventID x Analyte
PE_d79901bee44e9d2ab8bc,TSS,2012,MT,887.79,1,Bayes,434.4355115935417,posterior_predictive_mean,one median measured concentration per PhysicalEventID x Analyte
PE_d8275d4734b8c69e5afc,TSS,2012,MT,272.4,1,Bayes,0.0,posterior_predictive_mean,one median measured concentration per PhysicalEventID x Analyte
PE_0e586fb82f46b37d94b4,TSS,2012,ST,997.38,1,Bayes,401.2660568896071,posterior_predictive_mean,one median measured concentration per PhysicalEventID x Analyte
PE_15badc81229f832de396,TSS,2012,ST,677.04,1,Bayes,242.82070443202176,posterior_predictive_mean,one median measured concentration per PhysicalEventID x Analyte
PE_1a7d8cf14d5d7a84cc49,TSS,2012,ST,348.27,1,Bayes,162.25871286072993,posterior_predictive_mean,one median measured concentration per PhysicalEventID x Analyte
PE_248d74790d081f1ad247,TSS,2012,ST,693.9,1,Bayes,193.62935434377664,posterior_predictive_mean,one median measured concentration per PhysicalEventID x Analyte
PE_365d30de37f48e464de2,TSS,2012,ST,761.34,1,Bayes,333.82279402469544,posterior_predictive_mean,one median measured concentration per PhysicalEventID x Analyte
PE_57bf938d5e71dc213f59,TSS,2012,ST,621.402,1,Bayes,117.37357208483672,posterior_predictive_mean,one median measured concentration per PhysicalEventID x Analyte
PE_57fa018badecf5410da3,TSS,2012,ST,727.62,1,Bayes,115.13897085087206,posterior_predictive_mean,one median measured concentration per PhysicalEventID x Analyte
PE_5a2398fb5beb05ecabaa,TSS,2012,ST,879.36,1,Bayes,302.44267270235594,posterior_predictive_mean,one median measured concentration per PhysicalEventID x Analyte
PE_649006527ce5d1d1ff1f,TSS,2012,ST,542.16,1,Bayes,113.25039983010788,posterior_predictive_mean,one median measured concentration per PhysicalEventID x Analyte
PE_6975f3c079d281a511a0,TSS,2012,ST,677.04,1,Bayes,124.43543997893153,posterior_predictive_mean,one median measured concentration per PhysicalEventID x Analyte
PE_6c101e1953c53808bd4e,TSS,2012,ST,508.44,1,Bayes,804.7667297038682,posterior_predictive_mean,one median measured concentration per PhysicalEventID x Analyte
PE_bf44e09ffc415b58c4a0,TSS,2012,ST,710.76,1,Bayes,325.67454275265004,posterior_predictive_mean,one median measured concentration per PhysicalEventID x Analyte
PE_c8cfe41007225eb1567a,TSS,2012,ST,373.56,1,Bayes,0.0,posterior_predictive_mean,one median measured concentration per PhysicalEventID x Analyte
PE_cc5627c91253785c0d98,TSS,2012,ST,795.06,1,Bayes,158.22680936706752,posterior_predictive_mean,one median measured concentration per PhysicalEventID x Analyte
PE_e54a1b2fb0b2d2f3c583,TSS,2012,ST,1149.123,1,Bayes,389.2692165600115,posterior_predictive_mean,one median measured concentration per PhysicalEventID x Analyte
PE_fe2c74881a28e96903f0,TSS,2012,ST,862.5,1,Bayes,215.4090986124752,posterior_predictive_mean,one median measured concentration per PhysicalEventID x Analyte
PE_0609bb3a38fc48d18c44,TSS,2013,CT,108.625,1,Bayes,332.5630998599777,posterior_predictive_mean,one median measured concentration per PhysicalEventID x Analyte
PE_06846811b2896d804676,TSS,2013,CT,1958.4,1,Bayes,1014.4992763800516,posterior_predictive_mean,one median measured concentration per PhysicalEventID x Analyte
PE_2e9d58711c9824497c11,TSS,2013,CT,4866.75,1,Bayes,1667.2636467908442,posterior_predictive_mean,one median measured concentration per PhysicalEventID x Analyte
PE_7dbc678d30fda2bb0d2c,TSS,2013,CT,154.75,1,Bayes,335.44019248177915,posterior_predictive_mean,one median measured concentration per PhysicalEventID x Analyte
PE_a814ea72d8a79e5ce612,TSS,2013,CT,2253.45,1,Bayes,1036.3399722772274,posterior_predictive_mean,one median measured concentration per PhysicalEventID x Analyte
PE_dc649077fd49ff457e31,TSS,2013,CT,257.317,1,Bayes,231.4752654683864,posterior_predictive_mean,one median measured concentration per PhysicalEventID x Analyte
PE_113a8b8781b7a42b7a0c,TSS,2013,MT,554.325,1,Bayes,405.3623633195836,posterior_predictive_mean,one median measured concentration per PhysicalEventID x Analyte
PE_12cbc4a228ce581574f5,TSS,2013,MT,929.95,1,Bayes,97.92914159219936,posterior_predictive_mean,one median measured concentration per PhysicalEventID x Analyte
PE_1bd1f8a68c1dc49b3965,TSS,2013,MT,399.775,1,Bayes,103.54300229847672,posterior_predictive_mean,one median measured concentration per PhysicalEventID x Analyte
PE_262bcdadb146dac989ae,TSS,2013,MT,921.517,1,Bayes,266.62022616408694,posterior_predictive_mean,one median measured concentration per PhysicalEventID x Analyte
PE_99b3a7e1248efb280745,TSS,2013,MT,1108.875,1,Bayes,206.87508685930584,posterior_predictive_mean,one median measured concentration per PhysicalEventID x Analyte
PE_e9b4025c029d683e1a32,TSS,2013,MT,1867.35,1,Bayes,659.3961818071409,posterior_predictive_mean,one median measured concentration per PhysicalEventID x Analyte
PE_06463f55c291ea1d15a9,TSS,2013,ST,161.0,1,Bayes,329.3726589728841,posterior_predictive_mean,one median measured concentration per PhysicalEventID x Analyte
PE_2b1a26b26247f7aaf591,TSS,2013,ST,769.8,1,Bayes,346.5508847647709,posterior_predictive_mean,one median measured concentration per PhysicalEventID x Analyte
PE_3a1f801f634bfe189584,TSS,2013,ST,595.275,1,Bayes,390.0885581427856,posterior_predictive_mean,one median measured concentration per PhysicalEventID x Analyte
PE_4ba63451b7dc89c0a556,TSS,2013,ST,173.5,1,Bayes,0.0,posterior_predictive_mean,one median measured concentration per PhysicalEventID x Analyte
PE_b7ff1c1774876e409c04,TSS,2013,ST,930.85,1,Bayes,111.3034396912035,posterior_predictive_mean,one median measured concentration per PhysicalEventID x Analyte
PE_f7fa36feaba1a3684ccf,TSS,2013,ST,82.25,1,Bayes,0.0,posterior_predictive_mean,one median measured concentration per PhysicalEventID x Analyte
PE_0c873ebca68f220b5575,TSS,2014,CT,523.333,4,Bayes,0.0,posterior_predictive_mean,one median measured concentration per PhysicalEventID x Analyte
PE_0f2c1b5db3c1949d1f74,TSS,2014,CT,467.5,4,Bayes,0.0,posterior_predictive_mean,one median measured concentration per PhysicalEventID x Analyte
PE_0f6804c5fdc4da7fb4f7,TSS,2014,CT,2530.0,4,Bayes,1082.796667452004,posterior_predictive_mean,one median measured concentration per PhysicalEventID x Analyte
PE_4c80e607422dec97f0c9,TSS,2014,CT,501.60699999999997,2,Bayes,0.0,posterior_predictive_mean,one median measured concentration per PhysicalEventID x Analyte
PE_e1f06f083d001c899062,TSS,2014,CT,1096.667,3,Bayes,247.68622800749813,posterior_predictive_mean,one median measured concentration per PhysicalEventID x Analyte
PE_e4c541913dac4c0bca3d,TSS,2014,CT,768.72,2,Bayes,39.89408013612911,posterior_predictive_mean,one median measured concentration per PhysicalEventID x Analyte
PE_214aa9017327a70f135f,TSS,2014,MT,1062.005,2,Bayes,0.0,posterior_predictive_mean,one median measured concentration per PhysicalEventID x Analyte
PE_28a3ad7db7957a75e475,TSS,2014,MT,170.0,1,Bayes,0.0,posterior_predictive_mean,one median measured concentration per PhysicalEventID x Analyte
PE_909a6e90f2a2fb0ccb86,TSS,2014,MT,260.0,1,Bayes,0.0,posterior_predictive_mean,one median measured concentration per PhysicalEventID x Analyte
PE_c29031fe1d291910e835,TSS,2014,MT,726.4445000000001,2,Bayes,0.0,posterior_predictive_mean,one median measured concentration per PhysicalEventID x Analyte
PE_5d5cb3edcd99b5be75e6,TSS,2014,ST,940.3589999999999,2,Bayes,0.0,posterior_predictive_mean,one median measured concentration per PhysicalEventID x Analyte
PE_99c4e1053e4376d0bed3,TSS,2014,ST,222.625,4,Bayes,0.0,posterior_predictive_mean,one median measured concentration per PhysicalEventID x Analyte
PE_be3da0eafc673da18d92,TSS,2014,ST,324.4375,2,Bayes,0.0,posterior_predictive_mean,one median measured concentration per PhysicalEventID x Analyte
PE_d1afac04920a2ee5af17,TSS,2014,ST,1254.405,3,Bayes,38.81780806877828,posterior_predictive_mean,one median measured concentration per PhysicalEventID x Analyte
PE_e5b7650f3b7e52f1a1bf,TSS,2014,ST,1256.667,4,Bayes,0.0,posterior_predictive_mean,one median measured concentration per PhysicalEventID x Analyte
PE_e6f216bc2af9baf87adb,TSS,2014,ST,640.0,3,Bayes,0.0,posterior_predictive_mean,one median measured concentration per PhysicalEventID x Analyte
PE_003510690d55f2e080ab,TSS,2015,CT,1532.0,2,Bayes,176.31009519189524,posterior_predictive_mean,one median measured concentration per PhysicalEventID x Analyte
PE_01dfb8394999c3a08b1b,TSS,2015,CT,1166.6665,2,Bayes,0.0,posterior_predictive_mean,one median measured concentration per PhysicalEventID x Analyte
PE_1994b95c4c5d89d54441,TSS,2015,CT,1089.3335,2,Bayes,0.0,posterior_predictive_mean,one median measured concentration per PhysicalEventID x Analyte
PE_1ad2a48558b8c9cdf0bb,TSS,2015,CT,2034.6665,2,Bayes,0.0,posterior_predictive_mean,one median measured concentration per PhysicalEventID x Analyte
PE_38f43e287ee7d1f916e4,TSS,2015,CT,2398.3334999999997,2,Bayes,88.21064398954445,posterior_predictive_mean,one median measured concentration per PhysicalEventID x Analyte
PE_42feb90a12eb2a1656cd,TSS,2015,CT,105.0,1,Bayes,0.0,posterior_predictive_mean,one median measured concentration per PhysicalEventID x Analyte
PE_63a5c105af28ea9f75a7,TSS,2015,CT,35.0,2,Bayes,0.0,posterior_predictive_mean,one median measured concentration per PhysicalEventID x Analyte
PE_9a36752b43ad5983930a,TSS,2015,CT,1570.0,1,Bayes,0.0,posterior_predictive_mean,one median measured concentration per PhysicalEventID x Analyte
PE_b307adedb4f140b2f276,TSS,2015,CT,1550.0,2,Bayes,11.654869635371142,posterior_predictive_mean,one median measured concentration per PhysicalEventID x Analyte
PE_eba40b08b5ce69421768,TSS,2015,CT,1691.3335,2,Bayes,52.33701614956408,posterior_predictive_mean,one median measured concentration per PhysicalEventID x Analyte
PE_ece5ee3d9a47f8a4b70b,TSS,2015,CT,3781.25,2,Bayes,685.0592645319017,posterior_predictive_mean,one median measured concentration per PhysicalEventID x Analyte
PE_effd37ee189df750ad5a,TSS,2015,CT,103.75,2,Bayes,0.0,posterior_predictive_mean,one median measured concentration per PhysicalEventID x Analyte
PE_078b8edebaf25b47ca9c,TSS,2015,MT,124.5835,2,Bayes,0.0,posterior_predictive_mean,one median measured concentration per PhysicalEventID x Analyte
PE_09a938930ab837ebeb36,TSS,2015,MT,340.0,1,Bayes,0.0,posterior_predictive_mean,one median measured concentration per PhysicalEventID x Analyte
PE_0e378dd2a91d7df1a7a9,TSS,2015,MT,13.0,2,Bayes,0.0,posterior_predictive_mean,one median measured concentration per PhysicalEventID x Analyte
PE_4ebf629c5dd531a50c12,TSS,2015,MT,470.0,2,Bayes,0.0,posterior_predictive_mean,one median measured concentration per PhysicalEventID x Analyte
PE_61227cf97dd057e6375a,TSS,2015,MT,267.917,2,Bayes,0.0,posterior_predictive_mean,one median measured concentration per PhysicalEventID x Analyte
PE_74dfc686b20e794d29d3,TSS,2015,MT,435.0,1,Bayes,0.0,posterior_predictive_mean,one median measured concentration per PhysicalEventID x Analyte
PE_9f67556e2848ccb24a85,TSS,2015,MT,371.66650000000004,2,Bayes,0.0,posterior_predictive_mean,one median measured concentration per PhysicalEventID x Analyte
PE_a98d09332522adfe618b,TSS,2015,MT,146.333,2,Bayes,0.0,posterior_predictive_mean,one median measured concentration per PhysicalEventID x Analyte
PE_bd8c84ec329021438849,TSS,2015,MT,303.33349999999996,2,Bayes,0.0,posterior_predictive_mean,one median measured concentration per PhysicalEventID x Analyte
PE_bf6fc540566653c363a5,TSS,2015,MT,378.33349999999996,2,Bayes,0.0,posterior_predictive_mean,one median measured concentration per PhysicalEventID x Analyte
PE_f28eca55841e3590b19f,TSS,2015,MT,99.333,2,Bayes,0.0,posterior_predictive_mean,one median measured concentration per PhysicalEventID x Analyte
PE_fc35961bbf4775b1838e,TSS,2015,MT,18.5,2,Bayes,0.0,posterior_predictive_mean,one median measured concentration per PhysicalEventID x Analyte
PE_27068e46a99396e37068,TSS,2015,ST,60.3335,2,Bayes,0.0,posterior_predictive_mean,one median measured concentration per PhysicalEventID x Analyte
PE_2bc636c51bdfedd7a673,TSS,2015,ST,120.8335,2,Bayes,0.0,posterior_predictive_mean,one median measured concentration per PhysicalEventID x Analyte
PE_61cbb9676a953528de2c,TSS,2015,ST,135.0,1,Bayes,0.0,posterior_predictive_mean,one median measured concentration per PhysicalEventID x Analyte
PE_64548a06be4bb873cda0,TSS,2015,ST,80.889,2,Bayes,0.0,posterior_predictive_mean,one median measured concentration per PhysicalEventID x Analyte
PE_72bbe667892a258fbed0,TSS,2015,ST,45.0,2,Bayes,0.0,posterior_predictive_mean,one median measured concentration per PhysicalEventID x Analyte
PE_8b715eebc00f1d87b8e3,TSS,2015,ST,158.33350000000002,2,Bayes,0.0,posterior_predictive_mean,one median measured concentration per PhysicalEventID x Analyte
PE_982e6a4e7c9174d09a3c,TSS,2015,ST,50.0,1,Bayes,0.0,posterior_predictive_mean,one median measured concentration per PhysicalEventID x Analyte
PE_ab750944465b3b03a5ec,TSS,2015,ST,185.0,2,Bayes,0.0,posterior_predictive_mean,one median measured concentration per PhysicalEventID x Analyte
PE_c173a335fbc6a1794117,TSS,2015,ST,157.5,2,Bayes,0.0,posterior_predictive_mean,one median measured concentration per PhysicalEventID x Analyte
PE_e9d0921860cc7c87fefe,TSS,2015,ST,110.0,1,Bayes,0.0,posterior_predictive_mean,one median measured concentration per PhysicalEventID x Analyte
PE_ef16b92ac44718ed6fbe,TSS,2015,ST,4.0,2,Bayes,0.0,posterior_predictive_mean,one median measured concentration per PhysicalEventID x Analyte
PE_f98814c17b9da4b10046,TSS,2015,ST,29.6665,2,Bayes,0.0,posterior_predictive_mean,one median measured concentration per PhysicalEventID x Analyte
PE_571c968894d925b12ac7,TSS,2016,CT,669.923,2,Bayes,0.0,posterior_predictive_mean,one median measured concentration per PhysicalEventID x Analyte
PE_796a63125680b03b1a47,TSS,2016,CT,837.0450000000001,2,Bayes,0.0,posterior_predictive_mean,one median measured concentration per PhysicalEventID x Analyte
PE_962807ecf486db3c765b,TSS,2016,CT,663.9745,2,Bayes,0.0,posterior_predictive_mean,one median measured concentration per PhysicalEventID x Analyte
PE_cf4508303fbec7c40fe5,TSS,2016,CT,1684.0149999999999,2,Bayes,84.76457213669619,posterior_predictive_mean,one median measured concentration per PhysicalEventID x Analyte
PE_06726b0bbd436c0f2638,TSS,2016,MT,226.6685,2,Bayes,0.0,posterior_predictive_mean,one median measured concentration per PhysicalEventID x Analyte
PE_1d9fa89274a5507fb9c3,TSS,2016,MT,127.2215,2,Bayes,0.0,posterior_predictive_mean,one median measured concentration per PhysicalEventID x Analyte
PE_2836684cbc95d298d128,TSS,2016,MT,320.8325,2,Bayes,0.0,posterior_predictive_mean,one median measured concentration per PhysicalEventID x Analyte
PE_e91aef82d1d0158c64de,TSS,2016,MT,279.375,2,Bayes,0.0,posterior_predictive_mean,one median measured concentration per PhysicalEventID x Analyte
PE_245bc6dafec7fe277df3,TSS,2016,ST,258.2405,2,Bayes,0.0,posterior_predictive_mean,one median measured concentration per PhysicalEventID x Analyte
PE_518a902e850a37a6e1f7,TSS,2016,ST,217.8145,2,Bayes,0.0,posterior_predictive_mean,one median measured concentration per PhysicalEventID x Analyte
PE_7b17489d08fa900cd025,TSS,2016,ST,1273.0549999999998,2,Bayes,0.0,posterior_predictive_mean,one median measured concentration per PhysicalEventID x Analyte
PE_ed07163240c41f058ff7,TSS,2016,ST,508.5715,2,Bayes,0.0,posterior_predictive_mean,one median measured concentration per PhysicalEventID x Analyte
PE_0db94b33091790ae448c,TSS,2017,CT,1110.0,3,Bayes,160.29436719003775,posterior_predictive_mean,one median measured concentration per PhysicalEventID x Analyte
PE_1286406ef8d51ffa7b89,TSS,2017,CT,4678.333500000001,2,Bayes,1548.0772152158947,posterior_predictive_mean,one median measured concentration per PhysicalEventID x Analyte
PE_20fd7645e8886a1975a0,TSS,2017,CT,3660.0,2,Bayes,1477.5410255754414,posterior_predictive_mean,one median measured concentration per PhysicalEventID x Analyte
PE_31bb29072ce592a58136,TSS,2017,CT,3411.6665000000003,2,Bayes,1747.7243441126975,posterior_predictive_mean,one median measured concentration per PhysicalEventID x Analyte
PE_4a45291481f1020c04f7,TSS,2017,CT,550.0,3,Bayes,0.0,posterior_predictive_mean,one median measured concentration per PhysicalEventID x Analyte
PE_a249f721c9cded6ed477,TSS,2017,CT,776.667,3,Bayes,0.0,posterior_predictive_mean,one median measured concentration per PhysicalEventID x Analyte
PE_a86f0dd73b63a18791b9,TSS,2017,CT,2538.333,3,Bayes,517.111429662339,posterior_predictive_mean,one median measured concentration per PhysicalEventID x Analyte
PE_c0e9a65e116d987d3dfe,TSS,2017,CT,810.0,3,Bayes,0.0,posterior_predictive_mean,one median measured concentration per PhysicalEventID x Analyte
PE_c67a9e43f22b05bb8d70,TSS,2017,CT,4885.8335,2,Bayes,2037.0616273465412,posterior_predictive_mean,one median measured concentration per PhysicalEventID x Analyte
PE_c6a22d9daf9658c76f8d,TSS,2017,CT,920.0,3,Bayes,0.0,posterior_predictive_mean,one median measured concentration per PhysicalEventID x Analyte
PE_c7e10f3a52f813c6a07a,TSS,2017,CT,8252.5,2,Bayes,2443.1320945646203,posterior_predictive_mean,one median measured concentration per PhysicalEventID x Analyte
PE_f0acae9004db30c9f89b,TSS,2017,CT,4550.0,2,Bayes,1747.8830275133214,posterior_predictive_mean,one median measured concentration per PhysicalEventID x Analyte
PE_01ef9362ba3276afc3a9,TSS,2017,MT,1119.1665,2,Bayes,0.0,posterior_predictive_mean,one median measured concentration per PhysicalEventID x Analyte
PE_0d069e1b4f6cd76df6ac,TSS,2017,MT,241.66649999999998,2,Bayes,0.0,posterior_predictive_mean,one median measured concentration per PhysicalEventID x Analyte
PE_283a79a4d7e1d99ea45c,TSS,2017,MT,175.0,2,Bayes,0.0,posterior_predictive_mean,one median measured concentration per PhysicalEventID x Analyte
PE_3712d644db8e7505fd90,TSS,2017,MT,336.5,2,Bayes,0.0,posterior_predictive_mean,one median measured concentration per PhysicalEventID x Analyte
PE_44c3319c1ae4491d3b22,TSS,2017,MT,325.0,2,Bayes,0.0,posterior_predictive_mean,one median measured concentration per PhysicalEventID x Analyte
PE_5f5cdcb0357234b8314a,TSS,2017,MT,350.0,2,Bayes,0.0,posterior_predictive_mean,one median measured concentration per PhysicalEventID x Analyte
PE_72973ed7fd2fafa39b49,TSS,2017,MT,185.0,2,Bayes,0.0,posterior_predictive_mean,one median measured concentration per PhysicalEventID x Analyte
PE_7563047765a1e3f047e6,TSS,2017,MT,1215.0,2,Bayes,148.9850682337476,posterior_predictive_mean,one median measured concentration per PhysicalEventID x Analyte
PE_ae6e7b1bd3de16ea6d0f,TSS,2017,MT,475.0,2,Bayes,0.0,posterior_predictive_mean,one median measured concentration per PhysicalEventID x Analyte
PE_c9e73ef1dabab1e96c37,TSS,2017,MT,668.3330000000001,2,Bayes,0.0,posterior_predictive_mean,one median measured concentration per PhysicalEventID x Analyte
PE_df9fe3439780c58ef619,TSS,2017,MT,385.0,2,Bayes,0.0,posterior_predictive_mean,one median measured concentration per PhysicalEventID x Analyte
PE_fa68bde0c7a186695c73,TSS,2017,MT,418.33299999999997,2,Bayes,0.0,posterior_predictive_mean,one median measured concentration per PhysicalEventID x Analyte
PE_20cdd4f089d2cb0bb73d,TSS,2017,ST,925.0,2,Bayes,0.0,posterior_predictive_mean,one median measured concentration per PhysicalEventID x Analyte
PE_4998c6ec98ba5c91a95d,TSS,2017,ST,619.0,3,Bayes,0.0,posterior_predictive_mean,one median measured concentration per PhysicalEventID x Analyte
PE_4d317db65fbb1df71b52,TSS,2017,ST,260.0,3,Bayes,0.0,posterior_predictive_mean,one median measured concentration per PhysicalEventID x Analyte
PE_531c541dd4a3fff82f15,TSS,2017,ST,1355.0,2,Bayes,25.90754673643596,posterior_predictive_mean,one median measured concentration per PhysicalEventID x Analyte
PE_568f0b5ec6deda07b9f9,TSS,2017,ST,2703.3335,2,Bayes,140.11945208781685,posterior_predictive_mean,one median measured concentration per PhysicalEventID x Analyte
PE_6ca81f85570cae0e0d9c,TSS,2017,ST,486.6665,2,Bayes,0.0,posterior_predictive_mean,one median measured concentration per PhysicalEventID x Analyte
PE_8b4c5aba46522be8a6ae,TSS,2017,ST,375.0,2,Bayes,0.0,posterior_predictive_mean,one median measured concentration per PhysicalEventID x Analyte
PE_9be29822841d41a56b41,TSS,2017,ST,309.16650000000004,2,Bayes,0.0,posterior_predictive_mean,one median measured concentration per PhysicalEventID x Analyte
PE_dd2eb9cbf33aadc76796,TSS,2017,ST,190.0,3,Bayes,0.0,posterior_predictive_mean,one median measured concentration per PhysicalEventID x Analyte
PE_e8e143ce24098f6b3f6d,TSS,2017,ST,335.0,3,Bayes,0.0,posterior_predictive_mean,one median measured concentration per PhysicalEventID x Analyte
PE_fae3faa31fd03c716eb2,TSS,2017,ST,166.667,3,Bayes,0.0,posterior_predictive_mean,one median measured concentration per PhysicalEventID x Analyte
PE_166bc984fea383507df7,TSS,2020,CT,700.0,2,Bayes,0.0,posterior_predictive_mean,one median measured concentration per PhysicalEventID x Analyte
PE_568a40e75356dbe2944f,TSS,2020,CT,261.66650000000004,2,Bayes,0.0,posterior_predictive_mean,one median measured concentration per PhysicalEventID x Analyte
PE_5cea09f5406d83c18d64,TSS,2020,CT,556.667,1,Bayes,0.0,posterior_predictive_mean,one median measured concentration per PhysicalEventID x Analyte
PE_5fe6f2ac660a17d837bd,TSS,2020,CT,503.333,1,Bayes,0.0,posterior_predictive_mean,one median measured concentration per PhysicalEventID x Analyte
PE_81e03fd81db11fe99704,TSS,2020,CT,978.3335,2,Bayes,0.0,posterior_predictive_mean,one median measured concentration per PhysicalEventID x Analyte
PE_956f49ab7f5a452d4e47,TSS,2020,CT,1385.0,2,Bayes,0.0,posterior_predictive_mean,one median measured concentration per PhysicalEventID x Analyte
PE_a2e77087ab55e269e32c,TSS,2020,CT,816.667,1,Bayes,205.427507207452,posterior_predictive_mean,one median measured concentration per PhysicalEventID x Analyte
PE_f112cb116ff39b0745d1,TSS,2020,CT,760.0,1,Bayes,0.0,posterior_predictive_mean,one median measured concentration per PhysicalEventID x Analyte
PE_1c61ae236bb189923470,TSS,2020,MT,63.333,2,Bayes,0.0,posterior_predictive_mean,one median measured concentration per PhysicalEventID x Analyte
PE_3f0bbb475c6994c60cf6,TSS,2020,MT,110.0,1,Bayes,0.0,posterior_predictive_mean,one median measured concentration per PhysicalEventID x Analyte
PE_48332f955c6c36e57528,TSS,2020,MT,135.0,2,Bayes,0.0,posterior_predictive_mean,one median measured concentration per PhysicalEventID x Analyte
PE_61b68e752c1619aa8c43,TSS,2020,MT,270.0,1,Bayes,0.0,posterior_predictive_mean,one median measured concentration per PhysicalEventID x Analyte
PE_8ed15b2f1e5372b81dc7,TSS,2020,MT,56.667,1,Bayes,0.0,posterior_predictive_mean,one median measured concentration per PhysicalEventID x Analyte
PE_addb6558497635dd3d9a,TSS,2020,MT,101.667,2,Bayes,0.0,posterior_predictive_mean,one median measured concentration per PhysicalEventID x Analyte
PE_f20fe17d9d856cebbcf8,TSS,2020,MT,115.0,2,Bayes,0.0,posterior_predictive_mean,one median measured concentration per PhysicalEventID x Analyte
PE_f8ef94027a8e2bfa6b9c,TSS,2020,MT,393.333,1,Bayes,0.0,posterior_predictive_mean,one median measured concentration per PhysicalEventID x Analyte
PE_0b902961f965469f339e,TSS,2020,ST,38.3335,2,Bayes,0.0,posterior_predictive_mean,one median measured concentration per PhysicalEventID x Analyte
PE_3f6400cdcf4fab1e9fc1,TSS,2020,ST,506.667,1,Bayes,0.0,posterior_predictive_mean,one median measured concentration per PhysicalEventID x Analyte
PE_46cc9f71204f4afd638d,TSS,2020,ST,240.0,1,Bayes,0.0,posterior_predictive_mean,one median measured concentration per PhysicalEventID x Analyte
PE_49fb6cd53fdd5e458f64,TSS,2020,ST,58.3335,2,Bayes,0.0,posterior_predictive_mean,one median measured concentration per PhysicalEventID x Analyte
PE_5ff3d0ad9d787e19a7ca,TSS,2020,ST,221.66649999999998,2,Bayes,0.0,posterior_predictive_mean,one median measured concentration per PhysicalEventID x Analyte
PE_875be1f39b86704274b0,TSS,2020,ST,66.667,1,Bayes,0.0,posterior_predictive_mean,one median measured concentration per PhysicalEventID x Analyte
PE_e92a1d87a3645647bd4e,TSS,2020,ST,39.1665,2,Bayes,0.0,posterior_predictive_mean,one median measured concentration per PhysicalEventID x Analyte
PE_ee23dd5347fd2acef254,TSS,2020,ST,53.333,1,Bayes,0.0,posterior_predictive_mean,one median measured concentration per PhysicalEventID x Analyte
PE_051cd85fc942217be314,TSS,2021,CT,763.3335,2,Bayes,834.473508981022,posterior_predictive_mean,one median measured concentration per PhysicalEventID x Analyte
PE_0ac2121b8fe18c0053e2,TSS,2021,CT,1130.0,3,Bayes,739.577415278819,posterior_predictive_mean,one median measured concentration per PhysicalEventID x Analyte
PE_21dfe39111b133765d37,TSS,2021,CT,1613.3335,2,Bayes,969.5839405419758,posterior_predictive_mean,one median measured concentration per PhysicalEventID x Analyte
PE_21eb97240c4e244d59c9,TSS,2021,CT,2441.6668335,2,Bayes,1075.2913741503787,posterior_predictive_mean,one median measured concentration per PhysicalEventID x Analyte
PE_2e40b6e91cc7d5ecd6c3,TSS,2021,CT,3160.0,2,Bayes,1319.0372550318707,posterior_predictive_mean,one median measured concentration per PhysicalEventID x Analyte
PE_33074ef569f8079ca2c5,TSS,2021,CT,2245.0,2,Bayes,1704.8152572943886,posterior_predictive_mean,one median measured concentration per PhysicalEventID x Analyte
PE_3e80216d31c31cb94be7,TSS,2021,CT,881.6665,4,Bayes,631.9134860768062,posterior_predictive_mean,one median measured concentration per PhysicalEventID x Analyte
PE_43f0020c0e87bb28cb4f,TSS,2021,CT,2081.6665000000003,2,Bayes,1413.1561691957036,posterior_predictive_mean,one median measured concentration per PhysicalEventID x Analyte
PE_7bb31d342461203b532f,TSS,2021,CT,1566.667,4,Bayes,1133.372393279314,posterior_predictive_mean,one median measured concentration per PhysicalEventID x Analyte
PE_a1506e8e5a02282cf157,TSS,2021,CT,2518.3334999999997,2,Bayes,1329.105709391141,posterior_predictive_mean,one median measured concentration per PhysicalEventID x Analyte
PE_a9b65e771f7f28532999,TSS,2021,CT,1018.3335,4,Bayes,781.7749940228838,posterior_predictive_mean,one median measured concentration per PhysicalEventID x Analyte
PE_e9ed7c0da6f350ec0ebd,TSS,2021,CT,2001.6665,2,Bayes,871.4894037250051,posterior_predictive_mean,one median measured concentration per PhysicalEventID x Analyte
PE_10a82e2f3d5ad96163d0,TSS,2021,MT,398.33349999999996,2,Bayes,608.8479147745646,posterior_predictive_mean,one median measured concentration per PhysicalEventID x Analyte
PE_29232e3b1d0dd0846861,TSS,2021,MT,386.6665,4,Bayes,449.0310963302426,posterior_predictive_mean,one median measured concentration per PhysicalEventID x Analyte
PE_3b0275b6f31aa3c48b11,TSS,2021,MT,95.0,2,Bayes,357.362987810336,posterior_predictive_mean,one median measured concentration per PhysicalEventID x Analyte
PE_51b615c0027e4e29028e,TSS,2021,MT,850.0,2,Bayes,1388.6988252842564,posterior_predictive_mean,one median measured concentration per PhysicalEventID x Analyte
PE_55b3839d44d67304ba2d,TSS,2021,MT,1370.0,2,Bayes,1289.9924036209777,posterior_predictive_mean,one median measured concentration per PhysicalEventID x Analyte
PE_936c12cc5ae17810e93e,TSS,2021,MT,283.333,2,Bayes,436.2435540998382,posterior_predictive_mean,one median measured concentration per PhysicalEventID x Analyte
PE_97c5dc883be532c37d60,TSS,2021,MT,323.33349999999996,2,Bayes,757.391970984849,posterior_predictive_mean,one median measured concentration per PhysicalEventID x Analyte
PE_c7ea31b20b60ad1966be,TSS,2021,MT,376.66650000000004,2,Bayes,637.2323638269345,posterior_predictive_mean,one median measured concentration per PhysicalEventID x Analyte
PE_e31452c7a0ebfbfaf3f2,TSS,2021,MT,286.667,4,Bayes,663.7068307245678,posterior_predictive_mean,one median measured concentration per PhysicalEventID x Analyte
PE_ebd22f3a15b20eea0e80,TSS,2021,MT,60.0,4,Bayes,400.8329122930666,posterior_predictive_mean,one median measured concentration per PhysicalEventID x Analyte
PE_f0e98ee733e1acf48f4e,TSS,2021,MT,230.0,3,Bayes,425.3097044877642,posterior_predictive_mean,one median measured concentration per PhysicalEventID x Analyte
PE_f544dd1f1224ddc9abde,TSS,2021,MT,1910.0,1,Bayes,1551.904192701296,posterior_predictive_mean,one median measured concentration per PhysicalEventID x Analyte
PE_16ac905814be2f1ac791,TSS,2021,ST,71.6665,2,Bayes,684.662888471845,posterior_predictive_mean,one median measured concentration per PhysicalEventID x Analyte
PE_1a4143d14585d70064a4,TSS,2021,ST,818.3335,2,Bayes,758.9909395188782,posterior_predictive_mean,one median measured concentration per PhysicalEventID x Analyte
PE_3d9e743a00f5613f6722,TSS,2021,ST,1480.0,2,Bayes,1141.7011100083223,posterior_predictive_mean,one median measured concentration per PhysicalEventID x Analyte
PE_47319afabf95ce33e7fd,TSS,2021,ST,508.33299999999997,2,Bayes,557.0754685936097,posterior_predictive_mean,one median measured concentration per PhysicalEventID x Analyte
PE_6af7db12fea1a0f5f5e0,TSS,2021,ST,285.0,2,Bayes,564.2527363176617,posterior_predictive_mean,one median measured concentration per PhysicalEventID x Analyte
PE_6ee044c77bdf30366b5d,TSS,2021,ST,1901.6665,2,Bayes,1626.557135298499,posterior_predictive_mean,one median measured concentration per PhysicalEventID x Analyte
PE_78a548d4e3eef2a21ea3,TSS,2021,ST,116.667,4,Bayes,386.9594992412472,posterior_predictive_mean,one median measured concentration per PhysicalEventID x Analyte
PE_835c9b48606f6cdfa777,TSS,2021,ST,121.6665,2,Bayes,401.74318034107273,posterior_predictive_mean,one median measured concentration per PhysicalEventID x Analyte
PE_af610e0f46836e0b77e1,TSS,2021,ST,578.3335,2,Bayes,749.7825852338241,posterior_predictive_mean,one median measured concentration per PhysicalEventID x Analyte
PE_b08201b583b69f927729,TSS,2021,ST,270.0,2,Bayes,236.40676800935648,posterior_predictive_mean,one median measured concentration per PhysicalEventID x Analyte
PE_c917d3aa7638a95ddccd,TSS,2021,ST,86.667,4,Bayes,544.0838521693238,posterior_predictive_mean,one median measured concentration per PhysicalEventID x Analyte
PE_e416400520de7f5adc17,TSS,2021,ST,116.667,3,Bayes,370.3120434345459,posterior_predictive_mean,one median measured concentration per PhysicalEventID x Analyte
PE_074f45d65401c8fdb3f5,TSS,2022,CT,90.0,3,Bayes,563.8715240574872,posterior_predictive_mean,one median measured concentration per PhysicalEventID x Analyte
PE_26a08057b7264787ef06,TSS,2022,CT,216.667,1,Bayes,276.2330030163405,posterior_predictive_mean,one median measured concentration per PhysicalEventID x Analyte
PE_32d4186ac5b7c925427a,TSS,2022,CT,53.3335,2,Bayes,232.95037915724697,posterior_predictive_mean,one median measured concentration per PhysicalEventID x Analyte
PE_3433a0bfc8c7216f3995,TSS,2022,CT,896.667,1,Bayes,1474.1118495609255,posterior_predictive_mean,one median measured concentration per PhysicalEventID x Analyte
PE_3f1a3adf6196ed54473e,TSS,2022,CT,150.0,1,Bayes,1030.4920235400616,posterior_predictive_mean,one median measured concentration per PhysicalEventID x Analyte
PE_438127a754ce2a504c09,TSS,2022,CT,1173.3335,2,Bayes,1101.1454342177444,posterior_predictive_mean,one median measured concentration per PhysicalEventID x Analyte
PE_5ae2ded12c8023b32c0a,TSS,2022,CT,196.66649999999998,2,Bayes,1091.2045669205015,posterior_predictive_mean,one median measured concentration per PhysicalEventID x Analyte
PE_b8cc705881475991ea0f,TSS,2022,CT,61.6665,2,Bayes,792.9430854384862,posterior_predictive_mean,one median measured concentration per PhysicalEventID x Analyte
PE_c409fdcd758dbf3b86bb,TSS,2022,CT,2960.0,1,Bayes,1369.8659259154128,posterior_predictive_mean,one median measured concentration per PhysicalEventID x Analyte
PE_db44df4caa1727e348be,TSS,2022,CT,150.0,3,Bayes,596.5378928658178,posterior_predictive_mean,one median measured concentration per PhysicalEventID x Analyte
PE_df160c088a0a2ccf4d3e,TSS,2022,CT,86.667,1,Bayes,629.754492853846,posterior_predictive_mean,one median measured concentration per PhysicalEventID x Analyte
PE_eb7e4b7d6a65d5aa6a4b,TSS,2022,CT,206.667,3,Bayes,793.7326474262363,posterior_predictive_mean,one median measured concentration per PhysicalEventID x Analyte
PE_14298b67e71efd6380df,TSS,2022,MT,1055.0,2,Bayes,1131.369826198732,posterior_predictive_mean,one median measured concentration per PhysicalEventID x Analyte
PE_260d9de653b38957c0fe,TSS,2022,MT,68.3335,2,Bayes,458.46189405878977,posterior_predictive_mean,one median measured concentration per PhysicalEventID x Analyte
PE_344e7a9bb935a4829210,TSS,2022,MT,370.0,2,Bayes,845.2931709064229,posterior_predictive_mean,one median measured concentration per PhysicalEventID x Analyte
PE_3fc5dfce0fb4c6220e16,TSS,2022,MT,96.667,3,Bayes,647.346668381175,posterior_predictive_mean,one median measured concentration per PhysicalEventID x Analyte
PE_5556897f607258fe9362,TSS,2022,MT,86.667,3,Bayes,391.7628685167904,posterior_predictive_mean,one median measured concentration per PhysicalEventID x Analyte
PE_7b7021667404f4bf5ffe,TSS,2022,MT,433.333,3,Bayes,694.7554665297629,posterior_predictive_mean,one median measured concentration per PhysicalEventID x Analyte
PE_7f40423a8c9c7387079e,TSS,2022,MT,816.6665,2,Bayes,873.7953600894164,posterior_predictive_mean,one median measured concentration per PhysicalEventID x Analyte
PE_912d046edf542edb9c36,TSS,2022,MT,88.3335,2,Bayes,755.0261711668269,posterior_predictive_mean,one median measured concentration per PhysicalEventID x Analyte
PE_a5a3e7d8a5e84189d18a,TSS,2022,MT,310.0,3,Bayes,1071.123590537126,posterior_predictive_mean,one median measured concentration per PhysicalEventID x Analyte
PE_aa383c8c9a57591dc206,TSS,2022,MT,63.3335,2,Bayes,48.38199428030112,posterior_predictive_mean,one median measured concentration per PhysicalEventID x Analyte
PE_afa287a09ff3e5bab631,TSS,2022,MT,390.0,3,Bayes,616.8744129632554,posterior_predictive_mean,one median measured concentration per PhysicalEventID x Analyte
PE_d41d88e8b515629ab69d,TSS,2022,MT,96.667,1,Bayes,307.7962425981639,posterior_predictive_mean,one median measured concentration per PhysicalEventID x Analyte
PE_f0406a7690a0e8ef2920,TSS,2022,MT,103.333,2,Bayes,647.2386808370603,posterior_predictive_mean,one median measured concentration per PhysicalEventID x Analyte
PE_0656666c2b33c1a71dfc,TSS,2022,ST,240.0,3,Bayes,553.2784027679296,posterior_predictive_mean,one median measured concentration per PhysicalEventID x Analyte
PE_230aa97120550e292bc7,TSS,2022,ST,380.0,2,Bayes,765.9402488384844,posterior_predictive_mean,one median measured concentration per PhysicalEventID x Analyte
PE_3eefa2d11be77738359b,TSS,2022,ST,66.667,3,Bayes,849.7557917673655,posterior_predictive_mean,one median measured concentration per PhysicalEventID x Analyte
PE_425f14902ee81a16cfeb,TSS,2022,ST,45.0,2,Bayes,166.74670248491134,posterior_predictive_mean,one median measured concentration per PhysicalEventID x Analyte
PE_510406c16da87dd620cb,TSS,2022,ST,2193.3335,2,Bayes,1574.6268869479388,posterior_predictive_mean,one median measured concentration per PhysicalEventID x Analyte
PE_70d3cc17c47edebe68ad,TSS,2022,ST,68.3335,2,Bayes,453.7028793311093,posterior_predictive_mean,one median measured concentration per PhysicalEventID x Analyte
PE_7cf61966fec7c7b6adc5,TSS,2022,ST,43.3335,2,Bayes,591.0528528638425,posterior_predictive_mean,one median measured concentration per PhysicalEventID x Analyte
PE_901ccaf6a3ac1105504f,TSS,2022,ST,36.667,2,Bayes,579.6934502996942,posterior_predictive_mean,one median measured concentration per PhysicalEventID x Analyte
PE_99ec6d6affe898b0e8d2,TSS,2022,ST,133.333,1,Bayes,251.74882869655767,posterior_predictive_mean,one median measured concentration per PhysicalEventID x Analyte
PE_a8630556d08f6cec7f6a,TSS,2022,ST,213.333,3,Bayes,968.4919952639802,posterior_predictive_mean,one median measured concentration per PhysicalEventID x Analyte
PE_ceb9c23bc0db5be24388,TSS,2022,ST,73.333,3,Bayes,367.3212885019806,posterior_predictive_mean,one median measured concentration per PhysicalEventID x Analyte
PE_d47080104483a2906848,TSS,2022,ST,446.667,3,Bayes,1232.5267043281438,posterior_predictive_mean,one median measured concentration per PhysicalEventID x Analyte
PE_dc25029fed7bf1b276c5,TSS,2022,ST,475.0,2,Bayes,600.5215522840675,posterior_predictive_mean,one median measured concentration per PhysicalEventID x Analyte
PE_1607bd85c5b858754283,TSS,2023,CT,1620.0005,4,Bayes,551.6172897331982,posterior_predictive_mean,one median measured concentration per PhysicalEventID x Analyte
PE_17f8630aaa6312f3912a,TSS,2023,CT,2556.6665000000003,4,Bayes,1370.2756914958543,posterior_predictive_mean,one median measured concentration per PhysicalEventID x Analyte
PE_21ef5b6342274d9e3203,TSS,2023,CT,1383.333,3,Bayes,537.3584942997544,posterior_predictive_mean,one median measured concentration per PhysicalEventID x Analyte
PE_222b0b4beba254c530d7,TSS,2023,CT,1406.667,3,Bayes,1002.931207097653,posterior_predictive_mean,one median measured concentration per PhysicalEventID x Analyte
PE_577d295e76e129c37688,TSS,2023,CT,1116.667,4,Bayes,724.1735326787534,posterior_predictive_mean,one median measured concentration per PhysicalEventID x Analyte
PE_5bf168b414e63b4f63f3,TSS,2023,CT,885.8335,4,Bayes,866.6472950847324,posterior_predictive_mean,one median measured concentration per PhysicalEventID x Analyte
PE_7131d35e8cd02b882d26,TSS,2023,CT,660.0,4,Bayes,0.0,posterior_predictive_mean,one median measured concentration per PhysicalEventID x Analyte
PE_8474551aa700ba7170c1,TSS,2023,CT,4783.333,1,Bayes,2211.580345378893,posterior_predictive_mean,one median measured concentration per PhysicalEventID x Analyte
PE_bf4d5c43e21a82c51f4f,TSS,2023,CT,618.333,4,Bayes,444.3672618298608,posterior_predictive_mean,one median measured concentration per PhysicalEventID x Analyte
PE_ee0d84028e7204c9f8b6,TSS,2023,CT,906.667,4,Bayes,20.53340251481268,posterior_predictive_mean,one median measured concentration per PhysicalEventID x Analyte
PE_f071df1dfa8de45515c1,TSS,2023,CT,2060.0,1,Bayes,1734.1854205258503,posterior_predictive_mean,one median measured concentration per PhysicalEventID x Analyte
PE_f7a5e5b2a4c1c3239774,TSS,2023,CT,680.0,4,Bayes,0.0,posterior_predictive_mean,one median measured concentration per PhysicalEventID x Analyte
PE_199b5b7c1aaa1098c691,TSS,2023,MT,1306.667,1,Bayes,1293.382779128758,posterior_predictive_mean,one median measured concentration per PhysicalEventID x Analyte
PE_23621b170748f0fc60c2,TSS,2023,MT,1613.333,4,Bayes,1193.0378637879087,posterior_predictive_mean,one median measured concentration per PhysicalEventID x Analyte
PE_248493668060338e72e6,TSS,2023,MT,370.0,4,Bayes,115.9780567601572,posterior_predictive_mean,one median measured concentration per PhysicalEventID x Analyte
PE_3694e2f2ef6dd2e8480f,TSS,2023,MT,1100.0,1,Bayes,804.2656811554787,posterior_predictive_mean,one median measured concentration per PhysicalEventID x Analyte
PE_7751232195de561530b0,TSS,2023,MT,861.667,4,Bayes,810.5708491263315,posterior_predictive_mean,one median measured concentration per PhysicalEventID x Analyte
PE_8d90127b55de039c6ab7,TSS,2023,MT,1670.0,5,Bayes,1605.7571107943245,posterior_predictive_mean,one median measured concentration per PhysicalEventID x Analyte
PE_9d88eac30a91208d302b,TSS,2023,MT,553.3335,4,Bayes,0.0,posterior_predictive_mean,one median measured concentration per PhysicalEventID x Analyte
PE_a5dd6f772a1d2e7d821c,TSS,2023,MT,358.33349999999996,6,Bayes,0.0,posterior_predictive_mean,one median measured concentration per PhysicalEventID x Analyte
PE_acc7ee117e759ece44f9,TSS,2023,MT,630.0,5,Bayes,129.71311084033482,posterior_predictive_mean,one median measured concentration per PhysicalEventID x Analyte
PE_b6fd60d10e559978199b,TSS,2023,MT,140.0,5,Bayes,0.0,posterior_predictive_mean,one median measured concentration per PhysicalEventID x Analyte
PE_bf74455b1a7c48461768,TSS,2023,MT,1060.0,3,Bayes,229.6076407239193,posterior_predictive_mean,one median measured concentration per PhysicalEventID x Analyte
PE_c4acde3ff39ca34f7f1d,TSS,2023,MT,3666.6665,4,Bayes,3649.609504745634,posterior_predictive_mean,one median measured concentration per PhysicalEventID x Analyte
PE_68d44a8c5ee2992c2c36,TSS,2023,ST,2896.6665000000003,4,Bayes,1501.7946262768596,posterior_predictive_mean,one median measured concentration per PhysicalEventID x Analyte
PE_6f90d69c4aa146a04e18,TSS,2023,ST,1883.333,1,Bayes,1434.4295534598705,posterior_predictive_mean,one median measured concentration per PhysicalEventID x Analyte
PE_78a0e5a12037218db30c,TSS,2023,ST,2806.667,5,Bayes,2772.2830083156778,posterior_predictive_mean,one median measured concentration per PhysicalEventID x Analyte
PE_8a47f8b2785e361a0f5c,TSS,2023,ST,528.3335,4,Bayes,0.0,posterior_predictive_mean,one median measured concentration per PhysicalEventID x Analyte
PE_8f51b688686d8bdc2f79,TSS,2023,ST,1638.3335,4,Bayes,511.5482106332927,posterior_predictive_mean,one median measured concentration per PhysicalEventID x Analyte
PE_ada3010827131318b4a5,TSS,2023,ST,240.0,4,Bayes,0.0,posterior_predictive_mean,one median measured concentration per PhysicalEventID x Analyte
PE_bca2b67b03840bac2206,TSS,2023,ST,125.0,4,Bayes,0.0,posterior_predictive_mean,one median measured concentration per PhysicalEventID x Analyte
PE_c6f4076701513ce44077,TSS,2023,ST,4006.667,1,Bayes,1510.035271973925,posterior_predictive_mean,one median measured concentration per PhysicalEventID x Analyte
PE_c9875bdbbfec951204a7,TSS,2023,ST,1518.333,4,Bayes,1050.4589466748266,posterior_predictive_mean,one median measured concentration per PhysicalEventID x Analyte
PE_d0ce0a7aa7e876660808,TSS,2023,ST,298.33349999999996,4,Bayes,0.0,posterior_predictive_mean,one median measured concentration per PhysicalEventID x Analyte
PE_dbd728d03c1d5af8f0ef,TSS,2023,ST,2683.333,1,Bayes,1193.9990476703945,posterior_predictive_mean,one median measured concentration per PhysicalEventID x Analyte
PE_e29fdc102c9f799e8e4f,TSS,2023,ST,293.33349999999996,4,Bayes,0.0,posterior_predictive_mean,one median measured concentration per PhysicalEventID x Analyte
PE_fc1529c70189a30552dd,TSS,2023,ST,3078.333,4,Bayes,1761.9255029578424,posterior_predictive_mean,one median measured concentration per PhysicalEventID x Analyte
PE_3a4478840ec05680e176,TSS,2024,CT,1235.0,4,Bayes,2041.7927352661384,posterior_predictive_mean,one median measured concentration per PhysicalEventID x Analyte
PE_828e337f2a8b9a9634d7,TSS,2024,CT,283.33349999999996,4,Bayes,0.0,posterior_predictive_mean,one median measured concentration per PhysicalEventID x Analyte
PE_87d4115bb68391b10daf,TSS,2024,CT,423.333,4,Bayes,0.0,posterior_predictive_mean,one median measured concentration per PhysicalEventID x Analyte
PE_a354768a3ad269a40a28,TSS,2024,CT,1582.5,4,Bayes,716.1632341440137,posterior_predictive_mean,one median measured concentration per PhysicalEventID x Analyte
PE_add35a9103c77e144288,TSS,2024,CT,508.33299999999997,4,Bayes,0.0,posterior_predictive_mean,one median measured concentration per PhysicalEventID x Analyte
PE_dd4d0ea35e35c329e9d8,TSS,2024,CT,963.3330000000001,4,Bayes,137.15376365431803,posterior_predictive_mean,one median measured concentration per PhysicalEventID x Analyte
PE_e01f96101de9649fe0a8,TSS,2024,CT,633.3335,4,Bayes,303.0309332847369,posterior_predictive_mean,one median measured concentration per PhysicalEventID x Analyte
PE_f96a427e92fb0d6cf251,TSS,2024,CT,1568.333,4,Bayes,828.3757860933462,posterior_predictive_mean,one median measured concentration per PhysicalEventID x Analyte
PE_02b42436b7981ca07571,TSS,2024,MT,443.33349999999996,4,Bayes,193.70722621572304,posterior_predictive_mean,one median measured concentration per PhysicalEventID x Analyte
PE_7a793bda6ecab836d590,TSS,2024,MT,563.333,3,Bayes,203.79608265847517,posterior_predictive_mean,one median measured concentration per PhysicalEventID x Analyte
PE_ba059ebbc29b11d1a3be,TSS,2024,MT,1990.0,4,Bayes,750.2320453853083,posterior_predictive_mean,one median measured concentration per PhysicalEventID x Analyte
PE_c488be01d5dbff565ef0,TSS,2024,MT,870.0,4,Bayes,312.9026826665306,posterior_predictive_mean,one median measured concentration per PhysicalEventID x Analyte
PE_c918bf0b868668efb5e3,TSS,2024,MT,346.66650000000004,4,Bayes,0.0,posterior_predictive_mean,one median measured concentration per PhysicalEventID x Analyte
PE_cc030c89ee5b8a7462b6,TSS,2024,MT,730.0,4,Bayes,0.0,posterior_predictive_mean,one median measured concentration per PhysicalEventID x Analyte
PE_d0a561512025e1d2770d,TSS,2024,MT,440.0,4,Bayes,14.07772733794809,posterior_predictive_mean,one median measured concentration per PhysicalEventID x Analyte
PE_e582d3221277d02f35d9,TSS,2024,MT,1773.333,4,Bayes,716.2573166948517,posterior_predictive_mean,one median measured concentration per PhysicalEventID x Analyte
PE_00b38906ec1907c7d0dc,TSS,2024,ST,1806.667,4,Bayes,2671.3051289198006,posterior_predictive_mean,one median measured concentration per PhysicalEventID x Analyte
PE_30f71765b192fa672ac6,TSS,2024,ST,1508.3335,4,Bayes,1445.1312991141326,posterior_predictive_mean,one median measured concentration per PhysicalEventID x Analyte
PE_47021952abc7ade62c23,TSS,2024,ST,1786.6665,4,Bayes,766.0476412839524,posterior_predictive_mean,one median measured concentration per PhysicalEventID x Analyte
PE_6dfbf6a0b565de5536dd,TSS,2024,ST,1363.333,4,Bayes,1043.1896215557204,posterior_predictive_mean,one median measured concentration per PhysicalEventID x Analyte
PE_d36d20c6bc7c067588be,TSS,2024,ST,1306.667,3,Bayes,1312.1441379978546,posterior_predictive_mean,one median measured concentration per PhysicalEventID x Analyte
PE_dd553617c7d118d29861,TSS,2024,ST,1158.3335,4,Bayes,147.9281060962337,posterior_predictive_mean,one median measured concentration per PhysicalEventID x Analyte
PE_f0055d0fbf3bb2c0c279,TSS,2024,ST,546.667,4,Bayes,143.81165408799552,posterior_predictive_mean,one median measured concentration per PhysicalEventID x Analyte
PE_f6579064c70952c33aa8,TSS,2024,ST,1966.667,4,Bayes,1798.309959382119,posterior_predictive_mean,one median measured concentration per PhysicalEventID x Analyte
PE_01024210b88310ac1815,TSS,2025,CT,333.33349999999996,4,Bayes,0.0,posterior_predictive_mean,one median measured concentration per PhysicalEventID x Analyte
PE_30d8eee773ba85ed7ec9,TSS,2025,CT,1488.3335,4,Bayes,260.76575520968345,posterior_predictive_mean,one median measured concentration per PhysicalEventID x Analyte
PE_41cebec90b66f3ef63c2,TSS,2025,CT,1213.333,3,Bayes,688.8784577244334,posterior_predictive_mean,one median measured concentration per PhysicalEventID x Analyte
PE_5c35b22fc4eba02df28c,TSS,2025,CT,1193.333,4,Bayes,430.0739746263131,posterior_predictive_mean,one median measured concentration per PhysicalEventID x Analyte
PE_72b83136bc50254a55a6,TSS,2025,CT,1091.6665,4,Bayes,58.678451184095366,posterior_predictive_mean,one median measured concentration per PhysicalEventID x Analyte
PE_73a092189bd19f7de823,TSS,2025,CT,1065.0,4,Bayes,0.0,posterior_predictive_mean,one median measured concentration per PhysicalEventID x Analyte
PE_79ea2eb78bef48e2d163,TSS,2025,CT,1375.0,4,Bayes,601.0075699228964,posterior_predictive_mean,one median measured concentration per PhysicalEventID x Analyte
PE_85771b5590cb80ee80b1,TSS,2025,CT,1928.3335,4,Bayes,1115.7270537487705,posterior_predictive_mean,one median measured concentration per PhysicalEventID x Analyte
PE_92e7ac2243498d97f3e0,TSS,2025,CT,956.6665,4,Bayes,141.57523500788284,posterior_predictive_mean,one median measured concentration per PhysicalEventID x Analyte
PE_961b16815e7ba5016bdb,TSS,2025,CT,2011.6665,4,Bayes,831.9739831529387,posterior_predictive_mean,one median measured concentration per PhysicalEventID x Analyte
PE_bd4a80359ce1de5f5729,TSS,2025,CT,1395.0,4,Bayes,747.9207068286772,posterior_predictive_mean,one median measured concentration per PhysicalEventID x Analyte
PE_ef5b618a3b1b8ffbd8e4,TSS,2025,CT,951.6669999999999,4,Bayes,0.0,posterior_predictive_mean,one median measured concentration per PhysicalEventID x Analyte
PE_07b0e2786e6c6d7e52f2,TSS,2025,MT,343.3333333,1,Bayes,316.8327806840275,posterior_predictive_mean,one median measured concentration per PhysicalEventID x Analyte
PE_2314eec6a45e0be9e203,TSS,2025,MT,130.0,4,Bayes,0.0,posterior_predictive_mean,one median measured concentration per PhysicalEventID x Analyte
PE_39c8810e26ab4ca7933c,TSS,2025,MT,5595.0,4,Bayes,5252.364853698864,posterior_predictive_mean,one median measured concentration per PhysicalEventID x Analyte
PE_676050582c291c72204b,TSS,2025,MT,90.0,4,Bayes,0.0,posterior_predictive_mean,one median measured concentration per PhysicalEventID x Analyte
PE_6c85627a623e6c9dfbb4,TSS,2025,MT,8455.0,4,Bayes,5505.443786964755,posterior_predictive_mean,one median measured concentration per PhysicalEventID x Analyte
PE_7d221972180d28e4f760,TSS,2025,MT,2120.0,4,Bayes,927.2644217668296,posterior_predictive_mean,one median measured concentration per PhysicalEventID x Analyte
PE_a033c0958b5b88a75684,TSS,2025,MT,615.0,4,Bayes,175.02997439742853,posterior_predictive_mean,one median measured concentration per PhysicalEventID x Analyte
PE_a36448d6fe89c398bac0,TSS,2025,MT,258.33349999999996,4,Bayes,0.0,posterior_predictive_mean,one median measured concentration per PhysicalEventID x Analyte
PE_c1edec673d6e55fe03b0,TSS,2025,MT,196.667,4,Bayes,0.0,posterior_predictive_mean,one median measured concentration per PhysicalEventID x Analyte
PE_c63b91d3075e6834f32e,TSS,2025,MT,6068.3330000000005,4,Bayes,5471.165776431356,posterior_predictive_mean,one median measured concentration per PhysicalEventID x Analyte
PE_e6892c1c4df9f9956548,TSS,2025,MT,1966.667,4,Bayes,968.7498888408592,posterior_predictive_mean,one median measured concentration per PhysicalEventID x Analyte
PE_f2544036a8cdc2b562ca,TSS,2025,MT,2195.0,4,Bayes,1786.5950801793033,posterior_predictive_mean,one median measured concentration per PhysicalEventID x Analyte
PE_ff8985d7bd1f94902d4e,TSS,2025,MT,881.6665,4,Bayes,0.0,posterior_predictive_mean,one median measured concentration per PhysicalEventID x Analyte
PE_0373cedd6c6b07cdac38,TSS,2025,ST,1921.6665,4,Bayes,1516.655938695321,posterior_predictive_mean,one median measured concentration per PhysicalEventID x Analyte
PE_0c2d197a5610b0bbb10e,TSS,2025,ST,678.333,4,Bayes,0.0,posterior_predictive_mean,one median measured concentration per PhysicalEventID x Analyte
PE_2000666922e9baf4491a,TSS,2025,ST,1636.6665,4,Bayes,415.5744975820744,posterior_predictive_mean,one median measured concentration per PhysicalEventID x Analyte
PE_326f1ee42ddcd2cd3c31,TSS,2025,ST,2630.0,4,Bayes,2353.7894245282887,posterior_predictive_mean,one median measured concentration per PhysicalEventID x Analyte
PE_33b48c45a8f1d7ee984a,TSS,2025,ST,290.0,4,Bayes,0.0,posterior_predictive_mean,one median measured concentration per PhysicalEventID x Analyte
PE_44d1a7f433fe780ac78b,TSS,2025,ST,2930.0,4,Bayes,2218.3789253710447,posterior_predictive_mean,one median measured concentration per PhysicalEventID x Analyte
PE_55ff1c1f21eee62bac5f,TSS,2025,ST,2303.3334999999997,4,Bayes,1127.4707822674725,posterior_predictive_mean,one median measured concentration per PhysicalEventID x Analyte
PE_69bf4666a40285ef26b8,TSS,2025,ST,1321.667,4,Bayes,521.5446615166534,posterior_predictive_mean,one median measured concentration per PhysicalEventID x Analyte
PE_6db16cd7a8da79e5651d,TSS,2025,ST,533.333,4,Bayes,0.0,posterior_predictive_mean,one median measured concentration per PhysicalEventID x Analyte
PE_7024c3ae50e63fc3a67a,TSS,2025,ST,356.667,1,Bayes,314.32655150216544,posterior_predictive_mean,one median measured concentration per PhysicalEventID x Analyte
PE_744bc567dc348be5d05b,TSS,2025,ST,955.0,4,Bayes,0.0,posterior_predictive_mean,one median measured concentration per PhysicalEventID x Analyte
PE_76eec8ae39fe2d6f5031,TSS,2025,ST,2980.0,4,Bayes,1915.411120690376,posterior_predictive_mean,one median measured concentration per PhysicalEventID x Analyte
PE_a873c6f206750ebc6cd1,TSS,2025,ST,788.3330000000001,4,Bayes,155.45647548192528,posterior_predictive_mean,one median measured concentration per PhysicalEventID x Analyte
PE_2fff192166fb6a1b5884,TSS,2011,CT,997.38,1,ML,921.6008357496607,full_record_deterministic_prediction,one median measured concentration per PhysicalEventID x Analyte
PE_35e13c2714d6ea95f5d3,TSS,2011,CT,1115.4,1,ML,1149.6054366972346,full_record_deterministic_prediction,one median measured concentration per PhysicalEventID x Analyte
PE_3da987b4bbd059aa3b87,TSS,2011,CT,1216.56,1,ML,1284.4311944428716,full_record_deterministic_prediction,one median measured concentration per PhysicalEventID x Analyte
PE_478d3c0884b4f50a8523,TSS,2011,CT,1385.16,1,ML,1096.5784808226308,full_record_deterministic_prediction,one median measured concentration per PhysicalEventID x Analyte
PE_57effa7ea94a4868513b,TSS,2011,CT,1014.24,1,ML,1129.7120272063466,full_record_deterministic_prediction,one median measured concentration per PhysicalEventID x Analyte
PE_7025ca38701f624e1713,TSS,2011,CT,1520.04,1,ML,843.8412888301211,full_record_deterministic_prediction,one median measured concentration per PhysicalEventID x Analyte
PE_7ab5d22c48132f848099,TSS,2011,CT,1149.12,1,ML,1153.2310348751394,full_record_deterministic_prediction,one median measured concentration per PhysicalEventID x Analyte
PE_8372856d847ab29e3d55,TSS,2011,CT,1621.2,1,ML,1463.112930709166,full_record_deterministic_prediction,one median measured concentration per PhysicalEventID x Analyte
PE_9b06b2640ba03d9fa7c4,TSS,2011,CT,1351.44,1,ML,1328.54146301487,full_record_deterministic_prediction,one median measured concentration per PhysicalEventID x Analyte
PE_9e155a06de6d2a36ed95,TSS,2011,CT,1486.32,1,ML,1111.8816101426107,full_record_deterministic_prediction,one median measured concentration per PhysicalEventID x Analyte
PE_c33b54f99c0ede44173e,TSS,2011,CT,929.94,1,ML,1068.3314314376985,full_record_deterministic_prediction,one median measured concentration per PhysicalEventID x Analyte
PE_d16ac2ea89bbe98196a0,TSS,2011,CT,1101.733,1,ML,1214.1991405684605,full_record_deterministic_prediction,one median measured concentration per PhysicalEventID x Analyte
PE_13b97df6b79444e8e9e5,TSS,2011,MT,744.48,1,ML,993.0296242317664,full_record_deterministic_prediction,one median measured concentration per PhysicalEventID x Analyte
PE_1959bad48333cbb7ac20,TSS,2011,MT,1182.84,1,ML,1145.421717110604,full_record_deterministic_prediction,one median measured concentration per PhysicalEventID x Analyte
PE_2aaba42888d07cb12d22,TSS,2011,MT,1688.64,1,ML,916.503636914938,full_record_deterministic_prediction,one median measured concentration per PhysicalEventID x Analyte
PE_49484da33f0ea698b83b,TSS,2011,MT,946.8,1,ML,1123.7612037633216,full_record_deterministic_prediction,one median measured concentration per PhysicalEventID x Analyte
PE_60f1a6212ff620019a30,TSS,2011,MT,583.04,1,ML,732.0665240121359,full_record_deterministic_prediction,one median measured concentration per PhysicalEventID x Analyte
PE_63934b6278a65a8216b9,TSS,2011,MT,666.953,1,ML,948.8412523454928,full_record_deterministic_prediction,one median measured concentration per PhysicalEventID x Analyte
PE_759e17ed54a412339741,TSS,2011,MT,946.8,1,ML,1092.265364907223,full_record_deterministic_prediction,one median measured concentration per PhysicalEventID x Analyte
PE_8822e7617a2395f5da78,TSS,2011,MT,1300.86,1,ML,1425.7986039640673,full_record_deterministic_prediction,one median measured concentration per PhysicalEventID x Analyte
PE_883a7658077d89fcf49d,TSS,2011,MT,542.16,1,ML,730.3919629543415,full_record_deterministic_prediction,one median measured concentration per PhysicalEventID x Analyte
PE_90c1ad0a7f83e0b230a6,TSS,2011,MT,1772.94,1,ML,1421.851967695472,full_record_deterministic_prediction,one median measured concentration per PhysicalEventID x Analyte
PE_af262f79aa0ed033156d,TSS,2011,MT,1351.44,1,ML,1301.04789146266,full_record_deterministic_prediction,one median measured concentration per PhysicalEventID x Analyte
PE_bf4999981e8b30465343,TSS,2011,MT,1435.74,1,ML,1277.5935171054605,full_record_deterministic_prediction,one median measured concentration per PhysicalEventID x Analyte
PE_23fdec9b5d2f5aa45a05,TSS,2011,ST,494.773,1,ML,710.7647582342886,full_record_deterministic_prediction,one median measured concentration per PhysicalEventID x Analyte
PE_32e6a0947406c0450241,TSS,2011,ST,363.86,1,ML,658.0606556022789,full_record_deterministic_prediction,one median measured concentration per PhysicalEventID x Analyte
PE_556f24afddcf35c92237,TSS,2011,ST,626.46,1,ML,612.6373532556959,full_record_deterministic_prediction,one median measured concentration per PhysicalEventID x Analyte
PE_74d2b6cff9d0f8aad3cb,TSS,2011,ST,331.3,1,ML,792.6901307274611,full_record_deterministic_prediction,one median measured concentration per PhysicalEventID x Analyte
PE_95d3b43c79b8bf669652,TSS,2011,ST,542.16,1,ML,588.2631102780407,full_record_deterministic_prediction,one median measured concentration per PhysicalEventID x Analyte
PE_b29e09cdb7f952a1cdb0,TSS,2011,ST,798.253,1,ML,748.5225297085569,full_record_deterministic_prediction,one median measured concentration per PhysicalEventID x Analyte
PE_bbf4e95c02e1591047b4,TSS,2011,ST,2464.2,1,ML,1684.09420457721,full_record_deterministic_prediction,one median measured concentration per PhysicalEventID x Analyte
PE_db00152d9902bdb511ab,TSS,2011,ST,1317.72,1,ML,959.7963653542748,full_record_deterministic_prediction,one median measured concentration per PhysicalEventID x Analyte
PE_dfd4f33e25a6c0f68606,TSS,2011,ST,549.32,1,ML,618.0471761750056,full_record_deterministic_prediction,one median measured concentration per PhysicalEventID x Analyte
PE_e7adc6803f9ae278362b,TSS,2011,ST,233.333,1,ML,670.8725438652604,full_record_deterministic_prediction,one median measured concentration per PhysicalEventID x Analyte
PE_f5556b234e32459fa7a2,TSS,2011,ST,415.6,1,ML,996.6692578853704,full_record_deterministic_prediction,one median measured concentration per PhysicalEventID x Analyte
PE_fcddf23162383dff810e,TSS,2011,ST,380.333,1,ML,718.9804292823115,full_record_deterministic_prediction,one median measured concentration per PhysicalEventID x Analyte
PE_0d403a1dbd25bf378957,TSS,2012,CT,963.66,1,ML,1022.3931527965668,full_record_deterministic_prediction,one median measured concentration per PhysicalEventID x Analyte
PE_15c01ebd332fd5d41b39,TSS,2012,CT,811.92,1,ML,851.8221629228805,full_record_deterministic_prediction,one median measured concentration per PhysicalEventID x Analyte
PE_17730c5643d948b203ad,TSS,2012,CT,1992.12,1,ML,1126.4396913549144,full_record_deterministic_prediction,one median measured concentration per PhysicalEventID x Analyte
PE_2efa629b1e4ba707bca1,TSS,2012,CT,609.6,1,ML,765.424428665373,full_record_deterministic_prediction,one median measured concentration per PhysicalEventID x Analyte
PE_32cf57061f68ffb1c9cf,TSS,2012,CT,643.32,1,ML,778.186682956771,full_record_deterministic_prediction,one median measured concentration per PhysicalEventID x Analyte
PE_7105f0f414cf84b7ea78,TSS,2012,CT,795.06,1,ML,998.0492638145907,full_record_deterministic_prediction,one median measured concentration per PhysicalEventID x Analyte
PE_8926ae228cc15db54f23,TSS,2012,CT,1132.26,1,ML,1158.015531070197,full_record_deterministic_prediction,one median measured concentration per PhysicalEventID x Analyte
PE_93fc10203fe8e4c919ea,TSS,2012,CT,997.38,1,ML,1251.3872878176992,full_record_deterministic_prediction,one median measured concentration per PhysicalEventID x Analyte
PE_980f4b8e6c4ad4f916f0,TSS,2012,CT,845.64,1,ML,849.3896359333123,full_record_deterministic_prediction,one median measured concentration per PhysicalEventID x Analyte
PE_9990eb3a8c35bbfe0d52,TSS,2012,CT,1149.12,1,ML,957.2053789800324,full_record_deterministic_prediction,one median measured concentration per PhysicalEventID x Analyte
PE_9a4ef4ab7be905b67891,TSS,2012,CT,2152.29,1,ML,1014.437443864627,full_record_deterministic_prediction,one median measured concentration per PhysicalEventID x Analyte
PE_c022cac1f55e539686af,TSS,2012,CT,1638.06,1,ML,1104.9638874482926,full_record_deterministic_prediction,one median measured concentration per PhysicalEventID x Analyte
PE_cbed8a7088e045d7b553,TSS,2012,CT,1132.26,1,ML,1056.9274041211052,full_record_deterministic_prediction,one median measured concentration per PhysicalEventID x Analyte
PE_df9469438e8cb790e7af,TSS,2012,CT,1216.56,1,ML,1165.8507088866031,full_record_deterministic_prediction,one median measured concentration per PhysicalEventID x Analyte
PE_f0826e18d2e4817478f5,TSS,2012,CT,795.06,1,ML,918.2532060695712,full_record_deterministic_prediction,one median measured concentration per PhysicalEventID x Analyte
PE_fa3605fec991b5fdcb5e,TSS,2012,CT,980.52,1,ML,939.8850723827336,full_record_deterministic_prediction,one median measured concentration per PhysicalEventID x Analyte
PE_01ea2f88880fff50efcb,TSS,2012,MT,272.4,1,ML,689.0870149027339,full_record_deterministic_prediction,one median measured concentration per PhysicalEventID x Analyte
PE_084268df6eb9d4246043,TSS,2012,MT,913.08,1,ML,668.3754016624262,full_record_deterministic_prediction,one median measured concentration per PhysicalEventID x Analyte
PE_406a96629a182935cae7,TSS,2012,MT,938.37,1,ML,771.7845173940926,full_record_deterministic_prediction,one median measured concentration per PhysicalEventID x Analyte
PE_53bed9867f02ff579e2d,TSS,2012,MT,1368.3,1,ML,1275.5028553875811,full_record_deterministic_prediction,one median measured concentration per PhysicalEventID x Analyte
PE_55dfff50a7b8f0a977d1,TSS,2012,MT,1098.54,1,ML,1095.1318165383027,full_record_deterministic_prediction,one median measured concentration per PhysicalEventID x Analyte
PE_5d3101462bb3db890b29,TSS,2012,MT,1705.5,1,ML,960.07513447717,full_record_deterministic_prediction,one median measured concentration per PhysicalEventID x Analyte
PE_681443548ef078be38f1,TSS,2012,MT,1064.82,1,ML,1026.2872462171645,full_record_deterministic_prediction,one median measured concentration per PhysicalEventID x Analyte
PE_69e7705e30f4fa9b6143,TSS,2012,MT,559.02,1,ML,674.8340985169434,full_record_deterministic_prediction,one median measured concentration per PhysicalEventID x Analyte
PE_7bc7d14f1d4cbbeee019,TSS,2012,MT,457.86,1,ML,763.5128347540201,full_record_deterministic_prediction,one median measured concentration per PhysicalEventID x Analyte
PE_81617f8b3e2986274802,TSS,2012,MT,963.66,1,ML,691.9746398654269,full_record_deterministic_prediction,one median measured concentration per PhysicalEventID x Analyte
PE_860b95b364b2c2e3a6b5,TSS,2012,MT,508.44,1,ML,781.661660871386,full_record_deterministic_prediction,one median measured concentration per PhysicalEventID x Analyte
PE_8844898dffe247398b01,TSS,2012,MT,693.9,1,ML,758.5030634585424,full_record_deterministic_prediction,one median measured concentration per PhysicalEventID x Analyte
PE_8b5564238c223d972525,TSS,2012,MT,786.63,1,ML,976.6851748937256,full_record_deterministic_prediction,one median measured concentration per PhysicalEventID x Analyte
PE_8dd5bcb659f488a967c1,TSS,2012,MT,1351.44,1,ML,1429.0250467663109,full_record_deterministic_prediction,one median measured concentration per PhysicalEventID x Analyte
PE_bdf17111cc35249ef7aa,TSS,2012,MT,356.7,1,ML,507.6076574733689,full_record_deterministic_prediction,one median measured concentration per PhysicalEventID x Analyte
PE_c3c22e6072f6eeb66ac2,TSS,2012,MT,1351.48,1,ML,1234.5411825528904,full_record_deterministic_prediction,one median measured concentration per PhysicalEventID x Analyte
PE_d79901bee44e9d2ab8bc,TSS,2012,MT,887.79,1,ML,1052.8791378878225,full_record_deterministic_prediction,one median measured concentration per PhysicalEventID x Analyte
PE_d8275d4734b8c69e5afc,TSS,2012,MT,272.4,1,ML,336.3907952481824,full_record_deterministic_prediction,one median measured concentration per PhysicalEventID x Analyte
PE_0e586fb82f46b37d94b4,TSS,2012,ST,997.38,1,ML,1023.3934377276078,full_record_deterministic_prediction,one median measured concentration per PhysicalEventID x Analyte
PE_15badc81229f832de396,TSS,2012,ST,677.04,1,ML,950.678120985007,full_record_deterministic_prediction,one median measured concentration per PhysicalEventID x Analyte
PE_1a7d8cf14d5d7a84cc49,TSS,2012,ST,348.27,1,ML,551.6524281838878,full_record_deterministic_prediction,one median measured concentration per PhysicalEventID x Analyte
PE_248d74790d081f1ad247,TSS,2012,ST,693.9,1,ML,874.9842654235506,full_record_deterministic_prediction,one median measured concentration per PhysicalEventID x Analyte
PE_365d30de37f48e464de2,TSS,2012,ST,761.34,1,ML,827.4082348196473,full_record_deterministic_prediction,one median measured concentration per PhysicalEventID x Analyte
PE_57bf938d5e71dc213f59,TSS,2012,ST,621.402,1,ML,727.9865479349935,full_record_deterministic_prediction,one median measured concentration per PhysicalEventID x Analyte
PE_57fa018badecf5410da3,TSS,2012,ST,727.62,1,ML,697.0897061264434,full_record_deterministic_prediction,one median measured concentration per PhysicalEventID x Analyte
PE_5a2398fb5beb05ecabaa,TSS,2012,ST,879.36,1,ML,991.6625829947308,full_record_deterministic_prediction,one median measured concentration per PhysicalEventID x Analyte
PE_649006527ce5d1d1ff1f,TSS,2012,ST,542.16,1,ML,998.4452644383836,full_record_deterministic_prediction,one median measured concentration per PhysicalEventID x Analyte
PE_6975f3c079d281a511a0,TSS,2012,ST,677.04,1,ML,654.6628663356777,full_record_deterministic_prediction,one median measured concentration per PhysicalEventID x Analyte
PE_6c101e1953c53808bd4e,TSS,2012,ST,508.44,1,ML,804.1940969934767,full_record_deterministic_prediction,one median measured concentration per PhysicalEventID x Analyte
PE_bf44e09ffc415b58c4a0,TSS,2012,ST,710.76,1,ML,798.3135531917054,full_record_deterministic_prediction,one median measured concentration per PhysicalEventID x Analyte
PE_c8cfe41007225eb1567a,TSS,2012,ST,373.56,1,ML,406.84731785345855,full_record_deterministic_prediction,one median measured concentration per PhysicalEventID x Analyte
PE_cc5627c91253785c0d98,TSS,2012,ST,795.06,1,ML,672.5403006092948,full_record_deterministic_prediction,one median measured concentration per PhysicalEventID x Analyte
PE_e54a1b2fb0b2d2f3c583,TSS,2012,ST,1149.123,1,ML,874.8903995739976,full_record_deterministic_prediction,one median measured concentration per PhysicalEventID x Analyte
PE_fe2c74881a28e96903f0,TSS,2012,ST,862.5,1,ML,731.283223285833,full_record_deterministic_prediction,one median measured concentration per PhysicalEventID x Analyte
PE_0609bb3a38fc48d18c44,TSS,2013,CT,108.625,1,ML,715.5967908830809,full_record_deterministic_prediction,one median measured concentration per PhysicalEventID x Analyte
PE_06846811b2896d804676,TSS,2013,CT,1958.4,1,ML,1406.2589157430637,full_record_deterministic_prediction,one median measured concentration per PhysicalEventID x Analyte
PE_2e9d58711c9824497c11,TSS,2013,CT,4866.75,1,ML,373.5979783719466,full_record_deterministic_prediction,one median measured concentration per PhysicalEventID x Analyte
PE_7dbc678d30fda2bb0d2c,TSS,2013,CT,154.75,1,ML,190.7974520150551,full_record_deterministic_prediction,one median measured concentration per PhysicalEventID x Analyte
PE_a814ea72d8a79e5ce612,TSS,2013,CT,2253.45,1,ML,1836.2459123032072,full_record_deterministic_prediction,one median measured concentration per PhysicalEventID x Analyte
PE_dc649077fd49ff457e31,TSS,2013,CT,257.317,1,ML,472.9728849638473,full_record_deterministic_prediction,one median measured concentration per PhysicalEventID x Analyte
PE_113a8b8781b7a42b7a0c,TSS,2013,MT,554.325,1,ML,380.0951652934101,full_record_deterministic_prediction,one median measured concentration per PhysicalEventID x Analyte
PE_12cbc4a228ce581574f5,TSS,2013,MT,929.95,1,ML,573.4479303217856,full_record_deterministic_prediction,one median measured concentration per PhysicalEventID x Analyte
PE_1bd1f8a68c1dc49b3965,TSS,2013,MT,399.775,1,ML,243.4901089853101,full_record_deterministic_prediction,one median measured concentration per PhysicalEventID x Analyte
PE_262bcdadb146dac989ae,TSS,2013,MT,921.517,1,ML,1063.4552423370355,full_record_deterministic_prediction,one median measured concentration per PhysicalEventID x Analyte
PE_99b3a7e1248efb280745,TSS,2013,MT,1108.875,1,ML,888.3984788503068,full_record_deterministic_prediction,one median measured concentration per PhysicalEventID x Analyte
PE_e9b4025c029d683e1a32,TSS,2013,MT,1867.35,1,ML,1476.555386855913,full_record_deterministic_prediction,one median measured concentration per PhysicalEventID x Analyte
PE_06463f55c291ea1d15a9,TSS,2013,ST,161.0,1,ML,229.412700338606,full_record_deterministic_prediction,one median measured concentration per PhysicalEventID x Analyte
PE_2b1a26b26247f7aaf591,TSS,2013,ST,769.8,1,ML,707.8181371493212,full_record_deterministic_prediction,one median measured concentration per PhysicalEventID x Analyte
PE_3a1f801f634bfe189584,TSS,2013,ST,595.275,1,ML,821.5752167898545,full_record_deterministic_prediction,one median measured concentration per PhysicalEventID x Analyte
PE_4ba63451b7dc89c0a556,TSS,2013,ST,173.5,1,ML,571.5374547124192,full_record_deterministic_prediction,one median measured concentration per PhysicalEventID x Analyte
PE_b7ff1c1774876e409c04,TSS,2013,ST,930.85,1,ML,542.2595035214911,full_record_deterministic_prediction,one median measured concentration per PhysicalEventID x Analyte
PE_f7fa36feaba1a3684ccf,TSS,2013,ST,82.25,1,ML,146.73929922085236,full_record_deterministic_prediction,one median measured concentration per PhysicalEventID x Analyte
PE_0c873ebca68f220b5575,TSS,2014,CT,523.333,4,ML,587.0553618731346,full_record_deterministic_prediction,one median measured concentration per PhysicalEventID x Analyte
PE_0f2c1b5db3c1949d1f74,TSS,2014,CT,467.5,4,ML,504.5865747344512,full_record_deterministic_prediction,one median measured concentration per PhysicalEventID x Analyte
PE_0f6804c5fdc4da7fb4f7,TSS,2014,CT,2530.0,4,ML,2358.1517417179543,full_record_deterministic_prediction,one median measured concentration per PhysicalEventID x Analyte
PE_4c80e607422dec97f0c9,TSS,2014,CT,501.60699999999997,2,ML,652.0575380799376,full_record_deterministic_prediction,one median measured concentration per PhysicalEventID x Analyte
PE_e1f06f083d001c899062,TSS,2014,CT,1096.667,3,ML,1128.0950743038816,full_record_deterministic_prediction,one median measured concentration per PhysicalEventID x Analyte
PE_e4c541913dac4c0bca3d,TSS,2014,CT,768.72,2,ML,867.5520848215615,full_record_deterministic_prediction,one median measured concentration per PhysicalEventID x Analyte
PE_214aa9017327a70f135f,TSS,2014,MT,1062.005,2,ML,952.634327421334,full_record_deterministic_prediction,one median measured concentration per PhysicalEventID x Analyte
PE_28a3ad7db7957a75e475,TSS,2014,MT,170.0,1,ML,246.0878515892213,full_record_deterministic_prediction,one median measured concentration per PhysicalEventID x Analyte
PE_909a6e90f2a2fb0ccb86,TSS,2014,MT,260.0,1,ML,294.55574910857115,full_record_deterministic_prediction,one median measured concentration per PhysicalEventID x Analyte
PE_c29031fe1d291910e835,TSS,2014,MT,726.4445000000001,2,ML,629.2367442285544,full_record_deterministic_prediction,one median measured concentration per PhysicalEventID x Analyte
PE_5d5cb3edcd99b5be75e6,TSS,2014,ST,940.3589999999999,2,ML,515.2971439763868,full_record_deterministic_prediction,one median measured concentration per PhysicalEventID x Analyte
PE_99c4e1053e4376d0bed3,TSS,2014,ST,222.625,4,ML,229.72645981713885,full_record_deterministic_prediction,one median measured concentration per PhysicalEventID x Analyte
PE_be3da0eafc673da18d92,TSS,2014,ST,324.4375,2,ML,357.0871837777744,full_record_deterministic_prediction,one median measured concentration per PhysicalEventID x Analyte
PE_d1afac04920a2ee5af17,TSS,2014,ST,1254.405,3,ML,616.6149692678282,full_record_deterministic_prediction,one median measured concentration per PhysicalEventID x Analyte
PE_e5b7650f3b7e52f1a1bf,TSS,2014,ST,1256.667,4,ML,1138.4936241079376,full_record_deterministic_prediction,one median measured concentration per PhysicalEventID x Analyte
PE_e6f216bc2af9baf87adb,TSS,2014,ST,640.0,3,ML,1082.3993168612872,full_record_deterministic_prediction,one median measured concentration per PhysicalEventID x Analyte
PE_003510690d55f2e080ab,TSS,2015,CT,1532.0,2,ML,1454.8684471105498,full_record_deterministic_prediction,one median measured concentration per PhysicalEventID x Analyte
PE_01dfb8394999c3a08b1b,TSS,2015,CT,1166.6665,2,ML,1201.978430916326,full_record_deterministic_prediction,one median measured concentration per PhysicalEventID x Analyte
PE_1994b95c4c5d89d54441,TSS,2015,CT,1089.3335,2,ML,1202.2323973428424,full_record_deterministic_prediction,one median measured concentration per PhysicalEventID x Analyte
PE_1ad2a48558b8c9cdf0bb,TSS,2015,CT,2034.6665,2,ML,1414.170616420702,full_record_deterministic_prediction,one median measured concentration per PhysicalEventID x Analyte
PE_38f43e287ee7d1f916e4,TSS,2015,CT,2398.3334999999997,2,ML,1465.6910953016454,full_record_deterministic_prediction,one median measured concentration per PhysicalEventID x Analyte
PE_42feb90a12eb2a1656cd,TSS,2015,CT,105.0,1,ML,201.14936821185083,full_record_deterministic_prediction,one median measured concentration per PhysicalEventID x Analyte
PE_63a5c105af28ea9f75a7,TSS,2015,CT,35.0,2,ML,36.56001679630453,full_record_deterministic_prediction,one median measured concentration per PhysicalEventID x Analyte
PE_9a36752b43ad5983930a,TSS,2015,CT,1570.0,1,ML,1025.0096562229708,full_record_deterministic_prediction,one median measured concentration per PhysicalEventID x Analyte
PE_b307adedb4f140b2f276,TSS,2015,CT,1550.0,2,ML,1558.95126339125,full_record_deterministic_prediction,one median measured concentration per PhysicalEventID x Analyte
PE_eba40b08b5ce69421768,TSS,2015,CT,1691.3335,2,ML,1313.4855596910588,full_record_deterministic_prediction,one median measured concentration per PhysicalEventID x Analyte
PE_ece5ee3d9a47f8a4b70b,TSS,2015,CT,3781.25,2,ML,1955.2242711400672,full_record_deterministic_prediction,one median measured concentration per PhysicalEventID x Analyte
PE_effd37ee189df750ad5a,TSS,2015,CT,103.75,2,ML,42.823697978887765,full_record_deterministic_prediction,one median measured concentration per PhysicalEventID x Analyte
PE_078b8edebaf25b47ca9c,TSS,2015,MT,124.5835,2,ML,137.3104273994036,full_record_deterministic_prediction,one median measured concentration per PhysicalEventID x Analyte
PE_09a938930ab837ebeb36,TSS,2015,MT,340.0,1,ML,221.9873352566709,full_record_deterministic_prediction,one median measured concentration per PhysicalEventID x Analyte
PE_0e378dd2a91d7df1a7a9,TSS,2015,MT,13.0,2,ML,8.079040698655417,full_record_deterministic_prediction,one median measured concentration per PhysicalEventID x Analyte
PE_4ebf629c5dd531a50c12,TSS,2015,MT,470.0,2,ML,296.29864843084704,full_record_deterministic_prediction,one median measured concentration per PhysicalEventID x Analyte
PE_61227cf97dd057e6375a,TSS,2015,MT,267.917,2,ML,147.30104216795644,full_record_deterministic_prediction,one median measured concentration per PhysicalEventID x Analyte
PE_74dfc686b20e794d29d3,TSS,2015,MT,435.0,1,ML,210.4787771942053,full_record_deterministic_prediction,one median measured concentration per PhysicalEventID x Analyte
PE_9f67556e2848ccb24a85,TSS,2015,MT,371.66650000000004,2,ML,345.9934920275648,full_record_deterministic_prediction,one median measured concentration per PhysicalEventID x Analyte
PE_a98d09332522adfe618b,TSS,2015,MT,146.333,2,ML,130.1996082127981,full_record_deterministic_prediction,one median measured concentration per PhysicalEventID x Analyte
PE_bd8c84ec329021438849,TSS,2015,MT,303.33349999999996,2,ML,200.48651575085157,full_record_deterministic_prediction,one median measured concentration per PhysicalEventID x Analyte
PE_bf6fc540566653c363a5,TSS,2015,MT,378.33349999999996,2,ML,257.02957800970614,full_record_deterministic_prediction,one median measured concentration per PhysicalEventID x Analyte
PE_f28eca55841e3590b19f,TSS,2015,MT,99.333,2,ML,172.4788720892597,full_record_deterministic_prediction,one median measured concentration per PhysicalEventID x Analyte
PE_fc35961bbf4775b1838e,TSS,2015,MT,18.5,2,ML,21.079825584103887,full_record_deterministic_prediction,one median measured concentration per PhysicalEventID x Analyte
PE_27068e46a99396e37068,TSS,2015,ST,60.3335,2,ML,96.48021072861532,full_record_deterministic_prediction,one median measured concentration per PhysicalEventID x Analyte
PE_2bc636c51bdfedd7a673,TSS,2015,ST,120.8335,2,ML,108.35143631523424,full_record_deterministic_prediction,one median measured concentration per PhysicalEventID x Analyte
PE_61cbb9676a953528de2c,TSS,2015,ST,135.0,1,ML,103.31184404628434,full_record_deterministic_prediction,one median measured concentration per PhysicalEventID x Analyte
PE_64548a06be4bb873cda0,TSS,2015,ST,80.889,2,ML,73.03701032333993,full_record_deterministic_prediction,one median measured concentration per PhysicalEventID x Analyte
PE_72bbe667892a258fbed0,TSS,2015,ST,45.0,2,ML,42.9578066904437,full_record_deterministic_prediction,one median measured concentration per PhysicalEventID x Analyte
PE_8b715eebc00f1d87b8e3,TSS,2015,ST,158.33350000000002,2,ML,61.73303514694328,full_record_deterministic_prediction,one median measured concentration per PhysicalEventID x Analyte
PE_982e6a4e7c9174d09a3c,TSS,2015,ST,50.0,1,ML,27.014217736083275,full_record_deterministic_prediction,one median measured concentration per PhysicalEventID x Analyte
PE_ab750944465b3b03a5ec,TSS,2015,ST,185.0,2,ML,146.61210772096706,full_record_deterministic_prediction,one median measured concentration per PhysicalEventID x Analyte
PE_c173a335fbc6a1794117,TSS,2015,ST,157.5,2,ML,66.99010123403244,full_record_deterministic_prediction,one median measured concentration per PhysicalEventID x Analyte
PE_e9d0921860cc7c87fefe,TSS,2015,ST,110.0,1,ML,109.209328801748,full_record_deterministic_prediction,one median measured concentration per PhysicalEventID x Analyte
PE_ef16b92ac44718ed6fbe,TSS,2015,ST,4.0,2,ML,4.494803523113715,full_record_deterministic_prediction,one median measured concentration per PhysicalEventID x Analyte
PE_f98814c17b9da4b10046,TSS,2015,ST,29.6665,2,ML,38.53162815285288,full_record_deterministic_prediction,one median measured concentration per PhysicalEventID x Analyte
PE_571c968894d925b12ac7,TSS,2016,CT,669.923,2,ML,659.9441633990756,full_record_deterministic_prediction,one median measured concentration per PhysicalEventID x Analyte
PE_796a63125680b03b1a47,TSS,2016,CT,837.0450000000001,2,ML,445.7279001980297,full_record_deterministic_prediction,one median measured concentration per PhysicalEventID x Analyte
PE_962807ecf486db3c765b,TSS,2016,CT,663.9745,2,ML,686.6941090478241,full_record_deterministic_prediction,one median measured concentration per PhysicalEventID x Analyte
PE_cf4508303fbec7c40fe5,TSS,2016,CT,1684.0149999999999,2,ML,811.4954809176313,full_record_deterministic_prediction,one median measured concentration per PhysicalEventID x Analyte
PE_06726b0bbd436c0f2638,TSS,2016,MT,226.6685,2,ML,220.1664661207799,full_record_deterministic_prediction,one median measured concentration per PhysicalEventID x Analyte
PE_1d9fa89274a5507fb9c3,TSS,2016,MT,127.2215,2,ML,283.31429883111366,full_record_deterministic_prediction,one median measured concentration per PhysicalEventID x Analyte
PE_2836684cbc95d298d128,TSS,2016,MT,320.8325,2,ML,304.56231743118167,full_record_deterministic_prediction,one median measured concentration per PhysicalEventID x Analyte
PE_e91aef82d1d0158c64de,TSS,2016,MT,279.375,2,ML,529.591152371622,full_record_deterministic_prediction,one median measured concentration per PhysicalEventID x Analyte
PE_245bc6dafec7fe277df3,TSS,2016,ST,258.2405,2,ML,317.5673600550808,full_record_deterministic_prediction,one median measured concentration per PhysicalEventID x Analyte
PE_518a902e850a37a6e1f7,TSS,2016,ST,217.8145,2,ML,324.11030493643256,full_record_deterministic_prediction,one median measured concentration per PhysicalEventID x Analyte
PE_7b17489d08fa900cd025,TSS,2016,ST,1273.0549999999998,2,ML,817.0822705270912,full_record_deterministic_prediction,one median measured concentration per PhysicalEventID x Analyte
PE_ed07163240c41f058ff7,TSS,2016,ST,508.5715,2,ML,385.52544609883176,full_record_deterministic_prediction,one median measured concentration per PhysicalEventID x Analyte
PE_0db94b33091790ae448c,TSS,2017,CT,1110.0,3,ML,1464.190142268465,full_record_deterministic_prediction,one median measured concentration per PhysicalEventID x Analyte
PE_1286406ef8d51ffa7b89,TSS,2017,CT,4678.333500000001,2,ML,4158.451731665028,full_record_deterministic_prediction,one median measured concentration per PhysicalEventID x Analyte
PE_20fd7645e8886a1975a0,TSS,2017,CT,3660.0,2,ML,3782.852790711406,full_record_deterministic_prediction,one median measured concentration per PhysicalEventID x Analyte
PE_31bb29072ce592a58136,TSS,2017,CT,3411.6665000000003,2,ML,2588.804987012228,full_record_deterministic_prediction,one median measured concentration per PhysicalEventID x Analyte
PE_4a45291481f1020c04f7,TSS,2017,CT,550.0,3,ML,934.8561115214852,full_record_deterministic_prediction,one median measured concentration per PhysicalEventID x Analyte
PE_a249f721c9cded6ed477,TSS,2017,CT,776.667,3,ML,857.7457167713525,full_record_deterministic_prediction,one median measured concentration per PhysicalEventID x Analyte
PE_a86f0dd73b63a18791b9,TSS,2017,CT,2538.333,3,ML,1963.9265395524783,full_record_deterministic_prediction,one median measured concentration per PhysicalEventID x Analyte
PE_c0e9a65e116d987d3dfe,TSS,2017,CT,810.0,3,ML,871.411981322054,full_record_deterministic_prediction,one median measured concentration per PhysicalEventID x Analyte
PE_c67a9e43f22b05bb8d70,TSS,2017,CT,4885.8335,2,ML,4128.196259708926,full_record_deterministic_prediction,one median measured concentration per PhysicalEventID x Analyte
PE_c6a22d9daf9658c76f8d,TSS,2017,CT,920.0,3,ML,969.8119049060388,full_record_deterministic_prediction,one median measured concentration per PhysicalEventID x Analyte
PE_c7e10f3a52f813c6a07a,TSS,2017,CT,8252.5,2,ML,5249.246754158776,full_record_deterministic_prediction,one median measured concentration per PhysicalEventID x Analyte
PE_f0acae9004db30c9f89b,TSS,2017,CT,4550.0,2,ML,3323.9538455250727,full_record_deterministic_prediction,one median measured concentration per PhysicalEventID x Analyte
PE_01ef9362ba3276afc3a9,TSS,2017,MT,1119.1665,2,ML,495.7987281611513,full_record_deterministic_prediction,one median measured concentration per PhysicalEventID x Analyte
PE_0d069e1b4f6cd76df6ac,TSS,2017,MT,241.66649999999998,2,ML,395.5899004896321,full_record_deterministic_prediction,one median measured concentration per PhysicalEventID x Analyte
PE_283a79a4d7e1d99ea45c,TSS,2017,MT,175.0,2,ML,255.3260635094934,full_record_deterministic_prediction,one median measured concentration per PhysicalEventID x Analyte
PE_3712d644db8e7505fd90,TSS,2017,MT,336.5,2,ML,409.0786418042944,full_record_deterministic_prediction,one median measured concentration per PhysicalEventID x Analyte
PE_44c3319c1ae4491d3b22,TSS,2017,MT,325.0,2,ML,308.3340533742073,full_record_deterministic_prediction,one median measured concentration per PhysicalEventID x Analyte
PE_5f5cdcb0357234b8314a,TSS,2017,MT,350.0,2,ML,310.0020070116008,full_record_deterministic_prediction,one median measured concentration per PhysicalEventID x Analyte
PE_72973ed7fd2fafa39b49,TSS,2017,MT,185.0,2,ML,306.83259037115937,full_record_deterministic_prediction,one median measured concentration per PhysicalEventID x Analyte
PE_7563047765a1e3f047e6,TSS,2017,MT,1215.0,2,ML,744.3184335612655,full_record_deterministic_prediction,one median measured concentration per PhysicalEventID x Analyte
PE_ae6e7b1bd3de16ea6d0f,TSS,2017,MT,475.0,2,ML,389.1505908091812,full_record_deterministic_prediction,one median measured concentration per PhysicalEventID x Analyte
PE_c9e73ef1dabab1e96c37,TSS,2017,MT,668.3330000000001,2,ML,491.3112509110487,full_record_deterministic_prediction,one median measured concentration per PhysicalEventID x Analyte
PE_df9fe3439780c58ef619,TSS,2017,MT,385.0,2,ML,494.3049353451252,full_record_deterministic_prediction,one median measured concentration per PhysicalEventID x Analyte
PE_fa68bde0c7a186695c73,TSS,2017,MT,418.33299999999997,2,ML,507.3966560494507,full_record_deterministic_prediction,one median measured concentration per PhysicalEventID x Analyte
PE_20cdd4f089d2cb0bb73d,TSS,2017,ST,925.0,2,ML,635.1705808539807,full_record_deterministic_prediction,one median measured concentration per PhysicalEventID x Analyte
PE_4998c6ec98ba5c91a95d,TSS,2017,ST,619.0,3,ML,461.70873339273817,full_record_deterministic_prediction,one median measured concentration per PhysicalEventID x Analyte
PE_4d317db65fbb1df71b52,TSS,2017,ST,260.0,3,ML,259.6448672186272,full_record_deterministic_prediction,one median measured concentration per PhysicalEventID x Analyte
PE_531c541dd4a3fff82f15,TSS,2017,ST,1355.0,2,ML,876.9562521697877,full_record_deterministic_prediction,one median measured concentration per PhysicalEventID x Analyte
PE_568f0b5ec6deda07b9f9,TSS,2017,ST,2703.3335,2,ML,1364.795702992899,full_record_deterministic_prediction,one median measured concentration per PhysicalEventID x Analyte
PE_6ca81f85570cae0e0d9c,TSS,2017,ST,486.6665,2,ML,373.2025242623157,full_record_deterministic_prediction,one median measured concentration per PhysicalEventID x Analyte
PE_8b4c5aba46522be8a6ae,TSS,2017,ST,375.0,2,ML,552.8477524751091,full_record_deterministic_prediction,one median measured concentration per PhysicalEventID x Analyte
PE_9be29822841d41a56b41,TSS,2017,ST,309.16650000000004,2,ML,353.30178659315703,full_record_deterministic_prediction,one median measured concentration per PhysicalEventID x Analyte
PE_dd2eb9cbf33aadc76796,TSS,2017,ST,190.0,3,ML,210.3940422691809,full_record_deterministic_prediction,one median measured concentration per PhysicalEventID x Analyte
PE_e8e143ce24098f6b3f6d,TSS,2017,ST,335.0,3,ML,357.99784317638114,full_record_deterministic_prediction,one median measured concentration per PhysicalEventID x Analyte
PE_fae3faa31fd03c716eb2,TSS,2017,ST,166.667,3,ML,228.34289814193525,full_record_deterministic_prediction,one median measured concentration per PhysicalEventID x Analyte
PE_166bc984fea383507df7,TSS,2020,CT,700.0,2,ML,650.4976276861908,full_record_deterministic_prediction,one median measured concentration per PhysicalEventID x Analyte
PE_568a40e75356dbe2944f,TSS,2020,CT,261.66650000000004,2,ML,381.9320611541109,full_record_deterministic_prediction,one median measured concentration per PhysicalEventID x Analyte
PE_5cea09f5406d83c18d64,TSS,2020,CT,556.667,1,ML,554.9360623817312,full_record_deterministic_prediction,one median measured concentration per PhysicalEventID x Analyte
PE_5fe6f2ac660a17d837bd,TSS,2020,CT,503.333,1,ML,645.515787382599,full_record_deterministic_prediction,one median measured concentration per PhysicalEventID x Analyte
PE_81e03fd81db11fe99704,TSS,2020,CT,978.3335,2,ML,807.1797945208008,full_record_deterministic_prediction,one median measured concentration per PhysicalEventID x Analyte
PE_956f49ab7f5a452d4e47,TSS,2020,CT,1385.0,2,ML,1224.8558657094236,full_record_deterministic_prediction,one median measured concentration per PhysicalEventID x Analyte
PE_a2e77087ab55e269e32c,TSS,2020,CT,816.667,1,ML,734.9169722931517,full_record_deterministic_prediction,one median measured concentration per PhysicalEventID x Analyte
PE_f112cb116ff39b0745d1,TSS,2020,CT,760.0,1,ML,606.7325188368127,full_record_deterministic_prediction,one median measured concentration per PhysicalEventID x Analyte
PE_1c61ae236bb189923470,TSS,2020,MT,63.333,2,ML,62.34633037513868,full_record_deterministic_prediction,one median measured concentration per PhysicalEventID x Analyte
PE_3f0bbb475c6994c60cf6,TSS,2020,MT,110.0,1,ML,128.87479883041368,full_record_deterministic_prediction,one median measured concentration per PhysicalEventID x Analyte
PE_48332f955c6c36e57528,TSS,2020,MT,135.0,2,ML,130.9898668926809,full_record_deterministic_prediction,one median measured concentration per PhysicalEventID x Analyte
PE_61b68e752c1619aa8c43,TSS,2020,MT,270.0,1,ML,256.2807611404578,full_record_deterministic_prediction,one median measured concentration per PhysicalEventID x Analyte
PE_8ed15b2f1e5372b81dc7,TSS,2020,MT,56.667,1,ML,79.86656941674988,full_record_deterministic_prediction,one median measured concentration per PhysicalEventID x Analyte
PE_addb6558497635dd3d9a,TSS,2020,MT,101.667,2,ML,84.53681809974151,full_record_deterministic_prediction,one median measured concentration per PhysicalEventID x Analyte
PE_f20fe17d9d856cebbcf8,TSS,2020,MT,115.0,2,ML,119.22367022982831,full_record_deterministic_prediction,one median measured concentration per PhysicalEventID x Analyte
PE_f8ef94027a8e2bfa6b9c,TSS,2020,MT,393.333,1,ML,373.3417483463789,full_record_deterministic_prediction,one median measured concentration per PhysicalEventID x Analyte
PE_0b902961f965469f339e,TSS,2020,ST,38.3335,2,ML,35.34633600294208,full_record_deterministic_prediction,one median measured concentration per PhysicalEventID x Analyte
PE_3f6400cdcf4fab1e9fc1,TSS,2020,ST,506.667,1,ML,418.5981175528496,full_record_deterministic_prediction,one median measured concentration per PhysicalEventID x Analyte
PE_46cc9f71204f4afd638d,TSS,2020,ST,240.0,1,ML,218.11755811469516,full_record_deterministic_prediction,one median measured concentration per PhysicalEventID x Analyte
PE_49fb6cd53fdd5e458f64,TSS,2020,ST,58.3335,2,ML,71.52009395515024,full_record_deterministic_prediction,one median measured concentration per PhysicalEventID x Analyte
PE_5ff3d0ad9d787e19a7ca,TSS,2020,ST,221.66649999999998,2,ML,252.4167152853605,full_record_deterministic_prediction,one median measured concentration per PhysicalEventID x Analyte
PE_875be1f39b86704274b0,TSS,2020,ST,66.667,1,ML,68.20745389437981,full_record_deterministic_prediction,one median measured concentration per PhysicalEventID x Analyte
PE_e92a1d87a3645647bd4e,TSS,2020,ST,39.1665,2,ML,49.07576397509658,full_record_deterministic_prediction,one median measured concentration per PhysicalEventID x Analyte
PE_ee23dd5347fd2acef254,TSS,2020,ST,53.333,1,ML,116.36314931370497,full_record_deterministic_prediction,one median measured concentration per PhysicalEventID x Analyte
PE_051cd85fc942217be314,TSS,2021,CT,763.3335,2,ML,883.8047364699278,full_record_deterministic_prediction,one median measured concentration per PhysicalEventID x Analyte
PE_0ac2121b8fe18c0053e2,TSS,2021,CT,1130.0,3,ML,1240.8407083281952,full_record_deterministic_prediction,one median measured concentration per PhysicalEventID x Analyte
PE_21dfe39111b133765d37,TSS,2021,CT,1613.3335,2,ML,1963.004341059064,full_record_deterministic_prediction,one median measured concentration per PhysicalEventID x Analyte
PE_21eb97240c4e244d59c9,TSS,2021,CT,2441.6668335,2,ML,2343.3768909201854,full_record_deterministic_prediction,one median measured concentration per PhysicalEventID x Analyte
PE_2e40b6e91cc7d5ecd6c3,TSS,2021,CT,3160.0,2,ML,2213.0045555149864,full_record_deterministic_prediction,one median measured concentration per PhysicalEventID x Analyte
PE_33074ef569f8079ca2c5,TSS,2021,CT,2245.0,2,ML,2109.5869105881147,full_record_deterministic_prediction,one median measured concentration per PhysicalEventID x Analyte
PE_3e80216d31c31cb94be7,TSS,2021,CT,881.6665,4,ML,957.8632301138412,full_record_deterministic_prediction,one median measured concentration per PhysicalEventID x Analyte
PE_43f0020c0e87bb28cb4f,TSS,2021,CT,2081.6665000000003,2,ML,2223.275886143368,full_record_deterministic_prediction,one median measured concentration per PhysicalEventID x Analyte
PE_7bb31d342461203b532f,TSS,2021,CT,1566.667,4,ML,1082.205152243023,full_record_deterministic_prediction,one median measured concentration per PhysicalEventID x Analyte
PE_a1506e8e5a02282cf157,TSS,2021,CT,2518.3334999999997,2,ML,2545.052322643368,full_record_deterministic_prediction,one median measured concentration per PhysicalEventID x Analyte
PE_a9b65e771f7f28532999,TSS,2021,CT,1018.3335,4,ML,861.5391380445903,full_record_deterministic_prediction,one median measured concentration per PhysicalEventID x Analyte
PE_e9ed7c0da6f350ec0ebd,TSS,2021,CT,2001.6665,2,ML,1150.0323239721372,full_record_deterministic_prediction,one median measured concentration per PhysicalEventID x Analyte
PE_10a82e2f3d5ad96163d0,TSS,2021,MT,398.33349999999996,2,ML,392.95459544177714,full_record_deterministic_prediction,one median measured concentration per PhysicalEventID x Analyte
PE_29232e3b1d0dd0846861,TSS,2021,MT,386.6665,4,ML,349.2361819275848,full_record_deterministic_prediction,one median measured concentration per PhysicalEventID x Analyte
PE_3b0275b6f31aa3c48b11,TSS,2021,MT,95.0,2,ML,144.11740674581148,full_record_deterministic_prediction,one median measured concentration per PhysicalEventID x Analyte
PE_51b615c0027e4e29028e,TSS,2021,MT,850.0,2,ML,692.4421938979555,full_record_deterministic_prediction,one median measured concentration per PhysicalEventID x Analyte
PE_55b3839d44d67304ba2d,TSS,2021,MT,1370.0,2,ML,394.8531214242032,full_record_deterministic_prediction,one median measured concentration per PhysicalEventID x Analyte
PE_936c12cc5ae17810e93e,TSS,2021,MT,283.333,2,ML,309.9099981847519,full_record_deterministic_prediction,one median measured concentration per PhysicalEventID x Analyte
PE_97c5dc883be532c37d60,TSS,2021,MT,323.33349999999996,2,ML,350.93062737732873,full_record_deterministic_prediction,one median measured concentration per PhysicalEventID x Analyte
PE_c7ea31b20b60ad1966be,TSS,2021,MT,376.66650000000004,2,ML,416.8060653773672,full_record_deterministic_prediction,one median measured concentration per PhysicalEventID x Analyte
PE_e31452c7a0ebfbfaf3f2,TSS,2021,MT,286.667,4,ML,276.50444468054246,full_record_deterministic_prediction,one median measured concentration per PhysicalEventID x Analyte
PE_ebd22f3a15b20eea0e80,TSS,2021,MT,60.0,4,ML,94.17320570182426,full_record_deterministic_prediction,one median measured concentration per PhysicalEventID x Analyte
PE_f0e98ee733e1acf48f4e,TSS,2021,MT,230.0,3,ML,205.3211182064986,full_record_deterministic_prediction,one median measured concentration per PhysicalEventID x Analyte
PE_f544dd1f1224ddc9abde,TSS,2021,MT,1910.0,1,ML,647.9763728531224,full_record_deterministic_prediction,one median measured concentration per PhysicalEventID x Analyte
PE_16ac905814be2f1ac791,TSS,2021,ST,71.6665,2,ML,167.48507455680772,full_record_deterministic_prediction,one median measured concentration per PhysicalEventID x Analyte
PE_1a4143d14585d70064a4,TSS,2021,ST,818.3335,2,ML,529.2652829292723,full_record_deterministic_prediction,one median measured concentration per PhysicalEventID x Analyte
PE_3d9e743a00f5613f6722,TSS,2021,ST,1480.0,2,ML,511.5792157610017,full_record_deterministic_prediction,one median measured concentration per PhysicalEventID x Analyte
PE_47319afabf95ce33e7fd,TSS,2021,ST,508.33299999999997,2,ML,410.5300816404207,full_record_deterministic_prediction,one median measured concentration per PhysicalEventID x Analyte
PE_6af7db12fea1a0f5f5e0,TSS,2021,ST,285.0,2,ML,293.53861406442945,full_record_deterministic_prediction,one median measured concentration per PhysicalEventID x Analyte
PE_6ee044c77bdf30366b5d,TSS,2021,ST,1901.6665,2,ML,572.7553879880468,full_record_deterministic_prediction,one median measured concentration per PhysicalEventID x Analyte
PE_78a548d4e3eef2a21ea3,TSS,2021,ST,116.667,4,ML,84.49624130763877,full_record_deterministic_prediction,one median measured concentration per PhysicalEventID x Analyte
PE_835c9b48606f6cdfa777,TSS,2021,ST,121.6665,2,ML,148.221616486345,full_record_deterministic_prediction,one median measured concentration per PhysicalEventID x Analyte
PE_af610e0f46836e0b77e1,TSS,2021,ST,578.3335,2,ML,353.2599700366601,full_record_deterministic_prediction,one median measured concentration per PhysicalEventID x Analyte
PE_b08201b583b69f927729,TSS,2021,ST,270.0,2,ML,249.8796700809609,full_record_deterministic_prediction,one median measured concentration per PhysicalEventID x Analyte
PE_c917d3aa7638a95ddccd,TSS,2021,ST,86.667,4,ML,120.71899999366282,full_record_deterministic_prediction,one median measured concentration per PhysicalEventID x Analyte
PE_e416400520de7f5adc17,TSS,2021,ST,116.667,3,ML,170.72227804598464,full_record_deterministic_prediction,one median measured concentration per PhysicalEventID x Analyte
PE_074f45d65401c8fdb3f5,TSS,2022,CT,90.0,3,ML,163.28205445013143,full_record_deterministic_prediction,one median measured concentration per PhysicalEventID x Analyte
PE_26a08057b7264787ef06,TSS,2022,CT,216.667,1,ML,133.30319202364126,full_record_deterministic_prediction,one median measured concentration per PhysicalEventID x Analyte
PE_32d4186ac5b7c925427a,TSS,2022,CT,53.3335,2,ML,60.902453023796426,full_record_deterministic_prediction,one median measured concentration per PhysicalEventID x Analyte
PE_3433a0bfc8c7216f3995,TSS,2022,CT,896.667,1,ML,230.34850943679845,full_record_deterministic_prediction,one median measured concentration per PhysicalEventID x Analyte
PE_3f1a3adf6196ed54473e,TSS,2022,CT,150.0,1,ML,275.85312957617504,full_record_deterministic_prediction,one median measured concentration per PhysicalEventID x Analyte
PE_438127a754ce2a504c09,TSS,2022,CT,1173.3335,2,ML,961.3118378032192,full_record_deterministic_prediction,one median measured concentration per PhysicalEventID x Analyte
PE_5ae2ded12c8023b32c0a,TSS,2022,CT,196.66649999999998,2,ML,262.90431720276393,full_record_deterministic_prediction,one median measured concentration per PhysicalEventID x Analyte
PE_b8cc705881475991ea0f,TSS,2022,CT,61.6665,2,ML,76.9262263201804,full_record_deterministic_prediction,one median measured concentration per PhysicalEventID x Analyte
PE_c409fdcd758dbf3b86bb,TSS,2022,CT,2960.0,1,ML,680.8172113964027,full_record_deterministic_prediction,one median measured concentration per PhysicalEventID x Analyte
PE_db44df4caa1727e348be,TSS,2022,CT,150.0,3,ML,176.32844379585086,full_record_deterministic_prediction,one median measured concentration per PhysicalEventID x Analyte
PE_df160c088a0a2ccf4d3e,TSS,2022,CT,86.667,1,ML,126.408876739102,full_record_deterministic_prediction,one median measured concentration per PhysicalEventID x Analyte
PE_eb7e4b7d6a65d5aa6a4b,TSS,2022,CT,206.667,3,ML,231.88544715013225,full_record_deterministic_prediction,one median measured concentration per PhysicalEventID x Analyte
PE_14298b67e71efd6380df,TSS,2022,MT,1055.0,2,ML,630.4850142164321,full_record_deterministic_prediction,one median measured concentration per PhysicalEventID x Analyte
PE_260d9de653b38957c0fe,TSS,2022,MT,68.3335,2,ML,71.98479952992562,full_record_deterministic_prediction,one median measured concentration per PhysicalEventID x Analyte
PE_344e7a9bb935a4829210,TSS,2022,MT,370.0,2,ML,444.880464634424,full_record_deterministic_prediction,one median measured concentration per PhysicalEventID x Analyte
PE_3fc5dfce0fb4c6220e16,TSS,2022,MT,96.667,3,ML,129.2825728328694,full_record_deterministic_prediction,one median measured concentration per PhysicalEventID x Analyte
PE_5556897f607258fe9362,TSS,2022,MT,86.667,3,ML,101.96847930721256,full_record_deterministic_prediction,one median measured concentration per PhysicalEventID x Analyte
PE_7b7021667404f4bf5ffe,TSS,2022,MT,433.333,3,ML,388.9285434171538,full_record_deterministic_prediction,one median measured concentration per PhysicalEventID x Analyte
PE_7f40423a8c9c7387079e,TSS,2022,MT,816.6665,2,ML,459.7741943382096,full_record_deterministic_prediction,one median measured concentration per PhysicalEventID x Analyte
PE_912d046edf542edb9c36,TSS,2022,MT,88.3335,2,ML,95.6631533205899,full_record_deterministic_prediction,one median measured concentration per PhysicalEventID x Analyte
PE_a5a3e7d8a5e84189d18a,TSS,2022,MT,310.0,3,ML,267.46927122529155,full_record_deterministic_prediction,one median measured concentration per PhysicalEventID x Analyte
PE_aa383c8c9a57591dc206,TSS,2022,MT,63.3335,2,ML,60.4979972008287,full_record_deterministic_prediction,one median measured concentration per PhysicalEventID x Analyte
PE_afa287a09ff3e5bab631,TSS,2022,MT,390.0,3,ML,247.5609186852418,full_record_deterministic_prediction,one median measured concentration per PhysicalEventID x Analyte
PE_d41d88e8b515629ab69d,TSS,2022,MT,96.667,1,ML,93.59579686261156,full_record_deterministic_prediction,one median measured concentration per PhysicalEventID x Analyte
PE_f0406a7690a0e8ef2920,TSS,2022,MT,103.333,2,ML,70.11220509431273,full_record_deterministic_prediction,one median measured concentration per PhysicalEventID x Analyte
PE_0656666c2b33c1a71dfc,TSS,2022,ST,240.0,3,ML,227.93635005518064,full_record_deterministic_prediction,one median measured concentration per PhysicalEventID x Analyte
PE_230aa97120550e292bc7,TSS,2022,ST,380.0,2,ML,394.74034633915096,full_record_deterministic_prediction,one median measured concentration per PhysicalEventID x Analyte
PE_3eefa2d11be77738359b,TSS,2022,ST,66.667,3,ML,116.68539934875146,full_record_deterministic_prediction,one median measured concentration per PhysicalEventID x Analyte
PE_425f14902ee81a16cfeb,TSS,2022,ST,45.0,2,ML,47.32476372349223,full_record_deterministic_prediction,one median measured concentration per PhysicalEventID x Analyte
PE_510406c16da87dd620cb,TSS,2022,ST,2193.3335,2,ML,512.1211065514168,full_record_deterministic_prediction,one median measured concentration per PhysicalEventID x Analyte
PE_70d3cc17c47edebe68ad,TSS,2022,ST,68.3335,2,ML,59.64091089971448,full_record_deterministic_prediction,one median measured concentration per PhysicalEventID x Analyte
PE_7cf61966fec7c7b6adc5,TSS,2022,ST,43.3335,2,ML,50.80103778643243,full_record_deterministic_prediction,one median measured concentration per PhysicalEventID x Analyte
PE_901ccaf6a3ac1105504f,TSS,2022,ST,36.667,2,ML,82.96599452444333,full_record_deterministic_prediction,one median measured concentration per PhysicalEventID x Analyte
PE_99ec6d6affe898b0e8d2,TSS,2022,ST,133.333,1,ML,71.71100241796009,full_record_deterministic_prediction,one median measured concentration per PhysicalEventID x Analyte
PE_a8630556d08f6cec7f6a,TSS,2022,ST,213.333,3,ML,183.50056124873493,full_record_deterministic_prediction,one median measured concentration per PhysicalEventID x Analyte
PE_ceb9c23bc0db5be24388,TSS,2022,ST,73.333,3,ML,82.947422649743,full_record_deterministic_prediction,one median measured concentration per PhysicalEventID x Analyte
PE_d47080104483a2906848,TSS,2022,ST,446.667,3,ML,378.8245223581067,full_record_deterministic_prediction,one median measured concentration per PhysicalEventID x Analyte
PE_dc25029fed7bf1b276c5,TSS,2022,ST,475.0,2,ML,463.9696473187793,full_record_deterministic_prediction,one median measured concentration per PhysicalEventID x Analyte
PE_1607bd85c5b858754283,TSS,2023,CT,1620.0005,4,ML,1554.8957007419583,full_record_deterministic_prediction,one median measured concentration per PhysicalEventID x Analyte
PE_17f8630aaa6312f3912a,TSS,2023,CT,2556.6665000000003,4,ML,1081.1447796611835,full_record_deterministic_prediction,one median measured concentration per PhysicalEventID x Analyte
PE_21ef5b6342274d9e3203,TSS,2023,CT,1383.333,3,ML,755.4154170505399,full_record_deterministic_prediction,one median measured concentration per PhysicalEventID x Analyte
PE_222b0b4beba254c530d7,TSS,2023,CT,1406.667,3,ML,1437.2277725375388,full_record_deterministic_prediction,one median measured concentration per PhysicalEventID x Analyte
PE_577d295e76e129c37688,TSS,2023,CT,1116.667,4,ML,980.0683467891369,full_record_deterministic_prediction,one median measured concentration per PhysicalEventID x Analyte
PE_5bf168b414e63b4f63f3,TSS,2023,CT,885.8335,4,ML,1073.051572279594,full_record_deterministic_prediction,one median measured concentration per PhysicalEventID x Analyte
PE_7131d35e8cd02b882d26,TSS,2023,CT,660.0,4,ML,749.5428954776053,full_record_deterministic_prediction,one median measured concentration per PhysicalEventID x Analyte
PE_8474551aa700ba7170c1,TSS,2023,CT,4783.333,1,ML,2036.922677196712,full_record_deterministic_prediction,one median measured concentration per PhysicalEventID x Analyte
PE_bf4d5c43e21a82c51f4f,TSS,2023,CT,618.333,4,ML,751.7411616604229,full_record_deterministic_prediction,one median measured concentration per PhysicalEventID x Analyte
PE_ee0d84028e7204c9f8b6,TSS,2023,CT,906.667,4,ML,947.1259088663952,full_record_deterministic_prediction,one median measured concentration per PhysicalEventID x Analyte
PE_f071df1dfa8de45515c1,TSS,2023,CT,2060.0,1,ML,2079.129522461664,full_record_deterministic_prediction,one median measured concentration per PhysicalEventID x Analyte
PE_f7a5e5b2a4c1c3239774,TSS,2023,CT,680.0,4,ML,528.1257811143996,full_record_deterministic_prediction,one median measured concentration per PhysicalEventID x Analyte
PE_199b5b7c1aaa1098c691,TSS,2023,MT,1306.667,1,ML,1466.8797124716705,full_record_deterministic_prediction,one median measured concentration per PhysicalEventID x Analyte
PE_23621b170748f0fc60c2,TSS,2023,MT,1613.333,4,ML,1914.0925816697088,full_record_deterministic_prediction,one median measured concentration per PhysicalEventID x Analyte
PE_248493668060338e72e6,TSS,2023,MT,370.0,4,ML,346.79734389365126,full_record_deterministic_prediction,one median measured concentration per PhysicalEventID x Analyte
PE_3694e2f2ef6dd2e8480f,TSS,2023,MT,1100.0,1,ML,1471.7880605960715,full_record_deterministic_prediction,one median measured concentration per PhysicalEventID x Analyte
PE_7751232195de561530b0,TSS,2023,MT,861.667,4,ML,1351.3959546593237,full_record_deterministic_prediction,one median measured concentration per PhysicalEventID x Analyte
PE_8d90127b55de039c6ab7,TSS,2023,MT,1670.0,5,ML,1731.020141917883,full_record_deterministic_prediction,one median measured concentration per PhysicalEventID x Analyte
PE_9d88eac30a91208d302b,TSS,2023,MT,553.3335,4,ML,543.7677464979924,full_record_deterministic_prediction,one median measured concentration per PhysicalEventID x Analyte
PE_a5dd6f772a1d2e7d821c,TSS,2023,MT,358.33349999999996,6,ML,336.5053357947976,full_record_deterministic_prediction,one median measured concentration per PhysicalEventID x Analyte
PE_acc7ee117e759ece44f9,TSS,2023,MT,630.0,5,ML,304.86146291156274,full_record_deterministic_prediction,one median measured concentration per PhysicalEventID x Analyte
PE_b6fd60d10e559978199b,TSS,2023,MT,140.0,5,ML,163.04882129580864,full_record_deterministic_prediction,one median measured concentration per PhysicalEventID x Analyte
PE_bf74455b1a7c48461768,TSS,2023,MT,1060.0,3,ML,839.1003072386662,full_record_deterministic_prediction,one median measured concentration per PhysicalEventID x Analyte
PE_c4acde3ff39ca34f7f1d,TSS,2023,MT,3666.6665,4,ML,1313.483334844257,full_record_deterministic_prediction,one median measured concentration per PhysicalEventID x Analyte
PE_68d44a8c5ee2992c2c36,TSS,2023,ST,2896.6665000000003,4,ML,2064.9986208389964,full_record_deterministic_prediction,one median measured concentration per PhysicalEventID x Analyte
PE_6f90d69c4aa146a04e18,TSS,2023,ST,1883.333,1,ML,1867.0323209525063,full_record_deterministic_prediction,one median measured concentration per PhysicalEventID x Analyte
PE_78a0e5a12037218db30c,TSS,2023,ST,2806.667,5,ML,2696.3785999515576,full_record_deterministic_prediction,one median measured concentration per PhysicalEventID x Analyte
PE_8a47f8b2785e361a0f5c,TSS,2023,ST,528.3335,4,ML,652.4115006407793,full_record_deterministic_prediction,one median measured concentration per PhysicalEventID x Analyte
PE_8f51b688686d8bdc2f79,TSS,2023,ST,1638.3335,4,ML,1542.7269570230665,full_record_deterministic_prediction,one median measured concentration per PhysicalEventID x Analyte
PE_ada3010827131318b4a5,TSS,2023,ST,240.0,4,ML,277.6930270724421,full_record_deterministic_prediction,one median measured concentration per PhysicalEventID x Analyte
PE_bca2b67b03840bac2206,TSS,2023,ST,125.0,4,ML,140.70993015698684,full_record_deterministic_prediction,one median measured concentration per PhysicalEventID x Analyte
PE_c6f4076701513ce44077,TSS,2023,ST,4006.667,1,ML,2490.0383741745677,full_record_deterministic_prediction,one median measured concentration per PhysicalEventID x Analyte
PE_c9875bdbbfec951204a7,TSS,2023,ST,1518.333,4,ML,1674.259185882403,full_record_deterministic_prediction,one median measured concentration per PhysicalEventID x Analyte
PE_d0ce0a7aa7e876660808,TSS,2023,ST,298.33349999999996,4,ML,251.2408007342366,full_record_deterministic_prediction,one median measured concentration per PhysicalEventID x Analyte
PE_dbd728d03c1d5af8f0ef,TSS,2023,ST,2683.333,1,ML,1944.6588977657636,full_record_deterministic_prediction,one median measured concentration per PhysicalEventID x Analyte
PE_e29fdc102c9f799e8e4f,TSS,2023,ST,293.33349999999996,4,ML,318.9499488095663,full_record_deterministic_prediction,one median measured concentration per PhysicalEventID x Analyte
PE_fc1529c70189a30552dd,TSS,2023,ST,3078.333,4,ML,2801.337160658498,full_record_deterministic_prediction,one median measured concentration per PhysicalEventID x Analyte
PE_3a4478840ec05680e176,TSS,2024,CT,1235.0,4,ML,1494.7272969741116,full_record_deterministic_prediction,one median measured concentration per PhysicalEventID x Analyte
PE_828e337f2a8b9a9634d7,TSS,2024,CT,283.33349999999996,4,ML,412.7971499624995,full_record_deterministic_prediction,one median measured concentration per PhysicalEventID x Analyte
PE_87d4115bb68391b10daf,TSS,2024,CT,423.333,4,ML,577.8844341325358,full_record_deterministic_prediction,one median measured concentration per PhysicalEventID x Analyte
PE_a354768a3ad269a40a28,TSS,2024,CT,1582.5,4,ML,1085.8479427824695,full_record_deterministic_prediction,one median measured concentration per PhysicalEventID x Analyte
PE_add35a9103c77e144288,TSS,2024,CT,508.33299999999997,4,ML,616.2058254956544,full_record_deterministic_prediction,one median measured concentration per PhysicalEventID x Analyte
PE_dd4d0ea35e35c329e9d8,TSS,2024,CT,963.3330000000001,4,ML,860.4194343747413,full_record_deterministic_prediction,one median measured concentration per PhysicalEventID x Analyte
PE_e01f96101de9649fe0a8,TSS,2024,CT,633.3335,4,ML,636.097310632277,full_record_deterministic_prediction,one median measured concentration per PhysicalEventID x Analyte
PE_f96a427e92fb0d6cf251,TSS,2024,CT,1568.333,4,ML,1599.8276542117496,full_record_deterministic_prediction,one median measured concentration per PhysicalEventID x Analyte
PE_02b42436b7981ca07571,TSS,2024,MT,443.33349999999996,4,ML,839.6312935751312,full_record_deterministic_prediction,one median measured concentration per PhysicalEventID x Analyte
PE_7a793bda6ecab836d590,TSS,2024,MT,563.333,3,ML,782.5341034861723,full_record_deterministic_prediction,one median measured concentration per PhysicalEventID x Analyte
PE_ba059ebbc29b11d1a3be,TSS,2024,MT,1990.0,4,ML,1529.5796285175916,full_record_deterministic_prediction,one median measured concentration per PhysicalEventID x Analyte
PE_c488be01d5dbff565ef0,TSS,2024,MT,870.0,4,ML,924.3524134393348,full_record_deterministic_prediction,one median measured concentration per PhysicalEventID x Analyte
PE_c918bf0b868668efb5e3,TSS,2024,MT,346.66650000000004,4,ML,680.8750244535781,full_record_deterministic_prediction,one median measured concentration per PhysicalEventID x Analyte
PE_cc030c89ee5b8a7462b6,TSS,2024,MT,730.0,4,ML,889.0917048362005,full_record_deterministic_prediction,one median measured concentration per PhysicalEventID x Analyte
PE_d0a561512025e1d2770d,TSS,2024,MT,440.0,4,ML,585.9341355380208,full_record_deterministic_prediction,one median measured concentration per PhysicalEventID x Analyte
PE_e582d3221277d02f35d9,TSS,2024,MT,1773.333,4,ML,1429.3529599699098,full_record_deterministic_prediction,one median measured concentration per PhysicalEventID x Analyte
PE_00b38906ec1907c7d0dc,TSS,2024,ST,1806.667,4,ML,1953.2138409563763,full_record_deterministic_prediction,one median measured concentration per PhysicalEventID x Analyte
PE_30f71765b192fa672ac6,TSS,2024,ST,1508.3335,4,ML,2051.3300583712103,full_record_deterministic_prediction,one median measured concentration per PhysicalEventID x Analyte
PE_47021952abc7ade62c23,TSS,2024,ST,1786.6665,4,ML,1443.3753014226884,full_record_deterministic_prediction,one median measured concentration per PhysicalEventID x Analyte
PE_6dfbf6a0b565de5536dd,TSS,2024,ST,1363.333,4,ML,1753.745642620738,full_record_deterministic_prediction,one median measured concentration per PhysicalEventID x Analyte
PE_d36d20c6bc7c067588be,TSS,2024,ST,1306.667,3,ML,2039.1908710940563,full_record_deterministic_prediction,one median measured concentration per PhysicalEventID x Analyte
PE_dd553617c7d118d29861,TSS,2024,ST,1158.3335,4,ML,1005.2911070024552,full_record_deterministic_prediction,one median measured concentration per PhysicalEventID x Analyte
PE_f0055d0fbf3bb2c0c279,TSS,2024,ST,546.667,4,ML,914.9631621731492,full_record_deterministic_prediction,one median measured concentration per PhysicalEventID x Analyte
PE_f6579064c70952c33aa8,TSS,2024,ST,1966.667,4,ML,1640.4464886594997,full_record_deterministic_prediction,one median measured concentration per PhysicalEventID x Analyte
PE_01024210b88310ac1815,TSS,2025,CT,333.33349999999996,4,ML,440.8556398763452,full_record_deterministic_prediction,one median measured concentration per PhysicalEventID x Analyte
PE_30d8eee773ba85ed7ec9,TSS,2025,CT,1488.3335,4,ML,1442.6446858922204,full_record_deterministic_prediction,one median measured concentration per PhysicalEventID x Analyte
PE_41cebec90b66f3ef63c2,TSS,2025,CT,1213.333,3,ML,1196.333677112852,full_record_deterministic_prediction,one median measured concentration per PhysicalEventID x Analyte
PE_5c35b22fc4eba02df28c,TSS,2025,CT,1193.333,4,ML,1320.6835721784228,full_record_deterministic_prediction,one median measured concentration per PhysicalEventID x Analyte
PE_72b83136bc50254a55a6,TSS,2025,CT,1091.6665,4,ML,1203.3326585445716,full_record_deterministic_prediction,one median measured concentration per PhysicalEventID x Analyte
PE_73a092189bd19f7de823,TSS,2025,CT,1065.0,4,ML,1011.2497075595044,full_record_deterministic_prediction,one median measured concentration per PhysicalEventID x Analyte
PE_79ea2eb78bef48e2d163,TSS,2025,CT,1375.0,4,ML,1546.6044575045223,full_record_deterministic_prediction,one median measured concentration per PhysicalEventID x Analyte
PE_85771b5590cb80ee80b1,TSS,2025,CT,1928.3335,4,ML,1682.201714346664,full_record_deterministic_prediction,one median measured concentration per PhysicalEventID x Analyte
PE_92e7ac2243498d97f3e0,TSS,2025,CT,956.6665,4,ML,948.5204894001664,full_record_deterministic_prediction,one median measured concentration per PhysicalEventID x Analyte
PE_961b16815e7ba5016bdb,TSS,2025,CT,2011.6665,4,ML,1941.3467920913488,full_record_deterministic_prediction,one median measured concentration per PhysicalEventID x Analyte
PE_bd4a80359ce1de5f5729,TSS,2025,CT,1395.0,4,ML,1099.893329448813,full_record_deterministic_prediction,one median measured concentration per PhysicalEventID x Analyte
PE_ef5b618a3b1b8ffbd8e4,TSS,2025,CT,951.6669999999999,4,ML,825.5694684025959,full_record_deterministic_prediction,one median measured concentration per PhysicalEventID x Analyte
PE_07b0e2786e6c6d7e52f2,TSS,2025,MT,343.3333333,1,ML,435.3480542409723,full_record_deterministic_prediction,one median measured concentration per PhysicalEventID x Analyte
PE_2314eec6a45e0be9e203,TSS,2025,MT,130.0,4,ML,317.1971798088012,full_record_deterministic_prediction,one median measured concentration per PhysicalEventID x Analyte
PE_39c8810e26ab4ca7933c,TSS,2025,MT,5595.0,4,ML,3942.404644158992,full_record_deterministic_prediction,one median measured concentration per PhysicalEventID x Analyte
PE_676050582c291c72204b,TSS,2025,MT,90.0,4,ML,119.3996189932979,full_record_deterministic_prediction,one median measured concentration per PhysicalEventID x Analyte
PE_6c85627a623e6c9dfbb4,TSS,2025,MT,8455.0,4,ML,4306.221272809644,full_record_deterministic_prediction,one median measured concentration per PhysicalEventID x Analyte
PE_7d221972180d28e4f760,TSS,2025,MT,2120.0,4,ML,1597.1133955129255,full_record_deterministic_prediction,one median measured concentration per PhysicalEventID x Analyte
PE_a033c0958b5b88a75684,TSS,2025,MT,615.0,4,ML,951.9998549909938,full_record_deterministic_prediction,one median measured concentration per PhysicalEventID x Analyte
PE_a36448d6fe89c398bac0,TSS,2025,MT,258.33349999999996,4,ML,271.35961214733595,full_record_deterministic_prediction,one median measured concentration per PhysicalEventID x Analyte
PE_c1edec673d6e55fe03b0,TSS,2025,MT,196.667,4,ML,456.0007508721902,full_record_deterministic_prediction,one median measured concentration per PhysicalEventID x Analyte
PE_c63b91d3075e6834f32e,TSS,2025,MT,6068.3330000000005,4,ML,2789.825992750538,full_record_deterministic_prediction,one median measured concentration per PhysicalEventID x Analyte
PE_e6892c1c4df9f9956548,TSS,2025,MT,1966.667,4,ML,1909.6724056678229,full_record_deterministic_prediction,one median measured concentration per PhysicalEventID x Analyte
PE_f2544036a8cdc2b562ca,TSS,2025,MT,2195.0,4,ML,2232.127365378379,full_record_deterministic_prediction,one median measured concentration per PhysicalEventID x Analyte
PE_ff8985d7bd1f94902d4e,TSS,2025,MT,881.6665,4,ML,951.438805796774,full_record_deterministic_prediction,one median measured concentration per PhysicalEventID x Analyte
PE_0373cedd6c6b07cdac38,TSS,2025,ST,1921.6665,4,ML,1443.516523282572,full_record_deterministic_prediction,one median measured concentration per PhysicalEventID x Analyte
PE_0c2d197a5610b0bbb10e,TSS,2025,ST,678.333,4,ML,556.3761117146669,full_record_deterministic_prediction,one median measured concentration per PhysicalEventID x Analyte
PE_2000666922e9baf4491a,TSS,2025,ST,1636.6665,4,ML,1428.7686684794437,full_record_deterministic_prediction,one median measured concentration per PhysicalEventID x Analyte
PE_326f1ee42ddcd2cd3c31,TSS,2025,ST,2630.0,4,ML,2649.831532529703,full_record_deterministic_prediction,one median measured concentration per PhysicalEventID x Analyte
PE_33b48c45a8f1d7ee984a,TSS,2025,ST,290.0,4,ML,274.688752461915,full_record_deterministic_prediction,one median measured concentration per PhysicalEventID x Analyte
PE_44d1a7f433fe780ac78b,TSS,2025,ST,2930.0,4,ML,3532.650174324059,full_record_deterministic_prediction,one median measured concentration per PhysicalEventID x Analyte
PE_55ff1c1f21eee62bac5f,TSS,2025,ST,2303.3334999999997,4,ML,2322.8771241216323,full_record_deterministic_prediction,one median measured concentration per PhysicalEventID x Analyte
PE_69bf4666a40285ef26b8,TSS,2025,ST,1321.667,4,ML,1345.1120320938894,full_record_deterministic_prediction,one median measured concentration per PhysicalEventID x Analyte
PE_6db16cd7a8da79e5651d,TSS,2025,ST,533.333,4,ML,579.0131293357972,full_record_deterministic_prediction,one median measured concentration per PhysicalEventID x Analyte
PE_7024c3ae50e63fc3a67a,TSS,2025,ST,356.667,1,ML,467.4991613121343,full_record_deterministic_prediction,one median measured concentration per PhysicalEventID x Analyte
PE_744bc567dc348be5d05b,TSS,2025,ST,955.0,4,ML,817.137322881278,full_record_deterministic_prediction,one median measured concentration per PhysicalEventID x Analyte
PE_76eec8ae39fe2d6f5031,TSS,2025,ST,2980.0,4,ML,1719.1442403812766,full_record_deterministic_prediction,one median measured concentration per PhysicalEventID x Analyte
PE_a873c6f206750ebc6cd1,TSS,2025,ST,788.3330000000001,4,ML,873.1615127583625,full_record_deterministic_prediction,one median measured concentration per PhysicalEventID x Analyte
