Method,Scenario,Year,Analyte,Treatment,PointTotal_kg,primary_center_type,primary_center_within_draw_interval,Central_95_interval_kg
Bayes,model_only,2011,NH4,CT,,posterior_median,True,"0.02943 (-0.01495, 0.06952)"
Bayes,model_only,2011,NH4,MT,,posterior_median,True,"0.03759 (-0.01026, 0.08273)"
Bayes,model_only,2011,NH4,ST,,posterior_median,True,"0.03797 (-0.009777, 0.08358)"
Bayes,model_only,2011,NO2,CT,,posterior_median,True,"0.1008 (-0.3403, 0.5998)"
Bayes,model_only,2011,NO2,MT,,posterior_median,True,"0.1027 (-0.4026, 0.6373)"
Bayes,model_only,2011,NO2,ST,,posterior_median,True,"0.1037 (-0.4104, 0.6447)"
Bayes,model_only,2011,NO3,CT,,posterior_median,True,"2.556 (1.94, 3.255)"
Bayes,model_only,2011,NO3,MT,,posterior_median,True,"2.905 (2.257, 3.551)"
Bayes,model_only,2011,NO3,ST,,posterior_median,True,"2.924 (2.258, 3.592)"
Bayes,model_only,2011,OP,CT,,posterior_median,True,"0.05573 (0.01946, 0.09216)"
Bayes,model_only,2011,OP,MT,,posterior_median,True,"0.03088 (-0.01583, 0.07023)"
Bayes,model_only,2011,OP,ST,,posterior_median,True,"0.029 (-0.01915, 0.06966)"
Bayes,model_only,2011,Se,CT,,posterior_median,True,"0.002562 (0.001732, 0.003579)"
Bayes,model_only,2011,Se,MT,,posterior_median,True,"0.002667 (0.001781, 0.003646)"
Bayes,model_only,2011,Se,ST,,posterior_median,True,"0.002666 (0.001768, 0.003674)"
Bayes,model_only,2011,TDS,CT,,posterior_median,True,"303.2 (178.1, 456.9)"
Bayes,model_only,2011,TDS,MT,,posterior_median,True,"357.9 (212.3, 510.9)"
Bayes,model_only,2011,TDS,ST,,posterior_median,True,"361.1 (211.2, 515.5)"
Bayes,model_only,2011,TKN,CT,,posterior_median,True,"1.559 (0.1743, 2.955)"
Bayes,model_only,2011,TKN,MT,,posterior_median,True,"1.049 (-0.5081, 2.6)"
Bayes,model_only,2011,TKN,ST,,posterior_median,True,"1.013 (-0.5643, 2.596)"
Bayes,model_only,2011,TN,CT,,posterior_median,True,"2.035 (1.381, 2.981)"
Bayes,model_only,2011,TN,MT,,posterior_median,True,"2.386 (1.304, 3.549)"
Bayes,model_only,2011,TN,ST,,posterior_median,True,"2.408 (1.283, 3.608)"
Bayes,model_only,2011,TP,CT,,posterior_median,True,"0.6517 (0.2562, 1.107)"
Bayes,model_only,2011,TP,MT,,posterior_median,True,"0.2091 (-0.3018, 0.6342)"
Bayes,model_only,2011,TP,ST,,posterior_median,True,"0.1785 (-0.3416, 0.6105)"
Bayes,model_only,2011,TSS,CT,,posterior_median,True,"611.1 (331.4, 953.6)"
Bayes,model_only,2011,TSS,MT,,posterior_median,True,"-78.71 (-492.4, 267.7)"
Bayes,model_only,2011,TSS,ST,,posterior_median,True,"-125.6 (-561.7, 233.1)"
Bayes,model_only,2012,NH4,CT,,posterior_median,True,"0.01461 (-0.04093, 0.06924)"
Bayes,model_only,2012,NH4,MT,,posterior_median,True,"0.02488 (-0.04432, 0.09169)"
Bayes,model_only,2012,NH4,ST,,posterior_median,True,"0.02029 (-0.04082, 0.08127)"
Bayes,model_only,2012,NO2,CT,,posterior_median,True,"0.09218 (-0.5472, 0.7586)"
Bayes,model_only,2012,NO2,MT,,posterior_median,True,"0.09716 (-0.7028, 0.9455)"
Bayes,model_only,2012,NO2,ST,,posterior_median,True,"0.08613 (-0.6357, 0.8537)"
Bayes,model_only,2012,NO3,CT,,posterior_median,True,"4.793 (3.705, 6.034)"
Bayes,model_only,2012,NO3,MT,,posterior_median,True,"4.91 (3.775, 5.935)"
Bayes,model_only,2012,NO3,ST,,posterior_median,True,"4.55 (3.643, 5.533)"
Bayes,model_only,2012,OP,CT,,posterior_median,True,"0.06477 (0.02036, 0.1182)"
Bayes,model_only,2012,OP,MT,,posterior_median,True,"0.04689 (-0.01711, 0.1154)"
Bayes,model_only,2012,OP,ST,,posterior_median,True,"0.03535 (-0.02484, 0.09761)"
Bayes,model_only,2012,Se,CT,,posterior_median,True,"0.003134 (0.001971, 0.004498)"
Bayes,model_only,2012,Se,MT,,posterior_median,True,"0.003624 (0.002222, 0.005097)"
Bayes,model_only,2012,Se,ST,,posterior_median,True,"0.003223 (0.002066, 0.004427)"
Bayes,model_only,2012,TDS,CT,,posterior_median,True,"417.2 (253.3, 605.8)"
Bayes,model_only,2012,TDS,MT,,posterior_median,True,"539.3 (326.1, 760.8)"
Bayes,model_only,2012,TDS,ST,,posterior_median,True,"486.3 (296.9, 676.9)"
Bayes,model_only,2012,TKN,CT,,posterior_median,True,"1.851 (0.4776, 3.519)"
Bayes,model_only,2012,TKN,MT,,posterior_median,True,"1.419 (-0.2934, 3.467)"
Bayes,model_only,2012,TKN,ST,,posterior_median,True,"1.199 (-0.3396, 2.951)"
Bayes,model_only,2012,TN,CT,,posterior_median,True,"1.411 (0.5142, 2.716)"
Bayes,model_only,2012,TN,MT,,posterior_median,True,"1.726 (0.1096, 3.481)"
Bayes,model_only,2012,TN,ST,,posterior_median,True,"1.499 (0.05514, 3.006)"
Bayes,model_only,2012,TP,CT,,posterior_median,True,"0.5757 (0.0778, 1.09)"
Bayes,model_only,2012,TP,MT,,posterior_median,True,"-0.06099 (-0.7565, 0.5608)"
Bayes,model_only,2012,TP,ST,,posterior_median,True,"-0.1135 (-0.7505, 0.4476)"
Bayes,model_only,2012,TSS,CT,,posterior_median,True,"799.7 (399, 1267)"
Bayes,model_only,2012,TSS,MT,,posterior_median,True,"-342.1 (-1106, 215.3)"
Bayes,model_only,2012,TSS,ST,,posterior_median,True,"-225.8 (-914.1, 292.1)"
Bayes,model_only,2013,NH4,CT,,posterior_median,True,"0.04024 (-0.03395, 0.1035)"
Bayes,model_only,2013,NH4,MT,,posterior_median,True,"0.03806 (-0.03708, 0.1002)"
Bayes,model_only,2013,NH4,ST,,posterior_median,True,"0.04071 (-0.03454, 0.1066)"
Bayes,model_only,2013,NO2,CT,,posterior_median,True,"-0.08371 (-0.7257, 0.729)"
Bayes,model_only,2013,NO2,MT,,posterior_median,True,"-0.08556 (-0.7389, 0.7435)"
Bayes,model_only,2013,NO2,ST,,posterior_median,True,"-0.08481 (-0.7404, 0.7383)"
Bayes,model_only,2013,NO3,CT,,posterior_median,True,"3.938 (2.945, 4.77)"
Bayes,model_only,2013,NO3,MT,,posterior_median,True,"4.041 (2.995, 4.911)"
Bayes,model_only,2013,NO3,ST,,posterior_median,True,"3.964 (2.948, 4.801)"
Bayes,model_only,2013,OP,CT,,posterior_median,True,"-0.05766 (-0.142, 0.03768)"
Bayes,model_only,2013,OP,MT,,posterior_median,True,"-0.05748 (-0.1447, 0.04221)"
Bayes,model_only,2013,OP,ST,,posterior_median,True,"-0.06127 (-0.1477, 0.03572)"
Bayes,model_only,2013,Se,CT,,posterior_median,True,"0.003056 (0.001264, 0.004651)"
Bayes,model_only,2013,Se,MT,,posterior_median,True,"0.003042 (0.001245, 0.004617)"
Bayes,model_only,2013,Se,ST,,posterior_median,True,"0.003058 (0.00126, 0.004655)"
Bayes,model_only,2013,TDS,CT,,posterior_median,True,"450.7 (277.7, 623.7)"
Bayes,model_only,2013,TDS,MT,,posterior_median,True,"456 (277.7, 635.3)"
Bayes,model_only,2013,TDS,ST,,posterior_median,True,"455.4 (277.5, 631.4)"
Bayes,model_only,2013,TKN,CT,,posterior_median,True,"2.123 (1.307, 3.024)"
Bayes,model_only,2013,TKN,MT,,posterior_median,True,"2.074 (1.247, 3.002)"
Bayes,model_only,2013,TKN,ST,,posterior_median,True,"2.08 (1.275, 2.982)"
Bayes,model_only,2013,TN,CT,,posterior_median,True,"1.579 (-1.713, 4.439)"
Bayes,model_only,2013,TN,MT,,posterior_median,True,"1.593 (-1.716, 4.524)"
Bayes,model_only,2013,TN,ST,,posterior_median,True,"1.597 (-1.723, 4.486)"
Bayes,model_only,2013,TP,CT,,posterior_median,True,"-0.18 (-0.8358, 0.4066)"
Bayes,model_only,2013,TP,MT,,posterior_median,True,"-0.1957 (-0.9079, 0.3884)"
Bayes,model_only,2013,TP,ST,,posterior_median,True,"-0.2239 (-0.9081, 0.3743)"
Bayes,model_only,2013,TSS,CT,,posterior_median,True,"-49.92 (-670.5, 440.6)"
Bayes,model_only,2013,TSS,MT,,posterior_median,True,"-174 (-848.2, 350)"
Bayes,model_only,2013,TSS,ST,,posterior_median,True,"-114 (-750.8, 390.7)"
Bayes,model_only,2014,NH4,CT,,posterior_median,True,"0.03504 (0.01036, 0.06205)"
Bayes,model_only,2014,NH4,MT,,posterior_median,True,"0.0257 (0.003676, 0.05042)"
Bayes,model_only,2014,NH4,ST,,posterior_median,True,"0.03663 (0.00948, 0.06754)"
Bayes,model_only,2014,NO2,CT,,posterior_median,True,"0.1095 (-0.3014, 0.5652)"
Bayes,model_only,2014,NO2,MT,,posterior_median,True,"0.08736 (-0.2577, 0.4606)"
Bayes,model_only,2014,NO2,ST,,posterior_median,True,"0.1113 (-0.3181, 0.5808)"
Bayes,model_only,2014,NO3,CT,,posterior_median,True,"2.635 (2.081, 3.195)"
Bayes,model_only,2014,NO3,MT,,posterior_median,True,"2.143 (1.647, 2.652)"
Bayes,model_only,2014,NO3,ST,,posterior_median,True,"2.713 (2.078, 3.348)"
Bayes,model_only,2014,OP,CT,,posterior_median,True,"0.04307 (0.01862, 0.06717)"
Bayes,model_only,2014,OP,MT,,posterior_median,True,"0.04019 (0.01099, 0.06956)"
Bayes,model_only,2014,OP,ST,,posterior_median,True,"0.03836 (0.01199, 0.06409)"
Bayes,model_only,2014,Se,CT,,posterior_median,True,"0.002243 (0.001597, 0.002897)"
Bayes,model_only,2014,Se,MT,,posterior_median,True,"0.001764 (0.001213, 0.002353)"
Bayes,model_only,2014,Se,ST,,posterior_median,True,"0.002255 (0.001566, 0.002977)"
Bayes,model_only,2014,TDS,CT,,posterior_median,True,"280.2 (184.5, 387.1)"
Bayes,model_only,2014,TDS,MT,,posterior_median,True,"234 (150.5, 328.1)"
Bayes,model_only,2014,TDS,ST,,posterior_median,True,"289.7 (186.5, 410.9)"
Bayes,model_only,2014,TKN,CT,,posterior_median,True,"1.281 (0.766, 1.883)"
Bayes,model_only,2014,TKN,MT,,posterior_median,True,"0.8638 (0.4026, 1.36)"
Bayes,model_only,2014,TKN,ST,,posterior_median,True,"1.17 (0.6316, 1.802)"
Bayes,model_only,2014,TN,CT,,posterior_median,True,"2.224 (1.542, 3.011)"
Bayes,model_only,2014,TN,MT,,posterior_median,True,"2.271 (1.431, 3.257)"
Bayes,model_only,2014,TN,ST,,posterior_median,True,"2.289 (1.496, 3.189)"
Bayes,model_only,2014,TP,CT,,posterior_median,True,"0.2104 (-0.04168, 0.4742)"
Bayes,model_only,2014,TP,MT,,posterior_median,True,"0.1316 (-0.1788, 0.4387)"
Bayes,model_only,2014,TP,ST,,posterior_median,True,"0.1148 (-0.1701, 0.3914)"
Bayes,model_only,2014,TSS,CT,,posterior_median,True,"227.1 (3.609, 449.5)"
Bayes,model_only,2014,TSS,MT,,posterior_median,True,"47.94 (-240.6, 312)"
Bayes,model_only,2014,TSS,ST,,posterior_median,True,"83.17 (-180.6, 327.1)"
Bayes,model_only,2015,NH4,CT,,posterior_median,True,"0.03113 (0.0184, 0.04701)"
Bayes,model_only,2015,NH4,MT,,posterior_median,True,"0.03053 (0.01969, 0.04113)"
Bayes,model_only,2015,NH4,ST,,posterior_median,True,"0.03071 (0.02036, 0.04172)"
Bayes,model_only,2015,NO2,CT,,posterior_median,True,"0.1318 (-0.3388, 0.6398)"
Bayes,model_only,2015,NO2,MT,,posterior_median,True,"0.1176 (-0.3186, 0.6003)"
Bayes,model_only,2015,NO2,ST,,posterior_median,True,"0.1159 (-0.3016, 0.5799)"
Bayes,model_only,2015,NO3,CT,,posterior_median,True,"2.758 (2.174, 3.4)"
Bayes,model_only,2015,NO3,MT,,posterior_median,True,"2.756 (2.351, 3.163)"
Bayes,model_only,2015,NO3,ST,,posterior_median,True,"2.618 (2.222, 2.992)"
Bayes,model_only,2015,OP,CT,,posterior_median,True,"0.03497 (0.01014, 0.06294)"
Bayes,model_only,2015,OP,MT,,posterior_median,True,"0.0254 (0.004478, 0.04785)"
Bayes,model_only,2015,OP,ST,,posterior_median,True,"0.02517 (0.005575, 0.04569)"
Bayes,model_only,2015,Se,CT,,posterior_median,True,"0.002517 (0.001746, 0.003309)"
Bayes,model_only,2015,Se,MT,,posterior_median,True,"0.002141 (0.001496, 0.002738)"
Bayes,model_only,2015,Se,ST,,posterior_median,True,"0.002041 (0.001449, 0.002608)"
Bayes,model_only,2015,TDS,CT,,posterior_median,True,"295.3 (187.8, 425.6)"
Bayes,model_only,2015,TDS,MT,,posterior_median,True,"302.3 (207.6, 408.4)"
Bayes,model_only,2015,TDS,ST,,posterior_median,True,"292.7 (202.8, 397.2)"
Bayes,model_only,2015,TKN,CT,,posterior_median,True,"0.7693 (0.3988, 1.233)"
Bayes,model_only,2015,TKN,MT,,posterior_median,True,"0.1706 (-0.1427, 0.4958)"
Bayes,model_only,2015,TKN,ST,,posterior_median,True,"0.1542 (-0.1673, 0.4592)"
Bayes,model_only,2015,TN,CT,,posterior_median,True,"3.245 (2.523, 4.153)"
Bayes,model_only,2015,TN,MT,,posterior_median,True,"2.99 (2.51, 3.516)"
Bayes,model_only,2015,TN,ST,,posterior_median,True,"2.854 (2.361, 3.347)"
Bayes,model_only,2015,TP,CT,,posterior_median,True,"0.3725 (0.07161, 0.6925)"
Bayes,model_only,2015,TP,MT,,posterior_median,True,"0.1071 (-0.1507, 0.3771)"
Bayes,model_only,2015,TP,ST,,posterior_median,True,"0.1046 (-0.1382, 0.3717)"
Bayes,model_only,2015,TSS,CT,,posterior_median,True,"566.1 (336.7, 833.5)"
Bayes,model_only,2015,TSS,MT,,posterior_median,True,"75.59 (-127.9, 268)"
Bayes,model_only,2015,TSS,ST,,posterior_median,True,"126.1 (-59.79, 305.5)"
Bayes,model_only,2016,NH4,CT,,posterior_median,True,"0.01531 (0.006891, 0.02321)"
Bayes,model_only,2016,NH4,MT,,posterior_median,True,"0.01269 (0.00512, 0.02013)"
Bayes,model_only,2016,NH4,ST,,posterior_median,True,"0.01327 (0.00516, 0.02082)"
Bayes,model_only,2016,NO2,CT,,posterior_median,True,"0.03059 (-0.137, 0.213)"
Bayes,model_only,2016,NO2,MT,,posterior_median,True,"0.02698 (-0.1225, 0.196)"
Bayes,model_only,2016,NO2,ST,,posterior_median,True,"0.02763 (-0.123, 0.1902)"
Bayes,model_only,2016,NO3,CT,,posterior_median,True,"0.5579 (0.2529, 0.7844)"
Bayes,model_only,2016,NO3,MT,,posterior_median,True,"0.5198 (0.2157, 0.7494)"
Bayes,model_only,2016,NO3,ST,,posterior_median,True,"0.498 (0.2023, 0.7201)"
Bayes,model_only,2016,OP,CT,,posterior_median,True,"0.00264 (-0.005722, 0.0138)"
Bayes,model_only,2016,OP,MT,,posterior_median,True,"0.00547 (-0.001974, 0.01666)"
Bayes,model_only,2016,OP,ST,,posterior_median,True,"0.005141 (-0.00216, 0.01589)"
Bayes,model_only,2016,Se,CT,,posterior_median,True,"0.000677 (0.0001982, 0.001234)"
Bayes,model_only,2016,Se,MT,,posterior_median,True,"0.0005728 (0.0001421, 0.001071)"
Bayes,model_only,2016,Se,ST,,posterior_median,True,"0.0005673 (0.000146, 0.001053)"
Bayes,model_only,2016,TDS,CT,,posterior_median,True,"90.58 (36.24, 165.3)"
Bayes,model_only,2016,TDS,MT,,posterior_median,True,"82 (29.57, 150.3)"
Bayes,model_only,2016,TDS,ST,,posterior_median,True,"81.22 (28.95, 149.3)"
Bayes,model_only,2016,TKN,CT,,posterior_median,True,"0.03448 (-0.1209, 0.1726)"
Bayes,model_only,2016,TKN,MT,,posterior_median,True,"0.01427 (-0.1375, 0.1359)"
Bayes,model_only,2016,TKN,ST,,posterior_median,True,"0.0175 (-0.1159, 0.1399)"
Bayes,model_only,2016,TN,CT,,posterior_median,True,"0.5805 (0.2515, 0.8827)"
Bayes,model_only,2016,TN,MT,,posterior_median,True,"0.4711 (0.1878, 0.7474)"
Bayes,model_only,2016,TN,ST,,posterior_median,True,"0.468 (0.1852, 0.7393)"
Bayes,model_only,2016,TP,CT,,posterior_median,True,"-0.01042 (-0.1255, 0.08956)"
Bayes,model_only,2016,TP,MT,,posterior_median,True,"0.01789 (-0.07745, 0.1132)"
Bayes,model_only,2016,TP,ST,,posterior_median,True,"0.01519 (-0.07858, 0.1178)"
Bayes,model_only,2016,TSS,CT,,posterior_median,True,"57.04 (-23.67, 172.5)"
Bayes,model_only,2016,TSS,MT,,posterior_median,True,"59.8 (-6.965, 171.3)"
Bayes,model_only,2016,TSS,ST,,posterior_median,True,"75.82 (3.411, 191.9)"
Bayes,model_only,2017,NH4,CT,,posterior_median,True,"0.03641 (-0.01624, 0.0836)"
Bayes,model_only,2017,NH4,MT,,posterior_median,True,"0.02962 (-0.01476, 0.07026)"
Bayes,model_only,2017,NH4,ST,,posterior_median,True,"0.03032 (-0.01259, 0.07044)"
Bayes,model_only,2017,NO2,CT,,posterior_median,True,"0.01694 (-0.5383, 0.6976)"
Bayes,model_only,2017,NO2,MT,,posterior_median,True,"0.01733 (-0.4449, 0.5992)"
Bayes,model_only,2017,NO2,ST,,posterior_median,True,"0.01746 (-0.4433, 0.5886)"
Bayes,model_only,2017,NO3,CT,,posterior_median,True,"3.387 (2.612, 4.189)"
Bayes,model_only,2017,NO3,MT,,posterior_median,True,"3.036 (2.508, 3.557)"
Bayes,model_only,2017,NO3,ST,,posterior_median,True,"2.895 (2.38, 3.432)"
Bayes,model_only,2017,OP,CT,,posterior_median,True,"-0.005157 (-0.04606, 0.03478)"
Bayes,model_only,2017,OP,MT,,posterior_median,True,"0.001584 (-0.03173, 0.03511)"
Bayes,model_only,2017,OP,ST,,posterior_median,True,"0.001993 (-0.02925, 0.03315)"
Bayes,model_only,2017,Se,CT,,posterior_median,True,"0.00261 (0.001094, 0.003923)"
Bayes,model_only,2017,Se,MT,,posterior_median,True,"0.001969 (0.0007128, 0.002994)"
Bayes,model_only,2017,Se,ST,,posterior_median,True,"0.001894 (0.0006779, 0.002874)"
Bayes,model_only,2017,TDS,CT,,posterior_median,True,"336 (219.8, 473.6)"
Bayes,model_only,2017,TDS,MT,,posterior_median,True,"304.4 (210.9, 418.3)"
Bayes,model_only,2017,TDS,ST,,posterior_median,True,"296.7 (203.2, 404.1)"
Bayes,model_only,2017,TKN,CT,,posterior_median,True,"0.927 (0.549, 1.349)"
Bayes,model_only,2017,TKN,MT,,posterior_median,True,"0.3841 (0.09254, 0.6835)"
Bayes,model_only,2017,TKN,ST,,posterior_median,True,"0.3745 (0.09482, 0.6648)"
Bayes,model_only,2017,TN,CT,,posterior_median,True,"1.873 (-0.7785, 4.793)"
Bayes,model_only,2017,TN,MT,,posterior_median,True,"1.351 (-1.005, 3.785)"
Bayes,model_only,2017,TN,ST,,posterior_median,True,"1.292 (-0.9502, 3.612)"
Bayes,model_only,2017,TP,CT,,posterior_median,True,"0.04118 (-0.237, 0.3199)"
Bayes,model_only,2017,TP,MT,,posterior_median,True,"-0.02083 (-0.2475, 0.2013)"
Bayes,model_only,2017,TP,ST,,posterior_median,True,"-0.01175 (-0.2261, 0.1867)"
Bayes,model_only,2017,TSS,CT,,posterior_median,True,"619.6 (378.7, 911.4)"
Bayes,model_only,2017,TSS,MT,,posterior_median,True,"314.1 (140.4, 492.9)"
Bayes,model_only,2017,TSS,ST,,posterior_median,True,"368.7 (211, 544.5)"
Bayes,model_only,2018,NH4,CT,,posterior_median,True,"0.03653 (-0.002121, 0.09869)"
Bayes,model_only,2018,NH4,MT,,posterior_median,True,"0.03698 (-0.003433, 0.1009)"
Bayes,model_only,2018,NH4,ST,,posterior_median,True,"0.03835 (0.001049, 0.1015)"
Bayes,model_only,2018,NO2,CT,,posterior_median,True,"0.04982 (-0.4339, 0.6688)"
Bayes,model_only,2018,NO2,MT,,posterior_median,True,"0.05445 (-0.4257, 0.6612)"
Bayes,model_only,2018,NO2,ST,,posterior_median,True,"0.05367 (-0.4195, 0.6534)"
Bayes,model_only,2018,NO3,CT,,posterior_median,True,"2.548 (1.414, 4.737)"
Bayes,model_only,2018,NO3,MT,,posterior_median,True,"2.656 (1.523, 4.688)"
Bayes,model_only,2018,NO3,ST,,posterior_median,True,"2.598 (1.481, 4.598)"
Bayes,model_only,2018,OP,CT,,posterior_median,True,"0.1195 (0.0349, 0.266)"
Bayes,model_only,2018,OP,MT,,posterior_median,True,"0.1105 (0.0266, 0.2511)"
Bayes,model_only,2018,OP,ST,,posterior_median,True,"0.1088 (0.02413, 0.241)"
Bayes,model_only,2018,Se,CT,,posterior_median,True,"0.002447 (0.001316, 0.004426)"
Bayes,model_only,2018,Se,MT,,posterior_median,True,"0.002243 (0.001195, 0.004069)"
Bayes,model_only,2018,Se,ST,,posterior_median,True,"0.002246 (0.001186, 0.004052)"
Bayes,model_only,2018,TDS,CT,,posterior_median,True,"307.5 (177.8, 552.2)"
Bayes,model_only,2018,TDS,MT,,posterior_median,True,"324.6 (190.5, 558)"
Bayes,model_only,2018,TDS,ST,,posterior_median,True,"323 (186.4, 556)"
Bayes,model_only,2018,TKN,CT,,posterior_median,True,"1.556 (0.3846, 3.408)"
Bayes,model_only,2018,TKN,MT,,posterior_median,True,"1.114 (-0.09298, 2.77)"
Bayes,model_only,2018,TKN,ST,,posterior_median,True,"1.125 (-0.07654, 2.725)"
Bayes,model_only,2018,TN,CT,,posterior_median,True,"2.034 (-0.3554, 5.576)"
Bayes,model_only,2018,TN,MT,,posterior_median,True,"1.98 (-0.5236, 5.393)"
Bayes,model_only,2018,TN,ST,,posterior_median,True,"1.977 (-0.4468, 5.412)"
Bayes,model_only,2018,TP,CT,,posterior_median,True,"0.4779 (-0.225, 1.713)"
Bayes,model_only,2018,TP,MT,,posterior_median,True,"0.2604 (-0.4906, 1.464)"
Bayes,model_only,2018,TP,ST,,posterior_median,True,"0.2414 (-0.4974, 1.427)"
Bayes,model_only,2018,TSS,CT,,posterior_median,True,"1136 (517.7, 2366)"
Bayes,model_only,2018,TSS,MT,,posterior_median,True,"712.7 (107.4, 1760)"
Bayes,model_only,2018,TSS,ST,,posterior_median,True,"752.7 (151.8, 1844)"
Bayes,model_only,2019,NH4,CT,,posterior_median,True,"0.01538 (0.002418, 0.03137)"
Bayes,model_only,2019,NH4,MT,,posterior_median,True,"0.015 (0.001644, 0.03058)"
Bayes,model_only,2019,NH4,ST,,posterior_median,True,"0.01538 (0.002418, 0.03137)"
Bayes,model_only,2019,NO2,CT,,posterior_median,True,"0.00343 (-0.1153, 0.1571)"
Bayes,model_only,2019,NO2,MT,,posterior_median,True,"0.003796 (-0.114, 0.1559)"
Bayes,model_only,2019,NO2,ST,,posterior_median,True,"0.00343 (-0.1153, 0.1571)"
Bayes,model_only,2019,NO3,CT,,posterior_median,True,"0.7032 (0.4417, 1.005)"
Bayes,model_only,2019,NO3,MT,,posterior_median,True,"0.7155 (0.4495, 1.021)"
Bayes,model_only,2019,NO3,ST,,posterior_median,True,"0.7032 (0.4417, 1.005)"
Bayes,model_only,2019,OP,CT,,posterior_median,True,"0.03422 (0.01452, 0.05782)"
Bayes,model_only,2019,OP,MT,,posterior_median,True,"0.03496 (0.01481, 0.05848)"
Bayes,model_only,2019,OP,ST,,posterior_median,True,"0.03422 (0.01452, 0.05782)"
Bayes,model_only,2019,Se,CT,,posterior_median,True,"0.0006231 (0.0002926, 0.0009672)"
Bayes,model_only,2019,Se,MT,,posterior_median,True,"0.0006213 (0.0002928, 0.0009621)"
Bayes,model_only,2019,Se,ST,,posterior_median,True,"0.0006231 (0.0002926, 0.0009672)"
Bayes,model_only,2019,TDS,CT,,posterior_median,True,"87.03 (54.18, 121.9)"
Bayes,model_only,2019,TDS,MT,,posterior_median,True,"87.54 (54.35, 123)"
Bayes,model_only,2019,TDS,ST,,posterior_median,True,"87.03 (54.18, 121.9)"
Bayes,model_only,2019,TKN,CT,,posterior_median,True,"0.3783 (0.09026, 0.6779)"
Bayes,model_only,2019,TKN,MT,,posterior_median,True,"0.3742 (0.09282, 0.6664)"
Bayes,model_only,2019,TKN,ST,,posterior_median,True,"0.3783 (0.09026, 0.6779)"
Bayes,model_only,2019,TN,CT,,posterior_median,True,"0.7364 (0.02689, 1.568)"
Bayes,model_only,2019,TN,MT,,posterior_median,True,"0.7281 (0.02653, 1.561)"
Bayes,model_only,2019,TN,ST,,posterior_median,True,"0.7364 (0.02689, 1.568)"
Bayes,model_only,2019,TP,CT,,posterior_median,True,"0.06565 (-0.1051, 0.3172)"
Bayes,model_only,2019,TP,MT,,posterior_median,True,"0.07021 (-0.1012, 0.3205)"
Bayes,model_only,2019,TP,ST,,posterior_median,True,"0.06565 (-0.1051, 0.3172)"
Bayes,model_only,2019,TSS,CT,,posterior_median,True,"168.9 (20.18, 349.4)"
Bayes,model_only,2019,TSS,MT,,posterior_median,True,"156.8 (13.44, 341.7)"
Bayes,model_only,2019,TSS,ST,,posterior_median,True,"168.9 (20.18, 349.4)"
Bayes,model_only,2020,NH4,CT,,posterior_median,True,"0.04729 (0.003781, 0.09926)"
Bayes,model_only,2020,NH4,MT,,posterior_median,True,"0.032 (-5.121e-05, 0.06506)"
Bayes,model_only,2020,NH4,ST,,posterior_median,True,"0.03522 (0.003301, 0.07011)"
Bayes,model_only,2020,NO2,CT,,posterior_median,True,"0.1625 (-0.4444, 0.9245)"
Bayes,model_only,2020,NO2,MT,,posterior_median,True,"0.1271 (-0.3192, 0.6746)"
Bayes,model_only,2020,NO2,ST,,posterior_median,True,"0.1314 (-0.3237, 0.6808)"
Bayes,model_only,2020,NO3,CT,,posterior_median,True,"3.896 (3.004, 4.725)"
Bayes,model_only,2020,NO3,MT,,posterior_median,True,"3.019 (2.583, 3.477)"
Bayes,model_only,2020,NO3,ST,,posterior_median,True,"3.018 (2.537, 3.497)"
Bayes,model_only,2020,OP,CT,,posterior_median,True,"0.03356 (-0.04663, 0.09833)"
Bayes,model_only,2020,OP,MT,,posterior_median,True,"0.05682 (-0.0013, 0.1007)"
Bayes,model_only,2020,OP,ST,,posterior_median,True,"0.05249 (-0.00839, 0.09646)"
Bayes,model_only,2020,Se,CT,,posterior_median,True,"0.003428 (0.002602, 0.004205)"
Bayes,model_only,2020,Se,MT,,posterior_median,True,"0.002377 (0.002011, 0.002794)"
Bayes,model_only,2020,Se,ST,,posterior_median,True,"0.002422 (0.002039, 0.002858)"
Bayes,model_only,2020,TDS,CT,,posterior_median,True,"476.2 (313.1, 650.4)"
Bayes,model_only,2020,TDS,MT,,posterior_median,True,"356.4 (253.6, 472.6)"
Bayes,model_only,2020,TDS,ST,,posterior_median,True,"362.4 (258.5, 484.8)"
Bayes,model_only,2020,TKN,CT,,posterior_median,True,"0.6085 (0.05314, 1.178)"
Bayes,model_only,2020,TKN,MT,,posterior_median,True,"0.5226 (0.1479, 0.8889)"
Bayes,model_only,2020,TKN,ST,,posterior_median,True,"0.4938 (0.1173, 0.8924)"
Bayes,model_only,2020,TN,CT,,posterior_median,True,"3.449 (0.4734, 6.47)"
Bayes,model_only,2020,TN,MT,,posterior_median,True,"2.282 (0.2036, 4.306)"
Bayes,model_only,2020,TN,ST,,posterior_median,True,"2.341 (0.2319, 4.436)"
Bayes,model_only,2020,TP,CT,,posterior_median,True,"-0.01864 (-0.461, 0.3798)"
Bayes,model_only,2020,TP,MT,,posterior_median,True,"0.3321 (0.0362, 0.5925)"
Bayes,model_only,2020,TP,ST,,posterior_median,True,"0.2681 (-0.01942, 0.5485)"
Bayes,model_only,2020,TSS,CT,,posterior_median,True,"55.77 (-343.4, 432.1)"
Bayes,model_only,2020,TSS,MT,,posterior_median,True,"333.8 (102.4, 575.7)"
Bayes,model_only,2020,TSS,ST,,posterior_median,True,"330 (92.17, 577)"
Bayes,model_only,2021,NH4,CT,,posterior_median,True,"0.02927 (-0.006816, 0.06451)"
Bayes,model_only,2021,NH4,MT,,posterior_median,True,"0.02029 (-0.01272, 0.0526)"
Bayes,model_only,2021,NH4,ST,,posterior_median,True,"0.02291 (-0.009203, 0.05608)"
Bayes,model_only,2021,NO2,CT,,posterior_median,True,"0.05667 (-0.233, 0.4236)"
Bayes,model_only,2021,NO2,MT,,posterior_median,True,"0.04595 (-0.207, 0.3383)"
Bayes,model_only,2021,NO2,ST,,posterior_median,True,"0.04657 (-0.2149, 0.3465)"
Bayes,model_only,2021,NO3,CT,,posterior_median,True,"2.787 (2.127, 3.539)"
Bayes,model_only,2021,NO3,MT,,posterior_median,True,"2.235 (1.786, 2.864)"
Bayes,model_only,2021,NO3,ST,,posterior_median,True,"2.306 (1.919, 2.794)"
Bayes,model_only,2021,OP,CT,,posterior_median,True,"0.05756 (0.02879, 0.093)"
Bayes,model_only,2021,OP,MT,,posterior_median,True,"0.0552 (0.03286, 0.08112)"
Bayes,model_only,2021,OP,ST,,posterior_median,True,"0.0538 (0.03182, 0.07897)"
Bayes,model_only,2021,Se,CT,,posterior_median,True,"0.002606 (0.001974, 0.003261)"
Bayes,model_only,2021,Se,MT,,posterior_median,True,"0.001696 (0.00135, 0.002166)"
Bayes,model_only,2021,Se,ST,,posterior_median,True,"0.001837 (0.00153, 0.002237)"
Bayes,model_only,2021,TDS,CT,,posterior_median,True,"298.3 (197.4, 427.2)"
Bayes,model_only,2021,TDS,MT,,posterior_median,True,"243.8 (164.3, 335.4)"
Bayes,model_only,2021,TDS,ST,,posterior_median,True,"255.8 (180.9, 342.2)"
Bayes,model_only,2021,TKN,CT,,posterior_median,True,"1.276 (0.893, 1.735)"
Bayes,model_only,2021,TKN,MT,,posterior_median,True,"0.6133 (0.4061, 0.9013)"
Bayes,model_only,2021,TKN,ST,,posterior_median,True,"0.6963 (0.4942, 0.9583)"
Bayes,model_only,2021,TN,CT,,posterior_median,True,"2.104 (0.397, 4.214)"
Bayes,model_only,2021,TN,MT,,posterior_median,True,"1.331 (-0.01196, 2.977)"
Bayes,model_only,2021,TN,ST,,posterior_median,True,"1.449 (0.04426, 3.132)"
Bayes,model_only,2021,TP,CT,,posterior_median,True,"0.2369 (0.009695, 0.4951)"
Bayes,model_only,2021,TP,MT,,posterior_median,True,"0.1824 (0.03227, 0.3484)"
Bayes,model_only,2021,TP,ST,,posterior_median,True,"0.1613 (0.007992, 0.3277)"
Bayes,model_only,2021,TSS,CT,,posterior_median,True,"451.5 (261.8, 694.9)"
Bayes,model_only,2021,TSS,MT,,posterior_median,True,"212.3 (76.35, 363.1)"
Bayes,model_only,2021,TSS,ST,,posterior_median,True,"244.5 (114.9, 394.9)"
Bayes,model_only,2022,NH4,CT,,posterior_median,True,"0.0387 (-0.01342, 0.092)"
Bayes,model_only,2022,NH4,MT,,posterior_median,True,"0.03114 (-0.01883, 0.07855)"
Bayes,model_only,2022,NH4,ST,,posterior_median,True,"0.03403 (-0.01661, 0.08458)"
Bayes,model_only,2022,NO2,CT,,posterior_median,True,"-0.1027 (-0.2096, -0.015)"
Bayes,model_only,2022,NO2,MT,,posterior_median,True,"-0.08073 (-0.176, -0.002937)"
Bayes,model_only,2022,NO2,ST,,posterior_median,True,"-0.08265 (-0.1799, -0.006347)"
Bayes,model_only,2022,NO3,CT,,posterior_median,True,"3.596 (2.957, 4.235)"
Bayes,model_only,2022,NO3,MT,,posterior_median,True,"3.321 (2.907, 3.759)"
Bayes,model_only,2022,NO3,ST,,posterior_median,True,"3.315 (2.894, 3.77)"
Bayes,model_only,2022,OP,CT,,posterior_median,True,"0.0538 (0.01418, 0.09312)"
Bayes,model_only,2022,OP,MT,,posterior_median,True,"0.06348 (0.02932, 0.09943)"
Bayes,model_only,2022,OP,ST,,posterior_median,True,"0.05953 (0.02551, 0.09433)"
Bayes,model_only,2022,Se,CT,,posterior_median,True,"0.003509 (0.002889, 0.004146)"
Bayes,model_only,2022,Se,MT,,posterior_median,True,"0.002987 (0.002599, 0.003408)"
Bayes,model_only,2022,Se,ST,,posterior_median,True,"0.003095 (0.002675, 0.003513)"
Bayes,model_only,2022,TDS,CT,,posterior_median,True,"476.8 (343.5, 615.7)"
Bayes,model_only,2022,TDS,MT,,posterior_median,True,"433.6 (321.3, 544.5)"
Bayes,model_only,2022,TDS,ST,,posterior_median,True,"439.6 (326.6, 558.9)"
Bayes,model_only,2022,TKN,CT,,posterior_median,True,"0.1854 (-0.2051, 0.6296)"
Bayes,model_only,2022,TKN,MT,,posterior_median,True,"0.05381 (-0.3162, 0.4617)"
Bayes,model_only,2022,TKN,ST,,posterior_median,True,"0.08546 (-0.2627, 0.4927)"
Bayes,model_only,2022,TN,CT,,posterior_median,True,"3.033 (0.0481, 5.921)"
Bayes,model_only,2022,TN,MT,,posterior_median,True,"2.458 (-0.2124, 5.022)"
Bayes,model_only,2022,TN,ST,,posterior_median,True,"2.573 (-0.09229, 5.212)"
Bayes,model_only,2022,TP,CT,,posterior_median,True,"-0.225 (-0.5327, 0.07925)"
Bayes,model_only,2022,TP,MT,,posterior_median,True,"-0.07356 (-0.3527, 0.2029)"
Bayes,model_only,2022,TP,ST,,posterior_median,True,"-0.1149 (-0.3931, 0.1696)"
Bayes,model_only,2022,TSS,CT,,posterior_median,True,"115.4 (-152.6, 377.9)"
Bayes,model_only,2022,TSS,MT,,posterior_median,True,"148.6 (-85.77, 386.7)"
Bayes,model_only,2022,TSS,ST,,posterior_median,True,"204.3 (-25.4, 443.6)"
Bayes,model_only,2023,NH4,CT,,posterior_median,True,"0.02976 (-0.04105, 0.1013)"
Bayes,model_only,2023,NH4,MT,,posterior_median,True,"0.02789 (-0.03996, 0.09685)"
Bayes,model_only,2023,NH4,ST,,posterior_median,True,"0.02725 (-0.04093, 0.09531)"
Bayes,model_only,2023,NO2,CT,,posterior_median,True,"-0.5943 (-0.8091, -0.4307)"
Bayes,model_only,2023,NO2,MT,,posterior_median,True,"-0.5692 (-0.7597, -0.4156)"
Bayes,model_only,2023,NO2,ST,,posterior_median,True,"-0.5576 (-0.7512, -0.4053)"
Bayes,model_only,2023,NO3,CT,,posterior_median,True,"3.553 (3.002, 4.1)"
Bayes,model_only,2023,NO3,MT,,posterior_median,True,"3.415 (2.987, 3.866)"
Bayes,model_only,2023,NO3,ST,,posterior_median,True,"3.347 (2.956, 3.769)"
Bayes,model_only,2023,OP,CT,,posterior_median,True,"-0.04344 (-0.0843, -0.008546)"
Bayes,model_only,2023,OP,MT,,posterior_median,True,"-0.03721 (-0.07716, -0.00588)"
Bayes,model_only,2023,OP,ST,,posterior_median,True,"-0.03306 (-0.07287, -0.003354)"
Bayes,model_only,2023,Se,CT,,posterior_median,True,"0.003088 (0.00151, 0.004423)"
Bayes,model_only,2023,Se,MT,,posterior_median,True,"0.002862 (0.001356, 0.004103)"
Bayes,model_only,2023,Se,ST,,posterior_median,True,"0.002714 (0.001243, 0.003934)"
Bayes,model_only,2023,TDS,CT,,posterior_median,True,"563.6 (475.8, 644.5)"
Bayes,model_only,2023,TDS,MT,,posterior_median,True,"542.5 (474, 612.4)"
Bayes,model_only,2023,TDS,ST,,posterior_median,True,"532.9 (472.2, 598.7)"
Bayes,model_only,2023,TKN,CT,,posterior_median,True,"0.3726 (-0.02259, 0.7322)"
Bayes,model_only,2023,TKN,MT,,posterior_median,True,"0.2557 (-0.1104, 0.5902)"
Bayes,model_only,2023,TKN,ST,,posterior_median,True,"0.1572 (-0.1928, 0.4813)"
Bayes,model_only,2023,TN,CT,,posterior_median,True,"2.328 (-1.308, 6.144)"
Bayes,model_only,2023,TN,MT,,posterior_median,True,"2.097 (-1.364, 5.697)"
Bayes,model_only,2023,TN,ST,,posterior_median,True,"1.997 (-1.406, 5.499)"
Bayes,model_only,2023,TP,CT,,posterior_median,True,"-0.2027 (-0.4971, 0.07722)"
Bayes,model_only,2023,TP,MT,,posterior_median,True,"-0.1872 (-0.4748, 0.06499)"
Bayes,model_only,2023,TP,ST,,posterior_median,True,"-0.1738 (-0.4482, 0.09132)"
Bayes,model_only,2023,TSS,CT,,posterior_median,True,"471.2 (198.3, 738)"
Bayes,model_only,2023,TSS,MT,,posterior_median,True,"448.8 (197.9, 691.2)"
Bayes,model_only,2023,TSS,ST,,posterior_median,True,"416.9 (171.3, 650.3)"
Bayes,model_only,2024,NH4,CT,,posterior_median,True,"0.04749 (-0.00927, 0.1131)"
Bayes,model_only,2024,NH4,MT,,posterior_median,True,"0.04764 (-0.009588, 0.1129)"
Bayes,model_only,2024,NH4,ST,,posterior_median,True,"0.04745 (-0.009254, 0.1129)"
Bayes,model_only,2024,NO2,CT,,posterior_median,True,"-0.2663 (-0.3677, -0.1847)"
Bayes,model_only,2024,NO2,MT,,posterior_median,True,"-0.2669 (-0.3689, -0.1851)"
Bayes,model_only,2024,NO2,ST,,posterior_median,True,"-0.2663 (-0.3684, -0.1848)"
Bayes,model_only,2024,NO3,CT,,posterior_median,True,"2.475 (1.925, 3.09)"
Bayes,model_only,2024,NO3,MT,,posterior_median,True,"2.478 (1.927, 3.094)"
Bayes,model_only,2024,NO3,ST,,posterior_median,True,"2.475 (1.927, 3.092)"
Bayes,model_only,2024,OP,CT,,posterior_median,True,"0.143 (0.1088, 0.1846)"
Bayes,model_only,2024,OP,MT,,posterior_median,True,"0.143 (0.1087, 0.1847)"
Bayes,model_only,2024,OP,ST,,posterior_median,True,"0.143 (0.1088, 0.1846)"
Bayes,model_only,2024,Se,CT,,posterior_median,True,"0.002338 (0.0009897, 0.003799)"
Bayes,model_only,2024,Se,MT,,posterior_median,True,"0.002346 (0.0009946, 0.003805)"
Bayes,model_only,2024,Se,ST,,posterior_median,True,"0.002338 (0.0009902, 0.003799)"
Bayes,model_only,2024,TDS,CT,,posterior_median,True,"403.7 (314.5, 503.7)"
Bayes,model_only,2024,TDS,MT,,posterior_median,True,"403.9 (314.9, 503.7)"
Bayes,model_only,2024,TDS,ST,,posterior_median,True,"403.7 (314.6, 503.6)"
Bayes,model_only,2024,TKN,CT,,posterior_median,True,"0.4079 (0.1503, 0.7354)"
Bayes,model_only,2024,TKN,MT,,posterior_median,True,"0.4155 (0.1602, 0.7431)"
Bayes,model_only,2024,TKN,ST,,posterior_median,True,"0.4065 (0.1502, 0.7354)"
Bayes,model_only,2024,TN,CT,,posterior_median,True,"2.617 (-0.08946, 5.964)"
Bayes,model_only,2024,TN,MT,,posterior_median,True,"2.614 (-0.07972, 5.962)"
Bayes,model_only,2024,TN,ST,,posterior_median,True,"2.618 (-0.07957, 5.965)"
Bayes,model_only,2024,TP,CT,,posterior_median,True,"0.3276 (0.08298, 0.5943)"
Bayes,model_only,2024,TP,MT,,posterior_median,True,"0.3283 (0.08249, 0.5923)"
Bayes,model_only,2024,TP,ST,,posterior_median,True,"0.3276 (0.08298, 0.5943)"
Bayes,model_only,2024,TSS,CT,,posterior_median,True,"584.6 (360.4, 865.3)"
Bayes,model_only,2024,TSS,MT,,posterior_median,True,"585 (360.1, 864.9)"
Bayes,model_only,2024,TSS,ST,,posterior_median,True,"584.6 (360.4, 865.3)"
Bayes,model_only,2025,NH4,CT,,posterior_median,True,"0.03448 (-0.03092, 0.1051)"
Bayes,model_only,2025,NH4,MT,,posterior_median,True,"0.02481 (-0.03027, 0.07645)"
Bayes,model_only,2025,NH4,ST,,posterior_median,True,"0.02573 (-0.03181, 0.08039)"
Bayes,model_only,2025,NO2,CT,,posterior_median,True,"0.3465 (0.2491, 0.4594)"
Bayes,model_only,2025,NO2,MT,,posterior_median,True,"0.289 (0.2197, 0.3603)"
Bayes,model_only,2025,NO2,ST,,posterior_median,True,"0.3 (0.2242, 0.3788)"
Bayes,model_only,2025,NO3,CT,,posterior_median,True,"0.561 (0.2432, 0.8324)"
Bayes,model_only,2025,NO3,MT,,posterior_median,True,"0.4927 (0.2183, 0.73)"
Bayes,model_only,2025,NO3,ST,,posterior_median,True,"0.4918 (0.2158, 0.7396)"
Bayes,model_only,2025,OP,CT,,posterior_median,True,"0.05469 (0.02339, 0.0853)"
Bayes,model_only,2025,OP,MT,,posterior_median,True,"0.06978 (0.04386, 0.0935)"
Bayes,model_only,2025,OP,ST,,posterior_median,True,"0.0715 (0.04596, 0.09629)"
Bayes,model_only,2025,Se,CT,,posterior_median,True,"0.003223 (0.00196, 0.00443)"
Bayes,model_only,2025,Se,MT,,posterior_median,True,"0.002448 (0.001409, 0.003315)"
Bayes,model_only,2025,Se,ST,,posterior_median,True,"0.002622 (0.001541, 0.003566)"
Bayes,model_only,2025,TDS,CT,,posterior_median,True,"370.7 (287.1, 447)"
Bayes,model_only,2025,TDS,MT,,posterior_median,True,"301.3 (258.8, 344.1)"
Bayes,model_only,2025,TDS,ST,,posterior_median,True,"308.1 (268.2, 351.4)"
Bayes,model_only,2025,TKN,CT,,posterior_median,True,"-1.422 (-1.886, -0.9568)"
Bayes,model_only,2025,TKN,MT,,posterior_median,True,"-1.113 (-1.545, -0.6787)"
Bayes,model_only,2025,TKN,ST,,posterior_median,True,"-1.028 (-1.462, -0.5998)"
Bayes,model_only,2025,TN,CT,,posterior_median,True,"2.97 (-0.4821, 6.433)"
Bayes,model_only,2025,TN,MT,,posterior_median,True,"2.058 (-0.6817, 4.812)"
Bayes,model_only,2025,TN,ST,,posterior_median,True,"2.192 (-0.5877, 5.022)"
Bayes,model_only,2025,TP,CT,,posterior_median,True,"1.083 (0.6699, 1.488)"
Bayes,model_only,2025,TP,MT,,posterior_median,True,"1.149 (0.8566, 1.455)"
Bayes,model_only,2025,TP,ST,,posterior_median,True,"1.217 (0.9112, 1.545)"
Bayes,model_only,2025,TSS,CT,,posterior_median,True,"683.8 (386, 1006)"
Bayes,model_only,2025,TSS,MT,,posterior_median,True,"875.4 (623.6, 1136)"
Bayes,model_only,2025,TSS,ST,,posterior_median,True,"965.6 (704.5, 1227)"
ML,full_record_model_only,2011,NH4,CT,0.0486024227257338,physical_event_point_total,True,"0.0486 (0.03274, 2.273)"
ML,full_record_model_only,2011,NH4,MT,0.0595000584116231,physical_event_point_total,True,"0.0595 (0.03868, 3.131)"
ML,full_record_model_only,2011,NH4,ST,0.0586673758299601,physical_event_point_total,True,"0.05867 (0.03834, 3.457)"
ML,full_record_model_only,2011,NO2,CT,0.07102591599809491,physical_event_point_total,True,"0.07103 (0.0488, 2.839)"
ML,full_record_model_only,2011,NO2,MT,0.0993542476241501,physical_event_point_total,True,"0.09935 (0.06715, 3.73)"
ML,full_record_model_only,2011,NO2,ST,0.0826239487764685,physical_event_point_total,True,"0.08262 (0.05604, 3.756)"
ML,full_record_model_only,2011,NO3,CT,0.9895459614901376,physical_event_point_total,True,"0.9895 (0.7674, 30.46)"
ML,full_record_model_only,2011,NO3,MT,1.312160066427995,physical_event_point_total,True,"1.312 (0.9814, 38.95)"
ML,full_record_model_only,2011,NO3,ST,1.4806163409520101,physical_event_point_total,True,"1.481 (1.084, 43.57)"
ML,full_record_model_only,2011,OP,CT,0.0352871822081274,physical_event_point_total,True,"0.03529 (0.02268, 2.537)"
ML,full_record_model_only,2011,OP,MT,0.048962047035546,physical_event_point_total,True,"0.04896 (0.0306, 3.198)"
ML,full_record_model_only,2011,OP,ST,0.0390676630609699,physical_event_point_total,True,"0.03907 (0.02339, 2.644)"
ML,full_record_model_only,2011,Se,CT,0.040462074144554404,physical_event_point_total,True,"0.04046 (0.02798, 2.589)"
ML,full_record_model_only,2011,Se,MT,0.0633295885138876,physical_event_point_total,True,"0.06333 (0.04141, 3.303)"
ML,full_record_model_only,2011,Se,ST,0.0537992245170874,physical_event_point_total,True,"0.0538 (0.03359, 3.324)"
ML,full_record_model_only,2011,TDS,CT,1.5409755770997167,physical_event_point_total,True,"1.541 (1.239, 41.94)"
ML,full_record_model_only,2011,TDS,MT,1.6623787380566553,physical_event_point_total,True,"1.662 (1.272, 44.51)"
ML,full_record_model_only,2011,TDS,ST,1.681507413425607,physical_event_point_total,True,"1.682 (1.26, 47.16)"
ML,full_record_model_only,2011,TKN,CT,0.6909679426073039,physical_event_point_total,True,"0.691 (0.5465, 19.88)"
ML,full_record_model_only,2011,TKN,MT,0.8026526658563705,physical_event_point_total,True,"0.8027 (0.6067, 21.5)"
ML,full_record_model_only,2011,TKN,ST,0.8656734115753184,physical_event_point_total,True,"0.8657 (0.6519, 23.2)"
ML,full_record_model_only,2011,TN,CT,0.6133304385979469,physical_event_point_total,True,"0.6133 (0.4735, 19.54)"
ML,full_record_model_only,2011,TN,MT,0.7358222803766902,physical_event_point_total,True,"0.7358 (0.5337, 23.87)"
ML,full_record_model_only,2011,TN,ST,0.7921104196240358,physical_event_point_total,True,"0.7921 (0.6178, 21.24)"
ML,full_record_model_only,2011,TP,CT,0.2583604106299934,physical_event_point_total,True,"0.2584 (0.205, 8.698)"
ML,full_record_model_only,2011,TP,MT,0.2976169461632036,physical_event_point_total,True,"0.2976 (0.2219, 9.058)"
ML,full_record_model_only,2011,TP,ST,0.3150660995409384,physical_event_point_total,True,"0.3151 (0.2157, 10.3)"
ML,full_record_model_only,2011,TSS,CT,194.95983531066946,physical_event_point_total,True,"195 (157.8, 5464)"
ML,full_record_model_only,2011,TSS,MT,177.47056569537344,physical_event_point_total,True,"177.5 (135.9, 4803)"
ML,full_record_model_only,2011,TSS,ST,173.09436969224677,physical_event_point_total,True,"173.1 (124.5, 5350)"
ML,full_record_model_only,2012,NH4,CT,0.03442940224138851,physical_event_point_total,True,"0.03443 (0.02421, 1.98)"
ML,full_record_model_only,2012,NH4,MT,0.03930852219172806,physical_event_point_total,True,"0.03931 (0.02802, 2.834)"
ML,full_record_model_only,2012,NH4,ST,0.0327523488773331,physical_event_point_total,True,"0.03275 (0.02426, 2.255)"
ML,full_record_model_only,2012,NO2,CT,0.06083971392735851,physical_event_point_total,True,"0.06084 (0.04563, 2.824)"
ML,full_record_model_only,2012,NO2,MT,0.08856128457516521,physical_event_point_total,True,"0.08856 (0.06381, 4.708)"
ML,full_record_model_only,2012,NO2,ST,0.06922369647225379,physical_event_point_total,True,"0.06922 (0.05253, 2.971)"
ML,full_record_model_only,2012,NO3,CT,0.9443332937179275,physical_event_point_total,True,"0.9443 (0.7606, 26.94)"
ML,full_record_model_only,2012,NO3,MT,1.3452773217408052,physical_event_point_total,True,"1.345 (1.037, 42.65)"
ML,full_record_model_only,2012,NO3,ST,1.0924525660079554,physical_event_point_total,True,"1.092 (0.8818, 29.94)"
ML,full_record_model_only,2012,OP,CT,0.04063012647984533,physical_event_point_total,True,"0.04063 (0.02852, 2.305)"
ML,full_record_model_only,2012,OP,MT,0.06810383850996224,physical_event_point_total,True,"0.0681 (0.05066, 3.502)"
ML,full_record_model_only,2012,OP,ST,0.054829481054054,physical_event_point_total,True,"0.05483 (0.04124, 2.513)"
ML,full_record_model_only,2012,Se,CT,0.03156356373590934,physical_event_point_total,True,"0.03156 (0.0229, 1.986)"
ML,full_record_model_only,2012,Se,MT,0.04480328973041148,physical_event_point_total,True,"0.0448 (0.03112, 2.841)"
ML,full_record_model_only,2012,Se,ST,0.0361755359058398,physical_event_point_total,True,"0.03618 (0.02746, 2.436)"
ML,full_record_model_only,2012,TDS,CT,1.4106002266749889,physical_event_point_total,True,"1.411 (1.186, 36.48)"
ML,full_record_model_only,2012,TDS,MT,1.7019158748140002,physical_event_point_total,True,"1.702 (1.376, 49.21)"
ML,full_record_model_only,2012,TDS,ST,1.3982818197267124,physical_event_point_total,True,"1.398 (1.154, 37.19)"
ML,full_record_model_only,2012,TKN,CT,0.547278535858095,physical_event_point_total,True,"0.5473 (0.4473, 15.14)"
ML,full_record_model_only,2012,TKN,MT,0.6577830516375741,physical_event_point_total,True,"0.6578 (0.5344, 20.43)"
ML,full_record_model_only,2012,TKN,ST,0.5362141049595373,physical_event_point_total,True,"0.5362 (0.4419, 14.57)"
ML,full_record_model_only,2012,TN,CT,0.3557691402940383,physical_event_point_total,True,"0.3558 (0.2933, 9.717)"
ML,full_record_model_only,2012,TN,MT,0.386753798480856,physical_event_point_total,True,"0.3868 (0.2995, 12.22)"
ML,full_record_model_only,2012,TN,ST,0.3212994900584993,physical_event_point_total,True,"0.3213 (0.2567, 8.601)"
ML,full_record_model_only,2012,TP,CT,0.2282355396647365,physical_event_point_total,True,"0.2282 (0.1781, 7.22)"
ML,full_record_model_only,2012,TP,MT,0.31813715475236465,physical_event_point_total,True,"0.3181 (0.2405, 10.82)"
ML,full_record_model_only,2012,TP,ST,0.2488128721865019,physical_event_point_total,True,"0.2488 (0.1928, 7.734)"
ML,full_record_model_only,2012,TSS,CT,164.10284857171607,physical_event_point_total,True,"164.1 (132.9, 4120)"
ML,full_record_model_only,2012,TSS,MT,176.3801100097652,physical_event_point_total,True,"176.4 (144.7, 4722)"
ML,full_record_model_only,2012,TSS,ST,142.1925678975908,physical_event_point_total,True,"142.2 (119.6, 3383)"
ML,full_record_model_only,2013,NH4,CT,0.0451263941194258,physical_event_point_total,True,"0.04513 (0.03315, 2.807)"
ML,full_record_model_only,2013,NH4,MT,0.0652096998468288,physical_event_point_total,True,"0.06521 (0.04611, 3.047)"
ML,full_record_model_only,2013,NH4,ST,0.0465594456553977,physical_event_point_total,True,"0.04656 (0.03232, 2.835)"
ML,full_record_model_only,2013,NO2,CT,0.0630772996311716,physical_event_point_total,True,"0.06308 (0.04672, 3.135)"
ML,full_record_model_only,2013,NO2,MT,0.0813111035212938,physical_event_point_total,True,"0.08131 (0.05868, 3.435)"
ML,full_record_model_only,2013,NO2,ST,0.0530140871093024,physical_event_point_total,True,"0.05301 (0.03848, 2.548)"
ML,full_record_model_only,2013,NO3,CT,1.4035761334708028,physical_event_point_total,True,"1.404 (1.177, 38.08)"
ML,full_record_model_only,2013,NO3,MT,1.916252065382517,physical_event_point_total,True,"1.916 (1.482, 51.67)"
ML,full_record_model_only,2013,NO3,ST,1.4228520035258316,physical_event_point_total,True,"1.423 (1.102, 38.61)"
ML,full_record_model_only,2013,OP,CT,0.055561711940016,physical_event_point_total,True,"0.05556 (0.03988, 2.838)"
ML,full_record_model_only,2013,OP,MT,0.0753583454331564,physical_event_point_total,True,"0.07536 (0.05378, 3.788)"
ML,full_record_model_only,2013,OP,ST,0.0474806459573715,physical_event_point_total,True,"0.04748 (0.03233, 2.818)"
ML,full_record_model_only,2013,Se,CT,0.032523615828503,physical_event_point_total,True,"0.03252 (0.02415, 2.25)"
ML,full_record_model_only,2013,Se,MT,0.0464856448605844,physical_event_point_total,True,"0.04649 (0.03402, 2.863)"
ML,full_record_model_only,2013,Se,ST,0.0299336829014147,physical_event_point_total,True,"0.02993 (0.02196, 2.586)"
ML,full_record_model_only,2013,TDS,CT,1.6936161017474374,physical_event_point_total,True,"1.694 (1.418, 40.85)"
ML,full_record_model_only,2013,TDS,MT,2.5372453969824544,physical_event_point_total,True,"2.537 (2.009, 64.2)"
ML,full_record_model_only,2013,TDS,ST,1.6750904094495307,physical_event_point_total,True,"1.675 (1.307, 46.1)"
ML,full_record_model_only,2013,TKN,CT,0.9622972427471158,physical_event_point_total,True,"0.9623 (0.7836, 25.52)"
ML,full_record_model_only,2013,TKN,MT,1.2801010566922426,physical_event_point_total,True,"1.28 (1.026, 33.3)"
ML,full_record_model_only,2013,TKN,ST,0.9314982291314033,physical_event_point_total,True,"0.9315 (0.7343, 23.95)"
ML,full_record_model_only,2013,TN,CT,0.544618870173668,physical_event_point_total,True,"0.5446 (0.441, 14.66)"
ML,full_record_model_only,2013,TN,MT,0.8079189237883998,physical_event_point_total,True,"0.8079 (0.6255, 21.5)"
ML,full_record_model_only,2013,TN,ST,0.5740247655103459,physical_event_point_total,True,"0.574 (0.4476, 17.2)"
ML,full_record_model_only,2013,TP,CT,0.1475895461651345,physical_event_point_total,True,"0.1476 (0.1139, 5.403)"
ML,full_record_model_only,2013,TP,MT,0.19682658122661761,physical_event_point_total,True,"0.1968 (0.1452, 6.833)"
ML,full_record_model_only,2013,TP,ST,0.1310432952176648,physical_event_point_total,True,"0.131 (0.09831, 4.866)"
ML,full_record_model_only,2013,TSS,CT,129.73147310887973,physical_event_point_total,True,"129.7 (102.1, 3483)"
ML,full_record_model_only,2013,TSS,MT,208.63096405498035,physical_event_point_total,True,"208.6 (161.8, 5601)"
ML,full_record_model_only,2013,TSS,ST,111.51688915824882,physical_event_point_total,True,"111.5 (85.87, 2933)"
ML,full_record_model_only,2014,NH4,CT,0.0436587151781337,physical_event_point_total,True,"0.04366 (0.02905, 2.607)"
ML,full_record_model_only,2014,NH4,MT,0.0552375746210683,physical_event_point_total,True,"0.05524 (0.03137, 2.755)"
ML,full_record_model_only,2014,NH4,ST,0.0421443132273038,physical_event_point_total,True,"0.04214 (0.03241, 1.991)"
ML,full_record_model_only,2014,NO2,CT,0.0453407243604438,physical_event_point_total,True,"0.04534 (0.02838, 2.453)"
ML,full_record_model_only,2014,NO2,MT,0.0462012123900883,physical_event_point_total,True,"0.0462 (0.02464, 2.125)"
ML,full_record_model_only,2014,NO2,ST,0.042631584649655205,physical_event_point_total,True,"0.04263 (0.03152, 1.976)"
ML,full_record_model_only,2014,NO3,CT,1.1388063327786626,physical_event_point_total,True,"1.139 (0.7781, 37.88)"
ML,full_record_model_only,2014,NO3,MT,0.8333540178548772,physical_event_point_total,True,"0.8334 (0.5309, 29.09)"
ML,full_record_model_only,2014,NO3,ST,0.973521239908199,physical_event_point_total,True,"0.9735 (0.6963, 29.31)"
ML,full_record_model_only,2014,OP,CT,0.023840023474905138,physical_event_point_total,True,"0.02384 (0.0135, 1.848)"
ML,full_record_model_only,2014,OP,MT,0.03724530220997875,physical_event_point_total,True,"0.03725 (0.01909, 2.188)"
ML,full_record_model_only,2014,OP,ST,0.0251009285027076,physical_event_point_total,True,"0.0251 (0.01901, 1.4)"
ML,full_record_model_only,2014,Se,CT,0.0181790893853321,physical_event_point_total,True,"0.01818 (0.01251, 1.715)"
ML,full_record_model_only,2014,Se,MT,0.0322536396047662,physical_event_point_total,True,"0.03225 (0.01553, 2.222)"
ML,full_record_model_only,2014,Se,ST,0.0244229943436097,physical_event_point_total,True,"0.02442 (0.01714, 1.556)"
ML,full_record_model_only,2014,TDS,CT,1.7144184994964644,physical_event_point_total,True,"1.714 (1.185, 61.7)"
ML,full_record_model_only,2014,TDS,MT,1.0977594424527437,physical_event_point_total,True,"1.098 (0.7465, 36.35)"
ML,full_record_model_only,2014,TDS,ST,1.1900837765304884,physical_event_point_total,True,"1.19 (0.8957, 36.21)"
ML,full_record_model_only,2014,TKN,CT,0.6505479729359025,physical_event_point_total,True,"0.6505 (0.4266, 23.99)"
ML,full_record_model_only,2014,TKN,MT,0.48508101153459143,physical_event_point_total,True,"0.4851 (0.3054, 16.73)"
ML,full_record_model_only,2014,TKN,ST,0.5062372028326105,physical_event_point_total,True,"0.5062 (0.3729, 15.89)"
ML,full_record_model_only,2014,TN,CT,0.6908294692543568,physical_event_point_total,True,"0.6908 (0.4707, 23.98)"
ML,full_record_model_only,2014,TN,MT,0.4791301907527458,physical_event_point_total,True,"0.4791 (0.3226, 16.76)"
ML,full_record_model_only,2014,TN,ST,0.5305487507229035,physical_event_point_total,True,"0.5305 (0.3949, 16.23)"
ML,full_record_model_only,2014,TP,CT,0.1316269266068738,physical_event_point_total,True,"0.1316 (0.0871, 5.213)"
ML,full_record_model_only,2014,TP,MT,0.09842646826014101,physical_event_point_total,True,"0.09843 (0.05887, 4.168)"
ML,full_record_model_only,2014,TP,ST,0.1087536697446396,physical_event_point_total,True,"0.1088 (0.07625, 3.785)"
ML,full_record_model_only,2014,TSS,CT,134.8639097120002,physical_event_point_total,True,"134.9 (87.81, 5082)"
ML,full_record_model_only,2014,TSS,MT,75.38535577858309,physical_event_point_total,True,"75.39 (47.8, 3160)"
ML,full_record_model_only,2014,TSS,ST,84.00035486684091,physical_event_point_total,True,"84 (59.92, 2406)"
ML,full_record_model_only,2015,NH4,CT,0.0310606457904262,physical_event_point_total,True,"0.03106 (0.02786, 2.461)"
ML,full_record_model_only,2015,NH4,MT,0.013183664362148587,physical_event_point_total,True,"0.01318 (0.01192, 1.116)"
ML,full_record_model_only,2015,NH4,ST,0.009503401018246227,physical_event_point_total,False,"0.009503 (0.009507, 0.9219)"
ML,full_record_model_only,2015,NO2,CT,0.0779305384295772,physical_event_point_total,True,"0.07793 (0.06424, 3.182)"
ML,full_record_model_only,2015,NO2,MT,0.0215813977278374,physical_event_point_total,True,"0.02158 (0.01706, 1.27)"
ML,full_record_model_only,2015,NO2,ST,0.0209454320640865,physical_event_point_total,True,"0.02095 (0.01604, 1.177)"
ML,full_record_model_only,2015,NO3,CT,2.011767586077654,physical_event_point_total,True,"2.012 (1.596, 50.03)"
ML,full_record_model_only,2015,NO3,MT,0.7791129641526582,physical_event_point_total,True,"0.7791 (0.6093, 21.78)"
ML,full_record_model_only,2015,NO3,ST,0.8921851234327969,physical_event_point_total,True,"0.8922 (0.6989, 22.46)"
ML,full_record_model_only,2015,OP,CT,0.0418956231981941,physical_event_point_total,True,"0.0419 (0.03574, 2.525)"
ML,full_record_model_only,2015,OP,MT,0.0096351335020694,physical_event_point_total,True,"0.009635 (0.008614, 1.056)"
ML,full_record_model_only,2015,OP,ST,0.006360417124065787,physical_event_point_total,False,"0.00636 (0.007023, 0.8912)"
ML,full_record_model_only,2015,Se,CT,0.0451463254544813,physical_event_point_total,True,"0.04515 (0.03546, 2.899)"
ML,full_record_model_only,2015,Se,MT,0.0117999049960775,physical_event_point_total,True,"0.0118 (0.009689, 1.038)"
ML,full_record_model_only,2015,Se,ST,0.0089576610602559,physical_event_point_total,True,"0.008958 (0.008836, 1.021)"
ML,full_record_model_only,2015,TDS,CT,1.8988475950936612,physical_event_point_total,True,"1.899 (1.472, 48.31)"
ML,full_record_model_only,2015,TDS,MT,0.4646164596616803,physical_event_point_total,True,"0.4646 (0.3584, 12.75)"
ML,full_record_model_only,2015,TDS,ST,0.4723837538057727,physical_event_point_total,True,"0.4724 (0.368, 13.69)"
ML,full_record_model_only,2015,TKN,CT,0.3367432888877201,physical_event_point_total,True,"0.3367 (0.2679, 9.725)"
ML,full_record_model_only,2015,TKN,MT,0.0537040754404352,physical_event_point_total,True,"0.0537 (0.03982, 2.034)"
ML,full_record_model_only,2015,TKN,ST,0.0541871682836713,physical_event_point_total,True,"0.05419 (0.04174, 2.05)"
ML,full_record_model_only,2015,TN,CT,2.1360957902647004,physical_event_point_total,True,"2.136 (1.711, 57.02)"
ML,full_record_model_only,2015,TN,MT,0.8241370978493504,physical_event_point_total,True,"0.8241 (0.6516, 23.59)"
ML,full_record_model_only,2015,TN,ST,0.8933022745744974,physical_event_point_total,True,"0.8933 (0.6947, 24.77)"
ML,full_record_model_only,2015,TP,CT,0.212790197376308,physical_event_point_total,True,"0.2128 (0.1691, 6.417)"
ML,full_record_model_only,2015,TP,MT,0.0374666258212481,physical_event_point_total,True,"0.03747 (0.02965, 1.681)"
ML,full_record_model_only,2015,TP,ST,0.0357141876312625,physical_event_point_total,True,"0.03571 (0.02862, 1.641)"
ML,full_record_model_only,2015,TSS,CT,243.46561064508654,physical_event_point_total,True,"243.5 (181.5, 6479)"
ML,full_record_model_only,2015,TSS,MT,23.228784219891956,physical_event_point_total,True,"23.23 (16.82, 718.7)"
ML,full_record_model_only,2015,TSS,ST,14.479563719190278,physical_event_point_total,True,"14.48 (10.28, 467.9)"
ML,full_record_model_only,2016,NH4,CT,0.0149473189702517,physical_event_point_total,True,"0.01495 (0.00559, 1.273)"
ML,full_record_model_only,2016,NH4,MT,0.0040433030726882,physical_event_point_total,True,"0.004043 (0.001401, 0.3737)"
ML,full_record_model_only,2016,NH4,ST,0.008484681097196401,physical_event_point_total,True,"0.008485 (0.003018, 0.738)"
ML,full_record_model_only,2016,NO2,CT,0.0027632059207689,physical_event_point_total,True,"0.002763 (0.0007805, 1.075)"
ML,full_record_model_only,2016,NO2,MT,0.0009645848548828657,physical_event_point_total,True,"0.0009646 (0.0002265, 0.338)"
ML,full_record_model_only,2016,NO2,ST,6.415646796666626e-05,physical_event_point_total,False,"6.416e-05 (0.0002667, 0.7742)"
ML,full_record_model_only,2016,NO3,CT,0.5226208942365519,physical_event_point_total,True,"0.5226 (0.2381, 23.14)"
ML,full_record_model_only,2016,NO3,MT,0.1676758482180722,physical_event_point_total,True,"0.1677 (0.08084, 8.031)"
ML,full_record_model_only,2016,NO3,ST,0.4127947760479952,physical_event_point_total,True,"0.4128 (0.1836, 19.53)"
ML,full_record_model_only,2016,OP,CT,0.0034507720105006875,physical_event_point_total,True,"0.003451 (0.001173, 0.8815)"
ML,full_record_model_only,2016,OP,MT,0.0012636491216623,physical_event_point_total,True,"0.001264 (0.0004312, 0.3902)"
ML,full_record_model_only,2016,OP,ST,0.0019615634089869003,physical_event_point_total,True,"0.001962 (0.0005737, 0.7595)"
ML,full_record_model_only,2016,Se,CT,0.0013989618756184343,physical_event_point_total,True,"0.001399 (0.0005049, 0.9444)"
ML,full_record_model_only,2016,Se,MT,0.0,physical_event_point_total,False,"0 (7.417e-05, 0.4083)"
ML,full_record_model_only,2016,Se,ST,0.0,physical_event_point_total,False,"0 (0.0002169, 0.7981)"
ML,full_record_model_only,2016,TDS,CT,0.5776230570524838,physical_event_point_total,True,"0.5776 (0.2582, 24.08)"
ML,full_record_model_only,2016,TDS,MT,0.1209183145610352,physical_event_point_total,True,"0.1209 (0.05986, 5.61)"
ML,full_record_model_only,2016,TDS,ST,0.3125990369167226,physical_event_point_total,True,"0.3126 (0.1428, 14.1)"
ML,full_record_model_only,2016,TKN,CT,0.0207130163442122,physical_event_point_total,True,"0.02071 (0.007621, 1.891)"
ML,full_record_model_only,2016,TKN,MT,0.0029979213565213,physical_event_point_total,True,"0.002998 (0.000979, 0.4414)"
ML,full_record_model_only,2016,TKN,ST,0.0067561940511546995,physical_event_point_total,True,"0.006756 (0.002054, 0.9629)"
ML,full_record_model_only,2016,TN,CT,0.4879795161597429,physical_event_point_total,True,"0.488 (0.2221, 22.3)"
ML,full_record_model_only,2016,TN,MT,0.15873100153921169,physical_event_point_total,True,"0.1587 (0.07629, 7.724)"
ML,full_record_model_only,2016,TN,ST,0.3907332369275476,physical_event_point_total,True,"0.3907 (0.1747, 18.35)"
ML,full_record_model_only,2016,TP,CT,0.008278642355707001,physical_event_point_total,True,"0.008279 (0.002737, 1.242)"
ML,full_record_model_only,2016,TP,MT,0.0014711135425974,physical_event_point_total,True,"0.001471 (0.0004803, 0.2826)"
ML,full_record_model_only,2016,TP,ST,0.0020382705129232,physical_event_point_total,True,"0.002038 (0.0006181, 0.7336)"
ML,full_record_model_only,2016,TSS,CT,83.53541629110072,physical_event_point_total,True,"83.54 (37.31, 3690)"
ML,full_record_model_only,2016,TSS,MT,8.475141026809588,physical_event_point_total,True,"8.475 (4.283, 369)"
ML,full_record_model_only,2016,TSS,ST,25.722507212593637,physical_event_point_total,True,"25.72 (11.82, 1116)"
ML,full_record_model_only,2017,NH4,CT,0.1902580718522101,physical_event_point_total,True,"0.1903 (0.1579, 7.192)"
ML,full_record_model_only,2017,NH4,MT,0.043623311751098,physical_event_point_total,True,"0.04362 (0.03426, 2.637)"
ML,full_record_model_only,2017,NH4,ST,0.0219815250931423,physical_event_point_total,True,"0.02198 (0.01633, 1.43)"
ML,full_record_model_only,2017,NO2,CT,0.1169511363153141,physical_event_point_total,True,"0.117 (0.08528, 4.164)"
ML,full_record_model_only,2017,NO2,MT,0.0273160178175871,physical_event_point_total,True,"0.02732 (0.02058, 1.955)"
ML,full_record_model_only,2017,NO2,ST,0.017613890058406658,physical_event_point_total,True,"0.01761 (0.01314, 1.394)"
ML,full_record_model_only,2017,NO3,CT,3.269612202040684,physical_event_point_total,True,"3.27 (2.615, 79.6)"
ML,full_record_model_only,2017,NO3,MT,1.3443991091125458,physical_event_point_total,True,"1.344 (0.9962, 42.6)"
ML,full_record_model_only,2017,NO3,ST,1.2295938169537188,physical_event_point_total,True,"1.23 (0.8876, 35.37)"
ML,full_record_model_only,2017,OP,CT,0.005446135459709,physical_event_point_total,False,"0.005446 (0.009667, 2.352)"
ML,full_record_model_only,2017,OP,MT,0.0035761648434344765,physical_event_point_total,False,"0.003576 (0.006248, 1.353)"
ML,full_record_model_only,2017,OP,ST,0.0024507681141217714,physical_event_point_total,False,"0.002451 (0.00406, 1.002)"
ML,full_record_model_only,2017,Se,CT,0.0699673831327246,physical_event_point_total,True,"0.06997 (0.05621, 2.985)"
ML,full_record_model_only,2017,Se,MT,0.012427879714129852,physical_event_point_total,True,"0.01243 (0.01201, 1.529)"
ML,full_record_model_only,2017,Se,ST,0.005905668989111469,physical_event_point_total,True,"0.005906 (0.005076, 1.016)"
ML,full_record_model_only,2017,TDS,CT,4.401120344639177,physical_event_point_total,True,"4.401 (3.52, 112.5)"
ML,full_record_model_only,2017,TDS,MT,0.7908266352311788,physical_event_point_total,True,"0.7908 (0.5735, 25.68)"
ML,full_record_model_only,2017,TDS,ST,0.6515083606114214,physical_event_point_total,True,"0.6515 (0.4786, 20.43)"
ML,full_record_model_only,2017,TKN,CT,1.1937504290708412,physical_event_point_total,True,"1.194 (0.9811, 32.23)"
ML,full_record_model_only,2017,TKN,MT,0.1460729998488974,physical_event_point_total,True,"0.1461 (0.1071, 5.661)"
ML,full_record_model_only,2017,TKN,ST,0.0836988627433259,physical_event_point_total,True,"0.0837 (0.05792, 3.648)"
ML,full_record_model_only,2017,TN,CT,1.3228646637655497,physical_event_point_total,True,"1.323 (1.075, 36.77)"
ML,full_record_model_only,2017,TN,MT,0.263603524397399,physical_event_point_total,True,"0.2636 (0.1889, 9.764)"
ML,full_record_model_only,2017,TN,ST,0.2087663707170549,physical_event_point_total,True,"0.2088 (0.1536, 8.014)"
ML,full_record_model_only,2017,TP,CT,0.1108543181316274,physical_event_point_total,True,"0.1109 (0.07934, 4.009)"
ML,full_record_model_only,2017,TP,MT,0.022240613270693158,physical_event_point_total,True,"0.02224 (0.01788, 1.758)"
ML,full_record_model_only,2017,TP,ST,0.0175213036922138,physical_event_point_total,True,"0.01752 (0.01158, 1.227)"
ML,full_record_model_only,2017,TSS,CT,1014.3906761864193,physical_event_point_total,True,"1014 (769.1, 2.757e+04)"
ML,full_record_model_only,2017,TSS,MT,66.97468471842495,physical_event_point_total,True,"66.97 (48.35, 2470)"
ML,full_record_model_only,2017,TSS,ST,72.7498683961463,physical_event_point_total,True,"72.75 (48.84, 2447)"
ML,full_record_model_only,2018,NH4,CT,0.0457538953329777,physical_event_point_total,True,"0.04575 (0.02793, 2.162)"
ML,full_record_model_only,2018,NH4,MT,0.014125724186936583,physical_event_point_total,True,"0.01413 (0.008186, 1.558)"
ML,full_record_model_only,2018,NH4,ST,0.0086571583498176,physical_event_point_total,True,"0.008657 (0.004724, 1.23)"
ML,full_record_model_only,2018,NO2,CT,0.0647533591087689,physical_event_point_total,True,"0.06475 (0.04195, 2.901)"
ML,full_record_model_only,2018,NO2,MT,0.0433330734588106,physical_event_point_total,True,"0.04333 (0.02495, 2.088)"
ML,full_record_model_only,2018,NO2,ST,0.0391120166449305,physical_event_point_total,True,"0.03911 (0.02364, 2.052)"
ML,full_record_model_only,2018,NO3,CT,0.6165746095549591,physical_event_point_total,True,"0.6166 (0.447, 17.99)"
ML,full_record_model_only,2018,NO3,MT,0.5223946531633008,physical_event_point_total,True,"0.5224 (0.3762, 15.48)"
ML,full_record_model_only,2018,NO3,ST,0.5066946323872957,physical_event_point_total,True,"0.5067 (0.3695, 14.92)"
ML,full_record_model_only,2018,OP,CT,0.0171310243971755,physical_event_point_total,True,"0.01713 (0.009419, 1.657)"
ML,full_record_model_only,2018,OP,MT,0.0179931415474191,physical_event_point_total,True,"0.01799 (0.008748, 1.794)"
ML,full_record_model_only,2018,OP,ST,0.0155913353762223,physical_event_point_total,True,"0.01559 (0.008089, 1.615)"
ML,full_record_model_only,2018,Se,CT,0.014199341017394,physical_event_point_total,True,"0.0142 (0.007799, 1.669)"
ML,full_record_model_only,2018,Se,MT,0.010258891801077741,physical_event_point_total,True,"0.01026 (0.005675, 1.55)"
ML,full_record_model_only,2018,Se,ST,0.0071007769359339,physical_event_point_total,True,"0.007101 (0.004058, 1.361)"
ML,full_record_model_only,2018,TDS,CT,1.5112227381212846,physical_event_point_total,True,"1.511 (1.098, 41.45)"
ML,full_record_model_only,2018,TDS,MT,0.8228845304883333,physical_event_point_total,True,"0.8229 (0.5855, 22.48)"
ML,full_record_model_only,2018,TDS,ST,0.7441451060920666,physical_event_point_total,True,"0.7441 (0.5324, 22.58)"
ML,full_record_model_only,2018,TKN,CT,0.4468100740392415,physical_event_point_total,True,"0.4468 (0.3181, 13.09)"
ML,full_record_model_only,2018,TKN,MT,0.2034337945634878,physical_event_point_total,True,"0.2034 (0.1325, 6.863)"
ML,full_record_model_only,2018,TKN,ST,0.1837246539797397,physical_event_point_total,True,"0.1837 (0.1201, 6.146)"
ML,full_record_model_only,2018,TN,CT,0.4240804956644995,physical_event_point_total,True,"0.4241 (0.3012, 12.84)"
ML,full_record_model_only,2018,TN,MT,0.2428397928633013,physical_event_point_total,True,"0.2428 (0.1748, 7.625)"
ML,full_record_model_only,2018,TN,ST,0.2237780168691445,physical_event_point_total,True,"0.2238 (0.1554, 6.884)"
ML,full_record_model_only,2018,TP,CT,0.0846157894789209,physical_event_point_total,True,"0.08462 (0.05613, 2.939)"
ML,full_record_model_only,2018,TP,MT,0.0606915312471546,physical_event_point_total,True,"0.06069 (0.03646, 2.931)"
ML,full_record_model_only,2018,TP,ST,0.056206549049478104,physical_event_point_total,True,"0.05621 (0.03643, 2.682)"
ML,full_record_model_only,2018,TSS,CT,68.51340831336613,physical_event_point_total,True,"68.51 (49.29, 1887)"
ML,full_record_model_only,2018,TSS,MT,35.49059033410991,physical_event_point_total,True,"35.49 (25.14, 954.3)"
ML,full_record_model_only,2018,TSS,ST,32.69840379236074,physical_event_point_total,True,"32.7 (23.73, 881.9)"
ML,full_record_model_only,2019,NH4,CT,0.0047629926793042,physical_event_point_total,True,"0.004763 (0, 0.3749)"
ML,full_record_model_only,2019,NH4,MT,0.0019005428322676002,physical_event_point_total,True,"0.001901 (0, 0.1464)"
ML,full_record_model_only,2019,NH4,ST,0.0022854559513792,physical_event_point_total,True,"0.002285 (0, 0.2751)"
ML,full_record_model_only,2019,NO2,CT,0.0070692564899597,physical_event_point_total,True,"0.007069 (0, 0.4041)"
ML,full_record_model_only,2019,NO2,MT,0.0042156946225066,physical_event_point_total,True,"0.004216 (0, 0.3014)"
ML,full_record_model_only,2019,NO2,ST,0.0055286377272668,physical_event_point_total,True,"0.005529 (0, 0.3984)"
ML,full_record_model_only,2019,NO3,CT,0.1109235908202767,physical_event_point_total,True,"0.1109 (0.02386, 7.065)"
ML,full_record_model_only,2019,NO3,MT,0.0788156117671604,physical_event_point_total,True,"0.07882 (0.01545, 4.896)"
ML,full_record_model_only,2019,NO3,ST,0.0923264524355247,physical_event_point_total,True,"0.09233 (0.02015, 6.402)"
ML,full_record_model_only,2019,OP,CT,0.0029898409185817,physical_event_point_total,True,"0.00299 (0, 0.1693)"
ML,full_record_model_only,2019,OP,MT,7.104141236184977e-05,physical_event_point_total,True,"7.104e-05 (0, 0.1428)"
ML,full_record_model_only,2019,OP,ST,0.0014012471514952,physical_event_point_total,True,"0.001401 (0, 0.1952)"
ML,full_record_model_only,2019,Se,CT,0.0,physical_event_point_total,True,"0 (0, 0.1088)"
ML,full_record_model_only,2019,Se,MT,0.0,physical_event_point_total,True,"0 (0, 0.1011)"
ML,full_record_model_only,2019,Se,ST,0.0,physical_event_point_total,True,"0 (0, 0.1399)"
ML,full_record_model_only,2019,TDS,CT,0.31438312211566033,physical_event_point_total,True,"0.3144 (0.06861, 20.2)"
ML,full_record_model_only,2019,TDS,MT,0.1864278313663134,physical_event_point_total,True,"0.1864 (0.03574, 10.41)"
ML,full_record_model_only,2019,TDS,ST,0.2080481885308615,physical_event_point_total,True,"0.208 (0.0473, 13.87)"
ML,full_record_model_only,2019,TKN,CT,0.0621505655022123,physical_event_point_total,True,"0.06215 (0.01087, 3.834)"
ML,full_record_model_only,2019,TKN,MT,0.0382753117841961,physical_event_point_total,True,"0.03828 (0.006229, 2.544)"
ML,full_record_model_only,2019,TKN,ST,0.0424629440885842,physical_event_point_total,True,"0.04246 (0.007394, 2.927)"
ML,full_record_model_only,2019,TN,CT,0.0780275774967347,physical_event_point_total,True,"0.07803 (0.01519, 4.701)"
ML,full_record_model_only,2019,TN,MT,0.0542797676133914,physical_event_point_total,True,"0.05428 (0.01067, 3.496)"
ML,full_record_model_only,2019,TN,ST,0.0613121694060231,physical_event_point_total,True,"0.06131 (0.01302, 3.817)"
ML,full_record_model_only,2019,TP,CT,0.0121139180132003,physical_event_point_total,True,"0.01211 (0.000385, 0.7739)"
ML,full_record_model_only,2019,TP,MT,0.0063778520799508,physical_event_point_total,True,"0.006378 (1.996e-06, 0.4075)"
ML,full_record_model_only,2019,TP,ST,0.0082955171917804,physical_event_point_total,True,"0.008296 (8.548e-05, 0.6404)"
ML,full_record_model_only,2019,TSS,CT,27.41896657511999,physical_event_point_total,True,"27.42 (5.996, 1642)"
ML,full_record_model_only,2019,TSS,MT,14.057044820224288,physical_event_point_total,True,"14.06 (2.967, 878)"
ML,full_record_model_only,2019,TSS,ST,17.207178955391772,physical_event_point_total,True,"17.21 (4.217, 1130)"
ML,full_record_model_only,2020,NH4,CT,0.0981084057945939,physical_event_point_total,True,"0.09811 (0.07834, 3.918)"
ML,full_record_model_only,2020,NH4,MT,0.041877444466796,physical_event_point_total,True,"0.04188 (0.03594, 2.343)"
ML,full_record_model_only,2020,NH4,ST,0.0455822909284959,physical_event_point_total,True,"0.04558 (0.03488, 2.541)"
ML,full_record_model_only,2020,NO2,CT,0.06165270974453,physical_event_point_total,True,"0.06165 (0.04996, 3.317)"
ML,full_record_model_only,2020,NO2,MT,0.0253133826610077,physical_event_point_total,True,"0.02531 (0.02142, 1.93)"
ML,full_record_model_only,2020,NO2,ST,0.023909274784022848,physical_event_point_total,True,"0.02391 (0.02142, 2.13)"
ML,full_record_model_only,2020,NO3,CT,2.1555381790224337,physical_event_point_total,True,"2.156 (1.838, 50.55)"
ML,full_record_model_only,2020,NO3,MT,1.2698474529199182,physical_event_point_total,True,"1.27 (1.041, 32.38)"
ML,full_record_model_only,2020,NO3,ST,1.7547069290758173,physical_event_point_total,True,"1.755 (1.415, 45.8)"
ML,full_record_model_only,2020,OP,CT,0.0135402902854612,physical_event_point_total,False,"0.01354 (0.01504, 2.369)"
ML,full_record_model_only,2020,OP,MT,0.005477129238493414,physical_event_point_total,False,"0.005477 (0.008512, 1.352)"
ML,full_record_model_only,2020,OP,ST,0.0027267678822265125,physical_event_point_total,False,"0.002727 (0.008647, 1.978)"
ML,full_record_model_only,2020,Se,CT,0.0089586723909017,physical_event_point_total,False,"0.008959 (0.01324, 2.315)"
ML,full_record_model_only,2020,Se,MT,0.0029887360046469483,physical_event_point_total,False,"0.002989 (0.006561, 1.575)"
ML,full_record_model_only,2020,Se,ST,0.003937354100237616,physical_event_point_total,False,"0.003937 (0.007848, 1.954)"
ML,full_record_model_only,2020,TDS,CT,2.762800091652174,physical_event_point_total,True,"2.763 (2.36, 62.13)"
ML,full_record_model_only,2020,TDS,MT,0.8868032552925533,physical_event_point_total,True,"0.8868 (0.7535, 21.93)"
ML,full_record_model_only,2020,TDS,ST,1.0894721564332746,physical_event_point_total,True,"1.089 (0.8975, 26.86)"
ML,full_record_model_only,2020,TKN,CT,0.7327123208661785,physical_event_point_total,True,"0.7327 (0.6425, 17.46)"
ML,full_record_model_only,2020,TKN,MT,0.2457028105351373,physical_event_point_total,True,"0.2457 (0.1984, 7.188)"
ML,full_record_model_only,2020,TKN,ST,0.3211641531359209,physical_event_point_total,True,"0.3212 (0.2436, 9.926)"
ML,full_record_model_only,2020,TN,CT,0.8400820133224662,physical_event_point_total,True,"0.8401 (0.7356, 20.05)"
ML,full_record_model_only,2020,TN,MT,0.3336303426325824,physical_event_point_total,True,"0.3336 (0.2803, 8.734)"
ML,full_record_model_only,2020,TN,ST,0.4169138751225811,physical_event_point_total,True,"0.4169 (0.3493, 12.15)"
ML,full_record_model_only,2020,TP,CT,0.09753616280427921,physical_event_point_total,True,"0.09754 (0.07736, 4.341)"
ML,full_record_model_only,2020,TP,MT,0.0450560378356635,physical_event_point_total,True,"0.04506 (0.03896, 2.493)"
ML,full_record_model_only,2020,TP,ST,0.052991985037593295,physical_event_point_total,True,"0.05299 (0.04237, 3.003)"
ML,full_record_model_only,2020,TSS,CT,240.55689369926466,physical_event_point_total,True,"240.6 (209.7, 5299)"
ML,full_record_model_only,2020,TSS,MT,31.2151687763276,physical_event_point_total,True,"31.22 (25.18, 798.5)"
ML,full_record_model_only,2020,TSS,ST,37.31767576460942,physical_event_point_total,True,"37.32 (29.66, 952.8)"
ML,full_record_model_only,2021,NH4,CT,0.0950211312855749,physical_event_point_total,True,"0.09502 (0.07109, 3.337)"
ML,full_record_model_only,2021,NH4,MT,0.0333382787828899,physical_event_point_total,True,"0.03334 (0.02418, 1.394)"
ML,full_record_model_only,2021,NH4,ST,0.0259245260792857,physical_event_point_total,True,"0.02592 (0.01953, 1.498)"
ML,full_record_model_only,2021,NO2,CT,0.0729904618756688,physical_event_point_total,True,"0.07299 (0.05707, 2.574)"
ML,full_record_model_only,2021,NO2,MT,0.0284517959346745,physical_event_point_total,True,"0.02845 (0.02299, 1.246)"
ML,full_record_model_only,2021,NO2,ST,0.0264647653817851,physical_event_point_total,True,"0.02646 (0.0208, 1.39)"
ML,full_record_model_only,2021,NO3,CT,1.7251682356889415,physical_event_point_total,True,"1.725 (1.362, 42.91)"
ML,full_record_model_only,2021,NO3,MT,0.9614386052895856,physical_event_point_total,True,"0.9614 (0.753, 23.66)"
ML,full_record_model_only,2021,NO3,ST,1.092362954941326,physical_event_point_total,True,"1.092 (0.8595, 26.51)"
ML,full_record_model_only,2021,OP,CT,0.013722312195795998,physical_event_point_total,False,"0.01372 (0.01375, 1.576)"
ML,full_record_model_only,2021,OP,MT,0.012449864441519238,physical_event_point_total,True,"0.01245 (0.009949, 0.9279)"
ML,full_record_model_only,2021,OP,ST,0.011169502968998601,physical_event_point_total,True,"0.01117 (0.01069, 1.227)"
ML,full_record_model_only,2021,Se,CT,0.006319369005039,physical_event_point_total,False,"0.006319 (0.009194, 1.274)"
ML,full_record_model_only,2021,Se,MT,0.0033012887712230246,physical_event_point_total,False,"0.003301 (0.004871, 0.7072)"
ML,full_record_model_only,2021,Se,ST,0.002332291228567883,physical_event_point_total,False,"0.002332 (0.004466, 0.9183)"
ML,full_record_model_only,2021,TDS,CT,2.1853482555096355,physical_event_point_total,True,"2.185 (1.745, 54.41)"
ML,full_record_model_only,2021,TDS,MT,0.734528358224319,physical_event_point_total,True,"0.7345 (0.5456, 19.99)"
ML,full_record_model_only,2021,TDS,ST,0.7637726584366892,physical_event_point_total,True,"0.7638 (0.5839, 21.63)"
ML,full_record_model_only,2021,TKN,CT,0.8280725712248465,physical_event_point_total,True,"0.8281 (0.627, 21.5)"
ML,full_record_model_only,2021,TKN,MT,0.274411419508686,physical_event_point_total,True,"0.2744 (0.1988, 8.944)"
ML,full_record_model_only,2021,TKN,ST,0.2785499012975704,physical_event_point_total,True,"0.2785 (0.2045, 9.532)"
ML,full_record_model_only,2021,TN,CT,0.6894683289970986,physical_event_point_total,True,"0.6895 (0.5409, 18.25)"
ML,full_record_model_only,2021,TN,MT,0.2473936931568693,physical_event_point_total,True,"0.2474 (0.1795, 7.112)"
ML,full_record_model_only,2021,TN,ST,0.2586782263321182,physical_event_point_total,True,"0.2587 (0.1976, 8.115)"
ML,full_record_model_only,2021,TP,CT,0.09457422911661251,physical_event_point_total,True,"0.09457 (0.07367, 3.388)"
ML,full_record_model_only,2021,TP,MT,0.0618721135054688,physical_event_point_total,True,"0.06187 (0.04386, 2.471)"
ML,full_record_model_only,2021,TP,ST,0.0638023364465777,physical_event_point_total,True,"0.0638 (0.04526, 3.198)"
ML,full_record_model_only,2021,TSS,CT,331.614092182871,physical_event_point_total,True,"331.6 (258.3, 8906)"
ML,full_record_model_only,2021,TSS,MT,63.65359550220953,physical_event_point_total,True,"63.65 (39.7, 2478)"
ML,full_record_model_only,2021,TSS,ST,66.95002833824445,physical_event_point_total,True,"66.95 (43.09, 2740)"
ML,full_record_model_only,2022,NH4,CT,0.012393600426343528,physical_event_point_total,False,"0.01239 (0.0151, 1.689)"
ML,full_record_model_only,2022,NH4,MT,0.025743522392544762,physical_event_point_total,True,"0.02574 (0.02339, 1.697)"
ML,full_record_model_only,2022,NH4,ST,0.0162922378444033,physical_event_point_total,False,"0.01629 (0.0172, 1.745)"
ML,full_record_model_only,2022,NO2,CT,0.044689433394492495,physical_event_point_total,True,"0.04469 (0.02998, 2.156)"
ML,full_record_model_only,2022,NO2,MT,0.034855221197377904,physical_event_point_total,True,"0.03486 (0.02367, 1.793)"
ML,full_record_model_only,2022,NO2,ST,0.039100313983612,physical_event_point_total,True,"0.0391 (0.02838, 1.663)"
ML,full_record_model_only,2022,NO3,CT,1.5212022248449495,physical_event_point_total,True,"1.521 (1.313, 31.35)"
ML,full_record_model_only,2022,NO3,MT,1.4795822052608403,physical_event_point_total,True,"1.48 (1.275, 31.84)"
ML,full_record_model_only,2022,NO3,ST,1.5633304827241623,physical_event_point_total,True,"1.563 (1.365, 33.83)"
ML,full_record_model_only,2022,OP,CT,0.013077530559015461,physical_event_point_total,True,"0.01308 (0.01205, 1.246)"
ML,full_record_model_only,2022,OP,MT,0.014102366119914774,physical_event_point_total,True,"0.0141 (0.01233, 1.17)"
ML,full_record_model_only,2022,OP,ST,0.014548000450000834,physical_event_point_total,True,"0.01455 (0.01296, 1.224)"
ML,full_record_model_only,2022,Se,CT,0.005911782520304,physical_event_point_total,False,"0.005912 (0.008124, 1.279)"
ML,full_record_model_only,2022,Se,MT,0.002025901501145457,physical_event_point_total,False,"0.002026 (0.005155, 0.9922)"
ML,full_record_model_only,2022,Se,ST,0.0028410361973362414,physical_event_point_total,False,"0.002841 (0.005724, 0.9944)"
ML,full_record_model_only,2022,TDS,CT,1.018515827846138,physical_event_point_total,True,"1.019 (0.9461, 23.9)"
ML,full_record_model_only,2022,TDS,MT,0.9071034007850429,physical_event_point_total,True,"0.9071 (0.8306, 21.69)"
ML,full_record_model_only,2022,TDS,ST,0.8541429757445487,physical_event_point_total,True,"0.8541 (0.7989, 20)"
ML,full_record_model_only,2022,TKN,CT,0.16261692655686,physical_event_point_total,True,"0.1626 (0.1433, 6.171)"
ML,full_record_model_only,2022,TKN,MT,0.160203601157985,physical_event_point_total,True,"0.1602 (0.1368, 5.522)"
ML,full_record_model_only,2022,TKN,ST,0.14386128722402675,physical_event_point_total,True,"0.1439 (0.1276, 5.355)"
ML,full_record_model_only,2022,TN,CT,0.2981558329996443,physical_event_point_total,True,"0.2982 (0.2817, 8.446)"
ML,full_record_model_only,2022,TN,MT,0.3082963459087764,physical_event_point_total,True,"0.3083 (0.2817, 7.942)"
ML,full_record_model_only,2022,TN,ST,0.2841798031049793,physical_event_point_total,True,"0.2842 (0.2629, 8.008)"
ML,full_record_model_only,2022,TP,CT,0.0468439649494506,physical_event_point_total,True,"0.04684 (0.04133, 1.989)"
ML,full_record_model_only,2022,TP,MT,0.047856530323634905,physical_event_point_total,True,"0.04786 (0.04188, 1.792)"
ML,full_record_model_only,2022,TP,ST,0.047373392459225866,physical_event_point_total,True,"0.04737 (0.04146, 1.87)"
ML,full_record_model_only,2022,TSS,CT,52.44777974882381,physical_event_point_total,True,"52.45 (45.78, 1364)"
ML,full_record_model_only,2022,TSS,MT,64.07162351448811,physical_event_point_total,True,"64.07 (51.74, 2082)"
ML,full_record_model_only,2022,TSS,ST,52.18865659104442,physical_event_point_total,True,"52.19 (42.56, 1797)"
ML,full_record_model_only,2023,NH4,CT,0.3298508973271782,physical_event_point_total,True,"0.3299 (0.2658, 8.341)"
ML,full_record_model_only,2023,NH4,MT,0.3355093459293012,physical_event_point_total,True,"0.3355 (0.2679, 8.5)"
ML,full_record_model_only,2023,NH4,ST,0.2725594754423001,physical_event_point_total,True,"0.2726 (0.2224, 7.469)"
ML,full_record_model_only,2023,NO2,CT,0.0219574430109358,physical_event_point_total,True,"0.02196 (0.01975, 2.169)"
ML,full_record_model_only,2023,NO2,MT,0.0230223701811652,physical_event_point_total,True,"0.02302 (0.02136, 1.963)"
ML,full_record_model_only,2023,NO2,ST,0.0135432263799339,physical_event_point_total,False,"0.01354 (0.01378, 1.743)"
ML,full_record_model_only,2023,NO3,CT,2.64127800285396,physical_event_point_total,True,"2.641 (2.006, 64.11)"
ML,full_record_model_only,2023,NO3,MT,3.3633805542566457,physical_event_point_total,True,"3.363 (2.498, 84.63)"
ML,full_record_model_only,2023,NO3,ST,2.6236634597192596,physical_event_point_total,True,"2.624 (1.981, 66.64)"
ML,full_record_model_only,2023,OP,CT,0.0585610055239641,physical_event_point_total,True,"0.05856 (0.0443, 2.364)"
ML,full_record_model_only,2023,OP,MT,0.06794259070458493,physical_event_point_total,True,"0.06794 (0.04851, 3.036)"
ML,full_record_model_only,2023,OP,ST,0.0417088434779163,physical_event_point_total,True,"0.04171 (0.03242, 2.112)"
ML,full_record_model_only,2023,Se,CT,0.1278514799448062,physical_event_point_total,True,"0.1279 (0.09998, 3.654)"
ML,full_record_model_only,2023,Se,MT,0.1312215221175861,physical_event_point_total,True,"0.1312 (0.09242, 4.269)"
ML,full_record_model_only,2023,Se,ST,0.0892986489889903,physical_event_point_total,True,"0.0893 (0.06478, 3.143)"
ML,full_record_model_only,2023,TDS,CT,365.730610650773,physical_event_point_total,True,"365.7 (268.3, 8795)"
ML,full_record_model_only,2023,TDS,MT,542.3755838964385,physical_event_point_total,True,"542.4 (409.2, 1.307e+04)"
ML,full_record_model_only,2023,TDS,ST,404.0954012599428,physical_event_point_total,True,"404.1 (305.9, 1.015e+04)"
ML,full_record_model_only,2023,TKN,CT,1.843682767633032,physical_event_point_total,True,"1.844 (1.371, 52.46)"
ML,full_record_model_only,2023,TKN,MT,2.3293969459183557,physical_event_point_total,True,"2.329 (1.785, 63.21)"
ML,full_record_model_only,2023,TKN,ST,2.217414215697151,physical_event_point_total,True,"2.217 (1.636, 63.49)"
ML,full_record_model_only,2023,TN,CT,1.0201296019135497,physical_event_point_total,True,"1.02 (0.8116, 25.01)"
ML,full_record_model_only,2023,TN,MT,1.0886383056140714,physical_event_point_total,True,"1.089 (0.8645, 26.7)"
ML,full_record_model_only,2023,TN,ST,0.8472744630838802,physical_event_point_total,True,"0.8473 (0.6611, 21.15)"
ML,full_record_model_only,2023,TP,CT,0.3754781752330263,physical_event_point_total,True,"0.3755 (0.298, 9.262)"
ML,full_record_model_only,2023,TP,MT,0.40803672242609657,physical_event_point_total,True,"0.408 (0.2978, 10.89)"
ML,full_record_model_only,2023,TP,ST,0.2998003331476029,physical_event_point_total,True,"0.2998 (0.2281, 8.309)"
ML,full_record_model_only,2023,TSS,CT,579.7757015155787,physical_event_point_total,True,"579.8 (440.9, 1.506e+04)"
ML,full_record_model_only,2023,TSS,MT,611.9115829998024,physical_event_point_total,True,"611.9 (457.9, 1.819e+04)"
ML,full_record_model_only,2023,TSS,ST,539.2209090331695,physical_event_point_total,True,"539.2 (407.1, 1.572e+04)"
ML,full_record_model_only,2024,NH4,CT,0.1532316976759398,physical_event_point_total,True,"0.1532 (0.1145, 3.654)"
ML,full_record_model_only,2024,NH4,MT,0.2046626622845072,physical_event_point_total,True,"0.2047 (0.1353, 6.704)"
ML,full_record_model_only,2024,NH4,ST,0.2340112246768454,physical_event_point_total,True,"0.234 (0.1666, 6.719)"
ML,full_record_model_only,2024,NO2,CT,0.003099621674688427,physical_event_point_total,False,"0.0031 (0.003214, 0.9009)"
ML,full_record_model_only,2024,NO2,MT,0.0033630166360681542,physical_event_point_total,False,"0.003363 (0.004458, 1.38)"
ML,full_record_model_only,2024,NO2,ST,0.0118550805705754,physical_event_point_total,True,"0.01186 (0.009764, 1.476)"
ML,full_record_model_only,2024,NO3,CT,1.7460045371915407,physical_event_point_total,True,"1.746 (1.173, 45.51)"
ML,full_record_model_only,2024,NO3,MT,2.328917094318646,physical_event_point_total,True,"2.329 (1.432, 85.56)"
ML,full_record_model_only,2024,NO3,ST,2.5376367030204308,physical_event_point_total,True,"2.538 (1.825, 72.72)"
ML,full_record_model_only,2024,OP,CT,0.094305115147824,physical_event_point_total,True,"0.09431 (0.06538, 2.907)"
ML,full_record_model_only,2024,OP,MT,0.0934157087416628,physical_event_point_total,True,"0.09342 (0.0607, 3.296)"
ML,full_record_model_only,2024,OP,ST,0.1462322395240491,physical_event_point_total,True,"0.1462 (0.1119, 4.823)"
ML,full_record_model_only,2024,Se,CT,0.0825831658249884,physical_event_point_total,True,"0.08258 (0.05948, 2.265)"
ML,full_record_model_only,2024,Se,MT,0.0961399096303662,physical_event_point_total,True,"0.09614 (0.06196, 3.582)"
ML,full_record_model_only,2024,Se,ST,0.1314758297333967,physical_event_point_total,True,"0.1315 (0.09581, 3.932)"
ML,full_record_model_only,2024,TDS,CT,278.89573466614524,physical_event_point_total,True,"278.9 (206.5, 6403)"
ML,full_record_model_only,2024,TDS,MT,403.4574207247825,physical_event_point_total,True,"403.5 (274.7, 1.231e+04)"
ML,full_record_model_only,2024,TDS,ST,429.26050814890334,physical_event_point_total,True,"429.3 (311.3, 1.109e+04)"
ML,full_record_model_only,2024,TKN,CT,0.3103948283227546,physical_event_point_total,True,"0.3104 (0.2209, 9.721)"
ML,full_record_model_only,2024,TKN,MT,0.4948250386701442,physical_event_point_total,True,"0.4948 (0.2709, 23.22)"
ML,full_record_model_only,2024,TKN,ST,0.5911261700420446,physical_event_point_total,True,"0.5911 (0.3991, 19.07)"
ML,full_record_model_only,2024,TN,CT,0.5774182706072466,physical_event_point_total,True,"0.5774 (0.4307, 13.38)"
ML,full_record_model_only,2024,TN,MT,0.8809798378026696,physical_event_point_total,True,"0.881 (0.5835, 26.73)"
ML,full_record_model_only,2024,TN,ST,1.0024631389239578,physical_event_point_total,True,"1.002 (0.7412, 24.8)"
ML,full_record_model_only,2024,TP,CT,0.2287344015608645,physical_event_point_total,True,"0.2287 (0.169, 6.175)"
ML,full_record_model_only,2024,TP,MT,0.2538384448086919,physical_event_point_total,True,"0.2538 (0.1756, 8.414)"
ML,full_record_model_only,2024,TP,ST,0.4399961006904267,physical_event_point_total,True,"0.44 (0.3258, 14.26)"
ML,full_record_model_only,2024,TSS,CT,283.0410856135437,physical_event_point_total,True,"283 (210.1, 7272)"
ML,full_record_model_only,2024,TSS,MT,311.39852480996973,physical_event_point_total,True,"311.4 (222.1, 8543)"
ML,full_record_model_only,2024,TSS,ST,716.7496035410581,physical_event_point_total,True,"716.7 (496.8, 2.008e+04)"
ML,full_record_model_only,2025,NH4,CT,0.4737022435614719,physical_event_point_total,True,"0.4737 (0.4507, 8.61)"
ML,full_record_model_only,2025,NH4,MT,0.5195357953432654,physical_event_point_total,True,"0.5195 (0.4442, 12.29)"
ML,full_record_model_only,2025,NH4,ST,0.5278164355172364,physical_event_point_total,True,"0.5278 (0.4753, 10.68)"
ML,full_record_model_only,2025,NO2,CT,0.4642098900229949,physical_event_point_total,True,"0.4642 (0.4278, 8.578)"
ML,full_record_model_only,2025,NO2,MT,0.5025679255034311,physical_event_point_total,True,"0.5026 (0.4277, 11.12)"
ML,full_record_model_only,2025,NO2,ST,0.5453809931486306,physical_event_point_total,True,"0.5454 (0.4951, 10.33)"
ML,full_record_model_only,2025,NO3,CT,0.1367861704974401,physical_event_point_total,True,"0.1368 (0.1292, 3.857)"
ML,full_record_model_only,2025,NO3,MT,0.1256986711382915,physical_event_point_total,True,"0.1257 (0.1039, 4.079)"
ML,full_record_model_only,2025,NO3,ST,0.1426970560874397,physical_event_point_total,True,"0.1427 (0.1304, 4.17)"
ML,full_record_model_only,2025,OP,CT,0.113190104159647,physical_event_point_total,True,"0.1132 (0.1072, 3.215)"
ML,full_record_model_only,2025,OP,MT,0.1517269208016416,physical_event_point_total,True,"0.1517 (0.1247, 4.828)"
ML,full_record_model_only,2025,OP,ST,0.16015650859155442,physical_event_point_total,True,"0.1602 (0.1466, 4.025)"
ML,full_record_model_only,2025,Se,CT,0.2072103750023253,physical_event_point_total,True,"0.2072 (0.1968, 4.529)"
ML,full_record_model_only,2025,Se,MT,0.2553503976342789,physical_event_point_total,True,"0.2554 (0.2028, 7.135)"
ML,full_record_model_only,2025,Se,ST,0.2572600697386895,physical_event_point_total,True,"0.2573 (0.2255, 6.1)"
ML,full_record_model_only,2025,TDS,CT,388.5924684899376,physical_event_point_total,True,"388.6 (361.6, 6588)"
ML,full_record_model_only,2025,TDS,MT,376.42309957068926,physical_event_point_total,True,"376.4 (323.3, 7390)"
ML,full_record_model_only,2025,TDS,ST,424.5054022079262,physical_event_point_total,True,"424.5 (392.2, 7573)"
ML,full_record_model_only,2025,TKN,CT,0.4360863323407599,physical_event_point_total,True,"0.4361 (0.4043, 9.415)"
ML,full_record_model_only,2025,TKN,MT,0.439168874994715,physical_event_point_total,True,"0.4392 (0.3517, 12)"
ML,full_record_model_only,2025,TKN,ST,0.3718400329210096,physical_event_point_total,True,"0.3718 (0.3301, 9.972)"
ML,full_record_model_only,2025,TN,CT,1.0176763728499023,physical_event_point_total,True,"1.018 (0.9906, 17.38)"
ML,full_record_model_only,2025,TN,MT,1.0375365201089384,physical_event_point_total,True,"1.038 (0.8895, 23.53)"
ML,full_record_model_only,2025,TN,ST,1.1596813863005635,physical_event_point_total,True,"1.16 (1.068, 23.56)"
ML,full_record_model_only,2025,TP,CT,1.0150434893621587,physical_event_point_total,True,"1.015 (0.9268, 20.61)"
ML,full_record_model_only,2025,TP,MT,1.5121162231908596,physical_event_point_total,True,"1.512 (1.15, 43.89)"
ML,full_record_model_only,2025,TP,ST,1.5791323976344367,physical_event_point_total,True,"1.579 (1.337, 43.22)"
ML,full_record_model_only,2025,TSS,CT,801.0296302628401,physical_event_point_total,True,"801 (756.2, 1.598e+04)"
ML,full_record_model_only,2025,TSS,MT,933.8808465876617,physical_event_point_total,True,"933.9 (655.1, 2.812e+04)"
ML,full_record_model_only,2025,TSS,ST,1140.958867026746,physical_event_point_total,True,"1141 (954.7, 3.273e+04)"
ML,observed_plus_imputed_sensitivity,2011,NH4,CT,0.0607670522118112,physical_event_point_total,True,"0.06077 (0.04053, 0.6378)"
ML,observed_plus_imputed_sensitivity,2011,NH4,MT,0.0722321504271761,physical_event_point_total,True,"0.07223 (0.04868, 1.306)"
ML,observed_plus_imputed_sensitivity,2011,NH4,ST,0.0737130204247073,physical_event_point_total,True,"0.07371 (0.04662, 0.4011)"
ML,observed_plus_imputed_sensitivity,2011,NO2,CT,0.08667030071981591,physical_event_point_total,True,"0.08667 (0.06136, 0.7902)"
ML,observed_plus_imputed_sensitivity,2011,NO2,MT,0.1208380746463193,physical_event_point_total,True,"0.1208 (0.08639, 1.941)"
ML,observed_plus_imputed_sensitivity,2011,NO2,ST,0.0987640153338801,physical_event_point_total,True,"0.09876 (0.06826, 0.7246)"
ML,observed_plus_imputed_sensitivity,2011,NO3,CT,1.1669695017749888,physical_event_point_total,True,"1.167 (1.027, 10.09)"
ML,observed_plus_imputed_sensitivity,2011,NO3,MT,1.5526386324331443,physical_event_point_total,True,"1.553 (1.321, 19.84)"
ML,observed_plus_imputed_sensitivity,2011,NO3,ST,1.7080879944324912,physical_event_point_total,True,"1.708 (1.52, 12.99)"
ML,observed_plus_imputed_sensitivity,2011,OP,CT,0.0390149210068495,physical_event_point_total,True,"0.03901 (0.02518, 0.5665)"
ML,observed_plus_imputed_sensitivity,2011,OP,MT,0.0540127604695572,physical_event_point_total,True,"0.05401 (0.03712, 1.079)"
ML,observed_plus_imputed_sensitivity,2011,OP,ST,0.044322434015518296,physical_event_point_total,True,"0.04432 (0.03022, 0.3528)"
ML,observed_plus_imputed_sensitivity,2011,Se,CT,0.050008417197036095,physical_event_point_total,True,"0.05001 (0.03407, 0.5188)"
ML,observed_plus_imputed_sensitivity,2011,Se,MT,0.0762016461120162,physical_event_point_total,True,"0.0762 (0.05432, 1.792)"
ML,observed_plus_imputed_sensitivity,2011,Se,ST,0.067357460140822,physical_event_point_total,True,"0.06736 (0.04382, 0.3708)"
ML,observed_plus_imputed_sensitivity,2011,TDS,CT,1.8998836731804214,physical_event_point_total,True,"1.9 (1.59, 19.93)"
ML,observed_plus_imputed_sensitivity,2011,TDS,MT,2.0158091201603776,physical_event_point_total,True,"2.016 (1.704, 23.77)"
ML,observed_plus_imputed_sensitivity,2011,TDS,ST,1.9985437107335857,physical_event_point_total,True,"1.999 (1.694, 10.11)"
ML,observed_plus_imputed_sensitivity,2011,TKN,CT,0.8459706746096713,physical_event_point_total,True,"0.846 (0.7076, 8.114)"
ML,observed_plus_imputed_sensitivity,2011,TKN,MT,0.983336955948659,physical_event_point_total,True,"0.9833 (0.8297, 12.01)"
ML,observed_plus_imputed_sensitivity,2011,TKN,ST,1.0387399770816739,physical_event_point_total,True,"1.039 (0.8684, 7.154)"
ML,observed_plus_imputed_sensitivity,2011,TN,CT,0.7421068791951915,physical_event_point_total,True,"0.7421 (0.6628, 5.173)"
ML,observed_plus_imputed_sensitivity,2011,TN,MT,0.9660673862915515,physical_event_point_total,True,"0.9661 (0.8332, 12.85)"
ML,observed_plus_imputed_sensitivity,2011,TN,ST,0.914590783208618,physical_event_point_total,True,"0.9146 (0.8019, 7.152)"
ML,observed_plus_imputed_sensitivity,2011,TP,CT,0.36072207257299915,physical_event_point_total,True,"0.3607 (0.3156, 2.417)"
ML,observed_plus_imputed_sensitivity,2011,TP,MT,0.38412895400463454,physical_event_point_total,True,"0.3841 (0.3189, 4.528)"
ML,observed_plus_imputed_sensitivity,2011,TP,ST,0.36806058033101,physical_event_point_total,True,"0.3681 (0.3105, 1.669)"
ML,observed_plus_imputed_sensitivity,2011,TSS,CT,243.94883273150361,physical_event_point_total,True,"243.9 (214.3, 2574)"
ML,observed_plus_imputed_sensitivity,2011,TSS,MT,293.3777240625802,physical_event_point_total,True,"293.4 (254.9, 3234)"
ML,observed_plus_imputed_sensitivity,2011,TSS,ST,259.80407723495813,physical_event_point_total,True,"259.8 (249, 1199)"
ML,observed_plus_imputed_sensitivity,2012,NH4,CT,0.0421492079236311,physical_event_point_total,True,"0.04215 (0.02999, 0.4803)"
ML,observed_plus_imputed_sensitivity,2012,NH4,MT,0.04909550966401871,physical_event_point_total,True,"0.0491 (0.03742, 0.5411)"
ML,observed_plus_imputed_sensitivity,2012,NH4,ST,0.0413979378409964,physical_event_point_total,True,"0.0414 (0.03134, 0.501)"
ML,observed_plus_imputed_sensitivity,2012,NO2,CT,0.0713668415365876,physical_event_point_total,True,"0.07137 (0.05448, 0.6482)"
ML,observed_plus_imputed_sensitivity,2012,NO2,MT,0.11009636738260821,physical_event_point_total,True,"0.1101 (0.0831, 1.134)"
ML,observed_plus_imputed_sensitivity,2012,NO2,ST,0.0845984446542736,physical_event_point_total,True,"0.0846 (0.06597, 0.911)"
ML,observed_plus_imputed_sensitivity,2012,NO3,CT,1.0464967548558382,physical_event_point_total,True,"1.046 (0.967, 7.092)"
ML,observed_plus_imputed_sensitivity,2012,NO3,MT,1.9474642375035236,physical_event_point_total,True,"1.947 (1.821, 11.2)"
ML,observed_plus_imputed_sensitivity,2012,NO3,ST,1.2566213825583628,physical_event_point_total,True,"1.257 (1.117, 13)"
ML,observed_plus_imputed_sensitivity,2012,OP,CT,0.0477838496681047,physical_event_point_total,True,"0.04778 (0.03541, 0.7231)"
ML,observed_plus_imputed_sensitivity,2012,OP,MT,0.08438921610896291,physical_event_point_total,True,"0.08439 (0.06281, 1.426)"
ML,observed_plus_imputed_sensitivity,2012,OP,ST,0.045260649355070744,physical_event_point_total,True,"0.04526 (0.03224, 0.2404)"
ML,observed_plus_imputed_sensitivity,2012,Se,CT,0.0382032144224635,physical_event_point_total,True,"0.0382 (0.02869, 0.3962)"
ML,observed_plus_imputed_sensitivity,2012,Se,MT,0.05517105698748609,physical_event_point_total,True,"0.05517 (0.04082, 0.8866)"
ML,observed_plus_imputed_sensitivity,2012,Se,ST,0.0476142442424647,physical_event_point_total,True,"0.04761 (0.03256, 0.5939)"
ML,observed_plus_imputed_sensitivity,2012,TDS,CT,1.6672559757879564,physical_event_point_total,True,"1.667 (1.447, 17.47)"
ML,observed_plus_imputed_sensitivity,2012,TDS,MT,2.019960786267315,physical_event_point_total,True,"2.02 (1.752, 16.58)"
ML,observed_plus_imputed_sensitivity,2012,TDS,ST,1.6364769598495725,physical_event_point_total,True,"1.636 (1.408, 15.53)"
ML,observed_plus_imputed_sensitivity,2012,TKN,CT,0.6362498949619488,physical_event_point_total,True,"0.6362 (0.5552, 6.074)"
ML,observed_plus_imputed_sensitivity,2012,TKN,MT,0.7912311050982582,physical_event_point_total,True,"0.7912 (0.6764, 6.495)"
ML,observed_plus_imputed_sensitivity,2012,TKN,ST,0.6266278915914756,physical_event_point_total,True,"0.6266 (0.5258, 6.333)"
ML,observed_plus_imputed_sensitivity,2012,TN,CT,0.445984065541338,physical_event_point_total,True,"0.446 (0.3898, 3.875)"
ML,observed_plus_imputed_sensitivity,2012,TN,MT,0.6784090761312486,physical_event_point_total,True,"0.6784 (0.6131, 3.376)"
ML,observed_plus_imputed_sensitivity,2012,TN,ST,0.3890060851494452,physical_event_point_total,True,"0.389 (0.3384, 2.482)"
ML,observed_plus_imputed_sensitivity,2012,TP,CT,0.2909128153722218,physical_event_point_total,True,"0.2909 (0.2649, 1.917)"
ML,observed_plus_imputed_sensitivity,2012,TP,MT,0.36408342649170766,physical_event_point_total,True,"0.3641 (0.3216, 3.164)"
ML,observed_plus_imputed_sensitivity,2012,TP,ST,0.3122253916842344,physical_event_point_total,True,"0.3122 (0.2828, 1.916)"
ML,observed_plus_imputed_sensitivity,2012,TSS,CT,205.07827224331146,physical_event_point_total,True,"205.1 (171.6, 3217)"
ML,observed_plus_imputed_sensitivity,2012,TSS,MT,201.99203981988833,physical_event_point_total,True,"202 (175.8, 2014)"
ML,observed_plus_imputed_sensitivity,2012,TSS,ST,160.7678284303642,physical_event_point_total,True,"160.8 (139.8, 1593)"
ML,observed_plus_imputed_sensitivity,2013,NH4,CT,0.0559588306914216,physical_event_point_total,True,"0.05596 (0.03789, 0.5421)"
ML,observed_plus_imputed_sensitivity,2013,NH4,MT,0.0810588795899303,physical_event_point_total,True,"0.08106 (0.05946, 0.951)"
ML,observed_plus_imputed_sensitivity,2013,NH4,ST,0.056220026872536105,physical_event_point_total,True,"0.05622 (0.03902, 0.6377)"
ML,observed_plus_imputed_sensitivity,2013,NO2,CT,0.0797570189849712,physical_event_point_total,True,"0.07976 (0.0557, 0.8316)"
ML,observed_plus_imputed_sensitivity,2013,NO2,MT,0.0957293544263545,physical_event_point_total,True,"0.09573 (0.06891, 1.025)"
ML,observed_plus_imputed_sensitivity,2013,NO2,ST,0.0599895120543509,physical_event_point_total,True,"0.05999 (0.03956, 0.4289)"
ML,observed_plus_imputed_sensitivity,2013,NO3,CT,1.5265035851313713,physical_event_point_total,True,"1.527 (1.341, 13.15)"
ML,observed_plus_imputed_sensitivity,2013,NO3,MT,2.086685831203366,physical_event_point_total,True,"2.087 (1.841, 17.74)"
ML,observed_plus_imputed_sensitivity,2013,NO3,ST,1.598507635161106,physical_event_point_total,True,"1.599 (1.451, 7.468)"
ML,observed_plus_imputed_sensitivity,2013,OP,CT,0.0748050608022873,physical_event_point_total,True,"0.07481 (0.05123, 0.4615)"
ML,observed_plus_imputed_sensitivity,2013,OP,MT,0.0901512339591232,physical_event_point_total,True,"0.09015 (0.06638, 1.008)"
ML,observed_plus_imputed_sensitivity,2013,OP,ST,0.053914637765643,physical_event_point_total,True,"0.05391 (0.03659, 0.3432)"
ML,observed_plus_imputed_sensitivity,2013,Se,CT,0.0455528116450934,physical_event_point_total,True,"0.04555 (0.02973, 0.3392)"
ML,observed_plus_imputed_sensitivity,2013,Se,MT,0.0586793331371193,physical_event_point_total,True,"0.05868 (0.04165, 0.8293)"
ML,observed_plus_imputed_sensitivity,2013,Se,ST,0.0361282567012262,physical_event_point_total,True,"0.03613 (0.0235, 0.3262)"
ML,observed_plus_imputed_sensitivity,2013,TDS,CT,2.1183408885639268,physical_event_point_total,True,"2.118 (1.824, 13.91)"
ML,observed_plus_imputed_sensitivity,2013,TDS,MT,2.888314483950693,physical_event_point_total,True,"2.888 (2.548, 19.77)"
ML,observed_plus_imputed_sensitivity,2013,TDS,ST,1.9295657812920528,physical_event_point_total,True,"1.93 (1.631, 12.63)"
ML,observed_plus_imputed_sensitivity,2013,TKN,CT,1.0590267992679911,physical_event_point_total,True,"1.059 (0.9225, 8.006)"
ML,observed_plus_imputed_sensitivity,2013,TKN,MT,1.4594522934923302,physical_event_point_total,True,"1.459 (1.256, 12.17)"
ML,observed_plus_imputed_sensitivity,2013,TKN,ST,0.9813383457010822,physical_event_point_total,True,"0.9813 (0.8434, 7.007)"
ML,observed_plus_imputed_sensitivity,2013,TN,CT,0.6659626066303962,physical_event_point_total,True,"0.666 (0.5651, 4.841)"
ML,observed_plus_imputed_sensitivity,2013,TN,MT,0.9268623384601177,physical_event_point_total,True,"0.9269 (0.7811, 6.655)"
ML,observed_plus_imputed_sensitivity,2013,TN,ST,0.6565406011361042,physical_event_point_total,True,"0.6565 (0.5472, 5.309)"
ML,observed_plus_imputed_sensitivity,2013,TP,CT,0.1924143989492019,physical_event_point_total,True,"0.1924 (0.1502, 0.9343)"
ML,observed_plus_imputed_sensitivity,2013,TP,MT,0.2210571701979286,physical_event_point_total,True,"0.2211 (0.1771, 1.487)"
ML,observed_plus_imputed_sensitivity,2013,TP,ST,0.1087008858665338,physical_event_point_total,True,"0.1087 (0.07136, 0.875)"
ML,observed_plus_imputed_sensitivity,2013,TSS,CT,257.91903996976134,physical_event_point_total,True,"257.9 (239.3, 835.1)"
ML,observed_plus_imputed_sensitivity,2013,TSS,MT,269.78049737157056,physical_event_point_total,True,"269.8 (247.3, 1305)"
ML,observed_plus_imputed_sensitivity,2013,TSS,ST,111.55336278247199,physical_event_point_total,True,"111.6 (95.75, 756.5)"
ML,observed_plus_imputed_sensitivity,2014,NH4,CT,0.0821545584258609,physical_event_point_total,True,"0.08215 (0.07131, 0.5495)"
ML,observed_plus_imputed_sensitivity,2014,NH4,MT,0.053273908146309,physical_event_point_total,True,"0.05327 (0.0291, 1.73)"
ML,observed_plus_imputed_sensitivity,2014,NH4,ST,0.044483276889058496,physical_event_point_total,True,"0.04448 (0.036, 0.6649)"
ML,observed_plus_imputed_sensitivity,2014,NO2,CT,0.0947486087259211,physical_event_point_total,True,"0.09475 (0.07759, 0.4404)"
ML,observed_plus_imputed_sensitivity,2014,NO2,MT,0.0457182424272057,physical_event_point_total,True,"0.04572 (0.02479, 1.415)"
ML,observed_plus_imputed_sensitivity,2014,NO2,ST,0.0436295538470525,physical_event_point_total,True,"0.04363 (0.03566, 0.4003)"
ML,observed_plus_imputed_sensitivity,2014,NO3,CT,2.3662070025144177,physical_event_point_total,True,"2.366 (2.216, 12.84)"
ML,observed_plus_imputed_sensitivity,2014,NO3,MT,0.8134627329862794,physical_event_point_total,True,"0.8135 (0.6043, 16.42)"
ML,observed_plus_imputed_sensitivity,2014,NO3,ST,1.0991457892156202,physical_event_point_total,True,"1.099 (0.9879, 9.258)"
ML,observed_plus_imputed_sensitivity,2014,OP,CT,0.0369955299538514,physical_event_point_total,True,"0.037 (0.03044, 0.3851)"
ML,observed_plus_imputed_sensitivity,2014,OP,MT,0.0379201811971709,physical_event_point_total,True,"0.03792 (0.02081, 1.199)"
ML,observed_plus_imputed_sensitivity,2014,OP,ST,0.0185148500466383,physical_event_point_total,True,"0.01851 (0.01293, 0.41)"
ML,observed_plus_imputed_sensitivity,2014,Se,CT,0.0343858799933241,physical_event_point_total,True,"0.03439 (0.03006, 0.2935)"
ML,observed_plus_imputed_sensitivity,2014,Se,MT,0.0304734832365991,physical_event_point_total,True,"0.03047 (0.01496, 1.13)"
ML,observed_plus_imputed_sensitivity,2014,Se,ST,0.0248340143110708,physical_event_point_total,True,"0.02483 (0.02019, 0.2656)"
ML,observed_plus_imputed_sensitivity,2014,TDS,CT,4.007879101853336,physical_event_point_total,True,"4.008 (3.72, 20.23)"
ML,observed_plus_imputed_sensitivity,2014,TDS,MT,1.1476872729976302,physical_event_point_total,True,"1.148 (0.8446, 21.42)"
ML,observed_plus_imputed_sensitivity,2014,TDS,ST,1.353039850226479,physical_event_point_total,True,"1.353 (1.221, 14.81)"
ML,observed_plus_imputed_sensitivity,2014,TKN,CT,1.326591903909377,physical_event_point_total,True,"1.327 (1.221, 5.743)"
ML,observed_plus_imputed_sensitivity,2014,TKN,MT,0.491999911607586,physical_event_point_total,True,"0.492 (0.3525, 9.51)"
ML,observed_plus_imputed_sensitivity,2014,TKN,ST,0.6033064084838514,physical_event_point_total,True,"0.6033 (0.536, 4.627)"
ML,observed_plus_imputed_sensitivity,2014,TN,CT,1.7459634811805755,physical_event_point_total,True,"1.746 (1.655, 7.351)"
ML,observed_plus_imputed_sensitivity,2014,TN,MT,0.5070319707257823,physical_event_point_total,True,"0.507 (0.3695, 9.915)"
ML,observed_plus_imputed_sensitivity,2014,TN,ST,0.6587156978316164,physical_event_point_total,True,"0.6587 (0.5892, 5.606)"
ML,observed_plus_imputed_sensitivity,2014,TP,CT,0.3175624312056435,physical_event_point_total,True,"0.3176 (0.2953, 1.095)"
ML,observed_plus_imputed_sensitivity,2014,TP,MT,0.08925031656845671,physical_event_point_total,True,"0.08925 (0.05462, 1.786)"
ML,observed_plus_imputed_sensitivity,2014,TP,ST,0.1376054421458834,physical_event_point_total,True,"0.1376 (0.124, 0.9126)"
ML,observed_plus_imputed_sensitivity,2014,TSS,CT,340.0665871452269,physical_event_point_total,True,"340.1 (323.3, 1737)"
ML,observed_plus_imputed_sensitivity,2014,TSS,MT,88.46269534385236,physical_event_point_total,True,"88.46 (67.78, 1103)"
ML,observed_plus_imputed_sensitivity,2014,TSS,ST,119.3662311308248,physical_event_point_total,True,"119.4 (107, 1142)"
ML,observed_plus_imputed_sensitivity,2015,NH4,CT,0.0246602786314983,physical_event_point_total,True,"0.02466 (0.01733, 0.08677)"
ML,observed_plus_imputed_sensitivity,2015,NH4,MT,0.0155444379901951,physical_event_point_total,True,"0.01554 (0.009523, 0.05835)"
ML,observed_plus_imputed_sensitivity,2015,NH4,ST,0.007941906121494301,physical_event_point_total,True,"0.007942 (0.006103, 0.04929)"
ML,observed_plus_imputed_sensitivity,2015,NO2,CT,0.08260563922148689,physical_event_point_total,True,"0.08261 (0.0652, 0.2272)"
ML,observed_plus_imputed_sensitivity,2015,NO2,MT,0.0268710826339436,physical_event_point_total,True,"0.02687 (0.0205, 0.09923)"
ML,observed_plus_imputed_sensitivity,2015,NO2,ST,0.017941966675839298,physical_event_point_total,True,"0.01794 (0.01323, 0.07762)"
ML,observed_plus_imputed_sensitivity,2015,NO3,CT,2.015217558551688,physical_event_point_total,True,"2.015 (1.874, 2.39)"
ML,observed_plus_imputed_sensitivity,2015,NO3,MT,0.9458244045576564,physical_event_point_total,True,"0.9458 (0.8721, 1.156)"
ML,observed_plus_imputed_sensitivity,2015,NO3,ST,0.777024968763825,physical_event_point_total,True,"0.777 (0.7199, 0.9604)"
ML,observed_plus_imputed_sensitivity,2015,OP,CT,0.026425601967603102,physical_event_point_total,True,"0.02643 (0.01375, 0.0981)"
ML,observed_plus_imputed_sensitivity,2015,OP,MT,0.010953353257251799,physical_event_point_total,True,"0.01095 (0.004517, 0.05381)"
ML,observed_plus_imputed_sensitivity,2015,OP,ST,0.0069744090524972,physical_event_point_total,True,"0.006974 (0.004902, 0.04639)"
ML,observed_plus_imputed_sensitivity,2015,Se,CT,0.0475253990098565,physical_event_point_total,True,"0.04753 (0.0381, 0.1919)"
ML,observed_plus_imputed_sensitivity,2015,Se,MT,0.015131422823413846,physical_event_point_total,True,"0.01513 (0.0114, 0.0897)"
ML,observed_plus_imputed_sensitivity,2015,Se,ST,0.0076683683136668,physical_event_point_total,True,"0.007668 (0.007416, 0.06693)"
ML,observed_plus_imputed_sensitivity,2015,TDS,CT,2.0641280075395425,physical_event_point_total,True,"2.064 (1.851, 3.024)"
ML,observed_plus_imputed_sensitivity,2015,TDS,MT,0.5981300408944175,physical_event_point_total,True,"0.5981 (0.517, 0.9637)"
ML,observed_plus_imputed_sensitivity,2015,TDS,ST,0.4345741419288413,physical_event_point_total,True,"0.4346 (0.3766, 0.6725)"
ML,observed_plus_imputed_sensitivity,2015,TKN,CT,0.3321145483751424,physical_event_point_total,True,"0.3321 (0.3012, 0.4705)"
ML,observed_plus_imputed_sensitivity,2015,TKN,MT,0.06444710934789,physical_event_point_total,True,"0.06445 (0.05641, 0.1029)"
ML,observed_plus_imputed_sensitivity,2015,TKN,ST,0.0455858575637851,physical_event_point_total,True,"0.04559 (0.03985, 0.07604)"
ML,observed_plus_imputed_sensitivity,2015,TN,CT,2.0846460525877015,physical_event_point_total,True,"2.085 (1.996, 2.313)"
ML,observed_plus_imputed_sensitivity,2015,TN,MT,0.9330628889700917,physical_event_point_total,True,"0.9331 (0.8948, 1.051)"
ML,observed_plus_imputed_sensitivity,2015,TN,ST,0.7675580677365521,physical_event_point_total,True,"0.7676 (0.7365, 0.8606)"
ML,observed_plus_imputed_sensitivity,2015,TP,CT,0.2911098757757614,physical_event_point_total,True,"0.2911 (0.2694, 0.3966)"
ML,observed_plus_imputed_sensitivity,2015,TP,MT,0.047658469209690885,physical_event_point_total,True,"0.04766 (0.04133, 0.08434)"
ML,observed_plus_imputed_sensitivity,2015,TP,ST,0.0306999437013728,physical_event_point_total,True,"0.0307 (0.02635, 0.06046)"
ML,observed_plus_imputed_sensitivity,2015,TSS,CT,432.105001413965,physical_event_point_total,True,"432.1 (432.1, 432.1)"
ML,observed_plus_imputed_sensitivity,2015,TSS,MT,38.36730592586,physical_event_point_total,True,"38.37 (38.37, 38.37)"
ML,observed_plus_imputed_sensitivity,2015,TSS,ST,12.49231122350397,physical_event_point_total,True,"12.49 (12.47, 12.56)"
ML,observed_plus_imputed_sensitivity,2016,NH4,CT,0.0247897159199998,physical_event_point_total,True,"0.02479 (0.02479, 0.02479)"
ML,observed_plus_imputed_sensitivity,2016,NH4,MT,0.0017672101499999,physical_event_point_total,True,"0.001767 (0.001767, 0.001767)"
ML,observed_plus_imputed_sensitivity,2016,NH4,ST,0.0056423617799998,physical_event_point_total,True,"0.005642 (0.005642, 0.005642)"
ML,observed_plus_imputed_sensitivity,2016,NO2,CT,0.0040161864223067,physical_event_point_total,True,"0.004016 (0.002102, 0.1011)"
ML,observed_plus_imputed_sensitivity,2016,NO2,MT,0.0006860587836129824,physical_event_point_total,True,"0.0006861 (0.0003114, 0.01489)"
ML,observed_plus_imputed_sensitivity,2016,NO2,ST,4.250382078466277e-05,physical_event_point_total,False,"4.25e-05 (0.000434, 0.05517)"
ML,observed_plus_imputed_sensitivity,2016,NO3,CT,0.761775042905,physical_event_point_total,True,"0.7618 (0.7618, 0.7618)"
ML,observed_plus_imputed_sensitivity,2016,NO3,MT,0.10329933254999979,physical_event_point_total,True,"0.1033 (0.1033, 0.1033)"
ML,observed_plus_imputed_sensitivity,2016,NO3,ST,0.395033512635,physical_event_point_total,True,"0.395 (0.395, 0.395)"
ML,observed_plus_imputed_sensitivity,2016,OP,CT,0.0091865991599998,physical_event_point_total,True,"0.009187 (0.009187, 0.009187)"
ML,observed_plus_imputed_sensitivity,2016,OP,MT,0.0006672285949999,physical_event_point_total,True,"0.0006672 (0.0006672, 0.0006672)"
ML,observed_plus_imputed_sensitivity,2016,OP,ST,0.002495439525,physical_event_point_total,True,"0.002495 (0.002495, 0.002495)"
ML,observed_plus_imputed_sensitivity,2016,Se,CT,0.0015803633989649,physical_event_point_total,True,"0.00158 (0.001297, 0.09608)"
ML,observed_plus_imputed_sensitivity,2016,Se,MT,0.0,physical_event_point_total,False,"0 (7.979e-05, 0.01333)"
ML,observed_plus_imputed_sensitivity,2016,Se,ST,0.0,physical_event_point_total,False,"0 (0.0002574, 0.05365)"
ML,observed_plus_imputed_sensitivity,2016,TDS,CT,0.8226021775284102,physical_event_point_total,True,"0.8226 (0.6823, 1.368)"
ML,observed_plus_imputed_sensitivity,2016,TDS,MT,0.07245839960553241,physical_event_point_total,True,"0.07246 (0.05716, 0.1228)"
ML,observed_plus_imputed_sensitivity,2016,TDS,ST,0.28735143184427603,physical_event_point_total,True,"0.2874 (0.2314, 0.4881)"
ML,observed_plus_imputed_sensitivity,2016,TKN,CT,0.0170700556749999,physical_event_point_total,True,"0.01707 (0.01707, 0.01707)"
ML,observed_plus_imputed_sensitivity,2016,TKN,MT,0.0023556970649998,physical_event_point_total,True,"0.002356 (0.002356, 0.002356)"
ML,observed_plus_imputed_sensitivity,2016,TKN,ST,0.008395225365,physical_event_point_total,True,"0.008395 (0.008395, 0.008395)"
ML,observed_plus_imputed_sensitivity,2016,TN,CT,0.7221681058749999,physical_event_point_total,True,"0.7222 (0.7222, 0.7222)"
ML,observed_plus_imputed_sensitivity,2016,TN,MT,0.0986384636799999,physical_event_point_total,True,"0.09864 (0.09864, 0.09864)"
ML,observed_plus_imputed_sensitivity,2016,TN,ST,0.3763617945899998,physical_event_point_total,True,"0.3764 (0.3764, 0.3764)"
ML,observed_plus_imputed_sensitivity,2016,TP,CT,0.0022539712799998,physical_event_point_total,True,"0.002254 (0.002254, 0.002254)"
ML,observed_plus_imputed_sensitivity,2016,TP,MT,0.0011485396400000001,physical_event_point_total,True,"0.001149 (0.001149, 0.001149)"
ML,observed_plus_imputed_sensitivity,2016,TP,ST,0.000750649755,physical_event_point_total,True,"0.0007506 (0.0007506, 0.0007506)"
ML,observed_plus_imputed_sensitivity,2016,TSS,CT,165.91382320519,physical_event_point_total,True,"165.9 (165.9, 165.9)"
ML,observed_plus_imputed_sensitivity,2016,TSS,MT,5.004839609575,physical_event_point_total,True,"5.005 (5.005, 5.005)"
ML,observed_plus_imputed_sensitivity,2016,TSS,ST,29.104141635885,physical_event_point_total,True,"29.1 (29.1, 29.1)"
ML,observed_plus_imputed_sensitivity,2017,NH4,CT,0.4274525128455074,physical_event_point_total,True,"0.4275 (0.3558, 0.8691)"
ML,observed_plus_imputed_sensitivity,2017,NH4,MT,0.0560821125661731,physical_event_point_total,True,"0.05608 (0.04474, 0.1709)"
ML,observed_plus_imputed_sensitivity,2017,NH4,ST,0.0256510876472935,physical_event_point_total,True,"0.02565 (0.02252, 0.1184)"
ML,observed_plus_imputed_sensitivity,2017,NO2,CT,0.2111333324362273,physical_event_point_total,True,"0.2111 (0.165, 0.5328)"
ML,observed_plus_imputed_sensitivity,2017,NO2,MT,0.03612067163862706,physical_event_point_total,True,"0.03612 (0.02818, 0.1528)"
ML,observed_plus_imputed_sensitivity,2017,NO2,ST,0.019404916960273022,physical_event_point_total,True,"0.0194 (0.01487, 0.09738)"
ML,observed_plus_imputed_sensitivity,2017,NO3,CT,5.343962670491152,physical_event_point_total,True,"5.344 (5.007, 6.393)"
ML,observed_plus_imputed_sensitivity,2017,NO3,MT,1.7909540947028717,physical_event_point_total,True,"1.791 (1.732, 2.001)"
ML,observed_plus_imputed_sensitivity,2017,NO3,ST,1.4195838030968198,physical_event_point_total,True,"1.42 (1.318, 1.705)"
ML,observed_plus_imputed_sensitivity,2017,OP,CT,0.0125468217860435,physical_event_point_total,True,"0.01255 (0.009327, 0.1188)"
ML,observed_plus_imputed_sensitivity,2017,OP,MT,0.004301604266158433,physical_event_point_total,True,"0.004302 (0.003154, 0.02605)"
ML,observed_plus_imputed_sensitivity,2017,OP,ST,0.0030891694958529,physical_event_point_total,True,"0.003089 (0.001906, 0.03531)"
ML,observed_plus_imputed_sensitivity,2017,Se,CT,0.14209680031347072,physical_event_point_total,True,"0.1421 (0.1089, 0.4494)"
ML,observed_plus_imputed_sensitivity,2017,Se,MT,0.016302925288047238,physical_event_point_total,True,"0.0163 (0.01461, 0.121)"
ML,observed_plus_imputed_sensitivity,2017,Se,ST,0.007016572189160585,physical_event_point_total,True,"0.007017 (0.006496, 0.08477)"
ML,observed_plus_imputed_sensitivity,2017,TDS,CT,8.45463906652281,physical_event_point_total,True,"8.455 (7.677, 12.44)"
ML,observed_plus_imputed_sensitivity,2017,TDS,MT,1.025628920070996,physical_event_point_total,True,"1.026 (0.908, 1.619)"
ML,observed_plus_imputed_sensitivity,2017,TDS,ST,0.7548972011284975,physical_event_point_total,True,"0.7549 (0.6722, 1.166)"
ML,observed_plus_imputed_sensitivity,2017,TKN,CT,2.812920327959399,physical_event_point_total,True,"2.813 (2.73, 3.055)"
ML,observed_plus_imputed_sensitivity,2017,TKN,MT,0.3335426738043861,physical_event_point_total,True,"0.3335 (0.3244, 0.3658)"
ML,observed_plus_imputed_sensitivity,2017,TKN,ST,0.1009639348208885,physical_event_point_total,True,"0.101 (0.08842, 0.1464)"
ML,observed_plus_imputed_sensitivity,2017,TN,CT,2.597476192109873,physical_event_point_total,True,"2.597 (2.294, 4.07)"
ML,observed_plus_imputed_sensitivity,2017,TN,MT,0.3377041090866718,physical_event_point_total,True,"0.3377 (0.2897, 0.5913)"
ML,observed_plus_imputed_sensitivity,2017,TN,ST,0.2395343399031201,physical_event_point_total,True,"0.2395 (0.2076, 0.4032)"
ML,observed_plus_imputed_sensitivity,2017,TP,CT,0.1738853094892945,physical_event_point_total,True,"0.1739 (0.1604, 0.237)"
ML,observed_plus_imputed_sensitivity,2017,TP,MT,0.041045231166480046,physical_event_point_total,True,"0.04105 (0.03987, 0.05495)"
ML,observed_plus_imputed_sensitivity,2017,TP,ST,0.025465799606873,physical_event_point_total,True,"0.02547 (0.02321, 0.05201)"
ML,observed_plus_imputed_sensitivity,2017,TSS,CT,2162.90790228052,physical_event_point_total,True,"2163 (2163, 2163)"
ML,observed_plus_imputed_sensitivity,2017,TSS,MT,105.22449756111502,physical_event_point_total,True,"105.2 (105.2, 105.2)"
ML,observed_plus_imputed_sensitivity,2017,TSS,ST,123.81355791831685,physical_event_point_total,True,"123.8 (123, 125.8)"
ML,observed_plus_imputed_sensitivity,2018,NH4,CT,0.0457538953329777,physical_event_point_total,True,"0.04575 (0.02779, 2.768)"
ML,observed_plus_imputed_sensitivity,2018,NH4,MT,0.014125724186936583,physical_event_point_total,True,"0.01413 (0.007835, 1.694)"
ML,observed_plus_imputed_sensitivity,2018,NH4,ST,0.0086571583498176,physical_event_point_total,True,"0.008657 (0.004717, 1.577)"
ML,observed_plus_imputed_sensitivity,2018,NO2,CT,0.0647533591087689,physical_event_point_total,True,"0.06475 (0.04145, 2.906)"
ML,observed_plus_imputed_sensitivity,2018,NO2,MT,0.0433330734588106,physical_event_point_total,True,"0.04333 (0.02583, 2.306)"
ML,observed_plus_imputed_sensitivity,2018,NO2,ST,0.0391120166449305,physical_event_point_total,True,"0.03911 (0.02355, 2.211)"
ML,observed_plus_imputed_sensitivity,2018,NO3,CT,0.6165746095549591,physical_event_point_total,True,"0.6166 (0.4338, 18.57)"
ML,observed_plus_imputed_sensitivity,2018,NO3,MT,0.5223946531633008,physical_event_point_total,True,"0.5224 (0.3754, 15.29)"
ML,observed_plus_imputed_sensitivity,2018,NO3,ST,0.5066946323872957,physical_event_point_total,True,"0.5067 (0.3646, 14.05)"
ML,observed_plus_imputed_sensitivity,2018,OP,CT,0.0171310243971755,physical_event_point_total,True,"0.01713 (0.009392, 1.426)"
ML,observed_plus_imputed_sensitivity,2018,OP,MT,0.0179931415474191,physical_event_point_total,True,"0.01799 (0.009389, 1.846)"
ML,observed_plus_imputed_sensitivity,2018,OP,ST,0.0155913353762223,physical_event_point_total,True,"0.01559 (0.008139, 1.54)"
ML,observed_plus_imputed_sensitivity,2018,Se,CT,0.014199341017394,physical_event_point_total,True,"0.0142 (0.007695, 1.632)"
ML,observed_plus_imputed_sensitivity,2018,Se,MT,0.010258891801077741,physical_event_point_total,True,"0.01026 (0.00592, 1.66)"
ML,observed_plus_imputed_sensitivity,2018,Se,ST,0.0071007769359339,physical_event_point_total,True,"0.007101 (0.003994, 1.38)"
ML,observed_plus_imputed_sensitivity,2018,TDS,CT,1.5112227381212846,physical_event_point_total,True,"1.511 (1.108, 42.99)"
ML,observed_plus_imputed_sensitivity,2018,TDS,MT,0.8228845304883333,physical_event_point_total,True,"0.8229 (0.6258, 26.41)"
ML,observed_plus_imputed_sensitivity,2018,TDS,ST,0.7441451060920666,physical_event_point_total,True,"0.7441 (0.5255, 22.13)"
ML,observed_plus_imputed_sensitivity,2018,TKN,CT,0.4468100740392415,physical_event_point_total,True,"0.4468 (0.327, 12.54)"
ML,observed_plus_imputed_sensitivity,2018,TKN,MT,0.2034337945634878,physical_event_point_total,True,"0.2034 (0.1419, 7.333)"
ML,observed_plus_imputed_sensitivity,2018,TKN,ST,0.1837246539797397,physical_event_point_total,True,"0.1837 (0.1238, 5.969)"
ML,observed_plus_imputed_sensitivity,2018,TN,CT,0.4240804956644995,physical_event_point_total,True,"0.4241 (0.3071, 11.66)"
ML,observed_plus_imputed_sensitivity,2018,TN,MT,0.2428397928633013,physical_event_point_total,True,"0.2428 (0.1689, 8.241)"
ML,observed_plus_imputed_sensitivity,2018,TN,ST,0.2237780168691445,physical_event_point_total,True,"0.2238 (0.1522, 6.731)"
ML,observed_plus_imputed_sensitivity,2018,TP,CT,0.0846157894789209,physical_event_point_total,True,"0.08462 (0.05238, 3.436)"
ML,observed_plus_imputed_sensitivity,2018,TP,MT,0.0606915312471546,physical_event_point_total,True,"0.06069 (0.03587, 2.652)"
ML,observed_plus_imputed_sensitivity,2018,TP,ST,0.056206549049478104,physical_event_point_total,True,"0.05621 (0.03483, 2.462)"
ML,observed_plus_imputed_sensitivity,2018,TSS,CT,68.51340831336613,physical_event_point_total,True,"68.51 (50.82, 1949)"
ML,observed_plus_imputed_sensitivity,2018,TSS,MT,35.49059033410991,physical_event_point_total,True,"35.49 (25.88, 970.6)"
ML,observed_plus_imputed_sensitivity,2018,TSS,ST,32.69840379236074,physical_event_point_total,True,"32.7 (24.26, 903)"
ML,observed_plus_imputed_sensitivity,2019,NH4,CT,0.0047629926793042,physical_event_point_total,True,"0.004763 (0, 0.3539)"
ML,observed_plus_imputed_sensitivity,2019,NH4,MT,0.0019005428322676002,physical_event_point_total,True,"0.001901 (0, 0.2642)"
ML,observed_plus_imputed_sensitivity,2019,NH4,ST,0.0022854559513792,physical_event_point_total,True,"0.002285 (0, 0.2002)"
ML,observed_plus_imputed_sensitivity,2019,NO2,CT,0.0070692564899597,physical_event_point_total,True,"0.007069 (3.278e-07, 0.4242)"
ML,observed_plus_imputed_sensitivity,2019,NO2,MT,0.0042156946225066,physical_event_point_total,True,"0.004216 (0, 0.4175)"
ML,observed_plus_imputed_sensitivity,2019,NO2,ST,0.0055286377272668,physical_event_point_total,True,"0.005529 (0, 0.4258)"
ML,observed_plus_imputed_sensitivity,2019,NO3,CT,0.1109235908202767,physical_event_point_total,True,"0.1109 (0.0193, 6.791)"
ML,observed_plus_imputed_sensitivity,2019,NO3,MT,0.0788156117671604,physical_event_point_total,True,"0.07882 (0.01834, 6.196)"
ML,observed_plus_imputed_sensitivity,2019,NO3,ST,0.0923264524355247,physical_event_point_total,True,"0.09233 (0.01823, 5.814)"
ML,observed_plus_imputed_sensitivity,2019,OP,CT,0.0029898409185817,physical_event_point_total,True,"0.00299 (0, 0.2457)"
ML,observed_plus_imputed_sensitivity,2019,OP,MT,7.104141236184977e-05,physical_event_point_total,True,"7.104e-05 (0, 0.1435)"
ML,observed_plus_imputed_sensitivity,2019,OP,ST,0.0014012471514952,physical_event_point_total,True,"0.001401 (0, 0.17)"
ML,observed_plus_imputed_sensitivity,2019,Se,CT,0.0,physical_event_point_total,True,"0 (0, 0.1121)"
ML,observed_plus_imputed_sensitivity,2019,Se,MT,0.0,physical_event_point_total,True,"0 (0, 0.1236)"
ML,observed_plus_imputed_sensitivity,2019,Se,ST,0.0,physical_event_point_total,True,"0 (0, 0.1411)"
ML,observed_plus_imputed_sensitivity,2019,TDS,CT,0.31438312211566033,physical_event_point_total,True,"0.3144 (0.06174, 20.47)"
ML,observed_plus_imputed_sensitivity,2019,TDS,MT,0.1864278313663134,physical_event_point_total,True,"0.1864 (0.04082, 13.31)"
ML,observed_plus_imputed_sensitivity,2019,TDS,ST,0.2080481885308615,physical_event_point_total,True,"0.208 (0.04558, 13.79)"
ML,observed_plus_imputed_sensitivity,2019,TKN,CT,0.0621505655022123,physical_event_point_total,True,"0.06215 (0.0112, 3.989)"
ML,observed_plus_imputed_sensitivity,2019,TKN,MT,0.0382753117841961,physical_event_point_total,True,"0.03828 (0.006197, 2.985)"
ML,observed_plus_imputed_sensitivity,2019,TKN,ST,0.0424629440885842,physical_event_point_total,True,"0.04246 (0.006792, 2.489)"
ML,observed_plus_imputed_sensitivity,2019,TN,CT,0.0780275774967347,physical_event_point_total,True,"0.07803 (0.01439, 4.554)"
ML,observed_plus_imputed_sensitivity,2019,TN,MT,0.0542797676133914,physical_event_point_total,True,"0.05428 (0.01023, 3.827)"
ML,observed_plus_imputed_sensitivity,2019,TN,ST,0.0613121694060231,physical_event_point_total,True,"0.06131 (0.01155, 4.184)"
ML,observed_plus_imputed_sensitivity,2019,TP,CT,0.0121139180132003,physical_event_point_total,True,"0.01211 (0.0006261, 0.7501)"
ML,observed_plus_imputed_sensitivity,2019,TP,MT,0.0063778520799508,physical_event_point_total,True,"0.006378 (5.589e-06, 0.6536)"
ML,observed_plus_imputed_sensitivity,2019,TP,ST,0.0082955171917804,physical_event_point_total,True,"0.008296 (0.0001713, 0.675)"
ML,observed_plus_imputed_sensitivity,2019,TSS,CT,27.41896657511999,physical_event_point_total,True,"27.42 (5.539, 1655)"
ML,observed_plus_imputed_sensitivity,2019,TSS,MT,14.057044820224288,physical_event_point_total,True,"14.06 (3.224, 1001)"
ML,observed_plus_imputed_sensitivity,2019,TSS,ST,17.207178955391772,physical_event_point_total,True,"17.21 (3.867, 1062)"
ML,observed_plus_imputed_sensitivity,2020,NH4,CT,0.0960506827097351,physical_event_point_total,True,"0.09605 (0.07822, 3.903)"
ML,observed_plus_imputed_sensitivity,2020,NH4,MT,0.041877444466796,physical_event_point_total,True,"0.04188 (0.03278, 2.355)"
ML,observed_plus_imputed_sensitivity,2020,NH4,ST,0.0584258637871443,physical_event_point_total,True,"0.05843 (0.04379, 1.538)"
ML,observed_plus_imputed_sensitivity,2020,NO2,CT,0.0596696111405619,physical_event_point_total,True,"0.05967 (0.04875, 3.047)"
ML,observed_plus_imputed_sensitivity,2020,NO2,MT,0.0253133826610077,physical_event_point_total,True,"0.02531 (0.02137, 1.73)"
ML,observed_plus_imputed_sensitivity,2020,NO2,ST,0.0299043538978028,physical_event_point_total,True,"0.0299 (0.02243, 1.047)"
ML,observed_plus_imputed_sensitivity,2020,NO3,CT,1.9632392383953021,physical_event_point_total,True,"1.963 (1.638, 37.12)"
ML,observed_plus_imputed_sensitivity,2020,NO3,MT,1.305923221911164,physical_event_point_total,True,"1.306 (1.048, 29.07)"
ML,observed_plus_imputed_sensitivity,2020,NO3,ST,1.8463973065426926,physical_event_point_total,True,"1.846 (1.641, 21.83)"
ML,observed_plus_imputed_sensitivity,2020,OP,CT,0.0068101401563453,physical_event_point_total,True,"0.00681 (0.00167, 1.083)"
ML,observed_plus_imputed_sensitivity,2020,OP,MT,0.0020067931808595216,physical_event_point_total,True,"0.002007 (0.0002797, 0.7722)"
ML,observed_plus_imputed_sensitivity,2020,OP,ST,0.0007473215199977527,physical_event_point_total,True,"0.0007473 (8.574e-05, 0.7369)"
ML,observed_plus_imputed_sensitivity,2020,Se,CT,0.0028251216883355,physical_event_point_total,True,"0.002825 (0.00173, 1.174)"
ML,observed_plus_imputed_sensitivity,2020,Se,MT,0.0014675902302734615,physical_event_point_total,True,"0.001468 (0.0009773, 0.5089)"
ML,observed_plus_imputed_sensitivity,2020,Se,ST,0.001325725934129415,physical_event_point_total,True,"0.001326 (0.001234, 0.739)"
ML,observed_plus_imputed_sensitivity,2020,TDS,CT,2.6842669766527787,physical_event_point_total,True,"2.684 (2.241, 60.62)"
ML,observed_plus_imputed_sensitivity,2020,TDS,MT,0.8868032552925533,physical_event_point_total,True,"0.8868 (0.7557, 22.42)"
ML,observed_plus_imputed_sensitivity,2020,TDS,ST,1.2186408503424073,physical_event_point_total,True,"1.219 (1.022, 18.27)"
ML,observed_plus_imputed_sensitivity,2020,TKN,CT,0.6230650263559134,physical_event_point_total,True,"0.6231 (0.5157, 14.01)"
ML,observed_plus_imputed_sensitivity,2020,TKN,MT,0.2499325229331603,physical_event_point_total,True,"0.2499 (0.1992, 5.862)"
ML,observed_plus_imputed_sensitivity,2020,TKN,ST,0.3736194392090935,physical_event_point_total,True,"0.3736 (0.3254, 5.453)"
ML,observed_plus_imputed_sensitivity,2020,TN,CT,0.815706780377229,physical_event_point_total,True,"0.8157 (0.6868, 18.38)"
ML,observed_plus_imputed_sensitivity,2020,TN,MT,0.3336303426325824,physical_event_point_total,True,"0.3336 (0.2832, 9.354)"
ML,observed_plus_imputed_sensitivity,2020,TN,ST,0.4714609324270825,physical_event_point_total,True,"0.4715 (0.3814, 7.326)"
ML,observed_plus_imputed_sensitivity,2020,TP,CT,0.0925568187195409,physical_event_point_total,True,"0.09256 (0.07322, 2.25)"
ML,observed_plus_imputed_sensitivity,2020,TP,MT,0.045878254181953,physical_event_point_total,True,"0.04588 (0.03517, 1.528)"
ML,observed_plus_imputed_sensitivity,2020,TP,ST,0.0610325360343223,physical_event_point_total,True,"0.06103 (0.05118, 1.248)"
ML,observed_plus_imputed_sensitivity,2020,TSS,CT,225.65458882269002,physical_event_point_total,True,"225.7 (184.7, 4453)"
ML,observed_plus_imputed_sensitivity,2020,TSS,MT,31.3836467490686,physical_event_point_total,True,"31.38 (24.28, 799.2)"
ML,observed_plus_imputed_sensitivity,2020,TSS,ST,42.227095100435776,physical_event_point_total,True,"42.23 (33.45, 834.5)"
ML,observed_plus_imputed_sensitivity,2021,NH4,CT,0.079995006513168,physical_event_point_total,True,"0.08 (0.06544, 1.828)"
ML,observed_plus_imputed_sensitivity,2021,NH4,MT,0.036041965441308804,physical_event_point_total,True,"0.03604 (0.02906, 0.7334)"
ML,observed_plus_imputed_sensitivity,2021,NH4,ST,0.0426374852441763,physical_event_point_total,True,"0.04264 (0.0307, 0.4961)"
ML,observed_plus_imputed_sensitivity,2021,NO2,CT,0.0632191762858013,physical_event_point_total,True,"0.06322 (0.05279, 1.464)"
ML,observed_plus_imputed_sensitivity,2021,NO2,MT,0.0281789205714335,physical_event_point_total,True,"0.02818 (0.02234, 0.6221)"
ML,observed_plus_imputed_sensitivity,2021,NO2,ST,0.03698451951531798,physical_event_point_total,True,"0.03698 (0.02765, 0.6537)"
ML,observed_plus_imputed_sensitivity,2021,NO3,CT,1.504261422274698,physical_event_point_total,True,"1.504 (1.152, 24.12)"
ML,observed_plus_imputed_sensitivity,2021,NO3,MT,1.0055547674278922,physical_event_point_total,True,"1.006 (0.7938, 15.91)"
ML,observed_plus_imputed_sensitivity,2021,NO3,ST,1.1513213746595865,physical_event_point_total,True,"1.151 (0.9582, 14.99)"
ML,observed_plus_imputed_sensitivity,2021,OP,CT,0.01071280864,physical_event_point_total,True,"0.01071 (0.01071, 0.01071)"
ML,observed_plus_imputed_sensitivity,2021,OP,MT,0.0093772259315482,physical_event_point_total,True,"0.009377 (0.006355, 0.02154)"
ML,observed_plus_imputed_sensitivity,2021,OP,ST,0.01788560915,physical_event_point_total,True,"0.01789 (0.01789, 0.01789)"
ML,observed_plus_imputed_sensitivity,2021,Se,CT,0.0013850080114592527,physical_event_point_total,True,"0.001385 (0.001057, 0.0224)"
ML,observed_plus_imputed_sensitivity,2021,Se,MT,0.00131782840577638,physical_event_point_total,True,"0.001318 (0.0006059, 0.0139)"
ML,observed_plus_imputed_sensitivity,2021,Se,ST,0.0010156956975722674,physical_event_point_total,True,"0.001016 (0.0008641, 0.01191)"
ML,observed_plus_imputed_sensitivity,2021,TDS,CT,1.8708549079751307,physical_event_point_total,True,"1.871 (1.513, 30.28)"
ML,observed_plus_imputed_sensitivity,2021,TDS,MT,0.7754862737201931,physical_event_point_total,True,"0.7755 (0.6612, 11.2)"
ML,observed_plus_imputed_sensitivity,2021,TDS,ST,0.9760421514917552,physical_event_point_total,True,"0.976 (0.8278, 9.926)"
ML,observed_plus_imputed_sensitivity,2021,TKN,CT,0.7495142457841241,physical_event_point_total,True,"0.7495 (0.61, 11.04)"
ML,observed_plus_imputed_sensitivity,2021,TKN,MT,0.26039586772740453,physical_event_point_total,True,"0.2604 (0.2161, 3.335)"
ML,observed_plus_imputed_sensitivity,2021,TKN,ST,0.3844133369282922,physical_event_point_total,True,"0.3844 (0.3438, 3.121)"
ML,observed_plus_imputed_sensitivity,2021,TN,CT,0.5837925750053955,physical_event_point_total,True,"0.5838 (0.4723, 9.876)"
ML,observed_plus_imputed_sensitivity,2021,TN,MT,0.2580574454430865,physical_event_point_total,True,"0.2581 (0.2138, 4.092)"
ML,observed_plus_imputed_sensitivity,2021,TN,ST,0.3412247627006647,physical_event_point_total,True,"0.3412 (0.2851, 3.543)"
ML,observed_plus_imputed_sensitivity,2021,TP,CT,0.1172185490746467,physical_event_point_total,True,"0.1172 (0.105, 1.014)"
ML,observed_plus_imputed_sensitivity,2021,TP,MT,0.1007092709961901,physical_event_point_total,True,"0.1007 (0.0931, 0.4968)"
ML,observed_plus_imputed_sensitivity,2021,TP,ST,0.12325802202005759,physical_event_point_total,True,"0.1233 (0.1189, 0.4438)"
ML,observed_plus_imputed_sensitivity,2021,TSS,CT,331.96086674955933,physical_event_point_total,True,"332 (259, 5781)"
ML,observed_plus_imputed_sensitivity,2021,TSS,MT,66.01743231780065,physical_event_point_total,True,"66.02 (57.63, 706.8)"
ML,observed_plus_imputed_sensitivity,2021,TSS,ST,116.59046870819728,physical_event_point_total,True,"116.6 (108.4, 698.4)"
ML,observed_plus_imputed_sensitivity,2022,NH4,CT,0.012393600426343528,physical_event_point_total,False,"0.01239 (0.01655, 1.492)"
ML,observed_plus_imputed_sensitivity,2022,NH4,MT,0.025743522392544762,physical_event_point_total,True,"0.02574 (0.02448, 1.63)"
ML,observed_plus_imputed_sensitivity,2022,NH4,ST,0.0162922378444033,physical_event_point_total,False,"0.01629 (0.01744, 1.64)"
ML,observed_plus_imputed_sensitivity,2022,NO2,CT,0.043131567510312496,physical_event_point_total,True,"0.04313 (0.01459, 3.233)"
ML,observed_plus_imputed_sensitivity,2022,NO2,MT,0.0397602813880334,physical_event_point_total,True,"0.03976 (0.01211, 2.874)"
ML,observed_plus_imputed_sensitivity,2022,NO2,ST,0.0405319993009453,physical_event_point_total,True,"0.04053 (0.01344, 2.789)"
ML,observed_plus_imputed_sensitivity,2022,NO3,CT,1.5661361969381316,physical_event_point_total,True,"1.566 (1.358, 31.66)"
ML,observed_plus_imputed_sensitivity,2022,NO3,MT,1.4840325189583552,physical_event_point_total,True,"1.484 (1.242, 26.93)"
ML,observed_plus_imputed_sensitivity,2022,NO3,ST,1.5668317638328924,physical_event_point_total,True,"1.567 (1.322, 29.92)"
ML,observed_plus_imputed_sensitivity,2022,OP,CT,0.0146577772008067,physical_event_point_total,True,"0.01466 (0.009248, 0.6717)"
ML,observed_plus_imputed_sensitivity,2022,OP,MT,0.0151669024428961,physical_event_point_total,True,"0.01517 (0.008829, 0.5702)"
ML,observed_plus_imputed_sensitivity,2022,OP,ST,0.014884203036040034,physical_event_point_total,True,"0.01488 (0.009712, 0.6315)"
ML,observed_plus_imputed_sensitivity,2022,Se,CT,0.0021106688412149,physical_event_point_total,True,"0.002111 (0.001696, 0.4388)"
ML,observed_plus_imputed_sensitivity,2022,Se,MT,0.0014948936417226893,physical_event_point_total,True,"0.001495 (0.001323, 0.2061)"
ML,observed_plus_imputed_sensitivity,2022,Se,ST,0.0018113100868058435,physical_event_point_total,True,"0.001811 (0.001405, 0.2219)"
ML,observed_plus_imputed_sensitivity,2022,TDS,CT,1.018515827846138,physical_event_point_total,True,"1.019 (0.962, 25.88)"
ML,observed_plus_imputed_sensitivity,2022,TDS,MT,0.9071034007850429,physical_event_point_total,True,"0.9071 (0.8324, 21.63)"
ML,observed_plus_imputed_sensitivity,2022,TDS,ST,0.8541429757445487,physical_event_point_total,True,"0.8541 (0.7856, 21.11)"
ML,observed_plus_imputed_sensitivity,2022,TKN,CT,0.1850378472713339,physical_event_point_total,True,"0.185 (0.1318, 7.207)"
ML,observed_plus_imputed_sensitivity,2022,TKN,MT,0.20717947853760382,physical_event_point_total,True,"0.2072 (0.1259, 7.347)"
ML,observed_plus_imputed_sensitivity,2022,TKN,ST,0.15835803114351532,physical_event_point_total,True,"0.1584 (0.1027, 5.323)"
ML,observed_plus_imputed_sensitivity,2022,TN,CT,0.2981558329996443,physical_event_point_total,True,"0.2982 (0.2812, 7.791)"
ML,observed_plus_imputed_sensitivity,2022,TN,MT,0.3082963459087764,physical_event_point_total,True,"0.3083 (0.2887, 7.657)"
ML,observed_plus_imputed_sensitivity,2022,TN,ST,0.2841798031049793,physical_event_point_total,True,"0.2842 (0.2617, 7.527)"
ML,observed_plus_imputed_sensitivity,2022,TP,CT,0.0444767087015398,physical_event_point_total,True,"0.04448 (0.03487, 1.11)"
ML,observed_plus_imputed_sensitivity,2022,TP,MT,0.0459377931738661,physical_event_point_total,True,"0.04594 (0.03705, 1.101)"
ML,observed_plus_imputed_sensitivity,2022,TP,ST,0.0358494501793793,physical_event_point_total,True,"0.03585 (0.02979, 0.9909)"
ML,observed_plus_imputed_sensitivity,2022,TSS,CT,105.97437406320573,physical_event_point_total,True,"106 (63.84, 5123)"
ML,observed_plus_imputed_sensitivity,2022,TSS,MT,65.58492919406605,physical_event_point_total,True,"65.58 (46.91, 2068)"
ML,observed_plus_imputed_sensitivity,2022,TSS,ST,49.994787974733036,physical_event_point_total,True,"49.99 (38.38, 1233)"
ML,observed_plus_imputed_sensitivity,2023,NH4,CT,0.3399913879348631,physical_event_point_total,True,"0.34 (0.2812, 3.943)"
ML,observed_plus_imputed_sensitivity,2023,NH4,MT,0.3241453846885343,physical_event_point_total,True,"0.3241 (0.2678, 3.794)"
ML,observed_plus_imputed_sensitivity,2023,NH4,ST,0.2673454660032997,physical_event_point_total,True,"0.2673 (0.2212, 3.584)"
ML,observed_plus_imputed_sensitivity,2023,NO2,CT,0.0114267073309708,physical_event_point_total,True,"0.01143 (0.00378, 0.5467)"
ML,observed_plus_imputed_sensitivity,2023,NO2,MT,0.0106676924604369,physical_event_point_total,True,"0.01067 (0.003511, 0.5822)"
ML,observed_plus_imputed_sensitivity,2023,NO2,ST,0.007057165142482001,physical_event_point_total,True,"0.007057 (0.002153, 0.3539)"
ML,observed_plus_imputed_sensitivity,2023,NO3,CT,2.8575435878239484,physical_event_point_total,True,"2.858 (2.791, 7.869)"
ML,observed_plus_imputed_sensitivity,2023,NO3,MT,3.489809022028815,physical_event_point_total,True,"3.49 (3.361, 14.85)"
ML,observed_plus_imputed_sensitivity,2023,NO3,ST,2.7780640517501043,physical_event_point_total,True,"2.778 (2.74, 5.681)"
ML,observed_plus_imputed_sensitivity,2023,OP,CT,0.0540145805046674,physical_event_point_total,True,"0.05401 (0.04695, 0.5642)"
ML,observed_plus_imputed_sensitivity,2023,OP,MT,0.0514272434954189,physical_event_point_total,True,"0.05143 (0.04578, 0.456)"
ML,observed_plus_imputed_sensitivity,2023,OP,ST,0.0500271358862913,physical_event_point_total,True,"0.05003 (0.04585, 0.3402)"
ML,observed_plus_imputed_sensitivity,2023,Se,CT,0.1336437037061831,physical_event_point_total,True,"0.1336 (0.108, 1.266)"
ML,observed_plus_imputed_sensitivity,2023,Se,MT,0.1129836557496969,physical_event_point_total,True,"0.113 (0.09172, 1.173)"
ML,observed_plus_imputed_sensitivity,2023,Se,ST,0.0884068107725872,physical_event_point_total,True,"0.08841 (0.06922, 0.7973)"
ML,observed_plus_imputed_sensitivity,2023,TDS,CT,451.9634752742967,physical_event_point_total,True,"452 (447.1, 778.4)"
ML,observed_plus_imputed_sensitivity,2023,TDS,MT,527.0813632607418,physical_event_point_total,True,"527.1 (520.6, 984.6)"
ML,observed_plus_imputed_sensitivity,2023,TDS,ST,439.4138518099083,physical_event_point_total,True,"439.4 (434.5, 816.9)"
ML,observed_plus_imputed_sensitivity,2023,TKN,CT,1.9550821729849288,physical_event_point_total,True,"1.955 (1.317, 50.64)"
ML,observed_plus_imputed_sensitivity,2023,TKN,MT,2.198147774603403,physical_event_point_total,True,"2.198 (1.548, 54.25)"
ML,observed_plus_imputed_sensitivity,2023,TKN,ST,2.2667738030808837,physical_event_point_total,True,"2.267 (1.456, 59.66)"
ML,observed_plus_imputed_sensitivity,2023,TN,CT,1.0820818072795373,physical_event_point_total,True,"1.082 (0.9851, 7.384)"
ML,observed_plus_imputed_sensitivity,2023,TN,MT,1.0929368940702515,physical_event_point_total,True,"1.093 (0.996, 6.383)"
ML,observed_plus_imputed_sensitivity,2023,TN,ST,0.8627980368083052,physical_event_point_total,True,"0.8628 (0.7823, 5.501)"
ML,observed_plus_imputed_sensitivity,2023,TP,CT,0.4416848482759617,physical_event_point_total,True,"0.4417 (0.4076, 3.018)"
ML,observed_plus_imputed_sensitivity,2023,TP,MT,0.3701928146148148,physical_event_point_total,True,"0.3702 (0.3458, 2.179)"
ML,observed_plus_imputed_sensitivity,2023,TP,ST,0.2520222398784401,physical_event_point_total,True,"0.252 (0.2401, 1.245)"
ML,observed_plus_imputed_sensitivity,2023,TSS,CT,665.9849449644671,physical_event_point_total,True,"666 (587.1, 6411)"
ML,observed_plus_imputed_sensitivity,2023,TSS,MT,489.8456978198589,physical_event_point_total,True,"489.8 (452.1, 3282)"
ML,observed_plus_imputed_sensitivity,2023,TSS,ST,632.2403756701541,physical_event_point_total,True,"632.2 (568.1, 5271)"
ML,observed_plus_imputed_sensitivity,2024,NH4,CT,0.16688034014315362,physical_event_point_total,True,"0.1669 (0.1283, 2.214)"
ML,observed_plus_imputed_sensitivity,2024,NH4,MT,0.2234453755553763,physical_event_point_total,True,"0.2234 (0.1752, 1.904)"
ML,observed_plus_imputed_sensitivity,2024,NH4,ST,0.24440747497127238,physical_event_point_total,True,"0.2444 (0.2017, 1.212)"
ML,observed_plus_imputed_sensitivity,2024,NO2,CT,0.004277522069036701,physical_event_point_total,True,"0.004278 (0.003143, 0.103)"
ML,observed_plus_imputed_sensitivity,2024,NO2,MT,0.0,physical_event_point_total,True,"0 (0, 0)"
ML,observed_plus_imputed_sensitivity,2024,NO2,ST,0.007150305,physical_event_point_total,True,"0.00715 (0.00715, 0.00715)"
ML,observed_plus_imputed_sensitivity,2024,NO3,CT,1.8480052923638262,physical_event_point_total,True,"1.848 (1.552, 24.03)"
ML,observed_plus_imputed_sensitivity,2024,NO3,MT,2.4850762578060976,physical_event_point_total,True,"2.485 (2.172, 26.74)"
ML,observed_plus_imputed_sensitivity,2024,NO3,ST,2.5881788484035257,physical_event_point_total,True,"2.588 (2.406, 18.43)"
ML,observed_plus_imputed_sensitivity,2024,OP,CT,0.10554702760478439,physical_event_point_total,True,"0.1055 (0.09377, 1.094)"
ML,observed_plus_imputed_sensitivity,2024,OP,MT,0.1606012763631059,physical_event_point_total,True,"0.1606 (0.1486, 1.151)"
ML,observed_plus_imputed_sensitivity,2024,OP,ST,0.1479463418316081,physical_event_point_total,True,"0.1479 (0.1398, 0.691)"
ML,observed_plus_imputed_sensitivity,2024,Se,CT,0.0921587020424267,physical_event_point_total,True,"0.09216 (0.06835, 0.986)"
ML,observed_plus_imputed_sensitivity,2024,Se,MT,0.1030454530860686,physical_event_point_total,True,"0.103 (0.07083, 1.005)"
ML,observed_plus_imputed_sensitivity,2024,Se,ST,0.1383104736822842,physical_event_point_total,True,"0.1383 (0.1092, 0.545)"
ML,observed_plus_imputed_sensitivity,2024,TDS,CT,298.10073614642437,physical_event_point_total,True,"298.1 (255.7, 3486)"
ML,observed_plus_imputed_sensitivity,2024,TDS,MT,445.42594931100456,physical_event_point_total,True,"445.4 (398.7, 4096)"
ML,observed_plus_imputed_sensitivity,2024,TDS,ST,438.5945126510271,physical_event_point_total,True,"438.6 (411.9, 2758)"
ML,observed_plus_imputed_sensitivity,2024,TKN,CT,0.35422256319737083,physical_event_point_total,True,"0.3542 (0.2741, 6.449)"
ML,observed_plus_imputed_sensitivity,2024,TKN,MT,0.5422559859112307,physical_event_point_total,True,"0.5423 (0.5009, 2.48)"
ML,observed_plus_imputed_sensitivity,2024,TKN,ST,0.5870690006286234,physical_event_point_total,True,"0.5871 (0.5684, 2.205)"
ML,observed_plus_imputed_sensitivity,2024,TN,CT,0.641291352844314,physical_event_point_total,True,"0.6413 (0.5432, 7.133)"
ML,observed_plus_imputed_sensitivity,2024,TN,MT,0.9699487821727648,physical_event_point_total,True,"0.9699 (0.8478, 7.385)"
ML,observed_plus_imputed_sensitivity,2024,TN,ST,1.0587824267098,physical_event_point_total,True,"1.059 (0.9512, 5.594)"
ML,observed_plus_imputed_sensitivity,2024,TP,CT,0.1921836856398395,physical_event_point_total,True,"0.1922 (0.1434, 3.418)"
ML,observed_plus_imputed_sensitivity,2024,TP,MT,0.2434002704833607,physical_event_point_total,True,"0.2434 (0.221, 1.896)"
ML,observed_plus_imputed_sensitivity,2024,TP,ST,0.359301939104154,physical_event_point_total,True,"0.3593 (0.3423, 1.68)"
ML,observed_plus_imputed_sensitivity,2024,TSS,CT,278.01004362092715,physical_event_point_total,True,"278 (231.9, 3578)"
ML,observed_plus_imputed_sensitivity,2024,TSS,MT,327.91134917071685,physical_event_point_total,True,"327.9 (300.3, 2371)"
ML,observed_plus_imputed_sensitivity,2024,TSS,ST,566.0181060244544,physical_event_point_total,True,"566 (542.1, 2649)"
ML,observed_plus_imputed_sensitivity,2025,NH4,CT,0.4795527178610642,physical_event_point_total,True,"0.4796 (0.431, 0.8974)"
ML,observed_plus_imputed_sensitivity,2025,NH4,MT,0.5893440361500791,physical_event_point_total,True,"0.5893 (0.5265, 0.9901)"
ML,observed_plus_imputed_sensitivity,2025,NH4,ST,0.5698852154413512,physical_event_point_total,True,"0.5699 (0.5057, 0.9214)"
ML,observed_plus_imputed_sensitivity,2025,NO2,CT,0.4661125209169575,physical_event_point_total,True,"0.4661 (0.4562, 0.5559)"
ML,observed_plus_imputed_sensitivity,2025,NO2,MT,0.5860115171444743,physical_event_point_total,True,"0.586 (0.5748, 0.6945)"
ML,observed_plus_imputed_sensitivity,2025,NO2,ST,0.5777408095491867,physical_event_point_total,True,"0.5777 (0.5665, 0.6588)"
ML,observed_plus_imputed_sensitivity,2025,NO3,CT,0.139938211491473,physical_event_point_total,True,"0.1399 (0.1202, 0.5216)"
ML,observed_plus_imputed_sensitivity,2025,NO3,MT,0.1831018265300864,physical_event_point_total,True,"0.1831 (0.1669, 0.4514)"
ML,observed_plus_imputed_sensitivity,2025,NO3,ST,0.15096535168027636,physical_event_point_total,True,"0.151 (0.1347, 0.3469)"
ML,observed_plus_imputed_sensitivity,2025,OP,CT,0.1184026224520208,physical_event_point_total,True,"0.1184 (0.11, 0.1918)"
ML,observed_plus_imputed_sensitivity,2025,OP,MT,0.16310119292679578,physical_event_point_total,True,"0.1631 (0.1537, 0.2435)"
ML,observed_plus_imputed_sensitivity,2025,OP,ST,0.14973899134526442,physical_event_point_total,True,"0.1497 (0.1392, 0.2126)"
ML,observed_plus_imputed_sensitivity,2025,Se,CT,0.2120492036149481,physical_event_point_total,True,"0.212 (0.1785, 0.3713)"
ML,observed_plus_imputed_sensitivity,2025,Se,MT,0.2909142339604252,physical_event_point_total,True,"0.2909 (0.2397, 0.4547)"
ML,observed_plus_imputed_sensitivity,2025,Se,ST,0.280830781768728,physical_event_point_total,True,"0.2808 (0.2386, 0.4369)"
ML,observed_plus_imputed_sensitivity,2025,TDS,CT,372.79760477532267,physical_event_point_total,True,"372.8 (371.2, 424.5)"
ML,observed_plus_imputed_sensitivity,2025,TDS,MT,441.7667689053452,physical_event_point_total,True,"441.8 (440.6, 484.6)"
ML,observed_plus_imputed_sensitivity,2025,TDS,ST,452.5283493658062,physical_event_point_total,True,"452.5 (451.6, 491.8)"
ML,observed_plus_imputed_sensitivity,2025,TKN,CT,0.5291637363962742,physical_event_point_total,True,"0.5292 (0.484, 2.328)"
ML,observed_plus_imputed_sensitivity,2025,TKN,MT,0.520123053200876,physical_event_point_total,True,"0.5201 (0.4781, 1.85)"
ML,observed_plus_imputed_sensitivity,2025,TKN,ST,0.4808597706385485,physical_event_point_total,True,"0.4809 (0.4545, 1.606)"
ML,observed_plus_imputed_sensitivity,2025,TN,CT,1.0286553846797752,physical_event_point_total,True,"1.029 (0.9607, 1.904)"
ML,observed_plus_imputed_sensitivity,2025,TN,MT,1.177935114883999,physical_event_point_total,True,"1.178 (1.094, 1.804)"
ML,observed_plus_imputed_sensitivity,2025,TN,ST,1.2637932924822535,physical_event_point_total,True,"1.264 (1.176, 1.924)"
ML,observed_plus_imputed_sensitivity,2025,TP,CT,1.0461898972422177,physical_event_point_total,True,"1.046 (1.022, 1.405)"
ML,observed_plus_imputed_sensitivity,2025,TP,MT,2.4678192156997447,physical_event_point_total,True,"2.468 (2.448, 2.776)"
ML,observed_plus_imputed_sensitivity,2025,TP,ST,1.7269118094970126,physical_event_point_total,True,"1.727 (1.705, 2.025)"
ML,observed_plus_imputed_sensitivity,2025,TSS,CT,778.3408662610593,physical_event_point_total,True,"778.3 (765.2, 1054)"
ML,observed_plus_imputed_sensitivity,2025,TSS,MT,1783.609952085782,physical_event_point_total,True,"1784 (1780, 1921)"
ML,observed_plus_imputed_sensitivity,2025,TSS,ST,1161.0547341783385,physical_event_point_total,True,"1161 (1156, 1302)"
