PhysicalEventID,Year,Irrigation,Rep,Treatment,EventDate,EventDateResolution,ContributingDates,n_contributing_dates,ConcentrationObservationIDs,VolumeObservationIDs,n_genuine_volume_observations,PredictorConflictColumns,PredictorConflictDetails,HasBlockingPredictorConflict
PE_003510690d55f2e080ab,2015,2,2,CT,2015-07-21,unique_genuine_volume_observation_date,2015-07-21,1,CO_014e9fb03ec3e152833f;CO_040fe555cb4f5459547e;CO_1246892ef4ec21379a82;CO_16badfc6202cb3f8889e;CO_1c50287b342629cbabc7;CO_1fc3b814e7572d56cbe4;CO_20bb38aa47c991bab94b;CO_376efbf400bed3a5c5b2;CO_3cccd7068e486dd5f482;CO_53a34f282549c82120cc;CO_57945cc3fe4c0a8626a3;CO_5966abd0cbfc86f98a18;CO_63bb46a927b1c729de1c;CO_6f55c275672e833ad1cb;CO_7c1b5e2043fb748597cd;CO_84054bc40b7127a9328f;CO_94ca7771bcbfb3a51a6f;CO_af545f4ae604100bd0d8;CO_b0acadc3765a54e81a20;CO_b6362f6e9cf7498399fc;CO_bf8f14e8bb4dadb1a5c4;CO_ca7642f671fc17c3118d;CO_ce0d320a502ecee73ce0;CO_d2ec4dad128f33189b22;CO_d376881f5bd00764c32b;CO_d7238b16367eafcdb1f8;CO_ee8621197232afef4ae5;CO_fcb16b23cb5fcbc2c6d3,VO_cd3b1c5d251c27ed3ea4,1,,,False
PE_007bf9724431b43650d7,2025,7,1,ST,2025-09-15,earliest_valid_date_multiple_or_no_genuine_volume_observations,2025-09-15,1,CO_07bc9883c1fb447ca37b;CO_0c44f8669d62623c62fe;CO_0fa23803fcca531f6244;CO_11b0147cac181f433e7f;CO_11bde34a6593b3da0d81;CO_1dbb4536bef39b991d51;CO_21d79c60f58d912fcdff;CO_250167ca15ad02fc5b10;CO_29b72132c16974cc52c0;CO_29ed487a5ab401890a08;CO_2e4fae5ee19326314415;CO_2ee62f16ca41fe787985;CO_2f8375d2a98f83f0aed5;CO_37a6c9cf2daa704ed393;CO_390490d4405b627dd5a8;CO_4121d897f5b0418233c2;CO_434444f00a8e2c940060;CO_45f1736264898588301e;CO_4e893a5e600e9e6d353b;CO_525a6be75a6dc5a24e31;CO_528bd0ed78a8a62393dc;CO_5c26108d7fa480308d99;CO_5e534a8354549cea9a90;CO_5f302d143dace627a6a8;CO_61ebc0c467ee2f9ffa49;CO_677aa0a258685bca7dd9;CO_704240a9a309acf9c7df;CO_70f82f82aeba6f2676ac;CO_73bdd170636319077cb6;CO_756e916296aee541404c;CO_84dd7b1a7cfbaf9477ad;CO_85987aa6506068cbd41d;CO_8a993b22e1815187f63d;CO_8cf04f0d07191f042b1d;CO_913de1781a2e4c779725;CO_91d3b9ae87297ef210da;CO_926c7551fea60fd3b11f;CO_995d6f3a9b46a039a357;CO_a118106a72bf3449088b;CO_a6d7a047486452909bfb;CO_ac99164821bdc97550cd;CO_b59afea317b1ba8305a0;CO_b7768fbb1847758d75c3;CO_b9ffefbd453c67e0079a;CO_c4e2e9a17e38d281b86a;CO_c5d4a63dbef4f919bd9c;CO_cc89202ca73256893f1a;CO_d3e777cf85e955eb56dd;CO_d64020634ef61665444e;CO_dc99de4709eb45d5a165;CO_dce4f225f420ad15bf70;CO_dd4a53ffcf3d73890e5c;CO_dfdb05a4803e3ffefdd2;CO_e18c36e959e0af3fb9c3;CO_e37e06e84a431bd067e5;CO_f78dde0cfd8047f96a23,VO_0f5153ce4fa137d73df5;VO_50ee1122e2c46576be74,2,,,False
PE_00b38906ec1907c7d0dc,2024,4,1,ST,2024-06-20,unique_genuine_volume_observation_date,2024-06-20,1,CO_0132d427f091625ec3f7;CO_03e4a812c80998f353d6;CO_073dcb43d06df820401f;CO_0d03464929b56b0fb38a;CO_1089c7c8b99b15944120;CO_194f4de6fa09b01ddf79;CO_1a5659493256d9eb296e;CO_1b070f32e66720cc6e7a;CO_2200a6d30ab9bf51ee8e;CO_2c5ae0760c6625f53611;CO_337fc3240de5c44b2a48;CO_357c08aaae039838b09a;CO_36b581c7df84268f5295;CO_3a49576fd0e1eb40e7a9;CO_4432cb276ffc79e796e2;CO_4fb2dcff8d0809c9b679;CO_51240b821461978b1613;CO_5453c3aaf60160a23430;CO_57308046c00e2baf57ed;CO_665c5a87cc8c6767c2d1;CO_729d868e3527e3254183;CO_7dbc9e01698ff64493e4;CO_7e07ae1a0cd3da38f7e6;CO_7f0baf9cad600f1d0f20;CO_8b0f03858cd08f401a7f;CO_8b9d9d0133371ac7a72b;CO_8f4abf226954ee17b6a4;CO_90335898d4e10d65d4ea;CO_9212e5e6ef4106525be2;CO_9223a8bb00498ae96277;CO_97b254669d27308b689e;CO_9cf876e274c8bbc32e1a;CO_a21aed068c88a5473da7;CO_a6ca3fb6bc4695ee4825;CO_b1e9300609f0a4556b09;CO_b312d5fbcfab403a28f2;CO_b5a9ede9a93528be3e12;CO_bae9aa4081f8783457c6;CO_c112a2ade5440436fda6;CO_c2a141200b50aecedee3;CO_c2fee3f0d5577fe1cb5b;CO_c7c1b4da9b9f745dff12;CO_c9d7406a1ec632049abc;CO_cc169aeecced3d07aaeb;CO_d149efa23cca91dd9481;CO_dabec2a5f5a0fb8b456f;CO_db6b1352e51cad31d391;CO_dd5c332e8ce67a7cf955;CO_df3c5a3eab925a314bfa;CO_e1cbed0ecbee7325a482;CO_e81997ae98fcafea8de8;CO_eac627facfe5f552055d;CO_eba563fc7217d554563f;CO_f42740c1f068a22bb97e;CO_f9e3ebbfd1b8975f9408;CO_fea2efbcc5750b571b83,VO_33af0b5d88cce691de07,1,,,False
PE_01024210b88310ac1815,2025,6,1,CT,2025-09-03,earliest_valid_date_multiple_or_no_genuine_volume_observations,2025-09-03,1,CO_0f43d4158f76017edd9d;CO_12051e9967d26fabc3b3;CO_176c4091a251054aa582;CO_17eb4aa69de4a0aeae29;CO_1fd60831ce3eb289d94c;CO_20361aa118ec465fa781;CO_2526904c36a71bc13eb7;CO_3155b0ff6a9a0fff8b76;CO_346d9762550ed756bb47;CO_3565801e1ec386733ce2;CO_3901949960a83f3132e2;CO_4401dfbd4b7faaf470f9;CO_5226202f05b577b3ef48;CO_536b9ac36d9adc0b472f;CO_56632b41c72527c1783c;CO_59933d776452c8a5a00d;CO_59ef29381c37b186f7f6;CO_5c3dafc293f759c56c3c;CO_6181578e353e0c308aaf;CO_68a22b89c4bbbb453fab;CO_6f31555ea66c6f1eb7e7;CO_721cce69bcd3beadcd28;CO_78a59b56b6e6467810c6;CO_7b5ad8b09a966bcd9780;CO_80ccd59a719f27671566;CO_82358c18f24a023dbff6;CO_82d5a2a5add9cc511072;CO_87d8e3aa624e9deb114a;CO_8dfd13f4376053626e97;CO_9173ca4982b52803f4ab;CO_9a1b6288c1d0bb977087;CO_a62873f149eaf7aba1ca;CO_af07603d4da41233e154;CO_b910260d6ccd1fedb991;CO_ba2c2468be7915d9f355;CO_bff3ac190d331d7c21b5;CO_c324b7cb65686a3faf89;CO_c3c41d75036608201d44;CO_c72ffaa3c7ea8b74b958;CO_d3f209a2d2789ad0941f;CO_d7b242422be5e62a8d67;CO_d83e303f681b94d24fdb;CO_dc7beace3fc12150af61;CO_e15c507424b41eace33c;CO_e2135c76ca7863e51154;CO_e21a6e2714f15b13083f;CO_e232635070a63cfc86e0;CO_e7681ff01626eca8ae89;CO_e79c3af8203f526ee6b8;CO_e922a9e73b665ae726f4;CO_eaf17a74d4f66de7efa4;CO_ee3e2c4e1d659b33c015;CO_eeab23fccdc4f5006277;CO_ef0a0fc93b689b53f5a9;CO_f333689aaf4012ba4978;CO_fb5316204aa75301303e,VO_0a0b0bf045f3d2f6b319;VO_1e7246793e496e1f0fa6,2,,,False
PE_01dfb8394999c3a08b1b,2015,5,2,CT,2015-08-17,unique_genuine_volume_observation_date,2015-08-17,1,CO_019c913613f63a0c7169;CO_0a0667865bc17f9d624b;CO_0d61e38b364591d3df7f;CO_15bb14fd69723b98e18f;CO_1f87635aff05d8cfd508;CO_22b80a6318e435fc52cc;CO_26793168fc376462f623;CO_26b0aaae6eedc3c602ca;CO_2dbef67328b9f57d889c;CO_36a516d225315abfa591;CO_396f804443825586c128;CO_40207240ec43f8d817b9;CO_45f164bbd5654c6b9317;CO_5805921783d4f48c7dda;CO_5f52e54c6a9c6f023c74;CO_628a48a65b4c3c449f32;CO_733f3fda0606d37a0e3b;CO_766cb53c753baedac5dc;CO_79059b443ce844d9e9fd;CO_792cedb3cad845d9739f;CO_80b6b4d2701219ca5ada;CO_a883209b00f5f9265f76;CO_c284c7d2b6a0117664d2;CO_d77e331bcae8dd6e7239;CO_dc55f7cfd39dd0d3fc79;CO_ddca54a1cb9cfc5a47c9;CO_eaa7de80f155ad3cb1a1;CO_fc815a8369f5924d7b44,VO_cc82dde01f76622208d1,1,,,False
PE_01ea2f88880fff50efcb,2012,1,2,MT,2012-05-16,earliest_valid_date_multiple_or_no_genuine_volume_observations,2012-05-16,1,CO_082b86d1dabd04fc1839;CO_0b76f56b13bc240b3ec2;CO_255cc20e6eaf1ee65c3d;CO_2b20a53b75b0eb73f4e9;CO_5007daee6eb542fd7818;CO_5ed4cae00638d8a9eaf3;CO_7157d0b037372c81ddb1;CO_891b18b759447efa6e51;CO_9ee4dbfea33cc1ab5499;CO_a2713a5c710ced404167;CO_a3ab7bbaf7390c1faafb;CO_d59eced1ded07f84c145;CO_e6cd42f470e61690a703;CO_fc8c215630577d3e20e6,,0,,,False
PE_01ef9362ba3276afc3a9,2017,2,1,MT,2017-07-09,unique_genuine_volume_observation_date,2017-07-09,1,CO_024e9489dcc660486b61;CO_0680e388fc5bfaa7161d;CO_0f47caa1afdc7b7c8f1b;CO_135a2e2a2115b0f7ba75;CO_26361f9204091993eb10;CO_2a385ec6542332dd1c10;CO_2e2f4263cfaaee7aaa1d;CO_38b83caefa1ef26940f1;CO_3d778386277ebef96c1d;CO_44a91994cce74ed24439;CO_57d24fbc37a0596d5dba;CO_5c9b908ea39134201654;CO_61338f184351d0293d8c;CO_670bf741eed990090b3d;CO_6d976934be74941fba57;CO_7c7fead4c7112bf70054;CO_81aacf180df34c201f6a;CO_85e88d473301ed963019;CO_89e2ad84183b2f9c7953;CO_9432d8024b8e052f3082;CO_9fb63c4d328d999a022b;CO_a360748ed90aa02c3f79;CO_a76e4ce6243e519f7d4b;CO_b6a8f919326b6079ecda;CO_bca06ec2f99bc26e3bc0;CO_c19135d75ef1670fadb5;CO_d8afe5916ab2d6c3714b;CO_ed5667b58b1a81344b92,VO_dc76b3fd137fe1478e2e,1,,,False
PE_02b42436b7981ca07571,2024,4,2,MT,2024-06-20,unique_genuine_volume_observation_date,2024-06-20,1,CO_03f654824d01403c7ff8;CO_03ffeecfb819d82deb0f;CO_05cdf255a7a0ed32664a;CO_0dfcebf485c29dd65394;CO_138bfa992685267257bd;CO_1b8f39475cb531e800c4;CO_1cea97c28cd639e0f330;CO_1f2ce0f0c6aee17e511a;CO_2de0aa8158a22f12e9db;CO_2f74d62c5e51079f4e0d;CO_3c2de561e6c6e6cf7953;CO_3cb7cfaae343aed76bfb;CO_406c649c18179a164f72;CO_4d939cf34a293616b690;CO_4ed8be64ca1b76549cf2;CO_52163e55fdcf7463e1da;CO_5243263d41cab9e1cbdc;CO_548860d7012e86e18480;CO_55f247e9a0dd4d400ed7;CO_5edd6fe9fd8d4373e70e;CO_6d240bc6808be3747577;CO_6e8d1a943f1298968273;CO_7ddb44478c5fe21a66e7;CO_883bde7387787ca08e7f;CO_893955eaa7b1b1b32f10;CO_8a159f78a49736dca055;CO_93919581b9314ddadcfe;CO_9e088cddb90e91e1ec3e;CO_a186f2536334b93b070e;CO_a5ceb237353761471279;CO_abbfc2b6da87b49139e8;CO_b83d4086daad65f8f506;CO_bb2ec64167e18065adae;CO_bf9825fc1aa3a828121b;CO_bff3992c1d4f9aa5a794;CO_c0f05a43ae2cffe9f74c;CO_cea1f4fe80650694ba7c;CO_cf7dee3443a859943d9e;CO_d11dffa1979b25d0737f;CO_d26133fcfb775dc7d414;CO_d46ff4dc50b25b2d6e2c;CO_d8ec3903c81cc4f2c290;CO_dcd6b4f7cc0547dace0e;CO_df34d853f2f2f1f14b92;CO_e0e3fcdfb0803ca53891;CO_e2eba231ef1a4fd3cc26;CO_e4890f15c8a2d18ec1fb;CO_e6b866f3ab8d31cc9e82;CO_e7684b3d13dd994b4a93;CO_e7cb53c0f89e9bd4374a;CO_eaa26b14ca258b651bef;CO_eece4d77d98e1f5007f8;CO_ef1956ff4324600bc95a;CO_f5ef15fb1c6e42111b73;CO_f9e8a182c490bd097077;CO_ff49a4f6ed54f15fa095,VO_d8212d7c3da8ad31af56,1,,,False
PE_0373cedd6c6b07cdac38,2025,3,1,ST,2025-07-31,earliest_valid_date_multiple_or_no_genuine_volume_observations,2025-07-31,1,CO_0193d52e5b14627091d6;CO_022dcaabd91950fd273f;CO_0e563c377fa1e2197ae4;CO_24f692ed38057c7cf08e;CO_3292bef42975c0ab63a2;CO_33eec1af74c5a2f4f460;CO_40fb7164e459a38813f3;CO_41164411f051e67b41f4;CO_4694daec5f4db4c03086;CO_483aab8b1f38f23d19a4;CO_48cd786072b453b39f86;CO_497cc1e88ac00e930a18;CO_4b6fe8cd512ab68c24a1;CO_4babc876be86317d0127;CO_54e8ae4b54fbe10c4ac8;CO_5adb6d061f7ed4d23be7;CO_5d4048cb5ff48fce144b;CO_5dbfd76e584f6a734413;CO_6350214ad3966392c32e;CO_64b9663ba7d579decac4;CO_747196c55e645021b9bc;CO_74e70910949899071b1e;CO_7978a5cc69504b7beabc;CO_7b31c40281e40541b608;CO_87027f281bcb0b882296;CO_8a376a996f6d7e958bbd;CO_8bdb0a1af9b780b6fb9b;CO_8c004c94eb689b3765cc;CO_8d3645e0e56c7842aab9;CO_90f285f8fb15c8bc72a4;CO_9a094988ee453389615f;CO_9b8f2fa45e4b5f1962f9;CO_9c93522c01b6a1b55b7c;CO_9de45f0d87b959b2d393;CO_a37d6fca050f0b775754;CO_a5215e527a9a67894a1e;CO_a9ec7849e1833d1a8ce4;CO_abbb9233cee3e720b2a8;CO_abbbff138efe24150ae5;CO_ac1488e797545c402d48;CO_b0cc10087a35e9123999;CO_b4672738a0a2e42ace71;CO_c2ca134086655d756842;CO_cd2ed2d000e7d0e9826f;CO_d7479ffb15b1c4d9b4f6;CO_dac8af8ab3194142b77e;CO_dae89e11241685c65efa;CO_e1299b1fe6306876f513;CO_e5cb520f4e9c788b8909;CO_e5f4b224566103f2bdf2;CO_e90f9b09d844fd2aa447;CO_eadc2f841df38256d08c;CO_f462d26aa077aadb6df8;CO_f6ad0765bdb620503bac;CO_f8a2a1141001a2a3a135;CO_f99c189cbb1fe36d60c6,VO_dd2eef21e1fcdd558309;VO_e97ad3c0c36ed7191b0a,2,,,False
PE_041660a509b242990967,2018,3,2,MT,2018-07-23,earliest_valid_date_multiple_or_no_genuine_volume_observations,2018-07-23,1,CO_1f497cde557cd1f919e4;CO_318e52eb40cfb4324c76;CO_4431ed99fceb3ca10b17;CO_6f51629738bd8baef818;CO_75b4ebd1ba00bbcb0e8e;CO_7a05edb037f09d987014;CO_9d45a4710a9abc4e87ca;CO_a3d0c75739a3c6a80dcb;CO_ab5e292db6495899871d;CO_afc1690a331258665aed;CO_c3d320b107e4735cdd84;CO_ddd59d0fadbd0fb57704;CO_df9d46565657e21f3679;CO_f2b1abd0f2fd26ec712b,,0,,,False
PE_04c02bec0f0f9a370498,2012,3,2,MT,2012-06-12,unique_genuine_volume_observation_date,2012-06-12,1,CO_2a0ef58aefd63ee2bcba;CO_2bc0d0e792b8b2f5c053;CO_41cfc0d1f2d127b04555;CO_598800d77add6ca54072;CO_6154e4fabee18be7f85c;CO_74361bf1b85b688ecaf2;CO_82ba9b272ce795cdea9a;CO_8aafdc713980dccffebb;CO_8b013b1be61b0047e5a6;CO_998bae6a40b82ac12dd1;CO_bb340b0f7e66b52b7426;CO_d2495f2f03eef39fa64a;CO_dbf5b3d60f915eefea72;CO_f11a7d64cc0201a4ba1e,VO_b96ba4e2e40b37e05202,1,,,False
PE_0503afb14c99d9e82049,2018,1,1,CT,2018-06-28,earliest_valid_date_multiple_or_no_genuine_volume_observations,2018-06-28,1,CO_21445af8f7acc5de30b1;CO_240e1a3ff9a5b37a62b5;CO_2659730a46782b733d4e;CO_29c28643a7f81021f648;CO_2ee96af7fc498a4f4247;CO_45dbc5d50e2da2279347;CO_485d997d70d9483c517e;CO_4a23f28fd2d529a6cd69;CO_62f77e7d6197863ac98d;CO_8f87edbf7e3fbfba22df;CO_9ef9a33e244c69696213;CO_a6d2a96d80c099083695;CO_d302498475ec90c0b6da;CO_d90e299c21eb42f1608f,,0,,,False
PE_051cd85fc942217be314,2021,6,2,CT,2021-09-10,earliest_valid_date_multiple_or_no_genuine_volume_observations,2021-09-10,1,CO_09f7cb7bb38f019f431f;CO_113860f7295ca5452484;CO_214c993d16c6ca97becc;CO_2abf512165e466fa0bfb;CO_2e4fd128c65540493b40;CO_2f9fdc64dc67313294ec;CO_3029ce671f44382db008;CO_3da16474e33b330b71e5;CO_5aca6f08b6780157a0da;CO_5bba8f46cdedf6b48777;CO_5cf5b8d22fe749d8cd62;CO_67d4a2b9f78db85adcf5;CO_6d1a1e482ee8e8982660;CO_7cfa7cc617748dfac47f;CO_833cd8c0e698745b16da;CO_8766a70e7c7d84378bd7;CO_8e8a4859570b9bf603b6;CO_97f6fc882e4fc2ead2a3;CO_9b3cea3bd8789ba47cc9;CO_adfcd2dc82eb6dd47554;CO_c4eceac7365bd5803e05;CO_c8228f8d57233cd4d689;CO_cc52431a2d5fa1676558;CO_cc98bda3770734887404;CO_d40fbd13d527595c47ea;CO_e32df00f65acc1db0a82;CO_ee28deeee58fc612d5ca;CO_f3907a096c7c4b68d751,,0,,,False
PE_0609bb3a38fc48d18c44,2013,2,1,CT,2013-07-02,earliest_valid_date_multiple_or_no_genuine_volume_observations,2013-07-02,1,CO_12b56c38d67abb5e94e4;CO_157abfccf45aaa7fe19e;CO_1ac6d62156549c474e95;CO_2f71963a50636a5f9249;CO_37834f2f25762f23e1f7;CO_3c54e95a9ac8c3b5eae9;CO_42f8dba2c87626c4ffb2;CO_5a9b68ad8cf5063dff85;CO_5dee2dd8073610e8fa7b;CO_8b01315e403fc6491b99;CO_aea27ad297988629c3fb;CO_d80d4a47ee832a474d99;CO_de3d43caad2bd3c4f062;CO_fbb048687bf3c81dc3f3,,0,,,False
PE_06463f55c291ea1d15a9,2013,4,2,ST,2013-07-31,unique_genuine_volume_observation_date,2013-07-31,1,CO_22a2fa7d04248931a885;CO_27d73d98c36f3dc0af6a;CO_3038bfb575bee6a0e619;CO_30c3cfd79bdbd5af40c1;CO_37c256b1a49b568292d6;CO_395e09e946b0043f8b3c;CO_3ba067469805939235e0;CO_5524fe000ffd5c1743a6;CO_9841b7a33831ef01be43;CO_9c4f74008cdc9d6fb891;CO_c83e0fc471e3faf8daf9;CO_cad6ddf10c7f185baa56;CO_ce6bedca3f2a54e05cb8;CO_db3e138c0d569a2285ca,VO_56176662400919d6c0a4,1,,,False
PE_0656666c2b33c1a71dfc,2022,3,2,ST,2022-07-14,earliest_valid_date_multiple_or_no_genuine_volume_observations,2022-07-14,1,CO_0b2e14bc7be96a22eea8;CO_133a57f8cf2b46396257;CO_15b9e0db83ca5103d0d8;CO_1dc64e316144b6a188af;CO_1de4d95a81eb1780d5c2;CO_1f594da9b409f7f4b9dc;CO_204ed30f363975c2fa94;CO_22a7d620bdd854b18ebb;CO_24eb60438e77548b2214;CO_2c3a9564615778dfcbd1;CO_340799d186c8195376d2;CO_451b01cbb6bdda2450c4;CO_4784d9d612062c3218ba;CO_50570cbca8445cfb468f;CO_5228bcba37539039758f;CO_5cfd69f37627f22d0044;CO_6621ead3c9ec19dfbd65;CO_76febd7e9cf3b0c0ee0f;CO_77dbedf24d15bc20ffed;CO_7c2355534ecc3a59cd73;CO_814d97d6cc541655df85;CO_84d5d511604a52af9690;CO_87764818faa1f30e1332;CO_8c2d775dfc75b4286609;CO_a1e93f34271e6752df35;CO_a3f0ac6f4436d7e6757a;CO_a4e95083ad6163ab0961;CO_a5266239ab5a99c8456d;CO_a953c30e476ae308c13a;CO_aee98c562feee06f1bab;CO_b4e5384402e135d94a96;CO_c05562111bb2b94ae2ee;CO_c6637ffab46701f1f145;CO_ca90f39707c002760f83;CO_ccaebd01a0fd755e2485;CO_d1050bc418f18e3fd258;CO_d4c1e7b51c1914fdebfb;CO_d6f39c453a99499ae870;CO_e2a5e91a50be01641bd0;CO_e635f3b6fa5d5abbe0ad;CO_e91246f11ce99f19a927;CO_fcf1e4bf9cc9c1083647,,0,,,False
PE_06726b0bbd436c0f2638,2016,1,1,MT,2016-06-07,unique_genuine_volume_observation_date,2016-06-07,1,CO_0927a0c81213ef0edd8c;CO_0b397a1076234fc23d09;CO_0de6507036b0059711f1;CO_1d8090bacab301cac5ed;CO_20ae7a6e90efb46a8538;CO_22c670b196b60cc7e46f;CO_2f4e01068ce5298a7352;CO_3ecb62179890e43a0513;CO_3f78e63bae989eff03d9;CO_4a93457cf4c32f74058f;CO_4f0e70f993083de9a594;CO_577f11e5831c1e187892;CO_6a154175655614a6a4df;CO_762ee53f5339cbc7c949;CO_77c2f9edc1f7a0d882a8;CO_7fe7e2e8250b990da9f1;CO_81a4373c77b042b75ad6;CO_85bf6763d5c514c8a793;CO_8acc23987b8960d83c44;CO_8b34042b7a96b3ba94b2;CO_8b496bf96bbcc9e5ac11;CO_8cfecd937a9328ecb71d;CO_93a91475cca49cf5921e;CO_9a1cfcffdce419d6f29a;CO_a90a92380af2f044ea5e;CO_dc731f13f58f11465795;CO_de650d61f5bd166a91f8;CO_fd488ef7f15f0a3c0f43,VO_ed2c5d04eed2e312fc5a,1,,,False
PE_06846811b2896d804676,2013,2,2,CT,2013-07-03,unique_genuine_volume_observation_date,2013-07-03,1,CO_1253e9373e781b750026;CO_143cf2c38c63401ee6c6;CO_2b36364b92fdfed9c638;CO_4d52971a69a6c4b42f38;CO_520c39da8f0618e9597b;CO_62887f80db20da988967;CO_8f37874b232d5069b2b1;CO_a5081fc73076c5a42894;CO_be02ac56010bdb244f68;CO_ccc6465cd2ba04eb1080;CO_e0606ae4e69c5d471718;CO_ee1d6fb0927c61d02197;CO_fc2cd6cb85339b6c1584;CO_fd7153335627c9fe4200,VO_2d35eadb92ff161413e3,1,,,False
PE_06cf6ee8f5f1de6d062c,2018,1,2,CT,2018-06-28,earliest_valid_date_multiple_or_no_genuine_volume_observations,2018-06-28,1,CO_0f07881e958cf91c0ce5;CO_1315c02ef378242ad4dc;CO_19c03c86c20ca0fbeaaf;CO_248aa2bdd0032920ac9e;CO_3d873a035196fcac9738;CO_5e3913f6e5e207d7b32f;CO_7527ba85bdc16eaae6b3;CO_77ba22d133eff1f53f26;CO_8beb6420a2670a1abc0f;CO_aaf68675c4bea5600c27;CO_d82d37806d0ad0c523d9;CO_de5872c6bb4494cebd25;CO_f44e88bf9638dce7ca5a;CO_faede57cfab74b18e630,,0,,,False
PE_074f45d65401c8fdb3f5,2022,4,1,CT,2022-07-26,earliest_valid_date_multiple_or_no_genuine_volume_observations,2022-07-26,1,CO_011213b6c85a95a13823;CO_01ce4b291ad3ecd240be;CO_08bc7362b1010a5cf954;CO_1583bfd6f8044d4717e1;CO_16a8f1ab8305800c3ea3;CO_2a5f03ab4dc52c455d0a;CO_2bde005fe96a6b68e27a;CO_344ddf4c03d6a99939c7;CO_38d1b68184b8e37c736e;CO_3b4bee7de5f1464e5930;CO_3ba03660d7f9269cfb1d;CO_3c2ea00c905c2d6de929;CO_434f4d14c1eb231306b5;CO_495524c206230edb7639;CO_4fbda58398a3c44af105;CO_55477b4e000876b5e0ef;CO_65193e0483cbe24dec7a;CO_66d3a63c246352f62968;CO_683d098205b11550f2d7;CO_6aea7c4f81ebe6ea46c5;CO_6f1309afdeb36c24934b;CO_85ea151b8c5b5ab0d334;CO_886359a0e6d7d6554327;CO_8c6da60e7413b003c5fd;CO_91f43bbe86e7ec58b39b;CO_98d9658d98764dbe135b;CO_a036a0ea5107d5036e03;CO_a05de90216c2550db31a;CO_a0bd94956b9f42cde97b;CO_b1537e61106f66d87786;CO_bf9eab76f2ecc3f9fb43;CO_c896242ec59470fd98fe;CO_d4e5f572c02d22df1f65;CO_d7cee86db1db18fe93e0;CO_db5989a78dd31d0ccfe3;CO_e1fca06213ab71884fa4;CO_f053427ba47f05d9bf12;CO_f0f06e6a36f7cb803c29;CO_f5509e5b085d20134e18;CO_f6c9da6121853fcc02a2;CO_f7137a528bd2cea4dc52;CO_f8a789591ad8dac092a4,,0,,,False
PE_078b8edebaf25b47ca9c,2015,6,2,MT,2015-09-01,unique_genuine_volume_observation_date,2015-09-01,1,CO_11485ec6072016b540ca;CO_155d04976ba69d3fd3a6;CO_16c6411a67ff85c3c3ab;CO_21c2caa5a80ed0d9fb12;CO_2334b98bcb4ab2c5c971;CO_2e655ed87f6c7141ce97;CO_41e1ab5f6a32e9bbbdfe;CO_492a92727bfe1107dc57;CO_530f967e2a24e5ab0699;CO_7a0fc5c7060a84eff25e;CO_81f4b5a1d0a881a2c2b4;CO_94f237831755112ed659;CO_9e6a72557ada15d02001;CO_a2144767f33525b47ccd;CO_a2b00e8a452d83bf2e09;CO_a381d1cfa86c275ef6c1;CO_a3bc9e9e58099bc938ef;CO_b85be080814b2d639869;CO_c6b4c26e25da2dadec41;CO_c73cafe49e656ac94c5d;CO_c7ce3fdac3c9753cd5d5;CO_cc313ce7456b2a32373a;CO_cd145ae2eb8cf90aca55;CO_d7586bb7de545d1f5a5c;CO_e04b14da018be71fa605;CO_e888a676e1926d0c08b5;CO_eb7046437af1e3e9f711;CO_f0713c25aafce007fe22,VO_5e8ffbfda63feba2e0b2,1,,,False
PE_07b0e2786e6c6d7e52f2,2025,S1,2,MT,2025-09-23,unique_genuine_volume_observation_date,2025-09-23,1,CO_068cdb9d2f72bda16c59;CO_230ad27c6e6e27669363;CO_3b9f84399baa1776bb6e;CO_6711597a2bc4e5878638;CO_695676b653995a4036ff;CO_6e09d59a798cf1b22319;CO_75d4a2783c3ff6168f60;CO_8c08858c18b892b0b66d;CO_92e939f8447b602bb5ae;CO_aee73965b29b99f53a3d;CO_cff8b4510844ac4cba18;CO_d2d8f9273e06e9e9c574;CO_e9f6fab3f6a047e748c7;CO_ffefca7dca30978a7c1e,VO_138ba356bac9631296fd,1,,,False
PE_07fb872524ea7e0b9145,2014,5,2,CT,2014-09-10,earliest_valid_date_multiple_or_no_genuine_volume_observations,2014-09-10,1,CO_154ffa5b61cda57bcf0f;CO_185075c5eabd2a50944f;CO_2a42f4cce9c66104db01;CO_3451d35d093f0572f939;CO_37996a5cd953467b2409;CO_3d21fff7f9c471eca837;CO_40f1573a5d7a3090fdb9;CO_593db514530578cd1b1c;CO_5c6f01a98a18544be363;CO_5dfe43a321c6834c7de2;CO_8c144858bb5ea1a93106;CO_9902a59687527714fdd9;CO_b4bbe448fde336bb6a7d;CO_e74d21caffe16a058db2,,0,,,False
PE_084268df6eb9d4246043,2012,7,1,MT,2012-07-31,unique_genuine_volume_observation_date,2012-07-31,1,CO_1e99cdb6763d2cc33df6;CO_24ddfbbb780c9417eddd;CO_5a5dd583a59e0901a10c;CO_5f5e771dcb7bd8b6f12b;CO_6771cc5954ed26c811d0;CO_7995b28bf42b6cf6c67a;CO_7c794a709302626ae0f7;CO_96061e92f58e4bdcdee7;CO_9673542116d6aa376e35;CO_be180d34dddf670bded2;CO_ca4f619cbbbd9a4752cb;CO_cdb456f85637c437ac87;CO_d40535ac09aac0ef32f8;CO_df76b967f747ce89f10f,VO_64c19839eadcf01ebde4,1,,,False
PE_09a938930ab837ebeb36,2015,4,2,MT,2015-08-07,unique_genuine_volume_observation_date,2015-08-07,1,CO_18ec38232eba61062032;CO_1e05e94f3dc87bcad898;CO_28bbad4c3a502526118c;CO_4870cf275fec15bb3ec7;CO_5344ac1bbf825b5e1496;CO_56771e02f31517e53c2c;CO_79bf08685d3138f9b109;CO_79bfca31c435be105411;CO_8bdb4fc4d7debe1e4693;CO_a1e2bd5c65064ebba3b2;CO_a7521b7b08a98bc6ba63;CO_a849b24b9925efb779e9;CO_cba8d3a39041d4164e60;CO_e993b985dfdaefa4b377,VO_3b247a1a2cfd92c5e404,1,,,False
PE_0ac2121b8fe18c0053e2,2021,4,1,CT,2021-08-12,earliest_valid_date_multiple_or_no_genuine_volume_observations,2021-08-12,1,CO_00f3ca2ec864017e7032;CO_030842686c3e45306d96;CO_044bf64408e5532e582e;CO_060e33205a731400c2eb;CO_094150e1b8241e193338;CO_0e497cfde2219505f28f;CO_14aefda9799b3919125b;CO_25b99b9c636ea2d7820f;CO_2884aad1030f58e0593e;CO_299d8425d61ad84cc1a4;CO_2a2b09c5a18c4f2cbca3;CO_2e86d55251d6498c920d;CO_30ca4f2a75646c34c2dd;CO_35afcc127381902e8df6;CO_4bcdee47f1d7632424d7;CO_51e197d549d75965d0ad;CO_5e5c743a015ff8d81e23;CO_614cb3fc60cb6dc183a0;CO_6195df46a1ee6b698414;CO_6ac26f2592b5a72c422c;CO_6f0853e81dafcb5cf4cc;CO_7f7af6137ce9bdf5be21;CO_8f8f2b1cd6674b1d9b74;CO_935dad48e67dd3980afe;CO_9bfadc56a4e4319b9f72;CO_a5196fecd0525d28139d;CO_a98a1c3c7da97a62e5f1;CO_b1522b7b78cf7a625038;CO_b549a5b406eaace4dd10;CO_ba689abd93c9c6a7d08b;CO_d380660d4db053f4d5da;CO_d7e934b829a15842b9f1;CO_d9cf8835e2a75f03b59e;CO_db69971054717d432f08;CO_de690d1ae70d10081585;CO_e13b778ae833ca8c5d75;CO_e693087a7883833e209f;CO_ee09198e46224875cf39;CO_f67872be29ccbe1cb925;CO_f68a11527b819bdf3658;CO_f757709ea42f2f0823bb;CO_fdf2b4eede6eba119853,,0,,,False
PE_0b902961f965469f339e,2020,5,1,ST,2020-08-02,unique_genuine_volume_observation_date,2020-08-02,1,CO_0d999a1f69950a0e1c70;CO_0e12831a7047f759733b;CO_0fa55212fd59b0b90304;CO_1076c5957d3ea9ffad33;CO_356d93f4db4e2cc6775e;CO_371e6e08c996fca6c5a8;CO_4572a6e276ac508833f6;CO_46b724b2f85d4f7bd485;CO_5450f0a658b52a4b3ecc;CO_5b382a8191264f074a52;CO_6179be2bae37f63dd39c;CO_75c3e223190bf1a1fa2a;CO_7b3087f7c84638235f3f;CO_8482730c0bb7c7b0494f;CO_8793bd5319f8d066921e;CO_8d284220975da66c6cba;CO_90cada10fe6b8e2b8031;CO_9bc7449020d49573c620;CO_9c141384124bcf023070;CO_9e2d999a438d4dc3a1cc;CO_a06b96c5eefd8f70fa9e;CO_c14379df233ffbc038c7;CO_ce0d840751defacdc0bc;CO_d88efaf7b775f0824202;CO_e6323c6f35f6487edd4e;CO_e950edf04f10999f2122;CO_f4e99211184a248ac2b1;CO_f82575781478af1f61e7,VO_3c1c2025ee2bb10e7ab0,1,,,False
PE_0bb94842a812bc6b3413,2020,5,2,MT,2020-08-03,earliest_valid_date_multiple_or_no_genuine_volume_observations,2020-08-03,1,CO_105a4d48d04d0d1f1c95;CO_1e797595727addd0e266;CO_2bf20587c827f0aee1a5;CO_2f8ef9d7bbd2a6126f69;CO_34fbd3ead861115d5c4b;CO_363341185eb04b13db8d;CO_37859290e7d150c5026f;CO_5041936c9c923fd0d610;CO_58144ba2f74ee1c8c3ec;CO_a4ecdd704d258aa841bb;CO_af6d08a81278d36d71b7;CO_bb10a5ad4db1a37cb1f9;CO_dbe1b5021e98aa53eebb;CO_e2310acf6a8c78e5d0eb,,0,,,False
PE_0c2d197a5610b0bbb10e,2025,6,2,ST,2025-09-03,earliest_valid_date_multiple_or_no_genuine_volume_observations,2025-09-03,1,CO_03ca1c3278cf01923ea5;CO_07df47f4857229805333;CO_08c159cb811c2742199f;CO_0a15a807e9d07c2b546d;CO_0b6b2a784da2f04ac816;CO_0be6fd9ebf5de4081fbb;CO_0bf29338b41822a2a124;CO_10e8d3c45549d1199fdc;CO_131f4493792b4c6d292a;CO_13b1475cbe243903914c;CO_1a29cb216b6e4e040bb1;CO_1ba6b3c0abf35a3fe045;CO_24fae883d5ce2d893f20;CO_2de2a7cba3e79d430925;CO_2e585ada8d9d1c9b19e2;CO_32eb1a8dafeb0873c8d0;CO_33cc6da30d940c4ffa0c;CO_34ff3bb3732ca5436824;CO_3829de69d2b2018715cf;CO_39e99864636d68f4ab86;CO_3a57c84908467468f972;CO_44ee0598d26e40139f77;CO_4c3ea13a3ee2947ecf36;CO_4c71c23d484bb6922047;CO_5183d65cc71ba70196e7;CO_6704761b3cbf8260c556;CO_6c4c77d6f7f783dd44a7;CO_78569289e95b4b276963;CO_833d6983cdb9e4c6c12b;CO_847128eb160a9967ccb1;CO_8b0a2da322fa2e151915;CO_8ed5f6c97c680e72cf3d;CO_94b3b73fcc9c16739f15;CO_9f6f684b2451cc47d232;CO_9fa4354c24b3c7a2b0d4;CO_ad3152bfd262652d7f34;CO_b138c0b35a9113112287;CO_b2cf84c62d338adb214f;CO_b2d3f6f51e435eb5b9a8;CO_b3abeed147488ba3d1d0;CO_b763cd250b130c3d4ca1;CO_b858460b54cc28b3e4e9;CO_ba7552f4c7a81df97934;CO_bcce03f625c22998dcb8;CO_c191d5586f1e08c76063;CO_ca390bf3b3839880cb24;CO_d3b63363e3c4234a3fa5;CO_d73398cebe5ea8605776;CO_d88c39de46401a311ffd;CO_dc8d1a33645db8bcfef8;CO_dcf8bb6c8583de4c34bc;CO_de2d0a787b3351763f3c;CO_e485f271f7db87ad8888;CO_e524d225a5a87cdb208c;CO_f2c8a205eccaca21250b;CO_f79c5acdee5572581777,VO_0db1845a371c3f473af3;VO_3847c3358492cbab6a19,2,,,False
PE_0c5f6cae2ecb3b88339a,2013,1,2,ST,2013-06-20,earliest_valid_date_multiple_or_no_genuine_volume_observations,2013-06-20,1,CO_02023546b4039abe3b9f;CO_03aaef0fd45d47ee37af;CO_0f5135115926fb85f8b8;CO_16dc368a89b428b24854;CO_2016478d9492c6ea60a1;CO_354a1577b7cd8bc547ee;CO_5f395d07369071a505ef;CO_61503690505f84b144e6;CO_a994696540befd55c960;CO_af2aef7071ca92fd7c9b;CO_cbfad02f9ed2a8d1e08d;CO_d07164a628596323ebcf;CO_d582220938ba7b624b67;CO_e230fbcc0fe54a355461,,0,,,False
PE_0c873ebca68f220b5575,2014,3,2,CT,2014-08-05,unique_genuine_volume_observation_date,2014-08-05,1,CO_015dd044ee9f809cdf83;CO_0215405c9991842a2f4d;CO_02ec6cded188e77c0759;CO_02f7cd8e067c019d51c9;CO_065f4fa6723db9087ba0;CO_06ca9051ba43e00d2b48;CO_13b15ff5b941ca90e9bc;CO_2244c25f966e3897f86f;CO_23270485c395dbc82759;CO_27b5f3558e46ebadd7b6;CO_2adf89afa76f370d5409;CO_41e521adf8ae7a0f419e;CO_47e390604bc023d0a432;CO_4a8596a7790b5ca9e067;CO_4c327801d652b4e7b344;CO_4ebbca3ca29aad239c61;CO_4fe3714b97368efb0429;CO_521d35aa435e73b520cb;CO_54d639e084afe6381ba6;CO_5cee183d0627eda148b0;CO_64fd0d4db8bb0aee5540;CO_6737e261513f61abe7db;CO_6e49b6d291aff4f2be83;CO_6fa0b9010de4170dbe21;CO_736eb54066e30caa1257;CO_743e6166ee024439b351;CO_86f24e0a8f1140e3cdf5;CO_8b49203c3d36d3f6a4fb;CO_8bb2a9b4efb68301844d;CO_8be140392743ec8e7aa6;CO_8da3cc43df257fe706eb;CO_9b9b4c0d99b437fc76db;CO_a1db29f9d0122a641d9a;CO_b5c8764bfa663f14525b;CO_b96cb18015f6896c4fc7;CO_b98c5b564cba1a608ce1;CO_bfb51e52c55467518910;CO_c898b3c4675ed107b0f8;CO_cba28b89eb859497f544;CO_cbbe2e41fff1a2f04968;CO_d2233873d8a12cffcd8e;CO_d364771e6b6053d4be42;CO_d5a7ba70a40e84ffe2d0;CO_d6da8b1e3b2432e1043b;CO_d7ccad3f6bbcb9a9eeb3;CO_da9570a2a77104e59f01;CO_dac53c17c250fd4d4d81;CO_dd79b9e0625ed7abaedb;CO_de84d3bd066cfe3bd5ab;CO_dfaafbab1ab91c643d38;CO_e3f6efd766b608a68792;CO_e8322f8887bb25b3fcb0;CO_ea922a90231c69381bd9;CO_fc24de346f68bfbd443d;CO_ff47c607f523998d1dc9;CO_ffc3b91c3744d275e99f,VO_8108ac99f980f0dcf458,1,,,False
PE_0d069e1b4f6cd76df6ac,2017,6,2,MT,2017-09-07,unique_genuine_volume_observation_date,2017-09-07,1,CO_0788979fc9366e21cd56;CO_0929b60950cb33cc0a97;CO_0b9d43fe54c76c0e5484;CO_0f38901778dd701146bb;CO_21872bbd9f73229aeb3f;CO_2f740492044a5a10ec52;CO_3f3523ac168330e6b429;CO_423d73e3f18c3861f361;CO_459ef54b95078ec14162;CO_48ccfd09d04c36762f6b;CO_49be3d65743da57ff842;CO_5010c493958a86e59cdc;CO_54a97c7ad53ed29cab5a;CO_69d9200c309f5f97567d;CO_7a00c776e0af1135c9b8;CO_86566ae14b5da333a4fc;CO_8c40a6d264e529987be3;CO_8e6aee9efac8086ebac5;CO_9a7edf0ca05b24094c2e;CO_a13df1211cf4c38cdb7a;CO_b30bb16071db22210dc0;CO_b5887bceb66fbcc32068;CO_c9cb935a58ae47db4f8e;CO_e19e28fddd88e70970f8;CO_e7f4697146eb9af469a5;CO_eb0d2bc9f8cff3b74a6e;CO_fb3e6fee9571ed193afb;CO_fcd9726a984e8a0e1b2f,VO_32b9e8c4049152e82b8f,1,,,False
PE_0d403a1dbd25bf378957,2012,7,2,CT,2012-08-01,unique_genuine_volume_observation_date,2012-08-01,1,CO_274897360371d52c0d6f;CO_348f713db93c9a395e3e;CO_5db7fa704b475a15b922;CO_7ab34aef55090a3a7870;CO_823de0ea3549df11fe0a;CO_87ba97ed9475401ceef4;CO_972356a4c7c6ec11c81f;CO_b746356b9c2afdce9619;CO_cd185509429cd1b10768;CO_d20fdf0c14354aad8439;CO_f369cb89fc627e668987;CO_f36e412aea00d7c622f3;CO_f72ec490c51635ddbfad;CO_ff9d27a58b7bc55adad6,VO_e10b74e7dc66a67337f3,1,,,False
PE_0db94b33091790ae448c,2017,3,1,CT,2017-07-20,unique_genuine_volume_observation_date,2017-07-20,1,CO_0351a84be4abb9c01ccb;CO_0ab77c56eece2d243991;CO_0b32349742d84d059920;CO_13990937ab8ca4413751;CO_142a0115209db40e9f35;CO_156091ee0884f36de983;CO_181d0c8829a8149391f3;CO_38986fc1ce5e4b15bfc1;CO_3fd388b5f0aea188259f;CO_50a79d36411d6da494da;CO_58a7d409a1cfe01f7e5a;CO_62abc4bd66be5ab27f8c;CO_6e73a9ee394de721f40c;CO_70d0c93f75ab1367ff64;CO_724621df41017c042e57;CO_72f721d2f1fa58d73ece;CO_7385e90f8a1869d80bb7;CO_74bbcf773c82f8b9b1a4;CO_84431d566e76f0fd884a;CO_852c2385523292935a83;CO_88111a7f4d4fbcbe44c2;CO_88a96b29114a618de4f7;CO_8cd110accd359cbd1cba;CO_8d1ede4f889e0ed6f082;CO_934255a2493ce28661fb;CO_9625b0d86d2d7e9854b7;CO_9a2e89d3870fe4384fbc;CO_9c8835f86bf6a4da5485;CO_9f2ca3ad31656671b9e0;CO_a7d0415f9c3d366bc4ab;CO_aae02129362d611717b6;CO_ae705b6c2f40c6668a32;CO_b163e13faf6026047a8d;CO_c40b15ca508f04649d16;CO_ca0a39458de3f0633852;CO_cca6e68ea176f1ea0778;CO_d96691adc1075ab25279;CO_da4bb298d82e8b0c1cde;CO_ea2db9f92dc6cc9f4a7b;CO_fb44b1f22339735e9ef2;CO_fbc2df761a47f935597a;CO_fc1dfc78cff1d3ebdeb7,VO_3fa5a2cb1591a6b552bd,1,,,False
PE_0e378dd2a91d7df1a7a9,2015,1,1,MT,2015-07-06,unique_genuine_volume_observation_date,2015-07-06,1,CO_0673c84a150ae556f1a4;CO_088ba1fb63cf90fc136f;CO_1c8c47becf333f1a2e51;CO_1cfafff6d51a03662b85;CO_2560766fc02b427a01dd;CO_2725d2bcfac13cc02f04;CO_43974ed74066b207c30f;CO_50123d2a093ca2b5fb67;CO_619bec8e4d338bcbd823;CO_6b61e611d25ec81e8349;CO_712dca40936b39ce670d;CO_81cb2c83cfca1e0f3af8;CO_83e35ecb553ab49c80d1;CO_98b29bed80862956e3af;CO_a4348ab4a7bf5cd96845;CO_aa82088246685c17ebf1;CO_b5b3fa3f30c94d673bb2;CO_bcef63351f91b1217561;CO_c17edaae86e4016a583e;CO_c4876de490dcf38b74d6;CO_cccdcdb31e1727ba1852;CO_d188f8473c5322fd449f;CO_deb2676eeef1cf8fc35f;CO_e25a5ef7ae33ee0e289c;CO_e83de2a502258d43c744;CO_ea4bdbc1419b6c7aa491;CO_f35b618e1cc9f818e45c;CO_fbb0acfbee70d97921f1,VO_9520c2b48888769194df,1,,,False
PE_0e586fb82f46b37d94b4,2012,6,2,ST,2012-07-25,unique_genuine_volume_observation_date,2012-07-25,1,CO_136040f6ccedf6eee620;CO_4b188eae83f5f6670082;CO_7f2253d7e228b22a08bd;CO_80429974cd0114d96472;CO_83d7ce01060ca9e9dc54;CO_a8098d79d88f9c2dc5f8;CO_abe08cff3005dd778a66;CO_b35d537a9944098b6737;CO_b48b0e2e926c61831d08;CO_c7b96125d8bb1b5ac26f;CO_e6955a2c59dc90833986;CO_ecb2c5cd363bd77cf61e;CO_ed657e15507c34eef9cc;CO_f29baddbbdb6b7261ec2,VO_0010c7cab405f6468116,1,,,False
PE_0f0b8ef86caaf0f77083,2022,5,2,CT,2022-08-11,earliest_valid_date_multiple_or_no_genuine_volume_observations,2022-08-11,1,CO_033126ec8c297d22f517;CO_16cea6dfd98dc1f6269a;CO_1a5e8c1fe078454cb3b9;CO_1d10cfa4a998611c2364;CO_211e9689e1419f3f9bbd;CO_2c8125d3adc62dac73f3;CO_3082f0ff052f96d9de73;CO_30ffb3e02588ec95dbc9;CO_35fcdee9b9238f7ed41a;CO_3d4bda64141e315d7425;CO_3d6f5073a2d630a10b8c;CO_3f1bb7c0da3c01e685ed;CO_441d6c577100ae79a631;CO_455ae2dfc77dd77562c0;CO_50f666cf4a0029f4d1eb;CO_5208ac35cc63a8d7f65f;CO_65db06b543a510cc1c7d;CO_6af6b6d1a985ceb7381b;CO_78e73bb8808e7ab5bf02;CO_7ab949490e8124ea232a;CO_7b81eb727ed48055fa55;CO_7c9b3e0182d17e953609;CO_7f2378eb961c1bf3305e;CO_979d26d3a739d909d5a2;CO_9e12d26cd7b91b7cafe4;CO_9e7ff86f87e27d39bb32;CO_a7452d4e5f24e5a9623b;CO_ac216dbb3b7e01be2db1;CO_b4d61dc34f0d9ac24843;CO_b575e08871df5fe6e929;CO_c28bb74ebc73c7f1d96e;CO_d16896e31f1232b5782c;CO_d9eaebd61d95ed1680cc;CO_dc50a943253651056049;CO_dca7ee6e13502915ed52;CO_e5856c4e393088af7ca3;CO_e85cdd30a33c8fbee538;CO_f14196515232982b1b1f;CO_f2314279a0671becf7da;CO_f4067a1ea3ebdcfe40ba;CO_fd73adcf9d4eaa942c80;CO_fe4f4f270df95e1b05dc,,0,,,False
PE_0f2c1b5db3c1949d1f74,2014,3,1,CT,2014-08-04,unique_genuine_volume_observation_date,2014-08-04,1,CO_00ad7e2e78ec717c59e1;CO_0a7a72c5210399d0f0c4;CO_1383de129b467708c8cf;CO_15e31b3be635a6d32fa3;CO_1c93ae17f4247029b0e9;CO_1d85f131789d99f628fe;CO_20c4373a54558e54a5a8;CO_214538a798d46607ed8c;CO_21694999947ce99bd5c9;CO_23c8e3a71e032ab8a5ff;CO_27335c6f0f67cb71eb11;CO_2cde073b39dd6bb110a2;CO_2e7dff63ee8d91977d95;CO_2f9d1a14730e7be4a0c2;CO_2fc856ac34e66d161a19;CO_307fbf6a9dce8cfea50a;CO_327ec29056cc47c24bf9;CO_3437133c7ccf528cba8e;CO_3c868952e32d59bb42d0;CO_3f9807cb9ae9fb6c3094;CO_515bb44a00097ac13d8b;CO_535671ab714ab8ec1033;CO_55635dfb6830783b5a0d;CO_5f2887164b170f413d24;CO_63a7db0259ce35e50eb0;CO_6fcec2476061e72b2527;CO_73d3f1ba062585bce51f;CO_752131c1f2299ffbbffc;CO_768cc61d9554895f5711;CO_79ae5bcd32198b7ed0ec;CO_7cbc1f697e71f94e5e48;CO_858a794b9a1df6e2fa1e;CO_889e2fc00981675edd47;CO_8913c98771e4e01b01bf;CO_8d7daebcedc86c90dd1d;CO_93edf7f031bf6bffa96f;CO_a1bb364ad3761439e833;CO_a2691968bc4ee4788118;CO_a890f7511cd3bf8a717a;CO_b1696e9ea0a53ef226c9;CO_bc52dd634277c4a34a2d;CO_c81b352b270b2e498256;CO_c8bcad7f2864e0f66e4f;CO_cb633ac0a288ee6a2ea8;CO_cbf5b952d35472312570;CO_cf2e8ef59ca7a4e4388a;CO_cffb6b39358c0afda0d9;CO_d6882ad218ce73f74cb4;CO_dd097ec6b5fbd1ceb277;CO_e0f05da93a0f5a86a3be;CO_e98e59e931d56df4cd3b;CO_efdcf5044edcc6519ebb;CO_f1268e501bb8fe4e89f6;CO_f1ccb771fbc21b9b204a;CO_fa9b1cc5d156de5b6ebd;CO_fc3d5c4b13c703ba5e60,VO_df7984040ed81c26911d,1,,,False
PE_0f6804c5fdc4da7fb4f7,2014,1,2,CT,2014-07-02,unique_genuine_volume_observation_date,2014-07-02,1,CO_056ee8789a67ffe69208;CO_05ada863a4cf9660fd8c;CO_070c9d5ce367145768c1;CO_0dc5713ce820f08291d1;CO_118eb258575d890c19cc;CO_16e18ac98844452e0eba;CO_1cc20d3f2c46bc270855;CO_2635a139a304654a9a24;CO_31c784955084f7758276;CO_3b32bab39d4e9afec33d;CO_3d1564d42499a59ea054;CO_41d8b7ac74d6acaf3cd7;CO_47163efa2c52f01abb40;CO_4925f6ff387cfd19364b;CO_492f7ebf1e3a1b995d4d;CO_50e4bb852ff2023ef910;CO_5498901f83fb7f17767a;CO_5675b0f0b189fe721e80;CO_5edd6b7ba99be850ab24;CO_66945e57b10928a14f59;CO_6a12e2114a4de821c82b;CO_70002fc6306e41f54790;CO_706ebbff90f10f501798;CO_744cb589264c96306fff;CO_77c929f89b86b56345c2;CO_7ef4a0408b07a66eee6d;CO_8833ec27c2d477f05ce8;CO_8aad0ad8621a729bfba3;CO_8c285e204e44251d9ed4;CO_8e612bd1f5d132a33957;CO_8e950708da835865f177;CO_905daf4b6cccc7221906;CO_9482869c9d6bd5870229;CO_9ae2bdd7beedc2e766c6;CO_9c19f29d0e6fefa21eec;CO_9e3185c100914a2846bb;CO_a1defa0ee34a2a898102;CO_a3741d12adac17716b60;CO_a86656c677dcfeb4154a;CO_aabe8732aabad9a7ec7c;CO_b32523d903bfe2355dca;CO_b632d4aafc415a975885;CO_b67e21816864c4f6a0b5;CO_b81d00e65f747a4161b5;CO_ba81b79f5640e1833df8;CO_c91f2aacaef9527a8ac0;CO_ccf5182d7b4471592dee;CO_d0a8a882c042eea09d56;CO_d8fa9bccaa1282c13d57;CO_d96e16834162dac297ce;CO_de4fdd7955b044bf6ede;CO_e8ee489ad4fd20840502;CO_eb3d9dac46073924cffb;CO_ec2e990b934dde55cb87;CO_ec98fb8da41fa834a16c;CO_f23ab45f058247a08e92,VO_75a5e3937e5c7a0b0b64,1,,,False
PE_0fa9147237bf4b348c9f,2023,S2,1,ST,2023-08-06,earliest_valid_date_multiple_or_no_genuine_volume_observations,2023-08-06,1,CO_03623dfee9d59d37ce78;CO_0b6632be5e33ac5bdbe9;CO_24fb08806f0d70cba917;CO_26c6954bc8571ca570c8;CO_33f6e97754dc09f765da;CO_4420d11fa9155d1d721f;CO_468344ce1f2e74f3f523;CO_4e67c080014aa6295aa3;CO_7078c7f8564ee0300ee3;CO_98e305f0caccf1d01421;CO_be7f6c8cfdd47955177c;CO_c2a181d8178a9f753b01;CO_f443a4be8be4b9f7d354;CO_f6c6cdf729b18785ffd1,,0,,,False
PE_10a82e2f3d5ad96163d0,2021,4,2,MT,2021-08-13,earliest_valid_date_multiple_or_no_genuine_volume_observations,2021-08-13,1,CO_04e729a9c402868a8c43;CO_195b3da8ec05fef266e3;CO_20b9d386745cd904dfc7;CO_22fc91dc876c50db64ef;CO_2e3ed35f801fbf17f0c9;CO_422169ef5aa182fecca7;CO_44ab142b5171cd63db89;CO_4771bef2c04a34b548b7;CO_5c92d55ecbfdc0dc7a89;CO_64d6a57a62aa88215be6;CO_85d9ac31caaef8f99847;CO_8ec5f9f24992404000f7;CO_94df01a694343bc37450;CO_aa32dcc196cd2d7ce409;CO_ad35e7efe14a98ba8d64;CO_ae6ce4a7288056e4f2df;CO_b019b5be015f8722687f;CO_b2b786f78ddba19e363c;CO_c0c604c908e42cb3801f;CO_cb04731fd8d43512738b;CO_cbd3dec75126abd7bf25;CO_cdcaf888b551e74fe7c4;CO_ceda763e2a0cb36d4f05;CO_d3b6979c85eff48615d5;CO_d4b9aead1dd10a596542;CO_e63156acc498d60965a4;CO_ed657c71e79ac233fa9f;CO_f75e0ef3889a2489f049,,0,,,False
PE_113a8b8781b7a42b7a0c,2013,4,2,MT,2013-07-31,earliest_valid_date_multiple_or_no_genuine_volume_observations,2013-07-31,1,CO_289627937fddd871e25b;CO_35eaa6c84916d934f103;CO_3893589f42821814bb4f;CO_449dffe9ab5e39244ebb;CO_4921cf8ce359412f33fa;CO_5cb81331bb12d0a7e43a;CO_79f0a467d1be7b57d723;CO_84c5a61b5e98b38c1016;CO_85daaf6f7055cd573628;CO_9efd1fabf7d5b61a6b43;CO_b5bba040290ced81acc6;CO_bb551a7a1524e2effeb1;CO_ee932b02fc14995ab108;CO_f15a3a5d34619f23d79d,,0,,,False
PE_1286406ef8d51ffa7b89,2017,6,2,CT,2017-09-07,unique_genuine_volume_observation_date,2017-09-07,1,CO_0cd81aeacd0db0bee737;CO_0cea3d4cd5943a7a7eed;CO_19dd924fa9064e12fac3;CO_1ceac49dd4774d0fded8;CO_343ce8f5350afa2eca31;CO_3f584eba5ee0bc275eee;CO_43eb64f59e486941b18a;CO_44175460886bd8890f2d;CO_44db4e7dd7d675378fce;CO_458035f81320db64e7c6;CO_4e47eb5525df25f94da7;CO_576a0f27a454c4750b78;CO_600b4cdf20cc06a7b5a5;CO_770c3cbf77615a1d94f8;CO_7adf4b9bbdd69d3cc52c;CO_826958d9ae5a86054752;CO_8f315a75230216edb579;CO_a05b04612816ce4c083b;CO_b26f2fdfb616af630fb3;CO_b3259e046dfaf664d462;CO_b43ae271bf91e82ce252;CO_b777f0d29a0ba4ce6cc6;CO_cf878cbcfed31d52f720;CO_cfe35c9e498096d4463c;CO_d3911d52eb8352031164;CO_e5ce886c0b0869006dc9;CO_ed46f81f54d1ac6c2586;CO_f1536c4f21435d255b23,VO_0a007883bbdaf3906735,1,,,False
PE_12cbc4a228ce581574f5,2013,6,1,MT,2013-08-19,unique_genuine_volume_observation_date,2013-08-19,1,CO_015e81eddfab44be16ac;CO_04a3f8e2566e0ef5b107;CO_1019bdc854ba04edea74;CO_1d4f494a87064d8f179d;CO_2c6b7bf2a4ef2fc87ce9;CO_33146a8d9da7e0392672;CO_81abac0d19c8634401f8;CO_8de143c7e8ffc2a50d49;CO_922c7954216ccfe7a61d;CO_9d2b685f54797ea2486a;CO_c29ee91a4bd5ffbe6e83;CO_c89b4e41f654eea7eb98;CO_dd7454c87e9e57737d97;CO_e9d00659d61a430945aa,VO_7c456ed650c095a0df8b,1,,,False
PE_13b97df6b79444e8e9e5,2011,5,1,MT,2011-08-18,earliest_valid_date_multiple_or_no_genuine_volume_observations,2011-08-18,1,CO_1142e030a0b5e72ff767;CO_1fc0d3390fc0c9956d5c;CO_284c8d9831e1ac59c0cb;CO_35ca46713cea7233ec95;CO_8301d2c253bbf4f957ac;CO_8da5c2f12762cfb7c7eb;CO_9419f662cc15249d955c;CO_a6f99abe2d52a509eb86;CO_b7a56873cd771f2c446d;CO_be6eafb216bacf99327e;CO_c6d34483cedd0b1069ec;CO_df4eefec6027117364b8;CO_e4ef2cbd84c9acfc40e5;CO_fea03f0b0237ebd3578b,,0,,,False
PE_14298b67e71efd6380df,2022,2,1,MT,2022-06-29,earliest_valid_date_multiple_or_no_genuine_volume_observations,2022-06-29,1,CO_0749f7fb393fbb5cf858;CO_0beca2a0d29301bbb024;CO_0eda4ce03032469f5edc;CO_1525fde2b1325b33d46b;CO_1559ee264f78d30713ca;CO_17ee10213d9ba6b565cd;CO_19d62f0f54e0697f2532;CO_1be8c0f146e05ecac000;CO_2a7c0b825cb320c0c8f8;CO_2e0483eb1960f920055a;CO_322ac9c5f39fcb8a5cf2;CO_3810958e93e85a27a26b;CO_41e32284df1a73272655;CO_421c0a7b6d0ee1c34e3d;CO_425ab9e9e0aa2213b4c3;CO_4463e85b98d895a10b85;CO_470ece82662f34902283;CO_4d2e06ce775265ce13d5;CO_59d53da68015555c385f;CO_6115efdafb4cca0d7098;CO_62bfa285013f08807d39;CO_687b0d44610f620aad67;CO_6c3ce93e968038847f55;CO_6eef362598bc0d76139d;CO_700b26f153a3a683211e;CO_76c6b1efb701142862e9;CO_8b87536f8a2b8b843e65;CO_956e3a30aa831cf4c650;CO_9bef177e56e347483743;CO_a8caa602fb66f78027e2;CO_ac98dd8332b72e8742a8;CO_add6df0e67e05c877755;CO_b2cc86ae48fd3b877533;CO_b640605c8261293e04bc;CO_c260c3bbf884e315f715;CO_d262a0088936854688ed;CO_d695b0cd8473bb06f4fc;CO_da8994b4f9c29c4080be;CO_dc7124d2fedfee4f3403;CO_e3633acac5e755d08dcf;CO_eebbdc92721cc78c88fb;CO_fd69b53f644e0e39b94d,,0,,,False
PE_1486d363f9b911e8c7c4,2013,3,1,CT,2013-07-11,unique_genuine_volume_observation_date,2013-07-11,1,CO_0aef7080e0ce1621f216;CO_218f10d8e0fdaec1418c;CO_2c91e42c2d93d08a32e0;CO_320c5542a26878f0b602;CO_53f4041ba0cc8ed13c5a;CO_563c9ff2c49c63b02474;CO_65cd1264927aa198c55f;CO_6b724a6630ccac9ac84a;CO_9537f32ec7599e1ae953;CO_aadce6517555d30fa48c;CO_bcbfc6e16423f8b2efb1;CO_d511bd8f046faae8a844;CO_f0936a4c96e1cd88ee48;CO_fd20ba41710196a299f9,VO_833ed9ee33f5bf27cd8e,1,,,False
PE_15badc81229f832de396,2012,10,2,ST,2012-08-31,unique_genuine_volume_observation_date,2012-08-31,1,CO_012b946b1029081bf552;CO_1cfc0e728d7d533b9f7d;CO_2a3d4a80aa7481df2d65;CO_6cbb65e4607f0fee68a9;CO_7fe5e0f74493ef587423;CO_95cd55a08482d477a0f8;CO_97688e72b62d849d88a9;CO_9a20ae78840d1a444686;CO_ad48ff99415b2f007dc3;CO_ba486058e227d657f7e5;CO_cf37929bb8c28abadd0d;CO_ecd8e4da8db957686847;CO_f7e11a1e5d02cf8550bb;CO_fbb22a49317871156565,VO_f616f036ac17f6a01fd9,1,,,False
PE_15c01ebd332fd5d41b39,2012,9,2,CT,2012-08-20,unique_genuine_volume_observation_date,2012-08-20,1,CO_0c98f95c5d88709f4e52;CO_433c2b549d556f185c07;CO_4aff907ef4a6d2c2d2d4;CO_4e7943305ece4d840c3a;CO_5a47a282f37b28bb5423;CO_5c29bb6d691728a1addd;CO_63ccce1a850e0d54e51c;CO_7a84a9b5bf05133e958a;CO_7c6cb0b8e3dce46864d5;CO_9646f275f10ae73f70fa;CO_a005183f6cee41ef1d90;CO_bdd2d3af3a5a1213497d;CO_c18a8ad752fb7e649161;CO_e0b08ad65f5b6f6b75d1,VO_dd0dc745cbdf5a0b888f,1,,,False
PE_15c76299e8dbf45908ff,2020,5,2,ST,2020-08-03,earliest_valid_date_multiple_or_no_genuine_volume_observations,2020-08-03,1,CO_0e70a832cb7a415716c3;CO_2b95ef22133c74d22373;CO_2ca0ae59a3e076dbce19;CO_309e5afc96512f8fe84e;CO_408a880c854efce7b187;CO_40ab9a2163d1791e7648;CO_4a30a219a9d7663fdd35;CO_4e27404e0027f566317a;CO_4e3857b07318ddefaacb;CO_50f3c08f085ad1497363;CO_76fbcd7c7892e6c5a126;CO_96c832c65106349f8288;CO_bd118e7b9245a2a7f66d;CO_c649b15e769148e6b199,,0,,,False
PE_1607bd85c5b858754283,2023,2,2,CT,2023-08-16,unique_genuine_volume_observation_date,2023-08-16,1,CO_03104caedbe6126afd7c;CO_0df366aed5180fd4400f;CO_0f3c56b81d4abc681cd3;CO_1b11977658dd8b9823ab;CO_1eef748f055a34585f37;CO_20bc9a3dbbc8e2f1e83c;CO_24f838b44987f5e4d343;CO_2dc3f48b3ee8d4b534f1;CO_3052c83f1a40e0c48bce;CO_33d1b80a149c66dd3e9b;CO_3d4ba0dbe63a11bc53e7;CO_4099ed5ba70aebc5a9dc;CO_41aaa0c32d18e1c17163;CO_4567f6e4059f4e6d795b;CO_47a427797f196bee6363;CO_537bea80a814fc325234;CO_53dc7a5135e96bcb2ce6;CO_5765f24af422353ce538;CO_650db83e3effd30736ff;CO_661edc0299e0ea111e30;CO_66589a14ca0f7e3542cf;CO_6f575fdd10c9b07e4ed4;CO_75b7e93345040b10fe31;CO_7bd100e93e91cbee0263;CO_7dfca4be5858c0a14c3e;CO_7eadb7d2fe96d41f287a;CO_86ab8cbe5869bd1f9c70;CO_8b80f49ec2822cb3cdbe;CO_8f7f63fd3b611035f1aa;CO_9b33321408c0602e2504;CO_9b5173ba93decd311f89;CO_9c83df45cdcd8853feaf;CO_9ea3451c3a250d022319;CO_9f18742a23f9c40c9890;CO_a24a6dd3d30dc6b15f3e;CO_a258d292235a3f81dddd;CO_a3c8e75f74a94e44cd1f;CO_a3ee76bc34cc901c001c;CO_a5bb4657a9b5316ba897;CO_a8cee66e4788af8b8559;CO_abf24b75a1ed977cffdc;CO_aced70051e58a8841d88;CO_af3b1cab44d0b462e07b;CO_bd54ada8575526cdb3df;CO_c39cb2c540b601f11e52;CO_c8b586101e25a9d10caa;CO_cc5ccfce8c22d7543e7b;CO_d2675c478d2ce4c97607;CO_d5af7070c1c2702a102d;CO_d9521266ec778d833335;CO_dda106a2f4e910d11cfa;CO_e149ab1b2454341084d7;CO_e51898fad5ebb4ed91b6;CO_ee2aff0f5389cabab748;CO_f995661f2a2afa322a1e;CO_fa16615f996c873f12b1,VO_a7d54c9217b5610b2648,1,,,False
PE_164e2c6f0b39eec70d00,2012,2,1,ST,2012-06-03,unique_genuine_volume_observation_date,2012-06-03,1,CO_be9deda60cc4b7cfdc2f;CO_fdd97d72f414cbb596ac,VO_7d711e3db25a0d72baed,1,,,False
PE_166bc984fea383507df7,2020,2,1,CT,2020-07-06,earliest_valid_date_multiple_or_no_genuine_volume_observations,2020-07-06,1,CO_05e76bca9c03255985b5;CO_0638892504a19119438d;CO_0a65f652bf205c0978b5;CO_0f1d5b7f2da99ff77752;CO_2097c3141994a260ab24;CO_21b65e4555259f84b5df;CO_31dd0e98c159c45be132;CO_3bd8c9090458a32ffcdc;CO_44e081556e1ae4a2bfed;CO_47893926b27c0e5505c7;CO_4dc4e583a1ec69c4fc71;CO_5c178412df44ab92fbf5;CO_5cadc087c21ab8db4db1;CO_70c023a77b3abc66277f;CO_8111eb1556229541d7d2;CO_864a936a35324151e1c7;CO_8d7c658f9476ff2c201e;CO_931cf9e44e8af2433f54;CO_b88ced2dde664e5a7a6b;CO_c3c86bd1c7ef2a59f3ca;CO_d1e65960bc1d29af1773;CO_d31fd82522aa23afef52;CO_de387b6003a232a78dd5;CO_de7d5e6247fb643608b4;CO_ea85b0d61253e1033eab;CO_ebf704b30372244d7b32;CO_f78148d0845cc5bff50d;CO_fc72c98a6c2916c1bbf9,,0,,,False
PE_16ac905814be2f1ac791,2021,6,2,ST,2021-09-10,earliest_valid_date_multiple_or_no_genuine_volume_observations,2021-09-10,1,CO_0a5c81430ef4b9a449c4;CO_0c957eac7ed9468d27b0;CO_0f0c8d4b9faaa5b1f2f5;CO_105b1d1853beed43cae5;CO_17674574828520aa5f24;CO_2016c50216de46531f14;CO_2bf44493d5827329211a;CO_2dc585881693504848a8;CO_328c58f0f1726122097e;CO_3d70fd14f3cc30150754;CO_411922c1ae8248b994a0;CO_4df45730f3876e6bbf05;CO_5ae3530b56654e1359a3;CO_5fbc314fb0b511345465;CO_6903260f1db7eaa21285;CO_7482283ef4f40ab79f45;CO_a3adef724ce899f5dac0;CO_adb019dcde61d092941e;CO_ae5ca0b50c33c0b9a0df;CO_c08a1a2684950b2e0cbf;CO_c333a75353784177f239;CO_cb7593a6adb4b6339f9b;CO_d4c999ae43633bd20361;CO_d5e922602cc2887ed58b;CO_da7fa6ef2049a8be605a;CO_dd8e8c8c9dae8978f122;CO_f4e39bf7f6794c0d6237;CO_f71cbfce4cd7b2678166,,0,,,False
PE_17730c5643d948b203ad,2012,8,1,CT,2012-08-08,unique_genuine_volume_observation_date,2012-08-08,1,CO_32f69e84d25d1c20a44c;CO_349c41201b62db851192;CO_4ac2b92481a3f06f0881;CO_6dd4f2758287be9f38e0;CO_8b833ace33df3b957c23;CO_9c7be863c0a75745a635;CO_a2a5b49bda546509b863;CO_a519d06078668edbce26;CO_c8ed3f94ccaf31a3519c;CO_d9eac2f7abefa8880431;CO_e9ef91d2836a3d6a880c;CO_f5d2825fffa0e81e50c6;CO_f765e6cd73e3b2d66929;CO_fc5101a7f55d71e23424,VO_e38f6551d062794da72f,1,,,False
PE_17f8630aaa6312f3912a,2023,5,2,CT,2023-09-26,unique_genuine_volume_observation_date,2023-09-26,1,CO_03314112b449d57cc9e5;CO_099f89c2020b0fec86ac;CO_0fcfb0d3bee2a790484b;CO_0fe999d3d53fe74d3ab9;CO_10716564f7bea47036ca;CO_15255f94f98f709cbe42;CO_19adc0c7af4b86c88418;CO_1aa10941c953b1997694;CO_1f37db922da1798a7238;CO_209eb5f20ab018ff6f1e;CO_240e8f428109187aea4d;CO_25616f4178f09f6e1560;CO_2ad70580843168ec91a4;CO_31a6549f9c475d94597d;CO_3355eafeb0bc524e62a7;CO_3ed19a69835acc321384;CO_43d244581aa23a744de9;CO_4dfdbfdcabdc5e78e582;CO_57a2c57b2fcf8fa7ce5d;CO_5933b0b35d5d3e9d1f53;CO_5a702680e39415f774a0;CO_5eacd59de90dd7d9933d;CO_5f62f7763695265fc5cb;CO_690b51acbaa9c5edc85f;CO_6a287a1078c0482b82ac;CO_6ccb9c0a293b1026ffaf;CO_702717575e3ffab1c12f;CO_703c45c818046eca0dd8;CO_796771e70b2274d6a0ba;CO_7fb754c0792cd52ea50c;CO_806dd8b68e1ca258fe01;CO_854c9a6ae8327b65e20b;CO_866c973cb5ecf4b1b0aa;CO_8fbfebe1f95548c3d48b;CO_923460afd903841a2136;CO_92450fa418085a6b07b5;CO_94ad0b5b0a595b7eaafe;CO_9532f197bbc85d99b5be;CO_95d4362bd3cd4315d0bb;CO_99c03a69af854ef58e89;CO_a0d0c52202da5926fe92;CO_a2f4daa4e96b656b0e8b;CO_a807c0dc0a5b5ea4a70b;CO_aa635a4c8a7084b3218a;CO_b4bbea966877bb0279f5;CO_c1cd03af85b2bde40a33;CO_c3ce295bd7f90c785385;CO_c522f84b7306102b5fb6;CO_c5752834adcb7f52bfbc;CO_cc56038328ffa43e9451;CO_cf8b02977fd0b64fa52f;CO_d0ab864a17dbd8a07dda;CO_e2dab25fae5d9647b2f1;CO_f538574df21f2e7aac75;CO_fc6177b04a212f55655a;CO_fdf2ed7d4efcd4a12207,VO_a465563a77b8e521d7b6,1,,,False
PE_18bc94a3d047891c182b,2013,3,2,ST,2013-07-12,unique_genuine_volume_observation_date,2013-07-12,1,CO_0376a3d5aeb3a4710fe2;CO_0d866ba9f9fd0f2cbb21;CO_13b7994fae9387c2e1b5;CO_363efe5e6d432007b770;CO_365f191de6d26eb99f1a;CO_50e1c23ce8bd77b1400f;CO_62a728b0b2cb8efb20f1;CO_6a6b038b18ec06f9db9b;CO_6a95bbab63d587b59639;CO_6c658ee83fb7e8124824;CO_8a21bc0d16513bf48dfc;CO_a65c76c44fd587a8acf4;CO_de74413100cf58e0bba8;CO_fc9fa296eaceb1a8cd63,VO_921e210f303bdc25f46e,1,,,False
PE_1959bad48333cbb7ac20,2011,3,1,MT,2011-07-28,unique_genuine_volume_observation_date,2011-07-28,1,CO_0841776bd9ba3b96aece;CO_17bc5504b14be3f22dda;CO_1e454f95d837060f56a8;CO_213fc33d8f2dbde32077;CO_3b5d379e599883e88a7b;CO_3d19e945ed5a25a399da;CO_3fdba35f04dc8c462986;CO_736e537f0f664a3d8208;CO_8e2937f1645ff833817d;CO_b60300641c365f1db9ce;CO_c003d78d30e3b0fe1dc8;CO_c03cd77a31b20f4ff4fb;CO_ce7e5e6863602b6e16fc;CO_e0e72896f2d07d134de6,VO_484674b3167db9f033e2,1,,,False
PE_1994b95c4c5d89d54441,2015,5,1,CT,2015-08-16,unique_genuine_volume_observation_date,2015-08-16,1,CO_04ad22d7630382dd5ece;CO_06b8f54c97830634ade1;CO_14063697603e22d600d3;CO_1b13011c30bd00eb0c56;CO_205e7b780de08f42eda9;CO_252620313f13dbc4880f;CO_3eebfbb8d746c2048dec;CO_44359e96d0690bf80893;CO_467db1d7f1458de4a8c8;CO_524f89401c3292b11c87;CO_61129c2b28ff3b01e81d;CO_62c1a1412c8251a532cf;CO_6962fee25443f8e23d74;CO_6bf79d7d0a4f78414c0c;CO_749fc650cacb0f065475;CO_764228040735fc9457b3;CO_9ad103f7c2c6212476e7;CO_9d551151d715267077b3;CO_9f1d68d37ee450345443;CO_a6266efa66a73664d6f5;CO_b2677d6af4ae1f799935;CO_bc141059a23f88896015;CO_bd2c9d62ce3903b52e80;CO_cb0baf00b13be62eafaf;CO_f1db6e1910603d9fe6a7;CO_f4c93868660b399edc5e;CO_f516cec15df8e1a5659d;CO_f5cfce137144b1443253,VO_5215893686b7c61276b6,1,,,False
PE_199b5b7c1aaa1098c691,2023,S1,1,MT,2023-08-01,earliest_valid_date_multiple_or_no_genuine_volume_observations,2023-08-01,1,CO_0092e9d662edc195fc01;CO_23765fc69c4e3c0b10f5;CO_30e4c02268d49ca010e3;CO_3deb322a10088c08d190;CO_43405dfb5c3fb7c22c86;CO_5dc5a105d4728d1d4424;CO_65df7a55f2ef2ed82611;CO_82371fcb54a9d364a9a7;CO_8c2fa65f4b955999bb46;CO_8db16de431030a87e4ca;CO_abe8457f1960b9907488;CO_bdf346e55a5fc0428e25;CO_f7cf83f3d4f3226fa25a;CO_f9a75ecb0e5e127ed691,,0,,,False
PE_1a4143d14585d70064a4,2021,2,2,ST,2021-07-09,unique_genuine_volume_observation_date,2021-07-09,1,CO_03340dc42c4919ce6019;CO_08ff39839627d6e1619e;CO_0e74f3e37a16c676bf3b;CO_227445a988500528d782;CO_272228055649002aa68a;CO_2d96b38deb1494266351;CO_2f57a2e309c463513b96;CO_36595d4ad208a649e6ed;CO_3cb864a9e3292c5416e2;CO_476b7e335e8400cd9e42;CO_4cad08c00f2b858677e0;CO_74b5dd48de461f7e1b11;CO_75ab3e0a8f99144f9c44;CO_9479bbab64308ce07891;CO_9c95695b470eb722bf70;CO_abf6c4227a94db45b60b;CO_b56b119bd13fd688d157;CO_baf23cd104498815cdb9;CO_c54868d1ae0617125c18;CO_cb93e6ff2f0fdaaa45a1;CO_cbd02d97b0731d88c78d;CO_d650f2881213742e5ee8;CO_e37d4b8af9e720ee28ad;CO_eb7015b56be919a2c96c;CO_f1325f904954535dbb68;CO_f6c5ef7b8ed9f007ca6b;CO_f99c5d347afe241c5917;CO_fd7aacebddf703f8ff43,VO_48d3736da7da569c8dea,1,,,False
PE_1a7d8cf14d5d7a84cc49,2012,1,2,ST,2012-05-16,unique_genuine_volume_observation_date,2012-05-16,1,CO_23b1275626411f3f2bfe,VO_cf7bf1f9b32a53560537,1,,,False
PE_1ad2a48558b8c9cdf0bb,2015,6,1,CT,2015-08-31,unique_genuine_volume_observation_date,2015-08-31,1,CO_04ad14d9946a767eeb88;CO_1395d0b76b56509da2cd;CO_142522997f0a1ec79df3;CO_23ca67ce89b12809fd1a;CO_24147bacb85282416ac0;CO_28c83f4635d193b3cf29;CO_474fb66b62ee34d4dfb3;CO_50e9a8665b62c8d68bcc;CO_56025eada03a061479ec;CO_5da237693b37e6ee1797;CO_6078ac56378064606fdd;CO_6230c4cfda01a5dc1143;CO_677c622c0bfb82c26d72;CO_67d1514f9bb64c1adcec;CO_7843013a79f1f88c96e1;CO_7d8614adad29514d631e;CO_8a915123f912f4560665;CO_8b8b029f1142f5cbc825;CO_9512d95d00d61bdec03d;CO_a8e8300d94b085dd8252;CO_b060a56e168e78ba5c15;CO_b0dd537a4543992d3b9f;CO_b44d45ebadd873d4fd81;CO_b6ddaf9562ee9221dcdb;CO_c626e3822191711fced5;CO_d34ac6357fc0df9c637f;CO_e7866fdc6672f827c76f;CO_f13f21602832553d73c2,VO_53556fe3be39b9c7ea26,1,,,False
PE_1bd1f8a68c1dc49b3965,2013,4,1,MT,2013-07-30,earliest_valid_date_multiple_or_no_genuine_volume_observations,2013-07-30,1,CO_115c08a62490bff35d24;CO_28dae7c8bde2f3ca608f;CO_38eac7e19be0c2827da8;CO_4023f322ac7a0e30e78e;CO_69645d32e668bade1aa7;CO_6b3a93f373385694e80f;CO_9a02893b80af2f4f6b91;CO_bd14620394b6083fbf73;CO_d211334f1aed999b776d;CO_d4505389511408ff8384;CO_d68e83f92ed9cc2086c9;CO_e66f404f78b6875bb24f;CO_ed3c9dc579bb8a9de33c;CO_f21f7f07576128df8ca0,,0,,,False
PE_1c61ae236bb189923470,2020,5,1,MT,2020-08-02,earliest_valid_date_multiple_or_no_genuine_volume_observations,2020-08-02,1,CO_02f3aaffd8d57cf51fe9;CO_03d7dbdfacdd891fbd43;CO_0e8b7a7f79b3098b0162;CO_18e2cd724415059fd868;CO_196499f197648f9eb37f;CO_1e5790d44c91a990669e;CO_2a49f9dfe69edb367bfa;CO_2ae7ffb0ec4d1bccf01b;CO_2ba2e6004fe52ef8895d;CO_30b18f57ac72d367e1ff;CO_3538a1ef2e113da64249;CO_502f2d22a8424ae4791e;CO_5ac526d152a60f7093d0;CO_62da5956da04fdedd0ff;CO_659a82509c1304698010;CO_679e7aaf2604ef1933a4;CO_6d05621ab7cb7b4fb796;CO_6fb4775fed7293b1da12;CO_741e92be1f58cf62a42b;CO_8293ec6079f758a8ccfc;CO_a7fb57bd513d9874df19;CO_b321511088edee31ea51;CO_c08bc05d83cd1dc144a0;CO_d9374fd55c21b719916e;CO_ebf29b81682824cacc19;CO_f103b68e6770b7a0a662;CO_f223bccd09b2dbe3f74e;CO_f632deda61b6eeacaefb,,0,,,False
PE_1d9fa89274a5507fb9c3,2016,2,1,MT,2016-06-19,unique_genuine_volume_observation_date,2016-06-19,1,CO_01d77b0b1bd2fecc8ddd;CO_08ca8b015675a5d4d4ab;CO_3254f2c0dfeb4146e520;CO_332beb86a33adc9c8fc4;CO_40d2273d85cf40f02a8c;CO_447512622f9767785e7d;CO_453fc8e8ed928121e245;CO_5837b4e1cfa199e65cf3;CO_5cf8851c40c563fb84e5;CO_5ec68887c118ee1b9f60;CO_6630264f7c6e30845736;CO_704c308726bba7728adb;CO_724a1f1f0a47ae0da4d2;CO_76653406942251edb556;CO_7f0a22117f8fe0172cf9;CO_921ef2382c003f7e4909;CO_9782db6027f5f3702570;CO_bb4d3bd125603e48cf30;CO_bdd9d74e8696901b0250;CO_c4e97dde2f7135678936;CO_cfb3b4e825d2c7581e9e;CO_d829f106d2f84dc172b7;CO_dafff407d7450f62b0dd;CO_e0047685602673409ca3;CO_efd96aedf377e20afd95;CO_f2bfa7ad3f3cfb230c4c;CO_f9bd7f602b256f32f8f8;CO_ff6745c8baae9a2a47b0,VO_62c25da5b46ba2f2e3f2,1,,,False
PE_1e64cd46783542f338bd,2018,2,1,MT,2018-07-09,earliest_valid_date_multiple_or_no_genuine_volume_observations,2018-07-09,1,CO_1385222d615f4fcc99cb;CO_374e64dee16fc54d9631;CO_3b65412af8181a18df09;CO_4da5623706ba2e896563;CO_5b9ccce4a61b723926e4;CO_64c212df34c66e6fe9fc;CO_8093e894cb1aecf6b742;CO_8975ffb6740f7afc0b00;CO_9189d4def691cd317d87;CO_95a10e2b95576e134613;CO_a1271642c26ded1a08fc;CO_e3a25987793d77c06d4a;CO_f3694bc0de590b341192;CO_fd6261b74d3085d504e6,,0,,,False
PE_1ebd3b89c1a1eb60037d,2018,5,2,MT,2018-09-23,earliest_valid_date_multiple_or_no_genuine_volume_observations,2018-09-23,1,CO_079415c05a4e0befa999;CO_0d0c9bc37ae955b26c8b;CO_26d228663f13a88592a1;CO_4d0c876fd1af1b91b9f3;CO_50b63c2ff16738e455da;CO_5a2f4c05d42066d5578a;CO_818a19fef7123cead0b3;CO_88a8b05b0a6492f5f0b4;CO_8d7842dbbaa5ece37d71;CO_c952daaa4f4d9cb82725;CO_d6c29d5bb1162b7b0a77;CO_d9be692ccf8f3781e0a6;CO_e91cb79d468ceb277e7f;CO_f7f9c17fabf5aec8cbe5,,0,,,False
PE_1ebff2d4e49b119d2aae,2014,5,1,ST,2014-09-09,earliest_valid_date_multiple_or_no_genuine_volume_observations,2014-09-09,1,CO_137c149a3ed18d3a0ff3;CO_1dfacb2ea5a03e0a9159;CO_24d994af87d3acae80ed;CO_2c17079b4da72e80c187;CO_33f31b6935c83c16583a;CO_44d830d5e0f701a258ab;CO_4f6a7e2f3eec64b32399;CO_6b0f184f14930ed2aab0;CO_7d515793de41f4a1e80c;CO_9ba1312f88ab4f0ae369;CO_a1336c6de4926f9e55ac;CO_c5563da47332359ad634;CO_f71d99526d2ec22ac340;CO_fd7d77de225b32549f1f,,0,,,False
PE_2000666922e9baf4491a,2025,5,2,ST,2025-08-19,earliest_valid_date_multiple_or_no_genuine_volume_observations,2025-08-19,1,CO_02abf8fa7d9c4db035df;CO_088b57037c4840b25f50;CO_0b7b472bfcb3dd30dc36;CO_0d9fb18c9aa347da29ec;CO_155ef8c3dcca4207adef;CO_16f38c9409d1652e79f9;CO_1e391c412e2ba945c127;CO_225e15bcc17ffce6f78c;CO_22ac6b28d2266deb5a45;CO_26a020fdeb929b63b99c;CO_285b71922aaa01d87048;CO_2c903ae837b047fdb539;CO_34df2d15ee3362965475;CO_3657e084d66c9a0b4171;CO_398f884775d40f722bd3;CO_3b4f36d0ce9a1278e121;CO_423460bac56d92330644;CO_429711e69fb731f0b069;CO_562ead910726044cb133;CO_5bb099f3af14b77eb01a;CO_64a73955962817350244;CO_6d193b90ef6cb2128eb6;CO_6d25a3c61295b556f84a;CO_744728d58a2434281afa;CO_7bccba2d3a3f262c4996;CO_7d7179c146d0d6af4ebd;CO_7f629c62b406f68b204b;CO_827cbae38add7e00c29c;CO_835f73e38b615d9b23e3;CO_85d9b36d618210208f16;CO_8daea85f35a1de82b18e;CO_8f496feec94eb1cee03d;CO_9008046591fc3c454f5a;CO_93617fe8e8b35100a931;CO_9430301e269274156e72;CO_97f2f9fe286a15e921dc;CO_9f7d97be4c6d7f202c65;CO_a75713aa4527d3f76d9b;CO_a96956b07821015f1718;CO_ace0a2197f2949398bf3;CO_adaec15ef2e59c8ee294;CO_b69f848f88fd851675a1;CO_b95ca3eac805e91f9074;CO_c6d75a1953366cdcc941;CO_c9619758061be36b1f99;CO_cb8176ea295ab2bc544c;CO_cdd0fd2863bc97914ea6;CO_d21753641f9e08316066;CO_d305006c273786c83fb0;CO_e27b048cee8c0f96c268;CO_e753559bf52404ed6877;CO_e8c5e943ad4fd9d115c2;CO_ef3eaba74dcc1c3e6536;CO_f1139f1ee9124175e32d;CO_f1a9fd225b5d2633d147;CO_f901969c60b315aa7640,VO_128e89041e662421c863;VO_466ecb8d02f1ba5e33cc,2,,,False
PE_20cdd4f089d2cb0bb73d,2017,3,1,ST,2017-07-20,unique_genuine_volume_observation_date,2017-07-20,1,CO_03eba3f969ad4d6dd4cb;CO_0eb8ffe9a0deae6567b0;CO_18177338c3669a1314d6;CO_1a07445d8dc4a4af0588;CO_36ac58bc96ad6e60c9b1;CO_38c02f46b57855590f8c;CO_3949ac1596ec77106a70;CO_42c092b2c29624e1d352;CO_44a9fe9520c513ea663d;CO_83405d2547c393a31461;CO_8869e759689a2f47482f;CO_88c821898c75be84224d;CO_926cc8165d099f794fb1;CO_936f6af81f1f8fd9318c;CO_95fc6cd8aeb992c4169c;CO_9d9c699441902026a098;CO_a1c8028fdb70d26a1936;CO_a2c2bc574f1171703f07;CO_a6e0f1a76758711ecc04;CO_a812c832adb8c843f1dd;CO_abe626ee86d32515c7b9;CO_b9606df4fbc2d7bb758e;CO_c3a35ec5c33633f2f521;CO_cf51156a5dc051a50aed;CO_dae0392f93b4c0fea31d;CO_e4fcb263b9232773dd57;CO_f10d91a7596bf5a67735;CO_fcf98959f8dea2e5b24f,VO_84e6433ce16960afeceb,1,,,False
PE_20fd7645e8886a1975a0,2017,5,2,CT,2017-08-22,unique_genuine_volume_observation_date,2017-08-22,1,CO_023998ba5a1bc02b6330;CO_0f13b329aacbaa4cedd4;CO_1bd3b51d29f0e9bb3927;CO_2845b5edd3c2b9778946;CO_2cdf8ea6075c80ecb3bd;CO_3ef0e858d31a3ada883f;CO_459535faa370a3b5f8b8;CO_4753e699ede615170936;CO_4f48212b2b4f5b7c919d;CO_672dab6ba726860cea2e;CO_6aa8f87972357d821f4e;CO_6c0b123ec6a6739341f0;CO_714e65ea2496fbf0e6bd;CO_757b6b66ed184438f537;CO_7a9eef519fceea1203e1;CO_8861a3ae97ede98c3bee;CO_8bb9da319780c0a64b8f;CO_8f92cad44e3342926625;CO_9062e072934c6ed36832;CO_98a561c5cb2feefffdb2;CO_9a72c24f2fd765617291;CO_9bbdfde8443f960008e0;CO_ae46bd6ed6ba612b2e71;CO_b43ec56948fb3f0ed9a8;CO_c6d6b2bf6044e53402d7;CO_d235f7a2c0be81ce0366;CO_e7303ad874c1009003d0;CO_fb5161f58913bc84ddcb,VO_9791b960e68ef08014cd,1,,,False
PE_214aa9017327a70f135f,2014,1,2,MT,2014-07-02,unique_genuine_volume_observation_date,2014-07-02,1,CO_043066daf2109523a749;CO_1a5845aa07abed421eef;CO_51e1424eeb5145600819;CO_620c9c332101a5bae955;CO_721a0012edc437bb3339;CO_762454f3d015bb258900;CO_c60bf32d32fdcfb02996;CO_ccc6742d528e7ca27cf3,VO_390ace07b19e4e2b2db1,1,,,False
PE_21dfe39111b133765d37,2021,3,2,CT,2021-07-30,earliest_valid_date_multiple_or_no_genuine_volume_observations,2021-07-30,1,CO_0ca11b9abe144b2c2ce9;CO_1173b00bed000d7a9dbc;CO_13848743748e003061d3;CO_2bdfe17b9632fe94190e;CO_2fffc4b65cb862bc9ad3;CO_31d77204192be71d7ded;CO_31d8edb99534fd480065;CO_3217efb0c7592918e229;CO_3b769fd26d07b8daae2f;CO_4b6ad8b8667572a206d0;CO_5b00a7bb92c1cb19aa7c;CO_603153b43d01f9f0e0aa;CO_6a42036d7846de911956;CO_73239c2f5cbc80a7ffec;CO_74e4aef283a7c8e93d39;CO_7b0559573c0ec70ca5e5;CO_8cd6cb7e1601eb5dcd0a;CO_9ab87114bfaf7f4171e3;CO_b891744668a95c0d15c9;CO_bf6d3ad86a892261d4f2;CO_c7bea9393329fce84a1a;CO_c9a70fe6cdbd19cc763c;CO_ca4812488ca6357f8d68;CO_cc53fd82eb6b3abb855e;CO_db3defda18fafc0c1977;CO_dd33533237c106c4b39b;CO_f138665c5aa660080145;CO_f5e9525f2a13593c9cee,,0,,,False
PE_21eb97240c4e244d59c9,2021,2,1,CT,2021-07-08,unique_genuine_volume_observation_date,2021-07-08,1,CO_0c4ac44319057095e814;CO_2542d2e97f798ab59ac6;CO_2c0fbbaee715645fd421;CO_2f3b1a647736218c52cd;CO_384feedbdb892b897931;CO_3b66ce5fb84c09be0e51;CO_4a081bff0bf93d06ee54;CO_51d089cdaf0c968c94b8;CO_59e1dc79a68166517770;CO_5bc1250104894191a821;CO_6b99c4e299729b67bb44;CO_7dd41e237b514a64cb40;CO_84b108a6ba22aa51effb;CO_8b9a9848e2551d6c07ad;CO_8cca04ee02b8915f60a6;CO_9b2bcad14d76c8c03198;CO_aab2ec504efcaee1e838;CO_b4e11d0ba1b45dfb4de7;CO_b4ece415deff514e517d;CO_c08d1b2dc3aea715edba;CO_c81d014242550f2e492e;CO_d7d8474fd3047e901a9e;CO_da10e028eaf70f19b67d;CO_ddfe0e8d462af661f81d;CO_e52522a505f68250e817;CO_eb122aa1fa89efad381c;CO_f038ba9c0704d9592982;CO_f4fc1ac61a9e62b9b0a8,VO_2710595c7316476cd256,1,,,False
PE_21ef5b6342274d9e3203,2023,2,1,CT,2023-08-16,unique_genuine_volume_observation_date,2023-08-16,1,CO_02e0b8ae6c85332bd400;CO_0820a89e4829167f31f3;CO_0910fe6004a94313c9f8;CO_0925b6de7ba8ac29b879;CO_102624ac0a714fa26aa0;CO_1074600eb3cf241c5749;CO_1e7f898d348376614dae;CO_1ef96e7e96be65f01958;CO_202fd26f14d638ccb409;CO_2086aa95003f19c850a9;CO_234666d765f4c0a26cf4;CO_2478b5cdde898af6ad0d;CO_2e5c812c18940d119d15;CO_34a221bb96e2e2a7662c;CO_3720b27e092c37e077ca;CO_4050734752b34be0a637;CO_40962624bfc236888ff8;CO_41907372481ad56f63ca;CO_501883ce12ba20f1a0de;CO_514cfacbe557df83c85c;CO_56c9a89118d0fd11b32f;CO_5a3d4457e7db434d8328;CO_5baabd2dc156de437217;CO_6082b82fe781668d21a1;CO_637d8afec1d31d073aaf;CO_6399e0405c8d608f7d92;CO_692c63b9d0341c0b088b;CO_72a10470cdb5bd5ed9e4;CO_73119072cebe1aaffb46;CO_74e31b3d3e493faf9965;CO_75f7313c20144e39edcf;CO_7af60c0b21a7708b7489;CO_81a3ddf9bff6d08a522b;CO_8644a3a445ab481304e5;CO_871c39835ef093344f55;CO_8b1b880d1dca4da7ce7a;CO_9467a0de94b769ceb394;CO_9779809223fd0717a79e;CO_9fbba4a59829746fbbcf;CO_a81ec31c9dbeee368809;CO_b0f59ce1e1fb622254cc;CO_b17da71d428ae46fc066;CO_b519d4ef719504d4c0ec;CO_b55184dec351ac66077c;CO_b92cde4fd147a13e7a97;CO_bd6486743ec2d65c68d5;CO_bdac9d9df34c25da5a26;CO_c0ba8851b06f5980a072;CO_c127fadbc2a29358f15b;CO_cb58074fd7620cd0ff47;CO_d0a1a4303127ab458c52;CO_e05c358682819538ec65;CO_e9eb42635859a7f0e131;CO_ea0bc52c79a937e2ee0d;CO_f4afeebf210ad891763f;CO_f60132f653c31c439ae8,VO_e198cb6d8cc8af50f9b2,1,,,False
PE_222b0b4beba254c530d7,2023,1,2,CT,2023-07-17,unique_genuine_volume_observation_date,2023-07-17,1,CO_091943436a6273fb6653;CO_0be057bbbdf7ad632950;CO_0e3c11fafad93e6cf504;CO_12387fae8391114de975;CO_18c5aebe805482cff608;CO_240571038c5050761742;CO_2e00b312b0a9681bef09;CO_2eed0e49a7d90d7febf1;CO_35c71bd7eaf4607047bb;CO_39db2c4c52e0739efd2b;CO_3a9707340d6981dc3175;CO_4dcd556f7a07c0c12fbe;CO_4f6ceab7942f9dece7e2;CO_52a6932d5af5316a815a;CO_5d386cc79266bbaaba86;CO_632fb68f9191e181745d;CO_66b4677986814887aef1;CO_6c80cf1e44d265f12435;CO_6d93bc61c73d0cfe257a;CO_701f3709edf2915b59e8;CO_77b108f25becb7b98010;CO_7cd788de2f5fa0134bd7;CO_7da68cc45299dc781392;CO_8010bffecf8c21aad81d;CO_8498cfe1c9718c28f19c;CO_872861322be4f22e7b79;CO_904959b9b6c7d15070ae;CO_9648df4e8d09993636b2;CO_9690463a9b39796b7f38;CO_9a560c41d2fc2cc245c9;CO_9b64184a1f128ce79407;CO_9fc7ef2c7100149c53ca;CO_a00104435d035e0fb483;CO_a00c249b224dde8430dd;CO_a54c24856447febd82e1;CO_a63219c6e95a8a191598;CO_a8202d59ca6f1ee9664f;CO_a93706e865c271f4741a;CO_af26d805b13b5a3b82a9;CO_b1de4f1b9271051097f1;CO_b8ba5925257ad206e5f7;CO_bb22552c613cd3d30888;CO_c211bfaf37edd35f533f;CO_c66bbe9d118f554bfdba;CO_cb813f8a7e81445d6b0f;CO_cbfb88946b86a506b3fe;CO_d0c5c22b36d950052001;CO_d536a8c1664fec0bc856;CO_d6758b15acedb7d494c0;CO_d705884aebb3235a1c81;CO_efc94490b8faab893f1e;CO_f01b8659742bf11386dd;CO_f52c1308a6e3dcaeb86e;CO_f69069b7a8d52371ad23;CO_f710d08f195d7c232846;CO_f83745bc2b36f8cf594b,VO_6ede9003c2a954d040c4,1,,,False
PE_22cf0a3e64c2027aae35,2023,S2,1,MT,2023-08-06,earliest_valid_date_multiple_or_no_genuine_volume_observations,2023-08-06,1,CO_08fbc24faea8e414e380;CO_2466282a77bb4222c609;CO_2fcb7918c598688296f9;CO_3420f6554809274949fa;CO_367461e6dd07bdb57342;CO_40178c2ab7994ecfb34f;CO_88552e1c2d4d53c98867;CO_8b7a686fc953486da253;CO_99d344d4dba211c90671;CO_9be87048f0913385e325;CO_d17fb680d39548d2719c;CO_f44e880825c750bbfe6c;CO_f51ca7d8afb731a90ad2;CO_fd50b2f619daa37d5f3c,,0,,,False
PE_230aa97120550e292bc7,2022,2,2,ST,2022-06-30,earliest_valid_date_multiple_or_no_genuine_volume_observations,2022-06-30,1,CO_06ddfc2283d42441bfd8;CO_0f646f2733d1fc31e303;CO_1b365a4dfc8a9d9d77b2;CO_34e5e3f5728f8c532dad;CO_3ab8cc4279536204be45;CO_3f9fadc2cc3a306e6bf7;CO_45553cb1d7ff20a12ab1;CO_5463a022c7ee77838165;CO_58cae918d90673522d3b;CO_5a026936ecb80476cc02;CO_5b758ad6083d819a61ba;CO_5fcb29b70065f434966d;CO_60f070e3393291d6f836;CO_632d9ec7cad4335d49e4;CO_68d1bf5ebb2ae4c6e1a5;CO_6d2d7450bcc1d3ddc80e;CO_75cab247bbee7e06c192;CO_78964ea28e651262ded2;CO_7a64ce427ce0ca963ce9;CO_8118ace068f81646b3c4;CO_888523b7ea75e23c5729;CO_9467ff7ac54c9f69438b;CO_a40826716c0301fb9c07;CO_a5af0d01fc7cca60e3d5;CO_b46d9a5ffd6812352725;CO_e6fcc0253ed7a328a10e;CO_fec006833ca7c4b0039c;CO_ff25d1fafa8afb1b2a66,,0,,,False
PE_2314eec6a45e0be9e203,2025,4,1,MT,2025-08-11,earliest_valid_date_multiple_or_no_genuine_volume_observations,2025-08-11,1,CO_01d32aa501849c896edd;CO_06ceef9715535b739e13;CO_078468f27b81b84b5e85;CO_10497e4cc7e905414332;CO_158fc5e6c7b35c4a427d;CO_172a70b37b7276c93238;CO_19f97769ca894113c365;CO_1f29cebdfed9a64c3afe;CO_28d0efc8e1848b4faf24;CO_2e59780b20bf651b3ff9;CO_2ec42bc1f3e672fc1cf7;CO_3050fd91b6c1b3b972e0;CO_354a29c28b8f14855a20;CO_373ec112d46d6c97560c;CO_43e8852bef636588d357;CO_463df1129095b96938f5;CO_4ad946c592baada24b46;CO_5447175c21a48400fb3b;CO_56a5ec9c037f29456ae0;CO_6932b332cb6f58b5d8aa;CO_6af93c03a005294bea52;CO_70e8d52a9b4616e72811;CO_75a98354e6532ce3209a;CO_75d0436e9f4750802086;CO_77f16846583961d1e1e4;CO_7b3ab93b0053442fd520;CO_7f217f6b6dc883a7f69a;CO_7fed43c640957555ddac;CO_8026c0fca20a68624bd6;CO_83f317efec40450fbf5f;CO_8742be22805397044be7;CO_87b619c933bde01d816f;CO_8eb23fb822ff0175c6ed;CO_91e1d1d06c87c4603cc5;CO_9553627933b214db6079;CO_9766638817ec53c323ba;CO_9bbd4ea987e28d968982;CO_9f91572d9d23f29b4dfd;CO_a306c73ff0f8e27bfdee;CO_a3fd525328a126f00205;CO_a5a0ba51af5bb80d4275;CO_a8899f6ce1203a6f46ce;CO_a96fe578bd6bfa165bbc;CO_b14efec7f9e602fcae89;CO_b8f2538fd49391fd751c;CO_bf972272dc9eaf9ee87c;CO_c492e2a3e4f6cc9c5b3a;CO_cc3405bb7c70db758b09;CO_cdf0e49e1b570f1314da;CO_cebaf002d886615dcfba;CO_d4638f6b09d8518770ac;CO_d8adfb796bd27cf4f968;CO_dbe1c25c8dd996957f6d;CO_df4865fca1f159162557;CO_e9767724c8454f3ccc1a;CO_ef32cc5c2b7c62093d3e,VO_7ad8664bb77fd279eace;VO_924f3508e2163248afa1,2,,,False
PE_23621b170748f0fc60c2,2023,4,2,MT,2023-09-20,unique_genuine_volume_observation_date,2023-09-20,1,CO_03b2146a66628c5d5fb5;CO_04b102996714e9d04e20;CO_0734290cb7d09209129d;CO_0b06d2ffebd5c025cf44;CO_0bd093ecb6874ea7141c;CO_0fef74db34bcd6ce38a3;CO_20d1d87c0dd1176ab634;CO_2213a8eb98f0b189b390;CO_238cf2329ea02f380b8c;CO_274dfec6e079fb08d6b5;CO_2759de08412cc63ccea1;CO_2acee0ce6421d1b64d86;CO_2c1f3f5f6523af84fde4;CO_367db0be8e658e95120d;CO_39687f105016f991f220;CO_4a2d50e1553586ea8ebe;CO_4b25f73aca982c5321a6;CO_4e14f5a91eda2b2875ea;CO_527ebf43ec3e2c83eea3;CO_54914a51b2acc92c70bf;CO_5987c08e62d18e3b299c;CO_5d81730c174ab8ceefc2;CO_5d85be4cc5af40a7cf2c;CO_6751fca908b38c66c5d7;CO_6b5f40c09215713a1fa8;CO_6fe25e440e5dbafefdcb;CO_720dd037736a8d89aa24;CO_78c8ccffe8267271062f;CO_7f4fdeb9266dd0798529;CO_85a915d17097bdeb601d;CO_8e51f474c273cc451d09;CO_a124d6a028bc9e5d326f;CO_a224e1753d555c4d18d5;CO_a4cc876b9c67d88537e9;CO_aaef01a50def20d8f474;CO_ab86fe44dea15e7a6b43;CO_ada89cd9e7907d7e5330;CO_b74b7e3fcb623d805dac;CO_bbb925608218d662fa6d;CO_bcaf44f4041e62e142d5;CO_bd26cc4a8eba357c51e8;CO_c230d0219f4055ea6c4b;CO_c8285074e21d37cfe425;CO_d3e1af605cc84c4bf7da;CO_d56bfd9fb8cac84798da;CO_d72a11d264e746464ed4;CO_d982309a461bcc3abc15;CO_df5b14c4702811e97356;CO_e0058e47da8c0ae9152f;CO_e18fe13db69f094da76d;CO_e9c649d518df1e384f4c;CO_ea52aa5790c19a98a922;CO_eb0858d456cbaf899fb9;CO_fa6437e646eabcd1a575;CO_fbc1f6898b3fd1d2d806;CO_fc70db0a12d574a3a3b2,VO_0871687e0e442d483f70,1,,,False
PE_23fdec9b5d2f5aa45a05,2011,5,1,ST,2011-08-18,unique_genuine_volume_observation_date,2011-08-18,1,CO_04bc422f7fcb09b2c6e3;CO_1b5a245cf57900a28618;CO_1e3803e3f3e1f286d894;CO_4251e5d3e550c3bb8e67;CO_467a72541286416175be;CO_4a1233956c391eb0dd08;CO_544d3f9c0cff360c2091;CO_5f9c4ab08cac7457e911;CO_5fe5e6705a4e72feb363;CO_86398e14cd5311a002b3;CO_96be21608a6aa9d2424e;CO_c96d630ec3a16ba4748b;CO_fa35076ac94b61de1d97;CO_fd65ddd3504ba0bea2d1,VO_8929a2fa1d028ad95dc4,1,,,False
PE_245bc6dafec7fe277df3,2016,2,1,ST,2016-06-19,unique_genuine_volume_observation_date,2016-06-19,1,CO_01b23136ea7f9f8b9e72;CO_120e52d7b556d767ec36;CO_137ff590f6f44fab155a;CO_17cbdff9420ba9055042;CO_27e1615212f3c6ea846e;CO_384c96b545513a15112f;CO_3dccb562e3d5cc4f8a0d;CO_425d61997bf9249a378f;CO_44b3b570af8632106861;CO_4bc3e7387bd3e8cc2180;CO_516db3bfe272e39f7334;CO_54409a01733cb9ff29e4;CO_6879547fb139e734e775;CO_6fef307f9c8a3fb0ad69;CO_71a1c003a2b855d85582;CO_760ba124c2673b5d47d1;CO_7bffd6c03696e17b9ef2;CO_9877e1af96b89597731d;CO_9caa05aeaaaf486bd3f6;CO_b4aae044ca25626d203d;CO_b72fdb72edcf6af9136f;CO_cd2d7b379cbdcdfd8260;CO_e6500e190353ea26a654;CO_e92b026fad930ee064d8;CO_edc960fe2e992d1dbd0c;CO_f37fea625faea7310393;CO_f4707bd71b28e638dc2c;CO_f74f3ce27d3b8b56f092,VO_ca6afe26e50b421c32ec,1,,,False
PE_248493668060338e72e6,2023,1,1,MT,2023-07-17,unique_genuine_volume_observation_date,2023-07-17,1,CO_05d71853e0f1b20f35a5;CO_09ee25f7d5d1cabff419;CO_0b67506c5e6130a67fdd;CO_0fb64c260d4732b5a4dc;CO_1706be6c293444756e72;CO_1a67e085c67b211d4d8b;CO_1c8dd579b002eb64d38b;CO_231c10e69d1756efcdd6;CO_236e5fcfd21603c33b82;CO_253591707ec41e877c7b;CO_25359cfb8608d67e74a4;CO_28d4ff5e982c874e571f;CO_2c52330077a08ea7f079;CO_2d517e68e168b2aa8b54;CO_2fdf08aa44660dd83321;CO_301790d31381dbc648a3;CO_30cce51654c1ed3b0182;CO_35254aa9a21444e50349;CO_3548657b4b4e1d7a23dd;CO_36c321ad538f860b4e28;CO_3df9083769048a26f9dc;CO_3e4e04f9cd27205eaad6;CO_454df0b799320283814e;CO_461304d95b7dac153faa;CO_481f137adf300bf00a60;CO_5b60f221d4a1852afd01;CO_600405887c39c78bdbaf;CO_651cd13517828fec0a66;CO_6995cc07f1bbeaa4fb5b;CO_6a7a1382f96c6e92e5ae;CO_6a96ab0bd63cade31bec;CO_6ae6efde2b863944726f;CO_6e348eb06763f8a07e35;CO_6f80b5cfb37b77f187f0;CO_70349624cfc5d190e909;CO_728edd27debc20469849;CO_755ed0b3af740cd2b17f;CO_761893cc2e27bc7473dd;CO_775988758f13f17d20e0;CO_7ac41629d179aed0db4e;CO_7e9ce5ed46ef9348fd41;CO_7edf7a2aab998565bb3b;CO_8046629df792a6d2e644;CO_83d7f0324414431bcfcc;CO_8ffe8459134b46975acd;CO_92c5fd0421c1d619cbf1;CO_934aa7be7deafc0053e9;CO_97d2244a7046f7586a09;CO_98b9b1a938f4981d391f;CO_98c53df687f2e9b94da8;CO_99cf15ac55d54e0c14d9;CO_9cb1b29650066d6e04a8;CO_9db3ff1452356acdfe20;CO_9e555605e3d23c80a8b6;CO_9ff8476644903ba6cb3f;CO_a0b2ed936b32d3a8f37d;CO_a338ed179728f4c29315;CO_a5793c19ca50ee11a832;CO_a5a3f29c89f777f2eb2e;CO_b107eae70b9bd90b575f;CO_b1b716da14a18f616a50;CO_b411746bdf09bde7f1fe;CO_b50ecd4487a1d9ef8ca1;CO_b634dcbd8728d3786e18;CO_b9443c4e519c6e9adc01;CO_bbeb842cdd8459e126dd;CO_bd94717d912608950350;CO_c087ad86e10b40805f30;CO_c3b109c7b1e3166e6653;CO_c9bc9f200c7382a0acec;CO_cd810a4faa88ab18f462;CO_df4aa3c96e0fe9b034f9;CO_e3d0054fffaf1a55d472;CO_e4e54940842287595847;CO_ee25805dac49adcdff39;CO_f0dc74b0f4984d78f271;CO_f26e2ff4cfb6d9c1cd45;CO_f42af67553a06d18888d;CO_f63475f171813b7057bd;CO_f771c01e064ad38cf97f;CO_f946ec75008dd601f8ae;CO_fef22fe6fa92e60a0d43;CO_ff03e5bf7b51b1c6132e;CO_ff809afccaf2d71b0e73,VO_419dfaaf27a1a8d6d0f4,1,,,False
PE_248d74790d081f1ad247,2012,4,1,ST,2012-06-26,unique_genuine_volume_observation_date,2012-06-26,1,CO_4fbcb4019e43616f66bf;CO_53eb7f9dcaa22b09db85;CO_6da2374e596f5911352b;CO_7688b6ef52555962d008;CO_8ca8b188568d5d438d08;CO_8ff86e44115ec1ee12eb;CO_9106f1ec4a2142f02273;CO_972fb81a3b9e6076bb06;CO_9b15444536b97a35e77f;CO_9bd09f1571504edacd10;CO_c746ee2edf45fa00fca8;CO_cb2dca9d3912259d6f5d;CO_e9b585a0010bb1e9f77f;CO_ffc014d049161103e312,VO_aa5895e8544289a8992f,1,,,False
PE_260d9de653b38957c0fe,2022,5,1,MT,2022-08-10,earliest_valid_date_multiple_or_no_genuine_volume_observations,2022-08-10,1,CO_023735e650550f29e18b;CO_027072cfc3c4cae1c5cc;CO_02c000a36dcd047f5738;CO_03d0925ac4f53b4b02d6;CO_04e17d3132b946c48d0a;CO_1199b1dd66ff02d05e08;CO_159ea0a601d6576ab84b;CO_1ad269a743bd01b5bb74;CO_262fbc155dc2e68571f7;CO_2ddb0aa0f11c2c0649b2;CO_2fe8980f829f6bc345a8;CO_36ce773c00b1f1048624;CO_389fbe456a2f3433a6f5;CO_3c065a26805e71279a46;CO_4123102683e953379666;CO_4fa50ba878b3d18e3397;CO_5c7d9080a7a635fe5f5c;CO_5dfe89f12d12d70adfd6;CO_624b3200cffe8e5c658f;CO_638353fafb8d4108c26c;CO_6505018e628e94fcd858;CO_6a6839f92b15dd171539;CO_7293ccb8658cafc63482;CO_778761ba6fc79beab2e9;CO_7e95cec8e7fdad317853;CO_81f4b04e64f4e7fb085d;CO_84961ee29c5440775f2f;CO_8ca70bf2a88c8c21683c;CO_9c46766f02e8f40596d9;CO_a4dd891791c494a1a2d9;CO_bda584056eb9957d6c68;CO_c4a452f85d2fa055891e;CO_c6e46ce0ba3103fffe5c;CO_c70c37a61333ca975304;CO_c89351f5fee4406d095b;CO_ce1f9e5f2424acebc3d2;CO_cf46eed0371a59efdb77;CO_d0541665ae524cf19488;CO_edd947dc077436411469;CO_f031a0a35f9e6a546e06;CO_f7a984c8bd10c381a724;CO_fc0b708c12cbcd6716fe,,0,,,False
PE_262bcdadb146dac989ae,2013,6,2,MT,2013-08-20,unique_genuine_volume_observation_date,2013-08-20,1,CO_0646f210ee9e7a175215;CO_1a08785d4897bde6665e;CO_1b35679954075d3c429b;CO_38d66d9692ac590000a9;CO_516d51b2955c0082c429;CO_942399f999b7a2e564b2;CO_97edd9d31897ea1793f4;CO_9cd62f93131809f79d49;CO_c0f49df923b2438e6fc3;CO_c2cf8dddfa9432f9af74;CO_c544de1b14e25bf732a7;CO_c680435725f2cafc681a;CO_e38ce65f50a80a11c40e;CO_ee6e264790ee5f53e4d9,VO_e45827674bee6fd2d1f5,1,,,False
PE_26a08057b7264787ef06,2022,8,2,CT,2022-09-07,earliest_valid_date_multiple_or_no_genuine_volume_observations,2022-09-07,1,CO_01b786ce9f6cee2a6e71;CO_07436abdfc015b3d6e7f;CO_07c903ce633842c12f74;CO_0c213b6dca61d00767ee;CO_0d66b810ef2ec67e89b4;CO_11f8e31ccbdbb7d91589;CO_1af512d1034c426c87f2;CO_26792840bd3b3b04f5d3;CO_2a7fb2e61fe57309d2e4;CO_2ab3fcb8329ca8b94f74;CO_2c16a0622069b5e83fa1;CO_3250919d61a0c2bdb6f1;CO_335a0d3403d56481cc04;CO_4b0f3fa2346badcdcbb0;CO_58bdcfb2c72536d27542;CO_5ac53c2267257b0d6599;CO_5da3cb5ea15a9ae6f42b;CO_672eb365c903a3b4558b;CO_6cb88ea154fedc324f83;CO_74881e0ed0f55eea2dae;CO_7666197a246dded3b823;CO_7c22d3cf6ebfa987c5fc;CO_83245004971dc7b9c7a7;CO_85ffd4a387c732615fb2;CO_88ca90719c4880e9c960;CO_9139899069af84e89020;CO_92c23d77b6b8e8327128;CO_9c273b9b6d8bff1ebb73;CO_a6c2a2325dfd588f202a;CO_a78000a5ff6306012360;CO_ac3d60f67cb8e0f43595;CO_acec32b9a99f846cf042;CO_aef48fddb61a927b2f5f;CO_b786f156b551a7b90565;CO_b912bf62fef4cb0ace94;CO_bb9b8ef813475d1e0ad8;CO_d498019619a1f7b79ee3;CO_d8a1082b68a287d591a9;CO_da0844658335477536cd;CO_dac7ba89b745b084dc9e;CO_ee262f06934529c20b17;CO_f8f3899a82eb30fee347,,0,,,False
PE_27068e46a99396e37068,2015,5,1,ST,2015-08-16,unique_genuine_volume_observation_date,2015-08-16,1,CO_011af72a910ac4acf367;CO_06b9fe7fa1464b84453b;CO_153de641ea0557acad28;CO_20fa0bcc74ce3b215492;CO_360680bcf03cc3e40a64;CO_37c20f19f3272b5ccc3a;CO_4809d1306cd4f438bdfb;CO_5246272819cf9d3f50bd;CO_54a462dce3c1abb2b43b;CO_624b610c686d38b30b57;CO_64aead39fc11dc9e3973;CO_7a09da8ecc46c03ea93c;CO_822c14d04b879ce90b0a;CO_85e63bcfdcfcf1a63cce;CO_96a99d3ea1dfaf32f7eb;CO_9ab9b659a836589f715b;CO_a010c93de0e2b150f4ac;CO_a1fb4e703a9ef1fa4936;CO_ac69dee7b40ecfdbd3f1;CO_b11c82628048efe758cb;CO_b867324a34260ee109b3;CO_ba3be1d6cdc455d085fa;CO_bfe109c35b6043417423;CO_c938a847bb0f4a9c0fe4;CO_cc49091e6a3fa59a5d4f;CO_e582f608256385b30207;CO_f3e055913a0b1eb0f073;CO_f8e5affd8ab291907ea5,VO_2ffe0d2253063380a0ef,1,,,False
PE_27f99a360d626c266301,2018,2,2,MT,2018-07-09,earliest_valid_date_multiple_or_no_genuine_volume_observations,2018-07-09,1,CO_0718b5188109465df3fb;CO_0a4e3e70597a358b9447;CO_12190ac4625ecc77497d;CO_4d13958cf7c55023f135;CO_5730cce9a8362d31184c;CO_5cb58b248a74010a3613;CO_6c97aad35e1926d26189;CO_6dd6d77794056ba92bc5;CO_6f35cdf70bf2683d4805;CO_aed067e027afb23ac38b;CO_b1a02ba5b70db966939c;CO_b3396bcb59674d33f54f;CO_e48167ca6196a9f2baed;CO_f65ccfbfec288565c1d4,,0,,,False
PE_2836684cbc95d298d128,2016,1,2,MT,2016-06-08,unique_genuine_volume_observation_date,2016-06-08,1,CO_0eb087409dbf3ebecd98;CO_1277794b437dacbc8725;CO_1b2f7d7e470f8f47596f;CO_2594fcb40fdfda369d05;CO_303c8bd55875dda24089;CO_37c94643192831a8caf7;CO_3dc87ab71825dc94bda1;CO_457688e7d8814939f04b;CO_4d88abec4a8a8dbfe082;CO_5c9c124097bc0e8b86f9;CO_718127812c05853f0bec;CO_72e37da8a67d137ab41f;CO_835159c5475ca0139d2f;CO_8bf5d98457119e93f512;CO_8c76e6477fec2c1b69a8;CO_94f136bbfce57e5c6f1c;CO_97ef2cac11d523c466a4;CO_997b0081a9cb967261b9;CO_9c3894f6764bc3cff4da;CO_a597ab82b14cc40d3ae6;CO_a73531f89e6bcbc2a72a;CO_abdc523261827dded236;CO_aee651be73c9084e0247;CO_b7b593cb8ec29850f582;CO_c55f794e7fc2258f69e2;CO_d7d145410c61e49f9f6e;CO_d9c1554894e1814476a3;CO_f6920d2ecbf720691362,VO_dc37932a6ce835e673cf,1,,,False
PE_283a79a4d7e1d99ea45c,2017,4,1,MT,2017-08-02,unique_genuine_volume_observation_date,2017-08-02,1,CO_058d5d43bf485bf78dda;CO_0844b610d6b7b1eebaa9;CO_146c09db1bc3d53de430;CO_1dab4486f81a53dac8f0;CO_213f6505c6c2a611fa8a;CO_2ae8a105b8d7661ed6ff;CO_30185966d0c2e770c312;CO_34c4365a9897d78c58bf;CO_385d4ec93f98d789b063;CO_449cac0b61bf9dbf44fd;CO_4e71eb83170065e8ed55;CO_6114506a772204f755e6;CO_704f069acc2c5e2e9e88;CO_7acc684a848a9b954959;CO_84ef8870faf5978e6bd2;CO_931a4ddcbb47a6b7f558;CO_977575423826add9269f;CO_995862ef306c9425062b;CO_9fed0cec52a189e77e41;CO_aa60a77daf100881e2a0;CO_ad608cd856711cb405d7;CO_b224bda2384667b88f76;CO_b698d86c67a2cff80405;CO_c4a162fd0a088995e6b3;CO_d4ea83386c6b49d1cc49;CO_dce1a79f6d2e8530d871;CO_e699683befd9f201c9ed;CO_fc0acc74b0ae025e2e0e,VO_0efe268eb7639cb02c52,1,,,False
PE_28a3ad7db7957a75e475,2014,3,1,MT,2014-08-04,earliest_valid_date_multiple_or_no_genuine_volume_observations,2014-08-04,1,CO_13e0528b79002d74ca32;CO_1c8b434d949bf02437c4;CO_22492061879a16b90698;CO_2b9f60efe3cd4073786e;CO_2cf685f717d74d08f4ff;CO_6254b8c1df9e27685872;CO_80c3cd40fa35f9088b87;CO_a3c171bc731350e33125;CO_b4ff2b19753f126767e4;CO_bc8bb8f5ff7a972c9bc8;CO_c5207b559b018772164b;CO_c8e9603bbae70584c9cb;CO_daa26812052acbb2fe3a;CO_f478525457dcd5ec6223,,0,,,False
PE_29232e3b1d0dd0846861,2021,6,1,MT,2021-09-09,earliest_valid_date_multiple_or_no_genuine_volume_observations,2021-09-09,1,CO_067c4c73c11a13458a4e;CO_06d3e145d4acc86902ab;CO_0709e1008834c2ca8648;CO_0c2e0e7c635f6c76f4f7;CO_0c7aa3a3c6692efa8c1b;CO_0df876fb996718f823d9;CO_14c54242e8185b507bc9;CO_16f95616cdcb41ea5dff;CO_174266834f7f8c4d5e64;CO_1f09802c4beac758321a;CO_2021dc8bd93e4492bf25;CO_2f5903a7888abd6b422c;CO_3595dba096286be744d1;CO_3c6c14080d021e9530bf;CO_3caffc05c7f0e2906e51;CO_418e27e925e3bdce627b;CO_4e9bc236f7ca5be2bf74;CO_4ec586ca911af6331bef;CO_5173a948f060ec7c42e5;CO_576da443f7be5075a80a;CO_5a8872eea42b4ef89a5f;CO_5b10ca07ace1e66ad4e8;CO_5d7be92de977a8c5aa4c;CO_5e81d4d4d1bece8dc195;CO_681d12400213531e5fde;CO_68e476b5d5aeca7b0e3b;CO_6e7ccc15ae233f2072cd;CO_6fc8f95bc6465849249d;CO_6fe79ab1802c7c29a95f;CO_7a6a56cdae56d8bb046f;CO_7a803cbe475643c4eae6;CO_82afce17548a4bdfd5e0;CO_871cc51f24e841c6bae0;CO_8f1d857513c617aa479c;CO_9eb2d543a0a36152b007;CO_a073f12ea698964c4715;CO_a3d951e968e6ca5ee3af;CO_a459cbd057d91b7ad4f6;CO_a7a799cb659840b8cc0c;CO_a81c6daaa46f2f7256b3;CO_adfdf777372e4df2c571;CO_b023673aa0a8e8090f7c;CO_b8b3a9403ceee5e6e0d0;CO_cc6bb91d4a9aec9fe2e2;CO_ce121073a5210988d0d4;CO_d86b9ad064641d04d63a;CO_da1b5fe23d21956f975f;CO_da760f00d360b1070f73;CO_db4f5dd49b48998fcb27;CO_de07769f3393873b0f53;CO_e1e8cad46045c4abf495;CO_ec03ee0bf4c423c334ec;CO_f0571d121bc4aafe224f;CO_f37b4055c4f2520fcb26;CO_f653fb0d49b18e94e7c0;CO_f9cd07ab404784867227,,0,,,False
PE_292d31f26b57f7190bab,2020,2,2,CT,2020-07-07,earliest_valid_date_multiple_or_no_genuine_volume_observations,2020-07-07,1,CO_10f5bbae56c34dd46759;CO_132f6e904a3cab6c529b;CO_25e4150d8ad59bee67cc;CO_2905a916b5eeb090382c;CO_3446a7e3222db2ab0c3f;CO_43817c2619909949272e;CO_46f787694b0dcfd2f61e;CO_5b9b460fd7808dd0b71b;CO_db55da3fc3098e9c4231;CO_dda65809b486f08e56a5;CO_ddafe0dc90181d0c6db2;CO_e0b1056a9c77fe9a336e;CO_ee9f550cd843a72b035d;CO_f1294f35f19846cd0125,,0,,,False
PE_2a0d4bf170744820dad9,2013,1,1,CT,2013-06-19,earliest_valid_date_multiple_or_no_genuine_volume_observations,2013-06-19,1,CO_1bae5f9367b020705806;CO_509a9edbeff0c385a956;CO_6df6bb086185b4667378;CO_7b1a278f5abe8e9da907;CO_931b156f0ade27f1c777;CO_946b10af6556fa2a80de;CO_9a3eab0033b988a7535c;CO_9baa6a7a3b12b993181f;CO_b44772b12eec5b5e73b3;CO_c2946bf3f4a5749a102e;CO_cc9cc99ae1e153cc936f;CO_eaf2067e34d6876930d2;CO_edbf8a7109ded44c55e0;CO_fd1abbda17f4974a8fdc,,0,,,False
PE_2aaba42888d07cb12d22,2011,2,2,MT,2011-07-19,unique_genuine_volume_observation_date,2011-07-19,1,CO_09aad7da2245bcf44be3;CO_1d559eb6a0ac36ca5ee5;CO_2672c5e0b4b0aa159c51;CO_3958de59a1ae60b4330e;CO_4679b1f742417e874f71;CO_48fe0661615dd0a2fc9c;CO_4a44dc15364204a80fe8;CO_4bf800ac362b7666ab0f;CO_4fef4355420472697c29;CO_53a84293ab3ff273bdda;CO_945ce179d4470c09c26c;CO_c6ff2896411f84434df3;CO_d0a075dcaa96efc3eebb;CO_f1c903c71329dc7ade29,VO_3b485121fd8ba1ced92a,1,,,False
PE_2b1a26b26247f7aaf591,2013,6,2,ST,2013-08-20,unique_genuine_volume_observation_date,2013-08-20,1,CO_0d3fa6dd8f23a9a7db9b;CO_2aa5af88df394cba1fac;CO_3bd5092b9ea53e9b57ea;CO_3f5bc363a67d01e09fc6;CO_550018524a55c47b5406;CO_72695578e5b8aa4cbfe2;CO_77ea20057dc948bbe573;CO_8c69eefde847dc2304c5;CO_93a3a6df20e4b9fe133a;CO_a3d501a5be543bd449aa;CO_bd21d2b7abd4931c012f;CO_dc68c55c07a9773aa7fa;CO_eeca91fd439b6d5e827e;CO_f783272376bf16f3f633,VO_f391d0b5fb4f0f5c8ec6,1,,,False
PE_2b276407ca9e7ade973b,2013,5,2,MT,2013-08-09,unique_genuine_volume_observation_date,2013-08-09,1,CO_310ced37200b1a0dae25;CO_597180d3039f1b7b7dde;CO_5994471abb01112afcc1;CO_5e521797838498c75de9;CO_6affdae3b3c1aa6aa768;CO_6b56cb3bacea5eb11b95;CO_7d91b762b534b3e2fc51;CO_8cce10345c5e1de90d27;CO_9943324cb3f1a48a2963;CO_c36562c53838cb8ed23e;CO_c5de86654f0e517de756;CO_e37bb12ed96a158b0a10;CO_ebafaa78a825f73dc39a;CO_fd11ed8d7fce4f272755,VO_437622f02a3c3afdbc5a,1,,,False
PE_2bbc899d26154b6d1225,2018,4,1,CT,2018-09-18,earliest_valid_date_multiple_or_no_genuine_volume_observations,2018-09-18,1,CO_2c80c314a06d8420bb22;CO_3873ecf4855ce373db4b;CO_42e030263323a3e5a26a;CO_48a1a756f2d83f1dc57b;CO_4f4e4fbef987b9ebaf83;CO_750c5570c2cf712580c2;CO_823b7ddf15b9753ada11;CO_8315a6b19a85015a2566;CO_b6316aa9a0bfcfd8f2f3;CO_b63316c5fd311ed7307b;CO_ec289e50fea20845fd0e;CO_f8184862e3bd5d00e318;CO_fa14177451d0cce32ab0;CO_fbf0c029676f97872638,,0,,,False
PE_2bc636c51bdfedd7a673,2015,6,1,ST,2015-08-31,unique_genuine_volume_observation_date,2015-08-31,1,CO_12fa2bc705f349943e29;CO_18167da210996cf3525e;CO_1a72b1e6fb7a12b166b9;CO_1fe095568135bb0326f4;CO_22c9d21f3b7379023a30;CO_3539e8afcacc57565a56;CO_3f26fa9464a5837f7250;CO_4c970004b0678d439f17;CO_572878043beff72a7ae4;CO_6b4b60b6619069d93f48;CO_705d739be21c0a57256d;CO_75ca4e6929494268b763;CO_7e145fa3f46d8e3e3214;CO_836477d3ed006825a61c;CO_8e6e63c5e8ea324be93e;CO_9966121111d035d0ef95;CO_9a89fd0c94aac0a90999;CO_a30f4ef42176d28f0e22;CO_a6ca0feab05195caae72;CO_a985bb36df0be53b3487;CO_ac040af5197fec5ba94f;CO_ba740deaf5506829cfe4;CO_bbe814c133ff59125385;CO_c4beddcf557f06a5d8f4;CO_cc0f20917ee075671c8e;CO_d1a66c20035198acd713;CO_eeba9af98eb63324e962;CO_eed5fe88eedf687582e3,VO_04a736c58a38f4178104,1,,,False
PE_2d8bea54a10e404180da,2018,5,1,ST,2018-09-23,earliest_valid_date_multiple_or_no_genuine_volume_observations,2018-09-23,1,CO_05f44b2a613ecba03d0b;CO_1483c82372b98e6864d5;CO_188c1fdca79d927f6e81;CO_1f6909d0ba546f3291d3;CO_28581d531e43b8d02524;CO_2fc704862ebc1816efc5;CO_5b6cefbd82c485f8ff75;CO_5e5e556737725010e9ba;CO_7054d0451000f27e0673;CO_8551d2e9f9ca656d502c;CO_856aa5ab396ad5a30697;CO_9bbdf79a931960b891e4;CO_d46d85035ad2ff5cd37e;CO_d9a0a87140e95aec8fa4,,0,,,False
PE_2dee4ae4d1c5b4873b12,2022,6,1,CT,2022-08-18,earliest_valid_date_multiple_or_no_genuine_volume_observations,2022-08-18,1,CO_0d497212b54b228c655e;CO_22615cd907ef133515fc;CO_23422ea56c01947bd492;CO_2514cbcf638447f1eebe;CO_25f2044c9fa1f3e56e58;CO_32312d91d978b937037a;CO_3348e5b3343f8d89d7f7;CO_3bc3059c076f1a0bbc55;CO_44854abbd32fd590d100;CO_493d01ca424a3f917747;CO_507c38cb8a975a83bafb;CO_5f128c8385e577cd1539;CO_5f72fd7c6698ae5b2cbd;CO_645099a0e1ed5ed76f54;CO_69dfd503ee88723b1015;CO_7dcca41d83db6cba2679;CO_820acd0d5a5893bc204c;CO_83eaf4dc5e19bcbeb238;CO_848779dc278180ef6e0e;CO_86927213bcc8a22ee6f9;CO_92cfa6feea670796685a;CO_9a0d49266d4f5e24ff78;CO_9cb796ca68467758f4e8;CO_9f273a349b224b830bf8;CO_a9bb528ed82c6b31cdbe;CO_b003ffe3e5657009f984;CO_b1bc831deff10f02e1b5;CO_b4e332c8047ed1034b9f;CO_b9dec7abb8a67db1a742;CO_c5165083befc92b41c6c;CO_c7bfff5d3169650d834a;CO_c9dc6a27c2a566b41c4a;CO_cd91c5876cd288087223;CO_d45d5d029c13fb1e6b23;CO_e43de3c60f87b5e26351;CO_e454212125fa9096c91e;CO_ed0b853bd9c28435b6aa;CO_edaf31d91128ba1f3c33;CO_f64da6f9371a17b12c8f;CO_f8e01d1b17e6402bd31c;CO_fadc157f46354d70ca1d;CO_fbf29ca7bde8ffdd9959,,0,,,False
PE_2e40b6e91cc7d5ecd6c3,2021,4,2,CT,2021-08-13,earliest_valid_date_multiple_or_no_genuine_volume_observations,2021-08-13,1,CO_01b1ae255c781cfee556;CO_195a93d4421f7f9f3466;CO_1c753160f146c373c539;CO_1f4c90a452f1c8b8de51;CO_2b8ae4541022864d57e6;CO_39700d452c77592c9710;CO_3ea77fc339263dd319e3;CO_48ae093b8fec353947a1;CO_5d83968035f50b364478;CO_6023019c17d1af79c635;CO_70bcb04fe5558b34d6de;CO_7d96ff26c3d3fa6e1379;CO_894cc09012f2d0905fcb;CO_89ea3b15dd9ef756437a;CO_8cc51f5a7376769c700c;CO_93f606bd517c88c296b1;CO_985a6c71882580e248a9;CO_a0c86914fe44d434e46d;CO_a1a5242f44256747fe18;CO_aac7d4dc2eb6e6079dda;CO_ac7c96ddf6be78fdd288;CO_b027feeb60b70f0d34ec;CO_b687b757bd658e9ae562;CO_bd232492bd09ee1a0e58;CO_de0472d2dd790e06454c;CO_e474339b073f48a0efc2;CO_f23784f17468ea72b2dd;CO_fb1548cece225c928b67,,0,,,False
PE_2e9d58711c9824497c11,2013,4,2,CT,2013-07-31,unique_genuine_volume_observation_date,2013-07-31,1,CO_1d5eb45c977690556ce5;CO_2ac878b0e2180616993b;CO_315ef9b31f21c15d6dc3;CO_62f73707683b924b65bf;CO_658a39f88a25d0fb5b4b;CO_6dfb97632210ac38a071;CO_840bb8c6c7f67fa8c985;CO_9568c7995e76c5a8ddd2;CO_ab7e67e9480cb9aecd20;CO_af956f342c1c6459ed99;CO_b0df1abe03e34e46488c;CO_c81770e48345cf545ff5;CO_cf4f81034a0cf196cf8e;CO_f669dd4f81d2b9bb23f2,VO_0c742abd11b232fb629a,1,,,False
PE_2efa629b1e4ba707bca1,2012,10,1,CT,2012-08-30,unique_genuine_volume_observation_date,2012-08-30,1,CO_08dd19ebe332aeb67bca;CO_178270c8986afcf137a8;CO_1edbf99ceb74ae073c5f;CO_3b47492744946d5a188b;CO_4571497bb44b4ff2d2f5;CO_69f59c273b6e669ac32a;CO_6e0fa02a857e9126c75e;CO_7312fa1be2ea65d61670;CO_739a6e720875495ba7eb;CO_a629a6d8f3fab2434d75;CO_cd4919b5f8f26bf4796b;CO_d9b76e73f74e659b11b2;CO_dae469cdd7440d3ace7b;CO_f887a1298b1981f1fc8d,VO_197310d56fb6be50d3f6,1,,,False
PE_2fff192166fb6a1b5884,2011,6,1,CT,2011-08-28,earliest_valid_date_multiple_or_no_genuine_volume_observations,2011-08-28,1,CO_0d59691515de478f64d3;CO_2794fbeea945a8eb483f;CO_311a0ae57be934ee398b;CO_434dbd07bc54f593ede0;CO_4559e12a796531c71a8d;CO_4b8743b8725c65e956f4;CO_624b60c58c9d8bfb6ff1;CO_691c6bc2f2720ec8fd10;CO_6e28f139664a7dbd2410;CO_a2e06365327c05110f5e;CO_b5aeff8acc69bc61c50b;CO_cbde8b191f382ad07fd1;CO_cfe80cefe73f3d7a3d24;CO_ea12da3871150a5fb40e,,0,,,False
PE_30d8eee773ba85ed7ec9,2025,2,2,CT,2025-07-14,earliest_valid_date_multiple_or_no_genuine_volume_observations,2025-07-14,1,CO_0468eabdcd833e18d0a0;CO_0aa598c735f77296910c;CO_0b6bffaea9287ff7cc7a;CO_0d4a81d212f55a147b93;CO_0d7bcfe4cec22e054b10;CO_130fcb665ac6c3ffed78;CO_17d6e26d379854c26e04;CO_1e37a1cedc03621762af;CO_2bfb26d14ec692d83bb6;CO_2c2ae095d55ddbc0487f;CO_2fead305174250d45c8f;CO_325969e80bedf5b28c02;CO_343e4608e829354004f6;CO_374b36513e6748496dc5;CO_3900e2a1012f330abc08;CO_3cb65cad26f0a517866e;CO_41170717bdca14382802;CO_450d7f44d39e166b8426;CO_46640fc80390c79239da;CO_47f7cb5f38bb9e43c673;CO_5115faeecc0db1adcfda;CO_51cfe39433c33d8144a4;CO_5828f81e4e1a30fca0d6;CO_5a39335b3529acae692a;CO_5d376f1389d8f716156d;CO_66ba10dcd37da7f59f06;CO_6b4dd2d449aa8727c4af;CO_724d26237aa5ef393eb7;CO_74a86f62d0acd138c703;CO_8032b67b62f573e47ebc;CO_803919e93ccac91d25f0;CO_812902bcc248188c1200;CO_823ea8bee44e3bd43a00;CO_824911dc2772f10de226;CO_91e631b2fe3d58417b86;CO_94b61028667f73073a55;CO_959daad7593e37c5ab21;CO_97f72eb0197be370577e;CO_9b01ed1b37bb28904975;CO_9ba37a22e4f574050fc2;CO_a60394397a82adadb646;CO_a93adca485a1de847315;CO_ac2a41af69b8320d2205;CO_b0db929af528e3178b6f;CO_b3c3b62c4e9797a9abb3;CO_b69313a258e85ac75603;CO_b7aa5cfd1d2529920bef;CO_baffc1e34bdd807d7617;CO_c24cf8d31cf7e596ba05;CO_c96f664d5d94f877e5e4;CO_cdc4f04b7654657e1736;CO_ceab64951a30f684b7a8;CO_de3daca6a937e5056135;CO_ec81ad8bba8b175ee0df;CO_fdd25b9aeb3d9e6280b5;CO_fdf3ec936ee7d42f188a,VO_84a9c7fa5b23de230f7d;VO_d16caed252d85f87b1d8,2,,,False
PE_30f71765b192fa672ac6,2024,1,2,ST,2024-05-15,earliest_valid_date_multiple_or_no_genuine_volume_observations,2024-05-15,1,CO_05ef5b1d7918f0284543;CO_0a95adbf8581859ae0cc;CO_0b689c5667de7f17ff75;CO_0bd0b4b3f2617fbc5d75;CO_0e399ff37c2c973d9036;CO_20ee235b5de5b36244da;CO_221dea80c4dedde95263;CO_277fb860522930c1e56c;CO_30ec1ae05d7d5ea89d62;CO_33c62a2a336ae37ca20e;CO_344510415bf330aa4ea4;CO_358f6ffdb1ac3ca3301d;CO_37ce8e1e093e24e2f774;CO_3af06dad794158344d80;CO_3c3ccbacd3a07a4885cb;CO_475416c10cbf4230ef46;CO_4a979c1c13861da35def;CO_570934dfc7e7b82a01f5;CO_5f9e3d4a0fa6f44a726c;CO_5fb1f2daaedc5908a1f5;CO_60d523c99e38a30e4b88;CO_6e39997df32edbf282c7;CO_7f02ea9e3eddbd1302e6;CO_8670bfe4c727cc727cf1;CO_872119f809e53e0f8414;CO_8e9b849b823f33bd8266;CO_8f167b98bd5a08c51264;CO_8f97d9164b8fa131f036;CO_94d17a47b559db4e59e1;CO_98edadaec07b07e0e199;CO_9b6dc42334a8c2bb7c48;CO_9baed8fceea6e36d3667;CO_9f22a07e239606e3d407;CO_a2730bca63eff58682d6;CO_a33b4b5dd71ecdc0d1e2;CO_b1595436f53fb2b42e30;CO_b35d3d98f1b3ca1566bd;CO_b7d7b92afabba5625431;CO_b7d8c311f5d950fb3cb0;CO_baf64c5bd986d7927f82;CO_c15c8a5410af0560f2fa;CO_c43804ea600ae2f14eb2;CO_c62ce8b4e927f02f9174;CO_c9c35aabd2d3a831842e;CO_ccdb07b0af2fb355a227;CO_cdfe5c4dd2e7bb8c7837;CO_d4038d81b261ec584a1f;CO_d7f35b827337af7c07c7;CO_df7fecd585f7da0161c7;CO_e187c25df3c7f7fc8215;CO_e399ad584daf025332e5;CO_eb0c9cdc0862653468da;CO_ec54e99514663edb97ad;CO_ee9d527a0a6108477fc5;CO_ef1d13a1b558836936f2;CO_efcb7d92dfe1f0ed05ba,VO_4612222eeae69ca54831;VO_d3c7c02a7d773248275a,2,,,False
PE_31bb29072ce592a58136,2017,1,2,CT,2017-06-27,unique_genuine_volume_observation_date,2017-06-27,1,CO_00e2c609b4339c404552;CO_0322afb553ec2b3fe95f;CO_0f322e4565300ded4c2f;CO_1085fd8ab7b4676f9261;CO_256a1f649084b2fc635c;CO_2bb1c90302bea6044d90;CO_34ed0cec6ebf3e846818;CO_3bdb59c5910eec268af9;CO_3ef839149657d12ab70c;CO_40324bb22329a9f36f5f;CO_4c15f47afe7f817fd559;CO_61b844a95023052b1b47;CO_97b8df60292baac6c533;CO_a0f8b2c4cb1ac82abdb3;CO_a167ca1b5bdc5be1840a;CO_a3346b8b4c26feb607f8;CO_abb29e3b1f199829781b;CO_c1ddb3ab3686ccad81ae;CO_c88df307576db7934882;CO_d11aa36e122cb7e9fdfd;CO_d1ffa97212d4eaa8abad;CO_d708536983e28ac1e1e6;CO_dc893e6af0316b06f6d9;CO_e43aee96619b0975533a;CO_e43f9246b35b6b535a65;CO_e9e88be2543bc5919312;CO_f8a5da214f3f6c281e00;CO_f9b0e2696914e114d502,VO_78260ac74e6bb56c08fc,1,,,False
PE_326f1ee42ddcd2cd3c31,2025,1,2,ST,2025-06-30,unique_genuine_volume_observation_date,2025-06-30,1,CO_029dac3855238824f3ae;CO_06c973e49be9fdbfdaa8;CO_0e92c8f928b6236d87db;CO_0ff6f4bbfaf422d4f22d;CO_111dd67ba854e084b2fb;CO_1149168b6025828e54cf;CO_13988e0abd97868c7093;CO_14ff3085b7743c634d15;CO_1894a468fa31d5cce8f3;CO_18ecbac91f2c707b4c19;CO_1e0d9b83881558ba6b98;CO_1e3d88e829c7f5443290;CO_27bc6c510e13b8fe0d35;CO_2d38a3f9818002178469;CO_30e1b5ad43bc22828997;CO_31cff3b077a634211331;CO_363f42e8734ac53ee505;CO_395e21aaf42e2d2e9a09;CO_3eb2c9895d90efb3555a;CO_46d4c7c3285e2d04cbf9;CO_48a09e64db9857317be2;CO_4b06b909485859fc3a36;CO_5ef859940e4dd7b4e244;CO_64eda62b35a3b6862221;CO_6749ccd704f8c8bfe840;CO_6dba4a76ac891dcfb9bf;CO_6dc6da2a4d2f76400701;CO_6e29d690a3e18fba8705;CO_75d5fcf005ce8ebc3a80;CO_77b8f4d1dca2d16da69b;CO_79fe2665cb9d09913cbc;CO_7ddd7145088c1d8dfd39;CO_7f5642cd0c851c48e5df;CO_7ffc04e52e2e7c6b67b3;CO_80e107ee3ba12129c178;CO_87b4d74dba97358a6bbe;CO_8e0c19142ee61342e1f8;CO_9335bcf86fc2a92e06c1;CO_9552186d84ad5c6e459c;CO_996f63ba280cb7700df3;CO_9bbf7a2c2940b4c95ea4;CO_9c92d57ab64eac131d06;CO_9d73bfb92adaebaa346e;CO_a110b4cea8944b613564;CO_a549ac35757a2da4bd74;CO_b78054b9aebab2fd0249;CO_bcdc35b056897c2743a1;CO_c027dd7b42f454d65ff2;CO_c7416a96f9f2180e5c96;CO_cc28d893176b8cd88757;CO_cc4996f23b1298387d64;CO_d66d71c37254a00f8984;CO_debc96817a3523d6f3cd;CO_e6d3cee8c029277da8d9;CO_f12e915e8907cebcf3b0;CO_f85f52cdaa3cc8b39d3d,VO_ee907391871b9f7b5c0d,1,,,False
PE_32cf57061f68ffb1c9cf,2012,10,2,CT,2012-08-31,unique_genuine_volume_observation_date,2012-08-31,1,CO_00a4d448b5cf18dc94a2;CO_04e97796ac4d1ffe8513;CO_0af7d7158becc6d02dc4;CO_0bf366a6fdd643807e24;CO_131927c002782b5d68ee;CO_2a3c1f80a5cbb28f6ab7;CO_3cd7367499a7ed6b7409;CO_44592b77d53e97496c2a;CO_4c5f863a279220d839c5;CO_6e4001871c0cf27c7634;CO_8fb95456f71e633a06a4;CO_94630a7b00756936a024;CO_9815a184d41945cc9e4b;CO_fdcc7dc692360a74298d,VO_25fc1d14c157d24e1423,1,,,False
PE_32d4186ac5b7c925427a,2022,7,1,CT,2022-08-23,earliest_valid_date_multiple_or_no_genuine_volume_observations,2022-08-23,1,CO_00bebc5be79d19e1b8b3;CO_056fc87e597be3276a9f;CO_09eac95eb995b821f453;CO_136c3808b91375ffea9b;CO_15ff5e4877eb9326f792;CO_172e1676eda470ede17e;CO_2386159a9962ff76edb2;CO_251d298116e31fddca15;CO_32a097cbd16da6a13e25;CO_36be8183ad9f1ed708b2;CO_43871a4ea259ce408e91;CO_44961068d853255c4dc1;CO_5167a512ded298efdfb7;CO_51718e5210255828f7d9;CO_5901aee4bc888df51bde;CO_5dc5bcd84be3594943a6;CO_61697e084834fbb2cf9c;CO_63dfb10d2ca8db701a2d;CO_6a21b377d24ce7fae988;CO_6beb5eb7eefdd7dada95;CO_6c2787d12b8f39e4b801;CO_71bafb61f0793029c0b0;CO_72b31cf00f8ab3967588;CO_891d72848822b42b30e7;CO_8fe1029e7f1d04f6911b;CO_91a9fbeb1781ee35a16f;CO_9202e9fdff409bdf59f3;CO_92d0afcc0b0f50f15b12;CO_93ff62e8ed57737e397c;CO_972e2ce8b932010e5676;CO_a16c5b00bf16bf31b3e0;CO_a404ce80b10d8d58102e;CO_a5e45791a59e46e82908;CO_ad22a3652ec7b8d64c62;CO_cd8e31840f6a29f49776;CO_cdbeac40b43647339abf;CO_d49030599e25e8522a2e;CO_d70eb3240ea4f14dde23;CO_e29afc813de881a46ead;CO_f0310349545db3fc3e42;CO_f3310683649a34656351;CO_f3fc70cb226d1f9c3e1c,,0,,,False
PE_32e6a0947406c0450241,2011,5,2,ST,2011-08-19,unique_genuine_volume_observation_date,2011-08-19,1,CO_15d9b4ba82e42cc13863;CO_251851f41520f4dfde68;CO_2aaad41b89dfad19e566;CO_35135aaa6cc23891b40c;CO_3e7db077f6e8f1bce837;CO_4570ac99a3b45c3ca73e;CO_599a18be4f4e47d3316b;CO_5a9788c1434d2653d2d6;CO_7e17e6fea04574f346ce;CO_8297dde66f2bedd2271f;CO_86ce44c208a7bd0a88f2;CO_aa8e22a09ff2af4e7a72;CO_bc10b57514d76124b412;CO_e09a88d305e73144741d,VO_c2abac5ef4dc923ffa70,1,,,False
PE_33074ef569f8079ca2c5,2021,1,1,CT,2021-06-23,unique_genuine_volume_observation_date,2021-06-23,1,CO_0a0abd5382ade9afd706;CO_1569235a9f425281b078;CO_1cf48271e12d3b2d330f;CO_1e5ee5e58c8f490ae68e;CO_1eab3dfd35a341f4b06d;CO_2222d51a40026edf4017;CO_33ad40f67225e58a1c35;CO_390797e1f0b8f216b8ec;CO_39601b998431151601f9;CO_39ddc9753eb45a54f770;CO_3e096cd6038e85ba6c3e;CO_43908979b8b2d28d258e;CO_493ab7715d7f59d30a90;CO_522f6fbcda92e263cf31;CO_5973ede00eaa6fc11f4a;CO_5d617fdadd041ca7af01;CO_6bfc25cc7df52b4fabc3;CO_7886b1e2013bc1c5fa1a;CO_8ba89f83a19745038de3;CO_9d6130a69f8887ebbf06;CO_a17802b02abd0aa1e317;CO_c1a11296c22d7fadc6c0;CO_c6bd343ae0007cdb979d;CO_d840689d7a7eadaf303e;CO_dd729d3e264eaaab9269;CO_e2a424edff99af60a8d9;CO_e97e2ffefd968b2a3d83;CO_ec11f26d671bcc371621,VO_1bbddc4ec1f39133749e,1,,,False
PE_33b48c45a8f1d7ee984a,2025,6,1,ST,2025-09-03,earliest_valid_date_multiple_or_no_genuine_volume_observations,2025-09-03,1,CO_04ccbbfcc42066a050c9;CO_0f0b82fae280ae9fec19;CO_1523b662871b049a426f;CO_16676c1285da37e83be8;CO_1f0c90cf2d416fd5c2a0;CO_2545a02d836fe85023ef;CO_28d3ce984b1265146561;CO_396b8e65a84afe48d62b;CO_3b4f01eb6c705624e467;CO_44aad44806272b73f17b;CO_464ddd1439e2c791be43;CO_48e05d3f015f95986869;CO_4b177cf57484bae04e72;CO_4f95c3cf2c7c5bb50010;CO_544101748cc0e2e64e48;CO_559270f1d921cce8e61e;CO_55f540730910798b583e;CO_5be21fec7f4c958e2d23;CO_61f4a24677e07919033f;CO_637dab24bb4c101d73c2;CO_64b3db28d65e15b0d7f1;CO_65b3a7d845cc48d94f58;CO_69c64448596ba10ccd46;CO_7238973dc8d3fc82df21;CO_72aff29a464b556be422;CO_75868569c7f5ef9f9fdc;CO_769efc2beabd04e9167b;CO_76c9d56531b032e8416e;CO_794bfaca1d059243d049;CO_79819731160908cb2bbc;CO_7f9a4b41bf305e9a5c50;CO_862c605c3e625ff4c23a;CO_868447a1b9c7bea63a9e;CO_8798b848ede7e47c72ce;CO_8a9745162300f3c10294;CO_936d1dafd8b1b6e7fe06;CO_95af09711f8d31b36e9e;CO_9645139872a02412ab39;CO_9e6296be2bb963df7daa;CO_ab7a9032a205045ac82e;CO_b0c5d24fdb7a3a0a9828;CO_b76d4f5f478b9da83337;CO_b8de12d2b5f6ccffeb8c;CO_b94422c62a30aff0ab21;CO_bd7f4d53f4b1c920bc3e;CO_cb308ace4da6b941709e;CO_cf88820803c3c342bf6a;CO_d3684fb89d7369fcca58;CO_d933c100248234cbc484;CO_d9adbf211a24cb1bc5a2;CO_e077c3a367127926a133;CO_ea5cb3e3f291bb85f544;CO_eab8ff114cc63fd8ab3d;CO_ef075febee7d12554809;CO_f48280c0107726b99afc;CO_fc08fb3c371efa466bcd,VO_0d55b6a1ea1db960d958;VO_78d95e2856d3dbaba9a3,2,,,False
PE_3433a0bfc8c7216f3995,2022,1,1,CT,2022-06-17,earliest_valid_date_multiple_or_no_genuine_volume_observations,2022-06-17,1,CO_00ca52aa4ed11e6ba0e1;CO_09ee3cc383c1332d7485;CO_0d6f9709edaeba4bebf5;CO_17bdc83774373177c2f8;CO_186fc3677f6355321d14;CO_236b565af6b512826fd8;CO_2668b2960fc61e79a96f;CO_29b2350b186f7347c134;CO_303e652fb5d5c3ea4266;CO_3aaa54c35ac3e0888fc5;CO_3b991081a54373a82537;CO_42f9e1bddb0a9efb7690;CO_460e8529042e7ccf8662;CO_47dd9599d562ebb78f3c;CO_491a89805507165fc44d;CO_55f96e4d0df94dfd6f95;CO_5ca452a03e3d5c2d4ecf;CO_6323789431dea08f9f46;CO_6c455dc6b4f359df628f;CO_6db12d3deff9081b3585;CO_6f84d745efab29c6b63e;CO_770e6f5e2f55c90afb8f;CO_7f80e6caa06901e1173b;CO_88b82308d570d71f02c5;CO_90ee5a78aac96b480db1;CO_9123176eaf6a91a77e54;CO_9f2a1bf97eba6d34789f;CO_b1db82e977e20b421639;CO_bb4895391bddaadead1c;CO_bf54f1b66e1711279759;CO_c57727d64e318e2ea42a;CO_c9c30932bd3edac16b00;CO_cac9d27c9f904cbe0c8d;CO_d4fe640d31065f0b9d99;CO_d60827377b5290319546;CO_df6822cd01387e05c8ea;CO_e18f50079034b56f8d86;CO_eaf6a8b332e3bd44678a;CO_f71f5ee235170eb19551;CO_f828721d8cff7de099d0;CO_f8646a257c0c4273b72c;CO_fb5fa8f93a7d3f429b02,,0,,,False
PE_344e7a9bb935a4829210,2022,2,2,MT,2022-06-30,earliest_valid_date_multiple_or_no_genuine_volume_observations,2022-06-30,1,CO_0ac51e0dae7572ff7882;CO_3269656aff282ecbab78;CO_45bea171f68e65360586;CO_519f51bd5fcb04288623;CO_5d4a319f10c0d665b340;CO_61d48b97f06dc91ebd4c;CO_61f5869c42cc56c113f9;CO_647711bd268ce8830d38;CO_665b4bd9bae841dfc88a;CO_67be10d98e9ab6d77057;CO_7df0c14cb0d42be40fea;CO_80dea67c2c101afc8471;CO_822fb7b543bfa03e8eed;CO_8277015b9430fcc76276;CO_8cf09082d6b1526e7601;CO_979db23475e1d86d68ed;CO_a0b44327f2e6365b10c0;CO_a917ca757ac59f9d5686;CO_aeaa6370266a36505534;CO_af41950721b1fdb95a5a;CO_b97d4904938f12a04277;CO_d9e62be4c6b02d888e8a;CO_df8b2c375d648d9508cf;CO_eee936f70d76c9c7ab02;CO_f0eab88acf23e2784210;CO_f1882a541300de2917fc;CO_fbe697429f16141bc71e;CO_ff9511e0254eff335c36,,0,,,False
PE_35e13c2714d6ea95f5d3,2011,2,1,CT,2011-07-18,unique_genuine_volume_observation_date,2011-07-18,1,CO_1ff3c9f22859d9845908;CO_2876370ec5a463a2b84a;CO_2b3baf9bf9df0480f227;CO_3dd4878eedbd996b902f;CO_3f14a60b7590cb27fad9;CO_4469948f22fdf2a32bda;CO_4cf84afda7c7875b511f;CO_a00b8671c08db0c9e22d;CO_a1c5f5584e304e6cf402;CO_c2a86b19231a21a64b76;CO_c9147cda01f0e59bb238;CO_e1d9ce80c3abd825263a;CO_e7f6c011776e8db7cd33;CO_f3058bcbb026a6921bf1,VO_5a456c5930de8120af54,1,,,False
PE_365d30de37f48e464de2,2012,8,2,ST,2012-08-09,unique_genuine_volume_observation_date,2012-08-09,1,CO_165fcea41c5efd4ca4d1;CO_4556b34f73d3244386c4;CO_6d6e1059500ddb11aefe;CO_71eebf8f5760b70c2eb1;CO_9a5a48758da347f33bd3;CO_b04904d3655eece8c00f;CO_b666f138103ccf27c6c2;CO_bbb965ab0c80d6538cf2;CO_c0f7b70ab27168a34ec1;CO_d096e644f8596611ff65;CO_d883c4c40c5813aee26c;CO_e2f691407acb1efa4c9f;CO_eb51f8315cf769b31761;CO_f2555969506855969071,VO_e69a5d0d7c134745a010,1,,,False
PE_3694e2f2ef6dd2e8480f,2023,S2,2,MT,2023-08-06,earliest_valid_date_multiple_or_no_genuine_volume_observations,2023-08-06,1,CO_04040718079c9b2d9113;CO_0c83de60dbd8a02a82aa;CO_258f31fc369c1710e953;CO_2b9449f314bf93145f81;CO_36265dc2781259c70f62;CO_3765c3e23aeefaf31c3e;CO_3d8f5556fecfa5daeadc;CO_59fefacb1435ff490865;CO_76457445f89ab8f65a00;CO_8c5674dda770c39e2756;CO_9e17d9aef211177d5e7e;CO_ae79ee44dbb5b59dc164;CO_d7b1c6bb36e4c5123190;CO_e5cc333a50be4bc356d5,,0,,,False
PE_3712d644db8e7505fd90,2017,2,2,MT,2017-07-10,unique_genuine_volume_observation_date,2017-07-10,1,CO_2284e196df217f2c0085;CO_283f3aceea5cb2cbd51a;CO_29e2c686a1fab3fa529b;CO_386e8a0ee4d930d2be18;CO_40e3295b8dc6dfe7bb9c;CO_417ae4b50918c36f39c7;CO_4a621015e5337e14270e;CO_55c753e07b45ba370ab4;CO_562ee856c2561ecf60b1;CO_62b1165a9a2cc72290c0;CO_62fe739825059f3098bc;CO_7114a0882e5d0d63aba8;CO_7246d3094b003dbeb778;CO_75ebb412845faa5d32a6;CO_865736a1c30a82dc67ab;CO_86f30052c7416d27c670;CO_8ab038008d4398cf3b5a;CO_8efbbe9bc19ad2e043c6;CO_92acf1f3ac8839ac8ea7;CO_974f52e19919be7ff75a;CO_a478642504ac5d8393e3;CO_bc8ec57819c2c43455e3;CO_d84bb10153445b7ec3a5;CO_dc1cdc6ee450a4c5483b;CO_dc537b47ba1779e13369;CO_e81d47bc1914daacdfe3;CO_ea7fe8b72eff2ae0ca6d;CO_f87d55b553de02175a3e,VO_66e32592c55c0ce45f1c,1,,,False
PE_38f43e287ee7d1f916e4,2015,3,2,CT,2015-07-31,unique_genuine_volume_observation_date,2015-07-31,1,CO_08490295488a11890997;CO_0ba83cfb959e9246bf07;CO_17bcef2b83e98410c6e2;CO_1ed518556c45c6456f71;CO_23d5e75ed459df4b4ad8;CO_25053d8329351921ce55;CO_27ab80d8b293b53654ca;CO_2f3532702ecc166ea0b4;CO_3f725dca10c20657311f;CO_508d5031072e26a70f2c;CO_5edbf33e52549fb26912;CO_67b8516149c1b17ce1c3;CO_6881f2b0b609698418e0;CO_725300467c1440e53c81;CO_7928e72dd6d82ab3a616;CO_7a35fd789a165d303955;CO_866cf6ce0c5209505ff7;CO_8f9513f7e7731a4c9646;CO_9e0bc0a9aa374eab9ae1;CO_a0eaec5a55dc2f5b2ba5;CO_a32a2b5b8ff5119aa88d;CO_a6def126ab5e799f31da;CO_b815f5c630593b36d5a8;CO_bba1dc9846ddd9a44c3d;CO_c3b46c69418776148101;CO_c986799046bce1f934a2;CO_ee38e7799140fe2e87cb;CO_fa2af8812e4ec6cb8fd3,VO_0d203abac1375a75a283,1,,,False
PE_39c8810e26ab4ca7933c,2025,3,2,MT,2025-07-31,unique_genuine_volume_observation_date,2025-07-31,1,CO_097f274cf69e963a5967;CO_106ca1b823ceb804d7c0;CO_19b3277cda3fe10ec63e;CO_21732143d7bcad4b49be;CO_2657482116a560619e0c;CO_283fb243c9b850e79364;CO_2cb8b923f6d897035b2f;CO_2e878272481b14207c97;CO_30bc0a114420f0d47a28;CO_312b17b72850961c8a2b;CO_3e3176f322eb4627d86c;CO_3eac69e760d9ec571e57;CO_4459b2909cef1e99ddfb;CO_44c59909f17c296d6f2e;CO_4694b833dd49860fb79e;CO_4c5438f4cae3ec6414e2;CO_548ee5b11ce36037913b;CO_56d5f315cf3312f1e33f;CO_5826126bc35b86197ce1;CO_5b3d0ceb392697f56511;CO_5bb7843e0a9344f274f9;CO_60954620d60802ed8ea0;CO_67a6e8768bea569a406f;CO_6de23857db0d5f415b6f;CO_720d396fbfe065be19ff;CO_72b209306c1a1031b9b3;CO_75992a5ac67ff644d306;CO_78a69c6fdc7b95f502f1;CO_7f34a9c9fd36be54f1a5;CO_81eff02dc644266c4fce;CO_82555dabb53963a17307;CO_827416db130a1d192979;CO_8597f1e3043654da36e2;CO_8c9a013ab70c0434313e;CO_8f34690ce4dd6709b149;CO_94f802729d9e69d6452e;CO_9544361c04facd3eb23b;CO_a17c19d4f322a201c1d1;CO_ae828b626876e6f40dcd;CO_b281bc2c616cb3c3a097;CO_b37cdc759f678ab50c41;CO_b76251f64f490ccd76be;CO_c49eb5e7bb09a8e47144;CO_c53a4020a320e1807f59;CO_c53b03c6ab86089413fb;CO_c76e5e55b95be946025e;CO_cd892ad205d39ab5e64a;CO_d03e59748526d73618c4;CO_d0548e87b05b93767c35;CO_d12a4891fbf81cfb0fb5;CO_d458ee0a0d295e278051;CO_e4819c5162b90e09b16f;CO_e9ac3767369b38dcc7a6;CO_f9a459fa3ddd5b14d229;CO_fbf0c0d5f478d8644fc2;CO_fe675fe7aaee830b6fed,VO_6a56bdeced5c3d33983b,1,,,False
PE_3a1f801f634bfe189584,2013,2,2,ST,2013-07-03,unique_genuine_volume_observation_date,2013-07-03,1,CO_03713c9bbf6502fc4a3a;CO_2edc9068546558dd03db;CO_31463ca37e9c81f55670;CO_3346f2bbf6c34bd2dbe2;CO_39a97b507ccb6f209547;CO_827050ef00e06c5547a6;CO_8433524328f7abaf572b;CO_9fc6813f76cb563c54f9;CO_a8a2c6189790c0eb3656;CO_ba810bb7d22c26a354cd;CO_c196451df88696ab27f6;CO_ca025d18ec6ceefc2d38;CO_d55f9f377e5f62397fd8;CO_f5efb6e05e55f7eda6e8,VO_5ec9fdccc5ac869325a2,1,,,False
PE_3a4478840ec05680e176,2024,4,2,CT,2024-06-20,earliest_valid_date_multiple_or_no_genuine_volume_observations,2024-06-20,1,CO_013b42b6edf95609f47c;CO_036104e933aa516031c9;CO_03625cd1150b4452a5d8;CO_0aa87b8bdb3232d735bf;CO_0c3ec8fd15bb10a5fd84;CO_19bdaa296a9b121cba60;CO_1a95046e1c6e0db1f4cc;CO_231fa9ab4593d824dd20;CO_24ac4a663447e96bddd1;CO_28d7cb84e4478bcf6286;CO_2a0a5f36a397d7ef63ed;CO_35bb78127c4f2c5272c3;CO_3bbcf69de876e98ac944;CO_485419d81203cab12d4c;CO_48cdb2670770a616cb74;CO_4d364fbb3786fc31157c;CO_51054b8a03281fd02034;CO_5ad0732245eb48b78a40;CO_6135585b98ea6822b31e;CO_6bc538975ee49598286f;CO_6f24984bd099be73a012;CO_6f76f25988ea4f8c3187;CO_73c2e083e4e933fc3ba7;CO_85e36899399df701301f;CO_905bd4fbc0f746487b0e;CO_9464be44a4177570ee1f;CO_950fb8185e719f1c2bb8;CO_97b3e84b5db5f23c51da;CO_982a4c5741648abd0cc6;CO_9abe2096a6dee9de0c65;CO_9c34ae9c681c19076caa;CO_9ef0176b250373fd2ed6;CO_9f5d77c22c5f74dddff8;CO_b20a51d1d0cd4d4e2f5c;CO_b5b73a69873c47cc5877;CO_b8cb2dcc38225b17dea1;CO_b8d07ead18dedcd1e839;CO_b969c57fe2a2ef7c96c9;CO_bb68fd7328ac93af1b9b;CO_c21af72451d75650438f;CO_d16c1a995ccb00486f11;CO_d1de7842b7ba4731b900;CO_d521f6b8e833ac6ef2ee;CO_d6f9272a493a018a93c7;CO_df156e8465ff477c90a1;CO_dfc04c940f3b91d8a831;CO_e4ae2d5cfb08c0635582;CO_e4fccfc15307174f9eb4;CO_e68259a977d847c9ed26;CO_e9b8f6a909ac89350f21;CO_ec87f1ab58524c3b46a7;CO_ecb0dae796136241ebb0;CO_f47dc630419bbb41ac77;CO_f49b714c38c729f8507d;CO_fad2f10e4d22685ca3c3;CO_fb15ed71f582968fec5d,VO_02e2b0ee87028aab4d63;VO_799e53db901f97237fb4,2,,,False
PE_3aa6f9c73e9503f289eb,2013,3,2,CT,2013-07-12,unique_genuine_volume_observation_date,2013-07-12,1,CO_048f3a500f566c7c29cb;CO_124640bf2792a0cdce2c;CO_165f4089c872b411bed3;CO_16a3e9e922b41fde13be;CO_2a0400a50c04a5c64e78;CO_2b07da543d6c7806fc45;CO_35a6c93873ac10cb4386;CO_439534579423d9c5bdac;CO_52a55057b498b3aebc54;CO_64618d974aa807bec317;CO_94abeae4cee5d344b2d0;CO_99c842680c4e5f257744;CO_db757b73dcd501203e01;CO_f6e0a1e2ac41945a9aa7,VO_6a0b2a4359249cda8c26,1,,,False
PE_3aee59a4d58fb18e7937,2019,1,2,MT,2019-06-27,earliest_valid_date_multiple_or_no_genuine_volume_observations,2019-06-27,1,CO_13d182f2d86098fafd7e;CO_29e5d8151b496ce07d6e;CO_2c535f1245ccbdd1e107;CO_4091f2c5c45d0cb95c6b;CO_4162e4a359ba93cd0aca;CO_6e43cccdee0793a0d784;CO_b6e0c24b198f97fb93a3;CO_d9fd8bb80909f6284e70;CO_df8e9474900ccac9652f;CO_e3258a34514b7d09da9f;CO_e51ff6e882b541108225;CO_f64f410744d9470ffe2d;CO_fd088aceb668709f9c38;CO_fd521e1886c5299c837e,,0,,,False
PE_3b0275b6f31aa3c48b11,2021,3,1,MT,2021-07-29,unique_genuine_volume_observation_date,2021-07-29,1,CO_235e6c042e468a0a8abe;CO_23f79dc3295e5ebe234b;CO_25d114d44f1ee498521f;CO_46c57d09d14f73d26ade;CO_4f692e0f26fb1fa5e8eb;CO_5909daa6fb5cf239d520;CO_5da85a5135da3d32e222;CO_65439b2347e3c457e65d;CO_6cce069177cd58ebda99;CO_7329aecc65d2e4d2dc36;CO_8a1fbaf0f8714863d601;CO_965aa125a2917c2984fa;CO_9aeec226c5af6b605d81;CO_a30a53f725617a6264f7;CO_a416fca7788000633fbb;CO_ac1270c5058af65025e5;CO_ac388f09d79becec97b7;CO_b65c621c6c0b475577a1;CO_ba6d3b2e12a6de2426d1;CO_bf1889006d18a1b40d07;CO_c0650c2d13bc4962def4;CO_c4b921fb6551a3b8f95b;CO_cb6ea64e2e1a105d57a1;CO_cc9cf5d8f89bae4aff9b;CO_d18b29d80a8bd366b77c;CO_df403dc0afaef6780ed8;CO_e2868eed331751cb9b25;CO_f1bdeb1b5741c6a8c7f1,VO_cf64f33e898106fa5359,1,,,False
PE_3b419c0bdb22b2b7c315,2012,3,1,ST,2012-06-11,earliest_valid_date_multiple_or_no_genuine_volume_observations,2012-06-11,1,CO_1134c0a7d44fdae1afd7;CO_1a6562590ef19d1045d0;CO_2502b2dc9bc65b9b04f2;CO_290aea937ba7ac3fec33;CO_2d6650cee46e79e06ccd;CO_3dfbfa571165c5a235ec;CO_8eff417a0ed7bc3b2a43;CO_a9a286a75a193e6b7885;CO_b49da657956793ea9c46;CO_bccc187b9613106c767b;CO_cd52c325c5f219df1337;CO_efb092e03612f568901d;CO_f1de64eac803d9604ccb;CO_f3447b804609b386f57b,,0,,,False
PE_3d9e743a00f5613f6722,2021,1,1,ST,2021-06-23,unique_genuine_volume_observation_date,2021-06-23,1,CO_034989d64798cc03c27e;CO_0424fe62ad6e0745ac83;CO_0cba2fa7ffebce9bb31e;CO_10ec7498052c63661dff;CO_23d16ccd3da4b54153b7;CO_3a8f6d79cd434dc10588;CO_3c7f572560e6d2f14680;CO_4cd6aaf3938c14259ed9;CO_57cd0d3724eb1e6fd033;CO_5a8fc0bcb9b6fcff7803;CO_5dd4ec9ded1308193432;CO_6341fe4ed7674aaa9ffb;CO_6360659f97100b35f3dd;CO_6a24e73cb6abc2bed87a;CO_6e457ff07c35fd71ae99;CO_8a43f394db6cb7535448;CO_8eebb0799014a38852ff;CO_90aa5ce118ee22ba9886;CO_9ea3f4147c0d763c96e1;CO_a2b6103a90e7178ea29a;CO_a5b06020eb2ea3afd80d;CO_b6cb293891dd62748d85;CO_c95118c20c208c0b75d6;CO_cf115dcd0d1b4a120abb;CO_d1a9cb37ec120fdda07b;CO_dc8dca4b0608d397de8e;CO_ec126983582bce25c409;CO_f1690b016b2ce31b0888,VO_fb0b3d32d82b0fb700cb,1,,,False
PE_3da987b4bbd059aa3b87,2011,6,2,CT,2011-08-29,unique_genuine_volume_observation_date,2011-08-29,1,CO_0bab82e57d7d4333fd42;CO_0db1804a6beaabd4686e;CO_28fdc24c9abb066ea734;CO_306e1605a955b73cedbd;CO_67d9697a66a81d17a51f;CO_6da3125ed2a5bc8715fd;CO_70425373a1836d6d0390;CO_7c78c0c863ecad2ad003;CO_83bf0959d455cecf2991;CO_899b9a314067a23557b5;CO_b1b9cbe9a6cf14eb1056;CO_c6f3ac57944a531490cd;CO_ec9c3833d2daef77604a;CO_fb5f6241b4e9c28e7e79,VO_257b327d5071d69bbb80,1,,,False
PE_3e1a799849bdfb1c3f26,2022,6,1,MT,2022-08-18,earliest_valid_date_multiple_or_no_genuine_volume_observations,2022-08-18,1,CO_019b6dd0cdda8a6a5ae8;CO_087cf646d8b31efe2ffc;CO_13b92326aee45b686501;CO_1515bd30998e763f9956;CO_2586991f564cc2cb3cfa;CO_28479e26985886be74a4;CO_2f30d8e2f2c911f14156;CO_318c731917609d7f276f;CO_3404e567432e7e13aec5;CO_365b31098840765ba892;CO_37d03b4246ba25e6f2a5;CO_3d8310bbeddd085a3c88;CO_452b4dcb2c2a4d9373c4;CO_453478050cfd9fde4f35;CO_45566c91c07c313987d5;CO_4cf95d140f59d0daa5e0;CO_533f4ff07f8d5bc358bb;CO_5502404569d83b543c7e;CO_586ee566947c1bf216db;CO_6a618f6b82f906a08c11;CO_6c572826d2ee2da4d391;CO_7ff0ded8c64b897209eb;CO_86bc00bf176c8b99e9cb;CO_86ca719e42d65ce54bc7;CO_8e8f006b6cf920b26915;CO_92a6a32f99def322d70e;CO_9a328e5779cdb8766d2b;CO_9c62fc31f992e53eb9d9;CO_9f6cb78c09b22a1a1056;CO_ac6a322dba52cae84c86;CO_affd505d590d998c10a1;CO_b2b9ca697e6a1865e143;CO_bc805497f86694cef2e1;CO_c0224e278f4b68778404;CO_ce98ecd83695205d2649;CO_d2ee474d84892ab06ec1;CO_e50b6b02d6d90ddc9e38;CO_ebdbdc243cfa10977e72;CO_ecd0ea4e775800fee4de;CO_ef7566db2cd23d57e4f5;CO_f214511db60e3b4eb57e;CO_ffc8ada2434f0fda84b5,,0,,,False
PE_3e80216d31c31cb94be7,2021,6,1,CT,2021-09-09,earliest_valid_date_multiple_or_no_genuine_volume_observations,2021-09-09,1,CO_024765a573d9806614cf;CO_0364c0e99a3631535421;CO_068814875fcdfb8faf53;CO_0a6b81782b5c6d042362;CO_14925bfc4198dc6906a9;CO_15c28a498e592070d1c3;CO_18beb4813723e788a1d7;CO_1c40b7658984206544b8;CO_23ed5d9b3c1e3abdd487;CO_2a783f5db09827a72680;CO_2cc06d8b10636615d558;CO_30814e3036f3f98aca5b;CO_35b6af913d6880287cae;CO_360d210323034209b313;CO_3bad7148733980ea461a;CO_3cd1fcdea81ac2349fa1;CO_3e260d53a20cb2b36514;CO_40771a76e8746afe558b;CO_40aea607fd3cb6c43d2e;CO_44e2740e4e8f1d14b3a3;CO_50def8a2be2f75661f4c;CO_51a6b5bb6e00b5ccc0cb;CO_54c78b45c6a21fd75531;CO_64cd896af0dfaaba4756;CO_65d769c3b509edc5330e;CO_69fde9ae4d7fc3f19e6d;CO_6a1c87b67347c741d49a;CO_7a6171f6389cbb707e39;CO_7b2e7211fb4f4d8352c9;CO_7f6e59dc5994303fec3d;CO_81d08c8e823c386cc182;CO_8429476daf79869660e1;CO_861b85073946e19878a2;CO_8679b80c2611a9dcb8a3;CO_8c03c4a3cde9ff15d02f;CO_9eb6dcea3ecc9b082a2e;CO_9eedf493e4d1273296de;CO_a54f200fd355db371ca5;CO_ad87fdfdb4038db7cd8d;CO_af8637ccf1fe693c254b;CO_af864b0a4f77d494f9de;CO_b368537ed2fe65023ec2;CO_b44891323cc7a2d73ec0;CO_bb60bd01547340647bd3;CO_bc9df4f80c3c63970bfe;CO_c4f531342c9623beed01;CO_cee8a6a9686f08ae3ce2;CO_d359f8b537f1888bc71f;CO_ddb3686e0d40ad1e8779;CO_e0a612f22ea3eab140c8;CO_f11ca4a63fad285451b6;CO_f89f8d0e735a91c5269a;CO_fce2b195843c63917c7c;CO_fe16263b16492350e61e;CO_fe35907591696b6a53ef;CO_ff79f15d3f2483bcb226,,0,,,False
PE_3eefa2d11be77738359b,2022,4,2,ST,2022-07-27,earliest_valid_date_multiple_or_no_genuine_volume_observations,2022-07-27,1,CO_04db56ea3df5beb6ea81;CO_0a239761346a9bb4d856;CO_0b7bbc175899c9d3f634;CO_182f419060f17d231913;CO_1a26fdc84f57131ad534;CO_24a47a476d5cbb0d00f5;CO_2ac40e9ee8d11de54e0c;CO_2f11192801e83bf30f01;CO_30606ac3b4fd5c618ac4;CO_33fc8fd5858e16b54784;CO_37406c4eeebbc02a2834;CO_3b063d4c746d45e95424;CO_3de8392541ace28284ac;CO_51a05ed5d01c888da162;CO_52e11afdbd66a2217d2d;CO_6399a3fa90215cf7a375;CO_6cba4409a28acef16d98;CO_6d271914b437b2dacc23;CO_739ec77b846ad913811c;CO_7c704ac6d22acfb5e79c;CO_87acb1e183a2b0f74c3b;CO_95f180e417e425f00e97;CO_9740a36f40109182f5f4;CO_97de5a5009f134465e4f;CO_9a2f946513a9d40f555a;CO_9a35532c7499c19daeac;CO_9af3b93b11a196e9d52b;CO_a626f7bb500b77a8e789;CO_a8178a8101eec6fdd17a;CO_ac6cccf5f44394b3fab2;CO_b7280f4e20f4971e9bb0;CO_bb6723f86f9ae288509d;CO_c5fab5e286d5f8b596bd;CO_c7e17652d2550c698b1f;CO_d0e9e19dd75d7029c57c;CO_d7a15df874f004db24bd;CO_dcf8345c0ffb7b0d7e35;CO_dff0c5b9276a1f95a8f5;CO_ef1998b7fc88a7bc64fb;CO_f5f31fbe05199882ae6b;CO_f6eae85999665a143e89;CO_f7f7b664724bce5c7c5e,,0,,,False
PE_3f0bbb475c6994c60cf6,2020,3,2,MT,2020-07-13,earliest_valid_date_multiple_or_no_genuine_volume_observations,2020-07-13;2020-07-14,2,CO_06db9e1118586aea8f65;CO_1346eb73396d16d6d478;CO_27c6c4c5f2c6371982db;CO_2923ef0ba6402c580a71;CO_2a00d2ae0ad6e50114d3;CO_2addff1326de2992e562;CO_39eb6de09e2612703b26;CO_3a3a99897cabe3d52773;CO_3e4b5a4d18376676b912;CO_477e2d13152129e72c4a;CO_4f46a48ba2f39623dd05;CO_6129bdf179bacd2c2b00;CO_6a27eece1c1658b237ae;CO_757a956a85fe09b2843a;CO_8813ec7c79121f723fa8;CO_89e2768c8763bd3057f1;CO_8acd25a355a2abe94f52;CO_8f9642d6ea2813a431b4;CO_95247ada49d22eb59f47;CO_9be3da431e0a833d2b07;CO_a4324d88baf52d56cb22;CO_a5c7586b7f3252160f78;CO_cbc2b54ff2d8262a25ca;CO_db79ca4a838f628470e6;CO_ecdaecedbd12a8c751bc;CO_f6c55a0ce33fc2c9a85f;CO_fcee7e430b7b06184e4d;CO_fed88b40aba63cac05ea,,0,,,False
PE_3f1a3adf6196ed54473e,2022,1,2,CT,2022-06-17,earliest_valid_date_multiple_or_no_genuine_volume_observations,2022-06-17,1,CO_23adf0dede5322e64b42;CO_2708ef404743fe19d452;CO_2dc625dcdf98a0bf1dbb;CO_39fb5bd005525dbf0482;CO_40a1f25b6e7eb738b6ba;CO_4391f8f1f45d20f30598;CO_4d51741118d90fac5f47;CO_4eef24c6b8248c2271f6;CO_523b3a1993db8364ae8c;CO_54b8a1fc63e5179c3169;CO_5514a9f709310b22ee9b;CO_58c73a965e924d599f0e;CO_5e74cb2ad4e2c9e2d3f5;CO_5fa0d20413793e73d01d;CO_69180e95ab8142801b2d;CO_78e89c068aba0874905f;CO_7db67cf8f985b4095293;CO_822f03538863cd9f76d0;CO_88ae1c300a05edcd2ee6;CO_8a1a476bf28efcec5625;CO_8a3e3a819b86e0e2ba5a;CO_93de0089bfe55e8e2af2;CO_a0027863dd7419e59373;CO_a45b15cf50f09a4f44db;CO_b281e0d9a45943ce360b;CO_b722c9caaa55038bc5f8;CO_bb08deaeb0e2fce9bb14;CO_c748e1f68ec1975d4a24;CO_ce54dcc9605ad5809758;CO_d1069877e7102e0b4c7a;CO_dfc53726f24bfca63da1;CO_e17c0c9d1009574b8ab7;CO_e1deeadfb06eb7f09770;CO_e9cf0653c1f1de4720a1;CO_ead821b07be2f7a7feab;CO_ed50aa5eaea849999253;CO_f292c8c5c2fe9fd30ef1;CO_f2abd3b43316e3033c16;CO_f4808239347df393db9d;CO_f6a40abcd437f994cb09;CO_f6d052705007509376c8;CO_f768df8871597bedfed1,,0,,,False
PE_3f6400cdcf4fab1e9fc1,2020,1,2,ST,2020-06-23,earliest_valid_date_multiple_or_no_genuine_volume_observations,2020-06-23,1,CO_1c49f22f6de9bd15e5e5;CO_2358a16af9f6bd7cb611;CO_23d2c2e28f2dcbc3ffa0;CO_2b5359e179b06571d50c;CO_568b13a982d679c4cc9c;CO_5c59e3fb8368911c8181;CO_884e789e91d03d8ec06a;CO_b13fc05d1ab9ceaba4d9;CO_b534010e13bea3a13dcc;CO_bce35ce6291ba5b8fb5f;CO_dfd1d4a1debd62f53b78;CO_e354f0d344aa574d58dd;CO_e6c0d7b2e62422c24390;CO_f1ef71e7945512894f6e,,0,,,False
PE_3fc5dfce0fb4c6220e16,2022,4,2,MT,2022-07-27,earliest_valid_date_multiple_or_no_genuine_volume_observations,2022-07-27,1,CO_015287fce017a7b874a7;CO_024e63e143c4b74cdac8;CO_09618747780483c8bb93;CO_098aa3a25ab7978af0d6;CO_0baee19b37f1990636ab;CO_0d1c43946dcfaff6b2b6;CO_1b3c33580f2e2094cbde;CO_2e9a77d03f78d8aceb3d;CO_35c7a070e74b4380b5cb;CO_46c935ec041f6a6e4269;CO_4eee1c20e6a1b18434fe;CO_4f0c59beadd2ebf98c1d;CO_52fca1c4244d415a9f79;CO_66fee1789fd31f863f31;CO_6ce6497ae0f296fcd9b8;CO_729c97197e2028c2ac62;CO_737b826f43634abf966a;CO_76d6a8153b2e6ea49abf;CO_79182cdeea49c82f3d64;CO_82b75950dedcca4fe591;CO_918fd44fb78c4299713c;CO_96a1a93e19030f5f9378;CO_98eb1f769cc46eb269eb;CO_9e295fcea9de874d4b07;CO_9f34c2714da8094973e5;CO_a11f793d5f24841552b2;CO_a402603dcea9982bdac7;CO_a7b2728f235e8a669701;CO_a8d248c5eda6fa32253b;CO_aad06835b82a6fd40f22;CO_ad723f42c7aba316d944;CO_b6e039438d20ed928c38;CO_bac6d66266e892780655;CO_be322fb77d654ad524a7;CO_c28c7d9c611c8253a604;CO_c4b2398ae8a65e63a92b;CO_c53d479c1827c1887c4f;CO_c8510a59a22d9e434880;CO_d84136ed3081592e049f;CO_e86d40bcfa645d4ddf65;CO_efc3da73b2241d704123;CO_fa7aec4efb728534ef32,,0,,,False
PE_406a96629a182935cae7,2012,10,1,MT,2012-08-30,earliest_valid_date_multiple_or_no_genuine_volume_observations,2012-08-30,1,CO_1da51b8d8ff98f6a48f8;CO_2099dfc64a3ea8bf92a1;CO_26773930fcd8dfa978e4;CO_2faf4c3d26b7b54b6613;CO_33e335ace8e8fbf3dfee;CO_594481e1c7b74841b5dd;CO_5db3f5a175071f9b9bc0;CO_74e521d7f76fd5d1aa0b;CO_b303d8f83f33517b43e1;CO_cb46cf928f8527e2c433;CO_cfae26288bd82e1a9766;CO_d07b0e879ec3716c1bd8;CO_d8fe6b9b76a029c19b5a;CO_da26b77becf8bcc17aa4,,0,,,False
PE_418fe61f7dcc6a6354d9,2025,S1,2,CT,2025-09-23,earliest_valid_date_multiple_or_no_genuine_volume_observations,2025-09-23,1,CO_17311ccec80cc8ced58c;CO_19e0e2779795a698c2c8;CO_1c697bc9d5b00907839e;CO_27486136f5b8a81ec237;CO_2a7ee6dda455e1d550ab;CO_52018340d5255b7d07ae;CO_52cd9c241ab06cc362b4;CO_6346fc1b001a16dd9e1e;CO_737c6b9773fa031bee47;CO_896a19677bafa2718d8d;CO_b6be463f6999751d74c5;CO_bfe790c13c358764dd42;CO_d70d2ccb2ac9e2633db8;CO_f84e3d832627c879a86d,,0,,,False
PE_41cebec90b66f3ef63c2,2025,1,1,CT,2025-06-30,unique_genuine_volume_observation_date,2025-06-30,1,CO_06ad5edd86e08ffe39a2;CO_08b25a1fb4a58b22867b;CO_094ddb88d39f86c9b2c7;CO_0b02e5f2da700d98684e;CO_0b94cd5e95afb17f118c;CO_0bcb98620ad9057f45cf;CO_1903f120adc6a5a827f5;CO_19213abb562cd9b2d0e4;CO_1aed064507e29d678960;CO_21eb478c997305f06e5e;CO_229d778e0fbe6de18dc2;CO_248840c6f5df18afa45b;CO_24975a89cbba02cb0b41;CO_29df5d7b8880bf4c5600;CO_2ccc4a0fe0c5dd3e53c8;CO_51b1d53ec0501fa05052;CO_5542f9c152f58f4788fe;CO_5904c93073387f898f4f;CO_5b761850c1f3fe504690;CO_669e3abc4db0d169114d;CO_694e3b1cf565a3c359de;CO_6d83c630042fad464a9e;CO_6f2555e982f65a246139;CO_7165f1707f7f34c15f78;CO_7170430d6c8e8a3f306e;CO_7684f0452c46035330fd;CO_77f1eef97df6f4e1652c;CO_7850e83feab6c3ccfc3d;CO_80dd61da7ce1edccaa43;CO_8454508fb369c047a533;CO_864e30ed8784e9cd8adc;CO_8a83cfe13bc4eec91c2e;CO_8ca1c1cf209e917138eb;CO_8d19ff19bf78b310e33d;CO_937554b0f5ce7ea8254b;CO_a10df83e4c647a7defd4;CO_a2302ca24fa52341d5bd;CO_a32c58ef22541d9be3a1;CO_aaf57ee8c549ef3df8a0;CO_ae600b4ed00afcdbb847;CO_b19958b86bca41859ba0;CO_bfa0ec8bdf2946547879;CO_c7bf117459b946244dc5;CO_caefd4a0410942b2ebda;CO_cf74ccd1faf1bb6fe3c9;CO_d31b04b46bdb26afe654;CO_d34b606b0eee7396361f;CO_dd5744ec739737eec7ef;CO_ef5839d610a3567ed8e2;CO_f206e82793f2c02f66e6;CO_f297a22509d7c8593c5c;CO_f4a7dcbed0eb3089f075;CO_f99b90e11b1e5221e174;CO_fbc1f9070e3c048f4b27;CO_fbfd6393c2b37ff4ef7c;CO_ffd560d182369b08a8b3,VO_a94e975f6107889a158e,1,,,False
PE_425f14902ee81a16cfeb,2022,7,1,ST,2022-08-23,earliest_valid_date_multiple_or_no_genuine_volume_observations,2022-08-23,1,CO_0d589a18c4705f5616ce;CO_120c921ffa0261995b5b;CO_132e7aecc12e9d0163bd;CO_14a79e51478113c60d5d;CO_16bc52360d608fb82af0;CO_1c8a1600842cc2a0dba6;CO_2b169d27d9e55e10515c;CO_2d67f378787ef0d92498;CO_3d80025e7a475d44dde1;CO_4c9de6a5558935f7ecb4;CO_555850e8f7f153d3efb8;CO_5a946e1b25fe7615c155;CO_5b2b722628c243e02f36;CO_5ba2044ff60c40df8924;CO_5ca78d60306335e9cdf1;CO_5dc72eb139f9dc541294;CO_5eab7d832cdbdedfb93c;CO_6ce24fa42323f70187f3;CO_718b37289a48f3e72830;CO_77c53fd8faa9cd5a5b83;CO_8c00431d1986617e8562;CO_8ef532f440c91b5dfa24;CO_94bcfe105ad50803f9a5;CO_9de8ccf0ac26aece4633;CO_9e3aa79666e2af8c948a;CO_a440868cf4311953cb45;CO_ab80b0cfdc2a6e04e67a;CO_b001bdf584fca54e3b3c;CO_b79f0b7e843f7ee2cf2e;CO_c1715e13eadea5d085a9;CO_c1fcf0cd023db10f29d0;CO_c7e616822f366fb1b5e0;CO_e28ccaa8e211ca16570d;CO_e3768df728e2010d2476;CO_e998d857e5637aa94c02;CO_eac9815a500f908736d3;CO_ecf76566a001ebbfa15c;CO_ed8c318c1a5d3e68b4cf;CO_efe9c23fecf919ab6919;CO_f7bb120e80490b714177;CO_faee1546f149729bbdc2;CO_ffe8cdb5245e8084e9e2,,0,,,False
PE_4265f591b8d06dcbc8b8,2014,2,2,MT,2014-07-22,earliest_valid_date_multiple_or_no_genuine_volume_observations,2014-07-22,1,CO_02176ff993f4b2809f28;CO_1dc43dab243ecfa3cc71;CO_618102f275d5649a63c1;CO_79d6eaa2676189eb927f;CO_7deef068fe937f6dcc20;CO_8b50fd813a5ebbc46c89;CO_94962c41e17d6142a027;CO_b0ae4a939553242565de;CO_cc85ec52984d923b9a9d;CO_d5815b3cb6d358649db4;CO_d61432d15ffa422ace53;CO_e15ebcc90b82b8e15464;CO_f4c04ff47969f3f2538f;CO_f58a80662c6591232294,,0,,,False
PE_4276db7edd2e90f04dd5,2020,6,2,CT,2020-08-19,earliest_valid_date_multiple_or_no_genuine_volume_observations,2020-08-19,1,CO_016671f59dcf2ba8685b;CO_0651ee70db05737d7195;CO_0ec89b31a9f42decb7ba;CO_1211cda3bd75c7ce12f2;CO_13dcb66d1830bc2c9a9d;CO_275a8cd33ae587d9de70;CO_60776b78d776fd98cf62;CO_72c61fcbb07da983d3d3;CO_8827685c11bfa1807efa;CO_b16ca1d304d30189b18d;CO_b3a8e0e1f9ab1bfe3a36;CO_c37fd5582393747ef03b;CO_e290edb1865b5d2c5c05;CO_f0687ba079b3efc06fe1,,0,,,False
PE_428d2603a778e905a134,2014,4,1,MT,2014-08-17,unique_genuine_volume_observation_date,2014-08-17,1,CO_0e8f1c3731f56ff55d9a;CO_184097a88a9b4ad9a7ab;CO_24a720766ce095f18386;CO_2fad7ac7358542213743;CO_61a229bae1e90331edd9;CO_626db24b2ef4f14a87c7;CO_7cbd0054c41931bf1397;CO_9461c3dfd20dade43317;CO_94d7eec57ab8cae1dce8;CO_957b4de48fd8d8a83cc5;CO_b630babcbdb1bc9eae05;CO_c5cb1d3a85997f4c3b4d;CO_f73e0ed1704e0cdcba18;CO_f7961248034a58c430ed,VO_dce6c54b1be0a01474de,1,,,False
PE_42c8ab0c8a8eb2aaa7dc,2025,S1,1,CT,2025-09-23,earliest_valid_date_multiple_or_no_genuine_volume_observations,2025-09-23,1,CO_47c5fbf51c636da0b483;CO_5b12bb4e8bd8bc9ede72;CO_8cfe9368cdb75b1ce83f;CO_8f7fe557bf81f8ce973f;CO_9990866c30ffb9417c77;CO_ae02244895eac8ff17ee;CO_af1e47985056a8a1edff;CO_b192c9bbefcbd7b0c7bf;CO_b996521be9c996db3560;CO_bb76b704fd0dcf8ca008;CO_c2f9a9a48cc4a00cf1ef;CO_d26a091bf29c58cb3e78;CO_dd8c8d131c8f467c5122;CO_f3c8c9975accf03ffe57,,0,,,False
PE_42eb29bd3d8b55596b0d,2012,2,1,CT,2012-06-03,unique_genuine_volume_observation_date,2012-06-03,1,CO_1f329cb02948dbcd0abe;CO_314c8125db7e2d4c4c5d;CO_38fb740d5d2b20d24b96;CO_6357a746f820763fe206;CO_70bf62046119ba0529e1;CO_70cde17fb562dd3e0037;CO_7160a20005ff0a8b1543;CO_73475cb40a568e8da8a0;CO_800c8eb998ffd449e7ff;CO_8a0c5ebdadc0818d5f8c;CO_b8266706c32c83c0b64c;CO_c28474616c0273f299e9;CO_cb54dc2b78efb611e997;CO_ff82f8369bf72d2b706a,VO_a11871cf7456d3a63125,1,,,False
PE_42feb90a12eb2a1656cd,2015,4,2,CT,2015-08-07,unique_genuine_volume_observation_date,2015-08-07,1,CO_0eadf1d576bd3ec3f0e6;CO_171c6f4dae85c56846b8;CO_2f619d680b998bca57ae;CO_38e2810d3b1292eb9926;CO_399bd91a2b1e5ebdb54a;CO_41bef2ec14f0edd1df07;CO_4fbb9cf6972a100cd12f;CO_5ebd37c182b68147785d;CO_6f42ae6ab479ee169805;CO_7e84b7064b47ed05c8b2;CO_8ae4c23b80d1e7c8ff79;CO_c3938f1bf0318a52d176;CO_e9d079d2b4788dfaf03d;CO_feb03e374eba01bfc933,VO_6355e5c9fbaf1f6c6d8e,1,,,False
PE_438127a754ce2a504c09,2022,2,2,CT,2022-06-30,earliest_valid_date_multiple_or_no_genuine_volume_observations,2022-06-30,1,CO_10819cb7dc2cc23bb74c;CO_11af7b35c78806384acf;CO_11d1726fcc6f78ee8110;CO_162fda1c3929b763e2d8;CO_219de1387a6743e583e8;CO_227ff6c6a0e45fbfb355;CO_2c3da60c20e7ead40e3b;CO_2d87bf8c9d80ac79caa5;CO_2fe98face8187bcd9a09;CO_3275789f0744ecd50f95;CO_33ccfb150ae0a432a11e;CO_42934cfcf4c0e9c001e5;CO_5f98ca7fbb1f10897d24;CO_626b04e1b9a06e8e8037;CO_73537fa77b1f493e2a65;CO_77dd766ddcf32b35f27a;CO_82a93b152b275d4c8de6;CO_a01939fb3fb61c027734;CO_af276dd998e0a97b2285;CO_be85395ab6c5d48f2158;CO_c2c358e9dd15de843316;CO_cead18006a4de84ec215;CO_d464f7141af4a42f6579;CO_defaef0cc4def073f697;CO_e0c7bfa5b8e4ae0cecfc;CO_e2c57f66c3b93e6c3765;CO_ee79cb988b51dd93d408;CO_fad763a28d1e0fbd18ad,,0,,,False
PE_43f0020c0e87bb28cb4f,2021,1,2,CT,2021-06-24,unique_genuine_volume_observation_date,2021-06-24,1,CO_1498172a195a73ec4ac7;CO_337f683f86185141f92e;CO_41e63a0f95d9b2ea3c53;CO_59a46b111fe459b58a17;CO_602d528c05ad668f1f0b;CO_65a98449f077aa958ed8;CO_6bacb4f243d3b09e9baa;CO_6c791ec2d70d2d442b9f;CO_83e276764a37a6a5f1e6;CO_83e3b6f2a1ce99e9960d;CO_85d12a96eaa7ad0c85a5;CO_8a9dd8ca8317aa590c6b;CO_8b37471d78e85ad80e5b;CO_900149c65f11e9d2e40d;CO_98144d79af44407273f2;CO_9c8dd327d0f259b6facd;CO_a41c69a6d5128334125c;CO_a9890cc22bee5275b5c6;CO_b1585fdb272b31401eaa;CO_c0bfde62b169890693f8;CO_d1943935713b9c4a8594;CO_de097dc17ed80eb87dd2;CO_ee375f966141d53936b0;CO_f18af665c04861d0e2d8;CO_f86545578247ddc9ee53;CO_fb1263670c1d9ae63e2d;CO_fb14971deacdbac4fb19;CO_fe0bae021682b307e3f1,VO_c943d53851f3839149c4,1,,,False
PE_44c3319c1ae4491d3b22,2017,4,2,MT,2017-08-03,unique_genuine_volume_observation_date,2017-08-03,1,CO_1fe326350ef119cf8cfc;CO_2316976671a73ea94809;CO_2a3d253e5273a3e67096;CO_2b79e83ac9a03786ad27;CO_2ec950ea98c80e146cbd;CO_330738f864d9b53f2ffb;CO_49b3fd5d946ee1529c0d;CO_4fbe32f6dfe4b6f4046c;CO_524b2d27a1e7fbc3a161;CO_68a3000ba991ecf04ad1;CO_6ab2c7d137d32c3a3a13;CO_74f936a9cfddbc010d5c;CO_816d797f1f1c71bb6104;CO_817944c9c68564a039ef;CO_841728e957d9cf822b7b;CO_95c439fa420187aef313;CO_9644294ac4ffb3091eef;CO_994fb385888cf27b9197;CO_9da4bc182d756207e6f3;CO_a48317286e0445e80709;CO_abe6c5838bf22b825feb;CO_accb670635b3106ae838;CO_afdcba2e170f8107dd68;CO_b883df7a787c316c7bc0;CO_c0db1a8f10c8b6a2c1f6;CO_d10b10eb4638e95c30ec;CO_dcb66bc3eea43230a8e9;CO_f99ade488c8cd207cf38,VO_5fbdd100fffff361e2fe,1,,,False
PE_44d1a7f433fe780ac78b,2025,2,2,ST,2025-07-14,unique_genuine_volume_observation_date,2025-07-14,1,CO_01b347421433eccdad2e;CO_02e6ce02541269e4c44d;CO_043abe2dd08872fc9ecc;CO_04529e7d46fe7afd180b;CO_05b541c3795a0dc08d13;CO_09e2a24866a292c6466e;CO_0a3ddcd71cf30a567070;CO_1020a49b41b8d5180b49;CO_103330f9cca654644935;CO_1bd7fc33cfbd421f7541;CO_1c4fba56f321870ca2e4;CO_2432f63cf0e11221691a;CO_2a8f5beb6c72a4f38929;CO_2dce001ec7d6c0047db6;CO_3223a2668ffe26ecc789;CO_338d9ecfd128499d5e8f;CO_38177ec3e146433b4506;CO_413a58a9815a8c2e054f;CO_44246e7c147681e311b4;CO_49a57aab5a13e0550685;CO_49c5a999428a9857812c;CO_4a14392c43d30551a87b;CO_54bf198436e21aca8c3b;CO_5f8d869fb478ab996da5;CO_61e04b121a1ec13b557a;CO_6a2383b4296f4b0c4888;CO_72805ff7c0f210f3aa6e;CO_74f71382d09d6d1ae008;CO_7f8bffd14d76f3dcf3b4;CO_7fd052bd76eb71475b03;CO_85119adc6712341d88d9;CO_88a694734e157d0b43f2;CO_8dffa27b8f5d970873f5;CO_905803baf53cd5a38b7c;CO_9f1852598c61072889b4;CO_a5c44cf41754d8cc7b5e;CO_aaf5060b9517ba4f550e;CO_af027c99e4a2e18ae3b2;CO_b09930e5c8ed414f8e19;CO_b2f1ef6f11dfc56009e5;CO_b8e5918871d490fedab8;CO_bb084d56180809c62776;CO_bede649d3b3ecaf50354;CO_c50f690cc8d007104364;CO_c812fa553afe69903355;CO_ca0d9e7273c94d6e31d2;CO_d118ac9423cc4c9e01fb;CO_d3cb38860bb2775f1e80;CO_dff17949eb4f9ecd9361;CO_e11c31f932479c4fcc77;CO_ecd50d3a4d8daad2bd59;CO_f2c7577b7d2afb095262;CO_f378b36241ad76f9ad2f;CO_fb3e2c0015ad5bcd60d7;CO_fbe10beedf9d29cf5313;CO_fc6ff81abf2253bf5737,VO_294a680769b71029116e,1,,,False
PE_45cd079098a5ce5a4947,2020,2,2,ST,2020-07-07,earliest_valid_date_multiple_or_no_genuine_volume_observations,2020-07-07,1,CO_0513586edfbcfcc6baba;CO_0c38972c44d623312ef3;CO_13c9370b295bef6567cb;CO_15310fd04ea644831030;CO_2869acd96e48f8fa89c8;CO_2df0e8de354ec88cad86;CO_5658b88806a236b6439a;CO_6ac10f60bdd13dca63a7;CO_6be598179d8e68ef7322;CO_70c766cb85e3b1d3d9c6;CO_97e813e282df93b3b5aa;CO_b3ce9f4027b8a88e2d53;CO_d28f3cd3faf63e09eee0;CO_e3099c0989937183e695,,0,,,False
PE_46cc9f71204f4afd638d,2020,1,1,ST,2020-06-22,earliest_valid_date_multiple_or_no_genuine_volume_observations,2020-06-22,1,CO_08cc82ce6856c15c713c;CO_41ef81d7f6b07faacbe3;CO_5c7b55dd4c978558ebd7;CO_612111a352a571cbed39;CO_660d14b52420b83e0d5e;CO_9674b1f53ad3b01c8b4e;CO_994aa605e86d263f1818;CO_b19eaa4c809510725e30;CO_c0438e3c5c6df484b58d;CO_c94b98f609241fd9bbc1;CO_da5d26410ae112bfd251;CO_e3d3d4aefba22a5e1989;CO_e44a1a76609f7922ba16;CO_e47f213bd91f57803c67,,0,,,False
PE_47021952abc7ade62c23,2024,3,2,ST,2024-06-12,earliest_valid_date_multiple_or_no_genuine_volume_observations,2024-06-12,1,CO_0315b4020af3eccab770;CO_0892c6a7aab47644324e;CO_08c048c27d0d227643fc;CO_0c73ebfedfb4af1e074a;CO_0dac761b2dabecc3d8b9;CO_10768c26fcd6821ec7cc;CO_10b147100023e52c10fc;CO_1b4933ea0bf36da574d5;CO_1bea20e1df19b1201397;CO_1cd4f57251bdb116d210;CO_20825d7b541755bfaa4e;CO_2a649680041ffb7eac69;CO_37681a2a5b6bb0e0725f;CO_39e18a493b913441c12f;CO_3b29bbd4908a8c52f5a2;CO_3c284b22aca0d68986b5;CO_4bf983753a3d8b68554e;CO_4edd2dea18c70c3637b5;CO_57cf23f3987229992c76;CO_58bc5b2df18ca14a85d7;CO_5d1b67c4f5ebfbc63dd1;CO_656d5be9b84397105dee;CO_6d0b62b434bb67f0d5ed;CO_73a2af8864fc500fa490;CO_7a2f77d66990586ab9e7;CO_7ee3819bf62f7e4563a2;CO_821a317ba65d56d7ce4c;CO_89be545c95f75dbe6463;CO_8c824fed9493327864ca;CO_8f33eff9c330b9e8348f;CO_9284d61c8c2ba62b951d;CO_9cd09f74a7539021b21e;CO_9e25d9e0feebb92178df;CO_9f828040885b72e50b5d;CO_a5ccb1c538e34663a658;CO_a72464fbffd235461f4c;CO_a7c48dfef404ea5afe4b;CO_b123f95a5578ac2ffb57;CO_b1ab1e892617f210425f;CO_bcb4120c968451034441;CO_c03a6aa8f86dcc70cba8;CO_c0480cd61fb7be83ba01;CO_c051626e6113466d9e8f;CO_c34ae04b892e736bd3b5;CO_c4e4983265729588b857;CO_c91a1ad0b6bf41aba976;CO_c9fc50d76c262e04827f;CO_d398b29d3dbbb9bf201d;CO_d60967806d802e03bbc5;CO_d6b905bd0b0fdb7bb999;CO_da360c513cf899bb114f;CO_e1a34e2c586d69650d09;CO_e5f74ebbb1e7e6414dcc;CO_fe5d252481f2aa5634a9;CO_ff73643bd53c7f0b856a;CO_fff81139a7dd8a3a48f4,VO_083a872415336ea4ad13;VO_bfefda932a369a72a060,2,,,False
PE_47319afabf95ce33e7fd,2021,2,1,ST,2021-07-08,unique_genuine_volume_observation_date,2021-07-08,1,CO_02cf62656564decc5413;CO_067eb10bda23eb93cd7a;CO_10dc03a53c9fbf15262f;CO_225fccbcb71c7abee40c;CO_23850eb82a923c694afc;CO_26480e35744242937953;CO_2e5161a1f7244d5bf7bf;CO_36c724038439b8370d41;CO_38ff7f12b85d8339316a;CO_5844a72aee9269a68da2;CO_58cd26d1a37f438d15d3;CO_5bb0f65e319b77d86a52;CO_6b1122b060baf5aff4d6;CO_77a37eb9acef1e6a49e5;CO_879b3d231a662e8d1486;CO_a19fbf8bf0530ca46179;CO_a2b0c6bab7f2fce6addf;CO_a42e815c58f3977fe531;CO_c0e44eee2bc8fd9d22ba;CO_c54437a17218bf679a11;CO_c6bb15225eca43aca18f;CO_c957dd3c04aafa70cb96;CO_ccd5e4c20eae9e4ada72;CO_d0f0593601de6483b185;CO_eddf73e172f0ed271bf5;CO_f34992fefe7aaf05b041;CO_f5e9b69ce10f94f87e39;CO_f77030293f52196bb465,VO_8cad884f7ad931461e82,1,,,False
PE_478d3c0884b4f50a8523,2011,5,2,CT,2011-08-19,unique_genuine_volume_observation_date,2011-08-19,1,CO_03877c1e2095cfd51ad3;CO_067ea1716caf605b5ba5;CO_11cc3a8595218a3523d9;CO_41966e55400c17d81139;CO_43662a57a9cdec8075ed;CO_5abc1ce2653dcfb7ba3b;CO_6127cac3426acdabcde4;CO_670671cd97404156226e;CO_6a73d2b8c913a6ad8d8d;CO_82c7725c70dc3411afd7;CO_934b7e8be96ba59ed825;CO_945cd158a8fe1bc2c9ce;CO_c1698979b983b2654905;CO_e324c90d6c7dda4a7022,VO_7c0af5255edf2ffde077,1,,,False
PE_48332f955c6c36e57528,2020,6,1,MT,2020-08-18,earliest_valid_date_multiple_or_no_genuine_volume_observations,2020-08-18,1,CO_1c7ef3ecb922f6fe654c;CO_2163909115c0f6f1e638;CO_26479677d11644f9c3f5;CO_265b0b21bedad527f6c2;CO_29d41fae5f59df0fdb2e;CO_46d4b8ad705c555d8f4e;CO_48edac0718a29c1157a2;CO_4b4c041692a0b4a72acc;CO_4d578fd7ecf82962ceb6;CO_51eb691ea232ef7517b4;CO_549a2fac47d713cc00f2;CO_66e3d2ac55fec606ebab;CO_abc9f91be5b16b673b52;CO_b8397e7c93136aebd8ac;CO_c630fa554a3327d2a262;CO_c69f0baaa1af7cebe999;CO_ce2c4dde1a8596030185;CO_d190e7989e6b501bc3e4;CO_d3366ba5a450d071e4c0;CO_d83c7ee736be931d85b7;CO_e144d6e018ccc3d41f76;CO_e69d287e5d5ed5b9201e;CO_e830a0d7d5f303724e64;CO_e9297a9f26942ce6d80b;CO_eace48a195da1586d8c6;CO_eda7ca2e850cca251030;CO_f0e615ec1be3b25c5810;CO_f5487450820b4381919a,,0,,,False
PE_4867a66f60d5dfebd5d7,2019,1,1,MT,2019-06-27,earliest_valid_date_multiple_or_no_genuine_volume_observations,2019-06-27,1,CO_044c6bdac5a0c3e6c215;CO_0c9e88b28d11dc49eda1;CO_137aa6b571ed269de0c0;CO_1dce0fdeb3a530efb720;CO_29d9c129c3e755f6bd3f;CO_63727ee4cff30e597899;CO_89066965854a12f3e67a;CO_9e0b048802062f22edb7;CO_a6745bab61af13d9e0bb;CO_b6cbf3829f323ff95219;CO_c8f5600f3eb7d801a067;CO_d26eae87829adde551bf;CO_f0955d58cbd453950326;CO_f79aea405df31f260640,,0,,,False
PE_49484da33f0ea698b83b,2011,4,1,MT,2011-08-09,earliest_valid_date_multiple_or_no_genuine_volume_observations,2011-08-09,1,CO_05a17f01442128f09861;CO_2fe269ee87e93bf6009c;CO_3b731d7620bf723f5df5;CO_5f0e1cb8c12ada13393d;CO_78c0781a0697b8212d21;CO_935ba38aa1d937085e13;CO_9400f1b21cb527d7fa3d;CO_abdbec893ecc2f2b7f74;CO_bff039ee06ba03e7857e;CO_c55816df902e148e1e96;CO_c91d793d0e481d8b9069;CO_cae0b8d2088e7df75a0a;CO_ce0def455fe638a6c621;CO_e7b4e9967ffa8e6ec116,,0,,,False
PE_4998c6ec98ba5c91a95d,2017,2,2,ST,2017-07-10,unique_genuine_volume_observation_date,2017-07-10,1,CO_0219f19cebc27ab96367;CO_0371fc7cdb0ab35c882c;CO_0c56061ff68289f6321d;CO_11a9b760a24b6d4f83ee;CO_13908fe4d3eb986b2465;CO_19c52b3336e86e568529;CO_24a3dc9b4497509fc8fd;CO_27bb63ed6f711388cd6e;CO_2c29bd822988ccf7b83e;CO_30697f786f60ca6eac89;CO_377adeb4cd4096adc7ca;CO_3b49f43126bcee19b9a2;CO_3bce7fd6adcbba389c14;CO_3f6a4f3021ac288c0e0f;CO_4044d96743cebcaa244a;CO_570f9eac085a01839731;CO_58fba35ac3591d27507b;CO_5ba38c9dc42999c432ea;CO_6c1ec2ad4dff71c654bf;CO_7299095f1365df19ecc6;CO_73d16bdd2edd47670853;CO_748064be03a08df81e31;CO_77d84ff69f7804edc3d1;CO_7a20311cf7a4b222d436;CO_8636ae50d949e79089ee;CO_8d3e3fa0a4294fb5cad5;CO_8f97bed7c6ca06519b32;CO_94cf0ae7ea8f7f609edb;CO_9ecf536cd10f503bffcf;CO_aaa33494ff99c63dc886;CO_b041df3cbcfbd9a262d2;CO_b21b2845209ad0b04ac5;CO_ba8a01fe984ddab6912f;CO_bc7fe627d446aa7bf9d9;CO_c6cb970822a655e879bc;CO_ce741a4b1dccaa73955a;CO_d41faf2b02624edbcdc0;CO_d886a46e106fe104caf1;CO_dc4aa707636ec734bb22;CO_e0a19cbdac9fda12364d;CO_e1b9005b2bd9380bf2ad;CO_fb8f425135d38f1ed012,VO_6032d4008c90c5151853,1,,,False
PE_49de8099f0ba88b76279,2018,5,2,CT,2018-09-23,earliest_valid_date_multiple_or_no_genuine_volume_observations,2018-09-23,1,CO_0f0ae0e102006f962b8e;CO_0f78540965a86402578f;CO_13324c96f0cb855057d3;CO_1db2269b74d1467affbd;CO_431688497f68c8374441;CO_4d9960e7326e106744ca;CO_511425f1125b98b09c7b;CO_9f54f400f5181981257a;CO_ab213cae5e258c0d4d2e;CO_adefa1a7ea75d4c389dc;CO_b2b48d24f7d0790f675a;CO_b396e3a3562e90d91be0;CO_dacd7a0c27ed8860507b;CO_ff254ec87fd41410a8bc,,0,,,False
PE_49fb6cd53fdd5e458f64,2020,6,1,ST,2020-08-18,unique_genuine_volume_observation_date,2020-08-18,1,CO_0ecddab3bf18af807d71;CO_1ef758a1f02d0bb37207;CO_27a545b08261f6e77cc0;CO_2c73b3b9ed664a184cdb;CO_3b38239024a8c579f48e;CO_3ed2e4a3503420d5738a;CO_440dc45d7eef513f51c1;CO_48f89b630677c2cbb70e;CO_49fb5ac23fa3ccfe6ae3;CO_4e3c5e205b598b4834ef;CO_50825d7e9707bb6cb23e;CO_5458860eda81d58c3034;CO_724a3dd761e510535fd6;CO_8fab5b1e7ef4a4532091;CO_914a319c0ac806f2423d;CO_956b130106fbc0890b7a;CO_a66ce68fad6cf229fd1a;CO_a9ffbdf317b2dabf198f;CO_ac2e0b4e3cea7d35ddde;CO_ad310461282953096354;CO_b117abee66f338747aeb;CO_ce22f67039918cbb320b;CO_cf4823889ca0ec0f097d;CO_cf6d3750a4020fa2b6ba;CO_d8b6c8584a99227ec618;CO_de365ef3ab068f4d6611;CO_e04956cddd83cd4418b8;CO_f626051bc94422f26f4b,VO_baf9f63c0deb41dfe82b,1,,,False
PE_4a45291481f1020c04f7,2017,6,1,CT,2017-09-06,unique_genuine_volume_observation_date,2017-09-06,1,CO_0670783b46c5906cf84d;CO_07361d83fcd20a07f7b0;CO_0e05fcf56a125fb7285a;CO_1219bf7ef233f04506fd;CO_12e092eef5220a2d32c0;CO_1a6b8d0b17c1d67b24da;CO_1de5495d95a18bb628eb;CO_201b760f28c578dae0ce;CO_24250bf69bbdf1a9d687;CO_24905ca828f4c6e66547;CO_338b4dea5367b5044969;CO_40cff1e121d2b5a192ca;CO_4978f72a379aaa535c5b;CO_4cb08c34129a8e85fe78;CO_4d46fbee28b6c5af286e;CO_57fb0303e4a6845cd7a1;CO_5ecebdecee0df0160153;CO_62a0eae98b9fc0bd0ad9;CO_663d3518ca0be643b452;CO_6bfbc415b3a186d99a8a;CO_77dd2425c60d05c59c3b;CO_79c56d57697ddb331d1e;CO_79ef20635e7df738c608;CO_81b4815f8fc71bd444bf;CO_838f461c2fa673cec73e;CO_8fc750f6d387270884c5;CO_9197e4844abed2fea356;CO_95db85f998543c1987b6;CO_9c80d3de185ee8623264;CO_a61c5cdf78281955d9ab;CO_a9e8c3f9bb6d58e5ee73;CO_bc2ce35e554fa0feda8e;CO_bc49610ac7b4e130641c;CO_bff52e315911841fd68f;CO_c3574b9db63ba8ec6762;CO_d19828eb64fa5dea8a93;CO_dcbff8f66de95d7c6148;CO_e2d661f763c657df73d8;CO_ed946f65d2c785d90e82;CO_f64ee82a9f4a04515280;CO_f7f9097ce91960fea065;CO_fd77ae3ed92c65f6ff3c,VO_7b50bddda5a470d3baa3,1,,,False
PE_4b3ed7bf50264a74706d,2018,2,2,ST,2018-07-09,earliest_valid_date_multiple_or_no_genuine_volume_observations,2018-07-09,1,CO_255845886a7695c074cd;CO_27cf14dfc2232b941066;CO_2b22003f8c439faea35b;CO_39eaae5bce4a058a8d81;CO_3b032039238673d0f349;CO_48b361d46638bfa4eee0;CO_6b2bef2d56c2a4346a35;CO_9286c9820b0c1c392ec8;CO_975d3bdc01c9385bb50c;CO_a81824dad073f33ca3e4;CO_c2816cd4c92c72ba67a6;CO_f16592d12000ffca0f11;CO_f3d65804d6475e068e3a;CO_f9a78464d1428b03ed04,,0,,,False
PE_4ba63451b7dc89c0a556,2013,6,1,ST,2013-08-19,unique_genuine_volume_observation_date,2013-08-19,1,CO_133a0bfd1812bddbeb47;CO_1dde21d9dfbe48a35ea7;CO_2747b7c718564ba5f066;CO_3de208b92f9e28141b0b;CO_59f709983a36d35350ed;CO_6d199e0e98321ffa0c82;CO_88a684b0127c48ea5e06;CO_8c0b66d905f165b50e3b;CO_91cf42608863db6dc767;CO_9250fa378fe370ad3bb7;CO_98c173532449cc8c0bd3;CO_9c73ed825c15f3587dba;CO_e7a2e37b6eff81fac25a;CO_f97350101e1a9de922bd,VO_e85a21b196db34d50b8d,1,,,False
PE_4c355f124b8d8c67fa55,2012,2,2,ST,2012-06-04,unique_genuine_volume_observation_date,2012-06-04,1,CO_8dae77b971110e327e4a,VO_c2f04254c41defae8e44,1,,,False
PE_4c80e607422dec97f0c9,2014,4,1,CT,2014-08-17,unique_genuine_volume_observation_date,2014-08-17,1,CO_058b346de9b51add4eca;CO_0c2dfda47ccd58d48103;CO_125354fb3655fc244db0;CO_128e64f2e29c1567bd80;CO_1672dd4cc2c449cbf3cc;CO_18959bb5d775ec360e13;CO_29c10fe6eae33d871c74;CO_29d6a91ff1673dd98f4d;CO_2dc366499884c061264f;CO_2ee8ae59b9c64a469ad1;CO_37955dadf6fcbb3978bd;CO_3806ffaddc3b7f717ccc;CO_45fc05919ca9ce8bf340;CO_498e0c0c414c0bf03615;CO_52f11620e397f867b7d9;CO_543873eb2e124818fb08;CO_54adb0945bc8d52f49e6;CO_587a490557627756d252;CO_5ca254b5de5623c19fd4;CO_62c488bbaded8ff5903a;CO_6440e6a91202aeddb45b;CO_6527ac2e8ca178a7008b;CO_72188d5dfc1bb4da4906;CO_7323374915f195ab9871;CO_7811e7c165a37572a04b;CO_7b30a766695a557df4ba;CO_8506ef9d3ccb38bcaeaf;CO_8f7ecfeb87f4d6a4a0c9;CO_945a141cb05fa2d73180;CO_9744e9b73c0e307ba400;CO_9c499c3ddf63c6ea23a4;CO_a5ba595e5571c2a92676;CO_b8aed072d29403ece56a;CO_bd5de78bb285e5b643d3;CO_bfa7634640c53da7cb5e;CO_bfa842b2aa7941bd0cc4;CO_cd444afadcc6aede3f2d;CO_d2b7fb53758ababe5a84;CO_d59188b6ff92f62220da;CO_db7fee9bb2dfeb88f5e2;CO_ed893e02d0d3b0c3e4af;CO_f9b4948c344be99703db,VO_78b6b3846b672a1539a9,1,,,False
PE_4d317db65fbb1df71b52,2017,3,2,ST,2017-07-21,unique_genuine_volume_observation_date,2017-07-21,1,CO_0791963ca2667a23cf32;CO_1b21182d31e4941b4dcd;CO_2452984f72ef1195df62;CO_3b1ede401a9bb1d7e947;CO_3fc7cd951ee863cf92fc;CO_454f6d6b53d316b361fc;CO_497e671df1de83a45eec;CO_4a6ab875abee1175898c;CO_506479eeca6184b20041;CO_53b1751856e39e4be69e;CO_5426d2ca50f244fb43fe;CO_55f117190cf14fd7eb22;CO_5ded8087d1f637b2d595;CO_6f8b2a214159853ec93f;CO_76a23395000b22f2e62a;CO_8184310cd109ff034b0a;CO_89d6aac5e0b914e3b828;CO_8d99af9470d4a657fffe;CO_90b8243fdbf5e03d85ff;CO_9721a688c72f468d8e5c;CO_989e93d58ab9eaa370ff;CO_9b7db63b1e95c2891660;CO_9f5a173c2d695fe86a12;CO_a025f0314b164d72f92e;CO_a4ff3ad278c7b0575a8e;CO_bc376c49a32bdfefa48c;CO_beda66e7862b7ad41c56;CO_c33de0ad08dcd16ac857;CO_cdc564d942a323f00570;CO_d283bf98a4b228322f05;CO_d346608c680087a88090;CO_d55a6ae3aba2d301e18b;CO_db00b1295deb4aa9297b;CO_dd3fac072357758b41aa;CO_e56b47d2847f2d682a0d;CO_e5b82b15c2c265c2733d;CO_e991d703329d35bbb1c3;CO_ea9db7a9f75b3ca8ac1c;CO_ebb9b72d301daf862b36;CO_f194bd90b49fbd43be75;CO_f1f6c6ec6821a26a7b16;CO_f534bfa4532c5242317c,VO_07e8a091c61e0b8a7f24,1,,,False
PE_4ebf629c5dd531a50c12,2015,3,1,MT,2015-07-30,unique_genuine_volume_observation_date,2015-07-30,1,CO_0e6523810856a138a75d;CO_0ebc7bbafaa0e8bcd1d1;CO_1224bf20e700e0adad12;CO_161b0dc38c313ee89dcb;CO_2036f83ce71f236913ff;CO_317ab38a42b937fe3c63;CO_3c4ee858b268931acbb6;CO_419487a66d85c8f86b54;CO_51815e0ee9dcfccdd8e6;CO_54e54c775717bcde0f4b;CO_5db1fee4b5703808c480;CO_6468e22921802c6d2264;CO_6c663502b8bd484640be;CO_71af38d89c9daeec9f96;CO_80d1f44e05395f8b79fe;CO_83a0a0655c53f1f157b2;CO_8f1f64db81c40ea10e1e;CO_9483569b25b9e0b558f1;CO_bd6ecf2f23cce0df0da0;CO_c3fc742394a48333dd2e;CO_c56b598065968074ebc3;CO_cb815acba4ed6bc96fc3;CO_e63a0d451289c84153aa;CO_e76a469e135c5a7434f2;CO_ef798f2b78c6e85e821c;CO_f14c5bb83d357b034a6c;CO_f27e85920234337206bb;CO_f548d6697dd29f405ebb,VO_d726db7cac8af84f3989,1,,,False
PE_50834006bf4af0c32f60,2023,S2,2,CT,2023-08-06,earliest_valid_date_multiple_or_no_genuine_volume_observations,2023-08-06,1,CO_0b98b12bd1b37d298218;CO_0dd3ce9dbf346132e921;CO_1a42d5267aba37d7057c;CO_3283dafb666d9fddf152;CO_332335c75615ca6e5a5a;CO_416c6556e9aac3efdbb1;CO_4b3d0e48caf0f1eef870;CO_75cc7328c04ad5dec3d9;CO_79367e48230310e0bf6a;CO_beff790a9715a7da02c0;CO_d04babcc634473e9751e;CO_d554f1a19f5ac3d3144c;CO_d5b8627872e2df109316;CO_e90944ccc2fb90d43be8,,0,,,False
PE_5084a07101a28e5fba2b,2013,7,2,CT,2013-08-29,unique_genuine_volume_observation_date,2013-08-29,1,CO_0dc732c14f4b4da35982;CO_11f4138f4d6ee3c5d5b8;CO_13671077b66a29874a25;CO_1a145b425f30663a2d66;CO_30577c46e2620652d3b8;CO_42254207576dd1cfb7d0;CO_8863a724de9199948dd7;CO_9fc19ecb4bc1d1368393;CO_cb755b89985428274245;CO_cf3ff1a00fa1836509df;CO_e40aa9d56ec908c9d868;CO_f258849b08ca24e88daa;CO_fe75d80ac5406ec97bcd;CO_ffca45d6539eddf6e5e2,VO_222c2bec9a2dfd372bcc,1,,,False
PE_510406c16da87dd620cb,2022,1,2,ST,2022-06-17,earliest_valid_date_multiple_or_no_genuine_volume_observations,2022-06-17,1,CO_0220c6a16450e3083b98;CO_031299c8c3ea59d8054e;CO_03f65a290e11d78647e5;CO_06448a85a9ffecfb8cec;CO_06c5c96215f97d1d6bb8;CO_158f3b1a355d5f64c77a;CO_28af0d12785efe04f625;CO_2e3df85d3a1b4ddbf1c0;CO_32ff84795595d0cb24f6;CO_3517a0cd78deae06eb49;CO_38f13ba4550b60ae975c;CO_38fc95162021cc1a2c05;CO_42d9972e972e40956658;CO_4a81e18c7d762fcefd58;CO_517f3d558b40ec83cc29;CO_578d3d09792db0060030;CO_584f719804cbb166c427;CO_5c2e13bb6c475cb7e036;CO_621cb5d0bdea9584dc9f;CO_7599dc4548df450045cf;CO_75d93dbee6612095e770;CO_78332745628ea113b091;CO_8fe5f40fd0363af88531;CO_9607851af30b1f5b2c0d;CO_971da1f0faedbf8e001f;CO_9a1ea25be6d21e2401e6;CO_9cda552242fdd5c7c633;CO_a36e5cc22d518b642b56;CO_aa3225c1d9b2cfd9a686;CO_af1a52852d2bb89f0931;CO_bc9233c49b68b1a1df27;CO_d6861565a3d4e63d2b5b;CO_dc8feef608bbce2821e5;CO_de7b1406cc42f34ef5d3;CO_e172e24d3024bb7c229c;CO_e4e9e181856482c02d32;CO_ef01091e6ef3295ab4a7;CO_f3457dabe1b412ed6374;CO_fb84a9739699e1a2c6c5;CO_fc5ef796c3ec06ab8daf;CO_fdddba02b7112af43e6e;CO_fed1aacb012fb42a9c56,,0,,,False
PE_518a902e850a37a6e1f7,2016,1,1,ST,2016-06-07,unique_genuine_volume_observation_date,2016-06-07,1,CO_39228ef8906495f28bdc;CO_3d48c535d39e37fec30d;CO_4cedaf7dcf3a15cd223d;CO_5021b003164daeb6fbbd;CO_59921458259274f68347;CO_5a4b2cdca6b0563f5ffd;CO_5aec55001b8d9dd8affb;CO_6c78ce1593754ddafef7;CO_748ec7056089fe9c6498;CO_7dcf1501322b9be781c0;CO_86f2e103c8610d173ee0;CO_8db3705cdcc0e45af044;CO_8f9f7ea5cafa2f6ab863;CO_900b8dd9fdc9bcb06e4f;CO_94de49d59371e3a9ae51;CO_999d493321747978b55c;CO_9f08978573afbcea2513;CO_a39ff608d7c5bc24e033;CO_aecef364029f6f3f008b;CO_bebcee2abff6b6f2e04a;CO_c84344c3f5441a6b02fc;CO_ccb2a502fb9fe88d9787;CO_d8d1790737d57ac4fe91;CO_dc7d6256d124bcc9244d;CO_ea75e872d7690524455c;CO_ef0e6c8b0352e0bd5f5b;CO_f31662b4843fea48fd65;CO_f747870ae666c39b589f,VO_c4012bbedb3b0a1fe68d,1,,,False
PE_51b615c0027e4e29028e,2021,2,2,MT,2021-07-09,unique_genuine_volume_observation_date,2021-07-09,1,CO_162e3973ecf8a77629bb;CO_1c318cde57f6559a8db9;CO_266d48ff4e501e69bdfb;CO_26da1548ae1645e0d446;CO_27e45cc8ec6d206cb0ef;CO_3ed200453b6420602854;CO_479dc31071bdffa690fc;CO_620cd39a68f37175a618;CO_644053e42eae43b95919;CO_6501dc199c514235a989;CO_71300a607803afff20db;CO_86e76b626c7eb73112e2;CO_8d6906944de869776836;CO_8e57858ab42fef1ee804;CO_92a84a2e05ddd8e8c070;CO_98aa388d087d08bd2c55;CO_9ca7b8be590113b8f064;CO_a77b6cbdf6fae1676369;CO_af1b4ceb0da8dbd31e10;CO_b458944d9ec4322f9ff0;CO_b8c090fa07e22d030dcf;CO_b9fa9705a1b60b2508b7;CO_ca035471109dbb0be40c;CO_cbfba712a86237311c44;CO_cc6d62e311160e5f415b;CO_d088c0dc1cd5a1f4b0ef;CO_e4be97ce765e6cfcd703;CO_ecd9588de882d3edf36f,VO_0ac0631cc0c2e11f50ed,1,,,False
PE_51d1d65a49a273a7a6a4,2013,1,1,ST,2013-06-19,earliest_valid_date_multiple_or_no_genuine_volume_observations,2013-06-19,1,CO_06071662e6313f87a31d;CO_29db0c6782dbd5000559;CO_307faca131557ba3adec;CO_4a638abcfe41d3b8cd8d;CO_5820260936cae44e35ab;CO_7889635b4290b3a78e86;CO_7e162e2951e5e5cd6a44;CO_903198d741e24c7ff20d;CO_a9fad95023e2eddc0745;CO_ba39bad09c020d010db2;CO_bc1f7bea11c366334c23;CO_bc3f8c15936c27ffae4c;CO_cfec643874bee47476d6;CO_fd68fcf88c30b4df82ec,,0,,,False
PE_531c541dd4a3fff82f15,2017,4,1,ST,2017-08-02,unique_genuine_volume_observation_date,2017-08-02,1,CO_12e7c7566a5de8dafb2e;CO_1e12c1e01097cf3861ff;CO_2378926a9bcc79f38503;CO_259748e36ea458367b47;CO_2ace3763af339e1b735f;CO_2c4d96b4370d9cb85295;CO_3cb5588f87636e1e6b57;CO_46ece05546fb2626da88;CO_4a18c07e53570a1acc07;CO_4cfe2255325da76763d1;CO_4e2fe580b44141531805;CO_57c03210be824f7a2615;CO_618dd2c82346f223f482;CO_7c67342e1dc9889faf6c;CO_835966964ffd2e951089;CO_8770edb526464441d94c;CO_8ede6b26343305e05c3c;CO_9097fa5ddb2462732c6e;CO_9385aabddf6b3fe60d29;CO_9fa16bb176ae097dc1ff;CO_a0c12d5078472f31e207;CO_b4558e68187f60ffacbb;CO_ca2ebe2c096fab13ca75;CO_d265908f76c0179e2929;CO_d6b93f2e29677db7be6e;CO_eaa0689a095d4394a05f;CO_ecc4ba55675b0dd75861;CO_f7101c4cbe7850d6c2a7,VO_ea06949fd9b2ccc49f24,1,,,False
PE_5398d3995ed7cd1e0676,2018,1,1,MT,2018-06-28,earliest_valid_date_multiple_or_no_genuine_volume_observations,2018-06-28,1,CO_1112c695b7e5eab323c5;CO_1730b06eaacccacaf35d;CO_47f6c8c4b34d11e58a4b;CO_4a81bf42d193fd4acbb6;CO_4bd6c9eefe04d4e3e740;CO_6b77edc61086def78e7f;CO_7af919df0d6f22df8001;CO_7e69b13d445e0bb46307;CO_809fe50cf3dd19b3b698;CO_bc229eb85447ec94b51d;CO_e48af3c3a2f5929b9b18;CO_e52d08747b9d7a6d0455;CO_eef991d4d8b5c6e264e4;CO_f222de74309bb4da59c8,,0,,,False
PE_53bed9867f02ff579e2d,2012,8,2,MT,2012-08-09,unique_genuine_volume_observation_date,2012-08-09,1,CO_2cd040c082abd00d3e39;CO_2d348e95973d104d0074;CO_393a1a94b0e3a733d344;CO_3f6efc7c7e4e8a84d5e7;CO_6854dd1ca974b0bcf027;CO_6bd44ccbcb332868f388;CO_701340c88f7355cf8f3c;CO_709de818a575b7e002e0;CO_78d0a7b89dce61aadfae;CO_7a9c7ad74a1140f1ebed;CO_7ad3866ca9ab8880b6d4;CO_9cf384a2701441a041d5;CO_9d1a75383619adc2245c;CO_a46e37632fa6ca51a13f,VO_f90b34a6c077bc456415,1,,,False
PE_5556897f607258fe9362,2022,4,1,MT,2022-07-26,earliest_valid_date_multiple_or_no_genuine_volume_observations,2022-07-26,1,CO_00dd3f55a187c19fa0bd;CO_0c61b4aaf030375a376f;CO_0ca98f2efe3e60500aa9;CO_15ccf2dd2d4f3fbce5f3;CO_1787881c10bfe7224ce5;CO_185ea26127b71beb4deb;CO_1a7f057922da4e02393d;CO_2b8bf3b855a2dbb68ce1;CO_520882626bcb7f3b3390;CO_63d5537f693522a87282;CO_68732e61c9a20e1c9ae0;CO_7257ea14d41bf12099c3;CO_7a81ab9d68095dc360c4;CO_7e7d9136e2ed8777eb1c;CO_86a3f9b13a5b652f93cb;CO_8a15fadc48d9f05e2212;CO_8f0de781a7744878038d;CO_90082cd88aab7803693e;CO_97623535a9ed79620c0c;CO_982cba6c0950686e3751;CO_98b1690510df1bf21fe1;CO_98d56fcc69a519c445c4;CO_99dbbc4aad5da980a3b5;CO_9e15db34897b9d1ee6c6;CO_9fcf466b744af2893d72;CO_a173d97e203b088f3f56;CO_a44aaaabe504e7aa4317;CO_a4ecc5b8b90652de7357;CO_bdca6431f7773a9eea64;CO_bde25795dea6737db96e;CO_c5883875beb9a0c9eec3;CO_cad0152e4e3ec7e4c341;CO_cdb1cf26ad261fb2b601;CO_dab2e78c8b5b1d04c099;CO_df4cc14d3d86774e3303;CO_e17048119e86c59f6649;CO_ecdac8c096f7fb91ae3b;CO_ee377871c73631fd6543;CO_f909f56ccba0bb254383;CO_fc2fe9eecc87d42b5078;CO_fe20748b7dcc9f758de3;CO_ffb56b8d39faa60b53c1,,0,,,False
PE_556f24afddcf35c92237,2011,2,1,ST,2011-07-18,earliest_valid_date_multiple_or_no_genuine_volume_observations,2011-07-18,1,CO_0ee9b22a5999a969477a;CO_238a789cca70494d8750;CO_2c624232cdd221771294;CO_64094eafaeb807b65faa;CO_64fcfd13fbfddc9d250a;CO_874ed62968b0bddaae6d;CO_8a541e403b7f7dd048d2;CO_903a4207be29cb52c7c2;CO_9dddde7e9531b9f93750;CO_b280279a0ef279d0b9f0;CO_be5ca6f85b5dc447b1dc;CO_c59311a9fd2ee4771cec;CO_d079b341029f5e7b174d;CO_ebdac3c98535aaf946e6,,0,,,False
PE_55b3839d44d67304ba2d,2021,1,1,MT,2021-06-23,unique_genuine_volume_observation_date,2021-06-23,1,CO_064c3e311ef63912b0cc;CO_07ea0872b97393039a7e;CO_0ae6ddf6317e9c68261d;CO_13075314e1a211e27b08;CO_173ae8ba5d237d031748;CO_1935a0f59861db15c918;CO_1fec0ea0805c8222b544;CO_253a70b3daf7185d5fc3;CO_30eec89ddd9c342ef28a;CO_3ef4ba73834a4409affd;CO_57bd19402911b00e9e81;CO_5eb67ae6371c0fbcec30;CO_618b67dbb3a8979fcaa5;CO_6d78b19a042a64f08cc4;CO_91010dd150a286fa4434;CO_9e54fa93dbad5f808733;CO_a080bd4f0f513eece3ba;CO_a1545d1fcafee8ee42fa;CO_a3b4b1d0d06dec981f85;CO_ab2f9da4b47506c00070;CO_b694bf0bc08e97ddea2f;CO_b9b1195fd5b5620d9b67;CO_bb7f19264ddcbfb2c74b;CO_c2bebd7cefa368114299;CO_d5f851701677d5d2e579;CO_de6af29a2981c9710ec3;CO_df2760a948607f897f1a;CO_e495105c5ee3a20067fe,VO_156e4c18b4fcef925d1f,1,,,False
PE_55dfff50a7b8f0a977d1,2012,9,2,MT,2012-08-20,unique_genuine_volume_observation_date,2012-08-20,1,CO_05b9c3cba9bacd7210ab;CO_144e6edeaaa013a203b7;CO_19803b033158701ce0e2;CO_1d015e7dbc5bd137d2f7;CO_21945e7f31fb51b4fccc;CO_4693077dc29ca9fb03c6;CO_67ff8ff154ac8696352f;CO_7123d367e354baefc713;CO_8b940be7fb78aaa6b656;CO_b4c79208b5692b281b3d;CO_b9f24b9a4aba14556f8b;CO_d45b49a5c408c3a52214;CO_f3a7496649452449ba0e;CO_f4577c37c4d16af4c1c9,VO_387cc3afb56c8ed0ba55,1,,,False
PE_55ff1c1f21eee62bac5f,2025,2,1,ST,2025-07-14,earliest_valid_date_multiple_or_no_genuine_volume_observations,2025-07-14,1,CO_02858890babfa9bddcfa;CO_044135b038e6b1b49b34;CO_118cbad83767b01b99cc;CO_12712951aa8c8bc2a126;CO_16b30490a644117a249c;CO_24075b270335ddb25b5f;CO_29c550b073ecb595e495;CO_2c7faf8d14fde2494fe5;CO_2e2724396a541010fe3c;CO_2eab8676deafcd2510a3;CO_3658d7fa3c43456f3c9c;CO_3cee1cb9c3209814249b;CO_3dac8c55c94b122c13b3;CO_42defc112cd337038144;CO_4a147f223b0bb73bc4b5;CO_4e49800fbc3cefb76b1b;CO_4e4d19fa2ed11b25136e;CO_4e7a0668e1de434a88c2;CO_4f186faf4dd31ff348af;CO_59f6c59d4e41b4a773ee;CO_5b4202c5f7f05694ef3e;CO_5ce5695fc14e63023314;CO_5d950e2ad13c45de241a;CO_622a1ac1527812123356;CO_662ac33770aa9c07d14e;CO_69f5ac79cf1ed4b84b32;CO_6b78e66651aa70f5a2bd;CO_70875175ed0b6aefc69b;CO_756881a4736b85076546;CO_7ddcb477f73010cf5984;CO_884486e0e1e2bec9055d;CO_885f1dcabdb8e148279a;CO_924eab70797953e49fd4;CO_97fde1d965ad6b6b057b;CO_9807fe182f3dc6252a47;CO_98964da49d0a98402ed3;CO_995e6d18fd6dd12d54ea;CO_99cca44e45a694bc813b;CO_9a49fcedeb2501ba9914;CO_9da7bf14c4dbb8346d2a;CO_af02c24dcb62933eb36a;CO_bd27d7b3aee8f6ea296f;CO_be42a5104be6ed115b1a;CO_ce1e8a505947a7426c99;CO_ce7d916f3b5c6edb4212;CO_d5af4c05c7f3782061a9;CO_d8434700ae5c0bada9e8;CO_d8d851022fbb12e1439c;CO_ddd73f59fed2c93416f4;CO_dec274a8a582d2caf766;CO_e02fa186fb2e46f37018;CO_e4e39895e84b9a1c199e;CO_e810413ba839d29055e2;CO_eaf5feae07855c4d878b;CO_eb1633fa9519afd74416;CO_ff23db597e10e7a351a8,VO_3ff4c387e73ba4903f68;VO_d6f89c30b345f6b04dfb,2,,,False
PE_568a40e75356dbe2944f,2020,5,1,CT,2020-08-02,earliest_valid_date_multiple_or_no_genuine_volume_observations,2020-08-02,1,CO_0a07712d055fab4b6255;CO_141dc5ae59a81abaaeeb;CO_15b79601451d5f776f5f;CO_2c65b6128ebcdc624bb6;CO_2dfe70c43208f52b9ef4;CO_352a4f750446467c7aa8;CO_423359e0a0ad21de32b0;CO_42f168c63b8d58e8ab67;CO_45d823d25b097fa8b7df;CO_4d0751953578aa574c07;CO_51e6811411165c04f691;CO_53261662b8d524121404;CO_5627b4a8f9efbd8fbdad;CO_5b5804ed59d9f44a035f;CO_637cb12f3fc001d64873;CO_68fb74e20a2f319724f1;CO_7802377095e68e2f66f5;CO_8012472a35fd40939e08;CO_8662d281398a4d46a7c7;CO_9999f18863d44e12ca57;CO_a4f5499a612299fec8bf;CO_a89553e8f45264335b95;CO_c6f5662253cc33422656;CO_d4d6f524beb193658025;CO_db747736c7c8855c3019;CO_e9e27a74e22e6cd29e75;CO_f9abe0cd081a50e091a5;CO_fa86c63b0d4afca3891d,,0,,,False
PE_568f0b5ec6deda07b9f9,2017,6,1,ST,2017-09-06,unique_genuine_volume_observation_date,2017-09-06,1,CO_0175a63483d6f94f13ad;CO_08d7c1f04067c5e3a1e1;CO_1f70605832904ce607ab;CO_356b964e125ff2d6b8ac;CO_385ad5955fc20f7fd654;CO_3a047b4a81effb2caf23;CO_4af95edfc55e0c4ade15;CO_70b2ccf2981f8c1c7f4d;CO_72abacb094771a0a64a5;CO_79fdc2a90e0af23c5660;CO_8de7c96b215b91ea7d7f;CO_8fd689ed3c47d7dea870;CO_90a67077202744338b1c;CO_99c210ec946dcbc79d0c;CO_a007a0f2c0d220444eca;CO_a43231c2216f23db8d65;CO_a6c0162ac7cd2af4787c;CO_b343a2a74aab421d0644;CO_b3dfdc6efe322a6feccb;CO_b4e9f0c95693b71784bd;CO_c26e3f90214f9cc0e020;CO_cfb05fff77b9b26d027b;CO_d15e6940c18405cce9d3;CO_d3fb4415d5c03cf65449;CO_dacdc13f490e892867b6;CO_e1d07bb0923258ae0e24;CO_e919459e6234a3df3ead;CO_f5de9f3a9d0796ce2da3,VO_47b38d9b62215557707b,1,,,False
PE_571c968894d925b12ac7,2016,1,2,CT,2016-06-08,unique_genuine_volume_observation_date,2016-06-08,1,CO_08494e72f5bf74296af0;CO_13b3f39cb74686a176eb;CO_1c6c0bb2c7ecdc3be8e1;CO_1fa0f3ef346e67b10b4c;CO_2069cb46d38f7b2025c2;CO_3635a91e3da857f7847f;CO_36c8beae7821edb502c3;CO_3cb869000c0bbcbef0b5;CO_479f16c2905bae7bb62e;CO_498be034e73e6dd43aae;CO_541dc74a2e65ca0af9e7;CO_55c9af00a7e7fa53c73c;CO_62022fde6ff915972fb1;CO_636bc6dd6d6866ccc8cd;CO_6495da527bb644b403ca;CO_8bf5b76ed05f5efbfb47;CO_96ca0f3dab10649370e0;CO_ae67de723a4738c3a27a;CO_b0644ea728716c39361a;CO_b4bc4cd30fd6f4d1b99b;CO_b64736e392d0fe714f31;CO_b69c62ae4c26f33083a9;CO_c660c4f5597b079abc42;CO_d3c03b39626cf31bf23f;CO_da23289ac5c29cd0c5dc;CO_df6443e4bc9ed49587f8;CO_e2aab8e08a6b9259d75a;CO_fd309e77693e38f49896,VO_3d4f3bd65e3e9b96edee,1,,,False
PE_577d295e76e129c37688,2023,4,1,CT,2023-09-20,unique_genuine_volume_observation_date,2023-09-20,1,CO_08622bb25a95ee131564;CO_0b0fc3be2ee8d1d33518;CO_0c5791cea66c4691968f;CO_1a6d9c97798d8997f85e;CO_23c5910b8b10cfa86e40;CO_23f08458907bbe924afa;CO_262b06d105e1c865b01c;CO_28cc1ea3261287bf1142;CO_2c7429d0ac41c4d4161f;CO_2fa74d342cdecef2855d;CO_311a6d5b070468f400b7;CO_31b42f121435d317238a;CO_345b8ca6318576583eb9;CO_36ef41214aea44e9c8cd;CO_38206b956d53155a677d;CO_47b61a126c54a6b117c3;CO_480a98886cc4530fd8c1;CO_489ca219174f91b48313;CO_4fcabc74c3c0f3855bba;CO_501487aec404222cf3ac;CO_54acfadf2c86190a1db8;CO_56b18dca15ab4a6f24de;CO_5c1b3c01479e6c08cd56;CO_5e3399399a4da613b72d;CO_72b723442e07a9815ed7;CO_74332c78b10e3ee51ac4;CO_74f0f8d0c988307804e9;CO_781cc9c313659214a5fe;CO_87d4d741903582fca9a4;CO_90b03a959cd8da120896;CO_90bbc9533a02213ffdf4;CO_98a1f6e4236cd4b8644f;CO_9bda0e62d3c003c0511f;CO_9e2496ce96a83f10f136;CO_9f6df488a67ccad70102;CO_a38794ca63aaead5358b;CO_a56b54e1c5933a83f79b;CO_ab95eacfa9247b922f6a;CO_ad99e16fb6bd4897ce2f;CO_ae3f53ee778c4c71111a;CO_b33ed571eded536f0f0b;CO_b35373a0b0236776ea58;CO_b45cc3f5b6b666583e94;CO_b6351211106fc1fc6b1b;CO_b7b1eb7711795d3d4624;CO_bcaa82d15eb24da1a5ce;CO_c25b5a63510f96f2e0a2;CO_c5f9eb390a108b485997;CO_c7017966913f2773b54e;CO_c9eda60a6272a0f1ba21;CO_cb03a2c5a7b9b56fb286;CO_e4f30145497acac54523;CO_e6c656b68e30a25f711e;CO_e6d7c27ed927763907ab;CO_ec88fb611271dde486db;CO_f253f4c198884d9d572b,VO_7e67bcf9019be4471118,1,,,False
PE_57bf938d5e71dc213f59,2012,8,1,ST,2012-08-08,unique_genuine_volume_observation_date,2012-08-08,1,CO_160878f5f2a7b3d85faa;CO_226a90d66d72162bc2e0;CO_440e2fda2f39849ede27;CO_48449a14a4ff7d79bb7a;CO_5794dd3f3416e5a0d008;CO_594686bcfe8a1c52aa5c;CO_5f7bb53b00fcac833a5e;CO_6ede7706fedf78436dda;CO_941b74661161da4ada37;CO_9af7222826ae24be87ee;CO_aa6db2224b6d7f391231;CO_ae06d7e47d6ca2a5bcd7;CO_b56f9bbafbf963e7593e;CO_f970895d9efcfd1caf04,VO_d69e1428608a6736adaf,1,,,False
PE_57effa7ea94a4868513b,2011,4,2,CT,2011-08-10,unique_genuine_volume_observation_date,2011-08-10,1,CO_0def2c97214e2bc36b50;CO_2092dd52f8c243c4e59c;CO_2e8640e8bf8a5546f5f3;CO_5bebfc2ba621db4cc176;CO_678ae702bb5e1c23983e;CO_6f4b6612125fb3a0daec;CO_7741d341a4ef64122884;CO_953bcc66efc233d1f45d;CO_974bd0ae7aac8000f059;CO_a398152fa8e559b07ad6;CO_b1f200df417b17b013fb;CO_c904d4c3485db6569c9d;CO_e754478c35f2708c5d0b;CO_fdf4d5b05e179bad0cc4,VO_4bb3417fbda1fe458aa6,1,,,False
PE_57fa018badecf5410da3,2012,9,1,ST,2012-08-19,unique_genuine_volume_observation_date,2012-08-19,1,CO_022c90883c3960fa3403;CO_250fdb3b1b4dd580128a;CO_386b16ae2cd20cd9999a;CO_434c9b5ae514646bbd91;CO_4f5966fcb2f576536421;CO_51f857a7090afad90883;CO_6967ba2c1e1c66bdf591;CO_80aa9e4f3014c3d96559;CO_b7d8243a7ffe14e85a24;CO_bc78be166415802dd206;CO_e389129c8dba64ae991a;CO_e7f63be25caefa4d8cff;CO_f343a80aafa11416dbea;CO_f8072ac0272709e27c0b,VO_35649e7d6e1a95871792,1,,,False
PE_5a2398fb5beb05ecabaa,2012,9,2,ST,2012-08-20,unique_genuine_volume_observation_date,2012-08-20,1,CO_15197cf7214b58e67cae;CO_323e4847e6864b77e07c;CO_3309e3883ea9bcc8b6a9;CO_48862166e6b797758718;CO_7be41cb37baa6cd72583;CO_876268684156481127a2;CO_885bf40616bf1c2cca9f;CO_9350735ffccb569dbdf5;CO_c65765f07db7e978ddeb;CO_cd70bea023f752a0564a;CO_d76005c8e1bdd9b18099;CO_e0f23d7875aff9c6b4ef;CO_ed0478973a6c233d4cba;CO_f1f4b0e949990b313352,VO_6bc651662365155cf665,1,,,False
PE_5ae2ded12c8023b32c0a,2022,2,1,CT,2022-06-29,earliest_valid_date_multiple_or_no_genuine_volume_observations,2022-06-29,1,CO_1086d35563c495c1cecb;CO_10c4462b26fad0716fa1;CO_1210e6c2e909ec7ce4bf;CO_15f3a34b14e7e38d5c6a;CO_1b0c00bf165404fa5094;CO_1bfac07f47b02af9bb49;CO_2740db06dfb5b0b66759;CO_2ed927e972728bc356c1;CO_409d6c3ef85b198b0d10;CO_41bdad81f82b77b86fe7;CO_4299da7466df09516d29;CO_4509ec865ba2ddb27d63;CO_46ddd8196f72b3e62951;CO_516454e884d776861937;CO_5324c7411a7c61557a17;CO_550b4484f4187b59dbf9;CO_5f2aac42fd23c3a31aa2;CO_60d6e8f7ae7a64bf1f0f;CO_628ed56602c15e65ce6c;CO_6412141e5d230c9bc92d;CO_673ae505077fc5a66e12;CO_6d19021e3fcd8075eac5;CO_6edf2e2cbc79085a365f;CO_6f177a3d23d6f1cd8170;CO_70399d63b169b1ae4b8c;CO_76bf14af3f53533f119a;CO_7d98f35f6c7d47d5b477;CO_8a3ff9c22c590a5fc172;CO_937dc8333ef7cb6c2b7a;CO_945ff8d08865c1e62ddd;CO_ae869506e1ed85ef3cca;CO_ae97f8495a3b7b1625c4;CO_aebd65c94298317fd8e2;CO_b39bd3b25d52e8629e43;CO_bb06af3e662eb74169bb;CO_bf174755d0db444c42aa;CO_de0023e398111d434248;CO_e06f88267f246de6adaf;CO_e70a396cdf3eea9df711;CO_e8f4e8455a29aec03c4d;CO_f4690a893091ee2dad5b;CO_fbd7e6d85ff9f6db705d,,0,,,False
PE_5bf168b414e63b4f63f3,2023,4,2,CT,2023-09-20,unique_genuine_volume_observation_date,2023-09-20,1,CO_02ca5d77cb438c1cf7df;CO_03c56bfe9e11d4715d4c;CO_05a4f8b873a8e3cc65a5;CO_05f94241861aeada7425;CO_06ccf5621b093aad4b36;CO_0844f6bee4aedf86e894;CO_0d884f1a931ecc379d32;CO_10a3dca4112541f031be;CO_15fd6206af96d43af0c2;CO_1a523a39469bba4367a7;CO_1c17de6f9602d80e9c9f;CO_1cc4c660d80f34528413;CO_1f61c05e5a94a1995a4d;CO_1f74494f923e9bf4bedc;CO_2841dad7e57a80b5a9fd;CO_2cafe232be9a37514d28;CO_37a12a55b2d08d1247aa;CO_3aaf7d14678d503ff874;CO_3c7a32a431aaaf0fba33;CO_423b15ac97cbd07707f7;CO_44313a51f457afd48ad5;CO_4582de9bb70e4db87b9c;CO_464d14ace7f6789141d1;CO_54e87e2783378cd883fb;CO_586540138f7cd7fd118a;CO_680d99c96ff948690935;CO_68a7ac41844525497a3a;CO_69ceb78f3b78535dd8d5;CO_6aa7c5129d0dd04c12c4;CO_6e22bd4867cc0da43411;CO_6fde6b2fac4f3f16e60d;CO_708ba52213a3d12b4bbd;CO_73d2d5938ef46a148b43;CO_757b44d1080721482d5b;CO_811af1590c16fc90322a;CO_8ad38db8cfc0cf1f9d81;CO_8d2efba45f136abdd6d9;CO_8f33959f58a495c3010f;CO_8f701285559505dd9e19;CO_9303f7d9cfd9c8bedff4;CO_9a94227a63232b02d9eb;CO_9aee9383f31ee6ae0cdc;CO_9c09df9a4a57abedd4bf;CO_9f006addc898a6458ff2;CO_aafe2aa421466f279d95;CO_ac656c02bde0b9be1283;CO_af58873a6f4884dad1c1;CO_b1bbbcb5a5b1c41854cb;CO_b4ef5f65f155a341ab25;CO_c30c6b3aa67e27e0fc80;CO_c4c9657f2395f95fb90a;CO_c59cb232bd90989bb962;CO_c8fc3fe21eb483613230;CO_cc8583c9721b171d6eba;CO_cdbf199c59d871507fb6;CO_d119aab7bc5c0823d29d;CO_d1c78c9aa5dcb0991f46;CO_d20da8dc1ed51be681af;CO_d745776a3674377a25e2;CO_da4da809fe2b5aa0587d;CO_dccb3c52e7c79f7033e1;CO_de70e19e8fec7261ea31;CO_eaf21c479a1142c8ca34;CO_eb697e886e44483d3a39;CO_f0ccd8e78b618cb55731;CO_f3750fa96c10c43f6a5f;CO_fa3596fe9d84bc43c49d;CO_fb4a379d44cab4220bc5;CO_fce1eda2d2a507fea1c0;CO_fce86e339dc3131c4892,VO_8db6a7c09215800b45c7,1,,,False
PE_5c35b22fc4eba02df28c,2025,5,2,CT,2025-08-19,earliest_valid_date_multiple_or_no_genuine_volume_observations,2025-08-19,1,CO_025ca19d7b07d7f554fd;CO_11aba8d22552df460954;CO_188db7f5c98d585b6b31;CO_1a021e549b5da104ce17;CO_1e7742a209181ad05f32;CO_1ff474b06c92dfea39c7;CO_210f086a2a67ec356379;CO_285cd61ccbba9294f4a2;CO_2861296e27cd1d4161e6;CO_2b3acf19e8b26365c173;CO_2b49bbd05b422da5f92c;CO_3183f44c8c58a279da98;CO_359ce24bcb5ea7cfdeb5;CO_3a6e2b22591ed55131de;CO_3dd993106edced7f9113;CO_40794500a2845c943a0f;CO_42ce7d82d38d27c53721;CO_430f0e467f3a408f997f;CO_44a76d9f529f09388a61;CO_48e019050cd54d275eb1;CO_4d57a451959144b67ef1;CO_519bc8e4479bada1f019;CO_58f93316e30540b3bf84;CO_596ffa06daae1d02d4e7;CO_6b7439e60b94dd174ab9;CO_6d6ae523edc27b235030;CO_6da0039598038673212a;CO_6db44caad5c968a5ec33;CO_784818021864dcfd0765;CO_7923d8438b9111a21532;CO_7a3ce36bdff535d3e989;CO_7c1aade3c99cc6a8eff0;CO_7c776311e59e77044d7e;CO_7cabc7e02461a788af6c;CO_86748254b6bfcc91d1a9;CO_8746651a8d7c54fc8189;CO_89e9e4fb88afcb66fdba;CO_9c51a2a1594c74c394ee;CO_9e2455074186eca37b4c;CO_9fa69e36a991f50d3774;CO_a6ba1d32e2731f8c9a6a;CO_ac4584b90286aec1085d;CO_af97d1baebca1eaae1ce;CO_b1f423709270237d57e3;CO_b8d9bdf6adecc293a143;CO_c03b82e3f605cfef0018;CO_c363831cbfee684fa8a7;CO_c7e3f463d4025ecb7e2c;CO_cacbfe2218b27664f163;CO_e6785e32be8b07b04790;CO_e7d1f058d0666236f91b;CO_e7f505979712e8a9b8f2;CO_f06736b003100572dce4;CO_f06ca10f4977ea7a4857;CO_f183eabf7a1436bb7f75;CO_f35bdfbc3b7e089ee8a8,VO_4cf06eacac37111ba082;VO_59956df9d571559b3a21,2,,,False
PE_5cea09f5406d83c18d64,2020,3,2,CT,2020-07-13,unique_genuine_volume_observation_date,2020-07-13;2020-07-14,2,CO_0275fc3093876f5b1747;CO_1248442115e1eb2b6c04;CO_17bea95c4d994bef57e5;CO_1933157bfdbb56568dab;CO_24ad38c639f9c314b5af;CO_2d1007980f49215311f7;CO_396019fec61a590de204;CO_3d3390390ee9ab65d0fd;CO_40da37bedd7635280b8d;CO_42f515a7c89434bcce7f;CO_461463fb54c268b622f9;CO_4838dcbe86359fcd39ca;CO_48f8054ac282ef551861;CO_4c58b0b64758bdcab2da;CO_5076c7de3c667c84d2ca;CO_62ff3751599d2e868251;CO_6468a28aa680fec01823;CO_7328f9713cf2421aed76;CO_7ab74ac64fd9a732609f;CO_814fd2e8e45e9a6d3e1f;CO_8f3bdfa3c1e4148a8b43;CO_a0869c71d5d3edb240ae;CO_c73c63198a1338f0d195;CO_d0d54d0f71b3607b7e7f;CO_e11d515bfbb4c633abbe;CO_e1dba7e25e6f34f77934;CO_e44e10fc85a3bfda3dbd;CO_ebd412f127d82b065a35,VO_eee13351fdb0cfd6bc1d,1,,,False
PE_5d3101462bb3db890b29,2012,5,2,MT,2012-07-17,earliest_valid_date_multiple_or_no_genuine_volume_observations,2012-07-17,1,CO_0a3455a92d990abf8b62;CO_0e8a6eedd28d2f1c776f;CO_2564f21bc22c36871d6d;CO_4d378dec1f636c2d88c3;CO_4d64f0deda65ef12219e;CO_56626ff45dd863da4148;CO_647d52aad89259482c93;CO_721d978b344436223d25;CO_a3fec0213a0de5df09d1;CO_a68b412c4282555f1554;CO_b88c399bc0698b809333;CO_c21ec5648f9d0deb9d9e;CO_df001e7babb4bdde7447;CO_edc73ae05296d9fea3b1,,0,,,False
PE_5d5cb3edcd99b5be75e6,2014,4,1,ST,2014-08-17,unique_genuine_volume_observation_date,2014-08-17,1,CO_08cf6c08614337ea4fd6;CO_124ccf031c80742d4d15;CO_2811745d7b8d8874f6e6;CO_2d59bbbb7ce09a885237;CO_2de9b960babeff3d102b;CO_2f664619123592a071f9;CO_2fec76ff3d191811a5a0;CO_31552e25b8d7bf4702e3;CO_38a8bc85fe600c4f33bb;CO_38b2d03f3256502b1e9d;CO_3e4f1cc290ac5d411dcd;CO_3fcda963bdda4c3e09f0;CO_40367c3cc999a9f9e951;CO_45c7b309a477a1b496fd;CO_570c3cd70292a029f0bd;CO_62df359b89820ebef007;CO_70e759ac2b4696654ceb;CO_7db08657e1d436883b51;CO_9e6c26757e7bb20b348e;CO_ab04a0144aaf727c42a6;CO_b567edd38e178dac20d4;CO_cb889e05f91275a69d2f;CO_d59a23c3feff6c21bbd6;CO_dd5c1e2d9395ca6b1b5a;CO_e27661c759c4dcdc215f;CO_e91907bcf8de57caa622;CO_eb282120e33fdf330858;CO_fac919549c4a4c9fee80,VO_2aba77d089fe31da9047,1,,,False
PE_5dc8c47ce47282af828e,2020,7,2,ST,2020-08-27,earliest_valid_date_multiple_or_no_genuine_volume_observations,2020-08-27,1,CO_1c189411f713fc76641d;CO_25d4eaa6ee1fb6b6c5f0;CO_5a6ce8a1f17e5269ff6f;CO_60fb27b6df84e9fc873d;CO_99fb3a5b96a6803b234c;CO_a0082f39b13a62464845;CO_ad9f42cccb79c68bbd97;CO_c6437e0ba0560952cb94;CO_c831b826b3a18428727b;CO_cfce868ee5f75c8b432e;CO_d54f809b260c11324901;CO_e078af3026edb42cc26b;CO_f3bb3fdf5cb8dff7c0a5;CO_f98155181b977b3f7dd1,,0,,,False
PE_5f5cdcb0357234b8314a,2017,3,1,MT,2017-07-20,unique_genuine_volume_observation_date,2017-07-20,1,CO_04db176799f4676f347e;CO_1c053d3970411ca6bf88;CO_2438cbc1eade910bac1e;CO_27a827d1bd879e7e1317;CO_2b31968e912d41bc6423;CO_360c01e9b39f8bac3534;CO_39938bd5341cf9783604;CO_3be13cd9cb0cb67e3117;CO_413285aad9a95e1ac88f;CO_445734f9cbb016382f1c;CO_75d2cd652645a8e2c897;CO_887846b0aa6af194c7e1;CO_88820462180e5c893eff;CO_8d23cf6c86e834a7aa6e;CO_97803276e87f81070f86;CO_a31df0d0902496122ba1;CO_a6b1d0ccf4df9db5a48b;CO_bda2e18e9c4f23dfbcba;CO_cc611492f24d19e620da;CO_d73ab52c7d84a264f5f8;CO_e2fa281fb59fae141752;CO_e52f853e09d96c8ec383;CO_e5fcf24812e6585eac0e;CO_f60dfcd2ab5bfb81c680;CO_f77a10661490143caf84;CO_f96b68d0be36ddb50b0d;CO_ff614a1caf92ad2900b6;CO_ffab53082b58bed639d2,VO_a6a9a0a539feddacd772,1,,,False
PE_5fe6f2ac660a17d837bd,2020,1,1,CT,2020-06-22,earliest_valid_date_multiple_or_no_genuine_volume_observations,2020-06-22,1,CO_041669688dba6edca905;CO_27c07bcf4bb8940a2b21;CO_3c94c0b1c3ce114c39b1;CO_40375cf9b5f165fcbb10;CO_41bee82cc0b1bb23541f;CO_66d0af18b66f5630cdb6;CO_75ca28395bfc9ad121e2;CO_77d972827f6382c1cd65;CO_d8548ee669baebf96726;CO_dc7ae960fe3073336187;CO_e4a64360f61e588c3cce;CO_e6f47e008cc58b38596e;CO_ea397586b6f40861227f;CO_ee9c43424bb4c242e06f,,0,,,False
PE_5ff231543fda9ac6656d,2013,7,2,ST,2013-08-29,unique_genuine_volume_observation_date,2013-08-29,1,CO_08d24d2a64e30d326a4e;CO_231ef8c6707850f9a7d4;CO_45125e8c738e59bc7937;CO_480ec4228ea35503bf34;CO_51358c64f062326692f0;CO_5a2065752516bfbe9430;CO_725e310110ecf83d3be0;CO_81e1be313ea16e5255b8;CO_b5866a9c2c792af98bd5;CO_d80eae6e96d148b3b2ab;CO_d9f3e0597d973d5f0173;CO_da2c575e48ee7651b9e9;CO_ea2c89be738f88dc66d4;CO_ef93da00bc37127c7721,VO_774593ec246158265d5f,1,,,False
PE_5ff3d0ad9d787e19a7ca,2020,2,1,ST,2020-07-06,unique_genuine_volume_observation_date,2020-07-06,1,CO_0f7300765b0e2a1e5f6c;CO_1c9dde0669a66e94a559;CO_310170073689661a4559;CO_33cdd7617963e9311dc6;CO_374c0fd6e94e0cec99de;CO_3dff5ac730d451030fec;CO_4c8d5b6c695d265fb63d;CO_687224ed4bc816385815;CO_6c6ece85b5d6ea8c5b19;CO_6d57a1ee6667d05a20b1;CO_6f52d3110a0e41e462ac;CO_745c9ffd278fae918b94;CO_8fe1d670096b67002f15;CO_8ff9538e65e6781d654b;CO_9455b726830378ad305b;CO_969d5bc84917321bf09b;CO_990eba3eae11fefb7354;CO_9aa14d633db8b94d56b7;CO_bb75dee316edb78b8d6a;CO_bc20a2aa08022b0ac9cc;CO_c4fc2f43eaa0527ac86e;CO_cc6aed2709b80e146beb;CO_d02601af7e7feacf66c6;CO_d35c4fccb34675f98d90;CO_d53b91dfe01f21d9ca70;CO_e38e8f8dca36e30898c5;CO_e4058aea0797e21dc38b;CO_ffb336a87d358f86d38a,VO_75cd63c890ce5c60e6e6,1,,,False
PE_609af5c454fa9d0e9208,2019,1,1,ST,2019-06-27,earliest_valid_date_multiple_or_no_genuine_volume_observations,2019-06-27,1,CO_1567a42a0f959939c5d5;CO_305800b71062b49b3502;CO_39d5ce6249548c318a5f;CO_3f46daf527996fa22d2e;CO_4269fdab0a9ae3cd4de5;CO_5af4c93ae18a58973002;CO_6b3c238ebcf1f3c07cf0;CO_7a3ed03b12b784c2581a;CO_86853ece4e2ce6de7f35;CO_8ae6830f615b04192db0;CO_a7f05049d11062e19726;CO_e72ecedaf98691d250c2;CO_f021014960c5f61b68f1;CO_f1ee529ef49111208f1c,,0,,,False
PE_60f1a6212ff620019a30,2011,1,1,MT,2011-06-30,unique_genuine_volume_observation_date,2011-06-30,1,CO_073d53bacb8f1d3bc14f;CO_07408b004e169bf3b242;CO_39e5b4830d4d9c14db73;CO_4674f076e37e5bde4d8d;CO_4ccb5ef0208e78fc6fdc;CO_6b86b273ff34fce19d6b;CO_cefe4b3b2b3f89c865fd;CO_cf7dd1665f80520a6a84;CO_d17f25ecfbcc7857f7be;CO_e0963ee5228d3ea114cc;CO_e85ac2da75d98222b155;CO_fccb6362a9a78e111197;CO_fe9036dfac2195634574;CO_fe91a760983d401d9b67,VO_d3caa976b3b78cc2954a,1,,,False
PE_61227cf97dd057e6375a,2015,6,1,MT,2015-08-31,unique_genuine_volume_observation_date,2015-08-31,1,CO_02d26c9a4bd468f5f552;CO_04b4b3a7ae750771cca3;CO_226674fce2b953bc1250;CO_2344965e8b891c9635b3;CO_2565eaa6a3b10083b371;CO_3163986d22e48951deaa;CO_489ab4ec5aadc23594c9;CO_51e8ea280b44e16934d4;CO_52d77984d95c7488ca03;CO_55dff9e8f4845a113168;CO_56f4652c9b6e2f8dfbea;CO_606e317ed5dc4ec68414;CO_68d49968602df15aad40;CO_6aab4f66d0679b3c82d5;CO_6ec9e23e9fd14c243810;CO_7d7be59d21008b0ce085;CO_84c434c5eec8049e47aa;CO_85c525b08f8384df6ec7;CO_9556b82499cc0aaf86ae;CO_956b610def69ac2d1d4e;CO_9bd1d97fda570b9ed806;CO_a661cc44246a50c20b64;CO_a6f988d30328bd706c66;CO_aabbb2bd43c0fb27462f;CO_b3fa8714038b89430074;CO_ccfce015ab7857a4ae00;CO_daabc5d7dd36d9ee332a;CO_eed67fb12c02e975f451,VO_d2625401eeb678e57170,1,,,False
PE_61b68e752c1619aa8c43,2020,1,1,MT,2020-06-22,earliest_valid_date_multiple_or_no_genuine_volume_observations,2020-06-22,1,CO_10af234996f886efe89e;CO_2defec47c201506fbc34;CO_480f5a496560ae4228bb;CO_4e3f79891e92947d976e;CO_72a1917673994c23e72b;CO_7e02bbb5a0080e68bdd7;CO_8f08fb89c225a58e9245;CO_b052c4451a252e9b974f;CO_d1654348da67dcf3c0c3;CO_ec7b8098875c66c4e0e6;CO_f2b1ad0b61ff10d563a9;CO_f72b71f2cf7221d17e8e;CO_fa7150fc2b083469680a;CO_fb420d1701eecd8f951f,,0,,,False
PE_61cbb9676a953528de2c,2015,4,2,ST,2015-08-07,unique_genuine_volume_observation_date,2015-08-07,1,CO_1b5318434397d6eec58a;CO_3dab31dab247d9ae12c9;CO_4cf73856dc302feabc7b;CO_4f2e3c02d4f030a30df4;CO_5393f44a4c0c05ae0a25;CO_56225d85c5e95a20a6a1;CO_6af1f692e9496c6d0b66;CO_98224c72c0fac4730349;CO_a948b46c0f1890667de7;CO_b1073c5e8bddde834f5a;CO_c230f6b770dfcbfc4712;CO_ed6f2060379b3b2192ea;CO_f69861481e073a00af7e;CO_fb88a557f9013fef9720,VO_864264c499f673f01d55,1,,,False
PE_63934b6278a65a8216b9,2011,2,1,MT,2011-07-18,unique_genuine_volume_observation_date,2011-07-18,1,CO_098c34d0a9154864e825;CO_09dc1bb2b25a72c6a5de;CO_233a976a51278ed3463e;CO_41fd8bb687b8dc7c604c;CO_63ecbfa3a1ad34a1fdd5;CO_6f543685273d0e18ee35;CO_7902699be42c8a8e46fb;CO_958ad6fb6e1d5977638f;CO_a6c9b0f863d3c2056830;CO_abe60b93d50ea54908b5;CO_ac216bae40ccbc3f61b4;CO_b903eceaae4690fafdc2;CO_d905112a12a6191d4811;CO_dca9f43e0f5c7314b6c3,VO_fc3e3fb61cd72763e19c,1,,,False
PE_63a5c105af28ea9f75a7,2015,1,2,CT,2015-07-07,unique_genuine_volume_observation_date,2015-07-07,1,CO_04244db201d1ce4493b5;CO_112b89e61925b93e267b;CO_22d87226467336764e17;CO_3834287db1cc2b1064f2;CO_3be426e88ba62fb208a6;CO_3d93ec274ab8ebaa470a;CO_3fe9924209dbf55407fb;CO_44767b18f96c592e71c8;CO_44f01ac3f1558f4c8cdd;CO_567461c6470e6c00ccc7;CO_56a70082d635bf30b084;CO_5cf4e26bd3d87da5e03f;CO_69aa50d0821a77410478;CO_845aab778f5f137db62e;CO_84b504f830bf8b6d2c23;CO_894a8e3c6515eaa57df6;CO_8f4af53dfe390fd75183;CO_9e6e0a0f2f12c9a57228;CO_ae77e4efc3d1e69d6e14;CO_b572ebd3a02e4754fca2;CO_c1840a5844517f14c12d;CO_c24703aeed68217acf95;CO_c6f7b1e570ce53163462;CO_e07aa27bdc1026c9e5b6;CO_ead0896f124927fd6c3c;CO_ee8bd2e38fa57e224367;CO_f8809aff4d69bece79da;CO_fc7b529a7305e3b5f338,VO_c268ec36ab339dd3a268,1,,,False
PE_64205c4aab501e7ade95,2018,2,2,CT,2018-07-09,earliest_valid_date_multiple_or_no_genuine_volume_observations,2018-07-09,1,CO_033e21c314217b6325ce;CO_120e90dfb21d132a40c6;CO_18288ea2851262335770;CO_2083296bd79c5a9e3de2;CO_2446f0b12ce153b55dbd;CO_392a52e4f77c40bf3321;CO_3d1d7ba7ee26cca42042;CO_5aec607067fc57eaf4c9;CO_679b3fe58ea4b7378c41;CO_715d9526f896b1d61038;CO_90b303a74db7b55640ca;CO_adb9f7d3adbec0b1c145;CO_c738b7bf89988cc0caca;CO_f0d18bbe64fe0063640f,,0,,,False
PE_64548a06be4bb873cda0,2015,2,1,ST,2015-07-20,unique_genuine_volume_observation_date,2015-07-20,1,CO_089a0c69c4b660b8a52d;CO_0f4121d0ef1df4c86854;CO_245d17b28d73e10c5c84;CO_32718321fcedd1bcfbef;CO_35b59f1894080907d8eb;CO_3c79b481cfb8016f44f4;CO_427a600f3249f03bee7f;CO_45e7dc1278e5229f9656;CO_52d38d8228b6aab3cf64;CO_59f96aae18a22c6600aa;CO_68c0d237214c460daab4;CO_6b296ae2c02ffd2e6b86;CO_94e93c35ef071c7e5bcf;CO_a17aa189be5c65482644;CO_ac8c1aa79856748c7dfc;CO_ae9a3fe9af5b61e41097;CO_b01672c37b296eaf3f18;CO_c8510e576de1a92052f8;CO_cc0d6bb611275cde7a21;CO_cdd17cd0ba8b0ae28b66;CO_d304b81d23d61f3fcb5b;CO_d38e2c5cca8a7a5004fb;CO_d86580a57f7bf542e852;CO_da795c9be2a692ebf19a;CO_dc3d58317a37b14cea41;CO_e1d59db5a18bd7ce403d;CO_f615d968944f7f902ee9;CO_f6d6279d84be675e1384,VO_95dd8da4ae39a0c427c9,1,,,False
PE_649006527ce5d1d1ff1f,2012,4,2,ST,2012-06-27,unique_genuine_volume_observation_date,2012-06-27,1,CO_16a641c270b45a22f930;CO_19d0b0d4077454bdec0d;CO_1f9e36b852098690726a;CO_3e1e967e9b793e908f8e;CO_3f3ea272fa417898aa26;CO_41401cd510af3cea25c3;CO_71afd924779ce5cd5d60;CO_7ab1ea741d5eb1a66d8c;CO_c0d785093a27e103c4d1;CO_cc30b5886e1f478d3cc5;CO_d03fb55d3457b6b7189e;CO_d28a73a4824dbfbd4513;CO_e5a406855f76b37cf13c;CO_f87a17d282abaf1cfe37,VO_4985002219dff2627fce,1,,,False
PE_661a73f57cd0904e935e,2018,3,2,CT,2018-07-23,earliest_valid_date_multiple_or_no_genuine_volume_observations,2018-07-23,1,CO_0d9653b98d117db68a89;CO_1f76ff378fde84c8d986;CO_20ae1e26ff37e6e1e89d;CO_25dac95b8f595046bc43;CO_3644cb1007be9e1b14ab;CO_5a72f0090ccdb63824e9;CO_5ce9c3c03b9f6c1b337b;CO_80ff7fec1496f453da33;CO_95e06f0741c4e9736eaa;CO_97297e182266bb17d97d;CO_b171875a25de1c92084c;CO_c3a7cab5878cd3f37e69;CO_c745b79afd666fe922e3;CO_fe1a61777da3376c6a9a,,0,,,False
PE_670677b2cdea06c82d58,2014,2,1,ST,2014-07-21,unique_genuine_volume_observation_date,2014-07-21,1,CO_0b71d8718cb324e7b5fb;CO_0ca09f3815a1a11d4c18;CO_24a05f4d1305d66770d1;CO_3618fa13478622069112;CO_3761d931eeba3187c439;CO_8595f9e3f5f0a6e7df8f;CO_8acc02dd9cad744e6184;CO_9ba93e8f8dcb2b006cd3;CO_9f4ea8281f1dce48a901;CO_a512db2741cd20693e4b;CO_ab6bb4584e9946b135dc;CO_efbd1f26a54875e39972;CO_fa9c04297f990f5662c7;CO_fd458a3e933098e9a870,VO_b248deaf983ce5b4a370,1,,,False
PE_676050582c291c72204b,2025,6,1,MT,2025-09-03,earliest_valid_date_multiple_or_no_genuine_volume_observations,2025-09-03,1,CO_0087cf99a4636ebd9a0f;CO_065aab207e6fe875caf9;CO_078d2590d8d5d3615d6b;CO_0a4b160097195117fbe7;CO_0a5cd82be8dcaea8aa98;CO_0cf9d026b8b2f71d9fa5;CO_0fe39b99b379952df916;CO_197eb73ac8e7a845a3af;CO_1c17b607d29c175d32f2;CO_1de9a94dd85dc7680aee;CO_20073d61961071df365b;CO_212375a537417e324d38;CO_25e10aa9dcedfb252499;CO_2d193f61f2f7ab9b4bc3;CO_308ce7cb84e84a060dbf;CO_3294804b14023a4be0fb;CO_34034d382e7023113fb6;CO_4359d54d3d89e9f9f61c;CO_48e6d088c751a0bd26be;CO_4d443a1eb821fdda0a90;CO_5d9e09b09389f1e4c826;CO_5fe46e04994d11413f7a;CO_617c14bb6cfaff0ae12c;CO_6411f9d43f949f56d467;CO_65ec2f55d5fa812316b4;CO_6724425c499eb95364a9;CO_69258ed16d475d74432a;CO_6e9bdf1535ea6596345c;CO_6edf4aafcf3dc1a4a45b;CO_6f3934eede1d319a813b;CO_77334823791bea53e508;CO_7dfbf4d22aca3e4a1479;CO_81ea96707fb064365350;CO_821196656a86a779670d;CO_94dd49a4e5b4fc67f32b;CO_983589f68a61012b2fda;CO_9ca5e9b3a5cce0e6d3c7;CO_a03cdf8716fd211ecb3d;CO_a24e9d68f6bf079e9087;CO_a33b9df1b504c55afca1;CO_a41b6fde8b2182b733b4;CO_ae4def1ecaae8be24edf;CO_aff4b5855447e95d8af8;CO_bedf1476e01b61b84891;CO_c82fc7ce60ba05f6de6d;CO_d6a493627cf80d0df897;CO_d742ee1f8e8f9946bd77;CO_dd8d68b69f04e5be4958;CO_dfcd920fee64610e9727;CO_e55da9707bf55146e88c;CO_e5eda1e69f2c2db72498;CO_e89061537db2e03ab36a;CO_ed73cc77ea29bbb0ce49;CO_f04ac0af071c3907111e;CO_fdab00ab9bee9faee45b;CO_fe7104ae6c3fae470029,VO_c36e2f2e6454e3f1678c;VO_cac907ee3179d92ea323,2,,,False
PE_681443548ef078be38f1,2012,7,2,MT,2012-08-01,unique_genuine_volume_observation_date,2012-08-01,1,CO_08951d3e71ad7054de6e;CO_2239804df6c325228162;CO_24610dffaffcc80700c7;CO_3dae35a974004d9515fe;CO_56ed74d2b06c2cc7fae6;CO_6a4bb0c33be315e5e095;CO_7c1f689c149d16beb9e5;CO_9b843e8fdf6a464018fe;CO_a69a7896a1cbdcea3a72;CO_ca153fc499ffc25f1118;CO_daa32eafde4b01291ed3;CO_e85a870aeb6eed9e5602;CO_e8dedb66d09f7dc99e0b;CO_f74efabef12ea619e30b,VO_899c9e946a5db92451e6,1,,,False
PE_68a15fb356b9d6e019b5,2018,3,1,MT,2018-07-23,earliest_valid_date_multiple_or_no_genuine_volume_observations,2018-07-23,1,CO_0efb4e0fb40a77b2ef2f;CO_131b0c35e2d7edef9dd6;CO_15c98351e90e13ee1f02;CO_1ec08285a725fe5e0141;CO_20691e56eb1258da87f1;CO_2cb87e388022ab8da444;CO_45d1bf544943b021e561;CO_5143486f326c168b46d4;CO_57fed2298c58938072ff;CO_5dec2555aa54ac568f40;CO_6499b457760df39403b3;CO_922a53d19b4299a3c31b;CO_ace35f1a7df4c94530a5;CO_d732f39159e67eb62327,,0,,,False
PE_68d44a8c5ee2992c2c36,2023,4,1,ST,2023-09-20,unique_genuine_volume_observation_date,2023-09-20,1,CO_0258177156a996996973;CO_096012b7ebcaf56d1d63;CO_164ac2402a315348ddab;CO_19c378fd01865255bf5c;CO_1a1cf797fabe7f95836f;CO_1cc742af89e06070c758;CO_1d27ca12704e713bb23a;CO_29fa6a2b095cd0f2591c;CO_2f4627f93dcb6d9f6003;CO_3133386077078a7f8a06;CO_35e7d0004e1162a9a120;CO_3b1fba0616142d348bd8;CO_46036cddaf4ab20af01e;CO_4648219f340b57253bf4;CO_477f4b2cdd3fe2b9fdd7;CO_48485ccc552f52bc9ff6;CO_4878258574ac40da80b9;CO_4948f8d8f3aa19416481;CO_4c0233563b7ba4e22078;CO_535c1c2c5131806c49e1;CO_58785735f95f2e02e939;CO_64502fbae8e0adcfd4a3;CO_66ed0ebd1bf4c956e91d;CO_6b1b73831cbbc440dd9b;CO_6e5c7b62d8c537c3264a;CO_714bc174ac5066ca0a4a;CO_77880b4f302a36fb7913;CO_7e45af4de8b117f0b09f;CO_849f234307fbd40e15ee;CO_86cbd9dec45db0780dac;CO_9511fd971a097d211395;CO_956ed71cc6e09d5b8c29;CO_9a7bf93d67da1284f8d6;CO_a07cf27590e57bf85102;CO_a64332fe1df1790cb79d;CO_a6c25a3d115a22748922;CO_a991b89eed28e85e1a72;CO_abc1ff38827027e59410;CO_b134ce47a896876fe311;CO_ce02d4b6d1aceeea96a5;CO_cfa75f1e4a9f06af2cd9;CO_db9bdd904326faf92d0d;CO_dc4bc886825c446e6ae0;CO_e206dd002a594e557800;CO_e83a778e7e8500a43a0c;CO_eb51765053fdd178d143;CO_eeb80c02550955755e96;CO_ef9f82e49c4bceee1d69;CO_efaa00d50bdd75db1e11;CO_f15b47317e20f281af88;CO_f1d7a746feae2dc8c221;CO_f4e136995556ee6cd941;CO_f6f7f1e929eea3c26eac;CO_fd5a1622c8bfbf27eabd;CO_fe80fd50256439b3ebbc;CO_fff62c78fb27794c93ae,VO_e43e75bdf2a40d6f1ba3,1,,,False
PE_68f1adf13e8ebbd5338b,2025,7,2,ST,2025-09-14,earliest_valid_date_multiple_or_no_genuine_volume_observations,2025-09-14,1,CO_04e6c899a01d8ff04ab6;CO_05867e834f3b21a0d064;CO_05c8bd5d4dcdb18b690e;CO_0816b4288e057c818deb;CO_0b584334ec828c208ef7;CO_0fd688a63532750bf141;CO_132c6cb124de9f6ce811;CO_17df374b296fed0a524a;CO_1847156f43b87388d1e0;CO_1ea9d32b63684dfef7cf;CO_234eb90e08264ae004f8;CO_25b0ba2ec0a414cddabc;CO_25f0d9bd686d3b5c80d5;CO_277375b99e186c72ac38;CO_28568ee9ca159d43e5ac;CO_2f7f15d0bb83b97a7ce3;CO_355aa6c5c9f64fa22283;CO_36ab771eba23f49d7ae4;CO_3c20216b686f8335c3b8;CO_41462ff695d437dfe98a;CO_4a01ae2c6a1801146dcb;CO_4ff57f0bce33b3f1663f;CO_52f3df9e5b286d9aa3e1;CO_53c8a0eebfe250ce653a;CO_57264ece047b09aea236;CO_57a89c11968eb79532b4;CO_58f93c9b846db30de8ed;CO_5e44c7ec84daf986ce87;CO_64915d049757c06befce;CO_66f7336802f0ce5836ee;CO_6a0e55841e2e14850fc7;CO_6ed3c6633a27ef05d34e;CO_6f6dbdffcb7ddc9b8a29;CO_7887567190d819e101a6;CO_7a428836da3bf5f06f33;CO_7cdbd0e7b2fb2f6e7a07;CO_7de25656de2fdb7d7b5d;CO_81792906f17d7bc4be9a;CO_869ab3d28136025484ec;CO_88cf986449b61aeba90a;CO_8cf0d4301190a4bd5dea;CO_8f9376a944750e735828;CO_9d6a95a44978b54531ff;CO_c304a87b43ab7ab9410e;CO_ce157a63c5af6bc69d07;CO_d265ad9828702f385755;CO_d74fe97872d8a425b526;CO_dedc077755f6d3a016b7;CO_dfd8a90863a551060b66;CO_e70a319721236e05f849;CO_f025893712b098692411;CO_f0d588a225e6e6ba0501;CO_f16a51d4ce52c84a1182;CO_f2ac0b4ca7b0e481ec41;CO_fb87e6cf60af08595bd9;CO_fbdf2bdc4b2a45f3508c,VO_9c60d748e5db0b197556;VO_c808933db50a81bc01a5,2,,,False
PE_6975f3c079d281a511a0,2012,10,1,ST,2012-08-30,unique_genuine_volume_observation_date,2012-08-30,1,CO_0ab847ee0dd9fd88e968;CO_1072aa7d027aeab381d8;CO_257f3de9149acf0a49d3;CO_57c4d93e0c5be5eafe4b;CO_5d89b32e6ec57490fc79;CO_61795ffc0fd067b32bbb;CO_74bb05d20f937f744cbf;CO_7ac25d5d84cae3dcc037;CO_822a965f61c45f7a2114;CO_8241649609f88ccd2a0a;CO_b014e50fb6e13e442da8;CO_bd967167b9a70cc58353;CO_d9fe91d61ee11e9fa914;CO_edbb15588efba3a53712,VO_3d01ee3247b2ede88459,1,,,False
PE_69bf4666a40285ef26b8,2025,1,1,ST,2025-06-30,earliest_valid_date_multiple_or_no_genuine_volume_observations,2025-06-30,1,CO_01375f53651cff383d9a;CO_06c9e43d1287c0bde64c;CO_089d709c16e277a8682c;CO_0af84f2b879deae6c0f4;CO_16a0c5ab5b959fa725f2;CO_1d1242baeb229ea6f7e6;CO_1db01826cf7faf93bbef;CO_1f23fc6e5473c1456755;CO_31575c35c2d6249fcd79;CO_336120f10ba42e9e8b5e;CO_382c03434980ac37b16a;CO_3eafdb7ea7bfd5a976de;CO_4d0198f4905a08812518;CO_4fdc8d7d404bc07349ff;CO_51a3fa9a83067347bf2b;CO_545c4e25d20203e18d59;CO_55ac539c174adb22059f;CO_57143f2cf5b12ab52aaa;CO_58aec6ba5dcbd401f7e5;CO_689e02bf0aac5af7db65;CO_6b1c2fe8b35b978d97ad;CO_6da233543753c62bf28d;CO_6dd8c1ff258a8a49d0ad;CO_724229f1cb241cfc94f8;CO_7ac7a7fb16bdf38f677e;CO_7b4aefaab889607811fa;CO_7b9b55714e6c4def992b;CO_828bb918957379a792e0;CO_878993918fc2c41684ca;CO_88100ba34db736c9adec;CO_88d5306b293472ad0bf3;CO_8a7307473a7843dc8011;CO_92bb5890f307a70d5d6e;CO_9a47f769d7bf1bb35a6f;CO_9c8598dfb879d015b656;CO_a138ab3bd14d1133a8df;CO_a165b612de1a4c89acb9;CO_a59a3395d7fca6105ddb;CO_a778f7d3184ddb36132d;CO_b1e92fe0fa7edab2161f;CO_b35b291416984646240a;CO_b45048bf83d0e17f9499;CO_b9600eb458dfbb9f0aff;CO_bef7b4d1c3d67bc9afe7;CO_bfc0723645e5ef55c2a4;CO_d241dafeaf0da9bcb4dd;CO_d4e08c44af3e8fe24867;CO_d6090e80b249c7e2b876;CO_d7827558d408d7af184c;CO_db2a50cb2d26bdb919df;CO_dcd0ea5b0fea71aa1967;CO_e22e9c22f92b827381bb;CO_e2e4107dc615be63789d;CO_e40fb14ef1261bc085b4;CO_f18eed4de944354702c3;CO_fb335e8fd0f8aed3eb6f,VO_16d7e6a06ebd77403359;VO_5bd0b6506be55b01c860,2,,,False
PE_69e7705e30f4fa9b6143,2012,6,1,MT,2012-07-24,earliest_valid_date_multiple_or_no_genuine_volume_observations,2012-07-24,1,CO_25b7e4ec4db2551140a1;CO_2b5f8c083a5f1233fcdf;CO_2ed2f71a66afe3dfd01e;CO_36bf10ffbf1b3cfedc39;CO_49d180ecf56132819571;CO_59a6d3288187dfcd54bb;CO_a61b2b1a2ff6e5dd1701;CO_b513a7ff5978b95883e4;CO_b780f20d75afc6afe44c;CO_b830921ffa705bdb1983;CO_b8b2994c7b8b89680041;CO_c0d0385acc9ca6f721b0;CO_e3d6ef13d57475558e0e;CO_f66b7bf2e7f763d92e01,,0,,,False
PE_6af7db12fea1a0f5f5e0,2021,4,2,ST,2021-08-13,earliest_valid_date_multiple_or_no_genuine_volume_observations,2021-08-13,1,CO_033d915755974fe47034;CO_039a9883f6ec6cbb8f15;CO_14360a3834ac8ec67f45;CO_472c3c13b550b7064153;CO_5088c1bc42f5cc6a32cd;CO_5769adbd3b059b18c155;CO_5d38d5f6a62353b6afff;CO_73fdedb8f28f6b528d98;CO_756a6524cdb2d4eaad13;CO_882555fb1b4a06b0e0ad;CO_8952115444bab6de66aa;CO_8c980b5e44c015ab20f2;CO_9362505169455973f930;CO_9642ba8bc42691bc4402;CO_a9b5d5d1fe88633a03ce;CO_b0ff7bdc481ed43adf51;CO_bddb80a2234f6694b6e9;CO_c92f293f056b8eea1bfa;CO_cd4dc3be25929d87a601;CO_d18b5caf055f72de4c9a;CO_d4a66133ca14d9c93ec5;CO_e5c668c929c59e01a6e6;CO_e6c3b6f798b0e8d63406;CO_eb55605ade0e8136643e;CO_ed242cb2f4a6bbba5766;CO_f7c08cbf489b79dd62a9;CO_f8da296adf545751ea8b;CO_fc0f55df75494b380979,,0,,,False
PE_6c101e1953c53808bd4e,2012,5,2,ST,2012-07-17,unique_genuine_volume_observation_date,2012-07-17,1,CO_108c995b953c8a355611;CO_1dea2fcc947d9ab89747;CO_1eaf311a9044b532a4b7;CO_4ea837ac2e51fbac23f7;CO_55c5de31ec754ba40fb1;CO_74e9f3d8efbda803994e;CO_901d5db6d2bd40560cef;CO_9579fed16c7fe6731713;CO_9cf8a5a3d7cf6107b3c4;CO_b18df4c1c881f4091a3a;CO_b8b445ba5ddcf7dab834;CO_c525ed5e2d690bd80998;CO_c70f93672e75ba093ee6;CO_cb0cd479309a45960a11,VO_46b0deb58f1724e65965,1,,,False
PE_6c6adaeedad01937f242,2013,7,1,MT,2013-08-28,unique_genuine_volume_observation_date,2013-08-28,1,CO_017ae987199a49a10175;CO_036f3a96a435c84be810;CO_106ac292fcd6117419cd;CO_1f421e7c6162fa14a387;CO_2eff41e05cfe113079cd;CO_440f780c6a06853dc0e3;CO_82e6cca4de612976839b;CO_8dca256af296945f77bc;CO_aedec0d0ca66f380aed5;CO_b37eaacb1b884cad8748;CO_b6f62d20279d56ab04f6;CO_cb317a98d40275452543;CO_d2d80384878102bcc9c1;CO_d2f483672c0239f6d7dd,VO_ad0a6ca20eaad6a95609,1,,,False
PE_6c85627a623e6c9dfbb4,2025,2,2,MT,2025-07-14,unique_genuine_volume_observation_date,2025-07-14,1,CO_071c3f4dcc4b4b2c6218;CO_109e04d1a95845ccd7dd;CO_1172067564c5dbede68e;CO_1648683fce1bbf74efde;CO_263b20fc4cb4953c1f7b;CO_2851eb1b0839402a67f3;CO_33aaa4effd0ecb5f331c;CO_3573b846517b985c4249;CO_36cb077398edbbc168a5;CO_3837e1aa083f578c9179;CO_38879b6376fbabdc8fbf;CO_3c4dcf6dfc899bd68a7f;CO_479de61e68a1f232b164;CO_5410f1c8719e7b628b2d;CO_5428ec76b254b01192cb;CO_5b6be5b2da6e7c5a3971;CO_5e1a256a5ec3e48fbd65;CO_620e9c1f98e4730c1968;CO_6589ed9b9dd4caa59d93;CO_66e4b26a83b164bdc86c;CO_67d9df3bfae39fd24f91;CO_759b87b87ba0c0c701d1;CO_78c8822eccc9574e7390;CO_7f4f593ee3ac429fd845;CO_80891c5dbd73e51067d2;CO_8590ac06255549344489;CO_860930f330638a879dc5;CO_8a67189c846429231c64;CO_910769754620d57086a1;CO_9347c0c9a9a77d1df666;CO_94acb90928ab3cde68a1;CO_98474cc274cf7e4c2820;CO_9e41f0b66ee4706ad9f3;CO_9fec1108f1ecb4f3e186;CO_a7091d75bf49f87f62a3;CO_a779b5bdea7260a5e798;CO_a81182e9ac19ea908393;CO_aae9ee5b6b7b41c2528d;CO_ac8dcfb205e77852daac;CO_b39885a157fd0cbf181d;CO_b39c7034454e0815eb8b;CO_b8a137cb2c0a7f90827d;CO_b906e4061c4a678dd89a;CO_be6b8147554088a9d126;CO_c55d1110f4ca20992d85;CO_cde2e7e0392f5cfb5b23;CO_ceaf3509dfd6bb2569cd;CO_d5202cfaa87f58037dbd;CO_d6125e17c695efcd185a;CO_e084d7507dab6604894c;CO_e2b79c6b00bc97ebb7a3;CO_eef8c52780f4af3a2526;CO_f2069c4f9c32f3760232;CO_f34b72e14fb250dbeded;CO_f496efaac08d87439734;CO_f9324da8eb1ba0fa5a7a,VO_1a06bdb834c994670997,1,,,False
PE_6ca81f85570cae0e0d9c,2017,1,1,ST,2017-06-26,unique_genuine_volume_observation_date,2017-06-26,1,CO_00b8f2fdf1fbd1d01c27;CO_050fac337331bbe89445;CO_1326c6c44cc5e89cc510;CO_1a5b585a87b434cd9caa;CO_2cfc8ccbd7c0b1761532;CO_36b9a348ff8fdd5fb3ac;CO_46b7aa62226c53bc429b;CO_4b7f5b88161e7959dd32;CO_56decbd12cae6012af5a;CO_83a08a9056e5fc4fa702;CO_8e8e7d4445f19033a1e8;CO_910e49e5a414abea8e35;CO_92830841b2701a157ddf;CO_92add00e895d216321df;CO_9cfd3c755be26b4e1645;CO_9e0a0fba7f737bed441c;CO_a207c35d8417aeed4c9e;CO_a2b5b160c1a48ecc0b98;CO_ab67d792f89de5bc9275;CO_ad2cba0c116e88519fd7;CO_ae600959378c54c51d1b;CO_b9cd8a5c640ae6a3ccef;CO_be7835abed78dc23de40;CO_c3114e3f771d5f691721;CO_d9adc0ef69e941f005a7;CO_df5cea5e17e7d2ab5ff7;CO_e58bb6dcf3948e6c37ee;CO_f9d4d7acb62e17c88c08,VO_44aabb9344001d1d5486,1,,,False
PE_6d151a783a1487f12ad3,2018,5,1,MT,2018-09-23,earliest_valid_date_multiple_or_no_genuine_volume_observations,2018-09-23,1,CO_0184d9cd40b59ecf434a;CO_1adb67461a4c3739283e;CO_1d2028ddcd746a7ee87d;CO_29abebdeaec524b5b1f4;CO_327e892542e0f4097f90;CO_3ee27d552f04902b14de;CO_5b33003a928495b97792;CO_5cf512bfdc69646a7733;CO_818a291377e2e0e3288a;CO_82837d50572c36ebc905;CO_a40c943151f1eebabdf8;CO_afee5440fdafc78d7986;CO_e95aa79cb636b468a633;CO_f9b08407fccbb12015ae,,0,,,False
PE_6d4bd786a91c3c5cb5a0,2019,1,2,ST,2019-06-27,earliest_valid_date_multiple_or_no_genuine_volume_observations,2019-06-27,1,CO_0e5275f34e63038d1fb8;CO_1eb3da012cf952c58269;CO_30e2fdaa7748f8af49b4;CO_5588ef6ef806acb17bfc;CO_6014927db7295c446b69;CO_6ef3dcb7be11f8c49ebc;CO_78b0db717a543d33f19f;CO_7ea9e5bc2736f0e3d0f1;CO_a5abb1500bdeaef41e2e;CO_b754f64ada9ba5bbbd01;CO_bb08e6dbeccef5f7e04c;CO_c05b79d959e2e32c57d8;CO_cdd88e9889520cf6974e;CO_f69b055e71f60f90caeb,,0,,,False
PE_6db16cd7a8da79e5651d,2025,4,1,ST,2025-08-11,earliest_valid_date_multiple_or_no_genuine_volume_observations,2025-08-11,1,CO_01df2f8f80a112a3a266;CO_08dc2040a631af62e7a3;CO_0cf9e335a07c2901979b;CO_1e117b396c77c6bc7008;CO_1f1fe0850060c9934666;CO_33f849de3622f07a54fd;CO_3e0cbdb59cf8a8edaf26;CO_3e1884b53656e0d408c1;CO_44f1bbc5b4c9e9a4c445;CO_4a971434dbac1ad58e14;CO_56280f252f312e642177;CO_57f8c3351534d9f0ded2;CO_59c260251c827eeac4d2;CO_5c55727a2c101dee0df8;CO_604bdba4ae56af689c9c;CO_61ab550f4c85a975cd46;CO_6526cce1bce62bbbadf1;CO_672e0e61d36b4f8da5ea;CO_6782b928b9304144ec17;CO_7b7bc929fac2d3d5e001;CO_7bd3edcdad6b99d33193;CO_7fc8b20b4ec56c75aa13;CO_80335c1f5da13ee4dfe1;CO_845548b9529063b54598;CO_8af1f2584822ac9fb9d1;CO_8e690b5f738766924945;CO_8f96a045c9a91a2d1923;CO_94e6de03149bd37cdd0d;CO_971787b181dd876b7154;CO_980da124d80c8d9bd4ea;CO_9989a37538faecc495bb;CO_9f655dae6190e1ed1a56;CO_a30f81a90be76c4a848e;CO_a59d9335e170f9e55202;CO_a8d2de097f81898ab845;CO_a8e0c3c8e84f48cbe3b1;CO_ac1ee3c7af4ac9728322;CO_ad34ae8e887be8a66fa0;CO_b0ab628c9e14621846c5;CO_b3b130b344c28e52c7bd;CO_b4b88a57b31de5a39fc6;CO_b9efeea84fa602423d14;CO_bf7f42e134799ab41887;CO_c49b0dece16c3a6b89be;CO_c4f9fcfbf89fa5e15054;CO_c7d86cb26af8d4344b7d;CO_cc1d9e8100fc3b30fe52;CO_d2a7fe429fbbcabe5d5a;CO_d947226be6299a049ae8;CO_e88cec3c32237823d09b;CO_eaa27c5213ac0188c879;CO_f035af22c045803b21d3;CO_f296867839c8befafed3;CO_f34faff80b330ad8e52c;CO_f8feb05f30d18136c183;CO_f95887d5a96c88e2b75f,VO_bb78585c5b2f96dd9d8d;VO_eafacea4ca9af5037663,2,,,False
PE_6dd6e0481282dc87af9e,2012,3,2,CT,2012-06-12,unique_genuine_volume_observation_date,2012-06-12,1,CO_354ef0c9d7a1ee171006;CO_3a1e191db60edbc07691,VO_f2f8f5fe4d8a136f62e5,1,,,False
PE_6dfbf6a0b565de5536dd,2024,2,2,ST,2024-05-30,earliest_valid_date_multiple_or_no_genuine_volume_observations,2024-05-30,1,CO_000f21ac06aceb9cdd05;CO_0985b889a1fe4f4e1fb9;CO_0e64c52973bd1e8881b8;CO_0e7efaeb2c67e0c298f1;CO_11bc0410d988326dfefa;CO_1480312923177b4dc61c;CO_18e6b478856d4c85ef07;CO_28c961552af78f654296;CO_2b1e7392a9141ae5e007;CO_344d84df425d003cd1c0;CO_3464bd2812affb1c7eb1;CO_3957deaf962b0b30215d;CO_3bd625f07792e885b5a4;CO_3d1e557b540ac045b3b3;CO_458f48d8f05b101fbbdc;CO_4bbad7fe81ee4c81f877;CO_4fc87f5f9c213a971ab7;CO_50d65da5a5788e6183a4;CO_524beeec873cb78924f0;CO_526c34f80d9f9e77a41c;CO_5a40fb3433404c380aa5;CO_5e968ce47ce4a17e3823;CO_63e450258ed555a36df3;CO_64a1084890dbb280d1ea;CO_6a0a323dee59cd417b50;CO_7385cae611099e13d376;CO_793997932b884441d788;CO_867eff73d9f366f8423b;CO_88578c24ee0577808384;CO_89c1baf80810ed35b8cc;CO_8f61098bccb435c779fd;CO_955812820ffdc5a2920a;CO_996379383479fea3d057;CO_9e8aba6e606821af2c40;CO_ae89ce58d54326c7e343;CO_aeb5d182368bc8faff9d;CO_b1b98760b142f4d8bc67;CO_bded34e024aac1428411;CO_be4b2f45069c180ef309;CO_c4ea686facefd6bfd26f;CO_c90ea5723f9256e39229;CO_ce8457d59078a699acb7;CO_d54123de468bd42ea00d;CO_d6fe8ab698be224052ee;CO_d7bf868887161884a7d5;CO_d81c15506dffe8152eec;CO_db23c4ed48e68d62f90c;CO_e65de07206769a840236;CO_e68adee72e4d3c421f15;CO_ec00669143d20646e949;CO_ef98552e86cf708b5dd4;CO_efb7f7ac6a4803e41aab;CO_f0287d8670e5671e70d1;CO_f06a0083c7c1143e098e;CO_f21152d0b4f97b41a780;CO_fa3a46cee7a18cde4d1e,VO_8198b162bfddf9608d5f;VO_87d65d7bc8465d8ee1c6,2,,,False
PE_6ec08e8e72986c7e7417,2020,2,2,MT,2020-07-07,earliest_valid_date_multiple_or_no_genuine_volume_observations,2020-07-07,1,CO_12e3dbb55fb760f76ca1;CO_28821a62b1732296ec56;CO_4e58abd48761bc421a18;CO_5092c37bcbc9f0fb33cb;CO_50a479b3a2e13ddd7c0f;CO_67e912e3e2b53266f4d6;CO_717205bc7f5a629e77d6;CO_71993f5ba8c9e9aafb05;CO_8f91eb2820b9c14d69d9;CO_a0dd3f78692a0c106558;CO_a99866c73064aaab5731;CO_d78aa3b4afc5f66add48;CO_dd4bdbced5abdb1a29f6;CO_f76cb816b3f74ecf30d3,,0,,,False
PE_6ee044c77bdf30366b5d,2021,1,2,ST,2021-06-24,unique_genuine_volume_observation_date,2021-06-24,1,CO_025f8e0fc8234530d6ae;CO_0a175804c6121bb5c18d;CO_0a5c5a711f8120a7cc1a;CO_11b29812557057ad808b;CO_137eae23ebbfd25cd568;CO_1d14f0f98b10889eead8;CO_1e96d30e43a4c932f33d;CO_200dd69b70a88134b3a9;CO_4196d918f2ba6d0dff68;CO_460143e6473f0614a14d;CO_471d8eccd8aaba928986;CO_47640e5f52b61369ed66;CO_4ab5f50373ffdfed92f5;CO_4c4192b3de0f23475bdb;CO_52c5a260883bb90127ee;CO_5896935fd3cb0b313ee1;CO_66132b1c601d1f2c6696;CO_6c77b607e17df16d31c4;CO_769ce52a0423048bb632;CO_7804641b0093a8d0753c;CO_900f7b407b5aa1f1759d;CO_90988a90678845529d70;CO_9869a8a3a11a33284dc2;CO_a9f80b4eaba3fd134baf;CO_c5080dbc42e822a31c72;CO_c8677b8c512772de0b92;CO_ce83293c66150ed42f52;CO_ee4779cdc944e85345b4,VO_9f7c04510ddca3da8d35,1,,,False
PE_6f90d69c4aa146a04e18,2023,S1,1,ST,2023-08-01,earliest_valid_date_multiple_or_no_genuine_volume_observations,2023-08-01,1,CO_02eb0fab1eaae6e083cf;CO_0810d383f0c33cf47ae1;CO_0ded688ee74a1511c09a;CO_4697df47f53215182796;CO_477bcd0d2a1ad057fa85;CO_4e9d162d502853033333;CO_641db3bce85876ca99c6;CO_6793f9e266ce6ebd9638;CO_794085b394b246a067bd;CO_7c3d90003d7d645be0b5;CO_9d80a28849f5775dd1ab;CO_b4755fa1bacc6873c8a0;CO_d2b3982b100eac34dde5;CO_e1408471f3ddf0f654c0,,0,,,False
PE_7024c3ae50e63fc3a67a,2025,S1,2,ST,2025-09-23,unique_genuine_volume_observation_date,2025-09-23,1,CO_0337d6fcd298bc6696a8;CO_055f78940c0763035267;CO_0f133b8f91eb94e9471f;CO_338e46269b86afc618ff;CO_3cfd5cc3cc0fee92bdcd;CO_7f9477b456e68c92ed57;CO_9b20894f75c15e9b905c;CO_9daf56fbee71232dafdc;CO_9e8c678cfe06cde9d0e1;CO_b74c6293baa71a0cf5ae;CO_baf61a035cd09cd063a4;CO_d1faa63ee9644e854ba9;CO_d4192f06768ab0f257c7;CO_ee1de4914cc26e8f1326,VO_f9bc808910de69a2b64b,1,,,False
PE_7025ca38701f624e1713,2011,5,1,CT,2011-08-18,earliest_valid_date_multiple_or_no_genuine_volume_observations,2011-08-18,1,CO_11f372bf5fc808f640fc;CO_120d3f12357857952b43;CO_3f092380ea6fcaf25347;CO_717795fa2f74a0667665;CO_8252e1d5fe9ebc0ed2b5;CO_934c47f36c16a58d68ef;CO_9b1267cb48c31f6c0bec;CO_bb34d581b8484ccf0a5a;CO_bec376434eff85274c75;CO_c2356069e9d1e79ca924;CO_d7008e68b135c3c77bdf;CO_dc99a69a88c91874dfc3;CO_e781b2c55b7dd50d14e9;CO_f6903a126cfb9fc6c0d1,,0,,,False
PE_70d3cc17c47edebe68ad,2022,5,1,ST,2022-08-10,earliest_valid_date_multiple_or_no_genuine_volume_observations,2022-08-10,1,CO_1625f9db144171f78dc6;CO_1828526428f17576e658;CO_19f2fb46a8b8dc3ca62c;CO_21900f41ecb7b8e6cfd9;CO_21d051d47cafbd2ef53a;CO_253f813f8c1a843b39cb;CO_2a890496afdbf5776269;CO_2c313f58ab232bf15ce1;CO_2cfd4b162e427e8e59a2;CO_34d17aedc8e1ed282927;CO_36a71a5bca2513f92fc8;CO_3c93dc29be7624688459;CO_41b465201541b9124883;CO_4d79986143fd9eb599cb;CO_5ff6e3a9033f70f7de1e;CO_63bfc4219c16f9ba618b;CO_65829150613b3df4ef23;CO_6cd61738b4cfd09d6d9e;CO_70f16ccd0a86d6aa28a7;CO_7379eac4a1d3580a1577;CO_77ec867e21dc93a51d37;CO_808ba8c29edb1f89bc1a;CO_8f61d3cbcafb6953f3cd;CO_973ec83cacf8d2af9a0f;CO_98c4dc334adef12e86e9;CO_99679c60534c24171b5f;CO_9c77e9b370cd78276725;CO_a7a868b19967589e71cb;CO_c5067bcbc573d35e3788;CO_c6eb567d65c453968ce5;CO_cc55b4c2e7e6d5ef1642;CO_d34e994dcd8e7737a59f;CO_d95502209f6a04799a4e;CO_dbc6b4b4035c531eb37f;CO_eb0083cb3140a6562716;CO_ed16d272044ed81f103f;CO_ef1d1c50e751f3944e2f;CO_f4dd301311d96b70a2ee;CO_f9fb7b7f889b733ae0a3;CO_fe077354a11a737b599f;CO_fef1d7bcfa6f264f969c;CO_ffb3b559b4fd37f4c507,,0,,,False
PE_7105f0f414cf84b7ea78,2012,6,1,CT,2012-07-24,unique_genuine_volume_observation_date,2012-07-24,1,CO_2cca79c8bea8c45fd000;CO_3a5181a6f8e67d3e7c15;CO_3ada92f28b4ceda38562;CO_5f829f9e9b41706a703e;CO_66c2e6dd7fe34b78c205;CO_6a551776eeaddabe5d55;CO_7fdb69d39a0818a1a39b;CO_8141b3b75468d487e0d5;CO_87ec1f790f0fd69ad63a;CO_a4e1e8f9729302940d21;CO_c4be3389854d34a894ee;CO_d5d2c0d51db4fa27622b;CO_d7883857184801abb850;CO_d9d628292c7f805ecd12,VO_e0c778f1a25ed3f7cf47,1,,,False
PE_7131d35e8cd02b882d26,2023,1,1,CT,2023-07-17,unique_genuine_volume_observation_date,2023-07-17,1,CO_0026f8124280a125d330;CO_10e61101ca88272111a9;CO_1503dad2817e57a90fb3;CO_191347b21ec7de5dd1b2;CO_1978463ef124546a64be;CO_1f5e12a1dcc43dfd45e6;CO_210c4b3f4e5c7040f24c;CO_27a9f593af9ca21f05c1;CO_27cc37a6a2d561984b0d;CO_290a0b92873bdf4e4798;CO_2a8ae6164678109c8439;CO_2bf92dfb0abfbd51d5cc;CO_2c674047a16dab9c7804;CO_377b01b6e33c26412d8a;CO_3e8b992727316255783e;CO_45df51e4ea78519b4123;CO_47fec9f491173c57c1d5;CO_4b306dd84f65d96afdda;CO_4fc02d5fa598200686e7;CO_56fee0650f471b6a6779;CO_574d87d75316afd7c19c;CO_5d072f5b8512844dad19;CO_639a0e17229877b8e022;CO_736355884f4e55a1bd21;CO_766af62a6275002e9909;CO_769e881d85fc5d27cb4c;CO_7dd49e56d655438a5069;CO_83036104014fed7f967d;CO_86d082c140779e5c1e65;CO_918966a72c3a0d0ba8e3;CO_9615d3fce3b4039ab8e1;CO_99ee50221221864d50c6;CO_a00421349b918c963c81;CO_a44bf5fd44895cd485b6;CO_a7bb4472588958f3423a;CO_ad61c9d91e974dd55605;CO_aee4cac52d9e10412d52;CO_b5bf10f0b7d29480034e;CO_bfeb4fe71a02b5c02749;CO_c35d653483107bb5ef6c;CO_c59f438f16c5a409eb2a;CO_c70739204692501e4031;CO_c9efd028be5f39b3a917;CO_cc557d460799c2767859;CO_cc6a251fac8cad5d7415;CO_cd1a8eba8ffb99ad2fb7;CO_ce63ea0809ce32335dd7;CO_d260847bf6e02cecea0d;CO_d39ae07f92c8dea207c2;CO_de792c950874e5725180;CO_e4f2c3ab5b54ae530bec;CO_eb5af8ab99b55cda453f;CO_f0e3bd92f157f9b73ede;CO_f6a906db719ac5276214;CO_f6d4c20c35885cf5a608;CO_f856bf26b857c531376b,VO_873e24767d50ca1619bf,1,,,False
PE_72973ed7fd2fafa39b49,2017,5,1,MT,2017-08-21,unique_genuine_volume_observation_date,2017-08-21,1,CO_05613b260816ec0695f6;CO_06b2d82840e43ed8432b;CO_221327a1595d0e9e2803;CO_24398d5d873114391adf;CO_2694fa3732b5835c1e1d;CO_26d72e99775e03d25014;CO_298435ff505cb8c31f9c;CO_4db66d3d418cb69dfeee;CO_55bb35c6e8d3a3f87618;CO_59320b07d510325ab07f;CO_5e8a21ead84851c212c2;CO_63d942da157a1ee4e0cf;CO_726319add660a877179e;CO_72ba187b05e705de2dce;CO_7b215942732210e4b0f6;CO_7b4c3b903da50f31cacf;CO_7e245b947ebe781ac1bf;CO_806b245a1e9489d05fca;CO_86c69827423d611ffbab;CO_8b8b2039da03dec40c35;CO_8c4071232533475e3d9e;CO_8dbd80a0fe5b7d3c486e;CO_a36cbc72a44c7aee3362;CO_b52faa925bf4aa714045;CO_b75e60aba09b15375e42;CO_bfabb6cf02daa6bf1d9e;CO_e001dad6f306c7ddb4c0;CO_ee2ece66698339e8969f,VO_d0191a57fcc2bf459532,1,,,False
PE_72b83136bc50254a55a6,2025,4,2,CT,2025-08-11,earliest_valid_date_multiple_or_no_genuine_volume_observations,2025-08-11,1,CO_014128969dda869dfc9c;CO_05c5cf7f0c1a4e640578;CO_10f40939e637d20de1c8;CO_1cdc9c0e295a35a3dad3;CO_1deba9e96f404694373d;CO_20f7372b08721802e530;CO_23591323fba453eb3208;CO_2a712e82b50faa78f78a;CO_3154c9cc4526142b6c75;CO_3157fb5efb99f26b67b7;CO_343c8d52baa0c98d0bbf;CO_3457320a2b115c45d642;CO_3c1d9213f8765a2a3628;CO_42636ae0aa2661636de9;CO_46008e02d0ac39b1a34c;CO_50f739f3e05795abda30;CO_55a4333563cc125b1e46;CO_5714f0813b1aeaab7c5c;CO_5dcfb72dacd76518f30e;CO_6339497c1ac50c3af235;CO_658350d05a6375014188;CO_660c4a65afffdadef14c;CO_6629ddae3736e894e89c;CO_685449ce015fb8c82ad1;CO_6b94c823cf15f23aae32;CO_747edaa66dec70dc1256;CO_7da08b799010a8dd3e60;CO_7e5ae8620fc5ac135465;CO_80330073182669dbe05d;CO_8107b392cd1c8093a753;CO_92c77444e5723145a5f2;CO_934b44fce2c406cf9aad;CO_9a3098a5e99a89b20d8a;CO_a3eac2342f596faa5889;CO_ab8f265cc2a5c9927fb3;CO_aeff9a7e3e9715c2ea6d;CO_b3e9ff4f6097909e2b66;CO_bab7f8e6fdff3176da87;CO_c7ee488de027cdf2c9c3;CO_cdad86ca9450d1c14367;CO_ce51bd929fb555d5728e;CO_da19ec9481cbcf30da99;CO_daab3aa68185b677bd3c;CO_ddc10a5906f8c0ea77ba;CO_e1638e7a3cb9bd9c9b75;CO_e39eef82f61b21e2e7f7;CO_e446ed72b5c1c5efe74b;CO_e4db48ed9172086fcb06;CO_eef557c8d2be0744e03b;CO_f00f2e7bca65e9f8409f;CO_f0e2120cad5d375a0203;CO_f1b4926d58140daf2940;CO_f894fe552dfde9579d79;CO_faa3719c835d433bfb62;CO_fb48aaf65ec04e4bcfcb;CO_fcd3ea094503446af612,VO_99a0c428b5127951ad35;VO_afb5c04fbece42a19784,2,,,False
PE_72bbe667892a258fbed0,2015,5,2,ST,2015-08-17,unique_genuine_volume_observation_date,2015-08-17,1,CO_1bfca0e6bb66042418be;CO_213caf5cf556041556e8;CO_263522fa27768a70e58d;CO_2ff0f435cc6b24fc248d;CO_30332d66f3ddf1ced8fd;CO_33e14c27247dae6ca2ac;CO_378cc790fd99bef9f394;CO_3b12f5a91eabca9e9994;CO_4a97eacaac14a61d6b2b;CO_52558cb584c322ce06bc;CO_5f99883da34c88384d42;CO_61edb6f4f4bcaa87fbc9;CO_64ce47d15992e40da1dd;CO_6989c356365e78e1e2be;CO_7a0b3a11bb6a66991d51;CO_7e12ef6a654627cda103;CO_8b29757eee9719468c0e;CO_9955f4a562efd60e9e84;CO_a2cdc3e5a34ca7321a76;CO_addcb3d9599cca858aca;CO_c54f7962ea40c9b632a8;CO_c75d3f1f5bcd6914d033;CO_cca60c81487221d205ca;CO_d2959f3211abea7da234;CO_d6e5a20b30f87216b2c7;CO_da4621a707cf748779a2;CO_ed2aeac339950dc27e0b;CO_f6de9bb74c7746daba45,VO_96229daca8d641264dc1,1,,,False
PE_739761594fff71774ab8,2025,S1,1,MT,2025-09-23,earliest_valid_date_multiple_or_no_genuine_volume_observations,2025-09-23,1,CO_0978243e4aa32d1fd946;CO_1dffd68e5364ca2371d1;CO_21a377488f440aeb9863;CO_5e3e8d529f803d993cc4;CO_73e2cab971d71d2309e1;CO_88b06d45e17b82603eab;CO_8ee3d6eae3069ec5d715;CO_944db51d0e31fc3a105a;CO_97c6278d46302a1ca604;CO_a3e6bc04919034521fca;CO_c4b606ff15bd9b86c37e;CO_d6abff9cdd9a14c50de9;CO_f398d545c2ebfa0077b6;CO_fb7bab9edf08f024aabf,,0,,,False
PE_73a092189bd19f7de823,2025,5,1,CT,2025-08-19,earliest_valid_date_multiple_or_no_genuine_volume_observations,2025-08-19,1,CO_12854f00c38af6550c53;CO_1b656b5ff85434f8a275;CO_1e3a2d08ecda783f1836;CO_2091f2fa56f5ced0f5a0;CO_24f0a8fb44e42779d4de;CO_2570ce03b300309d1f8d;CO_322142e016e988712de8;CO_34cdd525dacd56c713c3;CO_37bf713760c5cbad0600;CO_41332273b0913dad65df;CO_536326188b56c7f1da03;CO_56cc29cee9e859a53149;CO_5728c992e0c03fa48754;CO_5c4b6df5ed4fdd476781;CO_6033790b521dfe276335;CO_66e2b63c38c52adffda4;CO_66e9c3f858f17c418e3d;CO_6719009a76851c4bed2f;CO_67d7748ce0e1418ff561;CO_680adeb360cfb15db21a;CO_6b6c0168bc7929abce42;CO_6e9631f6cbd60f54a070;CO_7bf54834756ff124a13a;CO_7c153d2efca480e48359;CO_84f7a789bf88458baee1;CO_8574d6b5791487c996e3;CO_87269b28eaea324d2c35;CO_879d43d2f0dbd4254d7e;CO_87a08ac712e683184f31;CO_87f6530d653a72e341a9;CO_8d001d8e0c9714f340d2;CO_8d3b0a35436541352688;CO_8ea8eb612f9362da9d2b;CO_9730f9c50a2e1e274f70;CO_9eadf697db31eb58eae0;CO_a896653291d864fbafc9;CO_adee7f7cabbc5d278a01;CO_b03b677ad12ab36d0890;CO_b55b289b37c5a2b90c25;CO_b560ed1c26039ae5519f;CO_b6adeae991036eee1e3e;CO_b97e72f065b8e7ceba2b;CO_ba8eab058e16e95297c6;CO_baac73fe7ac34ea95c0d;CO_c09a11d9c224480e982f;CO_c44066cadb3f91efc94e;CO_c5f40d3880b454c1ce65;CO_caa43aab9927357204b6;CO_d0f7b5d5f77e89394715;CO_d74c6a6530c939712ec2;CO_d9158f05724913bb4747;CO_db6529e972a44a4db65c;CO_ede52ba72d9122fdd501;CO_f46733e1619957ff5bb5;CO_f8b7291025863577c250;CO_fde14d5b0b8f8c943d66,VO_010a793b6fd7fbfe5618;VO_ec61a34f02351e4998ab,2,,,False
PE_73b2bd8dba8e659563a4,2020,4,2,ST,2020-07-23,earliest_valid_date_multiple_or_no_genuine_volume_observations,2020-07-23,1,CO_1e61da9318ad5f39fa34;CO_3ca74779bdf0f0ba587f;CO_61b1dbc91985561c5af9;CO_62b92aa65205d9311725;CO_6cbc4c3512a64b4beaed;CO_6ee28c02b40113f57a3c;CO_6f7eceeaacb70c0e8ef4;CO_76dab7ce3aa1bebf11fb;CO_8cb4ff418c6b5c4d4fc6;CO_9326acebbb07fdc5db1b;CO_a58cac7647f3781ea71a;CO_acb3c9307d7b58b67241;CO_d52640dd8dcaf61ea13d;CO_e3f6959781c353c201d3,,0,,,False
PE_744bc567dc348be5d05b,2025,5,1,ST,2025-08-19,earliest_valid_date_multiple_or_no_genuine_volume_observations,2025-08-19,1,CO_01f41d718fd7622adf53;CO_050e057359dff4728a18;CO_0a53ec672831a9da2524;CO_0d8b669dcf9d9f4abc0f;CO_216da54b5931a6d37cca;CO_2770904b10f10762a819;CO_322817f4854f2f71b85d;CO_3267ef2a83a749052c87;CO_34310f39d8be3fb904f5;CO_4376e3ffe214fbe7685a;CO_498d663197c599b9cbd5;CO_4bcbd403ca7eb24a6d76;CO_4c4def567a54c56249a6;CO_4e2717b5271b1c603b70;CO_4e6235d221f7ff33bf7e;CO_56d11bd5f05d7b287846;CO_587376aae9d80daf070b;CO_587887b1f664c61a994f;CO_5b23e77bcbfd48044a8b;CO_612eeab9024bfb733a1b;CO_67021fcf60c7162effe3;CO_6ae2718959c46e34ae3c;CO_6d472e1b4030a07e71bf;CO_6f35a935facaecb7d5dd;CO_73cd1505f26f89d2b42e;CO_77104970ca0e699e0dab;CO_780124207fef06a8fabc;CO_7c5fab57f8c1447f91f9;CO_7e7d333c0af0cac72e8e;CO_7e8250dfc4ecb8399d6b;CO_8c6c42f379f08f03b796;CO_92a54d6e7d3f3ccb66c3;CO_9841f85e414dae0cc7a4;CO_9d970a1ce7cc06cd49ff;CO_9d9b481a8adb87a8cc5c;CO_9e3b6232cb7bd60ef9c5;CO_9faf79313f370929ca2f;CO_a0a531122de465614efe;CO_a823bd31ca4166b2c653;CO_a853756544562b4eefa7;CO_ae8502b547dea0285938;CO_c0aa4a0be7ba28399b09;CO_c5309ec2caf7b6699cee;CO_c715784eb51b33431fd4;CO_ceb8801213f1a0fb73df;CO_d27d1311670debc72575;CO_db3aa4aa750e2831cef0;CO_df54fc7a1547848a58ad;CO_e27ff4a5d0f886f9e4d8;CO_e316e58e56a661b2d532;CO_ea944082b4a0cbe50ef3;CO_eeb86ba3335981ed7220;CO_f23453a786108580074a;CO_f5dbfdb3461881b266a7;CO_faaa76b41ba5d23dc1ff;CO_fe48d6db483ac4bd61b0,VO_ac931815f538ba1054f3;VO_d677091671945f4bf839,2,,,False
PE_74d2b6cff9d0f8aad3cb,2011,6,2,ST,2011-08-29,unique_genuine_volume_observation_date,2011-08-29,1,CO_0b36980af5c0346a818b;CO_15221cbcf42b4b46c36c;CO_1f29027b29f2dcb2a3fc;CO_1ff741acee83e8b0f0c3;CO_25f9525ece71bbb5beb9;CO_399b19bd30c0341148c2;CO_41af939cc44af25df692;CO_76044b057b5a5157476a;CO_8a34427d232ab293fac6;CO_94cfdb2ced379ef12008;CO_9f14025af0065b30e47e;CO_a25fdd591727d31fb732;CO_a7f97d4b52b93ecc821e;CO_d9ce83cce69134131b9a,VO_1cc5d5efdc6df29df452,1,,,False
PE_74dfc686b20e794d29d3,2015,4,1,MT,2015-08-06,unique_genuine_volume_observation_date,2015-08-06,1,CO_0150efd603e45cdef3d6;CO_03a74aef261604607546;CO_08514c216f8063cbba98;CO_4f360d2e245cbfb1a83f;CO_7bd341f08056de72d77d;CO_982f632c9a223df334ee;CO_99e3cb59c22df0d1ea22;CO_9a049b03f6fc40bfcf2f;CO_c62c6e689038ddd6e233;CO_c87a024f10155ed22b50;CO_d2e7c4f17a70bb402525;CO_deecc9c766eeb5c57f18;CO_efe9cc76e5b7ec665010;CO_f74fee330886f88ceea2,VO_874be2331bf8c5ea2dc6,1,,,False
PE_7563047765a1e3f047e6,2017,1,2,MT,2017-06-27,unique_genuine_volume_observation_date,2017-06-27,1,CO_007015a206721f563b2c;CO_01cbde8c463f2a8f765d;CO_27df849c9f8041e1da28;CO_2fcff7dd0889e5363cdb;CO_308831041ea4863c3f87;CO_3609d62fdb614d5eff11;CO_37df889efd442031f861;CO_4103f0a4e707b1c7bebb;CO_4366b9ea549261637af2;CO_5fca9d488e6bcc88e4c2;CO_5fd441082bf6f1ad86dd;CO_69e07bfa6f0a2a0b8f71;CO_76ebdb6d45c61ca12e62;CO_85862dbbb39a9508db45;CO_8854bd14526a312edf21;CO_8fb3cacf624fbe456973;CO_9ecd60ff3bca4fecb399;CO_ab7001df69d2e3c38c02;CO_b444aa2fe427a38887a4;CO_c83f8ce24dcd4c2b07e7;CO_ce2cff683b4777fc1c25;CO_cfe72eb6dd9c7aa3562e;CO_d25b2f84aed7d1494394;CO_d72845b1d517b226644c;CO_d9ae4cc823260739983f;CO_efe8564971192c24d29c;CO_f502688b0edeb2944d16;CO_f5c34d912af814c33b8f,VO_e6b9e2de3c1e0e3d849d,1,,,False
PE_759e17ed54a412339741,2011,6,1,MT,2011-08-28,earliest_valid_date_multiple_or_no_genuine_volume_observations,2011-08-28,1,CO_1b95c8a0dad14118b57b;CO_2a211a812c39565575f7;CO_3035a9618981ad7d7432;CO_44cdd65e10c632697df1;CO_605e9e90d5370dfd14f2;CO_72c2a3e487faabc67ff6;CO_73401dfc9377b9ed6ea5;CO_a740a8741ca6c59b0e0f;CO_a764f2ce24df741df79e;CO_d27af9fe44358f3b00fb;CO_e5f7f1eddfcb5cd245f9;CO_eb1e33e8a81b697b7585;CO_f8195487945e85526b9f;CO_fcac2b34dfe9daefdddd,,0,,,False
PE_76eec8ae39fe2d6f5031,2025,3,2,ST,2025-07-31,earliest_valid_date_multiple_or_no_genuine_volume_observations,2025-07-31,1,CO_106816e5e02931e8359d;CO_1788c74b1c9262866c20;CO_183d58f7c3e44c77886c;CO_19b4bd774a67ed8b7593;CO_1d0a226e065e44ce6e24;CO_1d0fe0632fb710d9f27e;CO_1d89cd7e54411b393912;CO_20756d2b18a439fe021e;CO_20bf93b68664ce2f8784;CO_23147de9997391842c4c;CO_2b6255b21ae4e35a4578;CO_2c8b871e52d4e5f5db5f;CO_306f9ec8250ae2cf4165;CO_3320051c00a951987b23;CO_33e36af0f998fe7de9cd;CO_366a380db9cdbf8f0019;CO_4161ed8204673744735c;CO_43a70ba6b21894cd2416;CO_478c4ffb1cbcea37956a;CO_4d151274fd8c433d276b;CO_5492ab4af482b41f9ba3;CO_5afa02cb132b9447fb8d;CO_5f41df1a223ccd950795;CO_61f35d18e91a0c779f50;CO_6dddd87c9d4fa4b6f609;CO_711b63d5516e336e0379;CO_717c7a23c3f4cc8a1a58;CO_7a6d213d80d49a3e270a;CO_7f861bcee185de001377;CO_821e1f53f1c2c71aa235;CO_823fb2499b4e37d99acb;CO_87518bd9fc387ea079fd;CO_909033570f5545191e17;CO_9aaf689fbcdfe9f64a07;CO_a590c9fa5dd7b9cc589d;CO_aa32b6174b01f046c54c;CO_ae9166fe6d4f2f75ee88;CO_afc29d7e2a516e2f2de1;CO_c54bea44135df61e37bd;CO_cb978ca78b7654ef2c1c;CO_d253801686c2de85402c;CO_d3456f8cc95000390225;CO_d4451c616709a8239f8d;CO_d4d0c956edc1843f0d4d;CO_d540bb71097dd07c7d1d;CO_d74a9796b24aa8835484;CO_e228f34698803f56994d;CO_e8f5a2049d099cb32a5a;CO_e9c15acddd2bbb3144f2;CO_ebeab9837a9d736d083e;CO_ef13ebc3a57a1b51c17b;CO_f2522439c875130836e1;CO_fcfe44d0a0769b1a6afa;CO_fdc4dddb01a836f6e221;CO_fdd9f143c54b9de840e9;CO_fed1a952001c5c6f4a47,VO_6f3515a36ce59af817f6;VO_7b628971c3538d1cb270,2,,,False
PE_7751232195de561530b0,2023,5,2,MT,2023-09-26,unique_genuine_volume_observation_date,2023-09-26,1,CO_023a5d902d01ea352bd1;CO_04d901cdcc744547648b;CO_060672b8531404f59851;CO_08bc14aa3d420b0dac62;CO_0fe1ddab30b57543f93a;CO_11d845c6e87a8fc3e64b;CO_130790feced08212eed7;CO_1d653df7edb962b6c409;CO_24d884a9e09adde4f514;CO_2553882bfec02891a94f;CO_256a6c21230068c35f4c;CO_297219e7de424bb52c04;CO_2ce85020583bdcbc295e;CO_31849981678d3801ac46;CO_4427dc2e32a1d099dbe2;CO_44fe5cd136d507c0632b;CO_478052290f5e77d85bbb;CO_4c36c775b818b891dca3;CO_59712c920a3cc7ca6887;CO_5c344ba7044815dd03c3;CO_5f4483ca274047e3864e;CO_66a7a5807c3130eb2d0b;CO_7199a648b588394f21de;CO_7daa462ca9f33411e7c9;CO_80113f52cb9e6f50a0c8;CO_845b1d57d15fc8a4ca8b;CO_8ba5ef4e282bf7bc5cf1;CO_8ce3bec02d525a259d9f;CO_8fddf385e2f160a5cb6a;CO_900cb8e36b717b81b9db;CO_92b690fedfae7ea8024e;CO_93c3755d0c9030cd90f0;CO_93ec3f20cb1fefe0764c;CO_a5af16fb4a4856cc3f85;CO_a5dae85d4d8658bd850f;CO_a78c718ff6f22bc0bc7b;CO_ad042f41e04d9d310b6d;CO_b06cbb3cbf7184f545d6;CO_b2f81797c4affdca3e3b;CO_bdf27cc797d40a3b96e4;CO_bebbeb0854a3fad9ebbc;CO_bf8292a5fdde9fc82331;CO_c3867352aab641358fae;CO_c4eb46311c4e92cc4cd7;CO_c6b2538aec1b6e59dd99;CO_d054bfc75d1f0b1e2ebd;CO_d3f6ac8734f58ce30f55;CO_da45ecf1bf77a6207d38;CO_deabeb979acb27ef200c;CO_decb4cc4cd48c10a14fc;CO_e78ade91a0871b5028c7;CO_e965313bb6d96151ccfd;CO_ea32b892055572349685;CO_f1a5b03e2328be2276c0;CO_f513a0aa4f8f39744c6f;CO_fd724877e1d9f26fef0a,VO_780983c9fc74e928a6cb,1,,,False
PE_7867ae6d3ac14e9063c3,2023,S1,2,MT,2023-08-01,earliest_valid_date_multiple_or_no_genuine_volume_observations,2023-08-01,1,CO_13fd5e9476b132df790f;CO_1662056e209def686fd0;CO_61182f39851829ca78c9;CO_6234dafad0c218b1c39f;CO_72330ca234abd2932595;CO_98eaaa4fbcddc991838e;CO_9e645831962e43f534af;CO_b0b7697f8b78f966fd98;CO_c7f1134cc95fd6534aed;CO_cb68dbec7d3df2537d3a;CO_cc222d104dd50a3f1215;CO_d5b493c6873a54073e37;CO_de798aa93d65c85d4f76;CO_f83911c5da4fddd13172,,0,,,False
PE_78a0e5a12037218db30c,2023,5,2,ST,2023-09-26,unique_genuine_volume_observation_date,2023-09-26,1,CO_01ec3d27560e00b678b8;CO_02be6761f02f2291c1fe;CO_03b0bd366e8184f8d871;CO_05e61cc57f43fecf7ee3;CO_05fe5789313b00eaf453;CO_084d9897d40c63e437d5;CO_096f462c574edf9276b8;CO_0a8d9ad647b7466f586c;CO_0bb298c1fc13c7357cb5;CO_0f43f741dd234817951d;CO_0f584d32068b8a6892bb;CO_1125546ad4d93397e10d;CO_1190fbe6d85702e9a523;CO_14bc33c0f01c50400af4;CO_18cb9608e261c5cafd41;CO_2237839c79b3a2e25799;CO_2550f3df0ab7feb0aba5;CO_256d98e9ee3e3c805f6c;CO_2af6490707c0ce9edb11;CO_2e36b37fd10752b9c97e;CO_31713e2d74e7f97f0d2e;CO_31dd3d260bd7e904a35b;CO_33d389e41b80558d43c7;CO_33eb7e4ae43f9873d9c8;CO_3510a92fc7dd04f69b1a;CO_3b8800ccfa178bf7ea53;CO_3f117a187cdaeb3ed77b;CO_3f5f3806e425deac3302;CO_4a3f2d2051d9ae25aad6;CO_4da317481dcf5fbe44d3;CO_4f125385d94641416096;CO_501a4e61aa4f7737df03;CO_58c6db79af2a8d0b31e6;CO_5972b901807fac6a7072;CO_5f0a4a15acab8eab3f2f;CO_6a6408e6702b258600b9;CO_6c0aaf090861c0919e1e;CO_6c720cb9fbe0bf0b4889;CO_6da6a1d655a356b86041;CO_748f3cfa437a2dc2704d;CO_77acc467d71ca17d5a48;CO_7e5cbdfe815602625d39;CO_7f3ee9fe1fbf452b0c24;CO_82887006d04d939ffca8;CO_8caeb7558c53eb3f06fb;CO_8eec27653c19ed078b2f;CO_a2fd53e8b8bb273b6b47;CO_a539d11002f450be5e25;CO_a70a0909a8253d0075e5;CO_a77bd5e6de66e9e1a2bf;CO_b03fe167cb5990717dfb;CO_b39c1d3efa910e962e3b;CO_b700bd6ebf3dadab5d3f;CO_b874ed7f13a09e5b8e0c;CO_bb455b6c8383f82abe4f;CO_c7c63acc2b79f8ae3674;CO_cb91409e37b7d68879a8;CO_cc5aee71dbb1601b7657;CO_cec09b6f87a797e5a5a0;CO_cef5838d118dccd9de48;CO_dd448e20661089c7d8cf;CO_df364962fca585d23e9f;CO_df968566c9b03bb4567b;CO_e3abad048f83026a37d6;CO_e4d8e2c97976e3e0ddea;CO_f46df9a8f5e1c4c1f0e1;CO_f58210f7b0278ba17def;CO_f9ae7cd27159fa07209e;CO_fa0c10ed79b3ae9d53ca;CO_fd0f7e53c5b02b688a57,VO_a8d178cbcf80a3c2b781,1,,,False
PE_78a548d4e3eef2a21ea3,2021,5,1,ST,2021-08-25,unique_genuine_volume_observation_date,2021-08-25,1,CO_06507e7711ac65e7fb3c;CO_11cc711faba3a59c5d28;CO_1d87b9e88ee85d73a9b3;CO_1edbc8c5de7aa3199d0e;CO_229be2d76fe86fcf489b;CO_2611b07ac9addfb7d2e4;CO_31bd1cd632a4ed5ce9b7;CO_327d4637793ef4b06b2b;CO_331d6c4de07bcdd955ac;CO_36f7d55f4b14dda8125b;CO_388c2eafe5afd4754926;CO_39188a258774b2db5aed;CO_3f703336ec8defe45609;CO_4c2d983d3514d1fcf50f;CO_4cd31e5e6c407602bd01;CO_5c3d91e81ae5415769fc;CO_5e27752e101ec179e101;CO_5f79fb022120a5f61190;CO_5ffa8bc96d3a67215837;CO_66a3bb31c614dcd81e10;CO_735e4a8aa7691b6d7e64;CO_87e29676d583c04a1682;CO_8920a14a7f6469b955b1;CO_8a6d64d015b340bf191d;CO_909f911ba355637df208;CO_914a6de7d89980a5b71e;CO_96b6182f87ded1baa28f;CO_9ae1538592b999447702;CO_9b60be9403231ac39a4a;CO_a1e8154bd1a4c96efad1;CO_a399fd8cdf606b3aa0e5;CO_a5f47b4c333f5fe4b703;CO_a78270048a8e1c373f12;CO_a818957b3a1f9857b721;CO_a8bbb7821c8adb682d38;CO_a96c35cc20d23ef0a3a5;CO_aaf8948bd742caaafe06;CO_ad8480426237e643aa5f;CO_afcbb3a0b0d252e8eb1f;CO_b2c5fa85cd74d8029a26;CO_b31589ba3e31318a0495;CO_b86c1a3640eec9bc237b;CO_ca05bc2bf73745fee2f3;CO_cc7909fb83012a4438d7;CO_cd5f8e6d9cb5602345df;CO_cdbe4e7e26e3a55307da;CO_d098284fa376d71cee73;CO_d49833df5a55e152e484;CO_da51be50f7ca408fa015;CO_e09ffd3535b9d219b9e4;CO_e3aa235a10ec0805c902;CO_e537c4c59ecbd92172bc;CO_e560f3c5ee3df5df0e57;CO_edeea65724ab8f271c38;CO_f45d0df1d4e753e786cd;CO_fb0924424ca6fe968898,VO_f2ea8a8e2de984ccbf7d,1,,,False
PE_796a63125680b03b1a47,2016,2,1,CT,2016-06-19,unique_genuine_volume_observation_date,2016-06-19,1,CO_061a25061943014b7b69;CO_2326b09b5e1f59de45c1;CO_27d719c754aacd492a6d;CO_3900c6051ca1c2bf7ded;CO_3e976cd8d9651395f82b;CO_5a0b83e19c5750eed6d8;CO_73e91e1664210c0b5471;CO_75c655fd643514fe8792;CO_798a28345310cb879a0f;CO_860a9ca6db8d521acba4;CO_8adb2956ab78862e35b1;CO_8b8d92de46420ba1f262;CO_918ef45edb9f5d08f601;CO_aa610b2170eaa292bd4b;CO_ab0883b5d1fbff5b8ffa;CO_ac74ca8a7cddeb3c89b2;CO_b0952d81c26d98b4f5a3;CO_c0d8f17a08e0de5c83fa;CO_c51f4d33c1386a4db832;CO_c9db2a5db802530d128d;CO_ccb047e1ff9b7292f5ba;CO_cfaa60293c97251dfa81;CO_d6dd88c390d2c1f1049f;CO_e401f2bd399f3456e534;CO_e40a3fa00fd2788c09be;CO_e807be55a1a69fc2e397;CO_ee62de25ccc2b55d3a04;CO_f783659d8065aa371c77,VO_d7d41b3afe4f268592d0,1,,,False
PE_79ea2eb78bef48e2d163,2025,3,2,CT,2025-07-31,earliest_valid_date_multiple_or_no_genuine_volume_observations,2025-07-31,1,CO_0030e557c3515d5a491f;CO_07007ba87ea78903e0ec;CO_0f70422e0f7cb2e5887b;CO_17dc3303cd10e0824497;CO_2b013929a3a48aae82e8;CO_2d71287dce714724e0a5;CO_35df10f0792f231e9495;CO_3b238667e15da8561eb0;CO_3b43a62b37676aa091c6;CO_3f34de3fc7ed73063f5b;CO_3fa5ca7cc617bd5ea425;CO_40510175845988f13f61;CO_414de552cad783d4f1d7;CO_41cf5599ce76795dac3c;CO_4315201c26dccae82cff;CO_462c39f8e9bbf4613691;CO_4975117a3464a7f37d28;CO_51295f0b77487b52d549;CO_5b39561b0d46012c5552;CO_5cd39777f10446165943;CO_62fb418140a7ee4153da;CO_64502d55e7e89f45383c;CO_67bf8bb9a96346d74f0c;CO_68bf6c87ebcd6379d3d1;CO_698eddbc91b225fd427a;CO_6a868b51bfd20b49e4be;CO_6f64769fe19482580dd8;CO_6ff1082f01b2ffb7a627;CO_739b312ae914cfc44ab8;CO_7ad2d913d3dd250b384c;CO_7c92e86bf407091f6b8d;CO_808a3872edc78095160b;CO_824823867acbf4b6155b;CO_82a6dd5bf8dfb66a8a8a;CO_83cf8b609de60036a827;CO_8603752eb7032210cdc9;CO_864995ea35b82212a9a2;CO_973cf5b9ab5ec19d3825;CO_9d798c6de0d54a6ac763;CO_a762afde67e034ebaa10;CO_a911b94c45c75c9742f9;CO_b4dea4ca32aa84b8d96b;CO_b583f739a13b60a6e6a2;CO_b9b7a8e8f28b74bf1b69;CO_be1dfca7b57921df356f;CO_c3e64604cb6275890df2;CO_c8f27edb2058dcee8b68;CO_d606971ce52f6c45b6dd;CO_da1e8f88e4963a82c250;CO_db18d8ca1116b3c57bf3;CO_e29518af92ac22d833c9;CO_e2a8e0bfa1edd40c3b36;CO_e4949ad1592d6693091f;CO_f5095cd644fbe157a3eb;CO_fbd039d88fe073c785dc;CO_fc9bef954b14709a0264,VO_23d798397dcc7ba90a8c;VO_b8f9ccad82cf26c8d345,2,,,False
PE_7a793bda6ecab836d590,2024,4,1,MT,2024-06-20,unique_genuine_volume_observation_date,2024-06-20,1,CO_06df4191d5461db5a3e2;CO_08fceb7eae8b0b70b718;CO_0ef3eaa3357ee22c22ae;CO_1f66c04da410b88bf3bf;CO_20de50c5e5cbd4d4110a;CO_2495f1a6b581f7d55204;CO_2bf374bf9053d65acfe1;CO_360dcc8221959caa199e;CO_38bfb45a86fe32917bda;CO_39f773b51f490fe8dcb2;CO_3a892eea646c4e4fc44d;CO_3bc098c10285bf1e6e0c;CO_4779bc407343d916c5a4;CO_487793cad43605b0d9d5;CO_48b81d202ec3d85783bd;CO_490d3f320e422627a498;CO_4c9dc211c8fdd6b61a4e;CO_51c94a510b50e68f490e;CO_6103eaafbedc45c70725;CO_648da2ec87858ef68c21;CO_67159986a69b574d6386;CO_6ae9e4d22c4670b9140f;CO_6f61b0f46a6129d140a8;CO_728bf33aab1d32d4dca8;CO_78434abcbc10a6720c0e;CO_7f7d124956c7f2db8174;CO_8a242e30a7eda806b606;CO_8a42a98723b15497295c;CO_8e1f192fe25ad49be764;CO_8f0f97e140e126a4404a;CO_986158efae5d9b5106d7;CO_9862c778f98d28d75302;CO_9a8a104ee1e20f22f0a7;CO_a058442fa0f684b09dbf;CO_a68a5f2e3a4446bfff75;CO_abad77ef0c2cd5130955;CO_b346a1b3ea9188978a5a;CO_b50d427a71ef5f98a1bd;CO_b6b8a47d9bf4d9a9df46;CO_b6edca7adf1a569634df;CO_b84e4d71547e781cd966;CO_b8efa9f64b3e6e239999;CO_bfe9c3c5714f2f370608;CO_c2890d7e636cad35d4f8;CO_c426adaef99b6ea22a32;CO_c4ed8e89485d94f74489;CO_ca953234a8b14221abfa;CO_d2addcc965fed481897d;CO_d740238f374425d95f71;CO_e4d5ff543629418af6ef;CO_edef5090cb115fc78afe;CO_f3e0a5976e99b4c72ddb;CO_fb2f73f87c88b7895b89;CO_fd99ea8de5c1b77b3dfd;CO_ff43d6c70646f200f05d;CO_ff87b877931533b1e123,VO_8f4d08196d1f1dfb6ee8,1,,,False
PE_7ab5d22c48132f848099,2011,1,2,CT,2011-07-01,unique_genuine_volume_observation_date,2011-07-01,1,CO_37dfea17ac8823e6d862;CO_448577b8f82cfd03efd7;CO_4e07408562bedb8b60ce;CO_510f079b40df5fe888f3;CO_56acd2f85500d246e085;CO_793a84a351bd364d2f03;CO_8cdf2de10225179c0a3b;CO_90d441ee3fce238cd433;CO_940a01e99ef8b507cbef;CO_a34c7305af5b1b2cea20;CO_a5c718889eb455929d33;CO_b770da13569d1b2a2501;CO_c6a99dc9b0b68c14f9d6;CO_cff4f909408f86508604,VO_7e900f468a4edca4d288,1,,,False
PE_7b17489d08fa900cd025,2016,2,2,ST,2016-06-20,unique_genuine_volume_observation_date,2016-06-20,1,CO_016908412530c969eed5;CO_0921dbeb56d02cd8d43d;CO_1e14e9139a1344e4a0dd;CO_215b82b0948866bdf088;CO_23c657f2efda7731a3c1;CO_3485da2e4aaa4c692d04;CO_36e9bae8ed048434788a;CO_3fbc67316c26f1491f9a;CO_443935a0199700effafe;CO_553db86ec67aec2f7e1b;CO_555e1980f5d793081110;CO_696d9363dc5a99999e82;CO_7ccca88c4b0e860282f3;CO_9468c114afc20220a944;CO_a75b72e070dc99a55e49;CO_ac7adad6960b53d3bc07;CO_b41f1aff4d998f2ee49d;CO_bfac4f010cec6625829e;CO_c1f713b0714199805794;CO_c9666ca719574009eb5b;CO_d2c5ea6c63da5897cbd7;CO_d7cdaa5ca0582076c8e7;CO_da6a103cafcf90f7aa01;CO_ebafcf01f985fd121457;CO_ed9253c2fe833192c6aa;CO_f7abacc7cbca756839f4;CO_fd98aa9d9cc36596d20a;CO_ff150bc51704cbc2fb2f,VO_531a04dfe94624c8c0f1,1,,,False
PE_7b7021667404f4bf5ffe,2022,1,1,MT,2022-06-17,earliest_valid_date_multiple_or_no_genuine_volume_observations,2022-06-17,1,CO_00b290841fbcd69cc784;CO_03afa3478417ff5086b7;CO_0ac90a7368b506fee345;CO_10f6b6ad5e069f3b97ac;CO_15d45f2509126484f295;CO_170f32fa66f6f7668b54;CO_18bed1232c7d6375b760;CO_1ea9f8d5b8389ca7e206;CO_257bbd9a630b42a91ace;CO_28591c5b87c757604a73;CO_2bdf394d67584970e877;CO_3449ea6db5ab2387e69a;CO_3b63a2fa4a5e34293d16;CO_3e122f344b00a6c72b94;CO_4c1ebc7f52836d8f188f;CO_557f5337d3e677163ab1;CO_5d2f20530ac39a03ae7c;CO_6078ab6da8612a510479;CO_634516d221cf5b5400ea;CO_678f2f24525785e9460d;CO_6bcaea9882504292b2f6;CO_7929065522441d4053cb;CO_7c7acf903ec43c5c029c;CO_7c877ba13c7bcd9434f5;CO_84dcc6630fa06536f280;CO_97a6d21df7c51e8289ac;CO_9acec3bdc2a2cda7b170;CO_a610c1a64952b62875a7;CO_b0cccfd9b43f9806ab68;CO_b3bf1dc9716e16ea9e56;CO_b93e56aec7724213a91e;CO_ccc0c17a6e734fceec67;CO_d3f5855fe380ab8dc41f;CO_d44f637a200880a3dd20;CO_d82e950a6d46a5846afa;CO_ddd180a4466685b23ed9;CO_de452588ea3da734e4a5;CO_e32d8dea925ffefec725;CO_e5ee439ab912548d4578;CO_ec23bffbd8305b03c563;CO_f5904c2f6bdf6c47c445;CO_f8818b67ab25419ad5b1,,0,,,False
PE_7bb31d342461203b532f,2021,5,2,CT,2021-08-26,earliest_valid_date_multiple_or_no_genuine_volume_observations,2021-08-26,1,CO_0068ddd8e47ab6467d5a;CO_0228374d12ee995cdeff;CO_02a7d9f584ed8bb8c5be;CO_0eba3ddff8b8400d5279;CO_15f8ea37c5937f6567dd;CO_18bf488290cdb42cc9c6;CO_1aa219431528a059b7f0;CO_1b9fc6751bc015632376;CO_1bf72fde42b6eb1f1c63;CO_2022966b9224c9f9c3ce;CO_2a13a24897aa15262d90;CO_2e8dc7a001a107c61282;CO_3cb694aa163edb51b084;CO_3cc16f8f6eede20fc562;CO_3d0231925f906b0ad694;CO_3d810b358ef3f8861994;CO_3eaeaacc5acf161a3790;CO_4306a15b4c7056852d1d;CO_438de6fb2e8925d4be0d;CO_5050ad171351678502de;CO_5371ebdb3b1c07991e11;CO_55e1be4b917b649d79bf;CO_59e1e59850940550ff0a;CO_5fff864d27239fa252f7;CO_68f10bf021d7734e071e;CO_6a26919b0d534ea54f45;CO_6d0ae6d0fcd01bc8ab3f;CO_716f129dc3414142805c;CO_842a580bd9801b9c4083;CO_891d46993a36d7839224;CO_8def3488486c17dfbc28;CO_8e6dbcb8a3461e581f38;CO_8f59d6d0717756ee5f57;CO_91e25df3e98d96ccba96;CO_9a9c3addeb315f143caa;CO_a16c0ab260e30b22cd06;CO_b5740f0e88bf42cdae45;CO_ba298cc703d3ec7dcbb6;CO_c8a2bd870c139655422e;CO_cb217731c496b8e1dc52;CO_cd6ace28cdbf45131896;CO_ceebaec62de7f1274001;CO_d130a946839b4be454a8;CO_d2c3f7d7309a3e349ca1;CO_d5a5b182cd30db1d5d8c;CO_d7826181fcfacc6ace70;CO_da6813d10025369ac041;CO_dec03dcf44e77e11cc72;CO_e83faad6630f2b9e4027;CO_ed12f17149c7e7b586c7;CO_f204081ab0f35101277b;CO_f67d8d455e50db080318;CO_f6fea6270cfdd57f77ab;CO_f7db83a2cd7383d00e44;CO_fa19ec5f13a65fa8a663;CO_fa5218939bfea77b8f16,,0,,,False
PE_7bc7d14f1d4cbbeee019,2012,9,1,MT,2012-08-19,unique_genuine_volume_observation_date,2012-08-19,1,CO_07aa2015d482734372d4;CO_0f5640aaf6e089cba650;CO_2cc82d00935ca19d820d;CO_369b906a75d372193bbe;CO_438fb51507eaffc09ac1;CO_8e8a6e1c5cf5a496b0fc;CO_9d9ceff673eaf9a700aa;CO_b4944c6ff08dc6f43da2;CO_c6acfda58251458e48ed;CO_cab3c9da252d39d384da;CO_d630d3deb695e1478683;CO_e17cbf7dedd8cd67d6b4;CO_e62c9d999f67584c8d46;CO_e652f858555f02e614ae,VO_74b068e860e0c2679e27,1,,,False
PE_7cf61966fec7c7b6adc5,2022,7,2,ST,2022-08-23,earliest_valid_date_multiple_or_no_genuine_volume_observations,2022-08-23;2022-08-24,2,CO_09c2a7bba8d858ad8cdc;CO_0b839b52eab78f4b1dd9;CO_112533d6bc1adb32dc26;CO_1c8dcc518b9942ef5288;CO_1ff006fc1ff9c40f77c7;CO_25472dbf66be1e822940;CO_2805045f2ffd81fe9398;CO_346f05a48032ec2d7b1c;CO_359d07904a9dfc6287a4;CO_3764691a1b638fd57866;CO_3a1d453375181db0f6e9;CO_3ab2122e52aa812003d7;CO_3b297c8441c7b0ad82d8;CO_3f422ef52acfb6842b27;CO_3ffe579ebf29b1ed14d3;CO_430834d9caa6886c0316;CO_44c547a2459514dff275;CO_664fdaa31cf654822539;CO_6ef1e6909e5d2029cb85;CO_75b3f6e9fc184a9e03ff;CO_83a78b3a435a3355e1d7;CO_88831144c552348a6df8;CO_92aded40fbb9c79e9265;CO_9546434ba0c373429737;CO_9a0251ab1bca1c475e9e;CO_a4c6af0cb6f02dff01ba;CO_aa1f2db9b400f362570e;CO_aa2503cabc449c80a7a6;CO_ad18ce2a10180eb84526;CO_b1859fb5fc674a742844;CO_bf31e6128301d31bb401;CO_c2b6e1f87f1fb289ff78;CO_c4ed3cb24e2a7c39952f;CO_ce5dc51686ff79817c56;CO_d33b9fa9cb6aa8a8537c;CO_d62e1c294189ca3ba7b7;CO_d663eacf96884a69dc0d;CO_d8d0dedb4bda4204d0b5;CO_dbbcd3ff029200e0f5aa;CO_e19a9ae5dcac7e14ae1b;CO_ea3f75ff66e9fa639c47;CO_f91f00516f6b9a94189a,,0,,,False
PE_7d221972180d28e4f760,2025,4,2,MT,2025-08-11,unique_genuine_volume_observation_date,2025-08-11,1,CO_060c9d7a12050d242ea6;CO_07492b151560912565b4;CO_07bef5b60a4c141efe50;CO_07d575159375f275adfd;CO_0b6da4997e22aae270ba;CO_17ca7a51731ce6cc476b;CO_22ce386dda2c7de5ad2e;CO_32ec692a60618d8c17a8;CO_3cd7b476b240ffbe6191;CO_446b4d1b1c91e8cbca21;CO_46372791018924b8cbc4;CO_487bfbd69bea32701512;CO_4a0700b3c5e7cac1da6c;CO_582c0168ba17eac49642;CO_58b2a9b0827f61367ca6;CO_59ae69c1396f69953e89;CO_5d19d2275db8df24fd8e;CO_60f256c7ccbc74803602;CO_6254768956a95dfd970c;CO_70c5f31b280d186cab1b;CO_7446b0b2cec27cb5b179;CO_77da9ad569e231a5011d;CO_857770863b7818560010;CO_907bdcbc11fea6b08668;CO_93352a86094a964ef548;CO_94f38f016278646b354a;CO_95935676a6f8cf1183b5;CO_95d41ec85b213287fa1c;CO_a6dd5c0b55427cdac64f;CO_a73060afb61efe1b7c81;CO_a7eab74aae16607c89c2;CO_a7ed035bfd9a25120e5a;CO_b341c640b65157514e08;CO_b3773ecbf7494c6f8e96;CO_b6db6f8b80360e7d0ee3;CO_b6e67bebe30f4953ab1b;CO_b92a65abeeab7f4ac085;CO_c2fd16a452da1060fb6b;CO_c3daf908b005013f6261;CO_d308ddc557e774187ad6;CO_d444ed8e7843d1fcbf5a;CO_e4dcce8e6a465149a2b5;CO_e571c88356b811ec4dc1;CO_e5e3eb7ac44055c2426d;CO_e614b6c399945209a71b;CO_e76033e8f5cf30a84e2d;CO_e8f1133bc5838e8043fa;CO_e9d171c3527d317d5ad5;CO_ea3a03b4971eeb62730e;CO_ea4e77413a420636f7ac;CO_ec5428386afee3c3a994;CO_efd36eeefc0e70b5a6a8;CO_f2272ce82becf65024ae;CO_f3c39d0642f4bd32009e;CO_fd47ac3c0fef2cbfd919;CO_fd4ef6b8d5d5cd8525d0,VO_c91a6a2d9e066709a366,1,,,False
PE_7d494ede1d52d93f917c,2018,2,1,CT,2018-07-09,earliest_valid_date_multiple_or_no_genuine_volume_observations,2018-07-09,1,CO_0df59fd6c41cadd2220f;CO_19ff64bd9bf35b03a7a8;CO_21ef779311a43f0e067d;CO_285506a8469e1a75e8dd;CO_3a0e14026c6b1d6b4cae;CO_3c61752810703534f069;CO_5240ab05dc75d3a05146;CO_75549383e57cff3ac6f6;CO_8ee661883296a6d0e0e2;CO_9f1e7d452a124938c728;CO_b42debe01f114b329254;CO_d95936051b112558c270;CO_ec02f0a40bbe7f3c9763;CO_f631010ca7c921385533,,0,,,False
PE_7dbc678d30fda2bb0d2c,2013,4,1,CT,2013-07-30,unique_genuine_volume_observation_date,2013-07-30,1,CO_0158e5183a2335d3ab87;CO_072f178ed9c2b0ad7ee0;CO_100e667d1f4c2509d4c8;CO_2802cc17a0febda00060;CO_2cf01c072dae9a3a59ba;CO_4d852fc6efc3c699a5f6;CO_6ecf763ff6e7cef7b47e;CO_86d1d4f9c4c19f02a0e1;CO_92b18972560ad2bbd280;CO_9f1f9dce319c4700ef28;CO_bb9d987697f96a8878f0;CO_e609d533127c0ec82085;CO_e71b7b18ef2308116377;CO_f82f6bedfc297e0dfdc9,VO_0511c11747725e7774f6,1,,,False
PE_7f00e3bef63095e44dba,2018,4,2,MT,2018-09-18,earliest_valid_date_multiple_or_no_genuine_volume_observations,2018-09-18,1,CO_04d19fde0a08b17aca69;CO_2616d2c0584f714e9989;CO_2e06d9b9fb5a84f3e7cc;CO_3d216e1fd03239027b69;CO_3eaabc8ccc9d875bee02;CO_624a88a52988f00f398e;CO_755917ecbc61091ffa6b;CO_799125df541094c04c13;CO_a428af48d0c70d5c8986;CO_a6ebcb693e61173ae2da;CO_aa9972def72e0baac846;CO_b1390a8dc4b5d29bbb2e;CO_cd097a742a1b703f16e8;CO_e3ce3f8b584486f8c0f2,,0,,,False
PE_7f40423a8c9c7387079e,2022,1,2,MT,2022-06-17,earliest_valid_date_multiple_or_no_genuine_volume_observations,2022-06-17,1,CO_097db724e4c3e305e3ca;CO_0e1bc0975d84289470a9;CO_0f4f808958c4e659dccc;CO_0f7afb8f94e54a80bfa3;CO_1ec6907caa76e9263d80;CO_28742531f88cae251171;CO_2df989c2a69a99bcfd51;CO_2f351206009bd31541b5;CO_30afd706f8e0fbd60315;CO_323faa6557b960f1c45a;CO_38f8faf95651bec52387;CO_39d252f88dec484eb6f0;CO_425e5327af3df59b8c1e;CO_532d79cc5e85d9ecd662;CO_55f5054a626756a78ad0;CO_5a75498e4071bada9f42;CO_5b4afb8d2ed60a577776;CO_5df138ee3cf04d8f3a90;CO_6ce8b9c95ef0c1beb837;CO_746b526e405f19591793;CO_7a44fc7a25bbd06a340d;CO_815d19a0553b4947a13a;CO_86f9e8c5d25f2a9a8bf1;CO_88a15facff243cabc743;CO_88a743788a4ac320e338;CO_8c3a4280c83d34a84778;CO_8d0a8cbf9d1e53373e02;CO_920a46c32b7493a13695;CO_96e85c9fe31daf26d74f;CO_a3306a4a382ae915257d;CO_ae53a424384a3eee3b5a;CO_b020154eb5882c9fc008;CO_b2abf99af4f2b4d67960;CO_b366c0efba99d592b8ed;CO_bb53ef1828991ab606a4;CO_bdbd33440a1468b15555;CO_c2f61742e5f0ef0a74c5;CO_e2fd5344fd7818e046fd;CO_e4eb4b69a5f92218d201;CO_e59298ddda019f5e82d7;CO_fa4ddf29f41b575377ce,,0,,,False
PE_7f513ba68b063af6e914,2013,7,1,ST,2013-08-28,unique_genuine_volume_observation_date,2013-08-28,1,CO_08eb507fdfc251480425;CO_243b8a8b497f31260143;CO_2e56a8020dd31df8ebc2;CO_322d1ee172dc1b6af25b;CO_5d389f5e2e34c6b0bad9;CO_7d686424482e81086e0e;CO_8c244b370747c1930a4e;CO_8db4f214b0974db78af9;CO_929c524a9a14c0d4db64;CO_9615748e731aa21bd142;CO_cb18bcf51290752fe07b;CO_d8bed4cdd25288795d75;CO_e3322382e75c0d0a8e95;CO_f710f8fd25182b3536c5,VO_130b090d32e591879629,1,,,False
PE_7f8105e65bf5e18e6c6b,2025,7,2,MT,2025-09-14,earliest_valid_date_multiple_or_no_genuine_volume_observations,2025-09-14,1,CO_01cfd6e3d5dd48a9a68f;CO_0d685d0e6c2a2d4513de;CO_1759b011990b892a7695;CO_17cda5bdce65b0e841af;CO_19aab7f4503a692ebe10;CO_19e3b5e39e154e275c48;CO_1ade942a8448f36f19ea;CO_1d5830bae2f8d81b1b00;CO_20d0743ca69dbb393b93;CO_235aa062e6372588dbae;CO_29d81222499744abe231;CO_330e14d4ae80612334d9;CO_4321a844ee760ee6ca55;CO_4aec429ac0bfafdbb8da;CO_4cdd98f55db1a8f07828;CO_56461c09601e50b7a1b4;CO_5b359f5fc2b1cbba1068;CO_6334610e2b0395f327c5;CO_6a175db84aeefddbe58b;CO_747c9195eca7b9ab09ca;CO_758977412c116fb915f6;CO_78666b445906576c0d30;CO_7cc366b5454467932667;CO_8818fd6d967f88106b52;CO_882018776b3ce76a1d22;CO_8c059aad9e8b1f530436;CO_8d0debe156085c82ae1e;CO_9302a967cce443780477;CO_97fdcbef753427f4a61b;CO_9b30a8599a9f116e0a54;CO_9d543cc3bdb4d0ca01b6;CO_9e4067ac93c6febda554;CO_a4fb636ca817a8826c0a;CO_a8d385ee3ff10872a449;CO_ab9828ca390581b72629;CO_ac1964eb089654e01f7b;CO_b1c7f753016816ba974c;CO_bfb0f696b1e315716e67;CO_c848d8b966371b676698;CO_c8bc939f55d819594462;CO_cc5d436719b0a1128069;CO_cc92d11ee4d30f339b1d;CO_cfc8f14d1caf1e07823b;CO_d146f0489a9200090d39;CO_d38ba283f5d2f3c273b4;CO_d79f130c7c09e775fbc1;CO_d865ced9f5605e91f538;CO_d93823ebdbde2e10f127;CO_e40f403944f152f7a2c0;CO_e81b0232009842c575fe;CO_ea1bb1f23416db8e2f64;CO_eb9cf4c533aed16eebdc;CO_f306331601639d99e997;CO_f43315105389c5096cd7;CO_fa539965395b8382145f;CO_feff45bb830a815bfa9f,VO_6ba419697533f51ca92a;VO_eeccba194572ee0d7509,2,,,False
PE_7f8b38f0a4ac5e96f77e,2013,7,2,MT,2013-08-29,unique_genuine_volume_observation_date,2013-08-29,1,CO_0cfc62b7b1a3090be2c0;CO_264fd4d30b6f069df5be;CO_31365e4ed8b121b49169;CO_36ebe205bcdfc499a25e;CO_4bbcd97e4d538bc5da6a;CO_6e9ec3205510fbf78afc;CO_76c3d2b60a53ade43294;CO_895ea7bfb9e6d993dd42;CO_9190a41c01288f372525;CO_92f3c34650437f1ddf6b;CO_d0fce2877f1abf4f6052;CO_d38bc33ee0459c82a00d;CO_d8e74bea7225141611d1;CO_f54f0df5fa6970cdd4d8,VO_fa4d4ba2742cc8d71763,1,,,False
PE_81617f8b3e2986274802,2012,2,2,MT,2012-06-04,unique_genuine_volume_observation_date,2012-06-04,1,CO_7b3504cdeb3b911cbde4,VO_23d4175c5fe2817df6b5,1,,,False
PE_81e03fd81db11fe99704,2020,7,1,CT,2020-08-25,earliest_valid_date_multiple_or_no_genuine_volume_observations,2020-08-25;2020-08-26,2,CO_06715354c41a430da029;CO_0db00718650fd38f0a24;CO_110e600290fd88a5817d;CO_11107fb1986588aba7b8;CO_184822f4347e1929912c;CO_1861bbefef1842ede31f;CO_1c7b6ccd45565d8e7996;CO_24f006abb8fbf265723d;CO_2e77b490ebebc9dd34af;CO_35a08ecb0a7969b4fbeb;CO_3a481e728390d89c6843;CO_42f0bec3310ddd8a55e8;CO_45614290270f9909ee6f;CO_5214d66710a61e72e7cd;CO_528b0f3da89facc67ed8;CO_5a21a541e4ca70c515e7;CO_5c10518df963b7e0e179;CO_623c6e7af8256d651dfd;CO_6df4de83894dd56d0db7;CO_736cf841efdf1b7fd11d;CO_798cc8db8783cc056c4d;CO_7e08ff98fa58f1091402;CO_841a05fd378a2c067058;CO_aded40e220d2587b0ef1;CO_d3e55956313104179942;CO_d85681b5b84111facfe5;CO_d9177ef7753cbfb6a688;CO_f05ab264302e0a84e308,,0,,,False
PE_828e337f2a8b9a9634d7,2024,3,1,CT,2024-06-12,unique_genuine_volume_observation_date,2024-06-12,1,CO_0392e0b4096f1b83dab5;CO_0f31c318c80aefd477a2;CO_143e3d5425f6a1399a2b;CO_14cc326f6cf72cc78ed0;CO_190510626ea606a4d5e2;CO_1a67316dfbb24cbd5a17;CO_361736a1eea9bffb2b5b;CO_36a02b1565e32306fd78;CO_4429da70810dc5127eaa;CO_46db1ca7f3598c26c3e6;CO_4b4551151db35dd60eb5;CO_51283fa355970ea47c59;CO_5492da8979de59f2a901;CO_5ad4fca71d720f79036d;CO_5c6ab6a10221871a18b2;CO_5dba4c55aba1fdcffac2;CO_5f47682131d8b771bfb9;CO_62132bfbcd57375200c8;CO_6a5cba8b787b9b4d9cfb;CO_6c94e35ccc352d4e9ef0;CO_6ecfcccd10de676b830f;CO_6ef3867147c600f4b7ff;CO_77459b9b941bcb4714d0;CO_79069855c22864712227;CO_81a83544cf93c245178c;CO_85d6385b945c0d602103;CO_8b449b3393e91f783f6b;CO_90e855751509be9e5299;CO_90f84ecc4cca9859334a;CO_9269c5a7dc534c431b17;CO_9a4cf1e345c5ee9830cd;CO_a236c67d8219e52570b9;CO_a24cc8ec4a0372f4ee30;CO_a829c72c42755e384141;CO_a96f9d7f037dcbd2fd13;CO_adbe7af06c7b66c80e2b;CO_b44e333111a02e63804e;CO_b4ddf96603ae643705e3;CO_bf9ee4aaff7d1d12af4e;CO_c3b95e6baf846dc64546;CO_c5d1866aabc15dda0799;CO_cc9bd6c6390d37b727ff;CO_cd2f9592dc3efbbc148f;CO_d09827d99ca75456d5bd;CO_d2e10817886a116b5298;CO_d66cd4cc6e5d2e8f736e;CO_d7be6321b3d940822dd1;CO_d7bf08e6602a741a0d3c;CO_dd906b72bb41b297f6d5;CO_de6ea636a980f5cd6a3c;CO_e428a291b4cc64ad5a76;CO_e6f095e985e6762f1538;CO_e92395b2a412ec511627;CO_ee780c6e7a7cd2980a90;CO_f02f814830ccf74651c8;CO_fece7769fb30088036a4,VO_52a83b4b00d588e9f23d,1,,,False
PE_835c9b48606f6cdfa777,2021,3,1,ST,2021-07-29,unique_genuine_volume_observation_date,2021-07-29,1,CO_281caf41ac36f3bb3d86;CO_283a20d16f41d32c5fa4;CO_2a3cbbddfc1527634f65;CO_2b8297bc9de9c76f31e5;CO_2e80f496de2bb84e3f7b;CO_35bbce4007c5cd57a4c6;CO_35fae39286f862cb505a;CO_4176afee8e359574d369;CO_425584af14978145c853;CO_468aa3110cc6849759a3;CO_51b150ef134b260f1104;CO_54929a732ca23238c721;CO_5c5fab9d41e71379263a;CO_666d6fe53a66bf918a81;CO_724a85744ed5d032f1b9;CO_7260fa0f8f1f32e41a81;CO_7697b388861aaddea5d7;CO_a169d1caf094697643fe;CO_b2382de3cdaaf0c8e505;CO_c096d44ca5d254a444de;CO_c47e82e01e20ad22f816;CO_d1e52f2d2f97f6606668;CO_dcb5d6e69e4ded78464a;CO_e846d5998343cbb08598;CO_eb444c0a20e3222571f9;CO_ef60277e7dff8ca4b1d8;CO_efc444fc96ed86d076de;CO_f01c3576a62615939877,VO_ea4630384c9b0b0f0a2c,1,,,False
PE_8372856d847ab29e3d55,2011,1,1,CT,2011-06-30,unique_genuine_volume_observation_date,2011-06-30,1,CO_066ed963441d69ce4c40;CO_0ffe1abd1a08215353c2;CO_1985ad3cff2f49f0a774;CO_2926a2731f4b312c0898;CO_318aee3fed8c9d040d35;CO_41c991eb6a66242c0454;CO_5feceb66ffc86f38d952;CO_78534629428404a7c115;CO_79f06f8fde333461739f;CO_81c7883d08afb46d4bc0;CO_888df25ae35772424a56;CO_c1f330d0aff31c1c8740;CO_d7697570462f7562b83e;CO_edee29f882543b956620,VO_2298d33c07ffe58b4508,1,,,False
PE_8474551aa700ba7170c1,2023,S1,2,CT,2023-08-01,earliest_valid_date_multiple_or_no_genuine_volume_observations,2023-08-01,1,CO_0123729d5d90048f70e1;CO_0eaa217986d49cd21dd1;CO_2fe704a610323b1c0f33;CO_509694b0a010c6431900;CO_56a51e205fee849c8857;CO_7e7ef09ddc7fee2f2e6f;CO_8426136749b2785f8db7;CO_90c301bc38faf2d1a940;CO_9199d9e5b275563cd8c8;CO_bf6d6530622f4e697ed1;CO_d114c819970461a9486c;CO_e33b87f2daec901ae1de;CO_f23173a6a69eac1857d3;CO_fc42f716c296b127850f,,0,,,False
PE_85771b5590cb80ee80b1,2025,3,1,CT,2025-07-31,earliest_valid_date_multiple_or_no_genuine_volume_observations,2025-07-31,1,CO_060c3727b518f92a8844;CO_096500d44885b4df75f8;CO_098ce5419c70dd06d091;CO_0d7d18425ed54dbff131;CO_0f6b80a3b77e807e8e2e;CO_13fecad6f90bfc3cdb5e;CO_150ee9ca45eb445d2205;CO_17c8e2ae98c6f39bb968;CO_189d7841d18a71115068;CO_1aaf97e300d50bacc554;CO_1db09e431f5550102bdb;CO_204d81c4117dbac5c017;CO_210ed2952737b0951846;CO_23267fc99b7ab26ac9ae;CO_29551683ba9b772adaf1;CO_2c3f699f4b5f7734ed80;CO_2c8d1368c0db2cbecef6;CO_2f4d707285019a3128e4;CO_3171371a75e685f1b6b5;CO_3d8dbd98077ee9635cc5;CO_44f74127d6ea7ada58eb;CO_4681639741f445ef1930;CO_49b64d4933813ce877ca;CO_4aeb7ad6d5d37a041c4c;CO_4ef28a59bc17399bcb5e;CO_52be9ccfbf9794f5ffa0;CO_53e38ea20dcd0179a28f;CO_55c8079ac96c6a4f6a94;CO_5732d8deb95b30cdab7b;CO_642c2a0918053df94003;CO_67e4b2c00ef9882fc6fe;CO_6a2dbdf30a1306f82541;CO_70d432707ec2478670d5;CO_71ed733383a6a95eed60;CO_786cc3ab7da0c7d13a4a;CO_95af88b45680c35368c7;CO_a7a057f8baea8970e940;CO_b711ed9bc1eae8352712;CO_b72653265c6bad2943d9;CO_b7b53b81696582e7cc96;CO_b969b01c158ebfecd0ac;CO_ba9c5622470525f1bbed;CO_c7ad43af1258979d8cdd;CO_c8bcb9ad923c65e1fba3;CO_cae0adc62933ada549ec;CO_cccd34d95dc5294d1717;CO_d4fcdfa73358abbf319a;CO_d5654ec1bd39fb75c48d;CO_da21278e78ad4b82c854;CO_dbff5341acad5e2a58db;CO_dd0730264fc237a25a3c;CO_ede4d2a70581e161821e;CO_f71a6b4573d3c5192504;CO_f71da8e0f9975fbaa3aa;CO_fa68b28ed86bf53ad355;CO_fe2592b42a727e977f05,VO_6b01c798c880c134679b;VO_e38cb5b8727b11f03f17,2,,,False
PE_860b95b364b2c2e3a6b5,2012,5,1,MT,2012-07-16,unique_genuine_volume_observation_date,2012-07-16,1,CO_02ede7e8caf71df40a5b;CO_1c2a014b8cd4157f476b;CO_1ea2fdbe5379cc0f8cfe;CO_4817ddb54d7a527a5cb1;CO_5f84bf1e5989f99c0235;CO_6360c7778345dcdae97f;CO_7207683d060b15d5cba2;CO_9540fce630bc2e275917;CO_b23ae8b6f19da9818ef9;CO_b93156c46bd94de1be3d;CO_bfad68fe2ab8ee5e430d;CO_c33b4993bc8aa4c1a2c7;CO_d029fa3a95e174a19934;CO_df53ef5a4128c36af6a8,VO_d676f270c31943479371,1,,,False
PE_875be1f39b86704274b0,2020,3,1,ST,2020-07-13,unique_genuine_volume_observation_date,2020-07-13,1,CO_07bf8720bc0c7b4e14a1;CO_0f8e631d28e2a339b435;CO_2227e61261f27ea08b3d;CO_27dce682e1ad2f2106be;CO_41fde93c766b20cfc01c;CO_42f25adecf47629878e8;CO_432d5fe6d67c66875e37;CO_527fda157ed08742794c;CO_628c2ed7cf6b9e79b013;CO_84cb73a9a0f7e5076f57;CO_87557ad1d2f9c36266be;CO_952808c9e1220e833350;CO_b4c6a08e528e8ea6219a;CO_e965fefb4422df241dd8,VO_50d32160d94f6b898eda,1,,,False
PE_87d4115bb68391b10daf,2024,4,1,CT,2024-06-20,earliest_valid_date_multiple_or_no_genuine_volume_observations,2024-06-20,1,CO_158a323a7ba44870f23d;CO_19305b83e334fa3dd7eb;CO_1bee34b6262a7777362f;CO_1f023880f785dbb4bf75;CO_206b16537b0e65345e5b;CO_23cedca9324761ed7d0b;CO_250526cd289e4e36bdc4;CO_27eee8b40fb9da169e2c;CO_28ac593455c7f44e49e0;CO_28b51b9809bf29259b60;CO_2b8cee8a60719dac3d43;CO_32e0398ac75050fcd3a5;CO_32f25bd926af2edf0e24;CO_34e3f0694a8768ef0ad4;CO_41ac9f4b6edb4de8be1a;CO_41adefa80327159ba20b;CO_4580e450aa4139db95f5;CO_47570ba712da59ce5393;CO_4d62be3a603c0e7810ff;CO_506a770977e10572df78;CO_50e65b1455800c98b480;CO_5313e5bf17148de844ff;CO_596163c10158adbd2c14;CO_6557739a67283a8de383;CO_6b5575edc320bb671be6;CO_6ce0ba238fbdb57959f7;CO_6cf15a7a5573b3b88886;CO_704742872848faef764a;CO_71887428c764ac67b3bd;CO_7234fc78ebabc541e393;CO_727a25d0f92f6ff00350;CO_740ce4f545772d0f8d1b;CO_82d2cacdab9235927203;CO_833adfbf66246964c943;CO_8a2ce3d29ea75e65617e;CO_8aee9a1cc65c525e466b;CO_953815689985e39a7622;CO_9a0d149bdb5e446e147a;CO_9d0f9740bf708828641f;CO_b2b2f104d32c638903e1;CO_b2f84e046fadfdb0e784;CO_b6ffed53fa15f0126f72;CO_b9102e884eb1d49c328f;CO_b9dafef03fc90f65d4f9;CO_c593d141b93a907d8c2f;CO_c5adf0a95aa71de9eb2d;CO_c5d27af23441fd2fb212;CO_c702d852a09d5ac8d4a4;CO_caa2fa1a1970f3437d42;CO_e1fc519d56a8021399e6;CO_e3206e1ffc357febabd4;CO_e3d00c0bcfea6e4a68c5;CO_e7fe91222c7d247de3be;CO_eac67484e404e4fe4202;CO_f0cec1870916d1929ec7;CO_f7aebfcb3d4e1b21209d,,0,,,False
PE_8822e7617a2395f5da78,2011,6,2,MT,2011-08-29,unique_genuine_volume_observation_date,2011-08-29,1,CO_2261b761b06d13e4ca41;CO_23293a9a3a7cadc2e2a6;CO_35e1c4bec71bc6b31bd3;CO_377ac4e989ab213e6cb6;CO_5755219dc6d3a155c81e;CO_86e50149658661312a9e;CO_90a2e778e9a182c58afe;CO_92d07fe9c40539d2b6be;CO_984118abc834781696ea;CO_9bc8708c8077c33a166f;CO_a5bef651c8e3fd6cc63c;CO_b6449374537f5e0e387a;CO_bbc9488202c05bf93f12;CO_d24e2d54b460fdd8d040,VO_2b5f39de5d5dd8699a3c,1,,,False
PE_883a7658077d89fcf49d,2011,1,2,MT,2011-07-01,earliest_valid_date_multiple_or_no_genuine_volume_observations,2011-07-01,1,CO_142472979dc6cfe2d4c0;CO_198c1f04a6a2e1a39d81;CO_2716f8d3dc8c20227bc1;CO_30c6570a99d5554ca697;CO_3fc9188c732df92e5d34;CO_4b227777d4dd1fc61c6f;CO_5bb844a8a792a21e998b;CO_63cbd51a4a7eac361609;CO_71af0fdd2e7f62c1c351;CO_96cd0eaa2a4cf3f05316;CO_c58c7cd0909bc5a8b300;CO_cf2661b79280502b34a8;CO_e162e30a5a4c1e44a7e0;CO_f13049b287e2ce65a9a9,,0,,,False
PE_8844898dffe247398b01,2012,8,1,MT,2012-08-08,unique_genuine_volume_observation_date,2012-08-08,1,CO_093c066bee5f61f40a70;CO_130aa3eb5c6687cbef02;CO_294aaa607a8b50b1f67f;CO_58eb0dd988df36c54ae8;CO_5d5653c4eb4f09a3c5a1;CO_98a3ab7c340e8a033e7b;CO_98d51cf26cbe9d814591;CO_9cb4b00d01890ac6fe16;CO_9e2f46c99a2188ab0ea4;CO_a0bd500821a86e562ff1;CO_a5f643933b06668a9f74;CO_b0709dfdd97822456060;CO_edd087709e370c52d06c;CO_f23d089e7f2e05f6fe74,VO_65dca6f3ada9538196d2,1,,,False
PE_8926ae228cc15db54f23,2012,4,1,CT,2012-06-26,unique_genuine_volume_observation_date,2012-06-26,1,CO_131127203c89e8219dbd;CO_28dbec0e0501d3cc5641;CO_2ac5b691fa275be817b9;CO_2fca346db656187102ce;CO_384a6dd9884ea33f31cc;CO_3e8ab67ce1b66389c3ae;CO_47080160e9f8708de8cd;CO_4c97149849c06376a309;CO_53c3a18a85c9eaef7f75;CO_7ee04d3b4ea9e1d39b2e;CO_885332b7f22a142e21b7;CO_9ac3d96b5b48942e771d;CO_a188b02f4a903f98a313;CO_cadbcf26e24f09981e24,VO_93d9138b16681246c78b,1,,,False
PE_8a47f8b2785e361a0f5c,2023,1,1,ST,2023-07-17,unique_genuine_volume_observation_date,2023-07-17,1,CO_03b83534fb9bbd9525ae;CO_15cfbe902e41e2ffbb43;CO_1b0490d01180ffd59536;CO_20dadd51a49839f1a8d6;CO_2499d690642faa4da2a6;CO_24d151e660d63f01b05a;CO_2934118e292b0506a41e;CO_2b1aa576bd0c7ae26e12;CO_2ced184d847746598759;CO_2e1943902be93c87e9d3;CO_3426ecc31ce590d666c1;CO_36756dd7e48f06779b16;CO_3c98b2624d1e35016ae3;CO_3e92c458a7d2f73db926;CO_40f8d6d22b99ea338853;CO_447a0df91b6611a2e758;CO_49432166ece33d4635bf;CO_49e8a26e33be0db58dc3;CO_4aa7c75f447a322ef688;CO_4ec24a2d7f1dfae1f988;CO_4fffe8816a92b62f8e81;CO_58bf62e65034219acf59;CO_5a8571752ba7e7a2c0d8;CO_632063c346da3670d936;CO_672947e34836142f3baf;CO_6ab39ef5a6f5519712ad;CO_7394c93a0c9ddde9660d;CO_74fda8dfc96f191ae419;CO_7b32a0f49ff8bf795882;CO_7e5502429bc82b65c13a;CO_811723a47350723e66b9;CO_826aaa9db20b9fae1e6f;CO_87ac9f99f8cadde1421f;CO_8fe6695c644102ee7383;CO_91001d2259d9d1174138;CO_98dc495c4e2b6076b12d;CO_9a360f004badf7f9d42c;CO_9b09d7f65345fc85aaa8;CO_9dec82f91abcae071b6e;CO_a325d2b1c02a0f957b78;CO_a6505910bdeed1cc87cf;CO_b0cc7072ef8aa1665efa;CO_b35b03ac338d2ad7aefa;CO_c259ca4627775493fe7a;CO_cb4802988b933e8ff97a;CO_cd6fdaf3540316d36f25;CO_ce8836366317fe72b373;CO_cff421ba8e355eaaec41;CO_d48601bf045a298f58b8;CO_d937ffa207c3d50aeaeb;CO_ec2c615bcfac7cce8ff1;CO_ee134c3609241e48c566;CO_ef80e37bb1d4df6187d0;CO_f14e5d1984c9b8d75fa5;CO_f5e3c296c483293fa7d7;CO_fe17a5ed07fa8230190f,VO_eeeb18f4d9267ce24f6e,1,,,False
PE_8b4c5aba46522be8a6ae,2017,5,1,ST,2017-08-21,unique_genuine_volume_observation_date,2017-08-21,1,CO_02141810795aab0ec079;CO_04a8708c3a481ced1384;CO_0bd48d791afe602e03de;CO_16d0f25c95720e7c5bb7;CO_2273fa6884e16050e001;CO_22cbfdf6f6b2a05b3f7c;CO_2ac4aca6a7f6bd49aea9;CO_2d087552bf9d679fa4a8;CO_360acfeb7e54baf53a9c;CO_3e6ce2279a7dc8bb8983;CO_4cd468501fc1a553f49a;CO_4f41b6fdedda792abe2e;CO_66bcc9be3a5a1be4a7ff;CO_7e9d8f999b81df9edb76;CO_83d910f36d52e1d80303;CO_84960474c23bf89dd383;CO_94c1127ab5e9e955e88c;CO_ad41ffa4623bbd9a1664;CO_b1d705bf58a21fff38bf;CO_b53a3443c931d06f0aec;CO_c223f7635964b0b61bbf;CO_cfc9f9d59644d2c78736;CO_de540e6ab33a707c8f25;CO_deeeb5df3f2cee6bf4e5;CO_e3e15853e9ac866a9887;CO_ecdd7308565e93e4912e;CO_ffa8175ddd3b54a2ee54;CO_ffe1c50bbba807a6d3e8,VO_c5340f08f9a758e8fbf4,1,,,False
PE_8b5564238c223d972525,2012,4,1,MT,2012-06-26,unique_genuine_volume_observation_date,2012-06-26,1,CO_02d20bbd7e394ad5999a;CO_1a4dcfaf42d514ab6bd9;CO_56eff0923675867f2551;CO_64a482194d7af2670b25;CO_7d86b48acdec123e6c4b;CO_7fedf7aaae65bdad482a;CO_83344686e2ff31c00c51;CO_92558c434783e42c876a;CO_c0e855c5dc0dffd8c62f;CO_c69f45ac9f574454666c;CO_ce0f260d26064118bd9e;CO_d4a0dfc566eeb7e4a66e;CO_d5a9d295027e6a36b0d9;CO_e451794b8548ee2e1c4d,VO_a98f7c12c87fcb475bb8,1,,,False
PE_8b715eebc00f1d87b8e3,2015,3,2,ST,2015-07-31,unique_genuine_volume_observation_date,2015-07-31,1,CO_02810bd71ec8fd1a1e71;CO_05d7db519add2bad1865;CO_09f901429d17bdc2f916;CO_114bd151f8fb0c58642d;CO_1ef79462017df1bf88a3;CO_1fc17466542072fc2c69;CO_26566cfe40fe8e6f5ff1;CO_2d529971f97f45163e08;CO_338ea2a86d21685b4e94;CO_42b4fb473bacce2dc496;CO_475fcbe4f385de8726a6;CO_5eda48e9e42e83086640;CO_6145940db285f65e1cc2;CO_768b4fad9b08d0d3e558;CO_79b9ca1465a312fcf5b5;CO_7ab2883acc2a68419a80;CO_7d2371aaf1df1dcb6d06;CO_7e431cb8ac2b42ee37fc;CO_8cdf4bda271139376720;CO_8d30c678193105253b54;CO_aa13fda43018c393de70;CO_c0509a487a18b003ba05;CO_c0d427f8b87540119883;CO_c18377cbb0ff2a6fc1b1;CO_d16542a7bfcce70884f5;CO_d845f041e1ad38ef69cb;CO_db2c44ae617f7f2f602c;CO_f8b161fb51b8bdb6be39,VO_e9e5999a55c0e9394874,1,,,False
PE_8c8e4bc602294900374d,2018,4,2,ST,2018-09-18,earliest_valid_date_multiple_or_no_genuine_volume_observations,2018-09-18,1,CO_0e1a5a785140c34c7fc9;CO_13d61412db18277db74d;CO_184dee9ffaf44fef39ce;CO_207c7daa54776b226c23;CO_281b13e30538ffbed3a1;CO_4d18057139ca1cde4a3e;CO_58b56ca565b863349e33;CO_8ae4ab086c08b2569512;CO_8d02a62fc7758d8cd4f7;CO_a3af7b3808c4cf72478d;CO_d30f062eab20ace79ee1;CO_e97776493f213d50b346;CO_e9f8a8c6499c33f81db1;CO_f4082f5ec08d6e53b349,,0,,,False
PE_8d90127b55de039c6ab7,2023,4,1,MT,2023-09-20,unique_genuine_volume_observation_date,2023-09-20,1,CO_00f6112fe58387958ef8;CO_02006319c292b2880b56;CO_0e6da782fd921bc121dc;CO_11e981c2841ed0f4843f;CO_133806ca086fa756e78e;CO_18c6c376df8c76ea90c0;CO_1c33440dc578675c96ba;CO_23f88e415a25a39e0b22;CO_296035ee7b1f0fc62e91;CO_2ae7f5977ae429a1eb95;CO_2fd5e607406d36bed2e0;CO_36ed0cb851bc0759f44a;CO_3c365ff931ecb0e3c0f0;CO_4332cd76590d0efdbd8d;CO_4d35400212c48af20364;CO_4d5e5deb0353d3a6c0b5;CO_516de7222714b9128c88;CO_5283f1b4e66467616fec;CO_54a91e5d887479bc41be;CO_563587ed3a634b49eeef;CO_56a3a46a3ba4fb713fd3;CO_575a423f570e8f3e09fb;CO_59c19c9775a66ea25186;CO_6251ae39f21cf2acfadf;CO_62e17c87411c32084be0;CO_64d43c3b5d6d25a13245;CO_6d8cd298806194eddf94;CO_713cbbbcf4a7fb371364;CO_724213d95916de041564;CO_8296f1f76b7d679cfb8d;CO_83a1e3dad03ad9eb92e9;CO_87358fdcecd71b02d5ee;CO_878398ffb5d729c76d4d;CO_887751bbe18df033b2e5;CO_891034f11fbd8f2231c2;CO_895185726a33b541a5b1;CO_8d698bdb73a170ebeec4;CO_8dca02f796296458dfe3;CO_8dd302d48949314b4bba;CO_8e614d39a1f1279958da;CO_8ff40b10c09bc56a186d;CO_92575481baa5178948a3;CO_953abe48dfdfa8e256ec;CO_971ec5883b26c4929866;CO_9742e51b94d8fc3d6d33;CO_9df6b0949dfe59845e16;CO_a486e5558353d0a59055;CO_aafee1a675603cc425b2;CO_ade25c4b4274ba147ea7;CO_af1e1eb19b43f549bbac;CO_b11fca347f8eabb86285;CO_b38f6df2203d7cdc6029;CO_b573ebf82028a56d9d72;CO_b99262e08a9b3a0ee4aa;CO_bbdb6e5617008dfded85;CO_c032851ed192d8ac0a3a;CO_d23926cfd9c692449135;CO_d570a8ac4a9ab048fe76;CO_d717567680363ab0aed4;CO_d755e6215485133f10a3;CO_dee71b933e851f008038;CO_e4b7a4de7b60bda854c8;CO_e72b8f491288a18e5414;CO_eca38a52423a5a7d3af5;CO_ecd6512bdf3b727d065d;CO_f0f92eb79cec3fad7e7a;CO_f34eb9d345d7d40d2d2e;CO_f5141a111ca1d48a51df;CO_f6b425de5ed3574a95ec;CO_f7abf2a084c3668c7b90,VO_725233a8edac8209f0d5,1,,,False
PE_8dae476d4c3877687500,2020,7,2,MT,2020-08-27,earliest_valid_date_multiple_or_no_genuine_volume_observations,2020-08-27,1,CO_08af8411ea26217e5f40;CO_0a38b4739f62ff43b103;CO_0d4112730fb1723be696;CO_1d16bb3354a11b509e64;CO_441d52930203f6c37fd4;CO_515429533e455c34fb18;CO_634387a8562c6dd18faa;CO_7c67244a774f1029fd04;CO_7ce6f63886c83962b9cb;CO_826e27285307a923759d;CO_8c4fa4cc13eb1f58424b;CO_a7085c7bceeada151d0e;CO_e9939725d906c63bb977;CO_f66355aa86dda00b5b7d,,0,,,False
PE_8dc09b4135fb27916f26,2013,1,2,MT,2013-06-20,earliest_valid_date_multiple_or_no_genuine_volume_observations,2013-06-20,1,CO_2adcda788844f02ef391;CO_2ecefe59ab6ae4e734bb;CO_3b5f5e3e02945893f565;CO_481eaf77a58c433e7b68;CO_5cac0a318669fadfee73;CO_63c5cd559eaf56798fe5;CO_a7523876db3e34c19124;CO_ad57366865126e55649e;CO_dcdc295abab240890687;CO_deb4666a75564b9fceea;CO_e96d1263447786a10160;CO_f8b502de2f79276f183e;CO_febdc00125b065b55243;CO_ff2a4c042b7d80f4749b,,0,,,False
PE_8dd5bcb659f488a967c1,2012,4,2,MT,2012-06-27,unique_genuine_volume_observation_date,2012-06-27,1,CO_017e279326574eb94301;CO_10077833d468d4267daf;CO_27bb55ca7d1e8404f09f;CO_36d144ea081f24500bf7;CO_408934a96ee62e5cd27a;CO_52afa605ad946e348d08;CO_6208ef0f7750c111548c;CO_754d9f8cf05b98a7a091;CO_7cd846cfd988b8af590e;CO_acdb6ad98461c90ab18c;CO_c66c3e0c60205da660e5;CO_c69056de72020559e69b;CO_daa1dbb904b938c75b0b;CO_f64d357827c70e86ee8d,VO_962032738c21a1ba729e,1,,,False
PE_8ed15b2f1e5372b81dc7,2020,3,1,MT,2020-07-13,earliest_valid_date_multiple_or_no_genuine_volume_observations,2020-07-13,1,CO_0354fa127deb6e3b9367;CO_0dfcddb0440e967f05bb;CO_23aadc4582d4f5ac4858;CO_2a51eb8629d9c8ecb61e;CO_2f216e1c81eb232d75b1;CO_5b10564b32ea564df50f;CO_5e1febd65aa228086f87;CO_6ab36c526d6279b0f100;CO_8c41f91584580db5832d;CO_b51e45a12fbae3d0ee2b;CO_bb05c7bd0ffa2d71c1c6;CO_ebc643b3a5e6c200b054;CO_f6af135361fa39be7466;CO_f999a402c2638cef7bdc,,0,,,False
PE_8f51b688686d8bdc2f79,2023,1,2,ST,2023-07-17,unique_genuine_volume_observation_date,2023-07-17,1,CO_07e46896ba89f88776fe;CO_0ebb3519a0c4044c4571;CO_134ccc3de71b46b313d3;CO_13a78bc2a753fa5bbe28;CO_1beb5c7aa41d25653887;CO_1c50ecd1b033dd999f9a;CO_1d06ea55f779f3de2613;CO_21cce305b20c2fb98e6d;CO_249bf7424b08ebf77102;CO_24aacb1ce6b252d2e205;CO_2a7185fd600ecd7bd4b9;CO_2a9bc42abbb7a7640b5e;CO_2f99e0fa3453fe4f6604;CO_2fd71aea13702554c896;CO_358d7d769fbf29b1ce2f;CO_37a88294d68fdcad0a82;CO_3e38e73a5be9d691ce9c;CO_43bfac185bca9cb81649;CO_484bd41058fa7d44453b;CO_496447a582ddfb19e145;CO_4e191b8a25760329e8a5;CO_53900db6266450298ce4;CO_5c3e9040008c91509e2d;CO_5ff9c44401cc8e764b6f;CO_6296b5330175e1011286;CO_65956c853f2004feac38;CO_65cb2d994114c6d2c4a6;CO_68c6c6e9ad314d1a5c4d;CO_6dc0836503e959579d29;CO_777abbc10ddf9551bf53;CO_7c87b3a3ff2703959a1a;CO_88be096564d631b8b5f5;CO_88be652786975ae8688e;CO_8b03ffc9a9f5d8b8bd8b;CO_959d6171b513d01400dc;CO_96c56127d5ff13270962;CO_9abf8b2eb6e229d7c387;CO_9b18e9f2b8f335ddfe66;CO_9dc49dc1926904b5ea9d;CO_a1cddff828dddec95e0f;CO_a2f522d37effe45ff886;CO_aa0f7dcb54c74ab04eda;CO_b185e9bbd82d94b8dfff;CO_b18a5e6b50af3073f63a;CO_b3c9671f590968fe6b6a;CO_b9b9101a7e9c92d9154b;CO_b9f981eeaf8b2eedda38;CO_c91bcd9ef3968cb25256;CO_ccddcd7ec696cfcca56a;CO_cf9e92bd1ad5f3ffc5f0;CO_d2642c5b5a666062774a;CO_d41c8abd2a10a1942413;CO_d8eb6448fe74812fc2e7;CO_dafb86559ecc15b8996f;CO_e25f201f9014599e0007;CO_e39411ddebbf905b8459,VO_407e9b0f6d3d0d85e958,1,,,False
PE_8fc624aa7b0c0a5ff950,2013,5,1,CT,2013-08-08,unique_genuine_volume_observation_date,2013-08-08,1,CO_09b56f21e3c4370acc15;CO_1037028e7fe09dab2c84;CO_2abaca4911e68fa9bfbf;CO_2f80a4ecf7635729bedf;CO_3105e40f90f4fd0466bc;CO_481e4f9dfe9499fd966d;CO_52a6eb687cd22e80d334;CO_65795ea9db97d3faaead;CO_71e38ac3f3c54387b9b1;CO_87d2aa8e8e1dce3fd0d9;CO_8a10191e65ccf722bf59;CO_93a2b2c6229835801c3b;CO_e6d445aff8b38aac0500;CO_f6ff5adab5180a3d10ff,VO_3c6324a9df90b6967064,1,,,False
PE_901ccaf6a3ac1105504f,2022,5,2,ST,2022-08-11,earliest_valid_date_multiple_or_no_genuine_volume_observations,2022-08-11,1,CO_07d8a45862d696d1d7b8;CO_0c75ccaac28120811983;CO_10cba3a0097e9aa476e7;CO_1296ac4d28b54a42fcf3;CO_30e2c3d83db052c6d048;CO_33c22ac26695fd271e81;CO_350326701b83f92f4bd6;CO_394ee7159d13c90aed2d;CO_3a2e3c5936efa310315c;CO_3af2cc844c0eeefc11aa;CO_3c2308b1bc64683e5aed;CO_56b296e29061e33f3f23;CO_584e6896455dcdcebd43;CO_6041bbb08b7aafc4ae3f;CO_60da4d49d753d117a398;CO_6972c92530945b68a2aa;CO_6b05617279df95e013e1;CO_70e591693e7389120b06;CO_70eefe232775bb9dabfd;CO_7938b441a42b3859e982;CO_87e50b28705900bb064d;CO_92105ce0b55e2b52c512;CO_9d67b85abb740e1b9d36;CO_9ed1279b64427e295210;CO_a0f699e0566e362bf610;CO_a187ca70dd2b3b234326;CO_abcc98cc68f8429be4e0;CO_b39b7ba7e07d710447e8;CO_b6b1b469ea43c90a602e;CO_b888891c59a10fc23e3a;CO_b893116caf501ac2084f;CO_c449ab03a62260616879;CO_cb5032bdf83455a4b577;CO_d89d49dcbce018f644ff;CO_e41bb15d9efcd5aac9e9;CO_e625022d145a28892c9b;CO_ea3aaf091973f968b8b7;CO_f151663b166b65f02c63;CO_f22be6c15a5358aff79e;CO_fcd4e25bb2a919b98657;CO_fdbdac66541161b9f5d4;CO_ff2c0ca4b43482fa77b6,,0,,,False
PE_909a6e90f2a2fb0ccb86,2014,3,2,MT,2014-08-05,unique_genuine_volume_observation_date,2014-08-05,1,CO_100d3edd362558084899;CO_172a7c9e0e37e5ff6503;CO_1b9d5122f3232c1b7572;CO_3b25e0d5df8f8001725c;CO_4a45ca6f725387e76ef6;CO_82dab8cbf876dfb4eff9;CO_8988c7d95b0fb12182c6;CO_8cd2510271575d8430c0;CO_a07fd85f3edb3205c4d1;CO_c0d32e8f4dc232891550;CO_c999d2c4092b50ce7f8b;CO_cad6a6cdd207df506aab;CO_e92273e83ffcee2a1d85;CO_fd04adb49c217e890b4c,VO_26efe2c00243f101e351,1,,,False
PE_90c1ad0a7f83e0b230a6,2011,3,2,MT,2011-07-29,earliest_valid_date_multiple_or_no_genuine_volume_observations,2011-07-29,1,CO_2a437e50df2424d78e03;CO_6ac49669e238276d5171;CO_731e88ce52c6febf8c04;CO_7377a71607a8dabc029a;CO_74a6f94777c0406ef65b;CO_7a98c22ae38c33c9c2e5;CO_b17ef6d19c7a5b1ee83b;CO_b85dfd48cccefa7b6668;CO_d3ccc3c3a442b275d719;CO_d4677f835c202d9267e0;CO_e49619a73a6caebc068f;CO_ea73b925dc502d40da7e;CO_eecd7d70711c8114654d;CO_f522915c780209c12328,,0,,,False
PE_912d046edf542edb9c36,2022,5,2,MT,2022-08-11,earliest_valid_date_multiple_or_no_genuine_volume_observations,2022-08-11,1,CO_04e48ac7521e8b8d5224;CO_055f1650517b484e21c0;CO_0a27baa409d98a73cee5;CO_0d5a75339f4ba16a2e62;CO_1c4571220939146e50b9;CO_1f24858130f68cae8d50;CO_20d7593bd1668b560f92;CO_24adc577f04dabaf5237;CO_33d9f4526b23543c7726;CO_3bcc1340d90b3d55accb;CO_40a6afb6aea8a14739b5;CO_529f951b64739ac49f4b;CO_5bca1fc5f27e6d49017d;CO_5d03d1bfa43291bffd18;CO_5d128f81bd46b3a255b0;CO_62e66f3e9936906923fe;CO_6815fd0989fc6aa86c07;CO_68fcd1eb684859a314bb;CO_6d2d1507c16500155fd5;CO_71181f5d23343d7db98f;CO_7ca01a22d3f94bb2d4b9;CO_802f83b07350b6d739c3;CO_8085a4db654a9e033f38;CO_876e05b1317c637e24e6;CO_944c8e8aa2b6d963adc9;CO_953d8233c2c05775fcd0;CO_9614e2d3d87b46db466f;CO_981f122ef83bbf774eee;CO_a6d4096b24cd4ad24ea6;CO_a7f15420334f23cf37a7;CO_a91612704c1770a3bd00;CO_abba884411e3b916a2e4;CO_acff539c0d5cd0d34613;CO_b17c43875bbf6fb97f82;CO_ca730010a74de4f02927;CO_cf5df267131383187bdb;CO_cfd55947022f8084b34f;CO_d33b55fbe52c9655cd91;CO_e951dc1e107df8295870;CO_ebda43f475bb8d35cc18;CO_ec12198047ad505fe77c;CO_f2bcaa0d3ebca0432dff,,0,,,False
PE_915ee54b710bdb591c91,2018,1,2,ST,2018-06-28,earliest_valid_date_multiple_or_no_genuine_volume_observations,2018-06-28,1,CO_2c4cf657337835125bc4;CO_2e9b649aa61cf5fbb9a4;CO_3714b7f3b386c9febddd;CO_533099ac357e5586238f;CO_5a20ae488936fbffa8f8;CO_6a1befc44c314642f04a;CO_74f43b441dde988eec37;CO_97702294fe19fa40973b;CO_a388f562e286fdf28986;CO_ab5c94024e939c88cdfe;CO_cf23dc33d6aba13592a7;CO_ec0a3837d40c68355feb;CO_ec4136f96f2fa9dd52de;CO_ec995be98212e07c8446,,0,,,False
PE_91e7db994d29b3cdcef3,2013,7,1,CT,2013-08-28,unique_genuine_volume_observation_date,2013-08-28,1,CO_0a2b2171bebd4bbfee8c;CO_15fd8df16e6feb96fbfe;CO_1fcbea3ba312bfce894b;CO_4b54ef7bfca59c0c1a19;CO_680f612e343a47d47b7c;CO_6c64a67b2888aa39f411;CO_80223920500c1488c1ef;CO_8c454536b6e2b8b29a1d;CO_cb366b057a5d9e925d00;CO_d7fb930fd422c9e634d1;CO_d9b22972eaaeb7016c47;CO_dbb1ded63bc70732626c;CO_f30c80f183c3c7c92131;CO_fbd3d0c1b32d0ab41df1,VO_9e4c15f6639f955f4a51,1,,,False
PE_92db572b305f7a8a1fcf,2014,2,2,ST,2014-07-22,unique_genuine_volume_observation_date,2014-07-22,1,CO_23cd823b961b630ed405;CO_3d3286f7cd19074f04e5;CO_3e0defc53a9971637e4d;CO_3ee3f5214a4179cb731f;CO_40f6461449ca9c11a4e7;CO_64a3c84a2d7d5c371925;CO_7bb674da8d83afb8d1d4;CO_80ae95e050f70cddb972;CO_82fdfad9a9f0ff984612;CO_ac30b832b839c8d8adc7;CO_cf20cf4ba9af967a9d44;CO_d79d5ca8d078fe269bc2;CO_e88ab0fcc5e49c498fed;CO_f8726da5732fa9095e01,VO_6ccd868115fdbb529ba9,1,,,False
PE_92e7ac2243498d97f3e0,2025,1,2,CT,2025-06-30,earliest_valid_date_multiple_or_no_genuine_volume_observations,2025-06-30,1,CO_00fcb2d718c211666425;CO_0b178e2a3da0493eae64;CO_0b3baf54fa37185ab5d0;CO_0ed0258bfcb2815dfa98;CO_12d060c367de518c2388;CO_13138993ff1ce9cbc0b4;CO_139c7de18412dd7f35cd;CO_144dc53d5dff011b70e2;CO_1ce7bdf71376bafe03ac;CO_27b3e265dbdc20f5b975;CO_27c52a39bf52e7e6ebc9;CO_28e7234668777f9ed7a6;CO_292538a65fd75b332b31;CO_3033cf66fa728da7a294;CO_3253c0c06f5c57e73a17;CO_348f0ce00422158b3158;CO_35b7f6544fc65b139f3f;CO_3845075ee50bf2845860;CO_3c3702aa26399016f4d5;CO_46957db596ec41cc39bb;CO_52a8e84dfaf4d7e203de;CO_5538e771949ffec150f6;CO_5d7456f79a6eb18225de;CO_62d88a2413460dcf0273;CO_6317984746f7082680fb;CO_6c2240d234a0d849b25b;CO_6f0177a31762437a911b;CO_7037c965d7d58df13064;CO_71ecfa2482791c0c60ae;CO_7907a88d77f29a7681a0;CO_7d868b6b33ce0ae547be;CO_7d96fa95a609109ed7fc;CO_83486e77186d20cf9242;CO_88367dd16bfd18ba5595;CO_8a8b2d66735ed03d0841;CO_8efb3a60255de6db1c77;CO_950ee8b03a9a512207e9;CO_976d5deeab73696c6413;CO_9d4244b01f77bed4bf16;CO_a7a84d7ed00e48b829da;CO_a95d67cec3543764f119;CO_aa6577303b254805cd70;CO_ad8fa913d25b3970c6ef;CO_b789f4e82d98e206cf0f;CO_c2b19ec30f481ae6c768;CO_ca9ceb6158f6b3bb85d1;CO_cd6f3117349be03197a9;CO_dba91922f9ead2a8d951;CO_dc727ebc0766b63dc7f1;CO_e09a7c96d31f51dcd69a;CO_e0ccc43c9b15159c7ad9;CO_e3ff67a034be1f249caa;CO_ec5ed4cd5e418f59e39b;CO_f39de529278cf8b78b5f;CO_f7b8e5e04b592462fd9e;CO_fdc418c4c7ffbf84c0ab,VO_487c95b8b47e4e371ff1;VO_6e3570c94863bf0ae1a1,2,,,False
PE_936c12cc5ae17810e93e,2021,2,1,MT,2021-07-08,unique_genuine_volume_observation_date,2021-07-08,1,CO_07319501616d56d6317f;CO_09cea12992eb9e8058b4;CO_11d59efd19009d5ab1bf;CO_14cf3f00fb27765fade2;CO_2030600ae43a1e96c022;CO_220c2ca81adf216ca1ef;CO_251162b16155535de1f0;CO_2ba9128962d18b83a698;CO_38813d9a6e5332787f13;CO_3eb5e2c42f63d88b228b;CO_453f3a68e53570312ddf;CO_48ce32e8ec7741594c87;CO_51bce321a6e95707a095;CO_5a8d23e9e52765d58e75;CO_605b6fdd5bd6de9498a7;CO_66d714cbcd03fde392ae;CO_6abb9da0b9c1fe2f244e;CO_764b895a86708ccc99d5;CO_8698616a6419549cd9c0;CO_89a2b0dbfdbdf1145ebb;CO_908e2a2dd5019e1d3534;CO_9908470ea93388e18d8a;CO_a47e085a7d34a217298c;CO_b69c30792e55c3ef0df3;CO_c328dd603016def266f2;CO_c5012fb6613af70843dd;CO_d4679c618f1af07ee857;CO_dff21ac19da1c80cb29a,VO_92cbc47581f456c21bdf,1,,,False
PE_93fc10203fe8e4c919ea,2012,4,2,CT,2012-06-27,unique_genuine_volume_observation_date,2012-06-27,1,CO_124aec7171598f2fc8a1;CO_1fe9d12c50bc0dd8a7e3;CO_32cf64b0b2b2318c13fa;CO_3b7ffedfd5916e6ee067;CO_4bab628e74a270d06d71;CO_4fe7e6f1705d9808c428;CO_68ac846d8dc1c75da907;CO_90fe2c25cc8b9530bd60;CO_94e3ec6028a572c61d78;CO_969e41ec1330d65d3674;CO_9d06e5d38103e667c2c5;CO_bf91a58a6c67908f16a0;CO_c837649cce43f2729138;CO_fc9fa8fe3c4b76b388ce,VO_76ed801b0620a8009006,1,,,False
PE_954cf35508c90b8d04de,2019,1,2,CT,2019-06-27,earliest_valid_date_multiple_or_no_genuine_volume_observations,2019-06-27,1,CO_15245dabc9c9b4380c18;CO_17c7f8a2457a4b725d6d;CO_30e9c9f71470191b3053;CO_35041ec21b0be43fcc81;CO_395a5d27c47d991ff7a5;CO_6527563ce3bf397ebf21;CO_6f44067acff5824988fc;CO_7602fff35469bf46e2cc;CO_9dfbae98257df8db309d;CO_a73b320dc0d3a57c03f8;CO_b6e3ae7742d8a7782ac2;CO_d2eab4577a3a085e1b3e;CO_e04f202d6cfd37111173;CO_e67609a8a2b27a20c342,,0,,,False
PE_956f49ab7f5a452d4e47,2020,6,1,CT,2020-08-18,earliest_valid_date_multiple_or_no_genuine_volume_observations,2020-08-18,1,CO_0f427d4e1430f8f57221;CO_12ef84e911f067ffecf3;CO_1ae397ad7f0660771da8;CO_1af49351b7e3f68d55fe;CO_232e4680e1c1856b86d2;CO_294230e556405aaadefd;CO_2f78f3c955c49fbe1dd9;CO_4891caa7bd9422933dcd;CO_55d97ff26859d3810177;CO_5e798568d56ba68b722d;CO_65bf34b1e572ae42dfd6;CO_734ad78c1d3735125527;CO_79c7c61a1c05d976387c;CO_83151157c10d85af7c84;CO_8bcefa497af26e688b55;CO_8fb389863a24ce57eeb3;CO_9e59b63e63c6016e8ab9;CO_b11b916a54e9e274f044;CO_b9577e917f054c3b7c48;CO_c27ca1e58418a8cc8169;CO_c69d3e1929d4c616eb8a;CO_caa1aedb2a6ce96b39b9;CO_cc830be9dae15b28f32c;CO_cf358d1c9b1875c60618;CO_d325ff4e3fd410be29cb;CO_e59adbcd3a4cbeaf58e9;CO_e789d441b19dcbee3d3f;CO_ff0db962a74befb71816,,0,,,False
PE_95d3b43c79b8bf669652,2011,2,2,ST,2011-07-19,unique_genuine_volume_observation_date,2011-07-19,1,CO_152f676f50e99f5d8cd0;CO_15fc36b3e80b9d7f87f7;CO_16740bf13991fe083fbe;CO_24dc9bebea86dd4149d8;CO_4fc82b26aecb47d2868c;CO_76e72f6e35a66525d10a;CO_825a9788af8d55d1309b;CO_9800a8677d99e5f6968d;CO_b3282a2f2a28757b3a18;CO_bc5c88f85f89d35838bc;CO_bcac371b54f59945a14a;CO_be41b7f1fa56ba2b0582;CO_dec1ab2f6d6e994cfe71;CO_f75bcdd5d195fb3f9fcc,VO_57d1c9d70e37b16c96c9,1,,,False
PE_961b16815e7ba5016bdb,2025,2,1,CT,2025-07-14,unique_genuine_volume_observation_date,2025-07-14,1,CO_084917af148384c1e839;CO_110bebc860848541ca0c;CO_16ecc826236e4e72676a;CO_17582f51a0f68e840e6a;CO_188ee5431101abc0a8d3;CO_193dfde4a2d3ab02809d;CO_1a9b05734b51d40ddd32;CO_1acc01f346b3fbaa6935;CO_1ae2f3fe573bcfcb1768;CO_21a845a95c16a3c3e6fc;CO_294cd5558aede0e51275;CO_2da680724b8a99c79cb6;CO_2eae7050dee6b6743c95;CO_2ffb714522d67ca2d1a3;CO_320c68a7652ebd0afd02;CO_390b199c873dd8377f30;CO_402ad93001ce8b997670;CO_4ef4ab127df86fdaac34;CO_5610dde655a46271c6ae;CO_5f8114e6e490ff315f5a;CO_5fc81d2cb64968db6cae;CO_627a3cc348cc41a55177;CO_67dbb8ccfef396ce6995;CO_69faa6aa09a3c7446c7d;CO_7b78859bb616ed3c3411;CO_7ef4694c838dc3db5176;CO_835cc509d6d86a3a287d;CO_89e3ce58715e05277130;CO_91e86a9aa38b5f942fed;CO_92a7194ae5db4ecb83f7;CO_939331a7a3c0eaef4a74;CO_94b036ea1910d823aa84;CO_95886ef1edfa7b94ac17;CO_973f09c4e27d184bbaf2;CO_9f9191609d843e2cbfca;CO_a33686b000cb614d879a;CO_a87278766caab3863f95;CO_af96d7157462b04750b7;CO_b22eb34537f6f6753da6;CO_b2ab44cb87616ac5c8f1;CO_b4106e79a7db2401426a;CO_ba258b5a7eb00f1bb2da;CO_badc1520e836916367a6;CO_bdcc8eeedf70ba85a663;CO_c56aa9fa27548aa15f40;CO_caf8135c0f01e2a33aeb;CO_d04b51f500c0b6baec0d;CO_d511b5d469027daccddb;CO_d8951310793eb3e98690;CO_dab6e4672321db0bd8c3;CO_dc6c71acab0099be6703;CO_e49e2453f300fa111668;CO_e66d94f5aade96b20101;CO_eef79a6a04f78a54832c;CO_f1faf6fba3fb0e92a50d;CO_f805ea44dffeddd29487,VO_1e36bc066609de111cf3,1,,,False
PE_961e3caa504d67d7911c,2020,6,2,ST,2020-08-19,earliest_valid_date_multiple_or_no_genuine_volume_observations,2020-08-19,1,CO_1763888c1a5b2655976f;CO_2887c54571d71ecaf175;CO_2ed960f9ed1763856847;CO_448cec66d897d8c795c9;CO_4d378aa7873acb309ed9;CO_6219b932485fb6275fcf;CO_6e4f239d1a66226d1807;CO_76142af40de700c7832d;CO_9b3eae623a47874048aa;CO_ad21a2b810af49a8b924;CO_bda5459a0e2644a21da0;CO_c98c37cbc0242b2cd603;CO_d8639c216d6621cbd090;CO_f4fe9ed65d4fea83120c,,0,,,False
PE_962807ecf486db3c765b,2016,2,2,CT,2016-06-20,unique_genuine_volume_observation_date,2016-06-20,1,CO_07de759f2ce8042d277c;CO_10acb87b3040f4e17778;CO_150e0e3576ff02bc73ae;CO_1772ef0fd0325c14cbe9;CO_1e68ed4e3d58a51096a7;CO_2ad1d92484243efac833;CO_2e27bb07e506e9824ae3;CO_3e6fadf870460e8de279;CO_3f053552b0977688ef4d;CO_48d3007452360e9b7e6b;CO_54bb9f1f6273c476041d;CO_5515fdc939d86ca55288;CO_58129455d17a904e2a5a;CO_6e71e71a06ff0270c038;CO_6f388c2957a905adf7d8;CO_9060ce5653093cd9bff4;CO_94c6f22b2d77dc1563e8;CO_9abb2626204b2b8e7cd6;CO_a1913ec75b7ac63d6d9f;CO_c90ee9dc84495752c692;CO_d8e189746ecc93866f4c;CO_d932f838ac5f4662c66c;CO_da7ad11e10c382398d0a;CO_dde90787c795ff93fb43;CO_e0850a775c17a87060c0;CO_e593b3235fd5043499fb;CO_ec297c73445f953cd4f2;CO_f27a6c4a43c81147c1db,VO_7f8a709d48e1c7a05955,1,,,False
PE_964f9e60ef2ea5038dae,2012,2,2,CT,2012-06-04,unique_genuine_volume_observation_date,2012-06-04,1,CO_1628e107773c273d5509;CO_1877fbda982a46b74a09;CO_3aa82834b765ea042146;CO_516986ede3b35eb1820e;CO_535631e71ffe79acbfc9;CO_5fb1651c8b50c1696cfa;CO_7e90e20654b552776027;CO_811786ad1ae74adfdd20;CO_8d0f7d0d1cca71a42405;CO_9b3ab6b1b5c1d23f9ca2;CO_9c8c78399269b4af8e7f;CO_e3be6803d0ccd3993904;CO_e7cdd6b8bd78a76f88f9;CO_f2545297c4617f372b50,VO_732565ef270f03e20bdc,1,,,False
PE_97c5dc883be532c37d60,2021,6,2,MT,2021-09-10,earliest_valid_date_multiple_or_no_genuine_volume_observations,2021-09-10,1,CO_01076f3a30e2754ba2a9;CO_06979a58380a380e6618;CO_09bc7a8f835e074b6222;CO_0f8eb4b72b6e0c9e88b3;CO_0fe857e31eb660571275;CO_136e34f998a68d208fc8;CO_2c56403fcffbd1344dfb;CO_3808d3d9caaf179e0239;CO_395e69baab58ffbbba36;CO_3d396c2b66d43a7d5e6d;CO_479ef404e9ca3e748232;CO_50bce88abd13ae4f3224;CO_5343f4c9e3a3d41e260b;CO_5a48eed290f62c935538;CO_5c760dfcec68a462a5ae;CO_5e345fbaa61c2d6709b4;CO_64ef8cbfd4e16b46fba5;CO_69389e3240c9e564e263;CO_6ca6d4116bf5a18f3b2b;CO_7263af08814e11782e31;CO_80be70a84a56ed0e128e;CO_91a73fd806ab2c005c13;CO_9d6aa3d89c0171b9c2cc;CO_a06d4d440ba33ef1b053;CO_a2541e84e912f4f5dd32;CO_c21228f3f7ef695cc47a;CO_c8ace20a55c88e4d1fc9;CO_d253d7b7ace4e06589dd,,0,,,False
PE_980f4b8e6c4ad4f916f0,2012,7,1,CT,2012-07-31,unique_genuine_volume_observation_date,2012-07-31,1,CO_1ba3c39b667caa93fe3c;CO_29d740ef3d365d8437da;CO_3753ed3651c1bc8b4f67;CO_48e1ff78f29676296634;CO_4c13492a0c99ca3e4832;CO_4e0689c934a7e4ac947e;CO_8722616204217eddb39e;CO_961290276708eea73a92;CO_967ae5f964cddff3dcd4;CO_a74ee42caace2273aace;CO_c170ab55d53bb6560d7b;CO_ca60f87ce4bb68ea7bfd;CO_ee2d28115588cf5c065a;CO_f8eebb16fad8156c0371,VO_37cb001f3f1365df3f26,1,,,False
PE_982e6a4e7c9174d09a3c,2015,1,2,ST,2015-07-07,unique_genuine_volume_observation_date,2015-07-07,1,CO_1b6aaef482330b270a71;CO_22a48e36a823ac1710ef;CO_2702f1dcbd95d1ceb577;CO_3715f00d70a8f6e173de;CO_3c06bc19eae1dddc102f;CO_46c253965501650db8bf;CO_5e8d4e77b7336ffdb5d2;CO_5edd8f8493edeb02d51f;CO_5f0fbfc126a9876e1779;CO_6566ba1b1e2d55f54253;CO_73e8b27cb30f5dadbeb0;CO_83f814f7a92e365cbd79;CO_957d3341036a10da9190;CO_9669cd41358f14175a89;CO_9d6def71465c26001adf;CO_af3360f632b927e8c60e;CO_b4eed30197a01d2d80fb;CO_b553e6af4fb183a84375;CO_c077ad291c7b691b8def;CO_c32b4f99d9fd04c4fcc0;CO_d28110a5754f156014f2;CO_d29d53701d3c859e29e1;CO_d81351809af6c8b7c384;CO_e60825c137067932e0f9;CO_e8a932aa6d75118b93fd;CO_f1332ac40751e149efcc;CO_f580428217dccc6f63ed;CO_fc61dd3e648333d1c113,VO_b92bca66bb69f042d4a8,1,,,False
PE_9990eb3a8c35bbfe0d52,2012,5,1,CT,2012-07-16,unique_genuine_volume_observation_date,2012-07-16,1,CO_0095046d028203016d5d;CO_098a1cf1c6d3dabb1601;CO_0d4ce8fab584ce073638;CO_39fa9ec190eee7b6f4df;CO_452f2aeeb39040aa5f17;CO_5e9c1dc390130fae4c55;CO_6659c30f0631de14f58f;CO_674ae383f50d444b2b07;CO_8b4b1582ca4555a5d72d;CO_9f8b690c653cd22a49db;CO_ba3b2846e38ab687810b;CO_c80a0a8c1e9588eba651;CO_c9f0265f674e494ef09f;CO_e361ec1ff521cfdb913f,VO_e3f2fec9726705e3fd65,1,,,False
PE_99b3a7e1248efb280745,2013,2,1,MT,2013-07-02,unique_genuine_volume_observation_date,2013-07-02,1,CO_0c5f64081c8fd35ad5b6;CO_179cf283f9f50c9bbf5b;CO_3c2ffe67e845548bcfd6;CO_454f63ac30c8322997ef;CO_4cd5fb7dbd4a7754c3b1;CO_585579aed1c5241bcec5;CO_5f3f3b323de0c25e82ab;CO_675fa5692e307231f466;CO_7f3df4d372ff08d45e8a;CO_95d245f3eb25eb695e98;CO_a26dc55ddff93202c594;CO_bd32631411c59019688f;CO_c2c49e738e037fa9559d;CO_d283fc7ed27a618f0d8e,VO_cff0430da7cb476cf5ec,1,,,False
PE_99c4e1053e4376d0bed3,2014,3,2,ST,2014-08-05,unique_genuine_volume_observation_date,2014-08-05,1,CO_00285f35fca209e3cdf3;CO_01d54579da446ae1e75c;CO_0513b94782af23712866;CO_0764b6e3bc67d8aa45d3;CO_0e0c8d9c5fa46e66bd82;CO_12269c796b58fb51020e;CO_125c53fdf1e771c91a9d;CO_14ac3d4fafec274d12f6;CO_2c8956be0d58b5e7e669;CO_3068430da9e4b7a67418;CO_38099af079394374e008;CO_3a79abdccb2df5245675;CO_400b6feaba94359995cb;CO_41c999d507df6b99a5fd;CO_4708f9c61a5e58b72774;CO_490218043cd686f8b85d;CO_4b6238d9554460f619ef;CO_519eb43130350364109d;CO_525a3ce3f5870c9ec051;CO_5354c67c9c2aedfc0ce6;CO_580811fa95269f3ecd4f;CO_5b2bf937c74b50b880cb;CO_5d0603b416998b6a6081;CO_624e35f6360fb202ba6b;CO_66ba11c8b57047bc31dc;CO_7110606e8f58408eef8f;CO_74b2584bb7f2a23931f4;CO_75aa8c109baec6d0ee31;CO_7b69759630f869f27238;CO_7e307f063358377afc79;CO_8350242b2df439d296a6;CO_861696e54ec61780230b;CO_890ebdf964b651bc670b;CO_8c8f6b4381421dac2b8d;CO_8da11e8a75ed23fccb69;CO_90745684664e377f951f;CO_96ab6152cb421b4d4012;CO_9b275340b1a980f5d7e5;CO_9c563b54c4cf3abbf03a;CO_9d01137ce69ff69a6677;CO_a7099f07753cd64ce813;CO_a9b9bd8e0ec83c8374c3;CO_ad0296f6906b2b6a9ea7;CO_b89b4972abe1565414e1;CO_d36a3104ec97dde5effc;CO_d65112fe4b7673c7e467;CO_d7f6d016e67079eb2eaa;CO_da567b5f09f055a646df;CO_e1dd0983444ac4b47d40;CO_e420ff47911724869885;CO_e7110f8dba36e4f13f36;CO_e8c156833765a69703e0;CO_f1332d3115c71f96af4c;CO_f4ebb37bfc672eded2f2;CO_fe0c6f50ed570fc0b085;CO_ff21b44ef5765a55472f,VO_c1fdb92431a4a7217d4e,1,,,False
PE_99cc1e2e72ab1b968958,2018,4,1,MT,2018-09-18,earliest_valid_date_multiple_or_no_genuine_volume_observations,2018-09-18,1,CO_33b66ae561a759b8589d;CO_3aa176f89ea6f9812499;CO_423e0328917025753ab3;CO_492a70c75873387bf1c1;CO_56dc6c2bd0f7cd6b12bc;CO_a934c244755c66aebb0d;CO_b7b99ba738afaaf923fa;CO_b97b7b452c00ee7ab853;CO_c3cef2b615f9980e2143;CO_e550ffb258c0f6e2f4d9;CO_e8557282e35cc1c41b46;CO_f3cd266d4f44abec08b0;CO_f89b1611e0effab81683;CO_f9368faec8de957beb6d,,0,,,False
PE_99ec6d6affe898b0e8d2,2022,8,2,ST,2022-09-07,earliest_valid_date_multiple_or_no_genuine_volume_observations,2022-09-07,1,CO_01ab41be9955d2aa3036;CO_083f14945e6d7ebdab71;CO_08c6f6cb289f84a3beef;CO_0c49468f854e20a591f5;CO_1136f0e7cc57679b04f2;CO_14043558abb0b86ff3bc;CO_1a09807a0e6928a66d91;CO_1e754257f5fc4a28d4dd;CO_2559813bc6529f6938ba;CO_25b799829d180a162348;CO_2a14e0e74f5b626ed7ee;CO_312a72d73ceeaae67296;CO_36f9a4c00c335bd50c17;CO_4657ef5e50af02dcd71d;CO_467890763534997dd40c;CO_4c930e78b5aea2215bb2;CO_4fc779c823fd37ed61f6;CO_5050b689091595363d9f;CO_5c0f98ccc0c9ba6bcda2;CO_69e62ea6ec1e1e35959c;CO_6edda2b2ab3c759a9943;CO_7465eeede3419aaa6def;CO_797a7a4204dd16eaafda;CO_79b50932dd998d253b85;CO_88ca91effb10f455a9e3;CO_89b26ed6bc9e673a91bc;CO_9368f4de5f24d77054ec;CO_9a44b6420127ce38f749;CO_a79a343aec5804950af7;CO_b1f700bc8ccc5c568887;CO_b72b9e445e2cda580ee6;CO_bac6e7ebace473d5fb34;CO_bfead4126b30a05a8d04;CO_c2077253a9b10166e7c8;CO_c6a4d07932b070f95ec6;CO_c9a5da075f9e5c3e7a91;CO_c9d2e694fd605df70405;CO_cd52774601bea7ac814b;CO_ce3a45a88e0a0f5da8bd;CO_e44396c4365bbfe1afe1;CO_e4c6a9f38e8e4d127290;CO_f4d17d711586db685ec1,,0,,,False
PE_9a36752b43ad5983930a,2015,4,1,CT,2015-08-06,unique_genuine_volume_observation_date,2015-08-06,1,CO_0a2d643bfd24a028cd23;CO_0a7af18b0a022be7649a;CO_324738c760b067439bf0;CO_4a051c9e273d2e6e587b;CO_5631e5efadc1db19f6b2;CO_5d549e925c70f395823d;CO_8b2e933923a78a5d08e4;CO_957004db88d2a72efeeb;CO_a3c0ebdd3a4bef2d113e;CO_ad361d0f210a313d7e19;CO_bcec7283c966fbf6c0a1;CO_c7d02069ea9e317e7ed1;CO_ea279eca5412c45d2c58;CO_ed85520f2c7ecaa64b49,VO_102721a67dc688247e75,1,,,False
PE_9a4ef4ab7be905b67891,2012,8,2,CT,2012-08-09,earliest_valid_date_multiple_or_no_genuine_volume_observations,2012-08-09,1,CO_0bb1de272b46ce4f48e1;CO_26c151f9669f97e91176;CO_2ab4e55c7fdf332c78e4;CO_2bdd41c2da280aaaf871;CO_4d9a0346766d2c9380a4;CO_5316ca1c5ddca8e6cecc;CO_801f8522550bb91046be;CO_8ace90d8ffdf2ee4bcd1;CO_b563e9e2dc517ecaa057;CO_b76d7a9a5151c7896e91;CO_dbc74e3a5f6fa5936464;CO_dc7b81fd2fff7f765c9d;CO_e2aabeaac667528d2d6c;CO_f44e54476c2af2e95b8b,,0,,,False
PE_9b06b2640ba03d9fa7c4,2011,4,1,CT,2011-08-09,unique_genuine_volume_observation_date,2011-08-09,1,CO_0fdcf52de601437f641f;CO_10b9992767faffe8c009;CO_4ec9599fc203d176a301;CO_52236c6321c0b850935c;CO_7249e959389029a84a29;CO_957e984230c0adf1d8e8;CO_b3733b63fe1d502394c6;CO_b8e3b2f1fe3bb76f7b81;CO_c09582dcf542022112f9;CO_c59fc5a4f8d22f810caf;CO_d5c88c93b090985eecb8;CO_e9ab39f01d431c525049;CO_e9e556620469f46a4dc1;CO_ec3fdcd8136188e3b476,VO_c5cbf8ec270f84add3e1,1,,,False
PE_9be29822841d41a56b41,2017,2,1,ST,2017-07-09,unique_genuine_volume_observation_date,2017-07-09,1,CO_0bac83d121af467dc13f;CO_0e1a3aec7fd93fa52fea;CO_0fed38e1777b86ba7da6;CO_11b6d5d62c0c8d756f35;CO_3141d9c749e88ee55501;CO_3b235ac6056d34b1d7e0;CO_43c727ee4fc7250574d2;CO_48a1706eca5ee6148f74;CO_56603710bc1f84a8bcae;CO_6b96c2140a07bedd5f72;CO_71a0b1ec39c17956792f;CO_79944709f536e2972d91;CO_7c7f347780412383e97d;CO_824bd8704dd8ed22c38f;CO_88e281c34b27bf2fd189;CO_933b7d8e3c4f07686e72;CO_98dc0608a3ae43fc8759;CO_9b111438135730958760;CO_9d35c7bac3de81b5750a;CO_9fad9fb565cc809f20d1;CO_a9701cee1030236e2061;CO_acd44c4cd3c6ba293d19;CO_cbdaeb7a14b2adc7bdd2;CO_d41fcbf17a8ad37c9490;CO_d9eb1c864cfaa8b6deef;CO_f1e8e940e053522e6b97;CO_f87ff9f55f70af6675b1;CO_fea8344c6c192a73125b,VO_abb71eb0defeab860bf9,1,,,False
PE_9d88eac30a91208d302b,2023,2,2,MT,2023-08-16,unique_genuine_volume_observation_date,2023-08-16,1,CO_0029f4801cc292515e73;CO_00629d85f8558597cdba;CO_0712b81e6bb4479baa36;CO_16bd8ad6a2a132e6a2fc;CO_1bc1000f53b666feecb8;CO_2c546f720c932afeca00;CO_2e9e0028cfa7d1e62e06;CO_2f1223e9508a4ab284d9;CO_31b2223116b7d15681c4;CO_39c6915eed2615964e5c;CO_3c6e8808c22aa924bdb9;CO_4b7385013e6fc7a20574;CO_5a1130e36e3c304b7359;CO_66975971f34122212401;CO_6cf69ce9e7aca4e0f11b;CO_6dd2583525174d1b4c96;CO_7201cd85ae0263458243;CO_7825b394f8ea4949a1d5;CO_817b8b7ed596265a124d;CO_868ac126dbc57e0df9d1;CO_8b0e195f5d3f5196f46e;CO_8c9eda5bb5b3cc9e59a1;CO_8cc579e7b007e841efe8;CO_8ed062f0e515bd2e4795;CO_921f5d0a56915f4a5b0a;CO_930f7bc78c2340e72256;CO_93af61ba9f335c505b55;CO_9a1f2555b1eb82267c3f;CO_9beb3583c4e75cf37336;CO_a2af31d1c63ab9bb10a4;CO_a2e73e1357abae0a546c;CO_a4f49fe2a01c0ee3e214;CO_a7f0b84de7a450eaf6ff;CO_ab43f022f81c6d9df157;CO_ac92418ce76958c8e5a2;CO_b478183547352ada6c35;CO_b6bc077d6675a7c8cc9e;CO_b7d585abfb0a2790d7da;CO_b967fb22d506bda1b4d8;CO_be87fcc57797f6239f88;CO_c6eaf20a01893966ad84;CO_cf085574d40ec95878b1;CO_cfea824e4165b423075d;CO_d36253f2eb051f5fa395;CO_dad1574b7f03ca4aaeb4;CO_e96d2e151b7f83a725a1;CO_eb8bff7a00ba4c11dd9b;CO_ed3f057dba227b4464df;CO_eedaf2856c6f433bf770;CO_f067d17a38db3999a425;CO_f15223dcc0da90206acd;CO_f492942d2a709e578dd8;CO_f4cd1757ff9e8604d505;CO_f58c4c4ec4bbdaccdc73;CO_fd33fd23e0e68f05b8e2;CO_fee4ab8f26b871371c83,VO_5ffde2f92156ea56cd1b,1,,,False
PE_9e155a06de6d2a36ed95,2011,2,2,CT,2011-07-19,unique_genuine_volume_observation_date,2011-07-19,1,CO_123ec5685653a03f3c59;CO_19581e27de7ced00ff1c;CO_31943fca4fea453c44d0;CO_39346d4953adbb253889;CO_6c4c237fa6808f1c64a0;CO_829f00a11ddfdebb51b6;CO_8ad6e89231669e3fae83;CO_b847856411aef26fd25b;CO_bd84d98e1bd871028f13;CO_cc0ff843d1c33686df46;CO_cec7e5c712efbbbb76d7;CO_ed9d0fce1e4dc986fe5e;CO_f2074e94f6e52462f9b9;CO_f3ff4cb175e7a425073b,VO_f1f2f42f24158a0551c6,1,,,False
PE_9e220761a582d1c65742,2018,5,2,ST,2018-09-23,earliest_valid_date_multiple_or_no_genuine_volume_observations,2018-09-23,1,CO_0287240ca63d3c73cb12;CO_264abd655a95614665e0;CO_430d9af4c6527cfc3702;CO_66c03337b22c301d55a3;CO_74f8d4b5c1276fad9a43;CO_9004bfca46325194cd18;CO_9a2d94742295a879f4da;CO_ab4bf58f13f8a2e170ac;CO_b3ed5e985986a671f23c;CO_beb56a1c16b290e8d8a4;CO_cf8a6f1162e275863625;CO_d672e9fb368dcc07d769;CO_dcaadad1cfce437735b8;CO_f7a13fbd11a5bebce6bf,,0,,,False
PE_9f67556e2848ccb24a85,2015,3,2,MT,2015-07-31,unique_genuine_volume_observation_date,2015-07-31,1,CO_0886327340b14606010a;CO_138d9e809e386a7b8007;CO_1c0e147e6071fdf6fbda;CO_286c897eba57ce67e79f;CO_2b0ebe245db547be83a6;CO_3cb81c72e3c44a9c6a2f;CO_4104378e68f797b704f9;CO_4bed5653151949e3109e;CO_508a33a170c0957ed717;CO_51f4699a91350890af0a;CO_65ebea0a3f76f2fc0dd9;CO_6c4878bc9fe16e042a21;CO_6ee1f58e7b08b04e5810;CO_739dbef65f3b1e4117d7;CO_77f2409b042ce010b936;CO_784ff0776ff8ceaf3717;CO_835d5e8314340ab852a2;CO_a583c3a4287758cc0ddf;CO_ac1bd950b00370ca6500;CO_bb12fc5a6af710c38188;CO_bedc725da6f59c82f22b;CO_c99400625d05f7d6554f;CO_cd935b7a3ed47fa915fb;CO_cfec66a95bc7994fa147;CO_e03865e0382175da3126;CO_e2b39487a142f01d90e0;CO_e7209000d3fec69a5052;CO_f3f2c7705a7bc1287b2c,VO_5b49bd842f1806b3463a,1,,,False
PE_a033c0958b5b88a75684,2025,3,1,MT,2025-07-31,earliest_valid_date_multiple_or_no_genuine_volume_observations,2025-07-31,1,CO_0f152670cb49ba15131d;CO_10388a133dada0caa5af;CO_1ef3f6149e9962935014;CO_22d6ed331cd1a8f4b0da;CO_257e19889d8559687479;CO_25b7c81e770034aeda70;CO_2be7d85320ce261a5a69;CO_32224a777579756f49d6;CO_34847964b077f2b990d4;CO_4a8ed6268c1741e4d3b8;CO_4eb3f2ab5abc8cef7d9e;CO_4f5131ea0c5a3e7f4c5f;CO_52ed8fba503e8a9d8e23;CO_5f60288fa383ac8cbd2f;CO_62aff738e88d7df08f5f;CO_62e25bc14188ddecc150;CO_6785481828c6d71ca0bf;CO_6cf713e83ca48f8a190b;CO_73e5608506e1117ddb50;CO_75a92952cd1d1c57989e;CO_7ca26aafbfe189a20d2f;CO_823e1f7988ef795aafb9;CO_82bf785be509bfba54ad;CO_82e2790a706cba0268a1;CO_83390968e32ea5211b69;CO_8399b3c2cd89bea1df4b;CO_926a7fc32c08e49183ba;CO_963df261b2874c9c593d;CO_96a1b74a5b8a5422d904;CO_983adc986531868a9ef4;CO_997df70c3dbcc1de7f30;CO_9a0d7cc9fe9c91d38cc6;CO_9cc792987e19de6fd44c;CO_9d5105a5f4cd1839745c;CO_9dc38a3ae4408cdf88b1;CO_9f9df1248228b6fb974d;CO_a602aed529e8acd86cf0;CO_a842d752f0a21103c853;CO_ad24eef0de4c12c58734;CO_b3b10e8afd570362f7e6;CO_b4a0eb4413196a0c0c1a;CO_b6b7fe40196712ba3747;CO_b92f859368bbc325fe47;CO_bcb1ac2aaaf1d367b9fd;CO_c0d2d188feaa1562d9a1;CO_c1b4f8de804cb1ac668a;CO_c94bd2c3aa6c3ff69429;CO_cfef26c8661f948f2c2a;CO_df4e0207f66ee245ffdf;CO_e6ac4ef9f6171a647367;CO_f57cbec8b93b8ccb22e4;CO_f704946338203472fca4;CO_fa2fd37dfe0f812d3dc5;CO_fe50b64954720ccb97ff;CO_fe6340be87fd5e43b7f0;CO_ffefa9fc58deb38517fe,VO_0487765be023d188ad2d;VO_76861ddd5788bbf7d2f2,2,,,False
PE_a04c61d433646e61a6a1,2014,5,2,ST,2014-09-10,earliest_valid_date_multiple_or_no_genuine_volume_observations,2014-09-10,1,CO_0c1a70e4512ee6f78c92;CO_112278e1251780e4d7ec;CO_335f13ccec68fcb9de22;CO_3e80bf742e71a2f28304;CO_59be4ffadea682df590e;CO_6c210f0cac73e65a9939;CO_75048f79ea770c3fa7de;CO_7afb5aa51d6d953272c5;CO_7f5d3582377f050dca8c;CO_99c607c318b2851e1ef6;CO_9c67113a0ed4961dd46c;CO_a4e00d7e6aa821115754;CO_a969134526e51e5f0a61;CO_c8493910d287a66662bb,,0,,,False
PE_a1506e8e5a02282cf157,2021,2,2,CT,2021-07-09,unique_genuine_volume_observation_date,2021-07-09,1,CO_08e8631344a3916252ff;CO_15a1309ecae70129b1bf;CO_191024c47d6c2b3c24a5;CO_3bdb97a583ec5229d03d;CO_5ad194e14481feb89052;CO_5dc3c3700c46499d89e7;CO_5ee68de2c9ec2bc70785;CO_6c58dca38fc5657d96e7;CO_6d829fc6d4fde738604d;CO_7421ff69b2a0f7c0a619;CO_86b700fab5db37977a73;CO_9b19f9ab816598a0809e;CO_a11452e3859d146b415f;CO_abe0ccdc1f6402ee6562;CO_aea7c84e71ff79d7e04d;CO_afb36973671a3f3a0d2b;CO_b23d8b6a24247560231f;CO_b92be323056d07edd383;CO_bd87645d39992f22c24a;CO_d0da1af52e98f34c3aff;CO_d598b1b8173419235d55;CO_df27cf751748bbf207fe;CO_eb57f949956cc9f3c32e;CO_ed2d6987812e597d6d12;CO_f652f5c87c84f33899f9;CO_f7cb9b960a2452c5c73e;CO_fce42b27e987e692873d;CO_fd150de7705bc84f6bd8,VO_da547894a58ea4872f35,1,,,False
PE_a249f721c9cded6ed477,2017,1,1,CT,2017-06-26,unique_genuine_volume_observation_date,2017-06-26,1,CO_00f6cfcec1e0f13c961e;CO_056cc3e4b91ffa46435b;CO_09895de0407bcb038673;CO_11c12242cbdd26b9108c;CO_1e8be1a00f7702b3b943;CO_25f9b3ab7e7d3634a79e;CO_310acd4ad5174912e061;CO_31eb7c0492d494a5022c;CO_33512007840ced1bb0aa;CO_383e595bc80048c8210c;CO_3a5b1fbaad25b1c66723;CO_462c4f578d53de69a828;CO_479f8ec909fe2e84ad23;CO_47a75f17bd50932dd6d8;CO_48bf87f367ea4ac02650;CO_4989b0404949f8540be4;CO_4b9d7337a115ddc7d9fd;CO_53647a4ca1c696e03d8f;CO_54d8f9de6ec2d33fc13a;CO_54e8c1fe71504b5517cd;CO_55fdec963805de594b61;CO_5626696e19ac4b81318b;CO_56937aa5a635fe2109aa;CO_5c411304f88caf9acd87;CO_5edcf3b4d5f63d095b02;CO_637b9d18edaf628a5f1f;CO_9bc7684b0d1c9ca87d73;CO_9cd7e101377dbc84febb;CO_aaac7902c946d02f1ea6;CO_af180e4359fc6179dc95;CO_afd679cd3f9a81fd9ce0;CO_b0cd949d2a173a3991c8;CO_b2f64988ed35c934f277;CO_b4a906ff5d63dd73f46a;CO_b5eb854bc3ace8b94a25;CO_bc009cb0995a6810ea16;CO_cac3b69afa92db4a9988;CO_d4458781cf4f969f67ac;CO_e254ad19d679ecdad2bb;CO_fa1f94262c4ad9e45c99;CO_fba075b9d90ebe0109ee;CO_ff71027b45c6c8a6a2bc,VO_765cbba307fc74c15ae1,1,,,False
PE_a2e77087ab55e269e32c,2020,1,2,CT,2020-06-23,earliest_valid_date_multiple_or_no_genuine_volume_observations,2020-06-23,1,CO_05798b5867fa0524fc05;CO_07100f772eceed2ef23b;CO_08948ed54b137819a18a;CO_48da0d2da2992257edd0;CO_52f14fc33ef45dd80ac2;CO_5c8315e9eb0175dca314;CO_65e4ffc86918cdfef60e;CO_6c35a0cbe7c5659ec04d;CO_6eb290ca26552b5e15a3;CO_704fabf04c11fdeada19;CO_8415a191df5549048302;CO_a08c5cfffde5bb7d1d03;CO_dd9aeb02300988abbd4b;CO_ff231d4dee9c91e9ead0,,0,,,False
PE_a32b9b1cc443544ce423,2020,4,1,MT,2020-07-22,earliest_valid_date_multiple_or_no_genuine_volume_observations,2020-07-22,1,CO_222e7f771f2e28fe1e9a;CO_234d710c86b914cedaa4;CO_2f6a1b6f560a5a9d75cd;CO_3641d61ca832fd0aa500;CO_454045873b331766376a;CO_495afe547befeedeef19;CO_5f2703a5211db19a9020;CO_5f65bd0309b05d2a595c;CO_60233e3a4297864378bd;CO_621c052f2f82898bee0f;CO_6938d183432da8aedcd4;CO_6cdc03201fd72b31b87e;CO_6d8c92ccffa9576cc6d3;CO_71c4994de8c7229a52e3;CO_762da1911cc324cf7135;CO_892775f648bcfd24ffcc;CO_8b1fbeee2ea27bf5b180;CO_8b9d2f4109debd6fe156;CO_8fca2928bc0d2ce5a3c3;CO_944854c2ee3e6c6670e2;CO_b8a0f738caa802c39c14;CO_c5920d177d5128b53685;CO_cf3b763a62724306dca2;CO_d0a04b4400e5d2311228;CO_e36deec09aa73922d532;CO_ea415bf50eb65ade427d;CO_f12b1e7d28565788c0e9;CO_fc6f7f13445453748878,,0,,,False
PE_a354768a3ad269a40a28,2024,1,2,CT,2024-05-15,earliest_valid_date_multiple_or_no_genuine_volume_observations,2024-05-15,1,CO_0124eabefd6e9c110734;CO_0a9b7cbcd461d1a8a5e3;CO_123a999feadac2aaa0d5;CO_19c0d5b05f2008b19051;CO_1e19e076f5ae57e24342;CO_2450cdf3050af90899d9;CO_266014ff36da03a4242f;CO_3097fc802d49355a0a25;CO_3f7dbbd55f0ca6a34bf8;CO_44544e0d6770664c4c13;CO_4d934fe9163e483a8302;CO_4f2b09971390da789d72;CO_50828327cbf487d99d22;CO_5616b00748424b555643;CO_5792735a0acc9c27b1f0;CO_60f6f7c82d6cd3319c02;CO_690b0ff208b065cc8f20;CO_69cddaf496b7fcb7e412;CO_6a98afad344da3657e20;CO_717cb38e970aaa041604;CO_72cd46089d7d81cf100d;CO_7423fd48de59154f5fb4;CO_74ed8ca63e8b4fb8b8ac;CO_756127cf2e18876b8a52;CO_7aade54bb17b481c000c;CO_7b77b7444ccd5032a55e;CO_7b8b6647f6b7cdc59a0a;CO_7ddc73742388547eecf3;CO_7df1c1476c97ea1747dc;CO_7f7e4d7eba491f6fdf3b;CO_7fc81a57656ec0556151;CO_8227edb8f84ea693b29e;CO_9087412ddad3c642c094;CO_93f7fb79b9839d5d7de0;CO_9f397fc29a2635b57f1f;CO_a22eee527a538a718c43;CO_a8775372ebe2e0b96825;CO_ae35377f9c85f860a941;CO_b06fa6f096dd29d01361;CO_baa6a54dba0b83542155;CO_bfa6b4fe534027ca7393;CO_c00cf031587d12c30935;CO_c0cc3b36d8f848d56fbf;CO_c5b5ce3c861e941d2f94;CO_c7362eccf362f5c28850;CO_d08553fbe31da772e977;CO_d2f3e99d4770ae2ade2f;CO_d319a11178e062e223f3;CO_d7c7673ba8ca7b0f04b1;CO_dfe5e1e7a6503634adba;CO_e50d31b7a14483cd9062;CO_ec8b19be39eb32ee923d;CO_ed823ec32c5d4e9ca9dd;CO_efc54f78c3ba4a5c8442;CO_f0cbba2470c7c8706fe7;CO_f723386d3487b4a2dab0,VO_cd22aa4df197553e2a06;VO_d864dcb6307dfdf717ac,2,,,False
PE_a36448d6fe89c398bac0,2025,6,2,MT,2025-09-03,earliest_valid_date_multiple_or_no_genuine_volume_observations,2025-09-03,1,CO_01b06eff5bcebdc97505;CO_021638284be170c551b4;CO_05aedabc784708363ad9;CO_112a779faa0dce195f78;CO_129b6b09c0b3b82eb825;CO_179ba901289d9b80b8ab;CO_1db7a6b2880db3b93a8a;CO_20f1a57d5d8c667c827c;CO_2d2c33c52e3df492704c;CO_3055734bbf62d96c644d;CO_33743b03c28fc783b011;CO_337b02741a9561b611d3;CO_395aa83659a753b607cc;CO_3a163182232756e72207;CO_4987ed252a8732b90661;CO_5078bca8d0b0f7f9d30f;CO_57c8de458e9794ddf860;CO_584fe3ebcd9ffe877d01;CO_61dbec1d67afe651537e;CO_6253047d839a51684f2a;CO_63f51f684f8ca85903b3;CO_710a141a6043f2f350c0;CO_7636f4f8ac1a321c6f25;CO_7cec036ae38d7e91cda0;CO_7d4c1271a755dfd5e142;CO_857b4cd3f6a11d1b8f98;CO_8a3430bd81b8f23502be;CO_8e1ae7310cd37dbd45dc;CO_8e4e975f902448d84ed0;CO_9329880431754f35ab58;CO_9669ea1c789f884f9a83;CO_985de91989a559cdb505;CO_9ae56c694afe885cc522;CO_a1e1e86414fd481e6af4;CO_a24808ec8338b49e2e5d;CO_a37459a4222bd0816da4;CO_b09e885265e03ddbcaa5;CO_ba70f9774b3cfecb3db2;CO_bb0edee7ab5f947b73dc;CO_bc7588aeb2862561533c;CO_be1722b1d104ffb27532;CO_bf8b94160c0f912fea91;CO_c1e3e8cd31833bed4df0;CO_c9f5d1117c2eaf86aa3a;CO_d88439bd85ec69019e06;CO_d975b6d649745e936998;CO_ddfba1616217aeef6b37;CO_e5ae436f9a1603d30874;CO_e5bb396e698bfa037007;CO_e7bb14f4c55efcc91e04;CO_ec3f1e361fe23b5ec31e;CO_f0f7f5098c1767274e1b;CO_f7261959d3e4c4845cbc;CO_fa2be76c702f76cf8c70;CO_fde3f2e7127f6810eb41;CO_ff3d9d9ec5dbf066d25b,VO_3e15d7c2efcf4df1d135;VO_5e794f427a1ece840985,2,,,False
PE_a5a3e7d8a5e84189d18a,2022,3,2,MT,2022-07-14,earliest_valid_date_multiple_or_no_genuine_volume_observations,2022-07-14,1,CO_07db210da33517bc7f3c;CO_07e6a37e4c21374f28a2;CO_0a6ac7af764df6ddd78b;CO_21db551743591f9cd20f;CO_2c891eae0a3384b87ba1;CO_303b8bfc5f6c228d0e86;CO_33dc0ba86008f4434bd4;CO_3602c9aeb290bd721e59;CO_3f95b1b8a32c2c0251df;CO_422bbd1425b554bb85b5;CO_519b10be54472758c2c3;CO_53f66b6783cb7552d830;CO_5725a8a0e8cb0d36114e;CO_584c7f667f30c7225146;CO_5fa3a4fe16c16c2fc7b5;CO_67eab6db6703cdf9acf6;CO_68bc5ec90a2d9464eba4;CO_78f9110cf588bd30afae;CO_7a752682405307d3e133;CO_7c3afe3a3e156dc5c444;CO_8a30f2af5db424a81f3f;CO_918907ec0c2857cb5c71;CO_9317824a5a58e32b3eaf;CO_97afd1136b570064e809;CO_98cb1ca82c6624e9044e;CO_9a3b84136cae8f860095;CO_a5e7ca5ac03daf90be51;CO_a754049ffb01baaea795;CO_b782385fafdd20c39cba;CO_b821f9bed23a241d0c5d;CO_bc7d252a3b416a053fc4;CO_be6b5b7140b02bff9ad8;CO_c0d2b0fe4d7671d1bb90;CO_c8f3716c3e5efd2c425d;CO_ce332c83a236eaf5a0d8;CO_d68bf29fb4c1a9469c2f;CO_eb8d5bc3554e7390fda4;CO_ef0b489c33b4d90ab51c;CO_f16e7eb58b271225de23;CO_f57b8252cea0e3cad780;CO_f9b7214ee25dcca03422;CO_fdc115fe97bad517eb74,,0,,,False
PE_a5dd6f772a1d2e7d821c,2023,2,1,MT,2023-08-16,unique_genuine_volume_observation_date,2023-08-16,1,CO_007d45c89dfb5b1a7436;CO_05734f848cef55ba1344;CO_07a0708ed8472c991e05;CO_0ca1dddf381990ebcb25;CO_0df5486b7bca884d5f00;CO_0edc6ac704ea638866a0;CO_0f4d35538dec440759a4;CO_12731be0d82ffe1840d6;CO_14c4aee212bcfe7882f3;CO_16ee77b7eb3bab156ec3;CO_204a58c3197e64dddee2;CO_24a8aa339cbd16869475;CO_255afccc8af662895c98;CO_271940834e91c81f0fd2;CO_27e928d476f169e6f5f8;CO_2dabe4cf6fb1eaf709e2;CO_2e8fae943093ee3768ee;CO_3b231933d63cde9a85ab;CO_3b7dc65fd47fd991000d;CO_42c6024940120036d7a0;CO_4544eba6bea17979c507;CO_46a4efea2592cf8a01e4;CO_4d1149f568afc0c6b975;CO_52e0e094893bded14246;CO_545f24203344d5233684;CO_55184832e55ea6b71676;CO_5be41dbf015b07c98745;CO_5c70e097f61398b42cc4;CO_5dad6478e152b8aa33dc;CO_5e9cf7612c5e463a1f81;CO_62b5288083538b11a1e4;CO_67c23b847c57a43734be;CO_6c769f97eeacbed55d9c;CO_6f90a5a0d3234433d03c;CO_705249ef258f93186ff5;CO_782e82d6a0037600c1a2;CO_7d625ebadbd0059ad420;CO_8be16a9bc8e6a414f4ec;CO_901e2b7d2e35cb1443d4;CO_92151fcdb9a5905261ba;CO_92c1ef947ff88575f3be;CO_94f4931f68bda03c6ea4;CO_958e6005384959d403e7;CO_9705cc6128a60cc22581;CO_9b5e89a3d2e2e518bc24;CO_9b71ccae61849bd6465f;CO_9dd8124a1c2de83e4f51;CO_a15faf6f6c7e4c11d795;CO_a2a4f4149655e7999827;CO_a3583f87c7e912ddf784;CO_a73d28f9664e2d4f2cdc;CO_a82df1afd7670c7124d1;CO_a8302321e60791ae5045;CO_a8890c345770eb58032d;CO_aa8672337805ff672886;CO_ad31b0caefa44f83e186;CO_ad5393c506d4ea318f81;CO_af34ee645e2a6dda5e82;CO_af598ae6250c515b9e8c;CO_b1214441edfb8bea57c1;CO_b57a810223f515f3b937;CO_b9e02bd01a739df2674e;CO_bb60458b0243b80aa1ab;CO_bc6cb40a8c8e7504e318;CO_bcb05e9ef14b336689c3;CO_bf038251c59b434b02c7;CO_c17ec73c802422d05391;CO_c4e6b7a99fd43cd897b0;CO_c8d0b5c840299e96efed;CO_ccbcd0d62f439eacea8b;CO_d24d4176a2f30afd8cfd;CO_d2a781f8a5acf47a0d0c;CO_d4758ff40ebce1b5d098;CO_d82cfb4f5c0e89f0baa7;CO_d9a643e38a0fa85414f4;CO_db8244b65db10ce76e7d;CO_dcc4b2fc7ce2c379d630;CO_defdae444b7e18190479;CO_e7ad40523cbc7d3c04d2;CO_f0a6eead2e3c918bc650;CO_f7ec2d2600c8998dd7eb;CO_f89328f7804b950087f0;CO_f98daa7f5509cdd59f65;CO_faaf30f9e60ee4a778be,VO_70f32036d50f8ddbfe6f,1,,,False
PE_a607eca0d188cf22b135,2018,3,2,ST,2018-07-23,earliest_valid_date_multiple_or_no_genuine_volume_observations,2018-07-23,1,CO_0329694ac22521cc5942;CO_087741e65b10b020c63a;CO_2b44d508c4848ffc66d8;CO_4508bd9ba16dee225c49;CO_48a840d54a304dc9a79b;CO_4a514c08dad202a8a50f;CO_53a72a652c0c6a17de6e;CO_55ae4eea1c5c64f58f64;CO_5af81363d22c80669951;CO_8c99fd9fc5ec1092e7c8;CO_90f7a39c159a0f8d2c18;CO_9f69998560dcfd801644;CO_b98880883fd8d975260f;CO_cc41d80b1697c04d1933,,0,,,False
PE_a63568a97a8fde462031,2013,3,2,MT,2013-07-12,unique_genuine_volume_observation_date,2013-07-12,1,CO_20e8507c21ff11040e2b;CO_44d39c6e5e7b45bfc218;CO_4908e317936220be653f;CO_6cb53d8fe521d4d74153;CO_7420206aeffb65b9d188;CO_8a835b9bf9c1f8976256;CO_90ee7f52a4de94f36a61;CO_b1556dea32e9d0cdbfed;CO_b23826ecdcfe9d69cb98;CO_b6c19071799c268d5f0d;CO_c3ec998eb12f3655104d;CO_c4fe6b6dbe94790f2320;CO_c7f278a04237d3bafb4e;CO_fa3cfb3f1bb823aa9501,VO_07ad0c53a0c83dac31fe,1,,,False
PE_a642ed3f2f18412680bd,2022,8,1,MT,2022-09-06,earliest_valid_date_multiple_or_no_genuine_volume_observations,2022-09-06,1,CO_01f0a55c866eeb79adee;CO_05b68f8f80d45137ec15;CO_07bed92aab16ecdd9c88;CO_0c75245a12928aeaa65c;CO_0f68382292ad8876f26f;CO_1ab227d52f1f44abe3b0;CO_1aea9d6b347169449b17;CO_22f2c8e194c42ba73d51;CO_260f58b1166299a71ecb;CO_340595815f7da3eda3b2;CO_3c8f47d2ab2374eacc53;CO_58421036b7fbb6e30741;CO_5c01e4219f63ed93e69e;CO_5c9a7f508de2f1ec8707;CO_5f4006f9675bfd8b5cef;CO_6783c71f418437a22820;CO_6efed5b4f984cd5e5942;CO_7589791682041eed5742;CO_794e2215c74dbbe4c734;CO_7e607909fd879bbc20d8;CO_809e63d5c8aa03af112d;CO_833657e26b12fde34b62;CO_87ddad134d434d11c21c;CO_97401da47ce1de730fd5;CO_9d52d98f3854d4b32117;CO_a288403a28bae669ae3e;CO_a31b00d9c6a5bc7f6d92;CO_a57d4e24594db6570cef;CO_ab92f2c90e3337eed0b6;CO_ad9e40b88f294a1fa9c9;CO_ae2f4d68fe9dae010a3f;CO_b947e8355af3f8b1fd96;CO_be6adc2dbd63c0c0a5cd;CO_beb81e71a33a62f368c0;CO_cca40327e9be88bde3e9;CO_da2ab409e3aba646903b;CO_df3c08c16d3293f597bf;CO_e113c50d3591890b27f7;CO_f1708ac5723b627661f5;CO_f6103ca1e01bd200a925;CO_fb1f68f12a253d6d0cbe;CO_fe7c8b93142029fafe35,,0,,,False
PE_a814ea72d8a79e5ce612,2013,6,2,CT,2013-08-20,unique_genuine_volume_observation_date,2013-08-20,1,CO_04ad2618a7fe10a34a25;CO_1c00e16c0db1f129d7b8;CO_4ac48f96076672baf809;CO_619f02801a62f81b3b1f;CO_6566230e3a3ce3774c1b;CO_6f37aae407d1c3261f56;CO_6faeda436dddd39c72b4;CO_72912d3e1bed520f38d9;CO_7940bd361dc822c0c1f2;CO_9551dc186746041a3390;CO_db068c71019cf3af93a9;CO_e14704c2e08923caa90c;CO_e92853871823dd34d6cf;CO_f3a6399711da0b03dbe6,VO_452ddd5ff9e52051fca1,1,,,False
PE_a828a4cd4628108e4701,2012,3,2,ST,2012-06-12,earliest_valid_date_multiple_or_no_genuine_volume_observations,2012-06-12,1,CO_19b9e26203c0430f4567;CO_1f9a1de3220e9c87eb44;CO_2858dcd1057d3eae7f7d;CO_2bc805107667db072da4;CO_2bf43b9984209bfec0b8;CO_36a931194d760ccaa3eb;CO_50c9cbde7b204ef82f9c;CO_56e459e337593dfd3c40;CO_725e4ccd3e2518d55907;CO_9e468662812f45d0558e;CO_adcfcb769c88fb4c3c34;CO_d8224bcc3493730209ac;CO_e0abf16ce31cef15402a;CO_eb367fb3e13bb19326ee,,0,,,False
PE_a8630556d08f6cec7f6a,2022,3,1,ST,2022-07-13,earliest_valid_date_multiple_or_no_genuine_volume_observations,2022-07-13,1,CO_000b07fd81c1770b514f;CO_045fdd9e450587278806;CO_1bb007cb6e97e41f2854;CO_319f6d0f44f72b8278c5;CO_38bc3d1c4787dd15fb6b;CO_50f2eeba395b6c640c79;CO_52f1e9ee9923251ba231;CO_66c37a7714ef4b56114f;CO_672ec4dda4a89456ef2c;CO_69fa4375f140d4d3da7f;CO_6de8c512827f159ba499;CO_6f744a3f8ec08bfa12ff;CO_700baf5562d8df75ba9c;CO_710835b51d3d0d81ff32;CO_747ad1db126a954a4c23;CO_798bf980fe3b447993de;CO_896b4b3c39f75c06d709;CO_97468f679ad305fa4dbb;CO_9bf785e9c6d8dd76adc9;CO_9cfc3099e52f8b317373;CO_a523e1917578960aa1a7;CO_a67a568d85bb60ff73da;CO_aee4848a8580f3110207;CO_af17aebbb0a6c1235a47;CO_b29e466d3f1c2abd49e2;CO_b9defee8a4ecc2a4b072;CO_bd16867ad212808c7477;CO_bd2efc87cdce69b62a0f;CO_c09dc7da52e697a72f0f;CO_c577c5bd448343ea6ca9;CO_c66f1f34f49381e467d3;CO_caa6a0f78b21879ac0cd;CO_cc2632d8e992a947a9b8;CO_cd24330a96de3b7876b4;CO_d70ada757917455ce5a4;CO_db6a986583ff7e003de0;CO_df7bcde8ae924e5847ce;CO_e2fa8f5b4364b8ef4dd1;CO_e8f98f01b2a93ff16790;CO_f4e799a8ce5e5503cc12;CO_fd945d13065fc7072c85;CO_fe44376f5c09fc2fb06e,,0,,,False
PE_a86f0dd73b63a18791b9,2017,2,1,CT,2017-07-09,unique_genuine_volume_observation_date,2017-07-09,1,CO_026916bfa9ab8dbe602a;CO_090d3859ff6840b2280f;CO_0c86f2dfd04b5d52de85;CO_0cc1d9ba93d32ae787c7;CO_10d038b1695e6ba8c85b;CO_1852a4de717670118cda;CO_1ca42fc43c2dfaefd07b;CO_366e837adb49d0bb5f98;CO_3b1ceda2ef36e58f3b9f;CO_3bb008c7701209b16c97;CO_3cb25825a619415e255a;CO_3f735c67d29014733cf5;CO_4a0b01d93d9a39c5e4cb;CO_4a381e6eb9c1a4ec3b02;CO_56533080816acfbf988d;CO_5f7635b6a1c0307fd33f;CO_6161b2838ffa6ce17b84;CO_66dfd8bb9bcf776b908c;CO_6ae5ceaa679e385f08db;CO_6b404e387fbc5bc11368;CO_6c237681e70921603a30;CO_732394c9545439bf5afb;CO_771ddb7394605bad3532;CO_8167bf23bfda33b7660c;CO_822a8e0aad6a68a99ee9;CO_831e6bd92db10f33cc72;CO_83e19a9ce479dc064bab;CO_85bda77b04a66855e5db;CO_8bd9c0d453533757387e;CO_94fffa87a0dae8b0361f;CO_9689b85f503ae43133a5;CO_a36e5c3dbd6398cfab94;CO_a7fc04e4c6f7823a3ccb;CO_afbfb89027a4dae87c60;CO_b66521948b82e123c388;CO_c21c1a4d4f1e71a2f371;CO_c775788b4db45b59989d;CO_cd7cceb6898e00883ef0;CO_d5330200931a810748a2;CO_d874e4e4a5df21173b0f;CO_dfa4444f899dc58aa19c;CO_e1972d242ea4f7307af9,VO_4551de7b83b2b1e83ad7,1,,,False
PE_a873c6f206750ebc6cd1,2025,4,2,ST,2025-08-11,earliest_valid_date_multiple_or_no_genuine_volume_observations,2025-08-11,1,CO_00a107a3498fa2a81768;CO_01bcd26a9462b9923855;CO_056670757fd5acb31eb3;CO_0ba92489d7919fdc40d1;CO_0bc496bec1ba3f140ff3;CO_0ea9ede75763223559ab;CO_111c4e1991e5caba5702;CO_15cb6f57162b1426b085;CO_1744784df13e160509c0;CO_21113a3f71a6ecda7311;CO_26ad817f2329107ccaac;CO_29e03cf006b526b575a4;CO_2c384d69debd35713ee1;CO_2f1987bf98c09d2f5d2a;CO_340ab11db8d1a7435cb4;CO_3e34b5dc434bcf3186f0;CO_3f114996ac384f8c8fc4;CO_43c33bc8917f644809b9;CO_50182d9d05051a6c8d24;CO_5a6e508b75971e0da70a;CO_5ca1f7424c1da5216444;CO_5f910aea9bae3c3c127a;CO_5fa545cedfe5c2e9d2b8;CO_6658580ba2ddc260f215;CO_69cc1d969e885e82e779;CO_6c9ca6c8cd8aee8a33e0;CO_6f2f9e6553ff1f0d2cbb;CO_75b167181ef4fd16ae5d;CO_7aaf61320647e97733a2;CO_83f9d8d707524a4f5644;CO_87e9749e8d854ca23563;CO_8c9089be2f18fb286889;CO_920a6421f4b7573cfb0d;CO_9578b0e4a27925b100bc;CO_9e5b96ac17a9be123a87;CO_9ea0a17ae2cd7b511ece;CO_9fcecd4ddeca14755d6e;CO_a3d57f079f0fbe71b473;CO_a473459996b96ce015e4;CO_a50ef9230810d6e5a54e;CO_a7ced52aa9d19613e0d6;CO_ab254fbd275723cb1503;CO_abc4c464ba72256126c5;CO_ad6be454bf93d9c8855c;CO_aeccd1fb524eb0eb66b1;CO_b8db3deeadc8b0f376a5;CO_bdf67436ad5405970b11;CO_d39c538aae1d1cc79d54;CO_d67e8edaa3a287c32116;CO_d9a5223b761c375d1263;CO_daeab52705a5d365d623;CO_dd4b93d5d77f3a7464bb;CO_e3b921676c9db3fdc70d;CO_e5ac171853c6de5edbe7;CO_ed908da251034b88bf0a;CO_f50429e22780ab81f892,VO_54a047477ec1749e2ff4;VO_67791357f0fe9e26929a,2,,,False
PE_a8e992311ac11ff1f6ab,2013,5,1,ST,2013-08-08,unique_genuine_volume_observation_date,2013-08-08,1,CO_0454a8d72f0fda8244e7;CO_10e61d185ae6ecec1be3;CO_1be00341082e25c4e251;CO_358b2b10f5b66d4e32dc;CO_3b5aa0daf8ef42ee7df6;CO_4654d793972c3b6a1d48;CO_51f5c4d57a4ea727cb53;CO_9e00969ffaf4e70f0adb;CO_ae6cce4b004d72861a57;CO_bb0a6ed87fd9e9a343dc;CO_c103df72e15cf510fd1a;CO_c973b83261cfc9e5ca46;CO_cf74de3460cb198369c0;CO_d2a0c18c3f12b7ce0773,VO_ca9dbfd02f244cb5ffc1,1,,,False
PE_a929afd926dcc59da1cd,2014,5,1,CT,2014-09-09,earliest_valid_date_multiple_or_no_genuine_volume_observations,2014-09-09,1,CO_291e5716005fd9d1d216;CO_2ada1f46bf8886311fab;CO_2e1b9b762e6df07711fe;CO_52beab51fc3975673ff1;CO_684fe39f03758de6a882;CO_6f6a856b1c710d761374;CO_7322998f206f6d8838f4;CO_79c4d0e9efc731599663;CO_7f489ad8915c281e41ae;CO_8ecb5bcd8cd84cc3ffc6;CO_b4a83473514404f97915;CO_c50281c3dd92d836d2ba;CO_c677d8031a15a50a7478;CO_e2466cdab50d576e7b95,,0,,,False
PE_a98d09332522adfe618b,2015,5,1,MT,2015-08-16,unique_genuine_volume_observation_date,2015-08-16,1,CO_0612c461d2bacaa21943;CO_0c3dd06fdaa38bbc0dc3;CO_0cbfd7dcfba7c08b2893;CO_103006a34e0c53597687;CO_1070a982af22fe711ec5;CO_144f58b5926367a95181;CO_19467c37dfdd09d246ea;CO_22e0da1c88c1d1facf9b;CO_3045ad039274b9fcf0ec;CO_43a599e19e8e2c7b9f05;CO_49f0d18147fe9e63f333;CO_535838060adb873063a4;CO_5fa16977345fd6191b9a;CO_611c851351cbdd43efd3;CO_72440a20f54075ac43f5;CO_74aa549f2f8a44ee0d46;CO_754c0acf2e4022aae076;CO_82c01ce15b431d420eb6;CO_9b5ce75faa96ae2347a7;CO_a5a3f1ccc4741c424479;CO_abfd15f46882bba8300f;CO_cea10c90eee9f29280e6;CO_d5b148567313dccf2eca;CO_da01e568d56bfbacce6e;CO_dd19891832eab2708a53;CO_e3680aff4c3e0fd6e49e;CO_e7bf10c44f4b9e2019be;CO_ea2aac749f884f0f76c1,VO_b5b871dc5abe7370159f,1,,,False
PE_a9b65e771f7f28532999,2021,5,1,CT,2021-08-25,earliest_valid_date_multiple_or_no_genuine_volume_observations,2021-08-25,1,CO_0341b5dd628e639abaa6;CO_037cce21f9d47121a4b7;CO_0a7e9ae0aab05e51d0d1;CO_0b35b06a22779418f775;CO_0bf74c7a20edc3580f9a;CO_0cce0bd361c46fcde41d;CO_17d30b9a2e6f98d38269;CO_245db7164aace830256c;CO_274e64235a5fb9590afa;CO_399049c86a8907a11ee0;CO_42272281be5aea000060;CO_4288a86243d8d8898e9d;CO_453e17ba67832ab3e74b;CO_4cf826dd75e4707108e6;CO_514070b1acaf47d0e38e;CO_553e7161f2ded7e038c6;CO_5571095d1776b5ebe162;CO_5d935a36c301b60a85b5;CO_6171317cb5687b34379f;CO_6174fe58f3225ac0e137;CO_656232d8f9bc00ac0afc;CO_6c80d62adb987e5e76d5;CO_6dba77308243555a9aa2;CO_75708f8c8b2929289c50;CO_76ae6b40619f3e0a957e;CO_781194f0bfb21fa0ef55;CO_7a779faa18a6618ba84e;CO_7db926c9ac2fbebe8196;CO_81bb263274dd6a8f3845;CO_83bb1dea913720223afd;CO_85f9b504a727a96d1bda;CO_88e1a9ff81d0254e653d;CO_8f9e8700a919ab770c58;CO_975cac25cb29eab5ceea;CO_a0a82602907053ff2520;CO_a42c465973b77c7b121e;CO_a584a7c19e7cb604b77b;CO_a72c3d511056e072040c;CO_aa0786629d94c0e43ce1;CO_ac2626141862f2667caf;CO_ac9887354857acd38f74;CO_b925d2da9c7da40badcc;CO_c1831b913ab3774b4a94;CO_c32ffef1ae0cabc05766;CO_c34091bdd840eb499ca5;CO_c3b4f551e7459e8f9377;CO_ce7c2e96341731fc6c79;CO_ddf87428c63d2b8fcdaa;CO_de02e71bb5c2bc3fd975;CO_e1406f532a84b02f7b76;CO_eb0a4921b1811953c9a7;CO_f1d7fa1b12bf72b9714f;CO_f322392c7e9ef639e6a1;CO_f741ade8c7c5097ac516;CO_f7c2599681e9284ce1c4;CO_fe94789a48da5dd42e03,,0,,,False
PE_aa383c8c9a57591dc206,2022,7,1,MT,2022-08-23,earliest_valid_date_multiple_or_no_genuine_volume_observations,2022-08-23,1,CO_08a05c4b716c9953e044;CO_0bbf9f8f0ba1a1b72492;CO_12f26af0dcdfae8fe433;CO_1dedb99499538a04ae76;CO_1fb34678cd8a644bac11;CO_2127ae39c1c114f5b02d;CO_249298388b45526fe70c;CO_2503895f2dafb13adc10;CO_38f1dde10d586d75e5cb;CO_43fc680bd73b454734da;CO_449bd374c824ff0aff59;CO_4694198984395866f166;CO_475368189e17ec9d12cf;CO_52aa05fc46da50db3fa7;CO_595ccd2fce277b14ea64;CO_5b328cf43d53a589fe54;CO_5f3aa0e28b6a4f0bb9ae;CO_6fa893bfb00e234afe9b;CO_80710f80bafba6362ec4;CO_817fbc1c4386fe2dcc29;CO_85a0c85aa37d722d2188;CO_892807e790b9ccf0fc40;CO_894a8d014804accbd428;CO_8b88debf6d3575eebb48;CO_8d3498f1ebcbd5f1bd97;CO_91b300bfd411861390c6;CO_9a938afd9522feb3e920;CO_9ae8f17cfc8ba7fd8fb3;CO_9c9bf1925176bc911a12;CO_9ff2fdd38208fa047c33;CO_a142832c40dfb4b20f96;CO_becda784d78be9b008f8;CO_c4b89dc695cf8853f688;CO_d2022f65f5d988ccf235;CO_d8ce37b7c55ce24d5111;CO_e5113f1813c2c85f50fc;CO_ec351e24af73a8d6f9c6;CO_f4466a4b51d21014b34f;CO_f789909693b389860545;CO_f8c66e2fcefd475704ce;CO_fb32c38877847a6e68ac;CO_fef8ef07b0461c95476d,,0,,,False
PE_ab1e5addf2e00bc003a1,2014,2,1,CT,2014-07-21,unique_genuine_volume_observation_date,2014-07-21,1,CO_03214801f88d8260a846;CO_23e9ac6d60aac0be028e;CO_5ff4e7aa9198d741e51b;CO_6028e2a87c5080933ca4;CO_625bcac215cfcfd03dc2;CO_6de73663131f2d929d10;CO_7ed8f0f3b707956d9fb1;CO_86af1a4e860588062524;CO_88318c521153a69f0c93;CO_b1648ae6cbf3cddeeb84;CO_d1db330b8a74df12271b;CO_d4d07dd0bf601f6b6089;CO_def2f2195183e1938537;CO_f18c99b3daa260d7fe95,VO_d3a1d3b91adb9354357a,1,,,False
PE_ab750944465b3b03a5ec,2015,3,1,ST,2015-07-30,unique_genuine_volume_observation_date,2015-07-30,1,CO_010b9063e59e7cf38e42;CO_13e7034391faa87f30d0;CO_21bc59f909dc499bbc66;CO_2ffed2d338c5d351d732;CO_3653151b7ac7af8ac6fe;CO_3fbb234dbb549c092f61;CO_462b01670e50875a9df9;CO_48708652c187612d6679;CO_4a36d56718a671f8c87f;CO_4ffa4fb7d11760101918;CO_5b5927282bd80cbc831b;CO_5f1fe1c69d9c54b92f3f;CO_71d49d02f2d6a072d491;CO_77e359e4b1cb258f9f9d;CO_7b092350b8f197543504;CO_8689350c79e46e42543a;CO_889f501f4c27ea7494bf;CO_929335bd815765d7b676;CO_997719bc7307a990de50;CO_9d693eeee1d1899cbc50;CO_a4360f55cf0ce26855b6;CO_b0b03d744a85f4459c71;CO_d677f029a39e342592a5;CO_da853efbaaddae47e5be;CO_dfe62e836a0a6f263342;CO_f40ddf6742b7761b0f7d;CO_f6a405fda16104fb38f6;CO_fba2cf643df6fa7b7359,VO_119f48128ed3ebdffcf9,1,,,False
PE_acc7ee117e759ece44f9,2023,3,2,MT,2023-08-23,unique_genuine_volume_observation_date,2023-08-23,1,CO_059abcdaf2f2d2fbd6d4;CO_0b59f34f597ae751e6d6;CO_0ba896169af5b24dcc87;CO_0bebaa2b6f079e12700b;CO_0d0fa5f5d36a2fc2c5d6;CO_1115fd804c8295496031;CO_12fb7b835d44de11f6cf;CO_1a9953ed2d6b8973522d;CO_1b1d53b5645e6d255b90;CO_21eeacff3c61ffd2b71c;CO_28955b1fb53203e2ff24;CO_2d13ab427ffdaa125d64;CO_32a737427d53bb873594;CO_32ae70923fa92abb1f2e;CO_3cf72f968b84104c0cf3;CO_3da6ee6699da1eb52d35;CO_3ea0135b529df0c2c2f6;CO_46face064da91284f2da;CO_481d60bc802f51580e81;CO_4d0394d43c5c04173e8d;CO_538ed1a91ba3e377cb3a;CO_53ad4abfaa9244b687df;CO_5620e84be3e5141819e0;CO_56f2f6918fec1d2d8eaa;CO_59012b44adb8c2f5e94b;CO_5932cb6e58ef979208d6;CO_5b56fca93a84ceea49a7;CO_5f33707755c8910c93dd;CO_618da674c9d466a536f2;CO_61daba955b3926d8807b;CO_64f363361a0acc78ce6d;CO_6641020d80e10877a13a;CO_66ea59bfbf43cd3630e3;CO_780059759ff568458608;CO_7a24738c1004bcc250f2;CO_7e66b5dd3d158d14ba33;CO_85475eed163899ce19dd;CO_8591b1883a571127c6c0;CO_88f8808ea2ac9ede64a6;CO_8918e09360fbecc44f2b;CO_8ece6371b768f5b5730f;CO_910eb29d9a345efc053e;CO_9ce04d52aafc9d73c0ce;CO_9e04a49e5786695116f9;CO_aac67e6564d6a0ffb29d;CO_aad043becd9ff750cd2e;CO_abd285e8b11e18cabfd3;CO_ad25fc1532c8454fdda1;CO_ad5924b1e3e39cf04262;CO_b40e32d5df10d6172eaa;CO_b49fbad5b0925529b57f;CO_b698b9bc177d9e999a99;CO_b770d31bafdb58aedc1f;CO_ba978b751c4264e7e073;CO_baa8a6ecbabbd5ef0222;CO_bbcea8b0160740219700;CO_bf146817d6cf1ccb846a;CO_d4d37d59ac9dcfe6c1b3;CO_d5f5bb543eba1442862f;CO_d73157d3477fd2a010f8;CO_d97e1bd72e23f2269d06;CO_dde0c0ae19705772227a;CO_df000251f16839fdea8a;CO_e5647eac37c372543cd5;CO_ea6dfc7c35c52fb755fe;CO_ed2334f2e10c5b0e7462;CO_f24b5871aae4f3ad88c0;CO_f4a28be7fa574aa1bee8;CO_fa69411a009ffd26a280;CO_ff108b68b0e9bc1e5a74,VO_5877339f88b013f5ba6b,1,,,False
PE_ada3010827131318b4a5,2023,3,2,ST,2023-08-23,unique_genuine_volume_observation_date,2023-08-23,1,CO_0325d6c1080c79e16fb6;CO_082346ef1b95e3459894;CO_0e3c49c57d4ab2494d55;CO_1765487b78f627ed20e5;CO_1fdc5156dff53e1ed8fe;CO_2d177700b7ae4ea5a1f2;CO_2e9352c704043c75fa1c;CO_3233ea5c2c8d327f878f;CO_35a9e381b1a27567549b;CO_3b87d57e633d70162f12;CO_40fb2eddec2f3ffd73fd;CO_41214f55c1e8d6170239;CO_41c8fa7d060badc5618a;CO_41fbea0605709ba332fa;CO_4310ae7e5053793fed0b;CO_493daeab488aee191dd5;CO_4de7422788bbf98c1d7a;CO_4fe70ed79d42db7c1d96;CO_5308e552da93d6bb6666;CO_53754730f1c9ebcfbfeb;CO_5c91274818e8a55b26d9;CO_60eeb12bcfcc234cb89d;CO_62d9c0cbee6bc460faef;CO_65aaba9dab8fc5da730b;CO_73ad3dfef0612154407e;CO_7c72066c66a912cdecd0;CO_802e03bf48898b84a3c5;CO_82607c98dec8f45ac84e;CO_8473792f2a850b990100;CO_87c7965a1cc6c11a653b;CO_886459294dd0a49485bb;CO_8c8699214133b6332adc;CO_8ecac52ddc800bc6074b;CO_8fd9e92d212783be9efe;CO_9559a86ad203273df59a;CO_965fb140d7e15df5f136;CO_96f1436d75ebeb9b66fb;CO_9934db2d907501987ad2;CO_99eeb44d3313dca57554;CO_a104e09bdab2c5735dc3;CO_a21177bddb8e09742bb5;CO_a31497a11dc922de61ce;CO_a903182ff46826b97f89;CO_aa35818bff67437abfd1;CO_b3f5c2763486b696129d;CO_b912b4176482e0c602e8;CO_c0da694551118c7c69b5;CO_d0001edb0b88ca48e762;CO_d4bda8d4eab14af097b3;CO_dc2ee521c7b4ea99d986;CO_dd12cf7243b19a00e518;CO_e276f59bc5a81f2968df;CO_e41d64db5703c6440b5c;CO_fa1eb1660e5a104caadc;CO_fc091d39524c9d4b5b11;CO_ff4b467b7a593047c466,VO_c6709b00ab5d3602f430,1,,,False
PE_add35a9103c77e144288,2024,2,1,CT,2024-05-30,earliest_valid_date_multiple_or_no_genuine_volume_observations,2024-05-30,1,CO_07e1906a4c417ea7ab30;CO_11d1ff4edd53407199c9;CO_1242b9443650d2e995b6;CO_12bd7e20d38fc2705dc7;CO_1500feefa7a172c69f26;CO_2722c83e0b9fb27b4792;CO_28de56db50a1c9310f4e;CO_2a50a99e1bc4099a75a2;CO_35543fa109d1144c357f;CO_38d0f423e4089ea4202f;CO_44512bcbfd6b5f9855fa;CO_46635b56d3c7f0b7bb26;CO_469c9336beae7e7d5c24;CO_4c3aada37cf7fd3819b2;CO_53170f63efe88e6d52e9;CO_576c85c584f60555c2a0;CO_57fbf6797221cad5f823;CO_5a138a4de2444431a4d2;CO_5a59ee6d54fecef87a5e;CO_5c219b05e6b594420c83;CO_5dd8233939a973e153d0;CO_65c69a9739a285bfbcd6;CO_77b593919479710873bb;CO_7c4e3e519f7e8481ec5c;CO_80c39b8ca01cdfda1429;CO_8134f1627e2c580f5882;CO_867067959260d3f3a0d6;CO_8b6cd7c429e83373dbd4;CO_93ec5f036cae289c830e;CO_955602bc6fefcab2209b;CO_95d3a6437b56fbcc23f3;CO_9d25864abe3a65d44be2;CO_b03fad7e896f0497f4f3;CO_b2d0bf51e62fc7261ec7;CO_ba0c479ffa282f58dbaa;CO_be5220c4102d65865bde;CO_c229fa54c52290e09ad6;CO_c2c2dc174fa9014fb8ad;CO_c76ea8bb164f2f0b1b40;CO_d1de4364fe0c50c5a645;CO_d2e655334ee2e4841be4;CO_d2f33cbb7e18f199ae15;CO_d7c4084ac8474c5a79c6;CO_d8cea519b5ea1d09796f;CO_d9eea3f08d842822cce7;CO_dac0bab9c931418b10c2;CO_de24cf852f0270fe864d;CO_e1ff7d9997726782d0c2;CO_e4ed4d14170e2017c139;CO_e85d695e366e8e4be298;CO_e9a82b29d0a309758a43;CO_e9d574dedbf1e60f3013;CO_f57b0c6391fb054db263;CO_f5e28c800d011d7bde7e;CO_f6641c06da157a04f149;CO_f6d626a44626e65129dd,VO_37ceb235bdfca32cadfc;VO_f34bcabdbcf3236c242e,2,,,False
PE_addb6558497635dd3d9a,2020,7,1,MT,2020-08-26,earliest_valid_date_multiple_or_no_genuine_volume_observations,2020-08-26,1,CO_0c064516a0ec5302a2d2;CO_0d326e09800891fbc9b3;CO_18d470e5e7b8a3ca3e3f;CO_2e2195595695ad1b86da;CO_3ef723b0edb8f9159929;CO_3fd7dcc7254f34dbd03c;CO_5df022f3177db637eb34;CO_69ec7b2a6b6f1b1ea130;CO_6a08be905c07ded37131;CO_7204fbbcc30572c692e8;CO_73410b28086811b0fb4d;CO_75ebf30594fcb8888382;CO_79e8c13e1a8c51e0ff30;CO_7a95f2d6df5fb858341d;CO_7ea33d715d7ef8806283;CO_85c7fe9319004e487cdd;CO_91969e505d012cfef2ed;CO_9c05d48bbde0b1ecdc68;CO_ae987e199cf0564f45f7;CO_b0c71dc912263c36812f;CO_be60d263b2f405b44990;CO_c98a4af1036b3f69a191;CO_ccd6e97929058c24fb5d;CO_da4d43f295ce92630829;CO_de482c7ed5ca67ae135e;CO_ebdc692d9152b7b8e75c;CO_f37e1491f36c50659590;CO_f9f6d07ef81e1c00b96d,,0,,,False
PE_ae6e7b1bd3de16ea6d0f,2017,5,2,MT,2017-08-22,unique_genuine_volume_observation_date,2017-08-22,1,CO_0990c08f6abf809832b0;CO_09a1b036b82baba3177d;CO_1098335e95d32f09abf3;CO_1fda00bb3e47585d6ec0;CO_29938b66ee9c52a06b24;CO_2ba06b11ed9ce9abae4e;CO_2fbf317387d52ebc9838;CO_355d8c0ee4e5698eaed3;CO_408af69c6a8b545827b2;CO_4a12e183a11f0e64779e;CO_562545a23ace671dcebd;CO_5884ccb3d2dc6a72d4fc;CO_5ce4631674059041c45e;CO_5dbb51ba631f2c785bc3;CO_670b08a8750893e8ba69;CO_679a481c177154c57cc4;CO_6fc75d1c882770a7d20d;CO_85847f141afd4fa068d8;CO_8b13945fa7cf01f5e727;CO_a7c24c0bcfeeaa0ca975;CO_ba3f7fd7c27efc349f7e;CO_bcaf29cf76c157164339;CO_c59a181ee3c055aeeed5;CO_cff5ce09e8418fb3ec82;CO_e30919d4d5f54bac51d4;CO_eb98a00e85942ce482f1;CO_eee1c798f03e05e31b43;CO_fb36a80f97ce3306d9f1,VO_292e688f7d0e71e78ad1,1,,,False
PE_ae71f26e9166fb13ee9c,2014,5,1,MT,2014-09-09,earliest_valid_date_multiple_or_no_genuine_volume_observations,2014-09-09,1,CO_0edcd7f37d75330b1d55;CO_152bf02d1a3d3094d00c;CO_311d090632d9033faaae;CO_44065fd5787b60ffdf89;CO_6060636efdea7cf53f43;CO_7559ca4a957c8c82ba04;CO_7c10a9d2a754002c4e18;CO_848e558148ff9ac4fb56;CO_84909c7ba11f17777bb9;CO_b24bdc2fb415e6a7038f;CO_bc7773ef3acb6463dd2e;CO_c7f4f146491d27eed1cd;CO_f86cb6f7591d46450676;CO_f8ae8868de4294195da4,,0,,,False
PE_af262f79aa0ed033156d,2011,5,2,MT,2011-08-19,unique_genuine_volume_observation_date,2011-08-19,1,CO_109605b9bd377f6c6368;CO_3054e4555b64835cd1bf;CO_33c988ea80602e087334;CO_54d3fd385463022fac44;CO_59e19706d51d39f66711;CO_5b64147d2864c61f08bd;CO_71cadd0c63e5724923a4;CO_726bce19803eb46222a2;CO_8b029305577619195f41;CO_8c6dfac15afa6dcaeeba;CO_a3fbf5d93cb8e64fc117;CO_b40ab6679054c7d49369;CO_dd631975366798a99069;CO_e8202f39fad74acd9b6d,VO_ac121ade12a47539372b,1,,,False
PE_af610e0f46836e0b77e1,2021,3,2,ST,2021-07-30,earliest_valid_date_multiple_or_no_genuine_volume_observations,2021-07-30,1,CO_04a60387e5d59746ced7;CO_1470d2c1cfdbf52adac3;CO_2fc184dd8e7de0c2993a;CO_34a2b99c02411fb2bf67;CO_395a0b5c728744975f60;CO_408dea38a14143b6f9e8;CO_40b33296b9624bb86050;CO_47dbf29fa3c12260ca66;CO_531cc7ed4fd3f2961617;CO_5344c4110f483793dc35;CO_583b08e38c98f4350a89;CO_7182dd431b5c8833ed3c;CO_73b59ab723eaf0ea37ca;CO_75c73d5ac34170b7705c;CO_8722b305341fb1e3f421;CO_8f2663f80092ecd81a4c;CO_93d59e1cb43380c09617;CO_96382608813353bee4ee;CO_b3152ebe9e7ee740b993;CO_bbc0ac0c3f912b406dd8;CO_be4f4b1608d663e58209;CO_e44d7d26737f6e54df40;CO_ebad919801ebf782b3d3;CO_ed6d0c40cf19a7aa40c9;CO_ef01d9c77e68e6610c53;CO_ef3a964d3d8ae468c6b1;CO_f799857a1afcc7a251f9;CO_fa014137b3ea9af6a90c,,0,,,False
PE_afa287a09ff3e5bab631,2022,3,1,MT,2022-07-13,earliest_valid_date_multiple_or_no_genuine_volume_observations,2022-07-13,1,CO_017e8ebd538a478fa107;CO_13ea0ad963cea2156cbd;CO_16d0382287d4ec2ccc68;CO_176ad2fc7b7c0d488993;CO_17fae00890040633e6ec;CO_1c918023d679a37e1f33;CO_1dc865d5dee04533f317;CO_284b7e6d788f363f910f;CO_29923c8dc8abaca7ea7e;CO_36c1cc2f9d7022bf6bea;CO_3a6783d3585ea5d1c852;CO_57e8be94618ed55010bb;CO_5ba61c0aaa70718e2df5;CO_5dbab5726d5ec588ba1d;CO_67458b5949442d9e9848;CO_78c549f9e428652c9c40;CO_851582a9c2fa6a6cc910;CO_8e54c1a1f0c1be9de1d0;CO_8e5fabc4550b9c8521b1;CO_93eb82316a6fd1f248df;CO_997d9bb290ed3ad0a272;CO_a11886e0551787396a55;CO_a4f3530830cabf2d9e40;CO_a4fd355ca8cf3a3309a1;CO_b04403d1414a5ec49c5e;CO_b3119b7d9c76fa0da12e;CO_bfaa492bc1eb6c25c1e6;CO_c62b377fa3d3a0f44306;CO_cf52b737154eecd5cdee;CO_cfb951378d5fd8df76e8;CO_d3b842e4dd2fceb21f0f;CO_d4e33e2934280979f580;CO_d6e3ab95be72b6599314;CO_e3c80264bcf6bde782c4;CO_e5fbb0b9795089c0ef8c;CO_e8b4773f260df0fd98d7;CO_eb81ef8baff0510bfcb5;CO_f51c0b60249917f4fff1;CO_f898c0e2fa3b9767f4e8;CO_f8d64a31eb7d864da925;CO_fbef6f1ef766d1016348;CO_fea2ab9d009eebd111ec,,0,,,False
PE_b08201b583b69f927729,2021,6,1,ST,2021-09-09,earliest_valid_date_multiple_or_no_genuine_volume_observations,2021-09-09,1,CO_0b63e8776a8036c3344f;CO_1334bc00fb7dcaf00259;CO_151a4a9dbe25a542ee18;CO_2181cc570872136d026d;CO_2a35cd9aed58e12af7ce;CO_2dea2a547b0c8f5941d4;CO_359bc49a0d31df4a0421;CO_411b255e8c928b62eb77;CO_4e016e8932eedbdd78d0;CO_6798cf378b13ec2f2c4c;CO_6ba9cb6ef619ad8e0ac3;CO_6c6596953182feff2072;CO_6e2d4d3a3d4c4bb21b09;CO_71eb1f3265bcf0ee67fc;CO_741f514bbddf7310b4d0;CO_82f54bb9c58655340638;CO_83a0030bcebc87b643f2;CO_99d84b49702b4e375a17;CO_a598a622f48075f13c88;CO_a6b316cab1a87ae0cd0f;CO_aed8be046f04a89cfa70;CO_b72b8ff4cac9641a2167;CO_bb76dc3c076cd8e06b6b;CO_da2adacc2e9310db8ea0;CO_dc270706e5a1bace70d2;CO_eda86cee916d58eafc40;CO_fadb19bfbddde11ed682;CO_feb5c7b065f6a847ec8f,,0,,,False
PE_b0a6ff66d1c871b7754c,2017,5,2,ST,2017-08-22,unique_genuine_volume_observation_date,2017-08-22,1,CO_0038263cc90dfa55d621;CO_03a3d955b8799a90f1ff;CO_06af29ac2ff50f6278ad;CO_14cc46493ed2740b214f;CO_16f5fa5ce97e1f40489a;CO_2ab0ce7632a611e907a4;CO_2c21423a8d385c8e0338;CO_2eddde729522672d326c;CO_2f9081896ab7d7bcd377;CO_3b5becbb1c2ca62c2e69;CO_4235d033441def62c1ea;CO_58ec6dd6691cf0ceed8e;CO_66c3230e5b7d13febf25;CO_699c131766cd619f7516;CO_6b6803d3f23f64d048b7;CO_728f1a293713aa90cd0d;CO_7768e375a15e957a64ad;CO_82f1fc68c02f9f616f47;CO_8f2514413bc5af0acba8;CO_967d0c9a4a504759725e;CO_a697cd0ae3eb620bb121;CO_b1ac3a14adbfd6d9c4c4;CO_b26d443be68500907b70;CO_b5d2aba92e7e57828460;CO_c9505c17a252d3cf0089;CO_d54f847d6adedb96a431;CO_dea1ae8613ee2a5ef550;CO_f986a473de473adbbea5,VO_8e94e7712dba58ec6fe1,1,,,False
PE_b13c99904ac0e5122f2f,2018,2,1,ST,2018-07-09,earliest_valid_date_multiple_or_no_genuine_volume_observations,2018-07-09,1,CO_07a7458399be1be1df2a;CO_1f636f8bee6d7c8805a7;CO_2af4dd48399a5cf64c23;CO_2f34c250aa81cc1930c9;CO_4cf3ab13ec4367b7b740;CO_64200427fa85338cb264;CO_6581e4cbb8c4fb160790;CO_688d8763a23f6c1e4850;CO_85f018871cacae45576e;CO_8f10833e3ef270a248b7;CO_989601093fb75ff464d4;CO_a1c6cdec44005a21bccc;CO_a24e43b7765e445a86b1;CO_ce8619672faf3172e05d,,0,,,False
PE_b29e09cdb7f952a1cdb0,2011,1,1,ST,2011-06-30,unique_genuine_volume_observation_date,2011-06-30,1,CO_0457c48d8fc39719542a;CO_1df7964a1cf8172c953a;CO_5553915b16dc07c89ef7;CO_744b8397028efb93fc77;CO_9d9f3c4ea93d3640e675;CO_a1b22f60cfdd66cb036e;CO_b7e307660e1611cb42bc;CO_bd6fce639134ed23aa97;CO_c4ee3e56da3c5913d360;CO_d266f5d63e618622de83;CO_d4735e3a265e16eee03f;CO_e443169117a184f91186;CO_f7f2a37e8616fbe9925c;CO_f861f085b808d6d450f0,VO_82f4421aacd73a1121b6,1,,,False
PE_b307adedb4f140b2f276,2015,3,1,CT,2015-07-30,unique_genuine_volume_observation_date,2015-07-30,1,CO_00cc75b3c354bd864d64;CO_00e942bbdf53c77a64fd;CO_061a17b4051d92288f0d;CO_12a0ed7f1c86f1b2a184;CO_22fb7dcde13992abf3d0;CO_242d1f9ba9fbda48e877;CO_28aba8137d93763f7f1c;CO_4d4aeba697c8e3760eff;CO_514d3f0b0b27c4eb82bd;CO_5616b21808fc1d9de240;CO_56f4da26ed956730309f;CO_5e4f1761806f5a6ec387;CO_60f7bb33004989478770;CO_63138be046191a295af3;CO_7bfaa9b4a3733612834c;CO_84a5092e4a5b6fe968fd;CO_939c9231d25e2e31a7fe;CO_9c0dee10340cdf2fbc35;CO_9f6bc49fa5e40b2a6065;CO_ab6db0a993735081e579;CO_ad5f9478d603fe97eae2;CO_bab13030d2a4ce24139e;CO_c1d7b99c643e98b1a90d;CO_c399e9273f18bf50d4fc;CO_cce19cc2cd213efd5453;CO_d047f40b7ef6b9d2c824;CO_df9b3513da9664872bcf;CO_eb43272640b269219a01,VO_f90af9ee83cec3ff1e2c,1,,,False
PE_b479db5db86a1e92ca9f,2023,S2,1,CT,2023-08-06,earliest_valid_date_multiple_or_no_genuine_volume_observations,2023-08-06,1,CO_1cdfeccf13834f4c6ab5;CO_2021cbc81876bee1ea9e;CO_23db48843cb2251eee81;CO_2915ceca6f3131e5ff12;CO_365ac97673a9a51f9ffa;CO_376f9bd4a137a72c75be;CO_611b22adf6df2891ced6;CO_62ef88b54ca86283c70b;CO_81defd9e2e8f85c7f098;CO_82518f2b58debb04ad77;CO_98968c513b70a24d01d5;CO_aa48e62a49cff2672290;CO_ed909f604792d384d8f1;CO_f207f451236833ddb963,,0,,,False
PE_b591ad8fc1edd74ecb16,2018,1,1,ST,2018-06-28,earliest_valid_date_multiple_or_no_genuine_volume_observations,2018-06-28,1,CO_01299ac65733b5a3d774;CO_06954b8a7f8d8c97b239;CO_347213dd2b6e78d0efaa;CO_3fd89b706f6e648d2a4b;CO_5035f549bdb60899509e;CO_6e941f629ca76dfc3c42;CO_87a8ea2f9437b153c530;CO_87d701f9ee48b2cbb798;CO_92e83f839fb4f758f3c1;CO_c010bb0f7f8f335ccb2b;CO_cab6ba48ec352b7fd01e;CO_cd73a9a0c52cfe5ecd50;CO_d5bb99c303f40a8655dc;CO_dda67706bcbb5a57d839,,0,,,False
PE_b6fd60d10e559978199b,2023,3,1,MT,2023-08-23,unique_genuine_volume_observation_date,2023-08-23,1,CO_04ff14276199969c3a58;CO_081c68229e69ec1a2bef;CO_0afc9825f17881e68f3a;CO_0f9c6877b9e900ca618d;CO_0fbc9039145b6449a776;CO_10deea4eff54d391779a;CO_156d8bf71434cd45f1d6;CO_163504bf95fca430e622;CO_186ae1f984bd9f273d31;CO_24184fa1f6afa4a60dd1;CO_2785acc469f0f87f7a6b;CO_28aa7ac9f621f25a5211;CO_329cc1a2b0777ee07289;CO_33f43c1477e57cd74904;CO_354948ef61d10149fa91;CO_37428ab362509a178a4d;CO_3bb9513e65442b2c7f4b;CO_3ea291dc1be525a64e24;CO_421921b162ab5ec0b572;CO_550b182719f37fc1561f;CO_5bd563f1f52bfc4a7e49;CO_5e387e075b1e55bb4cee;CO_5f93230da0c7dd66d20f;CO_627e4f781bcd2a5f5f33;CO_64e51b3dc1ade43c85ec;CO_700e459d870c9802b496;CO_71c7b596811785ea48d5;CO_721c70c9de94ab2ea3a3;CO_74ed65a2d22a92c3b4e0;CO_8041475d9d855ae03e31;CO_854e995a2a9b14f46866;CO_89bcf793d1e6d9b9d249;CO_8c19996aa890257d05d9;CO_906c994fa7fad8006259;CO_9168e847861429230da3;CO_92f4d5bb712acce48e4a;CO_9dd20d8e0c5347323b54;CO_9f8f6a6903c658a23bec;CO_9fa1548e8bc19438577f;CO_a3aa871dfa2ea4d18366;CO_a498b30af4f790314c21;CO_ae915abd8377d03dff13;CO_afa472a961fbcb09314e;CO_b23f6438ca7d54a45a36;CO_b651b2cbf26b8b9e51fc;CO_b97186618aa1434e971c;CO_b9899f8e014d7cf918c0;CO_c2db26c514cd4c02a97f;CO_ca0cec7f60085f0289aa;CO_cb52b76a21d7312c89eb;CO_ccafa91687f523ee613c;CO_cd49e62c96c3365792c0;CO_cdc8d01a6ab341278ee6;CO_cef142549ec7b7a05cc4;CO_d0bcba597a2caaf263d1;CO_d5c4f67a138cbcbcf840;CO_d831e97bab4633972579;CO_d847f0598621450f5284;CO_d934ef5cf6f98730fc7a;CO_da02c5e646ad0f3ce4d0;CO_ddc761bbf4d141bc0d83;CO_deb297c539598394fd17;CO_dfeb9adef1c18f717bf0;CO_e8be8572ee8c2dbfb2ce;CO_ef689ce8aaf80d303274;CO_f091942f8c73e0260555;CO_f123ee0f377113d73f5d;CO_f7b856c054de7ccced08;CO_f804663d999ea924c753;CO_fdb99f39ebd2bfb4bc25,VO_da638cf36a9afc9fa62c,1,,,False
PE_b7ff1c1774876e409c04,2013,2,1,ST,2013-07-02,unique_genuine_volume_observation_date,2013-07-02,1,CO_0a8c5e4aa4875ac97961;CO_28e30757e0288c036bad;CO_336938924d45a1c0ef5c;CO_494f8b426e8568d75922;CO_5b36c44d19053f9d8816;CO_5b473a86093a3ef27694;CO_5ef6fdf32513aa7cd11f;CO_76eee2c69cbc9002a4d1;CO_827b209fa167fa5c0302;CO_8c35b2b88e14f14acc48;CO_8d1dea6a0cd4feb3c0ef;CO_93f5dbaef3e7902247ef;CO_e7faa8b075ab5b412691;CO_fe86430130c978b28368,VO_e2d3c7132662296f0e6c,1,,,False
PE_b85e98ea69e68f01ed00,2025,7,1,CT,2025-09-14,earliest_valid_date_multiple_or_no_genuine_volume_observations,2025-09-14,1,CO_0f13940d4e13ae866d7b;CO_1090b9e9eba719a3f27d;CO_19b8db71323664371bb5;CO_207ed94fbd6709f2f472;CO_24210acff902c1faebe8;CO_392e98bd37203b489ec2;CO_39cff4eb438907bd6de0;CO_3ef58410b868298fcca4;CO_3f617891a06499f59a90;CO_450bc386f06c2d406710;CO_479904cc2d928ec415b0;CO_4823596b3482482146ec;CO_48fb307e0ee9f2d54ed3;CO_4dbc0eb8b4f11888d8f1;CO_5b5eafc7cc65b2bb4f16;CO_5bc05e241527d767aae5;CO_622c88be355ef8152a29;CO_66c751f6bb19bfe810dd;CO_670d1430eca8c1f5fc91;CO_707f6b27b35675b3ef29;CO_73e47770e23ef59066b0;CO_750feb5dd619fc36158b;CO_757db91a80964d58a2b0;CO_7790318535a041bca15b;CO_8279726d9928f47059d1;CO_83082e4aa1cf8cb1b7e5;CO_8aaad2edf75d87bb77af;CO_8f4950b33cf777286354;CO_8fe5aff59d1fb619c31a;CO_92f502dc208f36a482ee;CO_930c7a86e4562e925108;CO_954446921d7cda37f7f2;CO_9709d785699cc53b7d05;CO_9d481885e46e5554b853;CO_9fbb55aa1ca6da90db1c;CO_a0270321ab5125a77734;CO_a2331271005dd163d0c1;CO_a3a5672ad4ed69b64a34;CO_a63a00267dfdb266103b;CO_afd625562b786f999bd2;CO_b563622dd5a266e6a022;CO_bb5df7e3650e7c1e86f6;CO_c1a30a81ad5a6153c383;CO_c3efab0291121fde064c;CO_c7196b7714b5887a25ae;CO_c89fe5b7a007332d70f5;CO_cb209f169ae048663edf;CO_cfe0815a32292cc38204;CO_d0dda5e6a709b521935f;CO_d1089d0df6e55a658082;CO_d1b0b7687f7bca92ee38;CO_e18037f42fd038fa9b51;CO_e3fe618151cf6d9d7bbf;CO_ee12444e5175d3a65472;CO_f68c7a5a728d224efeb1;CO_f74385cef4cff2cdc8d2,VO_857194122947b8f28918;VO_91c514cb70ae7934ddf2,2,,,False
PE_b8cc705881475991ea0f,2022,7,2,CT,2022-08-23,earliest_valid_date_multiple_or_no_genuine_volume_observations,2022-08-23;2022-08-24,2,CO_019209346a558b1c8b5b;CO_0b154204d7697a56f628;CO_18de9efae3ad4dc70c3b;CO_2782526eaa0c5c254b36;CO_28162ec765d5ac1d3c64;CO_32aa54c39d0f97f84ddc;CO_3865e98e8d3fe3316c6b;CO_3f6f25576155bb4269e0;CO_4456dab344618a9c5582;CO_46b360d48f83a57338dd;CO_5214cba490a7bdcf37df;CO_53bc8d1b5881db85ac37;CO_55215bd746ced4883865;CO_56bf38ec039c1d139cfc;CO_5742fb46c0ac73d14fb4;CO_584a792839e2b454a72d;CO_59dac69c02fa356c6337;CO_607081ed5b09827c2441;CO_63db0204e2f34aaadace;CO_662ab03ff436cfd205a7;CO_70252984654c35f9f8f3;CO_79672d8381e02513e794;CO_7c7b08bd1c9b9c2df219;CO_8b5551ea922dd24625c4;CO_9b934e3e71010795f063;CO_9d1cd3c0c79fbcb3727a;CO_a4cf2e205690fcb7e2e2;CO_ad7a0849a3ea6e33c1e2;CO_b090147020e033534635;CO_b49285a0a7ccf28c9954;CO_b67e9ed04f8a531036a6;CO_b8300b053e43992e6ef8;CO_b960d66a8a40b0ce9e91;CO_c96094ff9f6cb1329c4f;CO_cbcd59dc5044f5dab3ea;CO_cfc30c6ec0237d3c8221;CO_d2fd3bb387a840ba902e;CO_d6245609f9341aa80225;CO_e59172f418ceab0c25b6;CO_eaaa9a5b38786a0fdd6d;CO_ed6dea48048cfd0c2ece;CO_fbb3909aca0ffe6333fb,,0,,,False
PE_ba059ebbc29b11d1a3be,2024,1,2,MT,2024-05-15,earliest_valid_date_multiple_or_no_genuine_volume_observations,2024-05-15,1,CO_02f99d2002c703f1669e;CO_0a2f8b4bb6e614e94097;CO_10b366e60c5c0b6a15c8;CO_11b7f7f59841bd898bf1;CO_12bdc9eedc0abc0dc0f5;CO_1807a71b6b12c1c6709d;CO_22cdd352056c42ac1a6d;CO_2651ef0848ad80b34553;CO_2669177e036faf971d71;CO_277879fdcbcdb1a17cb1;CO_2b5d2ba5803e6fe3a2bc;CO_2c614891e5e669e86161;CO_2ec983e61d51ffd47ecb;CO_32dd352edda42e5cf389;CO_37106924f2641425caa3;CO_43219ea99d4f6b23a85b;CO_52fdbbe8ee4add452d5a;CO_57d1b684626f19959176;CO_5ade5d658ce065db2db4;CO_643d8fe3fd7bc8cc8a02;CO_6739d7f3fdec51c4dde1;CO_67caa2e4d68d1a3155fe;CO_67e7afa897e80af6b252;CO_6c0b64d1ba905979a8b0;CO_7190e392b24e6fd8bef3;CO_72dbab0e0717addc37f7;CO_7379ad4c3fc756d0d10c;CO_781c405a424224468437;CO_846a5325770a9a6cf6f7;CO_892cdff2d3d3f6194ac6;CO_8e46760943785a93c7bb;CO_9401e925f19506afce3d;CO_94b393016d575f2fb39e;CO_95c980a35562249ee409;CO_9d47a3e8133d657c58fa;CO_a48622b535728587fd35;CO_a967179e0961cfdfa9a8;CO_ad1f3889d0032e7c2791;CO_b201ef000ecf4ba796cd;CO_c13b38201136ca382e1d;CO_c7689fe1091661dfb352;CO_cd6a2e3d71899ea03ce8;CO_d15fef60f234013f1eba;CO_d2fea184642c1e7e709b;CO_d3c549ceb09c0d8b4743;CO_d4c2ea3c5f634412ee2d;CO_d4e2501734145318e12b;CO_d8b4c70897b50e123d81;CO_e6379f790b5069bc495c;CO_eb965439db0149efae00;CO_ec00affb8528316ae895;CO_edaa8bc3853e1f941ec4;CO_fd21cc3cb5062bc4ac71;CO_fd36d80fe16f0daad18e;CO_fead02e250605081aee7;CO_ff154711553558569960,VO_2e0d297b33ba9afb5b8c;VO_b12bcb594c45ea11595e,2,,,False
PE_bb21dc13f44e7cae1045,2014,2,2,CT,2014-07-22,unique_genuine_volume_observation_date,2014-07-22,1,CO_1ca5d0aa97c49e27c62c;CO_27991ee8d8a3187e84f2;CO_385439f2708f9e482529;CO_3855328dee7a3d74be71;CO_473be764ccc05b21d4e7;CO_5c0af5de0595640d4eb6;CO_8944a7e96cf7f16cdd93;CO_8f5c5451afb17f9be7d6;CO_90f0106ea953834b9ce0;CO_93bad48c1cec2fd81754;CO_bb668ca95563216088b9;CO_c115812b94dd86994e7b;CO_c676b6e9a4ca6b5ac363;CO_fc952bb014fc5706d37a,VO_861933ea464b0914dfb0,1,,,False
PE_bb8ea40d37cb388028ef,2025,S1,1,ST,2025-09-23,earliest_valid_date_multiple_or_no_genuine_volume_observations,2025-09-23,1,CO_0474319403e99b0608ce;CO_1ae4cdd9d1b8c4474234;CO_2913ed7d4c8d889226fc;CO_30a65d30d595644c68c2;CO_58763bceaddcad677706;CO_5e4e7b5040b933b5a0f0;CO_7416d20d3b033819aab1;CO_77521fb9b62fe4afd6f3;CO_86cb35a822329fe1de40;CO_8aaa550d7fa1850b1eaf;CO_bc45def81515c4ff5d0d;CO_bf0d3c01d1f27f097279;CO_d45dade5ed6a8c877844;CO_e8001139c41a3465bc4d,,0,,,False
PE_bbf4e95c02e1591047b4,2011,4,1,ST,2011-08-09,unique_genuine_volume_observation_date,2011-08-09,1,CO_0d868080e76c8d7baaa2;CO_165e75840c3993a19ef1;CO_23335e59658664b5a88b;CO_2ffb3371badee194e734;CO_49fdfc988e29f9ff8c71;CO_4ff717d584ed7ba18561;CO_58e47bf2ec5f0d27dab6;CO_69c53542ac9ee1fc4ba6;CO_9f3f263dfe6cabe1dc7e;CO_af6b495dd2d7c1174d63;CO_c54edd784b2eed78c071;CO_e1deda4c9751baf1735b;CO_f5ca38f748a1d6eaf726;CO_f86064981e6d82e47208,VO_c280754ccee793f24896,1,,,False
PE_bca2b67b03840bac2206,2023,3,1,ST,2023-08-23,unique_genuine_volume_observation_date,2023-08-23,1,CO_01f8667f50d52677bea2;CO_0359bdb72fa3b3ee4adf;CO_07f554bd2c907d98b2ef;CO_083f509d5f1c7e8f9576;CO_089ee14b926fabea6dd9;CO_08ae804484bb82a197f3;CO_13b4088f2f9a285e2212;CO_168f75eb063df56addcc;CO_29c26ce713383be69ae9;CO_2c2b084e950f82e91f21;CO_34caab2a41caf97a5cbb;CO_35f8f65f38c20f6ce0e1;CO_3742b6ed0958a48ac444;CO_395a4df4d8b51be87515;CO_3b05cf67849835e31dfb;CO_3daebbc6dfd81355f1cc;CO_42b81b695c9063452295;CO_4574409444e559859abf;CO_4bbaef3d6767e681bff6;CO_4c08c723d47104e004de;CO_50202bdf2944d9bb8c63;CO_54006483f014c53f76d8;CO_60916447180b70d86448;CO_622373b3957bb84f01ef;CO_685090b2f8ece990836c;CO_7249a7bc5027c0e94065;CO_75819d3511ebbfe8b541;CO_762d531ad8492be9be95;CO_78ee4a5c1f85357a5199;CO_7f8f0cd1bce29d51a35b;CO_808b0748b38c67a2d886;CO_8e93e440f571a4dac326;CO_90c246a812e634906611;CO_939b7d9d39d8977b171c;CO_950a4b835663a3360042;CO_98b8ff199fbec5f157de;CO_a21e1bcbecafc968152f;CO_a3de3fd43a0ae76e184e;CO_a51baee973742433352a;CO_a80fa91d5d26d02cf702;CO_aca028e11511397be968;CO_b2c1d5a7680244b9e847;CO_ba75e6190f20139c6310;CO_bbd307789c2f6185cf06;CO_bc1b62ebf83894d66c94;CO_cbd542e4e06441152147;CO_d15e7843961ed4bfa3e0;CO_d528911b38a276213e8e;CO_d9255858b5c485267d71;CO_df16685d2ef7c33b7553;CO_e38ab7d3075c2759fc07;CO_e42ff69d9b81e0a1c5d7;CO_e8b4beb51662ad8742e4;CO_ea55a36da3758e60e3ac;CO_eda2b4c97af53a5636f4;CO_fbdf4ba3e18f62312eae,VO_0240559f79ddcf9b50b6,1,,,False
PE_bcf1d030e292438de1c1,2018,5,1,CT,2018-09-23,earliest_valid_date_multiple_or_no_genuine_volume_observations,2018-09-23,1,CO_0b02100e18c599c47384;CO_0ebd1723f1447c10eec4;CO_14b0e1af139dd6e7fec2;CO_282b18d20c185f279599;CO_2e261b21f0a1c5a659b5;CO_37d2c05e6320b12b5d1c;CO_39e7124770a6d0d78131;CO_3c1b7053f0edd447b778;CO_4458b1d377c7d8d7df21;CO_74a7bd6b8d7071514b51;CO_811b2bcff32fd122da1b;CO_c77639710bd89eea8855;CO_e19f33c4261ce8e9844d;CO_fb4aa8521a385602e5fa,,0,,,False
PE_bd4a80359ce1de5f5729,2025,4,1,CT,2025-08-11,earliest_valid_date_multiple_or_no_genuine_volume_observations,2025-08-11,1,CO_016562d2d357325c642f;CO_073d3b0fd9092432dbfd;CO_0ae3305415102d365f21;CO_122961871d9f94be9a62;CO_165940940a02a187e446;CO_17214e2d30ebb0eafe4b;CO_21cedfef481c0e0cc8aa;CO_25762f3604801f5b70c1;CO_2e912838723d2412bbb4;CO_3005568d8ad5da4c3898;CO_30f5861cb4dbcdda0cb0;CO_312055965ba244d9d570;CO_35a99a53ff1b46f86a14;CO_36b0207bd8d835af78dc;CO_39eb960ba7cc3aee0e0c;CO_3c2ef1901bee3a4866d6;CO_3dd9c0995d54c0abd51a;CO_3e7c3d4cf5be91eca625;CO_43e83ea476f3f16bd476;CO_46eaa26621e4955c1675;CO_49982c8e082e073b414e;CO_4c9bf88bc02a3ea8c292;CO_589f5ed0ac1c85dfee59;CO_5ad0e75a5119ff6de36d;CO_62ce9c1cdb9e3600b554;CO_6ad4a6b1e5ea5569795e;CO_6eaeeb687fc88a22f1ad;CO_7a5df5ffa0dec2228d90;CO_7dac9a0dfbca76261a79;CO_7de53cf657da848963be;CO_80e7340348fbf26b0b76;CO_84d133d968520db52e04;CO_88041c83e5e616c665d0;CO_8a620616a106ba261c32;CO_8c0c4f9e1123c995e69d;CO_9873cf15ed82eb8de109;CO_99f32aaf92345929eb86;CO_9fb551b1ae2a0705892b;CO_a444aa6529eccf87ca90;CO_a4ac7e68f7a1dcc06c67;CO_a53f3974cfe010d48e74;CO_accceffe127e0f027a72;CO_b1abace73aa7d4bdf639;CO_b1f9912d4a9dc55b9fa2;CO_b85bf0f7330be0793331;CO_b8dc2c143be8994682b0;CO_c1bf9243686ece9e777c;CO_c514d648b63919245b73;CO_cd9aae5b86dc1d8e117a;CO_ce22191277eef4735bf5;CO_d191038eb3dacd219bba;CO_d2bb22a0bcf2cd071097;CO_dac83bb166491b232988;CO_e04f657e2abda0d50ee2;CO_ee37c2f5b4fc7c885e91;CO_fd4d18552b5be40e9d2d,VO_9da8c9251a20a8eb1be0;VO_e857abc5f608246a62ac,2,,,False
PE_bd8c84ec329021438849,2015,2,2,MT,2015-07-21,unique_genuine_volume_observation_date,2015-07-21,1,CO_0546542b90c76d50b3f8;CO_069170cf54b2e58a1057;CO_0e3cdfe71052fcf00968;CO_14b2f094410528924d7d;CO_2a5923f37dd9202f3bc0;CO_2ed6761ca5b3d2c25bcc;CO_314f04b30f62e0056bd0;CO_36790ecd55c2030dc553;CO_3d1a10b227a0d6422374;CO_4d2b4fd054827a511593;CO_4dc8d8daa17220545ca3;CO_4e504ed0311b8b6e5e65;CO_5636ef9395357e03b336;CO_6a975659a3a10d4bb7d3;CO_731c883e561fe35d7c33;CO_79e52fa433672c06f0fd;CO_7ba7d31bfa1ed86327ec;CO_8f380b167de147ed136d;CO_996aa130712ec702cd52;CO_a71a838b343853593777;CO_ad1e075215267a284972;CO_b24feb419bf88f66451a;CO_c69a19f97857fb3d1158;CO_d7a76620d417ee36d5dd;CO_e94e063888d213e0839a;CO_ec9b81b63b3931715ec6;CO_fc612ab00291dc9e83cc;CO_fdbd3ed4c9a69d3b8886,VO_e11ad052b56b9bc9cec8,1,,,False
PE_bdf17111cc35249ef7aa,2012,1,1,MT,2012-05-15,earliest_valid_date_multiple_or_no_genuine_volume_observations,2012-05-15,1,CO_04f8a05a39618f4ae5ec;CO_2113d0c414c3b9b0f9f1;CO_23a8311091b3bfaf2b4e;CO_2f5b70c621fdcb0de0dc;CO_462771fc8e506cc5b624;CO_542cacae1d41132ac9e1;CO_7269957342e44572a1e6;CO_7a61b53701befdae0eee;CO_98fd5cbf09799214fd4f;CO_a61ed520cba4374e9f42;CO_b4587def7726374a042e;CO_b48105958f0107629217;CO_cd63a60688daadaa2a13;CO_dea1aea721130da03be7,,0,,,False
PE_be3da0eafc673da18d92,2014,4,2,ST,2014-08-18,earliest_valid_date_multiple_or_no_genuine_volume_observations,2014-08-18,1,CO_00603386e33146708372;CO_0cbafcbfa5f9a81c7a3b;CO_128e7339aeb8c71d2b6b;CO_1bbe48b7b0243dee201e;CO_1c6462dc651c6169e10e;CO_26489a19295d7f41ffcb;CO_2befbf54c0aaad5f049f;CO_459052fd6da4cae674b1;CO_459b20a336e0be544477;CO_58070c528ac8e387bfc1;CO_5c09f0554518a413e58e;CO_6d0cf8b5b954edaf37fa;CO_70260742c2952154c84e;CO_9daa98ce3a24c2264ed0;CO_a0a626252c418ba7a395;CO_bcf1b6a7a986e20e0ff0;CO_bd2079738bf102a1b4e2;CO_c4ea8ed019962cda3e80;CO_c85af775e6fca2c3a580;CO_cdc670392ad038f0716f;CO_cfaf1d10d0d37bffe07d;CO_d677f6e2b9720bcbbac2;CO_e1fee01ee26d26469e25;CO_e3a6a7d6736f833c9e69;CO_e96e85632cd66c4c1d91;CO_eb3be230bbd2844b1f5d;CO_ee47968ec53bbe68eaf5;CO_fae26219b0f6340c86bb,VO_5b82220e688332955128;VO_cea1ca7e157ea156038a,2,,,False
PE_be7aad6167b8d6e29614,2018,3,1,ST,2018-07-23,earliest_valid_date_multiple_or_no_genuine_volume_observations,2018-07-23,1,CO_15a26c6fa5151c712acc;CO_32ea6aa8091a36e8779d;CO_41d8541bfc3f130c65e6;CO_4afec3170070d614ad2b;CO_4f33341ad8c920b9faeb;CO_556ea1b2f7420f2cd4e6;CO_5f0b668fdc52f435558c;CO_8d8f85d9f6475fac5437;CO_8e75e642c4976b4fad9a;CO_93a83415c3624846b592;CO_ad7150f04bd7954d908a;CO_c564c8d54a00a9eb7121;CO_ca5bdc32186976a0d123;CO_d91eb7d94d3fbb1e05e6,,0,,,False
PE_beeac198e54979c8cb07,2014,5,2,MT,2014-09-10,earliest_valid_date_multiple_or_no_genuine_volume_observations,2014-09-10,1,CO_11672f73e58b8f15006c;CO_187e96763937a4e2c346;CO_1984ee33d739fce1184f;CO_441df4958cb3d20cf971;CO_4a2b23d39856c6819401;CO_5078264a209e1ee0e3a8;CO_8bcbb4c131df56f7c790;CO_9e6cf5065e007b66b6d7;CO_a9ecd83c2d2d5295c565;CO_b99427238b182d603134;CO_c2c2cbd7d05c03ab5601;CO_ca476f632e7e3cc91ea1;CO_f432f3b7c5f6dee6f301;CO_fd468dc562126502e82e,,0,,,False
PE_bf44e09ffc415b58c4a0,2012,7,2,ST,2012-08-01,unique_genuine_volume_observation_date,2012-08-01,1,CO_448e4981a962b5ee11f4;CO_74e5927a9ac148915bbf;CO_84b564f96061f242d232;CO_87197b952f19907a74f0;CO_87d602dc91718ad10c91;CO_9428fb36117251d5231a;CO_956fb62ae9cc5ac24d50;CO_9c7881a9f6faa83679a3;CO_a88a7902cb4ef697ba0b;CO_b1ded99722cf8de822a8;CO_b62764dc19af7e6a2fd3;CO_c36192f00d848c0d4df3;CO_cc1426618cb6931b719e;CO_d206553aab2da3c3b5aa,VO_5e934e5a14f2e052cb49,1,,,False
PE_bf4999981e8b30465343,2011,4,2,MT,2011-08-10,earliest_valid_date_multiple_or_no_genuine_volume_observations,2011-08-10,1,CO_0e6a07c0e0cca88537a9;CO_17eb8859aab835857555;CO_65ab749279c8fbe6d230;CO_785f3ec7eb32f30b90cd;CO_7a99d42d79e9bafeaa5c;CO_83c00fb91104a5fe6ce8;CO_86618dead4b0d6bb47d3;CO_8698df0ec492e5026b61;CO_90363681060467cef1c7;CO_a102c4a3c1ec0345d380;CO_b6e96f84258c1746306b;CO_c36ed68ae622fabb989a;CO_d9f0773a5c224b3148e4;CO_e9259b87d692becf61b6,,0,,,False
PE_bf4d5c43e21a82c51f4f,2023,5,1,CT,2023-09-26,unique_genuine_volume_observation_date,2023-09-26,1,CO_02d0ac14787aed83fdd0;CO_03d20de87804ff2e4649;CO_125cc8fa41714df3ea03;CO_16251c20d0eff6727d56;CO_18cb37e2865113e63404;CO_2b4da94214015b4281ac;CO_2ef36d66a2fd023e6e30;CO_33c64aa73045b193fe39;CO_392ed671102518888670;CO_3d5d2c29712a98874d81;CO_4ee813262a515c9aace9;CO_508d030c81626ebe8bd8;CO_520303b5b551ccab7a64;CO_551fd106e5665cb08553;CO_61aad04aa9341a27da25;CO_639c1115ab55d139a527;CO_664d83f2b83219a0fad2;CO_70fa656aa0391eb9ef7b;CO_722d07e69788bb48ee78;CO_759bbc81f28f218b0102;CO_77187aacc3b2cb32a8b3;CO_7894c77c02c9bd8dc322;CO_7b2c21ead1522776414b;CO_7cf6977351f5e913ea79;CO_82d5585f6115061ddcdf;CO_83f16a7746e67a8cdde3;CO_84bdcd156603935b711c;CO_87d9f3571492264ebbe1;CO_91089dd3ac75d4de64aa;CO_91bca017d06790f59b5d;CO_956a0bca24e544b6b42b;CO_96bb293aaa330ef307ee;CO_9ba1e2e9258f8ee3eaa0;CO_9c3a6731776196fc4b8a;CO_a1a8103460e86870e211;CO_a382b4e38fda8ac087ab;CO_a4758ce256b5521fe9d8;CO_a4aab274a57a4958eb0c;CO_aef662afc24b5edde66a;CO_b2b7178dc27bc4985c28;CO_b3658670d2a52e2c9af9;CO_b45febca2754cb4d6297;CO_b73a3d6f109428b33967;CO_bc57590a33fe355e1743;CO_c51a6b546bff965a29de;CO_c6ca46cb6d9c8ed27e27;CO_d11460f42970e8333ca3;CO_da24004da2dc4fbe6608;CO_df805239a17c4c49d085;CO_e380b8fdc008f28885ef;CO_e3e188f55e95f99a58fe;CO_e9312aaa5aa8e1453aff;CO_ead17e13e806bfef4486;CO_ef06a3e3dbe5cf048f28;CO_f847d7687414edb817f1;CO_fba37ae0d72e78085512,VO_d6b5408d3dd840ba0579,1,,,False
PE_bf6fc540566653c363a5,2015,2,1,MT,2015-07-20,unique_genuine_volume_observation_date,2015-07-20,1,CO_08f4a354a1395c4f4bb0;CO_14326baf59373fee76fa;CO_1d234b0fe9253354bebf;CO_209b2564567502735c4c;CO_2a6a41cdfcbe78c1f94c;CO_59c4d02848bada0d9850;CO_61304c99d645456f73c0;CO_6dadffb2c7385d7b07ce;CO_74ac6b844cae1e21a379;CO_7d8dce2c226912be329c;CO_802b906a18591ead8a6d;CO_8fc47fb812c36fe9ae3f;CO_93b959a4a44ea9dd9035;CO_9ec0ec041bf15aae5c37;CO_9f2b69296b69933a12d3;CO_a6ea31161f3e76c1a269;CO_bfe7c8113aed2f6ff718;CO_c2f593c98b648395cc08;CO_cc3b02a1d33c8770569c;CO_d48ff4b2f68a10fd7c86;CO_d4ed6737078e43989a47;CO_d7a0f216c42519bccf2e;CO_db149c1cf88cba530cb1;CO_dd49477b0b970dde26d5;CO_e8743787bbef7d5ffb65;CO_ed452f910894722c24ed;CO_ee65fbaffa5773d9a2ed;CO_f735b8e8460c664122ad,VO_38779eed82ebadfdeb20,1,,,False
PE_bf74455b1a7c48461768,2023,1,2,MT,2023-07-17,unique_genuine_volume_observation_date,2023-07-17,1,CO_02837c1944876b4fa860;CO_0554934936addea67b04;CO_0780e42173170ed42c33;CO_08239f8781c9538f4956;CO_08e484b5055aeacfde25;CO_09cb71299e9ded350b21;CO_0cfe3f9259151e7a5fc2;CO_1390be8dcd7a201c1d03;CO_19e639b064bdb018bbf3;CO_1a711c40b23d4859ed59;CO_1ba71fb680250d97f045;CO_23fd0d78ddeace19b67c;CO_27eae8c9f8c59e3f6fcb;CO_2a99104da82a5f1b5d62;CO_2acdde4bc923f85cf896;CO_2c161e165df7c9837c20;CO_34af953ef5913ef6d17a;CO_352a49321a68b5c4be00;CO_3bb7a236a7a8b9dbe712;CO_44898b43f6d5ea1c2b39;CO_47e03bf0b0b8b738bee4;CO_49a6616381509de70d1b;CO_58225bc7d01d6383f377;CO_645f91aec6bb20ce6658;CO_6c0f3412848008d49d18;CO_74de057f768beb42de17;CO_7699f99fa80c0522a7f1;CO_7927ac5e6edf829995f2;CO_835ca4af5f3af495a221;CO_880c2fc00805b3104264;CO_8e6d48d590537629b874;CO_8f168f3c9b27b2daf698;CO_8f4e3ac8887eca56feb7;CO_9214f589646a3a2a8231;CO_9992c69a82eaba0fc969;CO_aa4b0d224e2b4488c6e3;CO_ac9cd720d97345f342f9;CO_b070751113ee70c6bb58;CO_b8c98001e1dee74b2cd1;CO_bfc57feb2cbcfaf1c2f5;CO_c30d2c58c630f9e4e5a3;CO_c4ac5b91b3d9f98ba75c;CO_c7ff80d080cc85af3cce;CO_cf76cfa39f6788986457;CO_d829857eb1366e70be85;CO_e0687aaa8689e196e8bd;CO_e071170e549fa06f725c;CO_e0786231482674ee2bc7;CO_e5035284780dd738421f;CO_ea0e94bd89004ef442ba;CO_ea1f99ab1032f34547de;CO_eebda9bb3ead487d24d6;CO_f08fd4d892cbe322e25a;CO_f3e81e8ca949e11d6f83;CO_f7cc0e8b019506df9430;CO_fbbaecec6528d9062d36,VO_302d70534abca47e2e8b,1,,,False
PE_c022cac1f55e539686af,2012,1,2,CT,2012-05-16,unique_genuine_volume_observation_date,2012-05-16,1,CO_0eaa69a16d7c358a329a;CO_2206b111c94d5ad89c25;CO_2c52230d64e3d2b646bc;CO_8feaa233aa6acf485297;CO_a72d85b0b74a48c7cfe5,VO_a6c06c2d6af39f438424,1,,,False
PE_c0e9a65e116d987d3dfe,2017,5,1,CT,2017-08-21,unique_genuine_volume_observation_date,2017-08-21,1,CO_142e477ce2590e1039b7;CO_21612db808d2becd4a2e;CO_2289b221b39605c3494e;CO_22cef979df58823081d4;CO_24f4c4b4339871082ca9;CO_261dc1c0fb9cb6c53150;CO_2d6c50388f532bd1bbe5;CO_3af9e3f2e523d9d0ad71;CO_45797cfda8571046172c;CO_47f7d6a2a9570158ddf5;CO_55342f1a13b302abc505;CO_62f4d89dd319a4e7788a;CO_63fd44eec460feb25809;CO_6aac0cf87a32e6315361;CO_6be7d4d30e3abcc369a6;CO_6e237b1f8dc0da15957d;CO_71c43128de8ed162b7c3;CO_7fb8a56336e161678d48;CO_85206f3cbda6e943771f;CO_86c7c2b542904358041f;CO_88500e2a216ae663bf5b;CO_8fe37e80692f22c6ffda;CO_9028dce6614eb1f7a5fd;CO_914302698973596f3cc6;CO_91b8107ca1d9412220d1;CO_98f63a859469722a5253;CO_aa3bffa410b5c95680b6;CO_b0a1cafd46c582f82b4c;CO_b0d2a82945cbf8dccdde;CO_b1c5f8f8cbc593b0f9c1;CO_b329c24bcd7aeba27e6c;CO_c4da2d0f7e453e96af0d;CO_d7d5738a319cb9532286;CO_da70dfa4d9f95ac979f9;CO_dbfb350a371620da034d;CO_df91d97b8518e7a95c11;CO_e036098e6275a99354ec;CO_eafbb25b3450ea7aac0c;CO_ee7e0264108d8ba198b1;CO_f6c8042d8d31ab2729c9;CO_fc6b5f835bfb2269ee08;CO_fddc599a3afe6c68b809,VO_8a778dd545d5dcaedd15,1,,,False
PE_c173a335fbc6a1794117,2015,6,2,ST,2015-09-01,unique_genuine_volume_observation_date,2015-09-01,1,CO_0894112f558d4962ff0e;CO_117019447c8cafa16c8c;CO_11900bd7941a3867c0a5;CO_2fe78f3a5504de1bbbd8;CO_4197947a45e5e649e8ae;CO_42768733c3311054f658;CO_4be84111a613654b3624;CO_4d4c1c36c59db173403d;CO_5876cdb8b0da289abd3a;CO_5d4f6ee8c6997ea38657;CO_60ce8c1b44857c68c5c4;CO_7b8b90bde57c97642ab2;CO_7e0ec17bcdca0fe3bb0c;CO_97365410e3b504d3e984;CO_9d1ef11e7923e54aaac4;CO_9dc6abc967dad3e2d115;CO_a56b9d31b61dfcac17fc;CO_b4738a70232802c6283c;CO_b5518d4f3fea8800f390;CO_b85485c0b481b5429116;CO_bba58959c32abe688d9c;CO_bd624e1f5ef3d2cf91af;CO_bef1552cfd69363c11d4;CO_d1dadbec2b05bed5cafd;CO_d6ee5b55230c1c6d9f63;CO_d818f221cbcb7016316f;CO_e905b8ca2cf3e36e77fa;CO_ea6e74b671e3aa7be141,VO_e52624d9a567dc7aee83,1,,,False
PE_c1edec673d6e55fe03b0,2025,5,1,MT,2025-08-19,earliest_valid_date_multiple_or_no_genuine_volume_observations,2025-08-19,1,CO_00037f39cf870a1f4912;CO_02c0b7bcc4d2aa75332f;CO_03b07ca887edb311bf70;CO_07398914761a0c88320a;CO_0753eaf90d583a5bf685;CO_078c16a1e55e9b1ed90c;CO_0c1c43111448b131d65b;CO_0d21ae129a64e1d19e4a;CO_1a960a6e60802712260e;CO_1b47bcdc56d1d3bccd86;CO_202ba861276c1f05082d;CO_229564f3468d060c7731;CO_267e7e4409b30aef9c55;CO_29ab8dd9bc17484c70b0;CO_2c6499976963e9832529;CO_2f562908d00ead79657c;CO_2fac394011e7d326f9c7;CO_3081bc7f2caf4077048e;CO_3189722cce958adc1be9;CO_3b0c6f9e0f558239ad0d;CO_4abe558a726429ea7914;CO_4d31f39d152f87ae0ffb;CO_6106ed9c65a244ed778d;CO_6320064497fdca4ccc06;CO_6352ef618f56393aece8;CO_690c4db056e43ca1024e;CO_706a70c1f003240fa9ab;CO_7a97bd7c734e623d61a8;CO_81b187544ef8734d6c36;CO_8888b1812b1b82a79621;CO_918212efda300e019368;CO_920c37d6464a8f20e893;CO_941977983c84dc3766f7;CO_9650eea23a70bd737963;CO_9977c3e1d4e3daf41db5;CO_9db878fd06dd7587a91c;CO_a43d0385bc15f6b0225d;CO_a9f9c2d6c1d3e385039a;CO_ac5e940b94a51609788f;CO_aebed4b116c4822b536b;CO_b26ac45aca5d09d6a563;CO_b6d740a5467734e21279;CO_b98f7dad337a57c1b9bd;CO_c66b8c38b0ad49a9bd21;CO_c70e8a8dbc45421e1b46;CO_c9c0d0bbde6dd8770a9a;CO_cdab03ef0ac1023980f6;CO_ced2d16d1a5223a0e652;CO_d8912eba4a0d0a84a3a2;CO_dce14a7ef0e2c4d178dd;CO_ec2f62c81490e1293397;CO_efeefd8b89611f07c397;CO_f334f8fedf9433aeeadf;CO_f5a18ef7156bae97b9ad;CO_f9ca4044fc874991a5d7;CO_fcc0df4b4cc5b19526a1,VO_11e6e01f887412f138da;VO_ee3c8475030b1b1d23ef,2,,,False
PE_c29031fe1d291910e835,2014,1,1,MT,2014-07-01,unique_genuine_volume_observation_date,2014-07-01,1,CO_665cb02ac3b3b46848df;CO_79e9a1c491be34ad9e3a;CO_88ab2405a5ae08f609fe;CO_a8054ef7fc192135dd8d;CO_d4ee9f58e5860574ca98;CO_d6f0c71ef0c88e45e4b3;CO_ebafc7f8530e495245bd;CO_f2adeac9190ca809f502,VO_0b00848923c3418695d5,1,,,False
PE_c32a2a3d88d9ec350dc6,2018,4,2,CT,2018-09-18,earliest_valid_date_multiple_or_no_genuine_volume_observations,2018-09-18,1,CO_2dc1d0bc63dfe5cec373;CO_332d88d62030ed158213;CO_3ec13115817a014a621e;CO_3fd7c0318026017ac0c7;CO_42f36df38d97592fd4ba;CO_66c2d265640dfd6d1a95;CO_74aa486106a183cdea06;CO_98dcbe34de2e0081d70b;CO_99a0b871c9047c4f5555;CO_9c3a1022a13fdd6bae73;CO_bb596efa9aac40c3f948;CO_c27ab1dc13eac84c9b24;CO_cc7d8d370b5de69b5369;CO_e50384be8c9fff00e2c2,,0,,,False
PE_c33b54f99c0ede44173e,2011,3,1,CT,2011-07-28,unique_genuine_volume_observation_date,2011-07-28,1,CO_02d9e4ba248dd34257ce;CO_0d02233b2626a00cc924;CO_0da728f5d368de45514b;CO_175bfb2b0cc8930c08df;CO_40480ac89b799811d17d;CO_4739ee3bd29e4f415da8;CO_5e854628e71ce1655265;CO_6b51d431df5d7f141cbe;CO_8e3309ee6bb115d603cc;CO_9b21b03d9048a5e6799a;CO_c9dc1fb0c089d73368d1;CO_ddf3ff7c110ced585a40;CO_e51d853d4508558ceb3a;CO_ff805620597e92258a4f,VO_51fed297660faf977c91,1,,,False
PE_c347d973d115e2a3ba3c,2014,2,1,MT,2014-07-21,unique_genuine_volume_observation_date,2014-07-21,1,CO_1762e88a8ec6bbfdd750;CO_25f9c8176cd7b186e068;CO_337afa43c02b74652d8f;CO_388c16ad2d39f35021a9;CO_607f6bfaff663e8ec9dd;CO_93654b454b7bc1eea673;CO_9652ec3b28f1be86a028;CO_cea3bd05d426fa966977;CO_e0698009ae491aa4a394;CO_e4f58984a4bdfc401ae4;CO_ebcc9efdc2ec6700a302;CO_f37fc7aaecaa4baa81f2;CO_ff2ccb6ba423d356bd54;CO_ff57b2908b9c8842d2ec,VO_adfb0a8002ba722e70bf,1,,,False
PE_c3597e2837d70a1714cc,2013,1,1,MT,2013-06-19,earliest_valid_date_multiple_or_no_genuine_volume_observations,2013-06-19,1,CO_00f7f5c26f42ca17edf8;CO_05e5ddbcc59eb669a2e5;CO_12b637dd6a40e81118a1;CO_2b66942700232f77e6d9;CO_4f272e2b15404e979f63;CO_6c31832091556f7a2e12;CO_72ec0c24e666a9ee6ffd;CO_7780e013b7e89f9e827f;CO_7addaafed7639a12d834;CO_89cfcea2d8153d7140d1;CO_8ffbbe2d0c2fb7a879a8;CO_ab4c997c412ba2b34ce8;CO_ae50aa63289c6ea57b1a;CO_d6d824abba4afde81129,,0,,,False
PE_c3c22e6072f6eeb66ac2,2012,6,2,MT,2012-07-25,unique_genuine_volume_observation_date,2012-07-25,1,CO_0252b081bda70b478f01;CO_05f336ad681e97887ea5;CO_15aefc83749af078486c;CO_470e4e3fd63c407a92e9;CO_50a0cc058fe24ad2c320;CO_6a6581ce785d28e72b3b;CO_6bb731a8009cb35b9e9e;CO_6cf57950d3bb40eeee9a;CO_ae43b81d5073940c6788;CO_b2c8e6d23d512b709af2;CO_bb0f83ff09a1cf1e1ac9;CO_c5202080402c2600b871;CO_cbea5b1e12b21764626e;CO_ff5a1ae012afa5d4c889,VO_d63ee7f04811485f44c5,1,,,False
PE_c409fdcd758dbf3b86bb,2022,4,2,CT,2022-07-27,earliest_valid_date_multiple_or_no_genuine_volume_observations,2022-07-27,1,CO_0fc1d5a61ae16c6672ec;CO_17e07e2750f3e5656e5d;CO_3646e8f854b0cfc7a347;CO_41a5bf614853fabc117e;CO_4f0bc638025a14a9a76b;CO_5c622dc4d7c7eba580cc;CO_62b6e02ebbd465afb4b7;CO_7595dae9cde82218336a;CO_a1ec6a90e80323bd3541;CO_c2de8de25d44716bdd64;CO_cf8cdd29b211d1205586;CO_dfaab096bd21200516e6;CO_f06436fba104193e1c43;CO_f8b6749de83f78bd29b5,,0,,,False
PE_c488be01d5dbff565ef0,2024,1,1,MT,2024-05-15,earliest_valid_date_multiple_or_no_genuine_volume_observations,2024-05-15,1,CO_04aa39fcb509e7842f0b;CO_05d6627dfb3dba2de925;CO_0ee8a4188cd4fa518a64;CO_1992a7b5f8d06c703f80;CO_19e68d9fe08f7c4ac189;CO_22d04f665519fd8091f8;CO_23309eb9547ed2286abf;CO_2f6543dc6c0e06e4aa8b;CO_32768dc1b008847fe7bc;CO_353c5f2735d336c940f6;CO_3b96b9d2dc7cd7d338d7;CO_3d34f102d1708fc5edd3;CO_4259fd93fdbcef45ecb1;CO_440a5f172610e2fcfc71;CO_444bd2f66fdc237b4daa;CO_522e6198a268c62c01c9;CO_5260cd4311e338d840e5;CO_557fe9494c53f97663a1;CO_5c0b1ae7ef3b0e1552cd;CO_5f9e5489871b8a643366;CO_6248513ca181bb385274;CO_6377f13d75cae9f36623;CO_6a2051cf3a25bdc1d155;CO_6cb6d4b2fa122bf8bd63;CO_6e7dcabfd291e8197423;CO_6eda262ee971978b3bf1;CO_77ac7d024218f4f32ef1;CO_7868ed2d1104518700a0;CO_7de8349cd0142cd9cafd;CO_821fdcf0290f03750f6d;CO_82572b951646e3f43158;CO_86d3626620477fcc9ba3;CO_9199cd4951eb518974d2;CO_96cead450e754d3457bd;CO_9955ba02fce2ca9078c2;CO_9ae07e2fab2603e3179c;CO_9c9a60de5876fab9bf3e;CO_a7dccef9ce1ae31c49a4;CO_b4dbd3477a3eee4950f5;CO_c3f1664fcc97171fbf3f;CO_c7d8008f33e5a287b8ca;CO_d1e915d03c28fd015ed5;CO_d212b2ac736e3f60408f;CO_d492b3655ccbfbe2bbe2;CO_d5803b727b411563b3ae;CO_d642822b369cd5e39817;CO_d6acb3c1a79e57bcc03d;CO_da9d2b79c84bc1e8e257;CO_de498b9901677f58da56;CO_e12868d1f3963e0e1129;CO_e1fc72b4d465a7d03830;CO_e50271b2ab1592e4586f;CO_ef090134e19f4e9921b3;CO_f1a0ccc13adbdd2765a4;CO_f50f32e3c5c67f796648;CO_fadb90c1c496f050cefd,,0,,,False
PE_c4acde3ff39ca34f7f1d,2023,5,1,MT,2023-09-26,unique_genuine_volume_observation_date,2023-09-26,1,CO_01a0123885ebec5b37b5;CO_0df941cb15369b971a34;CO_18c1e67c850703071585;CO_1b0da4a7db331fce8fdc;CO_1bc1a83f9bbfbbf9cfb4;CO_1c3104097dbf66e9fed9;CO_1d2db6db4635c05a0902;CO_2720d8d6d1f50aab7929;CO_2a31dee3cd372662b4b6;CO_2b8616d58aefc4147ff7;CO_2baab0452bed0c8f2d0c;CO_2efc2d1a57a9c808c611;CO_34a6c02d8e9dd2843331;CO_374313d96f3fe2b592fd;CO_408ae596784e336f141c;CO_41ef109e70a58a12aa88;CO_426cafad1c4f7f925004;CO_496340ac78217783393c;CO_4e5d36c6eb45748da47d;CO_5c06e46c5e47cfacad16;CO_71c23d9658cc82f4eea1;CO_71ef4600c68f2a8e9bcf;CO_76e861eddebbd0ff0e06;CO_7a84ae249fa744b8c1ac;CO_7df51bcac826331ed95a;CO_81d566fb189d53186558;CO_8777a042ad5f4f5a8d4a;CO_914c948388ae30bdb017;CO_92eaa78ed610b043cc8f;CO_99e0483fe4acdbc71d27;CO_9e73e5c860fb60aaaa9c;CO_a08926502ba797de36ec;CO_a09d026a2d76c6e9f6fa;CO_a4851e4b87769c0adcd6;CO_af5422f824076084bed9;CO_b47f1606518fa8276ca5;CO_b480ebaca8524fee45f0;CO_c3aba2c5aaffce50be36;CO_c8c817e80216ce409c63;CO_cfa7a16b9bab6572aa59;CO_cfe4559df3950d6fbc7d;CO_cfeedafff74c2c2e32da;CO_d9019c410379ed318ee4;CO_d96726583534d66a4010;CO_de36e013f13d03404dd8;CO_deeced0756445f4466bd;CO_df28d2c0bb6264abffca;CO_e2c1a5cc10bd89430cc5;CO_e78afb1cad622de5660f;CO_edbad80a93adb5830afc;CO_f1ee138a18946706f04d;CO_f391e014b2ee3a429552;CO_f49fc8756a1cb124c44c;CO_fa5b4360fb104c4d6b51;CO_fbb4b51c46ecccc62d92;CO_fe7a4e450bc1b7f35f27,VO_69a7ade82cd31ec915dc,1,,,False
PE_c63b91d3075e6834f32e,2025,1,2,MT,2025-06-30,unique_genuine_volume_observation_date,2025-06-30,1,CO_016f6a283da4a0d09e61;CO_07816df1ab984ea0a14d;CO_0bf85f8f318b0aced9fc;CO_1b2267297dc6d4f905b8;CO_3444765fb503d4c8b0bf;CO_35450dd5d1679ba0e2b0;CO_35636e715893cc9f678f;CO_36596d03cefef923a43c;CO_374224fbb80782ef115a;CO_38f47e05c354c18a2b0d;CO_3eb19a2c641a87726fef;CO_41d6ee66737219abd20c;CO_431543f6ef671f31aefd;CO_46519d64b6f9bf1b9644;CO_4652614c4d8778e57a97;CO_4eae2d460f24a3311210;CO_514c9ae59f601e841cb9;CO_525cfd02ce6f836ca4b1;CO_5b7fb45e8435b428510a;CO_61d8c465a85f889fd0d3;CO_631573a9e87b8b5b680e;CO_66363b2459052eedec7b;CO_6953c2a883537cc80135;CO_6b32c01a019bd349ff3c;CO_6e17f7196e0c75a2c25d;CO_6f49b07c950c34134dc5;CO_73e7f3f802b0e9191828;CO_7f085999695637d81fe1;CO_803fc40da91a4b7ad108;CO_899fe985e893b124dff8;CO_907cfead4ffffecf1356;CO_9416a40b88fff19d0365;CO_9622b0acb1ca5edc0387;CO_9aa3cb6ab517a4eac515;CO_a0119e19d7f710c15872;CO_a0a5df5022dc9c2fc77a;CO_a8eb7b237adc9cb14452;CO_b471aeea26820f379ea5;CO_b4955c3498994c8218e8;CO_b978553db8fafbe29ce9;CO_bcb2c2ec064c43eec72c;CO_bef43eed024c7845c7c5;CO_c9bc8558b5cd8945ad94;CO_cba8e6252ab5d5b8b2f0;CO_d168cb88c31ac8bcfcf0;CO_d5e685b3b18e8024ec20;CO_d66164b0a45f11197fa1;CO_dad11be29e748ea36162;CO_def76dbc0fbda59d0f25;CO_ee7f28fec27a3a909598;CO_f24e819d0999cd9c9774;CO_f406f0abab9477c96662;CO_f4219727282989a60917;CO_f58a468c32cb2e8370d7;CO_f8f7829ee6f860c7dd0e;CO_fbb2a73b0bacf3953186,VO_8da8db6cf09e2a6db97b,1,,,False
PE_c67a9e43f22b05bb8d70,2017,2,2,CT,2017-07-10,unique_genuine_volume_observation_date,2017-07-10,1,CO_022284656edac8625fae;CO_07f7a61b7777ad5fa4dc;CO_0f6004b615adbb8aec46;CO_20e9c64c05a54d199610;CO_226f76b55acb49701e06;CO_2b242e622756a3178c15;CO_3b1a550f21840173e601;CO_3d84db9802363338ff31;CO_487e4a2ed2f8e9b2ef24;CO_4d939723aee58df1d4cc;CO_577f5c091150c984348d;CO_65b38055dce657be0df9;CO_6678394ac11e55af26ac;CO_6cf5896600cbb072644f;CO_726ec906a90da1f19f31;CO_8faa834d6d1f19e008a6;CO_9ace4ea60d2af063877b;CO_a3548d64df7d2c4eeeb1;CO_ab2a4711117d0c7bb2a8;CO_ace034cf76cd1fe10caf;CO_ae3fd9fab08a6cb63cb1;CO_c59821ffcb528b5ab1f2;CO_d1710e41e0ade051d57d;CO_e29a475527ea5ad7806d;CO_e3913b66f36fece2b593;CO_f0a71f665f90d70a974b;CO_f49a4a1311cabaf119e5;CO_fd53efd8940f305f79e2,VO_997cd48818b0aa154a5b,1,,,False
PE_c6a22d9daf9658c76f8d,2017,4,1,CT,2017-08-02,unique_genuine_volume_observation_date,2017-08-02,1,CO_083deea4f628f1db6806;CO_09a0dcb0bb26cd0c32ac;CO_0bba869d7f392cbcaca6;CO_0f16da7eeaeb7e641f15;CO_0f9305fb9daaca6e9760;CO_169a495eb426c77fc1a5;CO_176ba6ef4760546166a0;CO_219d3eb88915c02bd530;CO_2315bd64e75a34654168;CO_25e16cbd45433fc6878c;CO_26952de3d849c33fc006;CO_298647699bcb31c22e6d;CO_32b39bf12b85ca3a243d;CO_40f7da9e285605228c12;CO_4e1a87c318200fe1c12d;CO_556d7dc3a115356350f1;CO_594c158b03956a090d67;CO_5f3859f1591bec2f893e;CO_7104741a92e73eb6c5d6;CO_71f79c8da7d3de78aa63;CO_736231f4bab40cd50d09;CO_776dfd1bda90419dffa6;CO_7b4261f5afa3de11408e;CO_8259110dd5b2c9064c67;CO_898080001ad1b33d6075;CO_8c98b6dde8922cbb0830;CO_8fd238119777a31e5950;CO_aa0e717e8f3acb9bf692;CO_b0d590b1856a5932562a;CO_b1247fd1e7e6320127d5;CO_b6e89f541fdd65a38274;CO_c344fdf40e328b7856fd;CO_cbe52a3141e613d876a3;CO_d8a9cdc082d684b19935;CO_d943da81dc4e924b0d64;CO_dcce7a9a1b433712b2bf;CO_e408bd948222ee13f842;CO_e56fd4d103751c5d8ce2;CO_ec6e8ec51658fa3d2e61;CO_ec9b8e7a0da6fa1d24eb;CO_ed1311c37511487d38c3;CO_f8a3778c87f3deb1a648,VO_580aa2c3440790073e75,1,,,False
PE_c6f4076701513ce44077,2023,S1,2,ST,2023-08-01,earliest_valid_date_multiple_or_no_genuine_volume_observations,2023-08-01,1,CO_045784691835debe9fb8;CO_36acd0a5496ff49c37ff;CO_3ab57220f1f10003766d;CO_3e9810d6c42015a74216;CO_406db3266689b5c4ef02;CO_46e3af8acbf86e9f411d;CO_a91b21e23dd3b8cef04e;CO_b191d203978d17e6fe5f;CO_ce2dff9495a5db492324;CO_cf80f57c9594bad01e38;CO_dcd71bc1958b01cb5abe;CO_e62f09248c3547afd42a;CO_f24f1a64b591544a8712;CO_fb9b2de925b832f3e1f1,,0,,,False
PE_c7e10f3a52f813c6a07a,2017,3,2,CT,2017-07-21,unique_genuine_volume_observation_date,2017-07-21,1,CO_1038e0b72d98745fac0f;CO_16ff58cc7e1b4252f8cb;CO_1900b07bf0e92e677244;CO_1ea65ea38f2f574b3875;CO_223756b404408b5a3066;CO_2b910668f6f93ac55ec5;CO_34835db382b8c78f1a7c;CO_40dd2b010d461c24e487;CO_43e90a5a0183d2f1121d;CO_4ab75b931e46eda84e38;CO_54033363ec6bf8d4a8d2;CO_575c50a4d8bb45d72984;CO_6c370f5d4c81f6890cb7;CO_891882400f1dfae171d4;CO_9e11c362bc3d3572970b;CO_adee33e8ce4bbf352668;CO_b43a0433ebcd4615d10b;CO_c2d735ed61274b73ed20;CO_c45c01c3885bc0866695;CO_c6938ecbc53eea1f6bad;CO_d44ce374513f092daa6c;CO_d5f3ddb249fa3d2c27f2;CO_d90677584df85bb39960;CO_e209f7b7bfe0f9ccd9c6;CO_e305f88bde4331f5d180;CO_f0143c0f7af3e5d05672;CO_f10d342ce63e0d2d9cd9;CO_f596dc40b19f77eede69,VO_32baccdf67567c327922,1,,,False
PE_c7ea31b20b60ad1966be,2021,3,2,MT,2021-07-30,earliest_valid_date_multiple_or_no_genuine_volume_observations,2021-07-30,1,CO_005fc4185b4f6096a1c6;CO_0604cd3138feed202ef2;CO_092f9c63081260484a34;CO_0add68ae3f397f1a7788;CO_1158e7e12c5e7362318e;CO_1e7481f87075df855b80;CO_338db67f8c60690b8cb6;CO_3da5dfd4a608395b8b62;CO_4458fdbe322e2b97d18f;CO_52293f59a334ad6f0052;CO_56fdd26be54c9d55149c;CO_5dc09e3f0c39c51e9fee;CO_68722dedde84631c45b4;CO_6caf8cb7c55f641e46a0;CO_6d86b711862a6a0e6acd;CO_751965f4d8a6e3fe5fa6;CO_76ced5b53829bb4ca8ab;CO_93495fae156b676965a8;CO_b0f40e2bace115cb1a24;CO_c3aee2052f262f6007a4;CO_c83476e39f7dbae15db1;CO_cb9f40538f1c11085103;CO_d413a4731e3205dfd986;CO_dcc29e4daf71d69ed930;CO_e83a33c58345ed887dcc;CO_e87b026b7cf60aebd549;CO_f7ad345930f818723c29;CO_ffb8a68d5b41cb3e233d,,0,,,False
PE_c8cfe41007225eb1567a,2012,1,1,ST,2012-05-15,unique_genuine_volume_observation_date,2012-05-15,1,CO_48f4befdd8844e7879e7,VO_6171abf2c7f37154754b,1,,,False
PE_c917d3aa7638a95ddccd,2021,5,2,ST,2021-08-26,earliest_valid_date_multiple_or_no_genuine_volume_observations,2021-08-26,1,CO_08b3cf80a8255d002e12;CO_0a494e6d3ae552e9160d;CO_0e74fa5f84db6f9d5f38;CO_0f9e99aa4268f1b84356;CO_123578699359aa21e09a;CO_12b0df1855d0df7d1078;CO_1ae9a2e7007bd2a6e172;CO_20ca98162ba780883712;CO_244299ef105195cea3da;CO_247e30bf3be60b404153;CO_2a2005a19dd5b0c04841;CO_2d86377d4cc3e6c85bab;CO_3437d82378391830550b;CO_36a563bf4749a28e870b;CO_38b3642ecec1db9936db;CO_39c2971d4a15358c25a8;CO_3b040bdd21634e7a8d08;CO_3c57b523e8abd5af4cfb;CO_42d784bbb0d070fdf6a1;CO_453afb3d310def9d21d4;CO_4c61a70becbc2a160646;CO_51984e3434d237fd36d1;CO_56371919904980563edc;CO_5920f16d3d80af59daae;CO_5cd53812071ab9bb11d1;CO_5de664ef205f95d4a68b;CO_6ec1a74b790eb4d9e7c0;CO_7071b48f04c71a3ccb5e;CO_71574e147fa152ed7ba1;CO_83ba9bed955097efa40a;CO_8cbb651bd825ab8e418d;CO_920232613e4a67a07d6c;CO_9250b95a524a0cd08356;CO_97c2313042d34423fabe;CO_a07e64a2cea4932cd9ed;CO_a5d38d19bfe4e1679d0d;CO_aa1240711f502996503c;CO_ad902409795655b93688;CO_b3dfc696bb0a50080a04;CO_c31e589ace36ee9cfb1b;CO_c4c9f099e7a471df3389;CO_c73e0da9ae79c7cc8aae;CO_cab5eacb9fb59868a37f;CO_cbfa4719219fc4a553f5;CO_d11501b090fb2749f2c4;CO_d9baaeaee4c49d09013c;CO_deca4a03814c2533efd1;CO_df936119b4543c7af155;CO_df979f8f4738e382b5e7;CO_e3687e2a32b9939f0782;CO_ee7e99405d3d9c32eefc;CO_ef0d2e96b08cee59a355;CO_efc85be4eef3fca270bc;CO_f393ed8e6e581fb69cfb;CO_fb4f88fc5a3060562749;CO_ff1326b1b624a8ad9b86,,0,,,False
PE_c918bf0b868668efb5e3,2024,3,2,MT,2024-06-12,unique_genuine_volume_observation_date,2024-06-12,1,CO_023e33504ab909cf87a6;CO_044c06ac12dc9063f4bb;CO_0b097d7ed007ddd63b2e;CO_0be34eca7a5bbe9115c9;CO_0da43cdf1450379df994;CO_121076a4131f0eb802fd;CO_13e0d2a0568eed190bb9;CO_152e69cf3c8e76c8d8b0;CO_15811bd57b46d0025f3a;CO_1b5c3adff66e91951d10;CO_1fef5a401be624624ed7;CO_21515b45897c411db7f2;CO_2f84035610deb9378036;CO_404614dd222177c30ad0;CO_43f64dc77762f69f9f52;CO_46e67c525617663b392a;CO_47d2fef540106ae25dc4;CO_4ddc4754c625a03b423c;CO_4e936592f171907802de;CO_55595a6e5cfc81858117;CO_5b2e9cafaa50f27b634e;CO_5e61b431f3823da05836;CO_60cafa03272449d4129f;CO_67ec8af5fab2bd194413;CO_6ec4fc481372943e2f89;CO_74327943f791e17b6081;CO_7523c9c2844bf4ee5b29;CO_7ca6e553d93c6607eedc;CO_7d147b1c41150dc0b4f3;CO_7de94907fb2c4b570f04;CO_82af498652ef41247a70;CO_87c9936fd15ce204f52e;CO_87d6d0a52f25b8f43413;CO_8c3a4d4bd517e78206c8;CO_8cbd379ad47781e6299b;CO_9483ae0785a71801341a;CO_a07eccc182c743a46ab8;CO_a3e5a77666abb28f84c4;CO_a77aacbe9f40b960f602;CO_a8c42a5a10da46f05265;CO_a90f36007fb31dfeed43;CO_ba006000a707f53e298b;CO_c28d92fa2e856abd3778;CO_c8c9cad7b920b50f7138;CO_cb6833f2df5d21e6f22b;CO_cc1acd99ace85a8a5250;CO_d30c5743c9a0207c21f6;CO_da6e2f539726fabd1f8c;CO_dccf6929757962e6ce09;CO_e8bd7957a6e9cdcbccec;CO_f0e6a61a0b0037aa1287;CO_f1ea79cf6758e5ce6c45;CO_f476ef220e571593579a;CO_f54e78ccbaeb784adf2a;CO_fc9fe956873cfc30c29a;CO_fdd5b899b3f6050abcaf,VO_ec6e3cd07a00dfc29178,1,,,False
PE_c9875bdbbfec951204a7,2023,5,1,ST,2023-09-26,unique_genuine_volume_observation_date,2023-09-26,1,CO_10e4e7caf8b078429bb1;CO_19ea865bcc1b5d90ecdd;CO_1b36cd7951891f387e1e;CO_2044b67a2b897900c9bf;CO_236308af6029b1ee7661;CO_23e2c21019bd22649075;CO_270a9a7d4ddf47d48eda;CO_2a891a20f59a24584d21;CO_2e355fa8b5acf07f4608;CO_327395d36643d906dc65;CO_388587a4a0ead8078e89;CO_3a1e774a8ea4f3f402fb;CO_3b078d5399f05da99e7d;CO_3f46bdea034f311a14ef;CO_43a0298ed7863ce8f45f;CO_46c1776477b5d00910ae;CO_48f599a9094eb9a4fcd2;CO_5f595938b3b97501eaa9;CO_6c600dbc187cf2990e20;CO_6eac02c2ab0dc9378be8;CO_73e7680610ab579a4cc8;CO_75567d38a76f47b16620;CO_7a9b1b9dd2e433fc1fc9;CO_7f43e673fcb2286eaa52;CO_8021cc8e4638aad92587;CO_8182553da16df7cc82de;CO_8672a05a37da52552dc6;CO_8aab8fb5f1a95db34508;CO_8b4996fd4a080fa184de;CO_8bceed0f1d74b8cd45d2;CO_8cd412b2cd8883163000;CO_8d8538e7cbbfed3cfe27;CO_98c94daf4e5bd960b618;CO_9f91a42ed4b0f72be9b2;CO_a2925bce5c46c7ee5b25;CO_a7d1f83b13cdd26e7cfb;CO_aae49ea590f262f6ac48;CO_ab16ce326c754df41ed0;CO_accdd017c68930a3f7ef;CO_ad4482a76b4a2e25de63;CO_b57d0618b4bcdc1c1520;CO_b6382ae39dbfb7cbea95;CO_bc0c6c4258070d39dd76;CO_c6f5c46f9e3daea6422f;CO_c74c3a407f056d18280e;CO_c84afb49d751c022b8be;CO_cd26ce3d3b4f1b121793;CO_d0f1fb558ece3eddd9e5;CO_d902d1c684cab073526f;CO_e2adb107eca7a403e91b;CO_e76fc8f96f18079de663;CO_f0f250b303d9994d2d71;CO_f2ce16448e901cb84a7b;CO_f6543e952ecb93fba1fa;CO_f8ace8696f29b73059c3;CO_f94f4c61979699252ad1,VO_a3d80c35a0fdc9dfcfe0,1,,,False
PE_c9e73ef1dabab1e96c37,2017,1,1,MT,2017-06-26,unique_genuine_volume_observation_date,2017-06-26,1,CO_000c15d0ea8224c9649c;CO_14af69dbec3e6116a57d;CO_2bc164b383ec4cdbd02f;CO_2d98306af4dba363ad49;CO_3b9b21ac4770d6a10a27;CO_41dc855c0b1d844773ec;CO_6d9f4eaf4b640b1ef6a5;CO_6db6eb4af1e18ab81d38;CO_7cb676d57114874e00c5;CO_81e3115919b4a97b3a2d;CO_89646000c155c2e268e6;CO_8c45782d73bc4a72188b;CO_8f045373f3decc3d2dad;CO_9024c0f0c8bb5c897bd4;CO_972d1e28328faff12686;CO_a8fd7dc0e1bf71874f7b;CO_aeb902a19e48d899fc55;CO_b52b378cbef9d95e5b93;CO_b838f5e640f108e4f3b9;CO_bae4f43d862ca07082c0;CO_d8836aa281d013ca2322;CO_d919054469d4fbaf10ae;CO_e359ab296b5bc779690c;CO_e695386731558526b18b;CO_e8026bda3ea2eedc7dc7;CO_eb72d6efc1723e0fd7d2;CO_f27f4a6236a87083d1d1;CO_f55a558da2cc1c1f6f70,VO_dd5e4b0114d2ef5d8dcb,1,,,False
PE_cb43e2ed756f1f7b6aba,2013,3,1,ST,2013-07-11,unique_genuine_volume_observation_date,2013-07-11,1,CO_0c8f86d7e62776666e66;CO_3504a42dccf2276ba33c;CO_46437ab18a6657040b45;CO_60f1fbbad6b32ffbdf60;CO_718a54c47f059f743881;CO_875ec5e3d485ec708d8a;CO_8eb3c83c22ecbbb21518;CO_9bdb2af6799204a299c6;CO_ad0d7f127516cc1330d5;CO_ae9123de2fc403666c9f;CO_c59ba22287efed2c760a;CO_cb2cf4bf26a836aa5a87;CO_cd9d4710b07c1bb5c87f;CO_d10a5bdca9f228ccad60,VO_ff53325be25cdf175126,1,,,False
PE_cbed8a7088e045d7b553,2012,5,2,CT,2012-07-17,unique_genuine_volume_observation_date,2012-07-17,1,CO_12dd97477d98d2ed838b;CO_23cae6011e1787964624;CO_32e76c275e258f66e4dc;CO_40b39ea6c2159767b444;CO_6bc6b0f5d2fdf8c42915;CO_6fdafe6ba598ea1f8606;CO_7541217c68cf3bef077f;CO_7834541aeb2127e4e67d;CO_973d94870ea2543da0ae;CO_9dec6a96c55e8889c1ff;CO_a19668e8a412480d84c9;CO_a27d23ba80488a930cbf;CO_d8f548dedc438e25dabc;CO_da4ea2a5506f2693eae1,VO_240487e0613d1b407af6,1,,,False
PE_cc030c89ee5b8a7462b6,2024,2,1,MT,2024-05-30,earliest_valid_date_multiple_or_no_genuine_volume_observations,2024-05-30,1,CO_051c2e380d07844ffaca;CO_062f50753b9095ee2eff;CO_0d8be8cfcf9aa1b7fc94;CO_17e34f6c328700a4e9b3;CO_18dd65bac0a725f63ab9;CO_1e0b605fa2f516aeb49c;CO_1f7ebbfc9f6bdeb285fe;CO_218ad0f96fc11e7aee67;CO_2928e19655343ce1fd9d;CO_2a4dec7808a09075723e;CO_2f302204c451cd9a0d9f;CO_3b5523e4c89d8878ec3c;CO_3d49ab508c58b7a14622;CO_3ee51d04715939ef0e49;CO_464a2f95086649153b66;CO_48deb732e8de8fe7995b;CO_52bb7cc738dbf5e5eee2;CO_52fdb3be244a2dd6a54c;CO_550438f15e5abf7dc941;CO_5763aafce45eb22c277e;CO_5b7c4e75c9485e2e988d;CO_5cbcdc58b3d4a16e5715;CO_66dcb4a67145fb498339;CO_6df19f8eb4d4bfe8d47a;CO_7c508dc5b5da21da5fa4;CO_8626c49437961ed8e8ff;CO_8a9a02d73aeefd97306a;CO_8c3c9e1971d1d739af20;CO_8cc87015b08cb0269c30;CO_93f999005da654ab21db;CO_98b7d6e81d8c304fd21d;CO_9bd30342fd4a4f9255f1;CO_9d9d2c2fcdcd70b0fe19;CO_a78f19952edd18bf02b3;CO_aa0a0708fe74b043edef;CO_abd2edac5b4387a647c5;CO_ae960d8860e815ccf45a;CO_b43275a39b40db6fbc12;CO_b543b2a3edcc48cc0f9d;CO_b68f7a167ad7b17c4e92;CO_b8dab8a0987fac0dbf07;CO_be02a0322c46cb71b63f;CO_c15195e527aab50976ac;CO_c1ee712bc23059039ea2;CO_c7541a72852f3563305f;CO_c7f3d40b7198444d41b8;CO_cf3b5d776c37fa3e6d0b;CO_d08575a3e6506109c05d;CO_e382442948752cefb2a6;CO_e4ac7c04eba2bb01b47a;CO_ea4c5d4dffddf21db884;CO_ec5539121d08e1f0b6e8;CO_ee0015c94a62a9787b4b;CO_f0deff08f8b83f9d7e5e;CO_f6563999cf206aa7c011;CO_f7df34ce0a0ad316102e,,0,,,False
PE_cc5627c91253785c0d98,2012,7,1,ST,2012-07-31,earliest_valid_date_multiple_or_no_genuine_volume_observations,2012-07-31,1,CO_0b8d7cb09e683475be61;CO_2a0107774dd2becffa07;CO_2fe69332fa59df4034fe;CO_35b16d1551492b3eac12;CO_408750da3f14b5c8f446;CO_566c660bfabe0ad718ca;CO_5f0a64143ad57319772f;CO_92f2eca62b6d7b76d1b7;CO_ab58ad627e6b1b11fc49;CO_af2d922d75bb8495d0ca;CO_d8c59a18c8cf6a6a6916;CO_eb624dbe56eb6620ae62;CO_efec9aaf21433bf806e7;CO_f39d455f5d38907394d6,,0,,,False
PE_ceb9c23bc0db5be24388,2022,4,1,ST,2022-07-26,earliest_valid_date_multiple_or_no_genuine_volume_observations,2022-07-26,1,CO_00a34678bbaf68b3fbe2;CO_05758cd3875ad2171484;CO_09c8798b150c5a2e68b6;CO_0c77ed341492be1ab826;CO_0f96adffa837c67a62f7;CO_155add458260ae25933c;CO_1a4050a4a05b3b797c53;CO_2b5b537ed3403dad1452;CO_30f085740adf3cf46077;CO_323b4f3c0dc7a9692e81;CO_4ea0b544af425a973835;CO_524148f24802f8c68974;CO_529939d89761a09bae26;CO_5366ec7df49331f43da1;CO_55f0124bb79f5c53d868;CO_5e018bd9528413e73a4c;CO_60cd0b2c1ca276418725;CO_64373b8be1b419b256e9;CO_6a6a93367e7d0023a00c;CO_73c173325e4f67eb4e86;CO_7c1c2745ec0ebb049fcc;CO_82972edad505fcd71e37;CO_86012532efa70d295399;CO_90b0ce469fbd8e30a286;CO_9ee00ea72efc54d7273b;CO_b28bb581f28c6301ef37;CO_b344cb621c5c3244aecb;CO_bacdc0b94ac048c7e011;CO_bfea46db09aa46da5a66;CO_c086d47afa459bf2dcec;CO_c2d55f643990ea1f13f6;CO_c3757fba09dfc214a402;CO_c60e2531069d760043cb;CO_cdd39077f0905835006c;CO_cfcd8cf0ca3f8b6045df;CO_cff0e3db64d0507c2c62;CO_d65c42f5766da0b94a73;CO_f5884b3c1784c8860e9a;CO_f7fb266fb255edd8726d;CO_f8a7ecdfa85fd8bada5c;CO_fc71d51aa86e9fcdeced;CO_fcf40aad4b47bd255955,,0,,,False
PE_cef31bb952fb70e29aa3,2018,1,2,MT,2018-06-28,earliest_valid_date_multiple_or_no_genuine_volume_observations,2018-06-28,1,CO_12e2c8df501501b2bb53;CO_1fcb898a0aaf228a69b4;CO_25633ae9c1f96e848da7;CO_3176eb05f92b5929b620;CO_594c3876d1da0613e5f5;CO_5a02ef00b4ef9b912733;CO_626121808897e4590006;CO_685506c6200d807bafa9;CO_788fed4cefcf457afc69;CO_842cd85ae6d47247618e;CO_893cb5b1a02d4dcada2c;CO_ace104f589733dc0c622;CO_c069c53811124ed06a24;CO_ee14860f6bd0506d9d15,,0,,,False
PE_cf4508303fbec7c40fe5,2016,1,1,CT,2016-06-07,unique_genuine_volume_observation_date,2016-06-07,1,CO_091d21aeebd0d578eb03;CO_0ab1922f8f4a8108c9d8;CO_15e922d2d8a00b9abae4;CO_27995993191887fe707d;CO_2a1d1388f992dbcacd05;CO_2f4011ca31d756ee52aa;CO_387c447c4e9503163ed0;CO_3d3f6ca967cfcb89fb92;CO_41c54842261c45f5a831;CO_64251bd579343ef10d7c;CO_66849e29a8eb896b7e92;CO_69ebeab6989b3506df08;CO_6aa7d46a7422b6d6c5b2;CO_72353f3e1b10c9a39709;CO_768b84ef05f655d57fe2;CO_a2de21b4327dde0e49ba;CO_a85b8ef2ea24b79ba2a8;CO_afa084e37c9a0d0cb35f;CO_ba733a2bc3efb152c8d4;CO_c655d4bbfee8bc14b6fa;CO_d4e45346a71c4e4b97db;CO_d50a0cf19bc34c7e7319;CO_daeb96ce8d169c2a9b95;CO_df501e7ad9bc5e2189af;CO_df716328478a5668a391;CO_ea5b27556fbb134def2c;CO_f2c9a98106fe1bc0fb72;CO_f3fc4fc7ae34fab1ec7c,VO_ac7dac7a5c2662cdde91,1,,,False
PE_d03c293a07504dee9823,2020,4,1,CT,2020-07-22,earliest_valid_date_multiple_or_no_genuine_volume_observations,2020-07-22,1,CO_194af3b3d7b007443c26;CO_23414f25715386feb37f;CO_4a1694ef8899c4cf119b;CO_50a0a04f2d67b4a26d3a;CO_54d3d871d13ec0f02302;CO_66414f7e5ee5fb427208;CO_70109d7e8952f83f7cd2;CO_75a1cc5a951382282fdd;CO_7741a789c26b5cd4d6bb;CO_8fede10d5ed24a983203;CO_98f1f17f9a73ccfe3e25;CO_9b3eee3a3dccabba4ce3;CO_9c55b07c46330c6621ef;CO_a053262db2c019c62e93;CO_a49e54e5732c1d43aac8;CO_a879f98b2a6f046249d5;CO_aaf01d71b55e51b1a305;CO_ac0c5919fdd7b82a2b43;CO_c5226b8f31eea1699e3b;CO_cdec49fc280175bded98;CO_d931fe4a33ad82c1e1cd;CO_dbaf899fbd964344fefd;CO_e5f957560a7ebc882efb;CO_e86c18c2174e40300ec7;CO_e9fcc34d4cd9e9029fc4;CO_ed514b59abaa8dfd8ccc;CO_f283264f7c7e2d99cdf1;CO_fac563cbd21080a2c322,,0,,,False
PE_d0a561512025e1d2770d,2024,3,1,MT,2024-06-12,unique_genuine_volume_observation_date,2024-06-12,1,CO_09b48c75998cdc00c072;CO_0a95ca5e3efad73cd92a;CO_0ee3bed96d8d73c834d8;CO_15d84d60575e5e65ab3a;CO_1e2ea2a0a8f4aefb21bf;CO_1f532f6e84d21a9a6f01;CO_22067cf703f398fe8445;CO_257e3cd0744845b83c0d;CO_2721e756f7cdc8a4eada;CO_29b159f5ad5a0c8e56ba;CO_2af8215f2caa0055065c;CO_326872988f8f960c27fb;CO_343a813f39acb70350bd;CO_39be946bfc40d634754c;CO_3b85312136211437cb57;CO_3d083604fc11f07b9299;CO_3df3cfba745433b50298;CO_3f9eedfee4832f7daaec;CO_41667f6e2629360aecaf;CO_483029d526219f816e8e;CO_4a5a354449e862e8e559;CO_4ae939e7402c8061d8ec;CO_4dd6251d5060ed98cead;CO_4e3c75d88bfee43f7c37;CO_52144ce705561eb2770a;CO_6058ce19ef73825a2858;CO_61c8c02fec1583bb26fd;CO_62f6d46c48c7d9ff3d09;CO_64d94c866dffad6dab67;CO_6f6a4e56098cfd9af29e;CO_7845069dabd6402446f3;CO_7b805c64f6e0e9659d24;CO_7d75f3378a37b57a4c13;CO_7e66cb9f3e58470ed2d0;CO_88267e1b14da78f342fa;CO_89372936f4b09f554507;CO_8f9482d77bfb462277ce;CO_917927c0c341c3dfde3a;CO_931d2d38860931328dab;CO_93c685af6802e94c1863;CO_9ba6443e0b5804a0734d;CO_a20a2b7bb0842d5cf8a0;CO_ab79acbdd62e9f9bb419;CO_ad50671db539cca0a324;CO_b301de0571e221b4a00b;CO_ba74db3f3765c22c955c;CO_c49b60838c5c6ddf3480;CO_d20def23786cb183a4cc;CO_d98d55d3113e603739b3;CO_df8413780ab4db769d29;CO_e3f0a91902de65be9d98;CO_ea1bcb3116150abbd484;CO_eaa1938017b2d55e0238;CO_f0ce886ca0b36db682c1;CO_f1cfa5ebb149e8099d56;CO_fc0d096e1ae0af4cf297,VO_c1efd6f1a1602fec0125,1,,,False
PE_d0b9f8548f96e312e4d0,2025,7,2,CT,2025-09-15,unique_genuine_volume_observation_date,2025-09-15,1,CO_03b25d9b07a4300a85d5;CO_0a2341af5a30bd9e0805;CO_12270349396089728bb5;CO_153ebeeacf6b8a97825b;CO_16ad0546e2d6ec87c014;CO_1ba131cd8a949bd1394b;CO_1ff7b91c979ea3442988;CO_2005172a469543a6be50;CO_31c90b860ef80dd90b19;CO_337aed6750c06afee458;CO_37e0529af42024e6d179;CO_380f120fb7fdf0485277;CO_3b5ec9aa4fc9f0e18f9d;CO_408311ba9b03d5d2d414;CO_4a8e6d5dd4d03e4cb6a6;CO_4e78ccea6eff54be79b2;CO_6515ba8158f888c5c5c0;CO_69e938f0d44cf9cf66c5;CO_6b384b49a0085a160c3f;CO_715da20ae91a97087436;CO_72bdf4da8ba6a9b6e574;CO_74f585f21ba3618415fc;CO_798f2ac257dd26f7a63f;CO_7d96699d54cb4ccac1e9;CO_822ea2f8adbecbfbd9c7;CO_8352dd9eb8b64669e0a8;CO_8e2ef7e0fc2335202a0a;CO_9162dedf2f66de62e599;CO_9699b743abfca5767286;CO_9ce50680a38be71ba5d1;CO_a059cafb38e734ee3270;CO_a2135760dbacd71704df;CO_a72ee2ce95a69a578e4c;CO_be67fb66b3bea87e68bc;CO_be6b7418afb161292054;CO_c838df5335c1eba2532f;CO_c9a627fbaee4f4106420;CO_cb93633967cf2a633a54;CO_d77ce11496e0fc93c31b;CO_d8bf4374be15f8084f8b;CO_d9152b6bf21fb9daebe2;CO_dcdc240c9e0c71a200ee;CO_e0d8014e6e3c51d78046;CO_e20229ca23ea51157044;CO_e49e72095ac9721bf02c;CO_e6d41d208672a4e50b86;CO_e87ea04299b34623a5e4;CO_eb79d7629db2fd172bbf;CO_ec7210ae8c7ade01648d;CO_f1250af9005fb93c6bc8;CO_fa121d139fe724a2190d;CO_fa65fe392c91e6847ebf;CO_fca13bfeed47a54af1e7;CO_fe8ea078ee40e9000fb1;CO_fee7e1048f980031c4f8;CO_feeb4bc4b817b2f6d546,VO_265248a2b8fa2623df7c,1,,,False
PE_d0ce0a7aa7e876660808,2023,2,1,ST,2023-08-16,unique_genuine_volume_observation_date,2023-08-16,1,CO_01eab8520dfa95443d37;CO_023bb9717cad7264a242;CO_09cc2d87080e6edd0f2c;CO_0a0b723dc39e4a960b3f;CO_0c658eb5d61e88c86f37;CO_142dfeb0cb3f98290be9;CO_169564455792f758d4dd;CO_19ebdee3e45da4ef9d70;CO_22c4ca5d4aad0e29ef78;CO_2f0f83e1e13c0970d867;CO_2fa87a66a552805c7a8c;CO_328de8c25c7c7d670a3b;CO_3533044dca88ad659c71;CO_3c10a4e7cf7a59167bec;CO_40e485376e18da6155ec;CO_484f4ed1203576cc2e06;CO_4bf54947363f775171f7;CO_4c3c3282e2050f66a477;CO_4e1cf54286ea7a4cd2a4;CO_4eec6372c08f87b2f48f;CO_5139103f771df85b9813;CO_514e830391320b3aa28e;CO_5cd5e6e836cd713686bd;CO_6165d33e490f91dbf808;CO_632cc2a9bf8e81f3feb6;CO_64d095f2fecfdeb907da;CO_68d6d6acae8db4b9ab8f;CO_76a6e0d29167a15261b5;CO_7a38a88b0b624e219616;CO_7b8b6e396edf18942c93;CO_7d4a25031f5a15141275;CO_7df499788021146a0fcf;CO_82db6e33f1c5c550c3be;CO_8fefcee417a44a691660;CO_945c7f6e820bd890226c;CO_95fcfef789f6b982a03f;CO_989956402ad7deaef351;CO_9d70225dfc3f70cac539;CO_a580f210e5e622d2df90;CO_aaf758307145eca487ad;CO_b40a99728ddd38d785cd;CO_ba8b61671c5a1344acef;CO_c9b9f898039eca6ff245;CO_ccb9ca95ca75b3c3e244;CO_cecfeb982d38c441e82e;CO_d0ab3354a660b3abcb78;CO_d2cc09b64d0eba2f738d;CO_d3b913cdf3e8a7978621;CO_d615f8419965f8b6ad35;CO_dd330fcf73c7ca87d649;CO_e0b1254c1eadc5d8577a;CO_e100ca8c3a77e9e4d3d3;CO_ec7f9e1c854ffb831416;CO_f883c57c2df22303c360;CO_f9fe07c7ff27ca310a45;CO_fee49aa26d37f5e21480,VO_1bc1b260cf337654325e,1,,,False
PE_d16ac2ea89bbe98196a0,2011,3,2,CT,2011-07-29,unique_genuine_volume_observation_date,2011-07-29,1,CO_088cb864279a4e4c8652;CO_1055857aeb23828a8c3f;CO_110fa56df8facc78fbeb;CO_17ffed2060072c95583b;CO_1be1c6f083ce2c0ec0a5;CO_21049fe0067fdec00a7d;CO_33d88765a856314fb722;CO_5817ae4948371f9b6b7d;CO_76a30972876b875cfb7e;CO_7e62ce15499878ca883e;CO_be3d629f02589a093027;CO_cd3dacc1597030fb101b;CO_d64fe06e31bcae668cd7;CO_e629fa6598d732768f7c,VO_a6727d56bf06d1ef6e2d,1,,,False
PE_d1afac04920a2ee5af17,2014,3,1,ST,2014-08-04,unique_genuine_volume_observation_date,2014-08-04,1,CO_01618358b525d4245ce1;CO_035bdde78a6a7ec76642;CO_059787bfae244d8823a8;CO_0b9d9315522cf43c3b95;CO_0d779776b8c1561eaf01;CO_1caca1f2422580caa797;CO_2120ea176dd154dd5382;CO_226912ab42a1c1a4ff34;CO_25ebe3918b0bfaf16e3e;CO_27804d520f5be7cd6c6d;CO_284de502c9847342318c;CO_2cb7446ca7c2f6b13875;CO_321ef7e85c8c12e11212;CO_36ad951cbf273885c0b2;CO_37bb3ec91d1e74588e49;CO_396cd4f7c0575e310fff;CO_3ac84a052226066874f3;CO_3bb7a172f510f855125f;CO_456d12e33d0edb0eec5a;CO_463ffc4d4be108311e69;CO_48bf30cf24d55c5d8008;CO_4a1b1c59f8ad7500563d;CO_4b70c9928c3588cbd5f0;CO_52252aee91ae4eade4f8;CO_63789b83f23f9a09b5dd;CO_64f53a1a4040e8bd7323;CO_68519a9eca55c68c7265;CO_6a3c33a09beeb8401d06;CO_6a498b46c59af251c4db;CO_6da57e02084e6145918d;CO_6f13d39f5c4665967f7d;CO_734d0759cdb4e0d0a35e;CO_7addf5a9bad5785ce692;CO_7b3b4e5fed79d4b93089;CO_9050333cd3322fd4a154;CO_94717edddee4ac1e9c70;CO_9cd990a7894fcb3ae3c0;CO_a0b0dfd70dbab8f34ab8;CO_a1aef9f42364b8de6768;CO_a4932a8303f0c13b8d82;CO_a69b8b1151fdda8ada08;CO_b44afbe7df2f54ff3527;CO_be79fb1513c1a6786fee;CO_bf7dd27ae104dee028bb;CO_c0346b6feda080ef6e15;CO_c2a824544a0afd72c9bf;CO_c47affb712a521d4fdd0;CO_d1ff46f6ba3122341f57;CO_e86004be0251b15114a8;CO_eadfccb71b4400f326e0;CO_eb982d2b777ad8d03942;CO_f2a0f718b02f355aeee4;CO_f3b79631f21a489e3631;CO_f57e5cb1f4532c008183;CO_fb937217a0d04da5939a;CO_fea0c15bfd199fdd642c,VO_3ccea155fe4e4c3b609d,1,,,False
PE_d36d20c6bc7c067588be,2024,4,2,ST,2024-06-20,earliest_valid_date_multiple_or_no_genuine_volume_observations,2024-06-20,1,CO_093ab3c24de797ecf52c;CO_0b9dad0346d25b6b714b;CO_16a73fa3a0e35bc92473;CO_173deaaf2f52bf79f028;CO_17878f779168f168caee;CO_22a939dbca1cfecf8348;CO_2920b9489aa3f6afda2d;CO_2ba40268aee5b9944cab;CO_2d59abad544cb8619d52;CO_358ace620ef27c6a70bf;CO_35909d826b0d01066732;CO_36b0574ca9d22025ecf7;CO_3c9d76b5ae048c6adfe0;CO_429a89a7b12745e578bb;CO_4648283b1bda112b04fa;CO_47b36003558d1b59e8a3;CO_4b9fd282c24e4da0edea;CO_4c92b97852bfee902033;CO_53f15ca2c3a39541db96;CO_5997fffe609051d65f99;CO_625df624f8d7ccd747b0;CO_66f27dc2a523e6a0adc2;CO_673a620c399f28257798;CO_774f18cc52b2d7ff76da;CO_883e208b4c5dde7fbe79;CO_88b3b95dd08fcf0506d5;CO_8e0f513c882b1c074fc2;CO_966243b9a39f6ddeb9f5;CO_979751a8dba2dea80dc3;CO_a33adfa2261c9766a5b3;CO_a8443b1426652157edc2;CO_aa4109a073057cefda51;CO_aae878c9b350d3186dd4;CO_ac21791a5807ae2b274d;CO_adde7bf0e33b11361d40;CO_af7e0341d4467d71d304;CO_b064bdba191139689139;CO_b513f013566e2bd60750;CO_beddc34999644c578783;CO_c18da8721686119d700c;CO_c53d9534e7c47018b82f;CO_c6c5c6c43e94d2410945;CO_c9bf2018442a90ad2b0c;CO_cf4f201c3c0e69a27a4c;CO_d39e33ac6a35ca572877;CO_d5358ec522f20c55c089;CO_dd74ff4c3cf85f633b6a;CO_df72b3530e92ae152a3f;CO_dfc8e74194e71400fed2;CO_e725a919d35a7c9cb73c;CO_e75156a35f87750f13d3;CO_e902f49872400fbf4199;CO_ee1a7173778d6b708b4e;CO_f3b8f36ceb1a8fdaeb19;CO_f53f2fb9b99180ea02b1;CO_f9ca4e22f738ad2c5e35,VO_69cfda61730ad51d3ee0;VO_cf5648059cfe2e58bce2,2,,,False
PE_d3818202a2c7c0979162,2013,5,2,ST,2013-08-09,unique_genuine_volume_observation_date,2013-08-09,1,CO_0b592c692713048fb10a;CO_0f8ef3377b30fc47f96b;CO_34d128f5b3dede622e10;CO_40c4fad484744b31c5b0;CO_4b9a1b32cb47a5da4346;CO_4cd2601d747d7c8bce0d;CO_533a874c8c9b9b689cb4;CO_57a0b2721938c5e20c6e;CO_7b0838c2af7e6b1f3fe5;CO_7b721c50ff0220bb9376;CO_954f95d35f507b3ad2f9;CO_aa468035de2b96018daa;CO_b8d4d60e7f9c0bf2ae6b;CO_ee43ec7cc83b9a0fe422,VO_fd001b8c21761a385551,1,,,False
PE_d38cb42b24675ec235ad,2020,5,2,CT,2020-08-03,earliest_valid_date_multiple_or_no_genuine_volume_observations,2020-08-03,1,CO_00431bea7c112c6c03ed;CO_154d72ced7915c97e732;CO_2e99a1f37adb615ce73b;CO_42a8d10424653fc26a13;CO_65c1c2c8ba857885d4ef;CO_67a375e4ddcdb509545a;CO_7d6095eca00e93bd0c9c;CO_8a5f0afcff319f800e66;CO_b4e4740f3aa9e3a6def9;CO_c498f3fe97c0df55ee8d;CO_dc06d838cc7604315c52;CO_e02be5962e51741e0099;CO_e40be2de643b039f2f63;CO_facf4163b39f243cc9a9,,0,,,False
PE_d41d88e8b515629ab69d,2022,8,2,MT,2022-09-07,earliest_valid_date_multiple_or_no_genuine_volume_observations,2022-09-07,1,CO_0735af1d63e02532a905;CO_0948d8e4a5126cd6a9d6;CO_0c8ec1622a7ea544a946;CO_0ee372d0a0fefa4431a2;CO_12221da4164b465f09d4;CO_162753c27c8b32975a0e;CO_23c6d0d78ef24a971406;CO_2bd06acbea242c196ba2;CO_32fc12aa75b71f9551e3;CO_3abe1a1779c80aa8d9a8;CO_43116f46b986a4b52e32;CO_5193cb34662513f05b1c;CO_54a9075c64e82a300d2a;CO_5d438425064464eba489;CO_63a8ae3a35554ede20b1;CO_677fe64a8ea7e98a420d;CO_6db3a80d114584ffdeec;CO_6f4ddc5420f60ad526b4;CO_7a2bb47079b9d81e47bf;CO_7dd047c5c1332d575a63;CO_83af6888de4a878550fd;CO_9589262630f775d921be;CO_99aa6e14787a8e3bbe7d;CO_aaa635313e40478b612d;CO_abcb3b74c1c381f13d4c;CO_b0ab205aa02d72786b28;CO_b1229e69f1343fab3d27;CO_b1cba45079f123088195;CO_b7e661b14fb3d56859de;CO_bfe53850429967f745bc;CO_c9e1e40a9c40d2e5381d;CO_d05d97f1ae999570221a;CO_d0a8b0a04a3dc007e847;CO_d49039cc5102b8f9dd18;CO_d6024d73c1c0fcb02806;CO_d6443a64877937503498;CO_d6723fa996ced47773f2;CO_e523840da72451cfef9b;CO_e8b57935b40feff5c157;CO_ec34d6f17350fb4b6b07;CO_f8b4b02c09cf57b204db;CO_ff2c5f6337789dc5f10f,,0,,,False
PE_d47080104483a2906848,2022,1,1,ST,2022-06-17,earliest_valid_date_multiple_or_no_genuine_volume_observations,2022-06-17,1,CO_04edd1d7736883194af3;CO_085b2a38876eeddc33e3;CO_099f101c38e2ac1197d8;CO_0aab5e232c5075e40f14;CO_0c943b6adf66adf86bb7;CO_0ebe0fb634f8e4aca93d;CO_0ee95e1b4aa2f4842c62;CO_0f33e04ac3b3762d50f9;CO_1ec62755fdae3472eede;CO_24a63ec7c93bdbb5b5de;CO_2834127a7bc062d8a976;CO_2ac75c89783c3a1fbe8a;CO_350c94d619f6aba33795;CO_3599cec3f470b387978e;CO_48be9979594810ed8c4e;CO_4da12d0182c80c95265c;CO_556da99bfbcef832c689;CO_5595e31750ca85ce40d0;CO_6541e864a718947fec24;CO_66a2ef764ffab1bd8ab3;CO_6bcc05d40b1752992b71;CO_6debfc7d20fed1535e09;CO_79830ce5b6d9c51eea67;CO_7a866153fcd1a9ed6c44;CO_80082211411078acc456;CO_8825df65b723999d6f9d;CO_9c225a25baf2847828f2;CO_9e3816a4198e3722c9c9;CO_a6a3c7cd213abce3011b;CO_a6e5dbd0eee7908252c3;CO_abf4bee3845f9de24f8b;CO_aeba47c17ca09557808c;CO_b393b19e6e99a85c8aba;CO_ba0ee2da58eb13f6c4c8;CO_c789a815d8bba2a35656;CO_c7ce483fd1cc5fd498e7;CO_cdd51236b8670a1195de;CO_d49cf7fc88dfb440638e;CO_d6ba9b8f6a4a172c5130;CO_d8a55005e2d2f945bbc4;CO_de8736cc048486e16dcd;CO_e18144cbd19de5a6ab5d,,0,,,False
PE_d4823572c24cd1d28427,2020,4,2,MT,2020-07-23,earliest_valid_date_multiple_or_no_genuine_volume_observations,2020-07-23,1,CO_050a010ce24d0896056e;CO_28fdc9b17c2617c24aa8;CO_31a7410194e669790636;CO_3f1d0ba20a500faed35b;CO_4bc7352b40467e6333de;CO_5cce84f363e9fe751db8;CO_5d7ff90d7dbc5fd2aa0b;CO_63adeada6605b9c8dd50;CO_9da8d94e84011a83bbec;CO_b250e3dfa309c4070918;CO_c27484c7087191b29f05;CO_c7d0562cd4f65e47d51c;CO_e6ae3ef88772362be117;CO_fdb5d0d7ade5867069ee,,0,,,False
PE_d7412eb08e900574222a,2013,5,1,MT,2013-08-08,earliest_valid_date_multiple_or_no_genuine_volume_observations,2013-08-08,1,CO_01c129ed7519d254ea27;CO_0969af623440c92ea17c;CO_0d2625cc8c9515a19bd1;CO_307fd56085a6ed891cfb;CO_617ce64d3266576f0721;CO_801aaa199f1030bd990a;CO_819460fd9350632f57a0;CO_89aa1e580023722db676;CO_aa522a6beecbeb04beaa;CO_b5c312c4d8cee9497241;CO_b6602f58690ca41488e9;CO_c256a59672c70db57297;CO_eaf9ba809db0bc42310b;CO_eb84c0688c3a9382649d,,0,,,False
PE_d79901bee44e9d2ab8bc,2012,10,2,MT,2012-08-31,unique_genuine_volume_observation_date,2012-08-31,1,CO_1ca5fd212dc3ae17c6f4;CO_2cec8cf0e321c284fa0c;CO_2dea8d8d4c4577d1ab72;CO_31e4607e052c51ec008c;CO_3343427bd8ac1cfc0f8e;CO_50adb203dbbb09e50b32;CO_724d2f1a49d590b22189;CO_888686c56da0a589a933;CO_8a14280db61f034ee713;CO_a0fff30c920aa71d3f5a;CO_aa5c025dfc7afb57c4d2;CO_b1d89b56b27c420a00a7;CO_e3d6c4d4599e00882384;CO_e49360bae5ae56ee0f64,VO_c092d50cf417d2f8ceda,1,,,False
PE_d8275d4734b8c69e5afc,2012,2,1,MT,2012-06-03,unique_genuine_volume_observation_date,2012-06-03,1,CO_19fabbd786c6576012be,VO_8e49c46dd6dcc2e51f73,1,,,False
PE_db00152d9902bdb511ab,2011,6,1,ST,2011-08-28,unique_genuine_volume_observation_date,2011-08-28,1,CO_091ebb75152d83431bc7;CO_200da3f7383a21aaa2ae;CO_3279edcf926d9b326bae;CO_4096d7e70459c2d39665;CO_45901370f55c38f7d4fd;CO_54224175e1520f2c0420;CO_a183251a8414fd819da0;CO_ab1cf2aa0aa1839cd8ee;CO_c1844f3e67a9ceabec1a;CO_d0b572559570f16709f8;CO_d5fafe287cac7dc08f6d;CO_e29c9c180c6279b0b02a;CO_e697ac308041340f0ae7;CO_ed94c5f6054f08b04e63,VO_08d7cd64d819b125c058,1,,,False
PE_db44df4caa1727e348be,2022,3,1,CT,2022-07-13,earliest_valid_date_multiple_or_no_genuine_volume_observations,2022-07-13,1,CO_004c5505872f96b5e858;CO_04aaef1641583bd65e73;CO_07a01acea3faf814f5c0;CO_15bbc4915ea984401191;CO_16d5164c6ff6bf7201a9;CO_182dc6b90f1c9cd913c3;CO_19dc1c2e10e78610594d;CO_19f74067881f233d20cf;CO_1aa3e4f8f4a38d99994d;CO_1d8af0e812d429cb6543;CO_29c677866050232434ee;CO_33e21c37eb4eab2fad23;CO_35d5aa731b1e6a3a5289;CO_417e475bb4d90f19fd59;CO_44a3455051f693e2db05;CO_47c04d7995ba767c5024;CO_6366e59b1358e5053b1d;CO_6686fc4c74906865248b;CO_6c493ad111d423184fc3;CO_793733573a1dfd14a2e8;CO_79617f598c03cb2efa95;CO_7b3da84753da132e1e2c;CO_7d84a9edf4227086aed3;CO_81e649b6fcfd9d691d4a;CO_8b6914ac9e284b2a1f44;CO_8ceb744fa44cc6db1f86;CO_987f08bbb02c62b2475a;CO_a860d24f31d82a4fbf73;CO_b1eaff1b4d8e1425aa1b;CO_b2bf50ecada62994533d;CO_bcbbc9eada524a09e5e5;CO_bf7db3a1fea244ba0c17;CO_c0c12f03d05def91eb95;CO_ca306090974ef3723973;CO_cb5518fe09b79af14c23;CO_d7ff7ef674aac2a80726;CO_de365c975fe359c8add0;CO_e41fbda961c9b0a19e12;CO_ea467b8f84951889b4ef;CO_ea65024247a2ed0ed69b;CO_f338a66d1dc630488f93;CO_f82d9f297fe4f932e97a,,0,,,False
PE_dbd728d03c1d5af8f0ef,2023,S2,2,ST,2023-08-06,earliest_valid_date_multiple_or_no_genuine_volume_observations,2023-08-06,1,CO_10f758102b56ec300f92;CO_1e3158b9cf892d17d711;CO_30314a2d88dac5190873;CO_33afd662cef42c907d9b;CO_634bce1b71598aee2130;CO_66115b7781b9287e5318;CO_665727ccadb38d2dd503;CO_6bf76be895daa81eecd0;CO_af0d765a96669328d17a;CO_b291fa6c1e302fe22137;CO_bc8db39f614342b78a67;CO_c8e9c14245c0dfb1d5f2;CO_cd25320940b25cb826eb;CO_cf275d22796dc485dcff,,0,,,False
PE_dc25029fed7bf1b276c5,2022,2,1,ST,2022-06-29,earliest_valid_date_multiple_or_no_genuine_volume_observations,2022-06-29,1,CO_085bcb597bbd610a7f0f;CO_0cf10a71b943122ac8d8;CO_0f0213af69ae68e40aa2;CO_1a9e5b2ed5f6b3038e9c;CO_20d0fbf03df31f3d680e;CO_2306878a9ad9b57686cd;CO_23e3ca332c61648a9e8e;CO_24ea1f9ca12903c73296;CO_35ea9e03d5f2f4658cb5;CO_45c710d8b4877aa61c64;CO_4f4532d3e566afc790a3;CO_58b7476006a25a594cde;CO_59b524f8de039389005b;CO_5d10801e95a05cfb95f6;CO_5e452e805fc5ade05fba;CO_60b0b8d4ea271db4308a;CO_6985c7b3c028a85d37a0;CO_6ed255bcd55046343338;CO_722b692b8456e95303c4;CO_7e3db2c53a88a81408d7;CO_802e311353778028f700;CO_8664f0d168799ba7eb95;CO_895c8504fe3e30686ef5;CO_8d246e711e70b26c824b;CO_92d146b1e22261b5990c;CO_95476eb48784279da60b;CO_9c30538ef1315d5015d0;CO_9cd129f891c52ec5e398;CO_9fdfecbcd71c0b80c324;CO_a5d78811121695de73a9;CO_ae7bf145e2412c78982c;CO_c0a56c7d6cb69ef3f398;CO_c1e40f7d1fa5c011a140;CO_c403741c4121989ac12c;CO_d00e9ccf9be483d8eb31;CO_df139c403530c4631019;CO_e64474fd91f16a0891fb;CO_e7d86604a18f8b7ff488;CO_ea185932ebe41c25ad0d;CO_eadb66d5d106a92e9960;CO_f590ee0318cf1fa0a5f7;CO_fce97f415a57a7930def,,0,,,False
PE_dc2b363282afea49f001,2013,1,2,CT,2013-06-20,earliest_valid_date_multiple_or_no_genuine_volume_observations,2013-06-20,1,CO_05a4cd58579909328296;CO_2d5b95fe919779c40652;CO_39edd6529d30bf345414;CO_422458017ac1430d5b60;CO_45297c633d331e6ac351;CO_858656c7fd65a29e7bf2;CO_868f3898f75b462a62fa;CO_8c1f1046219ddd216a02;CO_a898a8776c1b93c5718b;CO_b2327bdfba5a1f757fe8;CO_e0e6e0ac768fed60b145;CO_e11c2a0ea6bcb60c5131;CO_e1769fb3ed75099ec426;CO_f5334f59cc820a5c99fd,,0,,,False
PE_dc649077fd49ff457e31,2013,6,1,CT,2013-08-19,unique_genuine_volume_observation_date,2013-08-19,1,CO_2a3c1ff597644bb2c9f0;CO_45b120bb08854e181231;CO_5570b8fffb53088e058b;CO_65a699905c02619370bc;CO_6604ce9c6b650a55c404;CO_7cb3fc848fa0e795b7b1;CO_81d3c27cc312e95750e5;CO_84444ff9ec13b85ea856;CO_9701e339c54549ed8910;CO_9e1d982069b8a1fc0217;CO_a7ef9d0560e214494904;CO_c4d7b8d4e320408477d4;CO_dcb57707f6f00ed16db4;CO_f6e5ff547d5a47ff234d,VO_ce7edefd088f1f43f433,1,,,False
PE_dd2eb9cbf33aadc76796,2017,4,2,ST,2017-08-03,unique_genuine_volume_observation_date,2017-08-03,1,CO_00c08d89fea3949876a5;CO_023849c38925e2af028a;CO_02e6295d8f522840f09b;CO_0ab4360647fe97924dd0;CO_0c21ef17ddceb95887a0;CO_14d50a4ddc86ebe39c5d;CO_1eb2cf2faec287ff82d2;CO_22046fca3d05f073cfd5;CO_23841da82e42c2943366;CO_2539b1fe79aca4da7647;CO_257ad493dc36225fcc2b;CO_2a3f526984bd864dac24;CO_2ca9f63bb06128cdda3a;CO_2d5a68dd4764f2dacddd;CO_3c15285c04fff40024bb;CO_405643505f4fefa4536e;CO_4a46e7abb931e7627816;CO_4de75f76a1c415f8d29a;CO_4dfbe272201d319815b0;CO_53d2dd2504402eec1bc4;CO_67bf76baa415c1861d44;CO_68396e460497efeb6a19;CO_7bf0aff635f4212516ce;CO_7bf6d2e213a666d5fcec;CO_8640b8877f24bf734415;CO_94b1436129fd010cefa2;CO_96b026df37a1f9966a1e;CO_99c34d9d69328bbdeda2;CO_9dea6870d860d7ddb284;CO_b57104c5b0f19d02f813;CO_b93c1b49743736fb7377;CO_c0b8203631d0510433c5;CO_c79e816beba44306553d;CO_cb7f423e8c37a17b6899;CO_d0c9e369bee256f4b018;CO_e26f3716adbe1a42e8b7;CO_e2868b27c9154b439647;CO_e81278f9eea13047d5cd;CO_e9627bf1367d542b0df6;CO_f85dd1cb11c453b93c05;CO_f964a7ab396ef69f52f6;CO_ff0483c4b97b9a271dc9,VO_89da85a2ffe1bb998875,1,,,False
PE_dd4d0ea35e35c329e9d8,2024,3,2,CT,2024-06-12,earliest_valid_date_multiple_or_no_genuine_volume_observations,2024-06-12,1,CO_02710fc94f019128aa19;CO_03f56b786b6c4b0bae42;CO_1b457162acd3bc249096;CO_1dca80f9783c5e8ddbcb;CO_1f854d9f8fc80e6d3aa3;CO_2465f1df94cdabdd5557;CO_270775d98eff9d1e1ff0;CO_2add69ab22442d6772fd;CO_2d0d1a2c48414b1acec5;CO_327ae4d79f594f18f87a;CO_327f057e054d1e6a9a1b;CO_34079c88ce637a0eb293;CO_38fbb36fa36cedd84f37;CO_3df4cdee799bf6680bd7;CO_44021a167f13d094844b;CO_4b9a7f50c0bb198c6f54;CO_4ea8129e4c7a1b7fc983;CO_4fb8cc0552030b2ed58e;CO_533eb9a8909f614c351b;CO_61acd0047ef409952e49;CO_678638339e672593a802;CO_6a964aeb7a92794780ab;CO_6a97982dccf77dd3dafa;CO_6d5171c3ef38d075c464;CO_711de451baa6e4bb46c9;CO_7668f3ca493eb27c9f31;CO_7931aa2a1bed855457d1;CO_832f74aeb4c224bcbc4a;CO_8ae2e8ba0194fc52c900;CO_8c3de0e95df93aed61e7;CO_8fdf7d642814dff4a91d;CO_9313fe4d5a580ace6da0;CO_96da37e95d5cc34fe3be;CO_97d7f9916088ab32a15e;CO_a2cc73deb383356e2c51;CO_a85e9db4851f7cd3efb8;CO_ac9a747fae8cb8056c25;CO_b1ed3965e995252591e5;CO_b2ca4c32632ea0aed838;CO_b45b7246ed2a1e2197de;CO_b4659ba19064b95e0522;CO_b4a9c08c7e840429f705;CO_b5d9c3c05080d2c97d0e;CO_b8baa797b73f2f1b7a1a;CO_bfbbc7d8940c314e3b46;CO_c1d6e4fc7422656509d6;CO_c4cbd7c861e6f1ebc446;CO_c5207bfa4a80d8368344;CO_d518b82e2afb2ff73d35;CO_d88fdfa7ec326b4ea967;CO_dd317aeca022c0b9e3e1;CO_dd65c0a7536affef35f3;CO_e5ab68c0a04cd30092f6;CO_eb2be95b2461aa3eade5;CO_efd2a1cd465229ce2fd1;CO_fa88d374b9cf5e059fad,,0,,,False
PE_dd553617c7d118d29861,2024,2,1,ST,2024-05-30,earliest_valid_date_multiple_or_no_genuine_volume_observations,2024-05-30,1,CO_068fa103b72a3a07fafa;CO_0da4b104c4d8589fcb96;CO_12004090b1c7195a8f5e;CO_12598cd4a301c14b7db3;CO_169e12a080bb0da26448;CO_197fadbf47ebfda17735;CO_1a68963b6b4c09fbe356;CO_1f498bac4b23bacc3268;CO_2090ac5f1becbe9aba5c;CO_253902860d09d7bb700c;CO_2790e3f70d0addbe5188;CO_2d9ca3096035d24abac2;CO_3354f1239660e58f56dd;CO_3728423e108f9a0ace4c;CO_3d734d729009b74c0116;CO_43c060b3a59032e0e8e3;CO_43dcb1e9a64f6f75d3c4;CO_4657bf5fc7bfc8f0a8bc;CO_46f9d22816179479bd27;CO_4dea5c7cb70f50322ec9;CO_4e12486c3a0f8fa2dae4;CO_511353336a3625185519;CO_57e7113182a6457a7826;CO_591d48eb061e4e3e4ca2;CO_625a9c770505e881e928;CO_6e80132e298a210fe4cc;CO_714b8814cf6f4fb8f793;CO_744b93f9950fc38dad70;CO_78e370b587b145920213;CO_7ac35f30c3aa2997fc8d;CO_8ed79e4807e54cebf361;CO_8f8472a2f6ec348bfc75;CO_9110f470a27932ba7b53;CO_924358b6921543ef5449;CO_957b0d9447b1490029bf;CO_96f89b80b1a221811c9a;CO_989054bde5efbda8955e;CO_a06465366cbea9b3a6b0;CO_a5051f84e3b2aac4503a;CO_a73ab888363736220eb5;CO_a77755cbf8efa4067377;CO_a972683eb6f45c7b4051;CO_aa71543206a78cb135b2;CO_ac3fb2fa9b7d7b30e53f;CO_aece8aa742ae952451fb;CO_b9607bf30c554cde257c;CO_c1a6860e444ca046186f;CO_c288691bf8994f80e618;CO_c63efd61a70d0f6b7e5d;CO_cd0666cdd7ce0244bb8e;CO_cdcc4a978ac020cca358;CO_d9e2b0b8b7d98348d518;CO_e7fdaa4635faf9d40e01;CO_e801659ee4a61cef5377;CO_f0bc5b600715f4a0d023;CO_ff9a64b244f71656df01,,0,,,False
PE_dec8c485fbbc1c0c7b86,2022,8,1,ST,2022-09-06,earliest_valid_date_multiple_or_no_genuine_volume_observations,2022-09-06,1,CO_10ba045e9ee40807e57f;CO_163d5ecc735d3e555756;CO_1b31fc8436d208163363;CO_1db61d94f05f92c5fba1;CO_1f6ebd8f003635e606b0;CO_2336ff27392cd68f53e5;CO_275db3010112bd683e17;CO_2a7938a24f1673741237;CO_2bfbedd9d02b2533e479;CO_2d1ab66dd090fc078c4a;CO_3e8085d7a382a6456785;CO_48f84ea6043f53133828;CO_4cc3d9cba4633096fadf;CO_52a5b8e806e0da9395ce;CO_65fa795e579dafef5f3d;CO_687788da7fcb2d72db0e;CO_6d26054efb4f9bd5ec0f;CO_6f38c72ad9c5e1e250b8;CO_6f6d5739a0a2b2c191b6;CO_6fcc63bb31979907a525;CO_70cc44b2ed0ef98bdc83;CO_7fdc02ec69158791d16c;CO_875d7ac564e8d314f722;CO_89250b769b50c5149d80;CO_8b7fb6aee1c63e17f44f;CO_90f57b00c1a634f503f0;CO_94187212dabbdd37fa0a;CO_a5e3e3898bf3bb3ff30f;CO_b3c3cf09c153f27bd207;CO_c1a874609dc4dabee741;CO_c40ed66f83dcd2ceb3ab;CO_cc54f09bfc8ff1e4d68b;CO_cf1881df6f1696c2e59b;CO_d1b39db8d5587a67ae4d;CO_d2572ef3561449939bbc;CO_d4126e09beeb6dbf189a;CO_da28719dfd9c4da81f43;CO_db3ce696964d3f1a8027;CO_eba734ce76964fa6ea66;CO_ee0d6c299a70d20946c1;CO_fc516b2c3e552c96f72c;CO_fcc273a8d7c05c623625,,0,,,False
PE_df160c088a0a2ccf4d3e,2022,5,1,CT,2022-08-10,earliest_valid_date_multiple_or_no_genuine_volume_observations,2022-08-10,1,CO_0f8c0844db5af8b1588f;CO_16d4b38fd1d948d252cb;CO_1991ea17fe5b93b7449f;CO_1a29314f4bfcd78ea00a;CO_2618182c3894875e16ee;CO_27c07c5ddfa9e28d81ee;CO_32c9c557b05172093575;CO_38f1de5adf5aebea9679;CO_3a5554022e2df459aed2;CO_54b1cbe702d617c3524c;CO_55ecc32900707ba17969;CO_58ba31f958e9c22ad7c3;CO_5c035fd112e0e070b6c9;CO_5c97197b404962d412ef;CO_62dc22ad2998cc534f7c;CO_67c2626a09e5cf7453f5;CO_67c312330b0371a0a37c;CO_69e12ad8d81d0bd47d7d;CO_70260f55fea1cf78bfc7;CO_709df012e236dc3f5c53;CO_72c9d26c16bc49c1b633;CO_761859531bb883cc8145;CO_8f49713685cc177709f5;CO_8fcfcdca8857504bf495;CO_9607bf9d54d419afa018;CO_a5ca6c0335a3860b31a6;CO_ada4f0b8bc65ecbaf7ad;CO_b1c04228b4390d096a51;CO_b1d7183ef649ed5aac15;CO_b24dd49aca341e9341c8;CO_b4d1f4db3af21922aaf4;CO_c567607d29893662bb72;CO_c699c2458106e3007493;CO_c9e11021f83dcdd17df4;CO_cfbe919472e0e3f4a62e;CO_d3da1ae195c7dd1ca416;CO_dac455b49f7330b2b4d5;CO_e0b48ed8ddd553890dcd;CO_e0b909c9cd0ae0eeb770;CO_e4a01106d28da3642eb5;CO_e6f05a3d77072ba36091;CO_ff4e8beb7145c36ac3eb,,0,,,False
PE_df9469438e8cb790e7af,2012,1,1,CT,2012-05-15,unique_genuine_volume_observation_date,2012-05-15,1,CO_779d7a5455d90d1af1f0;CO_7987e36c43f067b54276;CO_be569a9d9af25886afa8;CO_cb75a48046c21183cc0f;CO_ea215720034a4c3073d7,VO_780b7ae32ea411f8ac5d,1,,,False
PE_df9fe3439780c58ef619,2017,3,2,MT,2017-07-21,unique_genuine_volume_observation_date,2017-07-21,1,CO_02cca3803b564ede11cc;CO_02d38aa7b5a2bf5ea6d7;CO_0594f04659a605a1a4cf;CO_0663ba1a18227e9b2b32;CO_06dd1d6744a84ae50bb2;CO_087eedfbccd7e6e0f1ee;CO_0e3803a9c7361edd5a4e;CO_18b2b9dc9406b455b584;CO_1e656185f98ed3a3eee6;CO_299ae77a4ef350ae0dd3;CO_360a93c2ff7529acf83b;CO_3921a7d7066d4666f3e7;CO_3cbc98a67edb00845e81;CO_3f7e05acc03b0893efd9;CO_461b2e3622293c303571;CO_4d68971408a297ac0977;CO_544cc7394fc574084562;CO_5bc6f0850db9de8d66b9;CO_70fd140a7871d7e07936;CO_87b99ff27b5d7f00062f;CO_a4e987d17584557e2fbe;CO_a9ca10b9f6d8a7429bce;CO_abe0ce25a75723f5ee81;CO_b311a5bf116dae3a2d12;CO_b530add70afb2916dbd0;CO_b62ae2df8a426804bc7c;CO_e10c732652c9f8bb0042;CO_f179342af8b458b91b64,VO_66dd8b621b2d81c925e4,1,,,False
PE_dfd4f33e25a6c0f68606,2011,3,2,ST,2011-07-29,unique_genuine_volume_observation_date,2011-07-29,1,CO_0409acd934fb893fd7ad;CO_078208096eee07cc0321;CO_30b3e22307d3f9d9ef5f;CO_4523540f1504cd17100c;CO_52e566a651850b9a659b;CO_77ef1033c7249d619411;CO_94c47d91f1bebd7b85fb;CO_a29ba90b650139bb2a6b;CO_af0f1ad0d38267a27dde;CO_bbfa79d44954916aaafa;CO_c213697430c006013012;CO_c9770c81c5f2d0151972;CO_e0f1d28eabdbaab64916;CO_fe36bba93dc4e44b72c2,VO_f862ea153fa9aaa854d3,1,,,False
PE_e01f96101de9649fe0a8,2024,1,1,CT,2024-05-15,unique_genuine_volume_observation_date,2024-05-15,1,CO_08c52bb3453d7d61c0ba;CO_0bbab6f2d4707009ec10;CO_220e82423d163c0c3558;CO_25bf0c5d6d9a9c8d3a72;CO_2cca962190b6480df011;CO_3b20cb0ee48611ac6370;CO_40ee25ebdd0425f45ce7;CO_43851f52f306b05b9702;CO_44eea0b6fbef67a40a1d;CO_4cb03eebb0525168dead;CO_4ebe4e856947f64e28bf;CO_4f172774d9543d5d6a2d;CO_4fa797f265c81bff34f2;CO_4fc0f748ecf0ddb5df80;CO_55e8ab098d48f8be5578;CO_57a70e9dea60e3c5c9a3;CO_592fbed6f4ef4a643b0c;CO_5c8d10295bf5a990f90e;CO_5d75a2276e6152f4853b;CO_61f5643dedd8af708aa3;CO_6b859cbb4d0f89e6c682;CO_6ed701cfedb16ebd91b2;CO_7125e777a6b199fc4e8c;CO_7a04507a06765b6605c0;CO_7e9025938042a87f4230;CO_808d3b2985495841f3b3;CO_856aca9a7224755f3bcb;CO_8602e93c4ffda792a37c;CO_89bbfa87e811e43a567f;CO_89e36445b7ee1a625697;CO_8a1436e96efc3f62ee65;CO_8a3d82091e4d5b98844a;CO_8c525f93672f3080c828;CO_98f3aaa79f6ba1759e04;CO_993bd943d316907bee43;CO_998fcb29f8c0e76c5819;CO_9c27727c109abd005def;CO_a0359ec589252c313597;CO_a657067450f8331cddbe;CO_ac592c8db7e84ece35c7;CO_ac93f3a0fee5afa2d939;CO_b53a7292b38e011dbe6e;CO_b80b0230d0a92d1936c3;CO_b921c27c3053f1781f7b;CO_bb24483b6924e07652c1;CO_bedd4ae332286cc06b4b;CO_d83fac6483832a1dce73;CO_db9351a297a7362b3c91;CO_e71b48da130200783dd6;CO_e75efceaf9b340765767;CO_ead595aca2c885235eea;CO_ebb4eff856687117b018;CO_ec2d220d50cb8f49dd8a;CO_f0f131c311ca28a0075e;CO_f2bf58e54f66ce38a5bb;CO_f8c0a48792e2503ccaf0,VO_7f053a11199c6629b98f,1,,,False
PE_e1f06f083d001c899062,2014,1,1,CT,2014-07-01,unique_genuine_volume_observation_date,2014-07-01,1,CO_008fe9801fb4400b223d;CO_020f796c60aee336fa8f;CO_03da56baee66fb29b214;CO_05424dcd72fd0525e63f;CO_0eedd0b69ba2d17599d2;CO_155eb65154b0e0ebe9a5;CO_182ff34073688763a0e9;CO_18c6b6f84040725098b1;CO_1c0a28994f19b94eee4d;CO_20f2a78d4f8e163fe36f;CO_234c8272513622f14229;CO_2405c2d2f24606e4ef88;CO_27c9343c0adef1ffc1ca;CO_280781444e7b96aedfa0;CO_2c7d5490e6050836f8f2;CO_2d9201d88560e0460700;CO_3801812571dfcaa5441f;CO_3e8b5ed63c7578320265;CO_4579e127cc265d745b89;CO_463f5b811b7891a3a822;CO_486ea85278bd246cca4a;CO_4da692391701da107842;CO_4e89ba55bab8855bdcb7;CO_521afc57838dfce53470;CO_52b67fec538f6a101aeb;CO_57e72c3b637caac51230;CO_5d8a509aff5247a5a5a4;CO_6751a76cc8fce2a7c140;CO_707a1fc5643c355c4083;CO_788181d3e6c41241e68b;CO_7edfa8b7afb20d6de794;CO_82246180d04068a06d1b;CO_8b75ec30ea0d0fedcfce;CO_8d27ba37c5d810106b55;CO_991d584e18d6d29f790a;CO_9b3831bdc8caa04dcc3f;CO_9bf42f4b66fe462d800a;CO_ab5423ca1c96c4db51d8;CO_af2e308510a24a6aed65;CO_b117636b9bae2bce09f1;CO_b20cfc7c653ec0576e18;CO_ba977edd7884f62cd595;CO_d4033bc8041ff5a72764;CO_d6a4031733610bb080d0;CO_dbae772db29058a88f9b;CO_dc6c5df2f682fbfbcd17;CO_dfcafae694259c719203;CO_e03c964c8ee745579a97;CO_e38fa75ec230eecbb53b;CO_e74d3069d3a02c342c1f;CO_e8ff748e5a9347456fd4;CO_ea80b523f4585374b7c9;CO_eb7539924cf4b8b67488;CO_f15d449e81e8973348b1;CO_f5ea2dd1e63e7252ba3c;CO_fecf38f73a2317104df9,VO_01018d149452530442d9,1,,,False
PE_e27bd4911eac418c5499,2020,7,2,CT,2020-08-27,earliest_valid_date_multiple_or_no_genuine_volume_observations,2020-08-27,1,CO_08d8ecc7118131722904;CO_0d4836d1aea37ab0ff31;CO_34f1a6ce1bbe867e1bb9;CO_36d3ef76750a6979c79a;CO_71dee38f82b9d968b3a1;CO_943c38349fda64a0f765;CO_9ebbcf9ff1a9a75cd07a;CO_ad3b83575249b68aab96;CO_b0a8ce0925a83efe2b07;CO_c4440f61df93858e551c;CO_c5e0562a087a92f624ba;CO_d8de98b4e1b98ee108c2;CO_da3270018b712b8a4b18;CO_dde66966c76b6d058903,,0,,,False
PE_e29fdc102c9f799e8e4f,2023,2,2,ST,2023-08-16,unique_genuine_volume_observation_date,2023-08-16,1,CO_0038d86077d63d1edd6c;CO_072ba5cc0e81ff74b657;CO_11350e39f388ba27644f;CO_1341adbdb37b6598cf7a;CO_1924572596885038e4af;CO_1afc50560ae4c6f49a38;CO_27f6adf35e41ba252d5c;CO_2adee4927fc81b4b6379;CO_2c090c0f3771a791e159;CO_37353e9f8e1ec72d923c;CO_3ae39b2b89f94f742d3b;CO_3c9a2d03ebe0cb4ce17c;CO_3f613c55d57f95fe1553;CO_4504f016024876613fec;CO_4541a289057b2f3e7db0;CO_466386c747aaa69ce6d6;CO_49d47c56fa7417786c87;CO_4a3689f56e53d1bbb18f;CO_4d01a3dbd011231a26e4;CO_51f8abfe29ee9821b572;CO_55160abb59b175c3e7cd;CO_553243c913182d740903;CO_55968207e46b103c5977;CO_6562acabdda790066fab;CO_6e1dfd1dd07b18692220;CO_71aa27c3e9951e5a5e30;CO_7a48e12bda814dd8ef4a;CO_8b926d75599a618e21f1;CO_952795a1f797b5c993ff;CO_97e7742a98e23377106a;CO_9abb7c4c2e0efd793744;CO_9b6c13f0d182b253c607;CO_9d393029065a5135a8a3;CO_9e042031528217cbcd00;CO_9f09cddacdb2e0c1c2c1;CO_9ff0419d067b9543723a;CO_a0b5322afbb030d7c3c8;CO_a428b5346f1d4261c32c;CO_aee59ca4692c6fad0bcb;CO_afccd937e6ac2d1b6d6e;CO_b0bae7aae64b82780025;CO_b4613bfbd2f2240d216a;CO_b7b598d56a5096e61d7b;CO_b99c24b31ac1bfde0fcc;CO_c3f411c66467a6eb95db;CO_c78961d3d782d8a85d93;CO_d74c216d2abf4b364d40;CO_da780feb252d3b31a20c;CO_df56bc061e91023bff33;CO_e46a8bef65f6bb6935d0;CO_edf89bd1995d63b82be7;CO_f29d0a62a293adef43d5;CO_f309ff5ddc25bf94b744;CO_f766456ab1966f4b9c02;CO_fcb55bd7a875b7f3b000;CO_fdbcf987fae167738b60,VO_cf9dffb70a1d7ee627dd,1,,,False
PE_e31452c7a0ebfbfaf3f2,2021,5,2,MT,2021-08-26,unique_genuine_volume_observation_date,2021-08-26,1,CO_01ba9d7ab5112ec9ec9a;CO_0e7133ab0ecacb4f878f;CO_1498a276616716206f88;CO_151998b02169b0eb6da8;CO_1c6a14ffdadc2af19085;CO_21cc5776d62ef1cf0bac;CO_2b1545d9e4c5685925e3;CO_30f0bcf05b1771eb176f;CO_35548a435e631dc5ee6a;CO_3c5d8ca315f8c36d4cd4;CO_3ecb12386467fc847003;CO_3f0cbb7dbf06034f52ec;CO_3f2e1c4e23e4b2533712;CO_41cf091084d6f30cf45e;CO_498f5fbc64890cf8daf0;CO_4ab34cdf3e765ab1629e;CO_5109a4e14cbbfda6b451;CO_514319f3ad8d5e62c8cf;CO_556f0ae1769fa6600e87;CO_5ef6514ed3304cf62b95;CO_5f0e92362198dc68190b;CO_62d0407f1998951b35ba;CO_71a96b64aa491c1d7708;CO_71d9855458fb112e65c7;CO_724c34e3d1eb1b3ac658;CO_760175f4b2579ec4c48d;CO_7ac9206afbb213cb8b28;CO_7e5cb8429dce239403fe;CO_7ef5c3627c0b4a64b549;CO_8464168f3fdb1e6efe7f;CO_84f01dd97c687fb28a29;CO_9087bff4ee5a4c50553a;CO_9d3004844e8b1d51466b;CO_9ffed99883340991e454;CO_a0d9819c456947674a4e;CO_a10d51f895b5e63bee9a;CO_a233f1dd105ff2a0a487;CO_a2807ae6bce06e6d7938;CO_a9feb4e42c2596a570a7;CO_ab94b64d0a16a786ea4f;CO_bd64e1346049830018c7;CO_bf30ed96384de5c4c3e9;CO_c0d8a9a230e1c6127719;CO_ca3b40e3f4a5398e09fb;CO_cadd54f205d9589d74c1;CO_d2cc2cd378a0cbf24293;CO_d95e14af1c9ece013509;CO_dc57c1fc055e30ee9433;CO_e41e141d6715f7ad9085;CO_ea21d864da31075faedd;CO_ec95dcd9feca7769f198;CO_f25417b04a7a78391c52;CO_f45b5e982551402070a0;CO_f7d9615965e2b49c6bde;CO_fb8a0d2da8683cec6cc6;CO_ff44c043b9fe8d7e6fea,VO_fbd120ba7133835f51f0,1,,,False
PE_e36c37e82bf0717de103,2012,3,1,CT,2012-06-11,unique_genuine_volume_observation_date,2012-06-11,1,CO_0e74a97ec6043702bebe;CO_cb850da6bf12d5c41fb1,VO_b9cee10a1f0ad581e4fb,1,,,False
PE_e416400520de7f5adc17,2021,4,1,ST,2021-08-12,unique_genuine_volume_observation_date,2021-08-12,1,CO_0055471d05197bfb34e0;CO_0692208777c2771a3f0e;CO_0868ef228ecfbd822d2d;CO_0b2e1b2d340ab4d647b4;CO_1b023db7bba0059384bb;CO_20b4ac8ef1702d9ed583;CO_21b9877b53e6e221f5b4;CO_2e18e12a751bac813306;CO_3ce59e84971bc7e65e82;CO_48af26beb80f0b14f336;CO_4b923f871476df9f163a;CO_4bc5b5c0c74badffcc7a;CO_605a08e12621526ebbde;CO_6592e596d7db6dd03867;CO_68b6e1a360a79816132d;CO_6a7c811c3b7fc53a502b;CO_6bb5da214d91947d0bbf;CO_6d875647ab682ba3b53c;CO_6da250517bb794e579a9;CO_76f30eda1e455976e554;CO_884acdd36915abcefa87;CO_8a7cfae5dfd8b4aa346a;CO_8fe57443675ecebfd10f;CO_94f8607915dff25f013e;CO_976baffa63246b26ebf7;CO_9e85129d32f8e71aae86;CO_a05198938c6ca8cd5628;CO_aaf696dfb23bda5f6bd4;CO_b1085a6893111a20747e;CO_b69d122c8ac319ed82b2;CO_bc063d436befa40f527e;CO_bc5c4dde1ae963b4604b;CO_c857613e57db97455e0f;CO_ccd8d1f9b9e281fb55f4;CO_ce15e6aa48d2b93e59ba;CO_d58144b2c72e6dbb321d;CO_d84dfaca7672511888e4;CO_e00323dc94728a9072c5;CO_e84909d7fba7798e68cb;CO_ecac903ea62dc1d5446a;CO_ecd8409a7716ba7f20b5;CO_f0b48f80d727675726cc,VO_b910bc8c3e32de65f394,1,,,False
PE_e4c541913dac4c0bca3d,2014,4,2,CT,2014-08-18,unique_genuine_volume_observation_date,2014-08-18,1,CO_3028bc1d5b23477babe4;CO_3b37ef6a1be31e06efd2;CO_4467087e96d38d1fa376;CO_50f72405baf11b0f73f6;CO_6656cb1339533eeca998;CO_67808345c03f01f0c2dc;CO_7045d16ae7f043ec2577;CO_73690a453acbf75e442f;CO_7855619d06791afc38b4;CO_88f585ff7cfcbb8ea4dc;CO_89f6635a8eeb858e2477;CO_8a8b6089b6da2f1ef8b6;CO_9509368b9a5172b8d96f;CO_96c5f63935aff2e9887d;CO_97425fb92d41faa1058c;CO_9da8780a381915da91ad;CO_9e18318308013da25bb4;CO_a037a7dfaf26abe1265b;CO_ac1f1175a35ecd20af11;CO_ba533966ff149ff7629f;CO_cb7f82dc3ddf71d511da;CO_d16d9428a3ee34d3ca51;CO_d6061bbee6cf13bd7376;CO_d896af65d5b6b01300e2;CO_df4011e630c0cda98a23;CO_f2c817c54c633111a098;CO_fd0d5cf8daff925c6e74;CO_fdd2d9e412262ef6382e,VO_4a0d1b84f8145e03eb34,1,,,False
PE_e517c68ccbe2e4b52791,2022,6,2,CT,2022-08-19,earliest_valid_date_multiple_or_no_genuine_volume_observations,2022-08-19,1,CO_0629d63476c157a6cfe2;CO_0c9de27d6a59e0356abc;CO_1180705d05bb5bbe13b4;CO_11c74eb793a0b17efc3b;CO_17faf4674e7abf0386d1;CO_198446ba5afa8c3d2f55;CO_19ca3f293ab7a52d08c7;CO_1a6bb835cc2fb9197b14;CO_220827bba803e9745d51;CO_39be3e9ed2896964ab9c;CO_4069dc1609079cec344e;CO_4da555fc4e0b9760746c;CO_5480ab857f30bc9abdc0;CO_5c17cac5569c1ab72a3f;CO_69aaff9a5942f959ce4a;CO_6bc4241c53de1880c938;CO_73bdbf955c7575599cb8;CO_753f5d07dca28b828839;CO_7e5b72c6fcb592801b31;CO_7f4a4926467fb5c872fc;CO_92414e34ded3540b1074;CO_94c8e9960b7d3483d72f;CO_9829e33a5e8c2ed1441f;CO_a190f309969254e596ec;CO_b954bc4acaad1bfa4368;CO_ba1b646a08d80a1f0447;CO_be749fcc6211147583ba;CO_bffb5fb92a47fe78c6f4;CO_c22e1a4acbd2d996ff19;CO_c60d521c8227d7b795a3;CO_c8501817fc5721471599;CO_c992765e80516d6043bb;CO_cd7461b614c43ae74a28;CO_d2388821e8b13716fc4a;CO_d3bc7beb95452a5c752b;CO_e78dcd2ab23bdc60f1f9;CO_ea8114c29294bf6af9b4;CO_eb861137efa007794537;CO_ed042e51f6834de1fbf9;CO_f56ec1c042b23c79743f;CO_f91fc71f52e3575c6bef;CO_fb7fb643eff7a6fe3ce8,,0,,,False
PE_e54a1b2fb0b2d2f3c583,2012,5,1,ST,2012-07-16,unique_genuine_volume_observation_date,2012-07-16,1,CO_0e6801798cea548d4bdb;CO_26e1cec2d5ff636dfb44;CO_61cec61790921365d0cf;CO_659479bf8d744193a307;CO_744bd2a4699976ac770a;CO_7fe7914ad0e020225f68;CO_81b8a03f97e8787c53fe;CO_ad90e46468712810ff46;CO_cc87d27285025584dc9c;CO_d2a68373c3a2b70a57be;CO_e68482a025daca88c65c;CO_ec622897b2dfee825027;CO_f9ccfa3550a5999256ae;CO_fca1bf3940c075429255,VO_76b6aa51a29858fdd759,1,,,False
PE_e582d3221277d02f35d9,2024,2,2,MT,2024-05-30,unique_genuine_volume_observation_date,2024-05-30,1,CO_02ee789c262b6c132f6f;CO_04e4a30a0f049f84b84e;CO_05550bc685f04599b689;CO_08f88745513481cad0ad;CO_18f86223e00f5b889db5;CO_1988a3fc2f80dbb68ed4;CO_1bc3201a9f24a2fe48f6;CO_1de4842b42fa3db35fc4;CO_1ea595757b9384954b7e;CO_2740f81654acceabc831;CO_28096b238fafbfd5abdb;CO_2e64f1bab2a90810f555;CO_2fa382a80d7c2d794f0f;CO_3055e0d8130c7a197bc6;CO_313cd30d563191516de3;CO_34a83fb0d8b7ccf29a39;CO_37ca9da7a4047cf662ff;CO_38320617fba1ffdacec6;CO_3c74149664dcf7405b75;CO_3c7937b99828817c3a6d;CO_3d22c86ba2c90c0b43fa;CO_3ed73641fbe87cee155e;CO_3f83e9ad5be63bd5bf2f;CO_4495c083aa62a15216df;CO_44c875a35e8cb3abd388;CO_53231bec36fa744534cd;CO_5672097b893f34d3a742;CO_7bc74860bbb140008e55;CO_7d93861792f43ad6e66a;CO_7e83db4168a09a313a5b;CO_7ec7bbd3677bee60f1e0;CO_8379c02e9fad4fd36a25;CO_85432a9890aa50717334;CO_8742da12785603740b63;CO_8e2d91da4e36f2d82d3d;CO_8e71b24534e9f3fb3a71;CO_8f61140318317506ad07;CO_8feef12594795c0fc3cf;CO_91b610d1815106e9edd7;CO_9bd5fffa3cff38131943;CO_9e390d63ef52e8b1e4ba;CO_a09c468f040590c429ec;CO_a71ac08732a219d79fed;CO_b914d613c73fdf0799fe;CO_b918aa98486b0540eede;CO_ba64fc14ebb32368ef76;CO_d16f88f0b0533679c362;CO_d7e1edcac43af8cea143;CO_e33dfb0bdb9501f94794;CO_e78f27ab3ef177a9926e;CO_ede3b7fdd76caff72fdc;CO_f3144649041a0c446770;CO_f346692204a77ef73594;CO_f44b7809595e5ebe3bb4;CO_f644bf9e43d3022d476c;CO_f670e8a5860878cd832e,VO_1c2f2b7a1f1674230df8,1,,,False
PE_e5b7650f3b7e52f1a1bf,2014,1,2,ST,2014-07-02,unique_genuine_volume_observation_date,2014-07-02,1,CO_011ba6714bb62f0bcf6c;CO_05b4204a40b597ca2449;CO_091eba7a9636388dfd27;CO_0f95db90112a9f3f54f8;CO_0fecf9247f3ddc84db8a;CO_1801df91427bcf4ee00f;CO_1a5de96b83081a02b1e8;CO_1c0a41630b5cac336389;CO_1d0ebea552eb43d0b1e1;CO_210e3b160c3558185094;CO_22fefb3e2c6808a3abe2;CO_23b0cc711cca64622741;CO_2aec3694418f35d89c5d;CO_303d16437f94b96178a7;CO_371b6f93d25d6a62a254;CO_3b858550be000541fefd;CO_3bad45f2cc9f047e72cd;CO_3d171d4c4423b6e6c366;CO_404c93bdee16f75b1fa6;CO_40a7b25df619e088c9ea;CO_4cd494a6e0447cede805;CO_530e302cbd894d6a4907;CO_5779cc39462de115870e;CO_5dd03d9f486669f7912f;CO_65882b931b71f92c83f0;CO_673f370f5cf171725b60;CO_6a25547cf30b010a2206;CO_6b0eca2358236e3c6398;CO_6ca4d4e5044f37e76e0d;CO_6dbbf5bcfded23c2d3ae;CO_7b50cd2d97ecd8db6c37;CO_9a2828436192bf4934b7;CO_a1a9a25355e53c399651;CO_a459f2cbd08e7c472a64;CO_a7631504c6cdcec67bd3;CO_a95d2c0321d09e7091a5;CO_b3ee10c634d0a6185ed7;CO_ba144a526cbbdfd9f1be;CO_ba60a05324e378847045;CO_c181bc1cc850429bb726;CO_c75de23d89df36ba9212;CO_c8a3fdb7844b5c8292a0;CO_cbc565903562bee976dc;CO_d1268550d1e39253eb27;CO_d2150586010e3b313070;CO_d22dd4c1433727c0a56d;CO_d6a454462332ea7313a7;CO_d6d2f849798baaeff0e7;CO_d6ed25f6f21d5d49a589;CO_dce9528e18b18a332166;CO_e030bed772710c63bc82;CO_e3560047fe3c82c2f0c8;CO_ec216fb204db213fecf8;CO_ee4f8781fe28ccc75193;CO_f7d7736a8f77a4940642;CO_ff2ff06d882cdc1f6b83,VO_962352a38f9152c1bef2,1,,,False
PE_e6892c1c4df9f9956548,2025,1,1,MT,2025-06-30,unique_genuine_volume_observation_date,2025-06-30,1,CO_0252656a94fd2e920b5d;CO_06c06a20cafb2c5e9b72;CO_08500acfbe7cf012c9bf;CO_09d4056ab4955fc1a72f;CO_09ededdd60abc444991a;CO_0a1954a487177cc71710;CO_16107d13273e7aea6cee;CO_214ed1d843bba0884f63;CO_26da6cfbe7dee1902c7f;CO_2850d21e6f81a97b745f;CO_2d4bb122893037ed1521;CO_2e0d5f94abd6f7f4f663;CO_35edaef5199e008dbc05;CO_3e872c0bb49374e4bf44;CO_429df0dc020155e7ff5b;CO_42e4b35f11ca5798b676;CO_452e26dfb029d1965146;CO_475e5f68113b7845854c;CO_49b3c61b205e1f8ce2f7;CO_4e10276779895cf4ad0e;CO_4eef6101e21be13a930d;CO_5047c52df0613016fb90;CO_5175c49e0f8899350452;CO_5506655794c9a46a3ad9;CO_56fe4b09b0b1481a7899;CO_593543ef557c79fc676c;CO_5a44ac656fe77e6f6dd2;CO_68e1e435db6ab43fd38a;CO_6d094db49a6e224278dd;CO_793de180d506f6cf4f63;CO_8d57a52196dfab7020a5;CO_963c06702e74beb96ffb;CO_a04f132c7c93df8b0d89;CO_a292bf9394e38cbccc4e;CO_a5ae3f2dbbf72da099be;CO_a62699c162816b54c117;CO_b02cf07aeaef8c329190;CO_b797d397acb6b79e31fc;CO_b7ccca6c9d523e062300;CO_beafd6443cf2f027ff50;CO_c393f6347e02530ae0ed;CO_c4782924e837584aa09c;CO_d1f1775ac1327fc68a4e;CO_dae40fcfed8e9ce405c3;CO_db3a43b2669eac089091;CO_de27088fdf91b0a55c11;CO_e133553ea138da0438f2;CO_e5baabbb54bcea599793;CO_e5c31b7a40373b6459fa;CO_e7c3aa32557c7cac5c20;CO_e8c63c8326e99ca6c5a9;CO_ee94e4657435d160b46c;CO_f123b11b028b59b48fda;CO_f53c1ad5dbded0ff1632;CO_f69b0e3717c397d562c3;CO_fd85acb07af078e66c6f,VO_2b0e33881d10b51deae3,1,,,False
PE_e6e65791cef10ae1aec3,2020,4,2,CT,2020-07-23,earliest_valid_date_multiple_or_no_genuine_volume_observations,2020-07-23,1,CO_18d37c950a3e810d9b9a;CO_37c39c93d0e248ee3b49;CO_4046c1be5d83b63076d2;CO_5447073e7cc658bd9dde;CO_5a2398a2ea274d788e47;CO_66a83b34814f03feb196;CO_75abf1771c0d9038e452;CO_77a767cd6f9d94bc56b3;CO_8565771b950a8d8656c4;CO_89c6d52042f5a614bbd7;CO_8e026249d6e13084bb20;CO_a4167766b94bc710c11a;CO_f1ece3b02f1e5989bb09;CO_fa37cba3a69225776601,,0,,,False
PE_e6f216bc2af9baf87adb,2014,1,1,ST,2014-07-01,unique_genuine_volume_observation_date,2014-07-01,1,CO_0a5b046d07f6f971b777;CO_0a8e1918dfba7f1923f2;CO_1619b349ceb6697a8c7d;CO_1d28c120568c10e19b9d;CO_1ee4e10c0c7e1bd5ff9c;CO_258c2d6e1ca3f773b165;CO_2986235bf005d62e760d;CO_2d6ee4442604779303ee;CO_3093cd4a889c179e62ae;CO_34687244ea3d9b9561c6;CO_3f9eb849d10083d521ab;CO_490c19f4dfce16f41a6f;CO_50f33355a7ee09448ecd;CO_567c38161a125f1d0497;CO_56ae926bb84a85df7a32;CO_5c8d86efbed3385130b3;CO_5ec1a0c99d428601ce42;CO_639bbadb23f492bca693;CO_696561fc3de0e5f2291e;CO_75000e2a4f87a5ff60f3;CO_7536db66480f6a7c7479;CO_77264818a004f8709185;CO_804310e173a8d819d9db;CO_81ef440003f4e8657159;CO_84ef557b626c0d70750b;CO_886b73d4b098e551f1db;CO_8e172c4049628eecbbd6;CO_8eef7b3b7db2bf8a7dcc;CO_92abb80a9a9b828aeeef;CO_9470307c220df157686d;CO_987b03e6577b97aa5d01;CO_9a500366abbe7591231e;CO_9cc0f9f3386a6d0b1cd6;CO_a2242bed4e70f78d8a55;CO_a655d31f8fc6fec80d8a;CO_a9695960eb99680a8291;CO_b2eaa05bb7f7dbcafb42;CO_b5a711fe7e9205181630;CO_be47addbcb8f60566a3d;CO_c272323429789fe45ac5;CO_c851c78a559973476842;CO_cb5611d87825a1dd6d0c;CO_ce16559af2caf7bb54be;CO_d0832287613be2ffed93;CO_d66b138c54ab92e2b9c2;CO_d88e4a72af6b2d5e7c73;CO_d8ed6dce12debd773d00;CO_d8ed8ca27d83a63df698;CO_e3cdf831327649dbd439;CO_e7307d066eaa94f6e5e2;CO_e7d5f7be5195d60646a4;CO_eabee6aaeeceb344e06c;CO_f15ada2be545a3a27bd7;CO_f31150fa8c7b381dace2;CO_f7f48475bdad14db54a8;CO_fb95c2873b331ea10bb1,VO_c092cbfb51a092e2da07,1,,,False
PE_e743f4558cfa24632460,2022,6,2,ST,2022-08-19,earliest_valid_date_multiple_or_no_genuine_volume_observations,2022-08-19,1,CO_043b901f48c813cfb6c1;CO_063f929aaa939e1339e0;CO_10817df0e1576683281c;CO_10dc3974968a40b48292;CO_22650cc4e64b7f6f36e9;CO_2d7653f05e02be2e146d;CO_2eb209422cff70dbd08a;CO_4127bccc19dff8f72c59;CO_4b8ba4b13094beaef100;CO_57d801bcdb2250decdb6;CO_58a60bfe9d4c2b533f34;CO_5fdd3001da5553239a23;CO_614f5408eab24ce643b3;CO_6427f142aa8d5aea3869;CO_6550bd8d08aa1c1a57bc;CO_665b60a4fcf8949c6071;CO_6874795ba0db630dc37a;CO_6c94598e6eef00101c6d;CO_7880bd7fe5dcd28637ea;CO_7890391448702e41bff5;CO_81f27f8a7d8766c72c03;CO_8835f492a7c86f65d900;CO_93edea54a28f14ad724a;CO_9773d378e2e0c6ea4210;CO_99233bba76df9b9c0fad;CO_a47d74af6f265eb732f1;CO_a4fd40788cd53f2f10dc;CO_b33722a436bb87d876e4;CO_b9743a4ad16aaa8d6378;CO_bd3a662596c612ba7cd9;CO_d111345e9ce285f78e87;CO_d50d8ea32d67d5120a3a;CO_d7209b9048e4cc4e7cec;CO_d7d0742c3e1330208497;CO_e541292b3dbb3fc911b4;CO_e9ad42e2c3f4805614f5;CO_ec2a01611db7fd2f95b5;CO_eedb339e78fb24575093;CO_f19c99fbe5a835630d6c;CO_f3a2520e31202df12b1c;CO_f50c8eb95b1167aa4a20;CO_f87279bd803c73dc602d,,0,,,False
PE_e7adc6803f9ae278362b,2011,1,2,ST,2011-07-01,unique_genuine_volume_observation_date,2011-07-01,1,CO_0d9a5484f79ebe89bed0;CO_10e35e8e93e91e58b54a;CO_26adad3a50f1cbe2117e;CO_2730a07b090013287fb5;CO_312e13097f2ab4e2382f;CO_4ef4f04a59429e5de484;CO_6b24cff1a042657a0e0e;CO_881319805b315e205edf;CO_93890c625ccd03ca9cc4;CO_b4170c25efd27ef30572;CO_d7b6fab9aa91943de418;CO_d7c3a5e60e532e229d0f;CO_e0f8aece47e9bfb35bb8;CO_ef2d127de37b942baad0,VO_65fe3684bea44f9850b3,1,,,False
PE_e8e143ce24098f6b3f6d,2017,1,2,ST,2017-06-27,unique_genuine_volume_observation_date,2017-06-27,1,CO_00039a15178b11924de2;CO_01bb1315f5b8bd71c8e6;CO_228971770cc3111e6ce3;CO_2293091e01f7ea667a55;CO_2c9fb707179e12fba74b;CO_32502c3ae072641a6992;CO_39e71545d840848a9af1;CO_3baf3ab2c95ce1d83110;CO_3c8a2ab40a0c12216893;CO_47137450b104df459ba3;CO_4df09a20d533ac24d53f;CO_50c50440622e5b6f8535;CO_56b946435788e7c6f9b7;CO_58180bb12beb55a4bffb;CO_6422cb4858f15d79a373;CO_663f73f8af157c158248;CO_664ed72cb47df01e52aa;CO_6da861ae9724bd965c23;CO_6ef6a4c45ebe0bc78860;CO_85ec38d85c901fa25767;CO_8ba36ede1aa545ad0134;CO_8e1d4563e66a12da2727;CO_90dbca35cc682d5b4c2e;CO_914a2d234a223b05b039;CO_93f9c262828299ee745a;CO_983bd614bb5afece5ab3;CO_9fec633b85392ac84206;CO_a7d55bdbd1e0e89b9193;CO_a8cbd753576fefd64eb1;CO_b8c3aaba4f8e9d4314fe;CO_ba9b89b41da230235c2e;CO_c3ea99f86b2f8a74ef41;CO_c56b05eb525718f02df5;CO_dd6103b473273ecdbf04;CO_decb338396649819c048;CO_e2a7c0cee2532af560ca;CO_e58a1066468ccd6f8f67;CO_ec04d0809913c908feb2;CO_ed5154e1696f8c6c6eb0;CO_ef1d71643fa87d1f3577;CO_f32828acecb4282c87ea;CO_fdba794336e0776e1285,VO_1941f2852d52b07e73eb,1,,,False
PE_e91aef82d1d0158c64de,2016,2,2,MT,2016-06-20,unique_genuine_volume_observation_date,2016-06-20,1,CO_00328ce57bbc14b33bd6;CO_115283a85299d32d9157;CO_1ac9890a9d941983c35e;CO_2dcbe2f9c4e16682ff29;CO_39768fe41d5900b46d40;CO_442fcac005ed319197fc;CO_5fa75ee2c5383fa601a4;CO_644fa664b5a5fe09a0dd;CO_67b75961400e53222b01;CO_7b4f6f46093c9812bff7;CO_7ea36c80054495a512a0;CO_83545a4189515cfe34f2;CO_8e0dcd78319bf912dbc3;CO_919c68ff757c3fe51864;CO_9931f287c490c56245bb;CO_a02947deb404345ac2c6;CO_a0d177b4967a6d99f4ff;CO_a58b724c8f5078b3ff31;CO_ae08ef776d536d49e5fe;CO_b096558638428e20d418;CO_cafccc6be8406cef4211;CO_cceba0e36b2704677e40;CO_d1c14636c83f8baf8d96;CO_d6d6981499b6b17b625d;CO_e240d823b80dbc10f618;CO_ec7e719b88fbb34976d2;CO_ecb80fffef1947a59eb3;CO_ecf9f7d6812e6b6dbd2b,VO_7a7cdda98ddc593d5f74,1,,,False
PE_e92a1d87a3645647bd4e,2020,7,1,ST,2020-08-26,unique_genuine_volume_observation_date,2020-08-26,1,CO_04786952027e5912b3b7;CO_06de973bb45531d52cdb;CO_160e12d976980a7c93ac;CO_20992b578f52b9a35721;CO_25dcece36ebd3d3c75a9;CO_270651be075a58532f43;CO_3581b125128cab6e3253;CO_38a0ddf1476fb458ee1b;CO_413796c28a957ba70096;CO_4409c919f040e01300d8;CO_44fdb1ed087fba0eaff0;CO_4c1c4d7b2bceeffb4c4e;CO_4cbb69ea6883d7b972d8;CO_4f55f9efea280e165432;CO_5664911fa1d27300a9a0;CO_5a54ac537c15da5d3847;CO_5bf77ae1f2bf7ff257ae;CO_64e14e2ad48c0dabdb79;CO_679b0ecadd205e514350;CO_6f56be29dcf17696fdf3;CO_75393eaa5e863973fb99;CO_7ba6ee55c0e102c9d92c;CO_88b54564b232405ab216;CO_ae1f31e1ba28b07bde59;CO_c8d5b8521f1a583ae2a3;CO_cb07f62370aea31ed7d3;CO_e8e8c390ee664f9bb3b1;CO_ef4cf73add6b6f476ece,VO_ff6f66b122d47fb494fe,1,,,False
PE_e94ab9d8c2491d471785,2020,6,2,MT,2020-08-19,earliest_valid_date_multiple_or_no_genuine_volume_observations,2020-08-19,1,CO_14efe7909cbc806e2dde;CO_203268462b5096255a18;CO_20c4e0f031bf35da9d08;CO_353767b239099863e13c;CO_3880c1f7921648251f65;CO_5c88ebb1c6afc002e9dc;CO_6d43c88d47f13011d1a5;CO_a2258ffaf9a1490a7a7a;CO_a4ec28637201b5e6679f;CO_bacd94ac47940f109063;CO_bdcc8b4d625fad8d23e6;CO_c6a2b6495f55f3de2930;CO_d0ea28283d465708b255;CO_f3a075fa8dff34489490,,0,,,False
PE_e9b4025c029d683e1a32,2013,2,2,MT,2013-07-03,unique_genuine_volume_observation_date,2013-07-03,1,CO_23793f85cf1f0dff8bf1;CO_36486ce645c17c3e5091;CO_45113af9c39c6636107b;CO_482d9673cfee5de391f9;CO_5d69d55ace245c9ac57a;CO_62b4a761bd43e3883af1;CO_6538560694768f51e855;CO_8552b874fd59a64333e8;CO_963305f6b74038853218;CO_a858a6af86bc4dab12a6;CO_cb69775effd93fc34ef3;CO_ceadcae49cee8904c055;CO_d62aadf3e3d90c0dd37d;CO_f60a4e204e26ba14f7a9,VO_5177d303e4548e399707,1,,,False
PE_e9d0921860cc7c87fefe,2015,4,1,ST,2015-08-06,unique_genuine_volume_observation_date,2015-08-06,1,CO_061b4fe85b47a13e1887;CO_16744de5ffc2db508428;CO_1bcf54f5e80e6e18e63a;CO_529f374827970c8f1072;CO_7b6d57a3fcb869bbe04a;CO_7f048c26d647f131dcfa;CO_7f9401303ba2dafb41c9;CO_8fcc65c79183c5b849fb;CO_ba93a0ae5f3739678eeb;CO_d071cbb875fb17671fb0;CO_d35a38076c32b48db0db;CO_e4fab55e051cf7e98c8b;CO_e6fd7e66c9602a122c58;CO_f0bc318fb8965cad8d73,VO_95451622754152b19676,1,,,False
PE_e9ed7c0da6f350ec0ebd,2021,3,1,CT,2021-07-29,unique_genuine_volume_observation_date,2021-07-29,1,CO_027ffe049491405f2a03;CO_052dcdcf2185a3e75c36;CO_08d521440e163f12f366;CO_15a292d9b8cabc763cdb;CO_206bc84a380b29acdc42;CO_23e8b0175874e1bb3b47;CO_31bf69fdbcca93c7f454;CO_32948fbafc29b36f18c4;CO_361603c11612df16fcb9;CO_3bf362dd9a328a6877a4;CO_560aa3e6e94314c78236;CO_619b9764b0f5da3d2054;CO_61f1658abb2793093fd8;CO_6c2b72646a82124ae092;CO_7616bd7ae596b2141ed3;CO_797ce43eb4d03351efc5;CO_8349d73d92fabdcb6676;CO_848e3fb85d62f31af8c0;CO_8823cb085340ecf8c46b;CO_885bec1d0a921e9e0e15;CO_91f80f3e9861fc97bedd;CO_b4e2f3688c0ea848c8b0;CO_bf0a60ee19adc7954e22;CO_ce5080cd4ae9722f2d5b;CO_d21cea57447c0fff302a;CO_f0fed4506f7273edf894;CO_fc5e65b70774ed97824c;CO_fda3f9dbfd08f12e44bf,VO_0a2d0b9bcd733b37a7a7,1,,,False
PE_ea4184a89b91eb4646ad,2022,6,1,ST,2022-08-18,earliest_valid_date_multiple_or_no_genuine_volume_observations,2022-08-18,1,CO_050efc1e8c81e0fa3f40;CO_063c7e26136632a6aa96;CO_10328971ea9db3098028;CO_11bec72dc466196d94e2;CO_126b4c23aca501658d91;CO_1299c06d517825c0529d;CO_1c37f887fe791582bffd;CO_225a63e4401d48797861;CO_24be8ee76308afb924ab;CO_2bb0406e8c10376d205b;CO_2c97c32b6a379f765a19;CO_2f0c4c6c0fff94712d88;CO_314e9ad1bb068ed152ce;CO_36a4f11f8ddfc2967b33;CO_3769a1b69016a99291f6;CO_3ef9dba1efc953a84e16;CO_4cbe3d6227abe57a8011;CO_4d872d8aa28a42bc54bb;CO_4fb94f5f59bfbc426cd5;CO_560b29022e637e13a843;CO_5f207ac3809ba0a79658;CO_6a60e32785979ef2c8b8;CO_72a2d4365f37780690ee;CO_819a8ef31663c3bd15ae;CO_8a5edcf749e61d96fa09;CO_8cd70bad4f1b03ddc075;CO_a8a043a8fd2971255f8f;CO_ab0a2f06f511f3f8f684;CO_af8f3ca0977fd4f8c108;CO_b4746d5e8a4c2ccd1f3f;CO_b6f6b6715fae0829382e;CO_c06d5bd838889d792517;CO_c863f0b0ef26fc51eadd;CO_c86a2932e1c79343a3c1;CO_d0c15345f88c852c6540;CO_d62a7b3da232bd0ac1f7;CO_d7b06c8f67e343e06acc;CO_e501aefd1d6233eb9dfd;CO_eb25198438a00b734ec6;CO_ef501c2555ae9e3de6e2;CO_fc68db482144dc595c5f;CO_fd80a10108073b03702b,,0,,,False
PE_eb6fec5adbe358422038,2019,1,1,CT,2019-06-27,earliest_valid_date_multiple_or_no_genuine_volume_observations,2019-06-27,1,CO_137ea7d0d28a4d3e9f79;CO_1d0c2d6ea2d7578bc3f4;CO_539fe5a002c706d683de;CO_794608c9aeeaae5bedb0;CO_8780876d4ec2824442d2;CO_8a65d2c8be12b027bd8b;CO_8e801adc629eede87d4e;CO_9b4e11f50ef08445d978;CO_a961e53681e4602ff966;CO_b695396d3070a538dafa;CO_b7c7470e59e2a2df1bfd;CO_cf6f8c91b5f482ba77b3;CO_e1eb2cce70b606e455f0;CO_e4819f21c5e21c3a048e,,0,,,False
PE_eb7e4b7d6a65d5aa6a4b,2022,3,2,CT,2022-07-14,earliest_valid_date_multiple_or_no_genuine_volume_observations,2022-07-14,1,CO_00476816e43cf2efffda;CO_09c517a3b56dc0508ec2;CO_10f15d8a9d76da2d65de;CO_13875e7f1f8430b4cef0;CO_14dadc2daa92f21b2b91;CO_1cac2e47c58f84d0b8e1;CO_1d6f777772c66c6c8d40;CO_3b86df3ff95ad2fd7210;CO_3c222442ae76ab697428;CO_4539fc5cdb4e80acaa98;CO_4e0050fee02b9fb3f3e6;CO_5008a184a9ed025b6380;CO_50d5fca1f36562bb2bcd;CO_5395e1ae8455cd547ea5;CO_57bd33ca3665300a96b7;CO_5d1d00a88c8477a1e7a3;CO_5e12fecf37fa71ced0fc;CO_609c2424617781a506bb;CO_62291b4d8ec9dda12a7f;CO_6e686f3131a0c0d49bfa;CO_7d608decaea5ec08bd41;CO_8202c37e994f4722947e;CO_825f11613c4f2f302f06;CO_833b8f255b2aea609977;CO_8d5b9305d267b967c9ac;CO_90b5bc7f03c840b2efdd;CO_9c40e32b0b50b13a9865;CO_9c67d3b75b1e83648984;CO_9eceb5452d73befef385;CO_a3aaf5a0e9ad2901ab35;CO_a43acb05a323ef7abf6c;CO_b74b161d6ec2fc6b5345;CO_bb3d93dacebf28916d61;CO_c08ee2a296e9cc80f185;CO_c8aa21ac97385cb8c41a;CO_d6e41881e36ea3968ac9;CO_db52b9f28db37f73cfdc;CO_e954f5d71cca9d0b805d;CO_ea7fa9e4cbadf1946999;CO_eb1e5e263728cf6e25c6;CO_ecbd0a80229cafcb469b;CO_f86dfc0a708472165c9e,,0,,,False
PE_eba40b08b5ce69421768,2015,6,2,CT,2015-09-01,unique_genuine_volume_observation_date,2015-09-01,1,CO_06d6cd09cf62841e901a;CO_07e9bba1c63a7a01f935;CO_14a34ef3c581381e1394;CO_19eeffc3c1eb7dd8e27c;CO_253ed720e13b61f5760f;CO_2b1b9551a3a80978224a;CO_2ef27aae1ccc1a007d08;CO_33adbae8f83793cf6dd8;CO_39bb88f40d3aa2b2fe9d;CO_3a4ca1ca25c704741533;CO_3bac6e430dd30be56abc;CO_3d73cd5cb74f8ab1d449;CO_68f2e33049d2b239a97b;CO_725f284f12677a172c9d;CO_7c252ab334fb8fd88e82;CO_88b74a7e58a5cf0acba0;CO_89086fb5ed35208767a7;CO_8f555090a20bdeb4400c;CO_939d830ab95583e58c2d;CO_b2493a63065944321efe;CO_b3e23bcee2ccb38ffed1;CO_b8a4ead8b1c14b98c282;CO_c13ed907812211331906;CO_d0d1ec183968331fab0a;CO_d432d25303d86319e800;CO_d95c59c87f64adc61399;CO_ef5808a3e5ed700ebe5e;CO_f0801a7aa4b5b7650be5,VO_d30908519303855fbe91,1,,,False
PE_ebd22f3a15b20eea0e80,2021,5,1,MT,2021-08-25,earliest_valid_date_multiple_or_no_genuine_volume_observations,2021-08-25,1,CO_1a5fd4b21080a2de6faf;CO_216e1d5e18108dfe784e;CO_21b727dd2bb3899c46db;CO_24816f634261a7c1c9ee;CO_29e9d2413b4c4d7362d6;CO_2ac3d0641e3707ad6ab6;CO_2db65c589998393d2976;CO_35eb479ee85628b90d5a;CO_3c7217bd6d2c58c67e93;CO_3fe9eb6564da9fb4b187;CO_48655209b94398a314c9;CO_4aaf3134cd70f84acd81;CO_4d2cd3bde1f788266130;CO_4d5f60d62b859ce23060;CO_5549c0d54cb3bce4019f;CO_6493b0d4884a8d45d9e9;CO_67175aa0ed7362d6fce7;CO_69fab7faf4c692add7a2;CO_6df26dfff059f42aeb06;CO_72933e3b31f0070af647;CO_7bfd4346ed4ce2e6cbe8;CO_84c6c2362865e35ec5e0;CO_85f72074abb94327414d;CO_86d3ce8c4f7dcd366860;CO_86e51921ce61732ec7a1;CO_881c7eeb306de8a0122e;CO_8c77895f23a543907d39;CO_97541fa225fe02ddb1b3;CO_9855e2a46b266ca4aa54;CO_98ee81c41d70b85ddfbd;CO_9f5923259bf6c7b9bb3b;CO_a3b4f619337e9bf6bd25;CO_a7d2a606c6ce4168f1f8;CO_a9346b0068335c634304;CO_acc3436ede68d3fcffab;CO_b28e4713d0561c0d09bd;CO_b5799e91a40ccd33bae0;CO_ba03cd9ba89f9e73b12d;CO_bd3a797ba94893897896;CO_bdc1cc5988510c331dcc;CO_c2c330a9f0671dda6b0a;CO_c2e7050a95e59f725244;CO_c324e12aaf1e87a0fb21;CO_c4b6fe20fadf12a363d8;CO_c5f89ad7a849c0dbf32f;CO_d0f25b8abbbe4b1cffbb;CO_d3d3950d7bc298fb892e;CO_d8ed0b6368d911690305;CO_de50a7572962ea01141a;CO_e1bb74a7794720edf493;CO_e2688cb007b9ecd1db04;CO_e2955c25a15d5d1ab671;CO_e62e4120ce246492a612;CO_f460e3b31fb48605538c;CO_f463fefdbeab73891baa;CO_fa22eece87a20702dedc,,0,,,False
PE_ebead115648e1ebda0bb,2022,8,1,CT,2022-09-06,earliest_valid_date_multiple_or_no_genuine_volume_observations,2022-09-06,1,CO_0bf5f896544da6d0c594;CO_0c307026c1f8ffaed3c4;CO_0f0033e68e1c15be4239;CO_12077533594ac43c9547;CO_14b76d13a16412aeac0d;CO_1b0e397c08ff82980e53;CO_1c63ed9164d61acfd1f4;CO_1ef4d1f7f71c3406ffe6;CO_39cac03dfa26bae42aeb;CO_3ed23197a0865b6d7eae;CO_4d060695333ebeab7858;CO_50aa667977a7ea4f2b45;CO_5e6a68690ab43507b80c;CO_5f36799f6d408d2c59d3;CO_609902f4bc8cf2fe4ddb;CO_63a4b69673ba773821ec;CO_6bd54958b48209de99ae;CO_6d062d0eb980bc684153;CO_721b4bf269d27a16aeb5;CO_74054ed7c7526fa55724;CO_74e06e9fbf9e88254ac4;CO_873bd5e10c28890f7e74;CO_8c93cd35d2c753657eb0;CO_a77b3237cb73acfb0e31;CO_af4d5d2c4a4bf9727fc3;CO_b5e7b0e5f7d0943095d9;CO_b71e3f9398381b230c89;CO_bbdd91b14d4efbd1deb2;CO_d0ffa3b8cf4c96239292;CO_d19244776836a8a2523a;CO_d5aa5e4ae9fc04693174;CO_d8d79e7f3e79fe334a98;CO_d9878c9ba883f523150e;CO_de3ab843c46b152ce475;CO_e49ec846db7527df7ff4;CO_e81c1b9b7651f5e2a361;CO_e9c80a40f4a06237d79b;CO_ec1c7d93ba051204e4fe;CO_f035c413db14663169bb;CO_fc4fb94d36f45aa9d133;CO_fc72adaf79763bc48e9c;CO_ff2fbb2c3bff60dda450,,0,,,False
PE_ece5ee3d9a47f8a4b70b,2015,2,1,CT,2015-07-20,unique_genuine_volume_observation_date,2015-07-20,1,CO_093434a3ee9e0a010bb2;CO_0e652b392bbd6ab2fabe;CO_15ad62b0acc9b211f656;CO_15e455ddba0cbf83d388;CO_1f0d41c157a1400e3284;CO_2f5499ef14ae06e843e8;CO_4014e91c398f3fe2460f;CO_424b10b7bd3ef3d073cb;CO_521ea9c60b025d7ac36b;CO_571a94e592a83819acaa;CO_5b5307b0726a8442cecc;CO_651f3931aac1c27183fc;CO_65bba5fb79d7da91ae92;CO_6d62aa4b52071e39f064;CO_6fd9a41894eeed8dedf1;CO_8117b6a362ed8b065bd3;CO_89318a103722e26c214e;CO_8ddf24ab1d3a7c9166e7;CO_9f3e62b138fd783f92d5;CO_b24e3e21870645af14da;CO_bad1549d3c609346629a;CO_bf515bf88fb9df00a0e2;CO_cf830153793c89f33523;CO_d1961d93755e10b9def1;CO_da162cc722f9d53f8426;CO_f34a56ef21b0d7ab194d;CO_f7683e19b1b04aefb6f0;CO_fa2b7af0a811b9acde60,VO_f5107c4d0363ce6d163c,1,,,False
PE_ed07163240c41f058ff7,2016,1,2,ST,2016-06-08,unique_genuine_volume_observation_date,2016-06-08,1,CO_0353b5ce8cb2c50d15fd;CO_0b8c4c7c81ac3255024f;CO_12ce6d8c7cd5e52fb704;CO_18331ebc79671d436d0d;CO_29d504c9de3a93087127;CO_3a1dfb05d7257530e634;CO_4a05d299cf1bfc2678d7;CO_4acb053f04088f1ff4a4;CO_507f8fe6ee98f8146616;CO_5969446dd4d4471d5342;CO_5d6e5dacd1f15ec9e386;CO_5e87eede5b0c2e5a3acb;CO_60a8b77522161629fae0;CO_66eba0f8578c53acb353;CO_6b454452a2b647e4f230;CO_7a36b30f042b6325afcb;CO_817e970313efa2512802;CO_86e83855c103c5adfcac;CO_8cf499a9720b5ffdf526;CO_8d0c7eec258a5cfd81e8;CO_9146f9c680f13a185f7c;CO_b31f246100821b551f2f;CO_b767749a5f38ac3d8b5a;CO_b8044b04302d760305b0;CO_bc750962479787a4b3bc;CO_c76b405781134be1dab7;CO_cc80e5682a1da08477a6;CO_dea6f92efa28c6c55d63,VO_33f0869a7ba077f442e4,1,,,False
PE_ee0d84028e7204c9f8b6,2023,3,2,CT,2023-08-23,unique_genuine_volume_observation_date,2023-08-23,1,CO_0013fa1710b8b0e4816d;CO_059f5e543bd484b00e23;CO_07a02581a9042bbabbc8;CO_090ba46d55cecf4d7a63;CO_0930901f3ec11b7af160;CO_0e78437805639c14d641;CO_0fc0fe5784802eb290f2;CO_1f58dbec71994620de8a;CO_26d1f634cc382a2cb3bb;CO_285f8e7a01879313d77a;CO_2aeb41f82485c07f9bca;CO_3ba982075eba89702c16;CO_4506cf8abcffb70470dc;CO_4867c232042407950b15;CO_4d24bf25aea82d0a9091;CO_5325302e6a26d6e63f09;CO_5765dac074bd446d1635;CO_5b7267c26cc279fdbe97;CO_5c37f47e32a77a3f1392;CO_5e356466d08393171e64;CO_5f3b6732c285356be83f;CO_675b544c61ad6603a1c4;CO_6b25866c1f7dc45dcb7a;CO_6f560276324a98b18ce3;CO_71b38cb18504decd0012;CO_71b3af35d9d53d24e746;CO_777eb3428bd1f0ca3ff0;CO_7c520a667186c8e3ce35;CO_7e1de0013179a6bd7eb5;CO_805c94a358c1d459721e;CO_87a4a78ecb6deb2dee9d;CO_8c8a1dd7acaf801e3365;CO_93411f44e228b5004bde;CO_968a148ad72ff5d5da3f;CO_9988ad0a66f28fe86119;CO_9f9c55348d6ed1897376;CO_a176eeb31e601c3877c8;CO_a20c25627ed7bbb6d2b9;CO_a5ad4352319cf0e51a9b;CO_a78a64d5caf8a0e1b3ca;CO_a95efee6672d868c0b0c;CO_a9e1bff2b8e4471addda;CO_ae3f3a387677608bea44;CO_af4fa2f0266efcde6fc9;CO_b59593174a9ed010ad25;CO_bac14ac9731aad858d8c;CO_bf155b02bdf9148c55cd;CO_c08d12b1da2796e8c757;CO_c697e6a764c1950918ab;CO_d3d9cf61b7a8758a9abf;CO_d45f504deb6b2fe7df5b;CO_dd04e297c97e6da5bda4;CO_eaf89db7108470dc3f6b;CO_ec11a12590a8b8936358;CO_f93cf7884ae4933d997b;CO_fd242859bc18ffbb2b9c,VO_7d940e4c3c1352d736f6,1,,,False
PE_ee23dd5347fd2acef254,2020,3,2,ST,2020-07-13,unique_genuine_volume_observation_date,2020-07-13;2020-07-14,2,CO_00150bc11aeeaa3cdbdc;CO_0a1f1256f9bac68e8064;CO_11f82f346d9dd511e38d;CO_318ab1cb8eccde80f166;CO_38a8a3d7680c6ee9b31c;CO_3b4f869d0b8008606cbf;CO_3d952e5622e6058b6f9f;CO_5825f1c45eceb8ec32bf;CO_596d0c702ba6d2083598;CO_6c8147fcd46e3da4c463;CO_731d65cdd441fde25333;CO_862952ddccaf02d8b0b4;CO_929aa622b6a06994b83e;CO_9a4bc1de712d4698d2fd;CO_a550027b774571b93848;CO_a6d25ac045d6dbbf6b71;CO_b6b004752453d0a85b50;CO_b9c3928bde572ec903c6;CO_b9d7ccd5bdd0a0baf344;CO_ba846ba43a06b7da988b;CO_ba97db3b1045ae8a6e40;CO_ca7aa52051ff3da031ff;CO_cbd48249d183bd7eda79;CO_cbf2f7864f1c988391a9;CO_d5be9d4e5687cf4a37a9;CO_da0176b4c76b23456aa0;CO_dc1a044e3fc8b053ee4e;CO_ef82682cccf00fc445ed,VO_28c64526ac4af5710659,1,,,False
PE_ef16b92ac44718ed6fbe,2015,1,1,ST,2015-07-06,unique_genuine_volume_observation_date,2015-07-06,1,CO_053d7b9eef98fc6535d3;CO_1e320cf3281868c2cd0c;CO_2d770ba1649a634e69e3;CO_319af1cdcf66a4bba38b;CO_3324dab86f4dcdf48ba8;CO_35d33e5fabc7e424371f;CO_42bfe80fd85434fc05a5;CO_4621c1d55fa4e86ce0da;CO_6e92b11931f4ab5c9e8c;CO_884787790b634bcde4b9;CO_899bf6f7325155fca20a;CO_91d29cb4702d2677c21a;CO_9623c0ab3dee4bc754f9;CO_970ea8191c9c8d14cff5;CO_9775a97df5faff567f02;CO_9b04f5410f803df1f5f9;CO_9e558a7dc777d285f138;CO_b3b32ef85491ba019823;CO_c42fb977a595a4b77a8f;CO_e538262935f7b28675ae;CO_e7c1eab39b2c4628636d;CO_e9ab8bc5c3509451b36c;CO_ea1241439855626c0137;CO_eb19323db62e64b29eeb;CO_edb0aacc486fefd6956d;CO_f6ca70bd1cc2f194e44c;CO_fc56dbc6d4652b315b86;CO_fff6d685ea1aa528de7b,VO_64a14debb5d0199b5c17,1,,,False
PE_ef5b618a3b1b8ffbd8e4,2025,6,2,CT,2025-09-03,earliest_valid_date_multiple_or_no_genuine_volume_observations,2025-09-03,1,CO_017958039889992d7d86;CO_01b26d46724677e1aec4;CO_0572f0f48c9d4da7f59c;CO_0c613aee356db92a1a6f;CO_108456427be6539a3ec6;CO_1190191b857e9a1436e1;CO_1b59d9183edabff2993f;CO_1bb2f6081a3a74c46611;CO_25dbd7ca6d959934a35b;CO_26d1c63c2861b182cf59;CO_2aa536ccdc9168586390;CO_2ff2a721fab172f1ab7e;CO_3022082f133eed9e22ca;CO_3350f5517c1779f956e6;CO_34be1021b378c5701b4d;CO_3734cb2a885541f8e5fb;CO_3b96c7da8a601e353da6;CO_420cb7cc928da8d5ddbd;CO_42a3619fd42a18840587;CO_46754534f799b3c89f63;CO_4c7f587018203c5f3461;CO_5c7a722d8d8f97d6d923;CO_5cdfc1666dd928187b58;CO_64405ee1d117aafaa886;CO_6675ea8ace8972ee74c9;CO_679eae51449ffd6af50d;CO_6e90b20c12f81bbc5890;CO_6fd17db7943ea6ed4569;CO_714802f31c8f1c00d941;CO_775e18068d6e30a3a6ac;CO_7bbecb0907b148d0a9c2;CO_7ca2552ffd0e38deee9b;CO_7e53491bb6939c66fc40;CO_7e8e682553c7dc554241;CO_80dd469bc6fc1ac5c51b;CO_8a06ebfaa9b791121c3f;CO_93989d0f14e7ec638a3c;CO_99e095af6b6c330d4d89;CO_9b7c4f02b47b2fb4fbbf;CO_9b8bc70a7157cb4ae871;CO_a9805ef97faa72089723;CO_a99f5e38530ea992ae98;CO_bc83cbb2d6dcba934dee;CO_c060be6d9bf1df2389eb;CO_cdf23ba9ca8218b7b985;CO_d0f451801443fa1478e1;CO_da37e500c65ac7c6de9d;CO_dfb90e7d2ff815628508;CO_dfe807309d8b52d8b14a;CO_e09178c40736ccaa5b41;CO_e4a1f54d2d2430e6efdf;CO_eacc30a21d89f3881731;CO_ed4f9ab58560a9b791e8;CO_f8b2f96ed09b16bfd24f;CO_fa84a88741ebb61637cb;CO_fb4884e3446747b69266,VO_cd3d21f81e1ff4838824;VO_fc2048ae8f43e8d9599d,2,,,False
PE_effd37ee189df750ad5a,2015,1,1,CT,2015-07-06,unique_genuine_volume_observation_date,2015-07-06,1,CO_047f61d312cc698a93fa;CO_08836a0a5248698d7b0e;CO_16608390f96063e7f5af;CO_27badc983df1780b60c2;CO_28995a2c0d04b66d5c7c;CO_28c552828e0f24ca44ff;CO_3aa4fb2899b0702f912a;CO_529faed5f67da7f6bbd6;CO_5a39cadd1b007093db50;CO_5e92efec323f500ae1b1;CO_6d797d13e509080d0198;CO_729830e85be541a10996;CO_7611f1a57f80b0a87b41;CO_8eb7e77132566f2e7b84;CO_af3b9d6b5cbb4486b9c0;CO_ca7052960bbd9913ff42;CO_d3a5200984de637d1906;CO_d885bca1f73f287e925b;CO_dcecd385d9a8aae54c55;CO_e058b40a3416fe46ee61;CO_e1fe15b6ce5ddcc2725b;CO_e8425b784fa84062fd8b;CO_e9f32fc438986c17eede;CO_ea37901ea672957224af;CO_f101190ff6283a2c099b;CO_f709f755d797705c6395;CO_f7d804610280c772ae1d;CO_fcc687ca8d076689aa4a,VO_b6558a113fa146ed6af1,1,,,False
PE_f0055d0fbf3bb2c0c279,2024,3,1,ST,2024-06-12,unique_genuine_volume_observation_date,2024-06-12,1,CO_0920e5e9bc02819ef4cf;CO_10ccd25b660682d33966;CO_1593a32a7527834ce61f;CO_184eb9d5f7fda01cf83a;CO_19febac2c341533ccc17;CO_1bde41ce9b4fccbf7dde;CO_2c7881a5e706e7ad1321;CO_312999abd157c643a722;CO_37af3f678ecf438491e3;CO_4f4b0cd0428505a9cb4b;CO_4f90f57995205e8e464d;CO_53f7e2da4872dcc22c8e;CO_5e0febc30e65d5a922b2;CO_69769ab78b2e30ed39fa;CO_6c9a1c7d0e4c36d3c126;CO_6dc32ae01ea2417f37f2;CO_6ef9dbf000318e6fc91a;CO_72d1b5da6eeaf1789df8;CO_73b8edef5ffebfcb67ae;CO_7d12ba56e9f8b3dc64f7;CO_7f424708103a507cc1b0;CO_80409fb2145a39539cf9;CO_81dec65a5098499abf1f;CO_876ae30b6b93039e5a5a;CO_8dc8620282e2adc94e96;CO_8f156dbf9ec213ab94c7;CO_91d95f436356bc3df44d;CO_955dfe160f51eb7292d0;CO_9a5ae524ce0cfeac1d30;CO_9f88dcfe8bac5298877c;CO_a3486138da3db935fe15;CO_a6e287797574af5b0fe4;CO_ace56639202e21122498;CO_ad34f18dea2b9ebbdc77;CO_b006237ff33dc7345f95;CO_b0c87d71de0c2b5bfcd8;CO_b2ca4f93866dc5f5aa73;CO_bba155c5f227c6e52a8b;CO_bda612be3bc99920ba89;CO_bdc5d8a48c23897906b0;CO_c02425d39be49b9d0687;CO_c30d74643cd0b70bd2c8;CO_c62510afc57db491f9f9;CO_c9b9c4c536cc5787ee21;CO_d12ab7524a39979fd925;CO_d5047fc16cd0e349a515;CO_d54da1b840cb7478bab0;CO_d9a108ca35d89044826a;CO_e2628662818f57a41c34;CO_e2e22643adae16a2c1c3;CO_e5e53c784d5d49de1cab;CO_ea4284b8fb98fd27ea50;CO_ed7f9c05bbc920cc725d;CO_f37f3f2b0dc57a86dee4;CO_f65b1acda16a78d51b2e;CO_f6e2d4fb073bdf38cd18,VO_905f185ea6d1d126d404,1,,,False
PE_f0406a7690a0e8ef2920,2022,7,2,MT,2022-08-23,earliest_valid_date_multiple_or_no_genuine_volume_observations,2022-08-23;2022-08-24,2,CO_08f28a84969483b1b860;CO_0968ff942a3c374ef421;CO_0b4d2494a6f6e0ef8b11;CO_0e3642650bc04ac1d952;CO_0f179fbfd346fdd67b2f;CO_1954a6a95aca2b85bf98;CO_26b78cac2702b82b75d6;CO_2783e25b07101b2634cb;CO_34e2ad7b31cd9ee87c03;CO_36b90715140a3ce1ebf1;CO_385c56eff6c42d2690dc;CO_3b50a30e79b576bfeb40;CO_3b77537519ea13c6ddb4;CO_457f8d7fda944376d241;CO_46529058fd79c8efd16e;CO_4b2b41142406be0d6b8c;CO_4f9eb48d371e25b05d5d;CO_53bb6d3babc64ebb948a;CO_575247f7b8346303ef87;CO_6080687c3efea58370ed;CO_61dd8cd59a50bdaed10c;CO_670a7f467e5e6917dac5;CO_68c599738e4278093899;CO_69be0182f4d8fa9f9091;CO_6a0618307af2d2fa0fe0;CO_6f81082badfd007354ac;CO_7ae7dc84a03d6cc5cba6;CO_7bf3c227f531b4cd7306;CO_7cb0717f89a5efe49f18;CO_7d03a05295b2869770bb;CO_7d122381b49fe9370fc7;CO_8709d6cc57a3d7cb8ba7;CO_8c649730f8e20808d211;CO_8cb758bc32ae7cee6dd5;CO_ab4e225c837ae25f01d7;CO_b0efc797ea75795a4fc4;CO_b6bb672d24a484266c5d;CO_cebe3d9d614ba5c19f63;CO_ced6f3c05e1dfefa8455;CO_df710e1f7dd04d8c460f;CO_e1b9c8731585bef2f922;CO_ea644091bac11f85cb67,,0,,,False
PE_f0466175569500bfdf4d,2025,7,1,MT,2025-09-14,unique_genuine_volume_observation_date,2025-09-14,1,CO_01191e47d39416a792c3;CO_084ae23e6996e701adde;CO_0c0ad5934ba82dd28789;CO_17560583c120645c7bc8;CO_191033e9f8ef936cb7f3;CO_1d83fef6f951f399b011;CO_1fc2789c839ba5e3700b;CO_202f269c110dd9e7417d;CO_20333b30ef06813d0b01;CO_2bbb0ed9e59348786521;CO_2d92cc08f22524dba59f;CO_330f7539f62ee82c771f;CO_3352e43a5f888045af9f;CO_3523d49f10f1f667ad8f;CO_36d20578e71aff245d27;CO_3e3e916cc441f2f9747f;CO_434c8653c15154e3336f;CO_4dca6e902ba3d8cae51d;CO_4ea73b694b3672ad5433;CO_500c945106e80c97367e;CO_594333a314f65378239b;CO_5a19e373eb56430e861d;CO_5a4a0c923c9a9f9edb8a;CO_6220b303a7d895e416a9;CO_627339e4eed81c56c192;CO_769502756f894655df25;CO_7865f058a4125f8d7842;CO_7a6cdbce32265e78a020;CO_815106adc7256d3f3e3c;CO_8a4fb2c0917d31ce15cc;CO_949173053d56cfe48d55;CO_95d4361a36944b766410;CO_9dacbde326501c9f63de;CO_a1c8df6fb350e7c075f7;CO_a4c42a3f5f7103ddb104;CO_af082b61dd1535c19e5b;CO_b0f1f468c71cdfb53c40;CO_b8f935f6c4dc97d265b9;CO_bb71bc541e313bf74099;CO_bcd7dddaf951959ebf60;CO_bdd7c88a58ed63cddff0;CO_c1d0048dffa216e80ad1;CO_c5e109e0af901779a8dc;CO_c6d537e112156be1afbb;CO_cb2444adbea04590393b;CO_d2b7723026640af11f72;CO_d4f61075f45ea7ace490;CO_d755c8bc8a335a695ef7;CO_dcda112812f66db6dfaa;CO_e97ee1c8ea71208ae8a1;CO_eec957ed8f011070901b;CO_f08b09de86c986c99e1d;CO_f36e2794472c13efdb7e;CO_f7711e5f90295652fbc2;CO_f80f7bed75459810a3dd;CO_fc2e2a17ba96875c6cbe,VO_f3441eb3edf470411157,1,,,False
PE_f071df1dfa8de45515c1,2023,S1,1,CT,2023-08-01,earliest_valid_date_multiple_or_no_genuine_volume_observations,2023-08-01,1,CO_1107ced740aa492021b4;CO_34a1f239090ea33fc9f6;CO_3e8a9277880d70c22155;CO_43f048f9fe0379780663;CO_8df93a86bb739d44608e;CO_9b723fbd366902987fc3;CO_9dcbe7e30f0bd6082734;CO_a8a80b55661c27933779;CO_ca526c365ac197bbd4b0;CO_d15a33ab1781cad3e8b1;CO_f8569221137f0a0ae919;CO_fa68d2ed5f32f14746be;CO_fa7c73f19c30cb6360aa;CO_fb6a65a234fbbd604fff,,0,,,False
PE_f0826e18d2e4817478f5,2012,9,1,CT,2012-08-19,unique_genuine_volume_observation_date,2012-08-19,1,CO_0bb96d87216f5159d997;CO_32396038fca01cb69d2c;CO_3e33fe66643a0e39715b;CO_3fa7c8121f5ff069aebe;CO_41490e6ce8de1e094e21;CO_44c8031cb036a7350d8b;CO_44db0d33b77776d8f406;CO_4ecdb4def4e2983b1870;CO_84fb124302f44af1b4aa;CO_b4c8ac20a87e493a3dd3;CO_da4b4dff45f1e3f19bb6;CO_dd996502691de578103f;CO_f638ef983d7f5b286a5c;CO_f6cdb47f84d8f5a30db2,VO_60d1861bda1ee1739382,1,,,False
PE_f0acae9004db30c9f89b,2017,4,2,CT,2017-08-03,unique_genuine_volume_observation_date,2017-08-03,1,CO_0288882479c94a60d477;CO_0d3f2f1576ca7782bb9b;CO_21ab6510009b169ccb99;CO_495fa52c7ded9e27ca1c;CO_5d8f6cce532a7aeb5719;CO_5ee36f40051aec9076cd;CO_6586fa95bc8f7da45640;CO_67deb854909b0e04a9c7;CO_79a90d80a490e2c863dd;CO_7d398da8791745001b3d;CO_801bdad9924a30713528;CO_857aea29d3171a2a38a5;CO_9e40f86360ba8c10c865;CO_a441fa0449240669bde1;CO_a71e1dcfee9ad6eeca60;CO_ac2151d8aa26b5784551;CO_afd7745eb596901684c7;CO_b0193ceb57d22ae3f357;CO_b23d7cbfdc71ee1be4a9;CO_b3a68aa00143f5c57096;CO_b548ad97dd27f494d598;CO_c01598866a69c2610ea8;CO_cdbfcca6157f9b6239a3;CO_d15eff82084cddbc1b35;CO_d2809be3fe85fcf08129;CO_d7ca134fa8d725ee4940;CO_dff81563ddfe78cb33e6;CO_fc95ce176603e9e1d1ff,VO_c4097c7db65c27bd9f8c,1,,,False
PE_f0e98ee733e1acf48f4e,2021,4,1,MT,2021-08-12,earliest_valid_date_multiple_or_no_genuine_volume_observations,2021-08-12,1,CO_0460e16ca6b4917a18d4;CO_05ee8853268c69ba66c3;CO_0a3e7331888dc0b9d629;CO_0d003aa56d9ee0153a6d;CO_13105809c5b30ef11331;CO_1ec479bb53d3cb6721d3;CO_269718955c433cd7e56c;CO_2c69bc9b34fb0800a44a;CO_2e67088920b9fb6f999e;CO_35b8f269ee83cb437e6e;CO_36f817964b1ef56082c1;CO_398a15bc9bdc4db26d1d;CO_44864c96fa1c36602f0d;CO_47165840fb52da1bbf2e;CO_47ea147feec375157fdc;CO_4bd6fb30bbbaba340fb0;CO_4f3adc1c7dfc939767fc;CO_51d78474a7884388fd4c;CO_625501d1100c1c84a06d;CO_641f2acadf337a561760;CO_67aa578ed1fd0fa4198a;CO_6b106b195b8d3b979928;CO_6d7be37d6aa3665ddca5;CO_8a8d000e184776b1f8d6;CO_92c96692ea07a8c99abc;CO_96d93635d3a8822dc791;CO_a2075145d3cc47b2b56a;CO_a435270b90e9b7091c77;CO_aa9d32f1999f53dc38fa;CO_ae92bee5080ffa353377;CO_b8ffef9393c5b3d2ea96;CO_bcb34b4d86eaff78c5b2;CO_bd7997353a3a3c6f6da0;CO_c0f2535c2dfa2d035dcc;CO_c279a17c96f126fc4784;CO_cccd626020f072af7631;CO_d1a08ae1268b2fc1248a;CO_e0960bd2400ceb3e2433;CO_e17f62353751614e87ea;CO_f20d84bdd5c952419bc9;CO_fdab4c5e61d2d900c5fe;CO_ff3637d30b19ff6550bf,,0,,,False
PE_f112cb116ff39b0745d1,2020,3,1,CT,2020-07-13,unique_genuine_volume_observation_date,2020-07-13,1,CO_13be5b896be039957e79;CO_1794d646056ab2e426c0;CO_44e0cf71d41f07abaa24;CO_5fd9b6333fae74ead479;CO_7808b86edb7b1acd9786;CO_7a17701226e64477ede2;CO_7cf204398ca43af7121c;CO_814bb6b8dc12188a44b7;CO_af93a06c80895edf0b7d;CO_c4f07589d0b116c1fe3b;CO_c63bd0d975c69098ee47;CO_c9ea9e7c6f3058197a8e;CO_e9cfd9f31e4566c22dac;CO_ef20f5d2688fe256a032,VO_a1a023aa1c07dce8d9a0,1,,,False
PE_f18d62b04bf4f3a25d7e,2012,3,1,MT,2012-06-11,unique_genuine_volume_observation_date,2012-06-11,1,CO_06cb3ffc2b9e385dd676;CO_080d8dcc531c23820ee9;CO_0e17daca5f3e175f448b;CO_149546d70fd6eeb05a5c;CO_1f3b8e69941641383b83;CO_1fd979495e57f9158924;CO_479886b5a5401ed42794;CO_77523aa0395b6ee08998;CO_a080dde530fce451fb90;CO_a0c1f96870ed2f8aca2a;CO_a59be0418c6dc2a4b58e;CO_b07f013118ea1a47b664;CO_d4c992883d2129e72928;CO_e1c77b2d106c80693d61,VO_f316f6254d1a6607551e,1,,,False
PE_f20fe17d9d856cebbcf8,2020,2,1,MT,2020-07-06,earliest_valid_date_multiple_or_no_genuine_volume_observations,2020-07-06,1,CO_073a8f81f495d87e3ebf;CO_0adc6d7bc6e8875c231a;CO_11ee4428ad4c1986e154;CO_199faaa8753faecc6c0b;CO_21a84ad988ff6ec4c625;CO_2d7cd510bb3e2232c03d;CO_3c426aafbf01d899b340;CO_423e18a4a465a7312217;CO_46ff18131a6daf2839e2;CO_48305a16b7656fe4ca3c;CO_4f2ed132af1ca3898196;CO_60025bddd666bade2a76;CO_62d4d5f608635353fa72;CO_67e0bdb7b6c549d4fa83;CO_6a34287a9fe2312a761b;CO_7a62efd0ad2542dbd50a;CO_7e46d737fdcad87443ca;CO_8acb68287d974cdc65c1;CO_8d5dd23bf2a3fa2a5797;CO_a8464251068458b564f0;CO_aaf35f89dc2dbf72d9b0;CO_afcf8bc077e68eb94dfe;CO_afd0df92f8c4c962f5d0;CO_b0981fa41b7abd6f7823;CO_c47c817c54c110825175;CO_c5d2467e828528e31aff;CO_cea90c1d2627a9e02bf8;CO_dbbed592823ac0007846,,0,,,False
PE_f2544036a8cdc2b562ca,2025,2,1,MT,2025-07-14,unique_genuine_volume_observation_date,2025-07-14,1,CO_08e8b3245592a6344991;CO_09957ae4dbad578a1982;CO_09db534e0483ada0bf97;CO_0c2b04ff95e63ed1ca56;CO_126ce08606b6936011e0;CO_12775b032eace177101c;CO_168692e97e05a1e6c244;CO_2661af8c7851227d66cd;CO_2747827914badb581259;CO_2a30da99190c1179bedd;CO_2f1d593cd98cb5bf81eb;CO_339d9d13edbaa267cb97;CO_40a7ae9a07a94bf510c8;CO_40cc2e94403ba4a5af91;CO_4168d192b5bbc2bee8d6;CO_42b588efbd47708590f7;CO_46eaff5b4ae8eed0238a;CO_4c4d1c64b58e64d64216;CO_4ca58879ca37e84160e8;CO_5119e090c80757fec3c9;CO_5386be01384d6ab1cdf0;CO_5c85d9ebda50d13495e0;CO_5d1a8659abe2b8e0ed3b;CO_6102effdcc3de43e410c;CO_73e0bf5e4651fc4cf537;CO_752920b4daca16d71d67;CO_7c5665f1b83d38a9b2f9;CO_821f9161588f3e3da900;CO_84e3bdd4fb8e81ade3e6;CO_8bba5b9b846fd63c473e;CO_8ca3a07a1bd9c2c44c91;CO_8d601fad07956dfe4d0e;CO_928b44e6b3d42a168f40;CO_977b467c4789c2ca7e69;CO_998ecf9a49185534168e;CO_9d95bba7023609ee9e3d;CO_a21f0625186410da4908;CO_a5e6af776c1a7e9a6b7d;CO_a89d6642c31c33525be5;CO_b4ef302bb75ad3b73223;CO_c3b000875e19cdb87af3;CO_ca0f11ca98da8843c3ce;CO_cd03fd02ad0f626f7b8b;CO_d29158cdcb05c4162894;CO_d56079274eaa3b5b72c9;CO_d58cabc8303548b6ec23;CO_d5b5fab21d68556e2afb;CO_d6420a4ee44bc345c7bf;CO_dd32f57818ca3be0427e;CO_e3becaf1be21ba7d0eba;CO_e5bd2a5de12eb5ea05f8;CO_ea369ca3a6b4b18a88f0;CO_ed217ea24b5c71fedc36;CO_ee763a42d50fbbe9ddf4;CO_f66939aed19dcd4556a2;CO_fc8cf0cb7ee532304dc5,VO_0073e03af9330e24633e,1,,,False
PE_f28eca55841e3590b19f,2015,5,2,MT,2015-08-17,unique_genuine_volume_observation_date,2015-08-17,1,CO_07e3e42e2e43846824f5;CO_1ab6078431739cd9988f;CO_1e472b39b105d349bcd0;CO_2e6e055e719e728fa070;CO_2ee1a4c2b1f11f0ca375;CO_4596fcf257c4cd039394;CO_508f042e343f9a0bc171;CO_5dd86732e175877b4570;CO_5ee9d72d01a18ba0468e;CO_6900c3ccdcfc05cf0538;CO_6938379a3f0929aaa105;CO_698b56cc4c0397dd80f3;CO_745a5b3e30146e1cd264;CO_74b66466ac3ca88e1083;CO_7a7e0649e980a4a58cf2;CO_7c80456012d9a93fbfd5;CO_924edbd033ab2769384d;CO_9f484139a27415ae2e86;CO_a2f27dee5856e6557ae4;CO_aaf9038b520116d98f35;CO_af03a51e581f58ba7780;CO_bfd884b9971167d6ae6d;CO_d034a904e224b629947d;CO_d4cd013f21bbf4b52c43;CO_d952a1d5d2a2b0c4cfbe;CO_dc345d015a47a211aa4b;CO_fa040d732ff6398c37d8;CO_fe7c302d8d1af47a5d51,VO_7468295d830e84dc10cd,1,,,False
PE_f2aa84d9058e29e106ef,2014,4,2,MT,2014-08-18,unique_genuine_volume_observation_date,2014-08-18,1,CO_085a39668d5ccfdbd15d;CO_0f2cb44170f42cc96653;CO_1b75973dd6d418c60a2e;CO_2397346b45823e070f6f;CO_6cf0499cb7c8807e6df6;CO_704d7ecf2545962ec669;CO_81f856013267fd96460a;CO_8b37635c10996b963bea;CO_93e2a45037eb149bd13e;CO_bdefb4a536493f2b94dc;CO_bf5a9a30b2d866f3b4c3;CO_c6fab63609e8a0b0dad1;CO_d0ea2ecfa6b13d51da41;CO_e16a18745aee69722fa3,VO_81df7e095759abbd4bb9,1,,,False
PE_f307c47ed6f329163fac,2018,4,1,ST,2018-09-18,earliest_valid_date_multiple_or_no_genuine_volume_observations,2018-09-18,1,CO_00bfd66f4773a21e2907;CO_2a713013049ecb96a64d;CO_30c124afa4ef4636a724;CO_4a01d23dba2dee61def3;CO_6d44c7b540c7a8e7a6f6;CO_6ea2fdb3399f4d2e806b;CO_8b088301586d31d3fe9d;CO_958c9e58139db36e4a6d;CO_a3513549948fbfecfa1f;CO_a80043e41f8701eb0ef1;CO_ab2d29c2879f7816bf26;CO_ccc3299baa8a1534ea3c;CO_d07c4ea890afb2ae87e5;CO_e25d185a526bffc50302,,0,,,False
PE_f544dd1f1224ddc9abde,2021,1,2,MT,2021-06-24,unique_genuine_volume_observation_date,2021-06-24,1,CO_01ff77a3e23533413358;CO_0252fa3e9d9c8c2c1cbd;CO_24ed3fa31a50402dc751;CO_353e35a0ea960d461aa4;CO_45100465d56e281d5bb1;CO_4dfc32fc79b06f35f05d;CO_6015057ae6b6eb91e907;CO_62d1c8c930d1593c4b00;CO_6e82b8197ce29396936a;CO_6f9a9c5aa19fd6b8df70;CO_83cbd79a9087cc85f104;CO_971a41523fa8daa92c35;CO_9aef5ea10c093afb3139;CO_9af343f04d967eaa13ab;CO_a685d286753f90101745;CO_a815067c3d78312c270b;CO_abec81aa6a93e6af3fe1;CO_acfb105825f39d45a772;CO_b685b1b34c2fcc8421ce;CO_c2295e6ea87deffb3e35;CO_c302aa3df509e3f4b31e;CO_cbfbf617a0d14b841e92;CO_ce9e894a7bb39749b0f1;CO_d0c72868aa85077d3406;CO_d24eac45e69be063cc00;CO_d604696d6ff7e84d99ab;CO_e73cb135243c08ab2c2a;CO_fc0070172d31ea7489a2,VO_b63f52543837ca1606ee,1,,,False
PE_f5556b234e32459fa7a2,2011,4,2,ST,2011-08-10,unique_genuine_volume_observation_date,2011-08-10,1,CO_11293a765d014fda2943;CO_18d84c13d3ca78eaff19;CO_1cde77dff3692822bac5;CO_22167355cff64913077b;CO_4c3791e57a8e29da56f3;CO_535fa30d7e25dd8a49f1;CO_541eead0d9aecd91a4e5;CO_6162194c6d98c8d8ca48;CO_63b0155fe5f82cce9491;CO_6cc6eefb674286f7d1a0;CO_98a31770eb9a7f8c723a;CO_b759ee249f22ecb6e75c;CO_e0b372a86dbfe71bdb7b;CO_ed59b802f07c2a1e3110,VO_c072e4fa17c562447eaf,1,,,False
PE_f59de99757bedf1858d5,2022,6,2,MT,2022-08-19,earliest_valid_date_multiple_or_no_genuine_volume_observations,2022-08-19,1,CO_024f281da9fe62e5914e;CO_075441be7bc0cdbab609;CO_07ce6a834cc6d1be1a76;CO_0c8b0099fc8c50e603a4;CO_0c921bbabc0503bc23ab;CO_0d762d8bde4db889ff38;CO_115c6034c0b76e72c02f;CO_14a7c340ed1fb1e8c9a2;CO_2099a9b5f777e242d1f9;CO_27143bad26a2b4b65a18;CO_2978748a5b4178948546;CO_316c0f93c7fe125865d8;CO_3191ffaa05e8a18a1da8;CO_4c5f7d51970482995e5c;CO_4e75c78b0ec10c45e664;CO_5787a7c37cfbfc46e4a8;CO_5dd721a6996271c3b1f6;CO_6278894ef596d714fa91;CO_661e84940d6de668ab28;CO_678fdf60f09b909c910d;CO_6d9eed144ee7038c5d3d;CO_6dec14b3ffa6a6326eda;CO_7f59051d004a7ac40688;CO_81a1f392ff9b608e99f6;CO_89917e5c4aaa4e6f2997;CO_8a07001667ede8247df0;CO_90a2b51b1e75d226f56e;CO_99195ce96f90d9884e3c;CO_99b057c8e3461b97f8d6;CO_9efe6bb0b8606eb72c3d;CO_a24eeae3c68c865eeff4;CO_a353004563dc8967a3e4;CO_a6a4ba2d0f1375ed0b82;CO_b1ba03e17d6a0d5b4623;CO_b4d56b2b547fff9f68c9;CO_b5d3d9cfe207daa5ee36;CO_b7c0f5e3b57212a0787c;CO_b95e23d40b5d042c34b2;CO_c7e92bac8729cf4c3b5d;CO_c8808071a31da48c328e;CO_e5f18bac25227fc0f561;CO_fc9e91cc78e1817d80b4,,0,,,False
PE_f631c0023156acc8f2cb,2013,5,2,CT,2013-08-09,unique_genuine_volume_observation_date,2013-08-09,1,CO_03ac674216f3e15c761e;CO_22191a9215264bb24037;CO_284112dc9230ea00e8bd;CO_38083c7ee9121e174018;CO_499bc7df9d8873c1c38e;CO_591f8e7760ae996e5e61;CO_7700541176d3b0ada101;CO_8e2ceecbcb5c7a306792;CO_a665a45920422f9d417e;CO_bb9d66043f7cbf30f9bb;CO_ceaa28bba4caba687dc3;CO_db2e7f1bd5ab9968ae76;CO_ed357b3acfc8996fd83a;CO_f8638b979b2f4f793ddb,VO_f66afb7b5563c765d245,1,,,False
PE_f6579064c70952c33aa8,2024,1,1,ST,2024-05-15,earliest_valid_date_multiple_or_no_genuine_volume_observations,2024-05-15,1,CO_11e8a99b4c0365cebe27;CO_12e967ca0f368d0d8511;CO_1c85fbe1cc0dbb7700c4;CO_1dba9a5bf22d84972a33;CO_23fedfbe6761dda3bf2f;CO_2938402642fc7839f231;CO_2a42480087db6658d135;CO_2e0b3dc70916553a1549;CO_2e311bdd3398de229dfc;CO_2e9720f64ee634518247;CO_300421eb4a9898acfaf3;CO_3230436328066bc7fb63;CO_3b0ae0d7a1da13e995f0;CO_3d236245b6c67615f1de;CO_4926b6652ddaba94211b;CO_4ad6a246a2834e522d11;CO_545fae2efd81862725c4;CO_55db199d8788e01426cd;CO_59279341ea59fbf34025;CO_5ce5209e0015f0bf515e;CO_60f3014617bfa4ed073b;CO_6257d8fc0af7a785df34;CO_6606753e5a126d706801;CO_6f86a40c0e4998225acd;CO_6ffbae9aaff664bd4739;CO_7ffc2066e20c16e95c0b;CO_82147211de4c4b846e2c;CO_8322608869c4c99a4886;CO_8c91402db3756fd051c2;CO_8f43ac9f144a13207650;CO_929f003731a97f915d11;CO_966e2c0557566e3dd072;CO_9aec25da37c514365519;CO_a10b6b6aac0401450131;CO_a1bf023397beb22189ca;CO_a3244ad461cefcceb3ec;CO_aa5a1f5b1a3d5fc32a24;CO_b1627623a71a81f6cdca;CO_b3c5c183d11f7a78f3bf;CO_b6d1489d546d7895db5b;CO_bb5df7833e2dfec48d12;CO_d6351c49477d73e09539;CO_d729564426a4d3e77cfd;CO_dadac7208d25d80e39b1;CO_de83c8c1ab866148371b;CO_e186f7457151aeb2398b;CO_e1e2efcacb8e5c65fe2a;CO_e3da9974bd6e139275e9;CO_e6ded773c1c29c896676;CO_e71d3cc1a48486830d84;CO_ecdf40652aebdf50b736;CO_f1ed082f1389c98e9dcf;CO_f6fbbe8d8f806b021952;CO_f76ccf7a7834dc0346a0;CO_f7ac69722a0706c533af;CO_fa0f652bbbf464093a3d,VO_68eeea6a85a54bd9a03f;VO_8979f85d1be89936c286,2,,,False
PE_f7a5e5b2a4c1c3239774,2023,3,1,CT,2023-08-23,unique_genuine_volume_observation_date,2023-08-23,1,CO_04222ea3e14cb1209b97;CO_0b3fe555ae8bd943feae;CO_0d46ebf59e025c235530;CO_0d89b2b31f97c14550cb;CO_12132cd6767ee325d358;CO_1421ff611c93756cbc67;CO_185f6fc03a2b92d70d9f;CO_1d00ce3850e67d531741;CO_1e675c771f5383040c6d;CO_1f80c1e663054e65406b;CO_41b241da3723567782be;CO_47d510caf8ec104d44f2;CO_4c0dd8c36ded8fc445fe;CO_4c94f0d7b4074bcce76b;CO_4db4da60384e47d40db2;CO_59316e7b66af533df0b1;CO_5d0a1ea004df018bee89;CO_5faf9ff67c771ae25545;CO_6213407411f34a0d3da5;CO_653ed7af148a21f85ba7;CO_65ba1a5f7ce4f756af22;CO_69898c7bb333c6ad353c;CO_6d80bd323ac03bb4ae02;CO_6e17268767b97dca9f58;CO_716a3ef91adceabfc444;CO_728f5e3006cb617a83ac;CO_735fb136742e717765c2;CO_7d30ab9e27bec084be1d;CO_8104df31701f5aad096d;CO_8a80efe71cf1850186e9;CO_8ead779ed58cd4375cbb;CO_901eb9ea2901da02942e;CO_94b5f1a3ab64f53bad1d;CO_94cfe1694bad781c1d26;CO_95807b29ae7ff1c03c14;CO_973c5613909906d0871c;CO_9bc1fb3a89c9a94dcf6f;CO_9f8917ad86101b4ad991;CO_a27fe0bfff17022440e3;CO_a67063986e67b7ddd107;CO_aaee0ce51abf0849e68b;CO_ab873c41518ba4bdde40;CO_ac33c5f9981c40cff090;CO_af9d0081b52194599da9;CO_b343addd7aa6b85a2ee2;CO_b4dba64a53e74afb674e;CO_b83dcd91a7404bf9dcd5;CO_b8b8d994dd9fab584001;CO_be7768e12d70fb633959;CO_c311b90801db015bb509;CO_cae3f2d4f75f1834c9fb;CO_d1f3eb45593b9a49020c;CO_d8d1713dc58165124916;CO_e907e354121df0cd5dec;CO_efbcc6e235db0bb4ee55;CO_f3c22d2162350693bdfd,VO_6adfc1e446b8a93c8085,1,,,False
PE_f7fa36feaba1a3684ccf,2013,4,1,ST,2013-07-30,unique_genuine_volume_observation_date,2013-07-30,1,CO_002abd21b8e998d58fc9;CO_0fa432b286df286441ac;CO_43bcfd67415041651733;CO_45e8f47848464489c8d4;CO_4e5a30dc243226ad6430;CO_57971022aadc308fc59c;CO_599fa5a8dc521d3f491c;CO_78ccc63365bb09d882fd;CO_8303b606b12cf757bd69;CO_ac7bb74de6884ffce919;CO_bd453fe570467dace7c6;CO_e5b861a6d8a966dfca7e;CO_eeafcf2e9d8037ab51da;CO_f59f52637e1f7462419d,VO_581619d8f6fa73ee8306,1,,,False
PE_f8ef94027a8e2bfa6b9c,2020,1,2,MT,2020-06-23,earliest_valid_date_multiple_or_no_genuine_volume_observations,2020-06-23,1,CO_0d877f642f12d86b2b5d;CO_1bf1888de5d3c99f6abb;CO_295c4d1595596d3980b2;CO_3011be4c1d6f6f1a7de6;CO_311ba2ed6a5b4105fbfd;CO_72dbc1d0c9905717d66a;CO_8443763abf552a98cb2d;CO_92f4cbee3b42474440d5;CO_a87f21d5268130b76fdd;CO_d7770a40bdfe92086279;CO_ee4e410c9ca211a3b0dc;CO_f0e867fbba2d89a7978e;CO_f2fc8d2abe084823200c;CO_fabf5b7fedb3e62a81c9,,0,,,False
PE_f96a427e92fb0d6cf251,2024,2,2,CT,2024-05-30,earliest_valid_date_multiple_or_no_genuine_volume_observations,2024-05-30,1,CO_02560826d24f6500a216;CO_03c3ee4bc24a67660cf3;CO_07517da0077c5af75eb5;CO_0a729a9062c551e19ba0;CO_0c4d6bf3265be8b2d1fb;CO_13524f6b095fa6610201;CO_17918fe6a941b63dd294;CO_225b9492fc4bd672bdb8;CO_22860be73c246335d69f;CO_239ba93ab2beadb884fc;CO_28789a01958becdb8f9c;CO_2b084c9efd9150fb848e;CO_2d7ddcd419c0349e07d1;CO_30e26cef13a6dbbf0e30;CO_35dc162484de53122052;CO_3814f0e8b13b0267b5db;CO_3ae3ddb34b76bf3cafc3;CO_3b86c974ffebae972294;CO_3c8b996ee07b276ec0f9;CO_3d59b38a8d1d44f309a4;CO_3dcd3239e2ba549884e0;CO_3fedc168dfe0dd2df005;CO_40aa43e1259e0e79c647;CO_43d5996852cc0c7bea16;CO_44735af7202cd534e650;CO_47012d6a8e8c18e60526;CO_4c126bb257a91ca00f19;CO_4f97f2eebf92cde58c10;CO_52efd2aad05d27e3eac3;CO_6066d1eccb8e94170487;CO_71a15903634ac3e25174;CO_74e595547095f3b0baf0;CO_807bf7876346ea99fe2a;CO_8266498d969081c29737;CO_8656fa7508199018142f;CO_8e9b669109df89620b94;CO_9113b98df80f877c7a2e;CO_9af229c65c659d5abcf7;CO_9ec5adcb162fea7bdcef;CO_a0725b2556d08763da1d;CO_a29dc99a7700c4b86150;CO_a2fc3cbeda0bacbabc55;CO_a55a77281f24c90b9413;CO_a78105d5a0460591635e;CO_a7be8e1fe282a37cd666;CO_b7375a47bf38e66f6703;CO_bec24002f3fe55f5ab52;CO_c0f2600a243d0390dd0f;CO_c864021c8f2bf3ad3d71;CO_c9916ca5880d11008999;CO_ca2fac24ee7bd60ee03b;CO_dc753f4188908987dc79;CO_e1b580e85d4ead37f5ca;CO_e346642f77249b48a555;CO_eae4600c1812b3459477;CO_f1916530dae6514fd8ba,,0,,,False
PE_f98814c17b9da4b10046,2015,2,2,ST,2015-07-21,unique_genuine_volume_observation_date,2015-07-21,1,CO_0f49fbab7844029f4b03;CO_1b7ebb8d6c83588729eb;CO_24fd7e2735af185459f2;CO_4090f0acd977d34943f4;CO_559607effd36c95debae;CO_580ade0f132b4228ea4f;CO_58ff81fdb177eec8bcd9;CO_5c949373b02717515e7e;CO_63163b57e38981ea5a26;CO_637ba1f3b72dfa3393bd;CO_67e9c3acebb154a282f3;CO_6c16cc05218d7208044e;CO_6fdd9b073bc00a5da50b;CO_7d6f7382d2677f951d70;CO_8485ee802cc628b8cbd8;CO_86ab1b720b7a9a12dc0d;CO_9b871512327c09ce91dd;CO_a18b5554df2ba7a2eb93;CO_a68a727b68d49de24d71;CO_ba58962548a4615a278a;CO_c2f5f8b5c3fdca0e9de9;CO_c78d87f531ef7317daa4;CO_d8c4d37261d7aaa4bbaf;CO_dd2c71582793ed12c7dd;CO_df33710fdefd14a51171;CO_e8f68fdefa2c3538eebe;CO_ee009e2ffac752314a3e;CO_fa22b8efe8ae60d32337,VO_49a2231ca9d4190f1ba7,1,,,False
PE_fa3605fec991b5fdcb5e,2012,6,2,CT,2012-07-25,earliest_valid_date_multiple_or_no_genuine_volume_observations,2012-07-25,1,CO_12007f07fca5e79c6004;CO_2225790cfbc329a44915;CO_297ffbe239f4c696484a;CO_2c58b3a68ac99f845a20;CO_34ac9f308cb2e1f69919;CO_5dd0890c61cca7af6e5c;CO_60bfa6b5188a1c20691b;CO_6f4bbb0cf7036a0cd9c8;CO_768295e164143df44edc;CO_7da94d3afc7f122be569;CO_9abe995902421e9234d7;CO_c75cb66ae28d8ebc6ede;CO_e4ac3c6df79b1da53ef7;CO_e995babee4a69297fb22,,0,,,False
PE_fa5a88f5fe4cbceab8ff,2018,3,1,CT,2018-07-23,earliest_valid_date_multiple_or_no_genuine_volume_observations,2018-07-23,1,CO_020edc693b9754ca3969;CO_0b0829e2c11114e877ea;CO_2ff42d765c2ace6ea732;CO_37b73510175057c633eb;CO_4bd8de3d04560b7d20ba;CO_5a2906b01a724ed734fc;CO_7119d5d9637ddeeb0c76;CO_9bac38c73fb5d9691c3a;CO_a4a5e86ac58b2f6e9904;CO_ad5ef4b29e148afd784d;CO_b028e7b30ae662957565;CO_e5b862407ff79f180276;CO_f658e746131f2576cdf6;CO_fc706fa640046c035fb6,,0,,,False
PE_fa68bde0c7a186695c73,2017,6,1,MT,2017-09-06,unique_genuine_volume_observation_date,2017-09-06,1,CO_03b1a0d34130db1ddfe8;CO_05d126b39f766147681f;CO_0d37650d408b7b0c44d5;CO_10f3cad2eae396f5636d;CO_166ef5a9db1ef1103a1d;CO_33bf4329c846019957cd;CO_3963317a2b410e5357f4;CO_3d5701589652e93c843e;CO_42e544025f96e6ee0a06;CO_616409ec2797b5c54c5b;CO_666fbca96b33ea8c8df7;CO_6786bcc91b97b9b007fe;CO_6c31b2667fffcb270c77;CO_73daa9289ddd08a53ba8;CO_80fc925c9296c0e202fe;CO_8bc24a05969bee0d74a9;CO_9765da35893bd58fea4f;CO_9852ea41fc450cbcd28d;CO_996d7e2bc68410d18cf8;CO_a1dc2a3800abc8019d31;CO_b3e34e9fe5a79d4e8753;CO_bdf778dfe95eabb1f9ec;CO_cba3e87290564e255960;CO_cc0fbd76e442d990847e;CO_e56ae9ee21661d3febab;CO_ec447ac59d239b8c2a01;CO_f79b1c8b527f4debdb05;CO_ff471154ada4ec5bb05d,VO_a7c72983b2bf77678381,1,,,False
PE_fae3faa31fd03c716eb2,2017,6,2,ST,2017-09-07,unique_genuine_volume_observation_date,2017-09-07,1,CO_0fa74b85a2a2ecc65d2e;CO_1237c5c0fa7f0d922f89;CO_22b954454cfc20ef4813;CO_29ea87504e78339083dc;CO_42a730d54adfa5f1965c;CO_4baabeaad579e9201bfd;CO_4cd473873e0f7ab88cce;CO_51d4f462cbd884ce286a;CO_5f193b350c8aba4883de;CO_69c650b84b5549899282;CO_6c39a2e544d1e76298f4;CO_78e0ad55213cdc0dba1e;CO_79c794728c6beb64c19e;CO_878de0a79ecbd4ec4c92;CO_8ad2c6f6b1db4476492e;CO_8eeef1856d3f03dceaf3;CO_8fbd1be8db88aa70417a;CO_94742d7fd5e28b736288;CO_998c225a0b7bc4a581e8;CO_9a58d6ab38671c6a8547;CO_9b15fed64ef16980f625;CO_9c04e3facb783e40d211;CO_9cbfc3c153a29e5cc24f;CO_9df82ff1547bdff29292;CO_a22e0cb1f6c669b6c996;CO_ad26d95ac0934dd600b6;CO_b68a62c18ccc22e7b74c;CO_b8081c1b8ee8058217c8;CO_bb8d629a500797703e4e;CO_c068e38b5bc9d237e3b0;CO_cbd84331da866f9d9900;CO_cdc86d5bacca35b49d4c;CO_ce8e47d6923e702e3c0f;CO_e3e69eaf6c365e40a7a9;CO_e4a6258e6ff7094ad1ce;CO_e6f3c955196e0ace48dd;CO_f12c70c1cdb1ce6be18e;CO_f1607c19a0f910ca1b8d;CO_f525eef4f03ab8198339;CO_f5475c3cab1c59e829fd;CO_f6142d191a2f19d20f07;CO_ff393ffbeb51a30184fd,VO_31e0b84d113c5b4ac13e,1,,,False
PE_fc1529c70189a30552dd,2023,4,2,ST,2023-09-20,unique_genuine_volume_observation_date,2023-09-20,1,CO_05c9a853f40ef6c95690;CO_0932f0b53f46c37d2572;CO_0c6dbdad91c6e340cc1b;CO_0e5cf35a8fa687533c1d;CO_12c8b3c288f27c562864;CO_140bef94491494c65295;CO_14765103586ae8384b08;CO_1724d7333046d2818a4a;CO_2306c899cdd84c7c0cbc;CO_2369aefe8ec3cdae2ff0;CO_255ac64f2a9b37415786;CO_2a3b858f52f7682689e5;CO_2cfbedf50a09b0767c5d;CO_30a13105878f832297a2;CO_313c938e0103b56b4363;CO_3849ba084da2faea8049;CO_477d8dffaf92d265c56d;CO_53677d2d33ed62c20b5d;CO_5442d818cf888c298f2d;CO_57d9aaa33d570b3362e2;CO_63c2925f4be7651e792c;CO_6b5a7db61a851ac37e1d;CO_6c6be40c2a563b401324;CO_6f1e268aa721890d36b2;CO_704a7cde59a6a4e06447;CO_72450071eef37f9c61ba;CO_73352dbe01eaf5e06359;CO_76ba652cbd2ef1931d05;CO_7a66aa9bd7ed72558240;CO_7cff6c2a97de1853efd4;CO_7db0f55c35a697292a4a;CO_7dde8d068649c505723c;CO_80f8ded29fa2e922c77b;CO_923af4835de7a46ff706;CO_938243a1748decb6ce56;CO_96da2f8885ba92c9ca4d;CO_9b3ed39a0651ac255e62;CO_9f7cf981d70756fdeabc;CO_a36f81f0501a061d8a31;CO_b902936750d56f530b94;CO_bd4d4fc8c94a454ae07e;CO_bd5c84242a89c4e6c962;CO_c57e45c141c978f153ef;CO_c61bd8aaeedf8b7345d8;CO_c715aeec3cf4beae7077;CO_c9f5614c4fb86da8a8ba;CO_cbaa265082e8b5348b13;CO_d2fac2a09acf1c38f456;CO_d42ed19c0d9c80706b6b;CO_dcbac9160e0074b1524b;CO_e4301955d948730db931;CO_e52477d26b5d1070fa90;CO_f2b03e9952ad59e6c310;CO_f49d64a743f1f9b783c9;CO_fae0a8aeae89377704f3;CO_fdbf17ddf70417d8c2d6,VO_ff4600ba2d9d7efdea9d,1,,,False
PE_fc35961bbf4775b1838e,2015,1,2,MT,2015-07-07,unique_genuine_volume_observation_date,2015-07-07,1,CO_095eaa09cd36d1f1e7a9;CO_13b9f23e5ea0d47a945d;CO_1df8153c919b047477c9;CO_200d129e9bd029552fc9;CO_28d290d0750bd45328c0;CO_337e00526bf9896c0ee1;CO_364945ecf18d22055b7b;CO_4b3c0f3b8c72fad1ca8c;CO_53adbfe094b8fc532e60;CO_560229669058290cfa53;CO_59a5445f4da1b9f2d93e;CO_66e8ad79158e5be225ea;CO_720929c85276796617b0;CO_748595a8693a6fb4962d;CO_7954615b888c43f477bd;CO_8df66f64b57424391d36;CO_968076be2e38cf897d4d;CO_98440c50f0d98ea5f549;CO_9da5ea12989dd32ea309;CO_a5a2b61e6d380d20d611;CO_c39facfbbd3539e65c27;CO_ccff8a9c9ce2b8b3a363;CO_d26fc73341fdb336f6ae;CO_d3c74a06e1b5f9625d61;CO_ddd0850687ae458c0fc2;CO_edad1a10a004adf99a4b;CO_f6b74a4fd3348ade7a1b;CO_f87f6a02d81b2a467294,VO_e7b15779545d79e95960,1,,,False
PE_fc822425df54345742cb,2020,4,1,ST,2020-07-22,unique_genuine_volume_observation_date,2020-07-22,1,CO_05fb3c9a7f20d8c60ade;CO_0d12c63d2ebbe3a81bd6;CO_0ef962215cc055786d51;CO_155d1cf609cedded2fbc;CO_17402467b764a01585e1;CO_213f367b1af015a79e0b;CO_23adaaac2bb7839bef7f;CO_48f31b127dde9f650b07;CO_4c61425fecfee49770f7;CO_5075680b7c1d11d02fb0;CO_5cfbad52611c719dde9d;CO_6356587db2a73ec11c68;CO_685c2d00961d08fb66c4;CO_76cf2aaa3d5feafddfd4;CO_83c7b7f65e6b54b0ff62;CO_8bd05bcba665530f6c21;CO_93994319c450a7d6ce98;CO_93d842ed8c8969c60d68;CO_a9f544fb16fc90c73434;CO_b23870faedb7e3446fd7;CO_bbf614564b0cca4eba84;CO_c2e90aa4d71ec118be92;CO_e32ba81178f0c6e99240;CO_eaea09d6891e149de8db;CO_eb4ea223b35e735ca33a;CO_f2047c17e14c8c5bdbb2;CO_fb0f1a34c42c363dbdc4;CO_fdba2719a9729b5d61fa,VO_bba7a93190e711535dbb,1,,,False
PE_fcddf23162383dff810e,2011,3,1,ST,2011-07-28,unique_genuine_volume_observation_date,2011-07-28,1,CO_1287402b44f4cc63547e;CO_2f1d5eed0e931e79469d;CO_3380f3fe3a5641b1ddd2;CO_5214de409e4f511b6eed;CO_5264efea3b4678d5937a;CO_70a66b33d547f4aa520c;CO_740c59b88403e9ba9187;CO_74c492982018eb18f60d;CO_8527a891e224136950ff;CO_d5a7049e8dcd27379b35;CO_de8349b043ccff015a4f;CO_e8c411b6e1050671ae14;CO_ed053874ca199cc53e11;CO_ed209dafb3c690d3b9b2,VO_b946bee1185e3e922f6f,1,,,False
PE_fe2c74881a28e96903f0,2012,6,1,ST,2012-07-24,earliest_valid_date_multiple_or_no_genuine_volume_observations,2012-07-24,1,CO_032e4e92dfa133af0d65;CO_033581b0970477af916f;CO_420102d71e0e011cd631;CO_5c5388933de21b9c02d3;CO_670f8b7d978f2af1a8db;CO_6e04efee3c6eca4b5950;CO_808c9cfebd38d4d93da5;CO_9f8414c1ede70e3b4990;CO_a21855da08cb102d1d21;CO_a524645aa2b384bcad1e;CO_c3781534a87565a57e70;CO_c67bc18bc151730c8c14;CO_ed07bf12b8fe09324c8b;CO_f85cce4c15555e2ef8e8,,0,,,False
PE_fe3dedee2de4a143e8fc,2013,3,1,MT,2013-07-11,unique_genuine_volume_observation_date,2013-07-11,1,CO_0fd42b3f73c448b34940;CO_165fdf42142e58406ee3;CO_2f56d350554b595485e1;CO_3da8c7b2f0cdecf763dc;CO_52e76efe6b15d07b8f9b;CO_737f154b1c327acde3b6;CO_82bd3b63e2f8767c0767;CO_85d1fb597319e35e98bc;CO_a888f4fb245e47ee2e89;CO_b3bad974ed019487d06c;CO_baa2b50f271ab9c29d00;CO_bc9e1b2d2daf7ef0414b;CO_eec4bed19875dbe85d5e;CO_f79b8977720743f5e7c8,VO_a822552a2d679e1aa67b,1,,,False
PE_ff8985d7bd1f94902d4e,2025,5,2,MT,2025-08-19,unique_genuine_volume_observation_date,2025-08-19,1,CO_0020a5f0369e6f342cbf;CO_014b6b5ad9bc7124b7f6;CO_0896df2ec0392495804c;CO_0c62cc42d6479a691f03;CO_0cb18131c4d05306d806;CO_0ce8c2fbcc9600268e4c;CO_11382b8de6b4b042f25b;CO_1f65946a8ad55ecd871c;CO_240a8d861c5d80ce61a0;CO_2cb4c57c545815f3e447;CO_2fb67def5c675a68ae7b;CO_3383ba0ebc954df0025b;CO_40792555fe7291d90985;CO_459d056652a0b7aa7f63;CO_4a8b3ceff5823a558752;CO_50496d0b25bc30274d0b;CO_580d98a707e0600eb322;CO_5c73fdec275f141d5fab;CO_5e9abe7a56edadad8b08;CO_647011fb41f77ae398ca;CO_6532ddd66812255b7414;CO_666f3094ce81bff75015;CO_7812cee22b768a3e6901;CO_8b6b6e39ef3f491fa6d3;CO_8f7d517865d625743943;CO_97a3d725a8b47cd5a6d5;CO_983e067313ee2931dc17;CO_998e58acc93a3d44f811;CO_99ef2a43a9c7dba73f94;CO_a16c79f3a7142b2bc9f8;CO_a1acb291bb339d07faa0;CO_a3534d0dbaae02b45530;CO_a89bd32e72e6a4fbdfad;CO_af83147e904690a935ba;CO_afae321436ffe00d644a;CO_b1f2e310b01d85afab52;CO_b49249ccbb3a3346a52c;CO_bf163743e96880dc3186;CO_caaafd2b3354748b9ba4;CO_ce8ed6d5182c696b15f3;CO_d30217b65754123b65d5;CO_d5ac45375f4990d3c243;CO_d8b5e2791d0d1cee319e;CO_da7b878e5a6662bdc363;CO_da926fa760b897e4c7a4;CO_e118593a973128c94bc4;CO_e32bb2c8541848b72056;CO_e5940ff023c4b0e4523c;CO_e734ce8f057a2863077c;CO_e9f86b73c579e90253ce;CO_f0ca4b323465b546b3fe;CO_f18e73476a4619288453;CO_f2bdda2192b2a979569c;CO_f6cbb78b6e3a3810de8d;CO_fa66df2f99cec3fe2cb7;CO_ffa6059b954a4602a9fa,VO_32ec07d0df219738e931,1,,,False
