Target,CalibrationResidualLog,SamplingProbability,AbsoluteResidualConformalQ,PropagationMethod
logC,-0.030030370400146347,0.0016420361247947454,0.7459710594100664,weighted_resampling_of_signed_log_scale_calibration_residuals
logC,0.5543547459644533,0.0016420361247947454,0.7459710594100664,weighted_resampling_of_signed_log_scale_calibration_residuals
logC,-0.11614766376046938,0.0016420361247947454,0.7459710594100664,weighted_resampling_of_signed_log_scale_calibration_residuals
logC,-0.13953551035627365,0.0016420361247947454,0.7459710594100664,weighted_resampling_of_signed_log_scale_calibration_residuals
logC,-0.08353542274761239,0.0016420361247947454,0.7459710594100664,weighted_resampling_of_signed_log_scale_calibration_residuals
logC,-0.11178768249286808,0.0016420361247947454,0.7459710594100664,weighted_resampling_of_signed_log_scale_calibration_residuals
logC,-0.07054986630047717,0.0016420361247947454,0.7459710594100664,weighted_resampling_of_signed_log_scale_calibration_residuals
logC,0.3774170371116745,0.0016420361247947454,0.7459710594100664,weighted_resampling_of_signed_log_scale_calibration_residuals
logC,-0.09289465152048659,0.0016420361247947454,0.7459710594100664,weighted_resampling_of_signed_log_scale_calibration_residuals
logC,-0.12626312876791213,0.0016420361247947454,0.7459710594100664,weighted_resampling_of_signed_log_scale_calibration_residuals
logC,-0.4727097629383519,0.0016420361247947454,0.7459710594100664,weighted_resampling_of_signed_log_scale_calibration_residuals
logC,0.21747585501958344,0.0016420361247947454,0.7459710594100664,weighted_resampling_of_signed_log_scale_calibration_residuals
logC,0.4554373005889589,0.0016420361247947454,0.7459710594100664,weighted_resampling_of_signed_log_scale_calibration_residuals
logC,0.15138511687890155,0.0016420361247947454,0.7459710594100664,weighted_resampling_of_signed_log_scale_calibration_residuals
logC,0.01900993118725669,0.0016420361247947454,0.7459710594100664,weighted_resampling_of_signed_log_scale_calibration_residuals
logC,0.02032294500963605,0.0016420361247947454,0.7459710594100664,weighted_resampling_of_signed_log_scale_calibration_residuals
logC,-0.13361297946455555,0.0016420361247947454,0.7459710594100664,weighted_resampling_of_signed_log_scale_calibration_residuals
logC,0.7459710594100664,0.0016420361247947454,0.7459710594100664,weighted_resampling_of_signed_log_scale_calibration_residuals
logC,-0.09111655441132979,0.0016420361247947454,0.7459710594100664,weighted_resampling_of_signed_log_scale_calibration_residuals
logC,-0.05120923913629749,0.0016420361247947454,0.7459710594100664,weighted_resampling_of_signed_log_scale_calibration_residuals
logC,-0.021345616723496663,0.0016420361247947454,0.7459710594100664,weighted_resampling_of_signed_log_scale_calibration_residuals
logC,-0.01690688587604361,0.0016420361247947454,0.7459710594100664,weighted_resampling_of_signed_log_scale_calibration_residuals
logC,0.3256992198121571,0.0016420361247947454,0.7459710594100664,weighted_resampling_of_signed_log_scale_calibration_residuals
logC,-0.0720642795514772,0.0016420361247947454,0.7459710594100664,weighted_resampling_of_signed_log_scale_calibration_residuals
logC,0.02641161444321094,0.0016420361247947454,0.7459710594100664,weighted_resampling_of_signed_log_scale_calibration_residuals
logC,-0.3927394616109685,0.0016420361247947454,0.7459710594100664,weighted_resampling_of_signed_log_scale_calibration_residuals
logC,-0.06444361485403682,0.0016420361247947454,0.7459710594100664,weighted_resampling_of_signed_log_scale_calibration_residuals
logC,0.11404052508115514,0.0016420361247947454,0.7459710594100664,weighted_resampling_of_signed_log_scale_calibration_residuals
logC,-0.1028883343896354,0.0016420361247947454,0.7459710594100664,weighted_resampling_of_signed_log_scale_calibration_residuals
logC,-0.18173521156331643,0.0016420361247947454,0.7459710594100664,weighted_resampling_of_signed_log_scale_calibration_residuals
logC,-0.07038381970551555,0.0016420361247947454,0.7459710594100664,weighted_resampling_of_signed_log_scale_calibration_residuals
logC,-0.16482283557775046,0.0016420361247947454,0.7459710594100664,weighted_resampling_of_signed_log_scale_calibration_residuals
logC,0.2685460002265403,0.0016420361247947454,0.7459710594100664,weighted_resampling_of_signed_log_scale_calibration_residuals
logC,-0.015587567596833496,0.0016420361247947454,0.7459710594100664,weighted_resampling_of_signed_log_scale_calibration_residuals
logC,0.37821895411346373,0.0016420361247947454,0.7459710594100664,weighted_resampling_of_signed_log_scale_calibration_residuals
logC,0.30640730928632737,0.0016420361247947454,0.7459710594100664,weighted_resampling_of_signed_log_scale_calibration_residuals
logC,-0.04099108911689253,0.0016420361247947454,0.7459710594100664,weighted_resampling_of_signed_log_scale_calibration_residuals
logC,0.09062637443420218,0.0016420361247947454,0.7459710594100664,weighted_resampling_of_signed_log_scale_calibration_residuals
logC,0.02931381637337882,0.0016420361247947454,0.7459710594100664,weighted_resampling_of_signed_log_scale_calibration_residuals
logC,0.6800209512356972,0.0016420361247947454,0.7459710594100664,weighted_resampling_of_signed_log_scale_calibration_residuals
logC,-0.2296342145768142,0.0016420361247947454,0.7459710594100664,weighted_resampling_of_signed_log_scale_calibration_residuals
logC,-0.03827062555531689,0.0016420361247947454,0.7459710594100664,weighted_resampling_of_signed_log_scale_calibration_residuals
logC,-0.29395203295887096,0.0016420361247947454,0.7459710594100664,weighted_resampling_of_signed_log_scale_calibration_residuals
logC,0.0764327711953694,0.0016420361247947454,0.7459710594100664,weighted_resampling_of_signed_log_scale_calibration_residuals
logC,-1.7483176890960506,0.0016420361247947454,0.7459710594100664,weighted_resampling_of_signed_log_scale_calibration_residuals
logC,0.6049947051933565,0.0016420361247947454,0.7459710594100664,weighted_resampling_of_signed_log_scale_calibration_residuals
logC,-0.00617977598772744,0.0016420361247947454,0.7459710594100664,weighted_resampling_of_signed_log_scale_calibration_residuals
logC,0.5273441030164865,0.0016420361247947454,0.7459710594100664,weighted_resampling_of_signed_log_scale_calibration_residuals
logC,0.054057879893150584,0.0016420361247947454,0.7459710594100664,weighted_resampling_of_signed_log_scale_calibration_residuals
logC,2.611760166327489,0.0016420361247947454,0.7459710594100664,weighted_resampling_of_signed_log_scale_calibration_residuals
logC,-0.13191795499401482,0.00041050903119868636,0.7459710594100664,weighted_resampling_of_signed_log_scale_calibration_residuals
logC,-0.04607985149244624,0.00041050903119868636,0.7459710594100664,weighted_resampling_of_signed_log_scale_calibration_residuals
logC,-0.07011566021157288,0.00041050903119868636,0.7459710594100664,weighted_resampling_of_signed_log_scale_calibration_residuals
logC,-0.09359301515556558,0.00041050903119868636,0.7459710594100664,weighted_resampling_of_signed_log_scale_calibration_residuals
logC,-0.1399171415585415,0.00041050903119868636,0.7459710594100664,weighted_resampling_of_signed_log_scale_calibration_residuals
logC,-0.07208282264116406,0.00041050903119868636,0.7459710594100664,weighted_resampling_of_signed_log_scale_calibration_residuals
logC,-0.0913592488139523,0.00041050903119868636,0.7459710594100664,weighted_resampling_of_signed_log_scale_calibration_residuals
logC,0.04618848653727303,0.00041050903119868636,0.7459710594100664,weighted_resampling_of_signed_log_scale_calibration_residuals
logC,0.3643915468243324,0.0016420361247947454,0.7459710594100664,weighted_resampling_of_signed_log_scale_calibration_residuals
logC,0.09837035933042637,0.00041050903119868636,0.7459710594100664,weighted_resampling_of_signed_log_scale_calibration_residuals
logC,0.13630387223694784,0.00041050903119868636,0.7459710594100664,weighted_resampling_of_signed_log_scale_calibration_residuals
logC,0.09423970703675666,0.00041050903119868636,0.7459710594100664,weighted_resampling_of_signed_log_scale_calibration_residuals
logC,0.1299144018342555,0.00041050903119868636,0.7459710594100664,weighted_resampling_of_signed_log_scale_calibration_residuals
logC,0.2019866168084925,0.00041050903119868636,0.7459710594100664,weighted_resampling_of_signed_log_scale_calibration_residuals
logC,0.4664899646326428,0.00041050903119868636,0.7459710594100664,weighted_resampling_of_signed_log_scale_calibration_residuals
logC,0.3610640392722557,0.00041050903119868636,0.7459710594100664,weighted_resampling_of_signed_log_scale_calibration_residuals
logC,0.4652400732504962,0.00041050903119868636,0.7459710594100664,weighted_resampling_of_signed_log_scale_calibration_residuals
logC,-0.06067957377945188,0.0016420361247947454,0.7459710594100664,weighted_resampling_of_signed_log_scale_calibration_residuals
logC,-0.16408097692991142,0.00041050903119868636,0.7459710594100664,weighted_resampling_of_signed_log_scale_calibration_residuals
logC,-0.556929939675598,0.00041050903119868636,0.7459710594100664,weighted_resampling_of_signed_log_scale_calibration_residuals
logC,-0.2874912518672126,0.00041050903119868636,0.7459710594100664,weighted_resampling_of_signed_log_scale_calibration_residuals
logC,-0.2881552621215402,0.00041050903119868636,0.7459710594100664,weighted_resampling_of_signed_log_scale_calibration_residuals
logC,-0.06607630210372774,0.0016420361247947454,0.7459710594100664,weighted_resampling_of_signed_log_scale_calibration_residuals
logC,-0.16378481023693903,0.0008210180623973727,0.7459710594100664,weighted_resampling_of_signed_log_scale_calibration_residuals
logC,-0.21427438401489624,0.0008210180623973727,0.7459710594100664,weighted_resampling_of_signed_log_scale_calibration_residuals
logC,0.01988345085534915,0.0016420361247947454,0.7459710594100664,weighted_resampling_of_signed_log_scale_calibration_residuals
logC,0.195827464155796,0.0008210180623973727,0.7459710594100664,weighted_resampling_of_signed_log_scale_calibration_residuals
logC,0.1798751936541385,0.0008210180623973727,0.7459710594100664,weighted_resampling_of_signed_log_scale_calibration_residuals
logC,0.1447700705510273,0.0008210180623973727,0.7459710594100664,weighted_resampling_of_signed_log_scale_calibration_residuals
logC,0.17691789080258458,0.0008210180623973727,0.7459710594100664,weighted_resampling_of_signed_log_scale_calibration_residuals
logC,-0.10311475061476515,0.0016420361247947454,0.7459710594100664,weighted_resampling_of_signed_log_scale_calibration_residuals
logC,-0.207485646492243,0.0008210180623973727,0.7459710594100664,weighted_resampling_of_signed_log_scale_calibration_residuals
logC,-0.18981087399951857,0.0008210180623973727,0.7459710594100664,weighted_resampling_of_signed_log_scale_calibration_residuals
logC,-0.02370594717885542,0.0008210180623973727,0.7459710594100664,weighted_resampling_of_signed_log_scale_calibration_residuals
logC,-0.0656265997838228,0.0008210180623973727,0.7459710594100664,weighted_resampling_of_signed_log_scale_calibration_residuals
logC,0.03126718987932198,0.0016420361247947454,0.7459710594100664,weighted_resampling_of_signed_log_scale_calibration_residuals
logC,0.06618403336899703,0.0016420361247947454,0.7459710594100664,weighted_resampling_of_signed_log_scale_calibration_residuals
logC,0.06385030776468259,0.0008210180623973727,0.7459710594100664,weighted_resampling_of_signed_log_scale_calibration_residuals
logC,-0.005091724802311681,0.0008210180623973727,0.7459710594100664,weighted_resampling_of_signed_log_scale_calibration_residuals
logC,0.12579134007204384,0.0008210180623973727,0.7459710594100664,weighted_resampling_of_signed_log_scale_calibration_residuals
logC,0.04258242644228227,0.0008210180623973727,0.7459710594100664,weighted_resampling_of_signed_log_scale_calibration_residuals
logC,0.006665693023403252,0.0008210180623973727,0.7459710594100664,weighted_resampling_of_signed_log_scale_calibration_residuals
logC,-0.0346372049729573,0.0008210180623973727,0.7459710594100664,weighted_resampling_of_signed_log_scale_calibration_residuals
logC,0.1423556839874891,0.0008210180623973727,0.7459710594100664,weighted_resampling_of_signed_log_scale_calibration_residuals
logC,-0.3756805333889375,0.0008210180623973727,0.7459710594100664,weighted_resampling_of_signed_log_scale_calibration_residuals
logC,0.09276626234261834,0.0008210180623973727,0.7459710594100664,weighted_resampling_of_signed_log_scale_calibration_residuals
logC,0.12604582840955803,0.0008210180623973727,0.7459710594100664,weighted_resampling_of_signed_log_scale_calibration_residuals
logC,0.04104201891807312,0.0008210180623973727,0.7459710594100664,weighted_resampling_of_signed_log_scale_calibration_residuals
logC,-0.05437643278468343,0.0008210180623973727,0.7459710594100664,weighted_resampling_of_signed_log_scale_calibration_residuals
logC,-0.16844344545237333,0.0008210180623973727,0.7459710594100664,weighted_resampling_of_signed_log_scale_calibration_residuals
logC,-0.1467136052596021,0.0008210180623973727,0.7459710594100664,weighted_resampling_of_signed_log_scale_calibration_residuals
logC,0.13190702162711898,0.0008210180623973727,0.7459710594100664,weighted_resampling_of_signed_log_scale_calibration_residuals
logC,7.932480917904883e-06,0.0008210180623973727,0.7459710594100664,weighted_resampling_of_signed_log_scale_calibration_residuals
logC,0.09936689968897006,0.0008210180623973727,0.7459710594100664,weighted_resampling_of_signed_log_scale_calibration_residuals
logC,0.04628026471977509,0.0008210180623973727,0.7459710594100664,weighted_resampling_of_signed_log_scale_calibration_residuals
logC,0.4035360606856272,0.0008210180623973727,0.7459710594100664,weighted_resampling_of_signed_log_scale_calibration_residuals
logC,0.36225320097973723,0.0008210180623973727,0.7459710594100664,weighted_resampling_of_signed_log_scale_calibration_residuals
logC,0.08558152089867557,0.0008210180623973727,0.7459710594100664,weighted_resampling_of_signed_log_scale_calibration_residuals
logC,0.05990164394328944,0.0008210180623973727,0.7459710594100664,weighted_resampling_of_signed_log_scale_calibration_residuals
logC,0.4768289468047997,0.0008210180623973727,0.7459710594100664,weighted_resampling_of_signed_log_scale_calibration_residuals
logC,0.34192010911705606,0.0008210180623973727,0.7459710594100664,weighted_resampling_of_signed_log_scale_calibration_residuals
logC,-0.14413318608344028,0.0008210180623973727,0.7459710594100664,weighted_resampling_of_signed_log_scale_calibration_residuals
logC,-0.17850986231092492,0.0008210180623973727,0.7459710594100664,weighted_resampling_of_signed_log_scale_calibration_residuals
logC,0.016440215379596737,0.0008210180623973727,0.7459710594100664,weighted_resampling_of_signed_log_scale_calibration_residuals
logC,0.0030314104171828976,0.0008210180623973727,0.7459710594100664,weighted_resampling_of_signed_log_scale_calibration_residuals
logC,-0.06998795639824548,0.0008210180623973727,0.7459710594100664,weighted_resampling_of_signed_log_scale_calibration_residuals
logC,-0.10392448935799777,0.0008210180623973727,0.7459710594100664,weighted_resampling_of_signed_log_scale_calibration_residuals
logC,-0.22971563987410587,0.0008210180623973727,0.7459710594100664,weighted_resampling_of_signed_log_scale_calibration_residuals
logC,-0.2772656559724267,0.0008210180623973727,0.7459710594100664,weighted_resampling_of_signed_log_scale_calibration_residuals
logC,0.013750460566831713,0.0008210180623973727,0.7459710594100664,weighted_resampling_of_signed_log_scale_calibration_residuals
logC,-0.02648852848546901,0.0008210180623973727,0.7459710594100664,weighted_resampling_of_signed_log_scale_calibration_residuals
logC,-0.07430369078215837,0.0008210180623973727,0.7459710594100664,weighted_resampling_of_signed_log_scale_calibration_residuals
logC,-0.0403314623983817,0.0008210180623973727,0.7459710594100664,weighted_resampling_of_signed_log_scale_calibration_residuals
logC,0.02420698527427874,0.0008210180623973727,0.7459710594100664,weighted_resampling_of_signed_log_scale_calibration_residuals
logC,0.046933314676094406,0.0008210180623973727,0.7459710594100664,weighted_resampling_of_signed_log_scale_calibration_residuals
logC,-0.003852090354677328,0.0008210180623973727,0.7459710594100664,weighted_resampling_of_signed_log_scale_calibration_residuals
logC,-0.03972915178293526,0.0008210180623973727,0.7459710594100664,weighted_resampling_of_signed_log_scale_calibration_residuals
logC,-0.06674010178948708,0.0008210180623973727,0.7459710594100664,weighted_resampling_of_signed_log_scale_calibration_residuals
logC,-0.1267455565797322,0.0008210180623973727,0.7459710594100664,weighted_resampling_of_signed_log_scale_calibration_residuals
logC,0.36240465330876503,0.0008210180623973727,0.7459710594100664,weighted_resampling_of_signed_log_scale_calibration_residuals
logC,0.11583665686480593,0.0008210180623973727,0.7459710594100664,weighted_resampling_of_signed_log_scale_calibration_residuals
logC,-0.009166986227654217,0.0016420361247947454,0.7459710594100664,weighted_resampling_of_signed_log_scale_calibration_residuals
logC,-0.11179951843613217,0.0008210180623973727,0.7459710594100664,weighted_resampling_of_signed_log_scale_calibration_residuals
logC,-0.06756624747453138,0.0008210180623973727,0.7459710594100664,weighted_resampling_of_signed_log_scale_calibration_residuals
logC,0.3037615863835148,0.0008210180623973727,0.7459710594100664,weighted_resampling_of_signed_log_scale_calibration_residuals
logC,0.3605935649184584,0.0008210180623973727,0.7459710594100664,weighted_resampling_of_signed_log_scale_calibration_residuals
logC,0.07023821759855453,0.0016420361247947454,0.7459710594100664,weighted_resampling_of_signed_log_scale_calibration_residuals
logC,0.17528486181627478,0.0008210180623973727,0.7459710594100664,weighted_resampling_of_signed_log_scale_calibration_residuals
logC,0.17698932022755987,0.0008210180623973727,0.7459710594100664,weighted_resampling_of_signed_log_scale_calibration_residuals
logC,-0.13846711137694023,0.0016420361247947454,0.7459710594100664,weighted_resampling_of_signed_log_scale_calibration_residuals
logC,-0.21472174176026532,0.0016420361247947454,0.7459710594100664,weighted_resampling_of_signed_log_scale_calibration_residuals
logC,-0.41485018139301477,0.0016420361247947454,0.7459710594100664,weighted_resampling_of_signed_log_scale_calibration_residuals
logC,0.31236428120924375,0.0016420361247947454,0.7459710594100664,weighted_resampling_of_signed_log_scale_calibration_residuals
logC,-0.09865098303200716,0.0016420361247947454,0.7459710594100664,weighted_resampling_of_signed_log_scale_calibration_residuals
logC,0.46156171135990665,0.0016420361247947454,0.7459710594100664,weighted_resampling_of_signed_log_scale_calibration_residuals
logC,0.12004456235988048,0.0016420361247947454,0.7459710594100664,weighted_resampling_of_signed_log_scale_calibration_residuals
logC,0.10847808555937521,0.0016420361247947454,0.7459710594100664,weighted_resampling_of_signed_log_scale_calibration_residuals
logC,-0.19865763978328144,0.0016420361247947454,0.7459710594100664,weighted_resampling_of_signed_log_scale_calibration_residuals
logC,0.06530011332952901,0.0016420361247947454,0.7459710594100664,weighted_resampling_of_signed_log_scale_calibration_residuals
logC,0.0656338762071592,0.0016420361247947454,0.7459710594100664,weighted_resampling_of_signed_log_scale_calibration_residuals
logC,0.2951588606222346,0.0016420361247947454,0.7459710594100664,weighted_resampling_of_signed_log_scale_calibration_residuals
logC,0.016766603303362437,0.0008210180623973727,0.7459710594100664,weighted_resampling_of_signed_log_scale_calibration_residuals
logC,-0.004592444884949254,0.0008210180623973727,0.7459710594100664,weighted_resampling_of_signed_log_scale_calibration_residuals
logC,-0.21436115575068987,0.0008210180623973727,0.7459710594100664,weighted_resampling_of_signed_log_scale_calibration_residuals
logC,-0.2842144405650464,0.0008210180623973727,0.7459710594100664,weighted_resampling_of_signed_log_scale_calibration_residuals
logC,0.6650496343835597,0.0008210180623973727,0.7459710594100664,weighted_resampling_of_signed_log_scale_calibration_residuals
logC,0.7219006902893668,0.0008210180623973727,0.7459710594100664,weighted_resampling_of_signed_log_scale_calibration_residuals
logC,0.05268035196625087,0.0008210180623973727,0.7459710594100664,weighted_resampling_of_signed_log_scale_calibration_residuals
logC,0.048375663129060165,0.0008210180623973727,0.7459710594100664,weighted_resampling_of_signed_log_scale_calibration_residuals
logC,0.03163754210424874,0.0008210180623973727,0.7459710594100664,weighted_resampling_of_signed_log_scale_calibration_residuals
logC,0.012264254330661917,0.0008210180623973727,0.7459710594100664,weighted_resampling_of_signed_log_scale_calibration_residuals
logC,0.24404623099797274,0.0008210180623973727,0.7459710594100664,weighted_resampling_of_signed_log_scale_calibration_residuals
logC,0.39423235104995236,0.0008210180623973727,0.7459710594100664,weighted_resampling_of_signed_log_scale_calibration_residuals
logC,0.012125979055475966,0.0005473453749315818,0.7459710594100664,weighted_resampling_of_signed_log_scale_calibration_residuals
logC,-0.0045019267766774895,0.0005473453749315818,0.7459710594100664,weighted_resampling_of_signed_log_scale_calibration_residuals
logC,-0.001798574908177919,0.0005473453749315818,0.7459710594100664,weighted_resampling_of_signed_log_scale_calibration_residuals
logC,-0.04890896075400064,0.0005473453749315818,0.7459710594100664,weighted_resampling_of_signed_log_scale_calibration_residuals
logC,-0.06160242586701664,0.0005473453749315818,0.7459710594100664,weighted_resampling_of_signed_log_scale_calibration_residuals
logC,0.14539737956414406,0.0005473453749315818,0.7459710594100664,weighted_resampling_of_signed_log_scale_calibration_residuals
logC,-0.36734655464562316,0.0005473453749315818,0.7459710594100664,weighted_resampling_of_signed_log_scale_calibration_residuals
logC,-0.053681278506417573,0.0005473453749315818,0.7459710594100664,weighted_resampling_of_signed_log_scale_calibration_residuals
logC,0.19958171155589555,0.0005473453749315818,0.7459710594100664,weighted_resampling_of_signed_log_scale_calibration_residuals
logC,0.0020475553489887055,0.0005473453749315818,0.7459710594100664,weighted_resampling_of_signed_log_scale_calibration_residuals
logC,-0.016056046067220553,0.0005473453749315818,0.7459710594100664,weighted_resampling_of_signed_log_scale_calibration_residuals
logC,0.011507464306980353,0.0005473453749315818,0.7459710594100664,weighted_resampling_of_signed_log_scale_calibration_residuals
logC,-0.005217138721928103,0.0005473453749315818,0.7459710594100664,weighted_resampling_of_signed_log_scale_calibration_residuals
logC,-0.027170237174581183,0.0005473453749315818,0.7459710594100664,weighted_resampling_of_signed_log_scale_calibration_residuals
logC,-0.02371374718798536,0.0005473453749315818,0.7459710594100664,weighted_resampling_of_signed_log_scale_calibration_residuals
logC,-0.2069688163960519,0.0005473453749315818,0.7459710594100664,weighted_resampling_of_signed_log_scale_calibration_residuals
logC,-0.1658300830238293,0.0005473453749315818,0.7459710594100664,weighted_resampling_of_signed_log_scale_calibration_residuals
logC,0.47378610155992007,0.0005473453749315818,0.7459710594100664,weighted_resampling_of_signed_log_scale_calibration_residuals
logC,-0.02989418842600844,0.00041050903119868636,0.7459710594100664,weighted_resampling_of_signed_log_scale_calibration_residuals
logC,-0.05212796369004069,0.00041050903119868636,0.7459710594100664,weighted_resampling_of_signed_log_scale_calibration_residuals
logC,0.017677875905717677,0.00041050903119868636,0.7459710594100664,weighted_resampling_of_signed_log_scale_calibration_residuals
logC,0.000757608767952167,0.00041050903119868636,0.7459710594100664,weighted_resampling_of_signed_log_scale_calibration_residuals
logC,-0.07598372215831528,0.00041050903119868636,0.7459710594100664,weighted_resampling_of_signed_log_scale_calibration_residuals
logC,-0.03135600655957077,0.00041050903119868636,0.7459710594100664,weighted_resampling_of_signed_log_scale_calibration_residuals
logC,-0.033559816834281164,0.00041050903119868636,0.7459710594100664,weighted_resampling_of_signed_log_scale_calibration_residuals
logC,-0.08294830241072229,0.00041050903119868636,0.7459710594100664,weighted_resampling_of_signed_log_scale_calibration_residuals
logC,0.47584823308210433,0.00041050903119868636,0.7459710594100664,weighted_resampling_of_signed_log_scale_calibration_residuals
logC,0.7318406961636805,0.00041050903119868636,0.7459710594100664,weighted_resampling_of_signed_log_scale_calibration_residuals
logC,0.004145334483207197,0.00041050903119868636,0.7459710594100664,weighted_resampling_of_signed_log_scale_calibration_residuals
logC,-0.011045153165729404,0.00041050903119868636,0.7459710594100664,weighted_resampling_of_signed_log_scale_calibration_residuals
logC,-0.034632722237401214,0.00041050903119868636,0.7459710594100664,weighted_resampling_of_signed_log_scale_calibration_residuals
logC,-0.04028930332679659,0.00041050903119868636,0.7459710594100664,weighted_resampling_of_signed_log_scale_calibration_residuals
logC,0.03232794800798855,0.00041050903119868636,0.7459710594100664,weighted_resampling_of_signed_log_scale_calibration_residuals
logC,0.015750668687372293,0.00041050903119868636,0.7459710594100664,weighted_resampling_of_signed_log_scale_calibration_residuals
logC,0.003531698502640441,0.00041050903119868636,0.7459710594100664,weighted_resampling_of_signed_log_scale_calibration_residuals
logC,-0.016477910636197114,0.00041050903119868636,0.7459710594100664,weighted_resampling_of_signed_log_scale_calibration_residuals
logC,0.043620289462947506,0.00041050903119868636,0.7459710594100664,weighted_resampling_of_signed_log_scale_calibration_residuals
logC,0.019142675592001276,0.00041050903119868636,0.7459710594100664,weighted_resampling_of_signed_log_scale_calibration_residuals
logC,0.9154638646743729,0.00041050903119868636,0.7459710594100664,weighted_resampling_of_signed_log_scale_calibration_residuals
logC,1.1463511615799655,0.00041050903119868636,0.7459710594100664,weighted_resampling_of_signed_log_scale_calibration_residuals
logC,0.0757170149112607,0.00041050903119868636,0.7459710594100664,weighted_resampling_of_signed_log_scale_calibration_residuals
logC,0.33118850447183146,0.00041050903119868636,0.7459710594100664,weighted_resampling_of_signed_log_scale_calibration_residuals
logC,-0.004477888405032937,0.0016420361247947454,0.7459710594100664,weighted_resampling_of_signed_log_scale_calibration_residuals
logC,-0.28029159187514785,0.0016420361247947454,0.7459710594100664,weighted_resampling_of_signed_log_scale_calibration_residuals
logC,0.7064282623251819,0.0016420361247947454,0.7459710594100664,weighted_resampling_of_signed_log_scale_calibration_residuals
logC,-0.15530412914447256,0.0016420361247947454,0.7459710594100664,weighted_resampling_of_signed_log_scale_calibration_residuals
logC,0.012357097166813803,0.0016420361247947454,0.7459710594100664,weighted_resampling_of_signed_log_scale_calibration_residuals
logC,-0.3246254962154067,0.0016420361247947454,0.7459710594100664,weighted_resampling_of_signed_log_scale_calibration_residuals
logC,-0.054060058332612515,0.0005473453749315818,0.7459710594100664,weighted_resampling_of_signed_log_scale_calibration_residuals
logC,-0.021667675460748326,0.0005473453749315818,0.7459710594100664,weighted_resampling_of_signed_log_scale_calibration_residuals
logC,-0.0075133445587241,0.0005473453749315818,0.7459710594100664,weighted_resampling_of_signed_log_scale_calibration_residuals
logC,0.0690999506224606,0.0005473453749315818,0.7459710594100664,weighted_resampling_of_signed_log_scale_calibration_residuals
logC,-0.02517998793156624,0.0005473453749315818,0.7459710594100664,weighted_resampling_of_signed_log_scale_calibration_residuals
logC,-0.00997215949292242,0.0005473453749315818,0.7459710594100664,weighted_resampling_of_signed_log_scale_calibration_residuals
logC,0.458001259139615,0.0005473453749315818,0.7459710594100664,weighted_resampling_of_signed_log_scale_calibration_residuals
logC,-0.09972494770851204,0.0005473453749315818,0.7459710594100664,weighted_resampling_of_signed_log_scale_calibration_residuals
logC,-0.006891418073395217,0.0005473453749315818,0.7459710594100664,weighted_resampling_of_signed_log_scale_calibration_residuals
logC,0.00743583769693279,0.0005473453749315818,0.7459710594100664,weighted_resampling_of_signed_log_scale_calibration_residuals
logC,-0.11843182385067585,0.0005473453749315818,0.7459710594100664,weighted_resampling_of_signed_log_scale_calibration_residuals
logC,0.0788355914487,0.0005473453749315818,0.7459710594100664,weighted_resampling_of_signed_log_scale_calibration_residuals
logC,-0.041249987704684354,0.0005473453749315818,0.7459710594100664,weighted_resampling_of_signed_log_scale_calibration_residuals
logC,-0.05589081956544262,0.0005473453749315818,0.7459710594100664,weighted_resampling_of_signed_log_scale_calibration_residuals
logC,-0.06717271668412472,0.0005473453749315818,0.7459710594100664,weighted_resampling_of_signed_log_scale_calibration_residuals
logC,0.004433536834482972,0.0005473453749315818,0.7459710594100664,weighted_resampling_of_signed_log_scale_calibration_residuals
logC,0.01626309407402686,0.0005473453749315818,0.7459710594100664,weighted_resampling_of_signed_log_scale_calibration_residuals
logC,0.018920288768177914,0.0005473453749315818,0.7459710594100664,weighted_resampling_of_signed_log_scale_calibration_residuals
logC,-0.46069146365674474,0.0005473453749315818,0.7459710594100664,weighted_resampling_of_signed_log_scale_calibration_residuals
logC,-0.5752665854917627,0.0005473453749315818,0.7459710594100664,weighted_resampling_of_signed_log_scale_calibration_residuals
logC,-0.5797983530219044,0.0005473453749315818,0.7459710594100664,weighted_resampling_of_signed_log_scale_calibration_residuals
logC,-0.00599269824697829,0.0016420361247947454,0.7459710594100664,weighted_resampling_of_signed_log_scale_calibration_residuals
logC,0.014989707687712961,0.0016420361247947454,0.7459710594100664,weighted_resampling_of_signed_log_scale_calibration_residuals
logC,-0.23225267527591353,0.0016420361247947454,0.7459710594100664,weighted_resampling_of_signed_log_scale_calibration_residuals
logC,0.0116385148913416,0.0016420361247947454,0.7459710594100664,weighted_resampling_of_signed_log_scale_calibration_residuals
logC,-0.048537341867157524,0.0016420361247947454,0.7459710594100664,weighted_resampling_of_signed_log_scale_calibration_residuals
logC,0.0008229285652400645,0.0016420361247947454,0.7459710594100664,weighted_resampling_of_signed_log_scale_calibration_residuals
logC,-0.43029704423794257,0.0016420361247947454,0.7459710594100664,weighted_resampling_of_signed_log_scale_calibration_residuals
logC,-0.0004293617082354942,0.00041050903119868636,0.7459710594100664,weighted_resampling_of_signed_log_scale_calibration_residuals
logC,-0.021447492576053592,0.00041050903119868636,0.7459710594100664,weighted_resampling_of_signed_log_scale_calibration_residuals
logC,-0.015597992044084304,0.00041050903119868636,0.7459710594100664,weighted_resampling_of_signed_log_scale_calibration_residuals
logC,-0.007682129457703926,0.00041050903119868636,0.7459710594100664,weighted_resampling_of_signed_log_scale_calibration_residuals
logC,-0.12408736568346124,0.00041050903119868636,0.7459710594100664,weighted_resampling_of_signed_log_scale_calibration_residuals
logC,-0.0690414258444626,0.00041050903119868636,0.7459710594100664,weighted_resampling_of_signed_log_scale_calibration_residuals
logC,-0.2761942197751517,0.00041050903119868636,0.7459710594100664,weighted_resampling_of_signed_log_scale_calibration_residuals
logC,-0.5689374298907639,0.00041050903119868636,0.7459710594100664,weighted_resampling_of_signed_log_scale_calibration_residuals
logC,0.1905490160693759,0.00041050903119868636,0.7459710594100664,weighted_resampling_of_signed_log_scale_calibration_residuals
logC,-0.05675410705290962,0.00041050903119868636,0.7459710594100664,weighted_resampling_of_signed_log_scale_calibration_residuals
logC,-0.418580519719044,0.00041050903119868636,0.7459710594100664,weighted_resampling_of_signed_log_scale_calibration_residuals
logC,-0.41970650927294084,0.00041050903119868636,0.7459710594100664,weighted_resampling_of_signed_log_scale_calibration_residuals
logC,0.10471494804403703,0.00041050903119868636,0.7459710594100664,weighted_resampling_of_signed_log_scale_calibration_residuals
logC,0.09655596317693238,0.00041050903119868636,0.7459710594100664,weighted_resampling_of_signed_log_scale_calibration_residuals
logC,-0.013791795928168593,0.00041050903119868636,0.7459710594100664,weighted_resampling_of_signed_log_scale_calibration_residuals
logC,0.005941051281650456,0.00041050903119868636,0.7459710594100664,weighted_resampling_of_signed_log_scale_calibration_residuals
logC,-0.029348052384328138,0.00041050903119868636,0.7459710594100664,weighted_resampling_of_signed_log_scale_calibration_residuals
logC,-0.0547935786230731,0.00041050903119868636,0.7459710594100664,weighted_resampling_of_signed_log_scale_calibration_residuals
logC,-0.04960482573729674,0.00041050903119868636,0.7459710594100664,weighted_resampling_of_signed_log_scale_calibration_residuals
logC,-0.03225152695282696,0.00041050903119868636,0.7459710594100664,weighted_resampling_of_signed_log_scale_calibration_residuals
logC,0.602340559890286,0.00041050903119868636,0.7459710594100664,weighted_resampling_of_signed_log_scale_calibration_residuals
logC,0.7070276866089946,0.00041050903119868636,0.7459710594100664,weighted_resampling_of_signed_log_scale_calibration_residuals
logC,0.5451099061845142,0.00041050903119868636,0.7459710594100664,weighted_resampling_of_signed_log_scale_calibration_residuals
logC,0.7137460261051691,0.00041050903119868636,0.7459710594100664,weighted_resampling_of_signed_log_scale_calibration_residuals
logC,-0.27094010363261223,0.00041050903119868636,0.7459710594100664,weighted_resampling_of_signed_log_scale_calibration_residuals
logC,-0.17017513919482496,0.00041050903119868636,0.7459710594100664,weighted_resampling_of_signed_log_scale_calibration_residuals
logC,-0.18180085919043343,0.00041050903119868636,0.7459710594100664,weighted_resampling_of_signed_log_scale_calibration_residuals
logC,-3.617843393583488,0.00041050903119868636,0.7459710594100664,weighted_resampling_of_signed_log_scale_calibration_residuals
logC,0.01017314994808527,0.00041050903119868636,0.7459710594100664,weighted_resampling_of_signed_log_scale_calibration_residuals
logC,-0.018332232386473635,0.00041050903119868636,0.7459710594100664,weighted_resampling_of_signed_log_scale_calibration_residuals
logC,0.04413110228176155,0.00041050903119868636,0.7459710594100664,weighted_resampling_of_signed_log_scale_calibration_residuals
logC,-0.0038710617576249717,0.00041050903119868636,0.7459710594100664,weighted_resampling_of_signed_log_scale_calibration_residuals
logC,0.5620348610447334,0.00041050903119868636,0.7459710594100664,weighted_resampling_of_signed_log_scale_calibration_residuals
logC,0.2914689937285009,0.00041050903119868636,0.7459710594100664,weighted_resampling_of_signed_log_scale_calibration_residuals
logC,-0.07758531131977936,0.00041050903119868636,0.7459710594100664,weighted_resampling_of_signed_log_scale_calibration_residuals
logC,0.04306876043319352,0.00041050903119868636,0.7459710594100664,weighted_resampling_of_signed_log_scale_calibration_residuals
logC,0.13279992815025543,0.00041050903119868636,0.7459710594100664,weighted_resampling_of_signed_log_scale_calibration_residuals
logC,0.11620410797572645,0.00041050903119868636,0.7459710594100664,weighted_resampling_of_signed_log_scale_calibration_residuals
logC,-0.1173277462284309,0.00041050903119868636,0.7459710594100664,weighted_resampling_of_signed_log_scale_calibration_residuals
logC,0.07668911522243793,0.00041050903119868636,0.7459710594100664,weighted_resampling_of_signed_log_scale_calibration_residuals
logC,0.05158928502183713,0.00041050903119868636,0.7459710594100664,weighted_resampling_of_signed_log_scale_calibration_residuals
logC,0.038707598954364375,0.00041050903119868636,0.7459710594100664,weighted_resampling_of_signed_log_scale_calibration_residuals
logC,0.004063633595446037,0.00041050903119868636,0.7459710594100664,weighted_resampling_of_signed_log_scale_calibration_residuals
logC,-0.03710351506307097,0.00041050903119868636,0.7459710594100664,weighted_resampling_of_signed_log_scale_calibration_residuals
logC,-0.004203480839045648,0.00041050903119868636,0.7459710594100664,weighted_resampling_of_signed_log_scale_calibration_residuals
logC,-0.032537955870919566,0.00041050903119868636,0.7459710594100664,weighted_resampling_of_signed_log_scale_calibration_residuals
logC,-0.03337319431421992,0.00041050903119868636,0.7459710594100664,weighted_resampling_of_signed_log_scale_calibration_residuals
logC,-0.02461926904416112,0.00041050903119868636,0.7459710594100664,weighted_resampling_of_signed_log_scale_calibration_residuals
logC,-0.2619077457693191,0.00041050903119868636,0.7459710594100664,weighted_resampling_of_signed_log_scale_calibration_residuals
logC,-0.04107838022405996,0.00041050903119868636,0.7459710594100664,weighted_resampling_of_signed_log_scale_calibration_residuals
logC,-0.022454113959184063,0.00041050903119868636,0.7459710594100664,weighted_resampling_of_signed_log_scale_calibration_residuals
logC,0.05044065469706993,0.00041050903119868636,0.7459710594100664,weighted_resampling_of_signed_log_scale_calibration_residuals
logC,0.44659762628101163,0.0005473453749315818,0.7459710594100664,weighted_resampling_of_signed_log_scale_calibration_residuals
logC,0.9373515355689062,0.0005473453749315818,0.7459710594100664,weighted_resampling_of_signed_log_scale_calibration_residuals
logC,0.16765441930775005,0.0005473453749315818,0.7459710594100664,weighted_resampling_of_signed_log_scale_calibration_residuals
logC,0.10717830929513061,0.00041050903119868636,0.7459710594100664,weighted_resampling_of_signed_log_scale_calibration_residuals
logC,0.09791501348870457,0.00041050903119868636,0.7459710594100664,weighted_resampling_of_signed_log_scale_calibration_residuals
logC,0.06436255073047681,0.00041050903119868636,0.7459710594100664,weighted_resampling_of_signed_log_scale_calibration_residuals
logC,0.1442380716639099,0.00041050903119868636,0.7459710594100664,weighted_resampling_of_signed_log_scale_calibration_residuals
logC,0.12444281024625092,0.00041050903119868636,0.7459710594100664,weighted_resampling_of_signed_log_scale_calibration_residuals
logC,0.04657761387494341,0.00041050903119868636,0.7459710594100664,weighted_resampling_of_signed_log_scale_calibration_residuals
logC,0.016967111051298334,0.00041050903119868636,0.7459710594100664,weighted_resampling_of_signed_log_scale_calibration_residuals
logC,0.07788263303210985,0.00041050903119868636,0.7459710594100664,weighted_resampling_of_signed_log_scale_calibration_residuals
logC,-0.044874417355095675,0.00041050903119868636,0.7459710594100664,weighted_resampling_of_signed_log_scale_calibration_residuals
logC,-0.0895338413831408,0.00041050903119868636,0.7459710594100664,weighted_resampling_of_signed_log_scale_calibration_residuals
logC,-0.2795777173024696,0.00041050903119868636,0.7459710594100664,weighted_resampling_of_signed_log_scale_calibration_residuals
logC,-0.32740616847426707,0.00041050903119868636,0.7459710594100664,weighted_resampling_of_signed_log_scale_calibration_residuals
logC,0.03461663104504753,0.00041050903119868636,0.7459710594100664,weighted_resampling_of_signed_log_scale_calibration_residuals
logC,-0.040678529732303126,0.00041050903119868636,0.7459710594100664,weighted_resampling_of_signed_log_scale_calibration_residuals
logC,-0.03904891056370108,0.00041050903119868636,0.7459710594100664,weighted_resampling_of_signed_log_scale_calibration_residuals
logC,0.01522879147238232,0.00041050903119868636,0.7459710594100664,weighted_resampling_of_signed_log_scale_calibration_residuals
logC,-0.053870529279092194,0.00041050903119868636,0.7459710594100664,weighted_resampling_of_signed_log_scale_calibration_residuals
logC,-0.05698802365810174,0.00041050903119868636,0.7459710594100664,weighted_resampling_of_signed_log_scale_calibration_residuals
logC,-0.08335139188065632,0.00041050903119868636,0.7459710594100664,weighted_resampling_of_signed_log_scale_calibration_residuals
logC,-0.031190563443502572,0.00041050903119868636,0.7459710594100664,weighted_resampling_of_signed_log_scale_calibration_residuals
logC,0.03025870252577345,0.00041050903119868636,0.7459710594100664,weighted_resampling_of_signed_log_scale_calibration_residuals
logC,0.08203247148215631,0.00041050903119868636,0.7459710594100664,weighted_resampling_of_signed_log_scale_calibration_residuals
logC,0.04470350305582915,0.00041050903119868636,0.7459710594100664,weighted_resampling_of_signed_log_scale_calibration_residuals
logC,0.10308211311466131,0.00041050903119868636,0.7459710594100664,weighted_resampling_of_signed_log_scale_calibration_residuals
logC,0.15373577312340636,0.00041050903119868636,0.7459710594100664,weighted_resampling_of_signed_log_scale_calibration_residuals
logC,0.1627973034432948,0.00041050903119868636,0.7459710594100664,weighted_resampling_of_signed_log_scale_calibration_residuals
logC,0.08953824532096721,0.00041050903119868636,0.7459710594100664,weighted_resampling_of_signed_log_scale_calibration_residuals
logC,0.1538082075963958,0.00041050903119868636,0.7459710594100664,weighted_resampling_of_signed_log_scale_calibration_residuals
logC,-0.2223465323013556,0.00041050903119868636,0.7459710594100664,weighted_resampling_of_signed_log_scale_calibration_residuals
logC,0.011691901522068449,0.00041050903119868636,0.7459710594100664,weighted_resampling_of_signed_log_scale_calibration_residuals
logC,0.03839738170990645,0.00041050903119868636,0.7459710594100664,weighted_resampling_of_signed_log_scale_calibration_residuals
logC,0.09231307516652454,0.00041050903119868636,0.7459710594100664,weighted_resampling_of_signed_log_scale_calibration_residuals
logC,0.18153247049035837,0.00041050903119868636,0.7459710594100664,weighted_resampling_of_signed_log_scale_calibration_residuals
logC,0.12208369011568265,0.00041050903119868636,0.7459710594100664,weighted_resampling_of_signed_log_scale_calibration_residuals
logC,0.15259829924308477,0.00041050903119868636,0.7459710594100664,weighted_resampling_of_signed_log_scale_calibration_residuals
logC,0.1753666777948355,0.00041050903119868636,0.7459710594100664,weighted_resampling_of_signed_log_scale_calibration_residuals
logC,0.08831201860884141,0.00041050903119868636,0.7459710594100664,weighted_resampling_of_signed_log_scale_calibration_residuals
logC,-0.41169445042236685,0.00041050903119868636,0.7459710594100664,weighted_resampling_of_signed_log_scale_calibration_residuals
logC,0.04962012555856732,0.00041050903119868636,0.7459710594100664,weighted_resampling_of_signed_log_scale_calibration_residuals
logC,0.14841604765956373,0.00041050903119868636,0.7459710594100664,weighted_resampling_of_signed_log_scale_calibration_residuals
logC,-0.01714756709049059,0.00041050903119868636,0.7459710594100664,weighted_resampling_of_signed_log_scale_calibration_residuals
logC,0.08217551867397344,0.00041050903119868636,0.7459710594100664,weighted_resampling_of_signed_log_scale_calibration_residuals
logC,0.206905903428674,0.00041050903119868636,0.7459710594100664,weighted_resampling_of_signed_log_scale_calibration_residuals
logC,0.08519316712001102,0.00041050903119868636,0.7459710594100664,weighted_resampling_of_signed_log_scale_calibration_residuals
logC,-0.00027042277988420516,0.00041050903119868636,0.7459710594100664,weighted_resampling_of_signed_log_scale_calibration_residuals
logC,0.0052284204760546515,0.00041050903119868636,0.7459710594100664,weighted_resampling_of_signed_log_scale_calibration_residuals
logC,0.0020745518697076193,0.00041050903119868636,0.7459710594100664,weighted_resampling_of_signed_log_scale_calibration_residuals
logC,0.053681403442440434,0.00041050903119868636,0.7459710594100664,weighted_resampling_of_signed_log_scale_calibration_residuals
logC,-0.08443187279605713,0.00041050903119868636,0.7459710594100664,weighted_resampling_of_signed_log_scale_calibration_residuals
logC,-0.007047850990495874,0.00041050903119868636,0.7459710594100664,weighted_resampling_of_signed_log_scale_calibration_residuals
logC,-0.07633420970438021,0.00041050903119868636,0.7459710594100664,weighted_resampling_of_signed_log_scale_calibration_residuals
logC,0.03706406587117783,0.00041050903119868636,0.7459710594100664,weighted_resampling_of_signed_log_scale_calibration_residuals
logC,0.6692936282004442,0.00041050903119868636,0.7459710594100664,weighted_resampling_of_signed_log_scale_calibration_residuals
logC,0.9892664197020391,0.00041050903119868636,0.7459710594100664,weighted_resampling_of_signed_log_scale_calibration_residuals
logC,1.0311144563921966,0.00041050903119868636,0.7459710594100664,weighted_resampling_of_signed_log_scale_calibration_residuals
logC,0.8896067920403068,0.00041050903119868636,0.7459710594100664,weighted_resampling_of_signed_log_scale_calibration_residuals
logC,0.6214073363265953,0.00041050903119868636,0.7459710594100664,weighted_resampling_of_signed_log_scale_calibration_residuals
logC,0.277519615706609,0.00041050903119868636,0.7459710594100664,weighted_resampling_of_signed_log_scale_calibration_residuals
logC,-0.16800656402900027,0.00041050903119868636,0.7459710594100664,weighted_resampling_of_signed_log_scale_calibration_residuals
logC,-0.07269433034596012,0.00041050903119868636,0.7459710594100664,weighted_resampling_of_signed_log_scale_calibration_residuals
logC,-0.18973464293328435,0.00041050903119868636,0.7459710594100664,weighted_resampling_of_signed_log_scale_calibration_residuals
logC,-0.1684424355828289,0.00041050903119868636,0.7459710594100664,weighted_resampling_of_signed_log_scale_calibration_residuals
logC,0.14591829177750015,0.00041050903119868636,0.7459710594100664,weighted_resampling_of_signed_log_scale_calibration_residuals
logC,-0.30275810194352326,0.00041050903119868636,0.7459710594100664,weighted_resampling_of_signed_log_scale_calibration_residuals
logC,-0.02211513404543264,0.00041050903119868636,0.7459710594100664,weighted_resampling_of_signed_log_scale_calibration_residuals
logC,-0.051690762771646415,0.00041050903119868636,0.7459710594100664,weighted_resampling_of_signed_log_scale_calibration_residuals
logC,-0.005991186486656086,0.00041050903119868636,0.7459710594100664,weighted_resampling_of_signed_log_scale_calibration_residuals
logC,0.011298719411522495,0.00041050903119868636,0.7459710594100664,weighted_resampling_of_signed_log_scale_calibration_residuals
logC,0.07329504854187086,0.00041050903119868636,0.7459710594100664,weighted_resampling_of_signed_log_scale_calibration_residuals
logC,0.07940672336154941,0.00041050903119868636,0.7459710594100664,weighted_resampling_of_signed_log_scale_calibration_residuals
logC,0.049177676727248265,0.00041050903119868636,0.7459710594100664,weighted_resampling_of_signed_log_scale_calibration_residuals
logC,0.08281164047621292,0.00041050903119868636,0.7459710594100664,weighted_resampling_of_signed_log_scale_calibration_residuals
logC,-0.03181535406229341,0.00041050903119868636,0.7459710594100664,weighted_resampling_of_signed_log_scale_calibration_residuals
logC,-0.05212070160812443,0.00041050903119868636,0.7459710594100664,weighted_resampling_of_signed_log_scale_calibration_residuals
logC,-0.02674267514170059,0.00041050903119868636,0.7459710594100664,weighted_resampling_of_signed_log_scale_calibration_residuals
logC,-0.006351990212133618,0.00041050903119868636,0.7459710594100664,weighted_resampling_of_signed_log_scale_calibration_residuals
logC,0.20320754909396666,0.00041050903119868636,0.7459710594100664,weighted_resampling_of_signed_log_scale_calibration_residuals
logC,0.16748997798976362,0.00041050903119868636,0.7459710594100664,weighted_resampling_of_signed_log_scale_calibration_residuals
logC,0.04195782130843728,0.00041050903119868636,0.7459710594100664,weighted_resampling_of_signed_log_scale_calibration_residuals
logC,0.03805064058559804,0.00041050903119868636,0.7459710594100664,weighted_resampling_of_signed_log_scale_calibration_residuals
logC,0.6706318869041228,0.00041050903119868636,0.7459710594100664,weighted_resampling_of_signed_log_scale_calibration_residuals
logC,0.7151240022882135,0.00041050903119868636,0.7459710594100664,weighted_resampling_of_signed_log_scale_calibration_residuals
logC,0.15701642396919624,0.00041050903119868636,0.7459710594100664,weighted_resampling_of_signed_log_scale_calibration_residuals
logC,0.07337321410764996,0.00041050903119868636,0.7459710594100664,weighted_resampling_of_signed_log_scale_calibration_residuals
logC,0.024591433754663272,0.0005473453749315818,0.7459710594100664,weighted_resampling_of_signed_log_scale_calibration_residuals
logC,0.04863751576044317,0.0005473453749315818,0.7459710594100664,weighted_resampling_of_signed_log_scale_calibration_residuals
logC,0.08498440218937192,0.0005473453749315818,0.7459710594100664,weighted_resampling_of_signed_log_scale_calibration_residuals
logC,0.1541930167404264,0.0005473453749315818,0.7459710594100664,weighted_resampling_of_signed_log_scale_calibration_residuals
logC,0.13499934574896177,0.0005473453749315818,0.7459710594100664,weighted_resampling_of_signed_log_scale_calibration_residuals
logC,-0.3375174098195317,0.0005473453749315818,0.7459710594100664,weighted_resampling_of_signed_log_scale_calibration_residuals
logC,0.44388583090977374,0.0005473453749315818,0.7459710594100664,weighted_resampling_of_signed_log_scale_calibration_residuals
logC,0.4845709170596282,0.0005473453749315818,0.7459710594100664,weighted_resampling_of_signed_log_scale_calibration_residuals
logC,0.439179549909154,0.0005473453749315818,0.7459710594100664,weighted_resampling_of_signed_log_scale_calibration_residuals
logC,-0.032547833336582455,0.0005473453749315818,0.7459710594100664,weighted_resampling_of_signed_log_scale_calibration_residuals
logC,-0.013665438879872843,0.0005473453749315818,0.7459710594100664,weighted_resampling_of_signed_log_scale_calibration_residuals
logC,-0.05174165608296871,0.0005473453749315818,0.7459710594100664,weighted_resampling_of_signed_log_scale_calibration_residuals
logC,-0.014157127443550355,0.0005473453749315818,0.7459710594100664,weighted_resampling_of_signed_log_scale_calibration_residuals
logC,-0.029533093625279783,0.0005473453749315818,0.7459710594100664,weighted_resampling_of_signed_log_scale_calibration_residuals
logC,0.07089724957780397,0.0005473453749315818,0.7459710594100664,weighted_resampling_of_signed_log_scale_calibration_residuals
logC,0.20216756055379115,0.0005473453749315818,0.7459710594100664,weighted_resampling_of_signed_log_scale_calibration_residuals
logC,0.17487107791866308,0.0005473453749315818,0.7459710594100664,weighted_resampling_of_signed_log_scale_calibration_residuals
logC,0.22679218888528307,0.0005473453749315818,0.7459710594100664,weighted_resampling_of_signed_log_scale_calibration_residuals
logC,0.33359420290238795,0.0005473453749315818,0.7459710594100664,weighted_resampling_of_signed_log_scale_calibration_residuals
logC,0.37065662132301647,0.0005473453749315818,0.7459710594100664,weighted_resampling_of_signed_log_scale_calibration_residuals
logC,0.3270578323668536,0.0005473453749315818,0.7459710594100664,weighted_resampling_of_signed_log_scale_calibration_residuals
logC,-0.17930427912942776,0.0016420361247947454,0.7459710594100664,weighted_resampling_of_signed_log_scale_calibration_residuals
logC,0.1257479791388778,0.0016420361247947454,0.7459710594100664,weighted_resampling_of_signed_log_scale_calibration_residuals
logC,-0.030926354220687374,0.0016420361247947454,0.7459710594100664,weighted_resampling_of_signed_log_scale_calibration_residuals
logC,-0.2014171989165061,0.0016420361247947454,0.7459710594100664,weighted_resampling_of_signed_log_scale_calibration_residuals
logC,-0.05367065159364692,0.0016420361247947454,0.7459710594100664,weighted_resampling_of_signed_log_scale_calibration_residuals
logC,-0.39328227045902064,0.0016420361247947454,0.7459710594100664,weighted_resampling_of_signed_log_scale_calibration_residuals
logC,0.026090940814511826,0.0016420361247947454,0.7459710594100664,weighted_resampling_of_signed_log_scale_calibration_residuals
logC,0.2242822441505088,0.0016420361247947454,0.7459710594100664,weighted_resampling_of_signed_log_scale_calibration_residuals
logC,0.03723611885730138,0.0016420361247947454,0.7459710594100664,weighted_resampling_of_signed_log_scale_calibration_residuals
logC,-0.15241912097199561,0.0016420361247947454,0.7459710594100664,weighted_resampling_of_signed_log_scale_calibration_residuals
logC,-0.22238927414213583,0.0016420361247947454,0.7459710594100664,weighted_resampling_of_signed_log_scale_calibration_residuals
logC,0.5832885520612763,0.0016420361247947454,0.7459710594100664,weighted_resampling_of_signed_log_scale_calibration_residuals
logC,-0.09902402306730346,0.0016420361247947454,0.7459710594100664,weighted_resampling_of_signed_log_scale_calibration_residuals
logC,0.2558631421538402,0.0016420361247947454,0.7459710594100664,weighted_resampling_of_signed_log_scale_calibration_residuals
logC,0.1458562452839764,0.0016420361247947454,0.7459710594100664,weighted_resampling_of_signed_log_scale_calibration_residuals
logC,-0.09014405778101464,0.0016420361247947454,0.7459710594100664,weighted_resampling_of_signed_log_scale_calibration_residuals
logC,-0.10396752976334855,0.0016420361247947454,0.7459710594100664,weighted_resampling_of_signed_log_scale_calibration_residuals
logC,-0.05657290812364835,0.0016420361247947454,0.7459710594100664,weighted_resampling_of_signed_log_scale_calibration_residuals
logC,-0.07072501181376879,0.0016420361247947454,0.7459710594100664,weighted_resampling_of_signed_log_scale_calibration_residuals
logC,-0.18258746727238245,0.0016420361247947454,0.7459710594100664,weighted_resampling_of_signed_log_scale_calibration_residuals
logC,0.09003640111044506,0.0016420361247947454,0.7459710594100664,weighted_resampling_of_signed_log_scale_calibration_residuals
logC,-0.06343718533982079,0.0016420361247947454,0.7459710594100664,weighted_resampling_of_signed_log_scale_calibration_residuals
logC,0.25852940745982256,0.0016420361247947454,0.7459710594100664,weighted_resampling_of_signed_log_scale_calibration_residuals
logC,-0.055315392222930804,0.0016420361247947454,0.7459710594100664,weighted_resampling_of_signed_log_scale_calibration_residuals
logC,-0.07447729981788791,0.0016420361247947454,0.7459710594100664,weighted_resampling_of_signed_log_scale_calibration_residuals
logC,0.3293024887694318,0.0016420361247947454,0.7459710594100664,weighted_resampling_of_signed_log_scale_calibration_residuals
logC,-0.002837806200823023,0.0016420361247947454,0.7459710594100664,weighted_resampling_of_signed_log_scale_calibration_residuals
logC,-0.024112028353914905,0.0016420361247947454,0.7459710594100664,weighted_resampling_of_signed_log_scale_calibration_residuals
logC,0.1716127369267142,0.0016420361247947454,0.7459710594100664,weighted_resampling_of_signed_log_scale_calibration_residuals
logC,-0.16307642727957852,0.0016420361247947454,0.7459710594100664,weighted_resampling_of_signed_log_scale_calibration_residuals
logC,-0.13672802936749862,0.0016420361247947454,0.7459710594100664,weighted_resampling_of_signed_log_scale_calibration_residuals
logC,-0.19639509003723357,0.0016420361247947454,0.7459710594100664,weighted_resampling_of_signed_log_scale_calibration_residuals
logC,-0.07236840216275064,0.0016420361247947454,0.7459710594100664,weighted_resampling_of_signed_log_scale_calibration_residuals
logC,-0.32633703664353575,0.0016420361247947454,0.7459710594100664,weighted_resampling_of_signed_log_scale_calibration_residuals
logC,-0.31497591430882554,0.0016420361247947454,0.7459710594100664,weighted_resampling_of_signed_log_scale_calibration_residuals
logC,0.49729962095032876,0.0016420361247947454,0.7459710594100664,weighted_resampling_of_signed_log_scale_calibration_residuals
logC,0.18961062263838602,0.0016420361247947454,0.7459710594100664,weighted_resampling_of_signed_log_scale_calibration_residuals
logC,-0.2798839896268697,0.0016420361247947454,0.7459710594100664,weighted_resampling_of_signed_log_scale_calibration_residuals
logC,-0.14205799016451648,0.0016420361247947454,0.7459710594100664,weighted_resampling_of_signed_log_scale_calibration_residuals
logC,-0.07774859754449825,0.0016420361247947454,0.7459710594100664,weighted_resampling_of_signed_log_scale_calibration_residuals
logC,0.7320069811025629,0.0016420361247947454,0.7459710594100664,weighted_resampling_of_signed_log_scale_calibration_residuals
logC,0.13765790906343156,0.0016420361247947454,0.7459710594100664,weighted_resampling_of_signed_log_scale_calibration_residuals
logC,-0.6078090256978577,0.0016420361247947454,0.7459710594100664,weighted_resampling_of_signed_log_scale_calibration_residuals
logC,-0.20322933810540922,0.0008210180623973727,0.7459710594100664,weighted_resampling_of_signed_log_scale_calibration_residuals
logC,-0.1151867195010837,0.0008210180623973727,0.7459710594100664,weighted_resampling_of_signed_log_scale_calibration_residuals
logC,-0.1281145112787463,0.0008210180623973727,0.7459710594100664,weighted_resampling_of_signed_log_scale_calibration_residuals
logC,0.0615978071877048,0.0008210180623973727,0.7459710594100664,weighted_resampling_of_signed_log_scale_calibration_residuals
logC,-0.8966187245063679,0.0008210180623973727,0.7459710594100664,weighted_resampling_of_signed_log_scale_calibration_residuals
logC,-0.4511404229626852,0.0008210180623973727,0.7459710594100664,weighted_resampling_of_signed_log_scale_calibration_residuals
logC,0.2681123091135209,0.0008210180623973727,0.7459710594100664,weighted_resampling_of_signed_log_scale_calibration_residuals
logC,0.14285733096577768,0.0008210180623973727,0.7459710594100664,weighted_resampling_of_signed_log_scale_calibration_residuals
logC,-0.01083742107953145,0.0008210180623973727,0.7459710594100664,weighted_resampling_of_signed_log_scale_calibration_residuals
logC,0.00848424446726254,0.0008210180623973727,0.7459710594100664,weighted_resampling_of_signed_log_scale_calibration_residuals
logC,0.08741201604116089,0.0016420361247947454,0.7459710594100664,weighted_resampling_of_signed_log_scale_calibration_residuals
logC,0.2704375447368418,0.0016420361247947454,0.7459710594100664,weighted_resampling_of_signed_log_scale_calibration_residuals
logC,0.027500789819043803,0.0008210180623973727,0.7459710594100664,weighted_resampling_of_signed_log_scale_calibration_residuals
logC,0.0028119443813579004,0.0008210180623973727,0.7459710594100664,weighted_resampling_of_signed_log_scale_calibration_residuals
logC,-0.07192231083076495,0.0008210180623973727,0.7459710594100664,weighted_resampling_of_signed_log_scale_calibration_residuals
logC,-0.0097857561555581,0.0008210180623973727,0.7459710594100664,weighted_resampling_of_signed_log_scale_calibration_residuals
logC,-0.021477635661116323,0.0008210180623973727,0.7459710594100664,weighted_resampling_of_signed_log_scale_calibration_residuals
logC,-0.04505672059344734,0.0008210180623973727,0.7459710594100664,weighted_resampling_of_signed_log_scale_calibration_residuals
logC,0.14109085030466273,0.0016420361247947454,0.7459710594100664,weighted_resampling_of_signed_log_scale_calibration_residuals
logC,0.5431829774219183,0.0008210180623973727,0.7459710594100664,weighted_resampling_of_signed_log_scale_calibration_residuals
logC,0.24640595110081343,0.0008210180623973727,0.7459710594100664,weighted_resampling_of_signed_log_scale_calibration_residuals
logC,0.047157929875315294,0.0008210180623973727,0.7459710594100664,weighted_resampling_of_signed_log_scale_calibration_residuals
logC,0.06642235501543213,0.0008210180623973727,0.7459710594100664,weighted_resampling_of_signed_log_scale_calibration_residuals
logC,0.09715499448920806,0.0016420361247947454,0.7459710594100664,weighted_resampling_of_signed_log_scale_calibration_residuals
logC,-0.06081433905465611,0.0016420361247947454,0.7459710594100664,weighted_resampling_of_signed_log_scale_calibration_residuals
logC,0.05649986149620734,0.0008210180623973727,0.7459710594100664,weighted_resampling_of_signed_log_scale_calibration_residuals
logC,0.09597957163960169,0.0008210180623973727,0.7459710594100664,weighted_resampling_of_signed_log_scale_calibration_residuals
logC,0.06380743902618535,0.0008210180623973727,0.7459710594100664,weighted_resampling_of_signed_log_scale_calibration_residuals
logC,0.09244911702143899,0.0008210180623973727,0.7459710594100664,weighted_resampling_of_signed_log_scale_calibration_residuals
logC,0.034409186605467545,0.0008210180623973727,0.7459710594100664,weighted_resampling_of_signed_log_scale_calibration_residuals
logC,0.038046417334188565,0.0008210180623973727,0.7459710594100664,weighted_resampling_of_signed_log_scale_calibration_residuals
logC,-0.006890781966834982,0.0016420361247947454,0.7459710594100664,weighted_resampling_of_signed_log_scale_calibration_residuals
logC,0.13009321524723116,0.0008210180623973727,0.7459710594100664,weighted_resampling_of_signed_log_scale_calibration_residuals
logC,0.13915466084545702,0.0008210180623973727,0.7459710594100664,weighted_resampling_of_signed_log_scale_calibration_residuals
logC,0.031277797838941974,0.0008210180623973727,0.7459710594100664,weighted_resampling_of_signed_log_scale_calibration_residuals
logC,0.042040553925111177,0.0008210180623973727,0.7459710594100664,weighted_resampling_of_signed_log_scale_calibration_residuals
logC,-0.006541015188652577,0.0016420361247947454,0.7459710594100664,weighted_resampling_of_signed_log_scale_calibration_residuals
logC,-0.005555758269233546,0.0016420361247947454,0.7459710594100664,weighted_resampling_of_signed_log_scale_calibration_residuals
logC,0.07140220335524639,0.0008210180623973727,0.7459710594100664,weighted_resampling_of_signed_log_scale_calibration_residuals
logC,0.07424119484961489,0.0008210180623973727,0.7459710594100664,weighted_resampling_of_signed_log_scale_calibration_residuals
logC,0.14099127193666705,0.0008210180623973727,0.7459710594100664,weighted_resampling_of_signed_log_scale_calibration_residuals
logC,0.16866428400453248,0.0008210180623973727,0.7459710594100664,weighted_resampling_of_signed_log_scale_calibration_residuals
logC,0.029901746594272804,0.0008210180623973727,0.7459710594100664,weighted_resampling_of_signed_log_scale_calibration_residuals
logC,0.008548422167448555,0.0008210180623973727,0.7459710594100664,weighted_resampling_of_signed_log_scale_calibration_residuals
logC,-0.8272329707255954,0.0008210180623973727,0.7459710594100664,weighted_resampling_of_signed_log_scale_calibration_residuals
logC,-0.3161963496643594,0.0008210180623973727,0.7459710594100664,weighted_resampling_of_signed_log_scale_calibration_residuals
logC,-0.0024642198864826687,0.0008210180623973727,0.7459710594100664,weighted_resampling_of_signed_log_scale_calibration_residuals
logC,-0.006737316329041634,0.0008210180623973727,0.7459710594100664,weighted_resampling_of_signed_log_scale_calibration_residuals
logC,0.012590206015370059,0.0016420361247947454,0.7459710594100664,weighted_resampling_of_signed_log_scale_calibration_residuals
logC,0.0334718276695766,0.0016420361247947454,0.7459710594100664,weighted_resampling_of_signed_log_scale_calibration_residuals
logC,0.0037463325069335696,0.0008210180623973727,0.7459710594100664,weighted_resampling_of_signed_log_scale_calibration_residuals
logC,0.013627088750123306,0.0008210180623973727,0.7459710594100664,weighted_resampling_of_signed_log_scale_calibration_residuals
logC,0.12899173981009016,0.0008210180623973727,0.7459710594100664,weighted_resampling_of_signed_log_scale_calibration_residuals
logC,0.0911886721613504,0.0008210180623973727,0.7459710594100664,weighted_resampling_of_signed_log_scale_calibration_residuals
logC,-0.011588271084624902,0.0008210180623973727,0.7459710594100664,weighted_resampling_of_signed_log_scale_calibration_residuals
logC,-0.008781044411172683,0.0008210180623973727,0.7459710594100664,weighted_resampling_of_signed_log_scale_calibration_residuals
logC,0.01782750339901537,0.0016420361247947454,0.7459710594100664,weighted_resampling_of_signed_log_scale_calibration_residuals
logC,0.34268950684773003,0.0008210180623973727,0.7459710594100664,weighted_resampling_of_signed_log_scale_calibration_residuals
logC,0.8829028951215161,0.0008210180623973727,0.7459710594100664,weighted_resampling_of_signed_log_scale_calibration_residuals
logC,-0.0412418602653408,0.0008210180623973727,0.7459710594100664,weighted_resampling_of_signed_log_scale_calibration_residuals
logC,-0.041101629482547974,0.0008210180623973727,0.7459710594100664,weighted_resampling_of_signed_log_scale_calibration_residuals
logC,-0.032624655377960124,0.0008210180623973727,0.7459710594100664,weighted_resampling_of_signed_log_scale_calibration_residuals
logC,-0.02958846400337026,0.0008210180623973727,0.7459710594100664,weighted_resampling_of_signed_log_scale_calibration_residuals
logC,-0.025192788306206804,0.0008210180623973727,0.7459710594100664,weighted_resampling_of_signed_log_scale_calibration_residuals
logC,0.029842138307905913,0.0008210180623973727,0.7459710594100664,weighted_resampling_of_signed_log_scale_calibration_residuals
logC,-0.04631885499540056,0.0008210180623973727,0.7459710594100664,weighted_resampling_of_signed_log_scale_calibration_residuals
logC,-0.07994636332834326,0.0008210180623973727,0.7459710594100664,weighted_resampling_of_signed_log_scale_calibration_residuals
logC,-0.013006973216224127,0.0008210180623973727,0.7459710594100664,weighted_resampling_of_signed_log_scale_calibration_residuals
logC,-0.03093784591381077,0.0008210180623973727,0.7459710594100664,weighted_resampling_of_signed_log_scale_calibration_residuals
logC,-0.029386454938757633,0.0008210180623973727,0.7459710594100664,weighted_resampling_of_signed_log_scale_calibration_residuals
logC,-0.04039180059708916,0.0008210180623973727,0.7459710594100664,weighted_resampling_of_signed_log_scale_calibration_residuals
logC,-0.04765916554303387,0.0008210180623973727,0.7459710594100664,weighted_resampling_of_signed_log_scale_calibration_residuals
logC,-0.032720937971842064,0.0008210180623973727,0.7459710594100664,weighted_resampling_of_signed_log_scale_calibration_residuals
logC,0.17006801661133486,0.0008210180623973727,0.7459710594100664,weighted_resampling_of_signed_log_scale_calibration_residuals
logC,0.06294687892218787,0.0008210180623973727,0.7459710594100664,weighted_resampling_of_signed_log_scale_calibration_residuals
logC,-0.6905398673050902,0.0008210180623973727,0.7459710594100664,weighted_resampling_of_signed_log_scale_calibration_residuals
logC,-1.222956036822465,0.0008210180623973727,0.7459710594100664,weighted_resampling_of_signed_log_scale_calibration_residuals
logC,-0.09800830223816193,0.0016420361247947454,0.7459710594100664,weighted_resampling_of_signed_log_scale_calibration_residuals
logC,-0.3076289038580179,0.0008210180623973727,0.7459710594100664,weighted_resampling_of_signed_log_scale_calibration_residuals
logC,-0.17875381410544644,0.0008210180623973727,0.7459710594100664,weighted_resampling_of_signed_log_scale_calibration_residuals
logC,0.6983068735514837,0.0008210180623973727,0.7459710594100664,weighted_resampling_of_signed_log_scale_calibration_residuals
logC,-0.8849895826388723,0.0008210180623973727,0.7459710594100664,weighted_resampling_of_signed_log_scale_calibration_residuals
logC,-0.06469868792511235,0.0016420361247947454,0.7459710594100664,weighted_resampling_of_signed_log_scale_calibration_residuals
logC,0.6603839893779266,0.0008210180623973727,0.7459710594100664,weighted_resampling_of_signed_log_scale_calibration_residuals
logC,-0.21056284609720066,0.0008210180623973727,0.7459710594100664,weighted_resampling_of_signed_log_scale_calibration_residuals
logC,-0.013747809032397695,0.0008210180623973727,0.7459710594100664,weighted_resampling_of_signed_log_scale_calibration_residuals
logC,0.06420881952466706,0.0008210180623973727,0.7459710594100664,weighted_resampling_of_signed_log_scale_calibration_residuals
logC,-0.004406922644627498,0.0008210180623973727,0.7459710594100664,weighted_resampling_of_signed_log_scale_calibration_residuals
logC,0.07616032891170554,0.0008210180623973727,0.7459710594100664,weighted_resampling_of_signed_log_scale_calibration_residuals
logC,1.3815271787166414,0.0008210180623973727,0.7459710594100664,weighted_resampling_of_signed_log_scale_calibration_residuals
logC,-0.026796956369504965,0.0008210180623973727,0.7459710594100664,weighted_resampling_of_signed_log_scale_calibration_residuals
logC,0.06734120660966791,0.0008210180623973727,0.7459710594100664,weighted_resampling_of_signed_log_scale_calibration_residuals
logC,0.18042752019582053,0.0008210180623973727,0.7459710594100664,weighted_resampling_of_signed_log_scale_calibration_residuals
logC,0.023425004681481454,0.0008210180623973727,0.7459710594100664,weighted_resampling_of_signed_log_scale_calibration_residuals
logC,0.2924364752511224,0.0008210180623973727,0.7459710594100664,weighted_resampling_of_signed_log_scale_calibration_residuals
logC,-0.05835152552806466,0.0016420361247947454,0.7459710594100664,weighted_resampling_of_signed_log_scale_calibration_residuals
logC,-0.010264290978866414,0.0016420361247947454,0.7459710594100664,weighted_resampling_of_signed_log_scale_calibration_residuals
logC,-0.6602765436387941,0.0016420361247947454,0.7459710594100664,weighted_resampling_of_signed_log_scale_calibration_residuals
logC,0.09798467424309054,0.0016420361247947454,0.7459710594100664,weighted_resampling_of_signed_log_scale_calibration_residuals
logC,-0.4987101636071083,0.0008210180623973727,0.7459710594100664,weighted_resampling_of_signed_log_scale_calibration_residuals
logC,-0.5381389757039772,0.0008210180623973727,0.7459710594100664,weighted_resampling_of_signed_log_scale_calibration_residuals
logC,-0.009839687380501339,0.0016420361247947454,0.7459710594100664,weighted_resampling_of_signed_log_scale_calibration_residuals
logC,0.03189511826523783,0.0016420361247947454,0.7459710594100664,weighted_resampling_of_signed_log_scale_calibration_residuals
logC,0.11205171953779841,0.0016420361247947454,0.7459710594100664,weighted_resampling_of_signed_log_scale_calibration_residuals
logC,0.0981561329903421,0.0016420361247947454,0.7459710594100664,weighted_resampling_of_signed_log_scale_calibration_residuals
logC,0.19755152593687808,0.0016420361247947454,0.7459710594100664,weighted_resampling_of_signed_log_scale_calibration_residuals
logC,0.27335542869771934,0.0016420361247947454,0.7459710594100664,weighted_resampling_of_signed_log_scale_calibration_residuals
logC,-0.02770411628829228,0.0016420361247947454,0.7459710594100664,weighted_resampling_of_signed_log_scale_calibration_residuals
logC,0.07661928192067924,0.0016420361247947454,0.7459710594100664,weighted_resampling_of_signed_log_scale_calibration_residuals
logC,-0.010668929974832889,0.0016420361247947454,0.7459710594100664,weighted_resampling_of_signed_log_scale_calibration_residuals
logC,-0.01155679833529222,0.0016420361247947454,0.7459710594100664,weighted_resampling_of_signed_log_scale_calibration_residuals
logC,-0.4325012409890743,0.0016420361247947454,0.7459710594100664,weighted_resampling_of_signed_log_scale_calibration_residuals
logC,0.04686260268191589,0.0016420361247947454,0.7459710594100664,weighted_resampling_of_signed_log_scale_calibration_residuals
logC,0.012855505234435904,0.0008210180623973727,0.7459710594100664,weighted_resampling_of_signed_log_scale_calibration_residuals
logC,0.01212729456596695,0.0008210180623973727,0.7459710594100664,weighted_resampling_of_signed_log_scale_calibration_residuals
logC,-0.029315544871259536,0.0008210180623973727,0.7459710594100664,weighted_resampling_of_signed_log_scale_calibration_residuals
logC,-0.017139861122104638,0.0008210180623973727,0.7459710594100664,weighted_resampling_of_signed_log_scale_calibration_residuals
logC,0.01443891049684809,0.0008210180623973727,0.7459710594100664,weighted_resampling_of_signed_log_scale_calibration_residuals
logC,-0.00017605689196287244,0.0008210180623973727,0.7459710594100664,weighted_resampling_of_signed_log_scale_calibration_residuals
logC,-0.016307987018185255,0.0008210180623973727,0.7459710594100664,weighted_resampling_of_signed_log_scale_calibration_residuals
logC,-0.004877418597463379,0.0008210180623973727,0.7459710594100664,weighted_resampling_of_signed_log_scale_calibration_residuals
logC,0.028507359908280384,0.0008210180623973727,0.7459710594100664,weighted_resampling_of_signed_log_scale_calibration_residuals
logC,0.02886462062594146,0.0008210180623973727,0.7459710594100664,weighted_resampling_of_signed_log_scale_calibration_residuals
logC,0.18383559334209132,0.0008210180623973727,0.7459710594100664,weighted_resampling_of_signed_log_scale_calibration_residuals
logC,0.1747410258220401,0.0008210180623973727,0.7459710594100664,weighted_resampling_of_signed_log_scale_calibration_residuals
logC,0.32685175277029654,0.0008210180623973727,0.7459710594100664,weighted_resampling_of_signed_log_scale_calibration_residuals
logC,0.5389225872316179,0.0008210180623973727,0.7459710594100664,weighted_resampling_of_signed_log_scale_calibration_residuals
logC,0.7695831185687272,0.0008210180623973727,0.7459710594100664,weighted_resampling_of_signed_log_scale_calibration_residuals
logC,0.8317981841113742,0.0008210180623973727,0.7459710594100664,weighted_resampling_of_signed_log_scale_calibration_residuals
logC,-0.07178868734877453,0.0008210180623973727,0.7459710594100664,weighted_resampling_of_signed_log_scale_calibration_residuals
logC,-0.03904835382497707,0.0008210180623973727,0.7459710594100664,weighted_resampling_of_signed_log_scale_calibration_residuals
logC,0.0426650480113361,0.0008210180623973727,0.7459710594100664,weighted_resampling_of_signed_log_scale_calibration_residuals
logC,0.062201390871357606,0.0008210180623973727,0.7459710594100664,weighted_resampling_of_signed_log_scale_calibration_residuals
logC,1.1982880453684794,0.0008210180623973727,0.7459710594100664,weighted_resampling_of_signed_log_scale_calibration_residuals
logC,1.5833750353029723,0.0008210180623973727,0.7459710594100664,weighted_resampling_of_signed_log_scale_calibration_residuals
logC,0.22214261899107773,0.0016420361247947454,0.7459710594100664,weighted_resampling_of_signed_log_scale_calibration_residuals
logC,0.6277773378938702,0.0016420361247947454,0.7459710594100664,weighted_resampling_of_signed_log_scale_calibration_residuals
logC,0.4325686198613843,0.0016420361247947454,0.7459710594100664,weighted_resampling_of_signed_log_scale_calibration_residuals
logC,-0.20176336699036312,0.0016420361247947454,0.7459710594100664,weighted_resampling_of_signed_log_scale_calibration_residuals
logC,-0.12954570268560686,0.0016420361247947454,0.7459710594100664,weighted_resampling_of_signed_log_scale_calibration_residuals
logC,0.98797859170406,0.0016420361247947454,0.7459710594100664,weighted_resampling_of_signed_log_scale_calibration_residuals
logC,-0.03505723494712498,0.0008210180623973727,0.7459710594100664,weighted_resampling_of_signed_log_scale_calibration_residuals
logC,0.00415920514769752,0.0008210180623973727,0.7459710594100664,weighted_resampling_of_signed_log_scale_calibration_residuals
logC,-0.14762904558958437,0.0008210180623973727,0.7459710594100664,weighted_resampling_of_signed_log_scale_calibration_residuals
logC,-0.16625608807207742,0.0008210180623973727,0.7459710594100664,weighted_resampling_of_signed_log_scale_calibration_residuals
logC,-0.10366566428395718,0.0008210180623973727,0.7459710594100664,weighted_resampling_of_signed_log_scale_calibration_residuals
logC,0.19696541931632439,0.0008210180623973727,0.7459710594100664,weighted_resampling_of_signed_log_scale_calibration_residuals
logC,-0.047192025513276725,0.0008210180623973727,0.7459710594100664,weighted_resampling_of_signed_log_scale_calibration_residuals
logC,-0.023025404624352763,0.0008210180623973727,0.7459710594100664,weighted_resampling_of_signed_log_scale_calibration_residuals
logC,-0.03706257554235884,0.0008210180623973727,0.7459710594100664,weighted_resampling_of_signed_log_scale_calibration_residuals
logC,-0.008236462853006974,0.0008210180623973727,0.7459710594100664,weighted_resampling_of_signed_log_scale_calibration_residuals
logC,-0.15173492129000543,0.0008210180623973727,0.7459710594100664,weighted_resampling_of_signed_log_scale_calibration_residuals
logC,-0.10627944978645054,0.0008210180623973727,0.7459710594100664,weighted_resampling_of_signed_log_scale_calibration_residuals
logC,-0.008950925247357633,0.0008210180623973727,0.7459710594100664,weighted_resampling_of_signed_log_scale_calibration_residuals
logC,-0.00984535201174741,0.0008210180623973727,0.7459710594100664,weighted_resampling_of_signed_log_scale_calibration_residuals
logC,-0.11994226745954484,0.0008210180623973727,0.7459710594100664,weighted_resampling_of_signed_log_scale_calibration_residuals
logC,-0.0782318232062586,0.0008210180623973727,0.7459710594100664,weighted_resampling_of_signed_log_scale_calibration_residuals
logC,-0.7780614031993347,0.0008210180623973727,0.7459710594100664,weighted_resampling_of_signed_log_scale_calibration_residuals
logC,-0.12726128750018084,0.0008210180623973727,0.7459710594100664,weighted_resampling_of_signed_log_scale_calibration_residuals
logC,-0.26315799089082326,0.0008210180623973727,0.7459710594100664,weighted_resampling_of_signed_log_scale_calibration_residuals
logC,-0.08839056371416332,0.0008210180623973727,0.7459710594100664,weighted_resampling_of_signed_log_scale_calibration_residuals
logC,-0.045616491552161534,0.0008210180623973727,0.7459710594100664,weighted_resampling_of_signed_log_scale_calibration_residuals
logC,-0.017815064902942355,0.0008210180623973727,0.7459710594100664,weighted_resampling_of_signed_log_scale_calibration_residuals
logC,-0.9071875313450493,0.0008210180623973727,0.7459710594100664,weighted_resampling_of_signed_log_scale_calibration_residuals
logC,0.3512991104318628,0.0008210180623973727,0.7459710594100664,weighted_resampling_of_signed_log_scale_calibration_residuals
logC,0.038079840787367925,0.0003284072249589491,0.7459710594100664,weighted_resampling_of_signed_log_scale_calibration_residuals
logC,0.03883929263126129,0.0003284072249589491,0.7459710594100664,weighted_resampling_of_signed_log_scale_calibration_residuals
logC,0.03559415236464769,0.0003284072249589491,0.7459710594100664,weighted_resampling_of_signed_log_scale_calibration_residuals
logC,0.033528274735952435,0.0003284072249589491,0.7459710594100664,weighted_resampling_of_signed_log_scale_calibration_residuals
logC,0.05959266161532373,0.0003284072249589491,0.7459710594100664,weighted_resampling_of_signed_log_scale_calibration_residuals
logC,0.6239898199723865,0.0003284072249589491,0.7459710594100664,weighted_resampling_of_signed_log_scale_calibration_residuals
logC,0.6337676134183883,0.0003284072249589491,0.7459710594100664,weighted_resampling_of_signed_log_scale_calibration_residuals
logC,0.032318408593002,0.0003284072249589491,0.7459710594100664,weighted_resampling_of_signed_log_scale_calibration_residuals
logC,0.2561489599325798,0.0003284072249589491,0.7459710594100664,weighted_resampling_of_signed_log_scale_calibration_residuals
logC,-0.19893760590615572,0.0003284072249589491,0.7459710594100664,weighted_resampling_of_signed_log_scale_calibration_residuals
logC,0.4965983938794737,0.0003284072249589491,0.7459710594100664,weighted_resampling_of_signed_log_scale_calibration_residuals
logC,0.8557475715655845,0.0003284072249589491,0.7459710594100664,weighted_resampling_of_signed_log_scale_calibration_residuals
logC,0.4726277393188494,0.0003284072249589491,0.7459710594100664,weighted_resampling_of_signed_log_scale_calibration_residuals
logC,0.18364418567050655,0.0003284072249589491,0.7459710594100664,weighted_resampling_of_signed_log_scale_calibration_residuals
logC,0.1988873946112557,0.0003284072249589491,0.7459710594100664,weighted_resampling_of_signed_log_scale_calibration_residuals
logC,0.14027913226071376,0.0003284072249589491,0.7459710594100664,weighted_resampling_of_signed_log_scale_calibration_residuals
logC,0.08939421644596957,0.0003284072249589491,0.7459710594100664,weighted_resampling_of_signed_log_scale_calibration_residuals
logC,0.15360569982619188,0.0003284072249589491,0.7459710594100664,weighted_resampling_of_signed_log_scale_calibration_residuals
logC,0.0907145035459731,0.0003284072249589491,0.7459710594100664,weighted_resampling_of_signed_log_scale_calibration_residuals
logC,0.11499786457224959,0.0003284072249589491,0.7459710594100664,weighted_resampling_of_signed_log_scale_calibration_residuals
logC,0.07014091881836437,0.0003284072249589491,0.7459710594100664,weighted_resampling_of_signed_log_scale_calibration_residuals
logC,0.02755175315470404,0.0003284072249589491,0.7459710594100664,weighted_resampling_of_signed_log_scale_calibration_residuals
logC,0.06705986109370743,0.0003284072249589491,0.7459710594100664,weighted_resampling_of_signed_log_scale_calibration_residuals
logC,0.04198756283558325,0.0003284072249589491,0.7459710594100664,weighted_resampling_of_signed_log_scale_calibration_residuals
logC,0.06498562130664265,0.0003284072249589491,0.7459710594100664,weighted_resampling_of_signed_log_scale_calibration_residuals
logC,0.030857880263139847,0.0003284072249589491,0.7459710594100664,weighted_resampling_of_signed_log_scale_calibration_residuals
logC,-0.03519810704149329,0.0003284072249589491,0.7459710594100664,weighted_resampling_of_signed_log_scale_calibration_residuals
logC,0.07154042855517861,0.0003284072249589491,0.7459710594100664,weighted_resampling_of_signed_log_scale_calibration_residuals
logC,0.09777055739664764,0.0003284072249589491,0.7459710594100664,weighted_resampling_of_signed_log_scale_calibration_residuals
logC,0.051362310332708994,0.0003284072249589491,0.7459710594100664,weighted_resampling_of_signed_log_scale_calibration_residuals
logC,2.414214351474973,0.0003284072249589491,0.7459710594100664,weighted_resampling_of_signed_log_scale_calibration_residuals
logC,2.0572197406609174,0.0003284072249589491,0.7459710594100664,weighted_resampling_of_signed_log_scale_calibration_residuals
logC,0.5630092144594547,0.0003284072249589491,0.7459710594100664,weighted_resampling_of_signed_log_scale_calibration_residuals
logC,1.03166095550593,0.0003284072249589491,0.7459710594100664,weighted_resampling_of_signed_log_scale_calibration_residuals
logC,0.5226142105962843,0.0003284072249589491,0.7459710594100664,weighted_resampling_of_signed_log_scale_calibration_residuals
logC,0.030280372339414496,0.00041050903119868636,0.7459710594100664,weighted_resampling_of_signed_log_scale_calibration_residuals
logC,-0.02730493120011135,0.00041050903119868636,0.7459710594100664,weighted_resampling_of_signed_log_scale_calibration_residuals
logC,-0.03877968665128925,0.00041050903119868636,0.7459710594100664,weighted_resampling_of_signed_log_scale_calibration_residuals
logC,0.00803433123074243,0.00041050903119868636,0.7459710594100664,weighted_resampling_of_signed_log_scale_calibration_residuals
logC,0.05061595623812809,0.00041050903119868636,0.7459710594100664,weighted_resampling_of_signed_log_scale_calibration_residuals
logC,0.25273967101329353,0.00041050903119868636,0.7459710594100664,weighted_resampling_of_signed_log_scale_calibration_residuals
logC,0.0653214509675023,0.00041050903119868636,0.7459710594100664,weighted_resampling_of_signed_log_scale_calibration_residuals
logC,0.25177994676258697,0.00041050903119868636,0.7459710594100664,weighted_resampling_of_signed_log_scale_calibration_residuals
logC,0.18908280132919675,0.00041050903119868636,0.7459710594100664,weighted_resampling_of_signed_log_scale_calibration_residuals
logC,-0.11025535228659544,0.00041050903119868636,0.7459710594100664,weighted_resampling_of_signed_log_scale_calibration_residuals
logC,-0.027475040044203647,0.00041050903119868636,0.7459710594100664,weighted_resampling_of_signed_log_scale_calibration_residuals
logC,0.020543887927102933,0.00041050903119868636,0.7459710594100664,weighted_resampling_of_signed_log_scale_calibration_residuals
logC,0.04490192604381571,0.00041050903119868636,0.7459710594100664,weighted_resampling_of_signed_log_scale_calibration_residuals
logC,-0.008774710435020427,0.00041050903119868636,0.7459710594100664,weighted_resampling_of_signed_log_scale_calibration_residuals
logC,-0.050723864100242544,0.00041050903119868636,0.7459710594100664,weighted_resampling_of_signed_log_scale_calibration_residuals
logC,-0.053754464599425233,0.00041050903119868636,0.7459710594100664,weighted_resampling_of_signed_log_scale_calibration_residuals
logC,-0.013637741439029405,0.00041050903119868636,0.7459710594100664,weighted_resampling_of_signed_log_scale_calibration_residuals
logC,-0.009292895921350741,0.00041050903119868636,0.7459710594100664,weighted_resampling_of_signed_log_scale_calibration_residuals
logC,-0.030198541927233702,0.00041050903119868636,0.7459710594100664,weighted_resampling_of_signed_log_scale_calibration_residuals
logC,0.008695921916736182,0.00041050903119868636,0.7459710594100664,weighted_resampling_of_signed_log_scale_calibration_residuals
logC,-0.041863064424554786,0.00041050903119868636,0.7459710594100664,weighted_resampling_of_signed_log_scale_calibration_residuals
logC,-0.11426052709318135,0.00041050903119868636,0.7459710594100664,weighted_resampling_of_signed_log_scale_calibration_residuals
logC,-0.0026351937024431393,0.00041050903119868636,0.7459710594100664,weighted_resampling_of_signed_log_scale_calibration_residuals
logC,0.05865014978442051,0.00041050903119868636,0.7459710594100664,weighted_resampling_of_signed_log_scale_calibration_residuals
logC,3.119137989714406,0.00041050903119868636,0.7459710594100664,weighted_resampling_of_signed_log_scale_calibration_residuals
logC,1.4221162464827009,0.00041050903119868636,0.7459710594100664,weighted_resampling_of_signed_log_scale_calibration_residuals
logC,0.5028769459674036,0.00041050903119868636,0.7459710594100664,weighted_resampling_of_signed_log_scale_calibration_residuals
logC,0.8181780098097455,0.00041050903119868636,0.7459710594100664,weighted_resampling_of_signed_log_scale_calibration_residuals
logC,0.010951843336733755,0.00041050903119868636,0.7459710594100664,weighted_resampling_of_signed_log_scale_calibration_residuals
logC,0.05733848649876683,0.00041050903119868636,0.7459710594100664,weighted_resampling_of_signed_log_scale_calibration_residuals
logC,0.06492616187445949,0.00041050903119868636,0.7459710594100664,weighted_resampling_of_signed_log_scale_calibration_residuals
logC,-0.019660275130530203,0.00041050903119868636,0.7459710594100664,weighted_resampling_of_signed_log_scale_calibration_residuals
logC,-0.11496702074845178,0.00041050903119868636,0.7459710594100664,weighted_resampling_of_signed_log_scale_calibration_residuals
logC,-0.062107731103054065,0.00041050903119868636,0.7459710594100664,weighted_resampling_of_signed_log_scale_calibration_residuals
logC,0.0011511599808108341,0.00041050903119868636,0.7459710594100664,weighted_resampling_of_signed_log_scale_calibration_residuals
logC,-0.19695920669437017,0.00041050903119868636,0.7459710594100664,weighted_resampling_of_signed_log_scale_calibration_residuals
logC,0.01939313683795807,0.00041050903119868636,0.7459710594100664,weighted_resampling_of_signed_log_scale_calibration_residuals
logC,0.07468218439023877,0.00041050903119868636,0.7459710594100664,weighted_resampling_of_signed_log_scale_calibration_residuals
logC,0.36924488840477476,0.00041050903119868636,0.7459710594100664,weighted_resampling_of_signed_log_scale_calibration_residuals
logC,0.06291758013762783,0.00041050903119868636,0.7459710594100664,weighted_resampling_of_signed_log_scale_calibration_residuals
logC,0.0439486292982445,0.00041050903119868636,0.7459710594100664,weighted_resampling_of_signed_log_scale_calibration_residuals
logC,0.0538268228215677,0.00041050903119868636,0.7459710594100664,weighted_resampling_of_signed_log_scale_calibration_residuals
logC,0.05609375614469059,0.00041050903119868636,0.7459710594100664,weighted_resampling_of_signed_log_scale_calibration_residuals
logC,0.056298431103570135,0.00041050903119868636,0.7459710594100664,weighted_resampling_of_signed_log_scale_calibration_residuals
logC,0.01623588227988959,0.00041050903119868636,0.7459710594100664,weighted_resampling_of_signed_log_scale_calibration_residuals
logC,0.017682978018370044,0.00041050903119868636,0.7459710594100664,weighted_resampling_of_signed_log_scale_calibration_residuals
logC,0.001056395260097709,0.00041050903119868636,0.7459710594100664,weighted_resampling_of_signed_log_scale_calibration_residuals
logC,-0.01400590660711809,0.00041050903119868636,0.7459710594100664,weighted_resampling_of_signed_log_scale_calibration_residuals
logC,0.014112052662532903,0.00041050903119868636,0.7459710594100664,weighted_resampling_of_signed_log_scale_calibration_residuals
logC,0.002968682574980619,0.00041050903119868636,0.7459710594100664,weighted_resampling_of_signed_log_scale_calibration_residuals
logC,0.09308103394914369,0.00041050903119868636,0.7459710594100664,weighted_resampling_of_signed_log_scale_calibration_residuals
logC,0.06484340562693713,0.00041050903119868636,0.7459710594100664,weighted_resampling_of_signed_log_scale_calibration_residuals
logC,-0.37243300920343625,0.00041050903119868636,0.7459710594100664,weighted_resampling_of_signed_log_scale_calibration_residuals
logC,-0.22419685366728448,0.00041050903119868636,0.7459710594100664,weighted_resampling_of_signed_log_scale_calibration_residuals
logC,0.7281595421574636,0.00041050903119868636,0.7459710594100664,weighted_resampling_of_signed_log_scale_calibration_residuals
logC,-0.1428750804780332,0.00041050903119868636,0.7459710594100664,weighted_resampling_of_signed_log_scale_calibration_residuals
logC,0.15873552833794113,0.00041050903119868636,0.7459710594100664,weighted_resampling_of_signed_log_scale_calibration_residuals
logC,0.09138572595445021,0.00041050903119868636,0.7459710594100664,weighted_resampling_of_signed_log_scale_calibration_residuals
logC,0.18701875865201922,0.00041050903119868636,0.7459710594100664,weighted_resampling_of_signed_log_scale_calibration_residuals
logC,0.1871612779659947,0.00041050903119868636,0.7459710594100664,weighted_resampling_of_signed_log_scale_calibration_residuals
logC,-0.6130652491120061,0.00041050903119868636,0.7459710594100664,weighted_resampling_of_signed_log_scale_calibration_residuals
logC,-0.6716898060672861,0.00041050903119868636,0.7459710594100664,weighted_resampling_of_signed_log_scale_calibration_residuals
logC,1.3182436470143353,0.00041050903119868636,0.7459710594100664,weighted_resampling_of_signed_log_scale_calibration_residuals
logC,1.0439424971402829,0.00041050903119868636,0.7459710594100664,weighted_resampling_of_signed_log_scale_calibration_residuals
logC,0.07632947750013919,0.00041050903119868636,0.7459710594100664,weighted_resampling_of_signed_log_scale_calibration_residuals
logC,-0.6464594956744485,0.00041050903119868636,0.7459710594100664,weighted_resampling_of_signed_log_scale_calibration_residuals
logC,0.6047106239187365,0.00041050903119868636,0.7459710594100664,weighted_resampling_of_signed_log_scale_calibration_residuals
logC,0.2306177488011617,0.00041050903119868636,0.7459710594100664,weighted_resampling_of_signed_log_scale_calibration_residuals
logC,0.03083700850178467,0.00041050903119868636,0.7459710594100664,weighted_resampling_of_signed_log_scale_calibration_residuals
logC,-0.04008519192508961,0.00041050903119868636,0.7459710594100664,weighted_resampling_of_signed_log_scale_calibration_residuals
logC,0.07160665709784969,0.00041050903119868636,0.7459710594100664,weighted_resampling_of_signed_log_scale_calibration_residuals
logC,0.25671047767734473,0.00041050903119868636,0.7459710594100664,weighted_resampling_of_signed_log_scale_calibration_residuals
logC,-0.03213168272037625,0.00041050903119868636,0.7459710594100664,weighted_resampling_of_signed_log_scale_calibration_residuals
logC,-0.06879592203350549,0.00041050903119868636,0.7459710594100664,weighted_resampling_of_signed_log_scale_calibration_residuals
logC,-0.025148963734514918,0.00041050903119868636,0.7459710594100664,weighted_resampling_of_signed_log_scale_calibration_residuals
logC,0.049598360814803844,0.00041050903119868636,0.7459710594100664,weighted_resampling_of_signed_log_scale_calibration_residuals
logC,-0.022109983648810783,0.00041050903119868636,0.7459710594100664,weighted_resampling_of_signed_log_scale_calibration_residuals
logC,-0.04602997679077614,0.00041050903119868636,0.7459710594100664,weighted_resampling_of_signed_log_scale_calibration_residuals
logC,-0.0229844381351354,0.00041050903119868636,0.7459710594100664,weighted_resampling_of_signed_log_scale_calibration_residuals
logC,0.04463438724928537,0.00041050903119868636,0.7459710594100664,weighted_resampling_of_signed_log_scale_calibration_residuals
logC,0.17607927974352133,0.00041050903119868636,0.7459710594100664,weighted_resampling_of_signed_log_scale_calibration_residuals
logC,0.35983506593740167,0.00041050903119868636,0.7459710594100664,weighted_resampling_of_signed_log_scale_calibration_residuals
logC,1.4692277894607972,0.00041050903119868636,0.7459710594100664,weighted_resampling_of_signed_log_scale_calibration_residuals
logC,1.0274238428963667,0.00041050903119868636,0.7459710594100664,weighted_resampling_of_signed_log_scale_calibration_residuals
logC,-0.03661405457733749,0.00041050903119868636,0.7459710594100664,weighted_resampling_of_signed_log_scale_calibration_residuals
logC,0.07249175159547633,0.00041050903119868636,0.7459710594100664,weighted_resampling_of_signed_log_scale_calibration_residuals
logC,0.11253315196298141,0.00041050903119868636,0.7459710594100664,weighted_resampling_of_signed_log_scale_calibration_residuals
logC,0.015266711839662134,0.00041050903119868636,0.7459710594100664,weighted_resampling_of_signed_log_scale_calibration_residuals
logC,-0.5521474890411712,0.00041050903119868636,0.7459710594100664,weighted_resampling_of_signed_log_scale_calibration_residuals
logC,-0.5356373265462839,0.00041050903119868636,0.7459710594100664,weighted_resampling_of_signed_log_scale_calibration_residuals
logC,0.45351826128250305,0.00041050903119868636,0.7459710594100664,weighted_resampling_of_signed_log_scale_calibration_residuals
logC,-0.503474952427444,0.00041050903119868636,0.7459710594100664,weighted_resampling_of_signed_log_scale_calibration_residuals
logC,-0.4731464022743048,0.00041050903119868636,0.7459710594100664,weighted_resampling_of_signed_log_scale_calibration_residuals
logC,-0.4763113114960573,0.00041050903119868636,0.7459710594100664,weighted_resampling_of_signed_log_scale_calibration_residuals
logC,0.38561552478473493,0.00041050903119868636,0.7459710594100664,weighted_resampling_of_signed_log_scale_calibration_residuals
logC,0.5357506193203201,0.00041050903119868636,0.7459710594100664,weighted_resampling_of_signed_log_scale_calibration_residuals
logC,0.02340334512055657,0.00041050903119868636,0.7459710594100664,weighted_resampling_of_signed_log_scale_calibration_residuals
logC,-0.0019840251014855426,0.00041050903119868636,0.7459710594100664,weighted_resampling_of_signed_log_scale_calibration_residuals
logC,-0.00339369139709525,0.00041050903119868636,0.7459710594100664,weighted_resampling_of_signed_log_scale_calibration_residuals
logC,0.0395801087359596,0.00041050903119868636,0.7459710594100664,weighted_resampling_of_signed_log_scale_calibration_residuals
logC,0.039233159934971895,0.00041050903119868636,0.7459710594100664,weighted_resampling_of_signed_log_scale_calibration_residuals
logC,0.012086014045748716,0.00041050903119868636,0.7459710594100664,weighted_resampling_of_signed_log_scale_calibration_residuals
logC,0.016722096870893877,0.00041050903119868636,0.7459710594100664,weighted_resampling_of_signed_log_scale_calibration_residuals
logC,0.04842664063857183,0.00041050903119868636,0.7459710594100664,weighted_resampling_of_signed_log_scale_calibration_residuals
logC,0.025675641510971126,0.00041050903119868636,0.7459710594100664,weighted_resampling_of_signed_log_scale_calibration_residuals
logC,0.040970226028195,0.00041050903119868636,0.7459710594100664,weighted_resampling_of_signed_log_scale_calibration_residuals
logC,-0.03397355631148358,0.00041050903119868636,0.7459710594100664,weighted_resampling_of_signed_log_scale_calibration_residuals
logC,-0.03140165840225517,0.00041050903119868636,0.7459710594100664,weighted_resampling_of_signed_log_scale_calibration_residuals
logC,-0.7972097525110362,0.00041050903119868636,0.7459710594100664,weighted_resampling_of_signed_log_scale_calibration_residuals
logC,-0.6340114066475531,0.00041050903119868636,0.7459710594100664,weighted_resampling_of_signed_log_scale_calibration_residuals
logC,0.8874065609782935,0.00041050903119868636,0.7459710594100664,weighted_resampling_of_signed_log_scale_calibration_residuals
logC,-0.17110051415815697,0.00041050903119868636,0.7459710594100664,weighted_resampling_of_signed_log_scale_calibration_residuals
logC,-0.0017320387191916142,0.00041050903119868636,0.7459710594100664,weighted_resampling_of_signed_log_scale_calibration_residuals
logC,-0.053995142095417004,0.00041050903119868636,0.7459710594100664,weighted_resampling_of_signed_log_scale_calibration_residuals
logC,-0.033180352695273585,0.00041050903119868636,0.7459710594100664,weighted_resampling_of_signed_log_scale_calibration_residuals
logC,-0.0687399738874524,0.00041050903119868636,0.7459710594100664,weighted_resampling_of_signed_log_scale_calibration_residuals
logC,-0.14782317984552884,0.00041050903119868636,0.7459710594100664,weighted_resampling_of_signed_log_scale_calibration_residuals
logC,-0.2787679776818846,0.00041050903119868636,0.7459710594100664,weighted_resampling_of_signed_log_scale_calibration_residuals
logC,-0.5598195126807726,0.00041050903119868636,0.7459710594100664,weighted_resampling_of_signed_log_scale_calibration_residuals
logC,-0.46096471118575266,0.00041050903119868636,0.7459710594100664,weighted_resampling_of_signed_log_scale_calibration_residuals
logC,0.691459392709438,0.00041050903119868636,0.7459710594100664,weighted_resampling_of_signed_log_scale_calibration_residuals
logC,0.7480688393373398,0.00041050903119868636,0.7459710594100664,weighted_resampling_of_signed_log_scale_calibration_residuals
logC,0.6684840363188151,0.00041050903119868636,0.7459710594100664,weighted_resampling_of_signed_log_scale_calibration_residuals
logC,-0.07194218477270331,0.00041050903119868636,0.7459710594100664,weighted_resampling_of_signed_log_scale_calibration_residuals
logC,0.0723939281288935,0.00041050903119868636,0.7459710594100664,weighted_resampling_of_signed_log_scale_calibration_residuals
logC,0.009560319792871808,0.00041050903119868636,0.7459710594100664,weighted_resampling_of_signed_log_scale_calibration_residuals
logC,0.055801949168106546,0.00041050903119868636,0.7459710594100664,weighted_resampling_of_signed_log_scale_calibration_residuals
logC,0.04436689857526324,0.00041050903119868636,0.7459710594100664,weighted_resampling_of_signed_log_scale_calibration_residuals
logC,0.07788613548079248,0.00041050903119868636,0.7459710594100664,weighted_resampling_of_signed_log_scale_calibration_residuals
logC,0.04016181947818376,0.00041050903119868636,0.7459710594100664,weighted_resampling_of_signed_log_scale_calibration_residuals
logC,0.02199376094871419,0.00041050903119868636,0.7459710594100664,weighted_resampling_of_signed_log_scale_calibration_residuals
logC,0.006248140962702209,0.00041050903119868636,0.7459710594100664,weighted_resampling_of_signed_log_scale_calibration_residuals
logC,0.12118801032896265,0.00041050903119868636,0.7459710594100664,weighted_resampling_of_signed_log_scale_calibration_residuals
logC,0.07818013772757215,0.00041050903119868636,0.7459710594100664,weighted_resampling_of_signed_log_scale_calibration_residuals
logC,-0.06843825878867715,0.00041050903119868636,0.7459710594100664,weighted_resampling_of_signed_log_scale_calibration_residuals
logC,0.04000296937404357,0.00041050903119868636,0.7459710594100664,weighted_resampling_of_signed_log_scale_calibration_residuals
logC,-0.4481809728315378,0.00041050903119868636,0.7459710594100664,weighted_resampling_of_signed_log_scale_calibration_residuals
logC,-0.46988987554231176,0.00041050903119868636,0.7459710594100664,weighted_resampling_of_signed_log_scale_calibration_residuals
logC,-1.0293508371764482,0.00041050903119868636,0.7459710594100664,weighted_resampling_of_signed_log_scale_calibration_residuals
logC,-0.8122404112223274,0.00041050903119868636,0.7459710594100664,weighted_resampling_of_signed_log_scale_calibration_residuals
logC,0.0022606371352972693,0.0016420361247947454,0.7459710594100664,weighted_resampling_of_signed_log_scale_calibration_residuals
logC,-0.16469602787540727,0.0016420361247947454,0.7459710594100664,weighted_resampling_of_signed_log_scale_calibration_residuals
logC,0.012788318922544228,0.0016420361247947454,0.7459710594100664,weighted_resampling_of_signed_log_scale_calibration_residuals
logC,-0.05908779362792105,0.0016420361247947454,0.7459710594100664,weighted_resampling_of_signed_log_scale_calibration_residuals
logC,-0.007293825839675083,0.0016420361247947454,0.7459710594100664,weighted_resampling_of_signed_log_scale_calibration_residuals
logC,-1.1206794404436904,0.0016420361247947454,0.7459710594100664,weighted_resampling_of_signed_log_scale_calibration_residuals
logC,-0.5718410856992069,0.0016420361247947454,0.7459710594100664,weighted_resampling_of_signed_log_scale_calibration_residuals
logC,0.19964429098498088,0.0016420361247947454,0.7459710594100664,weighted_resampling_of_signed_log_scale_calibration_residuals
logC,-0.008887887313198228,0.0016420361247947454,0.7459710594100664,weighted_resampling_of_signed_log_scale_calibration_residuals
logC,0.24124793787487547,0.0016420361247947454,0.7459710594100664,weighted_resampling_of_signed_log_scale_calibration_residuals
logC,0.014086292111719967,0.0016420361247947454,0.7459710594100664,weighted_resampling_of_signed_log_scale_calibration_residuals
logC,0.2993006701709451,0.0016420361247947454,0.7459710594100664,weighted_resampling_of_signed_log_scale_calibration_residuals
logC,-0.8534666050460089,0.0016420361247947454,0.7459710594100664,weighted_resampling_of_signed_log_scale_calibration_residuals
logC,-0.09375348993084623,0.0016420361247947454,0.7459710594100664,weighted_resampling_of_signed_log_scale_calibration_residuals
logC,-0.03848469680702127,0.0016420361247947454,0.7459710594100664,weighted_resampling_of_signed_log_scale_calibration_residuals
logC,-0.05450583035022616,0.0016420361247947454,0.7459710594100664,weighted_resampling_of_signed_log_scale_calibration_residuals
logC,-0.06627316159442387,0.0016420361247947454,0.7459710594100664,weighted_resampling_of_signed_log_scale_calibration_residuals
logC,-0.20654993330441562,0.0016420361247947454,0.7459710594100664,weighted_resampling_of_signed_log_scale_calibration_residuals
logC,0.01906343537438604,0.0016420361247947454,0.7459710594100664,weighted_resampling_of_signed_log_scale_calibration_residuals
logC,0.026954945333450997,0.0016420361247947454,0.7459710594100664,weighted_resampling_of_signed_log_scale_calibration_residuals
logC,-0.03461711402078921,0.0016420361247947454,0.7459710594100664,weighted_resampling_of_signed_log_scale_calibration_residuals
logC,0.1657438038173109,0.0016420361247947454,0.7459710594100664,weighted_resampling_of_signed_log_scale_calibration_residuals
logC,-0.677773320987378,0.0016420361247947454,0.7459710594100664,weighted_resampling_of_signed_log_scale_calibration_residuals
logC,-0.008288477670024719,0.0016420361247947454,0.7459710594100664,weighted_resampling_of_signed_log_scale_calibration_residuals
logC,-0.06649715269961781,0.0016420361247947454,0.7459710594100664,weighted_resampling_of_signed_log_scale_calibration_residuals
logC,-0.21245372450780275,0.0016420361247947454,0.7459710594100664,weighted_resampling_of_signed_log_scale_calibration_residuals
logC,-0.1960863398437438,0.0016420361247947454,0.7459710594100664,weighted_resampling_of_signed_log_scale_calibration_residuals
logC,0.25417888353791174,0.0016420361247947454,0.7459710594100664,weighted_resampling_of_signed_log_scale_calibration_residuals
logC,-0.7669207412486396,0.0016420361247947454,0.7459710594100664,weighted_resampling_of_signed_log_scale_calibration_residuals
logC,-0.4540134470479025,0.0016420361247947454,0.7459710594100664,weighted_resampling_of_signed_log_scale_calibration_residuals
logC,0.04554883512142194,0.0016420361247947454,0.7459710594100664,weighted_resampling_of_signed_log_scale_calibration_residuals
logC,-0.18344833646967373,0.0016420361247947454,0.7459710594100664,weighted_resampling_of_signed_log_scale_calibration_residuals
logC,-0.12315744121468761,0.0016420361247947454,0.7459710594100664,weighted_resampling_of_signed_log_scale_calibration_residuals
logC,0.11041818262955516,0.0016420361247947454,0.7459710594100664,weighted_resampling_of_signed_log_scale_calibration_residuals
logC,0.11611714165529441,0.0016420361247947454,0.7459710594100664,weighted_resampling_of_signed_log_scale_calibration_residuals
logC,0.20735559309325646,0.0016420361247947454,0.7459710594100664,weighted_resampling_of_signed_log_scale_calibration_residuals
logC,0.5548078033849455,0.0016420361247947454,0.7459710594100664,weighted_resampling_of_signed_log_scale_calibration_residuals
logC,-0.29363892559712457,0.0016420361247947454,0.7459710594100664,weighted_resampling_of_signed_log_scale_calibration_residuals
logC,0.11778894770171497,0.0016420361247947454,0.7459710594100664,weighted_resampling_of_signed_log_scale_calibration_residuals
logC,-0.462217192284357,0.0016420361247947454,0.7459710594100664,weighted_resampling_of_signed_log_scale_calibration_residuals
logC,0.08942871417163767,0.0016420361247947454,0.7459710594100664,weighted_resampling_of_signed_log_scale_calibration_residuals
logC,-1.1231705848807936,0.0016420361247947454,0.7459710594100664,weighted_resampling_of_signed_log_scale_calibration_residuals
logC,-0.2512367359843004,0.00041050903119868636,0.7459710594100664,weighted_resampling_of_signed_log_scale_calibration_residuals
logC,-0.08425019560215374,0.00041050903119868636,0.7459710594100664,weighted_resampling_of_signed_log_scale_calibration_residuals
logC,-0.11396013007689824,0.00041050903119868636,0.7459710594100664,weighted_resampling_of_signed_log_scale_calibration_residuals
logC,-0.10711185145576275,0.00041050903119868636,0.7459710594100664,weighted_resampling_of_signed_log_scale_calibration_residuals
logC,-0.4572338180105826,0.00041050903119868636,0.7459710594100664,weighted_resampling_of_signed_log_scale_calibration_residuals
logC,-0.2473289454757075,0.00041050903119868636,0.7459710594100664,weighted_resampling_of_signed_log_scale_calibration_residuals
logC,-0.14616101100996837,0.00041050903119868636,0.7459710594100664,weighted_resampling_of_signed_log_scale_calibration_residuals
logC,-0.1637466286882121,0.00041050903119868636,0.7459710594100664,weighted_resampling_of_signed_log_scale_calibration_residuals
logC,-0.6685778817133725,0.0016420361247947454,0.7459710594100664,weighted_resampling_of_signed_log_scale_calibration_residuals
logC,-0.3235461384015874,0.00041050903119868636,0.7459710594100664,weighted_resampling_of_signed_log_scale_calibration_residuals
logC,-0.1451489591506947,0.00041050903119868636,0.7459710594100664,weighted_resampling_of_signed_log_scale_calibration_residuals
logC,-0.19158370432395166,0.00041050903119868636,0.7459710594100664,weighted_resampling_of_signed_log_scale_calibration_residuals
logC,-0.18850465393270088,0.00041050903119868636,0.7459710594100664,weighted_resampling_of_signed_log_scale_calibration_residuals
logC,-0.9692446756329687,0.00041050903119868636,0.7459710594100664,weighted_resampling_of_signed_log_scale_calibration_residuals
logC,-0.7626362757869001,0.00041050903119868636,0.7459710594100664,weighted_resampling_of_signed_log_scale_calibration_residuals
logC,-0.7334504010196037,0.00041050903119868636,0.7459710594100664,weighted_resampling_of_signed_log_scale_calibration_residuals
logC,-0.7316754747958725,0.00041050903119868636,0.7459710594100664,weighted_resampling_of_signed_log_scale_calibration_residuals
logC,-0.13018366875857795,0.0016420361247947454,0.7459710594100664,weighted_resampling_of_signed_log_scale_calibration_residuals
logC,-0.43487907803202486,0.0005473453749315818,0.7459710594100664,weighted_resampling_of_signed_log_scale_calibration_residuals
logC,-0.6248624138714156,0.0005473453749315818,0.7459710594100664,weighted_resampling_of_signed_log_scale_calibration_residuals
logC,-0.2496026013996131,0.0005473453749315818,0.7459710594100664,weighted_resampling_of_signed_log_scale_calibration_residuals
logC,-0.12333847674977294,0.0016420361247947454,0.7459710594100664,weighted_resampling_of_signed_log_scale_calibration_residuals
logC,-0.3955024686798056,0.0016420361247947454,0.7459710594100664,weighted_resampling_of_signed_log_scale_calibration_residuals
logC,0.1264735882459691,0.0016420361247947454,0.7459710594100664,weighted_resampling_of_signed_log_scale_calibration_residuals
logC,0.18690570122360484,0.0016420361247947454,0.7459710594100664,weighted_resampling_of_signed_log_scale_calibration_residuals
logC,0.19999956299164956,0.0016420361247947454,0.7459710594100664,weighted_resampling_of_signed_log_scale_calibration_residuals
logC,-0.1016080207162306,0.0016420361247947454,0.7459710594100664,weighted_resampling_of_signed_log_scale_calibration_residuals
logC,0.8265395741715631,0.0008210180623973727,0.7459710594100664,weighted_resampling_of_signed_log_scale_calibration_residuals
logC,0.5031593653800526,0.0008210180623973727,0.7459710594100664,weighted_resampling_of_signed_log_scale_calibration_residuals
logC,-0.04106856611744008,0.0008210180623973727,0.7459710594100664,weighted_resampling_of_signed_log_scale_calibration_residuals
logC,0.0048386776616766575,0.0008210180623973727,0.7459710594100664,weighted_resampling_of_signed_log_scale_calibration_residuals
logC,-0.18575146990385583,0.0016420361247947454,0.7459710594100664,weighted_resampling_of_signed_log_scale_calibration_residuals
logC,-0.03437468615109923,0.0016420361247947454,0.7459710594100664,weighted_resampling_of_signed_log_scale_calibration_residuals
logC,-0.04196486823080825,0.0008210180623973727,0.7459710594100664,weighted_resampling_of_signed_log_scale_calibration_residuals
logC,0.013683377254237516,0.0008210180623973727,0.7459710594100664,weighted_resampling_of_signed_log_scale_calibration_residuals
logC,0.02999066202367917,0.0008210180623973727,0.7459710594100664,weighted_resampling_of_signed_log_scale_calibration_residuals
logC,0.05559408566395563,0.0008210180623973727,0.7459710594100664,weighted_resampling_of_signed_log_scale_calibration_residuals
logC,-0.04189715792113316,0.0008210180623973727,0.7459710594100664,weighted_resampling_of_signed_log_scale_calibration_residuals
logC,-0.030221588717170247,0.0008210180623973727,0.7459710594100664,weighted_resampling_of_signed_log_scale_calibration_residuals
logC,-0.03967867401401737,0.0016420361247947454,0.7459710594100664,weighted_resampling_of_signed_log_scale_calibration_residuals
logC,1.030329694596026,0.0008210180623973727,0.7459710594100664,weighted_resampling_of_signed_log_scale_calibration_residuals
logC,0.813406495043167,0.0008210180623973727,0.7459710594100664,weighted_resampling_of_signed_log_scale_calibration_residuals
logC,0.015846455611740876,0.0008210180623973727,0.7459710594100664,weighted_resampling_of_signed_log_scale_calibration_residuals
logC,-0.011743266304250204,0.0008210180623973727,0.7459710594100664,weighted_resampling_of_signed_log_scale_calibration_residuals
logC,-0.03938204353653252,0.0016420361247947454,0.7459710594100664,weighted_resampling_of_signed_log_scale_calibration_residuals
logC,-0.06453173228906406,0.0016420361247947454,0.7459710594100664,weighted_resampling_of_signed_log_scale_calibration_residuals
logC,0.08052710261063867,0.0008210180623973727,0.7459710594100664,weighted_resampling_of_signed_log_scale_calibration_residuals
logC,0.04282068420368246,0.0008210180623973727,0.7459710594100664,weighted_resampling_of_signed_log_scale_calibration_residuals
logC,0.13831108654390878,0.0008210180623973727,0.7459710594100664,weighted_resampling_of_signed_log_scale_calibration_residuals
logC,0.12076797377065684,0.0008210180623973727,0.7459710594100664,weighted_resampling_of_signed_log_scale_calibration_residuals
logC,0.056547421793910146,0.0008210180623973727,0.7459710594100664,weighted_resampling_of_signed_log_scale_calibration_residuals
logC,0.04863188786123995,0.0008210180623973727,0.7459710594100664,weighted_resampling_of_signed_log_scale_calibration_residuals
logC,-0.5125972293016599,0.0008210180623973727,0.7459710594100664,weighted_resampling_of_signed_log_scale_calibration_residuals
logC,-0.26320599495100705,0.0008210180623973727,0.7459710594100664,weighted_resampling_of_signed_log_scale_calibration_residuals
logC,-0.051610200406004475,0.0008210180623973727,0.7459710594100664,weighted_resampling_of_signed_log_scale_calibration_residuals
logC,-0.05354085957632161,0.0008210180623973727,0.7459710594100664,weighted_resampling_of_signed_log_scale_calibration_residuals
logC,-0.09354558459121495,0.0016420361247947454,0.7459710594100664,weighted_resampling_of_signed_log_scale_calibration_residuals
logC,-0.2108148183056009,0.0016420361247947454,0.7459710594100664,weighted_resampling_of_signed_log_scale_calibration_residuals
logC,0.07840978199491078,0.0008210180623973727,0.7459710594100664,weighted_resampling_of_signed_log_scale_calibration_residuals
logC,-0.16134888986501084,0.0008210180623973727,0.7459710594100664,weighted_resampling_of_signed_log_scale_calibration_residuals
logC,0.043726429048622784,0.0008210180623973727,0.7459710594100664,weighted_resampling_of_signed_log_scale_calibration_residuals
logC,0.006654241120765736,0.0008210180623973727,0.7459710594100664,weighted_resampling_of_signed_log_scale_calibration_residuals
logC,0.018137240362838997,0.0008210180623973727,0.7459710594100664,weighted_resampling_of_signed_log_scale_calibration_residuals
logC,-0.00030608004580969135,0.0008210180623973727,0.7459710594100664,weighted_resampling_of_signed_log_scale_calibration_residuals
logC,-0.012235326872524405,0.0016420361247947454,0.7459710594100664,weighted_resampling_of_signed_log_scale_calibration_residuals
logC,0.7485276456263685,0.0008210180623973727,0.7459710594100664,weighted_resampling_of_signed_log_scale_calibration_residuals
logC,0.7668980467456024,0.0008210180623973727,0.7459710594100664,weighted_resampling_of_signed_log_scale_calibration_residuals
logC,-0.019407969027527384,0.0008210180623973727,0.7459710594100664,weighted_resampling_of_signed_log_scale_calibration_residuals
logC,-0.01943760654118375,0.0008210180623973727,0.7459710594100664,weighted_resampling_of_signed_log_scale_calibration_residuals
logC,-0.03402719875747397,0.0008210180623973727,0.7459710594100664,weighted_resampling_of_signed_log_scale_calibration_residuals
logC,-0.03180068582111502,0.0008210180623973727,0.7459710594100664,weighted_resampling_of_signed_log_scale_calibration_residuals
logC,-0.009901284930365795,0.0008210180623973727,0.7459710594100664,weighted_resampling_of_signed_log_scale_calibration_residuals
logC,-0.06352173267125051,0.0008210180623973727,0.7459710594100664,weighted_resampling_of_signed_log_scale_calibration_residuals
logC,0.0765240984197586,0.0008210180623973727,0.7459710594100664,weighted_resampling_of_signed_log_scale_calibration_residuals
logC,0.04359352938002248,0.0008210180623973727,0.7459710594100664,weighted_resampling_of_signed_log_scale_calibration_residuals
logC,0.028703899624711537,0.0008210180623973727,0.7459710594100664,weighted_resampling_of_signed_log_scale_calibration_residuals
logC,0.04025248274638682,0.0008210180623973727,0.7459710594100664,weighted_resampling_of_signed_log_scale_calibration_residuals
logC,-0.0819416518256772,0.0008210180623973727,0.7459710594100664,weighted_resampling_of_signed_log_scale_calibration_residuals
logC,-0.08033887448749127,0.0008210180623973727,0.7459710594100664,weighted_resampling_of_signed_log_scale_calibration_residuals
logC,-0.015233554680132454,0.0008210180623973727,0.7459710594100664,weighted_resampling_of_signed_log_scale_calibration_residuals
logC,-0.013793334149072942,0.0008210180623973727,0.7459710594100664,weighted_resampling_of_signed_log_scale_calibration_residuals
logC,0.048559740872831325,0.0008210180623973727,0.7459710594100664,weighted_resampling_of_signed_log_scale_calibration_residuals
logC,-0.12404573310319411,0.0008210180623973727,0.7459710594100664,weighted_resampling_of_signed_log_scale_calibration_residuals
logC,-0.1577038880677044,0.0008210180623973727,0.7459710594100664,weighted_resampling_of_signed_log_scale_calibration_residuals
logC,-0.6616169659816942,0.0008210180623973727,0.7459710594100664,weighted_resampling_of_signed_log_scale_calibration_residuals
logC,0.005683157566463759,0.0016420361247947454,0.7459710594100664,weighted_resampling_of_signed_log_scale_calibration_residuals
logC,0.04690193976608563,0.0016420361247947454,0.7459710594100664,weighted_resampling_of_signed_log_scale_calibration_residuals
logC,-0.45408169074117977,0.0016420361247947454,0.7459710594100664,weighted_resampling_of_signed_log_scale_calibration_residuals
logC,0.037773155599764685,0.0016420361247947454,0.7459710594100664,weighted_resampling_of_signed_log_scale_calibration_residuals
logC,-0.6406275141252005,0.0008210180623973727,0.7459710594100664,weighted_resampling_of_signed_log_scale_calibration_residuals
logC,-0.27017790667256847,0.0008210180623973727,0.7459710594100664,weighted_resampling_of_signed_log_scale_calibration_residuals
logC,-0.057550656847185966,0.0016420361247947454,0.7459710594100664,weighted_resampling_of_signed_log_scale_calibration_residuals
logC,0.002484782276601538,0.0016420361247947454,0.7459710594100664,weighted_resampling_of_signed_log_scale_calibration_residuals
logC,-0.1798488893027106,0.0016420361247947454,0.7459710594100664,weighted_resampling_of_signed_log_scale_calibration_residuals
logC,-0.1892575413029225,0.0016420361247947454,0.7459710594100664,weighted_resampling_of_signed_log_scale_calibration_residuals
logC,0.046649024888046384,0.0016420361247947454,0.7459710594100664,weighted_resampling_of_signed_log_scale_calibration_residuals
logC,0.06575852327810594,0.0016420361247947454,0.7459710594100664,weighted_resampling_of_signed_log_scale_calibration_residuals
logC,-0.003865014779143028,0.0008210180623973727,0.7459710594100664,weighted_resampling_of_signed_log_scale_calibration_residuals
logC,-0.040367455304140654,0.0008210180623973727,0.7459710594100664,weighted_resampling_of_signed_log_scale_calibration_residuals
logC,0.06124976248937408,0.0008210180623973727,0.7459710594100664,weighted_resampling_of_signed_log_scale_calibration_residuals
logC,0.0877528625373627,0.0008210180623973727,0.7459710594100664,weighted_resampling_of_signed_log_scale_calibration_residuals
logC,0.21968851512953957,0.0008210180623973727,0.7459710594100664,weighted_resampling_of_signed_log_scale_calibration_residuals
logC,0.38363089752044854,0.0008210180623973727,0.7459710594100664,weighted_resampling_of_signed_log_scale_calibration_residuals
logC,-0.020962517454717666,0.0008210180623973727,0.7459710594100664,weighted_resampling_of_signed_log_scale_calibration_residuals
logC,-0.025898727168571334,0.0008210180623973727,0.7459710594100664,weighted_resampling_of_signed_log_scale_calibration_residuals
logC,-0.028943070230988965,0.0008210180623973727,0.7459710594100664,weighted_resampling_of_signed_log_scale_calibration_residuals
logC,-0.06220115675336461,0.0008210180623973727,0.7459710594100664,weighted_resampling_of_signed_log_scale_calibration_residuals
logC,0.1925675037437964,0.0008210180623973727,0.7459710594100664,weighted_resampling_of_signed_log_scale_calibration_residuals
logC,0.3705813343566984,0.0008210180623973727,0.7459710594100664,weighted_resampling_of_signed_log_scale_calibration_residuals
logC,0.012842705007711341,0.0016420361247947454,0.7459710594100664,weighted_resampling_of_signed_log_scale_calibration_residuals
logC,0.11814106717871448,0.0016420361247947454,0.7459710594100664,weighted_resampling_of_signed_log_scale_calibration_residuals
logC,0.2660719010558992,0.0016420361247947454,0.7459710594100664,weighted_resampling_of_signed_log_scale_calibration_residuals
logC,0.04904684331367015,0.0016420361247947454,0.7459710594100664,weighted_resampling_of_signed_log_scale_calibration_residuals
logC,-0.0878203929200654,0.0016420361247947454,0.7459710594100664,weighted_resampling_of_signed_log_scale_calibration_residuals
logC,-0.53737977967161,0.0016420361247947454,0.7459710594100664,weighted_resampling_of_signed_log_scale_calibration_residuals
logC,-0.020423418897611345,0.0008210180623973727,0.7459710594100664,weighted_resampling_of_signed_log_scale_calibration_residuals
logC,-0.044887174312385536,0.0008210180623973727,0.7459710594100664,weighted_resampling_of_signed_log_scale_calibration_residuals
logC,0.22794385038555276,0.0008210180623973727,0.7459710594100664,weighted_resampling_of_signed_log_scale_calibration_residuals
logC,0.26615222923720605,0.0008210180623973727,0.7459710594100664,weighted_resampling_of_signed_log_scale_calibration_residuals
logC,0.3435041372537615,0.0008210180623973727,0.7459710594100664,weighted_resampling_of_signed_log_scale_calibration_residuals
logC,0.426268397623939,0.0008210180623973727,0.7459710594100664,weighted_resampling_of_signed_log_scale_calibration_residuals
logC,-0.09673387068264461,0.0008210180623973727,0.7459710594100664,weighted_resampling_of_signed_log_scale_calibration_residuals
logC,-0.12380097360892117,0.0008210180623973727,0.7459710594100664,weighted_resampling_of_signed_log_scale_calibration_residuals
logC,-0.011060106385912625,0.0008210180623973727,0.7459710594100664,weighted_resampling_of_signed_log_scale_calibration_residuals
logC,-0.010554165055113883,0.0008210180623973727,0.7459710594100664,weighted_resampling_of_signed_log_scale_calibration_residuals
logC,1.1446102005498746,0.0008210180623973727,0.7459710594100664,weighted_resampling_of_signed_log_scale_calibration_residuals
logC,1.149708757139706,0.0008210180623973727,0.7459710594100664,weighted_resampling_of_signed_log_scale_calibration_residuals
logC,0.2257333207679753,0.0008210180623973727,0.7459710594100664,weighted_resampling_of_signed_log_scale_calibration_residuals
logC,0.32232207872638774,0.0008210180623973727,0.7459710594100664,weighted_resampling_of_signed_log_scale_calibration_residuals
logC,0.559656440883403,0.0008210180623973727,0.7459710594100664,weighted_resampling_of_signed_log_scale_calibration_residuals
logC,0.5480331864960835,0.0008210180623973727,0.7459710594100664,weighted_resampling_of_signed_log_scale_calibration_residuals
logC,0.4011646002497542,0.0008210180623973727,0.7459710594100664,weighted_resampling_of_signed_log_scale_calibration_residuals
logC,0.3311954816536311,0.0008210180623973727,0.7459710594100664,weighted_resampling_of_signed_log_scale_calibration_residuals
logC,-0.16397392125326204,0.0008210180623973727,0.7459710594100664,weighted_resampling_of_signed_log_scale_calibration_residuals
logC,-0.15157881130873552,0.0008210180623973727,0.7459710594100664,weighted_resampling_of_signed_log_scale_calibration_residuals
logC,-0.058196934132891634,0.0008210180623973727,0.7459710594100664,weighted_resampling_of_signed_log_scale_calibration_residuals
logC,-0.04558950357274122,0.0008210180623973727,0.7459710594100664,weighted_resampling_of_signed_log_scale_calibration_residuals
logC,1.2166891806055045,0.0008210180623973727,0.7459710594100664,weighted_resampling_of_signed_log_scale_calibration_residuals
logC,1.211065619201558,0.0008210180623973727,0.7459710594100664,weighted_resampling_of_signed_log_scale_calibration_residuals
logC,-0.02360106547220786,0.0008210180623973727,0.7459710594100664,weighted_resampling_of_signed_log_scale_calibration_residuals
logC,0.037396110765280266,0.0008210180623973727,0.7459710594100664,weighted_resampling_of_signed_log_scale_calibration_residuals
logC,-0.19335806066312133,0.0008210180623973727,0.7459710594100664,weighted_resampling_of_signed_log_scale_calibration_residuals
logC,-0.10155316394562061,0.0008210180623973727,0.7459710594100664,weighted_resampling_of_signed_log_scale_calibration_residuals
logC,0.06202977689640754,0.0008210180623973727,0.7459710594100664,weighted_resampling_of_signed_log_scale_calibration_residuals
logC,0.18512993327994387,0.0008210180623973727,0.7459710594100664,weighted_resampling_of_signed_log_scale_calibration_residuals
logC,0.11868688233331426,0.0008210180623973727,0.7459710594100664,weighted_resampling_of_signed_log_scale_calibration_residuals
logC,0.164692810120751,0.0008210180623973727,0.7459710594100664,weighted_resampling_of_signed_log_scale_calibration_residuals
logC,-0.009720871118669282,0.0008210180623973727,0.7459710594100664,weighted_resampling_of_signed_log_scale_calibration_residuals
logC,0.022095666303633563,0.0008210180623973727,0.7459710594100664,weighted_resampling_of_signed_log_scale_calibration_residuals
logC,0.5495387666524323,0.0008210180623973727,0.7459710594100664,weighted_resampling_of_signed_log_scale_calibration_residuals
logC,0.7284148892878246,0.0008210180623973727,0.7459710594100664,weighted_resampling_of_signed_log_scale_calibration_residuals
logC,-0.02381625212578342,0.0005473453749315818,0.7459710594100664,weighted_resampling_of_signed_log_scale_calibration_residuals
logC,-0.028882135573256695,0.0005473453749315818,0.7459710594100664,weighted_resampling_of_signed_log_scale_calibration_residuals
logC,0.007739275117936373,0.0005473453749315818,0.7459710594100664,weighted_resampling_of_signed_log_scale_calibration_residuals
logC,-0.04993576451606477,0.0005473453749315818,0.7459710594100664,weighted_resampling_of_signed_log_scale_calibration_residuals
logC,-0.04696196989659818,0.0005473453749315818,0.7459710594100664,weighted_resampling_of_signed_log_scale_calibration_residuals
logC,0.035068073137083156,0.0005473453749315818,0.7459710594100664,weighted_resampling_of_signed_log_scale_calibration_residuals
logC,-0.0019013748299203659,0.0005473453749315818,0.7459710594100664,weighted_resampling_of_signed_log_scale_calibration_residuals
logC,0.0005877702459540224,0.0005473453749315818,0.7459710594100664,weighted_resampling_of_signed_log_scale_calibration_residuals
logC,0.7413397916230626,0.0005473453749315818,0.7459710594100664,weighted_resampling_of_signed_log_scale_calibration_residuals
logC,-0.09624030210845547,0.0005473453749315818,0.7459710594100664,weighted_resampling_of_signed_log_scale_calibration_residuals
logC,-0.12743651627260055,0.0005473453749315818,0.7459710594100664,weighted_resampling_of_signed_log_scale_calibration_residuals
logC,-0.020608415619704612,0.0005473453749315818,0.7459710594100664,weighted_resampling_of_signed_log_scale_calibration_residuals
logC,0.007507076838963781,0.0005473453749315818,0.7459710594100664,weighted_resampling_of_signed_log_scale_calibration_residuals
logC,-0.00453705034601734,0.0005473453749315818,0.7459710594100664,weighted_resampling_of_signed_log_scale_calibration_residuals
logC,0.02876666311020836,0.0005473453749315818,0.7459710594100664,weighted_resampling_of_signed_log_scale_calibration_residuals
logC,-0.5939824647897334,0.0005473453749315818,0.7459710594100664,weighted_resampling_of_signed_log_scale_calibration_residuals
logC,-0.34721233465844037,0.0005473453749315818,0.7459710594100664,weighted_resampling_of_signed_log_scale_calibration_residuals
logC,0.9015107836443805,0.0005473453749315818,0.7459710594100664,weighted_resampling_of_signed_log_scale_calibration_residuals
logC,-0.011220910538725537,0.00041050903119868636,0.7459710594100664,weighted_resampling_of_signed_log_scale_calibration_residuals
logC,-0.02199920289766588,0.00041050903119868636,0.7459710594100664,weighted_resampling_of_signed_log_scale_calibration_residuals
logC,-0.005739948060704547,0.00041050903119868636,0.7459710594100664,weighted_resampling_of_signed_log_scale_calibration_residuals
logC,-0.0018733216287496468,0.00041050903119868636,0.7459710594100664,weighted_resampling_of_signed_log_scale_calibration_residuals
logC,0.0024574893093239764,0.00041050903119868636,0.7459710594100664,weighted_resampling_of_signed_log_scale_calibration_residuals
logC,0.010070920006341827,0.00041050903119868636,0.7459710594100664,weighted_resampling_of_signed_log_scale_calibration_residuals
logC,-0.012081138076392994,0.00041050903119868636,0.7459710594100664,weighted_resampling_of_signed_log_scale_calibration_residuals
logC,-0.013710969038180768,0.00041050903119868636,0.7459710594100664,weighted_resampling_of_signed_log_scale_calibration_residuals
logC,0.39908651743989865,0.00041050903119868636,0.7459710594100664,weighted_resampling_of_signed_log_scale_calibration_residuals
logC,0.562020686237199,0.00041050903119868636,0.7459710594100664,weighted_resampling_of_signed_log_scale_calibration_residuals
logC,0.18668153700345314,0.00041050903119868636,0.7459710594100664,weighted_resampling_of_signed_log_scale_calibration_residuals
logC,0.1342481926239878,0.00041050903119868636,0.7459710594100664,weighted_resampling_of_signed_log_scale_calibration_residuals
logC,-0.030415420781257918,0.00041050903119868636,0.7459710594100664,weighted_resampling_of_signed_log_scale_calibration_residuals
logC,-0.06839779134588131,0.00041050903119868636,0.7459710594100664,weighted_resampling_of_signed_log_scale_calibration_residuals
logC,-0.06614924226163366,0.00041050903119868636,0.7459710594100664,weighted_resampling_of_signed_log_scale_calibration_residuals
logC,-0.11341878776282899,0.00041050903119868636,0.7459710594100664,weighted_resampling_of_signed_log_scale_calibration_residuals
logC,0.03615665497000525,0.00041050903119868636,0.7459710594100664,weighted_resampling_of_signed_log_scale_calibration_residuals
logC,0.030403629941961594,0.00041050903119868636,0.7459710594100664,weighted_resampling_of_signed_log_scale_calibration_residuals
logC,0.04780101162691494,0.00041050903119868636,0.7459710594100664,weighted_resampling_of_signed_log_scale_calibration_residuals
logC,0.04118206526334382,0.00041050903119868636,0.7459710594100664,weighted_resampling_of_signed_log_scale_calibration_residuals
logC,0.5104318377045551,0.00041050903119868636,0.7459710594100664,weighted_resampling_of_signed_log_scale_calibration_residuals
logC,0.5441623201095727,0.00041050903119868636,0.7459710594100664,weighted_resampling_of_signed_log_scale_calibration_residuals
logC,0.20964940588727643,0.00041050903119868636,0.7459710594100664,weighted_resampling_of_signed_log_scale_calibration_residuals
logC,0.12673719305620423,0.00041050903119868636,0.7459710594100664,weighted_resampling_of_signed_log_scale_calibration_residuals
logC,-0.012046865959277397,0.0008210180623973727,0.7459710594100664,weighted_resampling_of_signed_log_scale_calibration_residuals
logC,-0.03179043073485688,0.0008210180623973727,0.7459710594100664,weighted_resampling_of_signed_log_scale_calibration_residuals
logC,-0.0981785516394374,0.0008210180623973727,0.7459710594100664,weighted_resampling_of_signed_log_scale_calibration_residuals
logC,-0.061346600272597154,0.0008210180623973727,0.7459710594100664,weighted_resampling_of_signed_log_scale_calibration_residuals
logC,-0.11124497838316838,0.0008210180623973727,0.7459710594100664,weighted_resampling_of_signed_log_scale_calibration_residuals
logC,-0.026600332142879823,0.0008210180623973727,0.7459710594100664,weighted_resampling_of_signed_log_scale_calibration_residuals
logC,-0.1475269809293831,0.0008210180623973727,0.7459710594100664,weighted_resampling_of_signed_log_scale_calibration_residuals
logC,-0.1964887248134719,0.0008210180623973727,0.7459710594100664,weighted_resampling_of_signed_log_scale_calibration_residuals
logC,-0.0020738064688071286,0.0008210180623973727,0.7459710594100664,weighted_resampling_of_signed_log_scale_calibration_residuals
logC,-0.01978555170227581,0.0008210180623973727,0.7459710594100664,weighted_resampling_of_signed_log_scale_calibration_residuals
logC,-0.983575235356537,0.0008210180623973727,0.7459710594100664,weighted_resampling_of_signed_log_scale_calibration_residuals
logC,-0.8937875657981538,0.0008210180623973727,0.7459710594100664,weighted_resampling_of_signed_log_scale_calibration_residuals
logC,0.0015670338547006946,0.0005473453749315818,0.7459710594100664,weighted_resampling_of_signed_log_scale_calibration_residuals
logC,0.032519419327015076,0.0005473453749315818,0.7459710594100664,weighted_resampling_of_signed_log_scale_calibration_residuals
logC,0.05067383921260937,0.0005473453749315818,0.7459710594100664,weighted_resampling_of_signed_log_scale_calibration_residuals
logC,1.2981396908672103,0.0005473453749315818,0.7459710594100664,weighted_resampling_of_signed_log_scale_calibration_residuals
logC,-0.03849917742816211,0.0005473453749315818,0.7459710594100664,weighted_resampling_of_signed_log_scale_calibration_residuals
logC,0.006839438684700938,0.0005473453749315818,0.7459710594100664,weighted_resampling_of_signed_log_scale_calibration_residuals
logC,0.03757110368599759,0.0005473453749315818,0.7459710594100664,weighted_resampling_of_signed_log_scale_calibration_residuals
logC,-0.36654361908239297,0.0005473453749315818,0.7459710594100664,weighted_resampling_of_signed_log_scale_calibration_residuals
logC,-0.25668848786204035,0.0005473453749315818,0.7459710594100664,weighted_resampling_of_signed_log_scale_calibration_residuals
logC,-0.032297617440867565,0.0005473453749315818,0.7459710594100664,weighted_resampling_of_signed_log_scale_calibration_residuals
logC,-0.0296625664215886,0.0005473453749315818,0.7459710594100664,weighted_resampling_of_signed_log_scale_calibration_residuals
logC,0.003590610843424935,0.0005473453749315818,0.7459710594100664,weighted_resampling_of_signed_log_scale_calibration_residuals
logC,-0.046852145071101914,0.0005473453749315818,0.7459710594100664,weighted_resampling_of_signed_log_scale_calibration_residuals
logC,-0.019820329860035013,0.0005473453749315818,0.7459710594100664,weighted_resampling_of_signed_log_scale_calibration_residuals
logC,-0.003808765105195455,0.0005473453749315818,0.7459710594100664,weighted_resampling_of_signed_log_scale_calibration_residuals
logC,-0.012301068517367342,0.0005473453749315818,0.7459710594100664,weighted_resampling_of_signed_log_scale_calibration_residuals
logC,0.03654789877932012,0.0005473453749315818,0.7459710594100664,weighted_resampling_of_signed_log_scale_calibration_residuals
logC,0.06615563058168146,0.0005473453749315818,0.7459710594100664,weighted_resampling_of_signed_log_scale_calibration_residuals
logC,1.8181313095519496,0.0005473453749315818,0.7459710594100664,weighted_resampling_of_signed_log_scale_calibration_residuals
logC,0.0744950966767206,0.0005473453749315818,0.7459710594100664,weighted_resampling_of_signed_log_scale_calibration_residuals
logC,-0.007239672665618535,0.0005473453749315818,0.7459710594100664,weighted_resampling_of_signed_log_scale_calibration_residuals
logC,0.0019029794309803894,0.0005473453749315818,0.7459710594100664,weighted_resampling_of_signed_log_scale_calibration_residuals
logC,0.042356519990537134,0.0005473453749315818,0.7459710594100664,weighted_resampling_of_signed_log_scale_calibration_residuals
logC,0.04675626050221826,0.0005473453749315818,0.7459710594100664,weighted_resampling_of_signed_log_scale_calibration_residuals
logC,-0.002970517041604781,0.0005473453749315818,0.7459710594100664,weighted_resampling_of_signed_log_scale_calibration_residuals
logC,-0.027099784440262106,0.0005473453749315818,0.7459710594100664,weighted_resampling_of_signed_log_scale_calibration_residuals
logC,0.002819319105339918,0.0005473453749315818,0.7459710594100664,weighted_resampling_of_signed_log_scale_calibration_residuals
logC,-0.5474040294187401,0.0005473453749315818,0.7459710594100664,weighted_resampling_of_signed_log_scale_calibration_residuals
logC,-0.10746426890926908,0.0005473453749315818,0.7459710594100664,weighted_resampling_of_signed_log_scale_calibration_residuals
logC,-0.02464279996613228,0.0005473453749315818,0.7459710594100664,weighted_resampling_of_signed_log_scale_calibration_residuals
logC,-0.04015777242557661,0.0005473453749315818,0.7459710594100664,weighted_resampling_of_signed_log_scale_calibration_residuals
logC,0.0666654731567331,0.0005473453749315818,0.7459710594100664,weighted_resampling_of_signed_log_scale_calibration_residuals
logC,0.06445526520436418,0.0005473453749315818,0.7459710594100664,weighted_resampling_of_signed_log_scale_calibration_residuals
logC,0.011124041653074235,0.0005473453749315818,0.7459710594100664,weighted_resampling_of_signed_log_scale_calibration_residuals
logC,0.9835916243284554,0.0005473453749315818,0.7459710594100664,weighted_resampling_of_signed_log_scale_calibration_residuals
logC,1.023015656540219,0.0005473453749315818,0.7459710594100664,weighted_resampling_of_signed_log_scale_calibration_residuals
logC,-0.009689035342283074,0.0005473453749315818,0.7459710594100664,weighted_resampling_of_signed_log_scale_calibration_residuals
logC,0.04736746119594264,0.0005473453749315818,0.7459710594100664,weighted_resampling_of_signed_log_scale_calibration_residuals
logC,0.056998983133618834,0.0005473453749315818,0.7459710594100664,weighted_resampling_of_signed_log_scale_calibration_residuals
logC,-0.5970441293334918,0.0005473453749315818,0.7459710594100664,weighted_resampling_of_signed_log_scale_calibration_residuals
logC,-0.5852911009198243,0.0005473453749315818,0.7459710594100664,weighted_resampling_of_signed_log_scale_calibration_residuals
logC,-0.6290006534619454,0.0005473453749315818,0.7459710594100664,weighted_resampling_of_signed_log_scale_calibration_residuals
logC,0.011827017143047097,0.0008210180623973727,0.7459710594100664,weighted_resampling_of_signed_log_scale_calibration_residuals
logC,-0.009498519210431822,0.0008210180623973727,0.7459710594100664,weighted_resampling_of_signed_log_scale_calibration_residuals
logC,0.006909405458267237,0.0008210180623973727,0.7459710594100664,weighted_resampling_of_signed_log_scale_calibration_residuals
logC,-0.018709138909963216,0.0008210180623973727,0.7459710594100664,weighted_resampling_of_signed_log_scale_calibration_residuals
logC,-0.027027189535105967,0.0008210180623973727,0.7459710594100664,weighted_resampling_of_signed_log_scale_calibration_residuals
logC,0.027194884190421265,0.0008210180623973727,0.7459710594100664,weighted_resampling_of_signed_log_scale_calibration_residuals
logC,0.06278709552764816,0.0008210180623973727,0.7459710594100664,weighted_resampling_of_signed_log_scale_calibration_residuals
logC,0.03480208088203973,0.0008210180623973727,0.7459710594100664,weighted_resampling_of_signed_log_scale_calibration_residuals
logC,-0.0025800588959783433,0.0008210180623973727,0.7459710594100664,weighted_resampling_of_signed_log_scale_calibration_residuals
logC,-0.009060621360490906,0.0008210180623973727,0.7459710594100664,weighted_resampling_of_signed_log_scale_calibration_residuals
logC,0.0028631373535726043,0.0008210180623973727,0.7459710594100664,weighted_resampling_of_signed_log_scale_calibration_residuals
logC,0.0025019124119108303,0.0008210180623973727,0.7459710594100664,weighted_resampling_of_signed_log_scale_calibration_residuals
logC,-0.42377069826567926,0.0008210180623973727,0.7459710594100664,weighted_resampling_of_signed_log_scale_calibration_residuals
logC,-1.5145286144955867,0.0008210180623973727,0.7459710594100664,weighted_resampling_of_signed_log_scale_calibration_residuals
logC,-0.05471300319062289,0.00041050903119868636,0.7459710594100664,weighted_resampling_of_signed_log_scale_calibration_residuals
logC,0.45280110360716386,0.00041050903119868636,0.7459710594100664,weighted_resampling_of_signed_log_scale_calibration_residuals
logC,-0.06784866489659014,0.00041050903119868636,0.7459710594100664,weighted_resampling_of_signed_log_scale_calibration_residuals
logC,-0.017145355411662067,0.00041050903119868636,0.7459710594100664,weighted_resampling_of_signed_log_scale_calibration_residuals
logC,-0.06662681882294574,0.00041050903119868636,0.7459710594100664,weighted_resampling_of_signed_log_scale_calibration_residuals
logC,0.30023436832647343,0.00041050903119868636,0.7459710594100664,weighted_resampling_of_signed_log_scale_calibration_residuals
logC,-0.21313861040476484,0.00041050903119868636,0.7459710594100664,weighted_resampling_of_signed_log_scale_calibration_residuals
logC,-0.16673305252313592,0.00041050903119868636,0.7459710594100664,weighted_resampling_of_signed_log_scale_calibration_residuals
logC,-0.13722121699607515,0.00041050903119868636,0.7459710594100664,weighted_resampling_of_signed_log_scale_calibration_residuals
logC,-0.8534249161573915,0.00041050903119868636,0.7459710594100664,weighted_resampling_of_signed_log_scale_calibration_residuals
logC,-0.7002181891690054,0.00041050903119868636,0.7459710594100664,weighted_resampling_of_signed_log_scale_calibration_residuals
logC,-0.5074355753045541,0.00041050903119868636,0.7459710594100664,weighted_resampling_of_signed_log_scale_calibration_residuals
logC,0.10204238216556583,0.00041050903119868636,0.7459710594100664,weighted_resampling_of_signed_log_scale_calibration_residuals
logC,-1.4562693002671454,0.00041050903119868636,0.7459710594100664,weighted_resampling_of_signed_log_scale_calibration_residuals
logC,0.004482342870445244,0.00041050903119868636,0.7459710594100664,weighted_resampling_of_signed_log_scale_calibration_residuals
logC,0.04700824764518785,0.00041050903119868636,0.7459710594100664,weighted_resampling_of_signed_log_scale_calibration_residuals
logC,-0.02784668252570155,0.00041050903119868636,0.7459710594100664,weighted_resampling_of_signed_log_scale_calibration_residuals
logC,0.14426278409892143,0.00041050903119868636,0.7459710594100664,weighted_resampling_of_signed_log_scale_calibration_residuals
logC,-0.07115516123144494,0.00041050903119868636,0.7459710594100664,weighted_resampling_of_signed_log_scale_calibration_residuals
logC,-0.019104476429280703,0.00041050903119868636,0.7459710594100664,weighted_resampling_of_signed_log_scale_calibration_residuals
logC,0.05779652088324827,0.00041050903119868636,0.7459710594100664,weighted_resampling_of_signed_log_scale_calibration_residuals
logC,-2.07362966792346,0.00041050903119868636,0.7459710594100664,weighted_resampling_of_signed_log_scale_calibration_residuals
logC,-0.038002685811077797,0.00041050903119868636,0.7459710594100664,weighted_resampling_of_signed_log_scale_calibration_residuals
logC,0.03379647683395959,0.00041050903119868636,0.7459710594100664,weighted_resampling_of_signed_log_scale_calibration_residuals
logC,-0.41933176282263585,0.00041050903119868636,0.7459710594100664,weighted_resampling_of_signed_log_scale_calibration_residuals
logC,0.9282754465624823,0.00041050903119868636,0.7459710594100664,weighted_resampling_of_signed_log_scale_calibration_residuals
logC,-0.12927430402851847,0.00041050903119868636,0.7459710594100664,weighted_resampling_of_signed_log_scale_calibration_residuals
logC,-0.17897904893433125,0.00041050903119868636,0.7459710594100664,weighted_resampling_of_signed_log_scale_calibration_residuals
logC,0.10628173788695422,0.0016420361247947454,0.7459710594100664,weighted_resampling_of_signed_log_scale_calibration_residuals
logC,-0.5725401130341512,0.0016420361247947454,0.7459710594100664,weighted_resampling_of_signed_log_scale_calibration_residuals
logC,0.017565766318105247,0.0016420361247947454,0.7459710594100664,weighted_resampling_of_signed_log_scale_calibration_residuals
logC,0.1277806953756666,0.0016420361247947454,0.7459710594100664,weighted_resampling_of_signed_log_scale_calibration_residuals
logC,0.0751198652690784,0.0016420361247947454,0.7459710594100664,weighted_resampling_of_signed_log_scale_calibration_residuals
logC,-0.38824529570623767,0.0016420361247947454,0.7459710594100664,weighted_resampling_of_signed_log_scale_calibration_residuals
logC,0.4585875505346504,0.0016420361247947454,0.7459710594100664,weighted_resampling_of_signed_log_scale_calibration_residuals
logC,-0.012961207602044,0.00041050903119868636,0.7459710594100664,weighted_resampling_of_signed_log_scale_calibration_residuals
logC,-0.01402241946212568,0.00041050903119868636,0.7459710594100664,weighted_resampling_of_signed_log_scale_calibration_residuals
logC,-0.010477414407830787,0.00041050903119868636,0.7459710594100664,weighted_resampling_of_signed_log_scale_calibration_residuals
logC,0.0231177306968664,0.00041050903119868636,0.7459710594100664,weighted_resampling_of_signed_log_scale_calibration_residuals
logC,-0.024959687184691715,0.00041050903119868636,0.7459710594100664,weighted_resampling_of_signed_log_scale_calibration_residuals
logC,0.02409706280625895,0.00041050903119868636,0.7459710594100664,weighted_resampling_of_signed_log_scale_calibration_residuals
logC,0.005830992165270332,0.00041050903119868636,0.7459710594100664,weighted_resampling_of_signed_log_scale_calibration_residuals
logC,0.01757634866562313,0.00041050903119868636,0.7459710594100664,weighted_resampling_of_signed_log_scale_calibration_residuals
logC,-0.3953388987904223,0.00041050903119868636,0.7459710594100664,weighted_resampling_of_signed_log_scale_calibration_residuals
logC,-0.41958317960196645,0.00041050903119868636,0.7459710594100664,weighted_resampling_of_signed_log_scale_calibration_residuals
logC,0.7206512666703961,0.00041050903119868636,0.7459710594100664,weighted_resampling_of_signed_log_scale_calibration_residuals
logC,0.6138401193871843,0.00041050903119868636,0.7459710594100664,weighted_resampling_of_signed_log_scale_calibration_residuals
logC,0.06789738951349378,0.00041050903119868636,0.7459710594100664,weighted_resampling_of_signed_log_scale_calibration_residuals
logC,-0.014000680435454216,0.00041050903119868636,0.7459710594100664,weighted_resampling_of_signed_log_scale_calibration_residuals
logC,0.005788493892070479,0.00041050903119868636,0.7459710594100664,weighted_resampling_of_signed_log_scale_calibration_residuals
logC,0.018187164163185887,0.00041050903119868636,0.7459710594100664,weighted_resampling_of_signed_log_scale_calibration_residuals
logC,0.01078250074983833,0.00041050903119868636,0.7459710594100664,weighted_resampling_of_signed_log_scale_calibration_residuals
logC,-0.0068363417481402955,0.00041050903119868636,0.7459710594100664,weighted_resampling_of_signed_log_scale_calibration_residuals
logC,-0.019151913623230543,0.00041050903119868636,0.7459710594100664,weighted_resampling_of_signed_log_scale_calibration_residuals
logC,0.014218188496673445,0.00041050903119868636,0.7459710594100664,weighted_resampling_of_signed_log_scale_calibration_residuals
logC,0.1420179151442964,0.00041050903119868636,0.7459710594100664,weighted_resampling_of_signed_log_scale_calibration_residuals
logC,-0.10675525885555803,0.00041050903119868636,0.7459710594100664,weighted_resampling_of_signed_log_scale_calibration_residuals
logC,0.11199252183339059,0.00041050903119868636,0.7459710594100664,weighted_resampling_of_signed_log_scale_calibration_residuals
logC,0.1435726368446799,0.00041050903119868636,0.7459710594100664,weighted_resampling_of_signed_log_scale_calibration_residuals
logC,0.15780451782468585,0.00041050903119868636,0.7459710594100664,weighted_resampling_of_signed_log_scale_calibration_residuals
logC,0.6819948995647129,0.00041050903119868636,0.7459710594100664,weighted_resampling_of_signed_log_scale_calibration_residuals
logC,0.5209526722083799,0.00041050903119868636,0.7459710594100664,weighted_resampling_of_signed_log_scale_calibration_residuals
logC,0.35122749488816485,0.00041050903119868636,0.7459710594100664,weighted_resampling_of_signed_log_scale_calibration_residuals
logC,-0.07611669280995603,0.00041050903119868636,0.7459710594100664,weighted_resampling_of_signed_log_scale_calibration_residuals
logC,-0.05406374027511818,0.00041050903119868636,0.7459710594100664,weighted_resampling_of_signed_log_scale_calibration_residuals
logC,-0.10265777994314926,0.00041050903119868636,0.7459710594100664,weighted_resampling_of_signed_log_scale_calibration_residuals
logC,-0.013628022345266833,0.00041050903119868636,0.7459710594100664,weighted_resampling_of_signed_log_scale_calibration_residuals
logC,-0.2359422852983502,0.00041050903119868636,0.7459710594100664,weighted_resampling_of_signed_log_scale_calibration_residuals
logC,0.11712695836648412,0.00041050903119868636,0.7459710594100664,weighted_resampling_of_signed_log_scale_calibration_residuals
logC,0.06280719759942388,0.00041050903119868636,0.7459710594100664,weighted_resampling_of_signed_log_scale_calibration_residuals
logC,0.23527601723574187,0.00041050903119868636,0.7459710594100664,weighted_resampling_of_signed_log_scale_calibration_residuals
logC,0.08646727846259727,0.00041050903119868636,0.7459710594100664,weighted_resampling_of_signed_log_scale_calibration_residuals
logC,0.1285535890639642,0.00041050903119868636,0.7459710594100664,weighted_resampling_of_signed_log_scale_calibration_residuals
logC,-0.39335188074311533,0.00041050903119868636,0.7459710594100664,weighted_resampling_of_signed_log_scale_calibration_residuals
logC,-0.42433791875917404,0.00041050903119868636,0.7459710594100664,weighted_resampling_of_signed_log_scale_calibration_residuals
logC,-0.04195657140520792,0.00041050903119868636,0.7459710594100664,weighted_resampling_of_signed_log_scale_calibration_residuals
logC,-0.04173164493095527,0.00041050903119868636,0.7459710594100664,weighted_resampling_of_signed_log_scale_calibration_residuals
logC,-0.15254788086626103,0.00041050903119868636,0.7459710594100664,weighted_resampling_of_signed_log_scale_calibration_residuals
logC,-0.018451736031436017,0.00041050903119868636,0.7459710594100664,weighted_resampling_of_signed_log_scale_calibration_residuals
logC,-0.011303955019189793,0.00041050903119868636,0.7459710594100664,weighted_resampling_of_signed_log_scale_calibration_residuals
logC,-0.0011388271148846663,0.00041050903119868636,0.7459710594100664,weighted_resampling_of_signed_log_scale_calibration_residuals
logC,-0.05878224677662591,0.00041050903119868636,0.7459710594100664,weighted_resampling_of_signed_log_scale_calibration_residuals
logC,0.043572394271492065,0.00041050903119868636,0.7459710594100664,weighted_resampling_of_signed_log_scale_calibration_residuals
logC,-0.06436811269203258,0.00041050903119868636,0.7459710594100664,weighted_resampling_of_signed_log_scale_calibration_residuals
logC,-0.04233461027082264,0.00041050903119868636,0.7459710594100664,weighted_resampling_of_signed_log_scale_calibration_residuals
logC,0.03416720741291179,0.00041050903119868636,0.7459710594100664,weighted_resampling_of_signed_log_scale_calibration_residuals
logC,0.05238968639934605,0.00041050903119868636,0.7459710594100664,weighted_resampling_of_signed_log_scale_calibration_residuals
logC,0.6820332474782269,0.00041050903119868636,0.7459710594100664,weighted_resampling_of_signed_log_scale_calibration_residuals
logC,0.3997573859122401,0.00041050903119868636,0.7459710594100664,weighted_resampling_of_signed_log_scale_calibration_residuals
logC,0.14990977095886215,0.00041050903119868636,0.7459710594100664,weighted_resampling_of_signed_log_scale_calibration_residuals
logC,0.33689427829756635,0.00041050903119868636,0.7459710594100664,weighted_resampling_of_signed_log_scale_calibration_residuals
logC,0.2750012427680046,0.00041050903119868636,0.7459710594100664,weighted_resampling_of_signed_log_scale_calibration_residuals
logC,0.07360432203614707,0.00041050903119868636,0.7459710594100664,weighted_resampling_of_signed_log_scale_calibration_residuals
logC,0.07937699421332023,0.00041050903119868636,0.7459710594100664,weighted_resampling_of_signed_log_scale_calibration_residuals
logC,0.029564080962813183,0.00041050903119868636,0.7459710594100664,weighted_resampling_of_signed_log_scale_calibration_residuals
logC,0.0973311240854931,0.00041050903119868636,0.7459710594100664,weighted_resampling_of_signed_log_scale_calibration_residuals
logC,0.11887457649610672,0.00041050903119868636,0.7459710594100664,weighted_resampling_of_signed_log_scale_calibration_residuals
logC,0.14826042172602177,0.00041050903119868636,0.7459710594100664,weighted_resampling_of_signed_log_scale_calibration_residuals
logC,-0.03393345437801759,0.00041050903119868636,0.7459710594100664,weighted_resampling_of_signed_log_scale_calibration_residuals
logC,0.11315011648735429,0.00041050903119868636,0.7459710594100664,weighted_resampling_of_signed_log_scale_calibration_residuals
logC,-0.14042573094868488,0.00041050903119868636,0.7459710594100664,weighted_resampling_of_signed_log_scale_calibration_residuals
logC,0.16888634165502148,0.00041050903119868636,0.7459710594100664,weighted_resampling_of_signed_log_scale_calibration_residuals
logC,-0.026189585233144075,0.00041050903119868636,0.7459710594100664,weighted_resampling_of_signed_log_scale_calibration_residuals
logC,-0.08862220893201744,0.00041050903119868636,0.7459710594100664,weighted_resampling_of_signed_log_scale_calibration_residuals
logC,0.12327780866402827,0.00041050903119868636,0.7459710594100664,weighted_resampling_of_signed_log_scale_calibration_residuals
logC,0.6810180932508296,0.00041050903119868636,0.7459710594100664,weighted_resampling_of_signed_log_scale_calibration_residuals
logC,-0.2916130356096509,0.00041050903119868636,0.7459710594100664,weighted_resampling_of_signed_log_scale_calibration_residuals
logC,0.5335472695320067,0.00041050903119868636,0.7459710594100664,weighted_resampling_of_signed_log_scale_calibration_residuals
logC,0.06848045523053414,0.00041050903119868636,0.7459710594100664,weighted_resampling_of_signed_log_scale_calibration_residuals
logC,-0.05005292840557596,0.00041050903119868636,0.7459710594100664,weighted_resampling_of_signed_log_scale_calibration_residuals
logC,0.12012025240677815,0.00041050903119868636,0.7459710594100664,weighted_resampling_of_signed_log_scale_calibration_residuals
logC,0.09267158685524146,0.00041050903119868636,0.7459710594100664,weighted_resampling_of_signed_log_scale_calibration_residuals
logC,0.23277774349676972,0.00041050903119868636,0.7459710594100664,weighted_resampling_of_signed_log_scale_calibration_residuals
logC,-0.017422357570685332,0.00041050903119868636,0.7459710594100664,weighted_resampling_of_signed_log_scale_calibration_residuals
logC,-0.01761646170401865,0.00041050903119868636,0.7459710594100664,weighted_resampling_of_signed_log_scale_calibration_residuals
logC,0.032975552703686795,0.00041050903119868636,0.7459710594100664,weighted_resampling_of_signed_log_scale_calibration_residuals
logC,0.14210969936611262,0.00041050903119868636,0.7459710594100664,weighted_resampling_of_signed_log_scale_calibration_residuals
logC,-0.031683221603186595,0.00041050903119868636,0.7459710594100664,weighted_resampling_of_signed_log_scale_calibration_residuals
logC,0.020118196597033844,0.00041050903119868636,0.7459710594100664,weighted_resampling_of_signed_log_scale_calibration_residuals
logC,0.012943937505658809,0.00041050903119868636,0.7459710594100664,weighted_resampling_of_signed_log_scale_calibration_residuals
logC,0.03663279532296926,0.00041050903119868636,0.7459710594100664,weighted_resampling_of_signed_log_scale_calibration_residuals
logC,-0.09067431502838996,0.00041050903119868636,0.7459710594100664,weighted_resampling_of_signed_log_scale_calibration_residuals
logC,-0.06718290038792452,0.00041050903119868636,0.7459710594100664,weighted_resampling_of_signed_log_scale_calibration_residuals
logC,0.026381695362522883,0.00041050903119868636,0.7459710594100664,weighted_resampling_of_signed_log_scale_calibration_residuals
logC,0.12311410794087907,0.00041050903119868636,0.7459710594100664,weighted_resampling_of_signed_log_scale_calibration_residuals
logC,0.020148400548871237,0.00041050903119868636,0.7459710594100664,weighted_resampling_of_signed_log_scale_calibration_residuals
logC,0.06067561727012949,0.00041050903119868636,0.7459710594100664,weighted_resampling_of_signed_log_scale_calibration_residuals
logC,0.02531576939581992,0.00041050903119868636,0.7459710594100664,weighted_resampling_of_signed_log_scale_calibration_residuals
logC,0.042539954333319585,0.00041050903119868636,0.7459710594100664,weighted_resampling_of_signed_log_scale_calibration_residuals
logC,-0.05910576590800343,0.00041050903119868636,0.7459710594100664,weighted_resampling_of_signed_log_scale_calibration_residuals
logC,-0.08970588041190108,0.00041050903119868636,0.7459710594100664,weighted_resampling_of_signed_log_scale_calibration_residuals
logC,0.06851008125283986,0.00041050903119868636,0.7459710594100664,weighted_resampling_of_signed_log_scale_calibration_residuals
logC,0.17518070564901134,0.00041050903119868636,0.7459710594100664,weighted_resampling_of_signed_log_scale_calibration_residuals
logC,0.008485451474596672,0.00041050903119868636,0.7459710594100664,weighted_resampling_of_signed_log_scale_calibration_residuals
logC,0.04639010230089724,0.00041050903119868636,0.7459710594100664,weighted_resampling_of_signed_log_scale_calibration_residuals
logC,0.003593545563394862,0.00041050903119868636,0.7459710594100664,weighted_resampling_of_signed_log_scale_calibration_residuals
logC,0.03718665023131695,0.00041050903119868636,0.7459710594100664,weighted_resampling_of_signed_log_scale_calibration_residuals
logC,-0.010365311740596184,0.00041050903119868636,0.7459710594100664,weighted_resampling_of_signed_log_scale_calibration_residuals
logC,0.027288798615060728,0.00041050903119868636,0.7459710594100664,weighted_resampling_of_signed_log_scale_calibration_residuals
logC,-1.3532535304693996,0.00041050903119868636,0.7459710594100664,weighted_resampling_of_signed_log_scale_calibration_residuals
logC,0.889721519448365,0.00041050903119868636,0.7459710594100664,weighted_resampling_of_signed_log_scale_calibration_residuals
logC,0.30340399463908874,0.00041050903119868636,0.7459710594100664,weighted_resampling_of_signed_log_scale_calibration_residuals
logC,-0.09306559426798167,0.00041050903119868636,0.7459710594100664,weighted_resampling_of_signed_log_scale_calibration_residuals
logC,-0.17805278005888248,0.00041050903119868636,0.7459710594100664,weighted_resampling_of_signed_log_scale_calibration_residuals
logC,0.031261445979250624,0.00041050903119868636,0.7459710594100664,weighted_resampling_of_signed_log_scale_calibration_residuals
logC,0.7121823434029722,0.00041050903119868636,0.7459710594100664,weighted_resampling_of_signed_log_scale_calibration_residuals
logC,-0.2913753947130795,0.00041050903119868636,0.7459710594100664,weighted_resampling_of_signed_log_scale_calibration_residuals
logC,0.07942279758319953,0.00041050903119868636,0.7459710594100664,weighted_resampling_of_signed_log_scale_calibration_residuals
logC,0.07649722430032563,0.00041050903119868636,0.7459710594100664,weighted_resampling_of_signed_log_scale_calibration_residuals
logC,0.09052487339874132,0.00041050903119868636,0.7459710594100664,weighted_resampling_of_signed_log_scale_calibration_residuals
logC,-0.05329505693149583,0.00041050903119868636,0.7459710594100664,weighted_resampling_of_signed_log_scale_calibration_residuals
logC,-0.02053364016782555,0.00041050903119868636,0.7459710594100664,weighted_resampling_of_signed_log_scale_calibration_residuals
logC,-0.01034499763624655,0.00041050903119868636,0.7459710594100664,weighted_resampling_of_signed_log_scale_calibration_residuals
logC,0.10500062192666082,0.00041050903119868636,0.7459710594100664,weighted_resampling_of_signed_log_scale_calibration_residuals
logC,-0.023891654824951453,0.00041050903119868636,0.7459710594100664,weighted_resampling_of_signed_log_scale_calibration_residuals
logC,0.05478067387596108,0.00041050903119868636,0.7459710594100664,weighted_resampling_of_signed_log_scale_calibration_residuals
logC,0.07493804269901405,0.00041050903119868636,0.7459710594100664,weighted_resampling_of_signed_log_scale_calibration_residuals
logC,-0.028867584039932614,0.00041050903119868636,0.7459710594100664,weighted_resampling_of_signed_log_scale_calibration_residuals
logC,1.1589177442293466,0.00041050903119868636,0.7459710594100664,weighted_resampling_of_signed_log_scale_calibration_residuals
logC,0.03501802540059229,0.00041050903119868636,0.7459710594100664,weighted_resampling_of_signed_log_scale_calibration_residuals
logC,0.06180682568265572,0.00041050903119868636,0.7459710594100664,weighted_resampling_of_signed_log_scale_calibration_residuals
logC,1.0302596082348519,0.00041050903119868636,0.7459710594100664,weighted_resampling_of_signed_log_scale_calibration_residuals
logC,0.6442461018950749,0.00041050903119868636,0.7459710594100664,weighted_resampling_of_signed_log_scale_calibration_residuals
logC,0.30593101042545623,0.00041050903119868636,0.7459710594100664,weighted_resampling_of_signed_log_scale_calibration_residuals
logC,0.37828486251728455,0.00041050903119868636,0.7459710594100664,weighted_resampling_of_signed_log_scale_calibration_residuals
logC,0.19597272540065847,0.00041050903119868636,0.7459710594100664,weighted_resampling_of_signed_log_scale_calibration_residuals
logC,0.6067719719551237,0.00041050903119868636,0.7459710594100664,weighted_resampling_of_signed_log_scale_calibration_residuals
logC,0.4447959514118467,0.00041050903119868636,0.7459710594100664,weighted_resampling_of_signed_log_scale_calibration_residuals
logC,0.3620237692794639,0.00041050903119868636,0.7459710594100664,weighted_resampling_of_signed_log_scale_calibration_residuals
logC,0.20266398561079035,0.00041050903119868636,0.7459710594100664,weighted_resampling_of_signed_log_scale_calibration_residuals
logC,0.3501964025438873,0.00041050903119868636,0.7459710594100664,weighted_resampling_of_signed_log_scale_calibration_residuals
logC,0.0005043004253595385,0.00041050903119868636,0.7459710594100664,weighted_resampling_of_signed_log_scale_calibration_residuals
logC,0.006774972268833723,0.00041050903119868636,0.7459710594100664,weighted_resampling_of_signed_log_scale_calibration_residuals
logC,-0.07914158685096598,0.00041050903119868636,0.7459710594100664,weighted_resampling_of_signed_log_scale_calibration_residuals
logC,-0.009168853412121897,0.00041050903119868636,0.7459710594100664,weighted_resampling_of_signed_log_scale_calibration_residuals
logC,-0.040546621011839035,0.00041050903119868636,0.7459710594100664,weighted_resampling_of_signed_log_scale_calibration_residuals
logC,-0.03417478281400403,0.00041050903119868636,0.7459710594100664,weighted_resampling_of_signed_log_scale_calibration_residuals
logC,-0.07172532925382002,0.00041050903119868636,0.7459710594100664,weighted_resampling_of_signed_log_scale_calibration_residuals
logC,-0.0005459278379407184,0.00041050903119868636,0.7459710594100664,weighted_resampling_of_signed_log_scale_calibration_residuals
logC,0.003999802928360108,0.00041050903119868636,0.7459710594100664,weighted_resampling_of_signed_log_scale_calibration_residuals
logC,0.0016213725018726644,0.00041050903119868636,0.7459710594100664,weighted_resampling_of_signed_log_scale_calibration_residuals
logC,-0.023488606214010055,0.00041050903119868636,0.7459710594100664,weighted_resampling_of_signed_log_scale_calibration_residuals
logC,-0.018283356959819863,0.00041050903119868636,0.7459710594100664,weighted_resampling_of_signed_log_scale_calibration_residuals
logC,0.013689191062612793,0.00041050903119868636,0.7459710594100664,weighted_resampling_of_signed_log_scale_calibration_residuals
logC,-0.00938300540481829,0.00041050903119868636,0.7459710594100664,weighted_resampling_of_signed_log_scale_calibration_residuals
logC,-0.03002717444167957,0.00041050903119868636,0.7459710594100664,weighted_resampling_of_signed_log_scale_calibration_residuals
logC,0.004312097303124651,0.00041050903119868636,0.7459710594100664,weighted_resampling_of_signed_log_scale_calibration_residuals
logC,-0.07243575343978925,0.00041050903119868636,0.7459710594100664,weighted_resampling_of_signed_log_scale_calibration_residuals
logC,-0.04955467710467154,0.00041050903119868636,0.7459710594100664,weighted_resampling_of_signed_log_scale_calibration_residuals
logC,-0.16392089677846755,0.00041050903119868636,0.7459710594100664,weighted_resampling_of_signed_log_scale_calibration_residuals
logC,-0.1297511257427768,0.00041050903119868636,0.7459710594100664,weighted_resampling_of_signed_log_scale_calibration_residuals
logC,-0.05815479559461245,0.00041050903119868636,0.7459710594100664,weighted_resampling_of_signed_log_scale_calibration_residuals
logC,-0.10822003617224141,0.00041050903119868636,0.7459710594100664,weighted_resampling_of_signed_log_scale_calibration_residuals
logC,-0.12316614916284685,0.00041050903119868636,0.7459710594100664,weighted_resampling_of_signed_log_scale_calibration_residuals
logC,-0.10490515686937041,0.00041050903119868636,0.7459710594100664,weighted_resampling_of_signed_log_scale_calibration_residuals
logC,0.051911075200675505,0.00041050903119868636,0.7459710594100664,weighted_resampling_of_signed_log_scale_calibration_residuals
logC,0.14134913139833838,0.00041050903119868636,0.7459710594100664,weighted_resampling_of_signed_log_scale_calibration_residuals
logC,0.15192725280448993,0.00041050903119868636,0.7459710594100664,weighted_resampling_of_signed_log_scale_calibration_residuals
logC,1.3806225766004507,0.00041050903119868636,0.7459710594100664,weighted_resampling_of_signed_log_scale_calibration_residuals
logC,0.04687392802902757,0.00041050903119868636,0.7459710594100664,weighted_resampling_of_signed_log_scale_calibration_residuals
logC,0.06648016723768357,0.00041050903119868636,0.7459710594100664,weighted_resampling_of_signed_log_scale_calibration_residuals
logC,0.9501989207123813,0.00041050903119868636,0.7459710594100664,weighted_resampling_of_signed_log_scale_calibration_residuals
logC,0.793653741643114,0.00041050903119868636,0.7459710594100664,weighted_resampling_of_signed_log_scale_calibration_residuals
logC,-0.08459829037717848,0.00041050903119868636,0.7459710594100664,weighted_resampling_of_signed_log_scale_calibration_residuals
logC,-0.0771429500581462,0.00041050903119868636,0.7459710594100664,weighted_resampling_of_signed_log_scale_calibration_residuals
logC,-0.18303233407996067,0.00041050903119868636,0.7459710594100664,weighted_resampling_of_signed_log_scale_calibration_residuals
logC,-0.13113348884573384,0.00041050903119868636,0.7459710594100664,weighted_resampling_of_signed_log_scale_calibration_residuals
logC,-0.06808596346106044,0.00041050903119868636,0.7459710594100664,weighted_resampling_of_signed_log_scale_calibration_residuals
logC,-0.11268113893390058,0.00041050903119868636,0.7459710594100664,weighted_resampling_of_signed_log_scale_calibration_residuals
logC,0.7720230413521649,0.00041050903119868636,0.7459710594100664,weighted_resampling_of_signed_log_scale_calibration_residuals
logC,-0.6928084495523805,0.00041050903119868636,0.7459710594100664,weighted_resampling_of_signed_log_scale_calibration_residuals
logC,-0.06378004549295624,0.00041050903119868636,0.7459710594100664,weighted_resampling_of_signed_log_scale_calibration_residuals
logC,-0.024110521834694865,0.00041050903119868636,0.7459710594100664,weighted_resampling_of_signed_log_scale_calibration_residuals
logC,-0.08721774985694442,0.00041050903119868636,0.7459710594100664,weighted_resampling_of_signed_log_scale_calibration_residuals
logC,-0.017765024841125188,0.00041050903119868636,0.7459710594100664,weighted_resampling_of_signed_log_scale_calibration_residuals
logC,0.05679424658270513,0.00041050903119868636,0.7459710594100664,weighted_resampling_of_signed_log_scale_calibration_residuals
logC,0.05745657843722521,0.00041050903119868636,0.7459710594100664,weighted_resampling_of_signed_log_scale_calibration_residuals
logC,0.0688023098520511,0.00041050903119868636,0.7459710594100664,weighted_resampling_of_signed_log_scale_calibration_residuals
logC,0.10798836442427723,0.00041050903119868636,0.7459710594100664,weighted_resampling_of_signed_log_scale_calibration_residuals
logC,0.016568168249396553,0.00041050903119868636,0.7459710594100664,weighted_resampling_of_signed_log_scale_calibration_residuals
logC,0.0022517525469617494,0.00041050903119868636,0.7459710594100664,weighted_resampling_of_signed_log_scale_calibration_residuals
logC,-0.023018668998305736,0.00041050903119868636,0.7459710594100664,weighted_resampling_of_signed_log_scale_calibration_residuals
logC,-0.0071119061967629404,0.00041050903119868636,0.7459710594100664,weighted_resampling_of_signed_log_scale_calibration_residuals
logC,0.04578422899921453,0.00041050903119868636,0.7459710594100664,weighted_resampling_of_signed_log_scale_calibration_residuals
logC,-0.007160130270420062,0.00041050903119868636,0.7459710594100664,weighted_resampling_of_signed_log_scale_calibration_residuals
logC,0.0018269194193605287,0.00041050903119868636,0.7459710594100664,weighted_resampling_of_signed_log_scale_calibration_residuals
logC,0.03353058304408396,0.00041050903119868636,0.7459710594100664,weighted_resampling_of_signed_log_scale_calibration_residuals
logC,-0.4939938555387595,0.00041050903119868636,0.7459710594100664,weighted_resampling_of_signed_log_scale_calibration_residuals
logC,-0.3142098459640872,0.00041050903119868636,0.7459710594100664,weighted_resampling_of_signed_log_scale_calibration_residuals
logC,1.1730740017504697,0.00041050903119868636,0.7459710594100664,weighted_resampling_of_signed_log_scale_calibration_residuals
logC,-0.17964063329017588,0.00041050903119868636,0.7459710594100664,weighted_resampling_of_signed_log_scale_calibration_residuals
logC,-0.1330207338649303,0.00041050903119868636,0.7459710594100664,weighted_resampling_of_signed_log_scale_calibration_residuals
logC,-0.08644357150241655,0.00041050903119868636,0.7459710594100664,weighted_resampling_of_signed_log_scale_calibration_residuals
logC,-0.1015051146960314,0.00041050903119868636,0.7459710594100664,weighted_resampling_of_signed_log_scale_calibration_residuals
logC,-0.11979921559459145,0.00041050903119868636,0.7459710594100664,weighted_resampling_of_signed_log_scale_calibration_residuals
logC,-0.026209840023343367,0.00041050903119868636,0.7459710594100664,weighted_resampling_of_signed_log_scale_calibration_residuals
logC,-0.04318826968505085,0.00041050903119868636,0.7459710594100664,weighted_resampling_of_signed_log_scale_calibration_residuals
logC,-0.14243952465509901,0.00041050903119868636,0.7459710594100664,weighted_resampling_of_signed_log_scale_calibration_residuals
logC,-0.16745859255123097,0.00041050903119868636,0.7459710594100664,weighted_resampling_of_signed_log_scale_calibration_residuals
logC,-0.12875050708333524,0.00041050903119868636,0.7459710594100664,weighted_resampling_of_signed_log_scale_calibration_residuals
logC,0.6613453658790536,0.00041050903119868636,0.7459710594100664,weighted_resampling_of_signed_log_scale_calibration_residuals
logC,0.5366186403282961,0.00041050903119868636,0.7459710594100664,weighted_resampling_of_signed_log_scale_calibration_residuals
logC,-0.1931477524266363,0.00041050903119868636,0.7459710594100664,weighted_resampling_of_signed_log_scale_calibration_residuals
logC,-0.009957083081065118,0.00041050903119868636,0.7459710594100664,weighted_resampling_of_signed_log_scale_calibration_residuals
logC,-0.009117286010817599,0.00041050903119868636,0.7459710594100664,weighted_resampling_of_signed_log_scale_calibration_residuals
logC,-0.05900936472671112,0.00041050903119868636,0.7459710594100664,weighted_resampling_of_signed_log_scale_calibration_residuals
logC,-0.08271993508156439,0.00041050903119868636,0.7459710594100664,weighted_resampling_of_signed_log_scale_calibration_residuals
logC,0.0027785528875472476,0.00041050903119868636,0.7459710594100664,weighted_resampling_of_signed_log_scale_calibration_residuals
logC,-0.011634675142133677,0.00041050903119868636,0.7459710594100664,weighted_resampling_of_signed_log_scale_calibration_residuals
logC,-0.03343382793514649,0.00041050903119868636,0.7459710594100664,weighted_resampling_of_signed_log_scale_calibration_residuals
logC,-0.03183532635044861,0.00041050903119868636,0.7459710594100664,weighted_resampling_of_signed_log_scale_calibration_residuals
logC,0.05418784331466142,0.00041050903119868636,0.7459710594100664,weighted_resampling_of_signed_log_scale_calibration_residuals
logC,0.1404578777910217,0.00041050903119868636,0.7459710594100664,weighted_resampling_of_signed_log_scale_calibration_residuals
logC,0.1339849190722422,0.00041050903119868636,0.7459710594100664,weighted_resampling_of_signed_log_scale_calibration_residuals
logC,-0.0347684193056681,0.00041050903119868636,0.7459710594100664,weighted_resampling_of_signed_log_scale_calibration_residuals
logC,0.06994787212863063,0.00041050903119868636,0.7459710594100664,weighted_resampling_of_signed_log_scale_calibration_residuals
logC,0.20442993674981835,0.00041050903119868636,0.7459710594100664,weighted_resampling_of_signed_log_scale_calibration_residuals
logC,0.057206252491880605,0.00041050903119868636,0.7459710594100664,weighted_resampling_of_signed_log_scale_calibration_residuals
logC,0.09648380012140834,0.00041050903119868636,0.7459710594100664,weighted_resampling_of_signed_log_scale_calibration_residuals
