VolumeObservationID,PhysicalEventID,Volume,MeasureMethod,FlumeMethod,source_row_count,_confirmed_zero,ObservationDate,_wq_idx,Date,Year,Irrigation,Rep,Treatment,InflowOutflow,FF,Composite,IrrMethod,Notes,Inflow_Result_mg_L,Inflow_Flag,Inflow_Volume,Has_Inflow,MDL_Provided,RL_Provided,RLMDL_Provided_Units,RLMDL_Method,MDL_mg_L,RL_mg_L,RLMDL_Source,RLMDL_Assumed,PlantDate,HarvestDate,SeasonYear,Crop,PreviousHarvestDate,previous_crop,CumAll_STIR_toDate,Season_STIR_toDate,Season_STIR_StartDate,Season_STIR_LeftCensored,Season_STIR_BoundaryDayCarryover,PlantCalendarYear,ResidueAssignmentEligible,ResidueMeasurementDate,ResidueModelDate,ResidueModelDateSource,Residue_STIR_toMeasurement,Residue_STIR_LeftCensored,Residue_STIR_StartDate,Residue_STIR_BoundaryDayCarryover,ResidueYear,Residue_PercentCover,Residue_DryMass_kg_m2,Residue_n,Result_lod_mg_L,Inflow_is_nd,Inflow_Result_mg_L_cens,Inflow_lod_mg_L,cin_z,stir_season_z,stir_cumall_z,volume_z,IRR_z,inflow_volume_z,residue_prop,residue_obs,DayOfYear,DaysSincePlant,DaysUntilHarvest,IrrigationInfrastructure,EventDate,y_logV,RepScope,FurrowTireCompaction,AnchorDate,AnchorOperation,Timing,DateStatus,ProvenanceNote,CompactionExposureSource,event_weight,Volume_model_pred,Volume_model_pi_low,Volume_model_pi_high,q_conformal_logV,mode,unit_of_analysis
VO_2298d33c07ffe58b4508,PE_8372856d847ab29e3d55,11576.43,Transducer,Weir,14.0,False,2011-06-30,0,2011-06-30,2011,1,1,CT,OUT,False,AC,Siphon,"OG Sample IDS: CT1-T1, CT1-T2, CT1-T3. The sample ID has been modifed to fit with the ""modern"" IDs. The values represent the average between the three.",0.01,,55761.14,True,0.34,0.75,MG/L,EPA300.0 [300OPHOS]_W,0.34,0.75,CSU_assumed_from_ALS_pre2023,True,2011-05-04,2011-11-15,2011,grain corn,,grain corn,204.1975,204.1975,,True,0.0,2011,True,,2011-05-04,PlantDate proxy,186.3225,True,,0.0,2011.0,,0.03242,0.0,0.75,0,0.01,0.75,-0.2704658744587053,1.260271787488646,-1.1837220442008272,-0.954726883833073,-1.3151477727398646,-1.4059628623185925,,1,181,57,138,Siphon,2011-06-30,9.356812792126307,,0,,,,,,unlisted_default_zero,1.0,10826.77771406414,907.4997472369635,129047.76482547229,2.478075512099207,reconstruction,volume_observation_or_prediction_event
VO_7e900f468a4edca4d288,PE_7ab5d22c48132f848099,7426.17,Transducer,Weir,14.0,False,2011-07-01,3,2011-07-01,2011,1,2,CT,OUT,False,AC,Siphon,"OG Sample IDS: CT2-T1, CT2-T2, CT2-T3. The sample ID has been modifed to fit with the ""modern"" IDs. The values represent the average between the three.",0.01,,52493.88,True,0.34,0.75,MG/L,EPA300.0 [300OPHOS]_W,0.34,0.75,CSU_assumed_from_ALS_pre2023,True,2011-05-04,2011-11-15,2011,grain corn,,grain corn,204.1975,204.1975,,True,0.0,2011,True,,2011-05-04,PlantDate proxy,186.3225,True,,0.0,2011.0,,0.0418833333333333,0.0,0.75,0,0.01,0.75,-0.2704658744587053,1.260271787488646,-1.1837220442008272,-1.1419802245933706,-1.3151477727398646,-1.5005142995239609,,1,182,58,137,Siphon,2011-07-01,8.912900176864722,,0,,,,,,unlisted_default_zero,1.0,8774.452144392093,735.3003070071208,104587.52129443831,2.478075512099207,reconstruction,volume_observation_or_prediction_event
VO_5a456c5930de8120af54,PE_35e13c2714d6ea95f5d3,28720.58,Transducer,Weir,14.0,False,2011-07-18,6,2011-07-18,2011,2,1,CT,OUT,False,AC,Siphon,"OG Sample IDS: CT1 I2 T1, CT1 I2 T2, CT1 I2 T3. The sample ID has been modifed to fit with the ""modern"" IDs. The values represent the average between the three.  CT1 I2 T2 value used in this sheet is the average between the sample and its dupe",0.0,,105994.38,True,0.34,0.75,MG/L,EPA300.0 [300OPHOS]_W,0.34,0.75,CSU_assumed_from_ALS_pre2023,True,2011-05-04,2011-11-15,2011,grain corn,,grain corn,204.1975,204.1975,,True,0.0,2011,True,,2011-05-04,PlantDate proxy,186.3225,True,,0.0,2011.0,,0.03242,0.0,0.75,1,,0.75,-0.3885840286996418,1.260271787488646,-1.1837220442008272,-0.1812092338555639,-0.8192234335968713,0.0477399459924095,,1,199,75,120,Siphon,2011-07-18,10.265404035576527,,0,,,,,,unlisted_default_zero,1.0,21502.94242909863,1803.278474987411,256289.55958072902,2.478075512099207,reconstruction,volume_observation_or_prediction_event
VO_f1f2f42f24158a0551c6,PE_9e155a06de6d2a36ed95,13281.57,Transducer,Weir,14.0,False,2011-07-19,9,2011-07-19,2011,2,2,CT,OUT,False,AC,Siphon,"OG Sample IDS: CT2 I2 T1, CT2 I2 T2, CT2 I2 T3. The sample ID has been modifed to fit with the ""modern"" IDs. The values represent the average between the three.",0.0,,129724.88,True,0.34,0.75,MG/L,EPA300.0 [300OPHOS]_W,0.34,0.75,CSU_assumed_from_ALS_pre2023,True,2011-05-04,2011-11-15,2011,grain corn,,grain corn,204.1975,204.1975,,True,0.0,2011,True,,2011-05-04,PlantDate proxy,186.3225,True,,0.0,2011.0,,0.0418833333333333,0.0,0.75,1,,0.75,-0.3885840286996418,1.260271787488646,-1.1837220442008272,-0.8777935925539692,-0.8192234335968713,0.7344783385910998,,1,200,76,119,Siphon,2011-07-19,9.494207928403439,,0,,,,,,unlisted_default_zero,1.0,15859.776709510492,1329.7912308594741,189032.5854305872,2.478075512099207,reconstruction,volume_observation_or_prediction_event
VO_51fed297660faf977c91,PE_c33b54f99c0ede44173e,14140.76,Transducer,Weir,14.0,False,2011-07-28,12,2011-07-28,2011,3,1,CT,OUT,,AC,Siphon,,,,101295.36,False,0.34,0.75,MG/L,EPA300.0 [300OPHOS]_W,0.34,0.75,CSU_assumed_from_ALS_pre2023,True,2011-05-04,2011-11-15,2011,grain corn,,grain corn,204.1975,204.1975,,True,0.0,2011,True,,2011-05-04,PlantDate proxy,186.3225,True,,0.0,2011.0,,0.03242,0.0,0.75,0,,0.75,,1.260271787488646,-1.1837220442008272,-0.8390282627076848,-0.3232990944538781,-0.0882452815244611,,1,209,85,110,Siphon,2011-07-28,9.556887401294683,,0,,,,,,unlisted_default_zero,1.0,22355.08767627505,1874.7773330276334,266445.6871356174,2.478075512099207,reconstruction,volume_observation_or_prediction_event
VO_a6727d56bf06d1ef6e2d,PE_d16ac2ea89bbe98196a0,30783.41,Transducer,Weir,14.0,False,2011-07-29,15,2011-07-29,2011,3,2,CT,OUT,,AC,Siphon,,,,101612.04,False,0.34,0.75,MG/L,EPA300.0 [300OPHOS]_W,0.34,0.75,CSU_assumed_from_ALS_pre2023,True,2011-05-04,2011-11-15,2011,grain corn,,grain corn,204.1975,204.1975,,True,0.0,2011,True,,2011-05-04,PlantDate proxy,186.3225,True,,0.0,2011.0,,0.0418833333333333,0.0,0.75,0,,0.75,,1.260271787488646,-1.1837220442008272,-0.0881375205362623,-0.3232990944538781,-0.079080859613075,,1,210,86,109,Siphon,2011-07-29,10.33476367198381,,0,,,,,,unlisted_default_zero,1.0,22504.443432549204,1887.3089595909687,268225.7546966386,2.478075512099207,reconstruction,volume_observation_or_prediction_event
VO_c5cbf8ec270f84add3e1,PE_9b06b2640ba03d9fa7c4,17607.82,Transducer,Weir,14.0,False,2011-08-09,18,2011-08-09,2011,4,1,CT,OUT,False,AC,Siphon,"OG Sample IDs: CT1 T1 I4, CT1 T2 I4, CT1 T3 I4. The sample ID has been modifed to fit with the ""modern"" IDs. The values represent the average between the three.",0.005,,118514.59,True,0.34,0.75,MG/L,EPA300.0 [300OPHOS]_W,0.34,0.75,CSU_assumed_from_ALS_pre2023,True,2011-05-04,2011-11-15,2011,grain corn,,grain corn,204.1975,204.1975,,True,0.0,2011,True,,2011-05-04,PlantDate proxy,186.3225,True,,0.0,2011.0,,0.03242,0.0,0.75,0,0.005,0.75,-0.3295249515791735,1.260271787488646,-1.1837220442008272,-0.6825998539775335,0.1726252446891151,0.410063069837168,,1,221,97,98,Siphon,2011-08-09,9.776155191862987,,0,,,,,,unlisted_default_zero,1.0,21593.70975207741,1810.8942657952043,257371.35228337304,2.478075512099207,reconstruction,volume_observation_or_prediction_event
VO_4bb3417fbda1fe458aa6,PE_57effa7ea94a4868513b,4102.0,Ruler,Weir,14.0,False,2011-08-10,21,2011-08-10,2011,4,2,CT,OUT,False,AC,Siphon,"OG Sample IDs: CT2 T1 I4, CT2 T2 I4, CT2 T3 I4. The sample ID has been modifed to fit with the ""modern"" IDs. The values represent the average between the three.",0.005,,115634.34,True,0.34,0.75,MG/L,EPA300.0 [300OPHOS]_W,0.34,0.75,CSU_assumed_from_ALS_pre2023,True,2011-05-04,2011-11-15,2011,grain corn,,grain corn,204.1975,204.1975,,True,0.0,2011,True,,2011-05-04,PlantDate proxy,186.3225,True,,0.0,2011.0,,0.0418833333333333,0.0,0.75,0,0.005,0.75,-0.3295249515791735,1.260271787488646,-1.1837220442008272,-1.291961656541046,0.1726252446891151,0.3267113387197294,,1,222,98,97,Siphon,2011-08-10,8.319473692442186,,0,,,,,,unlisted_default_zero,1.0,7404.146368667314,620.3254263105684,88255.79815970865,2.478075512099207,reconstruction,volume_observation_or_prediction_event
VO_7c0af5255edf2ffde077,PE_478d3c0884b4f50a8523,23467.0,Transducer,Weir,14.0,False,2011-08-19,27,2011-08-19,2011,5,2,CT,OUT,,AC,Siphon,,,,116630.57,False,0.34,0.75,MG/L,EPA300.0 [300OPHOS]_W,0.34,0.75,CSU_assumed_from_ALS_pre2023,True,2011-05-04,2011-11-15,2011,grain corn,,grain corn,204.1975,204.1975,,True,0.0,2011,True,,2011-05-04,PlantDate proxy,186.3225,True,,0.0,2011.0,,0.0418833333333333,0.0,0.75,0,,0.75,,1.260271787488646,-1.1837220442008272,-0.4182426741584569,0.6685495838321084,0.3555412996922585,,1,231,107,88,Siphon,2011-08-19,10.06339307004575,,0,,,,,,unlisted_default_zero,1.0,21843.114627270592,1831.8204680184326,260343.8358284804,2.478075512099207,reconstruction,volume_observation_or_prediction_event
VO_257b327d5071d69bbb80,PE_3da987b4bbd059aa3b87,16597.23,Transducer,Weir,14.0,False,2011-08-29,33,2011-08-29,2011,6,2,CT,OUT,,AC,Siphon,,,,102616.02,False,0.34,0.75,MG/L,EPA300.0 [300OPHOS]_W,0.34,0.75,CSU_assumed_from_ALS_pre2023,True,2011-05-04,2011-11-15,2011,grain corn,,grain corn,204.1975,204.1975,,True,0.0,2011,True,,2011-05-04,PlantDate proxy,186.3225,True,,0.0,2011.0,,0.0418833333333333,0.0,0.75,0,,0.75,,1.260271787488646,-1.1837220442008272,-0.7281961187028638,1.1644739229751015,-0.0500266209159872,,1,241,117,78,Siphon,2011-08-29,9.717051342153601,,0,,,,,,unlisted_default_zero,1.0,17664.841900106185,1481.2444018340104,210545.90417680232,2.478075512099207,reconstruction,volume_observation_or_prediction_event
VO_780b7ae32ea411f8ac5d,PE_df9469438e8cb790e7af,0.0,Transducer,7 V,5.0,True,2012-05-15,1147,2012-05-15,2012,1,1,CT,OUT,,AC,Siphon,"CT1 LABELED NO RUNOFF IN OTHER MASTER SHEET, THESE VALUES ARE FROM ""1st irr. (before cultivate) CSU Lab runoff nutrients"". Flagged because samples were taken with a weer in the field, not representative of runoff. Og sample labels ""CT1 I1 T1, T2, T3"" The results are averages of the 3 samples taken at different times. Before cultivation.",0.004,,478986.27,True,0.033,0.05,MG/L,EPA365.2 [365.2TPHOS]_W,0.033,0.05,CSU_assumed_from_ALS_pre2023,True,2012-05-03,2012-11-01,2012,grain corn,2011-11-15,grain corn,465.74125,255.04375,2011-11-15,False,0.0,2012,True,,2012-05-03,PlantDate proxy,253.58125,False,2011-11-15,0.0,2012.0,,0.0355209043333333,0.0,0.05,0,0.004,0.05,-0.3808256227879807,1.979998096371552,-0.8648897592091505,-1.4770375804105724,-1.3151477727398646,10.841775090256016,,1,136,12,170,Siphon,2012-05-15,0.0,,0,,,,,,unlisted_default_zero,1.0,10.91830569793206,0.0,141.04601070935985,2.478075512099207,reconstruction,volume_observation_or_prediction_event
VO_a6c06c2d6af39f438424,PE_c022cac1f55e539686af,0.0,Transducer,7 V,5.0,True,2012-05-16,1150,2012-05-16,2012,1,2,CT,OUT,,AC,Siphon,"CT2 LABELED NO RUNOFF IN OTHER MASTER SHEET, THESE VALUES ARE FROM ""1st irr. (before cultivate) CSU Lab runoff nutrients"". Flagged because samples were taken with a weer in the field, not representative of runoff. Og sample labels ""CT2 I1 T1, T2, T3""",0.004,,442968.75,True,0.033,0.05,MG/L,EPA365.2 [365.2TPHOS]_W,0.033,0.05,CSU_assumed_from_ALS_pre2023,True,2012-05-03,2012-11-01,2012,grain corn,2011-11-15,grain corn,465.74125,255.04375,2011-11-15,False,0.0,2012,True,,2012-05-03,PlantDate proxy,253.58125,False,2011-11-15,0.0,2012.0,,0.1550003101666666,0.0,0.05,0,0.004,0.05,-0.3808256227879807,1.979998096371552,-0.8648897592091505,-1.4770375804105724,-1.3151477727398646,9.799461873501578,,1,137,13,169,Siphon,2012-05-16,0.0,,0,,,,,,unlisted_default_zero,1.0,2.745387774382655,0.0,43.63867645238988,2.478075512099207,reconstruction,volume_observation_or_prediction_event
VO_a11871cf7456d3a63125,PE_42eb29bd3d8b55596b0d,7407.0,Ruler,7 V,14.0,False,2012-06-03,42,2012-06-03,2012,2,1,CT,OUT,False,AC,Siphon,"The results are averages of 2 samples taken at different times. Before cultivation. OG Sample IDs ""CT1 I2 T1, T2"". No TSS results in the ""2012 sediment load excel file""",0.0,,110088.74,True,0.34,0.75,MG/L,EPA300.0 [300OPHOS]_W,0.34,0.75,CSU_assumed_from_ALS_pre2023,True,2012-05-03,2012-11-01,2012,grain corn,2011-11-15,grain corn,465.74125,255.04375,2011-11-15,False,0.0,2012,True,,2012-05-03,PlantDate proxy,253.58125,False,2011-11-15,0.0,2012.0,,0.0355209043333333,0.0,0.75,1,,0.75,-0.3885840286996418,1.979998096371552,-0.8648897592091505,-1.142845145476008,-0.8192234335968713,0.1662268807439055,,1,155,31,151,Siphon,2012-06-03,8.910315776326016,,0,,,,,,unlisted_default_zero,1.0,3802.296162680191,318.113828682889,45327.84632659443,2.478075512099207,reconstruction,volume_observation_or_prediction_event
VO_732565ef270f03e20bdc,PE_964f9e60ef2ea5038dae,7951.0,Ruler,7 V,14.0,False,2012-06-04,45,2012-06-04,2012,2,2,CT,OUT,False,AC,Siphon,"The results are averages of the 3 samples taken at different times. Before cultivation. OG Sample IDs ""CT2 I2 T1, T2, T3"". No TSS results in the ""2012 sediment load excel file""",0.0,,131764.71,True,0.34,0.75,MG/L,EPA300.0 [300OPHOS]_W,0.34,0.75,CSU_assumed_from_ALS_pre2023,True,2012-05-03,2012-11-01,2012,grain corn,2011-11-15,grain corn,467.20375,256.50625,2011-11-15,False,0.0,2012,True,,2012-05-03,PlantDate proxy,253.58125,False,2011-11-15,0.0,2012.0,,0.1550003101666666,0.0,0.75,1,,0.75,-0.3885840286996418,2.0006997159942634,-0.8631069132539314,-1.1183007031100836,-0.8192234335968713,0.7935091038667821,,1,156,32,150,Siphon,2012-06-04,8.98117874833641,,0,,,,,,unlisted_default_zero,1.0,4065.273416095397,340.1788151063228,48462.08962439939,2.478075512099207,reconstruction,volume_observation_or_prediction_event
VO_b9cee10a1f0ad581e4fb,PE_e36c37e82bf0717de103,0.0,Transducer,7 V,2.0,True,2012-06-11,4492,2012-06-11,2012,3,1,CT,OUT,,,Siphon,". No TSS results in the ""2012 sediment load excel file""",8.01,,75177.0,True,0.19,0.2,MG/L,EPA300.0 [300Nitrate]_W,0.19,0.2,CSU_assumed_from_ALS_pre2023,True,2012-05-03,2012-11-01,2012,grain corn,2011-11-15,grain corn,467.20375,256.50625,2011-11-15,False,0.0,2012,True,,2012-05-03,PlantDate proxy,253.58125,False,2011-11-15,0.0,2012.0,,0.0355209043333333,0.0,0.2,0,8.01,0.2,0.5976197679891903,2.0006997159942634,-0.8631069132539314,-1.4770375804105724,-0.3232990944538781,-0.8440861008798867,,1,163,39,143,Siphon,2012-06-11,0.0,,0,,,,,,unlisted_default_zero,1.0,6020.893323550981,504.26421088492776,71769.76551041663,2.478075512099207,reconstruction,volume_observation_or_prediction_event
VO_f2f8f5fe4d8a136f62e5,PE_6dd6e0481282dc87af9e,0.0,Transducer,7 V,2.0,True,2012-06-12,4495,2012-06-12,2012,3,2,CT,OUT,,,Siphon,". No TSS results in the ""2012 sediment load excel file""",8.01,,64962.0,True,0.19,0.2,MG/L,EPA300.0 [300Nitrate]_W,0.19,0.2,CSU_assumed_from_ALS_pre2023,True,2012-05-03,2012-11-01,2012,grain corn,2011-11-15,grain corn,467.20375,256.50625,2011-11-15,False,0.0,2012,True,,2012-05-03,PlantDate proxy,253.58125,False,2011-11-15,0.0,2012.0,,0.1550003101666666,0.0,0.2,0,8.01,0.2,0.5976197679891903,2.0006997159942634,-0.8631069132539314,-1.4770375804105724,-0.3232990944538781,-1.1396986113788488,,1,164,40,142,Siphon,2012-06-12,0.0,,0,,,,,,unlisted_default_zero,1.0,10281.393399359866,861.7395252283181,122547.70783996981,2.478075512099207,reconstruction,volume_observation_or_prediction_event
VO_93d9138b16681246c78b,PE_8926ae228cc15db54f23,13880.0,Transducer,7 V,14.0,False,2012-06-26,54,2012-06-26,2012,4,1,CT,OUT,False,AC,Siphon,The results are averages of the 3 samples taken at different times. After cultivation.,,,104096.69,False,0.34,0.75,MG/L,EPA300.0 [300OPHOS]_W,0.34,0.75,CSU_assumed_from_ALS_pre2023,True,2012-05-03,2012-11-01,2012,grain corn,2011-11-15,grain corn,485.07875,274.38125,2011-11-15,False,0.0,2012,True,,2012-05-03,PlantDate proxy,253.58125,False,2011-11-15,0.0,2012.0,,0.0355209043333333,0.0,0.75,0,,0.75,,2.2537195113829487,-0.8413165738012539,-0.8507933523976452,0.1726252446891151,-0.0071774211195606,,1,178,54,128,Siphon,2012-06-26,9.53827627757511,,0,,,,,,unlisted_default_zero,1.0,13926.90110162957,1167.614185156049,165995.9830597861,2.478075512099207,reconstruction,volume_observation_or_prediction_event
VO_76ed801b0620a8009006,PE_93fc10203fe8e4c919ea,9625.0,Transducer,7 V,14.0,False,2012-06-27,57,2012-06-27,2012,4,2,CT,OUT,False,AC,Siphon,The results are averages of the 3 samples taken at different times. After cultivation.,,,79589.78,False,0.34,0.75,MG/L,EPA300.0 [300OPHOS]_W,0.34,0.75,CSU_assumed_from_ALS_pre2023,True,2012-05-03,2012-11-01,2012,grain corn,2011-11-15,grain corn,485.07875,274.38125,2011-11-15,False,0.0,2012,True,,2012-05-03,PlantDate proxy,253.58125,False,2011-11-15,0.0,2012.0,,0.1550003101666666,0.0,0.75,0,,0.75,,2.2537195113829487,-0.8413165738012539,-1.0427724006825878,0.1726252446891151,-0.7163843902504584,,1,179,55,127,Siphon,2012-06-27,9.172223049863055,,0,,,,,,unlisted_default_zero,1.0,13765.551342743824,1154.0762072777216,164072.9673090981,2.478075512099207,reconstruction,volume_observation_or_prediction_event
VO_e3f2fec9726705e3fd65,PE_9990eb3a8c35bbfe0d52,15768.0,Transducer,7 V,14.0,False,2012-07-16,60,2012-07-16,2012,5,1,CT,OUT,False,AC,Siphon,The results are averages of the 3 samples taken at different times. After cultivation.,,,112136.29,False,0.34,0.75,MG/L,EPA300.0 [300OPHOS]_W,0.34,0.75,CSU_assumed_from_ALS_pre2023,True,2012-05-03,2012-11-01,2012,grain corn,2011-11-15,grain corn,485.07875,274.38125,2011-11-15,False,0.0,2012,True,,2012-05-03,PlantDate proxy,253.58125,False,2011-11-15,0.0,2012.0,,0.0355209043333333,0.0,0.75,0,,0.75,,2.2537195113829487,-0.8413165738012539,-0.765609699480613,0.6685495838321084,0.2254810555723094,,1,198,74,108,Siphon,2012-07-16,9.665801266405587,,0,,,,,,unlisted_default_zero,1.0,18008.830461612324,1510.1066050887753,214645.66500942473,2.478075512099207,reconstruction,volume_observation_or_prediction_event
VO_240487e0613d1b407af6,PE_cbed8a7088e045d7b553,19064.0,Transducer,7 V,14.0,False,2012-07-17,63,2012-07-17,2012,5,2,CT,OUT,False,AC,Siphon,The results are averages of the 3 samples taken at different times. After cultivation.,,,95321.28,False,0.34,0.75,MG/L,EPA300.0 [300OPHOS]_W,0.34,0.75,CSU_assumed_from_ALS_pre2023,True,2012-05-03,2012-11-01,2012,grain corn,2011-11-15,grain corn,485.07875,274.38125,2011-11-15,False,0.0,2012,True,,2012-05-03,PlantDate proxy,253.58125,False,2011-11-15,0.0,2012.0,,0.1550003101666666,0.0,0.75,0,,0.75,,2.2537195113829487,-0.8413165738012539,-0.6168992545576586,0.6685495838321084,-0.2611295484575634,,1,199,75,107,Siphon,2012-07-17,9.855609472291665,,0,,,,,,unlisted_default_zero,1.0,18760.933062325523,1573.2114305375549,223609.4537209344,2.478075512099207,reconstruction,volume_observation_or_prediction_event
VO_e0c778f1a25ed3f7cf47,PE_7105f0f414cf84b7ea78,10219.0,Ruler,7 V,14.0,False,2012-07-24,66,2012-07-24,2012,6,1,CT,OUT,,,Siphon,,,,105189.05,False,0.34,0.75,MG/L,EPA300.0 [300OPHOS]_W,0.34,0.75,ALS_pre2023,False,2012-05-03,2012-11-01,2012,grain corn,2011-11-15,grain corn,485.07875,274.38125,2011-11-15,False,0.0,2012,True,,2012-05-03,PlantDate proxy,253.58125,False,2011-11-15,0.0,2012.0,,0.0355209043333333,0.0,0.75,0,,0.75,,2.2537195113829487,-0.8413165738012539,-1.0159720353050894,1.1644739229751015,0.0244344518093327,,1,206,82,100,Siphon,2012-07-24,9.232101863757695,,0,,,,,,unlisted_default_zero,1.0,9323.86756957105,781.3987575003218,111135.62228688065,2.478075512099207,reconstruction,volume_observation_or_prediction_event
VO_37cb001f3f1365df3f26,PE_980f4b8e6c4ad4f916f0,6527.0,Ruler,7 V,14.0,False,2012-07-31,72,2012-07-31,2012,7,1,CT,OUT,False,AC,Siphon,The results are averages of the 3 samples taken at different times. After cultivation.,,,104059.53,False,0.34,0.75,MG/L,EPA300.0 [300OPHOS]_W,0.34,0.75,CSU_assumed_from_ALS_pre2023,True,2012-05-03,2012-11-01,2012,grain corn,2011-11-15,grain corn,485.07875,274.38125,2011-11-15,False,0.0,2012,True,,2012-05-03,PlantDate proxy,253.58125,False,2011-11-15,0.0,2012.0,,0.0355209043333333,0.0,0.75,0,,0.75,,2.2537195113829487,-0.8413165738012539,-1.1825493904797095,1.6603982621180948,-0.0082527966349931,,1,213,89,93,Siphon,2012-07-31,8.783855896643942,,0,,,,,,unlisted_default_zero,1.0,7405.5325075548235,620.4417296612829,88272.3185867096,2.478075512099207,reconstruction,volume_observation_or_prediction_event
VO_e10b74e7dc66a67337f3,PE_0d403a1dbd25bf378957,16037.0,Transducer,7 V,14.0,False,2012-08-01,75,2012-08-01,2012,7,2,CT,OUT,False,AC,Siphon,The results are averages of the 3 samples taken at different times. After cultivation.,,,95881.53,False,0.34,0.75,MG/L,EPA300.0 [300OPHOS]_W,0.34,0.75,CSU_assumed_from_ALS_pre2023,True,2012-05-03,2012-11-01,2012,grain corn,2011-11-15,grain corn,485.07875,274.38125,2011-11-15,False,0.0,2012,True,,2012-05-03,PlantDate proxy,253.58125,False,2011-11-15,0.0,2012.0,,0.1550003101666666,0.0,0.75,0,,0.75,,2.2537195113829487,-0.8413165738012539,-0.7534728336783452,1.6603982621180948,-0.2449164394015631,,1,214,90,92,Siphon,2012-08-01,9.682716185366974,,0,,,,,,unlisted_default_zero,1.0,15138.147836561175,1269.243289630334,180431.99192232272,2.478075512099207,reconstruction,volume_observation_or_prediction_event
VO_e38f6551d062794da72f,PE_17730c5643d948b203ad,5919.0,Ruler,7 V,14.0,False,2012-08-08,78,2012-08-08,2012,8,1,CT,OUT,,,Siphon,,,,103049.18,False,0.34,0.75,MG/L,EPA300.0 [300OPHOS]_W,0.34,0.75,ALS_pre2023,False,2012-05-03,2012-11-01,2012,grain corn,2011-11-15,grain corn,485.07875,274.38125,2011-11-15,False,0.0,2012,True,,2012-05-03,PlantDate proxy,253.58125,False,2011-11-15,0.0,2012.0,,0.0355209043333333,0.0,0.75,0,,0.75,,2.2537195113829487,-0.8413165738012539,-1.2099814143004488,2.1563226012610883,-0.0374913771521373,,1,221,97,85,Siphon,2012-08-08,8.68609172787805,,0,,,,,,unlisted_default_zero,1.0,8046.190331368371,674.1958319683505,95907.87437869153,2.478075512099207,reconstruction,volume_observation_or_prediction_event
VO_60d1861bda1ee1739382,PE_f0826e18d2e4817478f5,4758.0,Ruler,7 V,14.0,False,2012-08-19,84,2012-08-19,2012,9,1,CT,OUT,,,Siphon,,,,113946.0,False,0.34,0.75,MG/L,EPA300.0 [300OPHOS]_W,0.34,0.75,ALS_pre2023,False,2012-05-03,2012-11-01,2012,grain corn,2011-11-15,grain corn,485.07875,274.38125,2011-11-15,False,0.0,2012,True,,2012-05-03,PlantDate proxy,253.58125,False,2011-11-15,0.0,2012.0,,0.0355209043333333,0.0,0.75,0,,0.75,,2.2537195113829487,-0.8413165738012539,-1.2623639466291958,2.6522469404040816,0.2778523640769672,,1,232,108,74,Siphon,2012-08-19,8.46779284112111,,0,,,,,,unlisted_default_zero,1.0,8562.358666045357,717.5047005071518,102059.72638296436,2.478075512099207,reconstruction,volume_observation_or_prediction_event
VO_dd0dc745cbdf5a0b888f,PE_15c01ebd332fd5d41b39,18085.0,Transducer,7 V,14.0,False,2012-08-20,87,2012-08-20,2012,9,2,CT,OUT,,,Siphon,,,,89521.56,False,0.34,0.75,MG/L,EPA300.0 [300OPHOS]_W,0.34,0.75,ALS_pre2023,False,2012-05-03,2012-11-01,2012,grain corn,2011-11-15,grain corn,485.07875,274.38125,2011-11-15,False,0.0,2012,True,,2012-05-03,PlantDate proxy,253.58125,False,2011-11-15,0.0,2012.0,,0.1550003101666666,0.0,0.75,0,,0.75,,2.2537195113829487,-0.8413165738012539,-0.6610702271242764,2.6522469404040816,-0.4289680006740138,,1,233,109,73,Siphon,2012-08-20,9.802893437300426,,0,,,,,,unlisted_default_zero,1.0,19998.614760343782,1677.0585485245529,238360.5225546517,2.478075512099207,reconstruction,volume_observation_or_prediction_event
VO_197310d56fb6be50d3f6,PE_2efa629b1e4ba707bca1,3753.0,Ruler,7 V,14.0,False,2012-08-30,90,2012-08-30,2012,10,1,CT,OUT,,,Siphon,,,,82991.51,False,0.34,0.75,MG/L,EPA300.0 [300OPHOS]_W,0.34,0.75,ALS_pre2023,False,2012-05-03,2012-11-01,2012,grain corn,2011-11-15,grain corn,485.07875,274.38125,2011-11-15,False,0.0,2012,True,,2012-05-03,PlantDate proxy,253.58125,False,2011-11-15,0.0,2012.0,,0.0355209043333333,0.0,0.75,0,,0.75,,2.2537195113829487,-0.8413165738012539,-1.307707999161832,3.148171279547075,-0.6179415174810376,,1,243,119,63,Siphon,2012-08-30,8.230577217146454,,0,,,,,,unlisted_default_zero,1.0,6937.173605909162,581.1442897804677,82690.27402054892,2.478075512099207,reconstruction,volume_observation_or_prediction_event
VO_25fc1d14c157d24e1423,PE_32cf57061f68ffb1c9cf,26764.0,Transducer,7 V,14.0,False,2012-08-31,93,2012-08-31,2012,10,2,CT,OUT,,,Siphon,,,,89018.96,False,0.34,0.75,MG/L,EPA300.0 [300OPHOS]_W,0.34,0.75,ALS_pre2023,False,2012-05-03,2012-11-01,2012,grain corn,2011-11-15,grain corn,485.07875,274.38125,2011-11-15,False,0.0,2012,True,,2012-05-03,PlantDate proxy,253.58125,False,2011-11-15,0.0,2012.0,,0.1550003101666666,0.0,0.75,0,,0.75,,2.2537195113829487,-0.8413165738012539,-0.269487110775271,3.148171279547075,-0.4435127728499096,,1,244,120,62,Siphon,2012-08-31,10.19485034282748,,0,,,,,,unlisted_default_zero,1.0,15206.943107118468,1275.0155254078766,181251.91498739648,2.478075512099207,reconstruction,volume_observation_or_prediction_event
VO_2d35eadb92ff161413e3,PE_06846811b2896d804676,17620.0,Transducer,7 V,14.0,False,2013-07-03,105,2013-07-03,2013,2,2,CT,OUT,False,AC,Siphon,The analyte values are averages of 6 samples over the irrigation period,,,104886.19,False,0.34,0.75,MG/L,EPA300.0 [300OPHOS]_W,0.34,0.75,CSU_assumed_from_ALS_pre2023,True,2013-05-14,2013-09-30,2013,silage corn,2012-11-01,grain corn,679.185,187.60625,2012-11-01,False,0.0,2013,True,,2013-05-14,PlantDate proxy,172.98124999999993,False,2012-11-01,0.0,2013.0,,,0.0,0.75,0,,0.75,,1.0254234137687843,-0.6046932967446789,-0.682050311131914,-0.8192234335968713,0.0156699677241917,,1,184,50,89,Siphon,2013-07-03,9.77684665156873,,0,,,,,,unlisted_default_zero,1.0,14137.078820663673,1185.249050745255,168500.9453661286,2.478075512099207,reconstruction,volume_observation_or_prediction_event
VO_833ed9ee33f5bf27cd8e,PE_1486d363f9b911e8c7c4,12709.0,Transducer,7 V,14.0,False,2013-07-11,108,2013-07-11,2013,3,1,CT,OUT,,,Siphon,"This date was determined by the ""2013_DataLogger"" file, assumed to be soil moisture sensors",,,87604.56,False,0.34,0.75,MG/L,EPA300.0 [300OPHOS]_W,0.34,0.75,CSU_assumed_from_ALS_pre2023,True,2013-05-14,2013-09-30,2013,silage corn,2012-11-01,grain corn,679.185,187.60625,2012-11-01,False,0.0,2013,True,,2013-05-14,PlantDate proxy,172.98124999999993,False,2012-11-01,0.0,2013.0,,,0.0,0.75,0,,0.75,,1.0254234137687843,-0.6046932967446789,-0.903627069328707,-0.3232990944538781,-0.4844441810584006,,1,192,58,81,Siphon,2013-07-11,9.4501443641835,,0,,,,,,unlisted_default_zero,1.0,16476.620328827914,1381.5472132072377,196384.31625343073,2.478075512099207,reconstruction,volume_observation_or_prediction_event
VO_6a0b2a4359249cda8c26,PE_3aa6f9c73e9503f289eb,15886.0,Transducer,7 V,14.0,False,2013-07-12,111,2013-07-12,2013,3,2,CT,OUT,,,Siphon,"This date was determined by the ""2013_DataLogger"" file, assumed to be soil moisture sensors",,,131657.14,False,0.34,0.75,MG/L,EPA300.0 [300OPHOS]_W,0.34,0.75,CSU_assumed_from_ALS_pre2023,True,2013-05-14,2013-09-30,2013,silage corn,2012-11-01,grain corn,679.185,187.60625,2012-11-01,False,0.0,2013,True,,2013-05-14,PlantDate proxy,172.98124999999993,False,2012-11-01,0.0,2013.0,,,0.0,0.75,0,,0.75,,1.0254234137687843,-0.6046932967446789,-0.7602857211732985,-0.3232990944538781,0.7903961290499082,,1,193,59,80,Siphon,2013-07-12,9.673256443720023,,0,,,,,,unlisted_default_zero,1.0,14497.755905675871,1215.5114969480555,172799.605123543,2.478075512099207,reconstruction,volume_observation_or_prediction_event
VO_0511c11747725e7774f6,PE_7dbc678d30fda2bb0d2c,6754.0,Transducer,7 V,14.0,False,2013-07-30,114,2013-07-30,2013,4,1,CT,OUT,False,AC,Siphon,The analyte values are averages of 6 samples over the irrigation period. Farm logic date reports 7/30,,,108000.0,False,0.34,0.75,MG/L,EPA300.0 [300OPHOS]_W,0.34,0.75,CSU_assumed_from_ALS_pre2023,True,2013-05-14,2013-09-30,2013,silage corn,2012-11-01,grain corn,679.185,187.60625,2012-11-01,False,0.0,2013,True,,2013-05-14,PlantDate proxy,172.98124999999993,False,2012-11-01,0.0,2013.0,,,0.0,0.75,0,,0.75,,1.0254234137687843,-0.6046932967446789,-1.172307500007164,0.1726252446891151,0.1057807059832981,,1,211,77,62,Siphon,2013-07-30,8.818038250394299,,0,,,,,,unlisted_default_zero,1.0,9432.697523195258,790.5300850885285,112432.69094326552,2.478075512099207,reconstruction,volume_observation_or_prediction_event
VO_0c742abd11b232fb629a,PE_2e9d58711c9824497c11,8443.0,Transducer,7 V,14.0,False,2013-07-31,117,2013-07-31,2013,4,2,CT,OUT,False,AC,Siphon,The analyte values are averages of 6 samples over the irrigation period,,,109714.29,False,0.34,0.75,MG/L,EPA300.0 [300OPHOS]_W,0.34,0.75,CSU_assumed_from_ALS_pre2023,True,2013-05-14,2013-09-30,2013,silage corn,2012-11-01,grain corn,679.185,187.60625,2012-11-01,False,0.0,2013,True,,2013-05-14,PlantDate proxy,172.98124999999993,False,2012-11-01,0.0,2013.0,,,0.0,0.75,0,,0.75,,1.0254234137687843,-0.6046932967446789,-1.096102420676196,0.1726252446891151,0.1553906492650665,,1,212,78,61,Siphon,2013-07-31,9.041211408968211,,0,,,,,,unlisted_default_zero,1.0,10123.070978527383,848.455554767655,120660.77282965163,2.478075512099207,reconstruction,volume_observation_or_prediction_event
VO_3c6324a9df90b6967064,PE_8fc624aa7b0c0a5ff950,3573.0,Transducer,7 V,14.0,False,2013-08-08,120,2013-08-08,2013,5,1,CT,OUT,,,Siphon,,,,,False,0.34,0.75,MG/L,EPA300.0 [300OPHOS]_W,0.34,0.75,CSU_assumed_from_ALS_pre2023,True,2013-05-14,2013-09-30,2013,silage corn,2012-11-01,grain corn,679.185,187.60625,2012-11-01,False,0.0,2013,True,,2013-05-14,PlantDate proxy,172.98124999999993,False,2012-11-01,0.0,2013.0,,,0.0,0.75,0,,0.75,,1.0254234137687843,-0.6046932967446789,-1.3158293220034982,0.6685495838321084,,,1,220,86,53,Siphon,2013-08-08,8.181440695719374,,0,,,,,,unlisted_default_zero,1.0,10435.213371037456,874.6457197475844,124380.98128487058,2.478075512099207,reconstruction,volume_observation_or_prediction_event
VO_f66afb7b5563c765d245,PE_f631c0023156acc8f2cb,23134.0,Transducer,7 V,14.0,False,2013-08-09,123,2013-08-09,2013,5,2,CT,OUT,,,Siphon,,,,,False,0.34,0.75,MG/L,EPA300.0 [300OPHOS]_W,0.34,0.75,CSU_assumed_from_ALS_pre2023,True,2013-05-14,2013-09-30,2013,silage corn,2012-11-01,grain corn,679.185,187.60625,2012-11-01,False,0.0,2013,True,,2013-05-14,PlantDate proxy,172.98124999999993,False,2012-11-01,0.0,2013.0,,,0.0,0.75,0,,0.75,,1.0254234137687843,-0.6046932967446789,-0.4332671214155394,0.6685495838321084,,,1,221,87,52,Siphon,2013-08-09,10.0491019013411,,0,,,,,,unlisted_default_zero,1.0,15814.634767976238,1326.003616858091,188494.56997158346,2.478075512099207,reconstruction,volume_observation_or_prediction_event
VO_ce7edefd088f1f43f433,PE_dc649077fd49ff457e31,20902.0,Transducer,7 V,14.0,False,2013-08-19,126,2013-08-19,2013,6,1,CT,OUT,False,AC,Siphon,The analyte values are averages of 6 samples over the irrigation period,,,108000.0,False,0.34,0.75,MG/L,EPA300.0 [300OPHOS]_W,0.34,0.75,CSU_assumed_from_ALS_pre2023,True,2013-05-14,2013-09-30,2013,silage corn,2012-11-01,grain corn,679.185,187.60625,2012-11-01,False,0.0,2013,True,,2013-05-14,PlantDate proxy,172.98124999999993,False,2012-11-01,0.0,2013.0,,,0.0,0.75,0,,0.75,,1.0254234137687843,-0.6046932967446789,-0.5339715246522003,1.1644739229751015,0.1057807059832981,,1,231,97,42,Siphon,2013-08-19,9.947647968321782,,0,,,,,,unlisted_default_zero,1.0,15881.498693053609,1331.6138039746181,189291.47467081918,2.478075512099207,reconstruction,volume_observation_or_prediction_event
VO_452ddd5ff9e52051fca1,PE_a814ea72d8a79e5ce612,30421.0,Transducer,7 V,14.0,False,2013-08-20,129,2013-08-20,2013,6,2,CT,OUT,False,AC,Siphon,The analyte values are averages of 6 samples over the irrigation period,,,102400.0,False,0.34,0.75,MG/L,EPA300.0 [300OPHOS]_W,0.34,0.75,CSU_assumed_from_ALS_pre2023,True,2013-05-14,2013-09-30,2013,silage corn,2012-11-01,grain corn,679.185,187.60625,2012-11-01,False,0.0,2013,True,,2013-05-14,PlantDate proxy,172.98124999999993,False,2012-11-01,0.0,2013.0,,,0.0,0.75,0,,0.75,,1.0254234137687843,-0.6046932967446789,-0.1044889017087526,1.1644739229751015,-0.0562780369236218,,1,232,98,41,Siphon,2013-08-20,10.322921309871688,,0,,,,,,unlisted_default_zero,1.0,19144.86467304673,1605.4250371064672,228185.26802460922,2.478075512099207,reconstruction,volume_observation_or_prediction_event
VO_9e4c15f6639f955f4a51,PE_91e7db994d29b3cdcef3,34505.0,Transducer,7 V,14.0,False,2013-08-28,132,2013-08-28,2013,7,1,CT,OUT,,,Siphon,,,,,False,0.34,0.75,MG/L,EPA300.0 [300OPHOS]_W,0.34,0.75,CSU_assumed_from_ALS_pre2023,True,2013-05-14,2013-09-30,2013,silage corn,2012-11-01,grain corn,679.185,187.60625,2012-11-01,False,0.0,2013,True,,2013-05-14,PlantDate proxy,172.98124999999993,False,2012-11-01,0.0,2013.0,,,0.0,0.75,0,,0.75,,1.0254234137687843,-0.6046932967446789,0.0797748898766072,1.6603982621180948,,,1,240,106,33,Siphon,2013-08-28,10.448888500941809,,0,,,,,,unlisted_default_zero,1.0,31436.080423485328,2636.7138848636814,374675.7347375733,2.478075512099207,reconstruction,volume_observation_or_prediction_event
VO_222c2bec9a2dfd372bcc,PE_5084a07101a28e5fba2b,43131.0,Transducer,7 V,14.0,False,2013-08-29,135,2013-08-29,2013,7,2,CT,OUT,,,Siphon,,,,,False,0.34,0.75,MG/L,EPA300.0 [300OPHOS]_W,0.34,0.75,CSU_assumed_from_ALS_pre2023,True,2013-05-14,2013-09-30,2013,silage corn,2012-11-01,grain corn,679.185,187.60625,2012-11-01,False,0.0,2013,True,,2013-05-14,PlantDate proxy,172.98124999999993,False,2012-11-01,0.0,2013.0,,,0.0,0.75,0,,0.75,,1.0254234137687843,-0.6046932967446789,0.4689667278333442,1.6603982621180948,,,1,241,107,32,Siphon,2013-08-29,10.672020460001963,,0,,,,,,unlisted_default_zero,1.0,24189.043362732133,2028.6545478716268,288303.3316432743,2.478075512099207,reconstruction,volume_observation_or_prediction_event
VO_01018d149452530442d9,PE_e1f06f083d001c899062,44359.44,Bubbler,7 V,56.0,False,2014-07-01,138,2014-07-01,2014,1,1,CT,OUT,True,FALSE,Siphon,OG sample ID CT1 I1 S1 - S1= the first first samplable water  through flume.,0.003,,126691.33,True,0.34,0.75,MG/L,EPA300.0 [300OPHOS]_W,0.34,0.75,CSU_assumed_from_ALS_pre2023,True,2014-05-06,2014-12-02,2014,grain corn,2013-09-30,silage corn,872.43,186.745,2013-09-30,False,0.0,2014,True,,2014-05-06,PlantDate proxy,172.12,False,2013-09-30,0.0,2014.0,,,0.0,0.75,0,0.003,0.75,-0.3531485824273609,1.013232459990966,-0.3691199178617326,0.5243920491201023,-1.3151477727398646,0.6466902493865841,,1,182,56,154,Siphon,2014-07-01,10.700103360260918,,0,,,,,,unlisted_default_zero,1.0,14902.251367223444,1249.4505040350912,177620.50568769278,2.478075512099207,reconstruction,volume_observation_or_prediction_event
VO_75a5e3937e5c7a0b0b64,PE_0f6804c5fdc4da7fb4f7,67070.2,Bubbler,7 V,56.0,False,2014-07-02,148,2014-07-02,2014,1,2,CT,OUT,True,FALSE,Siphon,OG sample ID CT2 I1 S1 - S1= the first first samplable water  through flume.,0.003,,136319.18,True,0.34,0.75,MG/L,EPA300.0 [300OPHOS]_W,0.34,0.75,CSU_assumed_from_ALS_pre2023,True,2014-05-06,2014-12-02,2014,grain corn,2013-09-30,silage corn,872.43,186.745,2013-09-30,False,0.0,2014,True,,2014-05-06,PlantDate proxy,172.12,False,2013-09-30,0.0,2014.0,,,0.0,0.75,0,0.003,0.75,-0.3531485824273609,1.013232459990966,-0.3691199178617326,1.549066571006764,-1.3151477727398646,0.9253111900823678,,1,183,57,153,Siphon,2014-07-02,11.11351002068861,,0,,,,,,unlisted_default_zero,1.0,10941.902032024193,917.1592005919842,130419.85164018616,2.478075512099207,reconstruction,volume_observation_or_prediction_event
VO_d3a1d3b91adb9354357a,PE_ab1e5addf2e00bc003a1,10627.9,Transducer,7 V,14.0,False,2014-07-21,158,2014-07-21,2014,2,1,CT,OUT,,,Siphon,,,,104096.39,False,0.34,0.75,MG/L,EPA300.0 [300OPHOS]_W,0.34,0.75,ALS_pre2023,False,2014-05-06,2014-12-02,2014,grain corn,2013-09-30,silage corn,872.43,186.745,2013-09-30,False,0.0,2014,True,,2014-05-06,PlantDate proxy,172.12,False,2013-09-30,0.0,2014.0,,,0.0,0.75,0,,0.75,,1.013232459990966,-0.3691199178617326,-0.9975230969164378,-0.8192234335968713,-0.0071861028379307,,1,202,76,134,Siphon,2014-07-21,9.271331985266537,,0,,,,,,unlisted_default_zero,1.0,10920.784454473569,915.3873398857861,130168.16589533802,2.478075512099207,reconstruction,volume_observation_or_prediction_event
VO_861933ea464b0914dfb0,PE_bb21dc13f44e7cae1045,7867.88,Transducer,7 V,14.0,False,2014-07-22,161,2014-07-22,2014,2,2,CT,OUT,,,Siphon,,,,95319.15,False,0.34,0.75,MG/L,EPA300.0 [300OPHOS]_W,0.34,0.75,ALS_pre2023,False,2014-05-06,2014-12-02,2014,grain corn,2013-09-30,silage corn,872.43,186.745,2013-09-30,False,0.0,2014,True,,2014-05-06,PlantDate proxy,172.12,False,2013-09-30,0.0,2014.0,,,0.0,0.75,0,,0.75,,1.013232459990966,-0.3691199178617326,-1.122050949524524,-0.8192234335968713,-0.2611911886579907,,1,203,77,133,Siphon,2014-07-22,8.970671018704637,,0,,,,,,unlisted_default_zero,1.0,9934.516547877529,832.6349813213328,118413.52348446693,2.478075512099207,reconstruction,volume_observation_or_prediction_event
VO_df7984040ed81c26911d,PE_0f2c1b5db3c1949d1f74,22785.7,Bubbler,7 V,56.0,False,2014-08-04,164,2014-08-04,2014,3,1,CT,OUT,True,FALSE,Siphon,OG sample ID CT1 I3 S1 - S1= the first first samplable water  through flume.,,,112956.41,False,0.34,0.75,MG/L,EPA300.0 [300OPHOS]_W,0.34,0.75,CSU_assumed_from_ALS_pre2023,True,2014-05-06,2014-12-02,2014,grain corn,2013-09-30,silage corn,872.43,186.745,2013-09-30,False,0.0,2014,True,,2014-05-06,PlantDate proxy,172.12,False,2013-09-30,0.0,2014.0,,,0.0,0.75,0,,0.75,,1.013232459990966,-0.3691199178617326,-0.4489818811141635,-0.3232990944538781,0.2492145584710281,,1,216,90,120,Siphon,2014-08-04,10.033932311404115,,0,,,,,,unlisted_default_zero,1.0,22223.683255674274,1863.7519050908775,264879.5690808382,2.478075512099207,reconstruction,volume_observation_or_prediction_event
VO_8108ac99f980f0dcf458,PE_0c873ebca68f220b5575,35177.79,Bubbler,7 V,56.0,False,2014-08-05,173,2014-08-05,2014,3,2,CT,OUT,True,FALSE,Siphon,OG sample ID CT2 I3 S1 - S1= the first first samplable water  through flume.,,,89737.01,False,0.34,0.75,MG/L,EPA300.0 [300OPHOS]_W,0.34,0.75,CSU_assumed_from_ALS_pre2023,True,2014-05-06,2014-12-02,2014,grain corn,2013-09-30,silage corn,872.43,186.745,2013-09-30,False,0.0,2014,True,,2014-05-06,PlantDate proxy,172.12,False,2013-09-30,0.0,2014.0,,,0.0,0.75,0,,0.75,,1.013232459990966,-0.3691199178617326,0.1101301387357439,-0.3232990944538781,-0.4227330799312825,,1,217,91,119,Siphon,2014-08-05,10.46819862315769,,0,,,,,,unlisted_default_zero,1.0,22325.674801066336,1872.3094591574559,266095.1354974248,2.478075512099207,reconstruction,volume_observation_or_prediction_event
VO_78b6b3846b672a1539a9,PE_4c80e607422dec97f0c9,16189.58,Transducer,7 V,42.0,False,2014-08-17,182,2014-08-17,2014,4,1,CT,OUT,False,AC,Siphon,"TSS value  is an average of CT1 I4 S2,S3,S4,S5,S6,S7,S15",,,120960.0,False,0.34,0.75,MG/L,EPA300.0 [300OPHOS]_W,0.34,0.75,ALS_pre2023,False,2014-05-06,2014-12-02,2014,grain corn,2013-09-30,silage corn,872.43,186.745,2013-09-30,False,0.0,2014,True,,2014-05-06,PlantDate proxy,172.12,False,2013-09-30,0.0,2014.0,,,0.0,0.75,0,,0.75,,1.013232459990966,-0.3691199178617326,-0.7465886590162262,0.1726252446891151,0.4808309395678845,,1,229,103,107,Siphon,2014-08-17,9.692184870613072,,0,,,,,,unlisted_default_zero,1.0,21248.805902804696,1781.9552657381275,253260.68277134778,2.478075512099207,reconstruction,volume_observation_or_prediction_event
VO_4a0d1b84f8145e03eb34,PE_e4c541913dac4c0bca3d,70208.72,Transducer,7 V,28.0,False,2014-08-18,188,2014-08-18,2014,4,2,CT,OUT,False,AC,Siphon,"TSS value  is an average of CT2 I4 S1, S2,S3,S4,S5,S6,S7,S8,S9,S10,S11,S12,S15,S16",,,,False,0.34,0.75,MG/L,EPA300.0 [300OPHOS]_W,0.34,0.75,ALS_pre2023,False,2014-05-06,2014-12-02,2014,grain corn,2013-09-30,silage corn,872.43,186.745,2013-09-30,False,0.0,2014,True,,2014-05-06,PlantDate proxy,172.12,False,2013-09-30,0.0,2014.0,,,0.0,0.75,0,,0.75,,1.013232459990966,-0.3691199178617326,1.6906717608124655,0.1726252446891151,,,1,230,104,106,Siphon,2014-08-18,11.15924204196745,,0,,,,,,unlisted_default_zero,1.0,35660.15385132665,2991.132837934688,425019.5331410986,2.478075512099207,reconstruction,volume_observation_or_prediction_event
VO_b6558a113fa146ed6af1,PE_effd37ee189df750ad5a,20881.85,Bubbler,7 V,28.0,False,2015-07-06,199,2015-07-06,2015,1,1,CT,OUT,False,AC,Siphon,"Analytical composite. Average of CT1 I1 bottles 2, 4, 6, 8",0.0,,139707.11,True,0.34,0.75,MG/L,EPA300.0 [300OPHOS]_W,0.34,0.75,CSU_assumed_from_ALS_pre2023,True,2015-04-30,2015-11-16,2015,grain corn,2014-12-02,grain corn,1097.33,218.39999999999984,2014-12-02,False,30.7125,2015,True,,2015-04-30,PlantDate proxy,203.77499999999984,False,2014-12-02,30.7125,2015.0,4.0,0.0528947365,2.0,0.75,1,,0.75,-0.3885840286996418,1.4613075158247448,-0.0949578287480449,-0.5348806616258647,-1.3151477727398646,1.023354703806768,0.04,1,187,67,133,Siphon,2015-07-06,9.946683526934956,,0,,,,,,unlisted_default_zero,1.0,18880.401073045636,1583.2353394511217,225033.30999382015,2.478075512099207,reconstruction,volume_observation_or_prediction_event
VO_c268ec36ab339dd3a268,PE_63a5c105af28ea9f75a7,6831.93,Bubbler,7 V,28.0,False,2015-07-07,205,2015-07-07,2015,1,2,CT,OUT,False,AC,Siphon,"Analytical composite. Average of CT2 I1 bottles 2, 4, 6",0.0,,114349.32,True,0.34,0.75,MG/L,EPA300.0 [300OPHOS]_W,0.34,0.75,CSU_assumed_from_ALS_pre2023,True,2015-04-30,2015-11-16,2015,grain corn,2014-12-02,grain corn,1097.33,218.39999999999984,2014-12-02,False,30.7125,2015,True,,2015-04-30,PlantDate proxy,203.77499999999984,False,2014-12-02,30.7125,2015.0,3.0,0.035526316,2.0,0.75,1,,0.75,-0.3885840286996418,1.4613075158247448,-0.0949578287480449,-1.1687914184013246,-1.3151477727398646,0.2895240662536136,0.03,1,188,68,132,Siphon,2015-07-07,8.829508850326139,,0,,,,,,unlisted_default_zero,1.0,24109.276067043567,2021.961709333142,287352.6406285601,2.478075512099207,reconstruction,volume_observation_or_prediction_event
VO_f5107c4d0363ce6d163c,PE_ece5ee3d9a47f8a4b70b,25946.18,Bubbler,7 V,28.0,False,2015-07-20,211,2015-07-20,2015,2,1,CT,OUT,False,AC,Siphon,"Analytical composite. Average of CT1 I 2 bottles 2, 4, 6, 8, 10",0.0,,92689.66,True,0.34,0.75,MG/L,EPA300.0 [300OPHOS]_W,0.34,0.75,CSU_assumed_from_ALS_pre2023,True,2015-04-30,2015-11-16,2015,grain corn,2014-12-02,grain corn,1097.33,218.39999999999984,2014-12-02,False,30.7125,2015,True,,2015-04-30,PlantDate proxy,203.77499999999984,False,2014-12-02,30.7125,2015.0,4.0,0.0528947365,2.0,0.75,1,,0.75,-0.3885840286996418,1.4613075158247448,-0.0949578287480449,-0.306385889921779,-0.8192234335968713,-0.337286160780547,0.04,1,201,81,119,Siphon,2015-07-20,10.163818212168735,,0,,,,,,unlisted_default_zero,1.0,25776.62976304351,2161.8602602059595,307224.67168406484,2.478075512099207,reconstruction,volume_observation_or_prediction_event
VO_cd3b1c5d251c27ed3ea4,PE_003510690d55f2e080ab,25518.47,Bubbler,7 V,28.0,False,2015-07-21,217,2015-07-21,2015,2,2,CT,OUT,False,AC,Siphon,"Analytical composite. Average of CT2 I 2 bottles 2, 4, 6, 8, 10. Original Ortho P values, 0.03,0.01,0.01,0,0. Any average with a 0 or negative value is changed to U",0.0,,95545.02,True,0.34,0.75,MG/L,EPA300.0 [300OPHOS]_W,0.34,0.75,CSU_assumed_from_ALS_pre2023,True,2015-04-30,2015-11-16,2015,grain corn,2014-12-02,grain corn,1097.33,218.39999999999984,2014-12-02,False,30.7125,2015,True,,2015-04-30,PlantDate proxy,203.77499999999984,False,2014-12-02,30.7125,2015.0,3.0,0.035526316,2.0,0.75,1,,0.75,-0.3885840286996418,1.4613075158247448,-0.0949578287480449,-0.3256835065473848,-0.8192234335968713,-0.2546547228972071,0.03,1,202,82,118,Siphon,2015-07-21,10.147196969217989,,0,,,,,,unlisted_default_zero,1.0,22500.82992499787,1887.0057698891,268182.687809,2.478075512099207,reconstruction,volume_observation_or_prediction_event
VO_f90af9ee83cec3ff1e2c,PE_b307adedb4f140b2f276,26669.11,Bubbler,7 V,28.0,False,2015-07-30,223,2015-07-30,2015,3,1,CT,OUT,False,TRUE,Siphon,,0.02,,101476.51,True,0.34,0.75,MG/L,EPA300.0 [300OPHOS]_W,0.34,0.75,CSU_assumed_from_ALS_pre2023,True,2015-04-30,2015-11-16,2015,grain corn,2014-12-02,grain corn,1097.33,218.39999999999984,2014-12-02,False,30.7125,2015,True,,2015-04-30,PlantDate proxy,203.77499999999984,False,2014-12-02,30.7125,2015.0,4.0,0.0528947365,2.0,0.75,0,0.02,0.75,-0.1523477202177687,1.4613075158247448,-0.0949578287480449,-0.273768401466636,-0.3232990944538781,-0.0830029705820347,0.04,1,211,91,109,Siphon,2015-07-30,10.191298741651993,,0,,,,,,unlisted_default_zero,1.0,23649.864561472135,1983.4149966362907,281877.2338640126,2.478075512099207,reconstruction,volume_observation_or_prediction_event
VO_0d203abac1375a75a283,PE_38f43e287ee7d1f916e4,20056.72,Bubbler,7 V,28.0,False,2015-07-31,229,2015-07-31,2015,3,2,CT,OUT,False,TRUE,Siphon,,0.02,,91015.8,True,0.34,0.75,MG/L,EPA300.0 [300OPHOS]_W,0.34,0.75,CSU_assumed_from_ALS_pre2023,True,2015-04-30,2015-11-16,2015,grain corn,2014-12-02,grain corn,1097.33,218.39999999999984,2014-12-02,False,30.7125,2015,True,,2015-04-30,PlantDate proxy,203.77499999999984,False,2014-12-02,30.7125,2015.0,3.0,0.035526316,2.0,0.75,0,0.02,0.75,-0.1523477202177687,1.4613075158247448,-0.0949578287480449,-0.5721092567166648,-0.3232990944538781,-0.3857260978166501,0.03,1,212,92,108,Siphon,2015-07-31,9.90636939603332,,0,,,,,,unlisted_default_zero,1.0,21319.00189518691,1787.8450284410922,254097.30006732827,2.478075512099207,reconstruction,volume_observation_or_prediction_event
VO_102721a67dc688247e75,PE_9a36752b43ad5983930a,43459.37,Bubbler,7 V,14.0,False,2015-08-06,235,2015-08-06,2015,4,1,CT,OUT,False,TRUE,Siphon,,,,119825.33,False,0.34,0.75,MG/L,EPA300.0 [300OPHOS]_W,0.34,0.75,CSU_assumed_from_ALS_pre2023,True,2015-04-30,2015-11-16,2015,grain corn,2014-12-02,grain corn,1097.33,218.39999999999984,2014-12-02,False,30.7125,2015,True,,2015-04-30,PlantDate proxy,203.77499999999984,False,2014-12-02,30.7125,2015.0,4.0,0.0528947365,2.0,0.75,0,,0.75,,1.4613075158247448,-0.0949578287480449,0.4837822766195551,0.1726252446891151,0.4479946549582068,0.04,1,218,98,102,Siphon,2015-08-06,10.679604767349883,,0,,,,,,unlisted_default_zero,1.0,33917.78581504185,2844.9402430772584,404253.45824635006,2.478075512099207,reconstruction,volume_observation_or_prediction_event
VO_6355e5c9fbaf1f6c6d8e,PE_42feb90a12eb2a1656cd,2978.8,Bubbler,7 V,14.0,False,2015-08-07,238,2015-08-07,2015,4,2,CT,OUT,False,TRUE,Siphon,,,,98665.6,False,0.34,0.75,MG/L,EPA300.0 [300OPHOS]_W,0.34,0.75,CSU_assumed_from_ALS_pre2023,True,2015-04-30,2015-11-16,2015,grain corn,2014-12-02,grain corn,1097.33,218.39999999999984,2014-12-02,False,30.7125,2015,True,,2015-04-30,PlantDate proxy,203.77499999999984,False,2014-12-02,30.7125,2015.0,3.0,0.035526316,2.0,0.75,0,,0.75,,1.4613075158247448,-0.0949578287480449,-1.3426387110730431,0.1726252446891151,-0.1643480671935506,0.03,1,219,99,101,Siphon,2015-08-07,7.999611463153239,,0,,,,,,unlisted_default_zero,1.0,22264.62628516424,1867.187211293593,265367.5406224991,2.478075512099207,reconstruction,volume_observation_or_prediction_event
VO_5215893686b7c61276b6,PE_1994b95c4c5d89d54441,23364.81,Bubbler,7 V,28.0,False,2015-08-16,241,2015-08-16,2015,5,1,CT,OUT,False,AC,Siphon,"Analytical composite. Average of CT1 I 5 bottles 2, 4, 6, 8, 10",0.01,,102988.51,True,0.34,0.75,MG/L,EPA300.0 [300OPHOS]_W,0.34,0.75,CSU_assumed_from_ALS_pre2023,True,2015-04-30,2015-11-16,2015,grain corn,2014-12-02,grain corn,1097.33,218.39999999999984,2014-12-02,False,30.7125,2015,True,,2015-04-30,PlantDate proxy,203.77499999999984,False,2014-12-02,30.7125,2015.0,4.0,0.0528947365,2.0,0.75,0,0.01,0.75,-0.2704658744587053,1.4613075158247448,-0.0949578287480449,-0.4228533296095117,0.6685495838321084,-0.0392471099971663,0.04,1,228,108,92,Siphon,2015-08-16,10.059029121770953,,0,,,,,,unlisted_default_zero,1.0,26135.93425384613,2192.0075395180656,311506.9724440903,2.478075512099207,reconstruction,volume_observation_or_prediction_event
VO_cc82dde01f76622208d1,PE_01dfb8394999c3a08b1b,28705.44,Bubbler,7 V,28.0,False,2015-08-17,247,2015-08-17,2015,5,2,CT,OUT,False,AC,Siphon,"Analytical composite. Average of CT2 I 5 bottles 2, 4, 6, 8, 10",0.01,,91914.89,True,0.34,0.75,MG/L,EPA300.0 [300OPHOS]_W,0.34,0.75,CSU_assumed_from_ALS_pre2023,True,2015-04-30,2015-11-16,2015,grain corn,2014-12-02,grain corn,1097.33,218.39999999999984,2014-12-02,False,30.7125,2015,True,,2015-04-30,PlantDate proxy,203.77499999999984,False,2014-12-02,30.7125,2015.0,3.0,0.035526316,2.0,0.75,0,0.01,0.75,-0.2704658744587053,1.4613075158247448,-0.0949578287480449,-0.1818923273434686,0.6685495838321084,-0.3597072772523318,0.03,1,229,109,91,Siphon,2015-08-17,10.26487676681989,,0,,,,,,unlisted_default_zero,1.0,23811.704032121263,1996.994063556617,283806.08614920033,2.478075512099207,reconstruction,volume_observation_or_prediction_event
VO_53556fe3be39b9c7ea26,PE_1ad2a48558b8c9cdf0bb,21438.24,Bubbler,7 V,28.0,False,2015-08-31,253,2015-08-31,2015,6,1,CT,OUT,False,AC,Siphon,"Analytical composite. Average of CT1 I 6 bottles 1, 2, 3, 4, 5. Original NH4 values, 0.02,0,0,0,0",0.0,,110769.23,True,0.34,0.75,MG/L,EPA300.0 [300OPHOS]_W,0.34,0.75,CSU_assumed_from_ALS_pre2023,True,2015-04-30,2015-11-16,2015,grain corn,2014-12-02,grain corn,1097.33,218.39999999999984,2014-12-02,False,30.7125,2015,True,,2015-04-30,PlantDate proxy,203.77499999999984,False,2014-12-02,30.7125,2015.0,4.0,0.0528947365,2.0,0.75,1,,0.75,-0.3885840286996418,1.4613075158247448,-0.0949578287480449,-0.509777201537672,1.1644739229751015,0.185919622522607,0.04,1,243,123,77,Siphon,2015-08-31,9.972978166795258,,0,,,,,,unlisted_default_zero,1.0,20771.601554916888,1741.9156527274788,247573.2154728381,2.478075512099207,reconstruction,volume_observation_or_prediction_event
VO_d30908519303855fbe91,PE_eba40b08b5ce69421768,18890.94,Bubbler,7 V,28.0,False,2015-09-01,259,2015-09-01,2015,6,2,CT,OUT,False,AC,Siphon,"Analytical composite. Average of CT2 I 6 bottles 1, 2, 3, 4, 5",0.01,,110566.73,True,0.34,0.75,MG/L,EPA300.0 [300OPHOS]_W,0.34,0.75,CSU_assumed_from_ALS_pre2023,True,2015-04-30,2015-11-16,2015,grain corn,2014-12-02,grain corn,1097.33,218.39999999999984,2014-12-02,False,30.7125,2015,True,,2015-04-30,PlantDate proxy,203.77499999999984,False,2014-12-02,30.7125,2015.0,3.0,0.035526316,2.0,0.75,0,0.01,0.75,-0.2704658744587053,1.4613075158247448,-0.0949578287480449,-0.6247074552853183,1.1644739229751015,0.1800594626228478,0.03,1,244,124,76,Siphon,2015-09-01,9.846490655063473,,0,,,,,,unlisted_default_zero,1.0,19692.089042773623,1651.3396480919732,234707.2553483725,2.478075512099207,reconstruction,volume_observation_or_prediction_event
VO_ac7dac7a5c2662cdde91,PE_cf4508303fbec7c40fe5,57325.34,Bubbler,7 V,28.0,False,2016-06-07,265,2016-06-07,2016,1,1,CT,OUT,False,AC,Siphon,"Analytical composite. Average of CT1 I1 Time 1, 2, 3, 4, 5, 6, 7, 8, 9, 20, 7-D. TP, TKN, TSP average of CT I1 T1, 5, 10, 7-D. Original ammonium values, 0.77,0,0.01,0.01,0,0.06,0.05,0.11,0.05,0.03,0.04",0.0,,259697.49,True,0.34,0.75,MG/L,EPA300.0 [300OPHOS]_W,0.34,0.75,CSU_assumed_from_ALS_pre2023,True,2016-03-03,2016-07-25,2016,barley,2015-11-16,grain corn,1349.80625,245.97625000000016,2015-11-16,False,0.0,2016,True,,2016-03-03,PlantDate proxy,245.97625000000016,False,2015-11-16,0.0,2016.0,26.0,0.005672515,2.0,0.75,1,,0.75,-0.3885840286996418,1.8516480547107488,0.2128208113212736,1.1093934926354343,-1.3151477727398646,4.495763658043131,0.26,1,159,96,48,Siphon,2016-06-07,10.956515482943527,,0,,,,,,unlisted_default_zero,1.0,47664.132525905094,3998.32118993855,568086.620576182,2.478075512099207,reconstruction,volume_observation_or_prediction_event
VO_3d4f3bd65e3e9b96edee,PE_571c968894d925b12ac7,27468.5,Bubbler,7 V,28.0,False,2016-06-08,271,2016-06-08,2016,1,2,CT,OUT,False,AC,Siphon,"Analytical composite. Average of CT2 I1 Time 1, 2, 3, 4, 5, 6, 7, 8, 9, 10, 6-D. TP, TKN, TSP average of CT I1 T1, 2, 6, 10, 6-D. Original TKN values, 0.127,0.118,0.048,0.073,0",0.0,,249743.63,True,0.34,0.75,MG/L,EPA300.0 [300OPHOS]_W,0.34,0.75,CSU_assumed_from_ALS_pre2023,True,2016-03-03,2016-07-25,2016,barley,2015-11-16,grain corn,1349.80625,245.97625000000016,2015-11-16,False,0.0,2016,True,,2016-03-03,PlantDate proxy,245.97625000000016,False,2015-11-16,0.0,2016.0,25.0,0.0158479533333333,2.0,0.75,1,,0.75,-0.3885840286996418,1.8516480547107488,0.2128208113212736,-0.2377011555421941,-1.3151477727398646,4.207708293994655,0.25,1,160,97,47,Siphon,2016-06-08,10.220831577249113,,0,,,,,,unlisted_default_zero,1.0,39283.53345483478,3295.150849835229,468204.0789153597,2.478075512099207,reconstruction,volume_observation_or_prediction_event
VO_d7d41b3afe4f268592d0,PE_796a63125680b03b1a47,31999.53,Bubbler,7 V,28.0,False,2016-06-19,277,2016-06-19,2016,2,1,CT,OUT,False,AC,Siphon,"Analytical composite. Average of CT1 I2 Time 1, 2, 3, 4, 5, 6, 7, 8, 9, 10, 6-D. TP, TKN, TSP average of CT I2 T1, 2, 5, 10.",0.01,,108695.2,True,0.34,0.75,MG/L,EPA300.0 [300OPHOS]_W,0.34,0.75,CSU_assumed_from_ALS_pre2023,True,2016-03-03,2016-07-25,2016,barley,2015-11-16,grain corn,1349.80625,245.97625000000016,2015-11-16,False,0.0,2016,True,,2016-03-03,PlantDate proxy,245.97625000000016,False,2015-11-16,0.0,2016.0,26.0,0.005672515,2.0,0.75,0,0.01,0.75,-0.2704658744587053,1.8516480547107488,0.2128208113212736,-0.0332680586795562,-0.8192234335968713,0.1258991413527428,0.26,1,171,108,36,Siphon,2016-06-19,10.373507744144707,,0,,,,,,unlisted_default_zero,1.0,34022.78070590546,2853.7497914748833,405504.8194523837,2.478075512099207,reconstruction,volume_observation_or_prediction_event
VO_7f8a709d48e1c7a05955,PE_962807ecf486db3c765b,36432.52,Bubbler,7 V,28.0,False,2016-06-20,283,2016-06-20,2016,2,2,CT,OUT,False,AC,Siphon,"Analytical composite. Average of CT2 I2 Time 1, 2, 3, 4, 5, 6, 7, 8, 9, 10, 11, 12, 7D, 24D. TP, TKN, TSP average of CT2 I2 T1, 2, 4, 6, 12, 24-D.Original TP values, .004,0,.004,.027,.003,.003. Original TSP values, .002,0,.003,.002,.001,.001.",0.01,,124076.27,True,0.34,0.75,MG/L,EPA300.0 [300OPHOS]_W,0.34,0.75,CSU_assumed_from_ALS_pre2023,True,2016-03-03,2016-07-25,2016,barley,2015-11-16,grain corn,1349.80625,245.97625000000016,2015-11-16,False,0.0,2016,True,,2016-03-03,PlantDate proxy,245.97625000000016,False,2015-11-16,0.0,2016.0,25.0,0.0158479533333333,2.0,0.75,0,0.01,0.75,-0.2704658744587053,1.8516480547107488,0.2128208113212736,0.1667416243419873,-0.8192234335968713,0.5710128679176253,0.25,1,172,109,35,Siphon,2016-06-20,10.50324450899666,,0,,,,,,unlisted_default_zero,1.0,32080.748453757875,2690.8044617134096,382359.08539604524,2.478075512099207,reconstruction,volume_observation_or_prediction_event
VO_765cbba307fc74c15ae1,PE_a249f721c9cded6ed477,38145.23,Bubbler,7 V,42.0,False,2017-06-26,289,2017-06-26,2017,1,1,CT,OUT,True,FALSE,Siphon,,0.0,,,True,0.34,0.75,MG/L,EPA300.0 [300OPHOS]_W,0.34,0.75,ALS_pre2023,False,2017-04-19,2017-10-13,2017,silage corn,2016-07-25,barley,1532.94375,176.63749999999982,2016-07-25,False,0.0,2017,True,,2017-04-19,PlantDate proxy,162.01249999999982,False,2016-07-25,0.0,2017.0,3.0,,2.0,0.75,1,,0.75,-0.3885840286996418,0.8701612665984524,0.4360727437137055,0.2440164623650438,-1.3151477727398646,,0.03,1,177,68,109,Siphon,2017-06-26,10.549182211383933,,0,,,,,,unlisted_default_zero,1.0,60215.873832401994,5051.469315571444,717682.1105083721,2.478075512099207,reconstruction,volume_observation_or_prediction_event
VO_78260ac74e6bb56c08fc,PE_31bb29072ce592a58136,123428.85,Bubbler,7 V,28.0,False,2017-06-27,296,2017-06-27,2017,1,2,CT,OUT,True,FALSE,Siphon,,0.0,,,True,0.34,0.75,MG/L,EPA300.0 [300OPHOS]_W,0.34,0.75,ALS_pre2023,False,2017-04-19,2017-10-13,2017,silage corn,2016-07-25,barley,1532.94375,176.63749999999982,2016-07-25,False,0.0,2017,True,,2017-04-19,PlantDate proxy,162.01249999999982,False,2016-07-25,0.0,2017.0,1.0,,2.0,0.75,1,,0.75,-0.3885840286996418,0.8701612665984524,0.4360727437137055,4.091882079731603,-1.3151477727398646,,0.01,1,178,69,108,Siphon,2017-06-27,11.723428257473524,,0,,,,,,unlisted_default_zero,1.0,80930.63319558011,6789.531745600589,964566.9450578308,2.478075512099207,reconstruction,volume_observation_or_prediction_event
VO_4551de7b83b2b1e83ad7,PE_a86f0dd73b63a18791b9,53141.4,Bubbler,7 V,42.0,False,2017-07-09,303,2017-07-09,2017,2,1,CT,OUT,True,FALSE,Siphon,"H flag, Ortho P. ISCO data says flow starts on 7/10, lab reports 7/14, we suspect this to be out of hold time",0.0,H,,True,0.34,0.75,MG/L,EPA300.0 [300OPHOS]_W,0.34,0.75,ALS_pre2023,False,2017-04-19,2017-10-13,2017,silage corn,2016-07-25,barley,1532.94375,176.63749999999982,2016-07-25,False,0.0,2017,True,,2017-04-19,PlantDate proxy,162.01249999999982,False,2016-07-25,0.0,2017.0,3.0,,2.0,0.75,1,,0.75,-0.3885840286996418,0.8701612665984524,0.4360727437137055,0.9206205621345408,-0.8192234335968713,,0.03,1,190,81,96,Siphon,2017-07-09,10.880730382012434,,0,,,,,,unlisted_default_zero,1.0,46484.63204501496,3899.355740420444,554028.9732740745,2.478075512099207,reconstruction,volume_observation_or_prediction_event
VO_997cd48818b0aa154a5b,PE_c67a9e43f22b05bb8d70,96275.26,Bubbler,7 V,28.0,False,2017-07-10,310,2017-07-10,2017,2,2,CT,OUT,True,FALSE,Siphon,"H flag, Ortho P. ISCO data says flow starts on 7/10, lab reports 7/14, we suspect this to be out of hold time",0.0,H,,True,0.34,0.75,MG/L,EPA300.0 [300OPHOS]_W,0.34,0.75,ALS_pre2023,False,2017-04-19,2017-10-13,2017,silage corn,2016-07-25,barley,1532.94375,176.63749999999982,2016-07-25,False,0.0,2017,True,,2017-04-19,PlantDate proxy,162.01249999999982,False,2016-07-25,0.0,2017.0,1.0,,2.0,0.75,1,,0.75,-0.3885840286996418,0.8701612665984524,0.4360727437137055,2.866753909174719,-0.8192234335968713,,0.01,1,191,82,95,Siphon,2017-07-10,11.474977046107206,,0,,,,,,unlisted_default_zero,1.0,54240.61782578381,4550.118187478216,646467.1827980919,2.478075512099207,reconstruction,volume_observation_or_prediction_event
VO_3fa5a2cb1591a6b552bd,PE_0db94b33091790ae448c,36426.84,Bubbler,7 V,42.0,False,2017-07-20,317,2017-07-20,2017,3,1,CT,OUT,True,FALSE,Siphon,"H flag, Ortho P. ISCO data says flow starts on 7/21, lab reports 7/27, we suspect this to be out of hold time",0.0,H,,True,0.34,0.75,MG/L,EPA300.0 [300OPHOS]_W,0.34,0.75,ALS_pre2023,False,2017-04-19,2017-10-13,2017,silage corn,2016-07-25,barley,1532.94375,176.63749999999982,2016-07-25,False,0.0,2017,True,,2017-04-19,PlantDate proxy,162.01249999999982,False,2016-07-25,0.0,2017.0,3.0,,2.0,0.75,1,,0.75,-0.3885840286996418,0.8701612665984524,0.4360727437137055,0.1664853514878724,-0.3232990944538781,,0.03,1,201,92,85,Siphon,2017-07-20,10.503088596452303,,0,,,,,,unlisted_default_zero,1.0,37109.77987668419,3112.763047974447,442296.619258988,2.478075512099207,reconstruction,volume_observation_or_prediction_event
VO_32baccdf67567c327922,PE_c7e10f3a52f813c6a07a,66112.6,Bubbler,7 V,28.0,False,2017-07-21,324,2017-07-21,2017,3,2,CT,OUT,True,FALSE,Siphon,"H flag, Ortho P. ISCO data says flow starts on 7/21, lab reports 7/27, we suspect this to be out of hold time",0.0,H,,True,0.34,0.75,MG/L,EPA300.0 [300OPHOS]_W,0.34,0.75,ALS_pre2023,False,2017-04-19,2017-10-13,2017,silage corn,2016-07-25,barley,1532.94375,176.63749999999982,2016-07-25,False,0.0,2017,True,,2017-04-19,PlantDate proxy,162.01249999999982,False,2016-07-25,0.0,2017.0,1.0,,2.0,0.75,1,,0.75,-0.3885840286996418,0.8701612665984524,0.4360727437137055,1.5058611334891003,-0.3232990944538781,,0.01,1,202,93,84,Siphon,2017-07-21,11.099129753541739,,0,,,,,,unlisted_default_zero,1.0,37784.65000533453,3169.3877181041485,450339.92775864556,2.478075512099207,reconstruction,volume_observation_or_prediction_event
VO_580aa2c3440790073e75,PE_c6a22d9daf9658c76f8d,27895.45,Bubbler,7 V,42.0,False,2017-08-02,331,2017-08-02,2017,4,1,CT,OUT,True,FALSE,Siphon,,0.0,,,True,0.34,0.75,MG/L,EPA300.0 [300OPHOS]_W,0.34,0.75,ALS_pre2023,False,2017-04-19,2017-10-13,2017,silage corn,2016-07-25,barley,1532.94375,176.63749999999982,2016-07-25,False,0.0,2017,True,,2017-04-19,PlantDate proxy,162.01249999999982,False,2016-07-25,0.0,2017.0,3.0,,2.0,0.75,1,,0.75,-0.3885840286996418,0.8701612665984524,0.4360727437137055,-0.2184378289463641,0.1726252446891151,,0.03,1,214,105,72,Siphon,2017-08-02,10.236254719570374,,0,,,,,,unlisted_default_zero,1.0,34202.02338502146,2868.7890666586954,407641.08849620447,2.478075512099207,reconstruction,volume_observation_or_prediction_event
VO_c4097c7db65c27bd9f8c,PE_f0acae9004db30c9f89b,33186.88,Bubbler,7 V,28.0,False,2017-08-03,338,2017-08-03,2017,4,2,CT,OUT,True,FALSE,Siphon,,0.0,,,True,0.34,0.75,MG/L,EPA300.0 [300OPHOS]_W,0.34,0.75,ALS_pre2023,False,2017-04-19,2017-10-13,2017,silage corn,2016-07-25,barley,1532.94375,176.63749999999982,2016-07-25,False,0.0,2017,True,,2017-04-19,PlantDate proxy,162.01249999999982,False,2016-07-25,0.0,2017.0,1.0,,2.0,0.75,1,,0.75,-0.3885840286996418,0.8701612665984524,0.4360727437137055,0.0203033450762901,0.1726252446891151,,0.01,1,215,106,71,Siphon,2017-08-03,10.409940028012905,,0,,,,,,unlisted_default_zero,1.0,36536.52718592816,3064.6645425924703,435464.41844839556,2.478075512099207,reconstruction,volume_observation_or_prediction_event
VO_8a778dd545d5dcaedd15,PE_c0e9a65e116d987d3dfe,13391.33,Bubbler,7 V,42.0,False,2017-08-21,345,2017-08-21,2017,5,1,CT,OUT,True,FALSE,Siphon,,0.0,,,True,0.34,0.75,MG/L,EPA300.0 [300OPHOS]_W,0.34,0.75,ALS_pre2023,False,2017-04-19,2017-10-13,2017,silage corn,2016-07-25,barley,1532.94375,176.63749999999982,2016-07-25,False,0.0,2017,True,,2017-04-19,PlantDate proxy,162.01249999999982,False,2016-07-25,0.0,2017.0,3.0,,2.0,0.75,1,,0.75,-0.3885840286996418,0.8701612665984524,0.4360727437137055,-0.872841390358962,0.6685495838321084,,0.03,1,233,124,53,Siphon,2017-08-21,9.502437434002719,,0,,,,,,unlisted_default_zero,1.0,23686.135327107164,1986.4582786727065,282309.51993674936,2.478075512099207,reconstruction,volume_observation_or_prediction_event
VO_9791b960e68ef08014cd,PE_20fd7645e8886a1975a0,46407.89,Bubbler,7 V,28.0,False,2017-08-22,352,2017-08-22,2017,5,2,CT,OUT,True,FALSE,Siphon,,0.0,,,True,0.34,0.75,MG/L,EPA300.0 [300OPHOS]_W,0.34,0.75,ALS_pre2023,False,2017-04-19,2017-10-13,2017,silage corn,2016-07-25,barley,1532.94375,176.63749999999982,2016-07-25,False,0.0,2017,True,,2017-04-19,PlantDate proxy,162.01249999999982,False,2016-07-25,0.0,2017.0,1.0,,2.0,0.75,1,,0.75,-0.3885840286996418,0.8701612665984524,0.4360727437137055,0.6168149589812751,0.6685495838321084,,0.01,1,234,125,52,Siphon,2017-08-22,10.745246314689988,,0,,,,,,unlisted_default_zero,1.0,28440.77230350711,2385.393924133195,338976.73690417537,2.478075512099207,reconstruction,volume_observation_or_prediction_event
VO_7b50bddda5a470d3baa3,PE_4a45291481f1020c04f7,29114.22,Bubbler,7 V,42.0,False,2017-09-06,358,2017-09-06,2017,6,1,CT,OUT,True,FALSE,Siphon,,0.11,,,True,0.34,0.75,MG/L,EPA300.0 [300OPHOS]_W,0.34,0.75,ALS_pre2023,False,2017-04-19,2017-10-13,2017,silage corn,2016-07-25,barley,1532.94375,176.63749999999982,2016-07-25,False,0.0,2017,True,,2017-04-19,PlantDate proxy,162.01249999999982,False,2016-07-25,0.0,2017.0,3.0,,2.0,0.75,0,0.11,0.75,0.9107156679506602,0.8701612665984524,0.4360727437137055,-0.1634488031700445,1.1644739229751015,,0.03,1,249,140,37,Siphon,2017-09-06,10.279016340485159,,0,,,,,,unlisted_default_zero,1.0,24427.445389375876,2048.65756110908,291144.67987582093,2.478075512099207,reconstruction,volume_observation_or_prediction_event
VO_0a007883bbdaf3906735,PE_1286406ef8d51ffa7b89,31529.05,Bubbler,7 V,28.0,False,2017-09-07,365,2017-09-07,2017,6,2,CT,OUT,True,FALSE,Siphon,,0.11,,,True,0.34,0.75,MG/L,EPA300.0 [300OPHOS]_W,0.34,0.75,ALS_pre2023,False,2017-04-19,2017-10-13,2017,silage corn,2016-07-25,barley,1532.94375,176.63749999999982,2016-07-25,False,0.0,2017,True,,2017-04-19,PlantDate proxy,162.01249999999982,False,2016-07-25,0.0,2017.0,1.0,,2.0,0.75,0,0.11,0.75,0.9107156679506602,0.8701612665984524,0.4360727437137055,-0.0544953918492624,1.1644739229751015,,0.01,1,250,141,36,Siphon,2017-09-07,10.358696338329159,,0,,,,,,unlisted_default_zero,1.0,26349.480432563814,2209.925034179638,314052.0810826723,2.478075512099207,reconstruction,volume_observation_or_prediction_event
VO_a1a023aa1c07dce8d9a0,PE_f112cb116ff39b0745d1,20754.38,Bubbler,7 V,14.0,False,2020-07-13,423,2020-07-13,2020,3,1,CT,OUT,False,TRUE,Siphon,,0.0,,,True,0.34,0.75,MG/L,EPA300.0 [300OPHOS]_W,0.34,0.75,ALS_pre2023,False,2020-04-28,2020-10-09,2020,grain corn,2019-08-02,winter wheat,1972.01875,188.53250000000003,2019-08-02,False,0.0,2020,True,,2020-04-28,PlantDate proxy,186.3387500000001,False,2019-08-02,0.0,2020.0,0.0,0.0002222223333333,3.0,0.75,1,,0.75,-0.3885840286996418,1.038534439529835,0.9713227182694746,-0.5406319117515712,-0.3232990944538781,,1e-06,1,195,76,88,Siphon,2020-07-13,9.940560769160777,,0,,,,,,unlisted_default_zero,1.0,25469.497290297328,2136.0904502572625,303564.17298411345,2.478075512099207,reconstruction,volume_observation_or_prediction_event
VO_eee13351fdb0cfd6bc1d,PE_5cea09f5406d83c18d64,20754.38,Bubbler,7 V,14.0,False,2020-07-13,424,2020-07-13,2020,3,2,CT,OUT,False,TRUE,Siphon,ORIGINAL SAMPLE ID: CT2-03-OT-D,0.0,,,True,0.34,0.75,MG/L,EPA300.0 [300OPHOS]_W,0.34,0.75,ALS_pre2023,False,2020-04-28,2020-10-09,2020,grain corn,2019-08-02,winter wheat,1972.01875,188.53250000000003,2019-08-02,False,0.0,2020,True,,2020-04-28,PlantDate proxy,186.3387500000001,False,2019-08-02,0.0,2020.0,0.0,0.0,3.0,0.75,1,,0.75,-0.3885840286996418,1.038534439529835,0.9713227182694746,-0.5406319117515712,-0.3232990944538781,,1e-06,1,195,76,88,Siphon,2020-07-13,9.940560769160777,,0,,,,,,unlisted_default_zero,1.0,25706.062514067566,2155.9393473879413,306383.6296385069,2.478075512099207,reconstruction,volume_observation_or_prediction_event
VO_1bbddc4ec1f39133749e,PE_33074ef569f8079ca2c5,13473.77,Ruler,7 V,28.0,False,2021-06-23,468,2021-06-23,2021,1,1,CT,OUT,False,TRUE,Siphon,LC samplers were not installed until 8/11/21,0.12,,75193.68,True,0.34,0.75,MG/L,EPA300.0 [300OPHOS]_W,0.34,0.75,ALS_pre2023,False,2021-04-27,2021-10-22,2021,grain corn,2020-10-09,grain corn,2218.32,239.8012500000002,2020-10-09,False,0.0,2021,True,,2021-04-27,PlantDate proxy,207.3012500000002,False,2020-10-09,0.0,2021.0,4.0,0.002111111,3.0,0.75,0,0.12,0.75,1.0288338221915967,1.7642412163037489,1.2715737865278682,-0.8691218244974789,-1.3151477727398646,-0.8436033973385142,0.04,1,174,57,121,Siphon,2021-06-23,9.508574326985887,,0,,,,,,unlisted_default_zero,1.0,17078.592514651802,1432.0554147151363,203558.80478573218,2.478075512099207,reconstruction,volume_observation_or_prediction_event
VO_c943d53851f3839149c4,PE_43f0020c0e87bb28cb4f,15554.78,Ruler,7 V,28.0,False,2021-06-24,474,2021-06-24,2021,1,2,CT,OUT,False,TRUE,Siphon,LC samplers were not installed until 8/11/21,0.041,,83456.54,True,0.34,0.75,MG/L,EPA300.0 [300OPHOS]_W,0.34,0.75,ALS_pre2023,False,2021-04-27,2021-10-22,2021,grain corn,2020-10-09,grain corn,2218.32,239.8012500000002,2020-10-09,False,0.0,2021,True,,2021-04-27,PlantDate proxy,207.3012500000002,False,2020-10-09,0.0,2021.0,4.0,0.000888889,3.0,0.75,0,0.041,0.75,0.095700403688198,1.7642412163037489,1.2715737865278682,-0.7752298575711688,-1.3151477727398646,-0.6044839858356796,0.04,1,175,58,120,Siphon,2021-06-24,9.652187552722559,,0,,,,,,unlisted_default_zero,1.0,17109.019880893266,1434.6084089923968,203921.44743818085,2.478075512099207,reconstruction,volume_observation_or_prediction_event
VO_2710595c7316476cd256,PE_21eb97240c4e244d59c9,21973.56,Ruler,7 V,28.0,False,2021-07-08,480,2021-07-08,2021,2,1,CT,OUT,False,TRUE,Siphon,LC samplers were not installed until 8/11/21,0.0,,93540.89,True,0.34,0.75,MG/L,EPA300.0 [300OPHOS]_W,0.34,0.75,ALS_pre2023,False,2021-04-27,2021-10-22,2021,grain corn,2020-10-09,grain corn,2218.32,239.8012500000002,2020-10-09,False,0.0,2021,True,,2021-04-27,PlantDate proxy,207.3012500000002,False,2020-10-09,0.0,2021.0,4.0,0.002111111,3.0,0.75,1,,0.75,-0.3885840286996418,1.7642412163037489,1.2715737865278682,-0.4856243874065567,-0.8192234335968713,-0.3126523636868583,0.04,1,189,72,106,Siphon,2021-07-08,9.997640699599792,,0,,,,,,unlisted_default_zero,1.0,17306.420982409763,1451.1712583201122,206274.13411116338,2.478075512099207,reconstruction,volume_observation_or_prediction_event
VO_da547894a58ea4872f35,PE_a1506e8e5a02282cf157,6748.25,Ruler,7 V,28.0,False,2021-07-09,486,2021-07-09,2021,2,2,CT,OUT,False,TRUE,Siphon,LC samplers were not installed until 8/11/21,0.0,,104233.28,True,0.34,0.75,MG/L,EPA300.0 [300OPHOS]_W,0.34,0.75,ALS_pre2023,False,2021-04-27,2021-10-22,2021,grain corn,2020-10-09,grain corn,2218.32,239.8012500000002,2020-10-09,False,0.0,2021,True,,2021-04-27,PlantDate proxy,207.3012500000002,False,2020-10-09,0.0,2021.0,4.0,0.000888889,3.0,0.75,1,,0.75,-0.3885840286996418,1.7642412163037489,1.2715737865278682,-1.1725669311534948,-0.8192234335968713,-0.0032246347456935,0.04,1,190,73,105,Siphon,2021-07-09,8.817186666582167,,0,,,,,,unlisted_default_zero,1.0,16602.743691816187,1392.1295364153223,197887.4930491762,2.478075512099207,reconstruction,volume_observation_or_prediction_event
VO_0a2d0b9bcd733b37a7a7,PE_e9ed7c0da6f350ec0ebd,12952.77,Ruler,7 V,28.0,False,2021-07-29,492,2021-07-29,2021,3,1,CT,OUT,False,TRUE,Siphon,LC samplers were not installed until 8/11/21,0.0,,61418.81,True,0.34,0.75,MG/L,EPA300.0 [300OPHOS]_W,0.34,0.75,ALS_pre2023,False,2021-04-27,2021-10-22,2021,grain corn,2020-10-09,grain corn,2218.32,239.8012500000002,2020-10-09,False,0.0,2021,True,,2021-04-27,PlantDate proxy,207.3012500000002,False,2020-10-09,0.0,2021.0,4.0,0.002111111,3.0,0.75,1,,0.75,-0.3885840286996418,1.7642412163037489,1.2715737865278682,-0.8926285422780793,-0.3232990944538781,-1.2422352037503437,0.04,1,210,93,85,Siphon,2021-07-29,9.46914214445169,,0,,,,,,unlisted_default_zero,1.0,15065.394483141645,1263.1389527167278,179564.8952157194,2.478075512099207,reconstruction,volume_observation_or_prediction_event
VO_873e24767d50ca1619bf,PE_7131d35e8cd02b882d26,49247.71,Ruler,60 V Trap,56.0,False,2023-07-17,700,2023-07-17,2023,1,1,CT,OUT,False,TRUE,Gated Pipe,,0.0,,,True,0.01,0.05,mg/L,SM4500P E (P-Ortho),0.01,0.05,ALS_2023plus,False,2023-05-02,2023-09-08,2023,silage corn,2022-10-24,grain corn,2680.77875,192.98500000000013,2022-10-24,False,0.0,2023,True,2023-05-01,2023-05-01,user-confirmed measurement date,166.41625000000022,False,2022-10-24,0.0,2023.0,10.333333333333334,0.0256666666666666,3.0,0.05,1,,0.05,-0.3885840286996418,1.1015593703812,1.8353294869676395,0.7449432647158335,-1.3151477727398646,,0.1033333333333333,1,198,76,53,Gated Pipe,2023-07-17,10.804638453363793,,0,,,,,,unlisted_default_zero,1.0,35473.345417055025,2975.4587615176006,422793.0931144974,2.478075512099207,reconstruction,volume_observation_or_prediction_event
VO_6ede9003c2a954d040c4,PE_222b0b4beba254c530d7,21017.36,Ruler,60 V Trap,56.0,False,2023-07-17,714,2023-07-17,2023,1,2,CT,OUT,False,TRUE,Gated Pipe,,0.0,,,True,0.01,0.05,mg/L,SM4500P E (P-Ortho),0.01,0.05,ALS_2023plus,False,2023-05-02,2023-09-08,2023,silage corn,2022-10-24,grain corn,2680.77875,192.98500000000013,2022-10-24,False,0.0,2023,True,2023-05-01,2023-05-01,user-confirmed measurement date,166.41625000000022,False,2022-10-24,0.0,2023.0,2.333333333333333,0.0021666666666666,3.0,0.05,1,,0.05,-0.3885840286996418,1.1015593703812,1.8353294869676395,-0.5287666590798968,-1.3151477727398646,,0.0233333333333333,1,198,76,53,Gated Pipe,2023-07-17,9.953151620454706,,0,,,,,,unlisted_default_zero,1.0,31120.419686426318,2610.228514790167,370913.5935764695,2.478075512099207,reconstruction,volume_observation_or_prediction_event
VO_e198cb6d8cc8af50f9b2,PE_21ef5b6342274d9e3203,73898.8,Ruler,60 V Trap,56.0,False,2023-08-16,738,2023-08-16,2023,2,1,CT,OUT,False,TRUE,Gated Pipe,,0.0,H,,True,0.01,0.05,mg/L,SM4500P E (P-Ortho),0.01,0.05,ALS_2023plus,False,2023-05-02,2023-09-08,2023,silage corn,2022-10-24,grain corn,2680.77875,192.98500000000013,2022-10-24,False,0.0,2023,True,2023-05-01,2023-05-01,user-confirmed measurement date,166.41625000000022,False,2022-10-24,0.0,2023.0,10.333333333333334,0.0256666666666666,3.0,0.05,1,,0.05,-0.3885840286996418,1.1015593703812,1.8353294869676395,1.8571624885434408,-0.8192234335968713,,0.1033333333333333,1,228,106,23,Gated Pipe,2023-08-16,11.210465400572685,,0,,,,,,unlisted_default_zero,1.0,67915.78971060031,5697.527243044659,809452.061793102,2.478075512099207,reconstruction,volume_observation_or_prediction_event
VO_a7d54c9217b5610b2648,PE_1607bd85c5b858754283,73851.0,Ruler,60 V Trap,56.0,False,2023-08-16,752,2023-08-16,2023,2,2,CT,OUT,False,TRUE,Gated Pipe,,0.0,H,,True,0.01,0.05,mg/L,SM4500P E (P-Ortho),0.01,0.05,ALS_2023plus,False,2023-05-02,2023-09-08,2023,silage corn,2022-10-24,grain corn,2680.77875,192.98500000000013,2022-10-24,False,0.0,2023,True,2023-05-01,2023-05-01,user-confirmed measurement date,166.41625000000022,False,2022-10-24,0.0,2023.0,2.333333333333333,0.0021666666666666,3.0,0.05,1,,0.05,-0.3885840286996418,1.1015593703812,1.8353294869676395,1.8550058261443765,-0.8192234335968713,,0.0233333333333333,1,228,106,23,Gated Pipe,2023-08-16,11.209818369515634,,0,,,,,,unlisted_default_zero,1.0,66547.36007208911,5582.709778784743,793142.6990352134,2.478075512099207,reconstruction,volume_observation_or_prediction_event
VO_6adfc1e446b8a93c8085,PE_f7a5e5b2a4c1c3239774,36666.33,Ruler,60 V Trap,56.0,False,2023-08-23,764,2023-08-23,2023,3,1,CT,OUT,False,TRUE,Gated Pipe,,0.0,,,True,0.01,0.05,mg/L,SM4500P E (P-Ortho),0.01,0.05,ALS_2023plus,False,2023-05-02,2023-09-08,2023,silage corn,2022-10-24,grain corn,2680.77875,192.98500000000013,2022-10-24,False,0.0,2023,True,2023-05-01,2023-05-01,user-confirmed measurement date,166.41625000000022,False,2022-10-24,0.0,2023.0,10.333333333333334,0.0256666666666666,3.0,0.05,1,,0.05,-0.3885840286996418,1.1015593703812,1.8353294869676395,0.1772907715287096,-0.3232990944538781,,0.1033333333333333,1,235,113,16,Gated Pipe,2023-08-23,10.509641446851896,,0,,,,,,unlisted_default_zero,1.0,41860.204640788106,3511.3452696847216,498913.6337926045,2.478075512099207,reconstruction,volume_observation_or_prediction_event
VO_7d940e4c3c1352d736f6,PE_ee0d84028e7204c9f8b6,27515.49,Ruler,60 V Trap,56.0,False,2023-08-23,777,2023-08-23,2023,3,2,CT,OUT,False,TRUE,Gated Pipe,,0.0,,,True,0.01,0.05,mg/L,SM4500P E (P-Ortho),0.01,0.05,ALS_2023plus,False,2023-05-02,2023-09-08,2023,silage corn,2022-10-24,grain corn,2680.77875,192.98500000000013,2022-10-24,False,0.0,2023,True,2023-05-01,2023-05-01,user-confirmed measurement date,166.41625000000022,False,2022-10-24,0.0,2023.0,2.333333333333333,0.0021666666666666,3.0,0.05,1,,0.05,-0.3885840286996418,1.1015593703812,1.8353294869676395,-0.2355810390959168,-0.3232990944538781,,0.0233333333333333,1,235,113,16,Gated Pipe,2023-08-23,10.222540740308252,,0,,,,,,unlisted_default_zero,1.0,37085.38428311699,3110.7161468304844,442005.86511717166,2.478075512099207,reconstruction,volume_observation_or_prediction_event
VO_7e67bcf9019be4471118,PE_577d295e76e129c37688,23145.08,Ruler,60 V Trap,56.0,False,2023-09-20,790,2023-09-20,2023,4,1,CT,OUT,False,TRUE,Gated Pipe,,0.0,H,,True,0.01,0.05,mg/L,SM4500P E (P-Ortho),0.01,0.05,ALS_2023plus,False,2023-09-13,2024-08-02,2023,winter wheat,2023-09-08,silage corn,2725.32,38.04125000000022,2023-09-08,False,0.0,2023,False,,2023-09-13,PlantDate proxy,38.04125000000022,False,2023-09-08,0.0,,,,,0.05,1,,0.05,-0.3885840286996418,-1.091662219647085,1.889627051003812,-0.4327672088761745,0.1726252446891151,,,1,263,7,317,Gated Pipe,2023-09-20,10.049580714722797,,0,,,,,,unlisted_default_zero,1.0,28816.338910341707,2416.9056688688383,343452.8545343646,2.478075512099207,reconstruction,volume_observation_or_prediction_event
VO_8db6a7c09215800b45c7,PE_5bf168b414e63b4f63f3,19788.4,Ruler,60 V Trap,70.0,False,2023-09-20,803,2023-09-20,2023,4,2,CT,OUT,False,TRUE,Gated Pipe,"There are two samples with this same ID in  the 2023 TSS sheet, averaging results",0.0,H,,True,0.01,0.05,mg/L,SM4500P E (P-Ortho),0.01,0.05,ALS_2023plus,False,2023-09-13,2024-08-02,2023,winter wheat,2023-09-08,silage corn,2725.32,38.04125000000022,2023-09-08,False,0.0,2023,False,,2023-09-13,PlantDate proxy,38.04125000000022,False,2023-09-08,0.0,,,,,0.05,1,,0.05,-0.3885840286996418,-1.091662219647085,1.889627051003812,-0.5842154419659752,0.1726252446891151,,,1,263,7,317,Gated Pipe,2023-09-20,9.892901719794404,,0,,,,,,unlisted_default_zero,1.0,26506.21506789989,2223.0757822228998,315920.0923800616,2.478075512099207,reconstruction,volume_observation_or_prediction_event
VO_d6b5408d3dd840ba0579,PE_bf4d5c43e21a82c51f4f,30266.86,Ruler,60 V Trap,56.0,False,2023-09-26,816,2023-09-26,2023,5,1,CT,OUT,False,TRUE,Gated Pipe,"Method: E300, Method: SM4500P E: ""Sample holding time expired prior to sample receipt. It was analyzed at the request of the client. Results should be considered  estimated.""",0.0,H,,True,0.01,0.05,mg/L,SM4500P E (P-Ortho),0.01,0.05,ALS_2023plus,False,2023-09-13,2024-08-02,2023,winter wheat,2023-09-08,silage corn,2725.32,38.04125000000022,2023-09-08,False,0.0,2023,False,,2023-09-13,PlantDate proxy,38.04125000000022,False,2023-09-08,0.0,,,,,0.05,1,,0.05,-0.3885840286996418,-1.091662219647085,1.889627051003812,-0.1114434611688327,0.6685495838321084,,,1,269,13,311,Gated Pipe,2023-09-26,10.317841702456814,,0,,,,,,unlisted_default_zero,1.0,31618.504459634525,2652.020090357374,376849.92016705073,2.478075512099207,reconstruction,volume_observation_or_prediction_event
VO_a465563a77b8e521d7b6,PE_17f8630aaa6312f3912a,56738.31,Ruler,60 V Trap,56.0,False,2023-09-26,828,2023-09-26,2023,5,2,CT,OUT,False,TRUE,Gated Pipe,"Method: E300, Method: SM4500P E: ""Sample holding time expired prior to sample receipt. It was analyzed at the request of the client. Results should be considered  estimated.""",0.0,H,,True,0.01,0.05,mg/L,SM4500P E (P-Ortho),0.01,0.05,ALS_2023plus,False,2023-09-13,2024-08-02,2023,winter wheat,2023-09-08,silage corn,2725.32,38.04125000000022,2023-09-08,False,0.0,2023,False,,2023-09-13,PlantDate proxy,38.04125000000022,False,2023-09-08,0.0,,,,,0.05,1,,0.05,-0.3885840286996418,-1.091662219647085,1.889627051003812,1.0829076029257494,0.6685495838321084,,,1,269,13,311,Gated Pipe,2023-09-26,10.946222547555731,,0,,,,,,unlisted_default_zero,1.0,30045.252347592213,2520.0170899380037,358099.42055581254,2.478075512099207,reconstruction,volume_observation_or_prediction_event
VO_7f053a11199c6629b98f,PE_e01f96101de9649fe0a8,49274.84,Etape,60 V Trap,28.0,False,2024-05-15,841,2024-05-15,2024,1,1,CT,OUT,False,TRUE,Gated Pipe,,0.355,H,,True,0.01,0.05,mg/L,SM4500P E (P-Ortho),0.01,0.05,ALS_2023plus,False,2023-09-13,2024-08-02,2023,winter wheat,2023-09-08,silage corn,2725.32,38.04125000000022,2023-09-08,False,0.0,2023,False,,2023-09-13,PlantDate proxy,38.04125000000022,False,2023-09-08,0.0,,,,,0.05,0,0.355,0.05,3.804610446853605,-1.091662219647085,1.889627051003812,0.7461673285419135,-1.3151477727398646,,,1,136,245,79,Gated Pipe,2024-05-15,10.80518917905979,,0,,,,,,unlisted_default_zero,1.0,42867.896835594715,3595.8952233733116,510923.6174197297,2.478075512099207,reconstruction,volume_observation_or_prediction_event
VO_cd22aa4df197553e2a06,PE_a354768a3ad269a40a28,50602.49,Etape,60 V Trap,28.0,False,2024-05-15,853,2024-05-15,2024,1,2,CT,OUT,False,TRUE,Gated Pipe,,0.355,H,,True,0.01,0.05,mg/L,SM4500P E (P-Ortho),0.01,0.05,ALS_2023plus,False,2023-09-13,2024-08-02,2023,winter wheat,2023-09-08,silage corn,2725.32,38.04125000000022,2023-09-08,False,0.0,2023,False,,2023-09-13,PlantDate proxy,38.04125000000022,False,2023-09-08,0.0,,,,,0.05,0,0.355,0.05,3.804610446853605,-1.091662219647085,1.889627051003812,0.8060688522682364,-1.3151477727398646,,,1,136,245,79,Gated Pipe,2024-05-15,10.83177582522909,,0,,,,,,unlisted_default_zero,0.5,39206.56668584838,3288.6929882115123,467286.7654339976,2.478075512099207,reconstruction,volume_observation_or_prediction_event
VO_d864dcb6307dfdf717ac,PE_a354768a3ad269a40a28,39869.62,Bubbler,60 V Trap,28.0,False,2024-05-15,853,2024-05-15,2024,1,2,CT,OUT,False,TRUE,Gated Pipe,,0.355,H,,True,0.01,0.05,mg/L,SM4500P E (P-Ortho),0.01,0.05,ALS_2023plus,False,2023-09-13,2024-08-02,2023,winter wheat,2023-09-08,silage corn,2725.32,38.04125000000022,2023-09-08,False,0.0,2023,False,,2023-09-13,PlantDate proxy,38.04125000000022,False,2023-09-08,0.0,,,,,0.05,0,0.355,0.05,3.804610446853605,-1.091662219647085,1.889627051003812,0.8060688522682364,-1.3151477727398646,,,1,136,245,79,Gated Pipe,2024-05-15,10.593394990793746,,0,,,,,,unlisted_default_zero,0.5,49462.16595248007,4149.184363962274,589516.1326092018,2.478075512099207,reconstruction,volume_observation_or_prediction_event
VO_f34bcabdbcf3236c242e,PE_add35a9103c77e144288,52953.86,Etape,60 V Trap,28.0,False,2024-05-30,865,2024-05-30,2024,2,1,CT,OUT,False,TRUE,Gated Pipe,,0.0,"H, MS, MSD",94082.92,True,0.01,0.05,mg/L,SM4500P E (P-Ortho),0.01,0.05,ALS_2023plus,False,2023-09-13,2024-08-02,2023,winter wheat,2023-09-08,silage corn,2725.32,38.04125000000022,2023-09-08,False,0.0,2023,False,,2023-09-13,PlantDate proxy,38.04125000000022,False,2023-09-08,0.0,,,,,0.05,1,,0.05,-0.3885840286996418,-1.091662219647085,1.889627051003812,0.9121590461027292,-0.8192234335968713,-0.2969665243265301,,1,151,260,64,Gated Pipe,2024-05-30,10.877195131520144,,0,,,,,,unlisted_default_zero,0.5,34993.815535520676,2935.224025667726,417077.9093950771,2.478075512099207,reconstruction,volume_observation_or_prediction_event
VO_37ceb235bdfca32cadfc,PE_add35a9103c77e144288,41453.5,Bubbler,60 V Trap,28.0,False,2024-05-30,865,2024-05-30,2024,2,1,CT,OUT,False,TRUE,Gated Pipe,,0.0,"H, MS, MSD",94082.92,True,0.01,0.05,mg/L,SM4500P E (P-Ortho),0.01,0.05,ALS_2023plus,False,2023-09-13,2024-08-02,2023,winter wheat,2023-09-08,silage corn,2725.32,38.04125000000022,2023-09-08,False,0.0,2023,False,,2023-09-13,PlantDate proxy,38.04125000000022,False,2023-09-08,0.0,,,,,0.05,1,,0.05,-0.3885840286996418,-1.091662219647085,1.889627051003812,0.9121590461027292,-0.8192234335968713,-0.2969665243265301,,1,151,260,64,Gated Pipe,2024-05-30,10.632351719206323,,0,,,,,,unlisted_default_zero,0.5,51535.34353056992,4323.133382441425,614224.8967509761,2.478075512099207,reconstruction,volume_observation_or_prediction_event
VO_52a83b4b00d588e9f23d,PE_828e337f2a8b9a9634d7,21784.86,Etape,60 V Trap,28.0,False,2024-06-12,889,2024-06-12,2024,3,1,CT,OUT,False,TRUE,Gated Pipe,"Method: SM4500P E: ""Sample was analyzed outside of the holding time at the request of the client. Results should be considered estimated""",0.0,H,89469.23,True,0.01,0.05,mg/L,SM4500P E (P-Ortho),0.01,0.05,ALS_2023plus,False,2023-09-13,2024-08-02,2023,winter wheat,2023-09-08,silage corn,2725.32,38.04125000000022,2023-09-08,False,0.0,2023,False,,2023-09-13,PlantDate proxy,38.04125000000022,False,2023-09-08,0.0,,,,,0.05,1,,0.05,-0.3885840286996418,-1.091662219647085,1.889627051003812,-0.4941382408522368,-0.3232990944538781,-0.4304823817483566,,1,164,273,51,Gated Pipe,2024-06-12,9.989016414476513,,0,,,,,,unlisted_default_zero,1.0,46762.43594784832,3922.6647500963377,557339.925112121,2.478075512099207,reconstruction,volume_observation_or_prediction_event
VO_799e53db901f97237fb4,PE_3a4478840ec05680e176,80052.15,Etape,60 V Trap,28.0,False,2024-06-20,925,2024-06-20,2024,4,2,CT,OUT,False,TRUE,Gated Pipe,,0.319,,,True,0.01,0.05,mg/L,SM4500P E (P-Ortho),0.01,0.05,ALS_2023plus,False,2023-09-13,2024-08-02,2023,winter wheat,2023-09-08,silage corn,2725.32,38.04125000000022,2023-09-08,False,0.0,2023,False,,2023-09-13,PlantDate proxy,38.04125000000022,False,2023-09-08,0.0,,,,,0.05,0,0.319,0.05,3.379385091586234,-1.091662219647085,1.889627051003812,2.134792165808812,0.1726252446891151,,,1,172,281,43,Gated Pipe,2024-06-20,11.29044606805665,,0,,,,,,unlisted_default_zero,0.5,50121.40404376928,4204.497435131743,597373.1337089079,2.478075512099207,reconstruction,volume_observation_or_prediction_event
VO_02e2b0ee87028aab4d63,PE_3a4478840ec05680e176,44388.43,Bubbler,60 V Trap,28.0,False,2024-06-20,925,2024-06-20,2024,4,2,CT,OUT,False,TRUE,Gated Pipe,,0.319,,,True,0.01,0.05,mg/L,SM4500P E (P-Ortho),0.01,0.05,ALS_2023plus,False,2023-09-13,2024-08-02,2023,winter wheat,2023-09-08,silage corn,2725.32,38.04125000000022,2023-09-08,False,0.0,2023,False,,2023-09-13,PlantDate proxy,38.04125000000022,False,2023-09-08,0.0,,,,,0.05,0,0.319,0.05,3.379385091586234,-1.091662219647085,1.889627051003812,2.134792165808812,0.1726252446891151,,,1,172,281,43,Gated Pipe,2024-06-20,10.700756657015743,,0,,,,,,unlisted_default_zero,0.5,45895.4080697618,3849.9171717021172,547006.4218124576,2.478075512099207,reconstruction,volume_observation_or_prediction_event
VO_a94e975f6107889a158e,PE_41cebec90b66f3ef63c2,45385.43,Etape,60 V Trap,28.0,False,2025-06-30,937,2025-06-30,2025,1,1,CT,OUT,False,TRUE,Gated Pipe,,0.0,,95862.56,True,0.01,0.05,mg/L,SM4500P E (P-Ortho),0.01,0.05,ALS_2023plus,False,2025-04-24,2025-11-07,2025,grain corn,2024-08-02,winter wheat,2933.58,208.25999999999976,2024-08-02,False,0.0,2025,True,,2025-04-24,PlantDate proxy,174.29749999999967,False,2024-08-02,0.0,2025.0,4.666666666666667,0.0115233333333333,3.0,0.05,1,,0.05,-0.3885840286996418,1.3177762864406168,2.143504315027007,0.5706831381329972,-1.3151477727398646,-0.2454654133931603,0.0466666666666666,1,181,67,130,Gated Pipe,2025-06-30,10.722968440671911,,0,,,,,,unlisted_default_zero,1.0,49900.662144649876,4185.976186834034,594742.2642748607,2.478075512099207,reconstruction,volume_observation_or_prediction_event
VO_6e3570c94863bf0ae1a1,PE_92e7ac2243498d97f3e0,30980.44,Etape,60 V Trap,28.0,False,2025-06-30,949,2025-06-30,2025,1,2,CT,OUT,False,TRUE,Gated Pipe,,0.0,,98436.15,True,0.01,0.05,mg/L,SM4500P E (P-Ortho),0.01,0.05,ALS_2023plus,False,2025-04-24,2025-11-07,2025,grain corn,2024-08-02,winter wheat,2933.58,208.25999999999976,2024-08-02,False,0.0,2025,True,,2025-04-24,PlantDate proxy,174.29749999999967,False,2024-08-02,0.0,2025.0,2.6666666666666665,0.0123866666666666,3.0,0.05,1,,0.05,-0.3885840286996418,1.3177762864406168,2.143504315027007,-0.0792478303168541,-1.3151477727398646,-0.1709881347935496,0.0266666666666666,1,181,67,130,Gated Pipe,2025-06-30,10.341143594491657,,0,,,,,,unlisted_default_zero,0.5,51099.08719331175,4286.529493573743,609025.4603608731,2.478075512099207,reconstruction,volume_observation_or_prediction_event
VO_487c95b8b47e4e371ff1,PE_92e7ac2243498d97f3e0,36043.57,Bubbler,60 V Trap,28.0,False,2025-06-30,949,2025-06-30,2025,1,2,CT,OUT,False,TRUE,Gated Pipe,,0.0,,98436.15,True,0.01,0.05,mg/L,SM4500P E (P-Ortho),0.01,0.05,ALS_2023plus,False,2025-04-24,2025-11-07,2025,grain corn,2024-08-02,winter wheat,2933.58,208.25999999999976,2024-08-02,False,0.0,2025,True,,2025-04-24,PlantDate proxy,174.29749999999967,False,2024-08-02,0.0,2025.0,2.6666666666666665,0.0123866666666666,3.0,0.05,1,,0.05,-0.3885840286996418,1.3177762864406168,2.143504315027007,-0.0792478303168541,-1.3151477727398646,-0.1709881347935496,0.0266666666666666,1,181,67,130,Gated Pipe,2025-06-30,10.492511507234992,,0,,,,,,unlisted_default_zero,0.5,48843.02089994977,4097.235280911164,582136.9726017845,2.478075512099207,reconstruction,volume_observation_or_prediction_event
VO_1e36bc066609de111cf3,PE_961b16815e7ba5016bdb,52464.39,Etape,60 V Trap,28.0,False,2025-07-14,961,2025-07-14,2025,2,1,CT,OUT,False,TRUE,Gated Pipe,,0.0,,101767.55,True,0.01,0.05,mg/L,SM4500P E (P-Ortho),0.01,0.05,ALS_2023plus,False,2025-04-24,2025-11-07,2025,grain corn,2024-08-02,winter wheat,2933.58,208.25999999999976,2024-08-02,False,0.0,2025,True,,2025-04-24,PlantDate proxy,174.29749999999967,False,2024-08-02,0.0,2025.0,4.666666666666667,0.0115233333333333,3.0,0.05,1,,0.05,-0.3885840286996418,1.3177762864406168,2.143504315027007,0.8900749133732271,-0.8192234335968713,-0.074580546200672,0.0466666666666666,1,195,81,116,Gated Pipe,2025-07-14,10.867908993091497,,0,,,,,,unlisted_default_zero,1.0,44401.77477190844,3724.5945515487806,529204.8435680298,2.478075512099207,reconstruction,volume_observation_or_prediction_event
VO_84a9c7fa5b23de230f7d,PE_30d8eee773ba85ed7ec9,39731.85,Etape,60 V Trap,28.0,False,2025-07-14,973,2025-07-14,2025,2,2,CT,OUT,False,TRUE,Gated Pipe,,0.0,,87051.66,True,0.01,0.05,mg/L,SM4500P E (P-Ortho),0.01,0.05,ALS_2023plus,False,2025-04-24,2025-11-07,2025,grain corn,2024-08-02,winter wheat,2933.58,208.25999999999976,2024-08-02,False,0.0,2025,True,,2025-04-24,PlantDate proxy,174.29749999999967,False,2024-08-02,0.0,2025.0,2.6666666666666665,0.0123866666666666,3.0,0.05,1,,0.05,-0.3885840286996418,1.3177762864406168,2.143504315027007,0.3156023137375127,-0.8192234335968713,-0.5004445880143354,0.0266666666666666,1,195,81,116,Gated Pipe,2025-07-14,10.589933580441759,,0,,,,,,unlisted_default_zero,0.5,47078.26576003224,3949.1643063410415,561104.0813622496,2.478075512099207,reconstruction,volume_observation_or_prediction_event
VO_d16caed252d85f87b1d8,PE_30d8eee773ba85ed7ec9,52792.88,Bubbler,60 V Trap,28.0,False,2025-07-14,973,2025-07-14,2025,2,2,CT,OUT,False,TRUE,Gated Pipe,,0.0,,87051.66,True,0.01,0.05,mg/L,SM4500P E (P-Ortho),0.01,0.05,ALS_2023plus,False,2025-04-24,2025-11-07,2025,grain corn,2024-08-02,winter wheat,2933.58,208.25999999999976,2024-08-02,False,0.0,2025,True,,2025-04-24,PlantDate proxy,174.29749999999967,False,2024-08-02,0.0,2025.0,2.6666666666666665,0.0123866666666666,3.0,0.05,1,,0.05,-0.3885840286996418,1.3177762864406168,2.143504315027007,0.3156023137375127,-0.8192234335968713,-0.5004445880143354,0.0266666666666666,1,195,81,116,Gated Pipe,2025-07-14,10.874150553885466,,0,,,,,,unlisted_default_zero,0.5,49862.58049760427,4182.780963619361,594288.3955638905,2.478075512099207,reconstruction,volume_observation_or_prediction_event
VO_e38cb5b8727b11f03f17,PE_85771b5590cb80ee80b1,63508.94,Etape,60 V Trap,28.0,False,2025-07-31,985,2025-07-31,2025,3,1,CT,OUT,False,TRUE,Gated Pipe,"Nitrate, Nitrite, H flag.",0.0,H,92486.37,True,0.01,0.05,mg/L,SM4500P E (P-Ortho),0.01,0.05,ALS_2023plus,False,2025-04-24,2025-11-07,2025,grain corn,2024-08-02,winter wheat,2933.58,208.25999999999976,2024-08-02,False,0.0,2025,True,,2025-04-24,PlantDate proxy,174.29749999999967,False,2024-08-02,0.0,2025.0,4.666666666666667,0.0115233333333333,3.0,0.05,1,,0.05,-0.3885840286996418,1.3177762864406168,2.143504315027007,1.3883880033228075,-0.3232990944538781,-0.3431691825386808,0.0466666666666666,1,212,98,99,Gated Pipe,2025-07-31,11.05895170806346,,0,,,,,,unlisted_default_zero,0.5,46673.69819104011,3915.2192491117803,556282.3213995321,2.478075512099207,reconstruction,volume_observation_or_prediction_event
VO_6b01c798c880c134679b,PE_85771b5590cb80ee80b1,48014.28,Bubbler,60 V Trap,28.0,False,2025-07-31,985,2025-07-31,2025,3,1,CT,OUT,False,TRUE,Gated Pipe,"Nitrate, Nitrite, H flag.",0.0,H,92486.37,True,0.01,0.05,mg/L,SM4500P E (P-Ortho),0.01,0.05,ALS_2023plus,False,2025-04-24,2025-11-07,2025,grain corn,2024-08-02,winter wheat,2933.58,208.25999999999976,2024-08-02,False,0.0,2025,True,,2025-04-24,PlantDate proxy,174.29749999999967,False,2024-08-02,0.0,2025.0,4.666666666666667,0.0115233333333333,3.0,0.05,1,,0.05,-0.3885840286996418,1.3177762864406168,2.143504315027007,1.3883880033228075,-0.3232990944538781,-0.3431691825386808,0.0466666666666666,1,212,98,99,Gated Pipe,2025-07-31,10.779274572566056,,0,,,,,,unlisted_default_zero,0.5,44298.29904346272,3715.9124677804753,527971.5882040976,2.478075512099207,reconstruction,volume_observation_or_prediction_event
VO_23d798397dcc7ba90a8c,PE_79ea2eb78bef48e2d163,51762.19,Etape,60 V Trap,28.0,False,2025-07-31,997,2025-07-31,2025,3,2,CT,OUT,False,TRUE,Gated Pipe,"Nitrate, Nitrite, H flag.",0.0,H,90860.75,True,0.01,0.05,mg/L,SM4500P E (P-Ortho),0.01,0.05,ALS_2023plus,False,2025-04-24,2025-11-07,2025,grain corn,2024-08-02,winter wheat,2933.58,208.25999999999976,2024-08-02,False,0.0,2025,True,,2025-04-24,PlantDate proxy,174.29749999999967,False,2024-08-02,0.0,2025.0,2.6666666666666665,0.0123866666666666,3.0,0.05,1,,0.05,-0.3885840286996418,1.3177762864406168,2.143504315027007,0.8583927305986827,-0.3232990944538781,-0.3902130992608855,0.0266666666666666,1,212,98,99,Gated Pipe,2025-07-31,10.854434557878477,,0,,,,,,unlisted_default_zero,0.5,41450.706751919526,3476.9865362164546,494033.112770411,2.478075512099207,reconstruction,volume_observation_or_prediction_event
VO_b8f9ccad82cf26c8d345,PE_79ea2eb78bef48e2d163,48378.31,Bubbler,60 V Trap,28.0,False,2025-07-31,997,2025-07-31,2025,3,2,CT,OUT,False,TRUE,Gated Pipe,"Nitrate, Nitrite, H flag.",0.0,H,90860.75,True,0.01,0.05,mg/L,SM4500P E (P-Ortho),0.01,0.05,ALS_2023plus,False,2025-04-24,2025-11-07,2025,grain corn,2024-08-02,winter wheat,2933.58,208.25999999999976,2024-08-02,False,0.0,2025,True,,2025-04-24,PlantDate proxy,174.29749999999967,False,2024-08-02,0.0,2025.0,2.6666666666666665,0.0123866666666666,3.0,0.05,1,,0.05,-0.3885840286996418,1.3177762864406168,2.143504315027007,0.8583927305986827,-0.3232990944538781,-0.3902130992608855,0.0266666666666666,1,212,98,99,Gated Pipe,2025-07-31,10.78682752197054,,0,,,,,,unlisted_default_zero,0.5,39830.076955253244,3341.0083327921584,474717.95143056556,2.478075512099207,reconstruction,volume_observation_or_prediction_event
VO_e857abc5f608246a62ac,PE_bd4a80359ce1de5f5729,44112.36,Etape,60 V Trap,28.0,False,2025-08-11,1009,2025-08-11,2025,4,1,CT,OUT,False,TRUE,Gated Pipe,,0.0,,93182.2,True,0.01,0.05,mg/L,SM4500P E (P-Ortho),0.01,0.05,ALS_2023plus,False,2025-04-24,2025-11-07,2025,grain corn,2024-08-02,winter wheat,2933.58,208.25999999999976,2024-08-02,False,0.0,2025,True,,2025-04-24,PlantDate proxy,174.29749999999967,False,2024-08-02,0.0,2025.0,4.666666666666667,0.0115233333333333,3.0,0.05,1,,0.05,-0.3885840286996418,1.3177762864406168,2.143504315027007,0.5132441799661084,0.1726252446891151,-0.3230325155606589,0.0466666666666666,1,223,109,88,Gated Pipe,2025-08-11,10.69451796340131,,0,,,,,,unlisted_default_zero,0.5,44677.903135371394,3747.762975858527,532495.8258156511,2.478075512099207,reconstruction,volume_observation_or_prediction_event
VO_9da8c9251a20a8eb1be0,PE_bd4a80359ce1de5f5729,36259.61,Bubbler,60 V Trap,28.0,False,2025-08-11,1009,2025-08-11,2025,4,1,CT,OUT,False,TRUE,Gated Pipe,,0.0,,93182.2,True,0.01,0.05,mg/L,SM4500P E (P-Ortho),0.01,0.05,ALS_2023plus,False,2025-04-24,2025-11-07,2025,grain corn,2024-08-02,winter wheat,2933.58,208.25999999999976,2024-08-02,False,0.0,2025,True,,2025-04-24,PlantDate proxy,174.29749999999967,False,2024-08-02,0.0,2025.0,4.666666666666667,0.0115233333333333,3.0,0.05,1,,0.05,-0.3885840286996418,1.3177762864406168,2.143504315027007,0.5132441799661084,0.1726252446891151,-0.3230325155606589,0.0466666666666666,1,223,109,88,Gated Pipe,2025-08-11,10.498487307112732,,0,,,,,,unlisted_default_zero,0.5,42855.59904694445,3594.863383029388,510777.0486151883,2.478075512099207,reconstruction,volume_observation_or_prediction_event
VO_99a0c428b5127951ad35,PE_72b83136bc50254a55a6,38777.88,Etape,60 V Trap,28.0,False,2025-08-11,1021,2025-08-11,2025,4,2,CT,OUT,False,TRUE,Gated Pipe,,0.0,,90517.24,True,0.01,0.05,mg/L,SM4500P E (P-Ortho),0.01,0.05,ALS_2023plus,False,2025-04-24,2025-11-07,2025,grain corn,2024-08-02,winter wheat,2933.58,208.25999999999976,2024-08-02,False,0.0,2025,True,,2025-04-24,PlantDate proxy,174.29749999999967,False,2024-08-02,0.0,2025.0,2.6666666666666665,0.0123866666666666,3.0,0.05,1,,0.05,-0.3885840286996418,1.3177762864406168,2.143504315027007,0.2725606562304887,0.1726252446891151,-0.4001539561851632,0.0266666666666666,1,223,109,88,Gated Pipe,2025-08-11,10.565631047513156,,0,,,,,,unlisted_default_zero,0.5,42001.558061253105,3523.205463914297,500598.3270691556,2.478075512099207,reconstruction,volume_observation_or_prediction_event
VO_afb5c04fbece42a19784,PE_72b83136bc50254a55a6,39097.92,Bubbler,60 V Trap,28.0,False,2025-08-11,1021,2025-08-11,2025,4,2,CT,OUT,False,TRUE,Gated Pipe,,0.0,,90517.24,True,0.01,0.05,mg/L,SM4500P E (P-Ortho),0.01,0.05,ALS_2023plus,False,2025-04-24,2025-11-07,2025,grain corn,2024-08-02,winter wheat,2933.58,208.25999999999976,2024-08-02,False,0.0,2025,True,,2025-04-24,PlantDate proxy,174.29749999999967,False,2024-08-02,0.0,2025.0,2.6666666666666665,0.0123866666666666,3.0,0.05,1,,0.05,-0.3885840286996418,1.3177762864406168,2.143504315027007,0.2725606562304887,0.1726252446891151,-0.4001539561851632,0.0266666666666666,1,223,109,88,Gated Pipe,2025-08-11,10.573850124108601,,0,,,,,,unlisted_default_zero,0.5,41520.50058319816,3482.8425557755722,494864.93698741955,2.478075512099207,reconstruction,volume_observation_or_prediction_event
VO_ec61a34f02351e4998ab,PE_73a092189bd19f7de823,36177.76,Etape,60 V Trap,28.0,False,2025-08-19,1033,2025-08-19,2025,5,1,CT,OUT,False,TRUE,Gated Pipe,,0.136,,114678.73,True,0.01,0.05,mg/L,SM4500P E (P-Ortho),0.01,0.05,ALS_2023plus,False,2025-04-24,2025-11-07,2025,grain corn,2024-08-02,winter wheat,2933.58,208.25999999999976,2024-08-02,False,0.0,2025,True,,2025-04-24,PlantDate proxy,174.29749999999967,False,2024-08-02,0.0,2025.0,4.666666666666667,0.0115233333333333,3.0,0.05,0,0.136,0.05,1.2178228689770954,1.3177762864406168,2.143504315027007,0.1552472454134159,0.6685495838321084,0.2990568824145005,0.0466666666666666,1,231,117,80,Gated Pipe,2025-08-19,10.496227485282901,,0,,,,,,unlisted_default_zero,0.5,47827.94845145173,4012.0660904049932,570039.0288550355,2.478075512099207,reconstruction,volume_observation_or_prediction_event
VO_010a793b6fd7fbfe5618,PE_73a092189bd19f7de823,50841.3,Bubbler,60 V Trap,28.0,False,2025-08-19,1033,2025-08-19,2025,5,1,CT,OUT,False,TRUE,Gated Pipe,,0.136,,114678.73,True,0.01,0.05,mg/L,SM4500P E (P-Ortho),0.01,0.05,ALS_2023plus,False,2025-04-24,2025-11-07,2025,grain corn,2024-08-02,winter wheat,2933.58,208.25999999999976,2024-08-02,False,0.0,2025,True,,2025-04-24,PlantDate proxy,174.29749999999967,False,2024-08-02,0.0,2025.0,4.666666666666667,0.0115233333333333,3.0,0.05,0,0.136,0.05,1.2178228689770954,1.3177762864406168,2.143504315027007,0.1552472454134159,0.6685495838321084,0.2990568824145005,0.0466666666666666,1,231,117,80,Gated Pipe,2025-08-19,10.836483964248623,,0,,,,,,unlisted_default_zero,0.5,48442.16806655622,4063.601906876875,577359.485993518,2.478075512099207,reconstruction,volume_observation_or_prediction_event
VO_4cf06eacac37111ba082,PE_5c35b22fc4eba02df28c,61114.43,Etape,60 V Trap,28.0,False,2025-08-19,1045,2025-08-19,2025,5,2,CT,OUT,False,TRUE,Gated Pipe,,0.136,,111736.07,True,0.01,0.05,mg/L,SM4500P E (P-Ortho),0.01,0.05,ALS_2023plus,False,2025-04-24,2025-11-07,2025,grain corn,2024-08-02,winter wheat,2933.58,208.25999999999976,2024-08-02,False,0.0,2025,True,,2025-04-24,PlantDate proxy,174.29749999999967,False,2024-08-02,0.0,2025.0,2.6666666666666665,0.0123866666666666,3.0,0.05,0,0.136,0.05,1.2178228689770954,1.3177762864406168,2.143504315027007,1.280351399113929,0.6685495838321084,0.213899064485487,0.0266666666666666,1,231,117,80,Gated Pipe,2025-08-19,11.020519650102507,,0,,,,,,unlisted_default_zero,0.5,45880.38247189708,3848.6564557710562,546827.3421438107,2.478075512099207,reconstruction,volume_observation_or_prediction_event
VO_59956df9d571559b3a21,PE_5c35b22fc4eba02df28c,68249.34,Bubbler,60 V Trap,28.0,False,2025-08-19,1045,2025-08-19,2025,5,2,CT,OUT,False,TRUE,Gated Pipe,,0.136,,111736.07,True,0.01,0.05,mg/L,SM4500P E (P-Ortho),0.01,0.05,ALS_2023plus,False,2025-04-24,2025-11-07,2025,grain corn,2024-08-02,winter wheat,2933.58,208.25999999999976,2024-08-02,False,0.0,2025,True,,2025-04-24,PlantDate proxy,174.29749999999967,False,2024-08-02,0.0,2025.0,2.6666666666666665,0.0123866666666666,3.0,0.05,0,0.136,0.05,1.2178228689770954,1.3177762864406168,2.143504315027007,1.280351399113929,0.6685495838321084,0.213899064485487,0.0266666666666666,1,231,117,80,Gated Pipe,2025-08-19,11.13093769471978,,0,,,,,,unlisted_default_zero,0.5,47327.89177025182,3970.1090627977255,564079.2004622027,2.478075512099207,reconstruction,volume_observation_or_prediction_event
VO_1e7246793e496e1f0fa6,PE_01024210b88310ac1815,44394.46,Etape,60 V Trap,28.0,False,2025-09-03,1057,2025-09-03,2025,6,1,CT,OUT,False,TRUE,Gated Pipe,,0.0,,120526.17,True,0.01,0.05,mg/L,SM4500P E (P-Ortho),0.01,0.05,ALS_2023plus,False,2025-04-24,2025-11-07,2025,grain corn,2024-08-02,winter wheat,2933.58,208.25999999999976,2024-08-02,False,0.0,2025,True,,2025-04-24,PlantDate proxy,174.29749999999967,False,2024-08-02,0.0,2025.0,4.666666666666667,0.0115233333333333,3.0,0.05,1,,0.05,-0.3885840286996418,1.3177762864406168,2.143504315027007,0.5259720975974086,1.1644739229751015,0.4682763066330078,0.0466666666666666,1,246,132,65,Gated Pipe,2025-09-03,10.700892490939946,,0,,,,,,unlisted_default_zero,0.5,39433.85182775965,3307.763244309299,469995.619235894,2.478075512099207,reconstruction,volume_observation_or_prediction_event
VO_0a0b0bf045f3d2f6b319,PE_01024210b88310ac1815,39692.42,Bubbler,60 V Trap,28.0,False,2025-09-03,1057,2025-09-03,2025,6,1,CT,OUT,False,TRUE,Gated Pipe,,0.0,,120526.17,True,0.01,0.05,mg/L,SM4500P E (P-Ortho),0.01,0.05,ALS_2023plus,False,2025-04-24,2025-11-07,2025,grain corn,2024-08-02,winter wheat,2933.58,208.25999999999976,2024-08-02,False,0.0,2025,True,,2025-04-24,PlantDate proxy,174.29749999999967,False,2024-08-02,0.0,2025.0,4.666666666666667,0.0115233333333333,3.0,0.05,1,,0.05,-0.3885840286996418,1.3177762864406168,2.143504315027007,0.5259720975974086,1.1644739229751015,0.4682763066330078,0.0466666666666666,1,246,132,65,Gated Pipe,2025-09-03,10.588940709865334,,0,,,,,,unlisted_default_zero,0.5,44598.71231791867,3741.118506463305,531552.0054447813,2.478075512099207,reconstruction,volume_observation_or_prediction_event
VO_cd3d21f81e1ff4838824,PE_ef5b618a3b1b8ffbd8e4,38869.78,Etape,60 V Trap,28.0,False,2025-09-03,1069,2025-09-03,2025,6,2,CT,OUT,False,TRUE,Gated Pipe,,0.0,,110972.5,True,0.01,0.05,mg/L,SM4500P E (P-Ortho),0.01,0.05,ALS_2023plus,False,2025-04-24,2025-11-07,2025,grain corn,2024-08-02,winter wheat,2933.58,208.25999999999976,2024-08-02,False,0.0,2025,True,,2025-04-24,PlantDate proxy,174.29749999999967,False,2024-08-02,0.0,2025.0,2.6666666666666665,0.0123866666666666,3.0,0.05,1,,0.05,-0.3885840286996418,1.3177762864406168,2.143504315027007,0.2767070427257616,1.1644739229751015,0.1918020654995159,0.0266666666666666,1,246,132,65,Gated Pipe,2025-09-03,10.567998090534564,,0,,,,,,unlisted_default_zero,0.5,37939.995802731246,3182.421936333982,452191.38646090863,2.478075512099207,reconstruction,volume_observation_or_prediction_event
VO_fc2048ae8f43e8d9599d,PE_ef5b618a3b1b8ffbd8e4,37671.65,Bubbler,60 V Trap,28.0,False,2025-09-03,1069,2025-09-03,2025,6,2,CT,OUT,False,TRUE,Gated Pipe,,0.0,,110972.5,True,0.01,0.05,mg/L,SM4500P E (P-Ortho),0.01,0.05,ALS_2023plus,False,2025-04-24,2025-11-07,2025,grain corn,2024-08-02,winter wheat,2933.58,208.25999999999976,2024-08-02,False,0.0,2025,True,,2025-04-24,PlantDate proxy,174.29749999999967,False,2024-08-02,0.0,2025.0,2.6666666666666665,0.0123866666666666,3.0,0.05,1,,0.05,-0.3885840286996418,1.3177762864406168,2.143504315027007,0.2767070427257616,1.1644739229751015,0.1918020654995159,0.0266666666666666,1,246,132,65,Gated Pipe,2025-09-03,10.536689645968636,,0,,,,,,unlisted_default_zero,0.5,43845.17296572273,3677.8931310371154,522571.0930898875,2.478075512099207,reconstruction,volume_observation_or_prediction_event
VO_857194122947b8f28918,PE_b85e98ea69e68f01ed00,37260.96,Etape,60 V Trap,28.0,False,2025-09-14,1081,2025-09-14,2025,7,1,CT,OUT,,,Gated Pipe,"This event was skipped because it occurred over the weekend. kerbel irrigated differently, ct1, mt2 at same time, mt1, st2 same time, st1, ct2 same time",,,,False,0.01,0.05,mg/L,SM4500P E (P-Ortho),0.01,0.05,ALS_2023plus,False,2025-04-24,2025-11-07,2025,grain corn,2024-08-02,winter wheat,2933.58,208.25999999999976,2024-08-02,False,0.0,2025,True,,2025-04-24,PlantDate proxy,174.29749999999967,False,2024-08-02,0.0,2025.0,4.666666666666667,0.0115233333333333,3.0,0.05,0,,0.05,,1.3177762864406168,2.143504315027007,0.2041195615361538,1.6603982621180948,,0.0466666666666666,1,257,143,54,Gated Pipe,2025-09-14,10.525728246100039,,0,,,,,,unlisted_default_zero,0.5,37601.85310774864,3154.0502278417857,448161.2984525833,2.478075512099207,reconstruction,volume_observation_or_prediction_event
VO_91c514cb70ae7934ddf2,PE_b85e98ea69e68f01ed00,33950.0,Bubbler,60 V Trap,28.0,False,2025-09-14,1081,2025-09-14,2025,7,1,CT,OUT,,,Gated Pipe,"This event was skipped because it occurred over the weekend. kerbel irrigated differently, ct1, mt2 at same time, mt1, st2 same time, st1, ct2 same time",,,,False,0.01,0.05,mg/L,SM4500P E (P-Ortho),0.01,0.05,ALS_2023plus,False,2025-04-24,2025-11-07,2025,grain corn,2024-08-02,winter wheat,2933.58,208.25999999999976,2024-08-02,False,0.0,2025,True,,2025-04-24,PlantDate proxy,174.29749999999967,False,2024-08-02,0.0,2025.0,4.666666666666667,0.0115233333333333,3.0,0.05,0,,0.05,,1.3177762864406168,2.143504315027007,0.2041195615361538,1.6603982621180948,,0.0466666666666666,1,257,143,54,Gated Pipe,2025-09-14,10.432673587634051,,0,,,,,,unlisted_default_zero,0.5,45360.47718563149,3805.0340400147793,540630.9520081265,2.478075512099207,reconstruction,volume_observation_or_prediction_event
VO_265248a2b8fa2623df7c,PE_d0b9f8548f96e312e4d0,53468.65,Bubbler,60 V Trap,28.0,False,2025-09-15,1093,2025-09-15,2025,7,2,CT,OUT,,,Gated Pipe,"This event was skipped because it occurred over the weekend. kerbel irrigated differently, ct1, mt2 at same time, mt1, st2 same time, st1, ct2 same time. No outflow, etape broken",,,,False,0.01,0.05,mg/L,SM4500P E (P-Ortho),0.01,0.05,ALS_2023plus,False,2025-04-24,2025-11-07,2025,grain corn,2024-08-02,winter wheat,2933.58,208.25999999999976,2024-08-02,False,0.0,2025,True,,2025-04-24,PlantDate proxy,174.29749999999967,False,2024-08-02,0.0,2025.0,2.6666666666666665,0.0123866666666666,3.0,0.05,0,,0.05,,1.3177762864406168,2.143504315027007,,1.6603982621180948,,0.0266666666666666,1,258,144,53,Gated Pipe,2025-09-15,10.88686948219478,,0,,,,,,unlisted_default_zero,1.0,39919.07976244721,3348.476072708368,475778.71409467654,2.478075512099207,reconstruction,volume_observation_or_prediction_event
VO_d3caa976b3b78cc2954a,PE_60f1a6212ff620019a30,21021.89,Transducer,Weir,14.0,False,2011-06-30,1,2011-06-30,2011,1,1,MT,OUT,False,AC,Siphon,"OG Sample IDS: NT1-T1, NT1-T2, NT1-T3. The sample ID has been modifed to fit with the ""modern"" IDs. The values represent the average between the three. NT represents No Till",0.01,,55761.14,True,0.34,0.75,MG/L,EPA300.0 [300OPHOS]_W,0.34,0.75,CSU_assumed_from_ALS_pre2023,True,2011-05-04,2011-11-15,2011,grain corn,,grain corn,39.0,39.0,,True,0.0,2011,True,,2011-05-04,PlantDate proxy,6.5,True,,0.0,2011.0,,0.469572,0.0,0.75,0,0.01,0.75,-0.2704658744587053,-1.0780911578944223,-1.385104399542572,-0.5285622724550484,-1.3151477727398646,-1.4059628623185925,,1,181,57,138,Siphon,2011-06-30,9.953367123086883,,0,,,,,,unlisted_default_zero,1.0,15429.269161649137,1293.6696915423502,183901.66486990813,2.478075512099207,reconstruction,volume_observation_or_prediction_event
VO_fc3e3fb61cd72763e19c,PE_63934b6278a65a8216b9,30170.24,Transducer,Weir,14.0,False,2011-07-18,7,2011-07-18,2011,2,1,MT,OUT,False,AC,Siphon,"OG Sample IDS: NT1 I2 T1, NT1 I2 T2, NT1 I2 T3. The sample ID has been modifed to fit with the ""modern"" IDs. The values represent the average between the three. NT represents No Till  NT1 I2 T2 value used in this sheet is the average between the sample and its dupe",0.0,,105994.38,True,0.34,0.75,MG/L,EPA300.0 [300OPHOS]_W,0.34,0.75,CSU_assumed_from_ALS_pre2023,True,2011-05-04,2011-11-15,2011,grain corn,,grain corn,39.0,39.0,,True,0.0,2011,True,,2011-05-04,PlantDate proxy,6.5,True,,0.0,2011.0,,0.469572,0.0,0.75,1,,0.75,-0.3885840286996418,-1.0780911578944223,-1.385104399542572,-0.1158028067963982,-0.8192234335968713,0.0477399459924095,,1,199,75,120,Siphon,2011-07-18,10.3146444317394,,0,,,,,,unlisted_default_zero,1.0,29088.87962922202,2439.7730734973,346701.0781371149,2.478075512099207,reconstruction,volume_observation_or_prediction_event
VO_3b485121fd8ba1ced92a,PE_2aaba42888d07cb12d22,36672.87,Transducer,Weir,14.0,False,2011-07-19,10,2011-07-19,2011,2,2,MT,OUT,False,AC,Siphon,"OG Sample IDS: NT2 I2 T1, NT2 I2 T2, NT2 I2 T3. The sample ID has been modifed to fit with the ""modern"" IDs. The values represent the average between the three. NT represents No Till",0.0,,129724.88,True,0.34,0.75,MG/L,EPA300.0 [300OPHOS]_W,0.34,0.75,CSU_assumed_from_ALS_pre2023,True,2011-05-04,2011-11-15,2011,grain corn,,grain corn,39.0,39.0,,True,0.0,2011,True,,2011-05-04,PlantDate proxy,6.5,True,,0.0,2011.0,,0.567345,0.0,0.75,1,,0.75,-0.3885840286996418,-1.0780911578944223,-1.385104399542572,0.1775858462586235,-0.8192234335968713,0.7344783385910998,,1,200,76,119,Siphon,2011-07-19,10.50981979135723,,0,,,,,,unlisted_default_zero,1.0,24977.3656466251,2094.798369306728,297698.79761120264,2.478075512099207,reconstruction,volume_observation_or_prediction_event
VO_484674b3167db9f033e2,PE_1959bad48333cbb7ac20,39550.81,Transducer,Weir,14.0,False,2011-07-28,13,2011-07-28,2011,3,1,MT,OUT,,AC,Siphon,,,,101295.36,False,0.34,0.75,MG/L,EPA300.0 [300OPHOS]_W,0.34,0.75,CSU_assumed_from_ALS_pre2023,True,2011-05-04,2011-11-15,2011,grain corn,,grain corn,39.0,39.0,,True,0.0,2011,True,,2011-05-04,PlantDate proxy,6.5,True,,0.0,2011.0,,0.469572,0.0,0.75,0,,0.75,,-1.0780911578944223,-1.385104399542572,0.3074340676972056,-0.3232990944538781,-0.0882452815244611,,1,209,85,110,Siphon,2011-07-28,10.585366737003236,,0,,,,,,unlisted_default_zero,1.0,36385.91562617059,3052.0275484110207,433669.38383756165,2.478075512099207,reconstruction,volume_observation_or_prediction_event
VO_ac121ade12a47539372b,PE_af262f79aa0ed033156d,19322.43,Transducer,Weir,14.0,False,2011-08-19,28,2011-08-19,2011,5,2,MT,OUT,,AC,Siphon,,,,116630.57,False,0.34,0.75,MG/L,EPA300.0 [300OPHOS]_W,0.34,0.75,CSU_assumed_from_ALS_pre2023,True,2011-05-04,2011-11-15,2011,grain corn,,grain corn,39.0,39.0,,True,0.0,2011,True,,2011-05-04,PlantDate proxy,6.5,True,,0.0,2011.0,,0.567345,0.0,0.75,0,,0.75,,-1.0780911578944223,-1.385104399542572,-0.6052392908800375,0.6685495838321084,0.3555412996922585,,1,231,107,88,Siphon,2011-08-19,9.8690736282407,,0,,,,,,unlisted_default_zero,1.0,21159.659409939624,1774.4754699412683,252198.2076174833,2.478075512099207,reconstruction,volume_observation_or_prediction_event
VO_2b5f39de5d5dd8699a3c,PE_8822e7617a2395f5da78,23694.1,Transducer,Weir,14.0,False,2011-08-29,34,2011-08-29,2011,6,2,MT,OUT,,AC,Siphon,,,,102616.02,False,0.34,0.75,MG/L,EPA300.0 [300OPHOS]_W,0.34,0.75,CSU_assumed_from_ALS_pre2023,True,2011-05-04,2011-11-15,2011,grain corn,,grain corn,39.0,39.0,,True,0.0,2011,True,,2011-05-04,PlantDate proxy,6.5,True,,0.0,2011.0,,0.567345,0.0,0.75,0,,0.75,,-1.0780911578944223,-1.385104399542572,-0.4079962718398881,1.1644739229751015,-0.0500266209159872,,1,241,117,78,Siphon,2011-08-29,10.073023554692424,,0,,,,,,unlisted_default_zero,1.0,17385.3914279325,1457.7972375091204,207215.32802200524,2.478075512099207,reconstruction,volume_observation_or_prediction_event
VO_8e49c46dd6dcc2e51f73,PE_d8275d4734b8c69e5afc,0.0,Transducer,10 V,1.0,True,2012-06-03,14486,2012-06-03,2012,2,1,MT,OUT,,,Siphon,,,,110088.74,False,,,,,,,CSU_assumed_from_ALS_pre2023,True,2012-05-03,2012-11-01,2012,grain corn,2011-11-15,grain corn,97.3375,51.837500000000006,2011-11-15,False,0.0,2012,True,,2012-05-03,PlantDate proxy,51.837500000000006,False,2011-11-15,0.0,2012.0,,1.9089795124444444,0.0,,0,,,,-0.8963769412061846,-1.3139886553288336,-1.4770375804105724,-0.8192234335968713,0.1662268807439055,,1,155,31,151,Siphon,2012-06-03,0.0,,0,,,,,,unlisted_default_zero,1.0,10.680504879350977,0.0,138.21182785829197,2.478075512099207,reconstruction,volume_observation_or_prediction_event
VO_23d4175c5fe2817df6b5,PE_81617f8b3e2986274802,0.0,Transducer,10 V,1.0,True,2012-06-04,14489,2012-06-04,2012,2,2,MT,OUT,,,Siphon,,,,131764.71,False,,,,,,,CSU_assumed_from_ALS_pre2023,True,2012-05-03,2012-11-01,2012,grain corn,2011-11-15,grain corn,97.3375,51.837500000000006,2011-11-15,False,0.0,2012,True,,2012-05-03,PlantDate proxy,51.837500000000006,False,2011-11-15,0.0,2012.0,,1.7652813083333332,0.0,,0,,,,-0.8963769412061846,-1.3139886553288336,-1.4770375804105724,-0.8192234335968713,0.7935091038667821,,1,156,32,150,Siphon,2012-06-04,0.0,,0,,,,,,unlisted_default_zero,1.0,1.5291206526057435,0.0,29.142833084708684,2.478075512099207,reconstruction,volume_observation_or_prediction_event
VO_f316f6254d1a6607551e,PE_f18d62b04bf4f3a25d7e,18448.0,Transducer,10 V,14.0,False,2012-06-11,49,2012-06-11,2012,3,1,MT,OUT,False,AC,Siphon,"The results are averages of the 3 samples taken at different times. Before cultivation. . No TSS results in the ""2012 sediment load excel file""",,,75177.0,False,0.34,0.75,MG/L,EPA300.0 [300OPHOS]_W,0.34,0.75,CSU_assumed_from_ALS_pre2023,True,2012-05-03,2012-11-01,2012,grain corn,2011-11-15,grain corn,111.9625,66.4625,2011-11-15,False,0.0,2012,True,,2012-05-03,PlantDate proxy,51.837500000000006,False,2011-11-15,0.0,2012.0,,1.9089795124444444,0.0,0.75,0,,0.75,,-0.6893607449790784,-1.2961601957766429,-0.6446922260602496,-0.3232990944538781,-0.8440861008798867,,1,163,39,143,Siphon,2012-06-11,9.822765447457765,,0,,,,,,unlisted_default_zero,1.0,14666.607750203264,1229.6789338981491,174812.0330242802,2.478075512099207,reconstruction,volume_observation_or_prediction_event
VO_b96ba4e2e40b37e05202,PE_04c02bec0f0f9a370498,24678.0,Transducer,10 V,14.0,False,2012-06-12,52,2012-06-12,2012,3,2,MT,OUT,False,AC,Siphon,"The results are averages of the 3 samples taken at different times. Before cultivation. . No TSS results in the ""2012 sediment load excel file""",,,64962.0,False,0.34,0.75,MG/L,EPA300.0 [300OPHOS]_W,0.34,0.75,CSU_assumed_from_ALS_pre2023,True,2012-05-03,2012-11-01,2012,grain corn,2011-11-15,grain corn,111.9625,66.4625,2011-11-15,False,0.0,2012,True,,2012-05-03,PlantDate proxy,51.837500000000006,False,2011-11-15,0.0,2012.0,,1.7652813083333332,0.0,0.75,0,,0.75,,-0.6893607449790784,-1.2961601957766429,-0.363604218818136,-0.3232990944538781,-1.1396986113788488,,1,164,40,142,Siphon,2012-06-12,10.113707958559848,,0,,,,,,unlisted_default_zero,1.0,22978.435890819463,1927.0790804691821,273874.9417128179,2.478075512099207,reconstruction,volume_observation_or_prediction_event
VO_a98f7c12c87fcb475bb8,PE_8b5564238c223d972525,32998.0,Transducer,10 V,14.0,False,2012-06-26,55,2012-06-26,2012,4,1,MT,OUT,False,AC,Siphon,The results are averages of the 3 samples taken at different times. After cultivation.,,,104096.69,False,0.34,0.75,MG/L,EPA300.0 [300OPHOS]_W,0.34,0.75,CSU_assumed_from_ALS_pre2023,True,2012-05-03,2012-11-01,2012,grain corn,2011-11-15,grain corn,129.8375,84.3375,2011-11-15,False,0.0,2012,True,,2012-05-03,PlantDate proxy,51.837500000000006,False,2011-11-15,0.0,2012.0,,1.9089795124444444,0.0,0.75,0,,0.75,,-0.436340949590393,-1.2743698563239654,0.0117813703077685,0.1726252446891151,-0.0071774211195606,,1,178,54,128,Siphon,2012-06-26,10.404232536959167,,0,,,,,,unlisted_default_zero,1.0,23611.19893799669,1980.170775145802,281416.40514343104,2.478075512099207,reconstruction,volume_observation_or_prediction_event
VO_962032738c21a1ba729e,PE_8dd5bcb659f488a967c1,10852.0,Transducer,10 V,14.0,False,2012-06-27,58,2012-06-27,2012,4,2,MT,OUT,False,AC,Siphon,The results are averages of the 3 samples taken at different times. After cultivation.,,,79589.78,False,0.34,0.75,MG/L,EPA300.0 [300OPHOS]_W,0.34,0.75,CSU_assumed_from_ALS_pre2023,True,2012-05-03,2012-11-01,2012,grain corn,2011-11-15,grain corn,129.8375,84.3375,2011-11-15,False,0.0,2012,True,,2012-05-03,PlantDate proxy,51.837500000000006,False,2011-11-15,0.0,2012.0,,1.7652813083333332,0.0,0.75,0,,0.75,,-0.436340949590393,-1.2743698563239654,-0.9874120499785632,0.1726252446891151,-0.7163843902504584,,1,179,55,127,Siphon,2012-06-27,9.292196818446016,,0,,,,,,unlisted_default_zero,1.0,15603.78229635712,1308.3121364612,185981.56575766226,2.478075512099207,reconstruction,volume_observation_or_prediction_event
VO_d676f270c31943479371,PE_860b95b364b2c2e3a6b5,23861.0,Transducer,10 V,14.0,False,2012-07-16,61,2012-07-16,2012,5,1,MT,OUT,False,AC,Siphon,The results are averages of the 3 samples taken at different times. After cultivation.,,,112136.29,False,0.34,0.75,MG/L,EPA300.0 [300OPHOS]_W,0.34,0.75,CSU_assumed_from_ALS_pre2023,True,2012-05-03,2012-11-01,2012,grain corn,2011-11-15,grain corn,129.8375,84.3375,2011-11-15,False,0.0,2012,True,,2012-05-03,PlantDate proxy,51.837500000000006,False,2011-11-15,0.0,2012.0,,1.9089795124444444,0.0,0.75,0,,0.75,,-0.436340949590393,-1.2743698563239654,-0.4004660008272542,0.6685495838321084,0.2254810555723094,,1,198,74,108,Siphon,2012-07-16,10.080042514435746,,0,,,,,,unlisted_default_zero,1.0,26609.518380430516,2231.743399512541,317151.2928384106,2.478075512099207,reconstruction,volume_observation_or_prediction_event
VO_d63ee7f04811485f44c5,PE_c3c22e6072f6eeb66ac2,3672.0,Ruler,10 V,14.0,False,2012-07-25,70,2012-07-25,2012,6,2,MT,OUT,,,Siphon,,,,92670.81,False,0.34,0.75,MG/L,EPA300.0 [300OPHOS]_W,0.34,0.75,ALS_pre2023,False,2012-05-03,2012-11-01,2012,grain corn,2011-11-15,grain corn,129.8375,84.3375,2011-11-15,False,0.0,2012,True,,2012-05-03,PlantDate proxy,51.837500000000006,False,2011-11-15,0.0,2012.0,,1.7652813083333332,0.0,0.75,0,,0.75,,-0.436340949590393,-1.2743698563239654,-1.3113625944405818,1.1644739229751015,-0.3378316620847963,,1,207,83,99,Siphon,2012-07-25,8.208764045819667,,0,,,,,,unlisted_default_zero,1.0,5964.352243719314,499.52015738733394,71095.89163649177,2.478075512099207,reconstruction,volume_observation_or_prediction_event
VO_64c19839eadcf01ebde4,PE_084268df6eb9d4246043,20356.0,Transducer,10 V,14.0,False,2012-07-31,73,2012-07-31,2012,7,1,MT,OUT,False,AC,Siphon,The results are averages of the 3 samples taken at different times. After cultivation.,,,104059.53,False,0.34,0.75,MG/L,EPA300.0 [300OPHOS]_W,0.34,0.75,CSU_assumed_from_ALS_pre2023,True,2012-05-03,2012-11-01,2012,grain corn,2011-11-15,grain corn,129.8375,84.3375,2011-11-15,False,0.0,2012,True,,2012-05-03,PlantDate proxy,51.837500000000006,False,2011-11-15,0.0,2012.0,,1.9089795124444444,0.0,0.75,0,,0.75,,-0.436340949590393,-1.2743698563239654,-0.5586062039385878,1.6603982621180948,-0.0082527966349931,,1,213,89,93,Siphon,2012-07-31,9.921180112067047,,0,,,,,,unlisted_default_zero,1.0,26201.073089706002,2197.4729838111393,312283.3170026756,2.478075512099207,reconstruction,volume_observation_or_prediction_event
VO_899c9e946a5db92451e6,PE_681443548ef078be38f1,14799.0,Transducer,10 V,14.0,False,2012-08-01,76,2012-08-01,2012,7,2,MT,OUT,False,AC,Siphon,The results are averages of the 3 samples taken at different times. After cultivation.,,,95881.53,False,0.34,0.75,MG/L,EPA300.0 [300OPHOS]_W,0.34,0.75,CSU_assumed_from_ALS_pre2023,True,2012-05-03,2012-11-01,2012,grain corn,2011-11-15,grain corn,129.8375,84.3375,2011-11-15,False,0.0,2012,True,,2012-05-03,PlantDate proxy,51.837500000000006,False,2011-11-15,0.0,2012.0,,1.7652813083333332,0.0,0.75,0,,0.75,,-0.436340949590393,-1.2743698563239654,-0.8093294874449161,1.6603982621180948,-0.2449164394015631,,1,214,90,92,Siphon,2012-08-01,9.602382459752207,,0,,,,,,unlisted_default_zero,1.0,17773.26154767569,1490.3413028799635,211838.08268019775,2.478075512099207,reconstruction,volume_observation_or_prediction_event
VO_65dca6f3ada9538196d2,PE_8844898dffe247398b01,19485.0,Transducer,10 V,14.0,False,2012-08-08,79,2012-08-08,2012,8,1,MT,OUT,,,Siphon,,,,103049.18,False,0.34,0.75,MG/L,EPA300.0 [300OPHOS]_W,0.34,0.75,ALS_pre2023,False,2012-05-03,2012-11-01,2012,grain corn,2011-11-15,grain corn,129.8375,84.3375,2011-11-15,False,0.0,2012,True,,2012-05-03,PlantDate proxy,51.837500000000006,False,2011-11-15,0.0,2012.0,,1.9089795124444444,0.0,0.75,0,,0.75,,-0.436340949590393,-1.2743698563239654,-0.597904382800206,2.1563226012610883,-0.0374913771521373,,1,221,97,85,Siphon,2012-08-08,9.877451537985287,,0,,,,,,unlisted_default_zero,1.0,24622.894913987093,2065.0566642672684,293474.1070586524,2.478075512099207,reconstruction,volume_observation_or_prediction_event
VO_f90b34a6c077bc456415,PE_53bed9867f02ff579e2d,3890.0,Ruler,10 V,14.0,False,2012-08-09,82,2012-08-09,2012,8,2,MT,OUT,,,Siphon,,,,96715.37,False,0.34,0.75,MG/L,EPA300.0 [300OPHOS]_W,0.34,0.75,ALS_pre2023,False,2012-05-03,2012-11-01,2012,grain corn,2011-11-15,grain corn,129.8375,84.3375,2011-11-15,False,0.0,2012,True,,2012-05-03,PlantDate proxy,51.837500000000006,False,2011-11-15,0.0,2012.0,,1.7652813083333332,0.0,0.75,0,,0.75,,-0.436340949590393,-1.2743698563239654,-1.3015267701101194,2.1563226012610883,-0.2207858925827228,,1,222,98,84,Siphon,2012-08-09,8.266421472984554,,0,,,,,,unlisted_default_zero,1.0,5790.313234205468,484.9174937265047,69021.64151774044,2.478075512099207,reconstruction,volume_observation_or_prediction_event
VO_74b068e860e0c2679e27,PE_7bc7d14f1d4cbbeee019,49284.0,Transducer,10 V,14.0,False,2012-08-19,85,2012-08-19,2012,9,1,MT,OUT,,,Siphon,,,,113946.0,False,0.34,0.75,MG/L,EPA300.0 [300OPHOS]_W,0.34,0.75,ALS_pre2023,False,2012-05-03,2012-11-01,2012,grain corn,2011-11-15,grain corn,129.8375,84.3375,2011-11-15,False,0.0,2012,True,,2012-05-03,PlantDate proxy,51.837500000000006,False,2011-11-15,0.0,2012.0,,1.9089795124444444,0.0,0.75,0,,0.75,,-0.436340949590393,-1.2743698563239654,0.746580613637634,2.6522469404040816,0.2778523640769672,,1,232,108,74,Siphon,2012-08-19,10.805375054099539,,0,,,,,,unlisted_default_zero,1.0,27141.94636205082,2276.4165263071227,323496.93228549487,2.478075512099207,reconstruction,volume_observation_or_prediction_event
VO_387cc3afb56c8ed0ba55,PE_55dfff50a7b8f0a977d1,3839.0,Ruler,10 V,14.0,False,2012-08-20,88,2012-08-20,2012,9,2,MT,OUT,,,Siphon,,,,89521.56,False,0.34,0.75,MG/L,EPA300.0 [300OPHOS]_W,0.34,0.75,ALS_pre2023,False,2012-05-03,2012-11-01,2012,grain corn,2011-11-15,grain corn,129.8375,84.3375,2011-11-15,False,0.0,2012,True,,2012-05-03,PlantDate proxy,51.837500000000006,False,2011-11-15,0.0,2012.0,,1.7652813083333332,0.0,0.75,0,,0.75,,-0.436340949590393,-1.2743698563239654,-1.3038278115819248,2.6522469404040816,-0.4289680006740138,,1,233,109,73,Siphon,2012-08-20,8.253227645581772,,0,,,,,,unlisted_default_zero,1.0,4784.436554936025,400.519870040449,57033.29575978634,2.478075512099207,reconstruction,volume_observation_or_prediction_event
VO_c092d50cf417d2f8ceda,PE_d79901bee44e9d2ab8bc,3932.0,Ruler,10 V,14.0,False,2012-08-31,94,2012-08-31,2012,10,2,MT,OUT,,,Siphon,,,,89018.96,False,0.34,0.75,MG/L,EPA300.0 [300OPHOS]_W,0.34,0.75,ALS_pre2023,False,2012-05-03,2012-11-01,2012,grain corn,2011-11-15,grain corn,129.8375,84.3375,2011-11-15,False,0.0,2012,True,,2012-05-03,PlantDate proxy,51.837500000000006,False,2011-11-15,0.0,2012.0,,1.7652813083333332,0.0,0.75,0,,0.75,,-0.436340949590393,-1.2743698563239654,-1.2996317947803973,3.148171279547075,-0.4435127728499096,,1,244,120,62,Siphon,2012-08-31,8.27715777243181,,0,,,,,,unlisted_default_zero,1.0,5061.0621235571,423.73001212205986,60330.203850476704,2.478075512099207,reconstruction,volume_observation_or_prediction_event
VO_cff0430da7cb476cf5ec,PE_99b3a7e1248efb280745,22667.0,Transducer,10 V,14.0,False,2013-07-02,103,2013-07-02,2013,2,1,MT,OUT,False,AC,Siphon,The analyte values are averages of 6 samples over the irrigation period,,,,False,0.34,0.75,MG/L,EPA300.0 [300OPHOS]_W,0.34,0.75,CSU_assumed_from_ALS_pre2023,True,2013-05-14,2013-09-30,2013,silage corn,2012-11-01,grain corn,211.16875,74.83124999999998,2012-11-01,False,0.0,2013,True,,2013-05-14,PlantDate proxy,60.20624999999998,False,2012-11-01,0.0,2013.0,,,0.0,0.75,0,,0.75,,-0.5709014771380124,-1.1752238118142828,-0.45433744234364,-0.8192234335968713,,,1,183,49,90,Siphon,2013-07-02,10.02870951728951,,0,,,,,,unlisted_default_zero,1.0,22874.598827265876,1918.3666790435666,272637.3798466111,2.478075512099207,reconstruction,volume_observation_or_prediction_event
VO_5177d303e4548e399707,PE_e9b4025c029d683e1a32,25396.0,Transducer,10 V,14.0,False,2013-07-03,106,2013-07-03,2013,2,2,MT,OUT,False,AC,Siphon,The analyte values are averages of 6 samples over the irrigation period,,,104886.19,False,0.34,0.75,MG/L,EPA300.0 [300OPHOS]_W,0.34,0.75,CSU_assumed_from_ALS_pre2023,True,2013-05-14,2013-09-30,2013,silage corn,2012-11-01,grain corn,211.16875,74.83124999999998,2012-11-01,False,0.0,2013,True,,2013-05-14,PlantDate proxy,60.20624999999998,False,2012-11-01,0.0,2013.0,,,0.0,0.75,0,,0.75,,-0.5709014771380124,-1.1752238118142828,-0.3312091643719341,-0.8192234335968713,0.0156699677241917,,1,184,50,89,Siphon,2013-07-03,10.142386335794844,,0,,,,,,unlisted_default_zero,1.0,22795.792926621234,1911.7545059174556,271698.14703192696,2.478075512099207,reconstruction,volume_observation_or_prediction_event
VO_a822552a2d679e1aa67b,PE_fe3dedee2de4a143e8fc,26640.0,Transducer,10 V,14.0,False,2013-07-11,109,2013-07-11,2013,3,1,MT,OUT,,,Siphon,"This date was determined by the ""2013_DataLogger"" file, assumed to be soil moisture sensors",,,87604.56,False,0.34,0.75,MG/L,EPA300.0 [300OPHOS]_W,0.34,0.75,CSU_assumed_from_ALS_pre2023,True,2013-05-14,2013-09-30,2013,silage corn,2012-11-01,grain corn,211.16875,74.83124999999998,2012-11-01,False,0.0,2013,True,,2013-05-14,PlantDate proxy,60.20624999999998,False,2012-11-01,0.0,2013.0,,,0.0,0.75,0,,0.75,,-0.5709014771380124,-1.1752238118142828,-0.2750817998439743,-0.3232990944538781,-0.4844441810584006,,1,192,58,81,Siphon,2013-07-11,10.190206661487347,,0,,,,,,unlisted_default_zero,1.0,24961.041433362945,2093.428693643434,297504.24064726604,2.478075512099207,reconstruction,volume_observation_or_prediction_event
VO_07ad0c53a0c83dac31fe,PE_a63568a97a8fde462031,26640.0,Transducer,10 V,14.0,False,2013-07-12,112,2013-07-12,2013,3,2,MT,OUT,,,Siphon,"This date was determined by the ""2013_DataLogger"" file, assumed to be soil moisture sensors",,,131657.14,False,0.34,0.75,MG/L,EPA300.0 [300OPHOS]_W,0.34,0.75,CSU_assumed_from_ALS_pre2023,True,2013-05-14,2013-09-30,2013,silage corn,2012-11-01,grain corn,211.16875,74.83124999999998,2012-11-01,False,0.0,2013,True,,2013-05-14,PlantDate proxy,60.20624999999998,False,2012-11-01,0.0,2013.0,,,0.0,0.75,0,,0.75,,-0.5709014771380124,-1.1752238118142828,-0.2750817998439743,-0.3232990944538781,0.7903961290499082,,1,193,59,80,Siphon,2013-07-12,10.190206661487347,,0,,,,,,unlisted_default_zero,1.0,21346.598108843802,1790.160476152899,254426.200177797,2.478075512099207,reconstruction,volume_observation_or_prediction_event
VO_437622f02a3c3afdbc5a,PE_2b276407ca9e7ade973b,43016.0,Transducer,10 V,14.0,False,2013-08-09,124,2013-08-09,2013,5,2,MT,OUT,,,Siphon,,,,,False,0.34,0.75,MG/L,EPA300.0 [300OPHOS]_W,0.34,0.75,CSU_assumed_from_ALS_pre2023,True,2013-05-14,2013-09-30,2013,silage corn,2012-11-01,grain corn,211.16875,74.83124999999998,2012-11-01,False,0.0,2013,True,,2013-05-14,PlantDate proxy,60.20624999999998,False,2012-11-01,0.0,2013.0,,,0.0,0.75,0,,0.75,,-0.5709014771380124,-1.1752238118142828,0.4637781049067241,0.6685495838321084,,,1,221,87,52,Siphon,2013-08-09,10.66935066538315,,0,,,,,,unlisted_default_zero,1.0,22310.251700548408,1871.0153909476935,265911.3182706427,2.478075512099207,reconstruction,volume_observation_or_prediction_event
VO_7c456ed650c095a0df8b,PE_12cbc4a228ce581574f5,29663.0,Transducer,10 V,14.0,False,2013-08-19,127,2013-08-19,2013,6,1,MT,OUT,False,AC,Siphon,The analyte values are averages of 6 samples over the irrigation period,,,108000.0,False,0.34,0.75,MG/L,EPA300.0 [300OPHOS]_W,0.34,0.75,CSU_assumed_from_ALS_pre2023,True,2013-05-14,2013-09-30,2013,silage corn,2012-11-01,grain corn,211.16875,74.83124999999998,2012-11-01,False,0.0,2013,True,,2013-05-14,PlantDate proxy,60.20624999999998,False,2012-11-01,0.0,2013.0,,,0.0,0.75,0,,0.75,,-0.5709014771380124,-1.1752238118142828,-0.1386886945642136,1.1644739229751015,0.1057807059832981,,1,231,97,42,Siphon,2013-08-19,10.297689468365581,,0,,,,,,unlisted_default_zero,1.0,26200.047190337817,2197.386906192878,312271.09002038976,2.478075512099207,reconstruction,volume_observation_or_prediction_event
VO_e45827674bee6fd2d1f5,PE_262bcdadb146dac989ae,22921.0,Transducer,10 V,14.0,False,2013-08-20,130,2013-08-20,2013,6,2,MT,OUT,False,AC,Siphon,The analyte values are averages of 6 samples over the irrigation period,,,102400.0,False,0.34,0.75,MG/L,EPA300.0 [300OPHOS]_W,0.34,0.75,CSU_assumed_from_ALS_pre2023,True,2013-05-14,2013-09-30,2013,silage corn,2012-11-01,grain corn,211.16875,74.83124999999998,2012-11-01,False,0.0,2013,True,,2013-05-14,PlantDate proxy,60.20624999999998,False,2012-11-01,0.0,2013.0,,,0.0,0.75,0,,0.75,,-0.5709014771380124,-1.1752238118142828,-0.4428773534448444,1.1644739229751015,-0.0562780369236218,,1,232,98,41,Siphon,2013-08-20,10.039852427056644,,0,,,,,,unlisted_default_zero,1.0,21783.0676758107,1826.7822559619729,259628.17790475252,2.478075512099207,reconstruction,volume_observation_or_prediction_event
VO_ad0a6ca20eaad6a95609,PE_6c6adaeedad01937f242,41842.0,Transducer,10 V,14.0,False,2013-08-28,133,2013-08-28,2013,7,1,MT,OUT,,,Siphon,,,,,False,0.34,0.75,MG/L,EPA300.0 [300OPHOS]_W,0.34,0.75,CSU_assumed_from_ALS_pre2023,True,2013-05-14,2013-09-30,2013,silage corn,2012-11-01,grain corn,211.16875,74.83124999999998,2012-11-01,False,0.0,2013,True,,2013-05-14,PlantDate proxy,60.20624999999998,False,2012-11-01,0.0,2013.0,,,0.0,0.75,0,,0.75,,-0.5709014771380124,-1.1752238118142828,0.4108090325949679,1.6603982621180948,,,1,240,106,33,Siphon,2013-08-28,10.6416797978892,,0,,,,,,unlisted_default_zero,1.0,27447.803349066042,2302.0793172077024,327142.22935659013,2.478075512099207,reconstruction,volume_observation_or_prediction_event
VO_fa4d4ba2742cc8d71763,PE_7f8b38f0a4ac5e96f77e,20403.0,Transducer,10 V,14.0,False,2013-08-29,136,2013-08-29,2013,7,2,MT,OUT,,,Siphon,,,,,False,0.34,0.75,MG/L,EPA300.0 [300OPHOS]_W,0.34,0.75,CSU_assumed_from_ALS_pre2023,True,2013-05-14,2013-09-30,2013,silage corn,2012-11-01,grain corn,211.16875,74.83124999999998,2012-11-01,False,0.0,2013,True,,2013-05-14,PlantDate proxy,60.20624999999998,False,2012-11-01,0.0,2013.0,,,0.0,0.75,0,,0.75,,-0.5709014771380124,-1.1752238118142828,-0.5564856363077083,1.6603982621180948,,,1,241,107,32,Siphon,2013-08-29,9.923486239042818,,0,,,,,,unlisted_default_zero,1.0,17864.37784888738,1497.986374547113,212924.03461210348,2.478075512099207,reconstruction,volume_observation_or_prediction_event
VO_0b00848923c3418695d5,PE_c29031fe1d291910e835,0.0,Bubbler,10 V,8.0,True,2014-07-01,142,2014-07-01,2014,1,1,MT,OUT,True,FALSE,Siphon,TSS result is average of duplicate tests,0.003,,126691.33,True,0.34,0.75,MG/L,EPA300.0 [300OPHOS]_W,0.34,0.75,CSU_assumed_from_ALS_pre2023,True,2014-05-06,2014-12-02,2014,grain corn,2013-09-30,silage corn,256.60375,38.935,2013-09-30,False,0.0,2014,True,,2014-05-06,PlantDate proxy,24.31,False,2013-09-30,0.0,2014.0,,,0.0,0.75,0,0.003,0.75,-0.3531485824273609,-1.079011229877654,-1.119836730805477,-1.4770375804105724,-1.3151477727398646,0.6466902493865841,,1,182,56,154,Siphon,2014-07-01,0.0,,0,,,,,,unlisted_default_zero,1.0,1.3263323286433981,0.0,26.72593984775417,2.478075512099207,reconstruction,volume_observation_or_prediction_event
VO_390ace07b19e4e2b2db1,PE_214aa9017327a70f135f,0.0,Bubbler,10 V,8.0,True,2014-07-02,152,2014-07-02,2014,1,2,MT,OUT,True,FALSE,Siphon,OG sample ID is MT2 I1 S1,0.003,,136319.18,True,0.34,0.75,MG/L,EPA300.0 [300OPHOS]_W,0.34,0.75,CSU_assumed_from_ALS_pre2023,True,2014-05-06,2014-12-02,2014,grain corn,2013-09-30,silage corn,256.60375,38.935,2013-09-30,False,0.0,2014,True,,2014-05-06,PlantDate proxy,24.31,False,2013-09-30,0.0,2014.0,,,0.0,0.75,0,0.003,0.75,-0.3531485824273609,-1.079011229877654,-1.119836730805477,-1.4770375804105724,-1.3151477727398646,0.9253111900823678,,1,183,57,153,Siphon,2014-07-02,0.0,,0,,,,,,unlisted_default_zero,1.0,0.12322243095316593,0.0,12.38690829887422,2.478075512099207,reconstruction,volume_observation_or_prediction_event
VO_adfb0a8002ba722e70bf,PE_c347d973d115e2a3ba3c,4532.54,Transducer,10 V,14.0,False,2014-07-21,159,2014-07-21,2014,2,1,MT,OUT,,,Siphon,,,,104096.39,False,0.34,0.75,MG/L,EPA300.0 [300OPHOS]_W,0.34,0.75,ALS_pre2023,False,2014-05-06,2014-12-02,2014,grain corn,2013-09-30,silage corn,256.60375,38.935,2013-09-30,False,0.0,2014,True,,2014-05-06,PlantDate proxy,24.31,False,2013-09-30,0.0,2014.0,,,0.0,0.75,0,,0.75,,-1.079011229877654,-1.119836730805477,-1.2725363546729849,-0.8192234335968713,-0.0071861028379307,,1,202,76,134,Siphon,2014-07-21,8.419258370252216,,0,,,,,,unlisted_default_zero,1.0,8795.467844651725,737.0636197457156,104837.9928345889,2.478075512099207,reconstruction,volume_observation_or_prediction_event
VO_26efe2c00243f101e351,PE_909a6e90f2a2fb0ccb86,6588.17,Bubbler,10 V,14.0,False,2014-08-05,177,2014-08-05,2014,3,2,MT,OUT,True,FALSE,Siphon,,,,89737.01,False,0.34,0.75,MG/L,EPA300.0 [300OPHOS]_W,0.34,0.75,CSU_assumed_from_ALS_pre2023,True,2014-05-06,2014-12-02,2014,grain corn,2013-09-30,silage corn,256.60375,38.935,2013-09-30,False,0.0,2014,True,,2014-05-06,PlantDate proxy,24.31,False,2013-09-30,0.0,2014.0,,,0.0,0.75,0,,0.75,,-1.079011229877654,-1.119836730805477,-1.17978949426735,-0.3232990944538781,-0.4227330799312825,,1,217,91,119,Siphon,2014-08-05,8.793182671157709,,0,,,,,,unlisted_default_zero,1.0,9705.049767328479,813.3816758293564,115678.66824636306,2.478075512099207,reconstruction,volume_observation_or_prediction_event
VO_dce6c54b1be0a01474de,PE_428d2603a778e905a134,25208.86,Transducer,10 V,14.0,False,2014-08-17,185,2014-08-17,2014,4,1,MT,OUT,False,,Siphon,,,,120960.0,False,0.34,0.75,MG/L,EPA300.0 [300OPHOS]_W,0.34,0.75,CSU_assumed_from_ALS_pre2023,True,2014-05-06,2014-12-02,2014,grain corn,2013-09-30,silage corn,256.60375,38.935,2013-09-30,False,0.0,2014,True,,2014-05-06,PlantDate proxy,24.31,False,2013-09-30,0.0,2014.0,,,0.0,0.75,0,,0.75,,-1.079011229877654,-1.119836730805477,-0.339652633019653,0.1726252446891151,0.4808309395678845,,1,229,103,107,Siphon,2014-08-17,10.1349904668147,,0,,,,,,unlisted_default_zero,1.0,23201.676196126315,1945.8099563977619,276535.5879155651,2.478075512099207,reconstruction,volume_observation_or_prediction_event
VO_81df7e095759abbd4bb9,PE_f2aa84d9058e29e106ef,46602.43,Transducer,10 V,14.0,False,2014-08-18,190,2014-08-18,2014,4,2,MT,OUT,False,,Siphon,,,,,False,0.34,0.75,MG/L,EPA300.0 [300OPHOS]_W,0.34,0.75,ALS_pre2023,False,2014-05-06,2014-12-02,2014,grain corn,2013-09-30,silage corn,256.60375,38.935,2013-09-30,False,0.0,2014,True,,2014-05-06,PlantDate proxy,24.31,False,2013-09-30,0.0,2014.0,,,0.0,0.75,0,,0.75,,-1.079011229877654,-1.119836730805477,0.625592304234707,0.1726252446891151,,,1,230,104,106,Siphon,2014-08-18,10.749429422555226,,0,,,,,,unlisted_default_zero,1.0,25490.559392448667,2137.8576563254032,303815.1975561942,2.478075512099207,reconstruction,volume_observation_or_prediction_event
VO_9520c2b48888769194df,PE_0e378dd2a91d7df1a7a9,1146.86,Bubbler,10 V,28.0,False,2015-07-06,201,2015-07-06,2015,1,1,MT,OUT,False,AC,Siphon,"Analytical composite. Average of MT1 I1 bottles 2, 4, 6, 8",0.0,,139707.11,True,0.34,0.75,MG/L,EPA300.0 [300OPHOS]_W,0.34,0.75,CSU_assumed_from_ALS_pre2023,True,2015-04-30,2015-11-16,2015,grain corn,2014-12-02,grain corn,331.77625,68.67250000000001,2014-12-02,False,30.7125,2015,True,,2015-04-30,PlantDate proxy,51.85374999999999,False,2014-12-02,30.7125,2015.0,43.0,0.2460526315,2.0,0.75,1,,0.75,-0.3885840286996418,-0.6580782975492044,-1.028198448707217,-1.4252930231094985,-1.3151477727398646,1.023354703806768,0.43,1,187,67,133,Siphon,2015-07-06,7.045654618223345,,0,,,,,,unlisted_default_zero,1.0,1647.8812549404179,137.34862913664938,19650.870855969733,2.478075512099207,reconstruction,volume_observation_or_prediction_event
VO_e7b15779545d79e95960,PE_fc35961bbf4775b1838e,12921.99,Bubbler,10 V,28.0,False,2015-07-07,207,2015-07-07,2015,1,2,MT,OUT,False,AC,Siphon,"Analytical composite. Average of MT2 I1 bottles 2, 4, 6,10",0.0,,114349.32,True,0.34,0.75,MG/L,EPA300.0 [300OPHOS]_W,0.34,0.75,CSU_assumed_from_ALS_pre2023,True,2015-04-30,2015-11-16,2015,grain corn,2014-12-02,grain corn,331.77625,68.67250000000001,2014-12-02,False,30.7125,2015,True,,2015-04-30,PlantDate proxy,51.85374999999999,False,2014-12-02,30.7125,2015.0,36.0,0.1942982455,2.0,0.75,1,,0.75,-0.3885840286996418,-0.6580782975492044,-1.028198448707217,-0.8940172884840042,-1.3151477727398646,0.2895240662536136,0.36,1,188,68,132,Siphon,2015-07-07,9.466763174710762,,0,,,,,,unlisted_default_zero,1.0,6442.463236861436,539.6358420542474,76794.16461030148,2.478075512099207,reconstruction,volume_observation_or_prediction_event
VO_38779eed82ebadfdeb20,PE_bf6fc540566653c363a5,9893.99,Bubbler,10 V,28.0,False,2015-07-20,213,2015-07-20,2015,2,1,MT,OUT,False,AC,Siphon,"Analytical composite. Average of MT1 I 2 bottles 2, 4, 6, 8, 10. Original Ortho P values, 0.05,0.03,0.02,0.01,0. any average with a 0 or negative value is changed to U",0.0,,92689.66,True,0.34,0.75,MG/L,EPA300.0 [300OPHOS]_W,0.34,0.75,CSU_assumed_from_ALS_pre2023,True,2015-04-30,2015-11-16,2015,grain corn,2014-12-02,grain corn,331.77625,68.67250000000001,2014-12-02,False,30.7125,2015,True,,2015-04-30,PlantDate proxy,51.85374999999999,False,2014-12-02,30.7125,2015.0,43.0,0.2460526315,2.0,0.75,1,,0.75,-0.3885840286996418,-0.6580782975492044,-1.028198448707217,-1.0306359860649223,-0.8192234335968713,-0.337286160780547,0.43,1,201,81,119,Siphon,2015-07-20,9.199783847424735,,0,,,,,,unlisted_default_zero,1.0,9197.114789243597,770.763623317663,109624.94390287502,2.478075512099207,reconstruction,volume_observation_or_prediction_event
VO_e11ad052b56b9bc9cec8,PE_bd8c84ec329021438849,8482.19,Bubbler,10 V,28.0,False,2015-07-21,219,2015-07-21,2015,2,2,MT,OUT,False,AC,Siphon,"Analytical composite. Average of MT2 I 2 bottles 2, 4, 6, 8. Original Ortho P values, 0.04,0.02,0.01,0.",0.0,,95545.02,True,0.34,0.75,MG/L,EPA300.0 [300OPHOS]_W,0.34,0.75,CSU_assumed_from_ALS_pre2023,True,2015-04-30,2015-11-16,2015,grain corn,2014-12-02,grain corn,331.77625,68.67250000000001,2014-12-02,False,30.7125,2015,True,,2015-04-30,PlantDate proxy,51.85374999999999,False,2014-12-02,30.7125,2015.0,36.0,0.1942982455,2.0,0.75,1,,0.75,-0.3885840286996418,-0.6580782975492044,-1.028198448707217,-1.0943342282197244,-0.8192234335968713,-0.2546547228972071,0.36,1,202,82,118,Siphon,2015-07-21,9.045841837293558,,0,,,,,,unlisted_default_zero,1.0,11994.071859624326,1005.4410297602607,142959.93329166525,2.478075512099207,reconstruction,volume_observation_or_prediction_event
VO_d726db7cac8af84f3989,PE_4ebf629c5dd531a50c12,11668.16,Bubbler,10 V,28.0,False,2015-07-30,225,2015-07-30,2015,3,1,MT,OUT,False,TRUE,Siphon,,0.02,,101476.51,True,0.34,0.75,MG/L,EPA300.0 [300OPHOS]_W,0.34,0.75,CSU_assumed_from_ALS_pre2023,True,2015-04-30,2015-11-16,2015,grain corn,2014-12-02,grain corn,331.77625,68.67250000000001,2014-12-02,False,30.7125,2015,True,,2015-04-30,PlantDate proxy,51.85374999999999,False,2014-12-02,30.7125,2015.0,43.0,0.2460526315,2.0,0.75,0,0.02,0.75,-0.1523477202177687,-0.6580782975492044,-1.028198448707217,-0.9505881674760396,-0.3232990944538781,-0.0830029705820347,0.43,1,211,91,109,Siphon,2015-07-30,9.36470474325551,,0,,,,,,unlisted_default_zero,1.0,11234.816336950567,941.736041659016,133910.8938695962,2.478075512099207,reconstruction,volume_observation_or_prediction_event
VO_5b49bd842f1806b3463a,PE_9f67556e2848ccb24a85,23614.62,Bubbler,10 V,28.0,False,2015-07-31,231,2015-07-31,2015,3,2,MT,OUT,False,TRUE,Siphon,,0.02,,91015.8,True,0.34,0.75,MG/L,EPA300.0 [300OPHOS]_W,0.34,0.75,CSU_assumed_from_ALS_pre2023,True,2015-04-30,2015-11-16,2015,grain corn,2014-12-02,grain corn,331.77625,68.67250000000001,2014-12-02,False,30.7125,2015,True,,2015-04-30,PlantDate proxy,51.85374999999999,False,2014-12-02,30.7125,2015.0,36.0,0.1942982455,2.0,0.75,0,0.02,0.75,-0.1523477202177687,-0.6580782975492044,-1.028198448707217,-0.411582287059086,-0.3232990944538781,-0.3857260978166501,0.36,1,212,92,108,Siphon,2015-07-31,10.069663636484833,,0,,,,,,unlisted_default_zero,1.0,13907.026096886253,1165.9465819541304,165759.1066775071,2.478075512099207,reconstruction,volume_observation_or_prediction_event
VO_874be2331bf8c5ea2dc6,PE_74dfc686b20e794d29d3,12104.43,Bubbler,10 V,14.0,False,2015-08-06,236,2015-08-06,2015,4,1,MT,OUT,False,TRUE,Siphon,,,,119825.33,False,0.34,0.75,MG/L,EPA300.0 [300OPHOS]_W,0.34,0.75,CSU_assumed_from_ALS_pre2023,True,2015-04-30,2015-11-16,2015,grain corn,2014-12-02,grain corn,331.77625,68.67250000000001,2014-12-02,False,30.7125,2015,True,,2015-04-30,PlantDate proxy,51.85374999999999,False,2014-12-02,30.7125,2015.0,43.0,0.2460526315,2.0,0.75,0,,0.75,,-0.6580782975492044,-1.028198448707217,-0.9309043368308522,0.1726252446891151,0.4479946549582068,0.43,1,218,98,102,Siphon,2015-08-06,9.401409391252608,,0,,,,,,unlisted_default_zero,1.0,10054.759103933686,842.7238781078132,119846.61102544494,2.478075512099207,reconstruction,volume_observation_or_prediction_event
VO_3b247a1a2cfd92c5e404,PE_09a938930ab837ebeb36,25847.77,Bubbler,10 V,14.0,False,2015-08-07,239,2015-08-07,2015,4,2,MT,OUT,False,TRUE,Siphon,,,,98665.6,False,0.34,0.75,MG/L,EPA300.0 [300OPHOS]_W,0.34,0.75,CSU_assumed_from_ALS_pre2023,True,2015-04-30,2015-11-16,2015,grain corn,2014-12-02,grain corn,331.77625,68.67250000000001,2014-12-02,False,30.7125,2015,True,,2015-04-30,PlantDate proxy,51.85374999999999,False,2014-12-02,30.7125,2015.0,36.0,0.1942982455,2.0,0.75,0,,0.75,,-0.6580782975492044,-1.028198448707217,-0.3108259975931589,0.1726252446891151,-0.1643480671935506,0.36,1,219,99,101,Siphon,2015-08-07,10.160018296599477,,0,,,,,,unlisted_default_zero,1.0,14986.264063969284,1256.4995510116605,178621.79469001738,2.478075512099207,reconstruction,volume_observation_or_prediction_event
VO_b5b871dc5abe7370159f,PE_a98d09332522adfe618b,6245.25,Bubbler,10 V,28.0,False,2015-08-16,243,2015-08-16,2015,5,1,MT,OUT,False,AC,Siphon,"Analytical composite. Average of MT1 I 5 bottles 2, 4, 6, 8, 10",0.01,,102988.51,True,0.34,0.75,MG/L,EPA300.0 [300OPHOS]_W,0.34,0.75,CSU_assumed_from_ALS_pre2023,True,2015-04-30,2015-11-16,2015,grain corn,2014-12-02,grain corn,331.77625,68.67250000000001,2014-12-02,False,30.7125,2015,True,,2015-04-30,PlantDate proxy,51.85374999999999,False,2014-12-02,30.7125,2015.0,43.0,0.2460526315,2.0,0.75,0,0.01,0.75,-0.2704658744587053,-0.6580782975492044,-1.028198448707217,-1.1952615166499287,0.6685495838321084,-0.0392471099971663,0.43,1,228,108,92,Siphon,2015-08-16,8.739736562658415,,0,,,,,,unlisted_default_zero,1.0,7368.392314262555,617.3254986940983,87829.67040937208,2.478075512099207,reconstruction,volume_observation_or_prediction_event
VO_7468295d830e84dc10cd,PE_f28eca55841e3590b19f,10912.16,Bubbler,10 V,28.0,False,2015-08-17,249,2015-08-17,2015,5,2,MT,OUT,False,AC,Siphon,"Analytical composite. Average of MT2 I 5 bottles 2, 4, 6, 8, 10",0.01,,91914.89,True,0.34,0.75,MG/L,EPA300.0 [300OPHOS]_W,0.34,0.75,CSU_assumed_from_ALS_pre2023,True,2015-04-30,2015-11-16,2015,grain corn,2014-12-02,grain corn,331.77625,68.67250000000001,2014-12-02,False,30.7125,2015,True,,2015-04-30,PlantDate proxy,51.85374999999999,False,2014-12-02,30.7125,2015.0,36.0,0.1942982455,2.0,0.75,0,0.01,0.75,-0.2704658744587053,-0.6580782975492044,-1.028198448707217,-0.9846977234110376,0.6685495838321084,-0.3597072772523318,0.36,1,229,109,91,Siphon,2015-08-17,9.297724679418605,,0,,,,,,unlisted_default_zero,1.0,8420.293711858785,705.5848053654103,100366.55283000608,2.478075512099207,reconstruction,volume_observation_or_prediction_event
VO_d2625401eeb678e57170,PE_61227cf97dd057e6375a,3092.35,Bubbler,10 V,28.0,False,2015-08-31,255,2015-08-31,2015,6,1,MT,OUT,False,AC,Siphon,"Analytical composite. Average of MT1 I 6 bottles 1, 2, 3, 4. Original NH4 values, 0,0.01,0,0",0.0,,110769.23,True,0.34,0.75,MG/L,EPA300.0 [300OPHOS]_W,0.34,0.75,CSU_assumed_from_ALS_pre2023,True,2015-04-30,2015-11-16,2015,grain corn,2014-12-02,grain corn,331.77625,68.67250000000001,2014-12-02,False,30.7125,2015,True,,2015-04-30,PlantDate proxy,51.85374999999999,False,2014-12-02,30.7125,2015.0,43.0,0.2460526315,2.0,0.75,1,,0.75,-0.3885840286996418,-0.6580782975492044,-1.028198448707217,-1.3375155099137586,1.1644739229751015,0.185919622522607,0.43,1,243,123,77,Siphon,2015-08-31,8.037009925028656,,0,,,,,,unlisted_default_zero,1.0,4993.884155400834,418.09347536432915,59529.55628982428,2.478075512099207,reconstruction,volume_observation_or_prediction_event
VO_5e8ffbfda63feba2e0b2,PE_078b8edebaf25b47ca9c,5268.72,Bubbler,10 V,28.0,False,2015-09-01,261,2015-09-01,2015,6,2,MT,OUT,False,AC,Siphon,"Analytical composite. Average of MT2 I 6 bottles 1, 2, 3, 4. Original NH4 values, 0,0,0.01,0.01",0.01,,110566.73,True,0.34,0.75,MG/L,EPA300.0 [300OPHOS]_W,0.34,0.75,CSU_assumed_from_ALS_pre2023,True,2015-04-30,2015-11-16,2015,grain corn,2014-12-02,grain corn,331.77625,68.67250000000001,2014-12-02,False,30.7125,2015,True,,2015-04-30,PlantDate proxy,51.85374999999999,False,2014-12-02,30.7125,2015.0,36.0,0.1942982455,2.0,0.75,0,0.01,0.75,-0.2704658744587053,-0.6580782975492044,-1.028198448707217,-1.2393210466197748,1.1644739229751015,0.1800594626228478,0.36,1,244,124,76,Siphon,2015-09-01,8.569732509194118,,0,,,,,,unlisted_default_zero,1.0,6108.8271099413405,511.64225509851224,72817.78725779359,2.478075512099207,reconstruction,volume_observation_or_prediction_event
VO_ed2c5d04eed2e312fc5a,PE_06726b0bbd436c0f2638,9890.96,Bubbler,10 V,28.0,False,2016-06-07,267,2016-06-07,2016,1,1,MT,OUT,False,AC,Siphon,"Analytical composite. Average of MT1 I1 Time 1, 2, 3, 4, 5, 6, 4-D. TP, TKN, TSP average of T 1, 2, 4, 6",0.0,,259697.49,True,0.34,0.75,MG/L,EPA300.0 [300OPHOS]_W,0.34,0.75,CSU_assumed_from_ALS_pre2023,True,2016-03-03,2016-07-25,2016,barley,2015-11-16,grain corn,433.55,95.27375,2015-11-16,False,0.0,2016,True,,2016-03-03,PlantDate proxy,95.27375,False,2015-11-16,0.0,2016.0,57.0,0.1087134503333333,2.0,0.75,1,,0.75,-0.3885840286996418,-0.2815388384116791,-0.9041321796234724,-1.0307726949994238,-1.3151477727398646,4.495763658043131,0.57,1,159,96,48,Siphon,2016-06-07,9.199477584961476,,0,,,,,,unlisted_default_zero,1.0,6006.754331121105,503.0778851782185,71601.25267637674,2.478075512099207,reconstruction,volume_observation_or_prediction_event
VO_dc37932a6ce835e673cf,PE_2836684cbc95d298d128,5164.63,Bubbler,10 V,28.0,False,2016-06-08,273,2016-06-08,2016,1,2,MT,OUT,False,AC,Siphon,"Analytical composite. Average of MT2 I1 Time 1, 2, 3, 2-D. TP, TKN, TSP average of CT I1 T1, 2, 2-D",0.0,,249743.63,True,0.34,0.75,MG/L,EPA300.0 [300OPHOS]_W,0.34,0.75,CSU_assumed_from_ALS_pre2023,True,2016-03-03,2016-07-25,2016,barley,2015-11-16,grain corn,433.55,95.27375,2015-11-16,False,0.0,2016,True,,2016-03-03,PlantDate proxy,95.27375,False,2015-11-16,0.0,2016.0,50.0,0.0878362573333333,2.0,0.75,1,,0.75,-0.3885840286996418,-0.2815388384116791,-0.9041321796234724,-1.2440174271452695,-1.3151477727398646,4.207708293994655,0.5,1,160,97,47,Siphon,2016-06-08,8.549782348946005,,0,,,,,,unlisted_default_zero,1.0,5388.515711408612,451.20485595899294,64232.89581237558,2.478075512099207,reconstruction,volume_observation_or_prediction_event
VO_62c25da5b46ba2f2e3f2,PE_1d9fa89274a5507fb9c3,2988.26,Bubbler,10 V,28.0,False,2016-06-19,279,2016-06-19,2016,2,1,MT,OUT,False,AC,Siphon,"Analytical composite. Average of MT1 I2 Time 1, 2, 2-D",0.01,,108695.2,True,0.34,0.75,MG/L,EPA300.0 [300OPHOS]_W,0.34,0.75,CSU_assumed_from_ALS_pre2023,True,2016-03-03,2016-07-25,2016,barley,2015-11-16,grain corn,433.55,95.27375,2015-11-16,False,0.0,2016,True,,2016-03-03,PlantDate proxy,95.27375,False,2015-11-16,0.0,2016.0,57.0,0.1087134503333333,2.0,0.75,0,0.01,0.75,-0.2704658744587053,-0.2815388384116791,-0.9041321796234724,-1.3422118904392533,-0.8192234335968713,0.1258991413527428,0.57,1,171,108,36,Siphon,2016-06-19,8.002781144114827,,0,,,,,,unlisted_default_zero,1.0,4115.956619755894,344.43136617734393,49066.14753937584,2.478075512099207,reconstruction,volume_observation_or_prediction_event
VO_7a7cdda98ddc593d5f74,PE_e91aef82d1d0158c64de,2597.65,Bubbler,10 V,28.0,False,2016-06-20,285,2016-06-20,2016,2,2,MT,OUT,False,AC,Siphon,"Analytical composite. Average of ST2 I2 Time 1, 2, 3, 2-D. TP, TKN, TSP average of ST I1 T1, 2, 3.",0.01,,124076.27,True,0.34,0.75,MG/L,EPA300.0 [300OPHOS]_W,0.34,0.75,CSU_assumed_from_ALS_pre2023,True,2016-03-03,2016-07-25,2016,barley,2015-11-16,grain corn,433.55,95.27375,2015-11-16,False,0.0,2016,True,,2016-03-03,PlantDate proxy,95.27375,False,2015-11-16,0.0,2016.0,50.0,0.0878362573333333,2.0,0.75,0,0.01,0.75,-0.2704658744587053,-0.2815388384116791,-0.9041321796234724,-1.359835612190271,-0.8192234335968713,0.5710128679176253,0.5,1,172,109,35,Siphon,2016-06-20,7.862747358393367,,0,,,,,,unlisted_default_zero,1.0,2980.6460023814657,249.17364698900192,35535.16853939935,2.478075512099207,reconstruction,volume_observation_or_prediction_event
VO_dd5e4b0114d2ef5d8dcb,PE_c9e73ef1dabab1e96c37,16900.03,Bubbler,10 V,28.0,False,2017-06-26,292,2017-06-26,2017,1,1,MT,OUT,True,FALSE,Siphon,,0.0,,,True,0.34,0.75,MG/L,EPA300.0 [300OPHOS]_W,0.34,0.75,ALS_pre2023,False,2017-04-19,2017-10-13,2017,silage corn,2016-07-25,barley,507.4875,67.4375,2016-07-25,False,0.0,2017,True,,2017-04-19,PlantDate proxy,50.21249999999998,False,2016-07-25,0.0,2017.0,56.5,,2.0,0.75,1,,0.75,-0.3885840286996418,-0.6755596652306047,-0.8139994118873973,-0.714534248944772,-1.3151477727398646,,0.565,1,177,68,109,Siphon,2017-06-26,9.73512984579955,,0,,,,,,unlisted_default_zero,1.0,16546.467568451684,1387.4077139691783,197216.77700742355,2.478075512099207,reconstruction,volume_observation_or_prediction_event
VO_e6b9e2de3c1e0e3d849d,PE_7563047765a1e3f047e6,8724.43,Bubbler,10 V,28.0,False,2017-06-27,298,2017-06-27,2017,1,2,MT,OUT,True,FALSE,Siphon,,0.0,,,True,0.34,0.75,MG/L,EPA300.0 [300OPHOS]_W,0.34,0.75,ALS_pre2023,False,2017-04-19,2017-10-13,2017,silage corn,2016-07-25,barley,507.4875,67.4375,2016-07-25,False,0.0,2017,True,,2017-04-19,PlantDate proxy,50.21249999999998,False,2016-07-25,0.0,2017.0,58.5,,2.0,0.75,1,,0.75,-0.3885840286996418,-0.6755596652306047,-0.8139994118873973,-1.0834047324132507,-1.3151477727398646,,0.585,1,178,69,108,Siphon,2017-06-27,9.07399702952385,,0,,,,,,unlisted_default_zero,1.0,17000.757654157762,1425.524716269673,202631.1451244083,2.478075512099207,reconstruction,volume_observation_or_prediction_event
VO_dc76b3fd137fe1478e2e,PE_01ef9362ba3276afc3a9,34386.73,Bubbler,10 V,28.0,False,2017-07-09,306,2017-07-09,2017,2,1,MT,OUT,True,FALSE,Siphon,"H flag, Ortho P. ISCO data says flow starts on 7/10, lab reports 7/14, we suspect this to be out of hold time",0.0,H,,True,0.34,0.75,MG/L,EPA300.0 [300OPHOS]_W,0.34,0.75,ALS_pre2023,False,2017-04-19,2017-10-13,2017,silage corn,2016-07-25,barley,507.4875,67.4375,2016-07-25,False,0.0,2017,True,,2017-04-19,PlantDate proxy,50.21249999999998,False,2016-07-25,0.0,2017.0,56.5,,2.0,0.75,1,,0.75,-0.3885840286996418,-0.6755596652306047,-0.8139994118873973,0.0744387295850303,-0.8192234335968713,,0.565,1,190,81,96,Siphon,2017-07-09,10.44545509368738,,0,,,,,,unlisted_default_zero,1.0,22303.42588034758,1870.4426736190871,265829.96605884965,2.478075512099207,reconstruction,volume_observation_or_prediction_event
VO_66e32592c55c0ce45f1c,PE_3712d644db8e7505fd90,43342.04,Bubbler,10 V,28.0,False,2017-07-10,312,2017-07-10,2017,2,2,MT,OUT,True,FALSE,Siphon,"H flag, Ortho P. ISCO data says flow starts on 7/10, lab reports 7/14, we suspect this to be out of hold time",0.0,H,,True,0.34,0.75,MG/L,EPA300.0 [300OPHOS]_W,0.34,0.75,ALS_pre2023,False,2017-04-19,2017-10-13,2017,silage corn,2016-07-25,barley,507.4875,67.4375,2016-07-25,False,0.0,2017,True,,2017-04-19,PlantDate proxy,50.21249999999998,False,2016-07-25,0.0,2017.0,58.5,,2.0,0.75,1,,0.75,-0.3885840286996418,-0.6755596652306047,-0.8139994118873973,0.4784885276805956,-0.8192234335968713,,0.585,1,191,82,95,Siphon,2017-07-10,10.676901415685355,,0,,,,,,unlisted_default_zero,1.0,31436.140470135233,2636.7189230504364,374676.45039190305,2.478075512099207,reconstruction,volume_observation_or_prediction_event
VO_a6a9a0a539feddacd772,PE_5f5cdcb0357234b8314a,26706.96,Bubbler,10 V,28.0,False,2017-07-20,320,2017-07-20,2017,3,1,MT,OUT,True,FALSE,Siphon,"H flag, Ortho P. ISCO data says flow starts on 7/21, lab reports 7/27, we suspect this to be out of hold time",0.0,H,,True,0.34,0.75,MG/L,EPA300.0 [300OPHOS]_W,0.34,0.75,ALS_pre2023,False,2017-04-19,2017-10-13,2017,silage corn,2016-07-25,barley,507.4875,67.4375,2016-07-25,False,0.0,2017,True,,2017-04-19,PlantDate proxy,50.21249999999998,False,2016-07-25,0.0,2017.0,56.5,,2.0,0.75,1,,0.75,-0.3885840286996418,-0.6755596652306047,-0.8139994118873973,-0.2720606677468746,-0.3232990944538781,,0.565,1,201,92,85,Siphon,2017-07-20,10.19271692729804,,0,,,,,,unlisted_default_zero,1.0,18705.341641480263,1568.5470577437857,222946.8981731178,2.478075512099207,reconstruction,volume_observation_or_prediction_event
VO_66dd8b621b2d81c925e4,PE_df9fe3439780c58ef619,30317.85,Bubbler,10 V,28.0,False,2017-07-21,326,2017-07-21,2017,3,2,MT,OUT,True,FALSE,Siphon,"H flag, Ortho P. ISCO data says flow starts on 7/21, lab reports 7/27, we suspect this to be out of hold time",0.0,H,,True,0.34,0.75,MG/L,EPA300.0 [300OPHOS]_W,0.34,0.75,ALS_pre2023,False,2017-04-19,2017-10-13,2017,silage corn,2016-07-25,barley,507.4875,67.4375,2016-07-25,False,0.0,2017,True,,2017-04-19,PlantDate proxy,50.21249999999998,False,2016-07-25,0.0,2017.0,58.5,,2.0,0.75,1,,0.75,-0.3885840286996418,-0.6755596652306047,-0.8139994118873973,-0.1091428708816297,-0.3232990944538781,,0.585,1,202,93,84,Siphon,2017-07-21,10.3195249102771,,0,,,,,,unlisted_default_zero,1.0,20135.407488505196,1688.5360799479286,239990.8601061335,2.478075512099207,reconstruction,volume_observation_or_prediction_event
VO_0efe268eb7639cb02c52,PE_283a79a4d7e1d99ea45c,10374.69,Bubbler,10 V,28.0,False,2017-08-02,334,2017-08-02,2017,4,1,MT,OUT,True,FALSE,Siphon,,0.0,,,True,0.34,0.75,MG/L,EPA300.0 [300OPHOS]_W,0.34,0.75,ALS_pre2023,False,2017-04-19,2017-10-13,2017,silage corn,2016-07-25,barley,507.4875,67.4375,2016-07-25,False,0.0,2017,True,,2017-04-19,PlantDate proxy,50.21249999999998,False,2016-07-25,0.0,2017.0,56.5,,2.0,0.75,1,,0.75,-0.3885840286996418,-0.6755596652306047,-0.8139994118873973,-1.0089475422316505,0.1726252446891151,,0.565,1,214,105,72,Siphon,2017-08-02,9.247220848911567,,0,,,,,,unlisted_default_zero,1.0,10418.51689192404,873.2448092879448,124181.98754271754,2.478075512099207,reconstruction,volume_observation_or_prediction_event
VO_5fbdd100fffff361e2fe,PE_44c3319c1ae4491d3b22,13258.86,Bubbler,10 V,28.0,False,2017-08-03,340,2017-08-03,2017,4,2,MT,OUT,True,FALSE,Siphon,,0.0,,,True,0.34,0.75,MG/L,EPA300.0 [300OPHOS]_W,0.34,0.75,ALS_pre2023,False,2017-04-19,2017-10-13,2017,silage corn,2016-07-25,barley,507.4875,67.4375,2016-07-25,False,0.0,2017,True,,2017-04-19,PlantDate proxy,50.21249999999998,False,2016-07-25,0.0,2017.0,58.5,,2.0,0.75,1,,0.75,-0.3885840286996418,-0.6755596652306047,-0.8139994118873973,-0.8788182327858259,0.1726252446891151,,0.585,1,215,106,71,Siphon,2017-08-03,9.492496705614736,,0,,,,,,unlisted_default_zero,1.0,9402.222790573462,787.9731165567442,112069.4837638162,2.478075512099207,reconstruction,volume_observation_or_prediction_event
VO_d0191a57fcc2bf459532,PE_72973ed7fd2fafa39b49,1604.84,Bubbler,10 V,28.0,False,2017-08-21,348,2017-08-21,2017,5,1,MT,OUT,True,FALSE,Siphon,,0.0,,,True,0.34,0.75,MG/L,EPA300.0 [300OPHOS]_W,0.34,0.75,ALS_pre2023,False,2017-04-19,2017-10-13,2017,silage corn,2016-07-25,barley,507.4875,67.4375,2016-07-25,False,0.0,2017,True,,2017-04-19,PlantDate proxy,50.21249999999998,False,2016-07-25,0.0,2017.0,56.5,,2.0,0.75,1,,0.75,-0.3885840286996418,-0.6755596652306047,-0.8139994118873973,-1.4046296706926855,0.6685495838321084,,0.565,1,233,124,53,Siphon,2017-08-21,7.381402263142671,,0,,,,,,unlisted_default_zero,1.0,2395.6723599102434,200.09170050287338,28563.273843194533,2.478075512099207,reconstruction,volume_observation_or_prediction_event
VO_292e688f7d0e71e78ad1,PE_ae6e7b1bd3de16ea6d0f,1763.81,Bubbler,10 V,28.0,False,2017-08-22,354,2017-08-22,2017,5,2,MT,OUT,True,FALSE,Siphon,,0.0,,,True,0.34,0.75,MG/L,EPA300.0 [300OPHOS]_W,0.34,0.75,ALS_pre2023,False,2017-04-19,2017-10-13,2017,silage corn,2016-07-25,barley,507.4875,67.4375,2016-07-25,False,0.0,2017,True,,2017-04-19,PlantDate proxy,50.21249999999998,False,2016-07-25,0.0,2017.0,58.5,,2.0,0.75,1,,0.75,-0.3885840286996418,-0.6755596652306047,-0.8139994118873973,-1.3974571890696874,0.6685495838321084,,0.585,1,234,125,52,Siphon,2017-08-22,7.475798314847645,,0,,,,,,unlisted_default_zero,1.0,1725.4964684310369,143.8608982005387,20575.912697161228,2.478075512099207,reconstruction,volume_observation_or_prediction_event
VO_a7c72983b2bf77678381,PE_fa68bde0c7a186695c73,4307.33,Bubbler,10 V,28.0,False,2017-09-06,361,2017-09-06,2017,6,1,MT,OUT,True,FALSE,Siphon,,0.11,,,True,0.34,0.75,MG/L,EPA300.0 [300OPHOS]_W,0.34,0.75,ALS_pre2023,False,2017-04-19,2017-10-13,2017,silage corn,2016-07-25,barley,507.4875,67.4375,2016-07-25,False,0.0,2017,True,,2017-04-19,PlantDate proxy,50.21249999999998,False,2016-07-25,0.0,2017.0,56.5,,2.0,0.75,0,0.11,0.75,0.9107156679506602,-0.6755596652306047,-0.8139994118873973,-1.2826974831017164,1.1644739229751015,,0.565,1,249,140,37,Siphon,2017-09-06,8.36830563701383,,0,,,,,,unlisted_default_zero,1.0,2714.1355834149986,226.81221192254705,32358.815894473097,2.478075512099207,reconstruction,volume_observation_or_prediction_event
VO_32b9e8c4049152e82b8f,PE_0d069e1b4f6cd76df6ac,741.86,Bubbler,10 V,28.0,False,2017-09-07,367,2017-09-07,2017,6,2,MT,OUT,True,FALSE,Siphon,,0.11,,,True,0.34,0.75,MG/L,EPA300.0 [300OPHOS]_W,0.34,0.75,ALS_pre2023,False,2017-04-19,2017-10-13,2017,silage corn,2016-07-25,barley,507.4875,67.4375,2016-07-25,False,0.0,2017,True,,2017-04-19,PlantDate proxy,50.21249999999998,False,2016-07-25,0.0,2017.0,58.5,,2.0,0.75,0,0.11,0.75,0.9107156679506602,-0.6755596652306047,-0.8139994118873973,-1.4435659995032477,1.1644739229751015,,0.585,1,250,141,36,Siphon,2017-09-07,6.610507601660655,,0,,,,,,unlisted_default_zero,1.0,1683.6628498175794,140.35086752388676,20077.32684207532,2.478075512099207,reconstruction,volume_observation_or_prediction_event
VO_156e4c18b4fcef925d1f,PE_55b3839d44d67304ba2d,5598.34,Ruler,10 V,28.0,False,2021-06-23,470,2021-06-23,2021,1,1,MT,OUT,False,TRUE,Siphon,LC samplers were not installed until 8/11/21,0.12,,75193.68,True,0.34,0.75,MG/L,EPA300.0 [300OPHOS]_W,0.34,0.75,ALS_pre2023,False,2021-04-27,2021-10-22,2021,grain corn,2020-10-09,grain corn,816.6275,119.3075,2020-10-09,False,0.0,2021,True,,2021-04-27,PlantDate proxy,83.5575,False,2020-10-09,0.0,2021.0,77.66666666666667,0.0655555553333333,3.0,0.75,0,0.12,0.75,1.0288338221915967,0.0586577773881986,-0.4371453957530912,-1.2244490997582749,-1.3151477727398646,-0.8436033973385142,0.7766666666666667,1,174,57,121,Siphon,2021-06-23,8.630404012634685,,0,,,,,,unlisted_default_zero,1.0,7644.477221589944,640.4902768366234,91120.13473348529,2.478075512099207,reconstruction,volume_observation_or_prediction_event
VO_b63f52543837ca1606ee,PE_f544dd1f1224ddc9abde,12528.72,Ruler,10 V,28.0,False,2021-06-24,476,2021-06-24,2021,1,2,MT,OUT,False,TRUE,Siphon,LC samplers were not installed until 8/11/21,0.041,,83456.54,True,0.34,0.75,MG/L,EPA300.0 [300OPHOS]_W,0.34,0.75,ALS_pre2023,False,2021-04-27,2021-10-22,2021,grain corn,2020-10-09,grain corn,816.6275,119.3075,2020-10-09,False,0.0,2021,True,,2021-04-27,PlantDate proxy,83.5575,False,2020-10-09,0.0,2021.0,82.66666666666667,0.047111111,3.0,0.75,0,0.041,0.75,0.095700403688198,0.0586577773881986,-0.4371453957530912,-0.911761025339238,-1.3151477727398646,-0.6044839858356796,0.8266666666666667,1,175,58,120,Siphon,2021-06-24,9.435858701271716,,0,,,,,,unlisted_default_zero,1.0,8648.11294659425,724.6998742778476,103081.77211345213,2.478075512099207,reconstruction,volume_observation_or_prediction_event
VO_92cbc47581f456c21bdf,PE_936c12cc5ae17810e93e,5667.8,Ruler,10 V,28.0,False,2021-07-08,482,2021-07-08,2021,2,1,MT,OUT,False,TRUE,Siphon,LC samplers were not installed until 8/11/21,0.0,,93540.89,True,0.34,0.75,MG/L,EPA300.0 [300OPHOS]_W,0.34,0.75,ALS_pre2023,False,2021-04-27,2021-10-22,2021,grain corn,2020-10-09,grain corn,816.6275,119.3075,2020-10-09,False,0.0,2021,True,,2021-04-27,PlantDate proxy,83.5575,False,2020-10-09,0.0,2021.0,77.66666666666667,0.0655555553333333,3.0,0.75,1,,0.75,-0.3885840286996418,0.0586577773881986,-0.4371453957530912,-1.2213151715105963,-0.8192234335968713,-0.3126523636868583,0.7766666666666667,1,189,72,106,Siphon,2021-07-08,8.642732734111208,,0,,,,,,unlisted_default_zero,1.0,5500.22190686873,460.57751330570784,65564.24439822232,2.478075512099207,reconstruction,volume_observation_or_prediction_event
VO_0ac0631cc0c2e11f50ed,PE_51b615c0027e4e29028e,10777.6,Ruler,10 V,28.0,False,2021-07-09,488,2021-07-09,2021,2,2,MT,OUT,False,TRUE,Siphon,LC samplers were not installed until 8/11/21,0.0,,104233.28,True,0.34,0.75,MG/L,EPA300.0 [300OPHOS]_W,0.34,0.75,ALS_pre2023,False,2021-04-27,2021-10-22,2021,grain corn,2020-10-09,grain corn,816.6275,119.3075,2020-10-09,False,0.0,2021,True,,2021-04-27,PlantDate proxy,83.5575,False,2020-10-09,0.0,2021.0,82.66666666666667,0.047111111,3.0,0.75,1,,0.75,-0.3885840286996418,0.0586577773881986,-0.4371453957530912,-0.9907688634197852,-0.8192234335968713,-0.0032246347456935,0.8266666666666667,1,190,73,105,Siphon,2021-07-09,9.285317965899262,,0,,,,,,unlisted_default_zero,1.0,6753.27225689234,565.7141310248712,80498.48152470434,2.478075512099207,reconstruction,volume_observation_or_prediction_event
VO_cf64f33e898106fa5359,PE_3b0275b6f31aa3c48b11,1388.06,Ruler,10 V,28.0,False,2021-07-29,494,2021-07-29,2021,3,1,MT,OUT,False,TRUE,Siphon,LC samplers were not installed until 8/11/21,0.0,,61418.81,True,0.34,0.75,MG/L,EPA300.0 [300OPHOS]_W,0.34,0.75,ALS_pre2023,False,2021-04-27,2021-10-22,2021,grain corn,2020-10-09,grain corn,816.6275,119.3075,2020-10-09,False,0.0,2021,True,,2021-04-27,PlantDate proxy,83.5575,False,2020-10-09,0.0,2021.0,77.66666666666667,0.0655555553333333,3.0,0.75,1,,0.75,-0.3885840286996418,0.0586577773881986,-0.4371453957530912,-1.4144104505016657,-0.3232990944538781,-1.2422352037503437,0.7766666666666667,1,210,93,85,Siphon,2021-07-29,7.236382538365676,,0,,,,,,unlisted_default_zero,1.0,4239.7954796194235,354.82200919340755,50542.096928512656,2.478075512099207,reconstruction,volume_observation_or_prediction_event
VO_fbd120ba7133835f51f0,PE_e31452c7a0ebfbfaf3f2,26824.27,Etape,10 V,28.0,False,2021-08-26,533,2021-08-26,2021,5,2,MT,OUT,False,TRUE,Siphon,,0.0,,86027.4,True,0.34,0.75,MG/L,EPA300.0 [300OPHOS]_W,0.34,0.75,ALS_pre2023,False,2021-04-27,2021-10-22,2021,grain corn,2020-10-09,grain corn,816.6275,119.3075,2020-10-09,False,0.0,2021,True,,2021-04-27,PlantDate proxy,83.5575,False,2020-10-09,0.0,2021.0,82.66666666666667,0.047111111,3.0,0.75,1,,0.75,-0.3885840286996418,0.0586577773881986,-0.4371453957530912,-0.2667678211771197,0.6685495838321084,-0.530085710873236,0.8266666666666667,1,238,121,57,Siphon,2021-08-26,10.197099632685896,,0,,,,,,unlisted_default_zero,1.0,13477.986906356626,1129.948244488758,160645.68644838198,2.478075512099207,reconstruction,volume_observation_or_prediction_event
VO_419dfaaf27a1a8d6d0f4,PE_248493668060338e72e6,49629.58,Ruler,60 V Trap,84.0,False,2023-07-17,704,2023-07-17,2023,1,1,MT,OUT,False,TRUE,Gated Pipe,,0.0,,,True,0.01,0.05,mg/L,SM4500P E (P-Ortho),0.01,0.05,ALS_2023plus,False,2023-05-02,2023-09-08,2023,silage corn,2022-10-24,grain corn,1027.9425,73.62875000000008,2022-10-24,False,0.0,2023,True,2023-05-01,2023-05-01,user-confirmed measurement date,47.059999999999945,False,2022-10-24,0.0,2023.0,17.666666666666668,0.0679999999999999,3.0,0.05,1,,0.05,-0.3885840286996418,-0.5879228088277952,-0.1795439646234382,0.7621726511244284,-1.3151477727398646,,0.1766666666666666,1,198,76,53,Gated Pipe,2023-07-17,10.812362454993151,both,1,2023-06-28,Pipe Ditch,after_residue_before_first_runoff,logged_operational_anchor,user-confirmed MT and ST follow-on tractor pass,furrow_tire_compaction_records.csv,1.0,39292.42156813161,3295.8966029248127,468310.01016670914,2.478075512099207,reconstruction,volume_observation_or_prediction_event
VO_302d70534abca47e2e8b,PE_bf74455b1a7c48461768,37255.19,Ruler,60 V Trap,56.0,False,2023-07-17,718,2023-07-17,2023,1,2,MT,OUT,False,TRUE,Gated Pipe,,0.0,,,True,0.01,0.05,mg/L,SM4500P E (P-Ortho),0.01,0.05,ALS_2023plus,False,2023-05-02,2023-09-08,2023,silage corn,2022-10-24,grain corn,1027.9425,73.62875000000008,2022-10-24,False,0.0,2023,True,2023-05-01,2023-05-01,user-confirmed measurement date,47.059999999999945,False,2022-10-24,0.0,2023.0,26.0,0.1623333333333333,3.0,0.05,1,,0.05,-0.3885840286996418,-0.5879228088277952,-0.1795439646234382,0.2038592280206183,-1.3151477727398646,,0.26,1,198,76,53,Gated Pipe,2023-07-17,10.525573384498898,both,1,2023-06-28,Pipe Ditch,after_residue_before_first_runoff,logged_operational_anchor,user-confirmed MT and ST follow-on tractor pass,furrow_tire_compaction_records.csv,1.0,35667.150631205724,2991.7198995570757,425102.9229025979,2.478075512099207,reconstruction,volume_observation_or_prediction_event
VO_70f32036d50f8ddbfe6f,PE_a5dd6f772a1d2e7d821c,65263.5,Ruler,60 V Trap,84.0,False,2023-08-16,742,2023-08-16,2023,2,1,MT,OUT,False,TRUE,Gated Pipe,,0.0,H,,True,0.01,0.05,mg/L,SM4500P E (P-Ortho),0.01,0.05,ALS_2023plus,False,2023-05-02,2023-09-08,2023,silage corn,2022-10-24,grain corn,1027.9425,73.62875000000008,2022-10-24,False,0.0,2023,True,2023-05-01,2023-05-01,user-confirmed measurement date,47.059999999999945,False,2022-10-24,0.0,2023.0,17.666666666666668,0.0679999999999999,3.0,0.05,1,,0.05,-0.3885840286996418,-0.5879228088277952,-0.1795439646234382,1.467551048906551,-0.8192234335968713,,0.1766666666666666,1,228,106,23,Gated Pipe,2023-08-16,11.086203522719462,both,1,2023-06-28,Pipe Ditch,after_residue_before_first_runoff,logged_operational_anchor,user-confirmed MT and ST follow-on tractor pass,furrow_tire_compaction_records.csv,1.0,65459.32327224509,5491.418547680241,780175.1438440727,2.478075512099207,reconstruction,volume_observation_or_prediction_event
VO_5ffde2f92156ea56cd1b,PE_9d88eac30a91208d302b,59257.88,Ruler,60 V Trap,56.0,False,2023-08-16,756,2023-08-16,2023,2,2,MT,OUT,False,TRUE,Gated Pipe,,0.0,H,,True,0.01,0.05,mg/L,SM4500P E (P-Ortho),0.01,0.05,ALS_2023plus,False,2023-05-02,2023-09-08,2023,silage corn,2022-10-24,grain corn,1027.9425,73.62875000000008,2022-10-24,False,0.0,2023,True,2023-05-01,2023-05-01,user-confirmed measurement date,47.059999999999945,False,2022-10-24,0.0,2023.0,26.0,0.1623333333333333,3.0,0.05,1,,0.05,-0.3885840286996418,-0.5879228088277952,-0.1795439646234382,1.1965867217711763,-0.8192234335968713,,0.26,1,228,106,23,Gated Pipe,2023-08-16,10.989670921185201,both,1,2023-06-28,Pipe Ditch,after_residue_before_first_runoff,logged_operational_anchor,user-confirmed MT and ST follow-on tractor pass,furrow_tire_compaction_records.csv,1.0,62021.618045971096,5202.979459658654,739203.5220579605,2.478075512099207,reconstruction,volume_observation_or_prediction_event
VO_da638cf36a9afc9fa62c,PE_b6fd60d10e559978199b,53461.96,Ruler,60 V Trap,70.0,False,2023-08-23,768,2023-08-23,2023,3,1,MT,OUT,False,TRUE,Gated Pipe,,0.0,,,True,0.01,0.05,mg/L,SM4500P E (P-Ortho),0.01,0.05,ALS_2023plus,False,2023-05-02,2023-09-08,2023,silage corn,2022-10-24,grain corn,1027.9425,73.62875000000008,2022-10-24,False,0.0,2023,True,2023-05-01,2023-05-01,user-confirmed measurement date,47.059999999999945,False,2022-10-24,0.0,2023.0,17.666666666666668,0.0679999999999999,3.0,0.05,1,,0.05,-0.3885840286996418,-0.5879228088277952,-0.1795439646234382,0.9350837357463436,-0.3232990944538781,,0.1766666666666666,1,235,113,16,Gated Pipe,2023-08-23,10.886744356659944,both,1,2023-06-28,Pipe Ditch,after_residue_before_first_runoff,logged_operational_anchor,user-confirmed MT and ST follow-on tractor pass,furrow_tire_compaction_records.csv,1.0,45888.73147632031,3849.356975176652,546926.8481308002,2.478075512099207,reconstruction,volume_observation_or_prediction_event
VO_5877339f88b013f5ba6b,PE_acc7ee117e759ece44f9,45232.25,Ruler,60 V Trap,70.0,False,2023-08-23,781,2023-08-23,2023,3,2,MT,OUT,False,TRUE,Gated Pipe,,0.0,,,True,0.01,0.05,mg/L,SM4500P E (P-Ortho),0.01,0.05,ALS_2023plus,False,2023-05-02,2023-09-08,2023,silage corn,2022-10-24,grain corn,1027.9425,73.62875000000008,2022-10-24,False,0.0,2023,True,2023-05-01,2023-05-01,user-confirmed measurement date,47.059999999999945,False,2022-10-24,0.0,2023.0,26.0,0.1623333333333333,3.0,0.05,1,,0.05,-0.3885840286996418,-0.5879228088277952,-0.1795439646234382,0.5637718923947392,-0.3232990944538781,,0.26,1,235,113,16,Gated Pipe,2023-08-23,10.719587714853965,both,1,2023-06-28,Pipe Ditch,after_residue_before_first_runoff,logged_operational_anchor,user-confirmed MT and ST follow-on tractor pass,furrow_tire_compaction_records.csv,1.0,41581.285884212964,3487.9427187144497,495589.39478685486,2.478075512099207,reconstruction,volume_observation_or_prediction_event
VO_725233a8edac8209f0d5,PE_8d90127b55de039c6ab7,30921.63,Ruler,60 V Trap,70.0,False,2023-09-20,794,2023-09-20,2023,4,1,MT,OUT,False,TRUE,Gated Pipe,,0.0,H,,True,0.01,0.05,mg/L,SM4500P E (P-Ortho),0.01,0.05,ALS_2023plus,False,2023-09-13,2024-08-02,2023,winter wheat,2023-09-08,silage corn,1072.48375,38.04124999999999,2023-09-08,False,0.0,2023,False,,2023-09-13,PlantDate proxy,38.04124999999999,False,2023-09-08,0.0,,,,,0.05,1,,0.05,-0.3885840286996418,-1.0916622196470884,-0.1252464005872664,-0.0819012469630672,0.1726252446891151,,,1,263,7,317,Gated Pipe,2023-09-20,10.339243557298861,both,1,2023-06-28,Pipe Ditch,after_residue_before_first_runoff,logged_operational_anchor,user-confirmed MT and ST follow-on tractor pass,furrow_tire_compaction_records.csv,1.0,22006.90907318867,1845.5635662464383,262295.988106555,2.478075512099207,reconstruction,volume_observation_or_prediction_event
VO_0871687e0e442d483f70,PE_23621b170748f0fc60c2,14914.65,Ruler,60 V Trap,56.0,False,2023-09-20,808,2023-09-20,2023,4,2,MT,OUT,False,TRUE,Gated Pipe,,0.0,H,,True,0.01,0.05,mg/L,SM4500P E (P-Ortho),0.01,0.05,ALS_2023plus,False,2023-09-13,2024-08-02,2023,winter wheat,2023-09-08,silage corn,1072.48375,38.04124999999999,2023-09-08,False,0.0,2023,False,,2023-09-13,PlantDate proxy,38.04124999999999,False,2023-09-08,0.0,,,,,0.05,1,,0.05,-0.3885840286996418,-1.0916622196470884,-0.1252464005872664,-0.8041115375191457,0.1726252446891151,,,1,263,7,317,Gated Pipe,2023-09-20,9.610166276287556,both,1,2023-06-28,Pipe Ditch,after_residue_before_first_runoff,logged_operational_anchor,user-confirmed MT and ST follow-on tractor pass,furrow_tire_compaction_records.csv,1.0,19380.953684064876,1625.233977823528,230999.04902984592,2.478075512099207,reconstruction,volume_observation_or_prediction_event
VO_69a7ade82cd31ec915dc,PE_c4acde3ff39ca34f7f1d,36706.6,Ruler,60 V Trap,56.0,False,2023-09-26,820,2023-09-26,2023,5,1,MT,OUT,False,TRUE,Gated Pipe,"Method: E300, Method: SM4500P E: ""Sample holding time expired prior to sample receipt. It was analyzed at the request of the client. Results should be considered  estimated.""",0.0,H,,True,0.01,0.05,mg/L,SM4500P E (P-Ortho),0.01,0.05,ALS_2023plus,False,2023-09-13,2024-08-02,2023,winter wheat,2023-09-08,silage corn,1072.48375,38.04124999999999,2023-09-08,False,0.0,2023,False,,2023-09-13,PlantDate proxy,38.04124999999999,False,2023-09-08,0.0,,,,,0.05,1,,0.05,-0.3885840286996418,-1.0916622196470884,-0.1252464005872664,0.1791076919222311,0.6685495838321084,,,1,269,13,311,Gated Pipe,2023-09-26,10.510739097072298,both,1,2023-06-28,Pipe Ditch,after_residue_before_first_runoff,logged_operational_anchor,user-confirmed MT and ST follow-on tractor pass,furrow_tire_compaction_records.csv,1.0,24281.128986097254,2036.3809500716561,289400.83625292446,2.478075512099207,reconstruction,volume_observation_or_prediction_event
VO_780983c9fc74e928a6cb,PE_7751232195de561530b0,68568.81,Ruler,60 V Trap,56.0,False,2023-09-26,832,2023-09-26,2023,5,2,MT,OUT,False,TRUE,Gated Pipe,"Method: E300, Method: SM4500P E: ""Sample holding time expired prior to sample receipt. It was analyzed at the request of the client. Results should be considered  estimated.""",0.0,H,,True,0.01,0.05,mg/L,SM4500P E (P-Ortho),0.01,0.05,ALS_2023plus,False,2023-09-13,2024-08-02,2023,winter wheat,2023-09-08,silage corn,1072.48375,38.04124999999999,2023-09-08,False,0.0,2023,False,,2023-09-13,PlantDate proxy,38.04124999999999,False,2023-09-08,0.0,,,,,0.05,1,,0.05,-0.3885840286996418,-1.0916622196470884,-0.1252464005872664,1.6166815466942608,0.6685495838321084,,,1,269,13,311,Gated Pipe,2023-09-26,11.135607629383511,both,1,2023-06-28,Pipe Ditch,after_residue_before_first_runoff,logged_operational_anchor,user-confirmed MT and ST follow-on tractor pass,furrow_tire_compaction_records.csv,1.0,21846.720391193216,1832.1230079946683,260386.81042518435,2.478075512099207,reconstruction,volume_observation_or_prediction_event
VO_2e0d297b33ba9afb5b8c,PE_ba059ebbc29b11d1a3be,9815.09,Etape,60 V Trap,28.0,False,2024-05-15,857,2024-05-15,2024,1,2,MT,OUT,False,TRUE,Gated Pipe,Method: E300: Sample analyzed out of hold due to limited holding time after received in the lab,0.355,H,,True,0.01,0.05,mg/L,SM4500P E (P-Ortho),0.01,0.05,ALS_2023plus,False,2023-09-13,2024-08-02,2023,winter wheat,2023-09-08,silage corn,1072.48375,38.04124999999999,2023-09-08,False,0.0,2023,False,,2023-09-13,PlantDate proxy,38.04124999999999,False,2023-09-08,0.0,,,,,0.05,0,0.355,0.05,3.804610446853605,-1.0916622196470884,-0.1252464005872664,-1.034195832577186,-1.3151477727398646,,,1,136,245,79,Gated Pipe,2024-05-15,9.191778155052871,both,1,,Unlogged pre-irrigation tractor pass,after_residue_before_first_runoff,user_confirmed_before_first_runoff,user-confirmed MT and ST compaction with no logged anchor date,furrow_tire_compaction_records.csv,0.5,28473.742698298218,2388.16029006026,339369.6881482773,2.478075512099207,reconstruction,volume_observation_or_prediction_event
VO_b12bcb594c45ea11595e,PE_ba059ebbc29b11d1a3be,54522.86,Bubbler,60 V Trap,28.0,False,2024-05-15,857,2024-05-15,2024,1,2,MT,OUT,False,TRUE,Gated Pipe,Method: E300: Sample analyzed out of hold due to limited holding time after received in the lab,0.355,H,,True,0.01,0.05,mg/L,SM4500P E (P-Ortho),0.01,0.05,ALS_2023plus,False,2023-09-13,2024-08-02,2023,winter wheat,2023-09-08,silage corn,1072.48375,38.04124999999999,2023-09-08,False,0.0,2023,False,,2023-09-13,PlantDate proxy,38.04124999999999,False,2023-09-08,0.0,,,,,0.05,0,0.355,0.05,3.804610446853605,-1.0916622196470884,-0.1252464005872664,-1.034195832577186,-1.3151477727398646,,,1,136,245,79,Gated Pipe,2024-05-15,10.906393683010817,both,1,,Unlogged pre-irrigation tractor pass,after_residue_before_first_runoff,user_confirmed_before_first_runoff,user-confirmed MT and ST compaction with no logged anchor date,furrow_tire_compaction_records.csv,0.5,49185.48246583668,4125.969362295427,586218.5342338172,2.478075512099207,reconstruction,volume_observation_or_prediction_event
VO_1c2f2b7a1f1674230df8,PE_e582d3221277d02f35d9,57106.04,Etape,60 V Trap,28.0,False,2024-05-30,881,2024-05-30,2024,2,2,MT,OUT,False,TRUE,Gated Pipe,"Method E300: ""Sample run out of holding time due to very limited time remaining from expiration""",0.0,"H, MS, MSD",95709.78,True,0.01,0.05,mg/L,SM4500P E (P-Ortho),0.01,0.05,ALS_2023plus,False,2023-09-13,2024-08-02,2023,winter wheat,2023-09-08,silage corn,1072.48375,38.04124999999999,2023-09-08,False,0.0,2023,False,,2023-09-13,PlantDate proxy,38.04124999999999,False,2023-09-08,0.0,,,,,0.05,1,,0.05,-0.3885840286996418,-1.0916622196470884,-0.1252464005872664,1.0994990143066712,-0.8192234335968713,-0.2498867231683958,,1,151,260,64,Gated Pipe,2024-05-30,10.952682680513561,both,1,,Unlogged pre-irrigation tractor pass,after_residue_before_first_runoff,user_confirmed_before_first_runoff,user-confirmed MT and ST compaction with no logged anchor date,furrow_tire_compaction_records.csv,1.0,27379.508193051464,2296.3490433126112,326328.2668095205,2.478075512099207,reconstruction,volume_observation_or_prediction_event
VO_c1efd6f1a1602fec0125,PE_d0a561512025e1d2770d,78477.97,Bubbler,60 V Trap,28.0,False,2024-06-12,893,2024-06-12,2024,3,1,MT,OUT,False,TRUE,Gated Pipe,"Method E300: ""Sample run out of holding time due to very limited time"" AND Method: SM4500P E: ""Sample was analyzed outside of the holding time at the request of the client. Results should be considered estimated""",0.0,H,89469.23,True,0.01,0.05,mg/L,SM4500P E (P-Ortho),0.01,0.05,ALS_2023plus,False,2023-09-13,2024-08-02,2023,winter wheat,2023-09-08,silage corn,1072.48375,38.04124999999999,2023-09-08,False,0.0,2023,False,,2023-09-13,PlantDate proxy,38.04124999999999,False,2023-09-08,0.0,,,,,0.05,1,,0.05,-0.3885840286996418,-1.0916622196470884,-0.1252464005872664,,-0.3232990944538781,-0.4304823817483566,,1,164,273,51,Gated Pipe,2024-06-12,11.270585969790224,both,1,,Unlogged pre-irrigation tractor pass,after_residue_before_first_runoff,user_confirmed_before_first_runoff,user-confirmed MT and ST compaction with no logged anchor date,furrow_tire_compaction_records.csv,1.0,65865.92871755721,5525.534591992022,785021.1918397477,2.478075512099207,reconstruction,volume_observation_or_prediction_event
VO_ec6e3cd07a00dfc29178,PE_c918bf0b868668efb5e3,62188.97,Etape,60 V Trap,28.0,False,2024-06-12,905,2024-06-12,2024,3,2,MT,OUT,False,TRUE,Gated Pipe,"Method E300: ""Sample run out of holding time due to very limited time"" AND Method: SM4500P E: ""Sample was analyzed outside of the holding time at the request of the client. Results should be considered estimated""",0.0,H,100068.64,True,0.01,0.05,mg/L,SM4500P E (P-Ortho),0.01,0.05,ALS_2023plus,False,2023-09-13,2024-08-02,2023,winter wheat,2023-09-08,silage corn,1072.48375,38.04124999999999,2023-09-08,False,0.0,2023,False,,2023-09-13,PlantDate proxy,38.04124999999999,False,2023-09-08,0.0,,,,,0.05,1,,0.05,-0.3885840286996418,-1.0916622196470884,-0.1252464005872664,1.3288329893710622,-0.3232990944538781,-0.1237454067206713,,1,164,273,51,Gated Pipe,2024-06-12,11.037949011705152,both,1,,Unlogged pre-irrigation tractor pass,after_residue_before_first_runoff,user_confirmed_before_first_runoff,user-confirmed MT and ST compaction with no logged anchor date,furrow_tire_compaction_records.csv,1.0,55447.41223594926,4651.373721675056,660850.1274930005,2.478075512099207,reconstruction,volume_observation_or_prediction_event
VO_8f4d08196d1f1dfb6ee8,PE_7a793bda6ecab836d590,125801.11,Bubbler,60 V Trap,28.0,False,2024-06-20,917,2024-06-20,2024,4,1,MT,OUT,False,TRUE,Gated Pipe,,0.319,,,True,0.01,0.05,mg/L,SM4500P E (P-Ortho),0.01,0.05,ALS_2023plus,False,2023-09-13,2024-08-02,2023,winter wheat,2023-09-08,silage corn,1072.48375,38.04124999999999,2023-09-08,False,0.0,2023,False,,2023-09-13,PlantDate proxy,38.04124999999999,False,2023-09-08,0.0,,,,,0.05,0,0.319,0.05,3.379385091586234,-1.0916622196470884,-0.1252464005872664,,0.1726252446891151,,,1,172,281,43,Gated Pipe,2024-06-20,11.742465395762826,both,1,,Unlogged pre-irrigation tractor pass,after_residue_before_first_runoff,user_confirmed_before_first_runoff,user-confirmed MT and ST compaction with no logged anchor date,furrow_tire_compaction_records.csv,1.0,53878.15137331441,4519.705605215589,642147.1968123177,2.478075512099207,reconstruction,volume_observation_or_prediction_event
VO_d8212d7c3da8ad31af56,PE_02b42436b7981ca07571,38338.45,Etape,60 V Trap,28.0,False,2024-06-20,929,2024-06-20,2024,4,2,MT,OUT,False,TRUE,Gated Pipe,,0.319,,,True,0.01,0.05,mg/L,SM4500P E (P-Ortho),0.01,0.05,ALS_2023plus,False,2023-09-13,2024-08-02,2023,winter wheat,2023-09-08,silage corn,1072.48375,38.04124999999999,2023-09-08,False,0.0,2023,False,,2023-09-13,PlantDate proxy,38.04124999999999,False,2023-09-08,0.0,,,,,0.05,0,0.319,0.05,3.379385091586234,-1.0916622196470884,-0.1252464005872664,0.2527342512509699,0.1726252446891151,,,1,172,281,43,Gated Pipe,2024-06-20,10.554234671165494,both,1,,Unlogged pre-irrigation tractor pass,after_residue_before_first_runoff,user_confirmed_before_first_runoff,user-confirmed MT and ST compaction with no logged anchor date,furrow_tire_compaction_records.csv,1.0,48381.67684641282,4058.5264186592995,576638.533139807,2.478075512099207,reconstruction,volume_observation_or_prediction_event
VO_2b0e33881d10b51deae3,PE_e6892c1c4df9f9956548,67358.12,Etape,60 V Trap,28.0,False,2025-06-30,941,2025-06-30,2025,1,1,MT,OUT,False,TRUE,Gated Pipe,,0.0,,95862.56,True,0.01,0.05,mg/L,SM4500P E (P-Ortho),0.01,0.05,ALS_2023plus,False,2025-04-24,2025-11-07,2025,grain corn,2024-08-02,winter wheat,1158.21875,85.7349999999999,2024-08-02,False,0.0,2025,True,,2025-04-24,PlantDate proxy,51.77249999999981,False,2024-08-02,0.0,2025.0,51.0,0.34173,3.0,0.05,1,,0.05,-0.3885840286996418,-0.4165594019509155,-0.0207320088124243,1.5620570780766114,-1.3151477727398646,-0.2454654133931603,0.51,1,181,67,130,Gated Pipe,2025-06-30,11.117793584697855,both,1,2025-06-24,Clean and pack furrows,after_residue_before_first_runoff,logged_operational_anchor,user-confirmed MT and ST follow-on tractor pass,furrow_tire_compaction_records.csv,1.0,56369.922230121236,4728.776501697055,671844.8836129396,2.478075512099207,reconstruction,volume_observation_or_prediction_event
VO_8da8db6cf09e2a6db97b,PE_c63b91d3075e6834f32e,58942.28,Etape,60 V Trap,28.0,False,2025-06-30,953,2025-06-30,2025,1,2,MT,OUT,False,TRUE,Gated Pipe,,0.0,,98436.15,True,0.01,0.05,mg/L,SM4500P E (P-Ortho),0.01,0.05,ALS_2023plus,False,2025-04-24,2025-11-07,2025,grain corn,2024-08-02,winter wheat,1158.21875,85.7349999999999,2024-08-02,False,0.0,2025,True,,2025-04-24,PlantDate proxy,51.77249999999981,False,2024-08-02,0.0,2025.0,53.66666666666666,0.3839733333333333,3.0,0.05,1,,0.05,-0.3885840286996418,-0.4165594019509155,-0.0207320088124243,1.182347335722122,-1.3151477727398646,-0.1709881347935496,0.5366666666666666,1,181,67,130,Gated Pipe,2025-06-30,10.984330904556662,both,1,2025-06-24,Clean and pack furrows,after_residue_before_first_runoff,logged_operational_anchor,user-confirmed MT and ST follow-on tractor pass,furrow_tire_compaction_records.csv,1.0,60958.70180077641,5113.795957226826,726535.3613164335,2.478075512099207,reconstruction,volume_observation_or_prediction_event
VO_0073e03af9330e24633e,PE_f2544036a8cdc2b562ca,42451.81,Etape,60 V Trap,28.0,False,2025-07-14,965,2025-07-14,2025,2,1,MT,OUT,False,TRUE,Gated Pipe,,0.0,,101767.55,True,0.01,0.05,mg/L,SM4500P E (P-Ortho),0.01,0.05,ALS_2023plus,False,2025-04-24,2025-11-07,2025,grain corn,2024-08-02,winter wheat,1158.21875,85.7349999999999,2024-08-02,False,0.0,2025,True,,2025-04-24,PlantDate proxy,51.77249999999981,False,2024-08-02,0.0,2025.0,51.0,0.34173,3.0,0.05,1,,0.05,-0.3885840286996418,-0.4165594019509155,-0.0207320088124243,0.438322720828726,-0.8192234335968713,-0.074580546200672,0.51,1,195,81,116,Gated Pipe,2025-07-14,10.656148385072813,both,1,2025-06-24,Clean and pack furrows,after_residue_before_first_runoff,logged_operational_anchor,user-confirmed MT and ST follow-on tractor pass,furrow_tire_compaction_records.csv,1.0,51605.87319520002,4329.051141762059,615065.4908548103,2.478075512099207,reconstruction,volume_observation_or_prediction_event
VO_1a06bdb834c994670997,PE_6c85627a623e6c9dfbb4,63350.09,Etape,60 V Trap,28.0,False,2025-07-14,977,2025-07-14,2025,2,2,MT,OUT,False,TRUE,Gated Pipe,,0.0,,87051.66,True,0.01,0.05,mg/L,SM4500P E (P-Ortho),0.01,0.05,ALS_2023plus,False,2025-04-24,2025-11-07,2025,grain corn,2024-08-02,winter wheat,1158.21875,85.7349999999999,2024-08-02,False,0.0,2025,True,,2025-04-24,PlantDate proxy,51.77249999999981,False,2024-08-02,0.0,2025.0,53.66666666666666,0.3839733333333333,3.0,0.05,1,,0.05,-0.3885840286996418,-0.4165594019509155,-0.0207320088124243,1.381220935915037,-0.8192234335968713,-0.5004445880143354,0.5366666666666666,1,195,81,116,Gated Pipe,2025-07-14,11.056447391599685,both,1,2025-06-24,Clean and pack furrows,after_residue_before_first_runoff,logged_operational_anchor,user-confirmed MT and ST follow-on tractor pass,furrow_tire_compaction_records.csv,1.0,62072.463483120904,5207.2456228565425,739809.5135212583,2.478075512099207,reconstruction,volume_observation_or_prediction_event
VO_0487765be023d188ad2d,PE_a033c0958b5b88a75684,64818.28,Etape,60 V Trap,28.0,False,2025-07-31,989,2025-07-31,2025,3,1,MT,OUT,False,TRUE,Gated Pipe,"Nitrate, Nitrite, H flag.",0.0,H,92486.37,True,0.01,0.05,mg/L,SM4500P E (P-Ortho),0.01,0.05,ALS_2023plus,False,2025-04-24,2025-11-07,2025,grain corn,2024-08-02,winter wheat,1158.21875,85.7349999999999,2024-08-02,False,0.0,2025,True,,2025-04-24,PlantDate proxy,51.77249999999981,False,2024-08-02,0.0,2025.0,51.0,0.34173,3.0,0.05,1,,0.05,-0.3885840286996418,-0.4165594019509155,-0.0207320088124243,1.447463408042292,-0.3232990944538781,-0.3431691825386808,0.51,1,212,98,99,Gated Pipe,2025-07-31,11.079358368951034,both,1,2025-06-24,Clean and pack furrows,after_residue_before_first_runoff,logged_operational_anchor,user-confirmed MT and ST follow-on tractor pass,furrow_tire_compaction_records.csv,0.5,60656.80987296821,5088.465852809335,722937.3210330773,2.478075512099207,reconstruction,volume_observation_or_prediction_event
VO_76861ddd5788bbf7d2f2,PE_a033c0958b5b88a75684,40617.85,Bubbler,60 V Trap,28.0,False,2025-07-31,989,2025-07-31,2025,3,1,MT,OUT,False,TRUE,Gated Pipe,"Nitrate, Nitrite, H flag.",0.0,H,92486.37,True,0.01,0.05,mg/L,SM4500P E (P-Ortho),0.01,0.05,ALS_2023plus,False,2025-04-24,2025-11-07,2025,grain corn,2024-08-02,winter wheat,1158.21875,85.7349999999999,2024-08-02,False,0.0,2025,True,,2025-04-24,PlantDate proxy,51.77249999999981,False,2024-08-02,0.0,2025.0,51.0,0.34173,3.0,0.05,1,,0.05,-0.3885840286996418,-0.4165594019509155,-0.0207320088124243,1.447463408042292,-0.3232990944538781,-0.3431691825386808,0.51,1,212,98,99,Gated Pipe,2025-07-31,10.611987523556847,both,1,2025-06-24,Clean and pack furrows,after_residue_before_first_runoff,logged_operational_anchor,user-confirmed MT and ST follow-on tractor pass,furrow_tire_compaction_records.csv,0.5,52906.29930081233,4438.162800631318,630564.3667190691,2.478075512099207,reconstruction,volume_observation_or_prediction_event
VO_6a56bdeced5c3d33983b,PE_39c8810e26ab4ca7933c,69867.62,Etape,60 V Trap,28.0,False,2025-07-31,1001,2025-07-31,2025,3,2,MT,OUT,False,TRUE,Gated Pipe,"Nitrate, Nitrite, H flag.",0.0,H,90860.75,True,0.01,0.05,mg/L,SM4500P E (P-Ortho),0.01,0.05,ALS_2023plus,False,2025-04-24,2025-11-07,2025,grain corn,2024-08-02,winter wheat,1158.21875,85.7349999999999,2024-08-02,False,0.0,2025,True,,2025-04-24,PlantDate proxy,51.77249999999981,False,2024-08-02,0.0,2025.0,53.66666666666666,0.3839733333333333,3.0,0.05,1,,0.05,-0.3885840286996418,-0.4165594019509155,-0.0207320088124243,1.6752818540275076,-0.3232990944538781,-0.3902130992608855,0.5366666666666666,1,212,98,99,Gated Pipe,2025-07-31,11.154371900385364,both,1,2025-06-24,Clean and pack furrows,after_residue_before_first_runoff,logged_operational_anchor,user-confirmed MT and ST follow-on tractor pass,furrow_tire_compaction_records.csv,1.0,63650.917132328526,5339.685055877765,758622.0066425297,2.478075512099207,reconstruction,volume_observation_or_prediction_event
VO_7ad8664bb77fd279eace,PE_2314eec6a45e0be9e203,75021.46,Etape,60 V Trap,28.0,False,2025-08-11,1013,2025-08-11,2025,4,1,MT,OUT,False,TRUE,Gated Pipe,,0.0,,93182.2,True,0.01,0.05,mg/L,SM4500P E (P-Ortho),0.01,0.05,ALS_2023plus,False,2025-04-24,2025-11-07,2025,grain corn,2024-08-02,winter wheat,1158.21875,85.7349999999999,2024-08-02,False,0.0,2025,True,,2025-04-24,PlantDate proxy,51.77249999999981,False,2024-08-02,0.0,2025.0,51.0,0.34173,3.0,0.05,1,,0.05,-0.3885840286996418,-0.4165594019509155,-0.0207320088124243,1.9078151791069131,0.1726252446891151,-0.3230325155606589,0.51,1,223,109,88,Gated Pipe,2025-08-11,11.225542814353922,both,1,2025-06-24,Clean and pack furrows,after_residue_before_first_runoff,logged_operational_anchor,user-confirmed MT and ST follow-on tractor pass,furrow_tire_compaction_records.csv,0.5,57299.06924339899,4806.73615777795,682918.7417555044,2.478075512099207,reconstruction,volume_observation_or_prediction_event
VO_924f3508e2163248afa1,PE_2314eec6a45e0be9e203,35664.48,Bubbler,60 V Trap,28.0,False,2025-08-11,1013,2025-08-11,2025,4,1,MT,OUT,False,TRUE,Gated Pipe,,0.0,,93182.2,True,0.01,0.05,mg/L,SM4500P E (P-Ortho),0.01,0.05,ALS_2023plus,False,2025-04-24,2025-11-07,2025,grain corn,2024-08-02,winter wheat,1158.21875,85.7349999999999,2024-08-02,False,0.0,2025,True,,2025-04-24,PlantDate proxy,51.77249999999981,False,2024-08-02,0.0,2025.0,51.0,0.34173,3.0,0.05,1,,0.05,-0.3885840286996418,-0.4165594019509155,-0.0207320088124243,1.9078151791069131,0.1726252446891151,-0.3230325155606589,0.51,1,223,109,88,Gated Pipe,2025-08-11,10.481938553194404,both,1,2025-06-24,Clean and pack furrows,after_residue_before_first_runoff,logged_operational_anchor,user-confirmed MT and ST follow-on tractor pass,furrow_tire_compaction_records.csv,0.5,53735.17869512873,4507.709547905993,640443.2047272488,2.478075512099207,reconstruction,volume_observation_or_prediction_event
VO_c91a6a2d9e066709a366,PE_7d221972180d28e4f760,61276.42,Etape,60 V Trap,28.0,False,2025-08-11,1025,2025-08-11,2025,4,2,MT,OUT,False,TRUE,Gated Pipe,,0.0,,90517.24,True,0.01,0.05,mg/L,SM4500P E (P-Ortho),0.01,0.05,ALS_2023plus,False,2025-04-24,2025-11-07,2025,grain corn,2024-08-02,winter wheat,1158.21875,85.7349999999999,2024-08-02,False,0.0,2025,True,,2025-04-24,PlantDate proxy,51.77249999999981,False,2024-08-02,0.0,2025.0,53.66666666666666,0.3839733333333333,3.0,0.05,1,,0.05,-0.3885840286996418,-0.4165594019509155,-0.0207320088124243,1.287660138486826,0.1726252446891151,-0.4001539561851632,0.5366666666666666,1,223,109,88,Gated Pipe,2025-08-11,11.02316670170049,both,1,2025-06-24,Clean and pack furrows,after_residue_before_first_runoff,logged_operational_anchor,user-confirmed MT and ST follow-on tractor pass,furrow_tire_compaction_records.csv,1.0,62516.83397440202,5244.530326114182,745105.6568794855,2.478075512099207,reconstruction,volume_observation_or_prediction_event
VO_11e6e01f887412f138da,PE_c1edec673d6e55fe03b0,70013.48,Etape,60 V Trap,28.0,False,2025-08-19,1037,2025-08-19,2025,5,1,MT,OUT,False,TRUE,Gated Pipe,,0.136,,114678.73,True,0.01,0.05,mg/L,SM4500P E (P-Ortho),0.01,0.05,ALS_2023plus,False,2025-04-24,2025-11-07,2025,grain corn,2024-08-02,winter wheat,1158.21875,85.7349999999999,2024-08-02,False,0.0,2025,True,,2025-04-24,PlantDate proxy,51.77249999999981,False,2024-08-02,0.0,2025.0,51.0,0.34173,3.0,0.05,0,0.136,0.05,1.2178228689770954,-0.4165594019509155,-0.0207320088124243,1.6818628326368712,0.6685495838321084,0.2990568824145005,0.51,1,231,117,80,Gated Pipe,2025-08-19,11.156457356782365,both,1,2025-06-24,Clean and pack furrows,after_residue_before_first_runoff,logged_operational_anchor,user-confirmed MT and ST follow-on tractor pass,furrow_tire_compaction_records.csv,0.5,64407.93713675313,5403.202473840619,767644.4024747121,2.478075512099207,reconstruction,volume_observation_or_prediction_event
VO_ee3c8475030b1b1d23ef,PE_c1edec673d6e55fe03b0,47704.37,Bubbler,60 V Trap,28.0,False,2025-08-19,1037,2025-08-19,2025,5,1,MT,OUT,False,TRUE,Gated Pipe,,0.136,,114678.73,True,0.01,0.05,mg/L,SM4500P E (P-Ortho),0.01,0.05,ALS_2023plus,False,2025-04-24,2025-11-07,2025,grain corn,2024-08-02,winter wheat,1158.21875,85.7349999999999,2024-08-02,False,0.0,2025,True,,2025-04-24,PlantDate proxy,51.77249999999981,False,2024-08-02,0.0,2025.0,51.0,0.34173,3.0,0.05,0,0.136,0.05,1.2178228689770954,-0.4165594019509155,-0.0207320088124243,1.6818628326368712,0.6685495838321084,0.2990568824145005,0.51,1,231,117,80,Gated Pipe,2025-08-19,10.772799249156288,both,1,2025-06-24,Clean and pack furrows,after_residue_before_first_runoff,logged_operational_anchor,user-confirmed MT and ST follow-on tractor pass,furrow_tire_compaction_records.csv,0.5,63250.28984428271,5306.070606122928,753847.2081526676,2.478075512099207,reconstruction,volume_observation_or_prediction_event
VO_32ec07d0df219738e931,PE_ff8985d7bd1f94902d4e,65381.63,Bubbler,60 V Trap,28.0,False,2025-08-19,1049,2025-08-19,2025,5,2,MT,OUT,False,TRUE,Gated Pipe,"Og outflow value: 121126.728020075, higher than inflow, impossible, changed to NA",0.136,,111736.07,True,0.01,0.05,mg/L,SM4500P E (P-Ortho),0.01,0.05,ALS_2023plus,False,2025-04-24,2025-11-07,2025,grain corn,2024-08-02,winter wheat,1158.21875,85.7349999999999,2024-08-02,False,0.0,2025,True,,2025-04-24,PlantDate proxy,51.77249999999981,False,2024-08-02,0.0,2025.0,53.66666666666666,0.3839733333333333,3.0,0.05,0,0.136,0.05,1.2178228689770954,-0.4165594019509155,-0.0207320088124243,,0.6685495838321084,0.213899064485487,0.5366666666666666,1,231,117,80,Gated Pipe,2025-08-19,11.088011905838062,both,1,2025-06-24,Clean and pack furrows,after_residue_before_first_runoff,logged_operational_anchor,user-confirmed MT and ST follow-on tractor pass,furrow_tire_compaction_records.csv,1.0,67574.96237696894,5668.9302811719235,805389.9774406721,2.478075512099207,reconstruction,volume_observation_or_prediction_event
VO_c36e2f2e6454e3f1678c,PE_676050582c291c72204b,40839.98,Etape,60 V Trap,28.0,False,2025-09-03,1061,2025-09-03,2025,6,1,MT,OUT,False,TRUE,Gated Pipe,,0.0,,120526.17,True,0.01,0.05,mg/L,SM4500P E (P-Ortho),0.01,0.05,ALS_2023plus,False,2025-04-24,2025-11-07,2025,grain corn,2024-08-02,winter wheat,1158.21875,85.7349999999999,2024-08-02,False,0.0,2025,True,,2025-04-24,PlantDate proxy,51.77249999999981,False,2024-08-02,0.0,2025.0,51.0,0.34173,3.0,0.05,1,,0.05,-0.3885840286996418,-0.4165594019509155,-0.0207320088124243,0.3655994330738216,1.1644739229751015,0.4682763066330078,0.51,1,246,132,65,Gated Pipe,2025-09-03,10.617441268072973,both,1,2025-06-24,Clean and pack furrows,after_residue_before_first_runoff,logged_operational_anchor,user-confirmed MT and ST follow-on tractor pass,furrow_tire_compaction_records.csv,0.5,43561.22876509786,3654.068922477493,519186.95930568536,2.478075512099207,reconstruction,volume_observation_or_prediction_event
VO_cac907ee3179d92ea323,PE_676050582c291c72204b,30026.03,Bubbler,60 V Trap,28.0,False,2025-09-03,1061,2025-09-03,2025,6,1,MT,OUT,False,TRUE,Gated Pipe,,0.0,,120526.17,True,0.01,0.05,mg/L,SM4500P E (P-Ortho),0.01,0.05,ALS_2023plus,False,2025-04-24,2025-11-07,2025,grain corn,2024-08-02,winter wheat,1158.21875,85.7349999999999,2024-08-02,False,0.0,2025,True,,2025-04-24,PlantDate proxy,51.77249999999981,False,2024-08-02,0.0,2025.0,51.0,0.34173,3.0,0.05,1,,0.05,-0.3885840286996418,-0.4165594019509155,-0.0207320088124243,0.3655994330738216,1.1644739229751015,0.4682763066330078,0.51,1,246,132,65,Gated Pipe,2025-09-03,10.309853254987438,both,1,2025-06-24,Clean and pack furrows,after_residue_before_first_runoff,logged_operational_anchor,user-confirmed MT and ST follow-on tractor pass,furrow_tire_compaction_records.csv,0.5,49939.90406166801,4189.268761971198,595209.9614380557,2.478075512099207,reconstruction,volume_observation_or_prediction_event
VO_5e794f427a1ece840985,PE_a36448d6fe89c398bac0,53119.23,Etape,60 V Trap,28.0,False,2025-09-03,1073,2025-09-03,2025,6,2,MT,OUT,False,TRUE,Gated Pipe,,0.0,,110972.5,True,0.01,0.05,mg/L,SM4500P E (P-Ortho),0.01,0.05,ALS_2023plus,False,2025-04-24,2025-11-07,2025,grain corn,2024-08-02,winter wheat,1158.21875,85.7349999999999,2024-08-02,False,0.0,2025,True,,2025-04-24,PlantDate proxy,51.77249999999981,False,2024-08-02,0.0,2025.0,53.66666666666666,0.3839733333333333,3.0,0.05,1,,0.05,-0.3885840286996418,-0.4165594019509155,-0.0207320088124243,0.9196202858712088,1.1644739229751015,0.1918020654995159,0.5366666666666666,1,246,132,65,Gated Pipe,2025-09-03,10.880313113960218,both,1,2025-06-24,Clean and pack furrows,after_residue_before_first_runoff,logged_operational_anchor,user-confirmed MT and ST follow-on tractor pass,furrow_tire_compaction_records.csv,0.5,46690.696299659234,3916.645467657431,556484.9100543414,2.478075512099207,reconstruction,volume_observation_or_prediction_event
VO_3e15d7c2efcf4df1d135,PE_a36448d6fe89c398bac0,30233.38,Bubbler,60 V Trap,28.0,False,2025-09-03,1073,2025-09-03,2025,6,2,MT,OUT,False,TRUE,Gated Pipe,,0.0,,110972.5,True,0.01,0.05,mg/L,SM4500P E (P-Ortho),0.01,0.05,ALS_2023plus,False,2025-04-24,2025-11-07,2025,grain corn,2024-08-02,winter wheat,1158.21875,85.7349999999999,2024-08-02,False,0.0,2025,True,,2025-04-24,PlantDate proxy,51.77249999999981,False,2024-08-02,0.0,2025.0,53.66666666666666,0.3839733333333333,3.0,0.05,1,,0.05,-0.3885840286996418,-0.4165594019509155,-0.0207320088124243,0.9196202858712088,1.1644739229751015,0.1918020654995159,0.5366666666666666,1,246,132,65,Gated Pipe,2025-09-03,10.316734966461011,both,1,2025-06-24,Clean and pack furrows,after_residue_before_first_runoff,logged_operational_anchor,user-confirmed MT and ST follow-on tractor pass,furrow_tire_compaction_records.csv,0.5,54535.45127435963,4574.856053417246,649981.097968194,2.478075512099207,reconstruction,volume_observation_or_prediction_event
VO_f3441eb3edf470411157,PE_f0466175569500bfdf4d,51756.6,Bubbler,60 V Trap,28.0,False,2025-09-14,1085,2025-09-14,2025,7,1,MT,OUT,,,Gated Pipe,"This event was skipped because it occurred over the weekend. eTape broke after 6th irrigation, NA for outflow. kerbel irrigated differently, ct1, mt2 at same time, mt1, st2 same time, st1, ct2 same time",,,,False,0.01,0.05,mg/L,SM4500P E (P-Ortho),0.01,0.05,ALS_2023plus,False,2025-04-24,2025-11-07,2025,grain corn,2024-08-02,winter wheat,1158.21875,85.7349999999999,2024-08-02,False,0.0,2025,True,,2025-04-24,PlantDate proxy,51.77249999999981,False,2024-08-02,0.0,2025.0,51.0,0.34173,3.0,0.05,0,,0.05,,-0.4165594019509155,-0.0207320088124243,,1.6603982621180948,,0.51,1,257,143,54,Gated Pipe,2025-09-14,10.854326560248138,both,1,2025-06-24,Clean and pack furrows,after_residue_before_first_runoff,logged_operational_anchor,user-confirmed MT and ST follow-on tractor pass,furrow_tire_compaction_records.csv,1.0,50014.26417806837,4195.507913599375,596096.208037049,2.478075512099207,reconstruction,volume_observation_or_prediction_event
VO_eeccba194572ee0d7509,PE_7f8105e65bf5e18e6c6b,42626.49,Etape,60 V Trap,28.0,False,2025-09-14,1097,2025-09-14,2025,7,2,MT,OUT,,,Gated Pipe,"This event was skipped because it occurred over the weekend. kerbel irrigated differently, ct1, mt2 at same time, mt1, st2 same time, st1, ct2 same time.",,,,False,0.01,0.05,mg/L,SM4500P E (P-Ortho),0.01,0.05,ALS_2023plus,False,2025-04-24,2025-11-07,2025,grain corn,2024-08-02,winter wheat,1158.21875,85.7349999999999,2024-08-02,False,0.0,2025,True,,2025-04-24,PlantDate proxy,51.77249999999981,False,2024-08-02,0.0,2025.0,53.66666666666666,0.3839733333333333,3.0,0.05,0,,0.05,,-0.4165594019509155,-0.0207320088124243,0.4462040134619607,1.6603982621180948,,0.5366666666666666,1,257,143,54,Gated Pipe,2025-09-14,10.660254629301933,both,1,2025-06-24,Clean and pack furrows,after_residue_before_first_runoff,logged_operational_anchor,user-confirmed MT and ST follow-on tractor pass,furrow_tire_compaction_records.csv,0.5,37634.57778846075,3156.7959772412046,448551.32120117673,2.478075512099207,reconstruction,volume_observation_or_prediction_event
VO_6ba419697533f51ca92a,PE_7f8105e65bf5e18e6c6b,23050.31,Bubbler,60 V Trap,28.0,False,2025-09-14,1097,2025-09-14,2025,7,2,MT,OUT,,,Gated Pipe,"This event was skipped because it occurred over the weekend. kerbel irrigated differently, ct1, mt2 at same time, mt1, st2 same time, st1, ct2 same time.",,,,False,0.01,0.05,mg/L,SM4500P E (P-Ortho),0.01,0.05,ALS_2023plus,False,2025-04-24,2025-11-07,2025,grain corn,2024-08-02,winter wheat,1158.21875,85.7349999999999,2024-08-02,False,0.0,2025,True,,2025-04-24,PlantDate proxy,51.77249999999981,False,2024-08-02,0.0,2025.0,53.66666666666666,0.3839733333333333,3.0,0.05,0,,0.05,,-0.4165594019509155,-0.0207320088124243,0.4462040134619607,1.6603982621180948,,0.5366666666666666,1,257,143,54,Gated Pipe,2025-09-14,10.045477879781663,both,1,2025-06-24,Clean and pack furrows,after_residue_before_first_runoff,logged_operational_anchor,user-confirmed MT and ST follow-on tractor pass,furrow_tire_compaction_records.csv,0.5,44583.507072159075,3739.8427172576176,531370.7846776054,2.478075512099207,reconstruction,volume_observation_or_prediction_event
VO_138ba356bac9631296fd,PE_07b0e2786e6c6d7e52f2,2499.6,Etape,60 V Trap,14.0,False,2025-09-23,1109,2025-09-23,2025,S1,2,MT,OUT,,,Gated Pipe,"Tried to sample this storm event, only got enough water from MT2 and ST2 LC samplers for TSS analysis",,,,False,0.01,0.05,mg/L,SM4500P E (P-Ortho),0.01,0.05,ALS_2023plus,False,2025-04-24,2025-11-07,2025,grain corn,2024-08-02,winter wheat,1158.21875,85.7349999999999,2024-08-02,False,0.0,2025,True,,2025-04-24,PlantDate proxy,51.77249999999981,False,2024-08-02,0.0,2025.0,53.66666666666666,0.3839733333333333,3.0,0.05,0,,0.05,,-0.4165594019509155,-0.0207320088124243,-1.3642594772159675,,,0.5366666666666666,1,266,152,45,Gated Pipe,2025-09-23,7.824285982060899,both,1,2025-06-24,Clean and pack furrows,after_residue_before_first_runoff,logged_operational_anchor,user-confirmed MT and ST follow-on tractor pass,furrow_tire_compaction_records.csv,1.0,22524.58988889274,1888.9993388155117,268465.86632207094,2.478075512099207,reconstruction,volume_observation_or_prediction_event
VO_82f4421aacd73a1121b6,PE_b29e09cdb7f952a1cdb0,4717.0,Ruler,Weir,14.0,False,2011-06-30,2,2011-06-30,2011,1,1,ST,OUT,False,AC,Siphon,"OG Sample IDS: ST1-T1, ST1-T2, ST1-T3. The sample ID has been modifed to fit with the ""modern"" IDs. The values represent the average between the three.",0.01,,55761.14,True,0.34,0.75,MG/L,EPA300.0 [300OPHOS]_W,0.34,0.75,CSU_assumed_from_ALS_pre2023,True,2011-05-04,2011-11-15,2011,grain corn,,grain corn,29.25,29.25,,True,0.0,2011,True,,2011-05-04,PlantDate proxy,11.375,True,,0.0,2011.0,,0.1071666666666666,0.0,0.75,0,0.01,0.75,-0.2704658744587053,-1.21610195537916,-1.3969900392440324,-1.2642138034986865,-1.3151477727398646,-1.4059628623185925,,1,181,57,138,Siphon,2011-06-30,8.45914025996762,,0,,,,,,unlisted_default_zero,1.0,5918.365085360866,495.6616258540786,70547.80262499645,2.478075512099207,reconstruction,volume_observation_or_prediction_event
VO_65fe3684bea44f9850b3,PE_e7adc6803f9ae278362b,5733.0,Ruler,Weir,14.0,False,2011-07-01,5,2011-07-01,2011,1,2,ST,OUT,False,AC,Siphon,"OG Sample IDS: ST2-T1, ST2-T2, ST2-T3. The sample ID has been modifed to fit with the ""modern"" IDs. The values represent the average between the three.",0.01,,52493.88,True,0.34,0.75,MG/L,EPA300.0 [300OPHOS]_W,0.34,0.75,CSU_assumed_from_ALS_pre2023,True,2011-05-04,2011-11-15,2011,grain corn,,grain corn,29.25,29.25,,True,0.0,2011,True,,2011-05-04,PlantDate proxy,11.375,True,,0.0,2011.0,,0.1772433333333333,0.0,0.75,0,0.01,0.75,-0.2704658744587053,-1.21610195537916,-1.3969900392440324,-1.2183734479035038,-1.3151477727398646,-1.5005142995239609,,1,182,58,137,Siphon,2011-07-01,8.654168646443315,,0,,,,,,unlisted_default_zero,1.0,6154.125830093325,515.4430235382616,73357.67125229015,2.478075512099207,reconstruction,volume_observation_or_prediction_event
VO_57d1c9d70e37b16c96c9,PE_95d3b43c79b8bf669652,32982.49,Transducer,Weir,14.0,False,2011-07-19,11,2011-07-19,2011,2,2,ST,OUT,False,AC,Siphon,"OG Sample IDS: ST2 I2 T1, ST2 I2 T2, ST2 I2 T3. The sample ID has been modifed to fit with the ""modern"" IDs. The values represent the average between the three.",0.0,,129724.88,True,0.34,0.75,MG/L,EPA300.0 [300OPHOS]_W,0.34,0.75,CSU_assumed_from_ALS_pre2023,True,2011-05-04,2011-11-15,2011,grain corn,,grain corn,29.25,29.25,,True,0.0,2011,True,,2011-05-04,PlantDate proxy,11.375,True,,0.0,2011.0,,0.1772433333333333,0.0,0.75,1,,0.75,-0.3885840286996418,-1.21610195537916,-1.3969900392440324,0.0110815829895781,-0.8192234335968713,0.7344783385910998,,1,200,76,119,Siphon,2011-07-19,10.403762412224996,,0,,,,,,unlisted_default_zero,1.0,26732.41973144478,2242.0553812764915,318616.068710488,2.478075512099207,reconstruction,volume_observation_or_prediction_event
VO_b946bee1185e3e922f6f,PE_fcddf23162383dff810e,26177.06,Transducer,Weir,14.0,False,2011-07-28,14,2011-07-28,2011,3,1,ST,OUT,,AC,Siphon,,,,101295.36,False,0.34,0.75,MG/L,EPA300.0 [300OPHOS]_W,0.34,0.75,CSU_assumed_from_ALS_pre2023,True,2011-05-04,2011-11-15,2011,grain corn,,grain corn,29.25,29.25,,True,0.0,2011,True,,2011-05-04,PlantDate proxy,11.375,True,,0.0,2011.0,,0.1071666666666666,0.0,0.75,0,,0.75,,-1.21610195537916,-1.3969900392440324,-0.2959689398235351,-0.3232990944538781,-0.0882452815244611,,1,209,85,110,Siphon,2011-07-28,10.172676934349955,,0,,,,,,unlisted_default_zero,1.0,32189.619730652263,2699.9392565117405,383656.6465557968,2.478075512099207,reconstruction,volume_observation_or_prediction_event
VO_f862ea153fa9aaa854d3,PE_dfd4f33e25a6c0f68606,43743.25,Transducer,Weir,14.0,False,2011-07-29,17,2011-07-29,2011,3,2,ST,OUT,,AC,Siphon,,,,101612.04,False,0.34,0.75,MG/L,EPA300.0 [300OPHOS]_W,0.34,0.75,CSU_assumed_from_ALS_pre2023,True,2011-05-04,2011-11-15,2011,grain corn,,grain corn,29.25,29.25,,True,0.0,2011,True,,2011-05-04,PlantDate proxy,11.375,True,,0.0,2011.0,,0.1772433333333333,0.0,0.75,0,,0.75,,-1.21610195537916,-1.3969900392440324,0.4965905051100672,-0.3232990944538781,-0.079080859613075,,1,210,86,109,Siphon,2011-07-29,10.686115454576841,,0,,,,,,unlisted_default_zero,1.0,31252.500326031455,2621.310680573853,372487.7710160625,2.478075512099207,reconstruction,volume_observation_or_prediction_event
VO_c280754ccee793f24896,PE_bbf4e95c02e1591047b4,48614.54,Transducer,Weir,14.0,False,2011-08-09,20,2011-08-09,2011,4,1,ST,OUT,False,AC,Siphon,"OG Sample IDs: ST1 T1 I4, ST1 T2 I4, ST1 T3 I4. The sample ID has been modifed to fit with the ""modern"" IDs. The values represent the average between the three.",0.005,,118514.59,True,0.34,0.75,MG/L,EPA300.0 [300OPHOS]_W,0.34,0.75,CSU_assumed_from_ALS_pre2023,True,2011-05-04,2011-11-15,2011,grain corn,,grain corn,29.25,29.25,,True,0.0,2011,True,,2011-05-04,PlantDate proxy,11.375,True,,0.0,2011.0,,0.1071666666666666,0.0,0.75,0,0.005,0.75,-0.3295249515791735,-1.21610195537916,-1.3969900392440324,0.7163756092510681,0.1726252446891151,0.410063069837168,,1,221,97,98,Siphon,2011-08-09,10.791698511864881,,0,,,,,,unlisted_default_zero,1.0,33246.55391463768,2788.620836828044,396253.51126312936,2.478075512099207,reconstruction,volume_observation_or_prediction_event
VO_c072e4fa17c562447eaf,PE_f5556b234e32459fa7a2,31332.23,Transducer,Weir,14.0,False,2011-08-10,23,2011-08-10,2011,4,2,ST,OUT,False,AC,Siphon,"OG Sample IDs: ST2 T1 I4, ST2 T2 I4, ST2 T3 I4. The sample ID has been modifed to fit with the ""modern"" IDs. The values represent the average between the three.",0.005,,115634.34,True,0.34,0.75,MG/L,EPA300.0 [300OPHOS]_W,0.34,0.75,CSU_assumed_from_ALS_pre2023,True,2011-05-04,2011-11-15,2011,grain corn,,grain corn,29.25,29.25,,True,0.0,2011,True,,2011-05-04,PlantDate proxy,11.375,True,,0.0,2011.0,,0.1772433333333333,0.0,0.75,0,0.005,0.75,-0.3295249515791735,-1.21610195537916,-1.3969900392440324,-0.0633756071920221,0.1726252446891151,0.3267113387197294,,1,222,98,97,Siphon,2011-08-10,10.352434474706254,,0,,,,,,unlisted_default_zero,1.0,27611.179704221777,2315.7873357211124,329089.3987011507,2.478075512099207,reconstruction,volume_observation_or_prediction_event
VO_8929a2fa1d028ad95dc4,PE_23fdec9b5d2f5aa45a05,29496.51,Transducer,Weir,14.0,False,2011-08-18,26,2011-08-18,2011,5,1,ST,OUT,,AC,Siphon,,,,117423.21,False,0.34,0.75,MG/L,EPA300.0 [300OPHOS]_W,0.34,0.75,CSU_assumed_from_ALS_pre2023,True,2011-05-04,2011-11-15,2011,grain corn,,grain corn,29.25,29.25,,True,0.0,2011,True,,2011-05-04,PlantDate proxy,11.375,True,,0.0,2011.0,,0.1071666666666666,0.0,0.75,0,,0.75,,-1.21610195537916,-1.3969900392440324,-0.1462004670081526,0.6685495838321084,0.3784795571882837,,1,230,106,89,Siphon,2011-08-18,10.292061131985797,,0,,,,,,unlisted_default_zero,1.0,26720.633617963547,2241.0664728041,318475.5982070276,2.478075512099207,reconstruction,volume_observation_or_prediction_event
VO_c2abac5ef4dc923ffa70,PE_32e6a0947406c0450241,18213.42,Transducer,Weir,14.0,False,2011-08-19,29,2011-08-19,2011,5,2,ST,OUT,,AC,Siphon,,,,116630.57,False,0.34,0.75,MG/L,EPA300.0 [300OPHOS]_W,0.34,0.75,CSU_assumed_from_ALS_pre2023,True,2011-05-04,2011-11-15,2011,grain corn,,grain corn,29.25,29.25,,True,0.0,2011,True,,2011-05-04,PlantDate proxy,11.375,True,,0.0,2011.0,,0.1772433333333333,0.0,0.75,0,,0.75,,-1.21610195537916,-1.3969900392440324,-0.6552761144613499,0.6685495838321084,0.3555412996922585,,1,231,107,88,Siphon,2011-08-19,9.809968867047147,,0,,,,,,unlisted_default_zero,1.0,19712.89990243235,1653.0857737734398,234955.28553562154,2.478075512099207,reconstruction,volume_observation_or_prediction_event
VO_08d7cd64d819b125c058,PE_db00152d9902bdb511ab,25450.34,Transducer,Weir,14.0,False,2011-08-28,32,2011-08-28,2011,6,1,ST,OUT,,AC,Siphon,,,,109255.42,False,0.34,0.75,MG/L,EPA300.0 [300OPHOS]_W,0.34,0.75,CSU_assumed_from_ALS_pre2023,True,2011-05-04,2011-11-15,2011,grain corn,,grain corn,29.25,29.25,,True,0.0,2011,True,,2011-05-04,PlantDate proxy,11.375,True,,0.0,2011.0,,0.1071666666666666,0.0,0.75,0,,0.75,,-1.21610195537916,-1.3969900392440324,-0.3287574272429555,1.1644739229751015,0.1421113822369062,,1,240,116,79,Siphon,2011-08-28,10.14452367285192,,0,,,,,,unlisted_default_zero,1.0,23053.235227983496,1933.3550847150718,274766.4230791415,2.478075512099207,reconstruction,volume_observation_or_prediction_event
VO_1cc5d5efdc6df29df452,PE_74d2b6cff9d0f8aad3cb,13379.98,Transducer,Weir,14.0,False,2011-08-29,35,2011-08-29,2011,6,2,ST,OUT,,AC,Siphon,,,,102616.02,False,0.34,0.75,MG/L,EPA300.0 [300OPHOS]_W,0.34,0.75,CSU_assumed_from_ALS_pre2023,True,2011-05-04,2011-11-15,2011,grain corn,,grain corn,29.25,29.25,,True,0.0,2011,True,,2011-05-04,PlantDate proxy,11.375,True,,0.0,2011.0,,0.1772433333333333,0.0,0.75,0,,0.75,,-1.21610195537916,-1.3969900392440324,-0.8733534848825892,1.1644739229751015,-0.0500266209159872,,1,241,117,78,Siphon,2011-08-29,9.50158957464727,,0,,,,,,unlisted_default_zero,1.0,15427.492588390349,1293.52062897391,183880.49112671512,2.478075512099207,reconstruction,volume_observation_or_prediction_event
VO_6171abf2c7f37154754b,PE_c8cfe41007225eb1567a,0.0,Transducer,7 V,1.0,True,2012-05-15,14481,2012-05-15,2012,1,1,ST,OUT,,,Siphon,,,,478986.27,False,,,,,,,CSU_assumed_from_ALS_pre2023,True,2012-05-03,2012-11-01,2012,grain corn,2011-11-15,grain corn,92.4625,56.712500000000006,2011-11-15,False,0.0,2012,True,,2012-05-03,PlantDate proxy,56.712500000000006,False,2011-11-15,0.0,2012.0,,0.8029877171111112,0.0,,0,,,,-0.8273715424638158,-1.3199314751795637,-1.4770375804105724,-1.3151477727398646,10.841775090256016,,1,136,12,170,Siphon,2012-05-15,0.0,,0,,,,,,unlisted_default_zero,1.0,0.1469629024308445,0.0,12.669854495358228,2.478075512099207,reconstruction,volume_observation_or_prediction_event
VO_cf7bf1f9b32a53560537,PE_1a7d8cf14d5d7a84cc49,0.0,Transducer,7 V,1.0,True,2012-05-16,14484,2012-05-16,2012,1,2,ST,OUT,,,Siphon,,,,442968.75,False,,,,,,,CSU_assumed_from_ALS_pre2023,True,2012-05-03,2012-11-01,2012,grain corn,2011-11-15,grain corn,92.4625,56.712500000000006,2011-11-15,False,0.0,2012,True,,2012-05-03,PlantDate proxy,56.712500000000006,False,2011-11-15,0.0,2012.0,,0.9590644183333332,0.0,,0,,,,-0.8273715424638158,-1.3199314751795637,-1.4770375804105724,-1.3151477727398646,9.799461873501578,,1,137,13,169,Siphon,2012-05-16,0.0,,0,,,,,,unlisted_default_zero,1.0,0.13637913775559485,0.0,12.543713952523628,2.478075512099207,reconstruction,volume_observation_or_prediction_event
VO_7d711e3db25a0d72baed,PE_164e2c6f0b39eec70d00,0.0,Transducer,7 V,2.0,True,2012-06-03,4488,2012-06-03,2012,2,1,ST,OUT,,,Siphon,". No TSS results in the ""2012 sediment load excel file""",7.265,,110088.74,True,0.19,0.2,MG/L,EPA300.0 [300Nitrate]_W,0.19,0.2,CSU_assumed_from_ALS_pre2023,True,2012-05-03,2012-11-01,2012,grain corn,2011-11-15,grain corn,92.4625,56.712500000000006,2011-11-15,False,0.0,2012,True,,2012-05-03,PlantDate proxy,56.712500000000006,False,2011-11-15,0.0,2012.0,,0.8029877171111112,0.0,0.2,0,7.265,0.2,0.3709416720451657,-0.8273715424638158,-1.3199314751795637,-1.4770375804105724,-0.8192234335968713,0.1662268807439055,,1,155,31,151,Siphon,2012-06-03,0.0,,0,,,,,,unlisted_default_zero,1.0,4.828439260693618,0.0,68.46512085077569,2.478075512099207,reconstruction,volume_observation_or_prediction_event
VO_c2f04254c41defae8e44,PE_4c355f124b8d8c67fa55,0.0,Transducer,7 V,1.0,True,2012-06-04,14490,2012-06-04,2012,2,2,ST,OUT,,,Siphon,". No TSS results in the ""2012 sediment load excel file""",,,131764.71,False,,,,,,,CSU_assumed_from_ALS_pre2023,True,2012-05-03,2012-11-01,2012,grain corn,2011-11-15,grain corn,93.925,58.175,2011-11-15,False,0.0,2012,True,,2012-05-03,PlantDate proxy,56.712500000000006,False,2011-11-15,0.0,2012.0,,0.9590644183333332,0.0,,0,,,,-0.8066699228411054,-1.3181486292243447,-1.4770375804105724,-0.8192234335968713,0.7935091038667821,,1,156,32,150,Siphon,2012-06-04,0.0,,0,,,,,,unlisted_default_zero,1.0,5.978519162739263,0.0,82.17212470040344,2.478075512099207,reconstruction,volume_observation_or_prediction_event
VO_aa5895e8544289a8992f,PE_248d74790d081f1ad247,9754.0,Transducer,7 V,14.0,False,2012-06-26,56,2012-06-26,2012,4,1,ST,OUT,False,AC,Siphon,The results are averages of the 3 samples taken at different times. After cultivation.,,,104096.69,False,0.34,0.75,MG/L,EPA300.0 [300OPHOS]_W,0.34,0.75,CSU_assumed_from_ALS_pre2023,True,2012-05-03,2012-11-01,2012,grain corn,2011-11-15,grain corn,126.425,90.675,2011-11-15,False,0.0,2012,True,,2012-05-03,PlantDate proxy,56.712500000000006,False,2011-11-15,0.0,2012.0,,0.8029877171111112,0.0,0.75,0,,0.75,,-0.3466339312253138,-1.2785298302194767,-1.0369521193127271,0.1726252446891151,-0.0071774211195606,,1,178,54,128,Siphon,2012-06-26,9.185535253057212,,0,,,,,,unlisted_default_zero,1.0,12370.000631637633,1036.9831617999293,147440.3673171678,2.478075512099207,reconstruction,volume_observation_or_prediction_event
VO_4985002219dff2627fce,PE_649006527ce5d1d1ff1f,8569.0,Transducer,7 V,14.0,False,2012-06-27,59,2012-06-27,2012,4,2,ST,OUT,False,AC,Siphon,The results are averages of the 3 samples taken at different times. After cultivation.,,,79589.78,False,0.34,0.75,MG/L,EPA300.0 [300OPHOS]_W,0.34,0.75,CSU_assumed_from_ALS_pre2023,True,2012-05-03,2012-11-01,2012,grain corn,2011-11-15,grain corn,126.425,90.675,2011-11-15,False,0.0,2012,True,,2012-05-03,PlantDate proxy,56.712500000000006,False,2011-11-15,0.0,2012.0,,0.9590644183333332,0.0,0.75,0,,0.75,,-0.3466339312253138,-1.2785298302194767,-1.0904174946870295,0.1726252446891151,-0.7163843902504584,,1,179,55,127,Siphon,2012-06-27,9.056023011591826,,0,,,,,,unlisted_default_zero,1.0,12740.273009703997,1068.0506966870912,151853.386710463,2.478075512099207,reconstruction,volume_observation_or_prediction_event
VO_76b6aa51a29858fdd759,PE_e54a1b2fb0b2d2f3c583,16839.0,Transducer,7 V,14.0,False,2012-07-16,62,2012-07-16,2012,5,1,ST,OUT,False,AC,Siphon,The results are averages of the 3 samples taken at different times. After cultivation.,,,112136.29,False,0.34,0.75,MG/L,EPA300.0 [300OPHOS]_W,0.34,0.75,CSU_assumed_from_ALS_pre2023,True,2012-05-03,2012-11-01,2012,grain corn,2011-11-15,grain corn,126.425,90.675,2011-11-15,False,0.0,2012,True,,2012-05-03,PlantDate proxy,56.712500000000006,False,2011-11-15,0.0,2012.0,,0.8029877171111112,0.0,0.75,0,,0.75,,-0.3466339312253138,-1.2785298302194767,-0.7172878285726991,0.6685495838321084,0.2254810555723094,,1,198,74,108,Siphon,2012-07-16,9.731512287796317,,0,,,,,,unlisted_default_zero,1.0,19758.64810247136,1656.924255617965,235500.5265688171,2.478075512099207,reconstruction,volume_observation_or_prediction_event
VO_46b0deb58f1724e65965,PE_6c101e1953c53808bd4e,24920.0,Transducer,7 V,14.0,False,2012-07-17,65,2012-07-17,2012,5,2,ST,OUT,False,AC,Siphon,The results are averages of the 3 samples taken at different times. After cultivation.,,,95321.28,False,0.34,0.75,MG/L,EPA300.0 [300OPHOS]_W,0.34,0.75,CSU_assumed_from_ALS_pre2023,True,2012-05-03,2012-11-01,2012,grain corn,2011-11-15,grain corn,126.425,90.675,2011-11-15,False,0.0,2012,True,,2012-05-03,PlantDate proxy,56.712500000000006,False,2011-11-15,0.0,2012.0,,0.9590644183333332,0.0,0.75,0,,0.75,,-0.3466339312253138,-1.2785298302194767,-0.352685551442118,0.6685495838321084,-0.2611295484575634,,1,199,75,107,Siphon,2012-07-17,10.123466100507182,,0,,,,,,unlisted_default_zero,1.0,18559.70708669806,1556.3276568932547,221211.1810290417,2.478075512099207,reconstruction,volume_observation_or_prediction_event
VO_0010c7cab405f6468116,PE_0e586fb82f46b37d94b4,8574.0,Ruler,7 V,14.0,False,2012-07-25,71,2012-07-25,2012,6,2,ST,OUT,,,Siphon,,,,92670.81,False,0.34,0.75,MG/L,EPA300.0 [300OPHOS]_W,0.34,0.75,ALS_pre2023,False,2012-05-03,2012-11-01,2012,grain corn,2011-11-15,grain corn,126.425,90.675,2011-11-15,False,0.0,2012,True,,2012-05-03,PlantDate proxy,56.712500000000006,False,2011-11-15,0.0,2012.0,,0.9590644183333332,0.0,0.75,0,,0.75,,-0.3466339312253138,-1.2785298302194767,-1.0901919023858722,1.1644739229751015,-0.3378316620847963,,1,207,83,99,Siphon,2012-07-25,9.056606272034141,,0,,,,,,unlisted_default_zero,1.0,8695.081100587462,728.6407158021055,103641.55293081077,2.478075512099207,reconstruction,volume_observation_or_prediction_event
VO_5e934e5a14f2e052cb49,PE_bf44e09ffc415b58c4a0,26014.0,Transducer,7 V,14.0,False,2012-08-01,77,2012-08-01,2012,7,2,ST,OUT,False,AC,Siphon,The results are averages of the 3 samples taken at different times. After cultivation.,,,95881.53,False,0.34,0.75,MG/L,EPA300.0 [300OPHOS]_W,0.34,0.75,CSU_assumed_from_ALS_pre2023,True,2012-05-03,2012-11-01,2012,grain corn,2011-11-15,grain corn,126.425,90.675,2011-11-15,False,0.0,2012,True,,2012-05-03,PlantDate proxy,56.712500000000006,False,2011-11-15,0.0,2012.0,,0.9590644183333332,0.0,0.75,0,,0.75,,-0.3466339312253138,-1.2785298302194767,-0.3033259559488802,1.6603982621180948,-0.2449164394015631,,1,214,90,92,Siphon,2012-08-01,10.166428573724405,,0,,,,,,unlisted_default_zero,1.0,22292.067088825916,1869.4896194006817,265694.5885091359,2.478075512099207,reconstruction,volume_observation_or_prediction_event
VO_d69e1428608a6736adaf,PE_57bf938d5e71dc213f59,11995.0,Transducer,7 V,14.0,False,2012-08-08,80,2012-08-08,2012,8,1,ST,OUT,,,Siphon,,,,103049.18,False,0.34,0.75,MG/L,EPA300.0 [300OPHOS]_W,0.34,0.75,ALS_pre2023,False,2012-05-03,2012-11-01,2012,grain corn,2011-11-15,grain corn,126.425,90.675,2011-11-15,False,0.0,2012,True,,2012-05-03,PlantDate proxy,56.712500000000006,False,2011-11-15,0.0,2012.0,,0.8029877171111112,0.0,0.75,0,,0.75,,-0.3466339312253138,-1.2785298302194767,-0.9358416499339828,2.1563226012610883,-0.0374913771521373,,1,221,97,85,Siphon,2012-08-08,9.392328539868899,,0,,,,,,unlisted_default_zero,1.0,20392.32052278359,1710.0922508324336,243052.82818644628,2.478075512099207,reconstruction,volume_observation_or_prediction_event
VO_e69a5d0d7c134745a010,PE_365d30de37f48e464de2,14368.0,Transducer,7 V,14.0,False,2012-08-09,83,2012-08-09,2012,8,2,ST,OUT,,,Siphon,,,,96715.37,False,0.34,0.75,MG/L,EPA300.0 [300OPHOS]_W,0.34,0.75,ALS_pre2023,False,2012-05-03,2012-11-01,2012,grain corn,2011-11-15,grain corn,126.425,90.675,2011-11-15,False,0.0,2012,True,,2012-05-03,PlantDate proxy,56.712500000000006,False,2011-11-15,0.0,2012.0,,0.9590644183333332,0.0,0.75,0,,0.75,,-0.3466339312253138,-1.2785298302194767,-0.8287755438046834,2.1563226012610883,-0.2207858925827228,,1,222,98,84,Siphon,2012-08-09,9.572828387229206,,0,,,,,,unlisted_default_zero,1.0,17922.95844994842,1502.9015531426078,213622.21612351795,2.478075512099207,reconstruction,volume_observation_or_prediction_event
VO_35649e7d6e1a95871792,PE_57fa018badecf5410da3,19542.0,Transducer,7 V,14.0,False,2012-08-19,86,2012-08-19,2012,9,1,ST,OUT,,,Siphon,,,,113946.0,False,0.34,0.75,MG/L,EPA300.0 [300OPHOS]_W,0.34,0.75,ALS_pre2023,False,2012-05-03,2012-11-01,2012,grain corn,2011-11-15,grain corn,126.425,90.675,2011-11-15,False,0.0,2012,True,,2012-05-03,PlantDate proxy,56.712500000000006,False,2011-11-15,0.0,2012.0,,0.8029877171111112,0.0,0.75,0,,0.75,,-0.3466339312253138,-1.2785298302194767,-0.5953326305670116,2.6522469404040816,0.2778523640769672,,1,232,108,74,Siphon,2012-08-19,9.880372445030076,,0,,,,,,unlisted_default_zero,1.0,24426.40483515869,2048.5702538824016,291132.27823256474,2.478075512099207,reconstruction,volume_observation_or_prediction_event
VO_6bc651662365155cf665,PE_5a2398fb5beb05ecabaa,5051.0,Ruler,7 V,14.0,False,2012-08-20,89,2012-08-20,2012,9,2,ST,OUT,,,Siphon,,,,89521.56,False,0.34,0.75,MG/L,EPA300.0 [300OPHOS]_W,0.34,0.75,ALS_pre2023,False,2012-05-03,2012-11-01,2012,grain corn,2011-11-15,grain corn,126.425,90.675,2011-11-15,False,0.0,2012,True,,2012-05-03,PlantDate proxy,56.712500000000006,False,2011-11-15,0.0,2012.0,,0.9590644183333332,0.0,0.75,0,,0.75,,-0.3466339312253138,-1.2785298302194767,-1.2491442377813724,2.6522469404040816,-0.4289680006740138,,1,233,109,73,Siphon,2012-08-20,8.527539483470381,,0,,,,,,unlisted_default_zero,1.0,8189.717156560511,686.2383847296079,97618.47095718511,2.478075512099207,reconstruction,volume_observation_or_prediction_event
VO_3d01ee3247b2ede88459,PE_6975f3c079d281a511a0,25931.0,Transducer,7 V,14.0,False,2012-08-30,92,2012-08-30,2012,10,1,ST,OUT,,,Siphon,,,,82991.51,False,0.34,0.75,MG/L,EPA300.0 [300OPHOS]_W,0.34,0.75,ALS_pre2023,False,2012-05-03,2012-11-01,2012,grain corn,2011-11-15,grain corn,126.425,90.675,2011-11-15,False,0.0,2012,True,,2012-05-03,PlantDate proxy,56.712500000000006,False,2011-11-15,0.0,2012.0,,0.8029877171111112,0.0,0.75,0,,0.75,,-0.3466339312253138,-1.2785298302194767,-0.3070707881480929,3.148171279547075,-0.6179415174810376,,1,243,119,63,Siphon,2012-08-30,10.163233006294886,,0,,,,,,unlisted_default_zero,1.0,19697.56396219021,1651.7990187068363,234772.5071116509,2.478075512099207,reconstruction,volume_observation_or_prediction_event
VO_f616f036ac17f6a01fd9,PE_15badc81229f832de396,6600.0,Ruler,7 V,14.0,False,2012-08-31,95,2012-08-31,2012,10,2,ST,OUT,,,Siphon,,,,89018.96,False,0.34,0.75,MG/L,EPA300.0 [300OPHOS]_W,0.34,0.75,ALS_pre2023,False,2012-05-03,2012-11-01,2012,grain corn,2011-11-15,grain corn,126.425,90.675,2011-11-15,False,0.0,2012,True,,2012-05-03,PlantDate proxy,56.712500000000006,False,2011-11-15,0.0,2012.0,,0.9590644183333332,0.0,0.75,0,,0.75,,-0.3466339312253138,-1.2785298302194767,-1.1792557428828117,3.148171279547075,-0.4435127728499096,,1,244,120,62,Siphon,2012-08-31,8.79497643168877,,0,,,,,,unlisted_default_zero,1.0,6642.536071861187,556.4228619604802,79178.69381968031,2.478075512099207,reconstruction,volume_observation_or_prediction_event
VO_e2d3c7132662296f0e6c,PE_b7ff1c1774876e409c04,9920.0,Transducer,7 V,14.0,False,2013-07-02,104,2013-07-02,2013,2,1,ST,OUT,False,AC,Siphon,The analyte values are averages of 6 samples over the irrigation period,,,,False,0.34,0.75,MG/L,EPA300.0 [300OPHOS]_W,0.34,0.75,CSU_assumed_from_ALS_pre2023,True,2013-05-14,2013-09-30,2013,silage corn,2012-11-01,grain corn,212.63125,79.70624999999998,2012-11-01,False,0.0,2013,True,,2013-05-14,PlantDate proxy,65.08124999999998,False,2012-11-01,0.0,2013.0,,,0.0,0.75,0,,0.75,,-0.5018960783956437,-1.1734409658590637,-1.0294624549143017,-0.8192234335968713,,,1,183,49,90,Siphon,2013-07-02,9.202409001649903,,0,,,,,,unlisted_default_zero,1.0,17650.372636206434,1480.030364850359,210373.4550664214,2.478075512099207,reconstruction,volume_observation_or_prediction_event
VO_5ec9fdccc5ac869325a2,PE_3a1f801f634bfe189584,26049.0,Transducer,7 V,14.0,False,2013-07-03,107,2013-07-03,2013,2,2,ST,OUT,False,AC,Siphon,The analyte values are averages of 6 samples over the irrigation period,,,104886.19,False,0.34,0.75,MG/L,EPA300.0 [300OPHOS]_W,0.34,0.75,CSU_assumed_from_ALS_pre2023,True,2013-05-14,2013-09-30,2013,silage corn,2012-11-01,grain corn,212.63125,79.70624999999998,2012-11-01,False,0.0,2013,True,,2013-05-14,PlantDate proxy,65.08124999999998,False,2012-11-01,0.0,2013.0,,,0.0,0.75,0,,0.75,,-0.5018960783956437,-1.1734409658590637,-0.3017468098407784,-0.8192234335968713,0.0156699677241917,,1,184,50,89,Siphon,2013-07-03,10.167773047181512,,0,,,,,,unlisted_default_zero,1.0,15232.747442537271,1277.1806263939404,181559.45894524976,2.478075512099207,reconstruction,volume_observation_or_prediction_event
VO_ff53325be25cdf175126,PE_cb43e2ed756f1f7b6aba,27072.0,Transducer,7 V,14.0,False,2013-07-11,110,2013-07-11,2013,3,1,ST,OUT,,,Siphon,"This date was determined by the ""2013_DataLogger"" file, assumed to be soil moisture sensors",,,87604.56,False,0.34,0.75,MG/L,EPA300.0 [300OPHOS]_W,0.34,0.75,CSU_assumed_from_ALS_pre2023,True,2013-05-14,2013-09-30,2013,silage corn,2012-11-01,grain corn,212.63125,79.70624999999998,2012-11-01,False,0.0,2013,True,,2013-05-14,PlantDate proxy,65.08124999999998,False,2012-11-01,0.0,2013.0,,,0.0,0.75,0,,0.75,,-0.5018960783956437,-1.1734409658590637,-0.2555906250239754,-0.3232990944538781,-0.4844441810584006,,1,192,58,81,Siphon,2013-07-11,10.206292200258018,,0,,,,,,unlisted_default_zero,1.0,22635.50616431732,1898.3057182821692,269787.8003994576,2.478075512099207,reconstruction,volume_observation_or_prediction_event
VO_921e210f303bdc25f46e,PE_18bc94a3d047891c182b,7774.0,Transducer,7 V,14.0,False,2013-07-12,113,2013-07-12,2013,3,2,ST,OUT,,,Siphon,"This date was determined by the ""2013_DataLogger"" file, assumed to be soil moisture sensors",,,131657.14,False,0.34,0.75,MG/L,EPA300.0 [300OPHOS]_W,0.34,0.75,CSU_assumed_from_ALS_pre2023,True,2013-05-14,2013-09-30,2013,silage corn,2012-11-01,grain corn,212.63125,79.70624999999998,2012-11-01,False,0.0,2013,True,,2013-05-14,PlantDate proxy,65.08124999999998,False,2012-11-01,0.0,2013.0,,,0.0,0.75,0,,0.75,,-0.5018960783956437,-1.1734409658590637,-1.1262866705710557,-0.3232990944538781,0.7903961290499082,,1,193,59,80,Siphon,2013-07-12,8.958668737047434,,0,,,,,,unlisted_default_zero,1.0,15557.747081529784,1304.4495727718559,185432.9039944804,2.478075512099207,reconstruction,volume_observation_or_prediction_event
VO_581619d8f6fa73ee8306,PE_f7fa36feaba1a3684ccf,21046.0,Transducer,7 V,14.0,False,2013-07-30,116,2013-07-30,2013,4,1,ST,OUT,False,AC,Siphon,The analyte values are averages of 6 samples over the irrigation period,,,108000.0,False,0.34,0.75,MG/L,EPA300.0 [300OPHOS]_W,0.34,0.75,CSU_assumed_from_ALS_pre2023,True,2013-05-14,2013-09-30,2013,silage corn,2012-11-01,grain corn,212.63125,79.70624999999998,2012-11-01,False,0.0,2013,True,,2013-05-14,PlantDate proxy,65.08124999999998,False,2012-11-01,0.0,2013.0,,,0.0,0.75,0,,0.75,,-0.5018960783956437,-1.1734409658590637,-0.5274744663788673,0.1726252446891151,0.1057807059832981,,1,211,77,62,Siphon,2013-07-30,9.954513311139172,,0,,,,,,unlisted_default_zero,1.0,20698.851767128435,1735.8116149865207,246706.16126251608,2.478075512099207,reconstruction,volume_observation_or_prediction_event
VO_56176662400919d6c0a4,PE_06463f55c291ea1d15a9,9708.0,Transducer,7 V,14.0,False,2013-07-31,119,2013-07-31,2013,4,2,ST,OUT,False,AC,Siphon,The analyte values are averages of 6 samples over the irrigation period,,,109714.29,False,0.34,0.75,MG/L,EPA300.0 [300OPHOS]_W,0.34,0.75,CSU_assumed_from_ALS_pre2023,True,2013-05-14,2013-09-30,2013,silage corn,2012-11-01,grain corn,212.63125,79.70624999999998,2012-11-01,False,0.0,2013,True,,2013-05-14,PlantDate proxy,65.08124999999998,False,2012-11-01,0.0,2013.0,,,0.0,0.75,0,,0.75,,-0.5018960783956437,-1.1734409658590637,-1.0390275684833752,0.1726252446891151,0.1553906492650665,,1,212,78,61,Siphon,2013-07-31,9.180808569370145,,0,,,,,,unlisted_default_zero,1.0,13498.687378493105,1131.6851081555517,160892.40100339576,2.478075512099207,reconstruction,volume_observation_or_prediction_event
VO_ca9dbfd02f244cb5ffc1,PE_a8e992311ac11ff1f6ab,26268.0,Transducer,7 V,14.0,False,2013-08-08,122,2013-08-08,2013,5,1,ST,OUT,,,Siphon,,,,,False,0.34,0.75,MG/L,EPA300.0 [300OPHOS]_W,0.34,0.75,CSU_assumed_from_ALS_pre2023,True,2013-05-14,2013-09-30,2013,silage corn,2012-11-01,grain corn,212.63125,79.70624999999998,2012-11-01,False,0.0,2013,True,,2013-05-14,PlantDate proxy,65.08124999999998,False,2012-11-01,0.0,2013.0,,,0.0,0.75,0,,0.75,,-0.5018960783956437,-1.1734409658590637,-0.2918658670500845,0.6685495838321084,,,1,220,86,53,Siphon,2013-08-08,10.176144815719798,,0,,,,,,unlisted_default_zero,1.0,18291.894820016136,1533.8569908884049,218019.31256507,2.478075512099207,reconstruction,volume_observation_or_prediction_event
VO_fd001b8c21761a385551,PE_d3818202a2c7c0979162,2800.0,Transducer,7 V,14.0,False,2013-08-09,125,2013-08-09,2013,5,2,ST,OUT,,,Siphon,,,,,False,0.34,0.75,MG/L,EPA300.0 [300OPHOS]_W,0.34,0.75,CSU_assumed_from_ALS_pre2023,True,2013-05-14,2013-09-30,2013,silage corn,2012-11-01,grain corn,212.63125,79.70624999999998,2012-11-01,False,0.0,2013,True,,2013-05-14,PlantDate proxy,65.08124999999998,False,2012-11-01,0.0,2013.0,,,0.0,0.75,0,,0.75,,-0.5018960783956437,-1.1734409658590637,-1.3507058917624315,0.6685495838321084,,,1,221,87,52,Siphon,2013-08-09,7.937731775260109,,0,,,,,,unlisted_default_zero,1.0,9934.362602288775,832.6220645869702,118411.68871387931,2.478075512099207,reconstruction,volume_observation_or_prediction_event
VO_e85a21b196db34d50b8d,PE_4ba63451b7dc89c0a556,35247.0,Transducer,7 V,14.0,False,2013-08-19,128,2013-08-19,2013,6,1,ST,OUT,False,AC,Siphon,The analyte values are averages of 6 samples over the irrigation period,,,108000.0,False,0.34,0.75,MG/L,EPA300.0 [300OPHOS]_W,0.34,0.75,CSU_assumed_from_ALS_pre2023,True,2013-05-14,2013-09-30,2013,silage corn,2012-11-01,grain corn,212.63125,79.70624999999998,2012-11-01,False,0.0,2013,True,,2013-05-14,PlantDate proxy,65.08124999999998,False,2012-11-01,0.0,2013.0,,,0.0,0.75,0,,0.75,,-0.5018960783956437,-1.1734409658590637,0.1132527873683645,1.1644739229751015,0.1057807059832981,,1,231,97,42,Siphon,2013-08-19,10.470164069042124,,0,,,,,,unlisted_default_zero,1.0,24601.749577456634,2063.2824744565364,293222.0904737973,2.478075512099207,reconstruction,volume_observation_or_prediction_event
VO_f391d0b5fb4f0f5c8ec6,PE_2b1a26b26247f7aaf591,7115.0,Transducer,7 V,14.0,False,2013-08-20,131,2013-08-20,2013,6,2,ST,OUT,False,AC,Siphon,The analyte values are averages of 6 samples over the irrigation period,,,102400.0,False,0.34,0.75,MG/L,EPA300.0 [300OPHOS]_W,0.34,0.75,CSU_assumed_from_ALS_pre2023,True,2013-05-14,2013-09-30,2013,silage corn,2012-11-01,grain corn,212.63125,79.70624999999998,2012-11-01,False,0.0,2013,True,,2013-05-14,PlantDate proxy,65.08124999999998,False,2012-11-01,0.0,2013.0,,,0.0,0.75,0,,0.75,,-0.5018960783956437,-1.1734409658590637,-1.1560197358636,1.1644739229751015,-0.0562780369236218,,1,232,98,41,Siphon,2013-08-20,8.870101048785726,,0,,,,,,unlisted_default_zero,1.0,12199.674917762704,1022.6920605149134,145410.3733909879,2.478075512099207,reconstruction,volume_observation_or_prediction_event
VO_130b090d32e591879629,PE_7f513ba68b063af6e914,49191.0,Transducer,7 V,14.0,False,2013-08-28,134,2013-08-28,2013,7,1,ST,OUT,,,Siphon,,,,,False,0.34,0.75,MG/L,EPA300.0 [300OPHOS]_W,0.34,0.75,CSU_assumed_from_ALS_pre2023,True,2013-05-14,2013-09-30,2013,silage corn,2012-11-01,grain corn,212.63125,79.70624999999998,2012-11-01,False,0.0,2013,True,,2013-05-14,PlantDate proxy,65.08124999999998,False,2012-11-01,0.0,2013.0,,,0.0,0.75,0,,0.75,,-0.5018960783956437,-1.1734409658590637,0.7423845968361064,1.6603982621180948,,,1,240,106,33,Siphon,2013-08-28,10.803486287633305,,0,,,,,,unlisted_default_zero,1.0,29198.202959248214,2448.9457976073354,348004.027004283,2.478075512099207,reconstruction,volume_observation_or_prediction_event
VO_774593ec246158265d5f,PE_5ff231543fda9ac6656d,4468.0,Transducer,7 V,14.0,False,2013-08-29,137,2013-08-29,2013,7,2,ST,OUT,,,Siphon,,,,,False,0.34,0.75,MG/L,EPA300.0 [300OPHOS]_W,0.34,0.75,CSU_assumed_from_ALS_pre2023,True,2013-05-14,2013-09-30,2013,silage corn,2012-11-01,grain corn,212.63125,79.70624999999998,2012-11-01,False,0.0,2013,True,,2013-05-14,PlantDate proxy,65.08124999999998,False,2012-11-01,0.0,2013.0,,,0.0,0.75,0,,0.75,,-0.5018960783956437,-1.1734409658590637,-1.2754483000963246,1.6603982621180948,,,1,241,107,32,Siphon,2013-08-29,8.404919948933452,,0,,,,,,unlisted_default_zero,1.0,9511.328750407207,797.1276023199914,113369.84194658109,2.478075512099207,reconstruction,volume_observation_or_prediction_event
VO_c092cbfb51a092e2da07,PE_e6f216bc2af9baf87adb,31695.59,Bubbler,7 V,56.0,False,2014-07-01,144,2014-07-01,2014,1,1,ST,OUT,True,FALSE,Siphon,"OG sample ID ST1 I1 S1 - S1= the first first samplable water  through flume. There was not a result for ST1 S1 in ""Total Suspended Solids 2014""",0.003,,126691.33,True,0.34,0.75,MG/L,EPA300.0 [300OPHOS]_W,0.34,0.75,CSU_assumed_from_ALS_pre2023,True,2014-05-06,2014-12-02,2014,grain corn,2013-09-30,silage corn,258.06625,38.93499999999997,2013-09-30,False,0.0,2014,True,,2014-05-06,PlantDate proxy,24.31,False,2013-09-30,0.0,2014.0,,,0.0,0.75,0,0.003,0.75,-0.3531485824273609,-1.0790112298776544,-1.118053884850258,-0.0469813634823119,-1.3151477727398646,0.6466902493865841,,1,182,56,154,Siphon,2014-07-01,10.363964383101282,,0,,,,,,unlisted_default_zero,1.0,1054.801331784648,87.58652886943818,12582.363028493242,2.478075512099207,reconstruction,volume_observation_or_prediction_event
VO_962352a38f9152c1bef2,PE_e5b7650f3b7e52f1a1bf,7505.66,Bubbler,7 V,56.0,False,2014-07-02,154,2014-07-02,2014,1,2,ST,OUT,True,FALSE,Siphon,OG sample ID ST2 I1 S1 - S1= the first first samplable water  through flume.,0.003,,136319.18,True,0.34,0.75,MG/L,EPA300.0 [300OPHOS]_W,0.34,0.75,CSU_assumed_from_ALS_pre2023,True,2014-05-06,2014-12-02,2014,grain corn,2013-09-30,silage corn,258.06625,38.93499999999997,2013-09-30,False,0.0,2014,True,,2014-05-06,PlantDate proxy,24.31,False,2013-09-30,0.0,2014.0,,,0.0,0.75,0,0.003,0.75,-0.3531485824273609,-1.0790112298776544,-1.118053884850258,-1.1383937581895704,-1.3151477727398646,0.9253111900823678,,1,183,57,153,Siphon,2014-07-02,8.923545905485655,,0,,,,,,unlisted_default_zero,1.0,1212.8745382870866,100.84958911548185,14466.327826241633,2.478075512099207,reconstruction,volume_observation_or_prediction_event
VO_b248deaf983ce5b4a370,PE_670677b2cdea06c82d58,12295.95,Transducer,7 V,14.0,False,2014-07-21,160,2014-07-21,2014,2,1,ST,OUT,,,Siphon,,,,104096.39,False,0.34,0.75,MG/L,EPA300.0 [300OPHOS]_W,0.34,0.75,ALS_pre2023,False,2014-05-06,2014-12-02,2014,grain corn,2013-09-30,silage corn,258.06625,38.93499999999997,2013-09-30,False,0.0,2014,True,,2014-05-06,PlantDate proxy,24.31,False,2013-09-30,0.0,2014.0,,,0.0,0.75,0,,0.75,,-1.0790112298776544,-1.118053884850258,-0.9222632493273192,-0.8192234335968713,-0.0071861028379307,,1,202,76,134,Siphon,2014-07-21,9.417106543131815,,0,,,,,,unlisted_default_zero,1.0,9260.202386132745,776.0569593410959,110376.84116834779,2.478075512099207,reconstruction,volume_observation_or_prediction_event
VO_6ccd868115fdbb529ba9,PE_92db572b305f7a8a1fcf,7202.48,Transducer,7 V,14.0,False,2014-07-22,163,2014-07-22,2014,2,2,ST,OUT,,,Siphon,,,,95319.15,False,0.34,0.75,MG/L,EPA300.0 [300OPHOS]_W,0.34,0.75,ALS_pre2023,False,2014-05-06,2014-12-02,2014,grain corn,2013-09-30,silage corn,258.06625,38.93499999999997,2013-09-30,False,0.0,2014,True,,2014-05-06,PlantDate proxy,24.31,False,2013-09-30,0.0,2014.0,,,0.0,0.75,0,,0.75,,-1.0790112298776544,-1.118053884850258,-1.1520727729625502,-0.8192234335968713,-0.2611911886579907,,1,203,77,133,Siphon,2014-07-22,8.882319521569547,,0,,,,,,unlisted_default_zero,1.0,9920.240489802001,831.4371551841828,118243.37706016157,2.478075512099207,reconstruction,volume_observation_or_prediction_event
VO_3ccea155fe4e4c3b609d,PE_d1afac04920a2ee5af17,34697.1,Bubbler,7 V,56.0,False,2014-08-04,169,2014-08-04,2014,3,1,ST,OUT,True,FALSE,Siphon,,,,112956.41,False,0.34,0.75,MG/L,EPA300.0 [300OPHOS]_W,0.34,0.75,CSU_assumed_from_ALS_pre2023,True,2014-05-06,2014-12-02,2014,grain corn,2013-09-30,silage corn,258.06625,38.93499999999997,2013-09-30,False,0.0,2014,True,,2014-05-06,PlantDate proxy,24.31,False,2013-09-30,0.0,2014.0,,,0.0,0.75,0,,0.75,,-1.0790112298776544,-1.118053884850258,0.0884421460870742,-0.3232990944538781,0.2492145584710281,,1,216,90,120,Siphon,2014-08-04,10.45444020939261,,0,,,,,,unlisted_default_zero,1.0,23094.20011993896,1936.792225277977,275254.65518435,2.478075512099207,reconstruction,volume_observation_or_prediction_event
VO_c1fdb92431a4a7217d4e,PE_99c4e1053e4376d0bed3,4383.03,Bubbler,7 V,56.0,False,2014-08-05,178,2014-08-05,2014,3,2,ST,OUT,True,FALSE,Siphon,OG sample ID ST2 I3 S1 - S1= the first first samplable water  through flume.,,,89737.01,False,0.34,0.75,MG/L,EPA300.0 [300OPHOS]_W,0.34,0.75,CSU_assumed_from_ALS_pre2023,True,2014-05-06,2014-12-02,2014,grain corn,2013-09-30,silage corn,258.06625,38.93499999999997,2013-09-30,False,0.0,2014,True,,2014-05-06,PlantDate proxy,24.31,False,2013-09-30,0.0,2014.0,,,0.0,0.75,0,,0.75,,-1.0790112298776544,-1.118053884850258,-1.2792820156621934,-0.3232990944538781,-0.4227330799312825,,1,217,91,119,Siphon,2014-08-05,8.385723671670132,,0,,,,,,unlisted_default_zero,1.0,16581.456526222566,1390.3434465017776,197633.7861021893,2.478075512099207,reconstruction,volume_observation_or_prediction_event
VO_2aba77d089fe31da9047,PE_5d5cb3edcd99b5be75e6,17296.69,Transducer,7 V,28.0,False,2014-08-17,186,2014-08-17,2014,4,1,ST,OUT,False,AC,Siphon,"TSS value is an average of ST1 I4 S1,S2,S3,S4,S5,S6,S7,S8,S9,S10,S11,S15,S16",,,120960.0,False,0.34,0.75,MG/L,EPA300.0 [300OPHOS]_W,0.34,0.75,ALS_pre2023,False,2014-05-06,2014-12-02,2014,grain corn,2013-09-30,silage corn,258.06625,38.93499999999997,2013-09-30,False,0.0,2014,True,,2014-05-06,PlantDate proxy,24.31,False,2013-09-30,0.0,2014.0,,,0.0,0.75,0,,0.75,,-1.0790112298776544,-1.118053884850258,-0.6966375605093535,0.1726252446891151,0.4808309395678845,,1,229,103,107,Siphon,2014-08-17,9.758328245558918,,0,,,,,,unlisted_default_zero,1.0,18215.66417429489,1527.46089335128,217110.77242581383,2.478075512099207,reconstruction,volume_observation_or_prediction_event
VO_5b82220e688332955128,PE_be3da0eafc673da18d92,13116.54,Transducer,7 V,14.0,False,2014-08-18,191,2014-08-18,2014,4,2,ST,OUT,False,AC,Siphon,"TSS value  is an average of ST2 I4 S1, S2,S3,S4,S5,S6,S7,S8,S9,S10,S11,S12,S15,S16",,,,False,0.34,0.75,MG/L,EPA300.0 [300OPHOS]_W,0.34,0.75,ALS_pre2023,False,2014-05-06,2014-12-02,2014,grain corn,2013-09-30,silage corn,258.06625,38.93499999999997,2013-09-30,False,0.0,2014,True,,2014-05-06,PlantDate proxy,24.31,False,2013-09-30,0.0,2014.0,,,0.0,0.75,0,,0.75,,-1.0790112298776544,-1.118053884850258,-0.88523949204597,0.1726252446891151,,,1,230,104,106,Siphon,2014-08-18,9.481705544917757,,0,,,,,,unlisted_default_zero,0.5,18019.431370217822,1510.9960694870026,214772.00987886093,2.478075512099207,reconstruction,volume_observation_or_prediction_event
VO_cea1ca7e157ea156038a,PE_be3da0eafc673da18d92,13116.54,Transducer,8 V,14.0,False,2014-08-18,191,2014-08-18,2014,4,2,ST,OUT,False,AC,Siphon,"TSS value  is an average of ST2 I4 S1, S2,S3,S4,S5,S6,S7,S8,S9,S10,S11,S12,S15,S16",,,,False,0.34,0.75,MG/L,EPA300.0 [300OPHOS]_W,0.34,0.75,ALS_pre2023,False,2014-05-06,2014-12-02,2014,grain corn,2013-09-30,silage corn,258.06625,38.93499999999997,2013-09-30,False,0.0,2014,True,,2014-05-06,PlantDate proxy,24.31,False,2013-09-30,0.0,2014.0,,,0.0,0.75,0,,0.75,,-1.0790112298776544,-1.118053884850258,-0.88523949204597,0.1726252446891151,,,1,230,104,106,Siphon,2014-08-18,9.481705544917757,,0,,,,,,unlisted_default_zero,0.5,18390.510965405287,1542.1313335582915,219194.64993256962,2.478075512099207,reconstruction,volume_observation_or_prediction_event
VO_64a14debb5d0199b5c17,PE_ef16b92ac44718ed6fbe,3376.22,Bubbler,7 V,28.0,False,2015-07-06,203,2015-07-06,2015,1,1,ST,OUT,False,AC,Siphon,"Analytical composite. Average of ST1 I1 bottles 2, 4. TSS values ST1 T2, T2, -8 & 12, any average with a 0 or negative value is changed to U",0.0,,139707.11,True,0.34,0.75,MG/L,EPA300.0 [300OPHOS]_W,0.34,0.75,CSU_assumed_from_ALS_pre2023,True,2015-04-30,2015-11-16,2015,grain corn,2014-12-02,grain corn,327.77875,63.21249999999998,2014-12-02,False,30.7125,2015,True,,2015-04-30,PlantDate proxy,46.39374999999996,False,2014-12-02,30.7125,2015.0,47.0,0.380175439,2.0,0.75,1,,0.75,-0.3885840286996418,-0.735364344140658,-1.033071560984816,-1.324707732607849,-1.3151477727398646,1.023354703806768,0.47,1,187,67,133,Siphon,2015-07-06,8.124808164843426,,0,,,,,,unlisted_default_zero,1.0,5252.5365044191885,439.7955826582571,62612.25405491335,2.478075512099207,reconstruction,volume_observation_or_prediction_event
VO_b92bca66bb69f042d4a8,PE_982e6a4e7c9174d09a3c,2837.99,Transducer,7 V,28.0,False,2015-07-07,209,2015-07-07,2015,1,2,ST,OUT,False,AC,Siphon,,0.0,,114349.32,True,0.34,0.75,MG/L,EPA300.0 [300OPHOS]_W,0.34,0.75,CSU_assumed_from_ALS_pre2023,True,2015-04-30,2015-11-16,2015,grain corn,2014-12-02,grain corn,327.77875,63.21249999999998,2014-12-02,False,30.7125,2015,True,,2015-04-30,PlantDate proxy,46.39374999999996,False,2014-12-02,30.7125,2015.0,51.0,0.4594736845,2.0,0.75,1,,0.75,-0.3885840286996418,-0.735364344140658,-1.033071560984816,-1.3489918414582376,-1.3151477727398646,0.2895240662536136,0.51,1,188,68,132,Siphon,2015-07-07,7.951203634099737,,0,,,,,,unlisted_default_zero,1.0,4409.520346160104,369.0626966570736,52564.92977248521,2.478075512099207,reconstruction,volume_observation_or_prediction_event
VO_95dd8da4ae39a0c427c9,PE_64548a06be4bb873cda0,4443.59,Bubbler,7 V,28.0,False,2015-07-20,215,2015-07-20,2015,2,1,ST,OUT,False,AC,Siphon,"Analytical composite. Average of ST1 I 2 bottles 2, 4, 4D, 6",0.0,,92689.66,True,0.34,0.75,MG/L,EPA300.0 [300OPHOS]_W,0.34,0.75,CSU_assumed_from_ALS_pre2023,True,2015-04-30,2015-11-16,2015,grain corn,2014-12-02,grain corn,327.77875,63.21249999999998,2014-12-02,False,30.7125,2015,True,,2015-04-30,PlantDate proxy,46.39374999999996,False,2014-12-02,30.7125,2015.0,47.0,0.380175439,2.0,0.75,1,,0.75,-0.3885840286996418,-0.735364344140658,-1.033071560984816,-1.276549641710575,-0.8192234335968713,-0.337286160780547,0.47,1,201,81,119,Siphon,2015-07-20,8.399442905223584,,0,,,,,,unlisted_default_zero,1.0,8567.96285427216,717.9749173625372,102126.51881144015,2.478075512099207,reconstruction,volume_observation_or_prediction_event
VO_49a2231ca9d4190f1ba7,PE_f98814c17b9da4b10046,6589.69,Bubbler,7 V,28.0,False,2015-07-21,221,2015-07-21,2015,2,2,ST,OUT,False,AC,Siphon,"Analytical composite. Average of ST2 I 2 bottles 2, 4, 6",0.0,,95545.02,True,0.34,0.75,MG/L,EPA300.0 [300OPHOS]_W,0.34,0.75,CSU_assumed_from_ALS_pre2023,True,2015-04-30,2015-11-16,2015,grain corn,2014-12-02,grain corn,327.77875,63.21249999999998,2014-12-02,False,30.7125,2015,True,,2015-04-30,PlantDate proxy,46.39374999999996,False,2014-12-02,30.7125,2015.0,51.0,0.4594736845,2.0,0.75,1,,0.75,-0.3885840286996418,-0.735364344140658,-1.033071560984816,-1.1797209142077982,-0.8192234335968713,-0.2546547228972071,0.51,1,202,82,118,Siphon,2015-07-21,8.793413326112578,,0,,,,,,unlisted_default_zero,1.0,7465.3617752025975,625.4616770568389,88985.38208821918,2.478075512099207,reconstruction,volume_observation_or_prediction_event
VO_119f48128ed3ebdffcf9,PE_ab750944465b3b03a5ec,15480.65,Bubbler,7 V,28.0,False,2015-07-30,227,2015-07-30,2015,3,1,ST,OUT,False,TRUE,Siphon,,0.02,,101476.51,True,0.34,0.75,MG/L,EPA300.0 [300OPHOS]_W,0.34,0.75,CSU_assumed_from_ALS_pre2023,True,2015-04-30,2015-11-16,2015,grain corn,2014-12-02,grain corn,327.77875,63.21249999999998,2014-12-02,False,30.7125,2015,True,,2015-04-30,PlantDate proxy,46.39374999999996,False,2014-12-02,30.7125,2015.0,47.0,0.380175439,2.0,0.75,0,0.02,0.75,-0.1523477202177687,-0.735364344140658,-1.033071560984816,-0.7785744890281285,-0.3232990944538781,-0.0830029705820347,0.47,1,211,91,109,Siphon,2015-07-30,9.647410730610785,,0,,,,,,unlisted_default_zero,1.0,10992.597882423332,921.412812781839,131024.06028285972,2.478075512099207,reconstruction,volume_observation_or_prediction_event
VO_e9e5999a55c0e9394874,PE_8b715eebc00f1d87b8e3,3107.49,Bubbler,7 V,28.0,False,2015-07-31,233,2015-07-31,2015,3,2,ST,OUT,False,TRUE,Siphon,,0.02,,91015.8,True,0.34,0.75,MG/L,EPA300.0 [300OPHOS]_W,0.34,0.75,CSU_assumed_from_ALS_pre2023,True,2015-04-30,2015-11-16,2015,grain corn,2014-12-02,grain corn,327.77875,63.21249999999998,2014-12-02,False,30.7125,2015,True,,2015-04-30,PlantDate proxy,46.39374999999996,False,2014-12-02,30.7125,2015.0,51.0,0.4594736845,2.0,0.75,0,0.02,0.75,-0.1523477202177687,-0.735364344140658,-1.033071560984816,-1.3368324164258538,-0.3232990944538781,-0.3857260978166501,0.51,1,212,92,108,Siphon,2015-07-31,8.041892356718533,,0,,,,,,unlisted_default_zero,1.0,6590.479679788895,552.0550941424987,78558.26982543131,2.478075512099207,reconstruction,volume_observation_or_prediction_event
VO_95451622754152b19676,PE_e9d0921860cc7c87fefe,23607.05,Bubbler,7 V,14.0,False,2015-08-06,237,2015-08-06,2015,4,1,ST,OUT,False,TRUE,Siphon,,,,119825.33,False,0.34,0.75,MG/L,EPA300.0 [300OPHOS]_W,0.34,0.75,CSU_assumed_from_ALS_pre2023,True,2015-04-30,2015-11-16,2015,grain corn,2014-12-02,grain corn,327.77875,63.21249999999998,2014-12-02,False,30.7125,2015,True,,2015-04-30,PlantDate proxy,46.39374999999996,False,2014-12-02,30.7125,2015.0,47.0,0.380175439,2.0,0.75,0,,0.75,,-0.735364344140658,-1.033071560984816,-0.4119238338030383,0.1726252446891151,0.4479946549582068,0.47,1,218,98,102,Siphon,2015-08-06,10.069343034546659,,0,,,,,,unlisted_default_zero,1.0,21080.2991308649,1767.816781946003,251252.36755119756,2.478075512099207,reconstruction,volume_observation_or_prediction_event
VO_864264c499f673f01d55,PE_61cbb9676a953528de2c,13092.32,Bubbler,7 V,14.0,False,2015-08-07,240,2015-08-07,2015,4,2,ST,OUT,False,TRUE,Siphon,,,,98665.6,False,0.34,0.75,MG/L,EPA300.0 [300OPHOS]_W,0.34,0.75,CSU_assumed_from_ALS_pre2023,True,2015-04-30,2015-11-16,2015,grain corn,2014-12-02,grain corn,327.77875,63.21249999999998,2014-12-02,False,30.7125,2015,True,,2015-04-30,PlantDate proxy,46.39374999999996,False,2014-12-02,30.7125,2015.0,51.0,0.4594736845,2.0,0.75,0,,0.75,,-0.735364344140658,-1.033071560984816,-0.8863322611527765,0.1726252446891151,-0.1643480671935506,0.51,1,219,99,101,Siphon,2015-08-07,9.479857455469835,,0,,,,,,unlisted_default_zero,1.0,12368.297751061193,1036.8402823823676,147420.07186589096,2.478075512099207,reconstruction,volume_observation_or_prediction_event
VO_2ffe0d2253063380a0ef,PE_27068e46a99396e37068,14916.69,Bubbler,7 V,28.0,False,2015-08-16,245,2015-08-16,2015,5,1,ST,OUT,False,AC,Siphon,"Analytical composite. Average of ST1 I 5 bottles 2, 4, 6, 8, 10",0.01,,102988.51,True,0.34,0.75,MG/L,EPA300.0 [300OPHOS]_W,0.34,0.75,CSU_assumed_from_ALS_pre2023,True,2015-04-30,2015-11-16,2015,grain corn,2014-12-02,grain corn,327.77875,63.21249999999998,2014-12-02,False,30.7125,2015,True,,2015-04-30,PlantDate proxy,46.39374999999996,False,2014-12-02,30.7125,2015.0,47.0,0.380175439,2.0,0.75,0,0.01,0.75,-0.2704658744587053,-0.735364344140658,-1.033071560984816,-0.8040194958602733,0.6685495838321084,-0.0392471099971663,0.47,1,228,108,92,Siphon,2015-08-16,9.610303036033745,,0,,,,,,unlisted_default_zero,1.0,13637.624948629213,1143.3426015658956,162548.30143720578,2.478075512099207,reconstruction,volume_observation_or_prediction_event
VO_96229daca8d641264dc1,PE_72bbe667892a258fbed0,7040.1,Bubbler,7 V,28.0,False,2015-08-17,251,2015-08-17,2015,5,2,ST,OUT,False,AC,Siphon,"Analytical composite. Average of ST2 I 5 bottles 2, 4, 6, 8, 10",0.01,,91914.89,True,0.34,0.75,MG/L,EPA300.0 [300OPHOS]_W,0.34,0.75,CSU_assumed_from_ALS_pre2023,True,2015-04-30,2015-11-16,2015,grain corn,2014-12-02,grain corn,327.77875,63.21249999999998,2014-12-02,False,30.7125,2015,True,,2015-04-30,PlantDate proxy,46.39374999999996,False,2014-12-02,30.7125,2015.0,51.0,0.4594736845,2.0,0.75,0,0.01,0.75,-0.2704658744587053,-0.735364344140658,-1.033071560984816,-1.1593991085349376,0.6685495838321084,-0.3597072772523318,0.51,1,229,109,91,Siphon,2015-08-17,8.859519686946328,,0,,,,,,unlisted_default_zero,1.0,7670.000707077094,642.6318132373535,91424.33143599772,2.478075512099207,reconstruction,volume_observation_or_prediction_event
VO_04a736c58a38f4178104,PE_2bc636c51bdfedd7a673,10658.56,Bubbler,7 V,28.0,False,2015-08-31,257,2015-08-31,2015,6,1,ST,OUT,False,AC,Siphon,"Analytical composite. Average of ST1 I 6 bottles 1, 2, 3, 4. Original NH4 values, 0.02,0.02,0,0",0.0,,110769.23,True,0.34,0.75,MG/L,EPA300.0 [300OPHOS]_W,0.34,0.75,CSU_assumed_from_ALS_pre2023,True,2015-04-30,2015-11-16,2015,grain corn,2014-12-02,grain corn,327.77875,63.21249999999998,2014-12-02,False,30.7125,2015,True,,2015-04-30,PlantDate proxy,46.39374999999996,False,2014-12-02,30.7125,2015.0,47.0,0.380175439,2.0,0.75,1,,0.75,-0.3885840286996418,-0.735364344140658,-1.033071560984816,-0.9961397649257404,1.1644739229751015,0.185919622522607,0.47,1,243,123,77,Siphon,2015-08-31,9.274212421070594,,0,,,,,,unlisted_default_zero,1.0,10899.866109269564,913.6321956787001,129918.85466250182,2.478075512099207,reconstruction,volume_observation_or_prediction_event
VO_e52624d9a567dc7aee83,PE_c173a335fbc6a1794117,10037.82,Bubbler,7 V,28.0,False,2015-09-01,263,2015-09-01,2015,6,2,ST,OUT,False,AC,Siphon,"Analytical composite. Average of ST2 I 6 bottles 1, 2, 3, 4",0.01,,110566.73,True,0.34,0.75,MG/L,EPA300.0 [300OPHOS]_W,0.34,0.75,CSU_assumed_from_ALS_pre2023,True,2015-04-30,2015-11-16,2015,grain corn,2014-12-02,grain corn,327.77875,63.21249999999998,2014-12-02,False,30.7125,2015,True,,2015-04-30,PlantDate proxy,46.39374999999996,False,2014-12-02,30.7125,2015.0,51.0,0.4594736845,2.0,0.75,0,0.01,0.75,-0.2704658744587053,-0.735364344140658,-1.033071560984816,-1.0241465979298288,1.1644739229751015,0.1800594626228478,0.51,1,244,124,76,Siphon,2015-09-01,9.214214856458064,,0,,,,,,unlisted_default_zero,1.0,7446.464669195927,623.8761240020998,88760.16060202561,2.478075512099207,reconstruction,volume_observation_or_prediction_event
VO_c4012bbedb3b0a1fe68d,PE_518a902e850a37a6e1f7,34697.1,Bubbler,7 V,28.0,False,2016-06-07,269,2016-06-07,2016,1,1,ST,OUT,False,AC,Siphon,"Analytical composite. Average ofST1 I1 Time 1, 2, 3, 4, 5, 6, 7, 8, 5-D. TP, TKN, TSP average of T 1, 2, 5,  7, 8, 5-D",0.0,,259697.49,True,0.34,0.75,MG/L,EPA300.0 [300OPHOS]_W,0.34,0.75,CSU_assumed_from_ALS_pre2023,True,2016-03-03,2016-07-25,2016,barley,2015-11-16,grain corn,426.205,91.92624999999998,2015-11-16,False,0.0,2016,True,,2016-03-03,PlantDate proxy,91.92624999999998,False,2015-11-16,0.0,2016.0,58.0,0.1990058479999999,2.0,0.75,1,,0.75,-0.3885840286996418,-0.328922545548106,-0.9130860281985728,0.0884421460870742,-1.3151477727398646,4.495763658043131,0.58,1,159,96,48,Siphon,2016-06-07,10.45444020939261,,0,,,,,,unlisted_default_zero,1.0,17147.322927236975,1437.8222086141295,204377.95485366724,2.478075512099207,reconstruction,volume_observation_or_prediction_event
VO_33f0869a7ba077f442e4,PE_ed07163240c41f058ff7,22526.43,Bubbler,7 V,28.0,False,2016-06-08,275,2016-06-08,2016,1,2,ST,OUT,False,TRUE,Siphon,"Analytical composite. Average of ST2 I1 Time 1, 2, 3, 4, 5, 6. TSS, TP, TKN, TSP average of ST I1 T1, 2, 4, 4-D",0.0,,249743.63,True,0.34,0.75,MG/L,EPA300.0 [300OPHOS]_W,0.34,0.75,CSU_assumed_from_ALS_pre2023,True,2016-03-03,2016-07-25,2016,barley,2015-11-16,grain corn,426.205,91.92624999999998,2015-11-16,False,0.0,2016,True,,2016-03-03,PlantDate proxy,91.92624999999998,False,2015-11-16,0.0,2016.0,52.0,0.1354385963333333,2.0,0.75,1,,0.75,-0.3885840286996418,-0.328922545548106,-0.9130860281985728,-0.460679744298379,-1.3151477727398646,4.207708293994655,0.52,1,160,97,47,Siphon,2016-06-08,10.022488956791081,,0,,,,,,unlisted_default_zero,1.0,11429.486741269517,958.0697730846771,136231.03525860948,2.478075512099207,reconstruction,volume_observation_or_prediction_event
VO_ca6afe26e50b421c32ec,PE_245bc6dafec7fe277df3,16370.88,Bubbler,7 V,28.0,False,2016-06-19,281,2016-06-19,2016,2,1,ST,OUT,False,AC,Siphon,"Analytical composite. Average of ST1 I2 Time 1, 2, 3, 4, 5, 6, 7, 8, 5-D. TP, TKN, TSP average of ST 1 I2 T 1, 2, 4, 6, 5-D. Original TKN values, 0.064,0.067,0.071, 0, 0.071",0.01,,108695.2,True,0.34,0.75,MG/L,EPA300.0 [300OPHOS]_W,0.34,0.75,CSU_assumed_from_ALS_pre2023,True,2016-03-03,2016-07-25,2016,barley,2015-11-16,grain corn,426.205,91.92624999999998,2015-11-16,False,0.0,2016,True,,2016-03-03,PlantDate proxy,91.92624999999998,False,2015-11-16,0.0,2016.0,58.0,0.1990058479999999,2.0,0.75,0,0.01,0.75,-0.2704658744587053,-0.328922545548106,-0.9130860281985728,-0.738408682176259,-0.8192234335968713,0.1258991413527428,0.58,1,171,108,36,Siphon,2016-06-19,9.703320507998333,,0,,,,,,unlisted_default_zero,1.0,11223.308839683266,940.7705103528928,133773.7439993464,2.478075512099207,reconstruction,volume_observation_or_prediction_event
VO_531a04dfe94624c8c0f1,PE_7b17489d08fa900cd025,4605.21,Bubbler,7 V,28.0,False,2016-06-20,287,2016-06-20,2016,2,2,ST,OUT,False,AC,Siphon,"Analytical composite. Average of ST2 I2 Time 1, 2, 2-D.  TP, TKN, TSP average of ST I1 T1, 2.",0.01,,124076.27,True,0.34,0.75,MG/L,EPA300.0 [300OPHOS]_W,0.34,0.75,CSU_assumed_from_ALS_pre2023,True,2016-03-03,2016-07-25,2016,barley,2015-11-16,grain corn,426.205,91.92624999999998,2015-11-16,False,0.0,2016,True,,2016-03-03,PlantDate proxy,91.92624999999998,False,2015-11-16,0.0,2016.0,52.0,0.1354385963333333,2.0,0.75,0,0.01,0.75,-0.2704658744587053,-0.328922545548106,-0.9130860281985728,-1.2692575961679635,-0.8192234335968713,0.5710128679176253,0.52,1,172,109,35,Siphon,2016-06-20,8.435160672046482,,0,,,,,,unlisted_default_zero,1.0,5917.414047205109,495.5818294316792,70536.46786152586,2.478075512099207,reconstruction,volume_observation_or_prediction_event
VO_44aabb9344001d1d5486,PE_6ca81f85570cae0e0d9c,23353.45,Bubbler,7 V,28.0,False,2017-06-26,294,2017-06-26,2017,1,1,ST,OUT,True,FALSE,Siphon,,0.0,,,True,0.34,0.75,MG/L,EPA300.0 [300OPHOS]_W,0.34,0.75,ALS_pre2023,False,2017-04-19,2017-10-13,2017,silage corn,2016-07-25,barley,497.94875,65.24375000000003,2016-07-25,False,0.0,2017,True,,2017-04-19,PlantDate proxy,48.01875000000001,False,2016-07-25,0.0,2017.0,65.5,,2.0,0.75,1,,0.75,-0.3885840286996418,-0.7066120946646702,-0.8256275293953261,-0.4233658753177413,-1.3151477727398646,,0.655,1,177,68,109,Siphon,2017-06-26,10.058542823097792,,0,,,,,,unlisted_default_zero,1.0,10820.843055870526,907.0018024498413,128977.03375490832,2.478075512099207,reconstruction,volume_observation_or_prediction_event
VO_1941f2852d52b07e73eb,PE_e8e143ce24098f6b3f6d,5090.83,Bubbler,7 V,42.0,False,2017-06-27,300,2017-06-27,2017,1,2,ST,OUT,True,FALSE,Siphon,,0.0,,,True,0.34,0.75,MG/L,EPA300.0 [300OPHOS]_W,0.34,0.75,ALS_pre2023,False,2017-04-19,2017-10-13,2017,silage corn,2016-07-25,barley,497.94875,65.24375000000003,2016-07-25,False,0.0,2017,True,,2017-04-19,PlantDate proxy,48.01875000000001,False,2016-07-25,0.0,2017.0,65.0,,2.0,0.75,1,,0.75,-0.3885840286996418,-0.7066120946646702,-0.8256275293953261,-1.2473471695103526,-1.3151477727398646,,0.65,1,178,69,108,Siphon,2017-06-27,8.53539257341692,,0,,,,,,unlisted_default_zero,1.0,6443.104807259607,539.6896727256895,76801.81104243349,2.478075512099207,reconstruction,volume_observation_or_prediction_event
VO_abb71eb0defeab860bf9,PE_9be29822841d41a56b41,19019.63,Bubbler,7 V,28.0,False,2017-07-09,308,2017-07-09,2017,2,1,ST,OUT,True,FALSE,Siphon,"H flag, Ortho P. ISCO data says flow starts on 7/10, lab reports 7/14, we suspect this to be out of hold time",0.0,H,,True,0.34,0.75,MG/L,EPA300.0 [300OPHOS]_W,0.34,0.75,ALS_pre2023,False,2017-04-19,2017-10-13,2017,silage corn,2016-07-25,barley,497.94875,65.24375000000003,2016-07-25,False,0.0,2017,True,,2017-04-19,PlantDate proxy,48.01875000000001,False,2016-07-25,0.0,2017.0,65.5,,2.0,0.75,1,,0.75,-0.3885840286996418,-0.7066120946646702,-0.8256275293953261,-0.6189011606381292,-0.8192234335968713,,0.655,1,190,81,96,Siphon,2017-07-09,9.853279458579218,,0,,,,,,unlisted_default_zero,1.0,18665.992432696537,1565.245480339998,222477.922273862,2.478075512099207,reconstruction,volume_observation_or_prediction_event
VO_6032d4008c90c5151853,PE_4998c6ec98ba5c91a95d,2252.08,Bubbler,7 V,42.0,False,2017-07-10,314,2017-07-10,2017,2,2,ST,OUT,True,FALSE,Siphon,"H flag, Ortho P. ISCO data says flow starts on 7/10, lab reports 7/14, we suspect this to be out of hold time",0.0,H,,True,0.34,0.75,MG/L,EPA300.0 [300OPHOS]_W,0.34,0.75,ALS_pre2023,False,2017-04-19,2017-10-13,2017,silage corn,2016-07-25,barley,497.94875,65.24375000000003,2016-07-25,False,0.0,2017,True,,2017-04-19,PlantDate proxy,48.01875000000001,False,2016-07-25,0.0,2017.0,65.0,,2.0,0.75,1,,0.75,-0.3885840286996418,-0.7066120946646702,-0.8256275293953261,-1.3754271984924635,-0.8192234335968713,,0.65,1,191,82,95,Siphon,2017-07-10,7.720053448013116,,0,,,,,,unlisted_default_zero,1.0,12672.635475709085,1062.3756002674172,151047.26190365737,2.478075512099207,reconstruction,volume_observation_or_prediction_event
VO_84e6433ce16960afeceb,PE_20cdd4f089d2cb0bb73d,32142.22,Bubbler,7 V,28.0,False,2017-07-20,322,2017-07-20,2017,3,1,ST,OUT,True,FALSE,Siphon,"H flag, Ortho P. ISCO data says flow starts on 7/21, lab reports 7/27, we suspect this to be out of hold time",0.0,H,,True,0.34,0.75,MG/L,EPA300.0 [300OPHOS]_W,0.34,0.75,ALS_pre2023,False,2017-04-19,2017-10-13,2017,silage corn,2016-07-25,barley,497.94875,65.24375000000003,2016-07-25,False,0.0,2017,True,,2017-04-19,PlantDate proxy,48.01875000000001,False,2016-07-25,0.0,2017.0,65.5,,2.0,0.75,1,,0.75,-0.3885840286996418,-0.7066120946646702,-0.8256275293953261,-0.0268301055891264,-0.3232990944538781,,0.655,1,201,92,85,Siphon,2017-07-20,10.377956820956413,,0,,,,,,unlisted_default_zero,1.0,17883.59551308412,1499.5988238904854,213153.07660880085,2.478075512099207,reconstruction,volume_observation_or_prediction_event
VO_07e8a091c61e0b8a7f24,PE_4d317db65fbb1df71b52,11495.05,Bubbler,7 V,42.0,False,2017-07-21,328,2017-07-21,2017,3,2,ST,OUT,True,FALSE,Siphon,"H flag, Ortho P. ISCO data says flow starts on 7/21, lab reports 7/27, we suspect this to be out of hold time",0.0,H,,True,0.34,0.75,MG/L,EPA300.0 [300OPHOS]_W,0.34,0.75,ALS_pre2023,False,2017-04-19,2017-10-13,2017,silage corn,2016-07-25,barley,497.94875,65.24375000000003,2016-07-25,False,0.0,2017,True,,2017-04-19,PlantDate proxy,48.01875000000001,False,2016-07-25,0.0,2017.0,65.0,,2.0,0.75,1,,0.75,-0.3885840286996418,-0.7066120946646702,-0.8256275293953261,-0.9583986241267108,-0.3232990944538781,,0.65,1,202,93,84,Siphon,2017-07-21,9.349758777088303,,0,,,,,,unlisted_default_zero,1.0,11285.829252139247,946.0162570253268,134518.88138735757,2.478075512099207,reconstruction,volume_observation_or_prediction_event
VO_ea06949fd9b2ccc49f24,PE_531c541dd4a3fff82f15,31370.08,Bubbler,7 V,28.0,False,2017-08-02,336,2017-08-02,2017,4,1,ST,OUT,True,FALSE,Siphon,,0.0,,,True,0.34,0.75,MG/L,EPA300.0 [300OPHOS]_W,0.34,0.75,ALS_pre2023,False,2017-04-19,2017-10-13,2017,silage corn,2016-07-25,barley,497.94875,65.24375000000003,2016-07-25,False,0.0,2017,True,,2017-04-19,PlantDate proxy,48.01875000000001,False,2016-07-25,0.0,2017.0,65.5,,2.0,0.75,1,,0.75,-0.3885840286996418,-0.7066120946646702,-0.8256275293953261,-0.0616678734722605,0.1726252446891151,,0.655,1,214,105,72,Siphon,2017-08-02,10.35364172838936,,0,,,,,,unlisted_default_zero,1.0,13783.712956671554,1155.6000492052601,164289.42297585635,2.478075512099207,reconstruction,volume_observation_or_prediction_event
VO_89da85a2ffe1bb998875,PE_dd2eb9cbf33aadc76796,3538.98,Bubbler,7 V,42.0,False,2017-08-03,342,2017-08-03,2017,4,2,ST,OUT,True,FALSE,Siphon,,0.0,,,True,0.34,0.75,MG/L,EPA300.0 [300OPHOS]_W,0.34,0.75,ALS_pre2023,False,2017-04-19,2017-10-13,2017,silage corn,2016-07-25,barley,497.94875,65.24375000000003,2016-07-25,False,0.0,2017,True,,2017-04-19,PlantDate proxy,48.01875000000001,False,2016-07-25,0.0,2017.0,65.0,,2.0,0.75,1,,0.75,-0.3885840286996418,-0.7066120946646702,-0.8256275293953261,-1.3173642520205733,0.1726252446891151,,0.65,1,215,106,71,Siphon,2017-08-03,8.171876356394346,,0,,,,,,unlisted_default_zero,1.0,6563.767158509,549.8137922362614,78239.90183085501,2.478075512099207,reconstruction,volume_observation_or_prediction_event
VO_c5340f08f9a758e8fbf4,PE_8b4c5aba46522be8a6ae,8099.9,Bubbler,7 V,28.0,False,2017-08-21,350,2017-08-21,2017,5,1,ST,OUT,True,FALSE,Siphon,,0.0,,,True,0.34,0.75,MG/L,EPA300.0 [300OPHOS]_W,0.34,0.75,ALS_pre2023,False,2017-04-19,2017-10-13,2017,silage corn,2016-07-25,barley,497.94875,65.24375000000003,2016-07-25,False,0.0,2017,True,,2017-04-19,PlantDate proxy,48.01875000000001,False,2016-07-25,0.0,2017.0,65.5,,2.0,0.75,1,,0.75,-0.3885840286996418,-0.7066120946646702,-0.8256275293953261,-1.1115825643816164,0.6685495838321084,,0.655,1,233,124,53,Siphon,2017-08-21,8.999730445599258,,0,,,,,,unlisted_default_zero,1.0,7747.317156912279,649.1190146730911,92345.81252061244,2.478075512099207,reconstruction,volume_observation_or_prediction_event
VO_8e94e7712dba58ec6fe1,PE_b0a6ff66d1c871b7754c,5476.9,Bubbler,7 V,14.0,False,2017-08-22,356,2017-08-22,2017,5,2,ST,OUT,,,Siphon,"There was no raw ISCO data for outflow volume, but 5476.90 was found in ""2017 Master Inflow_Outflow ISCO"" file, can not verify where this number came from, filled with NA. No concentration data can be found, assuming there was not enough sample water",0.0,,,True,0.34,0.75,MG/L,EPA300.0 [300OPHOS]_W,0.34,0.75,ALS_pre2023,False,2017-04-19,2017-10-13,2017,silage corn,2016-07-25,barley,497.94875,65.24375000000003,2016-07-25,False,0.0,2017,True,,2017-04-19,PlantDate proxy,48.01875000000001,False,2016-07-25,0.0,2017.0,65.0,,2.0,0.75,1,,0.75,-0.3885840286996418,-0.7066120946646702,-0.8256275293953261,,0.6685495838321084,,0.65,1,234,125,52,Siphon,2017-08-22,8.60847709481887,,0,,,,,,unlisted_default_zero,1.0,4894.917697859295,409.789739913181,58350.0437950029,2.478075512099207,reconstruction,volume_observation_or_prediction_event
VO_47b38d9b62215557707b,PE_568f0b5ec6deda07b9f9,7850.09,Bubbler,7 V,28.0,False,2017-09-06,363,2017-09-06,2017,6,1,ST,OUT,True,FALSE,Siphon,,0.11,,,True,0.34,0.75,MG/L,EPA300.0 [300OPHOS]_W,0.34,0.75,ALS_pre2023,False,2017-04-19,2017-10-13,2017,silage corn,2016-07-25,barley,497.94875,65.24375000000003,2016-07-25,False,0.0,2017,True,,2017-04-19,PlantDate proxy,48.01875000000001,False,2016-07-25,0.0,2017.0,65.5,,2.0,0.75,0,0.11,0.75,0.9107156679506602,-0.7066120946646702,-0.8256275293953261,-1.122853606932042,1.1644739229751015,,0.655,1,249,140,37,Siphon,2017-09-06,8.968407654640384,,0,,,,,,unlisted_default_zero,1.0,7281.205798267559,610.0101538619781,86790.55485900606,2.478075512099207,reconstruction,volume_observation_or_prediction_event
VO_31e0b84d113c5b4ac13e,PE_fae3faa31fd03c716eb2,5007.56,Bubbler,7 V,42.0,False,2017-09-07,369,2017-09-07,2017,6,2,ST,OUT,True,FALSE,Siphon,,0.11,,,True,0.34,0.75,MG/L,EPA300.0 [300OPHOS]_W,0.34,0.75,ALS_pre2023,False,2017-04-19,2017-10-13,2017,silage corn,2016-07-25,barley,497.94875,65.24375000000003,2016-07-25,False,0.0,2017,True,,2017-04-19,PlantDate proxy,48.01875000000001,False,2016-07-25,0.0,2017.0,65.0,,2.0,0.75,0,0.11,0.75,0.9107156679506602,-0.7066120946646702,-0.8256275293953261,-1.2511041836938277,1.1644739229751015,,0.65,1,250,141,36,Siphon,2017-09-07,8.518903727614685,,0,,,,,,unlisted_default_zero,1.0,4828.53491610847,404.219922907871,57558.873509017365,2.478075512099207,reconstruction,volume_observation_or_prediction_event
VO_75cd63c890ce5c60e6e6,PE_5ff3d0ad9d787e19a7ca,55745.95,Bubbler,7 V,28.0,False,2020-07-06,418,2020-07-06,2020,2,1,ST,OUT,False,TRUE,Siphon,"AJ and Lauryn found ISCO data starting 7/6/2020, confirming that ISCOs were installed for irr. 2 and beyond (rep 1)",0.0,,88356.46,True,0.34,0.75,MG/L,EPA300.0 [300OPHOS]_W,0.34,0.75,ALS_pre2023,False,2020-04-28,2020-10-09,2020,grain corn,2019-08-02,winter wheat,671.53125,43.54999999999996,2019-08-02,False,0.0,2020,True,,2020-04-28,PlantDate proxy,26.73124999999993,False,2019-08-02,0.0,2020.0,56.66666666666666,0.0766666666666666,3.0,0.75,1,,0.75,-0.3885840286996418,-1.013686119068212,-0.6140235239103252,1.038133847730439,-0.8192234335968713,-0.4626849009170229,0.5666666666666665,1,188,69,95,Siphon,2020-07-06,10.92857797930562,,0,,,,,,unlisted_default_zero,1.0,32042.271131333564,2687.5760395366747,381900.5009049551,2.478075512099207,reconstruction,volume_observation_or_prediction_event
VO_50d32160d94f6b898eda,PE_875be1f39b86704274b0,33839.86,Bubbler,7 V,14.0,False,2020-07-13,427,2020-07-13,2020,3,1,ST,OUT,False,TRUE,Siphon,,0.0,,,True,0.34,0.75,MG/L,EPA300.0 [300OPHOS]_W,0.34,0.75,ALS_pre2023,False,2020-04-28,2020-10-09,2020,grain corn,2019-08-02,winter wheat,671.53125,43.54999999999996,2019-08-02,False,0.0,2020,True,,2020-04-28,PlantDate proxy,26.73124999999993,False,2019-08-02,0.0,2020.0,56.66666666666666,0.0766666666666666,3.0,0.75,1,,0.75,-0.3885840286996418,-1.013686119068212,-0.6140235239103252,0.0497647972382413,-0.3232990944538781,,0.5666666666666665,1,195,76,88,Siphon,2020-07-13,10.42942422710882,,0,,,,,,unlisted_default_zero,1.0,24831.415220518345,2082.5524654168757,295959.3158161184,2.478075512099207,reconstruction,volume_observation_or_prediction_event
VO_28c64526ac4af5710659,PE_ee23dd5347fd2acef254,33839.86,Bubbler,7 V,14.0,False,2020-07-13,428,2020-07-13,2020,3,2,ST,OUT,False,TRUE,Siphon,ORIGINAL SAMPLE ID: ST2-03-OT-D,0.0,,,True,0.34,0.75,MG/L,EPA300.0 [300OPHOS]_W,0.34,0.75,ALS_pre2023,False,2020-04-28,2020-10-09,2020,grain corn,2019-08-02,winter wheat,671.53125,43.54999999999996,2019-08-02,False,0.0,2020,True,,2020-04-28,PlantDate proxy,26.73124999999993,False,2019-08-02,0.0,2020.0,50.0,0.065777778,3.0,0.75,1,,0.75,-0.3885840286996418,-1.013686119068212,-0.6140235239103252,0.0497647972382413,-0.3232990944538781,,0.5,1,195,76,88,Siphon,2020-07-13,10.42942422710882,,0,,,,,,unlisted_default_zero,1.0,24216.639189024212,2030.969963081766,288632.2271370103,2.478075512099207,reconstruction,volume_observation_or_prediction_event
VO_bba7a93190e711535dbb,PE_fc822425df54345742cb,14286.14,Bubbler,7 V,28.0,False,2020-07-22,436,2020-07-22,2020,4,1,ST,OUT,False,TRUE,Siphon,,0.0,,111586.72,True,0.34,0.75,MG/L,EPA300.0 [300OPHOS]_W,0.34,0.75,ALS_pre2023,False,2020-04-28,2020-10-09,2020,grain corn,2019-08-02,winter wheat,671.53125,43.54999999999996,2019-08-02,False,0.0,2020,True,,2020-04-28,PlantDate proxy,26.73124999999993,False,2019-08-02,0.0,2020.0,56.66666666666666,0.0766666666666666,3.0,0.75,1,,0.75,-0.3885840286996418,-1.013686119068212,-0.6140235239103252,-0.8324689409592324,0.1726252446891151,0.2095770156902818,0.5666666666666665,1,204,85,79,Siphon,2020-07-22,9.567115110935227,,0,,,,,,unlisted_default_zero,1.0,19995.608294430644,1676.8062923742798,238324.69057482848,2.478075512099207,reconstruction,volume_observation_or_prediction_event
VO_3c1c2025ee2bb10e7ab0,PE_0b902961f965469f339e,19448.92,Bubbler,7 V,28.0,False,2020-08-02,445,2020-08-02,2020,5,1,ST,OUT,False,TRUE,Siphon,,0.0,,,True,0.34,0.75,MG/L,EPA300.0 [300OPHOS]_W,0.34,0.75,ALS_pre2023,False,2020-04-28,2020-10-09,2020,grain corn,2019-08-02,winter wheat,671.53125,43.54999999999996,2019-08-02,False,0.0,2020,True,,2020-04-28,PlantDate proxy,26.73124999999993,False,2019-08-02,0.0,2020.0,56.66666666666666,0.0766666666666666,3.0,0.75,1,,0.75,-0.3885840286996418,-1.013686119068212,-0.6140235239103252,-0.5995322568453577,0.6685495838321084,,0.5666666666666665,1,215,96,68,Siphon,2020-08-02,9.875598235927594,,0,,,,,,unlisted_default_zero,1.0,16978.73550688836,1423.6769580540717,202368.67844112669,2.478075512099207,reconstruction,volume_observation_or_prediction_event
VO_baf9f63c0deb41dfe82b,PE_49fb6cd53fdd5e458f64,2052.15,Bubbler,7 V,28.0,False,2020-08-18,454,2020-08-18,2020,6,1,ST,OUT,False,TRUE,Siphon,,0.0,,129646.3,True,0.34,0.75,MG/L,EPA300.0 [300OPHOS]_W,0.34,0.75,ALS_pre2023,False,2020-04-28,2020-10-09,2020,grain corn,2019-08-02,winter wheat,671.53125,43.54999999999996,2019-08-02,False,0.0,2020,True,,2020-04-28,PlantDate proxy,26.73124999999993,False,2019-08-02,0.0,2020.0,56.66666666666666,0.0766666666666666,3.0,0.75,1,,0.75,-0.3885840286996418,-1.013686119068212,-0.6140235239103252,-1.384447732246543,1.1644739229751015,0.7322043071593809,0.5666666666666665,1,231,112,52,Siphon,2020-08-18,7.627130478158963,,0,,,,,,unlisted_default_zero,1.0,5162.618967285464,432.25109274394606,61540.58935974847,2.478075512099207,reconstruction,volume_observation_or_prediction_event
VO_ff6f66b122d47fb494fe,PE_e92a1d87a3645647bd4e,3945.96,Bubbler,7 V,28.0,False,2020-08-26,463,2020-08-26,2020,7,1,ST,OUT,False,TRUE,Siphon,,0.0,,,True,0.34,0.75,MG/L,EPA300.0 [300OPHOS]_W,0.34,0.75,ALS_pre2023,False,2020-04-28,2020-10-09,2020,grain corn,2019-08-02,winter wheat,671.53125,43.54999999999996,2019-08-02,False,0.0,2020,True,,2020-04-28,PlantDate proxy,26.73124999999993,False,2019-08-02,0.0,2020.0,56.66666666666666,0.0766666666666666,3.0,0.75,1,,0.75,-0.3885840286996418,-1.013686119068212,-0.6140235239103252,-1.299001941075566,1.6603982621180948,,0.5666666666666665,1,239,120,44,Siphon,2020-08-26,8.280700941332295,,0,,,,,,unlisted_default_zero,1.0,4958.96446062775,415.16355431194813,59113.37269264019,2.478075512099207,reconstruction,volume_observation_or_prediction_event
VO_fb0b3d32d82b0fb700cb,PE_3d9e743a00f5613f6722,41723.91,Ruler,7 V,28.0,False,2021-06-23,472,2021-06-23,2021,1,1,ST,OUT,False,TRUE,Siphon,LC samplers were not installed until 8/11/21,0.12,,75193.68,True,0.34,0.75,MG/L,EPA300.0 [300OPHOS]_W,0.34,0.75,ALS_pre2023,False,2021-04-27,2021-10-22,2021,grain corn,2020-10-09,grain corn,805.62625,127.59500000000004,2020-10-09,False,0.0,2021,True,,2021-04-27,PlantDate proxy,91.84500000000004,False,2020-10-09,0.0,2021.0,69.33333333333333,0.0672222223333333,3.0,0.75,0,0.12,0.75,1.0288338221915967,0.175966955250226,-0.4505563592162391,0.4054809936262327,-1.3151477727398646,-0.8436033973385142,0.6933333333333332,1,174,57,121,Siphon,2021-06-23,10.638853591547482,both,1,2021-06-18,Clean Furrows,after_residue_before_first_runoff,logged_operational_anchor,user-confirmed ST-only follow-on tractor pass,furrow_tire_compaction_records.csv,1.0,16325.892580624884,1368.9004702872955,194587.89687318608,2.478075512099207,reconstruction,volume_observation_or_prediction_event
VO_9f7c04510ddca3da8d35,PE_6ee044c77bdf30366b5d,13690.21,Ruler,7 V,28.0,False,2021-06-24,478,2021-06-24,2021,1,2,ST,OUT,False,TRUE,Siphon,LC samplers were not installed until 8/11/21,0.041,,83456.54,True,0.34,0.75,MG/L,EPA300.0 [300OPHOS]_W,0.34,0.75,ALS_pre2023,False,2021-04-27,2021-10-22,2021,grain corn,2020-10-09,grain corn,805.62625,127.59500000000004,2020-10-09,False,0.0,2021,True,,2021-04-27,PlantDate proxy,91.84500000000004,False,2020-10-09,0.0,2021.0,69.33333333333333,0.0507777776666666,3.0,0.75,0,0.041,0.75,0.095700403688198,0.175966955250226,-0.4505563592162391,-0.8593563849649776,-1.3151477727398646,-0.6044839858356796,0.6933333333333332,1,175,58,120,Siphon,2021-06-24,9.524509300059691,both,1,2021-06-18,Clean Furrows,after_residue_before_first_runoff,logged_operational_anchor,user-confirmed ST-only follow-on tractor pass,furrow_tire_compaction_records.csv,1.0,10942.767047156614,917.231779291872,130430.16115496769,2.478075512099207,reconstruction,volume_observation_or_prediction_event
VO_8cad884f7ad931461e82,PE_47319afabf95ce33e7fd,23417.24,Ruler,7 V,28.0,False,2021-07-08,484,2021-07-08,2021,2,1,ST,OUT,False,TRUE,Siphon,LC samplers were not installed until 8/11/21,0.0,,93540.89,True,0.34,0.75,MG/L,EPA300.0 [300OPHOS]_W,0.34,0.75,ALS_pre2023,False,2021-04-27,2021-10-22,2021,grain corn,2020-10-09,grain corn,805.62625,127.59500000000004,2020-10-09,False,0.0,2021,True,,2021-04-27,PlantDate proxy,91.84500000000004,False,2020-10-09,0.0,2021.0,69.33333333333333,0.0672222223333333,3.0,0.75,1,,0.75,-0.3885840286996418,0.175966955250226,-0.4505563592162391,-0.4204877687395752,-0.8192234335968713,-0.3126523636868583,0.6933333333333332,1,189,72,106,Siphon,2021-07-08,10.061270484882929,both,1,2021-06-18,Clean Furrows,after_residue_before_first_runoff,logged_operational_anchor,user-confirmed ST-only follow-on tractor pass,furrow_tire_compaction_records.csv,1.0,9894.624046294153,829.2878191831526,117938.07245554101,2.478075512099207,reconstruction,volume_observation_or_prediction_event
VO_48d3736da7da569c8dea,PE_1a4143d14585d70064a4,2013.47,Ruler,7 V,28.0,False,2021-07-09,490,2021-07-09,2021,2,2,ST,OUT,False,TRUE,Siphon,LC samplers were not installed until 8/11/21,0.0,,104233.28,True,0.34,0.75,MG/L,EPA300.0 [300OPHOS]_W,0.34,0.75,ALS_pre2023,False,2021-04-27,2021-10-22,2021,grain corn,2020-10-09,grain corn,805.62625,127.59500000000004,2020-10-09,False,0.0,2021,True,,2021-04-27,PlantDate proxy,91.84500000000004,False,2020-10-09,0.0,2021.0,69.33333333333333,0.0507777776666666,3.0,0.75,1,,0.75,-0.3885840286996418,0.175966955250226,-0.4505563592162391,-1.3861929142882965,-0.8192234335968713,-0.0032246347456935,0.6933333333333332,1,190,73,105,Siphon,2021-07-09,7.6081114124877525,both,1,2021-06-18,Clean Furrows,after_residue_before_first_runoff,logged_operational_anchor,user-confirmed ST-only follow-on tractor pass,furrow_tire_compaction_records.csv,1.0,7012.453704073526,587.460632058668,83587.4852434423,2.478075512099207,reconstruction,volume_observation_or_prediction_event
VO_ea4630384c9b0b0f0a2c,PE_835c9b48606f6cdfa777,7673.99,Ruler,7 V,28.0,False,2021-07-29,496,2021-07-29,2021,3,1,ST,OUT,False,TRUE,Siphon,LC samplers were not installed until 8/11/21,0.0,,61418.81,True,0.34,0.75,MG/L,EPA300.0 [300OPHOS]_W,0.34,0.75,ALS_pre2023,False,2021-04-27,2021-10-22,2021,grain corn,2020-10-09,grain corn,805.62625,127.59500000000004,2020-10-09,False,0.0,2021,True,,2021-04-27,PlantDate proxy,91.84500000000004,False,2020-10-09,0.0,2021.0,69.33333333333333,0.0672222223333333,3.0,0.75,1,,0.75,-0.3885840286996418,0.175966955250226,-0.4505563592162391,-1.1307989677788055,-0.3232990944538781,-1.2422352037503437,0.6933333333333332,1,210,93,85,Siphon,2021-07-29,8.945722269522953,both,1,2021-06-18,Clean Furrows,after_residue_before_first_runoff,logged_operational_anchor,user-confirmed ST-only follow-on tractor pass,furrow_tire_compaction_records.csv,1.0,8228.620555682319,689.5025566771824,98082.13356060747,2.478075512099207,reconstruction,volume_observation_or_prediction_event
VO_b910bc8c3e32de65f394,PE_e416400520de7f5adc17,3184.62,Etape,7 V,14.0,False,2021-08-12,508,2021-08-12,2021,4,1,ST,OUT,False,TRUE,Siphon,"LC did not sample, took a GB sample, but eTape did log data",0.0,,77833.11,True,0.34,0.75,MG/L,EPA300.0 [300OPHOS]_W,0.34,0.75,ALS_pre2023,False,2021-04-27,2021-10-22,2021,grain corn,2020-10-09,grain corn,805.62625,127.59500000000004,2020-10-09,False,0.0,2021,True,,2021-04-27,PlantDate proxy,91.84500000000004,False,2020-10-09,0.0,2021.0,69.33333333333333,0.0672222223333333,3.0,0.75,1,,0.75,-0.3885840286996418,0.175966955250226,-0.4505563592162391,,0.1726252446891151,-0.7672207709472976,0.6933333333333332,1,224,107,71,Siphon,2021-08-12,8.066402211542359,both,1,2021-06-18,Clean Furrows,after_residue_before_first_runoff,logged_operational_anchor,user-confirmed ST-only follow-on tractor pass,furrow_tire_compaction_records.csv,1.0,4715.037455480587,394.6969702747987,56206.17607731524,2.478075512099207,reconstruction,volume_observation_or_prediction_event
VO_f2ea8a8e2de984ccbf7d,PE_78a548d4e3eef2a21ea3,905.79,Etape,7 V,28.0,False,2021-08-25,523,2021-08-25,2021,5,1,ST,OUT,False,TRUE,Siphon,,0.0,,93309.74,True,0.34,0.75,MG/L,EPA300.0 [300OPHOS]_W,0.34,0.75,ALS_pre2023,False,2021-04-27,2021-10-22,2021,grain corn,2020-10-09,grain corn,805.62625,127.59500000000004,2020-10-09,False,0.0,2021,True,,2021-04-27,PlantDate proxy,91.84500000000004,False,2020-10-09,0.0,2021.0,69.33333333333333,0.0672222223333333,3.0,0.75,1,,0.75,-0.3885840286996418,0.175966955250226,-0.4505563592162391,-1.436169730317501,0.6685495838321084,-0.3193416276909536,0.6933333333333332,1,237,120,58,Siphon,2021-08-25,6.809910890782536,both,1,2021-06-18,Clean Furrows,after_residue_before_first_runoff,logged_operational_anchor,user-confirmed ST-only follow-on tractor pass,furrow_tire_compaction_records.csv,1.0,3776.789736277165,315.9737236168265,45023.85293946136,2.478075512099207,reconstruction,volume_observation_or_prediction_event
VO_eeeb18f4d9267ce24f6e,PE_8a47f8b2785e361a0f5c,35209.39,Ruler,60 V Trap,56.0,False,2023-07-17,710,2023-07-17,2023,1,1,ST,OUT,False,TRUE,Gated Pipe,,0.0,,,True,0.01,0.05,mg/L,SM4500P E (P-Ortho),0.01,0.05,ALS_2023plus,False,2023-05-02,2023-09-08,2023,silage corn,2022-10-24,grain corn,1000.935,52.747499999999945,2022-10-24,False,0.0,2023,True,2023-05-01,2023-05-01,user-confirmed measurement date,26.17875000000004,False,2022-10-24,0.0,2023.0,36.333333333333336,0.137,3.0,0.05,1,,0.05,-0.3885840286996418,-0.8834959334409432,-0.2124671865964839,0.1115558820790586,-1.3151477727398646,,0.3633333333333333,1,198,76,53,Gated Pipe,2023-07-17,10.469096488486505,both,1,2023-06-28,Pipe Ditch,after_residue_before_first_runoff,logged_operational_anchor,user-confirmed MT and ST follow-on tractor pass,furrow_tire_compaction_records.csv,1.0,33006.315962521,2768.463781101712,393390.2819095576,2.478075512099207,reconstruction,volume_observation_or_prediction_event
VO_407e9b0f6d3d0d85e958,PE_8f51b688686d8bdc2f79,16560.5,Ruler,60 V Trap,56.0,False,2023-07-17,722,2023-07-17,2023,1,2,ST,OUT,False,TRUE,Gated Pipe,,0.0,,,True,0.01,0.05,mg/L,SM4500P E (P-Ortho),0.01,0.05,ALS_2023plus,False,2023-05-02,2023-09-08,2023,silage corn,2022-10-24,grain corn,1000.935,52.747499999999945,2022-10-24,False,0.0,2023,True,2023-05-01,2023-05-01,user-confirmed measurement date,26.17875000000004,False,2022-10-24,0.0,2023.0,28.666666666666668,0.1058333333333333,3.0,0.05,1,,0.05,-0.3885840286996418,-0.8834959334409432,-0.2124671865964839,-0.7298533197471659,-1.3151477727398646,,0.2866666666666667,1,198,76,53,Gated Pipe,2023-07-17,9.714836003547301,both,1,2023-06-28,Pipe Ditch,after_residue_before_first_runoff,logged_operational_anchor,user-confirmed MT and ST follow-on tractor pass,furrow_tire_compaction_records.csv,1.0,22204.670316161548,1862.15663307868,264652.96705550875,2.478075512099207,reconstruction,volume_observation_or_prediction_event
VO_1bc1b260cf337654325e,PE_d0ce0a7aa7e876660808,47586.82,Ruler,60 V Trap,56.0,False,2023-08-16,748,2023-08-16,2023,2,1,ST,OUT,False,TRUE,Gated Pipe,"Method E300 and Method SM4500P E ""Sample holding time expired prior to sample receipt. It was analyzed at the request of the client. Results should be considered estimated.""",0.0,H,,True,0.01,0.05,mg/L,SM4500P E (P-Ortho),0.01,0.05,ALS_2023plus,False,2023-05-02,2023-09-08,2023,silage corn,2022-10-24,grain corn,1000.935,52.747499999999945,2022-10-24,False,0.0,2023,True,2023-05-01,2023-05-01,user-confirmed measurement date,26.17875000000004,False,2022-10-24,0.0,2023.0,36.333333333333336,0.137,3.0,0.05,1,,0.05,-0.3885840286996418,-0.8834959334409432,-0.2124671865964839,0.6700064653019726,-0.8192234335968713,,0.3633333333333333,1,228,106,23,Gated Pipe,2023-08-16,10.770332125123096,both,1,2023-06-28,Pipe Ditch,after_residue_before_first_runoff,logged_operational_anchor,user-confirmed MT and ST follow-on tractor pass,furrow_tire_compaction_records.csv,1.0,49377.17763621919,4142.053458075566,588503.2158752532,2.478075512099207,reconstruction,volume_observation_or_prediction_event
VO_cf9dffb70a1d7ee627dd,PE_e29fdc102c9f799e8e4f,42812.59,Ruler,60 V Trap,56.0,False,2023-08-16,760,2023-08-16,2023,2,2,ST,OUT,False,TRUE,Gated Pipe,"Method E300 and Method SM4500P E ""Sample holding time expired prior to sample receipt. It was analyzed at the request of the client. Results should be considered estimated.""",0.0,H,,True,0.01,0.05,mg/L,SM4500P E (P-Ortho),0.01,0.05,ALS_2023plus,False,2023-05-02,2023-09-08,2023,silage corn,2022-10-24,grain corn,1000.935,52.747499999999945,2022-10-24,False,0.0,2023,True,2023-05-01,2023-05-01,user-confirmed measurement date,26.17875000000004,False,2022-10-24,0.0,2023.0,28.666666666666668,0.1058333333333333,3.0,0.05,1,,0.05,-0.3885840286996418,-0.8834959334409432,-0.2124671865964839,0.4546005589110389,-0.8192234335968713,,0.2866666666666667,1,228,106,23,Gated Pipe,2023-08-16,10.6646108545345,both,1,2023-06-28,Pipe Ditch,after_residue_before_first_runoff,logged_operational_anchor,user-confirmed MT and ST follow-on tractor pass,furrow_tire_compaction_records.csv,1.0,35823.77173691763,3004.8611219490313,426969.5811192212,2.478075512099207,reconstruction,volume_observation_or_prediction_event
VO_0240559f79ddcf9b50b6,PE_bca2b67b03840bac2206,37322.24,Ruler,60 V Trap,56.0,False,2023-08-23,773,2023-08-23,2023,3,1,ST,OUT,False,TRUE,Gated Pipe,,0.0,,,True,0.01,0.05,mg/L,SM4500P E (P-Ortho),0.01,0.05,ALS_2023plus,False,2023-05-02,2023-09-08,2023,silage corn,2022-10-24,grain corn,1000.935,52.747499999999945,2022-10-24,False,0.0,2023,True,2023-05-01,2023-05-01,user-confirmed measurement date,26.17875000000004,False,2022-10-24,0.0,2023.0,36.333333333333336,0.137,3.0,0.05,1,,0.05,-0.3885840286996418,-0.8834959334409432,-0.2124671865964839,0.2068844207791387,-0.3232990944538781,,0.3633333333333333,1,235,113,16,Gated Pipe,2023-08-23,10.527371467913184,both,1,2023-06-28,Pipe Ditch,after_residue_before_first_runoff,logged_operational_anchor,user-confirmed MT and ST follow-on tractor pass,furrow_tire_compaction_records.csv,1.0,37647.837875231984,3157.908558769757,448709.35896889813,2.478075512099207,reconstruction,volume_observation_or_prediction_event
VO_c6709b00ab5d3602f430,PE_ada3010827131318b4a5,19623.56,Ruler,60 V Trap,56.0,False,2023-08-23,786,2023-08-23,2023,3,2,ST,OUT,False,TRUE,Gated Pipe,,0.0,,,True,0.01,0.05,mg/L,SM4500P E (P-Ortho),0.01,0.05,ALS_2023plus,False,2023-05-02,2023-09-08,2023,silage corn,2022-10-24,grain corn,1000.935,52.747499999999945,2022-10-24,False,0.0,2023,True,2023-05-01,2023-05-01,user-confirmed measurement date,26.17875000000004,False,2022-10-24,0.0,2023.0,28.666666666666668,0.1058333333333333,3.0,0.05,1,,0.05,-0.3885840286996418,-0.8834959334409432,-0.2124671865964839,-0.5916527689505321,-0.3232990944538781,,0.2866666666666667,1,235,113,16,Gated Pipe,2023-08-23,9.884537122017104,both,1,2023-06-28,Pipe Ditch,after_residue_before_first_runoff,logged_operational_anchor,user-confirmed MT and ST follow-on tractor pass,furrow_tire_compaction_records.csv,1.0,26673.0311592761,2237.0724102339727,317908.2575524174,2.478075512099207,reconstruction,volume_observation_or_prediction_event
VO_e43e75bdf2a40d6f1ba3,PE_68d44a8c5ee2992c2c36,45738.02,Ruler,60 V Trap,56.0,False,2023-09-20,799,2023-09-20,2023,4,1,ST,OUT,False,TRUE,Gated Pipe,"Method: E300: ""Sample was analyzed outside of the holding time due to laboratory error. Sample results should be considered estimated""",0.0,H,,True,0.01,0.05,mg/L,SM4500P E (P-Ortho),0.01,0.05,ALS_2023plus,False,2023-09-13,2024-08-02,2023,winter wheat,2023-09-08,silage corn,1045.47625,38.04124999999999,2023-09-08,False,0.0,2023,False,,2023-09-13,PlantDate proxy,38.04124999999999,False,2023-09-08,0.0,,,,,0.05,1,,0.05,-0.3885840286996418,-1.0916622196470884,-0.1581696225603121,0.5865914560260143,0.1726252446891151,,,1,263,7,317,Gated Pipe,2023-09-20,10.730707041899059,both,1,2023-06-28,Pipe Ditch,after_residue_before_first_runoff,logged_operational_anchor,user-confirmed MT and ST follow-on tractor pass,furrow_tire_compaction_records.csv,1.0,40152.916368617836,3368.0960264247087,478565.650250385,2.478075512099207,reconstruction,volume_observation_or_prediction_event
VO_ff4600ba2d9d7efdea9d,PE_fc1529c70189a30552dd,20890.13,Ruler,60 V Trap,56.0,False,2023-09-20,812,2023-09-20,2023,4,2,ST,OUT,False,TRUE,Gated Pipe,"Method: E300: ""Sample was analyzed outside of the holding time due to laboratory error. Sample results should be considered estimated""",0.0,H,,True,0.01,0.05,mg/L,SM4500P E (P-Ortho),0.01,0.05,ALS_2023plus,False,2023-09-13,2024-08-02,2023,winter wheat,2023-09-08,silage corn,1045.47625,38.04124999999999,2023-09-08,False,0.0,2023,False,,2023-09-13,PlantDate proxy,38.04124999999999,False,2023-09-08,0.0,,,,,0.05,1,,0.05,-0.3885840286996418,-1.0916622196470884,-0.1581696225603121,-0.534507080775148,0.1726252446891151,,,1,263,7,317,Gated Pipe,2023-09-20,9.947079945955046,both,1,2023-06-28,Pipe Ditch,after_residue_before_first_runoff,logged_operational_anchor,user-confirmed MT and ST follow-on tractor pass,furrow_tire_compaction_records.csv,1.0,37987.59335052595,3186.415586857901,452758.668585997,2.478075512099207,reconstruction,volume_observation_or_prediction_event
VO_a3d80c35a0fdc9dfcfe0,PE_c9875bdbbfec951204a7,45547.39,Ruler,60 V Trap,56.0,False,2023-09-26,824,2023-09-26,2023,5,1,ST,OUT,False,TRUE,Gated Pipe,"Method: E300, Method: SM4500P E: ""Sample holding time expired prior to sample receipt. It was analyzed at the request of the client. Results should be considered  estimated.""",0.0,H,,True,0.01,0.05,mg/L,SM4500P E (P-Ortho),0.01,0.05,ALS_2023plus,False,2023-09-13,2024-08-02,2023,winter wheat,2023-09-08,silage corn,1045.47625,38.04124999999999,2023-09-08,False,0.0,2023,False,,2023-09-13,PlantDate proxy,38.04124999999999,False,2023-09-08,0.0,,,,,0.05,1,,0.05,-0.3885840286996418,-1.0916622196470884,-0.1581696225603121,0.5779905239520875,0.6685495838321084,,,1,269,13,311,Gated Pipe,2023-09-26,10.726530556289553,both,1,2023-06-28,Pipe Ditch,after_residue_before_first_runoff,logged_operational_anchor,user-confirmed MT and ST follow-on tractor pass,furrow_tire_compaction_records.csv,1.0,45869.22209393942,3847.7200493521805,546694.3293476067,2.478075512099207,reconstruction,volume_observation_or_prediction_event
VO_a8d178cbcf80a3c2b781,PE_78a0e5a12037218db30c,59280.86,Ruler,60 V Trap,70.0,False,2023-09-26,836,2023-09-26,2023,5,2,ST,OUT,False,TRUE,Gated Pipe,"Method: E300, Method: SM4500P E: ""Sample holding time expired prior to sample receipt. It was analyzed at the request of the client. Results should be considered  estimated.""",0.0,H,,True,0.01,0.05,mg/L,SM4500P E (P-Ortho),0.01,0.05,ALS_2023plus,False,2023-09-13,2024-08-02,2023,winter wheat,2023-09-08,silage corn,1045.47625,38.04124999999999,2023-09-08,False,0.0,2023,False,,2023-09-13,PlantDate proxy,38.04124999999999,False,2023-09-08,0.0,,,,,0.05,1,,0.05,-0.3885840286996418,-1.0916622196470884,-0.1581696225603121,1.1976235439872962,0.6685495838321084,,,1,269,13,311,Gated Pipe,2023-09-26,10.990058635995954,both,1,2023-06-28,Pipe Ditch,after_residue_before_first_runoff,logged_operational_anchor,user-confirmed MT and ST follow-on tractor pass,furrow_tire_compaction_records.csv,1.0,42660.540000397,3578.4970427549297,508452.2752692877,2.478075512099207,reconstruction,volume_observation_or_prediction_event
VO_8979f85d1be89936c286,PE_f6579064c70952c33aa8,18306.95,Etape,60 V Trap,28.0,False,2024-05-15,849,2024-05-15,2024,1,1,ST,OUT,False,TRUE,Gated Pipe,linear interpolation between 8 timestamps since there was an unusual drop in level that we do not believe to be accurate,0.355,H,,True,0.01,0.05,mg/L,SM4500P E (P-Ortho),0.01,0.05,ALS_2023plus,False,2023-09-13,2024-08-02,2023,winter wheat,2023-09-08,silage corn,1045.47625,38.04124999999999,2023-09-08,False,0.0,2023,False,,2023-09-13,PlantDate proxy,38.04124999999999,False,2023-09-08,0.0,,,,,0.05,0,0.355,0.05,3.804610446853605,-1.0916622196470884,-0.1581696225603121,-0.6510561848758996,-1.3151477727398646,,,1,136,245,79,Gated Pipe,2024-05-15,9.815090670723267,both,1,,Unlogged pre-irrigation tractor pass,after_residue_before_first_runoff,user_confirmed_before_first_runoff,user-confirmed MT and ST compaction with no logged anchor date,furrow_tire_compaction_records.csv,0.5,31021.83950541763,2601.9571896952084,369738.68484345044,2.478075512099207,reconstruction,volume_observation_or_prediction_event
VO_68eeea6a85a54bd9a03f,PE_f6579064c70952c33aa8,57579.15,Bubbler,60 V Trap,28.0,False,2024-05-15,849,2024-05-15,2024,1,1,ST,OUT,False,TRUE,Gated Pipe,linear interpolation between 8 timestamps since there was an unusual drop in level that we do not believe to be accurate,0.355,H,,True,0.01,0.05,mg/L,SM4500P E (P-Ortho),0.01,0.05,ALS_2023plus,False,2023-09-13,2024-08-02,2023,winter wheat,2023-09-08,silage corn,1045.47625,38.04124999999999,2023-09-08,False,0.0,2023,False,,2023-09-13,PlantDate proxy,38.04124999999999,False,2023-09-08,0.0,,,,,0.05,0,0.355,0.05,3.804610446853605,-1.0916622196470884,-0.1581696225603121,-0.6510561848758996,-1.3151477727398646,,,1,136,245,79,Gated Pipe,2024-05-15,10.960933169233979,both,1,,Unlogged pre-irrigation tractor pass,after_residue_before_first_runoff,user_confirmed_before_first_runoff,user-confirmed MT and ST compaction with no logged anchor date,furrow_tire_compaction_records.csv,0.5,51729.501945713,4339.424155648967,616538.9360964763,2.478075512099207,reconstruction,volume_observation_or_prediction_event
VO_d3c7c02a7d773248275a,PE_30f71765b192fa672ac6,28777.46,Etape,60 V Trap,28.0,False,2024-05-15,861,2024-05-15,2024,1,2,ST,OUT,False,TRUE,Gated Pipe,,0.355,H,,True,0.01,0.05,mg/L,SM4500P E (P-Ortho),0.01,0.05,ALS_2023plus,False,2023-09-13,2024-08-02,2023,winter wheat,2023-09-08,silage corn,1045.47625,38.04124999999999,2023-09-08,False,0.0,2023,False,,2023-09-13,PlantDate proxy,38.04124999999999,False,2023-09-08,0.0,,,,,0.05,0,0.355,0.05,3.804610446853605,-1.0916622196470884,-0.1581696225603121,-0.1786428958375975,-1.3151477727398646,,,1,136,245,79,Gated Pipe,2024-05-15,10.267382469628165,both,1,,Unlogged pre-irrigation tractor pass,after_residue_before_first_runoff,user_confirmed_before_first_runoff,user-confirmed MT and ST compaction with no logged anchor date,furrow_tire_compaction_records.csv,0.5,30684.006718585082,2573.6114839048996,365712.29041519586,2.478075512099207,reconstruction,volume_observation_or_prediction_event
VO_4612222eeae69ca54831,PE_30f71765b192fa672ac6,60860.44,Bubbler,60 V Trap,28.0,False,2024-05-15,861,2024-05-15,2024,1,2,ST,OUT,False,TRUE,Gated Pipe,,0.355,H,,True,0.01,0.05,mg/L,SM4500P E (P-Ortho),0.01,0.05,ALS_2023plus,False,2023-09-13,2024-08-02,2023,winter wheat,2023-09-08,silage corn,1045.47625,38.04124999999999,2023-09-08,False,0.0,2023,False,,2023-09-13,PlantDate proxy,38.04124999999999,False,2023-09-08,0.0,,,,,0.05,0,0.355,0.05,3.804610446853605,-1.0916622196470884,-0.1581696225603121,-0.1786428958375975,-1.3151477727398646,,,1,136,245,79,Gated Pipe,2024-05-15,11.01635508403204,both,1,,Unlogged pre-irrigation tractor pass,after_residue_before_first_runoff,user_confirmed_before_first_runoff,user-confirmed MT and ST compaction with no logged anchor date,furrow_tire_compaction_records.csv,0.5,48442.94390240873,4063.667003029991,577368.7326423787,2.478075512099207,reconstruction,volume_observation_or_prediction_event
VO_8198b162bfddf9608d5f,PE_6dfbf6a0b565de5536dd,30104.37,Etape,60 V Trap,28.0,False,2024-05-30,885,2024-05-30,2024,2,2,ST,OUT,False,TRUE,Gated Pipe,"Method E300: ""Sample run out of holding time due to very limited time remaining from expiration""",0.0,"H, MS, MSD",95709.78,True,0.01,0.05,mg/L,SM4500P E (P-Ortho),0.01,0.05,ALS_2023plus,False,2023-09-13,2024-08-02,2023,winter wheat,2023-09-08,silage corn,1045.47625,38.04124999999999,2023-09-08,False,0.0,2023,False,,2023-09-13,PlantDate proxy,38.04124999999999,False,2023-09-08,0.0,,,,,0.05,1,,0.05,-0.3885840286996418,-1.0916622196470884,-0.1581696225603121,-0.1187747597718458,-0.8192234335968713,-0.2498867231683958,,1,151,260,64,Gated Pipe,2024-05-30,10.312458840140247,both,1,,Unlogged pre-irrigation tractor pass,after_residue_before_first_runoff,user_confirmed_before_first_runoff,user-confirmed MT and ST compaction with no logged anchor date,furrow_tire_compaction_records.csv,0.5,33207.7128284722,2785.3618932206296,395790.59132456937,2.478075512099207,reconstruction,volume_observation_or_prediction_event
VO_87d65d7bc8465d8ee1c6,PE_6dfbf6a0b565de5536dd,94354.21,Bubbler,60 V Trap,28.0,False,2024-05-30,885,2024-05-30,2024,2,2,ST,OUT,False,TRUE,Gated Pipe,"Method E300: ""Sample run out of holding time due to very limited time remaining from expiration""",0.0,"H, MS, MSD",95709.78,True,0.01,0.05,mg/L,SM4500P E (P-Ortho),0.01,0.05,ALS_2023plus,False,2023-09-13,2024-08-02,2023,winter wheat,2023-09-08,silage corn,1045.47625,38.04124999999999,2023-09-08,False,0.0,2023,False,,2023-09-13,PlantDate proxy,38.04124999999999,False,2023-09-08,0.0,,,,,0.05,1,,0.05,-0.3885840286996418,-1.0916622196470884,-0.1581696225603121,-0.1187747597718458,-0.8192234335968713,-0.2498867231683958,,1,151,260,64,Gated Pipe,2024-05-30,11.45482176919794,both,1,,Unlogged pre-irrigation tractor pass,after_residue_before_first_runoff,user_confirmed_before_first_runoff,user-confirmed MT and ST compaction with no logged anchor date,furrow_tire_compaction_records.csv,0.5,65492.95832589217,5494.240681505253,780576.0166956063,2.478075512099207,reconstruction,volume_observation_or_prediction_event
VO_905f185ea6d1d126d404,PE_f0055d0fbf3bb2c0c279,65927.41,Bubbler,60 V Trap,28.0,False,2024-06-12,897,2024-06-12,2024,3,1,ST,OUT,False,TRUE,Gated Pipe,"Method E300: : ""MS/MSD recovered outside control limits for Nitrogen, Nitrate (As N)"" AND Method: SM4500P E: ""Sample was analyzed outside of the holding time at the request of the client. Results should be considered estimated""",0.0,H,89469.23,True,0.01,0.05,mg/L,SM4500P E (P-Ortho),0.01,0.05,ALS_2023plus,False,2023-09-13,2024-08-02,2023,winter wheat,2023-09-08,silage corn,1045.47625,38.04124999999999,2023-09-08,False,0.0,2023,False,,2023-09-13,PlantDate proxy,38.04124999999999,False,2023-09-08,0.0,,,,,0.05,1,,0.05,-0.3885840286996418,-1.0916622196470884,-0.1581696225603121,,-0.3232990944538781,-0.4304823817483566,,1,164,273,51,Gated Pipe,2024-06-12,11.096324735329356,both,1,,Unlogged pre-irrigation tractor pass,after_residue_before_first_runoff,user_confirmed_before_first_runoff,user-confirmed MT and ST compaction with no logged anchor date,furrow_tire_compaction_records.csv,1.0,61018.50539927058,5118.813750863765,727248.1188851234,2.478075512099207,reconstruction,volume_observation_or_prediction_event
VO_bfefda932a369a72a060,PE_47021952abc7ade62c23,65481.3,Etape,60 V Trap,28.0,False,2024-06-12,909,2024-06-12,2024,3,2,ST,OUT,False,TRUE,Gated Pipe,,0.0,H,100068.64,True,0.01,0.05,mg/L,SM4500P E (P-Ortho),0.01,0.05,ALS_2023plus,False,2023-09-13,2024-08-02,2023,winter wheat,2023-09-08,silage corn,1045.47625,38.04124999999999,2023-09-08,False,0.0,2023,False,,2023-09-13,PlantDate proxy,38.04124999999999,False,2023-09-08,0.0,,,,,0.05,1,,0.05,-0.3885840286996418,-1.0916622196470884,-0.1581696225603121,1.4773778495449674,-0.3232990944538781,-0.1237454067206713,,1,164,273,51,Gated Pipe,2024-06-12,11.089535156097272,both,1,,Unlogged pre-irrigation tractor pass,after_residue_before_first_runoff,user_confirmed_before_first_runoff,user-confirmed MT and ST compaction with no logged anchor date,furrow_tire_compaction_records.csv,0.5,49487.46377792246,4151.306966459941,589817.6398263172,2.478075512099207,reconstruction,volume_observation_or_prediction_event
VO_083a872415336ea4ad13,PE_47021952abc7ade62c23,47501.02,Bubbler,60 V Trap,28.0,False,2024-06-12,909,2024-06-12,2024,3,2,ST,OUT,False,TRUE,Gated Pipe,,0.0,H,100068.64,True,0.01,0.05,mg/L,SM4500P E (P-Ortho),0.01,0.05,ALS_2023plus,False,2023-09-13,2024-08-02,2023,winter wheat,2023-09-08,silage corn,1045.47625,38.04124999999999,2023-09-08,False,0.0,2023,False,,2023-09-13,PlantDate proxy,38.04124999999999,False,2023-09-08,0.0,,,,,0.05,1,,0.05,-0.3885840286996418,-1.0916622196470884,-0.1581696225603121,1.4773778495449674,-0.3232990944538781,-0.1237454067206713,,1,164,273,51,Gated Pipe,2024-06-12,10.768527515434304,both,1,,Unlogged pre-irrigation tractor pass,after_residue_before_first_runoff,user_confirmed_before_first_runoff,user-confirmed MT and ST compaction with no logged anchor date,furrow_tire_compaction_records.csv,0.5,58218.339455255045,4883.867105343396,693874.8851594065,2.478075512099207,reconstruction,volume_observation_or_prediction_event
VO_33af0b5d88cce691de07,PE_00b38906ec1907c7d0dc,71503.05,Bubbler,60 V Trap,28.0,False,2024-06-20,921,2024-06-20,2024,4,1,ST,OUT,False,TRUE,Gated Pipe,,0.319,,,True,0.01,0.05,mg/L,SM4500P E (P-Ortho),0.01,0.05,ALS_2023plus,False,2023-09-13,2024-08-02,2023,winter wheat,2023-09-08,silage corn,1045.47625,38.04124999999999,2023-09-08,False,0.0,2023,False,,2023-09-13,PlantDate proxy,38.04124999999999,False,2023-09-08,0.0,,,,,0.05,0,0.319,0.05,3.379385091586234,-1.0916622196470884,-0.1581696225603121,,0.1726252446891151,,,1,172,281,43,Gated Pipe,2024-06-20,11.177509370434569,both,1,,Unlogged pre-irrigation tractor pass,after_residue_before_first_runoff,user_confirmed_before_first_runoff,user-confirmed MT and ST compaction with no logged anchor date,furrow_tire_compaction_records.csv,1.0,43565.839430768756,3654.4557782762677,519241.9106286229,2.478075512099207,reconstruction,volume_observation_or_prediction_event
VO_cf5648059cfe2e58bce2,PE_d36d20c6bc7c067588be,55671.37,Etape,60 V Trap,28.0,False,2024-06-20,933,2024-06-20,2024,4,2,ST,OUT,False,TRUE,Gated Pipe,,0.319,,,True,0.01,0.05,mg/L,SM4500P E (P-Ortho),0.01,0.05,ALS_2023plus,False,2023-09-13,2024-08-02,2023,winter wheat,2023-09-08,silage corn,1045.47625,38.04124999999999,2023-09-08,False,0.0,2023,False,,2023-09-13,PlantDate proxy,38.04124999999999,False,2023-09-08,0.0,,,,,0.05,0,0.319,0.05,3.379385091586234,-1.0916622196470884,-0.1581696225603121,1.0347689129663755,0.1726252446891151,,,1,172,281,43,Gated Pipe,2024-06-20,10.927239252572438,both,1,,Unlogged pre-irrigation tractor pass,after_residue_before_first_runoff,user_confirmed_before_first_runoff,user-confirmed MT and ST compaction with no logged anchor date,furrow_tire_compaction_records.csv,0.5,46560.41737532111,3905.7144739709097,554932.2060080819,2.478075512099207,reconstruction,volume_observation_or_prediction_event
VO_69cfda61730ad51d3ee0,PE_d36d20c6bc7c067588be,32644.33,Bubbler,60 V Trap,28.0,False,2024-06-20,933,2024-06-20,2024,4,2,ST,OUT,False,TRUE,Gated Pipe,,0.319,,,True,0.01,0.05,mg/L,SM4500P E (P-Ortho),0.01,0.05,ALS_2023plus,False,2023-09-13,2024-08-02,2023,winter wheat,2023-09-08,silage corn,1045.47625,38.04124999999999,2023-09-08,False,0.0,2023,False,,2023-09-13,PlantDate proxy,38.04124999999999,False,2023-09-08,0.0,,,,,0.05,0,0.319,0.05,3.379385091586234,-1.0916622196470884,-0.1581696225603121,1.0347689129663755,0.1726252446891151,,,1,172,281,43,Gated Pipe,2024-06-20,10.393457092315238,both,1,,Unlogged pre-irrigation tractor pass,after_residue_before_first_runoff,user_confirmed_before_first_runoff,user-confirmed MT and ST compaction with no logged anchor date,furrow_tire_compaction_records.csv,0.5,39456.34300534324,3309.6503562993375,470263.6759658425,2.478075512099207,reconstruction,volume_observation_or_prediction_event
VO_5bd0b6506be55b01c860,PE_69bf4666a40285ef26b8,31422.37,Etape,60 V Trap,28.0,False,2025-06-30,945,2025-06-30,2025,1,1,ST,OUT,False,TRUE,Gated Pipe,,0.0,,95862.56,True,0.01,0.05,mg/L,SM4500P E (P-Ortho),0.01,0.05,ALS_2023plus,False,2025-04-24,2025-11-07,2025,grain corn,2024-08-02,winter wheat,1156.88625,111.41000000000008,2024-08-02,False,0.0,2025,True,,2025-04-24,PlantDate proxy,77.44749999999999,False,2024-08-02,0.0,2025.0,39.66666666666666,0.2032366666666666,3.0,0.05,1,,0.05,-0.3885840286996418,-0.0531309685744375,-0.0223563795716239,-0.0593086291867566,-1.3151477727398646,-0.2454654133931603,0.3966666666666665,1,181,67,130,Gated Pipe,2025-06-30,10.35530716258255,both,1,2025-06-24,Clean and pack furrows,after_residue_before_first_runoff,logged_operational_anchor,user-confirmed MT and ST follow-on tractor pass,furrow_tire_compaction_records.csv,0.5,58496.153251463336,4907.176945118398,697185.9549097199,2.478075512099207,reconstruction,volume_observation_or_prediction_event
VO_16d7e6a06ebd77403359,PE_69bf4666a40285ef26b8,56515.84,Bubbler,60 V Trap,28.0,False,2025-06-30,945,2025-06-30,2025,1,1,ST,OUT,False,TRUE,Gated Pipe,,0.0,,95862.56,True,0.01,0.05,mg/L,SM4500P E (P-Ortho),0.01,0.05,ALS_2023plus,False,2025-04-24,2025-11-07,2025,grain corn,2024-08-02,winter wheat,1156.88625,111.41000000000008,2024-08-02,False,0.0,2025,True,,2025-04-24,PlantDate proxy,77.44749999999999,False,2024-08-02,0.0,2025.0,39.66666666666666,0.2032366666666666,3.0,0.05,1,,0.05,-0.3885840286996418,-0.0531309685744375,-0.0223563795716239,-0.0593086291867566,-1.3151477727398646,-0.2454654133931603,0.3966666666666665,1,181,67,130,Gated Pipe,2025-06-30,10.942293925822877,both,1,2025-06-24,Clean and pack furrows,after_residue_before_first_runoff,logged_operational_anchor,user-confirmed MT and ST follow-on tractor pass,furrow_tire_compaction_records.csv,0.5,53986.689795298254,4528.812471974576,643440.7909054912,2.478075512099207,reconstruction,volume_observation_or_prediction_event
VO_ee907391871b9f7b5c0d,PE_326f1ee42ddcd2cd3c31,79238.53,Etape,60 V Trap,28.0,False,2025-06-30,957,2025-06-30,2025,1,2,ST,OUT,False,TRUE,Gated Pipe,,0.0,,98436.15,True,0.01,0.05,mg/L,SM4500P E (P-Ortho),0.01,0.05,ALS_2023plus,False,2025-04-24,2025-11-07,2025,grain corn,2024-08-02,winter wheat,1156.88625,111.41000000000008,2024-08-02,False,0.0,2025,True,,2025-04-24,PlantDate proxy,77.44749999999999,False,2024-08-02,0.0,2025.0,40.333333333333336,0.09736,3.0,0.05,1,,0.05,-0.3885840286996418,-0.0531309685744375,-0.0223563795716239,2.098082884195276,-1.3151477727398646,-0.1709881347935496,0.4033333333333334,1,181,67,130,Gated Pipe,2025-06-30,11.280230569447092,both,1,2025-06-24,Clean and pack furrows,after_residue_before_first_runoff,logged_operational_anchor,user-confirmed MT and ST follow-on tractor pass,furrow_tire_compaction_records.csv,1.0,64764.88277621328,5433.151834807429,771898.589723342,2.478075512099207,reconstruction,volume_observation_or_prediction_event
VO_d6f89c30b345f6b04dfb,PE_55ff1c1f21eee62bac5f,60141.61,Etape,60 V Trap,28.0,False,2025-07-14,969,2025-07-14,2025,2,1,ST,OUT,False,TRUE,Gated Pipe,,0.0,,101767.55,True,0.01,0.05,mg/L,SM4500P E (P-Ortho),0.01,0.05,ALS_2023plus,False,2025-04-24,2025-11-07,2025,grain corn,2024-08-02,winter wheat,1156.88625,111.41000000000008,2024-08-02,False,0.0,2025,True,,2025-04-24,PlantDate proxy,77.44749999999999,False,2024-08-02,0.0,2025.0,39.66666666666666,0.2032366666666666,3.0,0.05,1,,0.05,-0.3885840286996418,-0.0531309685744375,-0.0223563795716239,1.2364592586315415,-0.8192234335968713,-0.074580546200672,0.3966666666666665,1,195,81,116,Gated Pipe,2025-07-14,11.004473854337105,both,1,2025-06-24,Clean and pack furrows,after_residue_before_first_runoff,logged_operational_anchor,user-confirmed MT and ST follow-on tractor pass,furrow_tire_compaction_records.csv,0.5,52561.827925774356,4409.260087127532,626458.8515671785,2.478075512099207,reconstruction,volume_observation_or_prediction_event
VO_3ff4c387e73ba4903f68,PE_55ff1c1f21eee62bac5f,60449.44,Bubbler,60 V Trap,28.0,False,2025-07-14,969,2025-07-14,2025,2,1,ST,OUT,False,TRUE,Gated Pipe,,0.0,,101767.55,True,0.01,0.05,mg/L,SM4500P E (P-Ortho),0.01,0.05,ALS_2023plus,False,2025-04-24,2025-11-07,2025,grain corn,2024-08-02,winter wheat,1156.88625,111.41000000000008,2024-08-02,False,0.0,2025,True,,2025-04-24,PlantDate proxy,77.44749999999999,False,2024-08-02,0.0,2025.0,39.66666666666666,0.2032366666666666,3.0,0.05,1,,0.05,-0.3885840286996418,-0.0531309685744375,-0.0223563795716239,1.2364592586315415,-0.8192234335968713,-0.074580546200672,0.3966666666666665,1,195,81,116,Gated Pipe,2025-07-14,11.009579134759212,both,1,2025-06-24,Clean and pack furrows,after_residue_before_first_runoff,logged_operational_anchor,user-confirmed MT and ST follow-on tractor pass,furrow_tire_compaction_records.csv,0.5,56828.0421256591,4767.214842443538,677304.8965742645,2.478075512099207,reconstruction,volume_observation_or_prediction_event
VO_294a680769b71029116e,PE_44d1a7f433fe780ac78b,69378.73,Etape,60 V Trap,28.0,False,2025-07-14,981,2025-07-14,2025,2,2,ST,OUT,False,TRUE,Gated Pipe,,0.0,,87051.66,True,0.01,0.05,mg/L,SM4500P E (P-Ortho),0.01,0.05,ALS_2023plus,False,2025-04-24,2025-11-07,2025,grain corn,2024-08-02,winter wheat,1156.88625,111.41000000000008,2024-08-02,False,0.0,2025,True,,2025-04-24,PlantDate proxy,77.44749999999999,False,2024-08-02,0.0,2025.0,40.333333333333336,0.09736,3.0,0.05,1,,0.05,-0.3885840286996418,-0.0531309685744375,-0.0223563795716239,1.65322389000494,-0.8192234335968713,-0.5004445880143354,0.4033333333333334,1,195,81,116,Gated Pipe,2025-07-14,11.147350028904754,both,1,2025-06-24,Clean and pack furrows,after_residue_before_first_runoff,logged_operational_anchor,user-confirmed MT and ST follow-on tractor pass,furrow_tire_compaction_records.csv,1.0,58535.06882291566,4910.442138379809,697649.7625866983,2.478075512099207,reconstruction,volume_observation_or_prediction_event
VO_e97ad3c0c36ed7191b0a,PE_0373cedd6c6b07cdac38,57617.48,Etape,60 V Trap,28.0,False,2025-07-31,993,2025-07-31,2025,3,1,ST,OUT,False,TRUE,Gated Pipe,"Nitrate, Nitrite, H flag.",0.0,H,92486.37,True,0.01,0.05,mg/L,SM4500P E (P-Ortho),0.01,0.05,ALS_2023plus,False,2025-04-24,2025-11-07,2025,grain corn,2024-08-02,winter wheat,1156.88625,111.41000000000008,2024-08-02,False,0.0,2025,True,,2025-04-24,PlantDate proxy,77.44749999999999,False,2024-08-02,0.0,2025.0,39.66666666666666,0.2032366666666666,3.0,0.05,1,,0.05,-0.3885840286996418,-0.0531309685744375,-0.0223563795716239,1.1225743996074589,-0.3232990944538781,-0.3431691825386808,0.3966666666666665,1,212,98,99,Gated Pipe,2025-07-31,10.961598628561308,both,1,2025-06-24,Clean and pack furrows,after_residue_before_first_runoff,logged_operational_anchor,user-confirmed MT and ST follow-on tractor pass,furrow_tire_compaction_records.csv,0.5,57191.21775710554,4797.686928044562,681633.3347718817,2.478075512099207,reconstruction,volume_observation_or_prediction_event
VO_dd2eef21e1fcdd558309,PE_0373cedd6c6b07cdac38,51799.86,Bubbler,60 V Trap,28.0,False,2025-07-31,993,2025-07-31,2025,3,1,ST,OUT,False,TRUE,Gated Pipe,"Nitrate, Nitrite, H flag.",0.0,H,92486.37,True,0.01,0.05,mg/L,SM4500P E (P-Ortho),0.01,0.05,ALS_2023plus,False,2025-04-24,2025-11-07,2025,grain corn,2024-08-02,winter wheat,1156.88625,111.41000000000008,2024-08-02,False,0.0,2025,True,,2025-04-24,PlantDate proxy,77.44749999999999,False,2024-08-02,0.0,2025.0,39.66666666666666,0.2032366666666666,3.0,0.05,1,,0.05,-0.3885840286996418,-0.0531309685744375,-0.0223563795716239,1.1225743996074589,-0.3232990944538781,-0.3431691825386808,0.3966666666666665,1,212,98,99,Gated Pipe,2025-07-31,10.85516203042636,both,1,2025-06-24,Clean and pack furrows,after_residue_before_first_runoff,logged_operational_anchor,user-confirmed MT and ST follow-on tractor pass,furrow_tire_compaction_records.csv,0.5,55534.323857619034,4658.66600162429,661885.9667687627,2.478075512099207,reconstruction,volume_observation_or_prediction_event
VO_6f3515a36ce59af817f6,PE_76eec8ae39fe2d6f5031,50365.34,Etape,60 V Trap,28.0,False,2025-07-31,1005,2025-07-31,2025,3,2,ST,OUT,False,TRUE,Gated Pipe,"Nitrate, Nitrite, H flag.",0.0,H,90860.75,True,0.01,0.05,mg/L,SM4500P E (P-Ortho),0.01,0.05,ALS_2023plus,False,2025-04-24,2025-11-07,2025,grain corn,2024-08-02,winter wheat,1156.88625,111.41000000000008,2024-08-02,False,0.0,2025,True,,2025-04-24,PlantDate proxy,77.44749999999999,False,2024-08-02,0.0,2025.0,40.333333333333336,0.09736,3.0,0.05,1,,0.05,-0.3885840286996418,-0.0531309685744375,-0.0223563795716239,0.7953690094243412,-0.3232990944538781,-0.3902130992608855,0.4033333333333334,1,212,98,99,Gated Pipe,2025-07-31,10.827078373800676,both,1,2025-06-24,Clean and pack furrows,after_residue_before_first_runoff,logged_operational_anchor,user-confirmed MT and ST follow-on tractor pass,furrow_tire_compaction_records.csv,0.5,52196.62697125815,4378.618067718718,622106.2749500776,2.478075512099207,reconstruction,volume_observation_or_prediction_event
VO_7b628971c3538d1cb270,PE_76eec8ae39fe2d6f5031,43203.49,Bubbler,60 V Trap,28.0,False,2025-07-31,1005,2025-07-31,2025,3,2,ST,OUT,False,TRUE,Gated Pipe,"Nitrate, Nitrite, H flag.",0.0,H,90860.75,True,0.01,0.05,mg/L,SM4500P E (P-Ortho),0.01,0.05,ALS_2023plus,False,2025-04-24,2025-11-07,2025,grain corn,2024-08-02,winter wheat,1156.88625,111.41000000000008,2024-08-02,False,0.0,2025,True,,2025-04-24,PlantDate proxy,77.44749999999999,False,2024-08-02,0.0,2025.0,40.333333333333336,0.09736,3.0,0.05,1,,0.05,-0.3885840286996418,-0.0531309685744375,-0.0223563795716239,0.7953690094243412,-0.3232990944538781,-0.3902130992608855,0.4033333333333334,1,212,98,99,Gated Pipe,2025-07-31,10.6736997040165,both,1,2025-06-24,Clean and pack furrows,after_residue_before_first_runoff,logged_operational_anchor,user-confirmed MT and ST follow-on tractor pass,furrow_tire_compaction_records.csv,0.5,49737.5738575192,4172.292338536783,592798.5282130862,2.478075512099207,reconstruction,volume_observation_or_prediction_event
VO_bb78585c5b2f96dd9d8d,PE_6db16cd7a8da79e5651d,46994.11,Etape,60 V Trap,28.0,False,2025-08-11,1017,2025-08-11,2025,4,1,ST,OUT,False,TRUE,Gated Pipe,,0.0,,93182.2,True,0.01,0.05,mg/L,SM4500P E (P-Ortho),0.01,0.05,ALS_2023plus,False,2025-04-24,2025-11-07,2025,grain corn,2024-08-02,winter wheat,1156.88625,111.41000000000008,2024-08-02,False,0.0,2025,True,,2025-04-24,PlantDate proxy,77.44749999999999,False,2024-08-02,0.0,2025.0,39.66666666666666,0.2032366666666666,3.0,0.05,1,,0.05,-0.3885840286996418,-0.0531309685744375,-0.0223563795716239,0.6432643027381727,0.1726252446891151,-0.3230325155606589,0.3966666666666665,1,223,109,88,Gated Pipe,2025-08-11,10.757798832726202,both,1,2025-06-24,Clean and pack furrows,after_residue_before_first_runoff,logged_operational_anchor,user-confirmed MT and ST follow-on tractor pass,furrow_tire_compaction_records.csv,0.5,51261.50607133126,4300.1571754050365,610961.2182002248,2.478075512099207,reconstruction,volume_observation_or_prediction_event
VO_eafacea4ca9af5037663,PE_6db16cd7a8da79e5651d,47412.08,Bubbler,60 V Trap,28.0,False,2025-08-11,1017,2025-08-11,2025,4,1,ST,OUT,False,TRUE,Gated Pipe,,0.0,,93182.2,True,0.01,0.05,mg/L,SM4500P E (P-Ortho),0.01,0.05,ALS_2023plus,False,2025-04-24,2025-11-07,2025,grain corn,2024-08-02,winter wheat,1156.88625,111.41000000000008,2024-08-02,False,0.0,2025,True,,2025-04-24,PlantDate proxy,77.44749999999999,False,2024-08-02,0.0,2025.0,39.66666666666666,0.2032366666666666,3.0,0.05,1,,0.05,-0.3885840286996418,-0.0531309685744375,-0.0223563795716239,0.6432643027381727,0.1726252446891151,-0.3230325155606589,0.3966666666666665,1,223,109,88,Gated Pipe,2025-08-11,10.766653418983232,both,1,2025-06-24,Clean and pack furrows,after_residue_before_first_runoff,logged_operational_anchor,user-confirmed MT and ST follow-on tractor pass,furrow_tire_compaction_records.csv,0.5,57373.30919370705,4812.9652269250055,683803.556178274,2.478075512099207,reconstruction,volume_observation_or_prediction_event
VO_54a047477ec1749e2ff4,PE_a873c6f206750ebc6cd1,42782.33,Etape,60 V Trap,28.0,False,2025-08-11,1029,2025-08-11,2025,4,2,ST,OUT,False,TRUE,Gated Pipe,,0.0,,90517.24,True,0.01,0.05,mg/L,SM4500P E (P-Ortho),0.01,0.05,ALS_2023plus,False,2025-04-24,2025-11-07,2025,grain corn,2024-08-02,winter wheat,1156.88625,111.41000000000008,2024-08-02,False,0.0,2025,True,,2025-04-24,PlantDate proxy,77.44749999999999,False,2024-08-02,0.0,2025.0,40.333333333333336,0.09736,3.0,0.05,1,,0.05,-0.3885840286996418,-0.0531309685744375,-0.0223563795716239,0.4532352743044345,0.1726252446891151,-0.4001539561851632,0.4033333333333334,1,223,109,88,Gated Pipe,2025-08-11,10.663903819719215,both,1,2025-06-24,Clean and pack furrows,after_residue_before_first_runoff,logged_operational_anchor,user-confirmed MT and ST follow-on tractor pass,furrow_tire_compaction_records.csv,0.5,48929.71587989992,4104.509383635782,583170.2298753066,2.478075512099207,reconstruction,volume_observation_or_prediction_event
VO_67791357f0fe9e26929a,PE_a873c6f206750ebc6cd1,34193.22,Bubbler,60 V Trap,28.0,False,2025-08-11,1029,2025-08-11,2025,4,2,ST,OUT,False,TRUE,Gated Pipe,,0.0,,90517.24,True,0.01,0.05,mg/L,SM4500P E (P-Ortho),0.01,0.05,ALS_2023plus,False,2025-04-24,2025-11-07,2025,grain corn,2024-08-02,winter wheat,1156.88625,111.41000000000008,2024-08-02,False,0.0,2025,True,,2025-04-24,PlantDate proxy,77.44749999999999,False,2024-08-02,0.0,2025.0,40.333333333333336,0.09736,3.0,0.05,1,,0.05,-0.3885840286996418,-0.0531309685744375,-0.0223563795716239,0.4532352743044345,0.1726252446891151,-0.4001539561851632,0.4033333333333334,1,223,109,88,Gated Pipe,2025-08-11,10.439811902919645,both,1,2025-06-24,Clean and pack furrows,after_residue_before_first_runoff,logged_operational_anchor,user-confirmed MT and ST follow-on tractor pass,furrow_tire_compaction_records.csv,0.5,52402.65973228492,4395.905152498102,624561.8363797837,2.478075512099207,reconstruction,volume_observation_or_prediction_event
VO_ac931815f538ba1054f3,PE_744bc567dc348be5d05b,57798.97,Etape,60 V Trap,28.0,False,2025-08-19,1041,2025-08-19,2025,5,1,ST,OUT,False,TRUE,Gated Pipe,,0.136,,114678.73,True,0.01,0.05,mg/L,SM4500P E (P-Ortho),0.01,0.05,ALS_2023plus,False,2025-04-24,2025-11-07,2025,grain corn,2024-08-02,winter wheat,1156.88625,111.41000000000008,2024-08-02,False,0.0,2025,True,,2025-04-24,PlantDate proxy,77.44749999999999,False,2024-08-02,0.0,2025.0,39.66666666666666,0.2032366666666666,3.0,0.05,0,0.136,0.05,1.2178228689770954,-0.0531309685744375,-0.0223563795716239,1.1307629489548698,0.6685495838321084,0.2990568824145005,0.3966666666666665,1,231,117,80,Gated Pipe,2025-08-19,10.964743535629193,both,1,2025-06-24,Clean and pack furrows,after_residue_before_first_runoff,logged_operational_anchor,user-confirmed MT and ST follow-on tractor pass,furrow_tire_compaction_records.csv,0.5,57924.54386564887,4859.21632048753,690373.3395097759,2.478075512099207,reconstruction,volume_observation_or_prediction_event
VO_d677091671945f4bf839,PE_744bc567dc348be5d05b,77722.88,Bubbler,60 V Trap,28.0,False,2025-08-19,1041,2025-08-19,2025,5,1,ST,OUT,False,TRUE,Gated Pipe,,0.136,,114678.73,True,0.01,0.05,mg/L,SM4500P E (P-Ortho),0.01,0.05,ALS_2023plus,False,2025-04-24,2025-11-07,2025,grain corn,2024-08-02,winter wheat,1156.88625,111.41000000000008,2024-08-02,False,0.0,2025,True,,2025-04-24,PlantDate proxy,77.44749999999999,False,2024-08-02,0.0,2025.0,39.66666666666666,0.2032366666666666,3.0,0.05,0,0.136,0.05,1.2178228689770954,-0.0531309685744375,-0.0223563795716239,1.1307629489548698,0.6685495838321084,0.2990568824145005,0.3966666666666665,1,231,117,80,Gated Pipe,2025-08-19,11.26091782504507,both,1,2025-06-24,Clean and pack furrows,after_residue_before_first_runoff,logged_operational_anchor,user-confirmed MT and ST follow-on tractor pass,furrow_tire_compaction_records.csv,0.5,73426.70576220058,6159.918139139613,875132.8439717132,2.478075512099207,reconstruction,volume_observation_or_prediction_event
VO_128e89041e662421c863,PE_2000666922e9baf4491a,81844.82,Etape,60 V Trap,28.0,False,2025-08-19,1053,2025-08-19,2025,5,2,ST,OUT,False,TRUE,Gated Pipe,,0.136,,111736.07,True,0.01,0.05,mg/L,SM4500P E (P-Ortho),0.01,0.05,ALS_2023plus,False,2025-04-24,2025-11-07,2025,grain corn,2024-08-02,winter wheat,1156.88625,111.41000000000008,2024-08-02,False,0.0,2025,True,,2025-04-24,PlantDate proxy,77.44749999999999,False,2024-08-02,0.0,2025.0,40.333333333333336,0.09736,3.0,0.05,0,0.136,0.05,1.2178228689770954,-0.0531309685744375,-0.0223563795716239,2.2156746759119774,0.6685495838321084,0.213899064485487,0.4033333333333334,1,231,117,80,Gated Pipe,2025-08-19,11.312592512466503,both,1,2025-06-24,Clean and pack furrows,after_residue_before_first_runoff,logged_operational_anchor,user-confirmed MT and ST follow-on tractor pass,furrow_tire_compaction_records.csv,0.5,54082.63081227259,4536.862359215762,644584.2452747618,2.478075512099207,reconstruction,volume_observation_or_prediction_event
VO_466ecb8d02f1ba5e33cc,PE_2000666922e9baf4491a,63981.31,Bubbler,60 V Trap,28.0,False,2025-08-19,1053,2025-08-19,2025,5,2,ST,OUT,False,TRUE,Gated Pipe,,0.136,,111736.07,True,0.01,0.05,mg/L,SM4500P E (P-Ortho),0.01,0.05,ALS_2023plus,False,2025-04-24,2025-11-07,2025,grain corn,2024-08-02,winter wheat,1156.88625,111.41000000000008,2024-08-02,False,0.0,2025,True,,2025-04-24,PlantDate proxy,77.44749999999999,False,2024-08-02,0.0,2025.0,40.333333333333336,0.09736,3.0,0.05,0,0.136,0.05,1.2178228689770954,-0.0531309685744375,-0.0223563795716239,2.2156746759119774,0.6685495838321084,0.213899064485487,0.4033333333333334,1,231,117,80,Gated Pipe,2025-08-19,11.06636191788456,both,1,2025-06-24,Clean and pack furrows,after_residue_before_first_runoff,logged_operational_anchor,user-confirmed MT and ST follow-on tractor pass,furrow_tire_compaction_records.csv,0.5,64692.54307248898,5427.082204982708,771036.423020258,2.478075512099207,reconstruction,volume_observation_or_prediction_event
VO_78d95e2856d3dbaba9a3,PE_33b48c45a8f1d7ee984a,35473.3,Etape,60 V Trap,28.0,False,2025-09-03,1065,2025-09-03,2025,6,1,ST,OUT,False,TRUE,Gated Pipe,,0.0,,120526.17,True,0.01,0.05,mg/L,SM4500P E (P-Ortho),0.01,0.05,ALS_2023plus,False,2025-04-24,2025-11-07,2025,grain corn,2024-08-02,winter wheat,1156.88625,111.41000000000008,2024-08-02,False,0.0,2025,True,,2025-04-24,PlantDate proxy,77.44749999999999,False,2024-08-02,0.0,2025.0,39.66666666666666,0.2032366666666666,3.0,0.05,1,,0.05,-0.3885840286996418,-0.0531309685744375,-0.0223563795716239,0.1234630949187483,1.1644739229751015,0.4682763066330078,0.3966666666666665,1,246,132,65,Gated Pipe,2025-09-03,10.476563769627782,both,1,2025-06-24,Clean and pack furrows,after_residue_before_first_runoff,logged_operational_anchor,user-confirmed MT and ST follow-on tractor pass,furrow_tire_compaction_records.csv,0.5,40098.50824161822,3363.53093736099,477917.1975603525,2.478075512099207,reconstruction,volume_observation_or_prediction_event
VO_0d55b6a1ea1db960d958,PE_33b48c45a8f1d7ee984a,54489.44,Bubbler,60 V Trap,28.0,False,2025-09-03,1065,2025-09-03,2025,6,1,ST,OUT,False,TRUE,Gated Pipe,,0.0,,120526.17,True,0.01,0.05,mg/L,SM4500P E (P-Ortho),0.01,0.05,ALS_2023plus,False,2025-04-24,2025-11-07,2025,grain corn,2024-08-02,winter wheat,1156.88625,111.41000000000008,2024-08-02,False,0.0,2025,True,,2025-04-24,PlantDate proxy,77.44749999999999,False,2024-08-02,0.0,2025.0,39.66666666666666,0.2032366666666666,3.0,0.05,1,,0.05,-0.3885840286996418,-0.0531309685744375,-0.0223563795716239,0.1234630949187483,1.1644739229751015,0.4682763066330078,0.3966666666666665,1,246,132,65,Gated Pipe,2025-09-03,10.905780552420666,both,1,2025-06-24,Clean and pack furrows,after_residue_before_first_runoff,logged_operational_anchor,user-confirmed MT and ST follow-on tractor pass,furrow_tire_compaction_records.csv,0.5,58267.66082573485,4888.00539242294,694462.7123302257,2.478075512099207,reconstruction,volume_observation_or_prediction_event
VO_0db1845a371c3f473af3,PE_0c2d197a5610b0bbb10e,40324.73,Etape,60 V Trap,28.0,False,2025-09-03,1077,2025-09-03,2025,6,2,ST,OUT,False,TRUE,Gated Pipe,,0.0,,110972.5,True,0.01,0.05,mg/L,SM4500P E (P-Ortho),0.01,0.05,ALS_2023plus,False,2025-04-24,2025-11-07,2025,grain corn,2024-08-02,winter wheat,1156.88625,111.41000000000008,2024-08-02,False,0.0,2025,True,,2025-04-24,PlantDate proxy,77.44749999999999,False,2024-08-02,0.0,2025.0,40.333333333333336,0.09736,3.0,0.05,1,,0.05,-0.3885840286996418,-0.0531309685744375,-0.0223563795716239,0.3423521464395521,1.1644739229751015,0.1918020654995159,0.4033333333333334,1,246,132,65,Gated Pipe,2025-09-03,10.604745005743379,both,1,2025-06-24,Clean and pack furrows,after_residue_before_first_runoff,logged_operational_anchor,user-confirmed MT and ST follow-on tractor pass,furrow_tire_compaction_records.csv,0.5,37972.41491243127,3185.142046937095,452577.76732076745,2.478075512099207,reconstruction,volume_observation_or_prediction_event
VO_3847c3358492cbab6a19,PE_0c2d197a5610b0bbb10e,42504.19,Bubbler,60 V Trap,28.0,False,2025-09-03,1077,2025-09-03,2025,6,2,ST,OUT,False,TRUE,Gated Pipe,,0.0,,110972.5,True,0.01,0.05,mg/L,SM4500P E (P-Ortho),0.01,0.05,ALS_2023plus,False,2025-04-24,2025-11-07,2025,grain corn,2024-08-02,winter wheat,1156.88625,111.41000000000008,2024-08-02,False,0.0,2025,True,,2025-04-24,PlantDate proxy,77.44749999999999,False,2024-08-02,0.0,2025.0,40.333333333333336,0.09736,3.0,0.05,1,,0.05,-0.3885840286996418,-0.0531309685744375,-0.0223563795716239,0.3423521464395521,1.1644739229751015,0.1918020654995159,0.4033333333333334,1,246,132,65,Gated Pipe,2025-09-03,10.657381465103814,both,1,2025-06-24,Clean and pack furrows,after_residue_before_first_runoff,logged_operational_anchor,user-confirmed MT and ST follow-on tractor pass,furrow_tire_compaction_records.csv,0.5,53961.14263429336,4526.668949090335,643136.3120309206,2.478075512099207,reconstruction,volume_observation_or_prediction_event
VO_9c60d748e5db0b197556,PE_68f1adf13e8ebbd5338b,21364.74,Etape,60 V Trap,28.0,False,2025-09-14,1101,2025-09-14,2025,7,2,ST,OUT,,,Gated Pipe,"This event was skipped because it occurred over the weekend. kerbel irrigated differently, ct1, mt2 at same time, mt1, st2 same time, st1, ct2 same time",,,,False,0.01,0.05,mg/L,SM4500P E (P-Ortho),0.01,0.05,ALS_2023plus,False,2025-04-24,2025-11-07,2025,grain corn,2024-08-02,winter wheat,1156.88625,111.41000000000008,2024-08-02,False,0.0,2025,True,,2025-04-24,PlantDate proxy,77.44749999999999,False,2024-08-02,0.0,2025.0,40.333333333333336,0.09736,3.0,0.05,0,,0.05,,-0.0531309685744375,-0.0223563795716239,-0.5130934083646856,1.6603982621180948,,0.4033333333333334,1,257,143,54,Gated Pipe,2025-09-14,9.969543983565368,both,1,2025-06-24,Clean and pack furrows,after_residue_before_first_runoff,logged_operational_anchor,user-confirmed MT and ST follow-on tractor pass,furrow_tire_compaction_records.csv,0.5,31434.12146084397,2636.5495189973403,374652.38722196344,2.478075512099207,reconstruction,volume_observation_or_prediction_event
VO_c808933db50a81bc01a5,PE_68f1adf13e8ebbd5338b,42138.16,Bubbler,60 V Trap,28.0,False,2025-09-14,1101,2025-09-14,2025,7,2,ST,OUT,,,Gated Pipe,"This event was skipped because it occurred over the weekend. kerbel irrigated differently, ct1, mt2 at same time, mt1, st2 same time, st1, ct2 same time",,,,False,0.01,0.05,mg/L,SM4500P E (P-Ortho),0.01,0.05,ALS_2023plus,False,2025-04-24,2025-11-07,2025,grain corn,2024-08-02,winter wheat,1156.88625,111.41000000000008,2024-08-02,False,0.0,2025,True,,2025-04-24,PlantDate proxy,77.44749999999999,False,2024-08-02,0.0,2025.0,40.333333333333336,0.09736,3.0,0.05,0,,0.05,,-0.0531309685744375,-0.0223563795716239,-0.5130934083646856,1.6603982621180948,,0.4033333333333334,1,257,143,54,Gated Pipe,2025-09-14,10.648732753604687,both,1,2025-06-24,Clean and pack furrows,after_residue_before_first_runoff,logged_operational_anchor,user-confirmed MT and ST follow-on tractor pass,furrow_tire_compaction_records.csv,0.5,42640.4259848894,3576.8093854639196,508212.5502836552,2.478075512099207,reconstruction,volume_observation_or_prediction_event
VO_0f5153ce4fa137d73df5,PE_007bf9724431b43650d7,44234.87,Etape,60 V Trap,28.0,False,2025-09-15,1089,2025-09-15,2025,7,1,ST,OUT,,,Gated Pipe,"This event was skipped because it occurred over the weekend. kerbel irrigated differently, ct1, mt2 at same time, mt1, st2 same time, st1, ct2 same time",,,,False,0.01,0.05,mg/L,SM4500P E (P-Ortho),0.01,0.05,ALS_2023plus,False,2025-04-24,2025-11-07,2025,grain corn,2024-08-02,winter wheat,1156.88625,111.41000000000008,2024-08-02,False,0.0,2025,True,,2025-04-24,PlantDate proxy,77.44749999999999,False,2024-08-02,0.0,2025.0,39.66666666666666,0.2032366666666666,3.0,0.05,0,,0.05,,-0.0531309685744375,-0.0223563795716239,0.5187716425290669,1.6603982621180948,,0.3966666666666665,1,258,144,53,Gated Pipe,2025-09-15,10.697291277408041,both,1,2025-06-24,Clean and pack furrows,after_residue_before_first_runoff,logged_operational_anchor,user-confirmed MT and ST follow-on tractor pass,furrow_tire_compaction_records.csv,0.5,40935.74198618084,3433.778652580099,487895.6052686741,2.478075512099207,reconstruction,volume_observation_or_prediction_event
VO_50ee1122e2c46576be74,PE_007bf9724431b43650d7,61511.08,Bubbler,60 V Trap,28.0,False,2025-09-15,1089,2025-09-15,2025,7,1,ST,OUT,,,Gated Pipe,"This event was skipped because it occurred over the weekend. kerbel irrigated differently, ct1, mt2 at same time, mt1, st2 same time, st1, ct2 same time",,,,False,0.01,0.05,mg/L,SM4500P E (P-Ortho),0.01,0.05,ALS_2023plus,False,2025-04-24,2025-11-07,2025,grain corn,2024-08-02,winter wheat,1156.88625,111.41000000000008,2024-08-02,False,0.0,2025,True,,2025-04-24,PlantDate proxy,77.44749999999999,False,2024-08-02,0.0,2025.0,39.66666666666666,0.2032366666666666,3.0,0.05,0,,0.05,,-0.0531309685744375,-0.0223563795716239,0.5187716425290669,1.6603982621180948,,0.3966666666666665,1,258,144,53,Gated Pipe,2025-09-15,11.026988857270412,both,1,2025-06-24,Clean and pack furrows,after_residue_before_first_runoff,logged_operational_anchor,user-confirmed MT and ST follow-on tractor pass,furrow_tire_compaction_records.csv,0.5,57945.58530589019,4860.981792927532,690624.117826898,2.478075512099207,reconstruction,volume_observation_or_prediction_event
VO_f9bc808910de69a2b64b,PE_7024c3ae50e63fc3a67a,87.42,Etape,60 V Trap,14.0,False,2025-09-23,1110,2025-09-23,2025,S1,2,ST,OUT,,,Gated Pipe,"Tried to sample this storm event, only got enough water from MT2 and ST2 LC samplers for TSS analysis",,,,False,0.01,0.05,mg/L,SM4500P E (P-Ortho),0.01,0.05,ALS_2023plus,False,2025-04-24,2025-11-07,2025,grain corn,2024-08-02,winter wheat,1156.88625,111.41000000000008,2024-08-02,False,0.0,2025,True,,2025-04-24,PlantDate proxy,77.44749999999999,False,2024-08-02,0.0,2025.0,40.333333333333336,0.09736,3.0,0.05,0,,0.05,,-0.0531309685744375,-0.0223563795716239,-1.4730933246171365,,,0.4033333333333334,1,266,152,45,Gated Pipe,2025-09-23,4.482098188398097,both,1,2025-06-24,Clean and pack furrows,after_residue_before_first_runoff,logged_operational_anchor,user-confirmed MT and ST follow-on tractor pass,furrow_tire_compaction_records.csv,1.0,27505.217248688612,2306.896604251492,327826.5057636029,2.478075512099207,reconstruction,volume_observation_or_prediction_event
,PE_883a7658077d89fcf49d,,,,,,,4,2011-07-01,2011,1,2,MT,OUT,False,AC,Siphon,"OG Sample IDS: NT2-T1, NT2-T2, NT2-T3. The sample ID has been modifed to fit with the ""modern"" IDs. The values represent the average between the three. NT represents No Till",0.01,,52493.88,True,0.34,0.75,MG/L,EPA300.0 [300OPHOS]_W,0.34,0.75,CSU_assumed_from_ALS_pre2023,True,2011-05-04,2011-11-15,2011,grain corn,,grain corn,39.0,39.0,,True,0.0,2011,True,,2011-05-04,PlantDate proxy,6.5,True,,0.0,2011.0,,0.567345,0.0,0.75,0,0.01,0.75,-0.2704658744587053,-1.0780911578944223,-1.385104399542572,,-1.3151477727398646,-1.5005142995239609,,1,182,58,137,Siphon,2011-07-01,,,0,,,,,,unlisted_default_zero,0.0,7741.727773651107,648.6500400215899,92279.19654224272,2.478075512099207,reconstruction,volume_observation_or_prediction_event
,PE_556f24afddcf35c92237,,,,,,,8,2011-07-18,2011,2,1,ST,OUT,False,AC,Siphon,"OG Sample IDS: ST1 I2 T1, ST1 I2 T2, ST1 I2 T3. The sample ID has been modifed to fit with the ""modern"" IDs. The values represent the average between the three.",0.0,,105994.38,True,0.34,0.75,MG/L,EPA300.0 [300OPHOS]_W,0.34,0.75,CSU_assumed_from_ALS_pre2023,True,2011-05-04,2011-11-15,2011,grain corn,,grain corn,29.25,29.25,,True,0.0,2011,True,,2011-05-04,PlantDate proxy,11.375,True,,0.0,2011.0,,0.1071666666666666,0.0,0.75,1,,0.75,-0.3885840286996418,-1.21610195537916,-1.3969900392440324,,-0.8192234335968713,0.0477399459924095,,1,199,75,120,Siphon,2011-07-18,,,0,,,,,,unlisted_default_zero,0.0,11605.405840073425,972.8301847793052,138327.69285625918,2.478075512099207,reconstruction,volume_observation_or_prediction_event
,PE_90c1ad0a7f83e0b230a6,,,,,,,16,2011-07-29,2011,3,2,MT,OUT,,AC,Siphon,,,,101612.04,False,0.34,0.75,MG/L,EPA300.0 [300OPHOS]_W,0.34,0.75,CSU_assumed_from_ALS_pre2023,True,2011-05-04,2011-11-15,2011,grain corn,,grain corn,39.0,39.0,,True,0.0,2011,True,,2011-05-04,PlantDate proxy,6.5,True,,0.0,2011.0,,0.567345,0.0,0.75,0,,0.75,,-1.0780911578944223,-1.385104399542572,,-0.3232990944538781,-0.079080859613075,,1,210,86,109,Siphon,2011-07-29,,,0,,,,,,unlisted_default_zero,0.0,13899.122741781586,1165.283454551211,165664.91207533065,2.478075512099207,reconstruction,volume_observation_or_prediction_event
,PE_49484da33f0ea698b83b,,,,,,,19,2011-08-09,2011,4,1,MT,OUT,False,AC,Siphon,"OG Sample IDs: NT1 T1 I4, NT1 T2 I4, NT1 T3 I4. The sample ID has been modifed to fit with the ""modern"" IDs. The values represent the average between the three.",0.005,,118514.59,True,0.34,0.75,MG/L,EPA300.0 [300OPHOS]_W,0.34,0.75,CSU_assumed_from_ALS_pre2023,True,2011-05-04,2011-11-15,2011,grain corn,,grain corn,39.0,39.0,,True,0.0,2011,True,,2011-05-04,PlantDate proxy,6.5,True,,0.0,2011.0,,0.469572,0.0,0.75,0,0.005,0.75,-0.3295249515791735,-1.0780911578944223,-1.385104399542572,,0.1726252446891151,0.410063069837168,,1,221,97,98,Siphon,2011-08-09,,,0,,,,,,unlisted_default_zero,0.0,12745.929396739366,1068.5252932596852,151920.80126029634,2.478075512099207,reconstruction,volume_observation_or_prediction_event
,PE_bf4999981e8b30465343,,,,,,,22,2011-08-10,2011,4,2,MT,OUT,False,AC,Siphon,"OG Sample IDs: NT2 T1 I4, NT2 T2 I4, NT2 T3 I4. The sample ID has been modifed to fit with the ""modern"" IDs. The values represent the average between the three.",0.005,,115634.34,True,0.34,0.75,MG/L,EPA300.0 [300OPHOS]_W,0.34,0.75,CSU_assumed_from_ALS_pre2023,True,2011-05-04,2011-11-15,2011,grain corn,,grain corn,39.0,39.0,,True,0.0,2011,True,,2011-05-04,PlantDate proxy,6.5,True,,0.0,2011.0,,0.567345,0.0,0.75,0,0.005,0.75,-0.3295249515791735,-1.0780911578944223,-1.385104399542572,,0.1726252446891151,0.3267113387197294,,1,222,98,97,Siphon,2011-08-10,,,0,,,,,,unlisted_default_zero,0.0,12050.24307229788,1010.1540497227627,143629.39897573198,2.478075512099207,reconstruction,volume_observation_or_prediction_event
,PE_7025ca38701f624e1713,,,,,,,24,2011-08-18,2011,5,1,CT,OUT,,AC,Siphon,,,,117423.21,False,0.34,0.75,MG/L,EPA300.0 [300OPHOS]_W,0.34,0.75,CSU_assumed_from_ALS_pre2023,True,2011-05-04,2011-11-15,2011,grain corn,,grain corn,204.1975,204.1975,,True,0.0,2011,True,,2011-05-04,PlantDate proxy,186.3225,True,,0.0,2011.0,,0.03242,0.0,0.75,0,,0.75,,1.260271787488646,-1.1837220442008272,,0.6685495838321084,0.3784795571882837,,1,230,106,89,Siphon,2011-08-18,,,0,,,,,,unlisted_default_zero,0.0,9300.843997102631,779.4669751604533,110861.22031194333,2.478075512099207,reconstruction,volume_observation_or_prediction_event
,PE_13b97df6b79444e8e9e5,,,,,,,25,2011-08-18,2011,5,1,MT,OUT,,AC,Siphon,,,,117423.21,False,0.34,0.75,MG/L,EPA300.0 [300OPHOS]_W,0.34,0.75,CSU_assumed_from_ALS_pre2023,True,2011-05-04,2011-11-15,2011,grain corn,,grain corn,39.0,39.0,,True,0.0,2011,True,,2011-05-04,PlantDate proxy,6.5,True,,0.0,2011.0,,0.469572,0.0,0.75,0,,0.75,,-1.0780911578944223,-1.385104399542572,,0.6685495838321084,0.3784795571882837,,1,230,106,89,Siphon,2011-08-18,,,0,,,,,,unlisted_default_zero,0.0,12222.077696589042,1024.5717554475768,145677.37655752333,2.478075512099207,reconstruction,volume_observation_or_prediction_event
,PE_2fff192166fb6a1b5884,,,,,,,30,2011-08-28,2011,6,1,CT,OUT,,AC,Siphon,,,,109255.42,False,0.34,0.75,MG/L,EPA300.0 [300OPHOS]_W,0.34,0.75,CSU_assumed_from_ALS_pre2023,True,2011-05-04,2011-11-15,2011,grain corn,,grain corn,204.1975,204.1975,,True,0.0,2011,True,,2011-05-04,PlantDate proxy,186.3225,True,,0.0,2011.0,,0.03242,0.0,0.75,0,,0.75,,1.260271787488646,-1.1837220442008272,,1.1644739229751015,0.1421113822369062,,1,240,116,79,Siphon,2011-08-28,,,0,,,,,,unlisted_default_zero,0.0,9257.29423838031,775.8129525312236,110342.18097441952,2.478075512099207,reconstruction,volume_observation_or_prediction_event
,PE_759e17ed54a412339741,,,,,,,31,2011-08-28,2011,6,1,MT,OUT,,AC,Siphon,,,,109255.42,False,0.34,0.75,MG/L,EPA300.0 [300OPHOS]_W,0.34,0.75,CSU_assumed_from_ALS_pre2023,True,2011-05-04,2011-11-15,2011,grain corn,,grain corn,39.0,39.0,,True,0.0,2011,True,,2011-05-04,PlantDate proxy,6.5,True,,0.0,2011.0,,0.469572,0.0,0.75,0,,0.75,,-1.0780911578944223,-1.385104399542572,,1.1644739229751015,0.1421113822369062,,1,240,116,79,Siphon,2011-08-28,,,0,,,,,,unlisted_default_zero,0.0,10662.681855102594,893.7313590851126,127092.02021460386,2.478075512099207,reconstruction,volume_observation_or_prediction_event
,PE_bdf17111cc35249ef7aa,,,,,,,37,2012-05-15,2012,1,1,MT,OUT,False,AC,Siphon,"The results are averages of the 3 samples taken at different times. Before cultivation. OG Sample IDs "" MT1 I1, T1, T2, T3""",,,478986.27,False,0.34,0.75,MG/L,EPA300.0 [300OPHOS]_W,0.34,0.75,CSU_assumed_from_ALS_pre2023,True,2012-05-03,2012-11-01,2012,grain corn,2011-11-15,grain corn,97.3375,51.837500000000006,2011-11-15,False,0.0,2012,True,,2012-05-03,PlantDate proxy,51.837500000000006,False,2011-11-15,0.0,2012.0,,1.9089795124444444,0.0,0.75,0,,0.75,,-0.8963769412061846,-1.3139886553288336,,-1.3151477727398646,10.841775090256016,,1,136,12,170,Siphon,2012-05-15,,,0,,,,,,unlisted_default_zero,0.0,131.96514986959403,10.156380213729937,1583.719303317173,2.478075512099207,reconstruction,volume_observation_or_prediction_event
,PE_01ea2f88880fff50efcb,,,,,,,40,2012-05-16,2012,1,2,MT,OUT,False,AC,Siphon,"The results are averages of the 3 samples taken at different times. Before cultivation. OG Sample IDs "" MT2 I1, T1, T2, T3""",,,442968.75,False,0.34,0.75,MG/L,EPA300.0 [300OPHOS]_W,0.34,0.75,CSU_assumed_from_ALS_pre2023,True,2012-05-03,2012-11-01,2012,grain corn,2011-11-15,grain corn,97.3375,51.837500000000006,2011-11-15,False,0.0,2012,True,,2012-05-03,PlantDate proxy,51.837500000000006,False,2011-11-15,0.0,2012.0,,1.7652813083333332,0.0,0.75,0,,0.75,,-0.8963769412061846,-1.3139886553288336,,-1.3151477727398646,9.799461873501578,,1,137,13,169,Siphon,2012-05-16,,,0,,,,,,unlisted_default_zero,0.0,100.16478048963582,7.488184734780621,1204.712779739673,2.478075512099207,reconstruction,volume_observation_or_prediction_event
,PE_3b419c0bdb22b2b7c315,,,,,,,50,2012-06-11,2012,3,1,ST,OUT,False,AC,Siphon,"The results are averages of the 3 samples taken at different times. Before cultivation. . No TSS results in the ""2012 sediment load excel file""",,,75177.0,False,0.34,0.75,MG/L,EPA300.0 [300OPHOS]_W,0.34,0.75,CSU_assumed_from_ALS_pre2023,True,2012-05-03,2012-11-01,2012,grain corn,2011-11-15,grain corn,108.55,72.8,2011-11-15,False,0.0,2012,True,,2012-05-03,PlantDate proxy,56.712500000000006,False,2011-11-15,0.0,2012.0,,0.8029877171111112,0.0,0.75,0,,0.75,,-0.5996537266139992,-1.3003201696721542,,-0.3232990944538781,-0.8440861008798867,,1,163,39,143,Siphon,2012-06-11,,,0,,,,,,unlisted_default_zero,0.0,5834.3772560193265,488.6146653657172,69546.80999999837,2.478075512099207,reconstruction,volume_observation_or_prediction_event
,PE_a828a4cd4628108e4701,,,,,,,53,2012-06-12,2012,3,2,ST,OUT,False,AC,Siphon,"The results are averages of the 3 samples taken at different times. Before cultivation. . No TSS results in the ""2012 sediment load excel file""",,,64962.0,False,0.34,0.75,MG/L,EPA300.0 [300OPHOS]_W,0.34,0.75,CSU_assumed_from_ALS_pre2023,True,2012-05-03,2012-11-01,2012,grain corn,2011-11-15,grain corn,108.55,72.8,2011-11-15,False,0.0,2012,True,,2012-05-03,PlantDate proxy,56.712500000000006,False,2011-11-15,0.0,2012.0,,0.9590644183333332,0.0,0.75,0,,0.75,,-0.5996537266139992,-1.3003201696721542,,-0.3232990944538781,-1.1396986113788488,,1,164,40,142,Siphon,2012-06-12,,,0,,,,,,unlisted_default_zero,0.0,9355.7199323669,784.0713154631014,111515.24848388301,2.478075512099207,reconstruction,volume_observation_or_prediction_event
,PE_5d3101462bb3db890b29,,,,,,,64,2012-07-17,2012,5,2,MT,OUT,False,AC,Siphon,The results are averages of the 3 samples taken at different times. After cultivation.,,,95321.28,False,0.34,0.75,MG/L,EPA300.0 [300OPHOS]_W,0.34,0.75,CSU_assumed_from_ALS_pre2023,True,2012-05-03,2012-11-01,2012,grain corn,2011-11-15,grain corn,129.8375,84.3375,2011-11-15,False,0.0,2012,True,,2012-05-03,PlantDate proxy,51.837500000000006,False,2011-11-15,0.0,2012.0,,1.7652813083333332,0.0,0.75,0,,0.75,,-0.436340949590393,-1.2743698563239654,,0.6685495838321084,-0.2611295484575634,,1,199,75,107,Siphon,2012-07-17,,,0,,,,,,unlisted_default_zero,0.0,9835.775044932661,824.350120582948,117236.69206729696,2.478075512099207,reconstruction,volume_observation_or_prediction_event
,PE_69e7705e30f4fa9b6143,,,,,,,67,2012-07-24,2012,6,1,MT,OUT,,,Siphon,,,,105189.05,False,0.34,0.75,MG/L,EPA300.0 [300OPHOS]_W,0.34,0.75,ALS_pre2023,False,2012-05-03,2012-11-01,2012,grain corn,2011-11-15,grain corn,129.8375,84.3375,2011-11-15,False,0.0,2012,True,,2012-05-03,PlantDate proxy,51.837500000000006,False,2011-11-15,0.0,2012.0,,1.9089795124444444,0.0,0.75,0,,0.75,,-0.436340949590393,-1.2743698563239654,,1.1644739229751015,0.0244344518093327,,1,206,82,100,Siphon,2012-07-24,,,0,,,,,,unlisted_default_zero,0.0,12102.48558520392,1014.537433924353,144252.04121497457,2.478075512099207,reconstruction,volume_observation_or_prediction_event
,PE_fe2c74881a28e96903f0,,,,,,,68,2012-07-24,2012,6,1,ST,OUT,,,Siphon,,,,105189.05,False,0.34,0.75,MG/L,EPA300.0 [300OPHOS]_W,0.34,0.75,ALS_pre2023,False,2012-05-03,2012-11-01,2012,grain corn,2011-11-15,grain corn,126.425,90.675,2011-11-15,False,0.0,2012,True,,2012-05-03,PlantDate proxy,56.712500000000006,False,2011-11-15,0.0,2012.0,,0.8029877171111112,0.0,0.75,0,,0.75,,-0.3466339312253138,-1.2785298302194767,,1.1644739229751015,0.0244344518093327,,1,206,82,100,Siphon,2012-07-24,,,0,,,,,,unlisted_default_zero,0.0,10375.777121734975,869.6587483769143,123672.6018961449,2.478075512099207,reconstruction,volume_observation_or_prediction_event
,PE_fa3605fec991b5fdcb5e,,,,,,,69,2012-07-25,2012,6,2,CT,OUT,,,Siphon,,,,92670.81,False,0.34,0.75,MG/L,EPA300.0 [300OPHOS]_W,0.34,0.75,ALS_pre2023,False,2012-05-03,2012-11-01,2012,grain corn,2011-11-15,grain corn,485.07875,274.38125,2011-11-15,False,0.0,2012,True,,2012-05-03,PlantDate proxy,253.58125,False,2011-11-15,0.0,2012.0,,0.1550003101666666,0.0,0.75,0,,0.75,,2.2537195113829487,-0.8413165738012539,,1.1644739229751015,-0.3378316620847963,,1,207,83,99,Siphon,2012-07-25,,,0,,,,,,unlisted_default_zero,0.0,10078.953082241036,844.753862815417,120134.96225496128,2.478075512099207,reconstruction,volume_observation_or_prediction_event
,PE_cc5627c91253785c0d98,,,,,,,74,2012-07-31,2012,7,1,ST,OUT,False,AC,Siphon,The results are averages of the 3 samples taken at different times. After cultivation.,,,104059.53,False,0.34,0.75,MG/L,EPA300.0 [300OPHOS]_W,0.34,0.75,CSU_assumed_from_ALS_pre2023,True,2012-05-03,2012-11-01,2012,grain corn,2011-11-15,grain corn,126.425,90.675,2011-11-15,False,0.0,2012,True,,2012-05-03,PlantDate proxy,56.712500000000006,False,2011-11-15,0.0,2012.0,,0.8029877171111112,0.0,0.75,0,,0.75,,-0.3466339312253138,-1.2785298302194767,,1.6603982621180948,-0.0082527966349931,,1,213,89,93,Siphon,2012-07-31,,,0,,,,,,unlisted_default_zero,0.0,10811.45165443995,906.2138211990998,128865.10416172649,2.478075512099207,reconstruction,volume_observation_or_prediction_event
,PE_9a4ef4ab7be905b67891,,,,,,,81,2012-08-09,2012,8,2,CT,OUT,,,Siphon,,,,96715.37,False,0.34,0.75,MG/L,EPA300.0 [300OPHOS]_W,0.34,0.75,ALS_pre2023,False,2012-05-03,2012-11-01,2012,grain corn,2011-11-15,grain corn,485.07875,274.38125,2011-11-15,False,0.0,2012,True,,2012-05-03,PlantDate proxy,253.58125,False,2011-11-15,0.0,2012.0,,0.1550003101666666,0.0,0.75,0,,0.75,,2.2537195113829487,-0.8413165738012539,,2.1563226012610883,-0.2207858925827228,,1,222,98,84,Siphon,2012-08-09,,,0,,,,,,unlisted_default_zero,0.0,9542.555519105343,799.747670095527,113742.01212188408,2.478075512099207,reconstruction,volume_observation_or_prediction_event
,PE_406a96629a182935cae7,,,,,,,91,2012-08-30,2012,10,1,MT,OUT,,,Siphon,,,,82991.51,False,0.34,0.75,MG/L,EPA300.0 [300OPHOS]_W,0.34,0.75,ALS_pre2023,False,2012-05-03,2012-11-01,2012,grain corn,2011-11-15,grain corn,129.8375,84.3375,2011-11-15,False,0.0,2012,True,,2012-05-03,PlantDate proxy,51.837500000000006,False,2011-11-15,0.0,2012.0,,1.9089795124444444,0.0,0.75,0,,0.75,,-0.436340949590393,-1.2743698563239654,,3.148171279547075,-0.6179415174810376,,1,243,119,63,Siphon,2012-08-30,,,0,,,,,,unlisted_default_zero,0.0,10852.731080822545,909.677352629558,129357.08498438954,2.478075512099207,reconstruction,volume_observation_or_prediction_event
,PE_2a0d4bf170744820dad9,,,,,,,96,2013-06-19,2013,1,1,CT,OUT,,,Siphon,The analyte values are averages over the irrigation period,,,,False,0.34,0.75,MG/L,EPA300.0 [300OPHOS]_W,0.34,0.75,CSU_assumed_from_ALS_pre2023,True,2013-05-14,2013-09-30,2013,silage corn,2012-11-01,grain corn,679.185,187.60625,2012-11-01,False,0.0,2013,True,,2013-05-14,PlantDate proxy,172.98124999999993,False,2012-11-01,0.0,2013.0,,,0.0,0.75,0,,0.75,,1.0254234137687843,-0.6046932967446789,,-1.3151477727398646,,,1,170,36,103,Siphon,2013-06-19,,,0,,,,,,unlisted_default_zero,0.0,11975.930335820687,1003.9188734854148,142743.71706514692,2.478075512099207,reconstruction,volume_observation_or_prediction_event
,PE_c3597e2837d70a1714cc,,,,,,,97,2013-06-19,2013,1,1,MT,OUT,,,Siphon,,,,,False,0.34,0.75,MG/L,EPA300.0 [300OPHOS]_W,0.34,0.75,CSU_assumed_from_ALS_pre2023,True,2013-05-14,2013-09-30,2013,silage corn,2012-11-01,grain corn,211.16875,74.83124999999998,2012-11-01,False,0.0,2013,True,,2013-05-14,PlantDate proxy,60.20624999999998,False,2012-11-01,0.0,2013.0,,,0.0,0.75,0,,0.75,,-0.5709014771380124,-1.1752238118142828,,-1.3151477727398646,,,1,170,36,103,Siphon,2013-06-19,,,0,,,,,,unlisted_default_zero,0.0,13177.218600822449,1104.7124170853408,157061.03783877633,2.478075512099207,reconstruction,volume_observation_or_prediction_event
,PE_51d1d65a49a273a7a6a4,,,,,,,98,2013-06-19,2013,1,1,ST,OUT,,,Siphon,,,,,False,0.34,0.75,MG/L,EPA300.0 [300OPHOS]_W,0.34,0.75,CSU_assumed_from_ALS_pre2023,True,2013-05-14,2013-09-30,2013,silage corn,2012-11-01,grain corn,212.63125,79.70624999999998,2012-11-01,False,0.0,2013,True,,2013-05-14,PlantDate proxy,65.08124999999998,False,2012-11-01,0.0,2013.0,,,0.0,0.75,0,,0.75,,-0.5018960783956437,-1.1734409658590637,,-1.3151477727398646,,,1,170,36,103,Siphon,2013-06-19,,,0,,,,,,unlisted_default_zero,0.0,12373.338101017756,1037.2631906450276,147480.14429749784,2.478075512099207,reconstruction,volume_observation_or_prediction_event
,PE_dc2b363282afea49f001,,,,,,,99,2013-06-20,2013,1,2,CT,OUT,,,Siphon,,,,,False,0.34,0.75,MG/L,EPA300.0 [300OPHOS]_W,0.34,0.75,CSU_assumed_from_ALS_pre2023,True,2013-05-14,2013-09-30,2013,silage corn,2012-11-01,grain corn,679.185,187.60625,2012-11-01,False,0.0,2013,True,,2013-05-14,PlantDate proxy,172.98124999999993,False,2012-11-01,0.0,2013.0,,,0.0,0.75,0,,0.75,,1.0254234137687843,-0.6046932967446789,,-1.3151477727398646,,,1,171,37,102,Siphon,2013-06-20,,,0,,,,,,unlisted_default_zero,0.0,13345.015009438746,1118.791298167021,159060.88673168077,2.478075512099207,reconstruction,volume_observation_or_prediction_event
,PE_8dc09b4135fb27916f26,,,,,,,100,2013-06-20,2013,1,2,MT,OUT,,,Siphon,,,,,False,0.34,0.75,MG/L,EPA300.0 [300OPHOS]_W,0.34,0.75,CSU_assumed_from_ALS_pre2023,True,2013-05-14,2013-09-30,2013,silage corn,2012-11-01,grain corn,211.16875,74.83124999999998,2012-11-01,False,0.0,2013,True,,2013-05-14,PlantDate proxy,60.20624999999998,False,2012-11-01,0.0,2013.0,,,0.0,0.75,0,,0.75,,-0.5709014771380124,-1.1752238118142828,,-1.3151477727398646,,,1,171,37,102,Siphon,2013-06-20,,,0,,,,,,unlisted_default_zero,0.0,13408.798613494826,1124.1430323541333,159821.07922333697,2.478075512099207,reconstruction,volume_observation_or_prediction_event
,PE_0c5f6cae2ecb3b88339a,,,,,,,101,2013-06-20,2013,1,2,ST,OUT,,,Siphon,,,,,False,0.34,0.75,MG/L,EPA300.0 [300OPHOS]_W,0.34,0.75,CSU_assumed_from_ALS_pre2023,True,2013-05-14,2013-09-30,2013,silage corn,2012-11-01,grain corn,212.63125,79.70624999999998,2012-11-01,False,0.0,2013,True,,2013-05-14,PlantDate proxy,65.08124999999998,False,2012-11-01,0.0,2013.0,,,0.0,0.75,0,,0.75,,-0.5018960783956437,-1.1734409658590637,,-1.3151477727398646,,,1,171,37,102,Siphon,2013-06-20,,,0,,,,,,unlisted_default_zero,0.0,10835.263336500162,908.2117295145699,129148.89906770206,2.478075512099207,reconstruction,volume_observation_or_prediction_event
,PE_0609bb3a38fc48d18c44,,,,,,,102,2013-07-02,2013,2,1,CT,OUT,False,AC,Siphon,The analyte values are averages of 6 samples over the irrigation period,,,,False,0.34,0.75,MG/L,EPA300.0 [300OPHOS]_W,0.34,0.75,CSU_assumed_from_ALS_pre2023,True,2013-05-14,2013-09-30,2013,silage corn,2012-11-01,grain corn,679.185,187.60625,2012-11-01,False,0.0,2013,True,,2013-05-14,PlantDate proxy,172.98124999999993,False,2012-11-01,0.0,2013.0,,,0.0,0.75,0,,0.75,,1.0254234137687843,-0.6046932967446789,,-0.8192234335968713,,,1,183,49,90,Siphon,2013-07-02,,,0,,,,,,unlisted_default_zero,0.0,10455.035775686163,876.3089095625718,124617.23076314176,2.478075512099207,reconstruction,volume_observation_or_prediction_event
,PE_1bd1f8a68c1dc49b3965,,,,,,,115,2013-07-30,2013,4,1,MT,OUT,False,AC,Siphon,The analyte values are averages of 6 samples over the irrigation period,,,108000.0,False,0.34,0.75,MG/L,EPA300.0 [300OPHOS]_W,0.34,0.75,CSU_assumed_from_ALS_pre2023,True,2013-05-14,2013-09-30,2013,silage corn,2012-11-01,grain corn,211.16875,74.83124999999998,2012-11-01,False,0.0,2013,True,,2013-05-14,PlantDate proxy,60.20624999999998,False,2012-11-01,0.0,2013.0,,,0.0,0.75,0,,0.75,,-0.5709014771380124,-1.1752238118142828,,0.1726252446891151,0.1057807059832981,,1,211,77,62,Siphon,2013-07-30,,,0,,,,,,unlisted_default_zero,0.0,11785.797790086197,987.9658890131772,140477.65926195748,2.478075512099207,reconstruction,volume_observation_or_prediction_event
,PE_113a8b8781b7a42b7a0c,,,,,,,118,2013-07-31,2013,4,2,MT,OUT,False,AC,Siphon,The analyte values are averages of 6 samples over the irrigation period,,,109714.29,False,0.34,0.75,MG/L,EPA300.0 [300OPHOS]_W,0.34,0.75,CSU_assumed_from_ALS_pre2023,True,2013-05-14,2013-09-30,2013,silage corn,2012-11-01,grain corn,211.16875,74.83124999999998,2012-11-01,False,0.0,2013,True,,2013-05-14,PlantDate proxy,60.20624999999998,False,2012-11-01,0.0,2013.0,,,0.0,0.75,0,,0.75,,-0.5709014771380124,-1.1752238118142828,,0.1726252446891151,0.1553906492650665,,1,212,78,61,Siphon,2013-07-31,,,0,,,,,,unlisted_default_zero,0.0,11843.215205708297,992.7834710653025,141161.97757372662,2.478075512099207,reconstruction,volume_observation_or_prediction_event
,PE_d7412eb08e900574222a,,,,,,,121,2013-08-08,2013,5,1,MT,OUT,,,Siphon,,,,,False,0.34,0.75,MG/L,EPA300.0 [300OPHOS]_W,0.34,0.75,CSU_assumed_from_ALS_pre2023,True,2013-05-14,2013-09-30,2013,silage corn,2012-11-01,grain corn,211.16875,74.83124999999998,2012-11-01,False,0.0,2013,True,,2013-05-14,PlantDate proxy,60.20624999999998,False,2012-11-01,0.0,2013.0,,,0.0,0.75,0,,0.75,,-0.5709014771380124,-1.1752238118142828,,0.6685495838321084,,,1,220,86,53,Siphon,2013-08-08,,,0,,,,,,unlisted_default_zero,0.0,12587.39369293743,1055.223427388814,150031.32427834833,2.478075512099207,reconstruction,volume_observation_or_prediction_event
,PE_4265f591b8d06dcbc8b8,,,,,,,162,2014-07-22,2014,2,2,MT,OUT,,,Siphon,,,,95319.15,False,0.34,0.75,MG/L,EPA300.0 [300OPHOS]_W,0.34,0.75,ALS_pre2023,False,2014-05-06,2014-12-02,2014,grain corn,2013-09-30,silage corn,256.60375,38.935,2013-09-30,False,0.0,2014,True,,2014-05-06,PlantDate proxy,24.31,False,2013-09-30,0.0,2014.0,,,0.0,0.75,0,,0.75,,-1.079011229877654,-1.119836730805477,,-0.8192234335968713,-0.2611911886579907,,1,203,77,133,Siphon,2014-07-22,,,0,,,,,,unlisted_default_zero,0.0,7933.477385558417,664.7387036930194,94564.52703441388,2.478075512099207,reconstruction,volume_observation_or_prediction_event
,PE_28a3ad7db7957a75e475,,,,,,,168,2014-08-04,2014,3,1,MT,OUT,True,FALSE,Siphon,,,,112956.41,False,0.34,0.75,MG/L,EPA300.0 [300OPHOS]_W,0.34,0.75,CSU_assumed_from_ALS_pre2023,True,2014-05-06,2014-12-02,2014,grain corn,2013-09-30,silage corn,256.60375,38.935,2013-09-30,False,0.0,2014,True,,2014-05-06,PlantDate proxy,24.31,False,2013-09-30,0.0,2014.0,,,0.0,0.75,0,,0.75,,-1.079011229877654,-1.119836730805477,,-0.3232990944538781,0.2492145584710281,,1,216,90,120,Siphon,2014-08-04,,,0,,,,,,unlisted_default_zero,0.0,10035.256048902074,841.0874831766951,119614.16765353459,2.478075512099207,reconstruction,volume_observation_or_prediction_event
,PE_a929afd926dcc59da1cd,,,,,,,193,2014-09-09,2014,5,1,CT,OUT,,,Siphon,,,,112416.36,False,0.34,0.75,MG/L,EPA300.0 [300OPHOS]_W,0.34,0.75,ALS_pre2023,False,2014-05-06,2014-12-02,2014,grain corn,2013-09-30,silage corn,872.43,186.745,2013-09-30,False,0.0,2014,True,,2014-05-06,PlantDate proxy,172.12,False,2013-09-30,0.0,2014.0,,,0.0,0.75,0,,0.75,,1.013232459990966,-0.3691199178617326,,0.6685495838321084,0.233586018451942,,1,252,126,84,Siphon,2014-09-09,,,0,,,,,,unlisted_default_zero,0.0,13223.584991933876,1108.6027679696508,157613.6466621525,2.478075512099207,reconstruction,volume_observation_or_prediction_event
,PE_ae71f26e9166fb13ee9c,,,,,,,194,2014-09-09,2014,5,1,MT,OUT,,,Siphon,,,,112416.36,False,0.34,0.75,MG/L,EPA300.0 [300OPHOS]_W,0.34,0.75,ALS_pre2023,False,2014-05-06,2014-12-02,2014,grain corn,2013-09-30,silage corn,256.60375,38.935,2013-09-30,False,0.0,2014,True,,2014-05-06,PlantDate proxy,24.31,False,2013-09-30,0.0,2014.0,,,0.0,0.75,0,,0.75,,-1.079011229877654,-1.119836730805477,,0.6685495838321084,0.233586018451942,,1,252,126,84,Siphon,2014-09-09,,,0,,,,,,unlisted_default_zero,0.0,10678.816005581566,895.0850876173292,127284.31195218868,2.478075512099207,reconstruction,volume_observation_or_prediction_event
,PE_1ebff2d4e49b119d2aae,,,,,,,195,2014-09-09,2014,5,1,ST,OUT,,,Siphon,,,,112416.36,False,0.34,0.75,MG/L,EPA300.0 [300OPHOS]_W,0.34,0.75,ALS_pre2023,False,2014-05-06,2014-12-02,2014,grain corn,2013-09-30,silage corn,258.06625,38.93499999999997,2013-09-30,False,0.0,2014,True,,2014-05-06,PlantDate proxy,24.31,False,2013-09-30,0.0,2014.0,,,0.0,0.75,0,,0.75,,-1.0790112298776544,-1.118053884850258,,0.6685495838321084,0.233586018451942,,1,252,126,84,Siphon,2014-09-09,,,0,,,,,,unlisted_default_zero,0.0,10935.054927964056,916.5846974508772,130338.24576085214,2.478075512099207,reconstruction,volume_observation_or_prediction_event
,PE_07fb872524ea7e0b9145,,,,,,,196,2014-09-10,2014,5,2,CT,OUT,,,Siphon,,,,106291.74,False,0.34,0.75,MG/L,EPA300.0 [300OPHOS]_W,0.34,0.75,ALS_pre2023,False,2014-05-06,2014-12-02,2014,grain corn,2013-09-30,silage corn,872.43,186.745,2013-09-30,False,0.0,2014,True,,2014-05-06,PlantDate proxy,172.12,False,2013-09-30,0.0,2014.0,,,0.0,0.75,0,,0.75,,1.013232459990966,-0.3691199178617326,,0.6685495838321084,0.056345265240767,,1,253,127,83,Siphon,2014-09-10,,,0,,,,,,unlisted_default_zero,0.0,12884.169661884835,1080.1242796130439,153568.3910000635,2.478075512099207,reconstruction,volume_observation_or_prediction_event
,PE_beeac198e54979c8cb07,,,,,,,197,2014-09-10,2014,5,2,MT,OUT,,,Siphon,,,,106291.74,False,0.34,0.75,MG/L,EPA300.0 [300OPHOS]_W,0.34,0.75,ALS_pre2023,False,2014-05-06,2014-12-02,2014,grain corn,2013-09-30,silage corn,256.60375,38.935,2013-09-30,False,0.0,2014,True,,2014-05-06,PlantDate proxy,24.31,False,2013-09-30,0.0,2014.0,,,0.0,0.75,0,,0.75,,-1.079011229877654,-1.119836730805477,,0.6685495838321084,0.056345265240767,,1,253,127,83,Siphon,2014-09-10,,,0,,,,,,unlisted_default_zero,0.0,9671.340386044034,810.5533055778453,115276.9095353269,2.478075512099207,reconstruction,volume_observation_or_prediction_event
,PE_a04c61d433646e61a6a1,,,,,,,198,2014-09-10,2014,5,2,ST,OUT,,,Siphon,,,,106291.74,False,0.34,0.75,MG/L,EPA300.0 [300OPHOS]_W,0.34,0.75,ALS_pre2023,False,2014-05-06,2014-12-02,2014,grain corn,2013-09-30,silage corn,258.06625,38.93499999999997,2013-09-30,False,0.0,2014,True,,2014-05-06,PlantDate proxy,24.31,False,2013-09-30,0.0,2014.0,,,0.0,0.75,0,,0.75,,-1.0790112298776544,-1.118053884850258,,0.6685495838321084,0.056345265240767,,1,253,127,83,Siphon,2014-09-10,,,0,,,,,,unlisted_default_zero,0.0,8474.159943144028,710.104426916533,101008.54704125912,2.478075512099207,reconstruction,volume_observation_or_prediction_event
,PE_0503afb14c99d9e82049,,,,,,,372,2018-06-28,2018,1,1,CT,OUT,False,TRUE,Siphon,"ISCO was located in the ditch, sampling both reps at the same time. Data from ISCO is not included in this spreadsheet. new sampling protocol, hail damage, tricky year",,,,False,0.34,0.75,MG/L,EPA300.0 [300OPHOS]_W,0.34,0.75,ALS_pre2023,False,2018-05-18,2018-09-04,2018,dry beans,2017-10-13,silage corn,1703.66625,164.22250000000008,2017-10-13,False,0.0,2018,True,2018-05-22,2018-05-22,user-confirmed measurement date,147.40375000000017,False,2017-10-13,0.0,2018.0,0.0,,2.0,0.75,0,,0.75,,0.6944275178012237,0.6441902948862781,,-1.3151477727398646,,1e-06,1,179,41,68,Siphon,2018-06-28,,,0,,,,,,unlisted_default_zero,0.0,17288.316949163225,1449.652247673349,206058.36470856564,2.478075512099207,reconstruction,volume_observation_or_prediction_event
,PE_5398d3995ed7cd1e0676,,,,,,,373,2018-06-28,2018,1,1,MT,OUT,False,TRUE,Siphon,"ISCO was located in the ditch, sampling both reps at the same time. Data from ISCO is not included in this spreadsheet. new sampling protocol, hail damage, tricky year",,,,False,0.34,0.75,MG/L,EPA300.0 [300OPHOS]_W,0.34,0.75,ALS_pre2023,False,2018-05-18,2018-09-04,2018,dry beans,2017-10-13,silage corn,557.7,43.71250000000009,2017-10-13,False,0.0,2018,True,2018-05-22,2018-05-22,user-confirmed measurement date,26.893750000000068,False,2017-10-13,0.0,2018.0,18.0,,2.0,0.75,0,,0.75,,-1.0113859391101312,-0.7527883674248759,,-1.3151477727398646,,0.18,1,179,41,68,Siphon,2018-06-28,,,0,,,,,,unlisted_default_zero,0.0,12978.187886729287,1088.0128358581453,154688.9289449363,2.478075512099207,reconstruction,volume_observation_or_prediction_event
,PE_b591ad8fc1edd74ecb16,,,,,,,374,2018-06-28,2018,1,1,ST,OUT,False,TRUE,Siphon,"ISCO was located in the ditch, sampling both reps at the same time. Data from ISCO is not included in this spreadsheet. new sampling protocol, hail damage, tricky year",,,,False,0.34,0.75,MG/L,EPA300.0 [300OPHOS]_W,0.34,0.75,ALS_pre2023,False,2018-05-18,2018-09-04,2018,dry beans,2017-10-13,silage corn,548.16125,43.71249999999998,2017-10-13,False,0.0,2018,True,2018-05-22,2018-05-22,user-confirmed measurement date,26.893749999999955,False,2017-10-13,0.0,2018.0,16.0,,2.0,0.75,0,,0.75,,-1.011385939110133,-0.7644164849328048,,-1.3151477727398646,,0.16,1,179,41,68,Siphon,2018-06-28,,,0,,,,,,unlisted_default_zero,0.0,14359.908537197049,1203.9454764101915,171156.69804635693,2.478075512099207,reconstruction,volume_observation_or_prediction_event
,PE_06cf6ee8f5f1de6d062c,,,,,,,375,2018-06-28,2018,1,2,CT,OUT,False,TRUE,Siphon,"ISCO was located in the ditch, sampling both reps at the same time. Data from ISCO is not included in this spreadsheet. new sampling protocol, hail damage, tricky year",,,,False,0.34,0.75,MG/L,EPA300.0 [300OPHOS]_W,0.34,0.75,ALS_pre2023,False,2018-05-18,2018-09-04,2018,dry beans,2017-10-13,silage corn,1703.66625,164.22250000000008,2017-10-13,False,0.0,2018,True,2018-05-22,2018-05-22,user-confirmed measurement date,147.40375000000017,False,2017-10-13,0.0,2018.0,2.0,,2.0,0.75,0,,0.75,,0.6944275178012237,0.6441902948862781,,-1.3151477727398646,,0.02,1,179,41,68,Siphon,2018-06-28,,,0,,,,,,unlisted_default_zero,0.0,17644.862571023026,1479.5680453459715,210307.78442515,2.478075512099207,reconstruction,volume_observation_or_prediction_event
,PE_cef31bb952fb70e29aa3,,,,,,,376,2018-06-28,2018,1,2,MT,OUT,False,TRUE,Siphon,"ISCO was located in the ditch, sampling both reps at the same time. Data from ISCO is not included in this spreadsheet. new sampling protocol, hail damage, tricky year",,,,False,0.34,0.75,MG/L,EPA300.0 [300OPHOS]_W,0.34,0.75,ALS_pre2023,False,2018-05-18,2018-09-04,2018,dry beans,2017-10-13,silage corn,557.7,43.71250000000009,2017-10-13,False,0.0,2018,True,2018-05-22,2018-05-22,user-confirmed measurement date,26.893750000000068,False,2017-10-13,0.0,2018.0,21.0,,2.0,0.75,0,,0.75,,-1.0113859391101312,-0.7527883674248759,,-1.3151477727398646,,0.21,1,179,41,68,Siphon,2018-06-28,,,0,,,,,,unlisted_default_zero,0.0,12607.35087504529,1056.8979256449982,150269.1800755791,2.478075512099207,reconstruction,volume_observation_or_prediction_event
,PE_915ee54b710bdb591c91,,,,,,,377,2018-06-28,2018,1,2,ST,OUT,False,TRUE,Siphon,"ISCO was located in the ditch, sampling both reps at the same time. Data from ISCO is not included in this spreadsheet. new sampling protocol, hail damage, tricky year",,,,False,0.34,0.75,MG/L,EPA300.0 [300OPHOS]_W,0.34,0.75,ALS_pre2023,False,2018-05-18,2018-09-04,2018,dry beans,2017-10-13,silage corn,548.16125,43.71249999999998,2017-10-13,False,0.0,2018,True,2018-05-22,2018-05-22,user-confirmed measurement date,26.893749999999955,False,2017-10-13,0.0,2018.0,26.0,,2.0,0.75,0,,0.75,,-1.011385939110133,-0.7644164849328048,,-1.3151477727398646,,0.26,1,179,41,68,Siphon,2018-06-28,,,0,,,,,,unlisted_default_zero,0.0,13620.266688464226,1141.8861646691648,162341.42038617522,2.478075512099207,reconstruction,volume_observation_or_prediction_event
,PE_7d494ede1d52d93f917c,,,,,,,378,2018-07-09,2018,2,1,CT,OUT,False,TRUE,Siphon,"ISCO was located in the ditch, sampling both reps at the same time. Data from ISCO is not included in this spreadsheet. new sampling protocol, hail damage, tricky year",,,,False,0.34,0.75,MG/L,EPA300.0 [300OPHOS]_W,0.34,0.75,ALS_pre2023,False,2018-05-18,2018-09-04,2018,dry beans,2017-10-13,silage corn,1703.66625,164.22250000000008,2017-10-13,False,0.0,2018,True,2018-05-22,2018-05-22,user-confirmed measurement date,147.40375000000017,False,2017-10-13,0.0,2018.0,0.0,,2.0,0.75,0,,0.75,,0.6944275178012237,0.6441902948862781,,-0.8192234335968713,,1e-06,1,190,52,57,Siphon,2018-07-09,,,0,,,,,,unlisted_default_zero,0.0,16259.460960920374,1363.3265555557714,193796.14452153895,2.478075512099207,reconstruction,volume_observation_or_prediction_event
,PE_1e64cd46783542f338bd,,,,,,,379,2018-07-09,2018,2,1,MT,OUT,False,TRUE,Siphon,"ISCO was located in the ditch, sampling both reps at the same time. Data from ISCO is not included in this spreadsheet. new sampling protocol, hail damage, tricky year",,,,False,0.34,0.75,MG/L,EPA300.0 [300OPHOS]_W,0.34,0.75,ALS_pre2023,False,2018-05-18,2018-09-04,2018,dry beans,2017-10-13,silage corn,557.7,43.71250000000009,2017-10-13,False,0.0,2018,True,2018-05-22,2018-05-22,user-confirmed measurement date,26.893750000000068,False,2017-10-13,0.0,2018.0,18.0,,2.0,0.75,0,,0.75,,-1.0113859391101312,-0.7527883674248759,,-0.8192234335968713,,0.18,1,190,52,57,Siphon,2018-07-09,,,0,,,,,,unlisted_default_zero,0.0,12089.350417853102,1013.4353337027504,144095.49227509377,2.478075512099207,reconstruction,volume_observation_or_prediction_event
,PE_b13c99904ac0e5122f2f,,,,,,,380,2018-07-09,2018,2,1,ST,OUT,False,TRUE,Siphon,"ISCO was located in the ditch, sampling both reps at the same time. Data from ISCO is not included in this spreadsheet. new sampling protocol, hail damage, tricky year",,,,False,0.34,0.75,MG/L,EPA300.0 [300OPHOS]_W,0.34,0.75,ALS_pre2023,False,2018-05-18,2018-09-04,2018,dry beans,2017-10-13,silage corn,548.16125,43.71249999999998,2017-10-13,False,0.0,2018,True,2018-05-22,2018-05-22,user-confirmed measurement date,26.893749999999955,False,2017-10-13,0.0,2018.0,16.0,,2.0,0.75,0,,0.75,,-1.011385939110133,-0.7644164849328048,,-0.8192234335968713,,0.16,1,190,52,57,Siphon,2018-07-09,,,0,,,,,,unlisted_default_zero,0.0,13852.621305086013,1161.3817727287988,165110.69373739947,2.478075512099207,reconstruction,volume_observation_or_prediction_event
,PE_64205c4aab501e7ade95,,,,,,,381,2018-07-09,2018,2,2,CT,OUT,False,TRUE,Siphon,"ISCO was located in the ditch, sampling both reps at the same time. Data from ISCO is not included in this spreadsheet. new sampling protocol, hail damage, tricky year",,,,False,0.34,0.75,MG/L,EPA300.0 [300OPHOS]_W,0.34,0.75,ALS_pre2023,False,2018-05-18,2018-09-04,2018,dry beans,2017-10-13,silage corn,1703.66625,164.22250000000008,2017-10-13,False,0.0,2018,True,2018-05-22,2018-05-22,user-confirmed measurement date,147.40375000000017,False,2017-10-13,0.0,2018.0,2.0,,2.0,0.75,0,,0.75,,0.6944275178012237,0.6441902948862781,,-0.8192234335968713,,0.02,1,190,52,57,Siphon,2018-07-09,,,0,,,,,,unlisted_default_zero,0.0,17132.774249042628,1436.6015084103356,204204.5592594462,2.478075512099207,reconstruction,volume_observation_or_prediction_event
,PE_27f99a360d626c266301,,,,,,,382,2018-07-09,2018,2,2,MT,OUT,False,TRUE,Siphon,"ISCO was located in the ditch, sampling both reps at the same time. Data from ISCO is not included in this spreadsheet. new sampling protocol, hail damage, tricky year",,,,False,0.34,0.75,MG/L,EPA300.0 [300OPHOS]_W,0.34,0.75,ALS_pre2023,False,2018-05-18,2018-09-04,2018,dry beans,2017-10-13,silage corn,557.7,43.71250000000009,2017-10-13,False,0.0,2018,True,2018-05-22,2018-05-22,user-confirmed measurement date,26.893750000000068,False,2017-10-13,0.0,2018.0,21.0,,2.0,0.75,0,,0.75,,-1.0113859391101312,-0.7527883674248759,,-0.8192234335968713,,0.21,1,190,52,57,Siphon,2018-07-09,,,0,,,,,,unlisted_default_zero,0.0,12264.383161109792,1028.121376139727,146181.58601637467,2.478075512099207,reconstruction,volume_observation_or_prediction_event
,PE_4b3ed7bf50264a74706d,,,,,,,383,2018-07-09,2018,2,2,ST,OUT,False,TRUE,Siphon,"ISCO was located in the ditch, sampling both reps at the same time. Data from ISCO is not included in this spreadsheet. new sampling protocol, hail damage, tricky year",,,,False,0.34,0.75,MG/L,EPA300.0 [300OPHOS]_W,0.34,0.75,ALS_pre2023,False,2018-05-18,2018-09-04,2018,dry beans,2017-10-13,silage corn,548.16125,43.71249999999998,2017-10-13,False,0.0,2018,True,2018-05-22,2018-05-22,user-confirmed measurement date,26.893749999999955,False,2017-10-13,0.0,2018.0,26.0,,2.0,0.75,0,,0.75,,-1.011385939110133,-0.7644164849328048,,-0.8192234335968713,,0.26,1,190,52,57,Siphon,2018-07-09,,,0,,,,,,unlisted_default_zero,0.0,13614.113807036214,1141.3699099611588,162268.08846439334,2.478075512099207,reconstruction,volume_observation_or_prediction_event
,PE_fa5a88f5fe4cbceab8ff,,,,,,,384,2018-07-23,2018,3,1,CT,OUT,False,TRUE,Siphon,"ISCO was located in the ditch, sampling both reps at the same time. Data from ISCO is not included in this spreadsheet. new sampling protocol, hail damage, tricky year",,,,False,0.34,0.75,MG/L,EPA300.0 [300OPHOS]_W,0.34,0.75,ALS_pre2023,False,2018-05-18,2018-09-04,2018,dry beans,2017-10-13,silage corn,1718.29125,178.84750000000008,2017-10-13,False,0.0,2018,True,2018-05-22,2018-05-22,user-confirmed measurement date,147.40375000000017,False,2017-10-13,0.0,2018.0,0.0,,2.0,0.75,0,,0.75,,0.90144371402833,0.6620187544384688,,-0.3232990944538781,,1e-06,1,204,66,43,Siphon,2018-07-23,,,0,,,,,,unlisted_default_zero,0.0,16215.564448516423,1359.643438717145,193272.9724676356,2.478075512099207,reconstruction,volume_observation_or_prediction_event
,PE_68a15fb356b9d6e019b5,,,,,,,385,2018-07-23,2018,3,1,MT,OUT,False,TRUE,Siphon,"ISCO was located in the ditch, sampling both reps at the same time. Data from ISCO is not included in this spreadsheet. new sampling protocol, hail damage, tricky year",,,,False,0.34,0.75,MG/L,EPA300.0 [300OPHOS]_W,0.34,0.75,ALS_pre2023,False,2018-05-18,2018-09-04,2018,dry beans,2017-10-13,silage corn,572.325,58.33750000000009,2017-10-13,False,0.0,2018,True,2018-05-22,2018-05-22,user-confirmed measurement date,26.893750000000068,False,2017-10-13,0.0,2018.0,18.0,,2.0,0.75,0,,0.75,,-0.8043697428830251,-0.7349599078726853,,-0.3232990944538781,,0.18,1,204,66,43,Siphon,2018-07-23,,,0,,,,,,unlisted_default_zero,0.0,11189.845230790448,937.9627615217292,133374.91447880553,2.478075512099207,reconstruction,volume_observation_or_prediction_event
,PE_be7aad6167b8d6e29614,,,,,,,386,2018-07-23,2018,3,1,ST,OUT,False,TRUE,Siphon,"ISCO was located in the ditch, sampling both reps at the same time. Data from ISCO is not included in this spreadsheet. new sampling protocol, hail damage, tricky year",,,,False,0.34,0.75,MG/L,EPA300.0 [300OPHOS]_W,0.34,0.75,ALS_pre2023,False,2018-05-18,2018-09-04,2018,dry beans,2017-10-13,silage corn,562.78625,58.33749999999998,2017-10-13,False,0.0,2018,True,2018-05-22,2018-05-22,user-confirmed measurement date,26.893749999999955,False,2017-10-13,0.0,2018.0,16.0,,2.0,0.75,0,,0.75,,-0.8043697428830267,-0.7465880253806141,,-0.3232990944538781,,0.16,1,204,66,43,Siphon,2018-07-23,,,0,,,,,,unlisted_default_zero,0.0,12492.159123174395,1047.2328142784654,148896.28956290145,2.478075512099207,reconstruction,volume_observation_or_prediction_event
,PE_661a73f57cd0904e935e,,,,,,,387,2018-07-23,2018,3,2,CT,OUT,False,TRUE,Siphon,"ISCO was located in the ditch, sampling both reps at the same time. Data from ISCO is not included in this spreadsheet. new sampling protocol, hail damage, tricky year",,,,False,0.34,0.75,MG/L,EPA300.0 [300OPHOS]_W,0.34,0.75,ALS_pre2023,False,2018-05-18,2018-09-04,2018,dry beans,2017-10-13,silage corn,1718.29125,178.84750000000008,2017-10-13,False,0.0,2018,True,2018-05-22,2018-05-22,user-confirmed measurement date,147.40375000000017,False,2017-10-13,0.0,2018.0,2.0,,2.0,0.75,0,,0.75,,0.90144371402833,0.6620187544384688,,-0.3232990944538781,,0.02,1,204,66,43,Siphon,2018-07-23,,,0,,,,,,unlisted_default_zero,0.0,16694.54054923684,1399.8317098405753,198981.55605802502,2.478075512099207,reconstruction,volume_observation_or_prediction_event
,PE_041660a509b242990967,,,,,,,388,2018-07-23,2018,3,2,MT,OUT,False,TRUE,Siphon,"ISCO was located in the ditch, sampling both reps at the same time. Data from ISCO is not included in this spreadsheet. new sampling protocol, hail damage, tricky year",,,,False,0.34,0.75,MG/L,EPA300.0 [300OPHOS]_W,0.34,0.75,ALS_pre2023,False,2018-05-18,2018-09-04,2018,dry beans,2017-10-13,silage corn,572.325,58.33750000000009,2017-10-13,False,0.0,2018,True,2018-05-22,2018-05-22,user-confirmed measurement date,26.893750000000068,False,2017-10-13,0.0,2018.0,21.0,,2.0,0.75,0,,0.75,,-0.8043697428830251,-0.7349599078726853,,-0.3232990944538781,,0.21,1,204,66,43,Siphon,2018-07-23,,,0,,,,,,unlisted_default_zero,0.0,11482.194748332407,962.4922143610438,136859.2253995138,2.478075512099207,reconstruction,volume_observation_or_prediction_event
,PE_a607eca0d188cf22b135,,,,,,,389,2018-07-23,2018,3,2,ST,OUT,False,TRUE,Siphon,"ISCO was located in the ditch, sampling both reps at the same time. Data from ISCO is not included in this spreadsheet. new sampling protocol, hail damage, tricky year",,,,False,0.34,0.75,MG/L,EPA300.0 [300OPHOS]_W,0.34,0.75,ALS_pre2023,False,2018-05-18,2018-09-04,2018,dry beans,2017-10-13,silage corn,562.78625,58.33749999999998,2017-10-13,False,0.0,2018,True,2018-05-22,2018-05-22,user-confirmed measurement date,26.893749999999955,False,2017-10-13,0.0,2018.0,26.0,,2.0,0.75,0,,0.75,,-0.8043697428830267,-0.7465880253806141,,-0.3232990944538781,,0.26,1,204,66,43,Siphon,2018-07-23,,,0,,,,,,unlisted_default_zero,0.0,11543.087826149374,967.6014202633166,137584.9677158241,2.478075512099207,reconstruction,volume_observation_or_prediction_event
,PE_2bbc899d26154b6d1225,,,,,,,390,2018-09-18,2018,4,1,CT,OUT,False,TRUE,Siphon,"ISCO was located in the ditch, sampling both reps at the same time. Data from ISCO is not included in this spreadsheet. new sampling protocol, hail damage, tricky year",,,,False,0.34,0.75,MG/L,EPA300.0 [300OPHOS]_W,0.34,0.75,ALS_pre2023,False,2018-09-15,2019-08-02,2018,winter wheat,2018-09-04,dry beans,1776.98625,45.694999999999936,2018-09-04,False,0.0,2018,False,,2018-09-15,PlantDate proxy,45.694999999999936,False,2018-09-04,0.0,,,,,0.75,0,,0.75,,-0.9833237436215702,0.7335703054412607,,0.1726252446891151,,,1,261,3,318,Siphon,2018-09-18,,,0,,,,,,unlisted_default_zero,0.0,11889.472744945442,996.6646887827817,141713.28906718927,2.478075512099207,reconstruction,volume_observation_or_prediction_event
,PE_99cc1e2e72ab1b968958,,,,,,,391,2018-09-18,2018,4,1,MT,OUT,False,TRUE,Siphon,"ISCO was located in the ditch, sampling both reps at the same time. Data from ISCO is not included in this spreadsheet. new sampling protocol, hail damage, tricky year",,,,False,0.34,0.75,MG/L,EPA300.0 [300OPHOS]_W,0.34,0.75,ALS_pre2023,False,2018-09-15,2019-08-02,2018,winter wheat,2018-09-04,dry beans,631.02,45.694999999999936,2018-09-04,False,0.0,2018,False,,2018-09-15,PlantDate proxy,45.694999999999936,False,2018-09-04,0.0,,,,,0.75,0,,0.75,,-0.9833237436215702,-0.6634083568698934,,0.1726252446891151,,,1,261,3,318,Siphon,2018-09-18,,,0,,,,,,unlisted_default_zero,0.0,8799.421620031357,737.3953594644173,104885.11513822431,2.478075512099207,reconstruction,volume_observation_or_prediction_event
,PE_f307c47ed6f329163fac,,,,,,,392,2018-09-18,2018,4,1,ST,OUT,False,TRUE,Siphon,"ISCO was located in the ditch, sampling both reps at the same time. Data from ISCO is not included in this spreadsheet. new sampling protocol, hail damage, tricky year",,,,False,0.34,0.75,MG/L,EPA300.0 [300OPHOS]_W,0.34,0.75,ALS_pre2023,False,2018-09-15,2019-08-02,2018,winter wheat,2018-09-04,dry beans,621.48125,45.69500000000005,2018-09-04,False,0.0,2018,False,,2018-09-15,PlantDate proxy,45.69500000000005,False,2018-09-04,0.0,,,,,0.75,0,,0.75,,-0.9833237436215686,-0.6750364743778221,,0.1726252446891151,,,1,261,3,318,Siphon,2018-09-18,,,0,,,,,,unlisted_default_zero,0.0,11041.581101264162,925.522727402449,131607.85725907344,2.478075512099207,reconstruction,volume_observation_or_prediction_event
,PE_c32a2a3d88d9ec350dc6,,,,,,,393,2018-09-18,2018,4,2,CT,OUT,False,TRUE,Siphon,"ISCO was located in the ditch, sampling both reps at the same time. Data from ISCO is not included in this spreadsheet. new sampling protocol, hail damage, tricky year",,,,False,0.34,0.75,MG/L,EPA300.0 [300OPHOS]_W,0.34,0.75,ALS_pre2023,False,2018-09-15,2019-08-02,2018,winter wheat,2018-09-04,dry beans,1776.98625,45.694999999999936,2018-09-04,False,0.0,2018,False,,2018-09-15,PlantDate proxy,45.694999999999936,False,2018-09-04,0.0,,,,,0.75,0,,0.75,,-0.9833237436215702,0.7335703054412607,,0.1726252446891151,,,1,261,3,318,Siphon,2018-09-18,,,0,,,,,,unlisted_default_zero,0.0,11170.774451440042,936.3626364843495,133147.62310060958,2.478075512099207,reconstruction,volume_observation_or_prediction_event
,PE_7f00e3bef63095e44dba,,,,,,,394,2018-09-18,2018,4,2,MT,OUT,False,TRUE,Siphon,"ISCO was located in the ditch, sampling both reps at the same time. Data from ISCO is not included in this spreadsheet. new sampling protocol, hail damage, tricky year",,,,False,0.34,0.75,MG/L,EPA300.0 [300OPHOS]_W,0.34,0.75,ALS_pre2023,False,2018-09-15,2019-08-02,2018,winter wheat,2018-09-04,dry beans,631.02,45.694999999999936,2018-09-04,False,0.0,2018,False,,2018-09-15,PlantDate proxy,45.694999999999936,False,2018-09-04,0.0,,,,,0.75,0,,0.75,,-0.9833237436215702,-0.6634083568698934,,0.1726252446891151,,,1,261,3,318,Siphon,2018-09-18,,,0,,,,,,unlisted_default_zero,0.0,8182.537566633917,685.6359845136242,97532.90240965401,2.478075512099207,reconstruction,volume_observation_or_prediction_event
,PE_8c8e4bc602294900374d,,,,,,,395,2018-09-18,2018,4,2,ST,OUT,False,TRUE,Siphon,"ISCO was located in the ditch, sampling both reps at the same time. Data from ISCO is not included in this spreadsheet. new sampling protocol, hail damage, tricky year",,,,False,0.34,0.75,MG/L,EPA300.0 [300OPHOS]_W,0.34,0.75,ALS_pre2023,False,2018-09-15,2019-08-02,2018,winter wheat,2018-09-04,dry beans,621.48125,45.69500000000005,2018-09-04,False,0.0,2018,False,,2018-09-15,PlantDate proxy,45.69500000000005,False,2018-09-04,0.0,,,,,0.75,0,,0.75,,-0.9833237436215686,-0.6750364743778221,,0.1726252446891151,,,1,261,3,318,Siphon,2018-09-18,,,0,,,,,,unlisted_default_zero,0.0,10397.865955188418,871.5121018663516,123935.86336575395,2.478075512099207,reconstruction,volume_observation_or_prediction_event
,PE_bcf1d030e292438de1c1,,,,,,,396,2018-09-23,2018,5,1,CT,OUT,False,TRUE,Siphon,"ISCO was located in the ditch, sampling both reps at the same time. Data from ISCO is not included in this spreadsheet. new sampling protocol, hail damage, tricky year",,,,False,0.34,0.75,MG/L,EPA300.0 [300OPHOS]_W,0.34,0.75,ALS_pre2023,False,2018-09-15,2019-08-02,2018,winter wheat,2018-09-04,dry beans,1776.98625,45.694999999999936,2018-09-04,False,0.0,2018,False,,2018-09-15,PlantDate proxy,45.694999999999936,False,2018-09-04,0.0,,,,,0.75,0,,0.75,,-0.9833237436215702,0.7335703054412607,,0.6685495838321084,,,1,266,8,313,Siphon,2018-09-23,,,0,,,,,,unlisted_default_zero,0.0,12119.936542988342,1016.0016485725348,144460.027064571,2.478075512099207,reconstruction,volume_observation_or_prediction_event
,PE_6d151a783a1487f12ad3,,,,,,,397,2018-09-23,2018,5,1,MT,OUT,False,TRUE,Siphon,"ISCO was located in the ditch, sampling both reps at the same time. Data from ISCO is not included in this spreadsheet. new sampling protocol, hail damage, tricky year",,,,False,0.34,0.75,MG/L,EPA300.0 [300OPHOS]_W,0.34,0.75,ALS_pre2023,False,2018-09-15,2019-08-02,2018,winter wheat,2018-09-04,dry beans,631.02,45.694999999999936,2018-09-04,False,0.0,2018,False,,2018-09-15,PlantDate proxy,45.694999999999936,False,2018-09-04,0.0,,,,,0.75,0,,0.75,,-0.9833237436215702,-0.6634083568698934,,0.6685495838321084,,,1,266,8,313,Siphon,2018-09-23,,,0,,,,,,unlisted_default_zero,0.0,8734.649975380156,731.9607241821187,104113.14687671329,2.478075512099207,reconstruction,volume_observation_or_prediction_event
,PE_2d8bea54a10e404180da,,,,,,,398,2018-09-23,2018,5,1,ST,OUT,False,TRUE,Siphon,"ISCO was located in the ditch, sampling both reps at the same time. Data from ISCO is not included in this spreadsheet. new sampling protocol, hail damage, tricky year",,,,False,0.34,0.75,MG/L,EPA300.0 [300OPHOS]_W,0.34,0.75,ALS_pre2023,False,2018-09-15,2019-08-02,2018,winter wheat,2018-09-04,dry beans,621.48125,45.69500000000005,2018-09-04,False,0.0,2018,False,,2018-09-15,PlantDate proxy,45.69500000000005,False,2018-09-04,0.0,,,,,0.75,0,,0.75,,-0.9833237436215686,-0.6750364743778221,,0.6685495838321084,,,1,266,8,313,Siphon,2018-09-23,,,0,,,,,,unlisted_default_zero,0.0,11438.951207103859,958.8638847708696,136343.83565569058,2.478075512099207,reconstruction,volume_observation_or_prediction_event
,PE_49de8099f0ba88b76279,,,,,,,399,2018-09-23,2018,5,2,CT,OUT,False,TRUE,Siphon,"ISCO was located in the ditch, sampling both reps at the same time. Data from ISCO is not included in this spreadsheet. new sampling protocol, hail damage, tricky year",,,,False,0.34,0.75,MG/L,EPA300.0 [300OPHOS]_W,0.34,0.75,ALS_pre2023,False,2018-09-15,2019-08-02,2018,winter wheat,2018-09-04,dry beans,1776.98625,45.694999999999936,2018-09-04,False,0.0,2018,False,,2018-09-15,PlantDate proxy,45.694999999999936,False,2018-09-04,0.0,,,,,0.75,0,,0.75,,-0.9833237436215702,0.7335703054412607,,0.6685495838321084,,,1,266,8,313,Siphon,2018-09-23,,,0,,,,,,unlisted_default_zero,0.0,11746.052385086774,984.6310689467379,140003.96137508622,2.478075512099207,reconstruction,volume_observation_or_prediction_event
,PE_1ebd3b89c1a1eb60037d,,,,,,,400,2018-09-23,2018,5,2,MT,OUT,False,TRUE,Siphon,"ISCO was located in the ditch, sampling both reps at the same time. Data from ISCO is not included in this spreadsheet. new sampling protocol, hail damage, tricky year",,,,False,0.34,0.75,MG/L,EPA300.0 [300OPHOS]_W,0.34,0.75,ALS_pre2023,False,2018-09-15,2019-08-02,2018,winter wheat,2018-09-04,dry beans,631.02,45.694999999999936,2018-09-04,False,0.0,2018,False,,2018-09-15,PlantDate proxy,45.694999999999936,False,2018-09-04,0.0,,,,,0.75,0,,0.75,,-0.9833237436215702,-0.6634083568698934,,0.6685495838321084,,,1,266,8,313,Siphon,2018-09-23,,,0,,,,,,unlisted_default_zero,0.0,8323.065341483063,697.4269033246368,99207.75538935648,2.478075512099207,reconstruction,volume_observation_or_prediction_event
,PE_9e220761a582d1c65742,,,,,,,401,2018-09-23,2018,5,2,ST,OUT,False,TRUE,Siphon,"ISCO was located in the ditch, sampling both reps at the same time. Data from ISCO is not included in this spreadsheet. new sampling protocol, hail damage, tricky year",,,,False,0.34,0.75,MG/L,EPA300.0 [300OPHOS]_W,0.34,0.75,ALS_pre2023,False,2018-09-15,2019-08-02,2018,winter wheat,2018-09-04,dry beans,621.48125,45.69500000000005,2018-09-04,False,0.0,2018,False,,2018-09-15,PlantDate proxy,45.69500000000005,False,2018-09-04,0.0,,,,,0.75,0,,0.75,,-0.9833237436215686,-0.6750364743778221,,0.6685495838321084,,,1,266,8,313,Siphon,2018-09-23,,,0,,,,,,unlisted_default_zero,0.0,10672.918072344311,894.5902242209089,127214.01858088131,2.478075512099207,reconstruction,volume_observation_or_prediction_event
,PE_eb6fec5adbe358422038,,,,,,,402,2019-06-27,2019,1,1,CT,OUT,False,TRUE,Siphon,There were no samples collected this year due to a lack of funding,,,,False,0.34,0.75,MG/L,EPA300.0 [300OPHOS]_W,0.34,0.75,ALS_pre2023,False,2018-09-15,2019-08-02,2018,winter wheat,2018-09-04,dry beans,1776.98625,45.694999999999936,2018-09-04,False,0.0,2018,False,,2018-09-15,PlantDate proxy,45.694999999999936,False,2018-09-04,0.0,,,,,0.75,0,,0.75,,-0.9833237436215702,0.7335703054412607,,-1.3151477727398646,,,1,178,285,36,Siphon,2019-06-27,,,0,,,,,,unlisted_default_zero,0.0,16506.36751637127,1384.043137401271,196738.85232822612,2.478075512099207,reconstruction,volume_observation_or_prediction_event
,PE_4867a66f60d5dfebd5d7,,,,,,,403,2019-06-27,2019,1,1,MT,OUT,False,TRUE,Siphon,There were no samples collected this year due to a lack of funding,,,,False,0.34,0.75,MG/L,EPA300.0 [300OPHOS]_W,0.34,0.75,ALS_pre2023,False,2018-09-15,2019-08-02,2018,winter wheat,2018-09-04,dry beans,631.02,45.694999999999936,2018-09-04,False,0.0,2018,False,,2018-09-15,PlantDate proxy,45.694999999999936,False,2018-09-04,0.0,,,,,0.75,0,,0.75,,-0.9833237436215702,-0.6634083568698934,,-1.3151477727398646,,,1,178,285,36,Siphon,2019-06-27,,,0,,,,,,unlisted_default_zero,0.0,13623.236329750125,1142.1353310658963,162376.81347883376,2.478075512099207,reconstruction,volume_observation_or_prediction_event
,PE_609af5c454fa9d0e9208,,,,,,,404,2019-06-27,2019,1,1,ST,OUT,False,TRUE,Siphon,There were no samples collected this year due to a lack of funding,,,,False,0.34,0.75,MG/L,EPA300.0 [300OPHOS]_W,0.34,0.75,ALS_pre2023,False,2018-09-15,2019-08-02,2018,winter wheat,2018-09-04,dry beans,621.48125,45.69500000000005,2018-09-04,False,0.0,2018,False,,2018-09-15,PlantDate proxy,45.69500000000005,False,2018-09-04,0.0,,,,,0.75,0,,0.75,,-0.9833237436215686,-0.6750364743778221,,-1.3151477727398646,,,1,178,285,36,Siphon,2019-06-27,,,0,,,,,,unlisted_default_zero,0.0,13579.963575799911,1138.5045503956437,161861.075568864,2.478075512099207,reconstruction,volume_observation_or_prediction_event
,PE_954cf35508c90b8d04de,,,,,,,405,2019-06-27,2019,1,2,CT,OUT,False,TRUE,Siphon,There were no samples collected this year due to a lack of funding,,,,False,0.34,0.75,MG/L,EPA300.0 [300OPHOS]_W,0.34,0.75,ALS_pre2023,False,2018-09-15,2019-08-02,2018,winter wheat,2018-09-04,dry beans,1776.98625,45.694999999999936,2018-09-04,False,0.0,2018,False,,2018-09-15,PlantDate proxy,45.694999999999936,False,2018-09-04,0.0,,,,,0.75,0,,0.75,,-0.9833237436215702,0.7335703054412607,,-1.3151477727398646,,,1,178,285,36,Siphon,2019-06-27,,,0,,,,,,unlisted_default_zero,0.0,16491.786582015768,1382.8197307589971,196565.07229521577,2.478075512099207,reconstruction,volume_observation_or_prediction_event
,PE_3aee59a4d58fb18e7937,,,,,,,406,2019-06-27,2019,1,2,MT,OUT,False,TRUE,Siphon,There were no samples collected this year due to a lack of funding,,,,False,0.34,0.75,MG/L,EPA300.0 [300OPHOS]_W,0.34,0.75,ALS_pre2023,False,2018-09-15,2019-08-02,2018,winter wheat,2018-09-04,dry beans,631.02,45.694999999999936,2018-09-04,False,0.0,2018,False,,2018-09-15,PlantDate proxy,45.694999999999936,False,2018-09-04,0.0,,,,,0.75,0,,0.75,,-0.9833237436215702,-0.6634083568698934,,-1.3151477727398646,,,1,178,285,36,Siphon,2019-06-27,,,0,,,,,,unlisted_default_zero,0.0,14155.456111990525,1186.7909889865305,168719.97154206166,2.478075512099207,reconstruction,volume_observation_or_prediction_event
,PE_6d4bd786a91c3c5cb5a0,,,,,,,407,2019-06-27,2019,1,2,ST,OUT,False,TRUE,Siphon,There were no samples collected this year due to a lack of funding,,,,False,0.34,0.75,MG/L,EPA300.0 [300OPHOS]_W,0.34,0.75,ALS_pre2023,False,2018-09-15,2019-08-02,2018,winter wheat,2018-09-04,dry beans,621.48125,45.69500000000005,2018-09-04,False,0.0,2018,False,,2018-09-15,PlantDate proxy,45.69500000000005,False,2018-09-04,0.0,,,,,0.75,0,,0.75,,-0.9833237436215686,-0.6750364743778221,,-1.3151477727398646,,,1,178,285,36,Siphon,2019-06-27,,,0,,,,,,unlisted_default_zero,0.0,12123.493983703913,1016.300134012138,144502.42573052147,2.478075512099207,reconstruction,volume_observation_or_prediction_event
,PE_5fe6f2ac660a17d837bd,,,,,,,408,2020-06-22,2020,1,1,CT,OUT,False,FALSE,Siphon,The values reported are RAW (as given by ALS). These have NOT had the subtracted average of inflow from each rep,0.0,,77241.38,True,0.34,0.75,MG/L,EPA300.0 [300OPHOS]_W,0.34,0.75,ALS_pre2023,False,2020-04-28,2020-10-09,2020,grain corn,2019-08-02,winter wheat,1972.01875,188.53250000000003,2019-08-02,False,0.0,2020,True,,2020-04-28,PlantDate proxy,186.3387500000001,False,2019-08-02,0.0,2020.0,0.0,0.0002222223333333,3.0,0.75,1,,0.75,-0.3885840286996418,1.038534439529835,0.9713227182694746,,-1.3151477727398646,-0.7843448816509245,1e-06,1,174,55,109,Siphon,2020-06-22,,,0,,,,,,unlisted_default_zero,0.0,14976.758748088772,1255.7020118209884,178508.50742959834,2.478075512099207,reconstruction,volume_observation_or_prediction_event
,PE_61b68e752c1619aa8c43,,,,,,,409,2020-06-22,2020,1,1,MT,OUT,False,FALSE,Siphon,,0.0,,77241.38,True,0.34,0.75,MG/L,EPA300.0 [300OPHOS]_W,0.34,0.75,ALS_pre2023,False,2020-04-28,2020-10-09,2020,grain corn,2019-08-02,winter wheat,690.82,53.30000000000007,2019-08-02,False,0.0,2020,True,,2020-04-28,PlantDate proxy,36.481250000000045,False,2019-08-02,0.0,2020.0,56.0,0.077888889,3.0,0.75,1,,0.75,-0.3885840286996418,-0.875675321583473,-0.5905097667009359,,-1.3151477727398646,-0.7843448816509245,0.56,1,174,55,109,Siphon,2020-06-22,,,0,,,,,,unlisted_default_zero,0.0,13109.82487373718,1099.0577771731455,156257.81879725106,2.478075512099207,reconstruction,volume_observation_or_prediction_event
,PE_46cc9f71204f4afd638d,,,,,,,410,2020-06-22,2020,1,1,ST,OUT,False,FALSE,Siphon,,0.0,,77241.38,True,0.34,0.75,MG/L,EPA300.0 [300OPHOS]_W,0.34,0.75,ALS_pre2023,False,2020-04-28,2020-10-09,2020,grain corn,2019-08-02,winter wheat,671.53125,43.54999999999996,2019-08-02,False,0.0,2020,True,,2020-04-28,PlantDate proxy,26.73124999999993,False,2019-08-02,0.0,2020.0,56.66666666666666,0.0766666666666666,3.0,0.75,1,,0.75,-0.3885840286996418,-1.013686119068212,-0.6140235239103252,,-1.3151477727398646,-0.7843448816509245,0.5666666666666665,1,174,55,109,Siphon,2020-06-22,,,0,,,,,,unlisted_default_zero,0.0,15139.894053330272,1269.3898051513615,180452.803867592,2.478075512099207,reconstruction,volume_observation_or_prediction_event
,PE_a2e77087ab55e269e32c,,,,,,,411,2020-06-23,2020,1,2,CT,OUT,False,FALSE,Siphon,,,,,False,0.34,0.75,MG/L,EPA300.0 [300OPHOS]_W,0.34,0.75,ALS_pre2023,False,2020-04-28,2020-10-09,2020,grain corn,2019-08-02,winter wheat,1972.01875,188.53250000000003,2019-08-02,False,0.0,2020,True,,2020-04-28,PlantDate proxy,186.3387500000001,False,2019-08-02,0.0,2020.0,0.0,0.0,3.0,0.75,0,,0.75,,1.038534439529835,0.9713227182694746,,-1.3151477727398646,,1e-06,1,175,56,108,Siphon,2020-06-23,,,0,,,,,,unlisted_default_zero,0.0,15765.273855429396,1321.8620120194596,187906.27152632162,2.478075512099207,reconstruction,volume_observation_or_prediction_event
,PE_f8ef94027a8e2bfa6b9c,,,,,,,412,2020-06-23,2020,1,2,MT,OUT,False,FALSE,Siphon,,,,,False,0.34,0.75,MG/L,EPA300.0 [300OPHOS]_W,0.34,0.75,ALS_pre2023,False,2020-04-28,2020-10-09,2020,grain corn,2019-08-02,winter wheat,690.82,53.30000000000007,2019-08-02,False,0.0,2020,True,,2020-04-28,PlantDate proxy,36.481250000000045,False,2019-08-02,0.0,2020.0,54.66666666666666,0.1206666666666666,3.0,0.75,0,,0.75,,-0.875675321583473,-0.5905097667009359,,-1.3151477727398646,,0.5466666666666665,1,175,56,108,Siphon,2020-06-23,,,0,,,,,,unlisted_default_zero,0.0,13683.536186661526,1147.1947630388372,163095.4856070457,2.478075512099207,reconstruction,volume_observation_or_prediction_event
,PE_3f6400cdcf4fab1e9fc1,,,,,,,413,2020-06-23,2020,1,2,ST,OUT,False,FALSE,Siphon,,,,,False,0.34,0.75,MG/L,EPA300.0 [300OPHOS]_W,0.34,0.75,ALS_pre2023,False,2020-04-28,2020-10-09,2020,grain corn,2019-08-02,winter wheat,671.53125,43.54999999999996,2019-08-02,False,0.0,2020,True,,2020-04-28,PlantDate proxy,26.73124999999993,False,2019-08-02,0.0,2020.0,50.0,0.065777778,3.0,0.75,0,,0.75,,-1.013686119068212,-0.6140235239103252,,-1.3151477727398646,,0.5,1,175,56,108,Siphon,2020-06-23,,,0,,,,,,unlisted_default_zero,0.0,13268.164345642068,1112.3431782962568,158144.9570274627,2.478075512099207,reconstruction,volume_observation_or_prediction_event
,PE_166bc984fea383507df7,,,,,,,414,2020-07-06,2020,2,1,CT,OUT,False,TRUE,Siphon,"Outflow volume original value: 134134.165. Outflow volume is greater than inflow volume, so this value is likely wrong. AJ and Lauryn found ISCO data starting 7/6/2020, confirming that ISCOs were installed for irr. 2 and beyond (rep 1)",0.0,,88356.46,True,0.34,0.75,MG/L,EPA300.0 [300OPHOS]_W,0.34,0.75,ALS_pre2023,False,2020-04-28,2020-10-09,2020,grain corn,2019-08-02,winter wheat,1972.01875,188.53250000000003,2019-08-02,False,0.0,2020,True,,2020-04-28,PlantDate proxy,186.3387500000001,False,2019-08-02,0.0,2020.0,0.0,0.0002222223333333,3.0,0.75,1,,0.75,-0.3885840286996418,1.038534439529835,0.9713227182694746,,-0.8192234335968713,-0.4626849009170229,1e-06,1,188,69,95,Siphon,2020-07-06,,,0,,,,,,unlisted_default_zero,0.0,14066.599859734926,1179.335545695542,167660.95556450688,2.478075512099207,reconstruction,volume_observation_or_prediction_event
,PE_f20fe17d9d856cebbcf8,,,,,,,416,2020-07-06,2020,2,1,MT,OUT,False,TRUE,Siphon,"AJ and Lauryn found ISCO data starting 7/6/2020, confirming that ISCOs were installed for irr. 2 and beyond (rep 1)",0.0,,88356.46,True,0.34,0.75,MG/L,EPA300.0 [300OPHOS]_W,0.34,0.75,ALS_pre2023,False,2020-04-28,2020-10-09,2020,grain corn,2019-08-02,winter wheat,690.82,53.30000000000007,2019-08-02,False,0.0,2020,True,,2020-04-28,PlantDate proxy,36.481250000000045,False,2019-08-02,0.0,2020.0,56.0,0.077888889,3.0,0.75,1,,0.75,-0.3885840286996418,-0.875675321583473,-0.5905097667009359,,-0.8192234335968713,-0.4626849009170229,0.56,1,188,69,95,Siphon,2020-07-06,,,0,,,,,,unlisted_default_zero,0.0,14541.915645318535,1219.2166997480076,173325.91440014535,2.478075512099207,reconstruction,volume_observation_or_prediction_event
,PE_292d31f26b57f7190bab,,,,,,,420,2020-07-07,2020,2,2,CT,OUT,,,Siphon,,,,,False,0.34,0.75,MG/L,EPA300.0 [300OPHOS]_W,0.34,0.75,ALS_pre2023,False,2020-04-28,2020-10-09,2020,grain corn,2019-08-02,winter wheat,1972.01875,188.53250000000003,2019-08-02,False,0.0,2020,True,,2020-04-28,PlantDate proxy,186.3387500000001,False,2019-08-02,0.0,2020.0,0.0,0.0,3.0,0.75,0,,0.75,,1.038534439529835,0.9713227182694746,,-0.8192234335968713,,1e-06,1,189,70,94,Siphon,2020-07-07,,,0,,,,,,unlisted_default_zero,0.0,14819.904579612252,1242.5412344041333,176639.07149970025,2.478075512099207,reconstruction,volume_observation_or_prediction_event
,PE_6ec08e8e72986c7e7417,,,,,,,421,2020-07-07,2020,2,2,MT,OUT,,,Siphon,,,,,False,0.34,0.75,MG/L,EPA300.0 [300OPHOS]_W,0.34,0.75,ALS_pre2023,False,2020-04-28,2020-10-09,2020,grain corn,2019-08-02,winter wheat,690.82,53.30000000000007,2019-08-02,False,0.0,2020,True,,2020-04-28,PlantDate proxy,36.481250000000045,False,2019-08-02,0.0,2020.0,54.66666666666666,0.1206666666666666,3.0,0.75,0,,0.75,,-0.875675321583473,-0.5905097667009359,,-0.8192234335968713,,0.5466666666666665,1,189,70,94,Siphon,2020-07-07,,,0,,,,,,unlisted_default_zero,0.0,15040.28650123676,1261.0322789544293,179265.6506119185,2.478075512099207,reconstruction,volume_observation_or_prediction_event
,PE_45cd079098a5ce5a4947,,,,,,,422,2020-07-07,2020,2,2,ST,OUT,,,Siphon,,,,,False,0.34,0.75,MG/L,EPA300.0 [300OPHOS]_W,0.34,0.75,ALS_pre2023,False,2020-04-28,2020-10-09,2020,grain corn,2019-08-02,winter wheat,671.53125,43.54999999999996,2019-08-02,False,0.0,2020,True,,2020-04-28,PlantDate proxy,26.73124999999993,False,2019-08-02,0.0,2020.0,50.0,0.065777778,3.0,0.75,0,,0.75,,-1.013686119068212,-0.6140235239103252,,-0.8192234335968713,,0.5,1,189,70,94,Siphon,2020-07-07,,,0,,,,,,unlisted_default_zero,0.0,15733.723585425425,1319.2148010145056,187530.24576356166,2.478075512099207,reconstruction,volume_observation_or_prediction_event
,PE_8ed15b2f1e5372b81dc7,,,,,,,425,2020-07-13,2020,3,1,MT,OUT,False,TRUE,Siphon,,0.0,,,True,0.34,0.75,MG/L,EPA300.0 [300OPHOS]_W,0.34,0.75,ALS_pre2023,False,2020-04-28,2020-10-09,2020,grain corn,2019-08-02,winter wheat,690.82,53.30000000000007,2019-08-02,False,0.0,2020,True,,2020-04-28,PlantDate proxy,36.481250000000045,False,2019-08-02,0.0,2020.0,56.0,0.077888889,3.0,0.75,1,,0.75,-0.3885840286996418,-0.875675321583473,-0.5905097667009359,,-0.3232990944538781,,0.56,1,195,76,88,Siphon,2020-07-13,,,0,,,,,,unlisted_default_zero,0.0,14398.467283686046,1207.1807304359118,171616.25297434154,2.478075512099207,reconstruction,volume_observation_or_prediction_event
,PE_3f0bbb475c6994c60cf6,,,,,,,426,2020-07-13,2020,3,2,MT,OUT,False,TRUE,Siphon,ORIGINAL SAMPLE ID: MT2-03-OT-D,0.0,,,True,0.34,0.75,MG/L,EPA300.0 [300OPHOS]_W,0.34,0.75,ALS_pre2023,False,2020-04-28,2020-10-09,2020,grain corn,2019-08-02,winter wheat,690.82,53.30000000000007,2019-08-02,False,0.0,2020,True,,2020-04-28,PlantDate proxy,36.481250000000045,False,2019-08-02,0.0,2020.0,54.66666666666666,0.1206666666666666,3.0,0.75,1,,0.75,-0.3885840286996418,-0.875675321583473,-0.5905097667009359,,-0.3232990944538781,,0.5466666666666665,1,195,76,88,Siphon,2020-07-13,,,0,,,,,,unlisted_default_zero,0.0,16084.671937881392,1348.6609623524264,191712.95551231748,2.478075512099207,reconstruction,volume_observation_or_prediction_event
,PE_d03c293a07504dee9823,,,,,,,432,2020-07-22,2020,4,1,CT,OUT,False,TRUE,Siphon,,0.0,,111586.72,True,0.34,0.75,MG/L,EPA300.0 [300OPHOS]_W,0.34,0.75,ALS_pre2023,False,2020-04-28,2020-10-09,2020,grain corn,2019-08-02,winter wheat,1972.01875,188.53250000000003,2019-08-02,False,0.0,2020,True,,2020-04-28,PlantDate proxy,186.3387500000001,False,2019-08-02,0.0,2020.0,0.0,0.0002222223333333,3.0,0.75,1,,0.75,-0.3885840286996418,1.038534439529835,0.9713227182694746,,0.1726252446891151,0.2095770156902818,1e-06,1,204,85,79,Siphon,2020-07-22,,,0,,,,,,unlisted_default_zero,0.0,13920.142245647086,1167.0470864296203,165915.42894801826,2.478075512099207,reconstruction,volume_observation_or_prediction_event
,PE_a32b9b1cc443544ce423,,,,,,,434,2020-07-22,2020,4,1,MT,OUT,False,TRUE,Siphon,,0.0,,111586.72,True,0.34,0.75,MG/L,EPA300.0 [300OPHOS]_W,0.34,0.75,ALS_pre2023,False,2020-04-28,2020-10-09,2020,grain corn,2019-08-02,winter wheat,690.82,53.30000000000007,2019-08-02,False,0.0,2020,True,,2020-04-28,PlantDate proxy,36.481250000000045,False,2019-08-02,0.0,2020.0,56.0,0.077888889,3.0,0.75,1,,0.75,-0.3885840286996418,-0.875675321583473,-0.5905097667009359,,0.1726252446891151,0.2095770156902818,0.56,1,204,85,79,Siphon,2020-07-22,,,0,,,,,,unlisted_default_zero,0.0,12394.848045674677,1039.0679727342012,147736.50639346463,2.478075512099207,reconstruction,volume_observation_or_prediction_event
,PE_e6e65791cef10ae1aec3,,,,,,,438,2020-07-23,2020,4,2,CT,OUT,,,Siphon,,,,,False,0.34,0.75,MG/L,EPA300.0 [300OPHOS]_W,0.34,0.75,ALS_pre2023,False,2020-04-28,2020-10-09,2020,grain corn,2019-08-02,winter wheat,1972.01875,188.53250000000003,2019-08-02,False,0.0,2020,True,,2020-04-28,PlantDate proxy,186.3387500000001,False,2019-08-02,0.0,2020.0,0.0,0.0,3.0,0.75,0,,0.75,,1.038534439529835,0.9713227182694746,,0.1726252446891151,,1e-06,1,205,86,78,Siphon,2020-07-23,,,0,,,,,,unlisted_default_zero,0.0,15079.151379357885,1264.2932188150228,179728.85411027895,2.478075512099207,reconstruction,volume_observation_or_prediction_event
,PE_d4823572c24cd1d28427,,,,,,,439,2020-07-23,2020,4,2,MT,OUT,,,Siphon,,,,,False,0.34,0.75,MG/L,EPA300.0 [300OPHOS]_W,0.34,0.75,ALS_pre2023,False,2020-04-28,2020-10-09,2020,grain corn,2019-08-02,winter wheat,690.82,53.30000000000007,2019-08-02,False,0.0,2020,True,,2020-04-28,PlantDate proxy,36.481250000000045,False,2019-08-02,0.0,2020.0,54.66666666666666,0.1206666666666666,3.0,0.75,0,,0.75,,-0.875675321583473,-0.5905097667009359,,0.1726252446891151,,0.5466666666666665,1,205,86,78,Siphon,2020-07-23,,,0,,,,,,unlisted_default_zero,0.0,16689.716385795862,1399.4269406088367,198924.0602033987,2.478075512099207,reconstruction,volume_observation_or_prediction_event
,PE_73b2bd8dba8e659563a4,,,,,,,440,2020-07-23,2020,4,2,ST,OUT,,,Siphon,,,,,False,0.34,0.75,MG/L,EPA300.0 [300OPHOS]_W,0.34,0.75,ALS_pre2023,False,2020-04-28,2020-10-09,2020,grain corn,2019-08-02,winter wheat,671.53125,43.54999999999996,2019-08-02,False,0.0,2020,True,,2020-04-28,PlantDate proxy,26.73124999999993,False,2019-08-02,0.0,2020.0,50.0,0.065777778,3.0,0.75,0,,0.75,,-1.013686119068212,-0.6140235239103252,,0.1726252446891151,,0.5,1,205,86,78,Siphon,2020-07-23,,,0,,,,,,unlisted_default_zero,0.0,15467.316214159444,1296.8620121183285,184355.12127263154,2.478075512099207,reconstruction,volume_observation_or_prediction_event
,PE_568a40e75356dbe2944f,,,,,,,441,2020-08-02,2020,5,1,CT,OUT,False,TRUE,Siphon,,0.0,,,True,0.34,0.75,MG/L,EPA300.0 [300OPHOS]_W,0.34,0.75,ALS_pre2023,False,2020-04-28,2020-10-09,2020,grain corn,2019-08-02,winter wheat,1972.01875,188.53250000000003,2019-08-02,False,0.0,2020,True,,2020-04-28,PlantDate proxy,186.3387500000001,False,2019-08-02,0.0,2020.0,0.0,0.0002222223333333,3.0,0.75,1,,0.75,-0.3885840286996418,1.038534439529835,0.9713227182694746,,0.6685495838321084,,1e-06,1,215,96,68,Siphon,2020-08-02,,,0,,,,,,unlisted_default_zero,0.0,15716.540387839339,1317.7730526635578,187325.45116186308,2.478075512099207,reconstruction,volume_observation_or_prediction_event
,PE_1c61ae236bb189923470,,,,,,,443,2020-08-02,2020,5,1,MT,OUT,False,TRUE,Siphon,,0.0,,,True,0.34,0.75,MG/L,EPA300.0 [300OPHOS]_W,0.34,0.75,ALS_pre2023,False,2020-04-28,2020-10-09,2020,grain corn,2019-08-02,winter wheat,690.82,53.30000000000007,2019-08-02,False,0.0,2020,True,,2020-04-28,PlantDate proxy,36.481250000000045,False,2019-08-02,0.0,2020.0,56.0,0.077888889,3.0,0.75,1,,0.75,-0.3885840286996418,-0.875675321583473,-0.5905097667009359,,0.6685495838321084,,0.56,1,215,96,68,Siphon,2020-08-02,,,0,,,,,,unlisted_default_zero,0.0,12153.660001677248,1018.8311999822422,144861.95355441698,2.478075512099207,reconstruction,volume_observation_or_prediction_event
,PE_d38cb42b24675ec235ad,,,,,,,447,2020-08-03,2020,5,2,CT,OUT,,,Siphon,,,,,False,0.34,0.75,MG/L,EPA300.0 [300OPHOS]_W,0.34,0.75,ALS_pre2023,False,2020-04-28,2020-10-09,2020,grain corn,2019-08-02,winter wheat,1972.01875,188.53250000000003,2019-08-02,False,0.0,2020,True,,2020-04-28,PlantDate proxy,186.3387500000001,False,2019-08-02,0.0,2020.0,0.0,0.0,3.0,0.75,0,,0.75,,1.038534439529835,0.9713227182694746,,0.6685495838321084,,1e-06,1,216,97,67,Siphon,2020-08-03,,,0,,,,,,unlisted_default_zero,0.0,16986.419298865112,1424.3216631129533,202460.25622282532,2.478075512099207,reconstruction,volume_observation_or_prediction_event
,PE_0bb94842a812bc6b3413,,,,,,,448,2020-08-03,2020,5,2,MT,OUT,,,Siphon,,,,,False,0.34,0.75,MG/L,EPA300.0 [300OPHOS]_W,0.34,0.75,ALS_pre2023,False,2020-04-28,2020-10-09,2020,grain corn,2019-08-02,winter wheat,690.82,53.30000000000007,2019-08-02,False,0.0,2020,True,,2020-04-28,PlantDate proxy,36.481250000000045,False,2019-08-02,0.0,2020.0,54.66666666666666,0.1206666666666666,3.0,0.75,0,,0.75,,-0.875675321583473,-0.5905097667009359,,0.6685495838321084,,0.5466666666666665,1,216,97,67,Siphon,2020-08-03,,,0,,,,,,unlisted_default_zero,0.0,14715.117711669796,1233.749140074766,175390.1895744332,2.478075512099207,reconstruction,volume_observation_or_prediction_event
,PE_15c76299e8dbf45908ff,,,,,,,449,2020-08-03,2020,5,2,ST,OUT,,,Siphon,,,,,False,0.34,0.75,MG/L,EPA300.0 [300OPHOS]_W,0.34,0.75,ALS_pre2023,False,2020-04-28,2020-10-09,2020,grain corn,2019-08-02,winter wheat,671.53125,43.54999999999996,2019-08-02,False,0.0,2020,True,,2020-04-28,PlantDate proxy,26.73124999999993,False,2019-08-02,0.0,2020.0,50.0,0.065777778,3.0,0.75,0,,0.75,,-1.013686119068212,-0.6140235239103252,,0.6685495838321084,,0.5,1,216,97,67,Siphon,2020-08-03,,,0,,,,,,unlisted_default_zero,0.0,13673.354996455417,1146.3405149213488,162974.1430698005,2.478075512099207,reconstruction,volume_observation_or_prediction_event
,PE_956f49ab7f5a452d4e47,,,,,,,450,2020-08-18,2020,6,1,CT,OUT,False,TRUE,Siphon,,0.0,,129646.3,True,0.34,0.75,MG/L,EPA300.0 [300OPHOS]_W,0.34,0.75,ALS_pre2023,False,2020-04-28,2020-10-09,2020,grain corn,2019-08-02,winter wheat,1972.01875,188.53250000000003,2019-08-02,False,0.0,2020,True,,2020-04-28,PlantDate proxy,186.3387500000001,False,2019-08-02,0.0,2020.0,0.0,0.0002222223333333,3.0,0.75,1,,0.75,-0.3885840286996418,1.038534439529835,0.9713227182694746,,1.1644739229751015,0.7322043071593809,1e-06,1,231,112,52,Siphon,2020-08-18,,,0,,,,,,unlisted_default_zero,0.0,14111.883983518794,1183.1350894336863,168200.6655950263,2.478075512099207,reconstruction,volume_observation_or_prediction_event
,PE_48332f955c6c36e57528,,,,,,,452,2020-08-18,2020,6,1,MT,OUT,False,TRUE,Siphon,,0.0,,129646.3,True,0.34,0.75,MG/L,EPA300.0 [300OPHOS]_W,0.34,0.75,ALS_pre2023,False,2020-04-28,2020-10-09,2020,grain corn,2019-08-02,winter wheat,690.82,53.30000000000007,2019-08-02,False,0.0,2020,True,,2020-04-28,PlantDate proxy,36.481250000000045,False,2019-08-02,0.0,2020.0,56.0,0.077888889,3.0,0.75,1,,0.75,-0.3885840286996418,-0.875675321583473,-0.5905097667009359,,1.1644739229751015,0.7322043071593809,0.56,1,231,112,52,Siphon,2020-08-18,,,0,,,,,,unlisted_default_zero,0.0,6952.920151635499,582.4654965128198,82877.94616620202,2.478075512099207,reconstruction,volume_observation_or_prediction_event
,PE_4276db7edd2e90f04dd5,,,,,,,456,2020-08-19,2020,6,2,CT,OUT,,,Siphon,,,,,False,0.34,0.75,MG/L,EPA300.0 [300OPHOS]_W,0.34,0.75,ALS_pre2023,False,2020-04-28,2020-10-09,2020,grain corn,2019-08-02,winter wheat,1972.01875,188.53250000000003,2019-08-02,False,0.0,2020,True,,2020-04-28,PlantDate proxy,186.3387500000001,False,2019-08-02,0.0,2020.0,0.0,0.0,3.0,0.75,0,,0.75,,1.038534439529835,0.9713227182694746,,1.1644739229751015,,1e-06,1,232,113,51,Siphon,2020-08-19,,,0,,,,,,unlisted_default_zero,0.0,16100.967346813673,1350.0282212015688,191907.16917744558,2.478075512099207,reconstruction,volume_observation_or_prediction_event
,PE_e94ab9d8c2491d471785,,,,,,,457,2020-08-19,2020,6,2,MT,OUT,,,Siphon,,,,,False,0.34,0.75,MG/L,EPA300.0 [300OPHOS]_W,0.34,0.75,ALS_pre2023,False,2020-04-28,2020-10-09,2020,grain corn,2019-08-02,winter wheat,690.82,53.30000000000007,2019-08-02,False,0.0,2020,True,,2020-04-28,PlantDate proxy,36.481250000000045,False,2019-08-02,0.0,2020.0,54.66666666666666,0.1206666666666666,3.0,0.75,0,,0.75,,-0.875675321583473,-0.5905097667009359,,1.1644739229751015,,0.5466666666666665,1,232,113,51,Siphon,2020-08-19,,,0,,,,,,unlisted_default_zero,0.0,7868.1930686952865,659.2610528827655,93786.4485887586,2.478075512099207,reconstruction,volume_observation_or_prediction_event
,PE_961e3caa504d67d7911c,,,,,,,458,2020-08-19,2020,6,2,ST,OUT,,,Siphon,,,,,False,0.34,0.75,MG/L,EPA300.0 [300OPHOS]_W,0.34,0.75,ALS_pre2023,False,2020-04-28,2020-10-09,2020,grain corn,2019-08-02,winter wheat,671.53125,43.54999999999996,2019-08-02,False,0.0,2020,True,,2020-04-28,PlantDate proxy,26.73124999999993,False,2019-08-02,0.0,2020.0,50.0,0.065777778,3.0,0.75,0,,0.75,,-1.013686119068212,-0.6140235239103252,,1.1644739229751015,,0.5,1,232,113,51,Siphon,2020-08-19,,,0,,,,,,unlisted_default_zero,0.0,8204.980598526856,687.5190568614692,97800.38532454248,2.478075512099207,reconstruction,volume_observation_or_prediction_event
,PE_81e03fd81db11fe99704,,,,,,,459,2020-08-25,2020,7,1,CT,OUT,False,TRUE,Siphon,,,,,False,0.34,0.75,MG/L,EPA300.0 [300OPHOS]_W,0.34,0.75,ALS_pre2023,False,2020-04-28,2020-10-09,2020,grain corn,2019-08-02,winter wheat,1972.01875,188.53250000000003,2019-08-02,False,0.0,2020,True,,2020-04-28,PlantDate proxy,186.3387500000001,False,2019-08-02,0.0,2020.0,0.0,0.0002222223333333,3.0,0.75,0,,0.75,,1.038534439529835,0.9713227182694746,,1.6603982621180948,,1e-06,1,238,119,45,Siphon,2020-08-25,,,0,,,,,,unlisted_default_zero,0.0,15437.398127609713,1294.3517487211643,183998.54837123433,2.478075512099207,reconstruction,volume_observation_or_prediction_event
,PE_addb6558497635dd3d9a,,,,,,,461,2020-08-26,2020,7,1,MT,OUT,False,TRUE,Siphon,,0.0,,,True,0.34,0.75,MG/L,EPA300.0 [300OPHOS]_W,0.34,0.75,ALS_pre2023,False,2020-04-28,2020-10-09,2020,grain corn,2019-08-02,winter wheat,690.82,53.30000000000007,2019-08-02,False,0.0,2020,True,,2020-04-28,PlantDate proxy,36.481250000000045,False,2019-08-02,0.0,2020.0,56.0,0.077888889,3.0,0.75,1,,0.75,-0.3885840286996418,-0.875675321583473,-0.5905097667009359,,1.6603982621180948,,0.56,1,239,120,44,Siphon,2020-08-26,,,0,,,,,,unlisted_default_zero,0.0,7671.293836841235,642.7403127000216,91439.74335183385,2.478075512099207,reconstruction,volume_observation_or_prediction_event
,PE_e27bd4911eac418c5499,,,,,,,465,2020-08-27,2020,7,2,CT,OUT,,,Siphon,,,,,False,0.34,0.75,MG/L,EPA300.0 [300OPHOS]_W,0.34,0.75,ALS_pre2023,False,2020-04-28,2020-10-09,2020,grain corn,2019-08-02,winter wheat,1972.01875,188.53250000000003,2019-08-02,False,0.0,2020,True,,2020-04-28,PlantDate proxy,186.3387500000001,False,2019-08-02,0.0,2020.0,0.0,0.0,3.0,0.75,0,,0.75,,1.038534439529835,0.9713227182694746,,1.6603982621180948,,1e-06,1,240,121,43,Siphon,2020-08-27,,,0,,,,,,unlisted_default_zero,0.0,14480.85257940768,1214.0932310723006,172598.14611376682,2.478075512099207,reconstruction,volume_observation_or_prediction_event
,PE_8dae476d4c3877687500,,,,,,,466,2020-08-27,2020,7,2,MT,OUT,,,Siphon,,,,,False,0.34,0.75,MG/L,EPA300.0 [300OPHOS]_W,0.34,0.75,ALS_pre2023,False,2020-04-28,2020-10-09,2020,grain corn,2019-08-02,winter wheat,690.82,53.30000000000007,2019-08-02,False,0.0,2020,True,,2020-04-28,PlantDate proxy,36.481250000000045,False,2019-08-02,0.0,2020.0,54.66666666666666,0.1206666666666666,3.0,0.75,0,,0.75,,-0.875675321583473,-0.5905097667009359,,1.6603982621180948,,0.5466666666666665,1,240,121,43,Siphon,2020-08-27,,,0,,,,,,unlisted_default_zero,0.0,7013.497692217124,587.5482274073743,83599.92781328272,2.478075512099207,reconstruction,volume_observation_or_prediction_event
,PE_5dc8c47ce47282af828e,,,,,,,467,2020-08-27,2020,7,2,ST,OUT,,,Siphon,,,,,False,0.34,0.75,MG/L,EPA300.0 [300OPHOS]_W,0.34,0.75,ALS_pre2023,False,2020-04-28,2020-10-09,2020,grain corn,2019-08-02,winter wheat,671.53125,43.54999999999996,2019-08-02,False,0.0,2020,True,,2020-04-28,PlantDate proxy,26.73124999999993,False,2019-08-02,0.0,2020.0,50.0,0.065777778,3.0,0.75,0,,0.75,,-1.013686119068212,-0.6140235239103252,,1.6603982621180948,,0.5,1,240,121,43,Siphon,2020-08-27,,,0,,,,,,unlisted_default_zero,0.0,7594.854661854399,636.3267186100413,90528.71789704301,2.478075512099207,reconstruction,volume_observation_or_prediction_event
,PE_21dfe39111b133765d37,,,,,,,498,2021-07-30,2021,3,2,CT,OUT,False,TRUE,Siphon,LC samplers were not installed until 8/11/21,0.0,,91364.22,True,0.34,0.75,MG/L,EPA300.0 [300OPHOS]_W,0.34,0.75,ALS_pre2023,False,2021-04-27,2021-10-22,2021,grain corn,2020-10-09,grain corn,2218.32,239.8012500000002,2020-10-09,False,0.0,2021,True,,2021-04-27,PlantDate proxy,207.3012500000002,False,2020-10-09,0.0,2021.0,4.0,0.000888889,3.0,0.75,1,,0.75,-0.3885840286996418,1.7642412163037489,1.2715737865278682,,-0.3232990944538781,-0.3756431501017164,0.04,1,211,94,84,Siphon,2021-07-30,,,0,,,,,,unlisted_default_zero,0.0,12386.09317785243,1038.3333995453488,147632.1632024141,2.478075512099207,reconstruction,volume_observation_or_prediction_event
,PE_c7ea31b20b60ad1966be,,,,,,,500,2021-07-30,2021,3,2,MT,OUT,False,TRUE,Siphon,LC samplers were not installed until 8/11/21,0.0,,91364.22,True,0.34,0.75,MG/L,EPA300.0 [300OPHOS]_W,0.34,0.75,ALS_pre2023,False,2021-04-27,2021-10-22,2021,grain corn,2020-10-09,grain corn,816.6275,119.3075,2020-10-09,False,0.0,2021,True,,2021-04-27,PlantDate proxy,83.5575,False,2020-10-09,0.0,2021.0,82.66666666666667,0.047111111,3.0,0.75,1,,0.75,-0.3885840286996418,0.0586577773881986,-0.4371453957530912,,-0.3232990944538781,-0.3756431501017164,0.8266666666666667,1,211,94,84,Siphon,2021-07-30,,,0,,,,,,unlisted_default_zero,0.0,9624.204460439392,806.5983872531023,114715.129164616,2.478075512099207,reconstruction,volume_observation_or_prediction_event
,PE_af610e0f46836e0b77e1,,,,,,,502,2021-07-30,2021,3,2,ST,OUT,False,TRUE,Siphon,LC samplers were not installed until 8/11/21,0.0,,91364.22,True,0.34,0.75,MG/L,EPA300.0 [300OPHOS]_W,0.34,0.75,ALS_pre2023,False,2021-04-27,2021-10-22,2021,grain corn,2020-10-09,grain corn,805.62625,127.59500000000004,2020-10-09,False,0.0,2021,True,,2021-04-27,PlantDate proxy,91.84500000000004,False,2020-10-09,0.0,2021.0,69.33333333333333,0.0507777776666666,3.0,0.75,1,,0.75,-0.3885840286996418,0.175966955250226,-0.4505563592162391,,-0.3232990944538781,-0.3756431501017164,0.6933333333333332,1,211,94,84,Siphon,2021-07-30,,both,1,2021-06-18,Clean Furrows,after_residue_before_first_runoff,logged_operational_anchor,user-confirmed ST-only follow-on tractor pass,furrow_tire_compaction_records.csv,0.0,7877.014197745178,660.0011856896814,93891.58150137612,2.478075512099207,reconstruction,volume_observation_or_prediction_event
,PE_0ac2121b8fe18c0053e2,,,,,,,504,2021-08-12,2021,4,1,CT,OUT,False,TRUE,Siphon,,0.0,,77833.11,True,0.34,0.75,MG/L,EPA300.0 [300OPHOS]_W,0.34,0.75,ALS_pre2023,False,2021-04-27,2021-10-22,2021,grain corn,2020-10-09,grain corn,2218.32,239.8012500000002,2020-10-09,False,0.0,2021,True,,2021-04-27,PlantDate proxy,207.3012500000002,False,2020-10-09,0.0,2021.0,4.0,0.002111111,3.0,0.75,1,,0.75,-0.3885840286996418,1.7642412163037489,1.2715737865278682,,0.1726252446891151,-0.7672207709472976,0.04,1,224,107,71,Siphon,2021-08-12,,,0,,,,,,unlisted_default_zero,0.0,13371.004816024748,1120.9719610267184,159370.64119160286,2.478075512099207,reconstruction,volume_observation_or_prediction_event
,PE_f0e98ee733e1acf48f4e,,,,,,,506,2021-08-12,2021,4,1,MT,OUT,False,TRUE,Siphon,,0.0,,77833.11,True,0.34,0.75,MG/L,EPA300.0 [300OPHOS]_W,0.34,0.75,ALS_pre2023,False,2021-04-27,2021-10-22,2021,grain corn,2020-10-09,grain corn,816.6275,119.3075,2020-10-09,False,0.0,2021,True,,2021-04-27,PlantDate proxy,83.5575,False,2020-10-09,0.0,2021.0,77.66666666666667,0.0655555553333333,3.0,0.75,1,,0.75,-0.3885840286996418,0.0586577773881986,-0.4371453957530912,,0.1726252446891151,-0.7672207709472976,0.7766666666666667,1,224,107,71,Siphon,2021-08-12,,,0,,,,,,unlisted_default_zero,0.0,6816.06000641608,570.9823084919616,81246.80511761346,2.478075512099207,reconstruction,volume_observation_or_prediction_event
,PE_2e40b6e91cc7d5ecd6c3,,,,,,,513,2021-08-13,2021,4,2,CT,OUT,False,TRUE,Siphon,,0.0,,95239.69,True,0.34,0.75,MG/L,EPA300.0 [300OPHOS]_W,0.34,0.75,ALS_pre2023,False,2021-04-27,2021-10-22,2021,grain corn,2020-10-09,grain corn,2218.32,239.8012500000002,2020-10-09,False,0.0,2021,True,,2021-04-27,PlantDate proxy,207.3012500000002,False,2020-10-09,0.0,2021.0,4.0,0.000888889,3.0,0.75,1,,0.75,-0.3885840286996418,1.7642412163037489,1.2715737865278682,,0.1726252446891151,-0.2634906864635947,0.04,1,225,108,70,Siphon,2021-08-13,,,0,,,,,,unlisted_default_zero,0.0,13023.939684908066,1091.8516196029454,155234.21286186107,2.478075512099207,reconstruction,volume_observation_or_prediction_event
,PE_10a82e2f3d5ad96163d0,,,,,,,515,2021-08-13,2021,4,2,MT,OUT,False,TRUE,Siphon,,0.0,,95239.69,True,0.34,0.75,MG/L,EPA300.0 [300OPHOS]_W,0.34,0.75,ALS_pre2023,False,2021-04-27,2021-10-22,2021,grain corn,2020-10-09,grain corn,816.6275,119.3075,2020-10-09,False,0.0,2021,True,,2021-04-27,PlantDate proxy,83.5575,False,2020-10-09,0.0,2021.0,82.66666666666667,0.047111111,3.0,0.75,1,,0.75,-0.3885840286996418,0.0586577773881986,-0.4371453957530912,,0.1726252446891151,-0.2634906864635947,0.8266666666666667,1,225,108,70,Siphon,2021-08-13,,,0,,,,,,unlisted_default_zero,0.0,9949.726589997534,833.9111729634591,118594.80141613178,2.478075512099207,reconstruction,volume_observation_or_prediction_event
,PE_6af7db12fea1a0f5f5e0,,,,,,,517,2021-08-13,2021,4,2,ST,OUT,False,TRUE,Siphon,,0.0,,95239.69,True,0.34,0.75,MG/L,EPA300.0 [300OPHOS]_W,0.34,0.75,ALS_pre2023,False,2021-04-27,2021-10-22,2021,grain corn,2020-10-09,grain corn,805.62625,127.59500000000004,2020-10-09,False,0.0,2021,True,,2021-04-27,PlantDate proxy,91.84500000000004,False,2020-10-09,0.0,2021.0,69.33333333333333,0.0507777776666666,3.0,0.75,1,,0.75,-0.3885840286996418,0.175966955250226,-0.4505563592162391,,0.1726252446891151,-0.2634906864635947,0.6933333333333332,1,225,108,70,Siphon,2021-08-13,,both,1,2021-06-18,Clean Furrows,after_residue_before_first_runoff,logged_operational_anchor,user-confirmed ST-only follow-on tractor pass,furrow_tire_compaction_records.csv,0.0,7180.348793957105,601.5477929470409,85588.51024985658,2.478075512099207,reconstruction,volume_observation_or_prediction_event
,PE_a9b65e771f7f28532999,,,,,,,519,2021-08-25,2021,5,1,CT,OUT,False,TRUE,Siphon,,0.0,,93309.74,True,0.34,0.75,MG/L,EPA300.0 [300OPHOS]_W,0.34,0.75,ALS_pre2023,False,2021-04-27,2021-10-22,2021,grain corn,2020-10-09,grain corn,2218.32,239.8012500000002,2020-10-09,False,0.0,2021,True,,2021-04-27,PlantDate proxy,207.3012500000002,False,2020-10-09,0.0,2021.0,4.0,0.002111111,3.0,0.75,1,,0.75,-0.3885840286996418,1.7642412163037489,1.2715737865278682,,0.6685495838321084,-0.3193416276909536,0.04,1,237,120,58,Siphon,2021-08-25,,,0,,,,,,unlisted_default_zero,0.0,12775.861799421651,1071.0367578454175,152277.54478573744,2.478075512099207,reconstruction,volume_observation_or_prediction_event
,PE_ebd22f3a15b20eea0e80,,,,,,,521,2021-08-25,2021,5,1,MT,OUT,False,TRUE,Siphon,,0.0,,93309.74,True,0.34,0.75,MG/L,EPA300.0 [300OPHOS]_W,0.34,0.75,ALS_pre2023,False,2021-04-27,2021-10-22,2021,grain corn,2020-10-09,grain corn,816.6275,119.3075,2020-10-09,False,0.0,2021,True,,2021-04-27,PlantDate proxy,83.5575,False,2020-10-09,0.0,2021.0,77.66666666666667,0.0655555553333333,3.0,0.75,1,,0.75,-0.3885840286996418,0.0586577773881986,-0.4371453957530912,,0.6685495838321084,-0.3193416276909536,0.7766666666666667,1,237,120,58,Siphon,2021-08-25,,,0,,,,,,unlisted_default_zero,0.0,6707.433708811046,561.8680685690939,79952.16369592214,2.478075512099207,reconstruction,volume_observation_or_prediction_event
,PE_7bb31d342461203b532f,,,,,,,531,2021-08-26,2021,5,2,CT,OUT,False,TRUE,Siphon,,0.0,,86027.4,True,0.34,0.75,MG/L,EPA300.0 [300OPHOS]_W,0.34,0.75,ALS_pre2023,False,2021-04-27,2021-10-22,2021,grain corn,2020-10-09,grain corn,2218.32,239.8012500000002,2020-10-09,False,0.0,2021,True,,2021-04-27,PlantDate proxy,207.3012500000002,False,2020-10-09,0.0,2021.0,4.0,0.000888889,3.0,0.75,1,,0.75,-0.3885840286996418,1.7642412163037489,1.2715737865278682,,0.6685495838321084,-0.530085710873236,0.04,1,238,121,57,Siphon,2021-08-26,,,0,,,,,,unlisted_default_zero,0.0,14002.544775509466,1173.9610330887228,166897.52748920137,2.478075512099207,reconstruction,volume_observation_or_prediction_event
,PE_c917d3aa7638a95ddccd,,,,,,,535,2021-08-26,2021,5,2,ST,OUT,False,TRUE,Siphon,,0.0,,86027.4,True,0.34,0.75,MG/L,EPA300.0 [300OPHOS]_W,0.34,0.75,ALS_pre2023,False,2021-04-27,2021-10-22,2021,grain corn,2020-10-09,grain corn,805.62625,127.59500000000004,2020-10-09,False,0.0,2021,True,,2021-04-27,PlantDate proxy,91.84500000000004,False,2020-10-09,0.0,2021.0,69.33333333333333,0.0507777776666666,3.0,0.75,1,,0.75,-0.3885840286996418,0.175966955250226,-0.4505563592162391,,0.6685495838321084,-0.530085710873236,0.6933333333333332,1,238,121,57,Siphon,2021-08-26,,both,1,2021-06-18,Clean Furrows,after_residue_before_first_runoff,logged_operational_anchor,user-confirmed ST-only follow-on tractor pass,furrow_tire_compaction_records.csv,0.0,6947.213990141271,581.9867236369723,82809.93838915204,2.478075512099207,reconstruction,volume_observation_or_prediction_event
,PE_3e80216d31c31cb94be7,,,,,,,543,2021-09-09,2021,6,1,CT,OUT,False,TRUE,Siphon,,0.0,,88929.71,True,0.34,0.75,MG/L,EPA300.0 [300OPHOS]_W,0.34,0.75,ALS_pre2023,False,2021-04-27,2021-10-22,2021,grain corn,2020-10-09,grain corn,2218.32,239.8012500000002,2020-10-09,False,0.0,2021,True,,2021-04-27,PlantDate proxy,207.3012500000002,False,2020-10-09,0.0,2021.0,4.0,0.002111111,3.0,0.75,1,,0.75,-0.3885840286996418,1.7642412163037489,1.2715737865278682,,1.1644739229751015,-0.4460955840649887,0.04,1,252,135,43,Siphon,2021-09-09,,,0,,,,,,unlisted_default_zero,0.0,13680.101619210585,1146.9065872244228,163054.5513822252,2.478075512099207,reconstruction,volume_observation_or_prediction_event
,PE_29232e3b1d0dd0846861,,,,,,,545,2021-09-09,2021,6,1,MT,OUT,False,TRUE,Siphon,,0.0,,88929.71,True,0.34,0.75,MG/L,EPA300.0 [300OPHOS]_W,0.34,0.75,ALS_pre2023,False,2021-04-27,2021-10-22,2021,grain corn,2020-10-09,grain corn,816.6275,119.3075,2020-10-09,False,0.0,2021,True,,2021-04-27,PlantDate proxy,83.5575,False,2020-10-09,0.0,2021.0,77.66666666666667,0.0655555553333333,3.0,0.75,1,,0.75,-0.3885840286996418,0.0586577773881986,-0.4371453957530912,,1.1644739229751015,-0.4460955840649887,0.7766666666666667,1,252,135,43,Siphon,2021-09-09,,,0,,,,,,unlisted_default_zero,0.0,8077.855202646716,676.8526585409262,96285.26599447236,2.478075512099207,reconstruction,volume_observation_or_prediction_event
,PE_b08201b583b69f927729,,,,,,,547,2021-09-09,2021,6,1,ST,OUT,False,TRUE,Siphon,,0.0,,88929.71,True,0.34,0.75,MG/L,EPA300.0 [300OPHOS]_W,0.34,0.75,ALS_pre2023,False,2021-04-27,2021-10-22,2021,grain corn,2020-10-09,grain corn,805.62625,127.59500000000004,2020-10-09,False,0.0,2021,True,,2021-04-27,PlantDate proxy,91.84500000000004,False,2020-10-09,0.0,2021.0,69.33333333333333,0.0672222223333333,3.0,0.75,1,,0.75,-0.3885840286996418,0.175966955250226,-0.4505563592162391,,1.1644739229751015,-0.4460955840649887,0.6933333333333332,1,252,135,43,Siphon,2021-09-09,,both,1,2021-06-18,Clean Furrows,after_residue_before_first_runoff,logged_operational_anchor,user-confirmed ST-only follow-on tractor pass,furrow_tire_compaction_records.csv,0.0,6966.108982686158,583.5720993626651,83035.13468646216,2.478075512099207,reconstruction,volume_observation_or_prediction_event
,PE_051cd85fc942217be314,,,,,,,553,2021-09-10,2021,6,2,CT,OUT,False,TRUE,Siphon,,0.0,,,True,0.34,0.75,MG/L,EPA300.0 [300OPHOS]_W,0.34,0.75,ALS_pre2023,False,2021-04-27,2021-10-22,2021,grain corn,2020-10-09,grain corn,2218.32,239.8012500000002,2020-10-09,False,0.0,2021,True,,2021-04-27,PlantDate proxy,207.3012500000002,False,2020-10-09,0.0,2021.0,4.0,0.000888889,3.0,0.75,1,,0.75,-0.3885840286996418,1.7642412163037489,1.2715737865278682,,1.1644739229751015,,0.04,1,253,136,42,Siphon,2021-09-10,,,0,,,,,,unlisted_default_zero,0.0,14014.574693116234,1174.9703978349933,167040.90372475947,2.478075512099207,reconstruction,volume_observation_or_prediction_event
,PE_97c5dc883be532c37d60,,,,,,,555,2021-09-10,2021,6,2,MT,OUT,False,TRUE,Siphon,,0.0,,,True,0.34,0.75,MG/L,EPA300.0 [300OPHOS]_W,0.34,0.75,ALS_pre2023,False,2021-04-27,2021-10-22,2021,grain corn,2020-10-09,grain corn,816.6275,119.3075,2020-10-09,False,0.0,2021,True,,2021-04-27,PlantDate proxy,83.5575,False,2020-10-09,0.0,2021.0,82.66666666666667,0.047111111,3.0,0.75,1,,0.75,-0.3885840286996418,0.0586577773881986,-0.4371453957530912,,1.1644739229751015,,0.8266666666666667,1,253,136,42,Siphon,2021-09-10,,,0,,,,,,unlisted_default_zero,0.0,10398.462977419438,871.5621947441609,123942.97885921151,2.478075512099207,reconstruction,volume_observation_or_prediction_event
,PE_16ac905814be2f1ac791,,,,,,,557,2021-09-10,2021,6,2,ST,OUT,False,TRUE,Siphon,,0.0,,,True,0.34,0.75,MG/L,EPA300.0 [300OPHOS]_W,0.34,0.75,ALS_pre2023,False,2021-04-27,2021-10-22,2021,grain corn,2020-10-09,grain corn,805.62625,127.59500000000004,2020-10-09,False,0.0,2021,True,,2021-04-27,PlantDate proxy,91.84500000000004,False,2020-10-09,0.0,2021.0,69.33333333333333,0.0507777776666666,3.0,0.75,1,,0.75,-0.3885840286996418,0.175966955250226,-0.4505563592162391,,1.1644739229751015,,0.6933333333333332,1,253,136,42,Siphon,2021-09-10,,both,1,2021-06-18,Clean Furrows,after_residue_before_first_runoff,logged_operational_anchor,user-confirmed ST-only follow-on tractor pass,furrow_tire_compaction_records.csv,0.0,7373.864862621144,617.7846703664223,87894.89391365646,2.478075512099207,reconstruction,volume_observation_or_prediction_event
,PE_3433a0bfc8c7216f3995,,,,,,,559,2022-06-17,2022,1,1,CT,OUT,True,FALSE,Siphon,,0.0,,89460.71,True,0.34,0.75,MG/L,EPA300.0 [300OPHOS]_W,0.34,0.75,ALS_pre2023,False,2022-04-29,2022-10-24,2022,grain corn,2021-10-22,grain corn,2481.29375,256.47374999999965,2021-10-22,False,0.0,2022,True,,2022-04-29,PlantDate proxy,223.97374999999963,False,2021-10-22,0.0,2022.0,5.666666666666667,0.0081666666666666,3.0,0.75,1,,0.75,-0.3885840286996418,2.0002396800026423,1.5921492986757586,,-1.3151477727398646,-0.4307289425500646,0.0566666666666666,1,168,49,129,Siphon,2022-06-17,,,0,,,,,,unlisted_default_zero,0.0,14068.861247470357,1179.5252864013726,167687.9074748393,2.478075512099207,reconstruction,volume_observation_or_prediction_event
,PE_7b7021667404f4bf5ffe,,,,,,,560,2022-06-17,2022,1,1,MT,OUT,True,FALSE,Siphon,,0.0,,89460.71,True,0.34,0.75,MG/L,EPA300.0 [300OPHOS]_W,0.34,0.75,ALS_pre2023,False,2022-04-29,2022-10-24,2022,grain corn,2021-10-22,grain corn,947.81375,124.68624999999996,2021-10-22,False,0.0,2022,True,,2022-04-29,PlantDate proxy,92.18624999999996,False,2021-10-22,0.0,2022.0,26.666666666666668,0.0781666666666666,3.0,0.75,1,,0.75,-0.3885840286996418,0.1347937340006115,-0.2772241135699408,,-1.3151477727398646,-0.4307289425500646,0.2666666666666666,1,168,49,129,Siphon,2022-06-17,,both,1,2022-06-13,Clean Furrows,after_residue_before_first_runoff,logged_operational_anchor,user-confirmed MT and ST follow-on tractor pass,furrow_tire_compaction_records.csv,0.0,14258.976860322033,1195.4768501278058,169953.76346675557,2.478075512099207,reconstruction,volume_observation_or_prediction_event
,PE_d47080104483a2906848,,,,,,,561,2022-06-17,2022,1,1,ST,OUT,True,FALSE,Siphon,,0.0,,89460.71,True,0.34,0.75,MG/L,EPA300.0 [300OPHOS]_W,0.34,0.75,ALS_pre2023,False,2022-04-29,2022-10-24,2022,grain corn,2021-10-22,grain corn,941.6875,129.56124999999997,2021-10-22,False,0.0,2022,True,,2022-04-29,PlantDate proxy,97.06124999999996,False,2021-10-22,0.0,2022.0,27.33333333333333,0.0751666666666666,3.0,0.75,1,,0.75,-0.3885840286996418,0.2037991327429804,-0.2846922571823585,,-1.3151477727398646,-0.4307289425500646,0.2733333333333332,1,168,49,129,Siphon,2022-06-17,,both,1,2022-06-13,Clean Furrows,after_residue_before_first_runoff,logged_operational_anchor,user-confirmed MT and ST follow-on tractor pass,furrow_tire_compaction_records.csv,0.0,13771.864851527871,1154.6059393507244,164148.2136368127,2.478075512099207,reconstruction,volume_observation_or_prediction_event
,PE_3f1a3adf6196ed54473e,,,,,,,562,2022-06-17,2022,1,2,CT,OUT,,,Siphon,"In the field book labeled Kerbel 1st irrigation, it was noted that CT was taking a very long time to runoff, assuming that crew had other tasks to do and could not wait to collect this FF sample",0.0,,,True,0.34,0.75,MG/L,EPA300.0 [300OPHOS]_W,0.34,0.75,ALS_pre2023,False,2022-04-29,2022-10-24,2022,grain corn,2021-10-22,grain corn,2481.29375,256.47374999999965,2021-10-22,False,0.0,2022,True,,2022-04-29,PlantDate proxy,223.97374999999963,False,2021-10-22,0.0,2022.0,8.0,0.0176666666666666,3.0,0.75,1,,0.75,-0.3885840286996418,2.0002396800026423,1.5921492986757586,,-1.3151477727398646,,0.08,1,168,49,129,Siphon,2022-06-17,,,0,,,,,,unlisted_default_zero,0.0,14420.20340096314,1209.0044894355542,171875.31066473605,2.478075512099207,reconstruction,volume_observation_or_prediction_event
,PE_7f40423a8c9c7387079e,,,,,,,563,2022-06-17,2022,1,2,MT,OUT,True,FALSE,Siphon,,0.0,,,True,0.34,0.75,MG/L,EPA300.0 [300OPHOS]_W,0.34,0.75,ALS_pre2023,False,2022-04-29,2022-10-24,2022,grain corn,2021-10-22,grain corn,947.81375,124.68624999999996,2021-10-22,False,0.0,2022,True,,2022-04-29,PlantDate proxy,92.18624999999996,False,2021-10-22,0.0,2022.0,42.0,0.1328333333333333,3.0,0.75,1,,0.75,-0.3885840286996418,0.1347937340006115,-0.2772241135699408,,-1.3151477727398646,,0.42,1,168,49,129,Siphon,2022-06-17,,both,1,2022-06-13,Clean Furrows,after_residue_before_first_runoff,logged_operational_anchor,user-confirmed MT and ST follow-on tractor pass,furrow_tire_compaction_records.csv,0.0,14925.665040396303,1251.4150175965212,177899.5570020784,2.478075512099207,reconstruction,volume_observation_or_prediction_event
,PE_510406c16da87dd620cb,,,,,,,564,2022-06-17,2022,1,2,ST,OUT,True,FALSE,Siphon,,0.0,,,True,0.34,0.75,MG/L,EPA300.0 [300OPHOS]_W,0.34,0.75,ALS_pre2023,False,2022-04-29,2022-10-24,2022,grain corn,2021-10-22,grain corn,941.6875,129.56124999999997,2021-10-22,False,0.0,2022,True,,2022-04-29,PlantDate proxy,97.06124999999996,False,2021-10-22,0.0,2022.0,30.666666666666668,0.0936666666666666,3.0,0.75,1,,0.75,-0.3885840286996418,0.2037991327429804,-0.2846922571823585,,-1.3151477727398646,,0.3066666666666667,1,168,49,129,Siphon,2022-06-17,,both,1,2022-06-13,Clean Furrows,after_residue_before_first_runoff,logged_operational_anchor,user-confirmed MT and ST follow-on tractor pass,furrow_tire_compaction_records.csv,0.0,13710.832639998365,1149.4850594978025,163420.81308238348,2.478075512099207,reconstruction,volume_observation_or_prediction_event
,PE_5ae2ded12c8023b32c0a,,,,,,,577,2022-06-29,2022,2,1,CT,OUT,True,FALSE,Siphon,"""CT1-FF-01-GB"" -  original label reported to ALS, but assuming that it is meant to be labeled as irr. 2, which is now reflected in the ID column. No in-house TSS testing results could be found.",0.0,,79557.33,True,0.34,0.75,MG/L,EPA300.0 [300OPHOS]_W,0.34,0.75,ALS_pre2023,False,2022-04-29,2022-10-24,2022,grain corn,2021-10-22,grain corn,2481.29375,256.47374999999965,2021-10-22,False,0.0,2022,True,,2022-04-29,PlantDate proxy,223.97374999999963,False,2021-10-22,0.0,2022.0,5.666666666666667,0.0081666666666666,3.0,0.75,1,,0.75,-0.3885840286996418,2.0002396800026423,1.5921492986757586,,-0.8192234335968713,-0.7173234627874815,0.0566666666666666,1,180,61,117,Siphon,2022-06-29,,,0,,,,,,unlisted_default_zero,0.0,14776.050529236794,1238.8616803226278,176116.405521233,2.478075512099207,reconstruction,volume_observation_or_prediction_event
,PE_14298b67e71efd6380df,,,,,,,578,2022-06-29,2022,2,1,MT,OUT,True,FALSE,Siphon,"""MT1-FF-01-GB"" -  original label reported to ALS, but assuming that it is meant to be labeled as irr. 2, which is now reflected in the ID column. No in-house TSS testing results could be found.",0.0,,79557.33,True,0.34,0.75,MG/L,EPA300.0 [300OPHOS]_W,0.34,0.75,ALS_pre2023,False,2022-04-29,2022-10-24,2022,grain corn,2021-10-22,grain corn,947.81375,124.68624999999996,2021-10-22,False,0.0,2022,True,,2022-04-29,PlantDate proxy,92.18624999999996,False,2021-10-22,0.0,2022.0,26.666666666666668,0.0781666666666666,3.0,0.75,1,,0.75,-0.3885840286996418,0.1347937340006115,-0.2772241135699408,,-0.8192234335968713,-0.7173234627874815,0.2666666666666666,1,180,61,117,Siphon,2022-06-29,,both,1,2022-06-13,Clean Furrows,after_residue_before_first_runoff,logged_operational_anchor,user-confirmed MT and ST follow-on tractor pass,furrow_tire_compaction_records.csv,0.0,13721.472699569518,1150.3778088399342,163547.6245649964,2.478075512099207,reconstruction,volume_observation_or_prediction_event
,PE_dc25029fed7bf1b276c5,,,,,,,579,2022-06-29,2022,2,1,ST,OUT,True,FALSE,Siphon,"""ST1-FF-01-GB"" -  original label reported to ALS, but assuming that it is meant to be labeled as irr. 2, which is now reflected in the ID column. No in-house TSS testing results could be found.",0.0,,79557.33,True,0.34,0.75,MG/L,EPA300.0 [300OPHOS]_W,0.34,0.75,ALS_pre2023,False,2022-04-29,2022-10-24,2022,grain corn,2021-10-22,grain corn,941.6875,129.56124999999997,2021-10-22,False,0.0,2022,True,,2022-04-29,PlantDate proxy,97.06124999999996,False,2021-10-22,0.0,2022.0,27.33333333333333,0.0751666666666666,3.0,0.75,1,,0.75,-0.3885840286996418,0.2037991327429804,-0.2846922571823585,,-0.8192234335968713,-0.7173234627874815,0.2733333333333332,1,180,61,117,Siphon,2022-06-29,,both,1,2022-06-13,Clean Furrows,after_residue_before_first_runoff,logged_operational_anchor,user-confirmed MT and ST follow-on tractor pass,furrow_tire_compaction_records.csv,0.0,13786.948338014197,1155.8715124001676,164327.98323974735,2.478075512099207,reconstruction,volume_observation_or_prediction_event
,PE_438127a754ce2a504c09,,,,,,,586,2022-06-30,2022,2,2,CT,OUT,False,FALSE,Siphon,"Reason unknown why this is a GB sample. In the TSS results sheet, there is a sample labeled CT2-02-LC, assuming it correlates with this sample and the TSS label was not updated.",0.0,,81388.92,True,0.34,0.75,MG/L,EPA300.0 [300OPHOS]_W,0.34,0.75,ALS_pre2023,False,2022-04-29,2022-10-24,2022,grain corn,2021-10-22,grain corn,2481.29375,256.47374999999965,2021-10-22,False,0.0,2022,True,,2022-04-29,PlantDate proxy,223.97374999999963,False,2021-10-22,0.0,2022.0,8.0,0.0176666666666666,3.0,0.75,1,,0.75,-0.3885840286996418,2.0002396800026423,1.5921492986757586,,-0.8192234335968713,-0.6643189676230378,0.08,1,181,62,116,Siphon,2022-06-30,,,0,,,,,,unlisted_default_zero,0.0,15642.030766125656,1311.5213568603017,186437.42271284177,2.478075512099207,reconstruction,volume_observation_or_prediction_event
,PE_344e7a9bb935a4829210,,,,,,,588,2022-06-30,2022,2,2,MT,OUT,False,TRUE,Siphon,,0.0,,81388.92,True,0.34,0.75,MG/L,EPA300.0 [300OPHOS]_W,0.34,0.75,ALS_pre2023,False,2022-04-29,2022-10-24,2022,grain corn,2021-10-22,grain corn,947.81375,124.68624999999996,2021-10-22,False,0.0,2022,True,,2022-04-29,PlantDate proxy,92.18624999999996,False,2021-10-22,0.0,2022.0,42.0,0.1328333333333333,3.0,0.75,1,,0.75,-0.3885840286996418,0.1347937340006115,-0.2772241135699408,,-0.8192234335968713,-0.6643189676230378,0.42,1,181,62,116,Siphon,2022-06-30,,both,1,2022-06-13,Clean Furrows,after_residue_before_first_runoff,logged_operational_anchor,user-confirmed MT and ST follow-on tractor pass,furrow_tire_compaction_records.csv,0.0,14438.231412488421,1210.5171215144921,172090.1740172205,2.478075512099207,reconstruction,volume_observation_or_prediction_event
,PE_230aa97120550e292bc7,,,,,,,590,2022-06-30,2022,2,2,ST,OUT,False,TRUE,Siphon,,0.0,,81388.92,True,0.34,0.75,MG/L,EPA300.0 [300OPHOS]_W,0.34,0.75,ALS_pre2023,False,2022-04-29,2022-10-24,2022,grain corn,2021-10-22,grain corn,941.6875,129.56124999999997,2021-10-22,False,0.0,2022,True,,2022-04-29,PlantDate proxy,97.06124999999996,False,2021-10-22,0.0,2022.0,30.666666666666668,0.0936666666666666,3.0,0.75,1,,0.75,-0.3885840286996418,0.2037991327429804,-0.2846922571823585,,-0.8192234335968713,-0.6643189676230378,0.3066666666666667,1,181,62,116,Siphon,2022-06-30,,both,1,2022-06-13,Clean Furrows,after_residue_before_first_runoff,logged_operational_anchor,user-confirmed MT and ST follow-on tractor pass,furrow_tire_compaction_records.csv,0.0,13495.79194035832,1131.4421677403475,160857.89228657592,2.478075512099207,reconstruction,volume_observation_or_prediction_event
,PE_db44df4caa1727e348be,,,,,,,592,2022-07-13,2022,3,1,CT,OUT,True,FALSE,Siphon,,0.0,,108928.47,True,0.34,0.75,MG/L,EPA300.0 [300OPHOS]_W,0.34,0.75,ALS_pre2023,False,2022-04-29,2022-10-24,2022,grain corn,2021-10-22,grain corn,2481.29375,256.47374999999965,2021-10-22,False,0.0,2022,True,,2022-04-29,PlantDate proxy,223.97374999999963,False,2021-10-22,0.0,2022.0,5.666666666666667,0.0081666666666666,3.0,0.75,1,,0.75,-0.3885840286996418,2.0002396800026423,1.5921492986757586,,-0.3232990944538781,0.1326497561666532,0.0566666666666666,1,194,75,103,Siphon,2022-07-13,,,0,,,,,,unlisted_default_zero,0.0,13441.969127248565,1126.926189171423,160216.4155464112,2.478075512099207,reconstruction,volume_observation_or_prediction_event
,PE_afa287a09ff3e5bab631,,,,,,,593,2022-07-13,2022,3,1,MT,OUT,True,FALSE,Siphon,,0.0,,108928.47,True,0.34,0.75,MG/L,EPA300.0 [300OPHOS]_W,0.34,0.75,ALS_pre2023,False,2022-04-29,2022-10-24,2022,grain corn,2021-10-22,grain corn,947.81375,124.68624999999996,2021-10-22,False,0.0,2022,True,,2022-04-29,PlantDate proxy,92.18624999999996,False,2021-10-22,0.0,2022.0,26.666666666666668,0.0781666666666666,3.0,0.75,1,,0.75,-0.3885840286996418,0.1347937340006115,-0.2772241135699408,,-0.3232990944538781,0.1326497561666532,0.2666666666666666,1,194,75,103,Siphon,2022-07-13,,both,1,2022-06-13,Clean Furrows,after_residue_before_first_runoff,logged_operational_anchor,user-confirmed MT and ST follow-on tractor pass,furrow_tire_compaction_records.csv,0.0,13419.65530136905,1125.0539577951638,159950.47254828902,2.478075512099207,reconstruction,volume_observation_or_prediction_event
,PE_a8630556d08f6cec7f6a,,,,,,,594,2022-07-13,2022,3,1,ST,OUT,True,FALSE,Siphon,,0.0,,108928.47,True,0.34,0.75,MG/L,EPA300.0 [300OPHOS]_W,0.34,0.75,ALS_pre2023,False,2022-04-29,2022-10-24,2022,grain corn,2021-10-22,grain corn,941.6875,129.56124999999997,2021-10-22,False,0.0,2022,True,,2022-04-29,PlantDate proxy,97.06124999999996,False,2021-10-22,0.0,2022.0,27.33333333333333,0.0751666666666666,3.0,0.75,1,,0.75,-0.3885840286996418,0.2037991327429804,-0.2846922571823585,,-0.3232990944538781,0.1326497561666532,0.2733333333333332,1,194,75,103,Siphon,2022-07-13,,both,1,2022-06-13,Clean Furrows,after_residue_before_first_runoff,logged_operational_anchor,user-confirmed MT and ST follow-on tractor pass,furrow_tire_compaction_records.csv,0.0,13144.454008732055,1101.9633189399492,156670.53941417523,2.478075512099207,reconstruction,volume_observation_or_prediction_event
,PE_eb7e4b7d6a65d5aa6a4b,,,,,,,595,2022-07-14,2022,3,2,CT,OUT,True,FALSE,Siphon,,0.0,,90139.87,True,0.34,0.75,MG/L,EPA300.0 [300OPHOS]_W,0.34,0.75,ALS_pre2023,False,2022-04-29,2022-10-24,2022,grain corn,2021-10-22,grain corn,2481.29375,256.47374999999965,2021-10-22,False,0.0,2022,True,,2022-04-29,PlantDate proxy,223.97374999999963,False,2021-10-22,0.0,2022.0,8.0,0.0176666666666666,3.0,0.75,1,,0.75,-0.3885840286996418,2.0002396800026423,1.5921492986757586,,-0.3232990944538781,-0.4110746897228036,0.08,1,195,76,102,Siphon,2022-07-14,,,0,,,,,,unlisted_default_zero,0.0,12920.346104552533,1083.1596475239353,153999.55290284057,2.478075512099207,reconstruction,volume_observation_or_prediction_event
,PE_a5a3e7d8a5e84189d18a,,,,,,,596,2022-07-14,2022,3,2,MT,OUT,True,FALSE,Siphon,,0.0,,90139.87,True,0.34,0.75,MG/L,EPA300.0 [300OPHOS]_W,0.34,0.75,ALS_pre2023,False,2022-04-29,2022-10-24,2022,grain corn,2021-10-22,grain corn,947.81375,124.68624999999996,2021-10-22,False,0.0,2022,True,,2022-04-29,PlantDate proxy,92.18624999999996,False,2021-10-22,0.0,2022.0,42.0,0.1328333333333333,3.0,0.75,1,,0.75,-0.3885840286996418,0.1347937340006115,-0.2772241135699408,,-0.3232990944538781,-0.4110746897228036,0.42,1,195,76,102,Siphon,2022-07-14,,both,1,2022-06-13,Clean Furrows,after_residue_before_first_runoff,logged_operational_anchor,user-confirmed MT and ST follow-on tractor pass,furrow_tire_compaction_records.csv,0.0,14861.700838386874,1246.0481304205591,177137.21208880606,2.478075512099207,reconstruction,volume_observation_or_prediction_event
,PE_0656666c2b33c1a71dfc,,,,,,,597,2022-07-14,2022,3,2,ST,OUT,True,FALSE,Siphon,,0.0,,90139.87,True,0.34,0.75,MG/L,EPA300.0 [300OPHOS]_W,0.34,0.75,ALS_pre2023,False,2022-04-29,2022-10-24,2022,grain corn,2021-10-22,grain corn,941.6875,129.56124999999997,2021-10-22,False,0.0,2022,True,,2022-04-29,PlantDate proxy,97.06124999999996,False,2021-10-22,0.0,2022.0,30.666666666666668,0.0936666666666666,3.0,0.75,1,,0.75,-0.3885840286996418,0.2037991327429804,-0.2846922571823585,,-0.3232990944538781,-0.4110746897228036,0.3066666666666667,1,195,76,102,Siphon,2022-07-14,,both,1,2022-06-13,Clean Furrows,after_residue_before_first_runoff,logged_operational_anchor,user-confirmed MT and ST follow-on tractor pass,furrow_tire_compaction_records.csv,0.0,12254.409344780059,1027.2845276326893,146062.71502438188,2.478075512099207,reconstruction,volume_observation_or_prediction_event
,PE_074f45d65401c8fdb3f5,,,,,,,610,2022-07-26,2022,4,1,CT,OUT,True,FALSE,Siphon,,0.0,,103902.33,True,0.34,0.75,MG/L,EPA300.0 [300OPHOS]_W,0.34,0.75,ALS_pre2023,False,2022-04-29,2022-10-24,2022,grain corn,2021-10-22,grain corn,2481.29375,256.47374999999965,2021-10-22,False,0.0,2022,True,,2022-04-29,PlantDate proxy,223.97374999999963,False,2021-10-22,0.0,2022.0,5.666666666666667,0.0081666666666666,3.0,0.75,1,,0.75,-0.3885840286996418,2.0002396800026423,1.5921492986757586,,0.1726252446891151,-0.0128020170608801,0.0566666666666666,1,207,88,90,Siphon,2022-07-26,,,0,,,,,,unlisted_default_zero,0.0,14650.137099275787,1228.2969714493813,174615.73077148257,2.478075512099207,reconstruction,volume_observation_or_prediction_event
,PE_5556897f607258fe9362,,,,,,,611,2022-07-26,2022,4,1,MT,OUT,True,FALSE,Siphon,,0.0,,103902.33,True,0.34,0.75,MG/L,EPA300.0 [300OPHOS]_W,0.34,0.75,ALS_pre2023,False,2022-04-29,2022-10-24,2022,grain corn,2021-10-22,grain corn,947.81375,124.68624999999996,2021-10-22,False,0.0,2022,True,,2022-04-29,PlantDate proxy,92.18624999999996,False,2021-10-22,0.0,2022.0,26.666666666666668,0.0781666666666666,3.0,0.75,1,,0.75,-0.3885840286996418,0.1347937340006115,-0.2772241135699408,,0.1726252446891151,-0.0128020170608801,0.2666666666666666,1,207,88,90,Siphon,2022-07-26,,both,1,2022-06-13,Clean Furrows,after_residue_before_first_runoff,logged_operational_anchor,user-confirmed MT and ST follow-on tractor pass,furrow_tire_compaction_records.csv,0.0,13970.328792379274,1171.2579657277486,166513.56755389602,2.478075512099207,reconstruction,volume_observation_or_prediction_event
,PE_ceb9c23bc0db5be24388,,,,,,,612,2022-07-26,2022,4,1,ST,OUT,True,FALSE,Siphon,,0.0,,103902.33,True,0.34,0.75,MG/L,EPA300.0 [300OPHOS]_W,0.34,0.75,ALS_pre2023,False,2022-04-29,2022-10-24,2022,grain corn,2021-10-22,grain corn,941.6875,129.56124999999997,2021-10-22,False,0.0,2022,True,,2022-04-29,PlantDate proxy,97.06124999999996,False,2021-10-22,0.0,2022.0,27.33333333333333,0.0751666666666666,3.0,0.75,1,,0.75,-0.3885840286996418,0.2037991327429804,-0.2846922571823585,,0.1726252446891151,-0.0128020170608801,0.2733333333333332,1,207,88,90,Siphon,2022-07-26,,both,1,2022-06-13,Clean Furrows,after_residue_before_first_runoff,logged_operational_anchor,user-confirmed MT and ST follow-on tractor pass,furrow_tire_compaction_records.csv,0.0,14136.150107649091,1185.1711275036366,168489.87668051515,2.478075512099207,reconstruction,volume_observation_or_prediction_event
,PE_c409fdcd758dbf3b86bb,,,,,,,613,2022-07-27,2022,4,2,CT,OUT,True,FALSE,Siphon,,0.0,,89491.62,True,0.34,0.75,MG/L,EPA300.0 [300OPHOS]_W,0.34,0.75,ALS_pre2023,False,2022-04-29,2022-10-24,2022,grain corn,2021-10-22,grain corn,2481.29375,256.47374999999965,2021-10-22,False,0.0,2022,True,,2022-04-29,PlantDate proxy,223.97374999999963,False,2021-10-22,0.0,2022.0,8.0,0.0176666666666666,3.0,0.75,1,,0.75,-0.3885840286996418,2.0002396800026423,1.5921492986757586,,0.1726252446891151,-0.4298344361673413,0.08,1,208,89,89,Siphon,2022-07-27,,,0,,,,,,unlisted_default_zero,0.0,14781.320119585573,1239.3038228957698,176179.21010991232,2.478075512099207,reconstruction,volume_observation_or_prediction_event
,PE_3fc5dfce0fb4c6220e16,,,,,,,614,2022-07-27,2022,4,2,MT,OUT,True,FALSE,Siphon,,0.0,,89491.62,True,0.34,0.75,MG/L,EPA300.0 [300OPHOS]_W,0.34,0.75,ALS_pre2023,False,2022-04-29,2022-10-24,2022,grain corn,2021-10-22,grain corn,947.81375,124.68624999999996,2021-10-22,False,0.0,2022,True,,2022-04-29,PlantDate proxy,92.18624999999996,False,2021-10-22,0.0,2022.0,42.0,0.1328333333333333,3.0,0.75,1,,0.75,-0.3885840286996418,0.1347937340006115,-0.2772241135699408,,0.1726252446891151,-0.4298344361673413,0.42,1,208,89,89,Siphon,2022-07-27,,both,1,2022-06-13,Clean Furrows,after_residue_before_first_runoff,logged_operational_anchor,user-confirmed MT and ST follow-on tractor pass,furrow_tire_compaction_records.csv,0.0,15207.76881898873,1275.0848063854912,181261.7560738847,2.478075512099207,reconstruction,volume_observation_or_prediction_event
,PE_3eefa2d11be77738359b,,,,,,,615,2022-07-27,2022,4,2,ST,OUT,True,FALSE,Siphon,,0.0,,89491.62,True,0.34,0.75,MG/L,EPA300.0 [300OPHOS]_W,0.34,0.75,ALS_pre2023,False,2022-04-29,2022-10-24,2022,grain corn,2021-10-22,grain corn,941.6875,129.56124999999997,2021-10-22,False,0.0,2022,True,,2022-04-29,PlantDate proxy,97.06124999999996,False,2021-10-22,0.0,2022.0,30.666666666666668,0.0936666666666666,3.0,0.75,1,,0.75,-0.3885840286996418,0.2037991327429804,-0.2846922571823585,,0.1726252446891151,-0.4298344361673413,0.3066666666666667,1,208,89,89,Siphon,2022-07-27,,both,1,2022-06-13,Clean Furrows,after_residue_before_first_runoff,logged_operational_anchor,user-confirmed MT and ST follow-on tractor pass,furrow_tire_compaction_records.csv,0.0,13179.048561876942,1104.8659591324129,157082.84787403935,2.478075512099207,reconstruction,volume_observation_or_prediction_event
,PE_df160c088a0a2ccf4d3e,,,,,,,628,2022-08-10,2022,5,1,CT,OUT,True,,Siphon,"From the recorded notes and conversations with Manny and AJ, we have determined that there was likely not enough water for sample analysis during this irrigation event.",0.11,,106443.9,True,0.34,0.75,MG/L,EPA300.0 [300OPHOS]_W,0.34,0.75,ALS_pre2023,False,2022-04-29,2022-10-24,2022,grain corn,2021-10-22,grain corn,2481.29375,256.47374999999965,2021-10-22,False,0.0,2022,True,,2022-04-29,PlantDate proxy,223.97374999999963,False,2021-10-22,0.0,2022.0,5.666666666666667,0.0081666666666666,3.0,0.75,0,0.11,0.75,0.9107156679506602,2.0002396800026423,1.5921492986757586,,0.6685495838321084,0.0607486327980376,0.0566666666666666,1,222,103,75,Siphon,2022-08-10,,,0,,,,,,unlisted_default_zero,0.0,12917.315439144004,1082.9053609260461,153963.43250603357,2.478075512099207,reconstruction,volume_observation_or_prediction_event
,PE_260d9de653b38957c0fe,,,,,,,629,2022-08-10,2022,5,1,MT,OUT,True,,Siphon,"From the recorded notes and conversations with Manny and AJ, we have determined that there was likely not enough water for sample analysis during this irrigation event.",0.11,,106443.9,True,0.34,0.75,MG/L,EPA300.0 [300OPHOS]_W,0.34,0.75,ALS_pre2023,False,2022-04-29,2022-10-24,2022,grain corn,2021-10-22,grain corn,947.81375,124.68624999999996,2021-10-22,False,0.0,2022,True,,2022-04-29,PlantDate proxy,92.18624999999996,False,2021-10-22,0.0,2022.0,26.666666666666668,0.0781666666666666,3.0,0.75,0,0.11,0.75,0.9107156679506602,0.1347937340006115,-0.2772241135699408,,0.6685495838321084,0.0607486327980376,0.2666666666666666,1,222,103,75,Siphon,2022-08-10,,both,1,2022-06-13,Clean Furrows,after_residue_before_first_runoff,logged_operational_anchor,user-confirmed MT and ST follow-on tractor pass,furrow_tire_compaction_records.csv,0.0,12809.757904939888,1073.8807951085428,152681.52893327342,2.478075512099207,reconstruction,volume_observation_or_prediction_event
,PE_70d3cc17c47edebe68ad,,,,,,,630,2022-08-10,2022,5,1,ST,OUT,True,,Siphon,"From the recorded notes and conversations with Manny and AJ, we have determined that there was likely not enough water for sample analysis during this irrigation event.",0.11,,106443.9,True,0.34,0.75,MG/L,EPA300.0 [300OPHOS]_W,0.34,0.75,ALS_pre2023,False,2022-04-29,2022-10-24,2022,grain corn,2021-10-22,grain corn,941.6875,129.56124999999997,2021-10-22,False,0.0,2022,True,,2022-04-29,PlantDate proxy,97.06124999999996,False,2021-10-22,0.0,2022.0,27.33333333333333,0.0751666666666666,3.0,0.75,0,0.11,0.75,0.9107156679506602,0.2037991327429804,-0.2846922571823585,,0.6685495838321084,0.0607486327980376,0.2733333333333332,1,222,103,75,Siphon,2022-08-10,,both,1,2022-06-13,Clean Furrows,after_residue_before_first_runoff,logged_operational_anchor,user-confirmed MT and ST follow-on tractor pass,furrow_tire_compaction_records.csv,0.0,13171.174801907286,1104.2053148957896,156989.00599572857,2.478075512099207,reconstruction,volume_observation_or_prediction_event
,PE_0f0b8ef86caaf0f77083,,,,,,,631,2022-08-11,2022,5,2,CT,OUT,True,,Siphon,"From the recorded notes and conversations with Manny and AJ, we have determined that there was likely not enough water for sample analysis during this irrigation event.",0.13,,108657.6,True,0.34,0.75,MG/L,EPA300.0 [300OPHOS]_W,0.34,0.75,ALS_pre2023,False,2022-04-29,2022-10-24,2022,grain corn,2021-10-22,grain corn,2481.29375,256.47374999999965,2021-10-22,False,0.0,2022,True,,2022-04-29,PlantDate proxy,223.97374999999963,False,2021-10-22,0.0,2022.0,8.0,0.0176666666666666,3.0,0.75,0,0.13,0.75,1.146951976432533,2.0002396800026423,1.5921492986757586,,0.6685495838321084,0.1248110326503681,0.08,1,223,104,74,Siphon,2022-08-11,,,0,,,,,,unlisted_default_zero,0.0,12521.844666370427,1049.7235662316716,149250.09094152064,2.478075512099207,reconstruction,volume_observation_or_prediction_event
,PE_912d046edf542edb9c36,,,,,,,632,2022-08-11,2022,5,2,MT,OUT,True,,Siphon,"From the recorded notes and conversations with Manny and AJ, we have determined that there was likely not enough water for sample analysis during this irrigation event.",0.13,,108657.6,True,0.34,0.75,MG/L,EPA300.0 [300OPHOS]_W,0.34,0.75,ALS_pre2023,False,2022-04-29,2022-10-24,2022,grain corn,2021-10-22,grain corn,947.81375,124.68624999999996,2021-10-22,False,0.0,2022,True,,2022-04-29,PlantDate proxy,92.18624999999996,False,2021-10-22,0.0,2022.0,42.0,0.1328333333333333,3.0,0.75,0,0.13,0.75,1.146951976432533,0.1347937340006115,-0.2772241135699408,,0.6685495838321084,0.1248110326503681,0.42,1,223,104,74,Siphon,2022-08-11,,both,1,2022-06-13,Clean Furrows,after_residue_before_first_runoff,logged_operational_anchor,user-confirmed MT and ST follow-on tractor pass,furrow_tire_compaction_records.csv,0.0,13462.029686091646,1128.6093612053942,160455.5034191744,2.478075512099207,reconstruction,volume_observation_or_prediction_event
,PE_901ccaf6a3ac1105504f,,,,,,,633,2022-08-11,2022,5,2,ST,OUT,True,,Siphon,"From the recorded notes and conversations with Manny and AJ, we have determined that there was likely not enough water for sample analysis during this irrigation event.",0.13,,108657.6,True,0.34,0.75,MG/L,EPA300.0 [300OPHOS]_W,0.34,0.75,ALS_pre2023,False,2022-04-29,2022-10-24,2022,grain corn,2021-10-22,grain corn,941.6875,129.56124999999997,2021-10-22,False,0.0,2022,True,,2022-04-29,PlantDate proxy,97.06124999999996,False,2021-10-22,0.0,2022.0,30.666666666666668,0.0936666666666666,3.0,0.75,0,0.13,0.75,1.146951976432533,0.2037991327429804,-0.2846922571823585,,0.6685495838321084,0.1248110326503681,0.3066666666666667,1,223,104,74,Siphon,2022-08-11,,both,1,2022-06-13,Clean Furrows,after_residue_before_first_runoff,logged_operational_anchor,user-confirmed MT and ST follow-on tractor pass,furrow_tire_compaction_records.csv,0.0,12227.482757077074,1025.0252645809237,145741.7957207355,2.478075512099207,reconstruction,volume_observation_or_prediction_event
,PE_2dee4ae4d1c5b4873b12,,,,,,,646,2022-08-18,2022,6,1,CT,OUT,,,Siphon,"Occurred but was scrapped due to a hail event caused blockages in the rows, we believed it was not a representative sample - ""It has been decided to not take Rep 2 samples and dump Rep 1 samples because of how poorly this one seems to be going""",,,,False,0.34,0.75,MG/L,EPA300.0 [300OPHOS]_W,0.34,0.75,ALS_pre2023,False,2022-04-29,2022-10-24,2022,grain corn,2021-10-22,grain corn,2481.29375,256.47374999999965,2021-10-22,False,0.0,2022,True,,2022-04-29,PlantDate proxy,223.97374999999963,False,2021-10-22,0.0,2022.0,5.666666666666667,0.0081666666666666,3.0,0.75,0,,0.75,,2.0002396800026423,1.5921492986757586,,1.1644739229751015,,0.0566666666666666,1,230,111,67,Siphon,2022-08-18,,,0,,,,,,unlisted_default_zero,0.0,14532.456924732985,1218.423070114293,173213.18247669548,2.478075512099207,reconstruction,volume_observation_or_prediction_event
,PE_3e1a799849bdfb1c3f26,,,,,,,647,2022-08-18,2022,6,1,MT,OUT,,,Siphon,"Occurred but was scrapped due to a hail event caused blockages in the rows, we believed it was not a representative sample - ""It has been decided to not take Rep 2 samples and dump Rep 1 samples because of how poorly this one seems to be going""",,,,False,0.34,0.75,MG/L,EPA300.0 [300OPHOS]_W,0.34,0.75,ALS_pre2023,False,2022-04-29,2022-10-24,2022,grain corn,2021-10-22,grain corn,947.81375,124.68624999999996,2021-10-22,False,0.0,2022,True,,2022-04-29,PlantDate proxy,92.18624999999996,False,2021-10-22,0.0,2022.0,26.666666666666668,0.0781666666666666,3.0,0.75,0,,0.75,,0.1347937340006115,-0.2772241135699408,,1.1644739229751015,,0.2666666666666666,1,230,111,67,Siphon,2022-08-18,,both,1,2022-06-13,Clean Furrows,after_residue_before_first_runoff,logged_operational_anchor,user-confirmed MT and ST follow-on tractor pass,furrow_tire_compaction_records.csv,0.0,14638.342917278673,1227.3073859918475,174475.16410498362,2.478075512099207,reconstruction,volume_observation_or_prediction_event
,PE_ea4184a89b91eb4646ad,,,,,,,648,2022-08-18,2022,6,1,ST,OUT,,,Siphon,"Occurred but was scrapped due to a hail event caused blockages in the rows, we believed it was not a representative sample - ""It has been decided to not take Rep 2 samples and dump Rep 1 samples because of how poorly this one seems to be going""",,,,False,0.34,0.75,MG/L,EPA300.0 [300OPHOS]_W,0.34,0.75,ALS_pre2023,False,2022-04-29,2022-10-24,2022,grain corn,2021-10-22,grain corn,941.6875,129.56124999999997,2021-10-22,False,0.0,2022,True,,2022-04-29,PlantDate proxy,97.06124999999996,False,2021-10-22,0.0,2022.0,27.33333333333333,0.0751666666666666,3.0,0.75,0,,0.75,,0.2037991327429804,-0.2846922571823585,,1.1644739229751015,,0.2733333333333332,1,230,111,67,Siphon,2022-08-18,,both,1,2022-06-13,Clean Furrows,after_residue_before_first_runoff,logged_operational_anchor,user-confirmed MT and ST follow-on tractor pass,furrow_tire_compaction_records.csv,0.0,14192.539919774626,1189.902488953387,169161.94769967627,2.478075512099207,reconstruction,volume_observation_or_prediction_event
,PE_e517c68ccbe2e4b52791,,,,,,,649,2022-08-19,2022,6,2,CT,OUT,,,Siphon,"Occurred but was scrapped due to a hail event caused blockages in the rows, we believed it was not a representative sample - ""It has been decided to not take Rep 2 samples and dump Rep 1 samples because of how poorly this one seems to be going""",,,,False,0.34,0.75,MG/L,EPA300.0 [300OPHOS]_W,0.34,0.75,ALS_pre2023,False,2022-04-29,2022-10-24,2022,grain corn,2021-10-22,grain corn,2481.29375,256.47374999999965,2021-10-22,False,0.0,2022,True,,2022-04-29,PlantDate proxy,223.97374999999963,False,2021-10-22,0.0,2022.0,8.0,0.0176666666666666,3.0,0.75,0,,0.75,,2.0002396800026423,1.5921492986757586,,1.1644739229751015,,0.08,1,231,112,66,Siphon,2022-08-19,,,0,,,,,,unlisted_default_zero,0.0,15189.795151141738,1273.5767339880772,181047.54040597146,2.478075512099207,reconstruction,volume_observation_or_prediction_event
,PE_f59de99757bedf1858d5,,,,,,,650,2022-08-19,2022,6,2,MT,OUT,,,Siphon,"Occurred but was scrapped due to a hail event caused blockages in the rows, we believed it was not a representative sample - ""It has been decided to not take Rep 2 samples and dump Rep 1 samples because of how poorly this one seems to be going""",,,,False,0.34,0.75,MG/L,EPA300.0 [300OPHOS]_W,0.34,0.75,ALS_pre2023,False,2022-04-29,2022-10-24,2022,grain corn,2021-10-22,grain corn,947.81375,124.68624999999996,2021-10-22,False,0.0,2022,True,,2022-04-29,PlantDate proxy,92.18624999999996,False,2021-10-22,0.0,2022.0,42.0,0.1328333333333333,3.0,0.75,0,,0.75,,0.1347937340006115,-0.2772241135699408,,1.1644739229751015,,0.42,1,231,112,66,Siphon,2022-08-19,,both,1,2022-06-13,Clean Furrows,after_residue_before_first_runoff,logged_operational_anchor,user-confirmed MT and ST follow-on tractor pass,furrow_tire_compaction_records.csv,0.0,14357.202215202084,1203.7184036983854,171124.4432735036,2.478075512099207,reconstruction,volume_observation_or_prediction_event
,PE_e743f4558cfa24632460,,,,,,,651,2022-08-19,2022,6,2,ST,OUT,,,Siphon,"Occurred but was scrapped due to a hail event caused blockages in the rows, we believed it was not a representative sample - ""It has been decided to not take Rep 2 samples and dump Rep 1 samples because of how poorly this one seems to be going""",,,,False,0.34,0.75,MG/L,EPA300.0 [300OPHOS]_W,0.34,0.75,ALS_pre2023,False,2022-04-29,2022-10-24,2022,grain corn,2021-10-22,grain corn,941.6875,129.56124999999997,2021-10-22,False,0.0,2022,True,,2022-04-29,PlantDate proxy,97.06124999999996,False,2021-10-22,0.0,2022.0,30.666666666666668,0.0936666666666666,3.0,0.75,0,,0.75,,0.2037991327429804,-0.2846922571823585,,1.1644739229751015,,0.3066666666666667,1,231,112,66,Siphon,2022-08-19,,both,1,2022-06-13,Clean Furrows,after_residue_before_first_runoff,logged_operational_anchor,user-confirmed MT and ST follow-on tractor pass,furrow_tire_compaction_records.csv,0.0,13367.08190524834,1120.6428109884637,159323.88674174392,2.478075512099207,reconstruction,volume_observation_or_prediction_event
,PE_32d4186ac5b7c925427a,,,,,,,664,2022-08-23,2022,7,1,CT,OUT,True,,Siphon,"The true 6th irrigation (above) was scrapped, causing this event to technically be the 7th irrigation, although the labels say 6th.",0.13,H,114688.22,True,0.34,0.75,MG/L,EPA300.0 [300OPHOS]_W,0.34,0.75,ALS_pre2023,False,2022-04-29,2022-10-24,2022,grain corn,2021-10-22,grain corn,2481.29375,256.47374999999965,2021-10-22,False,0.0,2022,True,,2022-04-29,PlantDate proxy,223.97374999999963,False,2021-10-22,0.0,2022.0,5.666666666666667,0.0081666666666666,3.0,0.75,0,0.13,0.75,1.146951976432533,2.0002396800026423,1.5921492986757586,,1.6603982621180948,0.2993315141056054,0.0566666666666666,1,235,116,62,Siphon,2022-08-23,,,0,,,,,,unlisted_default_zero,0.0,12627.738468058269,1058.6085373317346,150512.16564155256,2.478075512099207,reconstruction,volume_observation_or_prediction_event
,PE_aa383c8c9a57591dc206,,,,,,,665,2022-08-23,2022,7,1,MT,OUT,True,,Siphon,"The true 6th irrigation (above) was scrapped, causing this event to technically be the 7th irrigation, although the labels say 6th.",0.13,H,114688.22,True,0.34,0.75,MG/L,EPA300.0 [300OPHOS]_W,0.34,0.75,ALS_pre2023,False,2022-04-29,2022-10-24,2022,grain corn,2021-10-22,grain corn,947.81375,124.68624999999996,2021-10-22,False,0.0,2022,True,,2022-04-29,PlantDate proxy,92.18624999999996,False,2021-10-22,0.0,2022.0,26.666666666666668,0.0781666666666666,3.0,0.75,0,0.13,0.75,1.146951976432533,0.1347937340006115,-0.2772241135699408,,1.6603982621180948,0.2993315141056054,0.2666666666666666,1,235,116,62,Siphon,2022-08-23,,both,1,2022-06-13,Clean Furrows,after_residue_before_first_runoff,logged_operational_anchor,user-confirmed MT and ST follow-on tractor pass,furrow_tire_compaction_records.csv,0.0,12891.798738442954,1080.7643937996972,153659.3166666761,2.478075512099207,reconstruction,volume_observation_or_prediction_event
,PE_425f14902ee81a16cfeb,,,,,,,666,2022-08-23,2022,7,1,ST,OUT,True,,Siphon,"The true 6th irrigation (above) was scrapped, causing this event to technically be the 7th irrigation, although the labels say 6th.",0.13,H,114688.22,True,0.34,0.75,MG/L,EPA300.0 [300OPHOS]_W,0.34,0.75,ALS_pre2023,False,2022-04-29,2022-10-24,2022,grain corn,2021-10-22,grain corn,941.6875,129.56124999999997,2021-10-22,False,0.0,2022,True,,2022-04-29,PlantDate proxy,97.06124999999996,False,2021-10-22,0.0,2022.0,27.33333333333333,0.0751666666666666,3.0,0.75,0,0.13,0.75,1.146951976432533,0.2037991327429804,-0.2846922571823585,,1.6603982621180948,0.2993315141056054,0.2733333333333332,1,235,116,62,Siphon,2022-08-23,,both,1,2022-06-13,Clean Furrows,after_residue_before_first_runoff,logged_operational_anchor,user-confirmed MT and ST follow-on tractor pass,furrow_tire_compaction_records.csv,0.0,12025.874044929862,1008.1093776036168,143338.96145799893,2.478075512099207,reconstruction,volume_observation_or_prediction_event
,PE_b8cc705881475991ea0f,,,,,,,667,2022-08-23,2022,7,2,CT,OUT,True,,Siphon,,,,,False,0.34,0.75,MG/L,EPA300.0 [300OPHOS]_W,0.34,0.75,ALS_pre2023,False,2022-04-29,2022-10-24,2022,grain corn,2021-10-22,grain corn,2481.29375,256.47374999999965,2021-10-22,False,0.0,2022,True,,2022-04-29,PlantDate proxy,223.97374999999963,False,2021-10-22,0.0,2022.0,8.0,0.0176666666666666,3.0,0.75,0,,0.75,,2.0002396800026423,1.5921492986757586,,1.6603982621180948,,0.08,1,235,116,62,Siphon,2022-08-23,,,0,,,,,,unlisted_default_zero,0.0,12617.322174412837,1057.7345629674724,150388.02106964713,2.478075512099207,reconstruction,volume_observation_or_prediction_event
,PE_f0406a7690a0e8ef2920,,,,,,,668,2022-08-23,2022,7,2,MT,OUT,True,,Siphon,,,,,False,0.34,0.75,MG/L,EPA300.0 [300OPHOS]_W,0.34,0.75,ALS_pre2023,False,2022-04-29,2022-10-24,2022,grain corn,2021-10-22,grain corn,947.81375,124.68624999999996,2021-10-22,False,0.0,2022,True,,2022-04-29,PlantDate proxy,92.18624999999996,False,2021-10-22,0.0,2022.0,42.0,0.1328333333333333,3.0,0.75,0,,0.75,,0.1347937340006115,-0.2772241135699408,,1.6603982621180948,,0.42,1,235,116,62,Siphon,2022-08-23,,both,1,2022-06-13,Clean Furrows,after_residue_before_first_runoff,logged_operational_anchor,user-confirmed MT and ST follow-on tractor pass,furrow_tire_compaction_records.csv,0.0,11623.662121316213,974.3619697247069,138545.27679701813,2.478075512099207,reconstruction,volume_observation_or_prediction_event
,PE_7cf61966fec7c7b6adc5,,,,,,,669,2022-08-23,2022,7,2,ST,OUT,True,,Siphon,,,,,False,0.34,0.75,MG/L,EPA300.0 [300OPHOS]_W,0.34,0.75,ALS_pre2023,False,2022-04-29,2022-10-24,2022,grain corn,2021-10-22,grain corn,941.6875,129.56124999999997,2021-10-22,False,0.0,2022,True,,2022-04-29,PlantDate proxy,97.06124999999996,False,2021-10-22,0.0,2022.0,30.666666666666668,0.0936666666666666,3.0,0.75,0,,0.75,,0.2037991327429804,-0.2846922571823585,,1.6603982621180948,,0.3066666666666667,1,235,116,62,Siphon,2022-08-23,,both,1,2022-06-13,Clean Furrows,after_residue_before_first_runoff,logged_operational_anchor,user-confirmed MT and ST follow-on tractor pass,furrow_tire_compaction_records.csv,0.0,11580.576198946577,970.7468650729517,138031.7656029392,2.478075512099207,reconstruction,volume_observation_or_prediction_event
,PE_ebead115648e1ebda0bb,,,,,,,682,2022-09-06,2022,8,1,CT,OUT,True,,Siphon,"From the recorded notes and conversations with Manny, AJ and Erik, it was recalled that water was taking a long time to reach the edge of the field, Erik made a call to not wait to collect samples. it is possible that water did make it to the end of other rows, but not our sample rows. There was a hail event the week before, messed up rows and was flooding the field. It was so messy Erik wasn't convinced samples would be representative",,,93265.31,False,0.34,0.75,MG/L,EPA300.0 [300OPHOS]_W,0.34,0.75,ALS_pre2023,False,2022-04-29,2022-10-24,2022,grain corn,2021-10-22,grain corn,2481.29375,256.47374999999965,2021-10-22,False,0.0,2022,True,,2022-04-29,PlantDate proxy,223.97374999999963,False,2021-10-22,0.0,2022.0,5.666666666666667,0.0081666666666666,3.0,0.75,0,,0.75,,2.0002396800026423,1.5921492986757586,,2.1563226012610883,-0.3206273901815528,0.0566666666666666,1,249,130,48,Siphon,2022-09-06,,,0,,,,,,unlisted_default_zero,0.0,13647.246131782193,1144.1498625471818,162662.9696391988,2.478075512099207,reconstruction,volume_observation_or_prediction_event
,PE_a642ed3f2f18412680bd,,,,,,,683,2022-09-06,2022,8,1,MT,OUT,True,,Siphon,"From the recorded notes and conversations with Manny, AJ and Erik, it was recalled that water was taking a long time to reach the edge of the field, Erik made a call to not wait to collect samples. it is possible that water did make it to the end of other rows, but not our sample rows. There was a hail event the week before, messed up rows and was flooding the field. It was so messy Erik wasn't convinced samples would be representative",,,93265.31,False,0.34,0.75,MG/L,EPA300.0 [300OPHOS]_W,0.34,0.75,ALS_pre2023,False,2022-04-29,2022-10-24,2022,grain corn,2021-10-22,grain corn,947.81375,124.68624999999996,2021-10-22,False,0.0,2022,True,,2022-04-29,PlantDate proxy,92.18624999999996,False,2021-10-22,0.0,2022.0,26.666666666666668,0.0781666666666666,3.0,0.75,0,,0.75,,0.1347937340006115,-0.2772241135699408,,2.1563226012610883,-0.3206273901815528,0.2666666666666666,1,249,130,48,Siphon,2022-09-06,,both,1,2022-06-13,Clean Furrows,after_residue_before_first_runoff,logged_operational_anchor,user-confirmed MT and ST follow-on tractor pass,furrow_tire_compaction_records.csv,0.0,13996.51999078562,1173.4555262762158,166825.72226309835,2.478075512099207,reconstruction,volume_observation_or_prediction_event
,PE_dec8c485fbbc1c0c7b86,,,,,,,684,2022-09-06,2022,8,1,ST,OUT,True,,Siphon,"From the recorded notes and conversations with Manny, AJ and Erik, it was recalled that water was taking a long time to reach the edge of the field, Erik made a call to not wait to collect samples. it is possible that water did make it to the end of other rows, but not our sample rows. There was a hail event the week before, messed up rows and was flooding the field. It was so messy Erik wasn't convinced samples would be representative",,,93265.31,False,0.34,0.75,MG/L,EPA300.0 [300OPHOS]_W,0.34,0.75,ALS_pre2023,False,2022-04-29,2022-10-24,2022,grain corn,2021-10-22,grain corn,941.6875,129.56124999999997,2021-10-22,False,0.0,2022,True,,2022-04-29,PlantDate proxy,97.06124999999996,False,2021-10-22,0.0,2022.0,27.33333333333333,0.0751666666666666,3.0,0.75,0,,0.75,,0.2037991327429804,-0.2846922571823585,,2.1563226012610883,-0.3206273901815528,0.2733333333333332,1,249,130,48,Siphon,2022-09-06,,both,1,2022-06-13,Clean Furrows,after_residue_before_first_runoff,logged_operational_anchor,user-confirmed MT and ST follow-on tractor pass,furrow_tire_compaction_records.csv,0.0,12964.7721638607,1086.8871957538718,154529.03625862976,2.478075512099207,reconstruction,volume_observation_or_prediction_event
,PE_26a08057b7264787ef06,,,,,,,685,2022-09-07,2022,8,2,CT,OUT,True,FALSE,Siphon,,0.0,,101434.03,True,0.34,0.75,MG/L,EPA300.0 [300OPHOS]_W,0.34,0.75,ALS_pre2023,False,2022-04-29,2022-10-24,2022,grain corn,2021-10-22,grain corn,2481.29375,256.47374999999965,2021-10-22,False,0.0,2022,True,,2022-04-29,PlantDate proxy,223.97374999999963,False,2021-10-22,0.0,2022.0,8.0,0.0176666666666666,3.0,0.75,1,,0.75,-0.3885840286996418,2.0002396800026423,1.5921492986757586,,2.1563226012610883,-0.0842323019032285,0.08,1,250,131,47,Siphon,2022-09-07,,,0,,,,,,unlisted_default_zero,0.0,14334.453922890427,1201.8097186144305,170853.32217162734,2.478075512099207,reconstruction,volume_observation_or_prediction_event
,PE_d41d88e8b515629ab69d,,,,,,,686,2022-09-07,2022,8,2,MT,OUT,True,FALSE,Siphon,,0.0,,101434.03,True,0.34,0.75,MG/L,EPA300.0 [300OPHOS]_W,0.34,0.75,ALS_pre2023,False,2022-04-29,2022-10-24,2022,grain corn,2021-10-22,grain corn,947.81375,124.68624999999996,2021-10-22,False,0.0,2022,True,,2022-04-29,PlantDate proxy,92.18624999999996,False,2021-10-22,0.0,2022.0,42.0,0.1328333333333333,3.0,0.75,1,,0.75,-0.3885840286996418,0.1347937340006115,-0.2772241135699408,,2.1563226012610883,-0.0842323019032285,0.42,1,250,131,47,Siphon,2022-09-07,,both,1,2022-06-13,Clean Furrows,after_residue_before_first_runoff,logged_operational_anchor,user-confirmed MT and ST follow-on tractor pass,furrow_tire_compaction_records.csv,0.0,13269.254697824046,1112.4346637984424,158157.95217808618,2.478075512099207,reconstruction,volume_observation_or_prediction_event
,PE_99ec6d6affe898b0e8d2,,,,,,,687,2022-09-07,2022,8,2,ST,OUT,True,FALSE,Siphon,,0.0,,101434.03,True,0.34,0.75,MG/L,EPA300.0 [300OPHOS]_W,0.34,0.75,ALS_pre2023,False,2022-04-29,2022-10-24,2022,grain corn,2021-10-22,grain corn,941.6875,129.56124999999997,2021-10-22,False,0.0,2022,True,,2022-04-29,PlantDate proxy,97.06124999999996,False,2021-10-22,0.0,2022.0,30.666666666666668,0.0936666666666666,3.0,0.75,1,,0.75,-0.3885840286996418,0.2037991327429804,-0.2846922571823585,,2.1563226012610883,-0.0842323019032285,0.3066666666666667,1,250,131,47,Siphon,2022-09-07,,both,1,2022-06-13,Clean Furrows,after_residue_before_first_runoff,logged_operational_anchor,user-confirmed MT and ST follow-on tractor pass,furrow_tire_compaction_records.csv,0.0,12498.43833836822,1047.7596689634324,148971.12716912426,2.478075512099207,reconstruction,volume_observation_or_prediction_event
,PE_f071df1dfa8de45515c1,,,,,,,726,2023-08-01,2023,S1,1,CT,OUT,False,TRUE,Gated Pipe,,,,,False,0.01,0.05,mg/L,SM4500P E (P-Ortho),0.01,0.05,ALS_2023plus,False,2023-05-02,2023-09-08,2023,silage corn,2022-10-24,grain corn,2680.77875,192.98500000000013,2022-10-24,False,0.0,2023,True,2023-05-01,2023-05-01,user-confirmed measurement date,166.41625000000022,False,2022-10-24,0.0,2023.0,10.333333333333334,0.0256666666666666,3.0,0.05,0,,0.05,,1.1015593703812,1.8353294869676395,,,,0.1033333333333333,1,213,91,38,Gated Pipe,2023-08-01,,,0,,,,,,unlisted_default_zero,0.0,20302.517419230335,1702.5573624154638,241982.52734567554,2.478075512099207,reconstruction,volume_observation_or_prediction_event
,PE_199b5b7c1aaa1098c691,,,,,,,727,2023-08-01,2023,S1,1,MT,OUT,False,TRUE,Gated Pipe,,,,,False,0.01,0.05,mg/L,SM4500P E (P-Ortho),0.01,0.05,ALS_2023plus,False,2023-05-02,2023-09-08,2023,silage corn,2022-10-24,grain corn,1027.9425,73.62875000000008,2022-10-24,False,0.0,2023,True,2023-05-01,2023-05-01,user-confirmed measurement date,47.059999999999945,False,2022-10-24,0.0,2023.0,17.666666666666668,0.0679999999999999,3.0,0.05,0,,0.05,,-0.5879228088277952,-0.1795439646234382,,,,0.1766666666666666,1,213,91,38,Gated Pipe,2023-08-01,,both,1,2023-06-28,Pipe Ditch,after_residue_before_first_runoff,logged_operational_anchor,user-confirmed MT and ST follow-on tractor pass,furrow_tire_compaction_records.csv,0.0,22664.334547858194,1900.7245506457218,270131.385887275,2.478075512099207,reconstruction,volume_observation_or_prediction_event
,PE_6f90d69c4aa146a04e18,,,,,,,728,2023-08-01,2023,S1,1,ST,OUT,False,TRUE,Gated Pipe,,,,,False,0.01,0.05,mg/L,SM4500P E (P-Ortho),0.01,0.05,ALS_2023plus,False,2023-05-02,2023-09-08,2023,silage corn,2022-10-24,grain corn,1000.935,52.747499999999945,2022-10-24,False,0.0,2023,True,2023-05-01,2023-05-01,user-confirmed measurement date,26.17875000000004,False,2022-10-24,0.0,2023.0,36.333333333333336,0.137,3.0,0.05,0,,0.05,,-0.8834959334409432,-0.2124671865964839,,,,0.3633333333333333,1,213,91,38,Gated Pipe,2023-08-01,,both,1,2023-06-28,Pipe Ditch,after_residue_before_first_runoff,logged_operational_anchor,user-confirmed MT and ST follow-on tractor pass,furrow_tire_compaction_records.csv,0.0,19219.914066967376,1611.722022250393,229079.72964379998,2.478075512099207,reconstruction,volume_observation_or_prediction_event
,PE_8474551aa700ba7170c1,,,,,,,729,2023-08-01,2023,S1,2,CT,OUT,False,TRUE,Gated Pipe,,,,,False,0.01,0.05,mg/L,SM4500P E (P-Ortho),0.01,0.05,ALS_2023plus,False,2023-05-02,2023-09-08,2023,silage corn,2022-10-24,grain corn,2680.77875,192.98500000000013,2022-10-24,False,0.0,2023,True,2023-05-01,2023-05-01,user-confirmed measurement date,166.41625000000022,False,2022-10-24,0.0,2023.0,2.333333333333333,0.0021666666666666,3.0,0.05,0,,0.05,,1.1015593703812,1.8353294869676395,,,,0.0233333333333333,1,213,91,38,Gated Pipe,2023-08-01,,,0,,,,,,unlisted_default_zero,0.0,20950.755635653168,1756.9474941046774,249708.42857408553,2.478075512099207,reconstruction,volume_observation_or_prediction_event
,PE_7867ae6d3ac14e9063c3,,,,,,,730,2023-08-01,2023,S1,2,MT,OUT,,,Gated Pipe,,,,,False,0.01,0.05,mg/L,SM4500P E (P-Ortho),0.01,0.05,ALS_2023plus,False,2023-05-02,2023-09-08,2023,silage corn,2022-10-24,grain corn,1027.9425,73.62875000000008,2022-10-24,False,0.0,2023,True,2023-05-01,2023-05-01,user-confirmed measurement date,47.059999999999945,False,2022-10-24,0.0,2023.0,26.0,0.1623333333333333,3.0,0.05,0,,0.05,,-0.5879228088277952,-0.1795439646234382,,,,0.26,1,213,91,38,Gated Pipe,2023-08-01,,both,1,2023-06-28,Pipe Ditch,after_residue_before_first_runoff,logged_operational_anchor,user-confirmed MT and ST follow-on tractor pass,furrow_tire_compaction_records.csv,0.0,23336.83992337441,1957.1508072429915,278146.5105361793,2.478075512099207,reconstruction,volume_observation_or_prediction_event
,PE_c6f4076701513ce44077,,,,,,,731,2023-08-01,2023,S1,2,ST,OUT,False,TRUE,Gated Pipe,,,,,False,0.01,0.05,mg/L,SM4500P E (P-Ortho),0.01,0.05,ALS_2023plus,False,2023-05-02,2023-09-08,2023,silage corn,2022-10-24,grain corn,1000.935,52.747499999999945,2022-10-24,False,0.0,2023,True,2023-05-01,2023-05-01,user-confirmed measurement date,26.17875000000004,False,2022-10-24,0.0,2023.0,28.666666666666668,0.1058333333333333,3.0,0.05,0,,0.05,,-0.8834959334409432,-0.2124671865964839,,,,0.2866666666666667,1,213,91,38,Gated Pipe,2023-08-01,,both,1,2023-06-28,Pipe Ditch,after_residue_before_first_runoff,logged_operational_anchor,user-confirmed MT and ST follow-on tractor pass,furrow_tire_compaction_records.csv,0.0,14608.54964036397,1224.8075946901467,174120.07872297103,2.478075512099207,reconstruction,volume_observation_or_prediction_event
,PE_b479db5db86a1e92ca9f,,,,,,,732,2023-08-06,2023,S2,1,CT,OUT,,,Gated Pipe,,,,,False,0.01,0.05,mg/L,SM4500P E (P-Ortho),0.01,0.05,ALS_2023plus,False,2023-05-02,2023-09-08,2023,silage corn,2022-10-24,grain corn,2680.77875,192.98500000000013,2022-10-24,False,0.0,2023,True,2023-05-01,2023-05-01,user-confirmed measurement date,166.41625000000022,False,2022-10-24,0.0,2023.0,10.333333333333334,0.0256666666666666,3.0,0.05,0,,0.05,,1.1015593703812,1.8353294869676395,,,,0.1033333333333333,1,218,96,33,Gated Pipe,2023-08-06,,,0,,,,,,unlisted_default_zero,0.0,21558.033636661374,1807.900877614011,256946.15343373,2.478075512099207,reconstruction,volume_observation_or_prediction_event
,PE_22cf0a3e64c2027aae35,,,,,,,733,2023-08-06,2023,S2,1,MT,OUT,,,Gated Pipe,,,,,False,0.01,0.05,mg/L,SM4500P E (P-Ortho),0.01,0.05,ALS_2023plus,False,2023-05-02,2023-09-08,2023,silage corn,2022-10-24,grain corn,1027.9425,73.62875000000008,2022-10-24,False,0.0,2023,True,2023-05-01,2023-05-01,user-confirmed measurement date,47.059999999999945,False,2022-10-24,0.0,2023.0,17.666666666666668,0.0679999999999999,3.0,0.05,0,,0.05,,-0.5879228088277952,-0.1795439646234382,,,,0.1766666666666666,1,218,96,33,Gated Pipe,2023-08-06,,both,1,2023-06-28,Pipe Ditch,after_residue_before_first_runoff,logged_operational_anchor,user-confirmed MT and ST follow-on tractor pass,furrow_tire_compaction_records.csv,0.0,23366.50656179649,1959.6399729997672,278500.0866019237,2.478075512099207,reconstruction,volume_observation_or_prediction_event
,PE_0fa9147237bf4b348c9f,,,,,,,734,2023-08-06,2023,S2,1,ST,OUT,,,Gated Pipe,,,,,False,0.01,0.05,mg/L,SM4500P E (P-Ortho),0.01,0.05,ALS_2023plus,False,2023-05-02,2023-09-08,2023,silage corn,2022-10-24,grain corn,1000.935,52.747499999999945,2022-10-24,False,0.0,2023,True,2023-05-01,2023-05-01,user-confirmed measurement date,26.17875000000004,False,2022-10-24,0.0,2023.0,36.333333333333336,0.137,3.0,0.05,0,,0.05,,-0.8834959334409432,-0.2124671865964839,,,,0.3633333333333333,1,218,96,33,Gated Pipe,2023-08-06,,both,1,2023-06-28,Pipe Ditch,after_residue_before_first_runoff,logged_operational_anchor,user-confirmed MT and ST follow-on tractor pass,furrow_tire_compaction_records.csv,0.0,20867.10411449644,1749.92875140107,248711.44417284266,2.478075512099207,reconstruction,volume_observation_or_prediction_event
,PE_50834006bf4af0c32f60,,,,,,,735,2023-08-06,2023,S2,2,CT,OUT,,,Gated Pipe,,,,,False,0.01,0.05,mg/L,SM4500P E (P-Ortho),0.01,0.05,ALS_2023plus,False,2023-05-02,2023-09-08,2023,silage corn,2022-10-24,grain corn,2680.77875,192.98500000000013,2022-10-24,False,0.0,2023,True,2023-05-01,2023-05-01,user-confirmed measurement date,166.41625000000022,False,2022-10-24,0.0,2023.0,2.333333333333333,0.0021666666666666,3.0,0.05,0,,0.05,,1.1015593703812,1.8353294869676395,,,,0.0233333333333333,1,218,96,33,Gated Pipe,2023-08-06,,,0,,,,,,unlisted_default_zero,0.0,21408.13770950907,1795.3239282596817,255159.6479510543,2.478075512099207,reconstruction,volume_observation_or_prediction_event
,PE_3694e2f2ef6dd2e8480f,,,,,,,736,2023-08-06,2023,S2,2,MT,OUT,False,TRUE,Gated Pipe,,,,,False,0.01,0.05,mg/L,SM4500P E (P-Ortho),0.01,0.05,ALS_2023plus,False,2023-05-02,2023-09-08,2023,silage corn,2022-10-24,grain corn,1027.9425,73.62875000000008,2022-10-24,False,0.0,2023,True,2023-05-01,2023-05-01,user-confirmed measurement date,47.059999999999945,False,2022-10-24,0.0,2023.0,26.0,0.1623333333333333,3.0,0.05,0,,0.05,,-0.5879228088277952,-0.1795439646234382,,,,0.26,1,218,96,33,Gated Pipe,2023-08-06,,both,1,2023-06-28,Pipe Ditch,after_residue_before_first_runoff,logged_operational_anchor,user-confirmed MT and ST follow-on tractor pass,furrow_tire_compaction_records.csv,0.0,23583.053123144404,1977.8092133965367,281080.9547179041,2.478075512099207,reconstruction,volume_observation_or_prediction_event
,PE_dbd728d03c1d5af8f0ef,,,,,,,737,2023-08-06,2023,S2,2,ST,OUT,False,TRUE,Gated Pipe,"TSS result labeled ""K-ST2-S2-4-D"" in the in-house TSS results file, assuming there was a labeling error",,,,False,0.01,0.05,mg/L,SM4500P E (P-Ortho),0.01,0.05,ALS_2023plus,False,2023-05-02,2023-09-08,2023,silage corn,2022-10-24,grain corn,1000.935,52.747499999999945,2022-10-24,False,0.0,2023,True,2023-05-01,2023-05-01,user-confirmed measurement date,26.17875000000004,False,2022-10-24,0.0,2023.0,28.666666666666668,0.1058333333333333,3.0,0.05,0,,0.05,,-0.8834959334409432,-0.2124671865964839,,,,0.2866666666666667,1,218,96,33,Gated Pipe,2023-08-06,,both,1,2023-06-28,Pipe Ditch,after_residue_before_first_runoff,logged_operational_anchor,user-confirmed MT and ST follow-on tractor pass,furrow_tire_compaction_records.csv,0.0,15619.876597710274,1309.6625214707024,186173.38256118412,2.478075512099207,reconstruction,volume_observation_or_prediction_event
,PE_c488be01d5dbff565ef0,,,,,,,845,2024-05-15,2024,1,1,MT,OUT,False,TRUE,Gated Pipe,,0.355,H,,True,0.01,0.05,mg/L,SM4500P E (P-Ortho),0.01,0.05,ALS_2023plus,False,2023-09-13,2024-08-02,2023,winter wheat,2023-09-08,silage corn,1072.48375,38.04124999999999,2023-09-08,False,0.0,2023,False,,2023-09-13,PlantDate proxy,38.04124999999999,False,2023-09-08,0.0,,,,,0.05,0,0.355,0.05,3.804610446853605,-1.0916622196470884,-0.1252464005872664,,-1.3151477727398646,,,1,136,245,79,Gated Pipe,2024-05-15,,both,1,,Unlogged pre-irrigation tractor pass,after_residue_before_first_runoff,user_confirmed_before_first_runoff,user-confirmed MT and ST compaction with no logged anchor date,furrow_tire_compaction_records.csv,0.0,20008.12914128821,1677.8568483152753,238473.91785527393,2.478075512099207,reconstruction,volume_observation_or_prediction_event
,PE_cc030c89ee5b8a7462b6,,,,,,,869,2024-05-30,2024,2,1,MT,OUT,False,TRUE,Gated Pipe,"Method E300: ""Sample run out of holding time due to very limited time remaining from expiration""",0.0,"H, MS, MSD",94082.92,True,0.01,0.05,mg/L,SM4500P E (P-Ortho),0.01,0.05,ALS_2023plus,False,2023-09-13,2024-08-02,2023,winter wheat,2023-09-08,silage corn,1072.48375,38.04124999999999,2023-09-08,False,0.0,2023,False,,2023-09-13,PlantDate proxy,38.04124999999999,False,2023-09-08,0.0,,,,,0.05,1,,0.05,-0.3885840286996418,-1.0916622196470884,-0.1252464005872664,,-0.8192234335968713,-0.2969665243265301,,1,151,260,64,Gated Pipe,2024-05-30,,both,1,,Unlogged pre-irrigation tractor pass,after_residue_before_first_runoff,user_confirmed_before_first_runoff,user-confirmed MT and ST compaction with no logged anchor date,furrow_tire_compaction_records.csv,0.0,20246.888600669838,1697.889851783466,241319.52608045717,2.478075512099207,reconstruction,volume_observation_or_prediction_event
,PE_dd553617c7d118d29861,,,,,,,873,2024-05-30,2024,2,1,ST,OUT,False,TRUE,Gated Pipe,,0.0,"H, MS, MSD",94082.92,True,0.01,0.05,mg/L,SM4500P E (P-Ortho),0.01,0.05,ALS_2023plus,False,2023-09-13,2024-08-02,2023,winter wheat,2023-09-08,silage corn,1045.47625,38.04124999999999,2023-09-08,False,0.0,2023,False,,2023-09-13,PlantDate proxy,38.04124999999999,False,2023-09-08,0.0,,,,,0.05,1,,0.05,-0.3885840286996418,-1.0916622196470884,-0.1581696225603121,,-0.8192234335968713,-0.2969665243265301,,1,151,260,64,Gated Pipe,2024-05-30,,both,1,,Unlogged pre-irrigation tractor pass,after_residue_before_first_runoff,user_confirmed_before_first_runoff,user-confirmed MT and ST compaction with no logged anchor date,furrow_tire_compaction_records.csv,0.0,22046.674605066186,1848.9000750493976,262769.9258717121,2.478075512099207,reconstruction,volume_observation_or_prediction_event
,PE_f96a427e92fb0d6cf251,,,,,,,877,2024-05-30,2024,2,2,CT,OUT,False,TRUE,Gated Pipe,"OG outflow value: 122755.6, higher than inflow, impossible, filled with NA",0.0,"H, MS, MSD",95709.78,True,0.01,0.05,mg/L,SM4500P E (P-Ortho),0.01,0.05,ALS_2023plus,False,2023-09-13,2024-08-02,2023,winter wheat,2023-09-08,silage corn,2725.32,38.04125000000022,2023-09-08,False,0.0,2023,False,,2023-09-13,PlantDate proxy,38.04125000000022,False,2023-09-08,0.0,,,,,0.05,1,,0.05,-0.3885840286996418,-1.091662219647085,1.889627051003812,,-0.8192234335968713,-0.2498867231683958,,1,151,260,64,Gated Pipe,2024-05-30,,,0,,,,,,unlisted_default_zero,0.0,20917.176672957383,1754.1300665653243,249308.22423165772,2.478075512099207,reconstruction,volume_observation_or_prediction_event
,PE_dd4d0ea35e35c329e9d8,,,,,,,901,2024-06-12,2024,3,2,CT,OUT,False,TRUE,Gated Pipe,"Method: SM4500P E: ""Sample was analyzed outside of the holding time at the request of the client. Results should be considered estimated"". OG outflow volume :764416.2, way higher than inflow, impossible, filled with NA.",0.0,H,100068.64,True,0.01,0.05,mg/L,SM4500P E (P-Ortho),0.01,0.05,ALS_2023plus,False,2023-09-13,2024-08-02,2023,winter wheat,2023-09-08,silage corn,2725.32,38.04125000000022,2023-09-08,False,0.0,2023,False,,2023-09-13,PlantDate proxy,38.04125000000022,False,2023-09-08,0.0,,,,,0.05,1,,0.05,-0.3885840286996418,-1.091662219647085,1.889627051003812,,-0.3232990944538781,-0.1237454067206713,,1,164,273,51,Gated Pipe,2024-06-12,,,0,,,,,,unlisted_default_zero,0.0,21595.587019317576,1811.0517770461945,257393.72612821803,2.478075512099207,reconstruction,volume_observation_or_prediction_event
,PE_87d4115bb68391b10daf,,,,,,,913,2024-06-20,2024,4,1,CT,OUT,False,TRUE,Gated Pipe,,0.319,,,True,0.01,0.05,mg/L,SM4500P E (P-Ortho),0.01,0.05,ALS_2023plus,False,2023-09-13,2024-08-02,2023,winter wheat,2023-09-08,silage corn,2725.32,38.04125000000022,2023-09-08,False,0.0,2023,False,,2023-09-13,PlantDate proxy,38.04125000000022,False,2023-09-08,0.0,,,,,0.05,0,0.319,0.05,3.379385091586234,-1.091662219647085,1.889627051003812,,0.1726252446891151,,,1,172,281,43,Gated Pipe,2024-06-20,,,0,,,,,,unlisted_default_zero,0.0,22051.480301887645,1849.303294847854,262827.20163552184,2.478075512099207,reconstruction,volume_observation_or_prediction_event
,PE_42c8ab0c8a8eb2aaa7dc,,,,,,,1105,2025-09-23,2025,S1,1,CT,OUT,,,Gated Pipe,"Tried to sample this storm event, only got enough water from MT2 and ST2 LC samplers for TSS analysis",,,,False,0.01,0.05,mg/L,SM4500P E (P-Ortho),0.01,0.05,ALS_2023plus,False,2025-04-24,2025-11-07,2025,grain corn,2024-08-02,winter wheat,2933.58,208.25999999999976,2024-08-02,False,0.0,2025,True,,2025-04-24,PlantDate proxy,174.29749999999967,False,2024-08-02,0.0,2025.0,4.666666666666667,0.0115233333333333,3.0,0.05,0,,0.05,,1.3177762864406168,2.143504315027007,,,,0.0466666666666666,1,266,152,45,Gated Pipe,2025-09-23,,,0,,,,,,unlisted_default_zero,0.0,16456.438934783204,1379.8539025508235,196143.78822979578,2.478075512099207,reconstruction,volume_observation_or_prediction_event
,PE_739761594fff71774ab8,,,,,,,1106,2025-09-23,2025,S1,1,MT,OUT,,,Gated Pipe,"Tried to sample this storm event, only got enough water from MT2 and ST2 LC samplers for TSS analysis. No outflow, etape data not usable",,,,False,0.01,0.05,mg/L,SM4500P E (P-Ortho),0.01,0.05,ALS_2023plus,False,2025-04-24,2025-11-07,2025,grain corn,2024-08-02,winter wheat,1158.21875,85.7349999999999,2024-08-02,False,0.0,2025,True,,2025-04-24,PlantDate proxy,51.77249999999981,False,2024-08-02,0.0,2025.0,51.0,0.34173,3.0,0.05,0,,0.05,,-0.4165594019509155,-0.0207320088124243,,,,0.51,1,266,152,45,Gated Pipe,2025-09-23,,both,1,2025-06-24,Clean and pack furrows,after_residue_before_first_runoff,logged_operational_anchor,user-confirmed MT and ST follow-on tractor pass,furrow_tire_compaction_records.csv,0.0,13832.083556544283,1159.6585623109545,164865.9185719319,2.478075512099207,reconstruction,volume_observation_or_prediction_event
,PE_bb8ea40d37cb388028ef,,,,,,,1107,2025-09-23,2025,S1,1,ST,OUT,,,Gated Pipe,"Tried to sample this storm event, only got enough water from MT2 and ST2 LC samplers for TSS analysis",,,,False,0.01,0.05,mg/L,SM4500P E (P-Ortho),0.01,0.05,ALS_2023plus,False,2025-04-24,2025-11-07,2025,grain corn,2024-08-02,winter wheat,1156.88625,111.41000000000008,2024-08-02,False,0.0,2025,True,,2025-04-24,PlantDate proxy,77.44749999999999,False,2024-08-02,0.0,2025.0,39.66666666666666,0.2032366666666666,3.0,0.05,0,,0.05,,-0.0531309685744375,-0.0223563795716239,,,,0.3966666666666665,1,266,152,45,Gated Pipe,2025-09-23,,both,1,2025-06-24,Clean and pack furrows,after_residue_before_first_runoff,logged_operational_anchor,user-confirmed MT and ST follow-on tractor pass,furrow_tire_compaction_records.csv,0.0,18001.442686122107,1509.486737158093,214557.6152427047,2.478075512099207,reconstruction,volume_observation_or_prediction_event
,PE_418fe61f7dcc6a6354d9,,,,,,,1108,2025-09-23,2025,S1,2,CT,OUT,,,Gated Pipe,"Tried to sample this storm event, only got enough water from MT2 and ST2 LC samplers for TSS analysis. No outflow, etape data not usable",,,,False,0.01,0.05,mg/L,SM4500P E (P-Ortho),0.01,0.05,ALS_2023plus,False,2025-04-24,2025-11-07,2025,grain corn,2024-08-02,winter wheat,2933.58,208.25999999999976,2024-08-02,False,0.0,2025,True,,2025-04-24,PlantDate proxy,174.29749999999967,False,2024-08-02,0.0,2025.0,2.6666666666666665,0.0123866666666666,3.0,0.05,0,,0.05,,1.3177762864406168,2.143504315027007,,,,0.0266666666666666,1,266,152,45,Gated Pipe,2025-09-23,,,0,,,,,,unlisted_default_zero,0.0,17808.502557240525,1493.2981837032962,212258.09580529557,2.478075512099207,reconstruction,volume_observation_or_prediction_event
