PhysicalEventID,Year,Treatment,Analyte,Concentration_mg_L,ConcentrationObservationIDs,Volume_L,VolumeObservationIDs,Load_kg
PE_013bf97cfac8f24b53cf,2023,ST,NO2,0,CO_01eab8520dfa95443d37;CO_328de8c25c7c7d670a3b;CO_7df499788021146a0fcf;CO_9d70225dfc3f70cac539,47586.82,VO_b4cc0f2d8f853049f353,0
PE_013bf97cfac8f24b53cf,2023,ST,NO3,3.0599999999999996,CO_0a0b723dc39e4a960b3f;CO_4e1cf54286ea7a4cd2a4;CO_a580f210e5e622d2df90;CO_dd330fcf73c7ca87d649,47586.82,VO_b4cc0f2d8f853049f353,0.14561566919999996
PE_013bf97cfac8f24b53cf,2023,ST,OP,0,CO_0c658eb5d61e88c86f37;CO_6165d33e490f91dbf808;CO_64d095f2fecfdeb907da;CO_d3b913cdf3e8a7978621,47586.82,VO_b4cc0f2d8f853049f353,0
PE_013bf97cfac8f24b53cf,2023,ST,TDS,986,CO_3c10a4e7cf7a59167bec;CO_95fcfef789f6b982a03f;CO_b40a99728ddd38d785cd;CO_d615f8419965f8b6ad35,47586.82,VO_b4cc0f2d8f853049f353,46.920604520000005
PE_013bf97cfac8f24b53cf,2023,ST,TKN,0.95,CO_3533044dca88ad659c71;CO_514e830391320b3aa28e;CO_68d6d6acae8db4b9ab8f;CO_d0ab3354a660b3abcb78,47586.82,VO_b4cc0f2d8f853049f353,0.045207479
PE_013bf97cfac8f24b53cf,2023,ST,TP,0.366,CO_169564455792f758d4dd;CO_40e485376e18da6155ec;CO_4eec6372c08f87b2f48f;CO_5cd5e6e836cd713686bd,47586.82,VO_b4cc0f2d8f853049f353,0.017416776119999998
PE_013bf97cfac8f24b53cf,2023,ST,TSS,298.33349999999996,CO_142dfeb0cb3f98290be9;CO_945c7f6e820bd890226c;CO_cecfeb982d38c441e82e;CO_e0b1254c1eadc5d8577a,47586.82,VO_b4cc0f2d8f853049f353,14.196742564469998
PE_02f279769c003d107924,2024,MT,NO2,0,CO_3ed73641fbe87cee155e;CO_7bc74860bbb140008e55;CO_8feef12594795c0fc3cf;CO_f670e8a5860878cd832e,57106.04,VO_1a3bf6402c89638e5bcc,0
PE_02f279769c003d107924,2024,MT,NO3,8.7,CO_2e64f1bab2a90810f555;CO_313cd30d563191516de3;CO_4495c083aa62a15216df;CO_8379c02e9fad4fd36a25,57106.04,VO_1a3bf6402c89638e5bcc,0.496822548
PE_02f279769c003d107924,2024,MT,OP,0.655,CO_1de4842b42fa3db35fc4;CO_28096b238fafbfd5abdb;CO_3055e0d8130c7a197bc6;CO_f44b7809595e5ebe3bb4,57106.04,VO_1a3bf6402c89638e5bcc,0.0374044562
PE_02f279769c003d107924,2024,MT,TDS,1270,CO_1988a3fc2f80dbb68ed4;CO_37ca9da7a4047cf662ff;CO_ede3b7fdd76caff72fdc;CO_f644bf9e43d3022d476c,57106.04,VO_1a3bf6402c89638e5bcc,72.5246708
PE_02f279769c003d107924,2024,MT,TKN,0.86,CO_08f88745513481cad0ad;CO_3c74149664dcf7405b75;CO_7ec7bbd3677bee60f1e0;CO_b914d613c73fdf0799fe,57106.04,VO_1a3bf6402c89638e5bcc,0.0491111944
PE_02f279769c003d107924,2024,MT,TP,1.0125,CO_1bc3201a9f24a2fe48f6;CO_3f83e9ad5be63bd5bf2f;CO_8e71b24534e9f3fb3a71;CO_e78f27ab3ef177a9926e,57106.04,VO_1a3bf6402c89638e5bcc,0.0578198655
PE_02f279769c003d107924,2024,MT,TSS,1773.333,CO_7d93861792f43ad6e66a;CO_8f61140318317506ad07;CO_a09c468f040590c429ec;CO_f3144649041a0c446770,57106.04,VO_1a3bf6402c89638e5bcc,101.26802523132001
PE_0331d4d7e21b358e5bac,2016,ST,NH4,0.0495,CO_39228ef8906495f28bdc;CO_8f9f7ea5cafa2f6ab863,34697.1,VO_acd5445186c8a4fc7f50,0.00171750645
PE_0331d4d7e21b358e5bac,2016,ST,NO3,5.1235,CO_5aec55001b8d9dd8affb;CO_c84344c3f5441a6b02fc,34697.1,VO_acd5445186c8a4fc7f50,0.17777059185
PE_0331d4d7e21b358e5bac,2016,ST,NPOC,5.83555,CO_9f08978573afbcea2513;CO_ccb2a502fb9fe88d9787,34697.1,VO_acd5445186c8a4fc7f50,0.202476661905
PE_0331d4d7e21b358e5bac,2016,ST,OP,0.03,CO_d8d1790737d57ac4fe91;CO_f747870ae666c39b589f,34697.1,VO_acd5445186c8a4fc7f50,0.001040913
PE_0331d4d7e21b358e5bac,2016,ST,TKN,0.1245,CO_5021b003164daeb6fbbd;CO_94de49d59371e3a9ae51,34697.1,VO_acd5445186c8a4fc7f50,0.00431978895
PE_0331d4d7e21b358e5bac,2016,ST,TN,4.9559999999999995,CO_748ec7056089fe9c6498;CO_f31662b4843fea48fd65,34697.1,VO_acd5445186c8a4fc7f50,0.1719588276
PE_0331d4d7e21b358e5bac,2016,ST,TP,0.008,CO_a39ff608d7c5bc24e033;CO_aecef364029f6f3f008b,34697.1,VO_acd5445186c8a4fc7f50,2.775768e-4
PE_0331d4d7e21b358e5bac,2016,ST,TSP,0.0045000000000000005,CO_3d48c535d39e37fec30d;CO_7dcf1501322b9be781c0,34697.1,VO_acd5445186c8a4fc7f50,1.5613695000000002e-4
PE_0331d4d7e21b358e5bac,2016,ST,TSS,217.8145,CO_86f2e103c8610d173ee0;CO_8db3705cdcc0e45af044,34697.1,VO_acd5445186c8a4fc7f50,7.55753148795
PE_052d656fa1c2325091a7,2023,MT,NO2,0,CO_256a6c21230068c35f4c;CO_44fe5cd136d507c0632b;CO_d054bfc75d1f0b1e2ebd;CO_e78ade91a0871b5028c7,68568.81,VO_f2914c18392cf51d5f8c,0
PE_052d656fa1c2325091a7,2023,MT,NO3,10.04,CO_1d653df7edb962b6c409;CO_478052290f5e77d85bbb;CO_b06cbb3cbf7184f545d6;CO_deabeb979acb27ef200c,68568.81,VO_f2914c18392cf51d5f8c,0.6884308524
PE_052d656fa1c2325091a7,2023,MT,OP,0.22949999999999998,CO_130790feced08212eed7;CO_5c344ba7044815dd03c3;CO_93c3755d0c9030cd90f0;CO_a5af16fb4a4856cc3f85,68568.81,VO_f2914c18392cf51d5f8c,0.015736541894999997
PE_052d656fa1c2325091a7,2023,MT,TDS,1230,CO_5f4483ca274047e3864e;CO_93ec3f20cb1fefe0764c;CO_bf8292a5fdde9fc82331;CO_decb4cc4cd48c10a14fc,68568.81,VO_f2914c18392cf51d5f8c,84.3396363
PE_052d656fa1c2325091a7,2023,MT,TKN,1.7000000000000002,CO_0fe1ddab30b57543f93a;CO_24d884a9e09adde4f514;CO_bdf27cc797d40a3b96e4;CO_da45ecf1bf77a6207d38,68568.81,VO_f2914c18392cf51d5f8c,0.11656697700000002
PE_052d656fa1c2325091a7,2023,MT,TP,1.028,CO_060672b8531404f59851;CO_66a7a5807c3130eb2d0b;CO_8ba5ef4e282bf7bc5cf1;CO_f513a0aa4f8f39744c6f,68568.81,VO_f2914c18392cf51d5f8c,0.07048873668
PE_052d656fa1c2325091a7,2023,MT,TSS,861.667,CO_2553882bfec02891a94f;CO_2ce85020583bdcbc295e;CO_8fddf385e2f160a5cb6a;CO_ea32b892055572349685,68568.81,VO_f2914c18392cf51d5f8c,59.08348080627
PE_058c1d507f970942d15e,2021,MT,NO3,8.2,CO_a233f1dd105ff2a0a487;CO_a2807ae6bce06e6d7938;CO_ab94b64d0a16a786ea4f;CO_f45b5e982551402070a0,26824.27,VO_828cffec9da433418589,0.219959014
PE_058c1d507f970942d15e,2021,MT,OP,0,CO_5109a4e14cbbfda6b451;CO_5ef6514ed3304cf62b95;CO_84f01dd97c687fb28a29;CO_fb8a0d2da8683cec6cc6,26824.27,VO_828cffec9da433418589,0
PE_058c1d507f970942d15e,2021,MT,Se,0.0058,CO_151998b02169b0eb6da8;CO_71d9855458fb112e65c7;CO_760175f4b2579ec4c48d;CO_7ef5c3627c0b4a64b549,26824.27,VO_828cffec9da433418589,1.5558076599999997e-4
PE_058c1d507f970942d15e,2021,MT,TKN,1.35,CO_01ba9d7ab5112ec9ec9a;CO_35548a435e631dc5ee6a;CO_dc57c1fc055e30ee9433;CO_e41e141d6715f7ad9085,26824.27,VO_828cffec9da433418589,0.03621276450000001
PE_058c1d507f970942d15e,2021,MT,TP,0.185,CO_2b1545d9e4c5685925e3;CO_4ab34cdf3e765ab1629e;CO_7e5cb8429dce239403fe;CO_f7d9615965e2b49c6bde,26824.27,VO_828cffec9da433418589,0.00496248995
PE_058c1d507f970942d15e,2021,MT,TSS,286.667,CO_0e7133ab0ecacb4f878f;CO_30f0bcf05b1771eb176f;CO_3ecb12386467fc847003;CO_3f0cbb7dbf06034f52ec,26824.27,VO_828cffec9da433418589,7.6896330080899995
PE_05a249e4cdfc0fd71197,2017,MT,NO3,9.7,CO_b444aa2fe427a38887a4,8724.43,VO_d43f77314ad186d9b9af,0.084626971
PE_05a249e4cdfc0fd71197,2017,MT,OP,0,CO_308831041ea4863c3f87,8724.43,VO_d43f77314ad186d9b9af,0
PE_05a249e4cdfc0fd71197,2017,MT,TKN,2.6,CO_37df889efd442031f861,8724.43,VO_d43f77314ad186d9b9af,0.022683518
PE_05a249e4cdfc0fd71197,2017,MT,TP,0.52,CO_4103f0a4e707b1c7bebb;CO_efe8564971192c24d29c,8724.43,VO_d43f77314ad186d9b9af,0.004536703600000001
PE_05a249e4cdfc0fd71197,2017,MT,TSS,1215,CO_ce2cff683b4777fc1c25;CO_f502688b0edeb2944d16,8724.43,VO_d43f77314ad186d9b9af,10.600182450000002
PE_06c1fb6867da5c07238a,2024,MT,NO2,0,CO_6f61b0f46a6129d140a8;CO_78434abcbc10a6720c0e;CO_a058442fa0f684b09dbf,125801.11,VO_2c4b7d473c5a861167fb,0
PE_06c1fb6867da5c07238a,2024,MT,NO3,0.214,CO_a68a5f2e3a4446bfff75;CO_b346a1b3ea9188978a5a;CO_c426adaef99b6ea22a32,125801.11,VO_2c4b7d473c5a861167fb,0.02692143754
PE_06c1fb6867da5c07238a,2024,MT,OP,0.39,CO_728bf33aab1d32d4dca8;CO_b50d427a71ef5f98a1bd;CO_c4ed8e89485d94f74489,125801.11,VO_2c4b7d473c5a861167fb,0.0490624329
PE_06c1fb6867da5c07238a,2024,MT,TDS,598,CO_487793cad43605b0d9d5;CO_7f7d124956c7f2db8174;CO_ff87b877931533b1e123,125801.11,VO_2c4b7d473c5a861167fb,75.22906378
PE_06c1fb6867da5c07238a,2024,MT,TKN,0.51,CO_20de50c5e5cbd4d4110a;CO_3bc098c10285bf1e6e0c;CO_bfe9c3c5714f2f370608,125801.11,VO_2c4b7d473c5a861167fb,0.06415856610000001
PE_06c1fb6867da5c07238a,2024,MT,TP,0.551,CO_6ae9e4d22c4670b9140f;CO_8e1f192fe25ad49be764;CO_d740238f374425d95f71,125801.11,VO_2c4b7d473c5a861167fb,0.06931641161
PE_06c1fb6867da5c07238a,2024,MT,TSS,563.333,CO_1f66c04da410b88bf3bf;CO_2495f1a6b581f7d55204;CO_9a8a104ee1e20f22f0a7,125801.11,VO_2c4b7d473c5a861167fb,70.86791669962999
PE_07bd0606b240e9cbcccc,2012,MT,ICP,0.763,CO_56eff0923675867f2551,32998,VO_9feed6dd56be8bec40b9,0.025177474000000002
PE_07bd0606b240e9cbcccc,2012,MT,NO3,19.797,CO_64a482194d7af2670b25,32998,VO_9feed6dd56be8bec40b9,0.653261406
PE_07bd0606b240e9cbcccc,2012,MT,OP,0.688,CO_02d20bbd7e394ad5999a,32998,VO_9feed6dd56be8bec40b9,0.022702624
PE_07bd0606b240e9cbcccc,2012,MT,TN,7.983,CO_1a4dcfaf42d514ab6bd9,32998,VO_9feed6dd56be8bec40b9,0.263423034
PE_07bd0606b240e9cbcccc,2012,MT,TP,2.573,CO_7d86b48acdec123e6c4b,32998,VO_9feed6dd56be8bec40b9,0.08490385399999999
PE_07bd0606b240e9cbcccc,2012,MT,TSS,786.63,CO_d5a9d295027e6a36b0d9,32998,VO_9feed6dd56be8bec40b9,25.95721674
PE_086c1f530ca53302a88b,2025,MT,NO2,0.8294999999999999,CO_5b3d0ceb392697f56511;CO_60954620d60802ed8ea0;CO_67a6e8768bea569a406f;CO_78a69c6fdc7b95f502f1,69867.62,VO_ac859d580a4531abc392,0.057955190789999986
PE_086c1f530ca53302a88b,2025,MT,NO3,0.1975,CO_3eac69e760d9ec571e57;CO_827416db130a1d192979;CO_a17c19d4f322a201c1d1;CO_d12a4891fbf81cfb0fb5,69867.62,VO_ac859d580a4531abc392,0.01379885495
PE_086c1f530ca53302a88b,2025,MT,OP,0.27999999999999997,CO_75992a5ac67ff644d306;CO_8c9a013ab70c0434313e;CO_b281bc2c616cb3c3a097;CO_fe675fe7aaee830b6fed,69867.62,VO_ac859d580a4531abc392,0.019562933599999995
PE_086c1f530ca53302a88b,2025,MT,TDS,722,CO_19b3277cda3fe10ec63e;CO_312b17b72850961c8a2b;CO_8f34690ce4dd6709b149;CO_f9a459fa3ddd5b14d229,69867.62,VO_ac859d580a4531abc392,50.444421639999995
PE_086c1f530ca53302a88b,2025,MT,TKN,1.1,CO_2657482116a560619e0c;CO_6de23857db0d5f415b6f;CO_9544361c04facd3eb23b;CO_d03e59748526d73618c4,69867.62,VO_ac859d580a4531abc392,0.076854382
PE_086c1f530ca53302a88b,2025,MT,TP,7.08,CO_4459b2909cef1e99ddfb;CO_44c59909f17c296d6f2e;CO_5bb7843e0a9344f274f9;CO_82555dabb53963a17307,69867.62,VO_ac859d580a4531abc392,0.4946627496
PE_086c1f530ca53302a88b,2025,MT,TSS,5595,CO_720d396fbfe065be19ff;CO_7f34a9c9fd36be54f1a5;CO_ae828b626876e6f40dcd;CO_c53b03c6ab86089413fb,69867.62,VO_ac859d580a4531abc392,390.9093339
PE_0a33e44459bdebccf586,2015,CT,NH4,0,CO_22b80a6318e435fc52cc;CO_733f3fda0606d37a0e3b,28705.44,VO_18c91c183e37724ca6ae,0
PE_0a33e44459bdebccf586,2015,CT,NO3,7.83,CO_a883209b00f5f9265f76;CO_eaa7de80f155ad3cb1a1,28705.44,VO_18c91c183e37724ca6ae,0.22476359519999997
PE_0a33e44459bdebccf586,2015,CT,OP,0.06,CO_396f804443825586c128;CO_766cb53c753baedac5dc,28705.44,VO_18c91c183e37724ca6ae,0.0017223263999999999
PE_0a33e44459bdebccf586,2015,CT,TKN,0.774,CO_5805921783d4f48c7dda,28705.44,VO_18c91c183e37724ca6ae,0.022218010559999998
PE_0a33e44459bdebccf586,2015,CT,TN,8.560500000000001,CO_dc55f7cfd39dd0d3fc79;CO_fc815a8369f5924d7b44,28705.44,VO_18c91c183e37724ca6ae,0.24573291912000003
PE_0a33e44459bdebccf586,2015,CT,TP,1.066,CO_80b6b4d2701219ca5ada,28705.44,VO_18c91c183e37724ca6ae,0.03059999904
PE_0a33e44459bdebccf586,2015,CT,TSS,1166.6665,CO_628a48a65b4c3c449f32;CO_c284c7d2b6a0117664d2,28705.44,VO_18c91c183e37724ca6ae,33.48967521576
PE_0a8a4f2a27ebf7fec0fc,2021,CT,NO3,8.2,CO_aab2ec504efcaee1e838;CO_f4fc1ac61a9e62b9b0a8,21973.56,VO_bcb07103e13cc2e84974,0.180183192
PE_0a8a4f2a27ebf7fec0fc,2021,CT,OP,0,CO_51d089cdaf0c968c94b8;CO_ddfe0e8d462af661f81d,21973.56,VO_bcb07103e13cc2e84974,0
PE_0a8a4f2a27ebf7fec0fc,2021,CT,Se,0.0085,CO_5bc1250104894191a821;CO_84b108a6ba22aa51effb,21973.56,VO_bcb07103e13cc2e84974,1.8677526000000002e-4
PE_0a8a4f2a27ebf7fec0fc,2021,CT,TKN,4.800000000000001,CO_6b99c4e299729b67bb44;CO_9b2bcad14d76c8c03198,21973.56,VO_bcb07103e13cc2e84974,0.10547308800000002
PE_0a8a4f2a27ebf7fec0fc,2021,CT,TP,0.21500000000000002,CO_8cca04ee02b8915f60a6;CO_e52522a505f68250e817,21973.56,VO_bcb07103e13cc2e84974,0.004724315400000001
PE_0a8a4f2a27ebf7fec0fc,2021,CT,TSS,2441.6668335,CO_da10e028eaf70f19b67d;CO_eb122aa1fa89efad381c,21973.56,VO_bcb07103e13cc2e84974,53.65211266592226
PE_0ac037599b952c8d4e61,2015,CT,NH4,0.13,CO_6881f2b0b609698418e0;CO_8f9513f7e7731a4c9646,20056.72,VO_db479d7eb853fceb1239,0.0026073736000000003
PE_0ac037599b952c8d4e61,2015,CT,NO3,8.165,CO_508d5031072e26a70f2c;CO_a32a2b5b8ff5119aa88d,20056.72,VO_db479d7eb853fceb1239,0.1637631188
PE_0ac037599b952c8d4e61,2015,CT,OP,0.07,CO_08490295488a11890997;CO_a0eaec5a55dc2f5b2ba5,20056.72,VO_db479d7eb853fceb1239,0.0014039704000000002
PE_0ac037599b952c8d4e61,2015,CT,TKN,0.675,CO_725300467c1440e53c81,20056.72,VO_db479d7eb853fceb1239,0.013538286000000002
PE_0ac037599b952c8d4e61,2015,CT,TN,8.455,CO_1ed518556c45c6456f71;CO_23d5e75ed459df4b4ad8,20056.72,VO_db479d7eb853fceb1239,0.1695795676
PE_0ac037599b952c8d4e61,2015,CT,TP,0,CO_866cf6ce0c5209505ff7,20056.72,VO_db479d7eb853fceb1239,0
PE_0ac037599b952c8d4e61,2015,CT,TSP,0,CO_67b8516149c1b17ce1c3,20056.72,VO_db479d7eb853fceb1239,0
PE_0ac037599b952c8d4e61,2015,CT,TSS,2398.3334999999997,CO_c3b46c69418776148101;CO_c986799046bce1f934a2,20056.72,VO_db479d7eb853fceb1239,48.10270347612
PE_0b5193a8a03e4f0d8bb5,2012,MT,ICP,0.144,CO_f11a7d64cc0201a4ba1e,24678,VO_0e318c3c33a6babb1bdc,0.0035536319999999997
PE_0b5193a8a03e4f0d8bb5,2012,MT,NO3,7.457,CO_82ba9b272ce795cdea9a,24678,VO_0e318c3c33a6babb1bdc,0.184023846
PE_0b5193a8a03e4f0d8bb5,2012,MT,OP,0.117,CO_41cfc0d1f2d127b04555,24678,VO_0e318c3c33a6babb1bdc,0.002887326
PE_0b5193a8a03e4f0d8bb5,2012,MT,TN,1.917,CO_8aafdc713980dccffebb,24678,VO_0e318c3c33a6babb1bdc,0.047307726
PE_0b5193a8a03e4f0d8bb5,2012,MT,TP,1,CO_998bae6a40b82ac12dd1,24678,VO_0e318c3c33a6babb1bdc,0.024678
PE_0c9ea8b6d49a77a0c727,2011,ST,ICP,0.466,CO_e0b372a86dbfe71bdb7b,31332.23,VO_6c0e2c07a152aab57dc3,0.01460081918
PE_0c9ea8b6d49a77a0c727,2011,ST,NO3,7.987,CO_63b0155fe5f82cce9491,31332.23,VO_6c0e2c07a152aab57dc3,0.25025052101
PE_0c9ea8b6d49a77a0c727,2011,ST,OP,0.422,CO_535fa30d7e25dd8a49f1,31332.23,VO_6c0e2c07a152aab57dc3,0.01322220106
PE_0c9ea8b6d49a77a0c727,2011,ST,TN,3.167,CO_541eead0d9aecd91a4e5,31332.23,VO_6c0e2c07a152aab57dc3,0.09922917241
PE_0c9ea8b6d49a77a0c727,2011,ST,TP,1.643,CO_6cc6eefb674286f7d1a0,31332.23,VO_6c0e2c07a152aab57dc3,0.051478853889999995
PE_0c9ea8b6d49a77a0c727,2011,ST,TSS,415.6,CO_11293a765d014fda2943,31332.23,VO_6c0e2c07a152aab57dc3,13.021674788
PE_0d0deda9b3de41b974d7,2023,ST,NO2,0,CO_05fe5789313b00eaf453;CO_2237839c79b3a2e25799;CO_5972b901807fac6a7072;CO_77acc467d71ca17d5a48;CO_b700bd6ebf3dadab5d3f,59280.86,VO_94f849bc65496d467dc5,0
PE_0d0deda9b3de41b974d7,2023,ST,NO3,9.7,CO_01ec3d27560e00b678b8;CO_7e5cbdfe815602625d39;CO_8caeb7558c53eb3f06fb;CO_c7c63acc2b79f8ae3674;CO_f58210f7b0278ba17def,59280.86,VO_94f849bc65496d467dc5,0.575024342
PE_0d0deda9b3de41b974d7,2023,ST,OP,0.306,CO_33eb7e4ae43f9873d9c8;CO_501a4e61aa4f7737df03;CO_7f3ee9fe1fbf452b0c24;CO_cef5838d118dccd9de48;CO_fd0f7e53c5b02b688a57,59280.86,VO_94f849bc65496d467dc5,0.018139943159999998
PE_0d0deda9b3de41b974d7,2023,ST,TDS,1200,CO_05e61cc57f43fecf7ee3;CO_096f462c574edf9276b8;CO_2af6490707c0ce9edb11;CO_58c6db79af2a8d0b31e6;CO_cc5aee71dbb1601b7657,59280.86,VO_94f849bc65496d467dc5,71.137032
PE_0d0deda9b3de41b974d7,2023,ST,TKN,1.2,CO_256d98e9ee3e3c805f6c;CO_a77bd5e6de66e9e1a2bf;CO_b03fe167cb5990717dfb;CO_b39c1d3efa910e962e3b;CO_b874ed7f13a09e5b8e0c,59280.86,VO_94f849bc65496d467dc5,0.07113703199999999
PE_0d0deda9b3de41b974d7,2023,ST,TP,0.359,CO_03b0bd366e8184f8d871;CO_3510a92fc7dd04f69b1a;CO_3f5f3806e425deac3302;CO_82887006d04d939ffca8;CO_8eec27653c19ed078b2f,59280.86,VO_94f849bc65496d467dc5,0.02128182874
PE_0d0deda9b3de41b974d7,2023,ST,TSS,2806.667,CO_1125546ad4d93397e10d;CO_1190fbe6d85702e9a523;CO_4f125385d94641416096;CO_748f3cfa437a2dc2704d;CO_df364962fca585d23e9f,59280.86,VO_94f849bc65496d467dc5,166.38163349362
PE_0d57e30e5b4c926d1e83,2023,MT,NO2,0,CO_37428ab362509a178a4d;CO_71c7b596811785ea48d5;CO_c2db26c514cd4c02a97f;CO_cef142549ec7b7a05cc4;CO_d934ef5cf6f98730fc7a,53461.96,VO_f46814572168d556ccac,0
PE_0d57e30e5b4c926d1e83,2023,MT,NO3,7.42,CO_3ea291dc1be525a64e24;CO_421921b162ab5ec0b572;CO_8041475d9d855ae03e31;CO_9f8f6a6903c658a23bec;CO_e8be8572ee8c2dbfb2ce,53461.96,VO_f46814572168d556ccac,0.39668774319999994
PE_0d57e30e5b4c926d1e83,2023,MT,OP,0,CO_0fbc9039145b6449a776;CO_9168e847861429230da3;CO_afa472a961fbcb09314e;CO_ca0cec7f60085f0289aa;CO_f7b856c054de7ccced08,53461.96,VO_f46814572168d556ccac,0
PE_0d57e30e5b4c926d1e83,2023,MT,TDS,1160,CO_10deea4eff54d391779a;CO_28aa7ac9f621f25a5211;CO_92f4d5bb712acce48e4a;CO_b9899f8e014d7cf918c0;CO_ccafa91687f523ee613c,53461.96,VO_f46814572168d556ccac,62.0158736
PE_0d57e30e5b4c926d1e83,2023,MT,TKN,0.53,CO_081c68229e69ec1a2bef;CO_0f9c6877b9e900ca618d;CO_354948ef61d10149fa91;CO_550b182719f37fc1561f;CO_d5c4f67a138cbcbcf840,53461.96,VO_f46814572168d556ccac,0.0283348388
PE_0d57e30e5b4c926d1e83,2023,MT,TP,0.229,CO_5f93230da0c7dd66d20f;CO_700e459d870c9802b496;CO_74ed65a2d22a92c3b4e0;CO_cdc8d01a6ab341278ee6;CO_f804663d999ea924c753,53461.96,VO_f46814572168d556ccac,0.012242788840000001
PE_0d57e30e5b4c926d1e83,2023,MT,TSS,140,CO_33f43c1477e57cd74904;CO_89bcf793d1e6d9b9d249;CO_b23f6438ca7d54a45a36;CO_dfeb9adef1c18f717bf0;CO_f091942f8c73e0260555,53461.96,VO_f46814572168d556ccac,7.484674399999999
PE_0d75853dc2b05b3887ac,2017,CT,NO3,7.3,CO_cfe35c9e498096d4463c,31529.05,VO_2194283f3e87acae8732,0.230162065
PE_0d75853dc2b05b3887ac,2017,CT,OP,0.09,CO_600b4cdf20cc06a7b5a5,31529.05,VO_2194283f3e87acae8732,0.0028376144999999998
PE_0d75853dc2b05b3887ac,2017,CT,TKN,5.8,CO_44db4e7dd7d675378fce,31529.05,VO_2194283f3e87acae8732,0.18286849
PE_0d75853dc2b05b3887ac,2017,CT,TP,0,CO_e5ce886c0b0869006dc9,31529.05,VO_2194283f3e87acae8732,0
PE_0d75853dc2b05b3887ac,2017,CT,TSS,4678.333500000001,CO_19dd924fa9064e12fac3;CO_a05b04612816ce4c083b,31529.05,VO_2194283f3e87acae8732,147.50341083817503
PE_0deb19753fbaad61c1e5,2012,CT,TSS,795.06,CO_3e33fe66643a0e39715b,4758,VO_d9d455884c03f99598be,3.7828954799999996
PE_0e62f85581840cc2b939,2011,MT,ICP,0.159,CO_09dc1bb2b25a72c6a5de,30170.24,VO_342104113d1a9e977121,0.004797068160000001
PE_0e62f85581840cc2b939,2011,MT,NO3,7.413,CO_6f543685273d0e18ee35,30170.24,VO_342104113d1a9e977121,0.22365198912
PE_0e62f85581840cc2b939,2011,MT,OP,0.055,CO_7902699be42c8a8e46fb,30170.24,VO_342104113d1a9e977121,0.0016593632
PE_0e62f85581840cc2b939,2011,MT,TN,5.408,CO_abe60b93d50ea54908b5,30170.24,VO_342104113d1a9e977121,0.16316065792000004
PE_0e62f85581840cc2b939,2011,MT,TP,1.848,CO_63ecbfa3a1ad34a1fdd5,30170.24,VO_342104113d1a9e977121,0.05575460352
PE_0e62f85581840cc2b939,2011,MT,TSS,666.953,CO_dca9f43e0f5c7314b6c3,30170.24,VO_342104113d1a9e977121,20.12213207872
PE_0fad74322d462907ef22,2025,CT,NO2,0.866,CO_6033790b521dfe276335;CO_87f6530d653a72e341a9;CO_8d3b0a35436541352688;CO_9eadf697db31eb58eae0,43509.53,VO_9e86117496dca6aa28c9;VO_a82940176737c18ebc89,0.037679252979999994
PE_0fad74322d462907ef22,2025,CT,NO3,0.127,CO_536326188b56c7f1da03;CO_87269b28eaea324d2c35;CO_87a08ac712e683184f31;CO_fde14d5b0b8f8c943d66,43509.53,VO_9e86117496dca6aa28c9;VO_a82940176737c18ebc89,0.005525710309999999
PE_0fad74322d462907ef22,2025,CT,OP,0.184,CO_56cc29cee9e859a53149;CO_6719009a76851c4bed2f;CO_f46733e1619957ff5bb5;CO_f8b7291025863577c250,43509.53,VO_9e86117496dca6aa28c9;VO_a82940176737c18ebc89,0.008005753519999999
PE_0fad74322d462907ef22,2025,CT,TDS,908,CO_2091f2fa56f5ced0f5a0;CO_6e9631f6cbd60f54a070;CO_d74c6a6530c939712ec2;CO_d9158f05724913bb4747,43509.53,VO_9e86117496dca6aa28c9;VO_a82940176737c18ebc89,39.50665324
PE_0fad74322d462907ef22,2025,CT,TKN,1.05,CO_37bf713760c5cbad0600;CO_5c4b6df5ed4fdd476781;CO_b97e72f065b8e7ceba2b;CO_c09a11d9c224480e982f,43509.53,VO_9e86117496dca6aa28c9;VO_a82940176737c18ebc89,0.0456850065
PE_0fad74322d462907ef22,2025,CT,TP,1.42,CO_2570ce03b300309d1f8d;CO_41332273b0913dad65df;CO_8ea8eb612f9362da9d2b;CO_db6529e972a44a4db65c,43509.53,VO_9e86117496dca6aa28c9;VO_a82940176737c18ebc89,0.061783532599999996
PE_0fad74322d462907ef22,2025,CT,TSS,1065,CO_34cdd525dacd56c713c3;CO_8d001d8e0c9714f340d2;CO_b6adeae991036eee1e3e;CO_ede52ba72d9122fdd501,43509.53,VO_9e86117496dca6aa28c9;VO_a82940176737c18ebc89,46.337649449999994
PE_103d31d87b8989b078fc,2023,MT,NO2,0,CO_3b231933d63cde9a85ab;CO_a82df1afd7670c7124d1;CO_aa8672337805ff672886;CO_bcb05e9ef14b336689c3;CO_defdae444b7e18190479;CO_faaf30f9e60ee4a778be,65263.5,VO_e55f2da24b86b6fe96e9,0
PE_103d31d87b8989b078fc,2023,MT,NO3,3.125,CO_07a0708ed8472c991e05;CO_2dabe4cf6fb1eaf709e2;CO_782e82d6a0037600c1a2;CO_92c1ef947ff88575f3be;CO_9b5e89a3d2e2e518bc24;CO_ad5393c506d4ea318f81,65263.5,VO_e55f2da24b86b6fe96e9,0.2039484375
PE_103d31d87b8989b078fc,2023,MT,OP,0,CO_0df5486b7bca884d5f00;CO_42c6024940120036d7a0;CO_5dad6478e152b8aa33dc;CO_6f90a5a0d3234433d03c;CO_a15faf6f6c7e4c11d795;CO_ccbcd0d62f439eacea8b,65263.5,VO_e55f2da24b86b6fe96e9,0
PE_103d31d87b8989b078fc,2023,MT,TDS,930,CO_0f4d35538dec440759a4;CO_24a8aa339cbd16869475;CO_9b71ccae61849bd6465f;CO_b1214441edfb8bea57c1;CO_b57a810223f515f3b937;CO_d24d4176a2f30afd8cfd,65263.5,VO_e55f2da24b86b6fe96e9,60.695055
PE_103d31d87b8989b078fc,2023,MT,TKN,0,CO_007d45c89dfb5b1a7436;CO_55184832e55ea6b71676;CO_6c769f97eeacbed55d9c;CO_705249ef258f93186ff5;CO_7d625ebadbd0059ad420;CO_9705cc6128a60cc22581,65263.5,VO_e55f2da24b86b6fe96e9,0
PE_103d31d87b8989b078fc,2023,MT,TP,0.386,CO_204a58c3197e64dddee2;CO_255afccc8af662895c98;CO_3b7dc65fd47fd991000d;CO_92151fcdb9a5905261ba;CO_c17ec73c802422d05391;CO_f7ec2d2600c8998dd7eb,65263.5,VO_e55f2da24b86b6fe96e9,0.025191711
PE_103d31d87b8989b078fc,2023,MT,TSS,358.33349999999996,CO_67c23b847c57a43734be;CO_958e6005384959d403e7;CO_ad31b0caefa44f83e186;CO_c4e6b7a99fd43cd897b0;CO_d2a781f8a5acf47a0d0c;CO_f98daa7f5509cdd59f65,65263.5,VO_e55f2da24b86b6fe96e9,23.386098377249997
PE_104356e39a2b6a6ca8c6,2015,ST,NH4,0.165,CO_d38e2c5cca8a7a5004fb;CO_dc3d58317a37b14cea41,4443.59,VO_b6a3fb3c5ed7afde0aa8,7.3319235e-4
PE_104356e39a2b6a6ca8c6,2015,ST,NO3,8.719999999999999,CO_ac8c1aa79856748c7dfc;CO_e1d59db5a18bd7ce403d,4443.59,VO_b6a3fb3c5ed7afde0aa8,0.038748104799999995
PE_104356e39a2b6a6ca8c6,2015,ST,OP,0.09,CO_0f4121d0ef1df4c86854;CO_d86580a57f7bf542e852,4443.59,VO_b6a3fb3c5ed7afde0aa8,3.999231e-4
PE_104356e39a2b6a6ca8c6,2015,ST,TKN,0.94,CO_52d38d8228b6aab3cf64,4443.59,VO_b6a3fb3c5ed7afde0aa8,0.004176974599999999
PE_104356e39a2b6a6ca8c6,2015,ST,TN,10.539,CO_94e93c35ef071c7e5bcf;CO_f6d6279d84be675e1384,4443.59,VO_b6a3fb3c5ed7afde0aa8,0.04683099501
PE_104356e39a2b6a6ca8c6,2015,ST,TP,0.201,CO_b01672c37b296eaf3f18,4443.59,VO_b6a3fb3c5ed7afde0aa8,8.931615900000001e-4
PE_104356e39a2b6a6ca8c6,2015,ST,TSP,0,CO_da795c9be2a692ebf19a,4443.59,VO_b6a3fb3c5ed7afde0aa8,0
PE_104356e39a2b6a6ca8c6,2015,ST,TSS,80.889,CO_35b59f1894080907d8eb;CO_45e7dc1278e5229f9656,4443.59,VO_b6a3fb3c5ed7afde0aa8,0.35943755151
PE_108e6c24fd5b69e0d847,2012,CT,TSS,811.92,CO_433c2b549d556f185c07,18085,VO_117e728913e33040a415,14.6835732
PE_10c9207ac48a8196b9e7,2011,ST,TSS,363.86,CO_7e17e6fea04574f346ce,18213.42,VO_d428423f5bb312b0d741,6.6271350012
PE_1113e745950469cef1a0,2024,CT,NO2,0,CO_90f84ecc4cca9859334a;CO_d2e10817886a116b5298;CO_d66cd4cc6e5d2e8f736e;CO_f02f814830ccf74651c8,21784.86,VO_2e102f10c9fff72257fc,0
PE_1113e745950469cef1a0,2024,CT,NO3,8.88,CO_4429da70810dc5127eaa;CO_51283fa355970ea47c59;CO_b44e333111a02e63804e;CO_d09827d99ca75456d5bd,21784.86,VO_2e102f10c9fff72257fc,0.19344955680000003
PE_1113e745950469cef1a0,2024,CT,OP,0.1215,CO_46db1ca7f3598c26c3e6;CO_a829c72c42755e384141;CO_d7be6321b3d940822dd1;CO_e6f095e985e6762f1538,21784.86,VO_2e102f10c9fff72257fc,0.0026468604900000002
PE_1113e745950469cef1a0,2024,CT,TDS,1325,CO_143e3d5425f6a1399a2b;CO_14cc326f6cf72cc78ed0;CO_5dba4c55aba1fdcffac2;CO_bf9ee4aaff7d1d12af4e,21784.86,VO_2e102f10c9fff72257fc,28.8649395
PE_1113e745950469cef1a0,2024,CT,TKN,2.8,CO_190510626ea606a4d5e2;CO_36a02b1565e32306fd78;CO_a24cc8ec4a0372f4ee30;CO_e428a291b4cc64ad5a76,21784.86,VO_2e102f10c9fff72257fc,0.060997608
PE_1113e745950469cef1a0,2024,CT,TP,0.21150000000000002,CO_6c94e35ccc352d4e9ef0;CO_77459b9b941bcb4714d0;CO_81a83544cf93c245178c;CO_85d6385b945c0d602103,21784.86,VO_2e102f10c9fff72257fc,0.00460749789
PE_1113e745950469cef1a0,2024,CT,TSS,283.33349999999996,CO_4b4551151db35dd60eb5;CO_79069855c22864712227;CO_ee780c6e7a7cd2980a90;CO_fece7769fb30088036a4,21784.86,VO_2e102f10c9fff72257fc,6.172380630809999
PE_11a9aa9ee4b790243512,2025,ST,NO2,0.7765,CO_5a6e508b75971e0da70a;CO_6c9ca6c8cd8aee8a33e0;CO_a3d57f079f0fbe71b473;CO_d39c538aae1d1cc79d54,38487.775,VO_6f989405d41f1c063720;VO_c623d8eb83b0c487e0c3,0.029885757287500002
PE_11a9aa9ee4b790243512,2025,ST,NO3,0.158,CO_50182d9d05051a6c8d24;CO_5ca1f7424c1da5216444;CO_ab254fbd275723cb1503;CO_e5ac171853c6de5edbe7,38487.775,VO_6f989405d41f1c063720;VO_c623d8eb83b0c487e0c3,0.006081068450000001
PE_11a9aa9ee4b790243512,2025,ST,OP,0,CO_2f1987bf98c09d2f5d2a;CO_340ab11db8d1a7435cb4;CO_3e34b5dc434bcf3186f0;CO_d9a5223b761c375d1263,38487.775,VO_6f989405d41f1c063720;VO_c623d8eb83b0c487e0c3,0
PE_11a9aa9ee4b790243512,2025,ST,TDS,671,CO_2c384d69debd35713ee1;CO_6f2f9e6553ff1f0d2cbb;CO_a7ced52aa9d19613e0d6;CO_e3b921676c9db3fdc70d,38487.775,VO_6f989405d41f1c063720;VO_c623d8eb83b0c487e0c3,25.825297025
PE_11a9aa9ee4b790243512,2025,ST,TKN,0,CO_43c33bc8917f644809b9;CO_a473459996b96ce015e4;CO_ad6be454bf93d9c8855c;CO_bdf67436ad5405970b11,38487.775,VO_6f989405d41f1c063720;VO_c623d8eb83b0c487e0c3,0
PE_11a9aa9ee4b790243512,2025,ST,TP,0.6275,CO_1744784df13e160509c0;CO_21113a3f71a6ecda7311;CO_8c9089be2f18fb286889;CO_920a6421f4b7573cfb0d,38487.775,VO_6f989405d41f1c063720;VO_c623d8eb83b0c487e0c3,0.0241510788125
PE_11a9aa9ee4b790243512,2025,ST,TSS,788.3330000000001,CO_01bcd26a9462b9923855;CO_056670757fd5acb31eb3;CO_b8db3deeadc8b0f376a5;CO_dd4b93d5d77f3a7464bb,38487.775,VO_6f989405d41f1c063720;VO_c623d8eb83b0c487e0c3,30.341183129075006
PE_12357952bf07eed62361,2011,ST,TSS,1317.72,CO_c1844f3e67a9ceabec1a,25450.34,VO_140f2774af7d5ce17825,33.536422024800004
PE_1328229770dda7dc9c97,2024,CT,NO2,0,CO_5c8d10295bf5a990f90e;CO_808d3b2985495841f3b3,49274.84,VO_9c651ffc29edfc1dd3aa,0
PE_1328229770dda7dc9c97,2024,CT,NO3,8.995000000000001,CO_220e82423d163c0c3558;CO_f8c0a48792e2503ccaf0,49274.84,VO_9c651ffc29edfc1dd3aa,0.44322718580000003
PE_1328229770dda7dc9c97,2024,CT,OP,0.8775000000000001,CO_7125e777a6b199fc4e8c;CO_ac93f3a0fee5afa2d939,49274.84,VO_9c651ffc29edfc1dd3aa,0.0432386721
PE_1328229770dda7dc9c97,2024,CT,TDS,1052,CO_a657067450f8331cddbe;CO_d83fac6483832a1dce73,49274.84,VO_9c651ffc29edfc1dd3aa,51.83713168
PE_1328229770dda7dc9c97,2024,CT,TKN,0.73,CO_43851f52f306b05b9702;CO_9c27727c109abd005def,49274.84,VO_9c651ffc29edfc1dd3aa,0.0359706332
PE_1328229770dda7dc9c97,2024,CT,TP,0.5315000000000001,CO_592fbed6f4ef4a643b0c;CO_6ed701cfedb16ebd91b2,49274.84,VO_9c651ffc29edfc1dd3aa,0.026189577460000005
PE_1328229770dda7dc9c97,2024,CT,TSS,633.3335,CO_25bf0c5d6d9a9c8d3a72;CO_4fa797f265c81bff34f2;CO_4fc0f748ecf0ddb5df80;CO_8602e93c4ffda792a37c,49274.84,VO_9c651ffc29edfc1dd3aa,31.20740687914
PE_13b24eacf3b3cfde2013,2012,ST,TSS,621.402,CO_226a90d66d72162bc2e0,11995,VO_a2ef1c8163d166407323,7.45371699
PE_15262e7212aa6e0e7e7f,2015,CT,TKN,0.965,CO_2f619d680b998bca57ae,2978.8,VO_ec546a7faff785f523cd,0.002874542
PE_15262e7212aa6e0e7e7f,2015,CT,TP,2.191,CO_6f42ae6ab479ee169805,2978.8,VO_ec546a7faff785f523cd,0.0065265508
PE_15262e7212aa6e0e7e7f,2015,CT,TSS,105,CO_41bef2ec14f0edd1df07,2978.8,VO_ec546a7faff785f523cd,0.312774
PE_1564cbb6790d9bcd4b49,2020,ST,NO3,8,CO_c2e90aa4d71ec118be92;CO_f2047c17e14c8c5bdbb2,14286.14,VO_14d32cc216fd1c2e7a22,0.11428912
PE_1564cbb6790d9bcd4b49,2020,ST,OP,0,CO_0ef962215cc055786d51;CO_155d1cf609cedded2fbc,14286.14,VO_14d32cc216fd1c2e7a22,0
PE_1564cbb6790d9bcd4b49,2020,ST,Se,0.0051,CO_6356587db2a73ec11c68;CO_b23870faedb7e3446fd7,14286.14,VO_14d32cc216fd1c2e7a22,7.2859314e-5
PE_1564cbb6790d9bcd4b49,2020,ST,TKN,2.0999999999999996,CO_17402467b764a01585e1;CO_8bd05bcba665530f6c21,14286.14,VO_14d32cc216fd1c2e7a22,0.030000893999999993
PE_1564cbb6790d9bcd4b49,2020,ST,TP,0.14500000000000002,CO_05fb3c9a7f20d8c60ade;CO_48f31b127dde9f650b07,14286.14,VO_14d32cc216fd1c2e7a22,0.0020714903000000006
PE_167a95546a15622d1e81,2017,MT,NO3,8.95,CO_62b1165a9a2cc72290c0;CO_ea7fe8b72eff2ae0ca6d,43342.04,VO_1e9c6815adff8f5e4e1e,0.387911258
PE_167a95546a15622d1e81,2017,MT,OP,0.0285,CO_865736a1c30a82dc67ab;CO_8efbbe9bc19ad2e043c6,43342.04,VO_1e9c6815adff8f5e4e1e,0.00123524814
PE_167a95546a15622d1e81,2017,MT,TKN,0.85,CO_283f3aceea5cb2cbd51a;CO_62fe739825059f3098bc,43342.04,VO_1e9c6815adff8f5e4e1e,0.036840734
PE_167a95546a15622d1e81,2017,MT,TP,0.14500000000000002,CO_a478642504ac5d8393e3;CO_e81d47bc1914daacdfe3,43342.04,VO_1e9c6815adff8f5e4e1e,0.006284595800000001
PE_167a95546a15622d1e81,2017,MT,TSS,336.5,CO_562ee856c2561ecf60b1;CO_bc8ec57819c2c43455e3,43342.04,VO_1e9c6815adff8f5e4e1e,14.58459646
PE_16c1871b6c88d0573bc4,2013,CT,ICP,0.076,CO_ccc6465cd2ba04eb1080,17620,VO_8605cb1007c5d4986dda,0.0013391199999999999
PE_16c1871b6c88d0573bc4,2013,CT,NO3,8.005,CO_143cf2c38c63401ee6c6,17620,VO_8605cb1007c5d4986dda,0.1410481
PE_16c1871b6c88d0573bc4,2013,CT,TKN,6.115,CO_fd7153335627c9fe4200,17620,VO_8605cb1007c5d4986dda,0.1077463
PE_16c1871b6c88d0573bc4,2013,CT,TP,0.371,CO_2b36364b92fdfed9c638,17620,VO_8605cb1007c5d4986dda,0.006537019999999999
PE_16c1871b6c88d0573bc4,2013,CT,TSS,1958.4,CO_520c39da8f0618e9597b,17620,VO_8605cb1007c5d4986dda,34.507008
PE_18224810febe78929934,2011,CT,ICP,0.079,CO_0def2c97214e2bc36b50,4102,VO_2b304428c6dcbd5a8237,3.24058e-4
PE_18224810febe78929934,2011,CT,NO3,8.123,CO_5bebfc2ba621db4cc176,4102,VO_2b304428c6dcbd5a8237,0.03332054599999999
PE_18224810febe78929934,2011,CT,OP,0.07,CO_6f4b6612125fb3a0daec,4102,VO_2b304428c6dcbd5a8237,2.8714e-4
PE_18224810febe78929934,2011,CT,TN,2.43,CO_c904d4c3485db6569c9d,4102,VO_2b304428c6dcbd5a8237,0.00996786
PE_18224810febe78929934,2011,CT,TP,1.833,CO_e754478c35f2708c5d0b,4102,VO_2b304428c6dcbd5a8237,0.007518965999999999
PE_18224810febe78929934,2011,CT,TSS,1014.24,CO_678ae702bb5e1c23983e,4102,VO_2b304428c6dcbd5a8237,4.16041248
PE_194f8beb1fc180ed5a86,2021,ST,NO3,8.5,CO_468aa3110cc6849759a3;CO_666d6fe53a66bf918a81,7673.99,VO_b3fe3caed97dca2c8a26,0.065228915
PE_194f8beb1fc180ed5a86,2021,ST,OP,0,CO_35bbce4007c5cd57a4c6;CO_dcb5d6e69e4ded78464a,7673.99,VO_b3fe3caed97dca2c8a26,0
PE_194f8beb1fc180ed5a86,2021,ST,Se,0.0063999999999999994,CO_51b150ef134b260f1104;CO_7697b388861aaddea5d7,7673.99,VO_b3fe3caed97dca2c8a26,4.9113535999999995e-5
PE_194f8beb1fc180ed5a86,2021,ST,TKN,1.55,CO_283a20d16f41d32c5fa4;CO_c096d44ca5d254a444de,7673.99,VO_b3fe3caed97dca2c8a26,0.011894684499999999
PE_194f8beb1fc180ed5a86,2021,ST,TP,0.38,CO_35fae39286f862cb505a;CO_b2382de3cdaaf0c8e505,7673.99,VO_b3fe3caed97dca2c8a26,0.0029161162
PE_194f8beb1fc180ed5a86,2021,ST,TSS,121.6665,CO_2b8297bc9de9c76f31e5;CO_54929a732ca23238c721,7673.99,VO_b3fe3caed97dca2c8a26,0.9336675043349999
PE_1a63e3b4586af009f14e,2025,ST,NO2,0.8625,CO_01f41d718fd7622adf53;CO_4c4def567a54c56249a6;CO_6f35a935facaecb7d5dd;CO_77104970ca0e699e0dab,67760.925,VO_0c2cb4949ef949e4a1fa;VO_4a6947b2a5aae72c3011,0.05844379781250001
PE_1a63e3b4586af009f14e,2025,ST,NO3,0.1385,CO_3267ef2a83a749052c87;CO_612eeab9024bfb733a1b;CO_7e7d333c0af0cac72e8e;CO_e316e58e56a661b2d532,67760.925,VO_0c2cb4949ef949e4a1fa;VO_4a6947b2a5aae72c3011,0.0093848881125
PE_1a63e3b4586af009f14e,2025,ST,OP,0.21000000000000002,CO_216da54b5931a6d37cca;CO_8c6c42f379f08f03b796;CO_a0a531122de465614efe;CO_c0aa4a0be7ba28399b09,67760.925,VO_0c2cb4949ef949e4a1fa;VO_4a6947b2a5aae72c3011,0.014229794250000002
PE_1a63e3b4586af009f14e,2025,ST,TDS,744,CO_322817f4854f2f71b85d;CO_4e6235d221f7ff33bf7e;CO_56d11bd5f05d7b287846;CO_fe48d6db483ac4bd61b0,67760.925,VO_0c2cb4949ef949e4a1fa;VO_4a6947b2a5aae72c3011,50.4141282
PE_1a63e3b4586af009f14e,2025,ST,TKN,0.5,CO_498d663197c599b9cbd5;CO_6d472e1b4030a07e71bf;CO_9d9b481a8adb87a8cc5c;CO_eeb86ba3335981ed7220,67760.925,VO_0c2cb4949ef949e4a1fa;VO_4a6947b2a5aae72c3011,0.0338804625
PE_1a63e3b4586af009f14e,2025,ST,TP,1.32,CO_6ae2718959c46e34ae3c;CO_7e8250dfc4ecb8399d6b;CO_9e3b6232cb7bd60ef9c5;CO_a823bd31ca4166b2c653,67760.925,VO_0c2cb4949ef949e4a1fa;VO_4a6947b2a5aae72c3011,0.089444421
PE_1a63e3b4586af009f14e,2025,ST,TSS,955,CO_2770904b10f10762a819;CO_4e2717b5271b1c603b70;CO_780124207fef06a8fabc;CO_9faf79313f370929ca2f,67760.925,VO_0c2cb4949ef949e4a1fa;VO_4a6947b2a5aae72c3011,64.711683375
PE_1b82574709f1b4c2918a,2013,ST,ICP,0.082,CO_8c0b66d905f165b50e3b,35247,VO_d7402ae7281f4e1fb3e8,0.002890254
PE_1b82574709f1b4c2918a,2013,ST,NO3,9.023,CO_59f709983a36d35350ed,35247,VO_d7402ae7281f4e1fb3e8,0.31803368099999996
PE_1b82574709f1b4c2918a,2013,ST,TKN,1.332,CO_e7a2e37b6eff81fac25a,35247,VO_d7402ae7281f4e1fb3e8,0.046949004
PE_1b82574709f1b4c2918a,2013,ST,TP,0.107,CO_f97350101e1a9de922bd,35247,VO_d7402ae7281f4e1fb3e8,0.003771429
PE_1b82574709f1b4c2918a,2013,ST,TSS,173.5,CO_6d199e0e98321ffa0c82,35247,VO_d7402ae7281f4e1fb3e8,6.1153545
PE_1ba55f145c3c23bf9aca,2015,ST,NH4,0.0165,CO_4d4c1c36c59db173403d;CO_5876cdb8b0da289abd3a,10037.82,VO_943afbf4b9ef5c4b0421,1.6562403e-4
PE_1ba55f145c3c23bf9aca,2015,ST,NO3,7.24,CO_5d4f6ee8c6997ea38657;CO_b85485c0b481b5429116,10037.82,VO_943afbf4b9ef5c4b0421,0.0726738168
PE_1ba55f145c3c23bf9aca,2015,ST,OP,0.064,CO_4be84111a613654b3624;CO_bba58959c32abe688d9c,10037.82,VO_943afbf4b9ef5c4b0421,6.4242048e-4
PE_1ba55f145c3c23bf9aca,2015,ST,TKN,0.115,CO_bef1552cfd69363c11d4,10037.82,VO_943afbf4b9ef5c4b0421,0.0011543493000000001
PE_1ba55f145c3c23bf9aca,2015,ST,TN,8.565000000000001,CO_2fe78f3a5504de1bbbd8;CO_ea6e74b671e3aa7be141,10037.82,VO_943afbf4b9ef5c4b0421,0.08597392830000002
PE_1ba55f145c3c23bf9aca,2015,ST,TP,0.232,CO_d818f221cbcb7016316f,10037.82,VO_943afbf4b9ef5c4b0421,0.0023287742400000004
PE_1ba55f145c3c23bf9aca,2015,ST,TSP,0.009,CO_b4738a70232802c6283c,10037.82,VO_943afbf4b9ef5c4b0421,9.034037999999999e-5
PE_1ba55f145c3c23bf9aca,2015,ST,TSS,157.5,CO_97365410e3b504d3e984;CO_d1dadbec2b05bed5cafd,10037.82,VO_943afbf4b9ef5c4b0421,1.5809566499999999
PE_1c081bb118fdcb151f3a,2015,MT,NH4,0,CO_103006a34e0c53597687;CO_49f0d18147fe9e63f333,6245.25,VO_d4a09453b52661bea46f,0
PE_1c081bb118fdcb151f3a,2015,MT,NO3,8.196,CO_535838060adb873063a4;CO_cea10c90eee9f29280e6,6245.25,VO_d4a09453b52661bea46f,0.051186068999999994
PE_1c081bb118fdcb151f3a,2015,MT,OP,0.041,CO_72440a20f54075ac43f5;CO_82c01ce15b431d420eb6,6245.25,VO_d4a09453b52661bea46f,2.5605525e-4
PE_1c081bb118fdcb151f3a,2015,MT,TKN,0.34,CO_19467c37dfdd09d246ea,6245.25,VO_d4a09453b52661bea46f,0.002123385
PE_1c081bb118fdcb151f3a,2015,MT,TN,8.8825,CO_144f58b5926367a95181;CO_da01e568d56bfbacce6e,6245.25,VO_d4a09453b52661bea46f,0.055473433125000006
PE_1c081bb118fdcb151f3a,2015,MT,TP,0.212,CO_a5a3f1ccc4741c424479,6245.25,VO_d4a09453b52661bea46f,0.0013239929999999999
PE_1c081bb118fdcb151f3a,2015,MT,TSS,146.333,CO_0c3dd06fdaa38bbc0dc3;CO_611c851351cbdd43efd3,6245.25,VO_d4a09453b52661bea46f,0.91388616825
PE_1c08c9b34f6246b4404a,2011,MT,TSS,1300.86,CO_35e1c4bec71bc6b31bd3,23694.1,VO_4de60d5086067a05855f,30.822706925999995
PE_1c53b0fc59e9275386be,2023,CT,NO2,0,CO_311a6d5b070468f400b7;CO_56b18dca15ab4a6f24de;CO_9e2496ce96a83f10f136;CO_b35373a0b0236776ea58,23145.08,VO_566f084ae159a100fd5e,0
PE_1c53b0fc59e9275386be,2023,CT,NO3,8.59,CO_23f08458907bbe924afa;CO_28cc1ea3261287bf1142;CO_4fcabc74c3c0f3855bba;CO_c9eda60a6272a0f1ba21,23145.08,VO_566f084ae159a100fd5e,0.1988162372
PE_1c53b0fc59e9275386be,2023,CT,OP,0.432,CO_0b0fc3be2ee8d1d33518;CO_1a6d9c97798d8997f85e;CO_23c5910b8b10cfa86e40;CO_74332c78b10e3ee51ac4,23145.08,VO_566f084ae159a100fd5e,0.009998674560000002
PE_1c53b0fc59e9275386be,2023,CT,TDS,1150,CO_08622bb25a95ee131564;CO_480a98886cc4530fd8c1;CO_72b723442e07a9815ed7;CO_e6d7c27ed927763907ab,23145.08,VO_566f084ae159a100fd5e,26.616842000000005
PE_1c53b0fc59e9275386be,2023,CT,TKN,2.1,CO_54acfadf2c86190a1db8;CO_b6351211106fc1fc6b1b;CO_c25b5a63510f96f2e0a2;CO_c5f9eb390a108b485997,23145.08,VO_566f084ae159a100fd5e,0.048604668000000004
PE_1c53b0fc59e9275386be,2023,CT,TP,1.18,CO_262b06d105e1c865b01c;CO_489ca219174f91b48313;CO_90bbc9533a02213ffdf4;CO_a56b54e1c5933a83f79b,23145.08,VO_566f084ae159a100fd5e,0.0273111944
PE_1c53b0fc59e9275386be,2023,CT,TSS,1116.667,CO_2fa74d342cdecef2855d;CO_74f0f8d0c988307804e9;CO_87d4d741903582fca9a4;CO_e6c656b68e30a25f711e,23145.08,VO_566f084ae159a100fd5e,25.84534704836
PE_1c5f8a42bc0b4fea4d7a,2015,MT,NH4,0.134,CO_337e00526bf9896c0ee1;CO_53adbfe094b8fc532e60,12921.99,VO_76c3927d37f30861c4c3,0.00173154666
PE_1c5f8a42bc0b4fea4d7a,2015,MT,NO3,8.5275,CO_13b9f23e5ea0d47a945d;CO_ccff8a9c9ce2b8b3a363,12921.99,VO_76c3927d37f30861c4c3,0.11019226972499999
PE_1c5f8a42bc0b4fea4d7a,2015,MT,OP,0.049,CO_8df66f64b57424391d36;CO_968076be2e38cf897d4d,12921.99,VO_76c3927d37f30861c4c3,6.3317751e-4
PE_1c5f8a42bc0b4fea4d7a,2015,MT,TKN,1.09,CO_28d290d0750bd45328c0,12921.99,VO_76c3927d37f30861c4c3,0.0140849691
PE_1c5f8a42bc0b4fea4d7a,2015,MT,TN,10.6035,CO_9da5ea12989dd32ea309;CO_d3c74a06e1b5f9625d61,12921.99,VO_76c3927d37f30861c4c3,0.137018320965
PE_1c5f8a42bc0b4fea4d7a,2015,MT,TP,0.194,CO_560229669058290cfa53,12921.99,VO_76c3927d37f30861c4c3,0.0025068660599999997
PE_1c5f8a42bc0b4fea4d7a,2015,MT,TSP,0.006,CO_364945ecf18d22055b7b,12921.99,VO_76c3927d37f30861c4c3,7.753194000000001e-5
PE_1c5f8a42bc0b4fea4d7a,2015,MT,TSS,18.5,CO_66e8ad79158e5be225ea;CO_c39facfbbd3539e65c27,12921.99,VO_76c3927d37f30861c4c3,0.239056815
PE_1d14830085b765a5551a,2024,CT,NO2,0,CO_5dd8233939a973e153d0;CO_77b593919479710873bb;CO_95d3a6437b56fbcc23f3;CO_e9a82b29d0a309758a43,47203.68,VO_1e70d26d04868dcb5d18;VO_37338a7bf985eb5475ac,0
PE_1d14830085b765a5551a,2024,CT,NO3,8.77,CO_1500feefa7a172c69f26;CO_8134f1627e2c580f5882;CO_b2d0bf51e62fc7261ec7;CO_f57b0c6391fb054db263,47203.68,VO_1e70d26d04868dcb5d18;VO_37338a7bf985eb5475ac,0.41397627359999994
PE_1d14830085b765a5551a,2024,CT,OP,0.222,CO_7c4e3e519f7e8481ec5c;CO_80c39b8ca01cdfda1429;CO_8b6cd7c429e83373dbd4;CO_d2e655334ee2e4841be4,47203.68,VO_1e70d26d04868dcb5d18;VO_37338a7bf985eb5475ac,0.01047921696
PE_1d14830085b765a5551a,2024,CT,TDS,1240,CO_53170f63efe88e6d52e9;CO_57fbf6797221cad5f823;CO_9d25864abe3a65d44be2;CO_f5e28c800d011d7bde7e,47203.68,VO_1e70d26d04868dcb5d18;VO_37338a7bf985eb5475ac,58.532563200000006
PE_1d14830085b765a5551a,2024,CT,TKN,0.91,CO_28de56db50a1c9310f4e;CO_44512bcbfd6b5f9855fa;CO_be5220c4102d65865bde;CO_f6641c06da157a04f149,47203.68,VO_1e70d26d04868dcb5d18;VO_37338a7bf985eb5475ac,0.0429553488
PE_1d14830085b765a5551a,2024,CT,TP,0.397,CO_11d1ff4edd53407199c9;CO_46635b56d3c7f0b7bb26;CO_4c3aada37cf7fd3819b2;CO_576c85c584f60555c2a0,47203.68,VO_1e70d26d04868dcb5d18;VO_37338a7bf985eb5475ac,0.01873986096
PE_1d14830085b765a5551a,2024,CT,TSS,508.33299999999997,CO_469c9336beae7e7d5c24;CO_5c219b05e6b594420c83;CO_d8cea519b5ea1d09796f;CO_e9d574dedbf1e60f3013,47203.68,VO_1e70d26d04868dcb5d18;VO_37338a7bf985eb5475ac,23.99518826544
PE_1d76eb47b4a63f9c00b3,2015,ST,NH4,0,CO_5f99883da34c88384d42;CO_f6de9bb74c7746daba45,7040.1,VO_1862cc3f7542edbd9204,0
PE_1d76eb47b4a63f9c00b3,2015,ST,NO3,8.133,CO_213caf5cf556041556e8;CO_8b29757eee9719468c0e,7040.1,VO_1862cc3f7542edbd9204,0.05725713329999999
PE_1d76eb47b4a63f9c00b3,2015,ST,OP,0.049,CO_c75d3f1f5bcd6914d033;CO_d6e5a20b30f87216b2c7,7040.1,VO_1862cc3f7542edbd9204,3.4496490000000005e-4
PE_1d76eb47b4a63f9c00b3,2015,ST,TKN,0.381,CO_1bfca0e6bb66042418be,7040.1,VO_1862cc3f7542edbd9204,0.0026822780999999998
PE_1d76eb47b4a63f9c00b3,2015,ST,TN,8.664,CO_7a0b3a11bb6a66991d51;CO_da4621a707cf748779a2,7040.1,VO_1862cc3f7542edbd9204,0.060995426400000004
PE_1d76eb47b4a63f9c00b3,2015,ST,TP,0.27,CO_52558cb584c322ce06bc,7040.1,VO_1862cc3f7542edbd9204,0.0019008270000000003
PE_1d76eb47b4a63f9c00b3,2015,ST,TSP,0.009,CO_3b12f5a91eabca9e9994,7040.1,VO_1862cc3f7542edbd9204,6.33609e-5
PE_1d76eb47b4a63f9c00b3,2015,ST,TSS,45,CO_4a97eacaac14a61d6b2b;CO_61edb6f4f4bcaa87fbc9,7040.1,VO_1862cc3f7542edbd9204,0.3168045
PE_1d9a7d3ce1625dbc2d50,2023,MT,NO2,0,CO_4d0394d43c5c04173e8d;CO_61daba955b3926d8807b;CO_64f363361a0acc78ce6d;CO_780059759ff568458608;CO_ea6dfc7c35c52fb755fe,45232.25,VO_9c1d243663ab30dca6e2,0
PE_1d9a7d3ce1625dbc2d50,2023,MT,NO3,7.43,CO_0d0fa5f5d36a2fc2c5d6;CO_1a9953ed2d6b8973522d;CO_b40e32d5df10d6172eaa;CO_e5647eac37c372543cd5;CO_fa69411a009ffd26a280,45232.25,VO_9c1d243663ab30dca6e2,0.3360756175
PE_1d9a7d3ce1625dbc2d50,2023,MT,OP,0,CO_28955b1fb53203e2ff24;CO_3da6ee6699da1eb52d35;CO_5620e84be3e5141819e0;CO_9e04a49e5786695116f9;CO_ff108b68b0e9bc1e5a74,45232.25,VO_9c1d243663ab30dca6e2,0
PE_1d9a7d3ce1625dbc2d50,2023,MT,TDS,1140,CO_46face064da91284f2da;CO_53ad4abfaa9244b687df;CO_85475eed163899ce19dd;CO_8591b1883a571127c6c0;CO_dde0c0ae19705772227a,45232.25,VO_9c1d243663ab30dca6e2,51.564765
PE_1d9a7d3ce1625dbc2d50,2023,MT,TKN,0.89,CO_0ba896169af5b24dcc87;CO_1115fd804c8295496031;CO_481d60bc802f51580e81;CO_aac67e6564d6a0ffb29d;CO_abd285e8b11e18cabfd3,45232.25,VO_9c1d243663ab30dca6e2,0.0402567025
PE_1d9a7d3ce1625dbc2d50,2023,MT,TP,0.782,CO_12fb7b835d44de11f6cf;CO_5932cb6e58ef979208d6;CO_6641020d80e10877a13a;CO_9ce04d52aafc9d73c0ce;CO_baa8a6ecbabbd5ef0222,45232.25,VO_9c1d243663ab30dca6e2,0.0353716195
PE_1d9a7d3ce1625dbc2d50,2023,MT,TSS,630,CO_32a737427d53bb873594;CO_910eb29d9a345efc053e;CO_aad043becd9ff750cd2e;CO_bf146817d6cf1ccb846a;CO_d73157d3477fd2a010f8,45232.25,VO_9c1d243663ab30dca6e2,28.4963175
PE_1e5fed78307070c831bb,2015,CT,NH4,0.012,CO_89086fb5ed35208767a7;CO_d432d25303d86319e800,18890.94,VO_497b97559e2ac3763f8f,2.2669127999999997e-4
PE_1e5fed78307070c831bb,2015,CT,NO3,7.513999999999999,CO_68f2e33049d2b239a97b;CO_d95c59c87f64adc61399,18890.94,VO_497b97559e2ac3763f8f,0.14194652315999998
PE_1e5fed78307070c831bb,2015,CT,OP,0.059,CO_39bb88f40d3aa2b2fe9d;CO_7c252ab334fb8fd88e82,18890.94,VO_497b97559e2ac3763f8f,0.0011145654599999998
PE_1e5fed78307070c831bb,2015,CT,TKN,0.778,CO_33adbae8f83793cf6dd8,18890.94,VO_497b97559e2ac3763f8f,0.014697151319999999
PE_1e5fed78307070c831bb,2015,CT,TN,8.448,CO_19eeffc3c1eb7dd8e27c;CO_d0d1ec183968331fab0a,18890.94,VO_497b97559e2ac3763f8f,0.15959066112
PE_1e5fed78307070c831bb,2015,CT,TP,1.181,CO_b2493a63065944321efe,18890.94,VO_497b97559e2ac3763f8f,0.02231020014
PE_1e5fed78307070c831bb,2015,CT,TSP,0.019,CO_8f555090a20bdeb4400c,18890.94,VO_497b97559e2ac3763f8f,3.5892785999999997e-4
PE_1e5fed78307070c831bb,2015,CT,TSS,1691.3335,CO_3a4ca1ca25c704741533;CO_f0801a7aa4b5b7650be5,18890.94,VO_497b97559e2ac3763f8f,31.950879668489996
PE_1f5d1913915ba820a964,2017,CT,NO3,8.8,CO_67deb854909b0e04a9c7,33186.88,VO_f384276cbfdea0e3f6fe,0.292044544
PE_1f5d1913915ba820a964,2017,CT,OP,0,CO_fc95ce176603e9e1d1ff,33186.88,VO_f384276cbfdea0e3f6fe,0
PE_1f5d1913915ba820a964,2017,CT,TKN,6.3,CO_9e40f86360ba8c10c865,33186.88,VO_f384276cbfdea0e3f6fe,0.20907734399999997
PE_1f5d1913915ba820a964,2017,CT,TP,0.37,CO_b0193ceb57d22ae3f357,33186.88,VO_f384276cbfdea0e3f6fe,0.012279145599999998
PE_1f5d1913915ba820a964,2017,CT,TSS,4550,CO_b3a68aa00143f5c57096;CO_cdbfcca6157f9b6239a3,33186.88,VO_f384276cbfdea0e3f6fe,151.000304
PE_20401d2ee44fc763d9e0,2014,ST,NO3,9.777999999999999,CO_1c0a41630b5cac336389;CO_404c93bdee16f75b1fa6;CO_5779cc39462de115870e;CO_ba60a05324e378847045,7505.66,VO_4534cd0598c692361980,0.07339034348
PE_20401d2ee44fc763d9e0,2014,ST,OP,0.1085,CO_0fecf9247f3ddc84db8a;CO_1d0ebea552eb43d0b1e1;CO_210e3b160c3558185094;CO_c75de23d89df36ba9212,7505.66,VO_4534cd0598c692361980,8.1436411e-4
PE_20401d2ee44fc763d9e0,2014,ST,TKN,5.61,CO_d22dd4c1433727c0a56d,7505.66,VO_4534cd0598c692361980,0.0421067526
PE_20401d2ee44fc763d9e0,2014,ST,TN,5.7805,CO_6a25547cf30b010a2206;CO_cbc565903562bee976dc;CO_d2150586010e3b313070;CO_d6ed25f6f21d5d49a589,7505.66,VO_4534cd0598c692361980,0.04338646763
PE_20401d2ee44fc763d9e0,2014,ST,TP,1.375,CO_23b0cc711cca64622741;CO_3bad45f2cc9f047e72cd;CO_ec216fb204db213fecf8;CO_f7d7736a8f77a4940642,7505.66,VO_4534cd0598c692361980,0.0103202825
PE_20401d2ee44fc763d9e0,2014,ST,TSP,0.135,CO_e030bed772710c63bc82,7505.66,VO_4534cd0598c692361980,0.0010132641
PE_20401d2ee44fc763d9e0,2014,ST,TSS,1256.667,CO_371b6f93d25d6a62a254;CO_3d171d4c4423b6e6c366;CO_4cd494a6e0447cede805;CO_d6d2f849798baaeff0e7,7505.66,VO_4534cd0598c692361980,9.432115235219998
PE_2280e90f132ca15f4bea,2021,ST,NO3,8,CO_1d14f0f98b10889eead8;CO_66132b1c601d1f2c6696,13690.21,VO_e12e8eb44199c39fa28a,0.10952168
PE_2280e90f132ca15f4bea,2021,ST,OP,0.575,CO_200dd69b70a88134b3a9;CO_9869a8a3a11a33284dc2,13690.21,VO_e12e8eb44199c39fa28a,0.00787187075
PE_2280e90f132ca15f4bea,2021,ST,Se,0.0086,CO_4196d918f2ba6d0dff68;CO_7804641b0093a8d0753c,13690.21,VO_e12e8eb44199c39fa28a,1.17735806e-4
PE_2280e90f132ca15f4bea,2021,ST,TKN,5.050000000000001,CO_460143e6473f0614a14d;CO_52c5a260883bb90127ee,13690.21,VO_e12e8eb44199c39fa28a,0.06913556050000001
PE_2280e90f132ca15f4bea,2021,ST,TP,2.1500000000000004,CO_6c77b607e17df16d31c4;CO_c5080dbc42e822a31c72,13690.21,VO_e12e8eb44199c39fa28a,0.029433951500000003
PE_2280e90f132ca15f4bea,2021,ST,TSS,1901.6665,CO_0a5c5a711f8120a7cc1a;CO_5896935fd3cb0b313ee1,13690.21,VO_e12e8eb44199c39fa28a,26.034213734965
PE_228b286315736be40396,2012,ST,TSS,727.62,CO_6967ba2c1e1c66bdf591,19542,VO_0dc48944e7f327e22b1d,14.21915004
PE_247629f51364308f6dd9,2024,MT,NO2,0,CO_6c0b64d1ba905979a8b0;CO_781c405a424224468437;CO_95c980a35562249ee409;CO_d4c2ea3c5f634412ee2d,32168.975,VO_75cd276c7719440946f0;VO_87688cadefa656ac81ee,0
PE_247629f51364308f6dd9,2024,MT,NO3,9.055,CO_43219ea99d4f6b23a85b;CO_57d1b684626f19959176;CO_6739d7f3fdec51c4dde1;CO_9401e925f19506afce3d,32168.975,VO_75cd276c7719440946f0;VO_87688cadefa656ac81ee,0.29129006862499995
PE_247629f51364308f6dd9,2024,MT,OP,0.7324999999999999,CO_02f99d2002c703f1669e;CO_12bdc9eedc0abc0dc0f5;CO_22cdd352056c42ac1a6d;CO_8e46760943785a93c7bb,32168.975,VO_75cd276c7719440946f0;VO_87688cadefa656ac81ee,0.023563774187499997
PE_247629f51364308f6dd9,2024,MT,TDS,1325,CO_11b7f7f59841bd898bf1;CO_2ec983e61d51ffd47ecb;CO_a967179e0961cfdfa9a8;CO_fead02e250605081aee7,32168.975,VO_75cd276c7719440946f0;VO_87688cadefa656ac81ee,42.623891875
PE_247629f51364308f6dd9,2024,MT,TKN,0.76,CO_892cdff2d3d3f6194ac6;CO_c13b38201136ca382e1d;CO_d4e2501734145318e12b;CO_fd36d80fe16f0daad18e,32168.975,VO_75cd276c7719440946f0;VO_87688cadefa656ac81ee,0.024448420999999998
PE_247629f51364308f6dd9,2024,MT,TP,0.8185,CO_2b5d2ba5803e6fe3a2bc;CO_a48622b535728587fd35;CO_ad1f3889d0032e7c2791;CO_fd21cc3cb5062bc4ac71,32168.975,VO_75cd276c7719440946f0;VO_87688cadefa656ac81ee,0.026330306037499997
PE_247629f51364308f6dd9,2024,MT,TSS,1990,CO_1807a71b6b12c1c6709d;CO_643d8fe3fd7bc8cc8a02;CO_72dbab0e0717addc37f7;CO_d15fef60f234013f1eba,32168.975,VO_75cd276c7719440946f0;VO_87688cadefa656ac81ee,64.01626025
PE_2561524d14d653dd0c19,2011,ST,TSS,549.32,CO_77ef1033c7249d619411,43743.25,VO_4a9ba77ea0ab7521fcdb,24.029042090000004
PE_25a069f91e769778ceb1,2011,MT,TSS,1182.84,CO_c003d78d30e3b0fe1dc8,39550.81,VO_e97aa2a86df9aadc5deb,46.782280100399994
PE_27134a8745e851e0812e,2015,ST,TKN,0.282,CO_a948b46c0f1890667de7,13092.32,VO_7a202c0c63534f97c3e2,0.0036920342399999993
PE_27134a8745e851e0812e,2015,ST,TP,0.422,CO_ed6f2060379b3b2192ea,13092.32,VO_7a202c0c63534f97c3e2,0.00552495904
PE_27134a8745e851e0812e,2015,ST,TSS,135,CO_4cf73856dc302feabc7b,13092.32,VO_7a202c0c63534f97c3e2,1.7674632
PE_27463b50ba4000020754,2023,MT,NO2,0,CO_09cb71299e9ded350b21;CO_34af953ef5913ef6d17a;CO_b8c98001e1dee74b2cd1,37255.19,VO_4cbdb55a18b54f73c2d5,0
PE_27463b50ba4000020754,2023,MT,NO3,8.93,CO_44898b43f6d5ea1c2b39;CO_8f4e3ac8887eca56feb7;CO_c7ff80d080cc85af3cce,37255.19,VO_4cbdb55a18b54f73c2d5,0.3326888467
PE_27463b50ba4000020754,2023,MT,OP,0,CO_6c0f3412848008d49d18;CO_74de057f768beb42de17;CO_d829857eb1366e70be85,37255.19,VO_4cbdb55a18b54f73c2d5,0
PE_27463b50ba4000020754,2023,MT,TDS,1180,CO_23fd0d78ddeace19b67c;CO_3bb7a236a7a8b9dbe712;CO_e5035284780dd738421f,37255.19,VO_4cbdb55a18b54f73c2d5,43.9611242
PE_27463b50ba4000020754,2023,MT,TKN,6.3,CO_2a99104da82a5f1b5d62;CO_880c2fc00805b3104264;CO_c30d2c58c630f9e4e5a3,37255.19,VO_4cbdb55a18b54f73c2d5,0.23470769700000002
PE_27463b50ba4000020754,2023,MT,TP,0.888,CO_19e639b064bdb018bbf3;CO_1ba71fb680250d97f045;CO_e0687aaa8689e196e8bd,37255.19,VO_4cbdb55a18b54f73c2d5,0.033082608720000004
PE_27463b50ba4000020754,2023,MT,TSS,1060,CO_2acdde4bc923f85cf896;CO_645f91aec6bb20ce6658;CO_ac9cd720d97345f342f9,37255.19,VO_4cbdb55a18b54f73c2d5,39.49050140000001
PE_28097897273977a044d2,2016,ST,NH4,0.1245,CO_760ba124c2673b5d47d1;CO_f37fea625faea7310393,16370.88,VO_2a595ef43cf7e0401847,0.0020381745599999997
PE_28097897273977a044d2,2016,ST,NO3,4.7915,CO_17cbdff9420ba9055042;CO_6879547fb139e734e775,16370.88,VO_2a595ef43cf7e0401847,0.07844107152
PE_28097897273977a044d2,2016,ST,NPOC,5.32,CO_44b3b570af8632106861;CO_e92b026fad930ee064d8,16370.88,VO_2a595ef43cf7e0401847,0.08709308160000001
PE_28097897273977a044d2,2016,ST,OP,0.0315,CO_27e1615212f3c6ea846e;CO_71a1c003a2b855d85582,16370.88,VO_2a595ef43cf7e0401847,5.1568272e-4
PE_28097897273977a044d2,2016,ST,TKN,0.038,CO_120e52d7b556d767ec36;CO_cd2d7b379cbdcdfd8260,16370.88,VO_2a595ef43cf7e0401847,6.2209344e-4
PE_28097897273977a044d2,2016,ST,TN,4.4535,CO_384c96b545513a15112f;CO_b4aae044ca25626d203d,16370.88,VO_2a595ef43cf7e0401847,0.07290771407999999
PE_28097897273977a044d2,2016,ST,TP,0.014,CO_01b23136ea7f9f8b9e72;CO_6fef307f9c8a3fb0ad69,16370.88,VO_2a595ef43cf7e0401847,2.2919232e-4
PE_28097897273977a044d2,2016,ST,TSP,0.0115,CO_54409a01733cb9ff29e4;CO_9877e1af96b89597731d,16370.88,VO_2a595ef43cf7e0401847,1.8826512e-4
PE_28097897273977a044d2,2016,ST,TSS,258.2405,CO_3dccb562e3d5cc4f8a0d;CO_516db3bfe272e39f7334,16370.88,VO_2a595ef43cf7e0401847,4.22762423664
PE_28580cfa385f9a5430ed,2017,MT,NO3,8.7,CO_2b79e83ac9a03786ad27,13258.86,VO_edf6bcec157645424b76,0.115352082
PE_28580cfa385f9a5430ed,2017,MT,OP,0,CO_524b2d27a1e7fbc3a161,13258.86,VO_edf6bcec157645424b76,0
PE_28580cfa385f9a5430ed,2017,MT,TKN,0,CO_6ab2c7d137d32c3a3a13,13258.86,VO_edf6bcec157645424b76,0
PE_28580cfa385f9a5430ed,2017,MT,TP,0.094,CO_abe6c5838bf22b825feb,13258.86,VO_edf6bcec157645424b76,0.00124633284
PE_28580cfa385f9a5430ed,2017,MT,TSS,325,CO_1fe326350ef119cf8cfc;CO_f99ade488c8cd207cf38,13258.86,VO_edf6bcec157645424b76,4.3091295
PE_290c6dbd74f0d56db266,2021,ST,NO3,7.55,CO_10ec7498052c63661dff;CO_8eebb0799014a38852ff,41723.91,VO_de570f00600e8e52e116,0.31501552050000003
PE_290c6dbd74f0d56db266,2021,ST,OP,0.24,CO_3a8f6d79cd434dc10588;CO_b6cb293891dd62748d85,41723.91,VO_de570f00600e8e52e116,0.0100137384
PE_290c6dbd74f0d56db266,2021,ST,Se,0.0078,CO_0424fe62ad6e0745ac83;CO_6a24e73cb6abc2bed87a,41723.91,VO_de570f00600e8e52e116,3.2544649800000003e-4
PE_290c6dbd74f0d56db266,2021,ST,TKN,4.2,CO_034989d64798cc03c27e;CO_a5b06020eb2ea3afd80d,41723.91,VO_de570f00600e8e52e116,0.175240422
PE_290c6dbd74f0d56db266,2021,ST,TP,1.75,CO_6360659f97100b35f3dd;CO_9ea3f4147c0d763c96e1,41723.91,VO_de570f00600e8e52e116,0.0730168425
PE_290c6dbd74f0d56db266,2021,ST,TSS,1480,CO_0cba2fa7ffebce9bb31e;CO_4cd6aaf3938c14259ed9,41723.91,VO_de570f00600e8e52e116,61.751386800000006
PE_29f1778e9f933c5e4e8c,2015,ST,NH4,0.255,CO_9e558a7dc777d285f138,3376.22,VO_a0548b6ea4dd52beb42c,8.609361e-4
PE_29f1778e9f933c5e4e8c,2015,ST,NO3,8.6625,CO_f6ca70bd1cc2f194e44c;CO_fff6d685ea1aa528de7b,3376.22,VO_a0548b6ea4dd52beb42c,0.029246505749999995
PE_29f1778e9f933c5e4e8c,2015,ST,OP,0.065,CO_4621c1d55fa4e86ce0da;CO_fc56dbc6d4652b315b86,3376.22,VO_a0548b6ea4dd52beb42c,2.194543e-4
PE_29f1778e9f933c5e4e8c,2015,ST,TKN,2.17,CO_ea1241439855626c0137,3376.22,VO_a0548b6ea4dd52beb42c,0.0073263973999999985
PE_29f1778e9f933c5e4e8c,2015,ST,TN,11.0875,CO_9775a97df5faff567f02;CO_e538262935f7b28675ae,3376.22,VO_a0548b6ea4dd52beb42c,0.037433839249999996
PE_29f1778e9f933c5e4e8c,2015,ST,TP,0.224,CO_b3b32ef85491ba019823,3376.22,VO_a0548b6ea4dd52beb42c,7.5627328e-4
PE_29f1778e9f933c5e4e8c,2015,ST,TSP,0.004,CO_91d29cb4702d2677c21a,3376.22,VO_a0548b6ea4dd52beb42c,1.350488e-5
PE_29f1778e9f933c5e4e8c,2015,ST,TSS,4,CO_c42fb977a595a4b77a8f;CO_edb0aacc486fefd6956d,3376.22,VO_a0548b6ea4dd52beb42c,0.013504879999999999
PE_2a3aa3cb4dc98d611421,2011,CT,TSS,1101.733,CO_088cb864279a4e4c8652,30783.41,VO_ac7e56b104ff47e08bce,33.91509864953
PE_2b4838daed1cf37dc2d0,2016,CT,NH4,0.01,CO_ba733a2bc3efb152c8d4;CO_f2c9a98106fe1bc0fb72,57325.34,VO_4f7c62c78718474ba2ef,5.732533999999999e-4
PE_2b4838daed1cf37dc2d0,2016,CT,NO3,5.2515,CO_6aa7d46a7422b6d6c5b2;CO_df501e7ad9bc5e2189af,57325.34,VO_4f7c62c78718474ba2ef,0.30104402301
PE_2b4838daed1cf37dc2d0,2016,CT,NPOC,6.07725,CO_afa084e37c9a0d0cb35f;CO_df716328478a5668a391,57325.34,VO_4f7c62c78718474ba2ef,0.348380422515
PE_2b4838daed1cf37dc2d0,2016,CT,OP,0.067,CO_768b84ef05f655d57fe2;CO_ea5b27556fbb134def2c,57325.34,VO_4f7c62c78718474ba2ef,0.00384079778
PE_2b4838daed1cf37dc2d0,2016,CT,TKN,0.2175,CO_66849e29a8eb896b7e92;CO_a2de21b4327dde0e49ba,57325.34,VO_4f7c62c78718474ba2ef,0.01246826145
PE_2b4838daed1cf37dc2d0,2016,CT,TN,4.911,CO_27995993191887fe707d;CO_64251bd579343ef10d7c,57325.34,VO_4f7c62c78718474ba2ef,0.28152474473999994
PE_2b4838daed1cf37dc2d0,2016,CT,TP,0.005,CO_2a1d1388f992dbcacd05;CO_f3fc4fc7ae34fab1ec7c,57325.34,VO_4f7c62c78718474ba2ef,2.8662669999999997e-4
PE_2b4838daed1cf37dc2d0,2016,CT,TSP,0.002,CO_69ebeab6989b3506df08;CO_72353f3e1b10c9a39709,57325.34,VO_4f7c62c78718474ba2ef,1.1465067999999999e-4
PE_2b4838daed1cf37dc2d0,2016,CT,TSS,1684.0149999999999,CO_c655d4bbfee8bc14b6fa;CO_daeb96ce8d169c2a9b95,57325.34,VO_4f7c62c78718474ba2ef,96.53673244009998
PE_2d9d459d5adb0af5888c,2023,ST,NO2,0,CO_1b36cd7951891f387e1e;CO_48f599a9094eb9a4fcd2;CO_8bceed0f1d74b8cd45d2;CO_f0f250b303d9994d2d71,45547.39,VO_7b7be0b31b1d54267920,0
PE_2d9d459d5adb0af5888c,2023,ST,NO3,9,CO_43a0298ed7863ce8f45f;CO_8021cc8e4638aad92587;CO_8cd412b2cd8883163000;CO_f2ce16448e901cb84a7b,45547.39,VO_7b7be0b31b1d54267920,0.40992651
PE_2d9d459d5adb0af5888c,2023,ST,OP,0.16,CO_10e4e7caf8b078429bb1;CO_7a9b1b9dd2e433fc1fc9;CO_ab16ce326c754df41ed0;CO_f6543e952ecb93fba1fa,45547.39,VO_7b7be0b31b1d54267920,0.0072875824
PE_2d9d459d5adb0af5888c,2023,ST,TDS,1280,CO_388587a4a0ead8078e89;CO_7f43e673fcb2286eaa52;CO_9f91a42ed4b0f72be9b2;CO_d902d1c684cab073526f,45547.39,VO_7b7be0b31b1d54267920,58.300659200000005
PE_2d9d459d5adb0af5888c,2023,ST,TKN,1.25,CO_23e2c21019bd22649075;CO_98c94daf4e5bd960b618;CO_aae49ea590f262f6ac48;CO_b57d0618b4bcdc1c1520,45547.39,VO_7b7be0b31b1d54267920,0.056934237500000005
PE_2d9d459d5adb0af5888c,2023,ST,TP,1.072,CO_2e355fa8b5acf07f4608;CO_3f46bdea034f311a14ef;CO_6eac02c2ab0dc9378be8;CO_c6f5c46f9e3daea6422f,45547.39,VO_7b7be0b31b1d54267920,0.04882680208
PE_2d9d459d5adb0af5888c,2023,ST,TSS,1518.333,CO_327395d36643d906dc65;CO_73e7680610ab579a4cc8;CO_cd26ce3d3b4f1b121793;CO_f8ace8696f29b73059c3,45547.39,VO_7b7be0b31b1d54267920,69.15610530087
PE_2e2197584fa9c47b9a6f,2025,ST,NO2,0.7235,CO_2e585ada8d9d1c9b19e2;CO_b138c0b35a9113112287;CO_e485f271f7db87ad8888;CO_e524d225a5a87cdb208c,41414.46000000001,VO_75c7c906991c94929654;VO_b4ca57f74cb0cef47e5c,0.029963361810000005
PE_2e2197584fa9c47b9a6f,2025,ST,NO3,0.14150000000000001,CO_13b1475cbe243903914c;CO_34ff3bb3732ca5436824;CO_833d6983cdb9e4c6c12b;CO_9fa4354c24b3c7a2b0d4,41414.46000000001,VO_75c7c906991c94929654;VO_b4ca57f74cb0cef47e5c,0.0058601460900000015
PE_2e2197584fa9c47b9a6f,2025,ST,OP,0.1785,CO_32eb1a8dafeb0873c8d0;CO_bcce03f625c22998dcb8;CO_d88c39de46401a311ffd;CO_de2d0a787b3351763f3c,41414.46000000001,VO_75c7c906991c94929654;VO_b4ca57f74cb0cef47e5c,0.007392481110000001
PE_2e2197584fa9c47b9a6f,2025,ST,TDS,672,CO_2de2a7cba3e79d430925;CO_ad3152bfd262652d7f34;CO_ba7552f4c7a81df97934;CO_dc8d1a33645db8bcfef8,41414.46000000001,VO_75c7c906991c94929654;VO_b4ca57f74cb0cef47e5c,27.830517120000003
PE_2e2197584fa9c47b9a6f,2025,ST,TKN,0,CO_07df47f4857229805333;CO_8ed5f6c97c680e72cf3d;CO_d73398cebe5ea8605776;CO_f2c8a205eccaca21250b,41414.46000000001,VO_75c7c906991c94929654;VO_b4ca57f74cb0cef47e5c,0
PE_2e2197584fa9c47b9a6f,2025,ST,TP,0.71,CO_08c159cb811c2742199f;CO_24fae883d5ce2d893f20;CO_33cc6da30d940c4ffa0c;CO_5183d65cc71ba70196e7,41414.46000000001,VO_75c7c906991c94929654;VO_b4ca57f74cb0cef47e5c,0.029404266600000003
PE_2e2197584fa9c47b9a6f,2025,ST,TSS,678.333,CO_0a15a807e9d07c2b546d;CO_3a57c84908467468f972;CO_b3abeed147488ba3d1d0;CO_f79c5acdee5572581777,41414.46000000001,VO_75c7c906991c94929654;VO_b4ca57f74cb0cef47e5c,28.092794895180003
PE_2e65ee229934a6773cd8,2025,ST,NO2,0.7785,CO_01df2f8f80a112a3a266;CO_0cf9e335a07c2901979b;CO_56280f252f312e642177;CO_845548b9529063b54598,47203.095,VO_1312fa9ca5066152a0a7;VO_c93ee87eb9b7545052b1,0.036747609457500004
PE_2e65ee229934a6773cd8,2025,ST,NO3,0.16199999999999998,CO_604bdba4ae56af689c9c;CO_971787b181dd876b7154;CO_c4f9fcfbf89fa5e15054;CO_f035af22c045803b21d3,47203.095,VO_1312fa9ca5066152a0a7;VO_c93ee87eb9b7545052b1,0.007646901389999999
PE_2e65ee229934a6773cd8,2025,ST,OP,0,CO_61ab550f4c85a975cd46;CO_9989a37538faecc495bb;CO_b0ab628c9e14621846c5;CO_f296867839c8befafed3,47203.095,VO_1312fa9ca5066152a0a7;VO_c93ee87eb9b7545052b1,0
PE_2e65ee229934a6773cd8,2025,ST,TDS,658,CO_1e117b396c77c6bc7008;CO_1f1fe0850060c9934666;CO_9f655dae6190e1ed1a56;CO_cc1d9e8100fc3b30fe52,47203.095,VO_1312fa9ca5066152a0a7;VO_c93ee87eb9b7545052b1,31.05963651
PE_2e65ee229934a6773cd8,2025,ST,TKN,0,CO_3e0cbdb59cf8a8edaf26;CO_7bd3edcdad6b99d33193;CO_8af1f2584822ac9fb9d1;CO_f8feb05f30d18136c183,47203.095,VO_1312fa9ca5066152a0a7;VO_c93ee87eb9b7545052b1,0
PE_2e65ee229934a6773cd8,2025,ST,TP,0.7124999999999999,CO_33f849de3622f07a54fd;CO_8f96a045c9a91a2d1923;CO_bf7f42e134799ab41887;CO_c49b0dece16c3a6b89be,47203.095,VO_1312fa9ca5066152a0a7;VO_c93ee87eb9b7545052b1,0.03363220518749999
PE_2e65ee229934a6773cd8,2025,ST,TSS,533.333,CO_4a971434dbac1ad58e14;CO_6526cce1bce62bbbadf1;CO_a30f81a90be76c4a848e;CO_d2a7fe429fbbcabe5d5a,47203.095,VO_1312fa9ca5066152a0a7;VO_c93ee87eb9b7545052b1,25.174968265635
PE_30ad57c59f6495c0feab,2023,ST,NO2,0,CO_2adee4927fc81b4b6379;CO_37353e9f8e1ec72d923c;CO_3ae39b2b89f94f742d3b;CO_b0bae7aae64b82780025,42812.59,VO_06a5e1dea7cb6ea93e96,0
PE_30ad57c59f6495c0feab,2023,ST,NO3,3.09,CO_4541a289057b2f3e7db0;CO_9f09cddacdb2e0c1c2c1;CO_b7b598d56a5096e61d7b;CO_b99c24b31ac1bfde0fcc,42812.59,VO_06a5e1dea7cb6ea93e96,0.1322909031
PE_30ad57c59f6495c0feab,2023,ST,OP,0,CO_9b6c13f0d182b253c607;CO_afccd937e6ac2d1b6d6e;CO_c78961d3d782d8a85d93;CO_df56bc061e91023bff33,42812.59,VO_06a5e1dea7cb6ea93e96,0
PE_30ad57c59f6495c0feab,2023,ST,TDS,950,CO_4504f016024876613fec;CO_9abb7c4c2e0efd793744;CO_b4613bfbd2f2240d216a;CO_e46a8bef65f6bb6935d0,42812.59,VO_06a5e1dea7cb6ea93e96,40.6719605
PE_30ad57c59f6495c0feab,2023,ST,TKN,1.3,CO_1afc50560ae4c6f49a38;CO_8b926d75599a618e21f1;CO_9ff0419d067b9543723a;CO_f766456ab1966f4b9c02,42812.59,VO_06a5e1dea7cb6ea93e96,0.055656367
PE_30ad57c59f6495c0feab,2023,ST,TP,0.369,CO_3f613c55d57f95fe1553;CO_51f8abfe29ee9821b572;CO_952795a1f797b5c993ff;CO_a0b5322afbb030d7c3c8,42812.59,VO_06a5e1dea7cb6ea93e96,0.015797845709999998
PE_30ad57c59f6495c0feab,2023,ST,TSS,293.33349999999996,CO_1924572596885038e4af;CO_a428b5346f1d4261c32c;CO_c3f411c66467a6eb95db;CO_edf89bd1995d63b82be7,42812.59,VO_06a5e1dea7cb6ea93e96,12.558366868764997
PE_331342b5de338cae2ff0,2020,ST,NO3,8.05,CO_d35c4fccb34675f98d90;CO_d53b91dfe01f21d9ca70,55745.95,VO_4a03fd061be3e8ac51da,0.4487548975
PE_331342b5de338cae2ff0,2020,ST,OP,0,CO_4c8d5b6c695d265fb63d;CO_cc6aed2709b80e146beb,55745.95,VO_4a03fd061be3e8ac51da,0
PE_331342b5de338cae2ff0,2020,ST,Se,0.0059,CO_1c9dde0669a66e94a559;CO_ffb336a87d358f86d38a,55745.95,VO_4a03fd061be3e8ac51da,3.2890110499999995e-4
PE_331342b5de338cae2ff0,2020,ST,TKN,1.65,CO_bc20a2aa08022b0ac9cc;CO_c4fc2f43eaa0527ac86e,55745.95,VO_4a03fd061be3e8ac51da,0.09198081749999999
PE_331342b5de338cae2ff0,2020,ST,TP,0.325,CO_6f52d3110a0e41e462ac;CO_8ff9538e65e6781d654b,55745.95,VO_4a03fd061be3e8ac51da,0.018117433750000002
PE_331342b5de338cae2ff0,2020,ST,TSS,221.66649999999998,CO_745c9ffd278fae918b94;CO_e38e8f8dca36e30898c5,55745.95,VO_4a03fd061be3e8ac51da,12.357009625674998
PE_33825cb09dcd4574ccba,2012,MT,ICP,0.302,CO_7995b28bf42b6cf6c67a,20356,VO_7ff54b29d8723b394d27,0.006147512
PE_33825cb09dcd4574ccba,2012,MT,NO3,6.877,CO_5f5e771dcb7bd8b6f12b,20356,VO_7ff54b29d8723b394d27,0.139988212
PE_33825cb09dcd4574ccba,2012,MT,OP,0.078,CO_96061e92f58e4bdcdee7,20356,VO_7ff54b29d8723b394d27,0.001587768
PE_33825cb09dcd4574ccba,2012,MT,TN,0.007,CO_be180d34dddf670bded2,20356,VO_7ff54b29d8723b394d27,1.4249199999999998e-4
PE_33825cb09dcd4574ccba,2012,MT,TP,1.312,CO_d40535ac09aac0ef32f8,20356,VO_7ff54b29d8723b394d27,0.026707072000000002
PE_33825cb09dcd4574ccba,2012,MT,TSS,913.08,CO_cdb456f85637c437ac87,20356,VO_7ff54b29d8723b394d27,18.586656480000002
PE_33a1816a64d56b831e43,2015,CT,NH4,0.15500000000000003,CO_bab13030d2a4ce24139e;CO_cce19cc2cd213efd5453,26669.11,VO_4fc68ac4e89cb2da47f3,0.004133712050000001
PE_33a1816a64d56b831e43,2015,CT,NO3,8.16,CO_061a17b4051d92288f0d;CO_28aba8137d93763f7f1c,26669.11,VO_4fc68ac4e89cb2da47f3,0.2176199376
PE_33a1816a64d56b831e43,2015,CT,OP,0.1,CO_56f4da26ed956730309f;CO_84a5092e4a5b6fe968fd,26669.11,VO_4fc68ac4e89cb2da47f3,0.002666911
PE_33a1816a64d56b831e43,2015,CT,TKN,0.811,CO_63138be046191a295af3,26669.11,VO_4fc68ac4e89cb2da47f3,0.021628648210000004
PE_33a1816a64d56b831e43,2015,CT,TN,8.365,CO_242d1f9ba9fbda48e877;CO_ad5f9478d603fe97eae2,26669.11,VO_4fc68ac4e89cb2da47f3,0.22308710515000002
PE_33a1816a64d56b831e43,2015,CT,TP,1.529,CO_c399e9273f18bf50d4fc,26669.11,VO_4fc68ac4e89cb2da47f3,0.04077706919
PE_33a1816a64d56b831e43,2015,CT,TSP,0.032,CO_5616b21808fc1d9de240,26669.11,VO_4fc68ac4e89cb2da47f3,8.5341152e-4
PE_33a1816a64d56b831e43,2015,CT,TSS,1550,CO_7bfaa9b4a3733612834c;CO_9c0dee10340cdf2fbc35,26669.11,VO_4fc68ac4e89cb2da47f3,41.3371205
PE_33c45bd0482ea8318308,2015,MT,NH4,0.005,CO_11485ec6072016b540ca;CO_eb7046437af1e3e9f711,5268.72,VO_a7a9fb039c973ff20ac2,2.6343600000000003e-5
PE_33c45bd0482ea8318308,2015,MT,NO3,7.909,CO_2334b98bcb4ab2c5c971;CO_94f237831755112ed659,5268.72,VO_a7a9fb039c973ff20ac2,0.04167030648
PE_33c45bd0482ea8318308,2015,MT,OP,0.059,CO_9e6a72557ada15d02001;CO_e888a676e1926d0c08b5,5268.72,VO_a7a9fb039c973ff20ac2,3.1085448000000004e-4
PE_33c45bd0482ea8318308,2015,MT,TKN,0.22,CO_a3bc9e9e58099bc938ef,5268.72,VO_a7a9fb039c973ff20ac2,0.0011591184000000001
PE_33c45bd0482ea8318308,2015,MT,TN,8.64,CO_7a0fc5c7060a84eff25e;CO_b85be080814b2d639869,5268.72,VO_a7a9fb039c973ff20ac2,0.04552174080000001
PE_33c45bd0482ea8318308,2015,MT,TP,0.164,CO_16c6411a67ff85c3c3ab,5268.72,VO_a7a9fb039c973ff20ac2,8.640700800000001e-4
PE_33c45bd0482ea8318308,2015,MT,TSP,0.002,CO_155d04976ba69d3fd3a6,5268.72,VO_a7a9fb039c973ff20ac2,1.053744e-5
PE_33c45bd0482ea8318308,2015,MT,TSS,124.5835,CO_21c2caa5a80ed0d9fb12;CO_a381d1cfa86c275ef6c1,5268.72,VO_a7a9fb039c973ff20ac2,0.65639557812
PE_33de1fea55953fe4df0d,2012,ST,TSS,348.27,CO_23b1275626411f3f2bfe,0,VO_8fd61c5c98a520cbd37a,0
PE_33f7660c06982fd8808e,2017,MT,NO3,7.2,CO_5010c493958a86e59cdc,741.86,VO_b90cd9771e49bd154cb7,0.0053413919999999995
PE_33f7660c06982fd8808e,2017,MT,OP,0.09,CO_8e6aee9efac8086ebac5,741.86,VO_b90cd9771e49bd154cb7,6.67674e-5
PE_33f7660c06982fd8808e,2017,MT,TKN,0.6,CO_21872bbd9f73229aeb3f,741.86,VO_b90cd9771e49bd154cb7,4.45116e-4
PE_33f7660c06982fd8808e,2017,MT,TP,0.13,CO_8c40a6d264e529987be3,741.86,VO_b90cd9771e49bd154cb7,9.64418e-5
PE_33f7660c06982fd8808e,2017,MT,TSS,241.66649999999998,CO_2f740492044a5a10ec52;CO_423d73e3f18c3861f361,741.86,VO_b90cd9771e49bd154cb7,0.17928270968999999
PE_3468915c2c2313406f4f,2025,MT,NO2,0.724,CO_1db7a6b2880db3b93a8a;CO_584fe3ebcd9ffe877d01;CO_7636f4f8ac1a321c6f25;CO_e5ae436f9a1603d30874,41676.305,VO_29f21a6fe901c83777bf;VO_7e07126cc58df806bd28,0.030173644819999998
PE_3468915c2c2313406f4f,2025,MT,NO3,0.131,CO_20f1a57d5d8c667c827c;CO_5078bca8d0b0f7f9d30f;CO_6253047d839a51684f2a;CO_9329880431754f35ab58,41676.305,VO_29f21a6fe901c83777bf;VO_7e07126cc58df806bd28,0.005459595955
PE_3468915c2c2313406f4f,2025,MT,OP,0.127,CO_337b02741a9561b611d3;CO_61dbec1d67afe651537e;CO_be1722b1d104ffb27532;CO_fde3f2e7127f6810eb41,41676.305,VO_29f21a6fe901c83777bf;VO_7e07126cc58df806bd28,0.005292890735
PE_3468915c2c2313406f4f,2025,MT,TDS,648,CO_57c8de458e9794ddf860;CO_8e1ae7310cd37dbd45dc;CO_985de91989a559cdb505;CO_ff3d9d9ec5dbf066d25b,41676.305,VO_29f21a6fe901c83777bf;VO_7e07126cc58df806bd28,27.00624564
PE_3468915c2c2313406f4f,2025,MT,TKN,0,CO_8a3430bd81b8f23502be;CO_b09e885265e03ddbcaa5;CO_c9f5d1117c2eaf86aa3a;CO_f0f7f5098c1767274e1b,41676.305,VO_29f21a6fe901c83777bf;VO_7e07126cc58df806bd28,0
PE_3468915c2c2313406f4f,2025,MT,TP,0.3065,CO_2d2c33c52e3df492704c;CO_33743b03c28fc783b011;CO_8e4e975f902448d84ed0;CO_ec3f1e361fe23b5ec31e,41676.305,VO_29f21a6fe901c83777bf;VO_7e07126cc58df806bd28,0.0127737874825
PE_3468915c2c2313406f4f,2025,MT,TSS,258.33349999999996,CO_021638284be170c551b4;CO_63f51f684f8ca85903b3;CO_7cec036ae38d7e91cda0;CO_857b4cd3f6a11d1b8f98,41676.305,VO_29f21a6fe901c83777bf;VO_7e07126cc58df806bd28,10.766385737717497
PE_34966a819fbc15086f92,2023,CT,NO2,0,CO_20bc9a3dbbc8e2f1e83c;CO_a258d292235a3f81dddd;CO_c8b586101e25a9d10caa;CO_cc5ccfce8c22d7543e7b,73851,VO_2442266782120dc6608f,0
PE_34966a819fbc15086f92,2023,CT,NO3,3.145,CO_66589a14ca0f7e3542cf;CO_9b33321408c0602e2504;CO_a5bb4657a9b5316ba897;CO_aced70051e58a8841d88,73851,VO_2442266782120dc6608f,0.23226139499999998
PE_34966a819fbc15086f92,2023,CT,OP,0,CO_4099ed5ba70aebc5a9dc;CO_86ab8cbe5869bd1f9c70;CO_8b80f49ec2822cb3cdbe;CO_a8cee66e4788af8b8559,73851,VO_2442266782120dc6608f,0
PE_34966a819fbc15086f92,2023,CT,TDS,908,CO_0df366aed5180fd4400f;CO_24f838b44987f5e4d343;CO_7bd100e93e91cbee0263;CO_d5af7070c1c2702a102d,73851,VO_2442266782120dc6608f,67.056708
PE_34966a819fbc15086f92,2023,CT,TKN,1.115,CO_3052c83f1a40e0c48bce;CO_3d4ba0dbe63a11bc53e7;CO_7dfca4be5858c0a14c3e;CO_8f7f63fd3b611035f1aa,73851,VO_2442266782120dc6608f,0.082343865
PE_34966a819fbc15086f92,2023,CT,TP,0.9385,CO_9b5173ba93decd311f89;CO_bd54ada8575526cdb3df;CO_d2675c478d2ce4c97607;CO_d9521266ec778d833335,73851,VO_2442266782120dc6608f,0.06930916349999999
PE_34966a819fbc15086f92,2023,CT,TSS,1620.0005,CO_537bea80a814fc325234;CO_75b7e93345040b10fe31;CO_af3b1cab44d0b462e07b;CO_e149ab1b2454341084d7,73851,VO_2442266782120dc6608f,119.6386569255
PE_353c2d3559ff1894d370,2011,CT,ICP,0.093,CO_90d441ee3fce238cd433,7426.17,VO_4612f012ae936bd0aa49,6.906338100000001e-4
PE_353c2d3559ff1894d370,2011,CT,NO3,7,CO_a5c718889eb455929d33,7426.17,VO_4612f012ae936bd0aa49,0.051983190000000006
PE_353c2d3559ff1894d370,2011,CT,OP,0.08,CO_4e07408562bedb8b60ce,7426.17,VO_4612f012ae936bd0aa49,5.940936000000001e-4
PE_353c2d3559ff1894d370,2011,CT,TN,10.803,CO_b770da13569d1b2a2501,7426.17,VO_4612f012ae936bd0aa49,0.08022491451000001
PE_353c2d3559ff1894d370,2011,CT,TP,3.337,CO_793a84a351bd364d2f03,7426.17,VO_4612f012ae936bd0aa49,0.024781129290000002
PE_353c2d3559ff1894d370,2011,CT,TSS,1149.12,CO_cff4f909408f86508604,7426.17,VO_4612f012ae936bd0aa49,8.5335604704
PE_38b89c5882c878930ee8,2025,ST,NO2,0.813,CO_0e563c377fa1e2197ae4;CO_e1299b1fe6306876f513;CO_f462d26aa077aadb6df8;CO_f8a2a1141001a2a3a135,54708.67,VO_77515825c24e99d13725;VO_b1f2b3965d17c519657d,0.04447814870999999
PE_38b89c5882c878930ee8,2025,ST,NO3,0.14700000000000002,CO_90f285f8fb15c8bc72a4;CO_9b8f2fa45e4b5f1962f9;CO_ac1488e797545c402d48;CO_dae89e11241685c65efa,54708.67,VO_77515825c24e99d13725;VO_b1f2b3965d17c519657d,0.008042174490000002
PE_38b89c5882c878930ee8,2025,ST,OP,0.332,CO_3292bef42975c0ab63a2;CO_40fb7164e459a38813f3;CO_8c004c94eb689b3765cc;CO_abbb9233cee3e720b2a8,54708.67,VO_77515825c24e99d13725;VO_b1f2b3965d17c519657d,0.018163278440000003
PE_38b89c5882c878930ee8,2025,ST,TDS,708,CO_022dcaabd91950fd273f;CO_41164411f051e67b41f4;CO_64b9663ba7d579decac4;CO_e5cb520f4e9c788b8909,54708.67,VO_77515825c24e99d13725;VO_b1f2b3965d17c519657d,38.73373836
PE_38b89c5882c878930ee8,2025,ST,TKN,1.45,CO_24f692ed38057c7cf08e;CO_497cc1e88ac00e930a18;CO_4babc876be86317d0127;CO_cd2ed2d000e7d0e9826f,54708.67,VO_77515825c24e99d13725;VO_b1f2b3965d17c519657d,0.07932757149999999
PE_38b89c5882c878930ee8,2025,ST,TP,2.745,CO_483aab8b1f38f23d19a4;CO_74e70910949899071b1e;CO_8a376a996f6d7e958bbd;CO_9c93522c01b6a1b55b7c,54708.67,VO_77515825c24e99d13725;VO_b1f2b3965d17c519657d,0.15017529915
PE_38b89c5882c878930ee8,2025,ST,TSS,1921.6665,CO_54e8ae4b54fbe10c4ac8;CO_8d3645e0e56c7842aab9;CO_a5215e527a9a67894a1e;CO_d7479ffb15b1c4d9b4f6,54708.67,VO_77515825c24e99d13725;VO_b1f2b3965d17c519657d,105.131818398555
PE_38c079a893cd582a2a48,2011,ST,TSS,331.3,CO_d9ce83cce69134131b9a,13379.98,VO_25e242dd8700496fe01f,4.432787374
PE_39fdbee40316d5f171ae,2021,CT,NO3,8.6,CO_206bc84a380b29acdc42;CO_d21cea57447c0fff302a,12952.77,VO_9d76635ca8b62ab0410c,0.111393822
PE_39fdbee40316d5f171ae,2021,CT,OP,0,CO_23e8b0175874e1bb3b47;CO_560aa3e6e94314c78236,12952.77,VO_9d76635ca8b62ab0410c,0
PE_39fdbee40316d5f171ae,2021,CT,Se,0,CO_6c2b72646a82124ae092;CO_8349d73d92fabdcb6676,12952.77,VO_9d76635ca8b62ab0410c,0
PE_39fdbee40316d5f171ae,2021,CT,TKN,6.8,CO_32948fbafc29b36f18c4;CO_61f1658abb2793093fd8,12952.77,VO_9d76635ca8b62ab0410c,0.088078836
PE_39fdbee40316d5f171ae,2021,CT,TP,0.1295,CO_361603c11612df16fcb9;CO_bf0a60ee19adc7954e22,12952.77,VO_9d76635ca8b62ab0410c,0.0016773837150000001
PE_39fdbee40316d5f171ae,2021,CT,TSS,2001.6665,CO_848e3fb85d62f31af8c0;CO_ce5080cd4ae9722f2d5b,12952.77,VO_9d76635ca8b62ab0410c,25.927125791205
PE_3a1b2aead714782c97f0,2015,CT,NH4,0.1175,CO_af3b9d6b5cbb4486b9c0;CO_e8425b784fa84062fd8b,20881.85,VO_e64400a0f1af7f677c8d,0.0024536173749999998
PE_3a1b2aead714782c97f0,2015,CT,NO3,8.4,CO_3aa4fb2899b0702f912a;CO_fcc687ca8d076689aa4a,20881.85,VO_e64400a0f1af7f677c8d,0.17540754
PE_3a1b2aead714782c97f0,2015,CT,OP,0.0315,CO_27badc983df1780b60c2;CO_5a39cadd1b007093db50,20881.85,VO_e64400a0f1af7f677c8d,6.57778275e-4
PE_3a1b2aead714782c97f0,2015,CT,TKN,3.52,CO_e1fe15b6ce5ddcc2725b,20881.85,VO_e64400a0f1af7f677c8d,0.073504112
PE_3a1b2aead714782c97f0,2015,CT,TN,9.724,CO_8eb7e77132566f2e7b84;CO_d3a5200984de637d1906,20881.85,VO_e64400a0f1af7f677c8d,0.2030551094
PE_3a1b2aead714782c97f0,2015,CT,TP,0.438,CO_7611f1a57f80b0a87b41,20881.85,VO_e64400a0f1af7f677c8d,0.0091462503
PE_3a1b2aead714782c97f0,2015,CT,TSP,0.012,CO_e058b40a3416fe46ee61,20881.85,VO_e64400a0f1af7f677c8d,2.505822e-4
PE_3a1b2aead714782c97f0,2015,CT,TSS,103.75,CO_e9f32fc438986c17eede;CO_ea37901ea672957224af,20881.85,VO_e64400a0f1af7f677c8d,2.1664919375
PE_3d00427ca445f880a6d9,2012,CT,ICP,0.086,CO_ea215720034a4c3073d7,0,VO_c99425cedd2ee5183959,0
PE_3d00427ca445f880a6d9,2012,CT,NO3,9.777,CO_cb75a48046c21183cc0f,0,VO_c99425cedd2ee5183959,0
PE_3d00427ca445f880a6d9,2012,CT,TN,2.693,CO_779d7a5455d90d1af1f0,0,VO_c99425cedd2ee5183959,0
PE_3d00427ca445f880a6d9,2012,CT,TP,0.089,CO_7987e36c43f067b54276,0,VO_c99425cedd2ee5183959,0
PE_3d00427ca445f880a6d9,2012,CT,TSS,1216.56,CO_be569a9d9af25886afa8,0,VO_c99425cedd2ee5183959,0
PE_3d18dfd8ec5f7b058614,2017,CT,NO3,9.3,CO_256a1f649084b2fc635c,123428.85,VO_f6c6228fedd882f7d1d4,1.1478883050000002
PE_3d18dfd8ec5f7b058614,2017,CT,OP,0,CO_4c15f47afe7f817fd559,123428.85,VO_f6c6228fedd882f7d1d4,0
PE_3d18dfd8ec5f7b058614,2017,CT,TKN,8.15,CO_2bb1c90302bea6044d90;CO_dc893e6af0316b06f6d9,123428.85,VO_f6c6228fedd882f7d1d4,1.0059451275
PE_3d18dfd8ec5f7b058614,2017,CT,TP,0.345,CO_a3346b8b4c26feb607f8;CO_f8a5da214f3f6c281e00,123428.85,VO_f6c6228fedd882f7d1d4,0.04258295325
PE_3d18dfd8ec5f7b058614,2017,CT,TSS,3411.6665000000003,CO_61b844a95023052b1b47;CO_97b8df60292baac6c533,123428.85,VO_f6c6228fedd882f7d1d4,421.09807267852506
PE_42122c5a7671e5082062,2012,ST,ICP,0.003,CO_659479bf8d744193a307,16839,VO_bda2d4d160539f23d01e,5.0517000000000004e-5
PE_42122c5a7671e5082062,2012,ST,NO3,7.57,CO_7fe7914ad0e020225f68,16839,VO_bda2d4d160539f23d01e,0.12747123000000002
PE_42122c5a7671e5082062,2012,ST,OP,0.097,CO_81b8a03f97e8787c53fe,16839,VO_bda2d4d160539f23d01e,0.001633383
PE_42122c5a7671e5082062,2012,ST,TN,2.463,CO_cc87d27285025584dc9c,16839,VO_bda2d4d160539f23d01e,0.041474457
PE_42122c5a7671e5082062,2012,ST,TP,2.113,CO_0e6801798cea548d4bdb,16839,VO_bda2d4d160539f23d01e,0.035580807
PE_42122c5a7671e5082062,2012,ST,TSS,1149.123,CO_744bd2a4699976ac770a,16839,VO_bda2d4d160539f23d01e,19.350082197
PE_4332131f3e4d2bc30791,2025,CT,NO2,0.8485,CO_402ad93001ce8b997670;CO_94b036ea1910d823aa84;CO_f1faf6fba3fb0e92a50d;CO_f805ea44dffeddd29487,52464.39,VO_70c143c176395e3b0a9d,0.044516034915
PE_4332131f3e4d2bc30791,2025,CT,NO3,0.138,CO_193dfde4a2d3ab02809d;CO_7b78859bb616ed3c3411;CO_9f9191609d843e2cbfca;CO_dab6e4672321db0bd8c3,52464.39,VO_70c143c176395e3b0a9d,0.0072400858200000005
PE_4332131f3e4d2bc30791,2025,CT,OP,0,CO_084917af148384c1e839;CO_835cc509d6d86a3a287d;CO_b22eb34537f6f6753da6;CO_eef79a6a04f78a54832c,52464.39,VO_70c143c176395e3b0a9d,0
PE_4332131f3e4d2bc30791,2025,CT,TDS,605,CO_16ecc826236e4e72676a;CO_89e3ce58715e05277130;CO_af96d7157462b04750b7;CO_d04b51f500c0b6baec0d,52464.39,VO_70c143c176395e3b0a9d,31.74095595
PE_4332131f3e4d2bc30791,2025,CT,TKN,0,CO_1ae2f3fe573bcfcb1768;CO_320c68a7652ebd0afd02;CO_390b199c873dd8377f30;CO_7ef4694c838dc3db5176,52464.39,VO_70c143c176395e3b0a9d,0
PE_4332131f3e4d2bc30791,2025,CT,TP,3.34,CO_1acc01f346b3fbaa6935;CO_5fc81d2cb64968db6cae;CO_b4106e79a7db2401426a;CO_d511b5d469027daccddb,52464.39,VO_70c143c176395e3b0a9d,0.17523106260000001
PE_4332131f3e4d2bc30791,2025,CT,TSS,2011.6665,CO_5610dde655a46271c6ae;CO_91e86a9aa38b5f942fed;CO_973f09c4e27d184bbaf2;CO_a87278766caab3863f95,52464.39,VO_70c143c176395e3b0a9d,105.540855805935
PE_4647421f35968219feb8,2015,MT,NH4,0.1565,CO_a4348ab4a7bf5cd96845;CO_c4876de490dcf38b74d6,1146.86,VO_ed39a9cd86a5479af01d,1.7948359e-4
PE_4647421f35968219feb8,2015,MT,NO3,8.579,CO_2725d2bcfac13cc02f04;CO_e25a5ef7ae33ee0e289c,1146.86,VO_ed39a9cd86a5479af01d,0.00983891194
PE_4647421f35968219feb8,2015,MT,OP,0.06,CO_43974ed74066b207c30f;CO_c17edaae86e4016a583e,1146.86,VO_ed39a9cd86a5479af01d,6.88116e-5
PE_4647421f35968219feb8,2015,MT,TKN,0.01,CO_deb2676eeef1cf8fc35f,1146.86,VO_ed39a9cd86a5479af01d,1.1468599999999999e-5
PE_4647421f35968219feb8,2015,MT,TN,10.1775,CO_83e35ecb553ab49c80d1;CO_98b29bed80862956e3af,1146.86,VO_ed39a9cd86a5479af01d,0.011672167649999999
PE_4647421f35968219feb8,2015,MT,TP,0.014,CO_1cfafff6d51a03662b85,1146.86,VO_ed39a9cd86a5479af01d,1.605604e-5
PE_4647421f35968219feb8,2015,MT,TSP,0.001,CO_e83de2a502258d43c744,1146.86,VO_ed39a9cd86a5479af01d,1.14686e-6
PE_4647421f35968219feb8,2015,MT,TSS,13,CO_619bec8e4d338bcbd823;CO_fbb0acfbee70d97921f1,1146.86,VO_ed39a9cd86a5479af01d,0.01490918
PE_4653bf7848ab84c87e5f,2025,MT,NO2,0.8625,CO_09db534e0483ada0bf97;CO_a5e6af776c1a7e9a6b7d;CO_cd03fd02ad0f626f7b8b;CO_ee763a42d50fbbe9ddf4,42451.81,VO_97c8c14ee6c1d49ecc76,0.036614686125
PE_4653bf7848ab84c87e5f,2025,MT,NO3,0.178,CO_09957ae4dbad578a1982;CO_40cc2e94403ba4a5af91;CO_8bba5b9b846fd63c473e;CO_9d95bba7023609ee9e3d,42451.81,VO_97c8c14ee6c1d49ecc76,0.007556422179999999
PE_4653bf7848ab84c87e5f,2025,MT,OP,0.125,CO_2f1d593cd98cb5bf81eb;CO_339d9d13edbaa267cb97;CO_40a7ae9a07a94bf510c8;CO_d6420a4ee44bc345c7bf,42451.81,VO_97c8c14ee6c1d49ecc76,0.00530647625
PE_4653bf7848ab84c87e5f,2025,MT,TDS,592,CO_0c2b04ff95e63ed1ca56;CO_7c5665f1b83d38a9b2f9;CO_c3b000875e19cdb87af3;CO_e3becaf1be21ba7d0eba,42451.81,VO_97c8c14ee6c1d49ecc76,25.131471519999998
PE_4653bf7848ab84c87e5f,2025,MT,TKN,0,CO_5c85d9ebda50d13495e0;CO_8ca3a07a1bd9c2c44c91;CO_f66939aed19dcd4556a2;CO_fc8cf0cb7ee532304dc5,42451.81,VO_97c8c14ee6c1d49ecc76,0
PE_4653bf7848ab84c87e5f,2025,MT,TP,4.625,CO_2747827914badb581259;CO_a89d6642c31c33525be5;CO_d58cabc8303548b6ec23;CO_dd32f57818ca3be0427e,42451.81,VO_97c8c14ee6c1d49ecc76,0.19633962124999998
PE_4653bf7848ab84c87e5f,2025,MT,TSS,2195,CO_126ce08606b6936011e0;CO_8d601fad07956dfe4d0e;CO_a21f0625186410da4908;CO_b4ef302bb75ad3b73223,42451.81,VO_97c8c14ee6c1d49ecc76,93.18172295
PE_4751c90d60939eb922d5,2012,CT,ICP,0.578,CO_967ae5f964cddff3dcd4,6527,VO_685e8c80c86cb41d725c,0.003772606
PE_4751c90d60939eb922d5,2012,CT,NO3,6.777,CO_961290276708eea73a92,6527,VO_685e8c80c86cb41d725c,0.044233479
PE_4751c90d60939eb922d5,2012,CT,OP,0.196,CO_8722616204217eddb39e,6527,VO_685e8c80c86cb41d725c,0.0012792920000000002
PE_4751c90d60939eb922d5,2012,CT,TN,1.87,CO_29d740ef3d365d8437da,6527,VO_685e8c80c86cb41d725c,0.012205490000000001
PE_4751c90d60939eb922d5,2012,CT,TP,2.105,CO_48e1ff78f29676296634,6527,VO_685e8c80c86cb41d725c,0.013739334999999998
PE_4751c90d60939eb922d5,2012,CT,TSS,845.64,CO_3753ed3651c1bc8b4f67,6527,VO_685e8c80c86cb41d725c,5.519492280000001
PE_4958e39651cde585bf35,2012,MT,ICP,0.01,CO_bfad68fe2ab8ee5e430d,23861,VO_0f3ca13356fdf5f51a7b,2.3861000000000002e-4
PE_4958e39651cde585bf35,2012,MT,NO3,7.48,CO_4817ddb54d7a527a5cb1,23861,VO_0f3ca13356fdf5f51a7b,0.17848028
PE_4958e39651cde585bf35,2012,MT,OP,0.074,CO_d029fa3a95e174a19934,23861,VO_0f3ca13356fdf5f51a7b,0.001765714
PE_4958e39651cde585bf35,2012,MT,TN,1.024,CO_7207683d060b15d5cba2,23861,VO_0f3ca13356fdf5f51a7b,0.024433664
PE_4958e39651cde585bf35,2012,MT,TP,1.27,CO_02ede7e8caf71df40a5b,23861,VO_0f3ca13356fdf5f51a7b,0.030303470000000002
PE_4958e39651cde585bf35,2012,MT,TSS,508.44,CO_6360c7778345dcdae97f,23861,VO_0f3ca13356fdf5f51a7b,12.13188684
PE_4a69de0a52f34a5a6663,2012,CT,ICP,0.363,CO_3b7ffedfd5916e6ee067,9625,VO_5c9360406622bc50955e,0.003493875
PE_4a69de0a52f34a5a6663,2012,CT,NO3,10.11,CO_124aec7171598f2fc8a1,9625,VO_5c9360406622bc50955e,0.09730875
PE_4a69de0a52f34a5a6663,2012,CT,OP,0.31,CO_c837649cce43f2729138,9625,VO_5c9360406622bc50955e,0.00298375
PE_4a69de0a52f34a5a6663,2012,CT,TN,2.037,CO_1fe9d12c50bc0dd8a7e3,9625,VO_5c9360406622bc50955e,0.019606125
PE_4a69de0a52f34a5a6663,2012,CT,TP,3.193,CO_68ac846d8dc1c75da907,9625,VO_5c9360406622bc50955e,0.030732625
PE_4a69de0a52f34a5a6663,2012,CT,TSS,997.38,CO_fc9fa8fe3c4b76b388ce,9625,VO_5c9360406622bc50955e,9.5997825
PE_4a7f22569ff3f2c1026d,2016,MT,NH4,0.0835,CO_2f4e01068ce5298a7352;CO_762ee53f5339cbc7c949,9890.96,VO_2a8ec9305805ae2bfc3e,8.258951599999999e-4
PE_4a7f22569ff3f2c1026d,2016,MT,NO3,5.1145,CO_4f0e70f993083de9a594;CO_de650d61f5bd166a91f8,9890.96,VO_2a8ec9305805ae2bfc3e,0.05058731491999999
PE_4a7f22569ff3f2c1026d,2016,MT,NPOC,6.710699999999999,CO_0b397a1076234fc23d09;CO_3f78e63bae989eff03d9,9890.96,VO_2a8ec9305805ae2bfc3e,0.066375265272
PE_4a7f22569ff3f2c1026d,2016,MT,OP,0.0315,CO_8acc23987b8960d83c44;CO_8b496bf96bbcc9e5ac11,9890.96,VO_2a8ec9305805ae2bfc3e,3.1156523999999994e-4
PE_4a7f22569ff3f2c1026d,2016,MT,TKN,0.129,CO_1d8090bacab301cac5ed;CO_8b34042b7a96b3ba94b2,9890.96,VO_2a8ec9305805ae2bfc3e,0.0012759338399999998
PE_4a7f22569ff3f2c1026d,2016,MT,TN,4.877,CO_577f11e5831c1e187892;CO_a90a92380af2f044ea5e,9890.96,VO_2a8ec9305805ae2bfc3e,0.048238211919999996
PE_4a7f22569ff3f2c1026d,2016,MT,TP,0.012,CO_81a4373c77b042b75ad6;CO_8cfecd937a9328ecb71d,9890.96,VO_2a8ec9305805ae2bfc3e,1.1869152e-4
PE_4a7f22569ff3f2c1026d,2016,MT,TSP,0.0035,CO_4a93457cf4c32f74058f;CO_7fe7e2e8250b990da9f1,9890.96,VO_2a8ec9305805ae2bfc3e,3.461836e-5
PE_4a7f22569ff3f2c1026d,2016,MT,TSS,226.6685,CO_0de6507036b0059711f1;CO_77c2f9edc1f7a0d882a8,9890.96,VO_2a8ec9305805ae2bfc3e,2.24196906676
PE_4ae760479321c5d34ccf,2021,CT,NO3,8.149999999999999,CO_59a46b111fe459b58a17;CO_ee375f966141d53936b0,15554.78,VO_9d1b3bffa9d09ea931d8,0.12677145699999998
PE_4ae760479321c5d34ccf,2021,CT,OP,0.14300000000000002,CO_98144d79af44407273f2;CO_b1585fdb272b31401eaa,15554.78,VO_9d1b3bffa9d09ea931d8,0.0022243335400000007
PE_4ae760479321c5d34ccf,2021,CT,Se,0.0094,CO_602d528c05ad668f1f0b;CO_a9890cc22bee5275b5c6,15554.78,VO_9d1b3bffa9d09ea931d8,1.46214932e-4
PE_4ae760479321c5d34ccf,2021,CT,TKN,4.75,CO_a41c69a6d5128334125c;CO_fe0bae021682b307e3f1,15554.78,VO_9d1b3bffa9d09ea931d8,0.073885205
PE_4ae760479321c5d34ccf,2021,CT,TP,2.1500000000000004,CO_9c8dd327d0f259b6facd;CO_c0bfde62b169890693f8,15554.78,VO_9d1b3bffa9d09ea931d8,0.03344277700000001
PE_4ae760479321c5d34ccf,2021,CT,TSS,2081.6665000000003,CO_41e63a0f95d9b2ea3c53;CO_de097dc17ed80eb87dd2,15554.78,VO_9d1b3bffa9d09ea931d8,32.37986444087001
PE_4b8c548b006b309b30bd,2024,ST,NO2,0,CO_11bc0410d988326dfefa;CO_996379383479fea3d057;CO_e65de07206769a840236;CO_ec00669143d20646e949,62229.29,VO_636fd3384bd3e9a3979e;VO_d54bd4bf548314259b6a,0
PE_4b8c548b006b309b30bd,2024,ST,NO3,8.754999999999999,CO_2b1e7392a9141ae5e007;CO_3464bd2812affb1c7eb1;CO_3957deaf962b0b30215d;CO_7385cae611099e13d376,62229.29,VO_636fd3384bd3e9a3979e;VO_d54bd4bf548314259b6a,0.5448174339499999
PE_4b8c548b006b309b30bd,2024,ST,OP,0.33299999999999996,CO_000f21ac06aceb9cdd05;CO_3bd625f07792e885b5a4;CO_5e968ce47ce4a17e3823;CO_be4b2f45069c180ef309,62229.29,VO_636fd3384bd3e9a3979e;VO_d54bd4bf548314259b6a,0.02072235357
PE_4b8c548b006b309b30bd,2024,ST,TDS,1280,CO_5a40fb3433404c380aa5;CO_63e450258ed555a36df3;CO_793997932b884441d788;CO_c90ea5723f9256e39229,62229.29,VO_636fd3384bd3e9a3979e;VO_d54bd4bf548314259b6a,79.6534912
PE_4b8c548b006b309b30bd,2024,ST,TKN,1.1,CO_6a0a323dee59cd417b50;CO_89c1baf80810ed35b8cc;CO_d81c15506dffe8152eec;CO_ef98552e86cf708b5dd4,62229.29,VO_636fd3384bd3e9a3979e;VO_d54bd4bf548314259b6a,0.06845221900000001
PE_4b8c548b006b309b30bd,2024,ST,TP,0.71,CO_0985b889a1fe4f4e1fb9;CO_3d1e557b540ac045b3b3;CO_ce8457d59078a699acb7;CO_d54123de468bd42ea00d,62229.29,VO_636fd3384bd3e9a3979e;VO_d54bd4bf548314259b6a,0.044182795899999995
PE_4b8c548b006b309b30bd,2024,ST,TSS,1363.333,CO_0e64c52973bd1e8881b8;CO_b1b98760b142f4d8bc67;CO_f0287d8670e5671e70d1;CO_fa3a46cee7a18cde4d1e,62229.29,VO_636fd3384bd3e9a3979e;VO_d54bd4bf548314259b6a,84.83924462357001
PE_4cb0e3ba94af8d5a7079,2025,CT,NO2,0.7785,CO_073d3b0fd9092432dbfd;CO_0ae3305415102d365f21;CO_122961871d9f94be9a62;CO_ee37c2f5b4fc7c885e91,40185.985,VO_16fcf8fc64a451c59bc7;VO_22a82a5a33bfaf9a7901,0.0312847893225
PE_4cb0e3ba94af8d5a7079,2025,CT,NO3,0.1555,CO_36b0207bd8d835af78dc;CO_5ad0e75a5119ff6de36d;CO_99f32aaf92345929eb86;CO_c1bf9243686ece9e777c,40185.985,VO_16fcf8fc64a451c59bc7;VO_22a82a5a33bfaf9a7901,0.0062489206675
PE_4cb0e3ba94af8d5a7079,2025,CT,OP,0,CO_165940940a02a187e446;CO_3dd9c0995d54c0abd51a;CO_6ad4a6b1e5ea5569795e;CO_7a5df5ffa0dec2228d90,40185.985,VO_16fcf8fc64a451c59bc7;VO_22a82a5a33bfaf9a7901,0
PE_4cb0e3ba94af8d5a7079,2025,CT,TDS,606,CO_6eaeeb687fc88a22f1ad;CO_9873cf15ed82eb8de109;CO_9fb551b1ae2a0705892b;CO_b1abace73aa7d4bdf639,40185.985,VO_16fcf8fc64a451c59bc7;VO_22a82a5a33bfaf9a7901,24.35270691
PE_4cb0e3ba94af8d5a7079,2025,CT,TKN,0,CO_312055965ba244d9d570;CO_3e7c3d4cf5be91eca625;CO_d191038eb3dacd219bba;CO_e04f657e2abda0d50ee2,40185.985,VO_16fcf8fc64a451c59bc7;VO_22a82a5a33bfaf9a7901,0
PE_4cb0e3ba94af8d5a7079,2025,CT,TP,1.5675,CO_016562d2d357325c642f;CO_35a99a53ff1b46f86a14;CO_589f5ed0ac1c85dfee59;CO_b8dc2c143be8994682b0,40185.985,VO_16fcf8fc64a451c59bc7;VO_22a82a5a33bfaf9a7901,0.0629915314875
PE_4cb0e3ba94af8d5a7079,2025,CT,TSS,1395,CO_88041c83e5e616c665d0;CO_8c0c4f9e1123c995e69d;CO_a444aa6529eccf87ca90;CO_b1f9912d4a9dc55b9fa2,40185.985,VO_16fcf8fc64a451c59bc7;VO_22a82a5a33bfaf9a7901,56.059449075
PE_4d8c0995181764fd2031,2023,ST,NO2,0,CO_2369aefe8ec3cdae2ff0;CO_57d9aaa33d570b3362e2;CO_7dde8d068649c505723c;CO_a36f81f0501a061d8a31,20890.13,VO_52d4ce7cf0a8252660f9,0
PE_4d8c0995181764fd2031,2023,ST,NO3,8.635,CO_0e5cf35a8fa687533c1d;CO_53677d2d33ed62c20b5d;CO_6c6be40c2a563b401324;CO_c57e45c141c978f153ef,20890.13,VO_52d4ce7cf0a8252660f9,0.18038627255
PE_4d8c0995181764fd2031,2023,ST,OP,0.3855,CO_313c938e0103b56b4363;CO_477d8dffaf92d265c56d;CO_76ba652cbd2ef1931d05;CO_96da2f8885ba92c9ca4d,20890.13,VO_52d4ce7cf0a8252660f9,0.008053145115
PE_4d8c0995181764fd2031,2023,ST,TDS,1195,CO_2cfbedf50a09b0767c5d;CO_63c2925f4be7651e792c;CO_c715aeec3cf4beae7077;CO_f49d64a743f1f9b783c9,20890.13,VO_52d4ce7cf0a8252660f9,24.96370535
PE_4d8c0995181764fd2031,2023,ST,TKN,3.15,CO_2a3b858f52f7682689e5;CO_938243a1748decb6ce56;CO_c9f5614c4fb86da8a8ba;CO_cbaa265082e8b5348b13,20890.13,VO_52d4ce7cf0a8252660f9,0.0658039095
PE_4d8c0995181764fd2031,2023,ST,TP,1.28,CO_255ac64f2a9b37415786;CO_3849ba084da2faea8049;CO_80f8ded29fa2e922c77b;CO_d42ed19c0d9c80706b6b,20890.13,VO_52d4ce7cf0a8252660f9,0.026739366400000002
PE_4d8c0995181764fd2031,2023,ST,TSS,3078.333,CO_05c9a853f40ef6c95690;CO_14765103586ae8384b08;CO_6b5a7db61a851ac37e1d;CO_704a7cde59a6a4e06447,20890.13,VO_52d4ce7cf0a8252660f9,64.30677655329
PE_4db4a9a827839c04b347,2011,CT,TSS,1216.56,CO_7c78c0c863ecad2ad003,16597.23,VO_1fbdd04864da1dad1ed1,20.191526128799996
PE_4e38710c371eea0b3cdc,2023,MT,NO2,0,CO_71ef4600c68f2a8e9bcf;CO_a08926502ba797de36ec;CO_b47f1606518fa8276ca5;CO_de36e013f13d03404dd8,36706.6,VO_22e8ebdf06dc8c5483ba,0
PE_4e38710c371eea0b3cdc,2023,MT,NO3,9.365,CO_1b0da4a7db331fce8fdc;CO_2720d8d6d1f50aab7929;CO_408ae596784e336f141c;CO_f49fc8756a1cb124c44c,36706.6,VO_22e8ebdf06dc8c5483ba,0.343757309
PE_4e38710c371eea0b3cdc,2023,MT,OP,0.2415,CO_7a84ae249fa744b8c1ac;CO_af5422f824076084bed9;CO_edbad80a93adb5830afc;CO_f391e014b2ee3a429552,36706.6,VO_22e8ebdf06dc8c5483ba,0.008864643899999998
PE_4e38710c371eea0b3cdc,2023,MT,TDS,1215,CO_426cafad1c4f7f925004;CO_4e5d36c6eb45748da47d;CO_cfe4559df3950d6fbc7d;CO_e2c1a5cc10bd89430cc5,36706.6,VO_22e8ebdf06dc8c5483ba,44.598519
PE_4e38710c371eea0b3cdc,2023,MT,TKN,2.05,CO_2a31dee3cd372662b4b6;CO_41ef109e70a58a12aa88;CO_b480ebaca8524fee45f0;CO_c3aba2c5aaffce50be36,36706.6,VO_22e8ebdf06dc8c5483ba,0.07524852999999998
PE_4e38710c371eea0b3cdc,2023,MT,TP,1.1400000000000001,CO_01a0123885ebec5b37b5;CO_5c06e46c5e47cfacad16;CO_914c948388ae30bdb017;CO_c8c817e80216ce409c63,36706.6,VO_22e8ebdf06dc8c5483ba,0.041845524
PE_4e38710c371eea0b3cdc,2023,MT,TSS,3666.6665,CO_1c3104097dbf66e9fed9;CO_2efc2d1a57a9c808c611;CO_34a6c02d8e9dd2843331;CO_9e73e5c860fb60aaaa9c,36706.6,VO_22e8ebdf06dc8c5483ba,134.59086054889997
PE_4f066bb9d574c4350a5d,2011,ST,ICP,0.096,CO_bcac371b54f59945a14a,32982.49,VO_0bf766f2027e6e4a8926,0.0031663190399999997
PE_4f066bb9d574c4350a5d,2011,ST,NO3,7.523,CO_dec1ab2f6d6e994cfe71,32982.49,VO_0bf766f2027e6e4a8926,0.24812727226999998
PE_4f066bb9d574c4350a5d,2011,ST,OP,0.032,CO_4fc82b26aecb47d2868c,32982.49,VO_0bf766f2027e6e4a8926,0.00105543968
PE_4f066bb9d574c4350a5d,2011,ST,TN,3.907,CO_16740bf13991fe083fbe,32982.49,VO_0bf766f2027e6e4a8926,0.12886258842999998
PE_4f066bb9d574c4350a5d,2011,ST,TP,0.794,CO_b3282a2f2a28757b3a18,32982.49,VO_0bf766f2027e6e4a8926,0.02618809706
PE_4f066bb9d574c4350a5d,2011,ST,TSS,542.16,CO_152f676f50e99f5d8cd0,32982.49,VO_0bf766f2027e6e4a8926,17.881786778399995
PE_4f8bc0d68bb7e3bfe83d,2023,MT,NO2,0,CO_1a67e085c67b211d4d8b;CO_301790d31381dbc648a3;CO_6ae6efde2b863944726f;CO_a5793c19ca50ee11a832;CO_c9bc9f200c7382a0acec,49629.58,VO_f8f14d4f9994c8fee92d,0
PE_4f8bc0d68bb7e3bfe83d,2023,MT,NO3,8.82,CO_236e5fcfd21603c33b82;CO_2c52330077a08ea7f079;CO_2d517e68e168b2aa8b54;CO_9ff8476644903ba6cb3f;CO_a0b2ed936b32d3a8f37d,49629.58,VO_f8f14d4f9994c8fee92d,0.43773289560000006
PE_4f8bc0d68bb7e3bfe83d,2023,MT,OP,0.053,CO_1706be6c293444756e72;CO_35254aa9a21444e50349;CO_5b60f221d4a1852afd01;CO_92c5fd0421c1d619cbf1;CO_e4e54940842287595847,49629.58,VO_f8f14d4f9994c8fee92d,0.0026303677400000003
PE_4f8bc0d68bb7e3bfe83d,2023,MT,TDS,1240,CO_253591707ec41e877c7b;CO_70349624cfc5d190e909;CO_761893cc2e27bc7473dd;CO_a5a3f29c89f777f2eb2e;CO_cd810a4faa88ab18f462,49629.58,VO_f8f14d4f9994c8fee92d,61.5406792
PE_4f8bc0d68bb7e3bfe83d,2023,MT,TKN,7.5,CO_3df9083769048a26f9dc;CO_775988758f13f17d20e0;CO_7e9ce5ed46ef9348fd41;CO_b411746bdf09bde7f1fe;CO_c3b109c7b1e3166e6653,49629.58,VO_f8f14d4f9994c8fee92d,0.37222185
PE_4f8bc0d68bb7e3bfe83d,2023,MT,TP,0.612,CO_6a7a1382f96c6e92e5ae;CO_728edd27debc20469849;CO_8ffe8459134b46975acd;CO_934aa7be7deafc0053e9;CO_99cf15ac55d54e0c14d9,49629.58,VO_f8f14d4f9994c8fee92d,0.03037330296
PE_4f8bc0d68bb7e3bfe83d,2023,MT,TSS,370,CO_0b67506c5e6130a67fdd;CO_1c8dd579b002eb64d38b;CO_9e555605e3d23c80a8b6;CO_b50ecd4487a1d9ef8ca1,49629.58,VO_f8f14d4f9994c8fee92d,18.362944600000002
PE_52f7da8919f59d50dc88,2017,ST,NO3,9.3,CO_c223f7635964b0b61bbf,8099.9,VO_0f7c7f23fdc83109d5e1,0.07532907000000001
PE_52f7da8919f59d50dc88,2017,ST,OP,0,CO_04a8708c3a481ced1384,8099.9,VO_0f7c7f23fdc83109d5e1,0
PE_52f7da8919f59d50dc88,2017,ST,TKN,0,CO_360acfeb7e54baf53a9c,8099.9,VO_0f7c7f23fdc83109d5e1,0
PE_52f7da8919f59d50dc88,2017,ST,TP,0.12,CO_3e6ce2279a7dc8bb8983,8099.9,VO_0f7c7f23fdc83109d5e1,9.719879999999999e-4
PE_52f7da8919f59d50dc88,2017,ST,TSS,375,CO_66bcc9be3a5a1be4a7ff;CO_83d910f36d52e1d80303,8099.9,VO_0f7c7f23fdc83109d5e1,3.0374625
PE_5487a0b1ebe7c3efbd35,2017,ST,NO3,9.5,CO_36ac58bc96ad6e60c9b1;CO_cf51156a5dc051a50aed,32142.22,VO_003852d28f9cd8719d33,0.30535109000000005
PE_5487a0b1ebe7c3efbd35,2017,ST,OP,0,CO_3949ac1596ec77106a70;CO_f10d91a7596bf5a67735,32142.22,VO_003852d28f9cd8719d33,0
PE_5487a0b1ebe7c3efbd35,2017,ST,TKN,0.195,CO_1a07445d8dc4a4af0588;CO_a2c2bc574f1171703f07,32142.22,VO_003852d28f9cd8719d33,0.0062677329000000006
PE_5487a0b1ebe7c3efbd35,2017,ST,TP,0.22999999999999998,CO_38c02f46b57855590f8c;CO_95fc6cd8aeb992c4169c,32142.22,VO_003852d28f9cd8719d33,0.0073927106
PE_5487a0b1ebe7c3efbd35,2017,ST,TSS,925,CO_926cc8165d099f794fb1;CO_abe626ee86d32515c7b9,32142.22,VO_003852d28f9cd8719d33,29.7315535
PE_5597a8c8f24b03dca11d,2023,ST,NO2,0,CO_40fb2eddec2f3ffd73fd;CO_5308e552da93d6bb6666;CO_a104e09bdab2c5735dc3;CO_a903182ff46826b97f89,19623.56,VO_b084ba7822ef6768f1c2,0
PE_5597a8c8f24b03dca11d,2023,ST,NO3,7.48,CO_2e9352c704043c75fa1c;CO_96f1436d75ebeb9b66fb;CO_9934db2d907501987ad2;CO_b912b4176482e0c602e8,19623.56,VO_b084ba7822ef6768f1c2,0.1467842288
PE_5597a8c8f24b03dca11d,2023,ST,OP,0,CO_35a9e381b1a27567549b;CO_82607c98dec8f45ac84e;CO_87c7965a1cc6c11a653b;CO_fc091d39524c9d4b5b11,19623.56,VO_b084ba7822ef6768f1c2,0
PE_5597a8c8f24b03dca11d,2023,ST,TDS,1195,CO_41fbea0605709ba332fa;CO_886459294dd0a49485bb;CO_8fd9e92d212783be9efe;CO_965fb140d7e15df5f136,19623.56,VO_b084ba7822ef6768f1c2,23.450154200000004
PE_5597a8c8f24b03dca11d,2023,ST,TKN,0.26,CO_1fdc5156dff53e1ed8fe;CO_a21177bddb8e09742bb5;CO_a31497a11dc922de61ce;CO_aa35818bff67437abfd1,19623.56,VO_b084ba7822ef6768f1c2,0.0051021256
PE_5597a8c8f24b03dca11d,2023,ST,TP,0.261,CO_0e3c49c57d4ab2494d55;CO_7c72066c66a912cdecd0;CO_802e03bf48898b84a3c5;CO_e41d64db5703c6440b5c,19623.56,VO_b084ba7822ef6768f1c2,0.00512174916
PE_5597a8c8f24b03dca11d,2023,ST,TSS,240,CO_3233ea5c2c8d327f878f;CO_4de7422788bbf98c1d7a;CO_60eeb12bcfcc234cb89d;CO_65aaba9dab8fc5da730b,19623.56,VO_b084ba7822ef6768f1c2,4.709654400000001
PE_564b0704bcab3ff5535d,2021,MT,NO3,8.2,CO_253a70b3daf7185d5fc3;CO_a3b4b1d0d06dec981f85,5598.34,VO_2a340e267771bdf31b53,0.045906388
PE_564b0704bcab3ff5535d,2021,MT,OP,0.475,CO_064c3e311ef63912b0cc;CO_30eec89ddd9c342ef28a,5598.34,VO_2a340e267771bdf31b53,0.0026592115
PE_564b0704bcab3ff5535d,2021,MT,Se,0.00755,CO_ab2f9da4b47506c00070;CO_b694bf0bc08e97ddea2f,5598.34,VO_2a340e267771bdf31b53,4.2267467000000005e-5
PE_564b0704bcab3ff5535d,2021,MT,TKN,6.55,CO_b9b1195fd5b5620d9b67;CO_c2bebd7cefa368114299,5598.34,VO_2a340e267771bdf31b53,0.036669127
PE_564b0704bcab3ff5535d,2021,MT,TP,2.2,CO_3ef4ba73834a4409affd;CO_6d78b19a042a64f08cc4,5598.34,VO_2a340e267771bdf31b53,0.012316348000000001
PE_564b0704bcab3ff5535d,2021,MT,TSS,1370,CO_13075314e1a211e27b08;CO_1fec0ea0805c8222b544,5598.34,VO_2a340e267771bdf31b53,7.6697258
PE_56675aed5fac1616b941,2025,MT,NO2,0.7815000000000001,CO_28d0efc8e1848b4faf24;CO_8026c0fca20a68624bd6;CO_91e1d1d06c87c4603cc5;CO_cc3405bb7c70db758b09,55342.97,VO_0ebad50d8587d6939352;VO_39ce70e385de1d03ae45,0.043250531055000006
PE_56675aed5fac1616b941,2025,MT,NO3,0.164,CO_5447175c21a48400fb3b;CO_56a5ec9c037f29456ae0;CO_75d0436e9f4750802086;CO_7fed43c640957555ddac,55342.97,VO_0ebad50d8587d6939352;VO_39ce70e385de1d03ae45,0.00907624708
PE_56675aed5fac1616b941,2025,MT,OP,0,CO_2ec42bc1f3e672fc1cf7;CO_9553627933b214db6079;CO_df4865fca1f159162557;CO_ef32cc5c2b7c62093d3e,55342.97,VO_0ebad50d8587d6939352;VO_39ce70e385de1d03ae45,0
PE_56675aed5fac1616b941,2025,MT,TDS,692,CO_4ad946c592baada24b46;CO_a5a0ba51af5bb80d4275;CO_dbe1c25c8dd996957f6d;CO_e9767724c8454f3ccc1a,55342.97,VO_0ebad50d8587d6939352;VO_39ce70e385de1d03ae45,38.29733524
PE_56675aed5fac1616b941,2025,MT,TKN,0,CO_373ec112d46d6c97560c;CO_8eb23fb822ff0175c6ed;CO_9f91572d9d23f29b4dfd;CO_a306c73ff0f8e27bfdee,55342.97,VO_0ebad50d8587d6939352;VO_39ce70e385de1d03ae45,0
PE_56675aed5fac1616b941,2025,MT,TP,0.3435,CO_06ceef9715535b739e13;CO_43e8852bef636588d357;CO_70e8d52a9b4616e72811;CO_d8adfb796bd27cf4f968,55342.97,VO_0ebad50d8587d6939352;VO_39ce70e385de1d03ae45,0.019010310195
PE_56675aed5fac1616b941,2025,MT,TSS,130,CO_01d32aa501849c896edd;CO_b14efec7f9e602fcae89;CO_cebaf002d886615dcfba;CO_d4638f6b09d8518770ac,55342.97,VO_0ebad50d8587d6939352;VO_39ce70e385de1d03ae45,7.1945861
PE_57fde8e4f7b2aebd2fb0,2011,ST,ICP,0.153,CO_2730a07b090013287fb5,5733,VO_b814f4cd9109275aee41,8.77149e-4
PE_57fde8e4f7b2aebd2fb0,2011,ST,NO3,7.6,CO_881319805b315e205edf,5733,VO_b814f4cd9109275aee41,0.04357079999999999
PE_57fde8e4f7b2aebd2fb0,2011,ST,OP,0.118,CO_ef2d127de37b942baad0,5733,VO_b814f4cd9109275aee41,6.764939999999999e-4
PE_57fde8e4f7b2aebd2fb0,2011,ST,TN,10.713,CO_d7b6fab9aa91943de418,5733,VO_b814f4cd9109275aee41,0.061417628999999994
PE_57fde8e4f7b2aebd2fb0,2011,ST,TP,0.9,CO_10e35e8e93e91e58b54a,5733,VO_b814f4cd9109275aee41,0.0051597
PE_57fde8e4f7b2aebd2fb0,2011,ST,TSS,233.333,CO_93890c625ccd03ca9cc4,5733,VO_b814f4cd9109275aee41,1.3376980889999999
PE_583e08d54fe3d6ce6904,2012,MT,TSS,1098.54,CO_144e6edeaaa013a203b7,3839,VO_42efda270fb1c33cfe0b,4.21729506
PE_5a19bce816f839946c65,2023,CT,NO2,0,CO_10a3dca4112541f031be;CO_44313a51f457afd48ad5;CO_68a7ac41844525497a3a;CO_8ad38db8cfc0cf1f9d81;CO_cdbf199c59d871507fb6,19788.4,VO_d6a7e0141cbd0e6d6d7b,0
PE_5a19bce816f839946c65,2023,CT,NO3,8.53,CO_06ccf5621b093aad4b36;CO_1cc4c660d80f34528413;CO_2841dad7e57a80b5a9fd;CO_cc8583c9721b171d6eba;CO_fce1eda2d2a507fea1c0,19788.4,VO_d6a7e0141cbd0e6d6d7b,0.168795052
PE_5a19bce816f839946c65,2023,CT,OP,0.219,CO_9f006addc898a6458ff2;CO_d1c78c9aa5dcb0991f46;CO_dccb3c52e7c79f7033e1;CO_f0ccd8e78b618cb55731;CO_fce86e339dc3131c4892,19788.4,VO_d6a7e0141cbd0e6d6d7b,0.0043336596
PE_5a19bce816f839946c65,2023,CT,TDS,1180,CO_05a4f8b873a8e3cc65a5;CO_05f94241861aeada7425;CO_1a523a39469bba4367a7;CO_aafe2aa421466f279d95;CO_eaf21c479a1142c8ca34,19788.4,VO_d6a7e0141cbd0e6d6d7b,23.350312
PE_5a19bce816f839946c65,2023,CT,TKN,2.6,CO_1f61c05e5a94a1995a4d;CO_1f74494f923e9bf4bedc;CO_37a12a55b2d08d1247aa;CO_8d2efba45f136abdd6d9;CO_af58873a6f4884dad1c1,19788.4,VO_d6a7e0141cbd0e6d6d7b,0.051449840000000004
PE_5a19bce816f839946c65,2023,CT,TP,1.13,CO_464d14ace7f6789141d1;CO_54e87e2783378cd883fb;CO_811af1590c16fc90322a;CO_c30c6b3aa67e27e0fc80;CO_fb4a379d44cab4220bc5,19788.4,VO_d6a7e0141cbd0e6d6d7b,0.022360892
PE_5a19bce816f839946c65,2023,CT,TSS,885.8335,CO_0844f6bee4aedf86e894;CO_4582de9bb70e4db87b9c;CO_757b44d1080721482d5b;CO_fa3596fe9d84bc43c49d,19788.4,VO_d6a7e0141cbd0e6d6d7b,17.5292276314
PE_5a4fce34a0e108e52dfa,2023,MT,NO2,0,CO_23f88e415a25a39e0b22;CO_59c19c9775a66ea25186;CO_891034f11fbd8f2231c2;CO_8dca02f796296458dfe3;CO_b38f6df2203d7cdc6029,30921.63,VO_48c30b71044ca919bd47,0
PE_5a4fce34a0e108e52dfa,2023,MT,NO3,8.69,CO_953abe48dfdfa8e256ec;CO_9df6b0949dfe59845e16;CO_b11fca347f8eabb86285;CO_d717567680363ab0aed4;CO_f34eb9d345d7d40d2d2e,30921.63,VO_48c30b71044ca919bd47,0.2687089647
PE_5a4fce34a0e108e52dfa,2023,MT,OP,0.372,CO_4d5e5deb0353d3a6c0b5;CO_5283f1b4e66467616fec;CO_724213d95916de041564;CO_c032851ed192d8ac0a3a;CO_f7abf2a084c3668c7b90,30921.63,VO_48c30b71044ca919bd47,0.01150284636
PE_5a4fce34a0e108e52dfa,2023,MT,TDS,1180,CO_2ae7f5977ae429a1eb95;CO_563587ed3a634b49eeef;CO_83a1e3dad03ad9eb92e9;CO_f5141a111ca1d48a51df;CO_f6b425de5ed3574a95ec,30921.63,VO_48c30b71044ca919bd47,36.4875234
PE_5a4fce34a0e108e52dfa,2023,MT,TKN,3.3,CO_133806ca086fa756e78e;CO_3c365ff931ecb0e3c0f0;CO_8296f1f76b7d679cfb8d;CO_aafee1a675603cc425b2;CO_f0f92eb79cec3fad7e7a,30921.63,VO_48c30b71044ca919bd47,0.102041379
PE_5a4fce34a0e108e52dfa,2023,MT,TP,1.32,CO_00f6112fe58387958ef8;CO_4332cd76590d0efdbd8d;CO_56a3a46a3ba4fb713fd3;CO_8e614d39a1f1279958da;CO_a486e5558353d0a59055,30921.63,VO_48c30b71044ca919bd47,0.04081655160000001
PE_5a4fce34a0e108e52dfa,2023,MT,TSS,1670,CO_296035ee7b1f0fc62e91;CO_6251ae39f21cf2acfadf;CO_895185726a33b541a5b1;CO_8d698bdb73a170ebeec4;CO_9742e51b94d8fc3d6d33,30921.63,VO_48c30b71044ca919bd47,51.6391221
PE_5aa12b7a1de7b45caac1,2012,ST,ICP,0.363,CO_cc30b5886e1f478d3cc5,8569,VO_a8f5c3d3c7bfed4506ed,0.003110547
PE_5aa12b7a1de7b45caac1,2012,ST,NO3,15.233,CO_16a641c270b45a22f930,8569,VO_a8f5c3d3c7bfed4506ed,0.130531577
PE_5aa12b7a1de7b45caac1,2012,ST,OP,0.331,CO_3e1e967e9b793e908f8e,8569,VO_a8f5c3d3c7bfed4506ed,0.002836339
PE_5aa12b7a1de7b45caac1,2012,ST,TN,1.3,CO_1f9e36b852098690726a,8569,VO_a8f5c3d3c7bfed4506ed,0.0111397
PE_5aa12b7a1de7b45caac1,2012,ST,TP,1.67,CO_19d0b0d4077454bdec0d,8569,VO_a8f5c3d3c7bfed4506ed,0.01431023
PE_5aa12b7a1de7b45caac1,2012,ST,TSS,542.16,CO_f87a17d282abaf1cfe37,8569,VO_a8f5c3d3c7bfed4506ed,4.64576904
PE_5b270b9e30176b54bd7b,2015,CT,NH4,0,CO_44359e96d0690bf80893;CO_f5cfce137144b1443253,23364.81,VO_05a9b30e8682db67d559,0
PE_5b270b9e30176b54bd7b,2015,CT,NO3,7.936999999999999,CO_9f1d68d37ee450345443;CO_f1db6e1910603d9fe6a7,23364.81,VO_05a9b30e8682db67d559,0.18544649697
PE_5b270b9e30176b54bd7b,2015,CT,OP,0.086,CO_14063697603e22d600d3;CO_749fc650cacb0f065475,23364.81,VO_05a9b30e8682db67d559,0.00200937366
PE_5b270b9e30176b54bd7b,2015,CT,TKN,0.829,CO_cb0baf00b13be62eafaf,23364.81,VO_05a9b30e8682db67d559,0.01936942749
PE_5b270b9e30176b54bd7b,2015,CT,TN,8.6335,CO_3eebfbb8d746c2048dec;CO_62c1a1412c8251a532cf,23364.81,VO_05a9b30e8682db67d559,0.201720087135
PE_5b270b9e30176b54bd7b,2015,CT,TP,0.941,CO_04ad22d7630382dd5ece,23364.81,VO_05a9b30e8682db67d559,0.021986286209999997
PE_5b270b9e30176b54bd7b,2015,CT,TSS,1089.3335,CO_9ad103f7c2c6212476e7;CO_bd2c9d62ce3903b52e80,23364.81,VO_05a9b30e8682db67d559,25.452070254135002
PE_5b9f499a4eee64a9606a,2017,CT,NO3,9.8,CO_45797cfda8571046172c;CO_914302698973596f3cc6,13391.33,VO_6ae72d2b882f556c0065,0.131235034
PE_5b9f499a4eee64a9606a,2017,CT,OP,0,CO_2289b221b39605c3494e;CO_6aac0cf87a32e6315361,13391.33,VO_6ae72d2b882f556c0065,0
PE_5b9f499a4eee64a9606a,2017,CT,TKN,1.75,CO_261dc1c0fb9cb6c53150;CO_85206f3cbda6e943771f,13391.33,VO_6ae72d2b882f556c0065,0.023434827499999998
PE_5b9f499a4eee64a9606a,2017,CT,TP,0.22499999999999998,CO_63fd44eec460feb25809;CO_c4da2d0f7e453e96af0d,13391.33,VO_6ae72d2b882f556c0065,0.0030130492499999997
PE_5b9f499a4eee64a9606a,2017,CT,TSS,810,CO_55342f1a13b302abc505;CO_86c7c2b542904358041f;CO_8fe37e80692f22c6ffda,13391.33,VO_6ae72d2b882f556c0065,10.8469773
PE_5c583c3f4449a9ca8b12,2011,ST,TSS,380.333,CO_de8349b043ccff015a4f,26177.06,VO_acdf0693abcdc31b9cf2,9.955999760980001
PE_5c824ba706238796f548,2013,MT,ICP,0.132,CO_675fa5692e307231f466,22667,VO_d0236b09557471b1a037,0.002992044
PE_5c824ba706238796f548,2013,MT,NO3,9.238,CO_c2c49e738e037fa9559d,22667,VO_d0236b09557471b1a037,0.209397746
PE_5c824ba706238796f548,2013,MT,TKN,4.773,CO_a26dc55ddff93202c594,22667,VO_d0236b09557471b1a037,0.10818959099999999
PE_5c824ba706238796f548,2013,MT,TP,0.148,CO_585579aed1c5241bcec5,22667,VO_d0236b09557471b1a037,0.0033547159999999998
PE_5c824ba706238796f548,2013,MT,TSS,1108.875,CO_4cd5fb7dbd4a7754c3b1,22667,VO_d0236b09557471b1a037,25.134869625
PE_5d2618651b9d24d37f41,2012,ST,NO3,8.2,CO_be9deda60cc4b7cfdc2f,0,VO_0c6b537c64468d58968b,0
PE_60e621aab59de9c43cbb,2012,CT,NO3,8.35,CO_cb850da6bf12d5c41fb1,0,VO_db80ba9487724bc1dd2f,0
PE_61f88f331fb5732c3896,2015,CT,NH4,0.1215,CO_3be426e88ba62fb208a6;CO_56a70082d635bf30b084,6831.93,VO_9b12118f70246b141988,8.30079495e-4
PE_61f88f331fb5732c3896,2015,CT,NO3,8.4065,CO_3834287db1cc2b1064f2;CO_69aa50d0821a77410478,6831.93,VO_9b12118f70246b141988,0.057432619545
PE_61f88f331fb5732c3896,2015,CT,OP,0.0265,CO_5cf4e26bd3d87da5e03f;CO_f8809aff4d69bece79da,6831.93,VO_9b12118f70246b141988,1.81046145e-4
PE_61f88f331fb5732c3896,2015,CT,TKN,3.81,CO_e07aa27bdc1026c9e5b6,6831.93,VO_9b12118f70246b141988,0.0260296533
PE_61f88f331fb5732c3896,2015,CT,TN,10.2765,CO_3fe9924209dbf55407fb;CO_ae77e4efc3d1e69d6e14,6831.93,VO_9b12118f70246b141988,0.070208328645
PE_61f88f331fb5732c3896,2015,CT,TP,0.305,CO_845aab778f5f137db62e,6831.93,VO_9b12118f70246b141988,0.0020837386500000003
PE_61f88f331fb5732c3896,2015,CT,TSP,0.01,CO_9e6e0a0f2f12c9a57228,6831.93,VO_9b12118f70246b141988,6.83193e-5
PE_61f88f331fb5732c3896,2015,CT,TSS,35,CO_04244db201d1ce4493b5;CO_c6f7b1e570ce53163462,6831.93,VO_9b12118f70246b141988,0.23911755
PE_61fa0908770aa6396ea4,2013,CT,ICP,0.059,CO_ab7e67e9480cb9aecd20,8443,VO_f62d1747ef4b95a87190,4.98137e-4
PE_61fa0908770aa6396ea4,2013,CT,NO3,8.838,CO_315ef9b31f21c15d6dc3,8443,VO_f62d1747ef4b95a87190,0.07461923399999999
PE_61fa0908770aa6396ea4,2013,CT,TKN,8.493,CO_62f73707683b924b65bf,8443,VO_f62d1747ef4b95a87190,0.071706399
PE_61fa0908770aa6396ea4,2013,CT,TP,1.703,CO_6dfb97632210ac38a071,8443,VO_f62d1747ef4b95a87190,0.014378429
PE_61fa0908770aa6396ea4,2013,CT,TSS,4866.75,CO_9568c7995e76c5a8ddd2,8443,VO_f62d1747ef4b95a87190,41.08997025
PE_638695453e131f54e9d1,2015,MT,NH4,0.005,CO_6ec9e23e9fd14c243810;CO_daabc5d7dd36d9ee332a,3092.35,VO_e8fa6a6c1aaf6e00a917,1.546175e-5
PE_638695453e131f54e9d1,2015,MT,NO3,7.5225,CO_56f4652c9b6e2f8dfbea;CO_b3fa8714038b89430074,3092.35,VO_e8fa6a6c1aaf6e00a917,0.023262202875
PE_638695453e131f54e9d1,2015,MT,OP,0.059,CO_51e8ea280b44e16934d4;CO_9556b82499cc0aaf86ae,3092.35,VO_e8fa6a6c1aaf6e00a917,1.8244865e-4
PE_638695453e131f54e9d1,2015,MT,TKN,0.228,CO_eed67fb12c02e975f451,3092.35,VO_e8fa6a6c1aaf6e00a917,7.050558e-4
PE_638695453e131f54e9d1,2015,MT,TN,8.6665,CO_55dff9e8f4845a113168;CO_956b610def69ac2d1d4e,3092.35,VO_e8fa6a6c1aaf6e00a917,0.026799851274999998
PE_638695453e131f54e9d1,2015,MT,TP,0.205,CO_68d49968602df15aad40,3092.35,VO_e8fa6a6c1aaf6e00a917,6.339317499999999e-4
PE_638695453e131f54e9d1,2015,MT,TSP,0.008,CO_226674fce2b953bc1250,3092.35,VO_e8fa6a6c1aaf6e00a917,2.47388e-5
PE_638695453e131f54e9d1,2015,MT,TSS,267.917,CO_2565eaa6a3b10083b371;CO_84c434c5eec8049e47aa,3092.35,VO_e8fa6a6c1aaf6e00a917,0.8284931349499999
PE_63cef88e1825f6e45ab9,2014,MT,NO3,8.31,CO_c0d32e8f4dc232891550,6588.17,VO_d218a2da30debf54a655,0.05474769270000001
PE_63cef88e1825f6e45ab9,2014,MT,OP,0.62,CO_8cd2510271575d8430c0,6588.17,VO_d218a2da30debf54a655,0.0040846654
PE_63cef88e1825f6e45ab9,2014,MT,TKN,4.88,CO_cad6a6cdd207df506aab,6588.17,VO_d218a2da30debf54a655,0.032150269599999996
PE_63cef88e1825f6e45ab9,2014,MT,TN,4.99,CO_172a7c9e0e37e5ff6503,6588.17,VO_d218a2da30debf54a655,0.0328749683
PE_63cef88e1825f6e45ab9,2014,MT,TP,0.84,CO_c999d2c4092b50ce7f8b,6588.17,VO_d218a2da30debf54a655,0.0055340628
PE_63cef88e1825f6e45ab9,2014,MT,TSP,0.668,CO_4a45ca6f725387e76ef6,6588.17,VO_d218a2da30debf54a655,0.00440089756
PE_63cef88e1825f6e45ab9,2014,MT,TSS,260,CO_8988c7d95b0fb12182c6,6588.17,VO_d218a2da30debf54a655,1.7129242
PE_642812c324f18105c35b,2016,MT,NH4,0.1265,CO_5fa75ee2c5383fa601a4;CO_a58b724c8f5078b3ff31,2597.65,VO_4f3e49c5c781fa382cdc,3.28602725e-4
PE_642812c324f18105c35b,2016,MT,NO3,4.728999999999999,CO_919c68ff757c3fe51864;CO_ecf9f7d6812e6b6dbd2b,2597.65,VO_4f3e49c5c781fa382cdc,0.01228428685
PE_642812c324f18105c35b,2016,MT,NPOC,6.17625,CO_644fa664b5a5fe09a0dd;CO_ec7e719b88fbb34976d2,2597.65,VO_4f3e49c5c781fa382cdc,0.016043735812499998
PE_642812c324f18105c35b,2016,MT,OP,0.03,CO_00328ce57bbc14b33bd6;CO_a0d177b4967a6d99f4ff,2597.65,VO_4f3e49c5c781fa382cdc,7.79295e-5
PE_642812c324f18105c35b,2016,MT,TKN,0.0615,CO_9931f287c490c56245bb;CO_d6d6981499b6b17b625d,2597.65,VO_4f3e49c5c781fa382cdc,1.5975547499999998e-4
PE_642812c324f18105c35b,2016,MT,TN,4.5600000000000005,CO_115283a85299d32d9157;CO_ae08ef776d536d49e5fe,2597.65,VO_4f3e49c5c781fa382cdc,0.011845284000000001
PE_642812c324f18105c35b,2016,MT,TP,0.0085,CO_67b75961400e53222b01;CO_7b4f6f46093c9812bff7,2597.65,VO_4f3e49c5c781fa382cdc,2.2080025000000004e-5
PE_642812c324f18105c35b,2016,MT,TSP,0.006,CO_1ac9890a9d941983c35e;CO_83545a4189515cfe34f2,2597.65,VO_4f3e49c5c781fa382cdc,1.55859e-5
PE_642812c324f18105c35b,2016,MT,TSS,279.375,CO_39768fe41d5900b46d40;CO_e240d823b80dbc10f618,2597.65,VO_4f3e49c5c781fa382cdc,0.72571846875
PE_64b89aab4374a72095d8,2015,MT,NH4,0,CO_7a7e0649e980a4a58cf2;CO_924edbd033ab2769384d,10912.16,VO_ec8f92ca40864b0fde1e,0
PE_64b89aab4374a72095d8,2015,MT,NO3,8.107,CO_6900c3ccdcfc05cf0538;CO_745a5b3e30146e1cd264,10912.16,VO_ec8f92ca40864b0fde1e,0.08846488111999999
PE_64b89aab4374a72095d8,2015,MT,OP,0.052,CO_1e472b39b105d349bcd0;CO_9f484139a27415ae2e86,10912.16,VO_ec8f92ca40864b0fde1e,5.6743232e-4
PE_64b89aab4374a72095d8,2015,MT,TKN,0.33,CO_d4cd013f21bbf4b52c43,10912.16,VO_ec8f92ca40864b0fde1e,0.0036010128
PE_64b89aab4374a72095d8,2015,MT,TN,8.913499999999999,CO_2e6e055e719e728fa070;CO_d952a1d5d2a2b0c4cfbe,10912.16,VO_ec8f92ca40864b0fde1e,0.09726553815999998
PE_64b89aab4374a72095d8,2015,MT,TP,0.29,CO_2ee1a4c2b1f11f0ca375,10912.16,VO_ec8f92ca40864b0fde1e,0.0031645263999999997
PE_64b89aab4374a72095d8,2015,MT,TSS,99.333,CO_508f042e343f9a0bc171;CO_a2f27dee5856e6557ae4,10912.16,VO_ec8f92ca40864b0fde1e,1.08393758928
PE_67b65cc7136b7e76f90c,2012,CT,TSS,1992.12,CO_4ac2b92481a3f06f0881,5919,VO_fceccfc6e066b58401dd,11.791358279999999
PE_68382ce4f7da1d76bee4,2017,ST,NO3,9.4,CO_1a5b585a87b434cd9caa,23353.45,VO_2d608d3d0bcb9337fd23,0.21952243000000002
PE_68382ce4f7da1d76bee4,2017,ST,OP,0,CO_9cfd3c755be26b4e1645,23353.45,VO_2d608d3d0bcb9337fd23,0
PE_68382ce4f7da1d76bee4,2017,ST,TKN,1.9,CO_00b8f2fdf1fbd1d01c27;CO_050fac337331bbe89445,23353.45,VO_2d608d3d0bcb9337fd23,0.044371555
PE_68382ce4f7da1d76bee4,2017,ST,TP,0.185,CO_1326c6c44cc5e89cc510;CO_ae600959378c54c51d1b,23353.45,VO_2d608d3d0bcb9337fd23,0.00432038825
PE_68382ce4f7da1d76bee4,2017,ST,TSS,486.6665,CO_4b7f5b88161e7959dd32;CO_ad2cba0c116e88519fd7,23353.45,VO_2d608d3d0bcb9337fd23,11.365341774425
PE_68b3d2c837e12d792894,2023,CT,NO2,0,CO_759bbc81f28f218b0102;CO_b45febca2754cb4d6297;CO_df805239a17c4c49d085;CO_ead17e13e806bfef4486,30266.86,VO_e88496148db0160ccbbd,0
PE_68b3d2c837e12d792894,2023,CT,NO3,9.045,CO_125cc8fa41714df3ea03;CO_956a0bca24e544b6b42b;CO_a4758ce256b5521fe9d8;CO_b2b7178dc27bc4985c28,30266.86,VO_e88496148db0160ccbbd,0.2737637487
PE_68b3d2c837e12d792894,2023,CT,OP,0.3665,CO_2b4da94214015b4281ac;CO_7b2c21ead1522776414b;CO_96bb293aaa330ef307ee;CO_bc57590a33fe355e1743,30266.86,VO_e88496148db0160ccbbd,0.011092804190000001
PE_68b3d2c837e12d792894,2023,CT,TDS,1240,CO_77187aacc3b2cb32a8b3;CO_82d5585f6115061ddcdf;CO_a1a8103460e86870e211;CO_e380b8fdc008f28885ef,30266.86,VO_e88496148db0160ccbbd,37.5309064
PE_68b3d2c837e12d792894,2023,CT,TKN,1.3,CO_18cb37e2865113e63404;CO_84bdcd156603935b711c;CO_a4aab274a57a4958eb0c;CO_b3658670d2a52e2c9af9,30266.86,VO_e88496148db0160ccbbd,0.03934691800000001
PE_68b3d2c837e12d792894,2023,CT,TP,0.92,CO_3d5d2c29712a98874d81;CO_639c1115ab55d139a527;CO_70fa656aa0391eb9ef7b;CO_aef662afc24b5edde66a,30266.86,VO_e88496148db0160ccbbd,0.027845511200000003
PE_68b3d2c837e12d792894,2023,CT,TSS,618.333,CO_03d20de87804ff2e4649;CO_7cf6977351f5e913ea79;CO_b73a3d6f109428b33967;CO_f847d7687414edb817f1,30266.86,VO_e88496148db0160ccbbd,18.71499834438
PE_6972e46fbf8cbc525f44,2021,ST,NO3,8.4,CO_23850eb82a923c694afc;CO_d0f0593601de6483b185,23417.24,VO_58551af75504bd5fbe0e,0.19670481600000003
PE_6972e46fbf8cbc525f44,2021,ST,OP,0,CO_5844a72aee9269a68da2;CO_a42e815c58f3977fe531,23417.24,VO_58551af75504bd5fbe0e,0
PE_6972e46fbf8cbc525f44,2021,ST,Se,0.0069,CO_225fccbcb71c7abee40c;CO_38ff7f12b85d8339316a,23417.24,VO_58551af75504bd5fbe0e,1.61578956e-4
PE_6972e46fbf8cbc525f44,2021,ST,TKN,1.65,CO_879b3d231a662e8d1486;CO_f77030293f52196bb465,23417.24,VO_58551af75504bd5fbe0e,0.03863844600000001
PE_6972e46fbf8cbc525f44,2021,ST,TP,0.35,CO_a19fbf8bf0530ca46179;CO_c6bb15225eca43aca18f,23417.24,VO_58551af75504bd5fbe0e,0.008196034
PE_6972e46fbf8cbc525f44,2021,ST,TSS,508.33299999999997,CO_10dc03a53c9fbf15262f;CO_a2b0c6bab7f2fce6addf,23417.24,VO_58551af75504bd5fbe0e,11.90375586092
PE_6a9f02f25c1436fe2e74,2016,MT,NH4,0.1385,CO_5cf8851c40c563fb84e5;CO_d829f106d2f84dc172b7,2988.26,VO_18a5c0a799a0d6595efd,4.1387401000000007e-4
PE_6a9f02f25c1436fe2e74,2016,MT,NO3,4.733499999999999,CO_5837b4e1cfa199e65cf3;CO_5ec68887c118ee1b9f60,2988.26,VO_18a5c0a799a0d6595efd,0.014144928709999999
PE_6a9f02f25c1436fe2e74,2016,MT,NPOC,6.275,CO_bdd9d74e8696901b0250;CO_f9bd7f602b256f32f8f8,2988.26,VO_18a5c0a799a0d6595efd,0.018751331500000003
PE_6a9f02f25c1436fe2e74,2016,MT,OP,0.0385,CO_7f0a22117f8fe0172cf9;CO_efd96aedf377e20afd95,2988.26,VO_18a5c0a799a0d6595efd,1.1504801e-4
PE_6a9f02f25c1436fe2e74,2016,MT,TKN,0.1385,CO_40d2273d85cf40f02a8c;CO_704c308726bba7728adb,2988.26,VO_18a5c0a799a0d6595efd,4.1387401000000007e-4
PE_6a9f02f25c1436fe2e74,2016,MT,TN,4.5285,CO_453fc8e8ed928121e245;CO_9782db6027f5f3702570,2988.26,VO_18a5c0a799a0d6595efd,0.013532335410000002
PE_6a9f02f25c1436fe2e74,2016,MT,TP,0.008,CO_01d77b0b1bd2fecc8ddd;CO_bb4d3bd125603e48cf30,2988.26,VO_18a5c0a799a0d6595efd,2.3906080000000003e-5
PE_6a9f02f25c1436fe2e74,2016,MT,TSP,0.006,CO_724a1f1f0a47ae0da4d2;CO_c4e97dde2f7135678936,2988.26,VO_18a5c0a799a0d6595efd,1.7929560000000003e-5
PE_6a9f02f25c1436fe2e74,2016,MT,TSS,127.2215,CO_3254f2c0dfeb4146e520;CO_921ef2382c003f7e4909,2988.26,VO_18a5c0a799a0d6595efd,0.38017091959000004
PE_6d1b220243a4abae9395,2012,ST,TSS,879.36,CO_48862166e6b797758718,5051,VO_04ba8b2e432fc73821eb,4.44164736
PE_6d72b76a640bc60e5e7e,2015,MT,NH4,0.1375,CO_2ed6761ca5b3d2c25bcc;CO_fdbd3ed4c9a69d3b8886,8482.19,VO_6124881d7b9c66725cfb,0.0011663011250000002
PE_6d72b76a640bc60e5e7e,2015,MT,NO3,8.3565,CO_731c883e561fe35d7c33;CO_e94e063888d213e0839a,8482.19,VO_6124881d7b9c66725cfb,0.070881420735
PE_6d72b76a640bc60e5e7e,2015,MT,OP,0.01,CO_314f04b30f62e0056bd0;CO_36790ecd55c2030dc553,8482.19,VO_6124881d7b9c66725cfb,8.482190000000002e-5
PE_6d72b76a640bc60e5e7e,2015,MT,TKN,1.37,CO_4d2b4fd054827a511593,8482.19,VO_6124881d7b9c66725cfb,0.011620600300000002
PE_6d72b76a640bc60e5e7e,2015,MT,TN,9.584,CO_4e504ed0311b8b6e5e65;CO_5636ef9395357e03b336,8482.19,VO_6124881d7b9c66725cfb,0.08129330895999999
PE_6d72b76a640bc60e5e7e,2015,MT,TP,0.536,CO_7ba7d31bfa1ed86327ec,8482.19,VO_6124881d7b9c66725cfb,0.00454645384
PE_6d72b76a640bc60e5e7e,2015,MT,TSP,0.314,CO_2a5923f37dd9202f3bc0,8482.19,VO_6124881d7b9c66725cfb,0.0026634076600000004
PE_6d72b76a640bc60e5e7e,2015,MT,TSS,303.33349999999996,CO_d7a76620d417ee36d5dd;CO_ec9b81b63b3931715ec6,8482.19,VO_6124881d7b9c66725cfb,2.5729323803649997
PE_6e4c577d5f6542c800fb,2015,ST,NH4,0,CO_96a99d3ea1dfaf32f7eb;CO_ba3be1d6cdc455d085fa,14916.69,VO_e2e02a542757c3d703ca,0
PE_6e4c577d5f6542c800fb,2015,ST,NO3,7.981,CO_20fa0bcc74ce3b215492;CO_7a09da8ecc46c03ea93c,14916.69,VO_e2e02a542757c3d703ca,0.11905010289000001
PE_6e4c577d5f6542c800fb,2015,ST,OP,0.063,CO_011af72a910ac4acf367;CO_37c20f19f3272b5ccc3a,14916.69,VO_e2e02a542757c3d703ca,9.3975147e-4
PE_6e4c577d5f6542c800fb,2015,ST,TKN,0.192,CO_cc49091e6a3fa59a5d4f,14916.69,VO_e2e02a542757c3d703ca,0.00286400448
PE_6e4c577d5f6542c800fb,2015,ST,TN,8.6735,CO_06b9fe7fa1464b84453b;CO_64aead39fc11dc9e3973,14916.69,VO_e2e02a542757c3d703ca,0.12937991071500002
PE_6e4c577d5f6542c800fb,2015,ST,TP,0.231,CO_f3e055913a0b1eb0f073,14916.69,VO_e2e02a542757c3d703ca,0.00344575539
PE_6e4c577d5f6542c800fb,2015,ST,TSS,60.3335,CO_360680bcf03cc3e40a64;CO_bfe109c35b6043417423,14916.69,VO_e2e02a542757c3d703ca,0.8999761161150001
PE_6e69486935006176abd1,2024,ST,NO2,0,CO_4f90f57995205e8e464d;CO_6c9a1c7d0e4c36d3c126;CO_80409fb2145a39539cf9;CO_e2e22643adae16a2c1c3,65927.41,VO_5b18395d104754f218a0,0
PE_6e69486935006176abd1,2024,ST,NO3,8.885,CO_312999abd157c643a722;CO_955dfe160f51eb7292d0;CO_d9a108ca35d89044826a;CO_f6e2d4fb073bdf38cd18,65927.41,VO_5b18395d104754f218a0,0.58576503785
PE_6e69486935006176abd1,2024,ST,OP,0.163,CO_1bde41ce9b4fccbf7dde;CO_91d95f436356bc3df44d;CO_bdc5d8a48c23897906b0;CO_c62510afc57db491f9f9,65927.41,VO_5b18395d104754f218a0,0.01074616783
PE_6e69486935006176abd1,2024,ST,TDS,1280,CO_4f4b0cd0428505a9cb4b;CO_5e0febc30e65d5a922b2;CO_8dc8620282e2adc94e96;CO_f65b1acda16a78d51b2e,65927.41,VO_5b18395d104754f218a0,84.38708480000001
PE_6e69486935006176abd1,2024,ST,TKN,2.6,CO_1593a32a7527834ce61f;CO_7f424708103a507cc1b0;CO_bba155c5f227c6e52a8b;CO_ea4284b8fb98fd27ea50,65927.41,VO_5b18395d104754f218a0,0.171411266
PE_6e69486935006176abd1,2024,ST,TP,0.474,CO_72d1b5da6eeaf1789df8;CO_7d12ba56e9f8b3dc64f7;CO_e5e53c784d5d49de1cab;CO_f37f3f2b0dc57a86dee4,65927.41,VO_5b18395d104754f218a0,0.03124959234
PE_6e69486935006176abd1,2024,ST,TSS,546.667,CO_876ae30b6b93039e5a5a;CO_8f156dbf9ec213ab94c7;CO_a6e287797574af5b0fe4;CO_d12ab7524a39979fd925,65927.41,VO_5b18395d104754f218a0,36.04033944247001
PE_6eb961fcae665ddd3178,2023,ST,NO2,0,CO_762d531ad8492be9be95;CO_78ee4a5c1f85357a5199;CO_939b7d9d39d8977b171c;CO_cbd542e4e06441152147,37322.24,VO_922191db86b9664d7749,0
PE_6eb961fcae665ddd3178,2023,ST,NO3,7.41,CO_083f509d5f1c7e8f9576;CO_622373b3957bb84f01ef;CO_a3de3fd43a0ae76e184e;CO_e8b4beb51662ad8742e4,37322.24,VO_922191db86b9664d7749,0.27655779839999994
PE_6eb961fcae665ddd3178,2023,ST,OP,0,CO_089ee14b926fabea6dd9;CO_3daebbc6dfd81355f1cc;CO_54006483f014c53f76d8;CO_d15e7843961ed4bfa3e0,37322.24,VO_922191db86b9664d7749,0
PE_6eb961fcae665ddd3178,2023,ST,TDS,1215,CO_29c26ce713383be69ae9;CO_395a4df4d8b51be87515;CO_df16685d2ef7c33b7553;CO_ea55a36da3758e60e3ac,37322.24,VO_922191db86b9664d7749,45.346521599999996
PE_6eb961fcae665ddd3178,2023,ST,TKN,0,CO_50202bdf2944d9bb8c63;CO_808b0748b38c67a2d886;CO_a80fa91d5d26d02cf702;CO_fbdf4ba3e18f62312eae,37322.24,VO_922191db86b9664d7749,0
PE_6eb961fcae665ddd3178,2023,ST,TP,0.1315,CO_0359bdb72fa3b3ee4adf;CO_13b4088f2f9a285e2212;CO_8e93e440f571a4dac326;CO_e38ab7d3075c2759fc07,37322.24,VO_922191db86b9664d7749,0.00490787456
PE_6eb961fcae665ddd3178,2023,ST,TSS,125,CO_168f75eb063df56addcc;CO_2c2b084e950f82e91f21;CO_950a4b835663a3360042;CO_aca028e11511397be968,37322.24,VO_922191db86b9664d7749,4.66528
PE_708424d1bb603945d55d,2013,ST,ICP,0.138,CO_827b209fa167fa5c0302,9920,VO_9393f0410bf4d867a5b5,0.00136896
PE_708424d1bb603945d55d,2013,ST,NO3,9.693,CO_fe86430130c978b28368,9920,VO_9393f0410bf4d867a5b5,0.09615456
PE_708424d1bb603945d55d,2013,ST,TKN,5.003,CO_5b36c44d19053f9d8816,9920,VO_9393f0410bf4d867a5b5,0.04962976
PE_708424d1bb603945d55d,2013,ST,TP,0.151,CO_e7faa8b075ab5b412691,9920,VO_9393f0410bf4d867a5b5,0.0014979199999999998
PE_708424d1bb603945d55d,2013,ST,TSS,930.85,CO_28e30757e0288c036bad,9920,VO_9393f0410bf4d867a5b5,9.234032
PE_7351d10f00b3c96a7d83,2012,ST,TSS,677.04,CO_cf37929bb8c28abadd0d,6600,VO_117e27c0e7b95156626d,4.468464
PE_738eae63b2cd0fdb735d,2014,ST,NO3,7.999,CO_0b9d9315522cf43c3b95;CO_48bf30cf24d55c5d8008;CO_d1ff46f6ba3122341f57;CO_e86004be0251b15114a8,34697.1,VO_12e66b8532e9363fa393,0.2775421029
PE_738eae63b2cd0fdb735d,2014,ST,OP,0.11549999999999999,CO_284de502c9847342318c;CO_68519a9eca55c68c7265;CO_734d0759cdb4e0d0a35e;CO_f57e5cb1f4532c008183,34697.1,VO_12e66b8532e9363fa393,0.0040075150499999995
PE_738eae63b2cd0fdb735d,2014,ST,TKN,6.7,CO_4b70c9928c3588cbd5f0,34697.1,VO_12e66b8532e9363fa393,0.23247057000000002
PE_738eae63b2cd0fdb735d,2014,ST,TN,6.823499999999999,CO_0d779776b8c1561eaf01;CO_36ad951cbf273885c0b2;CO_7b3b4e5fed79d4b93089;CO_a69b8b1151fdda8ada08,34697.1,VO_12e66b8532e9363fa393,0.23675566184999997
PE_738eae63b2cd0fdb735d,2014,ST,TP,1.7200000000000002,CO_3ac84a052226066874f3;CO_6f13d39f5c4665967f7d;CO_c2a824544a0afd72c9bf;CO_c47affb712a521d4fdd0,34697.1,VO_12e66b8532e9363fa393,0.059679012000000004
PE_738eae63b2cd0fdb735d,2014,ST,TSP,0.105,CO_321ef7e85c8c12e11212,34697.1,VO_12e66b8532e9363fa393,0.0036431955
PE_738eae63b2cd0fdb735d,2014,ST,TSS,1254.405,CO_6a498b46c59af251c4db;CO_9050333cd3322fd4a154;CO_a0b0dfd70dbab8f34ab8,34697.1,VO_12e66b8532e9363fa393,43.52421572549999
PE_75bd6a5e4549ca26c0cc,2020,ST,NO3,7.9,CO_371e6e08c996fca6c5a8;CO_7b3087f7c84638235f3f,19448.92,VO_57e8fd4826128c0da240,0.15364646799999998
PE_75bd6a5e4549ca26c0cc,2020,ST,OP,0,CO_0e12831a7047f759733b;CO_75c3e223190bf1a1fa2a,19448.92,VO_57e8fd4826128c0da240,0
PE_75bd6a5e4549ca26c0cc,2020,ST,Se,0.0053,CO_0d999a1f69950a0e1c70;CO_c14379df233ffbc038c7,19448.92,VO_57e8fd4826128c0da240,1.0307927599999999e-4
PE_75bd6a5e4549ca26c0cc,2020,ST,TKN,0,CO_5450f0a658b52a4b3ecc;CO_5b382a8191264f074a52,19448.92,VO_57e8fd4826128c0da240,0
PE_75bd6a5e4549ca26c0cc,2020,ST,TP,0.0255,CO_46b724b2f85d4f7bd485;CO_9e2d999a438d4dc3a1cc,19448.92,VO_57e8fd4826128c0da240,4.9594746e-4
PE_75bd6a5e4549ca26c0cc,2020,ST,TSS,38.3335,CO_6179be2bae37f63dd39c;CO_a06b96c5eefd8f70fa9e,19448.92,VO_57e8fd4826128c0da240,0.7455451748199999
PE_76fe027c77537baf728d,2017,CT,NO3,8.4,CO_66dfd8bb9bcf776b908c;CO_822a8e0aad6a68a99ee9;CO_e1972d242ea4f7307af9,53141.4,VO_4430ac62e8fec35ead90,0.44638776
PE_76fe027c77537baf728d,2017,CT,OP,0.054,CO_090d3859ff6840b2280f;CO_8bd9c0d453533757387e;CO_d874e4e4a5df21173b0f,53141.4,VO_4430ac62e8fec35ead90,0.0028696356
PE_76fe027c77537baf728d,2017,CT,TKN,4.2,CO_026916bfa9ab8dbe602a;CO_3cb25825a619415e255a;CO_831e6bd92db10f33cc72,53141.4,VO_4430ac62e8fec35ead90,0.22319388
PE_76fe027c77537baf728d,2017,CT,TP,0.21,CO_0c86f2dfd04b5d52de85;CO_afbfb89027a4dae87c60;CO_c775788b4db45b59989d,53141.4,VO_4430ac62e8fec35ead90,0.011159694
PE_76fe027c77537baf728d,2017,CT,TSS,2538.333,CO_732394c9545439bf5afb;CO_85bda77b04a66855e5db;CO_dfa4444f899dc58aa19c,53141.4,VO_4430ac62e8fec35ead90,134.89056928620002
PE_774a4cc0a525c082de18,2013,ST,ICP,0.025,CO_f59f52637e1f7462419d,21046,VO_c3812275c0ad42d4308e,5.2615e-4
PE_774a4cc0a525c082de18,2013,ST,NO3,8.31,CO_43bcfd67415041651733,21046,VO_c3812275c0ad42d4308e,0.17489226000000002
PE_774a4cc0a525c082de18,2013,ST,TKN,4.058,CO_599fa5a8dc521d3f491c,21046,VO_c3812275c0ad42d4308e,0.08540466799999999
PE_774a4cc0a525c082de18,2013,ST,TP,0.055,CO_eeafcf2e9d8037ab51da,21046,VO_c3812275c0ad42d4308e,0.00115753
PE_774a4cc0a525c082de18,2013,ST,TSS,82.25,CO_4e5a30dc243226ad6430,21046,VO_c3812275c0ad42d4308e,1.7310335
PE_77651154b5a482ef53ac,2025,MT,NO2,0.7244999999999999,CO_20073d61961071df365b;CO_6724425c499eb95364a9;CO_e55da9707bf55146e88c;CO_fdab00ab9bee9faee45b,35433.005000000005,VO_1d373b47bae1dc0228f9;VO_688c36b34e0f09892cf9,0.025671212122500002
PE_77651154b5a482ef53ac,2025,MT,NO3,0.1445,CO_065aab207e6fe875caf9;CO_5fe46e04994d11413f7a;CO_a33b9df1b504c55afca1;CO_f04ac0af071c3907111e,35433.005000000005,VO_1d373b47bae1dc0228f9;VO_688c36b34e0f09892cf9,0.0051200692225
PE_77651154b5a482ef53ac,2025,MT,OP,0.0755,CO_0087cf99a4636ebd9a0f;CO_0fe39b99b379952df916;CO_5d9e09b09389f1e4c826;CO_ae4def1ecaae8be24edf,35433.005000000005,VO_1d373b47bae1dc0228f9;VO_688c36b34e0f09892cf9,0.0026751918775000006
PE_77651154b5a482ef53ac,2025,MT,TDS,665,CO_308ce7cb84e84a060dbf;CO_4d443a1eb821fdda0a90;CO_6411f9d43f949f56d467;CO_e5eda1e69f2c2db72498,35433.005000000005,VO_1d373b47bae1dc0228f9;VO_688c36b34e0f09892cf9,23.562948325000004
PE_77651154b5a482ef53ac,2025,MT,TKN,0,CO_65ec2f55d5fa812316b4;CO_6f3934eede1d319a813b;CO_7dfbf4d22aca3e4a1479;CO_dfcd920fee64610e9727,35433.005000000005,VO_1d373b47bae1dc0228f9;VO_688c36b34e0f09892cf9,0
PE_77651154b5a482ef53ac,2025,MT,TP,0.181,CO_77334823791bea53e508;CO_81ea96707fb064365350;CO_983589f68a61012b2fda;CO_a41b6fde8b2182b733b4,35433.005000000005,VO_1d373b47bae1dc0228f9;VO_688c36b34e0f09892cf9,0.006413373905
PE_77651154b5a482ef53ac,2025,MT,TSS,90,CO_0a5cd82be8dcaea8aa98;CO_1c17b607d29c175d32f2;CO_3294804b14023a4be0fb;CO_e89061537db2e03ab36a,35433.005000000005,VO_1d373b47bae1dc0228f9;VO_688c36b34e0f09892cf9,3.1889704500000002
PE_795d6eb7872134d0ac80,2017,MT,NO3,7.8,CO_ec447ac59d239b8c2a01,4307.33,VO_f59738c24efacc8e167d,0.033597174
PE_795d6eb7872134d0ac80,2017,MT,OP,0.08,CO_3963317a2b410e5357f4,4307.33,VO_f59738c24efacc8e167d,3.4458640000000005e-4
PE_795d6eb7872134d0ac80,2017,MT,TKN,1.4,CO_6c31b2667fffcb270c77,4307.33,VO_f59738c24efacc8e167d,0.006030262
PE_795d6eb7872134d0ac80,2017,MT,TP,0.25,CO_33bf4329c846019957cd,4307.33,VO_f59738c24efacc8e167d,0.0010768325
PE_795d6eb7872134d0ac80,2017,MT,TSS,418.33299999999997,CO_666fbca96b33ea8c8df7;CO_f79b1c8b527f4debdb05,4307.33,VO_f59738c24efacc8e167d,1.80189828089
PE_799d2a28007a9327113e,2025,ST,NO2,0.8574999999999999,CO_64a73955962817350244;CO_7f629c62b406f68b204b;CO_8daea85f35a1de82b18e;CO_adaec15ef2e59c8ee294,72913.065,VO_613193e18b23bcee9573;VO_c321f548c1ad49171855,0.0625229532375
PE_799d2a28007a9327113e,2025,ST,NO3,0.1405,CO_1e391c412e2ba945c127;CO_8f496feec94eb1cee03d;CO_a96956b07821015f1718;CO_ef3eaba74dcc1c3e6536,72913.065,VO_613193e18b23bcee9573;VO_c321f548c1ad49171855,0.0102442856325
PE_799d2a28007a9327113e,2025,ST,OP,0.253,CO_02abf8fa7d9c4db035df;CO_285b71922aaa01d87048;CO_7d7179c146d0d6af4ebd;CO_e8c5e943ad4fd9d115c2,72913.065,VO_613193e18b23bcee9573;VO_c321f548c1ad49171855,0.018447005445
PE_799d2a28007a9327113e,2025,ST,TDS,741,CO_088b57037c4840b25f50;CO_16f38c9409d1652e79f9;CO_22ac6b28d2266deb5a45;CO_a75713aa4527d3f76d9b,72913.065,VO_613193e18b23bcee9573;VO_c321f548c1ad49171855,54.028581165
PE_799d2a28007a9327113e,2025,ST,TKN,0,CO_3b4f36d0ce9a1278e121;CO_93617fe8e8b35100a931;CO_9430301e269274156e72;CO_e753559bf52404ed6877,72913.065,VO_613193e18b23bcee9573;VO_c321f548c1ad49171855,0
PE_799d2a28007a9327113e,2025,ST,TP,2.16,CO_34df2d15ee3362965475;CO_7bccba2d3a3f262c4996;CO_9f7d97be4c6d7f202c65;CO_ace0a2197f2949398bf3,72913.065,VO_613193e18b23bcee9573;VO_c321f548c1ad49171855,0.15749222040000002
PE_799d2a28007a9327113e,2025,ST,TSS,1636.6665,CO_0b7b472bfcb3dd30dc36;CO_398f884775d40f722bd3;CO_827cbae38add7e00c29c;CO_9008046591fc3c454f5a,72913.065,VO_613193e18b23bcee9573;VO_c321f548c1ad49171855,119.33437089782251
PE_7aaeeba2f63dd29a1124,2012,MT,TSS,693.9,CO_130aa3eb5c6687cbef02,19485,VO_95f1aeb55cf6c6e73d61,13.5206415
PE_7adeb58ef3bfbf7a85f9,2012,CT,ICP,0.42,CO_131127203c89e8219dbd,13880,VO_ce75086bb4804d489c56,0.0058296
PE_7adeb58ef3bfbf7a85f9,2012,CT,NO3,9.547,CO_4c97149849c06376a309,13880,VO_ce75086bb4804d489c56,0.13251236000000002
PE_7adeb58ef3bfbf7a85f9,2012,CT,OP,0.37,CO_2fca346db656187102ce,13880,VO_ce75086bb4804d489c56,0.005135600000000001
PE_7adeb58ef3bfbf7a85f9,2012,CT,TN,1.51,CO_2ac5b691fa275be817b9,13880,VO_ce75086bb4804d489c56,0.0209588
PE_7adeb58ef3bfbf7a85f9,2012,CT,TP,2.297,CO_28dbec0e0501d3cc5641,13880,VO_ce75086bb4804d489c56,0.03188236
PE_7adeb58ef3bfbf7a85f9,2012,CT,TSS,1132.26,CO_53c3a18a85c9eaef7f75,13880,VO_ce75086bb4804d489c56,15.715768800000001
PE_7bdf91659bc8dae67268,2014,CT,NO3,9.7025,CO_5edd6b7ba99be850ab24;CO_8c285e204e44251d9ed4;CO_d96e16834162dac297ce;CO_ec98fb8da41fa834a16c,67070.2,VO_392a795f2cf736d21fa4,0.6507486155
PE_7bdf91659bc8dae67268,2014,CT,OP,0.147,CO_05ada863a4cf9660fd8c;CO_8e612bd1f5d132a33957;CO_9ae2bdd7beedc2e766c6;CO_ec2e990b934dde55cb87,67070.2,VO_392a795f2cf736d21fa4,0.009859319399999998
PE_7bdf91659bc8dae67268,2014,CT,TKN,4.8,CO_77c929f89b86b56345c2,67070.2,VO_392a795f2cf736d21fa4,0.32193695999999994
PE_7bdf91659bc8dae67268,2014,CT,TN,10.685,CO_706ebbff90f10f501798;CO_8e950708da835865f177;CO_9e3185c100914a2846bb;CO_a3741d12adac17716b60,67070.2,VO_392a795f2cf736d21fa4,0.7166450870000001
PE_7bdf91659bc8dae67268,2014,CT,TP,1.685,CO_16e18ac98844452e0eba;CO_9c19f29d0e6fefa21eec;CO_b32523d903bfe2355dca;CO_b81d00e65f747a4161b5,67070.2,VO_392a795f2cf736d21fa4,0.11301328699999999
PE_7bdf91659bc8dae67268,2014,CT,TSP,0.173,CO_c91f2aacaef9527a8ac0,67070.2,VO_392a795f2cf736d21fa4,0.011603144599999999
PE_7bdf91659bc8dae67268,2014,CT,TSS,2530,CO_1cc20d3f2c46bc270855;CO_9482869c9d6bd5870229;CO_ba81b79f5640e1833df8;CO_ccf5182d7b4471592dee,67070.2,VO_392a795f2cf736d21fa4,169.687606
PE_7c1d9d3221984aa15866,2012,ST,TSS,677.04,CO_61795ffc0fd067b32bbb,25931,VO_e099fbcde71840bb4f6d,17.55632424
PE_7c42b855d80a50c9cdb0,2025,ST,NO2,0.814,CO_1d0a226e065e44ce6e24;CO_1d89cd7e54411b393912;CO_823fb2499b4e37d99acb;CO_fed1a952001c5c6f4a47,46784.41499999999,VO_bb6e2057aff603bc3ed3;VO_c1c33149e8c055cf386e,0.03808251380999999
PE_7c42b855d80a50c9cdb0,2025,ST,NO3,0.1545,CO_43a70ba6b21894cd2416;CO_c54bea44135df61e37bd;CO_d540bb71097dd07c7d1d;CO_e9c15acddd2bbb3144f2,46784.41499999999,VO_bb6e2057aff603bc3ed3;VO_c1c33149e8c055cf386e,0.007228192117499999
PE_7c42b855d80a50c9cdb0,2025,ST,OP,0.258,CO_2c8b871e52d4e5f5db5f;CO_478c4ffb1cbcea37956a;CO_7f861bcee185de001377;CO_9aaf689fbcdfe9f64a07,46784.41499999999,VO_bb6e2057aff603bc3ed3;VO_c1c33149e8c055cf386e,0.01207037907
PE_7c42b855d80a50c9cdb0,2025,ST,TDS,713,CO_61f35d18e91a0c779f50;CO_aa32b6174b01f046c54c;CO_d253801686c2de85402c;CO_e228f34698803f56994d,46784.41499999999,VO_bb6e2057aff603bc3ed3;VO_c1c33149e8c055cf386e,33.357287895
PE_7c42b855d80a50c9cdb0,2025,ST,TKN,1.5,CO_3320051c00a951987b23;CO_711b63d5516e336e0379;CO_afc29d7e2a516e2f2de1;CO_f2522439c875130836e1,46784.41499999999,VO_bb6e2057aff603bc3ed3;VO_c1c33149e8c055cf386e,0.0701766225
PE_7c42b855d80a50c9cdb0,2025,ST,TP,4.055,CO_1788c74b1c9262866c20;CO_20756d2b18a439fe021e;CO_23147de9997391842c4c;CO_ef13ebc3a57a1b51c17b,46784.41499999999,VO_bb6e2057aff603bc3ed3;VO_c1c33149e8c055cf386e,0.18971080282499997
PE_7c42b855d80a50c9cdb0,2025,ST,TSS,2980,CO_5f41df1a223ccd950795;CO_a590c9fa5dd7b9cc589d;CO_d4d0c956edc1843f0d4d;CO_fdd9f143c54b9de840e9,46784.41499999999,VO_bb6e2057aff603bc3ed3;VO_c1c33149e8c055cf386e,139.41755669999998
PE_7dca417bbe6dbe5dc2dd,2014,CT,NO3,8.64,CO_6656cb1339533eeca998,70208.72,VO_e8d54f6c2d7d3a621420,0.6066033408
PE_7dca417bbe6dbe5dc2dd,2014,CT,OP,0.147,CO_7045d16ae7f043ec2577,70208.72,VO_e8d54f6c2d7d3a621420,0.01032068184
PE_7dca417bbe6dbe5dc2dd,2014,CT,TKN,4.34,CO_3b37ef6a1be31e06efd2,70208.72,VO_e8d54f6c2d7d3a621420,0.3047058448
PE_7dca417bbe6dbe5dc2dd,2014,CT,TN,4.45,CO_73690a453acbf75e442f,70208.72,VO_e8d54f6c2d7d3a621420,0.312428804
PE_7dca417bbe6dbe5dc2dd,2014,CT,TP,1.23,CO_a037a7dfaf26abe1265b,70208.72,VO_e8d54f6c2d7d3a621420,0.0863567256
PE_7dca417bbe6dbe5dc2dd,2014,CT,TSP,0.803,CO_67808345c03f01f0c2dc,70208.72,VO_e8d54f6c2d7d3a621420,0.056377602160000005
PE_7dca417bbe6dbe5dc2dd,2014,CT,TSS,768.72,CO_88f585ff7cfcbb8ea4dc;CO_ba533966ff149ff7629f,70208.72,VO_e8d54f6c2d7d3a621420,53.970847238400005
PE_7f2152ce6807c9259c90,2017,MT,NO3,9.9,CO_4db66d3d418cb69dfeee,1604.84,VO_0eba94ddf00ff9acc79b,0.015887916
PE_7f2152ce6807c9259c90,2017,MT,OP,0,CO_72ba187b05e705de2dce,1604.84,VO_0eba94ddf00ff9acc79b,0
PE_7f2152ce6807c9259c90,2017,MT,TKN,0,CO_8c4071232533475e3d9e,1604.84,VO_0eba94ddf00ff9acc79b,0
PE_7f2152ce6807c9259c90,2017,MT,TP,0.13,CO_63d942da157a1ee4e0cf,1604.84,VO_0eba94ddf00ff9acc79b,2.0862919999999998e-4
PE_7f2152ce6807c9259c90,2017,MT,TSS,185,CO_806b245a1e9489d05fca;CO_a36cbc72a44c7aee3362,1604.84,VO_0eba94ddf00ff9acc79b,0.2968954
PE_811c07f400f93b952493,2012,MT,TSS,963.66,CO_7b3504cdeb3b911cbde4,0,VO_1a0cbbd90baab0213ec1,0
PE_82e7d49e1994b46e0b79,2025,CT,NO2,0.7275,CO_3901949960a83f3132e2;CO_4401dfbd4b7faaf470f9;CO_dc7beace3fc12150af61;CO_eeab23fccdc4f5006277,42043.44,VO_244d542a4ac0cbbb89fe;VO_33497475958ce1cc9693,0.030586602600000002
PE_82e7d49e1994b46e0b79,2025,CT,NO3,0.135,CO_346d9762550ed756bb47;CO_3565801e1ec386733ce2;CO_536b9ac36d9adc0b472f;CO_80ccd59a719f27671566,42043.44,VO_244d542a4ac0cbbb89fe;VO_33497475958ce1cc9693,0.0056758644
PE_82e7d49e1994b46e0b79,2025,CT,OP,0.1785,CO_12051e9967d26fabc3b3;CO_8dfd13f4376053626e97;CO_b910260d6ccd1fedb991;CO_fb5316204aa75301303e,42043.44,VO_244d542a4ac0cbbb89fe;VO_33497475958ce1cc9693,0.00750475404
PE_82e7d49e1994b46e0b79,2025,CT,TDS,601,CO_82d5a2a5add9cc511072;CO_ba2c2468be7915d9f355;CO_d7b242422be5e62a8d67;CO_f333689aaf4012ba4978,42043.44,VO_244d542a4ac0cbbb89fe;VO_33497475958ce1cc9693,25.26810744
PE_82e7d49e1994b46e0b79,2025,CT,TKN,0,CO_0f43d4158f76017edd9d;CO_5c3dafc293f759c56c3c;CO_c3c41d75036608201d44;CO_d83e303f681b94d24fdb,42043.44,VO_244d542a4ac0cbbb89fe;VO_33497475958ce1cc9693,0
PE_82e7d49e1994b46e0b79,2025,CT,TP,0.402,CO_59933d776452c8a5a00d;CO_9a1b6288c1d0bb977087;CO_c324b7cb65686a3faf89;CO_e2135c76ca7863e51154,42043.44,VO_244d542a4ac0cbbb89fe;VO_33497475958ce1cc9693,0.016901462880000002
PE_82e7d49e1994b46e0b79,2025,CT,TSS,333.33349999999996,CO_17eb4aa69de4a0aeae29;CO_5226202f05b577b3ef48;CO_6181578e353e0c308aaf;CO_a62873f149eaf7aba1ca,42043.44,VO_244d542a4ac0cbbb89fe;VO_33497475958ce1cc9693,14.01448700724
PE_83876ed08c30098802ee,2021,MT,NO3,8,CO_4dfc32fc79b06f35f05d,12528.72,VO_914952e8b4b37ab7d24a,0.10022976
PE_83876ed08c30098802ee,2021,MT,OP,0.59,CO_e73cb135243c08ab2c2a,12528.72,VO_914952e8b4b37ab7d24a,0.0073919447999999995
PE_83876ed08c30098802ee,2021,MT,Se,0.0089,CO_353e35a0ea960d461aa4,12528.72,VO_914952e8b4b37ab7d24a,1.11505608e-4
PE_83876ed08c30098802ee,2021,MT,TKN,5.8,CO_6f9a9c5aa19fd6b8df70,12528.72,VO_914952e8b4b37ab7d24a,0.072666576
PE_83876ed08c30098802ee,2021,MT,TP,2.7,CO_0252fa3e9d9c8c2c1cbd,12528.72,VO_914952e8b4b37ab7d24a,0.033827544
PE_83876ed08c30098802ee,2021,MT,TSS,1910,CO_9af343f04d967eaa13ab,12528.72,VO_914952e8b4b37ab7d24a,23.9298552
PE_83914ef2f9bb7c9708f6,2025,CT,NO2,0.715,CO_420cb7cc928da8d5ddbd;CO_7e8e682553c7dc554241;CO_e09178c40736ccaa5b41;CO_e4a1f54d2d2430e6efdf,38270.715,VO_c560cc1113afa47a7b40;VO_f7a4f567d129b388ba4a,0.027363561225
PE_83914ef2f9bb7c9708f6,2025,CT,NO3,0.1205,CO_714802f31c8f1c00d941;CO_7bbecb0907b148d0a9c2;CO_9b8bc70a7157cb4ae871;CO_eacc30a21d89f3881731,38270.715,VO_c560cc1113afa47a7b40;VO_f7a4f567d129b388ba4a,0.0046116211575
PE_83914ef2f9bb7c9708f6,2025,CT,OP,0.1525,CO_2ff2a721fab172f1ab7e;CO_34be1021b378c5701b4d;CO_d0f451801443fa1478e1;CO_f8b2f96ed09b16bfd24f,38270.715,VO_c560cc1113afa47a7b40;VO_f7a4f567d129b388ba4a,0.005836284037499999
PE_83914ef2f9bb7c9708f6,2025,CT,TDS,649,CO_01b26d46724677e1aec4;CO_1190191b857e9a1436e1;CO_5cdfc1666dd928187b58;CO_679eae51449ffd6af50d,38270.715,VO_c560cc1113afa47a7b40;VO_f7a4f567d129b388ba4a,24.837694034999995
PE_83914ef2f9bb7c9708f6,2025,CT,TKN,0,CO_26d1c63c2861b182cf59;CO_3b96c7da8a601e353da6;CO_4c7f587018203c5f3461;CO_64405ee1d117aafaa886,38270.715,VO_c560cc1113afa47a7b40;VO_f7a4f567d129b388ba4a,0
PE_83914ef2f9bb7c9708f6,2025,CT,TP,0.895,CO_25dbd7ca6d959934a35b;CO_93989d0f14e7ec638a3c;CO_bc83cbb2d6dcba934dee;CO_c060be6d9bf1df2389eb,38270.715,VO_c560cc1113afa47a7b40;VO_f7a4f567d129b388ba4a,0.034252289925
PE_83914ef2f9bb7c9708f6,2025,CT,TSS,951.6669999999999,CO_1b59d9183edabff2993f;CO_3350f5517c1779f956e6;CO_46754534f799b3c89f63;CO_99e095af6b6c330d4d89,38270.715,VO_c560cc1113afa47a7b40;VO_f7a4f567d129b388ba4a,36.420976531905
PE_848f0a38d48982fb4b38,2016,CT,NH4,0.161,CO_798a28345310cb879a0f;CO_aa610b2170eaa292bd4b,31999.53,VO_7974a70204b3eb0c79bc,0.00515192433
PE_848f0a38d48982fb4b38,2016,CT,NO3,4.7575,CO_c51f4d33c1386a4db832;CO_e807be55a1a69fc2e397,31999.53,VO_7974a70204b3eb0c79bc,0.152237763975
PE_848f0a38d48982fb4b38,2016,CT,NPOC,4.5322499999999994,CO_860a9ca6db8d521acba4;CO_ccb047e1ff9b7292f5ba,31999.53,VO_7974a70204b3eb0c79bc,0.1450298698425
PE_848f0a38d48982fb4b38,2016,CT,OP,0.061,CO_27d719c754aacd492a6d;CO_ee62de25ccc2b55d3a04,31999.53,VO_7974a70204b3eb0c79bc,0.0019519713299999998
PE_848f0a38d48982fb4b38,2016,CT,TKN,0.0645,CO_73e91e1664210c0b5471;CO_ac74ca8a7cddeb3c89b2,31999.53,VO_7974a70204b3eb0c79bc,0.002063969685
PE_848f0a38d48982fb4b38,2016,CT,TN,4.3895,CO_75c655fd643514fe8792;CO_8b8d92de46420ba1f262,31999.53,VO_7974a70204b3eb0c79bc,0.140461936935
PE_848f0a38d48982fb4b38,2016,CT,TP,0.018000000000000002,CO_e401f2bd399f3456e534;CO_e40a3fa00fd2788c09be,31999.53,VO_7974a70204b3eb0c79bc,5.759915400000001e-4
PE_848f0a38d48982fb4b38,2016,CT,TSP,0.01465,CO_061a25061943014b7b69;CO_d6dd88c390d2c1f1049f,31999.53,VO_7974a70204b3eb0c79bc,4.687931145e-4
PE_848f0a38d48982fb4b38,2016,CT,TSS,837.0450000000001,CO_3900c6051ca1c2bf7ded;CO_c0d8f17a08e0de5c83fa,31999.53,VO_7974a70204b3eb0c79bc,26.78504658885
PE_849adf0445dc35c652d8,2015,ST,NH4,0.15000000000000002,CO_5f1fe1c69d9c54b92f3f;CO_77e359e4b1cb258f9f9d,15480.65,VO_1049c39c4cc6f1006b62,0.0023220975
PE_849adf0445dc35c652d8,2015,ST,NO3,8.235,CO_010b9063e59e7cf38e42;CO_997719bc7307a990de50,15480.65,VO_1049c39c4cc6f1006b62,0.12748315275
PE_849adf0445dc35c652d8,2015,ST,OP,0.07,CO_9d693eeee1d1899cbc50;CO_dfe62e836a0a6f263342,15480.65,VO_1049c39c4cc6f1006b62,0.0010836455
PE_849adf0445dc35c652d8,2015,ST,TKN,0.316,CO_da853efbaaddae47e5be,15480.65,VO_1049c39c4cc6f1006b62,0.0048918854000000005
PE_849adf0445dc35c652d8,2015,ST,TN,8.594999999999999,CO_71d49d02f2d6a072d491;CO_d677f029a39e342592a5,15480.65,VO_1049c39c4cc6f1006b62,0.13305618675
PE_849adf0445dc35c652d8,2015,ST,TP,0.226,CO_462b01670e50875a9df9,15480.65,VO_1049c39c4cc6f1006b62,0.0034986269
PE_849adf0445dc35c652d8,2015,ST,TSP,0.006,CO_4a36d56718a671f8c87f,15480.65,VO_1049c39c4cc6f1006b62,9.28839e-5
PE_849adf0445dc35c652d8,2015,ST,TSS,185,CO_7b092350b8f197543504;CO_8689350c79e46e42543a,15480.65,VO_1049c39c4cc6f1006b62,2.86392025
PE_85b00c084eec1a8bfe9b,2015,CT,TKN,0.858,CO_ad361d0f210a313d7e19,43459.37,VO_e8c2fbed4138e632f7af,0.03728813946
PE_85b00c084eec1a8bfe9b,2015,CT,TP,1.336,CO_5631e5efadc1db19f6b2,43459.37,VO_e8c2fbed4138e632f7af,0.058061718320000004
PE_85b00c084eec1a8bfe9b,2015,CT,TSS,1570,CO_bcec7283c966fbf6c0a1,43459.37,VO_e8c2fbed4138e632f7af,68.23121090000001
PE_85b82d911b19837912fd,2012,MT,TSS,272.4,CO_19fabbd786c6576012be,0,VO_2c1681352cce70a38003,0
PE_867a7786f541ecc68e45,2015,MT,NH4,0.14200000000000002,CO_6dadffb2c7385d7b07ce;CO_74ac6b844cae1e21a379,9893.99,VO_422f648a30720c6f93a6,0.00140494658
PE_867a7786f541ecc68e45,2015,MT,NO3,8.327,CO_209b2564567502735c4c;CO_9f2b69296b69933a12d3,9893.99,VO_422f648a30720c6f93a6,0.08238725473
PE_867a7786f541ecc68e45,2015,MT,OP,0.01,CO_802b906a18591ead8a6d;CO_d48ff4b2f68a10fd7c86,9893.99,VO_422f648a30720c6f93a6,9.893989999999999e-5
PE_867a7786f541ecc68e45,2015,MT,TKN,0.88,CO_2a6a41cdfcbe78c1f94c,9893.99,VO_422f648a30720c6f93a6,0.0087067112
PE_867a7786f541ecc68e45,2015,MT,TN,9.762,CO_bfe7c8113aed2f6ff718;CO_c2f593c98b648395cc08,9893.99,VO_422f648a30720c6f93a6,0.09658513038000001
PE_867a7786f541ecc68e45,2015,MT,TP,0.705,CO_59c4d02848bada0d9850,9893.99,VO_422f648a30720c6f93a6,0.006975262949999999
PE_867a7786f541ecc68e45,2015,MT,TSP,0.426,CO_cc3b02a1d33c8770569c,9893.99,VO_422f648a30720c6f93a6,0.004214839739999999
PE_867a7786f541ecc68e45,2015,MT,TSS,378.33349999999996,CO_7d8dce2c226912be329c;CO_93b959a4a44ea9dd9035,9893.99,VO_422f648a30720c6f93a6,3.7432278656649993
PE_86afab250347afb52534,2012,CT,TSS,643.32,CO_9815a184d41945cc9e4b,26764,VO_6ee2f81dd9c6334fbe25,17.21781648
PE_86ff7c1c8c06bcc05001,2017,MT,NO3,9.75,CO_a360748ed90aa02c3f79;CO_bca06ec2f99bc26e3bc0,34386.73,VO_f8986e98cc914232ca80,0.33527061750000003
PE_86ff7c1c8c06bcc05001,2017,MT,OP,0.0365,CO_38b83caefa1ef26940f1;CO_6d976934be74941fba57,34386.73,VO_f8986e98cc914232ca80,0.001255115645
PE_86ff7c1c8c06bcc05001,2017,MT,TKN,3.1500000000000004,CO_44a91994cce74ed24439;CO_81aacf180df34c201f6a,34386.73,VO_f8986e98cc914232ca80,0.10831819950000002
PE_86ff7c1c8c06bcc05001,2017,MT,TP,0.21000000000000002,CO_0f47caa1afdc7b7c8f1b;CO_2e2f4263cfaaee7aaa1d,34386.73,VO_f8986e98cc914232ca80,0.007221213300000001
PE_86ff7c1c8c06bcc05001,2017,MT,TSS,1119.1665,CO_2a385ec6542332dd1c10;CO_5c9b908ea39134201654,34386.73,VO_f8986e98cc914232ca80,38.48447626054501
PE_87d731294ceccf0fdb50,2017,MT,NO3,9.45,CO_04db176799f4676f347e;CO_3be13cd9cb0cb67e3117,26706.96,VO_1fb547125145f8ac8872,0.252380772
PE_87d731294ceccf0fdb50,2017,MT,OP,0,CO_88820462180e5c893eff;CO_8d23cf6c86e834a7aa6e,26706.96,VO_1fb547125145f8ac8872,0
PE_87d731294ceccf0fdb50,2017,MT,TKN,0.165,CO_bda2e18e9c4f23dfbcba;CO_f77a10661490143caf84,26706.96,VO_1fb547125145f8ac8872,0.0044066484
PE_87d731294ceccf0fdb50,2017,MT,TP,0.45,CO_1c053d3970411ca6bf88;CO_ffab53082b58bed639d2,26706.96,VO_1fb547125145f8ac8872,0.012018131999999999
PE_87d731294ceccf0fdb50,2017,MT,TSS,350,CO_e2fa281fb59fae141752;CO_e52f853e09d96c8ec383,26706.96,VO_1fb547125145f8ac8872,9.347436
PE_88341d48794d45f2f7ea,2014,ST,NO3,8.7,CO_567c38161a125f1d0497;CO_886b73d4b098e551f1db;CO_a2242bed4e70f78d8a55;CO_eabee6aaeeceb344e06c,31695.59,VO_1a96ff4848b478d645a1,0.275751633
PE_88341d48794d45f2f7ea,2014,ST,OP,0.0925,CO_0a5b046d07f6f971b777;CO_1d28c120568c10e19b9d;CO_5ec1a0c99d428601ce42;CO_be47addbcb8f60566a3d,31695.59,VO_1a96ff4848b478d645a1,0.002931842075
PE_88341d48794d45f2f7ea,2014,ST,TKN,2.28,CO_ce16559af2caf7bb54be,31695.59,VO_1a96ff4848b478d645a1,0.07226594519999999
PE_88341d48794d45f2f7ea,2014,ST,TN,2.435,CO_2d6ee4442604779303ee;CO_490c19f4dfce16f41a6f;CO_c851c78a559973476842;CO_d66b138c54ab92e2b9c2,31695.59,VO_1a96ff4848b478d645a1,0.07717876165
PE_88341d48794d45f2f7ea,2014,ST,TP,0.89,CO_3f9eb849d10083d521ab;CO_92abb80a9a9b828aeeef;CO_d8ed8ca27d83a63df698;CO_e7d5f7be5195d60646a4,31695.59,VO_1a96ff4848b478d645a1,0.0282090751
PE_88341d48794d45f2f7ea,2014,ST,TSP,0.098,CO_258c2d6e1ca3f773b165,31695.59,VO_1a96ff4848b478d645a1,0.00310616782
PE_88341d48794d45f2f7ea,2014,ST,TSS,640,CO_34687244ea3d9b9561c6;CO_804310e173a8d819d9db;CO_9470307c220df157686d,31695.59,VO_1a96ff4848b478d645a1,20.2851776
PE_889c3098894fb7f72dc8,2025,CT,NO2,0.8,CO_414de552cad783d4f1d7;CO_7c92e86bf407091f6b8d;CO_8603752eb7032210cdc9;CO_9d798c6de0d54a6ac763,50070.25,VO_b15c96e4dd0a5bb349e0;VO_ecc9098c8ab503ccdb6a,0.04005620000000001
PE_889c3098894fb7f72dc8,2025,CT,NO3,0.1105,CO_739b312ae914cfc44ab8;CO_808a3872edc78095160b;CO_82a6dd5bf8dfb66a8a8a;CO_b4dea4ca32aa84b8d96b,50070.25,VO_b15c96e4dd0a5bb349e0;VO_ecc9098c8ab503ccdb6a,0.005532762625000001
PE_889c3098894fb7f72dc8,2025,CT,OP,0.364,CO_40510175845988f13f61;CO_462c39f8e9bbf4613691;CO_83cf8b609de60036a827;CO_864995ea35b82212a9a2,50070.25,VO_b15c96e4dd0a5bb349e0;VO_ecc9098c8ab503ccdb6a,0.018225571
PE_889c3098894fb7f72dc8,2025,CT,TDS,680,CO_41cf5599ce76795dac3c;CO_6ff1082f01b2ffb7a627;CO_a911b94c45c75c9742f9;CO_e29518af92ac22d833c9,50070.25,VO_b15c96e4dd0a5bb349e0;VO_ecc9098c8ab503ccdb6a,34.04777
PE_889c3098894fb7f72dc8,2025,CT,TKN,1.65,CO_2b013929a3a48aae82e8;CO_2d71287dce714724e0a5;CO_51295f0b77487b52d549;CO_68bf6c87ebcd6379d3d1,50070.25,VO_b15c96e4dd0a5bb349e0;VO_ecc9098c8ab503ccdb6a,0.08261591249999999
PE_889c3098894fb7f72dc8,2025,CT,TP,1.925,CO_0f70422e0f7cb2e5887b;CO_17dc3303cd10e0824497;CO_62fb418140a7ee4153da;CO_f5095cd644fbe157a3eb,50070.25,VO_b15c96e4dd0a5bb349e0;VO_ecc9098c8ab503ccdb6a,0.09638523125
PE_889c3098894fb7f72dc8,2025,CT,TSS,1375,CO_5cd39777f10446165943;CO_973cf5b9ab5ec19d3825;CO_c8f27edb2058dcee8b68;CO_fc9bef954b14709a0264,50070.25,VO_b15c96e4dd0a5bb349e0;VO_ecc9098c8ab503ccdb6a,68.84659375
PE_8a8b99d20a2a0c0dc662,2012,ST,ICP,0.387,CO_9106f1ec4a2142f02273,9754,VO_e98d94f8141875f06f3a,0.003774798
PE_8a8b99d20a2a0c0dc662,2012,ST,NO3,12.993,CO_c746ee2edf45fa00fca8,9754,VO_e98d94f8141875f06f3a,0.12673372200000002
PE_8a8b99d20a2a0c0dc662,2012,ST,OP,0.413,CO_7688b6ef52555962d008,9754,VO_e98d94f8141875f06f3a,0.0040284019999999995
PE_8a8b99d20a2a0c0dc662,2012,ST,TN,1.003,CO_6da2374e596f5911352b,9754,VO_e98d94f8141875f06f3a,0.009783262
PE_8a8b99d20a2a0c0dc662,2012,ST,TP,2.3,CO_972fb81a3b9e6076bb06,9754,VO_e98d94f8141875f06f3a,0.022434199999999998
PE_8a8b99d20a2a0c0dc662,2012,ST,TSS,693.9,CO_8ca8b188568d5d438d08,9754,VO_e98d94f8141875f06f3a,6.7683006
PE_8af16790d69e5720beb4,2012,MT,ICP,0.119,CO_1f3b8e69941641383b83,18448,VO_8842484f904ae8818320,0.002195312
PE_8af16790d69e5720beb4,2012,MT,NO3,7.557,CO_149546d70fd6eeb05a5c,18448,VO_8842484f904ae8818320,0.139411536
PE_8af16790d69e5720beb4,2012,MT,OP,0.083,CO_0e17daca5f3e175f448b,18448,VO_8842484f904ae8818320,0.0015311839999999999
PE_8af16790d69e5720beb4,2012,MT,TN,2.323,CO_a59be0418c6dc2a4b58e,18448,VO_8842484f904ae8818320,0.042854704
PE_8af16790d69e5720beb4,2012,MT,TP,1.747,CO_77523aa0395b6ee08998,18448,VO_8842484f904ae8818320,0.032228656
PE_8b9473a681d7906c1880,2025,MT,NO2,0.9365,CO_3eb19a2c641a87726fef;CO_41d6ee66737219abd20c;CO_b978553db8fafbe29ce9;CO_f406f0abab9477c96662,58942.28,VO_2e64330831ea3c56e32d,0.055199445220000004
PE_8b9473a681d7906c1880,2025,MT,NO3,0.432,CO_514c9ae59f601e841cb9;CO_525cfd02ce6f836ca4b1;CO_5b7fb45e8435b428510a;CO_def76dbc0fbda59d0f25,58942.28,VO_2e64330831ea3c56e32d,0.02546306496
PE_8b9473a681d7906c1880,2025,MT,OP,0.605,CO_4652614c4d8778e57a97;CO_6953c2a883537cc80135;CO_b471aeea26820f379ea5;CO_fbb2a73b0bacf3953186,58942.28,VO_2e64330831ea3c56e32d,0.035660079399999996
PE_8b9473a681d7906c1880,2025,MT,TDS,590,CO_36596d03cefef923a43c;CO_38f47e05c354c18a2b0d;CO_6f49b07c950c34134dc5;CO_7f085999695637d81fe1,58942.28,VO_2e64330831ea3c56e32d,34.7759452
PE_8b9473a681d7906c1880,2025,MT,TKN,1.3,CO_907cfead4ffffecf1356;CO_9622b0acb1ca5edc0387;CO_bcb2c2ec064c43eec72c;CO_ee7f28fec27a3a909598,58942.28,VO_2e64330831ea3c56e32d,0.076624964
PE_8b9473a681d7906c1880,2025,MT,TP,9.084999999999999,CO_374224fbb80782ef115a;CO_6b32c01a019bd349ff3c;CO_899fe985e893b124dff8;CO_a0119e19d7f710c15872,58942.28,VO_2e64330831ea3c56e32d,0.5354906138
PE_8b9473a681d7906c1880,2025,MT,TSS,6068.3330000000005,CO_016f6a283da4a0d09e61;CO_1b2267297dc6d4f905b8;CO_bef43eed024c7845c7c5;CO_f8f7829ee6f860c7dd0e,58942.28,VO_2e64330831ea3c56e32d,357.68138281924
PE_8be0ccb81496f8ff17e9,2012,CT,ICP,0.126,CO_f2545297c4617f372b50,7951,VO_6b403a4f37c4a8fa40ba,0.001001826
PE_8be0ccb81496f8ff17e9,2012,CT,NO3,8.083,CO_9b3ab6b1b5c1d23f9ca2,7951,VO_6b403a4f37c4a8fa40ba,0.064267933
PE_8be0ccb81496f8ff17e9,2012,CT,OP,0.027,CO_811786ad1ae74adfdd20,7951,VO_6b403a4f37c4a8fa40ba,2.14677e-4
PE_8be0ccb81496f8ff17e9,2012,CT,TN,4.027,CO_7e90e20654b552776027,7951,VO_6b403a4f37c4a8fa40ba,0.032018677
PE_8be0ccb81496f8ff17e9,2012,CT,TP,3.87,CO_3aa82834b765ea042146,7951,VO_6b403a4f37c4a8fa40ba,0.030770370000000002
PE_8bea0725fba879dbbdde,2025,CT,NO2,0.854,CO_1ff474b06c92dfea39c7;CO_42ce7d82d38d27c53721;CO_6b7439e60b94dd174ab9;CO_7c1aade3c99cc6a8eff0,64681.884999999995,VO_431be0ed7324529d69f3;VO_433b80286e90be105e15,0.05523832979
PE_8bea0725fba879dbbdde,2025,CT,NO3,0.115,CO_430f0e467f3a408f997f;CO_7cabc7e02461a788af6c;CO_ac4584b90286aec1085d;CO_c363831cbfee684fa8a7,64681.884999999995,VO_431be0ed7324529d69f3;VO_433b80286e90be105e15,0.007438416775
PE_8bea0725fba879dbbdde,2025,CT,OP,0.33199999999999996,CO_025ca19d7b07d7f554fd;CO_40794500a2845c943a0f;CO_6d6ae523edc27b235030;CO_6db44caad5c968a5ec33,64681.884999999995,VO_431be0ed7324529d69f3;VO_433b80286e90be105e15,0.021474385819999997
PE_8bea0725fba879dbbdde,2025,CT,TDS,686.5,CO_2861296e27cd1d4161e6;CO_58f93316e30540b3bf84;CO_9e2455074186eca37b4c;CO_e7f505979712e8a9b8f2,64681.884999999995,VO_431be0ed7324529d69f3;VO_433b80286e90be105e15,44.40411405249999
PE_8bea0725fba879dbbdde,2025,CT,TKN,1.2000000000000002,CO_48e019050cd54d275eb1;CO_89e9e4fb88afcb66fdba;CO_a6ba1d32e2731f8c9a6a;CO_e6785e32be8b07b04790,64681.884999999995,VO_431be0ed7324529d69f3;VO_433b80286e90be105e15,0.07761826200000001
PE_8bea0725fba879dbbdde,2025,CT,TP,1.46,CO_188db7f5c98d585b6b31;CO_3a6e2b22591ed55131de;CO_86748254b6bfcc91d1a9;CO_f06ca10f4977ea7a4857,64681.884999999995,VO_431be0ed7324529d69f3;VO_433b80286e90be105e15,0.09443555209999999
PE_8bea0725fba879dbbdde,2025,CT,TSS,1193.333,CO_1e7742a209181ad05f32;CO_210f086a2a67ec356379;CO_6da0039598038673212a;CO_7c776311e59e77044d7e,64681.884999999995,VO_431be0ed7324529d69f3;VO_433b80286e90be105e15,77.187027872705
PE_8bf050aabcb2cd5a5e87,2023,ST,NO2,0,CO_58bf62e65034219acf59;CO_cd6fdaf3540316d36f25;CO_cff421ba8e355eaaec41;CO_d48601bf045a298f58b8,35209.39,VO_6ab6bd0b45c50b5b57c3,0
PE_8bf050aabcb2cd5a5e87,2023,ST,NO3,8.780000000000001,CO_5a8571752ba7e7a2c0d8;CO_74fda8dfc96f191ae419;CO_b0cc7072ef8aa1665efa;CO_d937ffa207c3d50aeaeb,35209.39,VO_6ab6bd0b45c50b5b57c3,0.30913844420000003
PE_8bf050aabcb2cd5a5e87,2023,ST,OP,0,CO_2499d690642faa4da2a6;CO_40f8d6d22b99ea338853;CO_4ec24a2d7f1dfae1f988;CO_9b09d7f65345fc85aaa8,35209.39,VO_6ab6bd0b45c50b5b57c3,0
PE_8bf050aabcb2cd5a5e87,2023,ST,TDS,1220,CO_632063c346da3670d936;CO_9dec82f91abcae071b6e;CO_a6505910bdeed1cc87cf;CO_fe17a5ed07fa8230190f,35209.39,VO_6ab6bd0b45c50b5b57c3,42.955455799999996
PE_8bf050aabcb2cd5a5e87,2023,ST,TKN,5.449999999999999,CO_672947e34836142f3baf;CO_826aaa9db20b9fae1e6f;CO_b35b03ac338d2ad7aefa;CO_f14e5d1984c9b8d75fa5,35209.39,VO_6ab6bd0b45c50b5b57c3,0.19189117549999998
PE_8bf050aabcb2cd5a5e87,2023,ST,TP,0.532,CO_2ced184d847746598759;CO_2e1943902be93c87e9d3;CO_3c98b2624d1e35016ae3;CO_4aa7c75f447a322ef688,35209.39,VO_6ab6bd0b45c50b5b57c3,0.01873139548
PE_8bf050aabcb2cd5a5e87,2023,ST,TSS,528.3335,CO_6ab39ef5a6f5519712ad;CO_7394c93a0c9ddde9660d;CO_98dc495c4e2b6076b12d;CO_ce8836366317fe72b373,35209.39,VO_6ab6bd0b45c50b5b57c3,18.602300251564998
PE_8c0d7751c58738329a33,2012,MT,ICP,1.297,CO_27bb55ca7d1e8404f09f,10852,VO_b60a4e82cb9f7957658d,0.014075044
PE_8c0d7751c58738329a33,2012,MT,NO3,14.303,CO_daa1dbb904b938c75b0b,10852,VO_b60a4e82cb9f7957658d,0.15521615600000002
PE_8c0d7751c58738329a33,2012,MT,OP,0.598,CO_6208ef0f7750c111548c,10852,VO_b60a4e82cb9f7957658d,0.006489496
PE_8c0d7751c58738329a33,2012,MT,TN,6.803,CO_754d9f8cf05b98a7a091,10852,VO_b60a4e82cb9f7957658d,0.073826156
PE_8c0d7751c58738329a33,2012,MT,TP,4.1,CO_36d144ea081f24500bf7,10852,VO_b60a4e82cb9f7957658d,0.0444932
PE_8c0d7751c58738329a33,2012,MT,TSS,1351.44,CO_7cd846cfd988b8af590e,10852,VO_b60a4e82cb9f7957658d,14.665826880000001
PE_8c47e46eea482a065f61,2015,CT,NH4,0.14,CO_53a34f282549c82120cc;CO_ee8621197232afef4ae5,25518.47,VO_b641217ef1757d8e87d7,0.0035725858000000004
PE_8c47e46eea482a065f61,2015,CT,NO3,8.185,CO_94ca7771bcbfb3a51a6f;CO_d7238b16367eafcdb1f8,25518.47,VO_b641217ef1757d8e87d7,0.20886867695000003
PE_8c47e46eea482a065f61,2015,CT,OP,0.005,CO_16badfc6202cb3f8889e;CO_5966abd0cbfc86f98a18,25518.47,VO_b641217ef1757d8e87d7,1.2759235e-4
PE_8c47e46eea482a065f61,2015,CT,TKN,1.405,CO_6f55c275672e833ad1cb,25518.47,VO_b641217ef1757d8e87d7,0.035853450349999996
PE_8c47e46eea482a065f61,2015,CT,TN,9.299,CO_57945cc3fe4c0a8626a3;CO_7c1b5e2043fb748597cd,25518.47,VO_b641217ef1757d8e87d7,0.23729625253
PE_8c47e46eea482a065f61,2015,CT,TP,2.083,CO_ce0d320a502ecee73ce0,25518.47,VO_b641217ef1757d8e87d7,0.05315497301000001
PE_8c47e46eea482a065f61,2015,CT,TSP,0.724,CO_376efbf400bed3a5c5b2,25518.47,VO_b641217ef1757d8e87d7,0.01847537228
PE_8c47e46eea482a065f61,2015,CT,TSS,1532,CO_b6362f6e9cf7498399fc;CO_bf8f14e8bb4dadb1a5c4,25518.47,VO_b641217ef1757d8e87d7,39.094296039999996
PE_8c729dba8845a4b8f5c3,2017,MT,NO3,9.3,CO_f27f4a6236a87083d1d1,16900.03,VO_876e0c3c6771013b4f90,0.157170279
PE_8c729dba8845a4b8f5c3,2017,MT,OP,0,CO_7cb676d57114874e00c5,16900.03,VO_876e0c3c6771013b4f90,0
PE_8c729dba8845a4b8f5c3,2017,MT,TKN,3.7,CO_3b9b21ac4770d6a10a27;CO_b52b378cbef9d95e5b93,16900.03,VO_876e0c3c6771013b4f90,0.062530111
PE_8c729dba8845a4b8f5c3,2017,MT,TP,0.125,CO_a8fd7dc0e1bf71874f7b;CO_e8026bda3ea2eedc7dc7,16900.03,VO_876e0c3c6771013b4f90,0.00211250375
PE_8c729dba8845a4b8f5c3,2017,MT,TSS,668.3330000000001,CO_14af69dbec3e6116a57d;CO_bae4f43d862ca07082c0,16900.03,VO_876e0c3c6771013b4f90,11.294847749990002
PE_8d6dc30659220b5df3ec,2014,ST,NO3,8.68,CO_b567edd38e178dac20d4,17296.69,VO_66f65d1f271266cdb5ab,0.15013526919999998
PE_8d6dc30659220b5df3ec,2014,ST,OP,0.089,CO_38b2d03f3256502b1e9d,17296.69,VO_66f65d1f271266cdb5ab,0.0015394054099999999
PE_8d6dc30659220b5df3ec,2014,ST,TKN,4.5,CO_7db08657e1d436883b51,17296.69,VO_66f65d1f271266cdb5ab,0.077835105
PE_8d6dc30659220b5df3ec,2014,ST,TN,4.61,CO_fac919549c4a4c9fee80,17296.69,VO_66f65d1f271266cdb5ab,0.0797377409
PE_8d6dc30659220b5df3ec,2014,ST,TP,0.35,CO_d59a23c3feff6c21bbd6,17296.69,VO_66f65d1f271266cdb5ab,0.0060538415
PE_8d6dc30659220b5df3ec,2014,ST,TSP,0.116,CO_08cf6c08614337ea4fd6,17296.69,VO_66f65d1f271266cdb5ab,0.00200641604
PE_8d6dc30659220b5df3ec,2014,ST,TSS,940.3589999999999,CO_3e4f1cc290ac5d411dcd;CO_eb282120e33fdf330858,17296.69,VO_66f65d1f271266cdb5ab,16.265098111709996
PE_8daeda96228555e6a3fa,2015,MT,TKN,0.246,CO_982f632c9a223df334ee,12104.43,VO_c9968b7bb9e37ab92a8b,0.0029776897800000003
PE_8daeda96228555e6a3fa,2015,MT,TP,0.525,CO_f74fee330886f88ceea2,12104.43,VO_c9968b7bb9e37ab92a8b,0.00635482575
PE_8daeda96228555e6a3fa,2015,MT,TSS,435,CO_08514c216f8063cbba98,12104.43,VO_c9968b7bb9e37ab92a8b,5.2654270499999996
PE_8f8dfa0989b3b32bdf32,2017,CT,NO3,8.850000000000001,CO_0f9305fb9daaca6e9760;CO_e408bd948222ee13f842,27895.45,VO_272baaa126cefceccbfd,0.24687473250000005
PE_8f8dfa0989b3b32bdf32,2017,CT,OP,0,CO_556d7dc3a115356350f1;CO_7104741a92e73eb6c5d6,27895.45,VO_272baaa126cefceccbfd,0
PE_8f8dfa0989b3b32bdf32,2017,CT,TKN,2,CO_25e16cbd45433fc6878c;CO_8259110dd5b2c9064c67,27895.45,VO_272baaa126cefceccbfd,0.055790900000000004
PE_8f8dfa0989b3b32bdf32,2017,CT,TP,0.22,CO_2315bd64e75a34654168;CO_298647699bcb31c22e6d,27895.45,VO_272baaa126cefceccbfd,0.006136999
PE_8f8dfa0989b3b32bdf32,2017,CT,TSS,920,CO_219d3eb88915c02bd530;CO_4e1a87c318200fe1c12d;CO_f8a3778c87f3deb1a648,27895.45,VO_272baaa126cefceccbfd,25.663814
PE_906fb1459c234c5bc337,2011,ST,ICP,0.127,CO_9d9f3c4ea93d3640e675,4717,VO_35837082757947756d66,5.99059e-4
PE_906fb1459c234c5bc337,2011,ST,NO3,7.633,CO_c4ee3e56da3c5913d360,4717,VO_35837082757947756d66,0.036004861
PE_906fb1459c234c5bc337,2011,ST,OP,0.109,CO_d4735e3a265e16eee03f,4717,VO_35837082757947756d66,5.14153e-4
PE_906fb1459c234c5bc337,2011,ST,TN,10.067,CO_f7f2a37e8616fbe9925c,4717,VO_35837082757947756d66,0.04748603900000001
PE_906fb1459c234c5bc337,2011,ST,TP,1.261,CO_b7e307660e1611cb42bc,4717,VO_35837082757947756d66,0.005948137
PE_906fb1459c234c5bc337,2011,ST,TSS,798.253,CO_5553915b16dc07c89ef7,4717,VO_35837082757947756d66,3.765359401
PE_90a9fddfe2f6a6bccafc,2021,ST,NO3,8.1,CO_914a6de7d89980a5b71e;CO_a818957b3a1f9857b721;CO_cd5f8e6d9cb5602345df;CO_e560f3c5ee3df5df0e57,905.79,VO_f6275886e3fb63786fe5,0.007336898999999999
PE_90a9fddfe2f6a6bccafc,2021,ST,OP,0,CO_388c2eafe5afd4754926;CO_87e29676d583c04a1682;CO_8920a14a7f6469b955b1;CO_a1e8154bd1a4c96efad1,905.79,VO_f6275886e3fb63786fe5,0
PE_90a9fddfe2f6a6bccafc,2021,ST,Se,0.00575,CO_36f7d55f4b14dda8125b;CO_a399fd8cdf606b3aa0e5;CO_aaf8948bd742caaafe06;CO_ad8480426237e643aa5f,905.79,VO_f6275886e3fb63786fe5,5.2082925e-6
PE_90a9fddfe2f6a6bccafc,2021,ST,TKN,1.3,CO_327d4637793ef4b06b2b;CO_3f703336ec8defe45609;CO_5c3d91e81ae5415769fc;CO_e3aa235a10ec0805c902,905.79,VO_f6275886e3fb63786fe5,0.001177527
PE_90a9fddfe2f6a6bccafc,2021,ST,TP,0.11,CO_4cd31e5e6c407602bd01;CO_735e4a8aa7691b6d7e64;CO_ca05bc2bf73745fee2f3;CO_cdbe4e7e26e3a55307da,905.79,VO_f6275886e3fb63786fe5,9.96369e-5
PE_90a9fddfe2f6a6bccafc,2021,ST,TSS,116.667,CO_331d6c4de07bcdd955ac;CO_39188a258774b2db5aed;CO_5ffa8bc96d3a67215837;CO_b2c5fa85cd74d8029a26,905.79,VO_f6275886e3fb63786fe5,0.10567580193000001
PE_911994332227161310e5,2014,CT,NO3,8.2725,CO_27c9343c0adef1ffc1ca;CO_486ea85278bd246cca4a;CO_eb7539924cf4b8b67488;CO_fecf38f73a2317104df9,44359.44,VO_7c37c3f7b85bbc57a2c0,0.3669634674000001
PE_911994332227161310e5,2014,CT,OP,0.1755,CO_2c7d5490e6050836f8f2;CO_8d27ba37c5d810106b55;CO_d6a4031733610bb080d0;CO_dbae772db29058a88f9b,44359.44,VO_7c37c3f7b85bbc57a2c0,0.00778508172
PE_911994332227161310e5,2014,CT,TKN,3.89,CO_18c6b6f84040725098b1,44359.44,VO_7c37c3f7b85bbc57a2c0,0.1725582216
PE_911994332227161310e5,2014,CT,TN,4.701,CO_6751a76cc8fce2a7c140;CO_9b3831bdc8caa04dcc3f;CO_b20cfc7c653ec0576e18;CO_e8ff748e5a9347456fd4,44359.44,VO_7c37c3f7b85bbc57a2c0,0.20853372743999998
PE_911994332227161310e5,2014,CT,TP,1.2185,CO_4579e127cc265d745b89;CO_788181d3e6c41241e68b;CO_dfcafae694259c719203;CO_ea80b523f4585374b7c9,44359.44,VO_7c37c3f7b85bbc57a2c0,0.05405197764
PE_911994332227161310e5,2014,CT,TSP,0.202,CO_52b67fec538f6a101aeb,44359.44,VO_7c37c3f7b85bbc57a2c0,0.008960606880000001
PE_911994332227161310e5,2014,CT,TSS,1096.667,CO_05424dcd72fd0525e63f;CO_57e72c3b637caac51230;CO_e03c964c8ee745579a97,44359.44,VO_7c37c3f7b85bbc57a2c0,48.64753398648
PE_925678de82d1b72f25cc,2025,CT,NO2,0.799,CO_0f6b80a3b77e807e8e2e;CO_3171371a75e685f1b6b5;CO_c7ad43af1258979d8cdd;CO_ede4d2a70581e161821e,55761.61,VO_a268fade107365c7c02e;VO_a8c53b3f7babbd9c73b9,0.04455352639000001
PE_925678de82d1b72f25cc,2025,CT,NO3,0.1285,CO_096500d44885b4df75f8;CO_3d8dbd98077ee9635cc5;CO_4681639741f445ef1930;CO_4aeb7ad6d5d37a041c4c,55761.61,VO_a268fade107365c7c02e;VO_a8c53b3f7babbd9c73b9,0.007165366885000001
PE_925678de82d1b72f25cc,2025,CT,OP,0.351,CO_2c3f699f4b5f7734ed80;CO_55c8079ac96c6a4f6a94;CO_70d432707ec2478670d5;CO_ba9c5622470525f1bbed,55761.61,VO_a268fade107365c7c02e;VO_a8c53b3f7babbd9c73b9,0.019572325109999997
PE_925678de82d1b72f25cc,2025,CT,TDS,669,CO_060c3727b518f92a8844;CO_29551683ba9b772adaf1;CO_d4fcdfa73358abbf319a;CO_fa68b28ed86bf53ad355,55761.61,VO_a268fade107365c7c02e;VO_a8c53b3f7babbd9c73b9,37.304517090000004
PE_925678de82d1b72f25cc,2025,CT,TKN,1.15,CO_2f4d707285019a3128e4;CO_b711ed9bc1eae8352712;CO_c8bcb9ad923c65e1fba3;CO_fe2592b42a727e977f05,55761.61,VO_a268fade107365c7c02e;VO_a8c53b3f7babbd9c73b9,0.0641258515
PE_925678de82d1b72f25cc,2025,CT,TP,2.9,CO_1aaf97e300d50bacc554;CO_642c2a0918053df94003;CO_6a2dbdf30a1306f82541;CO_b72653265c6bad2943d9,55761.61,VO_a268fade107365c7c02e;VO_a8c53b3f7babbd9c73b9,0.161708669
PE_925678de82d1b72f25cc,2025,CT,TSS,1928.3335,CO_210ed2952737b0951846;CO_4ef28a59bc17399bcb5e;CO_71ed733383a6a95eed60;CO_dd0730264fc237a25a3c,55761.61,VO_a268fade107365c7c02e;VO_a8c53b3f7babbd9c73b9,107.52698057693499
PE_9369fd0839122e523c2d,2023,CT,NO2,0,CO_31a6549f9c475d94597d;CO_854c9a6ae8327b65e20b;CO_cc56038328ffa43e9451;CO_cf8b02977fd0b64fa52f,56738.31,VO_da038a34eabf72a5709b,0
PE_9369fd0839122e523c2d,2023,CT,NO3,9.605,CO_0fe999d3d53fe74d3ab9;CO_240e8f428109187aea4d;CO_99c03a69af854ef58e89;CO_c3ce295bd7f90c785385,56738.31,VO_da038a34eabf72a5709b,0.54497146755
PE_9369fd0839122e523c2d,2023,CT,OP,0.244,CO_10716564f7bea47036ca;CO_209eb5f20ab018ff6f1e;CO_43d244581aa23a744de9;CO_a807c0dc0a5b5ea4a70b,56738.31,VO_da038a34eabf72a5709b,0.013844147639999999
PE_9369fd0839122e523c2d,2023,CT,TDS,1220,CO_2ad70580843168ec91a4;CO_4dfdbfdcabdc5e78e582;CO_5a702680e39415f774a0;CO_fdf2ed7d4efcd4a12207,56738.31,VO_da038a34eabf72a5709b,69.2207382
PE_9369fd0839122e523c2d,2023,CT,TKN,1.85,CO_15255f94f98f709cbe42;CO_25616f4178f09f6e1560;CO_690b51acbaa9c5edc85f;CO_95d4362bd3cd4315d0bb,56738.31,VO_da038a34eabf72a5709b,0.1049658735
PE_9369fd0839122e523c2d,2023,CT,TP,1.1099999999999999,CO_5933b0b35d5d3e9d1f53;CO_7fb754c0792cd52ea50c;CO_94ad0b5b0a595b7eaafe;CO_d0ab864a17dbd8a07dda,56738.31,VO_da038a34eabf72a5709b,0.06297952409999999
PE_9369fd0839122e523c2d,2023,CT,TSS,2556.6665000000003,CO_099f89c2020b0fec86ac;CO_57a2c57b2fcf8fa7ce5d;CO_5f62f7763695265fc5cb;CO_c5752834adcb7f52bfbc,56738.31,VO_da038a34eabf72a5709b,145.06093644361502
PE_97ff290816fc14c1150e,2025,ST,NO2,0.9015,CO_6e29d690a3e18fba8705;CO_79fe2665cb9d09913cbc;CO_7ffc04e52e2e7c6b67b3;CO_8e0c19142ee61342e1f8,79238.53,VO_4ef2070f272900a78f35,0.071433534795
PE_97ff290816fc14c1150e,2025,ST,NO3,0.2195,CO_0ff6f4bbfaf422d4f22d;CO_27bc6c510e13b8fe0d35;CO_64eda62b35a3b6862221;CO_77b8f4d1dca2d16da69b,79238.53,VO_4ef2070f272900a78f35,0.017392857335
PE_97ff290816fc14c1150e,2025,ST,OP,0.459,CO_46d4c7c3285e2d04cbf9;CO_7f5642cd0c851c48e5df;CO_debc96817a3523d6f3cd;CO_e6d3cee8c029277da8d9,79238.53,VO_4ef2070f272900a78f35,0.036370485269999996
PE_97ff290816fc14c1150e,2025,ST,TDS,591,CO_13988e0abd97868c7093;CO_2d38a3f9818002178469;CO_75d5fcf005ce8ebc3a80;CO_a110b4cea8944b613564,79238.53,VO_4ef2070f272900a78f35,46.82997123
PE_97ff290816fc14c1150e,2025,ST,TKN,1.6,CO_87b4d74dba97358a6bbe;CO_bcdc35b056897c2743a1;CO_cc28d893176b8cd88757;CO_f12e915e8907cebcf3b0,79238.53,VO_4ef2070f272900a78f35,0.126781648
PE_97ff290816fc14c1150e,2025,ST,TP,4.145,CO_06c973e49be9fdbfdaa8;CO_18ecbac91f2c707b4c19;CO_9552186d84ad5c6e459c;CO_9bbf7a2c2940b4c95ea4,79238.53,VO_4ef2070f272900a78f35,0.32844370684999996
PE_97ff290816fc14c1150e,2025,ST,TSS,2630,CO_1e3d88e829c7f5443290;CO_30e1b5ad43bc22828997;CO_48a09e64db9857317be2;CO_5ef859940e4dd7b4e244,79238.53,VO_4ef2070f272900a78f35,208.3973339
PE_99056c5dda813a1efd63,2011,ST,ICP,0.061,CO_49fdfc988e29f9ff8c71,48614.54,VO_397898401cc4e92d6e5d,0.00296548694
PE_99056c5dda813a1efd63,2011,ST,NO3,8.05,CO_f86064981e6d82e47208,48614.54,VO_397898401cc4e92d6e5d,0.391347047
PE_99056c5dda813a1efd63,2011,ST,OP,0.074,CO_f5ca38f748a1d6eaf726,48614.54,VO_397898401cc4e92d6e5d,0.00359747596
PE_99056c5dda813a1efd63,2011,ST,TN,3.443,CO_58e47bf2ec5f0d27dab6,48614.54,VO_397898401cc4e92d6e5d,0.16737986121999998
PE_99056c5dda813a1efd63,2011,ST,TP,2.181,CO_af6b495dd2d7c1174d63,48614.54,VO_397898401cc4e92d6e5d,0.10602831174
PE_99056c5dda813a1efd63,2011,ST,TSS,2464.2,CO_c54edd784b2eed78c071,48614.54,VO_397898401cc4e92d6e5d,119.79594946799999
PE_99cf3c3fee7c01adc465,2024,CT,NO2,0.0505,CO_6135585b98ea6822b31e;CO_6f24984bd099be73a012;CO_bb68fd7328ac93af1b9b;CO_fb15ed71f582968fec5d,62220.28999999999,VO_97ace8c372c2c4d6a74a;VO_a9655d33814eee37976f,0.003142124645
PE_99cf3c3fee7c01adc465,2024,CT,NO3,0.21550000000000002,CO_0aa87b8bdb3232d735bf;CO_48cdb2670770a616cb74;CO_6bc538975ee49598286f;CO_fad2f10e4d22685ca3c3,62220.28999999999,VO_97ace8c372c2c4d6a74a;VO_a9655d33814eee37976f,0.013408472495
PE_99cf3c3fee7c01adc465,2024,CT,OP,0.33599999999999997,CO_51054b8a03281fd02034;CO_73c2e083e4e933fc3ba7;CO_85e36899399df701301f;CO_df156e8465ff477c90a1,62220.28999999999,VO_97ace8c372c2c4d6a74a;VO_a9655d33814eee37976f,0.020906017439999997
PE_99cf3c3fee7c01adc465,2024,CT,TDS,561,CO_19bdaa296a9b121cba60;CO_905bd4fbc0f746487b0e;CO_b5b73a69873c47cc5877;CO_d1de7842b7ba4731b900,62220.28999999999,VO_97ace8c372c2c4d6a74a;VO_a9655d33814eee37976f,34.905582689999996
PE_99cf3c3fee7c01adc465,2024,CT,TKN,0.94,CO_2a0a5f36a397d7ef63ed;CO_485419d81203cab12d4c;CO_5ad0732245eb48b78a40;CO_d6f9272a493a018a93c7,62220.28999999999,VO_97ace8c372c2c4d6a74a;VO_a9655d33814eee37976f,0.058487072599999995
PE_99cf3c3fee7c01adc465,2024,CT,TP,0.6645,CO_1a95046e1c6e0db1f4cc;CO_3bbcf69de876e98ac944;CO_97b3e84b5db5f23c51da;CO_b20a51d1d0cd4d4e2f5c,62220.28999999999,VO_97ace8c372c2c4d6a74a;VO_a9655d33814eee37976f,0.041345382704999996
PE_99cf3c3fee7c01adc465,2024,CT,TSS,1235,CO_0c3ec8fd15bb10a5fd84;CO_6f76f25988ea4f8c3187;CO_9ef0176b250373fd2ed6;CO_d521f6b8e833ac6ef2ee,62220.28999999999,VO_97ace8c372c2c4d6a74a;VO_a9655d33814eee37976f,76.84205814999999
PE_9a12a9fbe4b879b943cc,2024,MT,NO2,0,CO_0da43cdf1450379df994;CO_4ddc4754c625a03b423c;CO_7d147b1c41150dc0b4f3;CO_a8c42a5a10da46f05265,62188.97,VO_c8b33a10454059016a2b,0
PE_9a12a9fbe4b879b943cc,2024,MT,NO3,8.83,CO_044c06ac12dc9063f4bb;CO_121076a4131f0eb802fd;CO_8c3a4d4bd517e78206c8;CO_cc1acd99ace85a8a5250,62188.97,VO_c8b33a10454059016a2b,0.5491286051000001
PE_9a12a9fbe4b879b943cc,2024,MT,OP,0.21000000000000002,CO_2f84035610deb9378036;CO_43f64dc77762f69f9f52;CO_5e61b431f3823da05836;CO_c8c9cad7b920b50f7138,62188.97,VO_c8b33a10454059016a2b,0.013059683700000001
PE_9a12a9fbe4b879b943cc,2024,MT,TDS,1210,CO_0be34eca7a5bbe9115c9;CO_404614dd222177c30ad0;CO_87d6d0a52f25b8f43413;CO_a77aacbe9f40b960f602,62188.97,VO_c8b33a10454059016a2b,75.2486537
PE_9a12a9fbe4b879b943cc,2024,MT,TKN,2.6500000000000004,CO_15811bd57b46d0025f3a;CO_60cafa03272449d4129f;CO_f0e6a61a0b0037aa1287;CO_f476ef220e571593579a,62188.97,VO_c8b33a10454059016a2b,0.16480077050000003
PE_9a12a9fbe4b879b943cc,2024,MT,TP,0.357,CO_023e33504ab909cf87a6;CO_152e69cf3c8e76c8d8b0;CO_46e67c525617663b392a;CO_da6e2f539726fabd1f8c,62188.97,VO_c8b33a10454059016a2b,0.022201462289999998
PE_9a12a9fbe4b879b943cc,2024,MT,TSS,346.66650000000004,CO_47d2fef540106ae25dc4;CO_4e936592f171907802de;CO_a90f36007fb31dfeed43;CO_ba006000a707f53e298b,62188.97,VO_c8b33a10454059016a2b,21.558832568505004
PE_9a2f9c6f57f96425d9f8,2017,ST,NO3,9.2,CO_2293091e01f7ea667a55;CO_3baf3ab2c95ce1d83110,5090.83,VO_07570d773fe344654a5e,0.046835636
PE_9a2f9c6f57f96425d9f8,2017,ST,OP,0.135,CO_c3ea99f86b2f8a74ef41;CO_f32828acecb4282c87ea,5090.83,VO_07570d773fe344654a5e,6.8726205e-4
PE_9a2f9c6f57f96425d9f8,2017,ST,TKN,1,CO_00039a15178b11924de2;CO_dd6103b473273ecdbf04;CO_ec04d0809913c908feb2,5090.83,VO_07570d773fe344654a5e,0.00509083
PE_9a2f9c6f57f96425d9f8,2017,ST,TP,0.13,CO_8ba36ede1aa545ad0134;CO_90dbca35cc682d5b4c2e;CO_93f9c262828299ee745a,5090.83,VO_07570d773fe344654a5e,6.618079e-4
PE_9a2f9c6f57f96425d9f8,2017,ST,TSS,335,CO_50c50440622e5b6f8535;CO_6da861ae9724bd965c23;CO_decb338396649819c048,5090.83,VO_07570d773fe344654a5e,1.70542805
PE_9c5f9c5a27b49810dd29,2011,CT,ICP,0.081,CO_ec3fdcd8136188e3b476,17607.82,VO_040efbc2b7a827eca686,0.0014262334200000001
PE_9c5f9c5a27b49810dd29,2011,CT,NO3,8.103,CO_b3733b63fe1d502394c6,17607.82,VO_040efbc2b7a827eca686,0.14267616545999998
PE_9c5f9c5a27b49810dd29,2011,CT,OP,0.076,CO_4ec9599fc203d176a301,17607.82,VO_040efbc2b7a827eca686,0.0013381943199999998
PE_9c5f9c5a27b49810dd29,2011,CT,TN,0.84,CO_0fdcf52de601437f641f,17607.82,VO_040efbc2b7a827eca686,0.014790568799999999
PE_9c5f9c5a27b49810dd29,2011,CT,TP,3.02,CO_e9ab39f01d431c525049,17607.82,VO_040efbc2b7a827eca686,0.0531756164
PE_9c5f9c5a27b49810dd29,2011,CT,TSS,1351.44,CO_b8e3b2f1fe3bb76f7b81,17607.82,VO_040efbc2b7a827eca686,23.7959122608
PE_9dcf28567d82395e45a5,2023,CT,NO2,0,CO_0820a89e4829167f31f3;CO_4050734752b34be0a637;CO_73119072cebe1aaffb46;CO_ea0bc52c79a937e2ee0d,73898.8,VO_ab8317b4f3da735fc0bd,0
PE_9dcf28567d82395e45a5,2023,CT,NO3,3.27,CO_1ef96e7e96be65f01958;CO_2086aa95003f19c850a9;CO_9779809223fd0717a79e;CO_bd6486743ec2d65c68d5,73898.8,VO_ab8317b4f3da735fc0bd,0.241649076
PE_9dcf28567d82395e45a5,2023,CT,OP,0,CO_102624ac0a714fa26aa0;CO_234666d765f4c0a26cf4;CO_40962624bfc236888ff8;CO_75f7313c20144e39edcf,73898.8,VO_ab8317b4f3da735fc0bd,0
PE_9dcf28567d82395e45a5,2023,CT,TDS,864,CO_5baabd2dc156de437217;CO_7af60c0b21a7708b7489;CO_b17da71d428ae46fc066;CO_e9eb42635859a7f0e131,73898.8,VO_ab8317b4f3da735fc0bd,63.8485632
PE_9dcf28567d82395e45a5,2023,CT,TKN,0.75,CO_2478b5cdde898af6ad0d;CO_5a3d4457e7db434d8328;CO_b55184dec351ac66077c;CO_d0a1a4303127ab458c52,73898.8,VO_ab8317b4f3da735fc0bd,0.055424100000000004
PE_9dcf28567d82395e45a5,2023,CT,TP,0.962,CO_1e7f898d348376614dae;CO_202fd26f14d638ccb409;CO_501883ce12ba20f1a0de;CO_871c39835ef093344f55,73898.8,VO_ab8317b4f3da735fc0bd,0.0710906456
PE_9dcf28567d82395e45a5,2023,CT,TSS,1383.333,CO_b0f59ce1e1fb622254cc;CO_e05c358682819538ec65;CO_f60132f653c31c439ae8,73898.8,VO_ab8317b4f3da735fc0bd,102.2266487004
PE_9e4eade5c021b68d7eb8,2016,ST,NH4,0.16999999999999998,CO_0921dbeb56d02cd8d43d;CO_ed9253c2fe833192c6aa,4605.21,VO_ea627c8ab1c084d1be43,7.828856999999999e-4
PE_9e4eade5c021b68d7eb8,2016,ST,NO3,4.8065,CO_c1f713b0714199805794;CO_d2c5ea6c63da5897cbd7,4605.21,VO_ea627c8ab1c084d1be43,0.022134941865
PE_9e4eade5c021b68d7eb8,2016,ST,NPOC,5.59835,CO_36e9bae8ed048434788a;CO_bfac4f010cec6625829e,4605.21,VO_ea627c8ab1c084d1be43,0.0257815774035
PE_9e4eade5c021b68d7eb8,2016,ST,OP,0.04,CO_23c657f2efda7731a3c1;CO_d7cdaa5ca0582076c8e7,4605.21,VO_ea627c8ab1c084d1be43,1.8420840000000002e-4
PE_9e4eade5c021b68d7eb8,2016,ST,TKN,0.0455,CO_9468c114afc20220a944;CO_c9666ca719574009eb5b,4605.21,VO_ea627c8ab1c084d1be43,2.09537055e-4
PE_9e4eade5c021b68d7eb8,2016,ST,TN,4.5485,CO_ebafcf01f985fd121457;CO_f7abacc7cbca756839f4,4605.21,VO_ea627c8ab1c084d1be43,0.020946797684999997
PE_9e4eade5c021b68d7eb8,2016,ST,TP,0.028499999999999998,CO_3485da2e4aaa4c692d04;CO_b41f1aff4d998f2ee49d,4605.21,VO_ea627c8ab1c084d1be43,1.31248485e-4
PE_9e4eade5c021b68d7eb8,2016,ST,TSP,0.026500000000000003,CO_215b82b0948866bdf088;CO_555e1980f5d793081110,4605.21,VO_ea627c8ab1c084d1be43,1.2203806500000001e-4
PE_9e4eade5c021b68d7eb8,2016,ST,TSS,1273.0549999999998,CO_1e14e9139a1344e4a0dd;CO_a75b72e070dc99a55e49,4605.21,VO_ea627c8ab1c084d1be43,5.862685616549999
PE_9ef48b534b6eef30321b,2025,MT,NO2,0.8674999999999999,CO_9e41f0b66ee4706ad9f3;CO_ac8dcfb205e77852daac;CO_cde2e7e0392f5cfb5b23;CO_f496efaac08d87439734,63350.09,VO_bb5642bb9aa590f7eecf,0.05495620307499999
PE_9ef48b534b6eef30321b,2025,MT,NO3,0.1855,CO_479de61e68a1f232b164;CO_67d9df3bfae39fd24f91;CO_e084d7507dab6604894c;CO_f2069c4f9c32f3760232,63350.09,VO_bb5642bb9aa590f7eecf,0.011751441695
PE_9ef48b534b6eef30321b,2025,MT,OP,0.1425,CO_3837e1aa083f578c9179;CO_38879b6376fbabdc8fbf;CO_759b87b87ba0c0c701d1;CO_8590ac06255549344489,63350.09,VO_bb5642bb9aa590f7eecf,0.009027387824999998
PE_9ef48b534b6eef30321b,2025,MT,TDS,632,CO_1172067564c5dbede68e;CO_5428ec76b254b01192cb;CO_9fec1108f1ecb4f3e186;CO_d6125e17c695efcd185a,63350.09,VO_bb5642bb9aa590f7eecf,40.037256879999994
PE_9ef48b534b6eef30321b,2025,MT,TKN,0.6,CO_3c4dcf6dfc899bd68a7f;CO_9347c0c9a9a77d1df666;CO_94acb90928ab3cde68a1;CO_b8a137cb2c0a7f90827d,63350.09,VO_bb5642bb9aa590f7eecf,0.038010053999999995
PE_9ef48b534b6eef30321b,2025,MT,TP,12.200000000000001,CO_6589ed9b9dd4caa59d93;CO_aae9ee5b6b7b41c2528d;CO_b906e4061c4a678dd89a;CO_e2b79c6b00bc97ebb7a3,63350.09,VO_bb5642bb9aa590f7eecf,0.772871098
PE_9ef48b534b6eef30321b,2025,MT,TSS,8455,CO_071c3f4dcc4b4b2c6218;CO_3573b846517b985c4249;CO_5b6be5b2da6e7c5a3971;CO_66e4b26a83b164bdc86c,63350.09,VO_bb5642bb9aa590f7eecf,535.6250109499999
PE_9f1340a7cc58d224829a,2024,ST,NO2,0.1,CO_1089c7c8b99b15944120;CO_3a49576fd0e1eb40e7a9;CO_51240b821461978b1613;CO_eba563fc7217d554563f,71503.05,VO_92428663d53ef4e64714,0.007150305
PE_9f1340a7cc58d224829a,2024,ST,NO3,0.2345,CO_2c5ae0760c6625f53611;CO_dd5c332e8ce67a7cf955;CO_e1cbed0ecbee7325a482;CO_eac627facfe5f552055d,71503.05,VO_92428663d53ef4e64714,0.016767465225
PE_9f1340a7cc58d224829a,2024,ST,OP,0.338,CO_1a5659493256d9eb296e;CO_7e07ae1a0cd3da38f7e6;CO_b312d5fbcfab403a28f2;CO_b5a9ede9a93528be3e12,71503.05,VO_92428663d53ef4e64714,0.0241680309
PE_9f1340a7cc58d224829a,2024,ST,TDS,605,CO_2200a6d30ab9bf51ee8e;CO_5453c3aaf60160a23430;CO_57308046c00e2baf57ed;CO_e81997ae98fcafea8de8,71503.05,VO_92428663d53ef4e64714,43.25934525
PE_9f1340a7cc58d224829a,2024,ST,TKN,0.975,CO_357c08aaae039838b09a;CO_8b0f03858cd08f401a7f;CO_9cf876e274c8bbc32e1a;CO_df3c5a3eab925a314bfa,71503.05,VO_92428663d53ef4e64714,0.06971547375
PE_9f1340a7cc58d224829a,2024,ST,TP,1.4725000000000001,CO_4432cb276ffc79e796e2;CO_9212e5e6ef4106525be2;CO_bae9aa4081f8783457c6;CO_c7c1b4da9b9f745dff12,71503.05,VO_92428663d53ef4e64714,0.10528824112500001
PE_9f1340a7cc58d224829a,2024,ST,TSS,1806.667,CO_0132d427f091625ec3f7;CO_337fc3240de5c44b2a48;CO_a21aed068c88a5473da7;CO_fea2efbcc5750b571b83,71503.05,VO_92428663d53ef4e64714,129.18220083435
PE_9fc5522dd20d6fa4e1e5,2025,ST,NO2,0.8865000000000001,CO_01375f53651cff383d9a;CO_724229f1cb241cfc94f8;CO_92bb5890f307a70d5d6e;CO_e40fb14ef1261bc085b4,43969.104999999996,VO_babf7697644438d8ca6e;VO_e0cedd12890b1c594b0a,0.0389786115825
PE_9fc5522dd20d6fa4e1e5,2025,ST,NO3,0.1975,CO_1db01826cf7faf93bbef;CO_58aec6ba5dcbd401f7e5;CO_6da233543753c62bf28d;CO_a165b612de1a4c89acb9,43969.104999999996,VO_babf7697644438d8ca6e;VO_e0cedd12890b1c594b0a,0.0086838982375
PE_9fc5522dd20d6fa4e1e5,2025,ST,OP,0.42300000000000004,CO_4d0198f4905a08812518;CO_828bb918957379a792e0;CO_b1e92fe0fa7edab2161f;CO_fb335e8fd0f8aed3eb6f,43969.104999999996,VO_babf7697644438d8ca6e;VO_e0cedd12890b1c594b0a,0.018598931415
PE_9fc5522dd20d6fa4e1e5,2025,ST,TDS,623,CO_1d1242baeb229ea6f7e6;CO_6b1c2fe8b35b978d97ad;CO_bfc0723645e5ef55c2a4;CO_f18eed4de944354702c3,43969.104999999996,VO_babf7697644438d8ca6e;VO_e0cedd12890b1c594b0a,27.392752415
PE_9fc5522dd20d6fa4e1e5,2025,ST,TKN,1.15,CO_878993918fc2c41684ca;CO_a138ab3bd14d1133a8df;CO_a778f7d3184ddb36132d;CO_b45048bf83d0e17f9499,43969.104999999996,VO_babf7697644438d8ca6e;VO_e0cedd12890b1c594b0a,0.05056447074999999
PE_9fc5522dd20d6fa4e1e5,2025,ST,TP,2.35,CO_7b9b55714e6c4def992b;CO_88100ba34db736c9adec;CO_bef7b4d1c3d67bc9afe7;CO_e22e9c22f92b827381bb,43969.104999999996,VO_babf7697644438d8ca6e;VO_e0cedd12890b1c594b0a,0.10332739675
PE_9fc5522dd20d6fa4e1e5,2025,ST,TSS,1321.667,CO_31575c35c2d6249fcd79;CO_3eafdb7ea7bfd5a976de;CO_8a7307473a7843dc8011;CO_db2a50cb2d26bdb919df,43969.104999999996,VO_babf7697644438d8ca6e;VO_e0cedd12890b1c594b0a,58.11251509803499
PE_a00036fc200dd0b449f6,2012,MT,TSS,1351.48,CO_c5202080402c2600b871,3672,VO_0a66b90ff550cd58a4f1,4.962634560000001
PE_a0b40939062cc2849dd4,2015,MT,NH4,0.14500000000000002,CO_0886327340b14606010a;CO_bedc725da6f59c82f22b,23614.62,VO_367c4ac44f2e8000a99f,0.0034241199
PE_a0b40939062cc2849dd4,2015,MT,NO3,8.22,CO_ac1bd950b00370ca6500;CO_bb12fc5a6af710c38188,23614.62,VO_367c4ac44f2e8000a99f,0.1941121764
PE_a0b40939062cc2849dd4,2015,MT,OP,0.06,CO_138d9e809e386a7b8007;CO_835d5e8314340ab852a2,23614.62,VO_367c4ac44f2e8000a99f,0.0014168771999999998
PE_a0b40939062cc2849dd4,2015,MT,TKN,0.343,CO_77f2409b042ce010b936,23614.62,VO_367c4ac44f2e8000a99f,0.00809981466
PE_a0b40939062cc2849dd4,2015,MT,TN,8.54,CO_286c897eba57ce67e79f;CO_6c4878bc9fe16e042a21,23614.62,VO_367c4ac44f2e8000a99f,0.20166885479999996
PE_a0b40939062cc2849dd4,2015,MT,TP,0.378,CO_2b0ebe245db547be83a6,23614.62,VO_367c4ac44f2e8000a99f,0.008926326359999999
PE_a0b40939062cc2849dd4,2015,MT,TSP,0.018,CO_51f4699a91350890af0a,23614.62,VO_367c4ac44f2e8000a99f,4.2506315999999995e-4
PE_a0b40939062cc2849dd4,2015,MT,TSS,371.66650000000004,CO_4bed5653151949e3109e;CO_e2b39487a142f01d90e0,23614.62,VO_367c4ac44f2e8000a99f,8.776763164230001
PE_a1af202868cfe3ffc2d4,2011,MT,ICP,0.114,CO_fccb6362a9a78e111197,21021.89,VO_50734cccc986d0b2c6af,0.00239649546
PE_a1af202868cfe3ffc2d4,2011,MT,NO3,7.967,CO_4ccb5ef0208e78fc6fdc,21021.89,VO_50734cccc986d0b2c6af,0.16748139763
PE_a1af202868cfe3ffc2d4,2011,MT,OP,0.087,CO_6b86b273ff34fce19d6b,21021.89,VO_50734cccc986d0b2c6af,0.00182890443
PE_a1af202868cfe3ffc2d4,2011,MT,TN,10.15,CO_e85ac2da75d98222b155,21021.89,VO_50734cccc986d0b2c6af,0.2133721835
PE_a1af202868cfe3ffc2d4,2011,MT,TP,1.556,CO_fe91a760983d401d9b67,21021.89,VO_50734cccc986d0b2c6af,0.03271006084
PE_a1af202868cfe3ffc2d4,2011,MT,TSS,583.04,CO_cefe4b3b2b3f89c865fd,21021.89,VO_50734cccc986d0b2c6af,12.256602745599999
PE_a2c3c1fe4bab4c283e4b,2014,ST,NO3,7.7295,CO_12269c796b58fb51020e;CO_d65112fe4b7673c7e467;CO_d7f6d016e67079eb2eaa;CO_e7110f8dba36e4f13f36,4383.03,VO_e9f83da0ee4c891a386b,0.033878630385
PE_a2c3c1fe4bab4c283e4b,2014,ST,OP,0.07,CO_01d54579da446ae1e75c;CO_3068430da9e4b7a67418;CO_580811fa95269f3ecd4f;CO_7b69759630f869f27238,4383.03,VO_e9f83da0ee4c891a386b,3.068121e-4
PE_a2c3c1fe4bab4c283e4b,2014,ST,TKN,4.33,CO_125c53fdf1e771c91a9d,4383.03,VO_e9f83da0ee4c891a386b,0.0189785199
PE_a2c3c1fe4bab4c283e4b,2014,ST,TN,5.148,CO_5b2bf937c74b50b880cb;CO_a7099f07753cd64ce813;CO_b89b4972abe1565414e1;CO_e420ff47911724869885,4383.03,VO_e9f83da0ee4c891a386b,0.022563838439999997
PE_a2c3c1fe4bab4c283e4b,2014,ST,TP,0.7144999999999999,CO_0e0c8d9c5fa46e66bd82;CO_400b6feaba94359995cb;CO_8c8f6b4381421dac2b8d;CO_a9b9bd8e0ec83c8374c3,4383.03,VO_e9f83da0ee4c891a386b,0.0031316749349999994
PE_a2c3c1fe4bab4c283e4b,2014,ST,TSP,0.088,CO_525a3ce3f5870c9ec051,4383.03,VO_e9f83da0ee4c891a386b,3.857066399999999e-4
PE_a2c3c1fe4bab4c283e4b,2014,ST,TSS,222.625,CO_0513b94782af23712866;CO_5d0603b416998b6a6081;CO_d36a3104ec97dde5effc;CO_e1dd0983444ac4b47d40,4383.03,VO_e9f83da0ee4c891a386b,0.97577205375
PE_a32d8f78d3c0039bdb02,2021,ST,NO3,8.4,CO_2e18e12a751bac813306;CO_ecd8409a7716ba7f20b5;CO_f0b48f80d727675726cc,3184.62,VO_31ae44d26eb50994d4a6,0.026750808
PE_a32d8f78d3c0039bdb02,2021,ST,OP,0,CO_94f8607915dff25f013e;CO_a05198938c6ca8cd5628;CO_ecac903ea62dc1d5446a,3184.62,VO_31ae44d26eb50994d4a6,0
PE_a32d8f78d3c0039bdb02,2021,ST,Se,0.0063,CO_1b023db7bba0059384bb;CO_6da250517bb794e579a9;CO_8a7cfae5dfd8b4aa346a,3184.62,VO_31ae44d26eb50994d4a6,2.0063106e-5
PE_a32d8f78d3c0039bdb02,2021,ST,TKN,1.2,CO_0692208777c2771a3f0e;CO_0b2e1b2d340ab4d647b4;CO_4b923f871476df9f163a,3184.62,VO_31ae44d26eb50994d4a6,0.003821544
PE_a32d8f78d3c0039bdb02,2021,ST,TP,0.19,CO_3ce59e84971bc7e65e82;CO_48af26beb80f0b14f336;CO_e84909d7fba7798e68cb,3184.62,VO_31ae44d26eb50994d4a6,6.050778e-4
PE_a32d8f78d3c0039bdb02,2021,ST,TSS,116.667,CO_0055471d05197bfb34e0;CO_6bb5da214d91947d0bbf;CO_6d875647ab682ba3b53c,3184.62,VO_31ae44d26eb50994d4a6,0.37154006153999997
PE_a3ca60c116dd1f37f0d8,2025,ST,NO2,0.855,CO_70875175ed0b6aefc69b;CO_756881a4736b85076546;CO_9807fe182f3dc6252a47;CO_d8434700ae5c0bada9e8,60295.525,VO_530e2deaf23860aff58c;VO_97dde066b21da5d0f80e,0.051552673875
PE_a3ca60c116dd1f37f0d8,2025,ST,NO3,0.14350000000000002,CO_24075b270335ddb25b5f;CO_2c7faf8d14fde2494fe5;CO_7ddcb477f73010cf5984;CO_9a49fcedeb2501ba9914,60295.525,VO_530e2deaf23860aff58c;VO_97dde066b21da5d0f80e,0.0086524078375
PE_a3ca60c116dd1f37f0d8,2025,ST,OP,0,CO_16b30490a644117a249c;CO_3658d7fa3c43456f3c9c;CO_98964da49d0a98402ed3;CO_ce7d916f3b5c6edb4212,60295.525,VO_530e2deaf23860aff58c;VO_97dde066b21da5d0f80e,0
PE_a3ca60c116dd1f37f0d8,2025,ST,TDS,619,CO_97fde1d965ad6b6b057b;CO_9da7bf14c4dbb8346d2a;CO_eaf5feae07855c4d878b;CO_ff23db597e10e7a351a8,60295.525,VO_530e2deaf23860aff58c;VO_97dde066b21da5d0f80e,37.322929975
PE_a3ca60c116dd1f37f0d8,2025,ST,TKN,0.55,CO_02858890babfa9bddcfa;CO_4a147f223b0bb73bc4b5;CO_5ce5695fc14e63023314;CO_eb1633fa9519afd74416,60295.525,VO_530e2deaf23860aff58c;VO_97dde066b21da5d0f80e,0.033162538750000005
PE_a3ca60c116dd1f37f0d8,2025,ST,TP,3.8449999999999998,CO_4e49800fbc3cefb76b1b;CO_4e7a0668e1de434a88c2;CO_995e6d18fd6dd12d54ea;CO_d8d851022fbb12e1439c,60295.525,VO_530e2deaf23860aff58c;VO_97dde066b21da5d0f80e,0.231836293625
PE_a3ca60c116dd1f37f0d8,2025,ST,TSS,2303.3334999999997,CO_118cbad83767b01b99cc;CO_2e2724396a541010fe3c;CO_ce1e8a505947a7426c99;CO_e810413ba839d29055e2,60295.525,VO_530e2deaf23860aff58c;VO_97dde066b21da5d0f80e,138.8807026325875
PE_a729ad9441dfa249eec8,2025,ST,NO2,0.726,CO_04ccbbfcc42066a050c9;CO_3b4f01eb6c705624e467;CO_868447a1b9c7bea63a9e;CO_d9adbf211a24cb1bc5a2,44981.37,VO_b78845dd80fd680f9249;VO_beca1df3b2d6ae9b2b27,0.03265647462
PE_a729ad9441dfa249eec8,2025,ST,NO3,0.14900000000000002,CO_16676c1285da37e83be8;CO_4b177cf57484bae04e72;CO_75868569c7f5ef9f9fdc;CO_8798b848ede7e47c72ce,44981.37,VO_b78845dd80fd680f9249;VO_beca1df3b2d6ae9b2b27,0.006702224130000002
PE_a729ad9441dfa249eec8,2025,ST,OP,0.1365,CO_0f0b82fae280ae9fec19;CO_4f95c3cf2c7c5bb50010;CO_eab8ff114cc63fd8ab3d;CO_f48280c0107726b99afc,44981.37,VO_b78845dd80fd680f9249;VO_beca1df3b2d6ae9b2b27,0.006139957005000001
PE_a729ad9441dfa249eec8,2025,ST,TDS,657,CO_5be21fec7f4c958e2d23;CO_769efc2beabd04e9167b;CO_cb308ace4da6b941709e;CO_d3684fb89d7369fcca58,44981.37,VO_b78845dd80fd680f9249;VO_beca1df3b2d6ae9b2b27,29.552760090000003
PE_a729ad9441dfa249eec8,2025,ST,TKN,0,CO_1f0c90cf2d416fd5c2a0;CO_2545a02d836fe85023ef;CO_936d1dafd8b1b6e7fe06;CO_b76d4f5f478b9da83337,44981.37,VO_b78845dd80fd680f9249;VO_beca1df3b2d6ae9b2b27,0
PE_a729ad9441dfa249eec8,2025,ST,TP,0.35250000000000004,CO_1523b662871b049a426f;CO_396b8e65a84afe48d62b;CO_9e6296be2bb963df7daa;CO_d933c100248234cbc484,44981.37,VO_b78845dd80fd680f9249;VO_beca1df3b2d6ae9b2b27,0.015855932925000003
PE_a729ad9441dfa249eec8,2025,ST,TSS,290,CO_64b3db28d65e15b0d7f1;CO_69c64448596ba10ccd46;CO_e077c3a367127926a133;CO_ef075febee7d12554809,44981.37,VO_b78845dd80fd680f9249;VO_beca1df3b2d6ae9b2b27,13.044597300000001
PE_a88848885f438cbc11ef,2014,ST,NO3,8.68,CO_9daa98ce3a24c2264ed0,13116.54,VO_2771c1455a20b99f5fcd;VO_e9e0f18707e3a264e432,0.1138515672
PE_a88848885f438cbc11ef,2014,ST,OP,0.09,CO_eb3be230bbd2844b1f5d,13116.54,VO_2771c1455a20b99f5fcd;VO_e9e0f18707e3a264e432,0.0011804886000000001
PE_a88848885f438cbc11ef,2014,ST,TKN,4.75,CO_00603386e33146708372,13116.54,VO_2771c1455a20b99f5fcd;VO_e9e0f18707e3a264e432,0.062303565000000005
PE_a88848885f438cbc11ef,2014,ST,TN,4.86,CO_a0a626252c418ba7a395,13116.54,VO_2771c1455a20b99f5fcd;VO_e9e0f18707e3a264e432,0.06374638440000001
PE_a88848885f438cbc11ef,2014,ST,TP,0.3,CO_58070c528ac8e387bfc1,13116.54,VO_2771c1455a20b99f5fcd;VO_e9e0f18707e3a264e432,0.003934962
PE_a88848885f438cbc11ef,2014,ST,TSP,0.117,CO_cfaf1d10d0d37bffe07d,13116.54,VO_2771c1455a20b99f5fcd;VO_e9e0f18707e3a264e432,0.0015346351800000003
PE_a88848885f438cbc11ef,2014,ST,TSS,324.4375,CO_26489a19295d7f41ffcb;CO_459b20a336e0be544477,13116.54,VO_2771c1455a20b99f5fcd;VO_e9e0f18707e3a264e432,4.25549744625
PE_aabfd65339aff75f7260,2021,MT,NO3,8.5,CO_4f692e0f26fb1fa5e8eb;CO_965aa125a2917c2984fa,1388.06,VO_a1f18ebebadd7ba67c81,0.01179851
PE_aabfd65339aff75f7260,2021,MT,OP,0,CO_ac1270c5058af65025e5;CO_d18b29d80a8bd366b77c,1388.06,VO_a1f18ebebadd7ba67c81,0
PE_aabfd65339aff75f7260,2021,MT,Se,0.0066,CO_9aeec226c5af6b605d81;CO_ac388f09d79becec97b7,1388.06,VO_a1f18ebebadd7ba67c81,9.161196e-6
PE_aabfd65339aff75f7260,2021,MT,TKN,0.44,CO_ba6d3b2e12a6de2426d1;CO_bf1889006d18a1b40d07,1388.06,VO_a1f18ebebadd7ba67c81,6.107464e-4
PE_aabfd65339aff75f7260,2021,MT,TP,0.315,CO_25d114d44f1ee498521f;CO_5909daa6fb5cf239d520,1388.06,VO_a1f18ebebadd7ba67c81,4.372389e-4
PE_aabfd65339aff75f7260,2021,MT,TSS,95,CO_46c57d09d14f73d26ade;CO_c4b921fb6551a3b8f95b,1388.06,VO_a1f18ebebadd7ba67c81,0.13186569999999997
PE_aafa6a11b0c8557353ec,2012,CT,ICP,0.033,CO_314c8125db7e2d4c4c5d,7407,VO_7ef874e81730021c6e6a,2.4443100000000003e-4
PE_aafa6a11b0c8557353ec,2012,CT,NO3,8.11,CO_ff82f8369bf72d2b706a,7407,VO_7ef874e81730021c6e6a,0.060070769999999996
PE_aafa6a11b0c8557353ec,2012,CT,OP,0.195,CO_73475cb40a568e8da8a0,7407,VO_7ef874e81730021c6e6a,0.001444365
PE_aafa6a11b0c8557353ec,2012,CT,TN,6.69,CO_7160a20005ff0a8b1543,7407,VO_7ef874e81730021c6e6a,0.04955283
PE_aafa6a11b0c8557353ec,2012,CT,TP,1.81,CO_c28474616c0273f299e9,7407,VO_7ef874e81730021c6e6a,0.01340667
PE_ab94cbdf0f0ae0ed0021,2017,CT,NO3,8.600000000000001,CO_0f6004b615adbb8aec46;CO_8faa834d6d1f19e008a6,96275.26,VO_8b760cdf262d74df41ca,0.8279672360000001
PE_ab94cbdf0f0ae0ed0021,2017,CT,OP,0,CO_20e9c64c05a54d199610;CO_226f76b55acb49701e06,96275.26,VO_8b760cdf262d74df41ca,0
PE_ab94cbdf0f0ae0ed0021,2017,CT,TKN,8.100000000000001,CO_487e4a2ed2f8e9b2ef24;CO_6678394ac11e55af26ac,96275.26,VO_8b760cdf262d74df41ca,0.7798296060000002
PE_ab94cbdf0f0ae0ed0021,2017,CT,TP,0.355,CO_726ec906a90da1f19f31;CO_fd53efd8940f305f79e2,96275.26,VO_8b760cdf262d74df41ca,0.03417771729999999
PE_ab94cbdf0f0ae0ed0021,2017,CT,TSS,4885.8335,CO_65b38055dce657be0df9;CO_e29a475527ea5ad7806d,96275.26,VO_8b760cdf262d74df41ca,470.38489052921
PE_ac3d960daae67baaced1,2024,ST,NO2,0,CO_277fb860522930c1e56c;CO_33c62a2a336ae37ca20e;CO_3af06dad794158344d80;CO_cdfe5c4dd2e7bb8c7837,44818.95,VO_46934e1ac7ddc053b8b1;VO_5f52ef9cf952bb36df93,0
PE_ac3d960daae67baaced1,2024,ST,NO3,8.995000000000001,CO_344510415bf330aa4ea4;CO_9f22a07e239606e3d407;CO_baf64c5bd986d7927f82;CO_d4038d81b261ec584a1f,44818.95,VO_46934e1ac7ddc053b8b1;VO_5f52ef9cf952bb36df93,0.40314645525
PE_ac3d960daae67baaced1,2024,ST,OP,0.47,CO_8f97d9164b8fa131f036;CO_c62ce8b4e927f02f9174;CO_eb0c9cdc0862653468da;CO_ee9d527a0a6108477fc5,44818.95,VO_46934e1ac7ddc053b8b1;VO_5f52ef9cf952bb36df93,0.021064906499999998
PE_ac3d960daae67baaced1,2024,ST,TDS,1280,CO_4a979c1c13861da35def;CO_872119f809e53e0f8414;CO_8e9b849b823f33bd8266;CO_c9c35aabd2d3a831842e,44818.95,VO_46934e1ac7ddc053b8b1;VO_5f52ef9cf952bb36df93,57.368256
PE_ac3d960daae67baaced1,2024,ST,TKN,0.855,CO_9b6dc42334a8c2bb7c48;CO_a2730bca63eff58682d6;CO_b7d7b92afabba5625431;CO_c43804ea600ae2f14eb2,44818.95,VO_46934e1ac7ddc053b8b1;VO_5f52ef9cf952bb36df93,0.03832020225
PE_ac3d960daae67baaced1,2024,ST,TP,0.767,CO_0a95adbf8581859ae0cc;CO_20ee235b5de5b36244da;CO_9baed8fceea6e36d3667;CO_ec54e99514663edb97ad,44818.95,VO_46934e1ac7ddc053b8b1;VO_5f52ef9cf952bb36df93,0.03437613465
PE_ac3d960daae67baaced1,2024,ST,TSS,1508.3335,CO_570934dfc7e7b82a01f5;CO_98edadaec07b07e0e199;CO_b1595436f53fb2b42e30;CO_ef1d13a1b558836936f2,44818.95,VO_46934e1ac7ddc053b8b1;VO_5f52ef9cf952bb36df93,67.601923719825
PE_aebdb39ecf09b7246cce,2017,ST,NO3,8.8,CO_13908fe4d3eb986b2465;CO_ce741a4b1dccaa73955a;CO_e0a19cbdac9fda12364d,2252.08,VO_aa49a6cab3b6fd6b0297,0.019818304
PE_aebdb39ecf09b7246cce,2017,ST,OP,0,CO_377adeb4cd4096adc7ca;CO_748064be03a08df81e31;CO_7a20311cf7a4b222d436,2252.08,VO_aa49a6cab3b6fd6b0297,0
PE_aebdb39ecf09b7246cce,2017,ST,TKN,1.6,CO_8d3e3fa0a4294fb5cad5;CO_aaa33494ff99c63dc886;CO_dc4aa707636ec734bb22,2252.08,VO_aa49a6cab3b6fd6b0297,0.003603328
PE_aebdb39ecf09b7246cce,2017,ST,TP,0.2,CO_27bb63ed6f711388cd6e;CO_2c29bd822988ccf7b83e;CO_58fba35ac3591d27507b,2252.08,VO_aa49a6cab3b6fd6b0297,4.50416e-4
PE_aebdb39ecf09b7246cce,2017,ST,TSS,619,CO_0c56061ff68289f6321d;CO_11a9b760a24b6d4f83ee;CO_ba8a01fe984ddab6912f,2252.08,VO_aa49a6cab3b6fd6b0297,1.39403752
PE_af302406db17d17a7a53,2013,ST,ICP,0.008,CO_27d73d98c36f3dc0af6a,9708,VO_d67873e98dbcda8b1d98,7.766400000000001e-5
PE_af302406db17d17a7a53,2013,ST,NO3,8.128,CO_5524fe000ffd5c1743a6,9708,VO_d67873e98dbcda8b1d98,0.078906624
PE_af302406db17d17a7a53,2013,ST,TKN,6.718,CO_9841b7a33831ef01be43,9708,VO_d67873e98dbcda8b1d98,0.065218344
PE_af302406db17d17a7a53,2013,ST,TP,0.157,CO_22a2fa7d04248931a885,9708,VO_d67873e98dbcda8b1d98,0.001524156
PE_af302406db17d17a7a53,2013,ST,TSS,161,CO_ce6bedca3f2a54e05cb8,9708,VO_d67873e98dbcda8b1d98,1.562988
PE_aff676165fb4dcb5d27b,2013,CT,ICP,0.047,CO_9551dc186746041a3390,30421,VO_b5eb51affdcf8ebdc5dc,0.001429787
PE_aff676165fb4dcb5d27b,2013,CT,NO3,7.947,CO_f3a6399711da0b03dbe6,30421,VO_b5eb51affdcf8ebdc5dc,0.241755687
PE_aff676165fb4dcb5d27b,2013,CT,TKN,3.343,CO_04ad2618a7fe10a34a25,30421,VO_b5eb51affdcf8ebdc5dc,0.101697403
PE_aff676165fb4dcb5d27b,2013,CT,TP,1.591,CO_1c00e16c0db1f129d7b8,30421,VO_b5eb51affdcf8ebdc5dc,0.048399811
PE_aff676165fb4dcb5d27b,2013,CT,TSS,2253.45,CO_619f02801a62f81b3b1f,30421,VO_b5eb51affdcf8ebdc5dc,68.55220244999998
PE_b15a9c9310263b4bd919,2016,ST,NH4,0.049,CO_60a8b77522161629fae0;CO_bc750962479787a4b3bc,22526.43,VO_9e2820d4f6c93c54dd82,0.00110379507
PE_b15a9c9310263b4bd919,2016,ST,NO3,5.18,CO_29d504c9de3a93087127;CO_7a36b30f042b6325afcb,22526.43,VO_9e2820d4f6c93c54dd82,0.1166869074
PE_b15a9c9310263b4bd919,2016,ST,NPOC,6.65,CO_18331ebc79671d436d0d;CO_b31f246100821b551f2f,22526.43,VO_9e2820d4f6c93c54dd82,0.14980075950000002
PE_b15a9c9310263b4bd919,2016,ST,OP,0.0335,CO_3a1dfb05d7257530e634;CO_c76b405781134be1dab7,22526.43,VO_9e2820d4f6c93c54dd82,7.546354050000001e-4
PE_b15a9c9310263b4bd919,2016,ST,TKN,0.14400000000000002,CO_66eba0f8578c53acb353;CO_86e83855c103c5adfcac,22526.43,VO_9e2820d4f6c93c54dd82,0.0032438059200000004
PE_b15a9c9310263b4bd919,2016,ST,TN,4.907500000000001,CO_4a05d299cf1bfc2678d7;CO_cc80e5682a1da08477a6,22526.43,VO_9e2820d4f6c93c54dd82,0.11054845522500001
PE_b15a9c9310263b4bd919,2016,ST,TP,0.005,CO_5d6e5dacd1f15ec9e386;CO_b8044b04302d760305b0,22526.43,VO_9e2820d4f6c93c54dd82,1.1263215000000001e-4
PE_b15a9c9310263b4bd919,2016,ST,TSP,0.002,CO_0353b5ce8cb2c50d15fd;CO_6b454452a2b647e4f230,22526.43,VO_9e2820d4f6c93c54dd82,4.505286e-5
PE_b15a9c9310263b4bd919,2016,ST,TSS,508.5715,CO_4acb053f04088f1ff4a4;CO_5e87eede5b0c2e5a3acb,22526.43,VO_9e2820d4f6c93c54dd82,11.456300294745
PE_b15e4fcb30712b14fe4a,2024,CT,NO2,0,CO_44544e0d6770664c4c13;CO_60f6f7c82d6cd3319c02;CO_69cddaf496b7fcb7e412;CO_ae35377f9c85f860a941,45236.055,VO_71c4c64e5a03619e31c7;VO_ae72c9e2763cded9246d,0
PE_b15e4fcb30712b14fe4a,2024,CT,NO3,9.105,CO_1e19e076f5ae57e24342;CO_7f7e4d7eba491f6fdf3b;CO_93f7fb79b9839d5d7de0;CO_d08553fbe31da772e977,45236.055,VO_71c4c64e5a03619e31c7;VO_ae72c9e2763cded9246d,0.41187428077500005
PE_b15e4fcb30712b14fe4a,2024,CT,OP,0.7,CO_3097fc802d49355a0a25;CO_7fc81a57656ec0556151;CO_c0cc3b36d8f848d56fbf;CO_f0cbba2470c7c8706fe7,45236.055,VO_71c4c64e5a03619e31c7;VO_ae72c9e2763cded9246d,0.0316652385
PE_b15e4fcb30712b14fe4a,2024,CT,TDS,1285,CO_19c0d5b05f2008b19051;CO_266014ff36da03a4242f;CO_8227edb8f84ea693b29e;CO_c5b5ce3c861e941d2f94,45236.055,VO_71c4c64e5a03619e31c7;VO_ae72c9e2763cded9246d,58.128330674999994
PE_b15e4fcb30712b14fe4a,2024,CT,TKN,0.725,CO_123a999feadac2aaa0d5;CO_b06fa6f096dd29d01361;CO_ec8b19be39eb32ee923d;CO_f723386d3487b4a2dab0,45236.055,VO_71c4c64e5a03619e31c7;VO_ae72c9e2763cded9246d,0.032796139875
PE_b15e4fcb30712b14fe4a,2024,CT,TP,0.5780000000000001,CO_50828327cbf487d99d22;CO_c00cf031587d12c30935;CO_d7c7673ba8ca7b0f04b1;CO_ed823ec32c5d4e9ca9dd,45236.055,VO_71c4c64e5a03619e31c7;VO_ae72c9e2763cded9246d,0.026146439790000003
PE_b15e4fcb30712b14fe4a,2024,CT,TSS,1582.5,CO_6a98afad344da3657e20;CO_7df1c1476c97ea1747dc;CO_9f397fc29a2635b57f1f;CO_efc54f78c3ba4a5c8442,45236.055,VO_71c4c64e5a03619e31c7;VO_ae72c9e2763cded9246d,71.5860570375
PE_b1afcc1865b3673c3f96,2017,ST,NO3,7.9,CO_e919459e6234a3df3ead,7850.09,VO_7de071208675e622a7f8,0.062015711
PE_b1afcc1865b3673c3f96,2017,ST,OP,0.062,CO_b3dfdc6efe322a6feccb,7850.09,VO_7de071208675e622a7f8,4.8670558e-4
PE_b1afcc1865b3673c3f96,2017,ST,TKN,1.1,CO_72abacb094771a0a64a5,7850.09,VO_7de071208675e622a7f8,0.008635099
PE_b1afcc1865b3673c3f96,2017,ST,TP,0.14,CO_d3fb4415d5c03cf65449,7850.09,VO_7de071208675e622a7f8,0.0010990126000000001
PE_b1afcc1865b3673c3f96,2017,ST,TSS,2703.3335,CO_4af95edfc55e0c4ade15;CO_dacdc13f490e892867b6,7850.09,VO_7de071208675e622a7f8,21.221411275015
PE_b33e709d47bdf184022c,2012,ST,TSS,997.38,CO_80429974cd0114d96472,8574,VO_68ef35c6e2efedee0242,8.55153612
PE_b8308018e6102975285e,2017,CT,NO3,9.399999999999999,CO_1900b07bf0e92e677244;CO_f596dc40b19f77eede69,66112.6,VO_447830ec8f4111beda3a,0.62145844
PE_b8308018e6102975285e,2017,CT,OP,0,CO_1038e0b72d98745fac0f;CO_9e11c362bc3d3572970b,66112.6,VO_447830ec8f4111beda3a,0
PE_b8308018e6102975285e,2017,CT,TKN,0.9650000000000001,CO_34835db382b8c78f1a7c;CO_d44ce374513f092daa6c,66112.6,VO_447830ec8f4111beda3a,0.06379865900000001
PE_b8308018e6102975285e,2017,CT,TP,0.20500000000000002,CO_40dd2b010d461c24e487;CO_f10d342ce63e0d2d9cd9,66112.6,VO_447830ec8f4111beda3a,0.013553083000000002
PE_b8308018e6102975285e,2017,CT,TSS,8252.5,CO_891882400f1dfae171d4;CO_e305f88bde4331f5d180,66112.6,VO_447830ec8f4111beda3a,545.5942315
PE_b8e71db51ca3429eec1c,2012,CT,TSS,795.06,CO_d7883857184801abb850,10219,VO_ce6a578f40448da7b6a0,8.124718139999999
PE_b97599d9b9e5ae17b264,2014,MT,OP,0.084,CO_d4ee9f58e5860574ca98;CO_d6f0c71ef0c88e45e4b3,0,VO_df95d838229c9f817d3d,0
PE_b97599d9b9e5ae17b264,2014,MT,TN,1.8365,CO_a8054ef7fc192135dd8d;CO_ebafc7f8530e495245bd,0,VO_df95d838229c9f817d3d,0
PE_b97599d9b9e5ae17b264,2014,MT,TP,1.0899999999999999,CO_665cb02ac3b3b46848df;CO_f2adeac9190ca809f502,0,VO_df95d838229c9f817d3d,0
PE_b97599d9b9e5ae17b264,2014,MT,TSS,726.4445000000001,CO_79e9a1c491be34ad9e3a;CO_88ab2405a5ae08f609fe,0,VO_df95d838229c9f817d3d,0
PE_b97c1528d04a3375b3cc,2025,CT,NO2,0.7755000000000001,CO_343c8d52baa0c98d0bbf;CO_50f739f3e05795abda30;CO_660c4a65afffdadef14c;CO_c7ee488de027cdf2c9c3,38937.899999999994,VO_4c1d12b375e3f4d42c03;VO_9a45c71fee4696a87a5b,0.03019634145
PE_b97c1528d04a3375b3cc,2025,CT,NO3,0.14600000000000002,CO_6339497c1ac50c3af235;CO_a3eac2342f596faa5889;CO_b3e9ff4f6097909e2b66;CO_e1638e7a3cb9bd9c9b75,38937.899999999994,VO_4c1d12b375e3f4d42c03;VO_9a45c71fee4696a87a5b,0.0056849334
PE_b97c1528d04a3375b3cc,2025,CT,OP,0,CO_6629ddae3736e894e89c;CO_cdad86ca9450d1c14367;CO_e39eef82f61b21e2e7f7;CO_f00f2e7bca65e9f8409f,38937.899999999994,VO_4c1d12b375e3f4d42c03;VO_9a45c71fee4696a87a5b,0
PE_b97c1528d04a3375b3cc,2025,CT,TDS,635,CO_20f7372b08721802e530;CO_23591323fba453eb3208;CO_934b44fce2c406cf9aad;CO_e4db48ed9172086fcb06,38937.899999999994,VO_4c1d12b375e3f4d42c03;VO_9a45c71fee4696a87a5b,24.725566499999996
PE_b97c1528d04a3375b3cc,2025,CT,TKN,0.5,CO_5714f0813b1aeaab7c5c;CO_7e5ae8620fc5ac135465;CO_8107b392cd1c8093a753;CO_faa3719c835d433bfb62,38937.899999999994,VO_4c1d12b375e3f4d42c03;VO_9a45c71fee4696a87a5b,0.01946895
PE_b97c1528d04a3375b3cc,2025,CT,TP,0.49,CO_3c1d9213f8765a2a3628;CO_daab3aa68185b677bd3c;CO_ddc10a5906f8c0ea77ba;CO_fb48aaf65ec04e4bcfcb,38937.899999999994,VO_4c1d12b375e3f4d42c03;VO_9a45c71fee4696a87a5b,0.019079570999999997
PE_b97c1528d04a3375b3cc,2025,CT,TSS,1091.6665,CO_05c5cf7f0c1a4e640578;CO_1cdc9c0e295a35a3dad3;CO_55a4333563cc125b1e46;CO_aeff9a7e3e9715c2ea6d,38937.899999999994,VO_4c1d12b375e3f4d42c03;VO_9a45c71fee4696a87a5b,42.507201010349995
PE_ba52bc1fb67fd667fce4,2015,CT,NH4,0.131,CO_cf830153793c89f33523;CO_da162cc722f9d53f8426,25946.18,VO_7fc224193a58587f3e30,0.00339894958
PE_ba52bc1fb67fd667fce4,2015,CT,NO3,8.21,CO_15e455ddba0cbf83d388;CO_4014e91c398f3fe2460f,25946.18,VO_7fc224193a58587f3e30,0.21301813780000003
PE_ba52bc1fb67fd667fce4,2015,CT,OP,0.043,CO_093434a3ee9e0a010bb2;CO_fa2b7af0a811b9acde60,25946.18,VO_7fc224193a58587f3e30,0.0011156857399999998
PE_ba52bc1fb67fd667fce4,2015,CT,TKN,1.22,CO_651f3931aac1c27183fc,25946.18,VO_7fc224193a58587f3e30,0.0316543396
PE_ba52bc1fb67fd667fce4,2015,CT,TN,9.731,CO_89318a103722e26c214e;CO_8ddf24ab1d3a7c9166e7,25946.18,VO_7fc224193a58587f3e30,0.25248227757999997
PE_ba52bc1fb67fd667fce4,2015,CT,TP,3.046,CO_b24e3e21870645af14da,25946.18,VO_7fc224193a58587f3e30,0.07903206428
PE_ba52bc1fb67fd667fce4,2015,CT,TSP,0.824,CO_1f0d41c157a1400e3284,25946.18,VO_7fc224193a58587f3e30,0.021379652319999998
PE_ba52bc1fb67fd667fce4,2015,CT,TSS,3781.25,CO_571a94e592a83819acaa;CO_bad1549d3c609346629a,25946.18,VO_7fc224193a58587f3e30,98.108993125
PE_bb12989edd121747925a,2017,ST,NO3,8.95,CO_11b6d5d62c0c8d756f35;CO_a9701cee1030236e2061,19019.63,VO_a351844f35a674e33db5,0.1702256885
PE_bb12989edd121747925a,2017,ST,OP,0.031,CO_43c727ee4fc7250574d2;CO_48a1706eca5ee6148f74,19019.63,VO_a351844f35a674e33db5,5.8960853e-4
PE_bb12989edd121747925a,2017,ST,TKN,0.6,CO_933b7d8e3c4f07686e72;CO_d41fcbf17a8ad37c9490,19019.63,VO_a351844f35a674e33db5,0.011411778000000001
PE_bb12989edd121747925a,2017,ST,TP,0.14,CO_3141d9c749e88ee55501;CO_fea8344c6c192a73125b,19019.63,VO_a351844f35a674e33db5,0.0026627482000000004
PE_bb12989edd121747925a,2017,ST,TSS,309.16650000000004,CO_71a0b1ec39c17956792f;CO_88e281c34b27bf2fd189,19019.63,VO_a351844f35a674e33db5,5.880232438395001
PE_bb93d27303738aac704e,2011,CT,TSS,929.94,CO_e51d853d4508558ceb3a,14140.76,VO_1f5230c0b3f7518df0ad,13.150058354400002
PE_bc61de5f5289bc8f0b3a,2013,CT,ICP,0.01,CO_100e667d1f4c2509d4c8,6754,VO_13c56e0ea6f9a257accc,6.754000000000001e-5
PE_bc61de5f5289bc8f0b3a,2013,CT,NO3,9.308,CO_86d1d4f9c4c19f02a0e1,6754,VO_13c56e0ea6f9a257accc,0.062866232
PE_bc61de5f5289bc8f0b3a,2013,CT,TKN,5.605,CO_92b18972560ad2bbd280,6754,VO_13c56e0ea6f9a257accc,0.03785617000000001
PE_bc61de5f5289bc8f0b3a,2013,CT,TP,0.213,CO_6ecf763ff6e7cef7b47e,6754,VO_13c56e0ea6f9a257accc,0.0014386019999999998
PE_bc61de5f5289bc8f0b3a,2013,CT,TSS,154.75,CO_4d852fc6efc3c699a5f6,6754,VO_13c56e0ea6f9a257accc,1.0451815
PE_bd946a490a6a02b814d8,2011,MT,TSS,1351.44,CO_726bce19803eb46222a2,19322.43,VO_c1f4c3982e04fc6bdf7d,26.113104799200002
PE_bf3c8f9a7d724b354b6c,2024,ST,NO2,0,CO_0c73ebfedfb4af1e074a;CO_7ee3819bf62f7e4563a2;CO_8f33eff9c330b9e8348f;CO_da360c513cf899bb114f,56491.16,VO_3591908fd88e23cdf2c3;VO_b59620fa3b51dff4fb72,0
PE_bf3c8f9a7d724b354b6c,2024,ST,NO3,8.895,CO_2a649680041ffb7eac69;CO_89be545c95f75dbe6463;CO_9e25d9e0feebb92178df;CO_c34ae04b892e736bd3b5,56491.16,VO_3591908fd88e23cdf2c3;VO_b59620fa3b51dff4fb72,0.5024888682
PE_bf3c8f9a7d724b354b6c,2024,ST,OP,0.2875,CO_39e18a493b913441c12f;CO_9284d61c8c2ba62b951d;CO_a5ccb1c538e34663a658;CO_b123f95a5578ac2ffb57,56491.16,VO_3591908fd88e23cdf2c3;VO_b59620fa3b51dff4fb72,0.0162412085
PE_bf3c8f9a7d724b354b6c,2024,ST,TDS,1290,CO_08c048c27d0d227643fc;CO_a72464fbffd235461f4c;CO_c051626e6113466d9e8f;CO_ff73643bd53c7f0b856a,56491.16,VO_3591908fd88e23cdf2c3;VO_b59620fa3b51dff4fb72,72.87359640000001
PE_bf3c8f9a7d724b354b6c,2024,ST,TKN,2.8,CO_0315b4020af3eccab770;CO_4bf983753a3d8b68554e;CO_d6b905bd0b0fdb7bb999;CO_fff81139a7dd8a3a48f4,56491.16,VO_3591908fd88e23cdf2c3;VO_b59620fa3b51dff4fb72,0.158175248
PE_bf3c8f9a7d724b354b6c,2024,ST,TP,0.9835,CO_1bea20e1df19b1201397;CO_73a2af8864fc500fa490;CO_b1ab1e892617f210425f;CO_d398b29d3dbbb9bf201d,56491.16,VO_3591908fd88e23cdf2c3;VO_b59620fa3b51dff4fb72,0.055559055860000005
PE_bf3c8f9a7d724b354b6c,2024,ST,TSS,1786.6665,CO_0dac761b2dabecc3d8b9;CO_37681a2a5b6bb0e0725f;CO_9cd09f74a7539021b21e;CO_c03a6aa8f86dcc70cba8,56491.16,VO_3591908fd88e23cdf2c3;VO_b59620fa3b51dff4fb72,100.93086311814001
PE_bf786c4279f3d76bf849,2017,CT,NO3,9.4,CO_6e73a9ee394de721f40c;CO_934255a2493ce28661fb;CO_9625b0d86d2d7e9854b7,36426.84,VO_d53ee31153ba1a75e628,0.34241229599999995
PE_bf786c4279f3d76bf849,2017,CT,OP,0,CO_156091ee0884f36de983;CO_8d1ede4f889e0ed6f082;CO_aae02129362d611717b6,36426.84,VO_d53ee31153ba1a75e628,0
PE_bf786c4279f3d76bf849,2017,CT,TKN,0,CO_0ab77c56eece2d243991;CO_3fd388b5f0aea188259f;CO_ae705b6c2f40c6668a32,36426.84,VO_d53ee31153ba1a75e628,0
PE_bf786c4279f3d76bf849,2017,CT,TP,0.2,CO_74bbcf773c82f8b9b1a4;CO_ca0a39458de3f0633852;CO_da4bb298d82e8b0c1cde,36426.84,VO_d53ee31153ba1a75e628,0.0072853679999999995
PE_bf786c4279f3d76bf849,2017,CT,TSS,1110,CO_72f721d2f1fa58d73ece;CO_852c2385523292935a83;CO_fc1dfc78cff1d3ebdeb7,36426.84,VO_d53ee31153ba1a75e628,40.4337924
PE_bf957c2b943f4c0693c5,2025,CT,NO2,0.864,CO_6c2240d234a0d849b25b;CO_9d4244b01f77bed4bf16;CO_a7a84d7ed00e48b829da;CO_ca9ceb6158f6b3bb85d1,33512.005,VO_9eabd05aa3820dd21ddb;VO_d9b7a376d22d3d10e42f,0.028954372319999998
PE_bf957c2b943f4c0693c5,2025,CT,NO3,0.0615,CO_88367dd16bfd18ba5595;CO_e09a7c96d31f51dcd69a;CO_e3ff67a034be1f249caa;CO_ec5ed4cd5e418f59e39b,33512.005,VO_9eabd05aa3820dd21ddb;VO_d9b7a376d22d3d10e42f,0.0020609883075
PE_bf957c2b943f4c0693c5,2025,CT,OP,0.308,CO_3033cf66fa728da7a294;CO_5538e771949ffec150f6;CO_8a8b2d66735ed03d0841;CO_ad8fa913d25b3970c6ef,33512.005,VO_9eabd05aa3820dd21ddb;VO_d9b7a376d22d3d10e42f,0.010321697539999999
PE_bf957c2b943f4c0693c5,2025,CT,TDS,606,CO_139c7de18412dd7f35cd;CO_3845075ee50bf2845860;CO_5d7456f79a6eb18225de;CO_f7b8e5e04b592462fd9e,33512.005,VO_9eabd05aa3820dd21ddb;VO_d9b7a376d22d3d10e42f,20.308275029999997
PE_bf957c2b943f4c0693c5,2025,CT,TKN,0,CO_13138993ff1ce9cbc0b4;CO_1ce7bdf71376bafe03ac;CO_6317984746f7082680fb;CO_dc727ebc0766b63dc7f1,33512.005,VO_9eabd05aa3820dd21ddb;VO_d9b7a376d22d3d10e42f,0
PE_bf957c2b943f4c0693c5,2025,CT,TP,1.3900000000000001,CO_28e7234668777f9ed7a6;CO_7907a88d77f29a7681a0;CO_8efb3a60255de6db1c77;CO_e0ccc43c9b15159c7ad9,33512.005,VO_9eabd05aa3820dd21ddb;VO_d9b7a376d22d3d10e42f,0.046581686950000006
PE_bf957c2b943f4c0693c5,2025,CT,TSS,956.6665,CO_0b178e2a3da0493eae64;CO_0ed0258bfcb2815dfa98;CO_7d868b6b33ce0ae547be;CO_aa6577303b254805cd70,33512.005,VO_9eabd05aa3820dd21ddb;VO_d9b7a376d22d3d10e42f,32.0598125313325
PE_c02065fb3d43fb398d43,2013,MT,ICP,0.185,CO_8552b874fd59a64333e8,25396,VO_40d5268313cc202f3868,0.00469826
PE_c02065fb3d43fb398d43,2013,MT,NO3,9.436,CO_5d69d55ace245c9ac57a,25396,VO_40d5268313cc202f3868,0.23963665599999998
PE_c02065fb3d43fb398d43,2013,MT,TKN,6.798,CO_23793f85cf1f0dff8bf1,25396,VO_40d5268313cc202f3868,0.172642008
PE_c02065fb3d43fb398d43,2013,MT,TP,0.914,CO_cb69775effd93fc34ef3,25396,VO_40d5268313cc202f3868,0.023211943999999998
PE_c02065fb3d43fb398d43,2013,MT,TSS,1867.35,CO_f60a4e204e26ba14f7a9,25396,VO_40d5268313cc202f3868,47.42322059999999
PE_c47c9d70dd976023c209,2017,ST,NO3,8,CO_d265908f76c0179e2929,31370.08,VO_2bb50a9aa442be3a9435,0.25096064
PE_c47c9d70dd976023c209,2017,ST,OP,0,CO_8ede6b26343305e05c3c,31370.08,VO_2bb50a9aa442be3a9435,0
PE_c47c9d70dd976023c209,2017,ST,TKN,0,CO_9385aabddf6b3fe60d29,31370.08,VO_2bb50a9aa442be3a9435,0
PE_c47c9d70dd976023c209,2017,ST,TP,0.24,CO_57c03210be824f7a2615,31370.08,VO_2bb50a9aa442be3a9435,0.0075288192
PE_c47c9d70dd976023c209,2017,ST,TSS,1355,CO_618dd2c82346f223f482;CO_d6b93f2e29677db7be6e,31370.08,VO_2bb50a9aa442be3a9435,42.50645840000001
PE_c4d07b74212554f5c722,2014,CT,NO3,9.002500000000001,CO_4ebbca3ca29aad239c61;CO_6e49b6d291aff4f2be83;CO_d6da8b1e3b2432e1043b;CO_d7ccad3f6bbcb9a9eeb3,35177.79,VO_178584976151871a6cfc,0.3166880544750001
PE_c4d07b74212554f5c722,2014,CT,OP,0.0675,CO_41e521adf8ae7a0f419e;CO_4a8596a7790b5ca9e067;CO_cba28b89eb859497f544;CO_dac53c17c250fd4d4d81,35177.79,VO_178584976151871a6cfc,0.002374500825
PE_c4d07b74212554f5c722,2014,CT,TKN,6.29,CO_b96cb18015f6896c4fc7,35177.79,VO_178584976151871a6cfc,0.2212682991
PE_c4d07b74212554f5c722,2014,CT,TN,4.925000000000001,CO_54d639e084afe6381ba6;CO_86f24e0a8f1140e3cdf5;CO_8be140392743ec8e7aa6;CO_e8322f8887bb25b3fcb0,35177.79,VO_178584976151871a6cfc,0.17325061575000003
PE_c4d07b74212554f5c722,2014,CT,TP,0.9430000000000001,CO_065f4fa6723db9087ba0;CO_2adf89afa76f370d5409;CO_6fa0b9010de4170dbe21;CO_da9570a2a77104e59f01,35177.79,VO_178584976151871a6cfc,0.03317265597
PE_c4d07b74212554f5c722,2014,CT,TSP,0.109,CO_d364771e6b6053d4be42,35177.79,VO_178584976151871a6cfc,0.00383437911
PE_c4d07b74212554f5c722,2014,CT,TSS,523.333,CO_47e390604bc023d0a432;CO_64fd0d4db8bb0aee5540;CO_bfb51e52c55467518910;CO_d5a7ba70a40e84ffe2d0,35177.79,VO_178584976151871a6cfc,18.40969837407
PE_c4edc2fbb24bd4d4304b,2012,ST,ICP,0.154,CO_84b564f96061f242d232,26014,VO_52daca1224a58850a33d,0.004006156
PE_c4edc2fbb24bd4d4304b,2012,ST,NO3,7.037,CO_b1ded99722cf8de822a8,26014,VO_52daca1224a58850a33d,0.183060518
PE_c4edc2fbb24bd4d4304b,2012,ST,OP,0.052,CO_a88a7902cb4ef697ba0b,26014,VO_52daca1224a58850a33d,0.0013527279999999999
PE_c4edc2fbb24bd4d4304b,2012,ST,TN,1.803,CO_cc1426618cb6931b719e,26014,VO_52daca1224a58850a33d,0.046903242
PE_c4edc2fbb24bd4d4304b,2012,ST,TP,0.758,CO_b62764dc19af7e6a2fd3,26014,VO_52daca1224a58850a33d,0.019718612
PE_c4edc2fbb24bd4d4304b,2012,ST,TSS,710.76,CO_c36192f00d848c0d4df3,26014,VO_52daca1224a58850a33d,18.489710640000002
PE_c4fc7e34113b4d993b07,2024,MT,NO2,0,CO_3cb7cfaae343aed76bfb;CO_abbfc2b6da87b49139e8;CO_e7684b3d13dd994b4a93;CO_e7cb53c0f89e9bd4374a,38338.45,VO_f7f610fcaf08518dd4ef,0
PE_c4fc7e34113b4d993b07,2024,MT,NO3,0.2155,CO_1b8f39475cb531e800c4;CO_1cea97c28cd639e0f330;CO_93919581b9314ddadcfe;CO_ef1956ff4324600bc95a,38338.45,VO_f7f610fcaf08518dd4ef,0.008261935974999999
PE_c4fc7e34113b4d993b07,2024,MT,OP,0.3185,CO_2f74d62c5e51079f4e0d;CO_6e8d1a943f1298968273;CO_bff3992c1d4f9aa5a794;CO_e0e3fcdfb0803ca53891,38338.45,VO_f7f610fcaf08518dd4ef,0.012210796324999999
PE_c4fc7e34113b4d993b07,2024,MT,TDS,620,CO_406c649c18179a164f72;CO_893955eaa7b1b1b32f10;CO_e2eba231ef1a4fd3cc26;CO_eece4d77d98e1f5007f8,38338.45,VO_f7f610fcaf08518dd4ef,23.769839
PE_c4fc7e34113b4d993b07,2024,MT,TKN,0,CO_5243263d41cab9e1cbdc;CO_7ddb44478c5fe21a66e7;CO_cea1f4fe80650694ba7c;CO_cf7dee3443a859943d9e,38338.45,VO_f7f610fcaf08518dd4ef,0
PE_c4fc7e34113b4d993b07,2024,MT,TP,0.6705000000000001,CO_0dfcebf485c29dd65394;CO_9e088cddb90e91e1ec3e;CO_d8ec3903c81cc4f2c290;CO_df34d853f2f2f1f14b92,38338.45,VO_f7f610fcaf08518dd4ef,0.025705930725000003
PE_c4fc7e34113b4d993b07,2024,MT,TSS,443.33349999999996,CO_2de0aa8158a22f12e9db;CO_4d939cf34a293616b690;CO_548860d7012e86e18480;CO_f5ef15fb1c6e42111b73,38338.45,VO_f7f610fcaf08518dd4ef,16.996719223074997
PE_c5a528f80c9645768ba8,2011,MT,ICP,0.261,CO_48fe0661615dd0a2fc9c,36672.87,VO_41b0d4fc510f3f8f9f65,0.00957161907
PE_c5a528f80c9645768ba8,2011,MT,NO3,7.3,CO_4fef4355420472697c29,36672.87,VO_41b0d4fc510f3f8f9f65,0.267711951
PE_c5a528f80c9645768ba8,2011,MT,OP,0.232,CO_4a44dc15364204a80fe8,36672.87,VO_41b0d4fc510f3f8f9f65,0.00850810584
PE_c5a528f80c9645768ba8,2011,MT,TN,4.64,CO_2672c5e0b4b0aa159c51,36672.87,VO_41b0d4fc510f3f8f9f65,0.17016211679999999
PE_c5a528f80c9645768ba8,2011,MT,TP,1.917,CO_3958de59a1ae60b4330e,36672.87,VO_41b0d4fc510f3f8f9f65,0.07030189179000002
PE_c5a528f80c9645768ba8,2011,MT,TSS,1688.64,CO_4bf800ac362b7666ab0f,36672.87,VO_41b0d4fc510f3f8f9f65,61.92727519680001
PE_c629a1c440970481366b,2025,CT,NO2,0.8445,CO_450d7f44d39e166b8426;CO_5828f81e4e1a30fca0d6;CO_824911dc2772f10de226;CO_ac2a41af69b8320d2205,46262.365,VO_20227a1866b7a8af2526;VO_39c87279322973d290da,0.0390685672425
PE_c629a1c440970481366b,2025,CT,NO3,0.1985,CO_2fead305174250d45c8f;CO_343e4608e829354004f6;CO_74a86f62d0acd138c703;CO_fdf3ec936ee7d42f188a,46262.365,VO_20227a1866b7a8af2526;VO_39c87279322973d290da,0.0091830794525
PE_c629a1c440970481366b,2025,CT,OP,0,CO_0aa598c735f77296910c;CO_3cb65cad26f0a517866e;CO_51cfe39433c33d8144a4;CO_c24cf8d31cf7e596ba05,46262.365,VO_20227a1866b7a8af2526;VO_39c87279322973d290da,0
PE_c629a1c440970481366b,2025,CT,TDS,617,CO_823ea8bee44e3bd43a00;CO_94b61028667f73073a55;CO_9b01ed1b37bb28904975;CO_cdc4f04b7654657e1736,46262.365,VO_20227a1866b7a8af2526;VO_39c87279322973d290da,28.543879205
PE_c629a1c440970481366b,2025,CT,TKN,0,CO_0d4a81d212f55a147b93;CO_3900e2a1012f330abc08;CO_803919e93ccac91d25f0;CO_b3c3b62c4e9797a9abb3,46262.365,VO_20227a1866b7a8af2526;VO_39c87279322973d290da,0
PE_c629a1c440970481366b,2025,CT,TP,2.165,CO_1e37a1cedc03621762af;CO_325969e80bedf5b28c02;CO_8032b67b62f573e47ebc;CO_baffc1e34bdd807d7617,46262.365,VO_20227a1866b7a8af2526;VO_39c87279322973d290da,0.100158020225
PE_c629a1c440970481366b,2025,CT,TSS,1488.3335,CO_0468eabdcd833e18d0a0;CO_0d7bcfe4cec22e054b10;CO_724d26237aa5ef393eb7;CO_b0db929af528e3178b6f,46262.365,VO_20227a1866b7a8af2526;VO_39c87279322973d290da,68.8538276187275
PE_c75935d586b36104cb3d,2025,MT,NO2,0.859,CO_7812cee22b768a3e6901;CO_bf163743e96880dc3186;CO_da7b878e5a6662bdc363;CO_e9f86b73c579e90253ce,65381.63,VO_0d7f0a3b9512e6f0599c,0.05616282017
PE_c75935d586b36104cb3d,2025,MT,NO3,0.1235,CO_459d056652a0b7aa7f63;CO_647011fb41f77ae398ca;CO_a1acb291bb339d07faa0;CO_e734ce8f057a2863077c,65381.63,VO_0d7f0a3b9512e6f0599c,0.008074631305
PE_c75935d586b36104cb3d,2025,MT,OP,0.214,CO_0c62cc42d6479a691f03;CO_11382b8de6b4b042f25b;CO_d8b5e2791d0d1cee319e;CO_ffa6059b954a4602a9fa,65381.63,VO_0d7f0a3b9512e6f0599c,0.013991668819999999
PE_c75935d586b36104cb3d,2025,MT,TDS,612,CO_240a8d861c5d80ce61a0;CO_5c73fdec275f141d5fab;CO_da926fa760b897e4c7a4;CO_f6cbb78b6e3a3810de8d,65381.63,VO_0d7f0a3b9512e6f0599c,40.013557559999995
PE_c75935d586b36104cb3d,2025,MT,TKN,0,CO_50496d0b25bc30274d0b;CO_8b6b6e39ef3f491fa6d3;CO_a89bd32e72e6a4fbdfad;CO_caaafd2b3354748b9ba4,65381.63,VO_0d7f0a3b9512e6f0599c,0
PE_c75935d586b36104cb3d,2025,MT,TP,0.6975,CO_5e9abe7a56edadad8b08;CO_6532ddd66812255b7414;CO_f2bdda2192b2a979569c;CO_fa66df2f99cec3fe2cb7,65381.63,VO_0d7f0a3b9512e6f0599c,0.045603686925000005
PE_c75935d586b36104cb3d,2025,MT,TSS,881.6665,CO_1f65946a8ad55ecd871c;CO_2fb67def5c675a68ae7b;CO_b1f2e310b01d85afab52;CO_d5ac45375f4990d3c243,65381.63,VO_0d7f0a3b9512e6f0599c,57.644792886395
PE_c8c569f30d01805d0a71,2023,CT,NO2,0,CO_1d00ce3850e67d531741;CO_4db4da60384e47d40db2;CO_8104df31701f5aad096d;CO_d1f3eb45593b9a49020c,36666.33,VO_1f13b60f80d4a2796b20,0
PE_c8c569f30d01805d0a71,2023,CT,NO3,7.51,CO_0b3fe555ae8bd943feae;CO_5d0a1ea004df018bee89;CO_9f8917ad86101b4ad991;CO_b343addd7aa6b85a2ee2,36666.33,VO_1f13b60f80d4a2796b20,0.2753641383
PE_c8c569f30d01805d0a71,2023,CT,OP,0.067,CO_04222ea3e14cb1209b97;CO_12132cd6767ee325d358;CO_a67063986e67b7ddd107;CO_aaee0ce51abf0849e68b,36666.33,VO_1f13b60f80d4a2796b20,0.00245664411
PE_c8c569f30d01805d0a71,2023,CT,TDS,1215,CO_0d89b2b31f97c14550cb;CO_653ed7af148a21f85ba7;CO_973c5613909906d0871c;CO_b8b8d994dd9fab584001,36666.33,VO_1f13b60f80d4a2796b20,44.54959095
PE_c8c569f30d01805d0a71,2023,CT,TKN,0.7050000000000001,CO_69898c7bb333c6ad353c;CO_95807b29ae7ff1c03c14;CO_cae3f2d4f75f1834c9fb;CO_efbcc6e235db0bb4ee55,36666.33,VO_1f13b60f80d4a2796b20,0.025849762650000004
PE_c8c569f30d01805d0a71,2023,CT,TP,0.6930000000000001,CO_1421ff611c93756cbc67;CO_8a80efe71cf1850186e9;CO_af9d0081b52194599da9;CO_d8d1713dc58165124916,36666.33,VO_1f13b60f80d4a2796b20,0.025409766690000005
PE_c8c569f30d01805d0a71,2023,CT,TSS,680,CO_4c94f0d7b4074bcce76b;CO_5faf9ff67c771ae25545;CO_a27fe0bfff17022440e3;CO_be7768e12d70fb633959,36666.33,VO_1f13b60f80d4a2796b20,24.9331044
PE_c942eb2a8c33280a651a,2011,CT,TSS,1385.16,CO_6a73d2b8c913a6ad8d8d,23467,VO_eb675248db7770dc3a5b,32.505549720000005
PE_cacc8b979264ee41947b,2021,ST,NO3,9.2,CO_9c95695b470eb722bf70;CO_f1325f904954535dbb68,2013.47,VO_6666c16a9b86295ab833,0.018523924
PE_cacc8b979264ee41947b,2021,ST,OP,0,CO_227445a988500528d782;CO_cbd02d97b0731d88c78d,2013.47,VO_6666c16a9b86295ab833,0
PE_cacc8b979264ee41947b,2021,ST,Se,0.0071,CO_74b5dd48de461f7e1b11;CO_f6c5ef7b8ed9f007ca6b,2013.47,VO_6666c16a9b86295ab833,1.4295637e-5
PE_cacc8b979264ee41947b,2021,ST,TKN,2.5,CO_03340dc42c4919ce6019;CO_08ff39839627d6e1619e,2013.47,VO_6666c16a9b86295ab833,0.0050336750000000005
PE_cacc8b979264ee41947b,2021,ST,TP,0.25,CO_272228055649002aa68a;CO_2f57a2e309c463513b96,2013.47,VO_6666c16a9b86295ab833,5.033675e-4
PE_cacc8b979264ee41947b,2021,ST,TSS,818.3335,CO_baf23cd104498815cdb9;CO_d650f2881213742e5ee8,2013.47,VO_6666c16a9b86295ab833,1.6476899522450001
PE_cb393e3c4e62f154fa4e,2012,CT,ICP,0.298,CO_f72ec490c51635ddbfad,16037,VO_0303486dca9e4b8dfc01,0.004779026
PE_cb393e3c4e62f154fa4e,2012,CT,NO3,6.65,CO_f36e412aea00d7c622f3,16037,VO_0303486dca9e4b8dfc01,0.10664605
PE_cb393e3c4e62f154fa4e,2012,CT,OP,0.085,CO_f369cb89fc627e668987,16037,VO_0303486dca9e4b8dfc01,0.0013631450000000003
PE_cb393e3c4e62f154fa4e,2012,CT,TN,1.723,CO_cd185509429cd1b10768,16037,VO_0303486dca9e4b8dfc01,0.027631751
PE_cb393e3c4e62f154fa4e,2012,CT,TP,1.136,CO_274897360371d52c0d6f,16037,VO_0303486dca9e4b8dfc01,0.018218032
PE_cb393e3c4e62f154fa4e,2012,CT,TSS,963.66,CO_d20fdf0c14354aad8439,16037,VO_0303486dca9e4b8dfc01,15.45421542
PE_cb9f67dd406d4fd6f8ba,2015,ST,NH4,0.125,CO_768b4fad9b08d0d3e558;CO_7e431cb8ac2b42ee37fc,3107.49,VO_36d2c78317c2cda7c347,3.8843624999999996e-4
PE_cb9f67dd406d4fd6f8ba,2015,ST,NO3,7.984999999999999,CO_8cdf4bda271139376720;CO_d845f041e1ad38ef69cb,3107.49,VO_36d2c78317c2cda7c347,0.024813307649999995
PE_cb9f67dd406d4fd6f8ba,2015,ST,OP,0.055,CO_114bd151f8fb0c58642d;CO_c0509a487a18b003ba05,3107.49,VO_36d2c78317c2cda7c347,1.7091195e-4
PE_cb9f67dd406d4fd6f8ba,2015,ST,TKN,0.327,CO_7ab2883acc2a68419a80,3107.49,VO_36d2c78317c2cda7c347,0.00101614923
PE_cb9f67dd406d4fd6f8ba,2015,ST,TN,8.5,CO_c18377cbb0ff2a6fc1b1;CO_db2c44ae617f7f2f602c,3107.49,VO_36d2c78317c2cda7c347,0.026413664999999996
PE_cb9f67dd406d4fd6f8ba,2015,ST,TP,0,CO_8d30c678193105253b54,3107.49,VO_36d2c78317c2cda7c347,0
PE_cb9f67dd406d4fd6f8ba,2015,ST,TSP,0,CO_26566cfe40fe8e6f5ff1,3107.49,VO_36d2c78317c2cda7c347,0
PE_cb9f67dd406d4fd6f8ba,2015,ST,TSS,158.33350000000002,CO_05d7db519add2bad1865;CO_79b9ca1465a312fcf5b5,3107.49,VO_36d2c78317c2cda7c347,0.492019767915
PE_cbf4318e50a8377eaa96,2016,CT,NH4,0.1595,CO_6f388c2957a905adf7d8;CO_f27a6c4a43c81147c1db,36432.52,VO_f911c1999794e47466e4,0.0058109869399999995
PE_cbf4318e50a8377eaa96,2016,CT,NO3,4.746,CO_e593b3235fd5043499fb;CO_ec297c73445f953cd4f2,36432.52,VO_f911c1999794e47466e4,0.17290873992
PE_cbf4318e50a8377eaa96,2016,CT,NPOC,4.6175,CO_58129455d17a904e2a5a;CO_d8e189746ecc93866f4c,36432.52,VO_f911c1999794e47466e4,0.16822716109999997
PE_cbf4318e50a8377eaa96,2016,CT,OP,0.04,CO_1e68ed4e3d58a51096a7;CO_e0850a775c17a87060c0,36432.52,VO_f911c1999794e47466e4,0.0014573008
PE_cbf4318e50a8377eaa96,2016,CT,TKN,0.0395,CO_10acb87b3040f4e17778;CO_2e27bb07e506e9824ae3,36432.52,VO_f911c1999794e47466e4,0.0014390845399999998
PE_cbf4318e50a8377eaa96,2016,CT,TN,4.4975000000000005,CO_2ad1d92484243efac833;CO_a1913ec75b7ac63d6d9f,36432.52,VO_f911c1999794e47466e4,0.1638552587
PE_cbf4318e50a8377eaa96,2016,CT,TP,0.002,CO_3e6fadf870460e8de279;CO_48d3007452360e9b7e6b,36432.52,VO_f911c1999794e47466e4,7.286503999999999e-5
PE_cbf4318e50a8377eaa96,2016,CT,TSP,0.0015,CO_9abb2626204b2b8e7cd6;CO_d932f838ac5f4662c66c,36432.52,VO_f911c1999794e47466e4,5.4648779999999996e-5
PE_cbf4318e50a8377eaa96,2016,CT,TSS,663.9745,CO_07de759f2ce8042d277c;CO_5515fdc939d86ca55288,36432.52,VO_f911c1999794e47466e4,24.19026425074
PE_cc1fcc95c2e27ef63642,2024,ST,NO2,0,CO_22a939dbca1cfecf8348;CO_36b0574ca9d22025ecf7;CO_e75156a35f87750f13d3,44157.850000000006,VO_bb4545b856cbdec63c87;VO_daa080035cb94f251a1c,0
PE_cc1fcc95c2e27ef63642,2024,ST,NO3,0.212,CO_4b9fd282c24e4da0edea;CO_aa4109a073057cefda51;CO_e725a919d35a7c9cb73c,44157.850000000006,VO_bb4545b856cbdec63c87;VO_daa080035cb94f251a1c,0.0093614642
PE_cc1fcc95c2e27ef63642,2024,ST,OP,0.378,CO_b064bdba191139689139;CO_ee1a7173778d6b708b4e;CO_f53f2fb9b99180ea02b1,44157.850000000006,VO_bb4545b856cbdec63c87;VO_daa080035cb94f251a1c,0.0166916673
PE_cc1fcc95c2e27ef63642,2024,ST,TDS,582,CO_35909d826b0d01066732;CO_47b36003558d1b59e8a3;CO_883e208b4c5dde7fbe79,44157.850000000006,VO_bb4545b856cbdec63c87;VO_daa080035cb94f251a1c,25.699868700000003
PE_cc1fcc95c2e27ef63642,2024,ST,TKN,0.62,CO_173deaaf2f52bf79f028;CO_4c92b97852bfee902033;CO_d5358ec522f20c55c089,44157.850000000006,VO_bb4545b856cbdec63c87;VO_daa080035cb94f251a1c,0.027377867000000004
PE_cc1fcc95c2e27ef63642,2024,ST,TP,0.852,CO_2920b9489aa3f6afda2d;CO_53f15ca2c3a39541db96;CO_adde7bf0e33b11361d40,44157.850000000006,VO_bb4545b856cbdec63c87;VO_daa080035cb94f251a1c,0.037622488200000005
PE_cc1fcc95c2e27ef63642,2024,ST,TSS,1306.667,CO_358ace620ef27c6a70bf;CO_beddc34999644c578783;CO_c6c5c6c43e94d2410945,44157.850000000006,VO_bb4545b856cbdec63c87;VO_daa080035cb94f251a1c,57.69960538595001
PE_cd1d3cf90952f3527a2f,2012,MT,TSS,457.86,CO_2cc82d00935ca19d820d,49284,VO_76c88ac64691a0fa9ae2,22.565172240000003
PE_cd62c180da3590125ed3,2021,MT,NO3,8.05,CO_26da1548ae1645e0d446;CO_6501dc199c514235a989,10777.6,VO_8268d30cf7f362ccfa94,0.08675968
PE_cd62c180da3590125ed3,2021,MT,OP,0,CO_a77b6cbdf6fae1676369;CO_e4be97ce765e6cfcd703,10777.6,VO_8268d30cf7f362ccfa94,0
PE_cd62c180da3590125ed3,2021,MT,Se,0.00405,CO_1c318cde57f6559a8db9;CO_86e76b626c7eb73112e2,10777.6,VO_8268d30cf7f362ccfa94,4.3649279999999994e-5
PE_cd62c180da3590125ed3,2021,MT,TKN,2.25,CO_71300a607803afff20db;CO_8d6906944de869776836,10777.6,VO_8268d30cf7f362ccfa94,0.024249600000000003
PE_cd62c180da3590125ed3,2021,MT,TP,4.2,CO_8e57858ab42fef1ee804;CO_b458944d9ec4322f9ff0,10777.6,VO_8268d30cf7f362ccfa94,0.04526592000000001
PE_cd62c180da3590125ed3,2021,MT,TSS,850,CO_98aa388d087d08bd2c55;CO_ecd9588de882d3edf36f,10777.6,VO_8268d30cf7f362ccfa94,9.16096
PE_ce41a236169da5949b8e,2025,MT,NO2,0.9245000000000001,CO_08500acfbe7cf012c9bf;CO_e8c63c8326e99ca6c5a9;CO_ee94e4657435d160b46c;CO_f123b11b028b59b48fda,67358.12,VO_bd47a52cd094b9e50bca,0.06227258194
PE_ce41a236169da5949b8e,2025,MT,NO3,0.383,CO_0a1954a487177cc71710;CO_429df0dc020155e7ff5b;CO_b797d397acb6b79e31fc;CO_f53c1ad5dbded0ff1632,67358.12,VO_bd47a52cd094b9e50bca,0.025798159959999997
PE_ce41a236169da5949b8e,2025,MT,OP,0.46099999999999997,CO_68e1e435db6ab43fd38a;CO_6d094db49a6e224278dd;CO_dae40fcfed8e9ce405c3;CO_e133553ea138da0438f2,67358.12,VO_bd47a52cd094b9e50bca,0.031052093319999995
PE_ce41a236169da5949b8e,2025,MT,TDS,574,CO_214ed1d843bba0884f63;CO_26da6cfbe7dee1902c7f;CO_5175c49e0f8899350452;CO_e7c3aa32557c7cac5c20,67358.12,VO_bd47a52cd094b9e50bca,38.66356088
PE_ce41a236169da5949b8e,2025,MT,TKN,1.2999999999999998,CO_0252656a94fd2e920b5d;CO_35edaef5199e008dbc05;CO_a62699c162816b54c117;CO_f69b0e3717c397d562c3,67358.12,VO_bd47a52cd094b9e50bca,0.08756555599999999
PE_ce41a236169da5949b8e,2025,MT,TP,3.1399999999999997,CO_793de180d506f6cf4f63;CO_a5ae3f2dbbf72da099be;CO_d1f1775ac1327fc68a4e;CO_e5baabbb54bcea599793,67358.12,VO_bd47a52cd094b9e50bca,0.21150449679999997
PE_ce41a236169da5949b8e,2025,MT,TSS,1966.667,CO_09ededdd60abc444991a;CO_49b3c61b205e1f8ce2f7;CO_963c06702e74beb96ffb;CO_a292bf9394e38cbccc4e,67358.12,VO_bd47a52cd094b9e50bca,132.47099178603997
PE_ce718481b9280818bae3,2015,ST,NH4,0.005,CO_9a89fd0c94aac0a90999;CO_d1a66c20035198acd713,10658.56,VO_f946865d79855901b0ff,5.32928e-5
PE_ce718481b9280818bae3,2015,ST,NO3,7.92,CO_75ca4e6929494268b763;CO_bbe814c133ff59125385,10658.56,VO_f946865d79855901b0ff,0.08441579519999999
PE_ce718481b9280818bae3,2015,ST,OP,0.07500000000000001,CO_4c970004b0678d439f17;CO_a30f4ef42176d28f0e22,10658.56,VO_f946865d79855901b0ff,7.99392e-4
PE_ce718481b9280818bae3,2015,ST,TKN,0.121,CO_572878043beff72a7ae4,10658.56,VO_f946865d79855901b0ff,0.0012896857599999998
PE_ce718481b9280818bae3,2015,ST,TN,8.7625,CO_836477d3ed006825a61c;CO_eeba9af98eb63324e962,10658.56,VO_f946865d79855901b0ff,0.09339563199999998
PE_ce718481b9280818bae3,2015,ST,TP,0.191,CO_eed5fe88eedf687582e3,10658.56,VO_f946865d79855901b0ff,0.0020357849599999998
PE_ce718481b9280818bae3,2015,ST,TSP,0.005,CO_9966121111d035d0ef95,10658.56,VO_f946865d79855901b0ff,5.32928e-5
PE_ce718481b9280818bae3,2015,ST,TSS,120.8335,CO_22c9d21f3b7379023a30;CO_7e145fa3f46d8e3e3214,10658.56,VO_f946865d79855901b0ff,1.28791110976
PE_cf5c7319fab8799a5e3a,2017,MT,NO3,9.350000000000001,CO_3f7e05acc03b0893efd9;CO_544cc7394fc574084562,30317.85,VO_2f4e10d1b7e4a94766ec,0.2834718975
PE_cf5c7319fab8799a5e3a,2017,MT,OP,0,CO_02cca3803b564ede11cc;CO_a4e987d17584557e2fbe,30317.85,VO_2f4e10d1b7e4a94766ec,0
PE_cf5c7319fab8799a5e3a,2017,MT,TKN,2.5,CO_0663ba1a18227e9b2b32;CO_70fd140a7871d7e07936,30317.85,VO_2f4e10d1b7e4a94766ec,0.075794625
PE_cf5c7319fab8799a5e3a,2017,MT,TP,0.16999999999999998,CO_0594f04659a605a1a4cf;CO_1e656185f98ed3a3eee6,30317.85,VO_2f4e10d1b7e4a94766ec,0.005154034499999999
PE_cf5c7319fab8799a5e3a,2017,MT,TSS,385,CO_087eedfbccd7e6e0f1ee;CO_f179342af8b458b91b64,30317.85,VO_2f4e10d1b7e4a94766ec,11.67237225
PE_d0efe58a011c972e0fd6,2012,MT,TSS,887.79,CO_b1d89b56b27c420a00a7,3932,VO_8390b5013e665bd79be5,3.4907902799999997
PE_d13bc6041e7d99270598,2025,MT,NO2,0.8305,CO_8399b3c2cd89bea1df4b;CO_983adc986531868a9ef4;CO_9d5105a5f4cd1839745c;CO_c1b4f8de804cb1ac668a,52718.065,VO_67dbf5cd783d5f91df92;VO_be62f3c5e2cbb3deced8,0.0437823529825
PE_d13bc6041e7d99270598,2025,MT,NO3,0.1305,CO_5f60288fa383ac8cbd2f;CO_75a92952cd1d1c57989e;CO_b92f859368bbc325fe47;CO_e6ac4ef9f6171a647367,52718.065,VO_67dbf5cd783d5f91df92;VO_be62f3c5e2cbb3deced8,0.0068797074825000006
PE_d13bc6041e7d99270598,2025,MT,OP,0.279,CO_25b7c81e770034aeda70;CO_926a7fc32c08e49183ba;CO_c0d2d188feaa1562d9a1;CO_fe50b64954720ccb97ff,52718.065,VO_67dbf5cd783d5f91df92;VO_be62f3c5e2cbb3deced8,0.014708340135000003
PE_d13bc6041e7d99270598,2025,MT,TDS,730,CO_22d6ed331cd1a8f4b0da;CO_823e1f7988ef795aafb9;CO_9cc792987e19de6fd44c;CO_b3b10e8afd570362f7e6,52718.065,VO_67dbf5cd783d5f91df92;VO_be62f3c5e2cbb3deced8,38.48418745
PE_d13bc6041e7d99270598,2025,MT,TKN,0.85,CO_34847964b077f2b990d4;CO_7ca26aafbfe189a20d2f;CO_83390968e32ea5211b69;CO_cfef26c8661f948f2c2a,52718.065,VO_67dbf5cd783d5f91df92;VO_be62f3c5e2cbb3deced8,0.04481035525
PE_d13bc6041e7d99270598,2025,MT,TP,0.9725,CO_4f5131ea0c5a3e7f4c5f;CO_52ed8fba503e8a9d8e23;CO_6cf713e83ca48f8a190b;CO_bcb1ac2aaaf1d367b9fd,52718.065,VO_67dbf5cd783d5f91df92;VO_be62f3c5e2cbb3deced8,0.051268318212500004
PE_d13bc6041e7d99270598,2025,MT,TSS,615,CO_2be7d85320ce261a5a69;CO_82bf785be509bfba54ad;CO_96a1b74a5b8a5422d904;CO_ad24eef0de4c12c58734,52718.065,VO_67dbf5cd783d5f91df92;VO_be62f3c5e2cbb3deced8,32.421609975
PE_d16c9359453bd52cf91f,2024,ST,NO2,0,CO_23fedfbe6761dda3bf2f;CO_a10b6b6aac0401450131;CO_a3244ad461cefcceb3ec;CO_d6351c49477d73e09539,37943.05,VO_15b71068fe74b83b80db;VO_ddd5db16126fd58742b9,0
PE_d16c9359453bd52cf91f,2024,ST,NO3,9.035,CO_1dba9a5bf22d84972a33;CO_b1627623a71a81f6cdca;CO_e71d3cc1a48486830d84;CO_f1ed082f1389c98e9dcf,37943.05,VO_15b71068fe74b83b80db;VO_ddd5db16126fd58742b9,0.34281545675
PE_d16c9359453bd52cf91f,2024,ST,OP,0.7925,CO_12e967ca0f368d0d8511;CO_6ffbae9aaff664bd4739;CO_7ffc2066e20c16e95c0b;CO_929f003731a97f915d11,37943.05,VO_15b71068fe74b83b80db;VO_ddd5db16126fd58742b9,0.030069867125
PE_d16c9359453bd52cf91f,2024,ST,TDS,1265,CO_1c85fbe1cc0dbb7700c4;CO_300421eb4a9898acfaf3;CO_8f43ac9f144a13207650;CO_f76ccf7a7834dc0346a0,37943.05,VO_15b71068fe74b83b80db;VO_ddd5db16126fd58742b9,47.99795825
PE_d16c9359453bd52cf91f,2024,ST,TKN,0.8400000000000001,CO_2e311bdd3398de229dfc;CO_545fae2efd81862725c4;CO_de83c8c1ab866148371b;CO_ecdf40652aebdf50b736,37943.05,VO_15b71068fe74b83b80db;VO_ddd5db16126fd58742b9,0.031872162
PE_d16c9359453bd52cf91f,2024,ST,TP,0.893,CO_59279341ea59fbf34025;CO_6606753e5a126d706801;CO_9aec25da37c514365519;CO_f7ac69722a0706c533af,37943.05,VO_15b71068fe74b83b80db;VO_ddd5db16126fd58742b9,0.03388314365
PE_d16c9359453bd52cf91f,2024,ST,TSS,1966.667,CO_966e2c0557566e3dd072;CO_bb5df7833e2dfec48d12;CO_f6fbbe8d8f806b021952;CO_fa0f652bbbf464093a3d,37943.05,VO_15b71068fe74b83b80db;VO_ddd5db16126fd58742b9,74.62134431435001
PE_d215a572500c05338ac0,2013,CT,ICP,0.091,CO_f6e5ff547d5a47ff234d,20902,VO_483ca00f8c2c20f39602,0.0019020819999999998
PE_d215a572500c05338ac0,2013,CT,NO3,8.018,CO_9701e339c54549ed8910,20902,VO_483ca00f8c2c20f39602,0.167592236
PE_d215a572500c05338ac0,2013,CT,TKN,2.562,CO_dcb57707f6f00ed16db4,20902,VO_483ca00f8c2c20f39602,0.053550924
PE_d215a572500c05338ac0,2013,CT,TP,0.157,CO_a7ef9d0560e214494904,20902,VO_483ca00f8c2c20f39602,0.003281614
PE_d215a572500c05338ac0,2013,CT,TSS,257.317,CO_81d3c27cc312e95750e5,20902,VO_483ca00f8c2c20f39602,5.378439934
PE_d3714fe760068901acb1,2023,ST,NO2,0,CO_714bc174ac5066ca0a4a;CO_849f234307fbd40e15ee;CO_86cbd9dec45db0780dac;CO_fe80fd50256439b3ebbc,45738.02,VO_6bbe2abcd88a47f7fbf8,0
PE_d3714fe760068901acb1,2023,ST,NO3,8.594999999999999,CO_58785735f95f2e02e939;CO_9a7bf93d67da1284f8d6;CO_e206dd002a594e557800;CO_fff62c78fb27794c93ae,45738.02,VO_6bbe2abcd88a47f7fbf8,0.3931182818999999
PE_d3714fe760068901acb1,2023,ST,OP,0.2175,CO_096012b7ebcaf56d1d63;CO_1a1cf797fabe7f95836f;CO_477f4b2cdd3fe2b9fdd7;CO_ce02d4b6d1aceeea96a5,45738.02,VO_6bbe2abcd88a47f7fbf8,0.009948019349999998
PE_d3714fe760068901acb1,2023,ST,TDS,1175,CO_4878258574ac40da80b9;CO_cfa75f1e4a9f06af2cd9;CO_eeb80c02550955755e96;CO_ef9f82e49c4bceee1d69,45738.02,VO_6bbe2abcd88a47f7fbf8,53.74217349999999
PE_d3714fe760068901acb1,2023,ST,TKN,2.75,CO_164ac2402a315348ddab;CO_956ed71cc6e09d5b8c29;CO_a07cf27590e57bf85102;CO_eb51765053fdd178d143,45738.02,VO_6bbe2abcd88a47f7fbf8,0.125779555
PE_d3714fe760068901acb1,2023,ST,TP,1.2149999999999999,CO_3b1fba0616142d348bd8;CO_a64332fe1df1790cb79d;CO_a991b89eed28e85e1a72;CO_dc4bc886825c446e6ae0,45738.02,VO_6bbe2abcd88a47f7fbf8,0.05557169429999999
PE_d3714fe760068901acb1,2023,ST,TSS,2896.6665000000003,CO_48485ccc552f52bc9ff6;CO_4c0233563b7ba4e22078;CO_66ed0ebd1bf4c956e91d;CO_a6c25a3d115a22748922,45738.02,VO_6bbe2abcd88a47f7fbf8,132.48779031033
PE_d4d71f206844e30a9059,2017,ST,NO3,9.3,CO_53b1751856e39e4be69e;CO_c33de0ad08dcd16ac857;CO_e5b82b15c2c265c2733d,11495.05,VO_14158010d70a5c3d1baa,0.10690396499999999
PE_d4d71f206844e30a9059,2017,ST,OP,0,CO_0791963ca2667a23cf32;CO_2452984f72ef1195df62;CO_5426d2ca50f244fb43fe,11495.05,VO_14158010d70a5c3d1baa,0
PE_d4d71f206844e30a9059,2017,ST,TKN,0,CO_76a23395000b22f2e62a;CO_90b8243fdbf5e03d85ff;CO_989e93d58ab9eaa370ff,11495.05,VO_14158010d70a5c3d1baa,0
PE_d4d71f206844e30a9059,2017,ST,TP,0.12,CO_497e671df1de83a45eec;CO_a4ff3ad278c7b0575a8e;CO_d55a6ae3aba2d301e18b,11495.05,VO_14158010d70a5c3d1baa,0.001379406
PE_d4d71f206844e30a9059,2017,ST,TSS,260,CO_5ded8087d1f637b2d595;CO_9f5a173c2d695fe86a12;CO_bc376c49a32bdfefa48c,11495.05,VO_14158010d70a5c3d1baa,2.988713
PE_d516501714d9e8610d67,2017,CT,NO3,7.6,CO_9c80d3de185ee8623264;CO_dcbff8f66de95d7c6148,29114.22,VO_efb5de301fb7a07aae43,0.22126807199999998
PE_d516501714d9e8610d67,2017,CT,OP,0.08449999999999999,CO_838f461c2fa673cec73e;CO_9197e4844abed2fea356,29114.22,VO_efb5de301fb7a07aae43,0.00246015159
PE_d516501714d9e8610d67,2017,CT,TKN,1.35,CO_0670783b46c5906cf84d;CO_c3574b9db63ba8ec6762,29114.22,VO_efb5de301fb7a07aae43,0.039304197000000006
PE_d516501714d9e8610d67,2017,CT,TP,0.185,CO_57fb0303e4a6845cd7a1;CO_f64ee82a9f4a04515280,29114.22,VO_efb5de301fb7a07aae43,0.0053861307
PE_d516501714d9e8610d67,2017,CT,TSS,550,CO_0e05fcf56a125fb7285a;CO_95db85f998543c1987b6;CO_bc2ce35e554fa0feda8e,29114.22,VO_efb5de301fb7a07aae43,16.012821
PE_d6f7b1c2842ab834db1c,2013,MT,ICP,0.054,CO_e38ce65f50a80a11c40e,22921,VO_d87cfea461687511bbba,0.0012377339999999999
PE_d6f7b1c2842ab834db1c,2013,MT,NO3,8.825,CO_942399f999b7a2e564b2,22921,VO_d87cfea461687511bbba,0.202277825
PE_d6f7b1c2842ab834db1c,2013,MT,TKN,2.462,CO_516d51b2955c0082c429,22921,VO_d87cfea461687511bbba,0.05643150200000001
PE_d6f7b1c2842ab834db1c,2013,MT,TP,0.791,CO_1a08785d4897bde6665e,22921,VO_d87cfea461687511bbba,0.018130511000000002
PE_d6f7b1c2842ab834db1c,2013,MT,TSS,921.517,CO_ee6e264790ee5f53e4d9,22921,VO_d87cfea461687511bbba,21.122091157
PE_d72098c1859be2ca76a3,2015,ST,TKN,0.198,CO_7b6d57a3fcb869bbe04a,23607.05,VO_3fbcedb673efd7013d12,0.0046741959
PE_d72098c1859be2ca76a3,2015,ST,TP,0.248,CO_7f9401303ba2dafb41c9,23607.05,VO_3fbcedb673efd7013d12,0.0058545483999999995
PE_d72098c1859be2ca76a3,2015,ST,TSS,110,CO_ba93a0ae5f3739678eeb,23607.05,VO_3fbcedb673efd7013d12,2.5967755
PE_d724a7a7d01d9cbfb687,2021,MT,NO3,8.3,CO_3eb5e2c42f63d88b228b;CO_89a2b0dbfdbdf1145ebb,5667.8,VO_5fe305adeac0c5a193fb,0.047042740000000006
PE_d724a7a7d01d9cbfb687,2021,MT,OP,0,CO_48ce32e8ec7741594c87;CO_d4679c618f1af07ee857,5667.8,VO_5fe305adeac0c5a193fb,0
PE_d724a7a7d01d9cbfb687,2021,MT,Se,0.00645,CO_07319501616d56d6317f;CO_b69c30792e55c3ef0df3,5667.8,VO_5fe305adeac0c5a193fb,3.6557310000000004e-5
PE_d724a7a7d01d9cbfb687,2021,MT,TKN,1.8,CO_14cf3f00fb27765fade2;CO_c5012fb6613af70843dd,5667.8,VO_5fe305adeac0c5a193fb,0.01020204
PE_d724a7a7d01d9cbfb687,2021,MT,TP,0.20500000000000002,CO_38813d9a6e5332787f13;CO_8698616a6419549cd9c0,5667.8,VO_5fe305adeac0c5a193fb,0.001161899
PE_d724a7a7d01d9cbfb687,2021,MT,TSS,283.333,CO_2030600ae43a1e96c022;CO_764b895a86708ccc99d5,5667.8,VO_5fe305adeac0c5a193fb,1.6058747774000002
PE_d75f7611867aff68ed5b,2023,CT,NO2,0,CO_27a9f593af9ca21f05c1;CO_45df51e4ea78519b4123;CO_c70739204692501e4031;CO_e4f2c3ab5b54ae530bec,49247.71,VO_1e975dffa40ed9a83a38,0
PE_d75f7611867aff68ed5b,2023,CT,NO3,8.8,CO_210c4b3f4e5c7040f24c;CO_2a8ae6164678109c8439;CO_766af62a6275002e9909;CO_7dd49e56d655438a5069,49247.71,VO_1e975dffa40ed9a83a38,0.43337984800000007
PE_d75f7611867aff68ed5b,2023,CT,OP,0.0595,CO_290a0b92873bdf4e4798;CO_47fec9f491173c57c1d5;CO_769e881d85fc5d27cb4c;CO_99ee50221221864d50c6,49247.71,VO_1e975dffa40ed9a83a38,0.0029302387449999996
PE_d75f7611867aff68ed5b,2023,CT,TDS,1310,CO_0026f8124280a125d330;CO_a44bf5fd44895cd485b6;CO_ad61c9d91e974dd55605;CO_c35d653483107bb5ef6c,49247.71,VO_1e975dffa40ed9a83a38,64.5145001
PE_d75f7611867aff68ed5b,2023,CT,TKN,6.1,CO_27cc37a6a2d561984b0d;CO_3e8b992727316255783e;CO_bfeb4fe71a02b5c02749;CO_cc557d460799c2767859,49247.71,VO_1e975dffa40ed9a83a38,0.30041103099999994
PE_d75f7611867aff68ed5b,2023,CT,TP,0.6105,CO_2c674047a16dab9c7804;CO_a7bb4472588958f3423a;CO_ce63ea0809ce32335dd7;CO_eb5af8ab99b55cda453f,49247.71,VO_1e975dffa40ed9a83a38,0.030065726955000004
PE_d75f7611867aff68ed5b,2023,CT,TSS,660,CO_736355884f4e55a1bd21;CO_d260847bf6e02cecea0d;CO_d39ae07f92c8dea207c2;CO_de792c950874e5725180,49247.71,VO_1e975dffa40ed9a83a38,32.5034886
PE_d7b3a1a7181d09448f88,2020,CT,NO3,7.7,CO_af93a06c80895edf0b7d,20754.38,VO_06736897c9772e34c703,0.159808726
PE_d7b3a1a7181d09448f88,2020,CT,OP,0,CO_814bb6b8dc12188a44b7,20754.38,VO_06736897c9772e34c703,0
PE_d7b3a1a7181d09448f88,2020,CT,Se,0.0068,CO_7cf204398ca43af7121c,20754.38,VO_06736897c9772e34c703,1.41129784e-4
PE_d7b3a1a7181d09448f88,2020,CT,TKN,1.8,CO_e9cfd9f31e4566c22dac,20754.38,VO_06736897c9772e34c703,0.03735788400000001
PE_d7b3a1a7181d09448f88,2020,CT,TP,0.41,CO_13be5b896be039957e79,20754.38,VO_06736897c9772e34c703,0.0085092958
PE_d7b3a1a7181d09448f88,2020,CT,TSS,760,CO_7a17701226e64477ede2,20754.38,VO_06736897c9772e34c703,15.773328800000002
PE_d93aa4a344e50a56ed34,2014,CT,NO3,8.075,CO_515bb44a00097ac13d8b;CO_752131c1f2299ffbbffc;CO_cf2e8ef59ca7a4e4388a;CO_d6882ad218ce73f74cb4,22785.7,VO_a4bd8f7064a8be3ed8c2,0.1839945275
PE_d93aa4a344e50a56ed34,2014,CT,OP,0.0735,CO_3f9807cb9ae9fb6c3094;CO_73d3f1ba062585bce51f;CO_bc52dd634277c4a34a2d;CO_e0f05da93a0f5a86a3be,22785.7,VO_a4bd8f7064a8be3ed8c2,0.0016747489499999999
PE_d93aa4a344e50a56ed34,2014,CT,TKN,6.24,CO_20c4373a54558e54a5a8,22785.7,VO_a4bd8f7064a8be3ed8c2,0.14218276800000001
PE_d93aa4a344e50a56ed34,2014,CT,TN,6.319000000000001,CO_2e7dff63ee8d91977d95;CO_307fbf6a9dce8cfea50a;CO_327ec29056cc47c24bf9;CO_b1696e9ea0a53ef226c9,22785.7,VO_a4bd8f7064a8be3ed8c2,0.14398283830000003
PE_d93aa4a344e50a56ed34,2014,CT,TP,0.8565,CO_7cbc1f697e71f94e5e48;CO_a1bb364ad3761439e833;CO_c8bcad7f2864e0f66e4f;CO_fa9b1cc5d156de5b6ebd,22785.7,VO_a4bd8f7064a8be3ed8c2,0.01951595205
PE_d93aa4a344e50a56ed34,2014,CT,TSP,0.108,CO_5f2887164b170f413d24,22785.7,VO_a4bd8f7064a8be3ed8c2,0.0024608556
PE_d93aa4a344e50a56ed34,2014,CT,TSS,467.5,CO_535671ab714ab8ec1033;CO_cbf5b952d35472312570;CO_cffb6b39358c0afda0d9;CO_fc3d5c4b13c703ba5e60,22785.7,VO_a4bd8f7064a8be3ed8c2,10.65231475
PE_da42b5556ba7cfbb6645,2023,ST,NO2,0,CO_3e38e73a5be9d691ce9c;CO_88be096564d631b8b5f5;CO_aa0f7dcb54c74ab04eda;CO_dafb86559ecc15b8996f,16560.5,VO_3ab3c560932a79d7b97d,0
PE_da42b5556ba7cfbb6645,2023,ST,NO3,8.71,CO_1beb5c7aa41d25653887;CO_1d06ea55f779f3de2613;CO_2a9bc42abbb7a7640b5e;CO_d41c8abd2a10a1942413,16560.5,VO_3ab3c560932a79d7b97d,0.144241955
PE_da42b5556ba7cfbb6645,2023,ST,OP,0,CO_07e46896ba89f88776fe;CO_0ebb3519a0c4044c4571;CO_5c3e9040008c91509e2d;CO_68c6c6e9ad314d1a5c4d,16560.5,VO_3ab3c560932a79d7b97d,0
PE_da42b5556ba7cfbb6645,2023,ST,TDS,1365,CO_249bf7424b08ebf77102;CO_37a88294d68fdcad0a82;CO_484bd41058fa7d44453b;CO_e39411ddebbf905b8459,16560.5,VO_3ab3c560932a79d7b97d,22.6050825
PE_da42b5556ba7cfbb6645,2023,ST,TKN,11.5,CO_7c87b3a3ff2703959a1a;CO_959d6171b513d01400dc;CO_96c56127d5ff13270962;CO_b9f981eeaf8b2eedda38,16560.5,VO_3ab3c560932a79d7b97d,0.19044575
PE_da42b5556ba7cfbb6645,2023,ST,TP,1.405,CO_65956c853f2004feac38;CO_777abbc10ddf9551bf53;CO_b18a5e6b50af3073f63a;CO_c91bcd9ef3968cb25256,16560.5,VO_3ab3c560932a79d7b97d,0.0232675025
PE_da42b5556ba7cfbb6645,2023,ST,TSS,1638.3335,CO_1c50ecd1b033dd999f9a;CO_24aacb1ce6b252d2e205;CO_a2f522d37effe45ff886;CO_b9b9101a7e9c92d9154b,16560.5,VO_3ab3c560932a79d7b97d,27.13162192675
PE_db54cb6fb006ac7c0ab3,2017,MT,NO3,7.8,CO_2ae8a105b8d7661ed6ff,10374.69,VO_d16453b0f0f32e7957fd,0.08092258199999999
PE_db54cb6fb006ac7c0ab3,2017,MT,OP,0,CO_7acc684a848a9b954959,10374.69,VO_d16453b0f0f32e7957fd,0
PE_db54cb6fb006ac7c0ab3,2017,MT,TKN,0.71,CO_9fed0cec52a189e77e41,10374.69,VO_d16453b0f0f32e7957fd,0.0073660298999999995
PE_db54cb6fb006ac7c0ab3,2017,MT,TP,0.14,CO_ad608cd856711cb405d7,10374.69,VO_d16453b0f0f32e7957fd,0.0014524566000000002
PE_db54cb6fb006ac7c0ab3,2017,MT,TSS,175,CO_385d4ec93f98d789b063;CO_d4ea83386c6b49d1cc49,10374.69,VO_d16453b0f0f32e7957fd,1.81557075
PE_dbff8ad9437eac9fd148,2015,MT,NH4,0.135,CO_6468e22921802c6d2264;CO_f14c5bb83d357b034a6c,11668.16,VO_c6061ff031a7d28555a0,0.0015752016
PE_dbff8ad9437eac9fd148,2015,MT,NO3,8.094999999999999,CO_2036f83ce71f236913ff;CO_f27e85920234337206bb,11668.16,VO_c6061ff031a7d28555a0,0.09445375519999999
PE_dbff8ad9437eac9fd148,2015,MT,OP,0.06,CO_0e6523810856a138a75d;CO_8f1f64db81c40ea10e1e,11668.16,VO_c6061ff031a7d28555a0,7.000896e-4
PE_dbff8ad9437eac9fd148,2015,MT,TKN,0.424,CO_e76a469e135c5a7434f2,11668.16,VO_c6061ff031a7d28555a0,0.00494729984
PE_dbff8ad9437eac9fd148,2015,MT,TN,8.435,CO_419487a66d85c8f86b54;CO_bd6ecf2f23cce0df0da0,11668.16,VO_c6061ff031a7d28555a0,0.0984209296
PE_dbff8ad9437eac9fd148,2015,MT,TP,0.496,CO_5db1fee4b5703808c480,11668.16,VO_c6061ff031a7d28555a0,0.00578740736
PE_dbff8ad9437eac9fd148,2015,MT,TSP,0.014,CO_161b0dc38c313ee89dcb,11668.16,VO_c6061ff031a7d28555a0,1.6335424e-4
PE_dbff8ad9437eac9fd148,2015,MT,TSS,470,CO_9483569b25b9e0b558f1;CO_c3fc742394a48333dd2e,11668.16,VO_c6061ff031a7d28555a0,5.4840352
PE_dc2aa1cfe56c14619f74,2025,ST,NO2,0.8614999999999999,CO_09e2a24866a292c6466e;CO_1bd7fc33cfbd421f7541;CO_54bf198436e21aca8c3b;CO_f378b36241ad76f9ad2f,69378.73,VO_e5e92503ea2fb3a84526,0.059769775894999995
PE_dc2aa1cfe56c14619f74,2025,ST,NO3,0.168,CO_1020a49b41b8d5180b49;CO_3223a2668ffe26ecc789;CO_44246e7c147681e311b4;CO_bede649d3b3ecaf50354,69378.73,VO_e5e92503ea2fb3a84526,0.01165562664
PE_dc2aa1cfe56c14619f74,2025,ST,OP,0,CO_72805ff7c0f210f3aa6e;CO_aaf5060b9517ba4f550e;CO_dff17949eb4f9ecd9361;CO_fbe10beedf9d29cf5313,69378.73,VO_e5e92503ea2fb3a84526,0
PE_dc2aa1cfe56c14619f74,2025,ST,TDS,629,CO_0a3ddcd71cf30a567070;CO_88a694734e157d0b43f2;CO_b09930e5c8ed414f8e19;CO_d3cb38860bb2775f1e80,69378.73,VO_e5e92503ea2fb3a84526,43.63922116999999
PE_dc2aa1cfe56c14619f74,2025,ST,TKN,0,CO_49a57aab5a13e0550685;CO_6a2383b4296f4b0c4888;CO_b8e5918871d490fedab8;CO_ecd50d3a4d8daad2bd59,69378.73,VO_e5e92503ea2fb3a84526,0
PE_dc2aa1cfe56c14619f74,2025,ST,TP,4.45,CO_61e04b121a1ec13b557a;CO_7fd052bd76eb71475b03;CO_af027c99e4a2e18ae3b2;CO_c812fa553afe69903355,69378.73,VO_e5e92503ea2fb3a84526,0.3087353485
PE_dc2aa1cfe56c14619f74,2025,ST,TSS,2930,CO_02e6ce02541269e4c44d;CO_413a58a9815a8c2e054f;CO_e11c31f932479c4fcc77;CO_fc6ff81abf2253bf5737,69378.73,VO_e5e92503ea2fb3a84526,203.27967889999996
PE_dd00bb7286a819bdedc3,2020,ST,NO3,8.1,CO_5a54ac537c15da5d3847;CO_6f56be29dcf17696fdf3,3945.96,VO_e487df9f5217c787cbf1,0.031962276
PE_dd00bb7286a819bdedc3,2020,ST,OP,0,CO_06de973bb45531d52cdb;CO_88b54564b232405ab216,3945.96,VO_e487df9f5217c787cbf1,0
PE_dd00bb7286a819bdedc3,2020,ST,Se,0.0056,CO_5664911fa1d27300a9a0;CO_75393eaa5e863973fb99,3945.96,VO_e487df9f5217c787cbf1,2.2097376e-5
PE_dd00bb7286a819bdedc3,2020,ST,TKN,0,CO_38a0ddf1476fb458ee1b;CO_ae1f31e1ba28b07bde59,3945.96,VO_e487df9f5217c787cbf1,0
PE_dd00bb7286a819bdedc3,2020,ST,TP,0.10500000000000001,CO_679b0ecadd205e514350;CO_ef4cf73add6b6f476ece,3945.96,VO_e487df9f5217c787cbf1,4.143258e-4
PE_dd00bb7286a819bdedc3,2020,ST,TSS,39.1665,CO_7ba6ee55c0e102c9d92c;CO_e8e8c390ee664f9bb3b1,3945.96,VO_e487df9f5217c787cbf1,0.15454944234
PE_dd1d5a514db9388c15e4,2013,MT,ICP,0.078,CO_c29ee91a4bd5ffbe6e83,29663,VO_d4506d081e777c23c78c,0.002313714
PE_dd1d5a514db9388c15e4,2013,MT,NO3,8.995,CO_2c6b7bf2a4ef2fc87ce9,29663,VO_d4506d081e777c23c78c,0.266818685
PE_dd1d5a514db9388c15e4,2013,MT,TKN,2.65,CO_c89b4e41f654eea7eb98,29663,VO_d4506d081e777c23c78c,0.07860695
PE_dd1d5a514db9388c15e4,2013,MT,TP,0.656,CO_8de143c7e8ffc2a50d49,29663,VO_d4506d081e777c23c78c,0.019458928
PE_dd1d5a514db9388c15e4,2013,MT,TSS,929.95,CO_9d2b685f54797ea2486a,29663,VO_d4506d081e777c23c78c,27.585106850000003
PE_de2e39194b61dd3249a5,2023,MT,NO2,0,CO_39687f105016f991f220;CO_4a2d50e1553586ea8ebe;CO_527ebf43ec3e2c83eea3;CO_7f4fdeb9266dd0798529,14914.65,VO_d5088b3dd1c12cce0122,0
PE_de2e39194b61dd3249a5,2023,MT,NO3,8.605,CO_20d1d87c0dd1176ab634;CO_a4cc876b9c67d88537e9;CO_d3e1af605cc84c4bf7da;CO_e9c649d518df1e384f4c,14914.65,VO_d5088b3dd1c12cce0122,0.12834056325
PE_de2e39194b61dd3249a5,2023,MT,OP,0.315,CO_0b06d2ffebd5c025cf44;CO_5d85be4cc5af40a7cf2c;CO_bcaf44f4041e62e142d5;CO_d72a11d264e746464ed4,14914.65,VO_d5088b3dd1c12cce0122,0.004698114749999999
PE_de2e39194b61dd3249a5,2023,MT,TDS,1180,CO_2213a8eb98f0b189b390;CO_8e51f474c273cc451d09;CO_aaef01a50def20d8f474;CO_d56bfd9fb8cac84798da,14914.65,VO_d5088b3dd1c12cce0122,17.599287
PE_de2e39194b61dd3249a5,2023,MT,TKN,4.15,CO_ab86fe44dea15e7a6b43;CO_e0058e47da8c0ae9152f;CO_fbc1f6898b3fd1d2d806;CO_fc70db0a12d574a3a3b2,14914.65,VO_d5088b3dd1c12cce0122,0.0618957975
PE_de2e39194b61dd3249a5,2023,MT,TP,0.8135,CO_274dfec6e079fb08d6b5;CO_2c1f3f5f6523af84fde4;CO_6b5f40c09215713a1fa8;CO_d982309a461bcc3abc15,14914.65,VO_d5088b3dd1c12cce0122,0.012133067774999999
PE_de2e39194b61dd3249a5,2023,MT,TSS,1613.333,CO_5987c08e62d18e3b299c;CO_6751fca908b38c66c5d7;CO_c230d0219f4055ea6c4b;CO_c8285074e21d37cfe425,14914.65,VO_d5088b3dd1c12cce0122,24.06229702845
PE_e085909c1123d133b476,2017,CT,NO3,9.45,CO_1e8be1a00f7702b3b943;CO_3a5b1fbaad25b1c66723,38145.23,VO_cb498d39d529e1e14e60,0.36047242349999997
PE_e085909c1123d133b476,2017,CT,OP,0.066,CO_09895de0407bcb038673;CO_33512007840ced1bb0aa,38145.23,VO_cb498d39d529e1e14e60,0.0025175851800000003
PE_e085909c1123d133b476,2017,CT,TKN,1.5,CO_462c4f578d53de69a828;CO_4989b0404949f8540be4;CO_d4458781cf4f969f67ac,38145.23,VO_cb498d39d529e1e14e60,0.057217845
PE_e085909c1123d133b476,2017,CT,TP,0.31,CO_55fdec963805de594b61;CO_5626696e19ac4b81318b;CO_afd679cd3f9a81fd9ce0,38145.23,VO_cb498d39d529e1e14e60,0.0118250213
PE_e085909c1123d133b476,2017,CT,TSS,776.667,CO_4b9d7337a115ddc7d9fd;CO_cac3b69afa92db4a9988;CO_ff71027b45c6c8a6a2bc,38145.23,VO_cb498d39d529e1e14e60,29.626141348410002
PE_e18f3fec614c53582f69,2017,CT,NO3,8.8,CO_b43ec56948fb3f0ed9a8,46407.89,VO_1452864755db087149f0,0.40838943200000005
PE_e18f3fec614c53582f69,2017,CT,OP,0,CO_459535faa370a3b5f8b8,46407.89,VO_1452864755db087149f0,0
PE_e18f3fec614c53582f69,2017,CT,TKN,4,CO_023998ba5a1bc02b6330,46407.89,VO_1452864755db087149f0,0.18563156
PE_e18f3fec614c53582f69,2017,CT,TP,0.52,CO_4753e699ede615170936,46407.89,VO_1452864755db087149f0,0.0241321028
PE_e18f3fec614c53582f69,2017,CT,TSS,3660,CO_8f92cad44e3342926625;CO_9bbdfde8443f960008e0,46407.89,VO_1452864755db087149f0,169.8528774
PE_e2027be3a66d5ec6f4d2,2011,CT,ICP,0.154,CO_b847856411aef26fd25b,13281.57,VO_db055f1b1a9e3607360d,0.00204536178
PE_e2027be3a66d5ec6f4d2,2011,CT,NO3,7.213,CO_ed9d0fce1e4dc986fe5e,13281.57,VO_db055f1b1a9e3607360d,0.09579996441
PE_e2027be3a66d5ec6f4d2,2011,CT,OP,0.127,CO_19581e27de7ced00ff1c,13281.57,VO_db055f1b1a9e3607360d,0.0016867593899999999
PE_e2027be3a66d5ec6f4d2,2011,CT,TN,3.1,CO_123ec5685653a03f3c59,13281.57,VO_db055f1b1a9e3607360d,0.041172866999999995
PE_e2027be3a66d5ec6f4d2,2011,CT,TP,2.593,CO_829f00a11ddfdebb51b6,13281.57,VO_db055f1b1a9e3607360d,0.03443911101
PE_e2027be3a66d5ec6f4d2,2011,CT,TSS,1486.32,CO_f2074e94f6e52462f9b9,13281.57,VO_db055f1b1a9e3607360d,19.740663122399997
PE_e289d7d2d42e22695263,2015,MT,TKN,0.322,CO_28bbad4c3a502526118c,25847.77,VO_f6d19f3160a9539c28a4,0.00832298194
PE_e289d7d2d42e22695263,2015,MT,TP,0.289,CO_cba8d3a39041d4164e60,25847.77,VO_f6d19f3160a9539c28a4,0.00747000553
PE_e289d7d2d42e22695263,2015,MT,TSS,340,CO_1e05e94f3dc87bcad898,25847.77,VO_f6d19f3160a9539c28a4,8.788241800000002
PE_e2f7e0e1e99ed3b14eb1,2020,ST,NO3,7.8,CO_07bf8720bc0c7b4e14a1,33839.86,VO_7d1b642a9a0682441983,0.263950908
PE_e2f7e0e1e99ed3b14eb1,2020,ST,OP,0,CO_42f25adecf47629878e8,33839.86,VO_7d1b642a9a0682441983,0
PE_e2f7e0e1e99ed3b14eb1,2020,ST,Se,0.0058,CO_2227e61261f27ea08b3d,33839.86,VO_7d1b642a9a0682441983,1.9627118799999999e-4
PE_e2f7e0e1e99ed3b14eb1,2020,ST,TKN,2,CO_432d5fe6d67c66875e37,33839.86,VO_7d1b642a9a0682441983,0.06767972
PE_e2f7e0e1e99ed3b14eb1,2020,ST,TP,0.15,CO_0f8e631d28e2a339b435,33839.86,VO_7d1b642a9a0682441983,0.005075979
PE_e2f7e0e1e99ed3b14eb1,2020,ST,TSS,66.667,CO_84cb73a9a0f7e5076f57,33839.86,VO_7d1b642a9a0682441983,2.25600194662
PE_e42677655f32efc124a8,2023,MT,NO2,0,CO_2e9e0028cfa7d1e62e06;CO_8b0e195f5d3f5196f46e;CO_9a1f2555b1eb82267c3f;CO_c6eaf20a01893966ad84,59257.88,VO_f326ff3538170cbeb163,0
PE_e42677655f32efc124a8,2023,MT,NO3,3.09,CO_1bc1000f53b666feecb8;CO_5a1130e36e3c304b7359;CO_6cf69ce9e7aca4e0f11b;CO_f4cd1757ff9e8604d505,59257.88,VO_f326ff3538170cbeb163,0.1831068492
PE_e42677655f32efc124a8,2023,MT,OP,0,CO_a7f0b84de7a450eaf6ff;CO_b6bc077d6675a7c8cc9e;CO_b967fb22d506bda1b4d8;CO_f15223dcc0da90206acd,59257.88,VO_f326ff3538170cbeb163,0
PE_e42677655f32efc124a8,2023,MT,TDS,896,CO_868ac126dbc57e0df9d1;CO_b478183547352ada6c35;CO_d36253f2eb051f5fa395;CO_f067d17a38db3999a425,59257.88,VO_f326ff3538170cbeb163,53.095060479999994
PE_e42677655f32efc124a8,2023,MT,TKN,0,CO_00629d85f8558597cdba;CO_be87fcc57797f6239f88;CO_eb8bff7a00ba4c11dd9b;CO_fee4ab8f26b871371c83,59257.88,VO_f326ff3538170cbeb163,0
PE_e42677655f32efc124a8,2023,MT,TP,0.599,CO_2f1223e9508a4ab284d9;CO_8c9eda5bb5b3cc9e59a1;CO_930f7bc78c2340e72256;CO_cf085574d40ec95878b1,59257.88,VO_f326ff3538170cbeb163,0.03549547012
PE_e42677655f32efc124a8,2023,MT,TSS,553.3335,CO_31b2223116b7d15681c4;CO_a2af31d1c63ab9bb10a4;CO_ac92418ce76958c8e5a2;CO_cfea824e4165b423075d,59257.88,VO_f326ff3538170cbeb163,32.78937014298
PE_e5c482b9656333a437a6,2012,MT,TSS,1368.3,CO_9cf384a2701441a041d5,3890,VO_a927acca9a745a847b14,5.322687
PE_e6978ba9d0a9f6c6adc4,2025,CT,NO2,0.875,CO_229d778e0fbe6de18dc2;CO_dd5744ec739737eec7ef;CO_fbc1f9070e3c048f4b27,45385.43,VO_6779c454ecc8b9718612,0.039712251250000004
PE_e6978ba9d0a9f6c6adc4,2025,CT,NO3,0.143,CO_24975a89cbba02cb0b41;CO_5b761850c1f3fe504690;CO_80dd61da7ce1edccaa43,45385.43,VO_6779c454ecc8b9718612,0.0064901164899999995
PE_e6978ba9d0a9f6c6adc4,2025,CT,OP,0.314,CO_21eb478c997305f06e5e;CO_5904c93073387f898f4f;CO_ffd560d182369b08a8b3,45385.43,VO_6779c454ecc8b9718612,0.01425102502
PE_e6978ba9d0a9f6c6adc4,2025,CT,TDS,628,CO_6d83c630042fad464a9e;CO_8a83cfe13bc4eec91c2e;CO_caefd4a0410942b2ebda,45385.43,VO_6779c454ecc8b9718612,28.50205004
PE_e6978ba9d0a9f6c6adc4,2025,CT,TKN,1.5,CO_0b94cd5e95afb17f118c;CO_864e30ed8784e9cd8adc;CO_f99b90e11b1e5221e174,45385.43,VO_6779c454ecc8b9718612,0.068078145
PE_e6978ba9d0a9f6c6adc4,2025,CT,TP,2.14,CO_6f2555e982f65a246139;CO_bfa0ec8bdf2946547879;CO_c7bf117459b946244dc5,45385.43,VO_6779c454ecc8b9718612,0.0971248202
PE_e6978ba9d0a9f6c6adc4,2025,CT,TSS,1213.333,CO_094ddb88d39f86c9b2c7;CO_7170430d6c8e8a3f306e;CO_f206e82793f2c02f66e6,45385.43,VO_6779c454ecc8b9718612,55.067639938190005
PE_e6d7ea595f70f1fe5361,2016,MT,NH4,0.0385,CO_aee651be73c9084e0247;CO_b7b593cb8ec29850f582,5164.63,VO_5823cc6aa863b59eefe7,1.98838255e-4
PE_e6d7ea595f70f1fe5361,2016,MT,NO3,5.089,CO_5c9c124097bc0e8b86f9;CO_8c76e6477fec2c1b69a8,5164.63,VO_5823cc6aa863b59eefe7,0.026282802070000003
PE_e6d7ea595f70f1fe5361,2016,MT,NPOC,7.1025,CO_4d88abec4a8a8dbfe082;CO_c55f794e7fc2258f69e2,5164.63,VO_5823cc6aa863b59eefe7,0.036681784575
PE_e6d7ea595f70f1fe5361,2016,MT,OP,0.0315,CO_303c8bd55875dda24089;CO_718127812c05853f0bec,5164.63,VO_5823cc6aa863b59eefe7,1.62685845e-4
PE_e6d7ea595f70f1fe5361,2016,MT,TKN,0.098,CO_2594fcb40fdfda369d05;CO_d9c1554894e1814476a3,5164.63,VO_5823cc6aa863b59eefe7,5.0613374e-4
PE_e6d7ea595f70f1fe5361,2016,MT,TN,4.845,CO_a597ab82b14cc40d3ae6;CO_abdc523261827dded236,5164.63,VO_5823cc6aa863b59eefe7,0.02502263235
PE_e6d7ea595f70f1fe5361,2016,MT,TP,0.1905,CO_a73531f89e6bcbc2a72a;CO_f6920d2ecbf720691362,5164.63,VO_5823cc6aa863b59eefe7,9.83862015e-4
PE_e6d7ea595f70f1fe5361,2016,MT,TSP,0.02,CO_1b2f7d7e470f8f47596f;CO_835159c5475ca0139d2f,5164.63,VO_5823cc6aa863b59eefe7,1.032926e-4
PE_e6d7ea595f70f1fe5361,2016,MT,TSS,320.8325,CO_457688e7d8814939f04b;CO_9c3894f6764bc3cff4da,5164.63,VO_5823cc6aa863b59eefe7,1.656981154475
PE_e737f9d7e0143cfe8408,2015,CT,NH4,0.005,CO_7843013a79f1f88c96e1;CO_d34ac6357fc0df9c637f,21438.24,VO_25082beb268367197718,1.0719120000000001e-4
PE_e737f9d7e0143cfe8408,2015,CT,NO3,7.846,CO_6230c4cfda01a5dc1143;CO_f13f21602832553d73c2,21438.24,VO_25082beb268367197718,0.16820443104000002
PE_e737f9d7e0143cfe8408,2015,CT,OP,0.091,CO_9512d95d00d61bdec03d;CO_e7866fdc6672f827c76f,21438.24,VO_25082beb268367197718,0.00195087984
PE_e737f9d7e0143cfe8408,2015,CT,TKN,0.815,CO_04ad14d9946a767eeb88,21438.24,VO_25082beb268367197718,0.0174721656
PE_e737f9d7e0143cfe8408,2015,CT,TN,8.475,CO_23ca67ce89b12809fd1a;CO_b060a56e168e78ba5c15,21438.24,VO_25082beb268367197718,0.181689084
PE_e737f9d7e0143cfe8408,2015,CT,TP,0.837,CO_67d1514f9bb64c1adcec,21438.24,VO_25082beb268367197718,0.01794380688
PE_e737f9d7e0143cfe8408,2015,CT,TSP,0.015,CO_b0dd537a4543992d3b9f,21438.24,VO_25082beb268367197718,3.215736e-4
PE_e737f9d7e0143cfe8408,2015,CT,TSS,2034.6665,CO_6078ac56378064606fdd;CO_677c622c0bfb82c26d72,21438.24,VO_25082beb268367197718,43.61966874696001
PE_e75689eb0050988b5fc1,2024,MT,NO2,0,CO_343a813f39acb70350bd;CO_3df3cfba745433b50298;CO_9ba6443e0b5804a0734d;CO_ad50671db539cca0a324,78477.97,VO_c178d0e213aa0f86409d,0
PE_e75689eb0050988b5fc1,2024,MT,NO3,8.855,CO_09b48c75998cdc00c072;CO_0a95ca5e3efad73cd92a;CO_4ae939e7402c8061d8ec;CO_ea1bcb3116150abbd484,78477.97,VO_c178d0e213aa0f86409d,0.69492242435
PE_e75689eb0050988b5fc1,2024,MT,OP,0.155,CO_62f6d46c48c7d9ff3d09;CO_64d94c866dffad6dab67;CO_c49b60838c5c6ddf3480;CO_eaa1938017b2d55e0238,78477.97,VO_c178d0e213aa0f86409d,0.01216408535
PE_e75689eb0050988b5fc1,2024,MT,TDS,1220,CO_3f9eedfee4832f7daaec;CO_89372936f4b09f554507;CO_8f9482d77bfb462277ce;CO_ba74db3f3765c22c955c,78477.97,VO_c178d0e213aa0f86409d,95.7431234
PE_e75689eb0050988b5fc1,2024,MT,TKN,2.6,CO_41667f6e2629360aecaf;CO_52144ce705561eb2770a;CO_931d2d38860931328dab;CO_f0ce886ca0b36db682c1,78477.97,VO_c178d0e213aa0f86409d,0.204042722
PE_e75689eb0050988b5fc1,2024,MT,TP,0.377,CO_483029d526219f816e8e;CO_6f6a4e56098cfd9af29e;CO_a20a2b7bb0842d5cf8a0;CO_f1cfa5ebb149e8099d56,78477.97,VO_c178d0e213aa0f86409d,0.02958619469
PE_e75689eb0050988b5fc1,2024,MT,TSS,440,CO_0ee3bed96d8d73c834d8;CO_39be946bfc40d634754c;CO_7d75f3378a37b57a4c13;CO_b301de0571e221b4a00b,78477.97,VO_c178d0e213aa0f86409d,34.5303068
PE_e85ad6887666a074058e,2014,CT,NO3,8.635000000000002,CO_7323374915f195ab9871;CO_a5ba595e5571c2a92676,16189.58,VO_9566a136315383b86dbd,0.13979702330000002
PE_e85ad6887666a074058e,2014,CT,OP,0.1,CO_b8aed072d29403ece56a,16189.58,VO_9566a136315383b86dbd,0.001618958
PE_e85ad6887666a074058e,2014,CT,TKN,3.68,CO_2ee8ae59b9c64a469ad1,16189.58,VO_9566a136315383b86dbd,0.0595776544
PE_e85ad6887666a074058e,2014,CT,TN,3.875,CO_29c10fe6eae33d871c74;CO_498e0c0c414c0bf03615,16189.58,VO_9566a136315383b86dbd,0.0627346225
PE_e85ad6887666a074058e,2014,CT,TP,0.6399999999999999,CO_18959bb5d775ec360e13;CO_9c499c3ddf63c6ea23a4,16189.58,VO_9566a136315383b86dbd,0.010361331199999999
PE_e85ad6887666a074058e,2014,CT,TSP,0.128,CO_29d6a91ff1673dd98f4d,16189.58,VO_9566a136315383b86dbd,0.00207226624
PE_e85ad6887666a074058e,2014,CT,TSS,501.60699999999997,CO_0c2dfda47ccd58d48103;CO_945a141cb05fa2d73180,16189.58,VO_9566a136315383b86dbd,8.120806655059999
PE_e9b4d735ba3f0641547b,2012,ST,TSS,373.56,CO_48f4befdd8844e7879e7,0,VO_fa227c87c66553832c34,0
PE_e9c8b16ef5426c1dbb98,2017,ST,NO3,7.8,CO_51d4f462cbd884ce286a;CO_79c794728c6beb64c19e,5007.56,VO_8dc436613a8e63aa68ae,0.039058968
PE_e9c8b16ef5426c1dbb98,2017,ST,OP,0.0755,CO_9b15fed64ef16980f625;CO_f1607c19a0f910ca1b8d,5007.56,VO_8dc436613a8e63aa68ae,3.7807078e-4
PE_e9c8b16ef5426c1dbb98,2017,ST,TKN,0.405,CO_8fbd1be8db88aa70417a;CO_f12c70c1cdb1ce6be18e,5007.56,VO_8dc436613a8e63aa68ae,0.0020280618000000005
PE_e9c8b16ef5426c1dbb98,2017,ST,TP,0.12,CO_e3e69eaf6c365e40a7a9;CO_f525eef4f03ab8198339,5007.56,VO_8dc436613a8e63aa68ae,6.009072e-4
PE_e9c8b16ef5426c1dbb98,2017,ST,TSS,166.667,CO_1237c5c0fa7f0d922f89;CO_69c650b84b5549899282;CO_78e0ad55213cdc0dba1e,5007.56,VO_8dc436613a8e63aa68ae,0.8345950025200001
PE_ea10b0bce1da04c8c035,2012,MT,ICP,0.33,CO_e8dedb66d09f7dc99e0b,14799,VO_b92c4fa5fd99de613f0f,0.00488367
PE_ea10b0bce1da04c8c035,2012,MT,NO3,6.78,CO_e85a870aeb6eed9e5602,14799,VO_b92c4fa5fd99de613f0f,0.10033722
PE_ea10b0bce1da04c8c035,2012,MT,OP,0.227,CO_f74efabef12ea619e30b,14799,VO_b92c4fa5fd99de613f0f,0.003359373
PE_ea10b0bce1da04c8c035,2012,MT,TN,1.27,CO_a69a7896a1cbdcea3a72,14799,VO_b92c4fa5fd99de613f0f,0.01879473
PE_ea10b0bce1da04c8c035,2012,MT,TP,1.202,CO_ca153fc499ffc25f1118,14799,VO_b92c4fa5fd99de613f0f,0.017788398
PE_ea10b0bce1da04c8c035,2012,MT,TSS,1064.82,CO_24610dffaffcc80700c7,14799,VO_b92c4fa5fd99de613f0f,15.75827118
PE_eb5dff43057b7e2458f6,2011,CT,ICP,0.117,CO_edee29f882543b956620,11576.43,VO_d0c88c1ca8c710600528,0.00135444231
PE_eb5dff43057b7e2458f6,2011,CT,NO3,8.567,CO_79f06f8fde333461739f,11576.43,VO_d0c88c1ca8c710600528,0.09917527581
PE_eb5dff43057b7e2458f6,2011,CT,OP,0.064,CO_5feceb66ffc86f38d952,11576.43,VO_d0c88c1ca8c710600528,7.4089152e-4
PE_eb5dff43057b7e2458f6,2011,CT,TN,12.703,CO_41c991eb6a66242c0454,11576.43,VO_d0c88c1ca8c710600528,0.14705539029
PE_eb5dff43057b7e2458f6,2011,CT,TP,1.431,CO_0ffe1abd1a08215353c2,11576.43,VO_d0c88c1ca8c710600528,0.016565871330000002
PE_eb5dff43057b7e2458f6,2011,CT,TSS,1621.2,CO_066ed963441d69ce4c40,11576.43,VO_d0c88c1ca8c710600528,18.767708316
PE_ee16968217913675b57b,2012,CT,ICP,0.122,CO_d8f548dedc438e25dabc,19064,VO_ae1078005c27acd69870,0.002325808
PE_ee16968217913675b57b,2012,CT,NO3,7.407,CO_a27d23ba80488a930cbf,19064,VO_ae1078005c27acd69870,0.141207048
PE_ee16968217913675b57b,2012,CT,OP,0.198,CO_da4ea2a5506f2693eae1,19064,VO_ae1078005c27acd69870,0.003774672
PE_ee16968217913675b57b,2012,CT,TN,4.08,CO_40b39ea6c2159767b444,19064,VO_ae1078005c27acd69870,0.07778112
PE_ee16968217913675b57b,2012,CT,TP,2.858,CO_973d94870ea2543da0ae,19064,VO_ae1078005c27acd69870,0.054484912
PE_ee16968217913675b57b,2012,CT,TSS,1132.26,CO_32e76c275e258f66e4dc,19064,VO_ae1078005c27acd69870,21.58540464
PE_effee813e2968c98d235,2011,CT,ICP,0.381,CO_3f14a60b7590cb27fad9,28720.58,VO_7cb398553aae942a64d8,0.010942540980000002
PE_effee813e2968c98d235,2011,CT,NO3,8.057,CO_4469948f22fdf2a32bda,28720.58,VO_7cb398553aae942a64d8,0.23140171306000004
PE_effee813e2968c98d235,2011,CT,OP,0.356,CO_e7f6c011776e8db7cd33,28720.58,VO_7cb398553aae942a64d8,0.010224526480000001
PE_effee813e2968c98d235,2011,CT,TN,5.593,CO_2b3baf9bf9df0480f227,28720.58,VO_7cb398553aae942a64d8,0.16063420394
PE_effee813e2968c98d235,2011,CT,TP,2.788,CO_e1d9ce80c3abd825263a,28720.58,VO_7cb398553aae942a64d8,0.08007297703999999
PE_effee813e2968c98d235,2011,CT,TSS,1115.4,CO_a00b8671c08db0c9e22d,28720.58,VO_7cb398553aae942a64d8,32.034934932000006
PE_f04e8ac00b7beb58f51d,2020,ST,NO3,8.3,CO_a66ce68fad6cf229fd1a;CO_de365ef3ab068f4d6611,2052.15,VO_7de61dc9f297ba7290b7,0.017032845
PE_f04e8ac00b7beb58f51d,2020,ST,OP,0,CO_48f89b630677c2cbb70e;CO_f626051bc94422f26f4b,2052.15,VO_7de61dc9f297ba7290b7,0
PE_f04e8ac00b7beb58f51d,2020,ST,Se,0.0051,CO_440dc45d7eef513f51c1;CO_ad310461282953096354,2052.15,VO_7de61dc9f297ba7290b7,1.0465965e-5
PE_f04e8ac00b7beb58f51d,2020,ST,TKN,0,CO_2c73b3b9ed664a184cdb;CO_49fb5ac23fa3ccfe6ae3,2052.15,VO_7de61dc9f297ba7290b7,0
PE_f04e8ac00b7beb58f51d,2020,ST,TP,0.11,CO_956b130106fbc0890b7a;CO_a9ffbdf317b2dabf198f,2052.15,VO_7de61dc9f297ba7290b7,2.2573650000000002e-4
PE_f04e8ac00b7beb58f51d,2020,ST,TSS,58.3335,CO_1ef758a1f02d0bb37207;CO_d8b6c8584a99227ec618,2052.15,VO_7de61dc9f297ba7290b7,0.119709092025
PE_f05deb598f528850ebf0,2023,CT,NO2,0,CO_12387fae8391114de975;CO_4dcd556f7a07c0c12fbe;CO_872861322be4f22e7b79,21017.36,VO_b902f0ff48605c82f59e,0
PE_f05deb598f528850ebf0,2023,CT,NO3,8.71,CO_9690463a9b39796b7f38;CO_af26d805b13b5a3b82a9;CO_d705884aebb3235a1c81,21017.36,VO_b902f0ff48605c82f59e,0.18306120560000003
PE_f05deb598f528850ebf0,2023,CT,OP,0,CO_2e00b312b0a9681bef09;CO_c66bbe9d118f554bfdba;CO_d536a8c1664fec0bc856,21017.36,VO_b902f0ff48605c82f59e,0
PE_f05deb598f528850ebf0,2023,CT,TDS,1110,CO_a00104435d035e0fb483;CO_a63219c6e95a8a191598;CO_a8202d59ca6f1ee9664f,21017.36,VO_b902f0ff48605c82f59e,23.3292696
PE_f05deb598f528850ebf0,2023,CT,TKN,8.7,CO_77b108f25becb7b98010;CO_7cd788de2f5fa0134bd7;CO_9fc7ef2c7100149c53ca,21017.36,VO_b902f0ff48605c82f59e,0.18285103199999997
PE_f05deb598f528850ebf0,2023,CT,TP,1.14,CO_0be057bbbdf7ad632950;CO_4f6ceab7942f9dece7e2;CO_52a6932d5af5316a815a,21017.36,VO_b902f0ff48605c82f59e,0.023959790399999997
PE_f05deb598f528850ebf0,2023,CT,TSS,1406.667,CO_5d386cc79266bbaaba86;CO_d6758b15acedb7d494c0;CO_f69069b7a8d52371ad23,21017.36,VO_b902f0ff48605c82f59e,29.564426739119998
PE_f2b5b0c650d6e07d7130,2012,ST,ICP,0.477,CO_4ea837ac2e51fbac23f7,24920,VO_d44a12912ce1ef152149,0.011886840000000001
PE_f2b5b0c650d6e07d7130,2012,ST,NO3,7.567,CO_55c5de31ec754ba40fb1,24920,VO_d44a12912ce1ef152149,0.18856964
PE_f2b5b0c650d6e07d7130,2012,ST,OP,0.152,CO_108c995b953c8a355611,24920,VO_d44a12912ce1ef152149,0.00378784
PE_f2b5b0c650d6e07d7130,2012,ST,TN,3.297,CO_c525ed5e2d690bd80998,24920,VO_d44a12912ce1ef152149,0.08216124000000001
PE_f2b5b0c650d6e07d7130,2012,ST,TP,4.813,CO_74e9f3d8efbda803994e,24920,VO_d44a12912ce1ef152149,0.11993996
PE_f2b5b0c650d6e07d7130,2012,ST,TSS,508.44,CO_9cf8a5a3d7cf6107b3c4,24920,VO_d44a12912ce1ef152149,12.670324800000001
PE_f367d3ca04939cd0c2d7,2021,CT,NO3,7.75,CO_0a0abd5382ade9afd706;CO_1eab3dfd35a341f4b06d,13473.77,VO_507bb41e4800fab8d3ab,0.1044217175
PE_f367d3ca04939cd0c2d7,2021,CT,OP,0.63,CO_1e5ee5e58c8f490ae68e;CO_c6bd343ae0007cdb979d,13473.77,VO_507bb41e4800fab8d3ab,0.0084884751
PE_f367d3ca04939cd0c2d7,2021,CT,Se,0.00955,CO_522f6fbcda92e263cf31;CO_9d6130a69f8887ebbf06,13473.77,VO_507bb41e4800fab8d3ab,1.2867450349999998e-4
PE_f367d3ca04939cd0c2d7,2021,CT,TKN,6.25,CO_390797e1f0b8f216b8ec;CO_a17802b02abd0aa1e317,13473.77,VO_507bb41e4800fab8d3ab,0.0842110625
PE_f367d3ca04939cd0c2d7,2021,CT,TP,3.1500000000000004,CO_e97e2ffefd968b2a3d83;CO_ec11f26d671bcc371621,13473.77,VO_507bb41e4800fab8d3ab,0.04244237550000001
PE_f367d3ca04939cd0c2d7,2021,CT,TSS,2245,CO_39ddc9753eb45a54f770;CO_5d617fdadd041ca7af01,13473.77,VO_507bb41e4800fab8d3ab,30.248613650000003
PE_f38b6915d1b774964a07,2012,CT,ICP,0.182,CO_2206b111c94d5ad89c25,0,VO_6fa3b084b369713f6e78,0
PE_f38b6915d1b774964a07,2012,CT,NO3,9.19,CO_8feaa233aa6acf485297,0,VO_6fa3b084b369713f6e78,0
PE_f38b6915d1b774964a07,2012,CT,TN,2.583,CO_2c52230d64e3d2b646bc,0,VO_6fa3b084b369713f6e78,0
PE_f38b6915d1b774964a07,2012,CT,TP,0.188,CO_0eaa69a16d7c358a329a,0,VO_6fa3b084b369713f6e78,0
PE_f38b6915d1b774964a07,2012,CT,TSS,1638.06,CO_a72d85b0b74a48c7cfe5,0,VO_6fa3b084b369713f6e78,0
PE_f39912b2b55cdc634ad4,2017,MT,NO3,9.3,CO_c59a181ee3c055aeeed5,1763.81,VO_58c59ea2dd4148ea4e8a,0.016403433000000002
PE_f39912b2b55cdc634ad4,2017,MT,OP,0,CO_355d8c0ee4e5698eaed3,1763.81,VO_58c59ea2dd4148ea4e8a,0
PE_f39912b2b55cdc634ad4,2017,MT,TKN,1.5,CO_670b08a8750893e8ba69,1763.81,VO_58c59ea2dd4148ea4e8a,0.0026457150000000003
PE_f39912b2b55cdc634ad4,2017,MT,TP,0.25,CO_e30919d4d5f54bac51d4,1763.81,VO_58c59ea2dd4148ea4e8a,4.409525e-4
PE_f39912b2b55cdc634ad4,2017,MT,TSS,475,CO_679a481c177154c57cc4;CO_eb98a00e85942ce482f1,1763.81,VO_58c59ea2dd4148ea4e8a,0.83780975
PE_f45ebdfc7afdc891da27,2015,ST,NH4,0.1535,CO_d8c4d37261d7aaa4bbaf;CO_e8f68fdefa2c3538eebe,6589.69,VO_74a3c73fb8610dee8981,0.0010115174149999998
PE_f45ebdfc7afdc891da27,2015,ST,NO3,8.3185,CO_dd2c71582793ed12c7dd;CO_df33710fdefd14a51171,6589.69,VO_74a3c73fb8610dee8981,0.054816336265
PE_f45ebdfc7afdc891da27,2015,ST,OP,0.028499999999999998,CO_67e9c3acebb154a282f3;CO_9b871512327c09ce91dd,6589.69,VO_74a3c73fb8610dee8981,1.8780616499999996e-4
PE_f45ebdfc7afdc891da27,2015,ST,TKN,1.02,CO_58ff81fdb177eec8bcd9,6589.69,VO_74a3c73fb8610dee8981,0.0067214838
PE_f45ebdfc7afdc891da27,2015,ST,TN,9.4115,CO_559607effd36c95debae;CO_ee009e2ffac752314a3e,6589.69,VO_74a3c73fb8610dee8981,0.062018867435
PE_f45ebdfc7afdc891da27,2015,ST,TP,0.11,CO_6fdd9b073bc00a5da50b,6589.69,VO_74a3c73fb8610dee8981,7.248659e-4
PE_f45ebdfc7afdc891da27,2015,ST,TSP,0,CO_637ba1f3b72dfa3393bd,6589.69,VO_74a3c73fb8610dee8981,0
PE_f45ebdfc7afdc891da27,2015,ST,TSS,29.6665,CO_5c949373b02717515e7e;CO_fa22b8efe8ae60d32337,6589.69,VO_74a3c73fb8610dee8981,0.19549303838499998
PE_f4a6797ec5124306c5c4,2013,ST,ICP,0.088,CO_a3d501a5be543bd449aa,7115,VO_f0976c8d36a6ddffad0e,6.2612e-4
PE_f4a6797ec5124306c5c4,2013,ST,NO3,9.627,CO_93a3a6df20e4b9fe133a,7115,VO_f0976c8d36a6ddffad0e,0.06849610500000002
PE_f4a6797ec5124306c5c4,2013,ST,TKN,2.643,CO_0d3fa6dd8f23a9a7db9b,7115,VO_f0976c8d36a6ddffad0e,0.018804945
PE_f4a6797ec5124306c5c4,2013,ST,TP,1.514,CO_550018524a55c47b5406,7115,VO_f0976c8d36a6ddffad0e,0.010772110000000001
PE_f4a6797ec5124306c5c4,2013,ST,TSS,769.8,CO_77ea20057dc948bbe573,7115,VO_f0976c8d36a6ddffad0e,5.477127
PE_f539b86d47c1fcb0fb36,2016,CT,NH4,0.4825,CO_96ca0f3dab10649370e0;CO_fd309e77693e38f49896,27468.5,VO_5651bc3b2e28caae7fcf,0.01325355125
PE_f539b86d47c1fcb0fb36,2016,CT,NO3,4.936,CO_b4bc4cd30fd6f4d1b99b;CO_e2aab8e08a6b9259d75a,27468.5,VO_5651bc3b2e28caae7fcf,0.13558451600000002
PE_f539b86d47c1fcb0fb36,2016,CT,NPOC,9.8841,CO_541dc74a2e65ca0af9e7;CO_c660c4f5597b079abc42,27468.5,VO_5651bc3b2e28caae7fcf,0.27150140084999996
PE_f539b86d47c1fcb0fb36,2016,CT,OP,0.0705,CO_1c6c0bb2c7ecdc3be8e1;CO_3635a91e3da857f7847f,27468.5,VO_5651bc3b2e28caae7fcf,0.0019365292499999999
PE_f539b86d47c1fcb0fb36,2016,CT,TKN,0.04,CO_d3c03b39626cf31bf23f;CO_df6443e4bc9ed49587f8,27468.5,VO_5651bc3b2e28caae7fcf,0.00109874
PE_f539b86d47c1fcb0fb36,2016,CT,TN,4.963,CO_36c8beae7821edb502c3;CO_b0644ea728716c39361a,27468.5,VO_5651bc3b2e28caae7fcf,0.1363261655
PE_f539b86d47c1fcb0fb36,2016,CT,TP,0.047999999999999994,CO_479f16c2905bae7bb62e;CO_6495da527bb644b403ca,27468.5,VO_5651bc3b2e28caae7fcf,0.0013184879999999998
PE_f539b86d47c1fcb0fb36,2016,CT,TSP,0.0085,CO_08494e72f5bf74296af0;CO_636bc6dd6d6866ccc8cd,27468.5,VO_5651bc3b2e28caae7fcf,2.3348225000000003e-4
PE_f539b86d47c1fcb0fb36,2016,CT,TSS,669.923,CO_3cb869000c0bbcbef0b5;CO_8bf5b76ed05f5efbfb47,27468.5,VO_5651bc3b2e28caae7fcf,18.4017799255
PE_f65307a28e67ec298437,2025,MT,NO2,0.8614999999999999,CO_1a960a6e60802712260e;CO_6352ef618f56393aece8;CO_918212efda300e019368;CO_c9c0d0bbde6dd8770a9a,58858.925,VO_04769c6134521a30c707;VO_bf76d938411f05bbb502,0.050706963887500005
PE_f65307a28e67ec298437,2025,MT,NO3,0.126,CO_02c0b7bcc4d2aa75332f;CO_03b07ca887edb311bf70;CO_6320064497fdca4ccc06;CO_aebed4b116c4822b536b,58858.925,VO_04769c6134521a30c707;VO_bf76d938411f05bbb502,0.007416224550000001
PE_f65307a28e67ec298437,2025,MT,OP,0.161,CO_00037f39cf870a1f4912;CO_0c1c43111448b131d65b;CO_0d21ae129a64e1d19e4a;CO_920c37d6464a8f20e893,58858.925,VO_04769c6134521a30c707;VO_bf76d938411f05bbb502,0.009476286925
PE_f65307a28e67ec298437,2025,MT,TDS,698,CO_0753eaf90d583a5bf685;CO_9650eea23a70bd737963;CO_9977c3e1d4e3daf41db5;CO_f334f8fedf9433aeeadf,58858.925,VO_04769c6134521a30c707;VO_bf76d938411f05bbb502,41.083529649999996
PE_f65307a28e67ec298437,2025,MT,TKN,1.05,CO_a43d0385bc15f6b0225d;CO_c70e8a8dbc45421e1b46;CO_f9ca4044fc874991a5d7;CO_fcc0df4b4cc5b19526a1,58858.925,VO_04769c6134521a30c707;VO_bf76d938411f05bbb502,0.06180187125
PE_f65307a28e67ec298437,2025,MT,TP,0.44699999999999995,CO_2c6499976963e9832529;CO_81b187544ef8734d6c36;CO_d8912eba4a0d0a84a3a2;CO_ec2f62c81490e1293397,58858.925,VO_04769c6134521a30c707;VO_bf76d938411f05bbb502,0.026309939475
PE_f65307a28e67ec298437,2025,MT,TSS,196.667,CO_1b47bcdc56d1d3bccd86;CO_3b0c6f9e0f558239ad0d;CO_cdab03ef0ac1023980f6;CO_efeefd8b89611f07c397,58858.925,VO_04769c6134521a30c707;VO_bf76d938411f05bbb502,11.575608202975001
PE_f6b8ae8a7d7975404ada,2020,ST,NO3,7.8,CO_929aa622b6a06994b83e,33839.86,VO_bedf7bd83e0cc9c1a10e,0.263950908
PE_f6b8ae8a7d7975404ada,2020,ST,OP,0,CO_cbf2f7864f1c988391a9,33839.86,VO_bedf7bd83e0cc9c1a10e,0
PE_f6b8ae8a7d7975404ada,2020,ST,Se,0.0063,CO_ba97db3b1045ae8a6e40,33839.86,VO_bedf7bd83e0cc9c1a10e,2.1319111800000002e-4
PE_f6b8ae8a7d7975404ada,2020,ST,TKN,1.3,CO_6c8147fcd46e3da4c463,33839.86,VO_bedf7bd83e0cc9c1a10e,0.043991818
PE_f6b8ae8a7d7975404ada,2020,ST,TP,0.35,CO_731d65cdd441fde25333,33839.86,VO_bedf7bd83e0cc9c1a10e,0.011843950999999998
PE_f6b8ae8a7d7975404ada,2020,ST,TSS,53.333,CO_d5be9d4e5687cf4a37a9,33839.86,VO_bedf7bd83e0cc9c1a10e,1.8047812533799998
PE_f75a11b118194682cabc,2012,CT,ICP,0.009,CO_8b4b1582ca4555a5d72d,15768,VO_0e8968815f8c55f0f74d,1.4191199999999998e-4
PE_f75a11b118194682cabc,2012,CT,NO3,7.317,CO_6659c30f0631de14f58f,15768,VO_0e8968815f8c55f0f74d,0.115374456
PE_f75a11b118194682cabc,2012,CT,OP,0.419,CO_39fa9ec190eee7b6f4df,15768,VO_0e8968815f8c55f0f74d,0.006606791999999999
PE_f75a11b118194682cabc,2012,CT,TN,1.703,CO_ba3b2846e38ab687810b,15768,VO_0e8968815f8c55f0f74d,0.026852904000000004
PE_f75a11b118194682cabc,2012,CT,TP,1.707,CO_e361ec1ff521cfdb913f,15768,VO_0e8968815f8c55f0f74d,0.026915976
PE_f75a11b118194682cabc,2012,CT,TSS,1149.12,CO_0d4ce8fab584ce073638,15768,VO_0e8968815f8c55f0f74d,18.119324159999998
PE_f80f38b6cd2059d6e1ff,2021,CT,NO3,8,CO_abe0ccdc1f6402ee6562;CO_afb36973671a3f3a0d2b,6748.25,VO_6a32f979786050209e4c,0.053986
PE_f80f38b6cd2059d6e1ff,2021,CT,OP,0,CO_86b700fab5db37977a73;CO_9b19f9ab816598a0809e,6748.25,VO_6a32f979786050209e4c,0
PE_f80f38b6cd2059d6e1ff,2021,CT,Se,0.01,CO_08e8631344a3916252ff;CO_fce42b27e987e692873d,6748.25,VO_6a32f979786050209e4c,6.74825e-5
PE_f80f38b6cd2059d6e1ff,2021,CT,TKN,6.25,CO_7421ff69b2a0f7c0a619;CO_f7cb9b960a2452c5c73e,6748.25,VO_6a32f979786050209e4c,0.0421765625
PE_f80f38b6cd2059d6e1ff,2021,CT,TP,0.44,CO_191024c47d6c2b3c24a5;CO_eb57f949956cc9f3c32e,6748.25,VO_6a32f979786050209e4c,0.0029692300000000002
PE_f80f38b6cd2059d6e1ff,2021,CT,TSS,2518.3334999999997,CO_5ee68de2c9ec2bc70785;CO_ed2d6987812e597d6d12,6748.25,VO_6a32f979786050209e4c,16.994344041375
PE_f83de60e775599936d85,2014,MT,OP,0.2855,CO_043066daf2109523a749;CO_620c9c332101a5bae955,0,VO_f609019c7391318d1f35,0
PE_f83de60e775599936d85,2014,MT,TN,3.835,CO_1a5845aa07abed421eef;CO_762454f3d015bb258900,0,VO_f609019c7391318d1f35,0
PE_f83de60e775599936d85,2014,MT,TP,1.675,CO_51e1424eeb5145600819;CO_ccc6742d528e7ca27cf3,0,VO_f609019c7391318d1f35,0
PE_f83de60e775599936d85,2014,MT,TSS,1062.005,CO_721a0012edc437bb3339;CO_c60bf32d32fdcfb02996,0,VO_f609019c7391318d1f35,0
PE_f906e757a7a81d0d8559,2012,CT,TSS,609.6,CO_739a6e720875495ba7eb,3753,VO_c31bb1c1cff37e2edff2,2.2878288
PE_f9b8b7baabb356e71330,2012,CT,NO3,8.407,CO_3a1e191db60edbc07691,0,VO_9abedefc8ca630527854,0
PE_fa23be426e33a4a9ac15,2017,ST,NO3,8.649999999999999,CO_22046fca3d05f073cfd5;CO_e26f3716adbe1a42e8b7,3538.98,VO_8ae4f9921767a889d31c,0.030612176999999997
PE_fa23be426e33a4a9ac15,2017,ST,OP,0,CO_02e6295d8f522840f09b;CO_3c15285c04fff40024bb,3538.98,VO_8ae4f9921767a889d31c,0
PE_fa23be426e33a4a9ac15,2017,ST,TKN,0,CO_2ca9f63bb06128cdda3a;CO_e9627bf1367d542b0df6,3538.98,VO_8ae4f9921767a889d31c,0
PE_fa23be426e33a4a9ac15,2017,ST,TP,0.1145,CO_257ad493dc36225fcc2b;CO_96b026df37a1f9966a1e,3538.98,VO_8ae4f9921767a889d31c,4.0521321e-4
PE_fa23be426e33a4a9ac15,2017,ST,TSS,190,CO_68396e460497efeb6a19;CO_b93c1b49743736fb7377;CO_c0b8203631d0510433c5,3538.98,VO_8ae4f9921767a889d31c,0.6724062
PE_fa3b0653f64238972c39,2011,ST,TSS,494.773,CO_5fe5e6705a4e72feb363,29496.51,VO_8920ca4dd880efe7eac3,14.59407674223
PE_fbe2d0d30dae760e7923,2015,ST,NH4,0.43,CO_b4eed30197a01d2d80fb,2837.99,VO_d5a47a540bfcfa059e6c,0.0012203357
PE_fbe2d0d30dae760e7923,2015,ST,NO3,9.53,CO_46c253965501650db8bf,2837.99,VO_d5a47a540bfcfa059e6c,0.027046044699999994
PE_fbe2d0d30dae760e7923,2015,ST,OP,0.08,CO_d29d53701d3c859e29e1,2837.99,VO_d5a47a540bfcfa059e6c,2.270392e-4
PE_fbe2d0d30dae760e7923,2015,ST,TKN,2.53,CO_1b6aaef482330b270a71,2837.99,VO_d5a47a540bfcfa059e6c,0.007180114699999999
PE_fbe2d0d30dae760e7923,2015,ST,TN,11.84,CO_957d3341036a10da9190,2837.99,VO_d5a47a540bfcfa059e6c,0.0336018016
PE_fbe2d0d30dae760e7923,2015,ST,TP,0.278,CO_fc61dd3e648333d1c113,2837.99,VO_d5a47a540bfcfa059e6c,7.8896122e-4
PE_fbe2d0d30dae760e7923,2015,ST,TSP,0.004,CO_c32b4f99d9fd04c4fcc0,2837.99,VO_d5a47a540bfcfa059e6c,1.135196e-5
PE_fbe2d0d30dae760e7923,2015,ST,TSS,50,CO_d28110a5754f156014f2,2837.99,VO_d5a47a540bfcfa059e6c,0.1418995
PE_fc57e04c14125fc3b750,2020,CT,NO3,7.7,CO_d0d54d0f71b3607b7e7f,20754.38,VO_3844e17af026bc0c67ff,0.159808726
PE_fc57e04c14125fc3b750,2020,CT,OP,0,CO_814fd2e8e45e9a6d3e1f,20754.38,VO_3844e17af026bc0c67ff,0
PE_fc57e04c14125fc3b750,2020,CT,Se,0.0073,CO_42f515a7c89434bcce7f,20754.38,VO_3844e17af026bc0c67ff,1.5150697400000002e-4
PE_fc57e04c14125fc3b750,2020,CT,TKN,1.2,CO_7328f9713cf2421aed76,20754.38,VO_3844e17af026bc0c67ff,0.024905256
PE_fc57e04c14125fc3b750,2020,CT,TP,0.38,CO_7ab74ac64fd9a732609f,20754.38,VO_3844e17af026bc0c67ff,0.0078866644
PE_fc57e04c14125fc3b750,2020,CT,TSS,556.667,CO_4838dcbe86359fcd39ca,20754.38,VO_3844e17af026bc0c67ff,11.553278451460002
PE_fdc59fecf93474c12b12,2013,ST,ICP,0.128,CO_a8a2c6189790c0eb3656,26049,VO_7c5a92318fa876f27922,0.003334272
PE_fdc59fecf93474c12b12,2013,ST,NO3,8.512,CO_c196451df88696ab27f6,26049,VO_7c5a92318fa876f27922,0.22172908800000002
PE_fdc59fecf93474c12b12,2013,ST,TKN,4.765,CO_d55f9f377e5f62397fd8,26049,VO_7c5a92318fa876f27922,0.12412348499999999
PE_fdc59fecf93474c12b12,2013,ST,TP,0.17,CO_f5efb6e05e55f7eda6e8,26049,VO_7c5a92318fa876f27922,0.00442833
PE_fdc59fecf93474c12b12,2013,ST,TSS,595.275,CO_ba810bb7d22c26a354cd,26049,VO_7c5a92318fa876f27922,15.506318475
PE_fdeac2bbac5d3bc57c18,2025,MT,NO2,0.779,CO_060c9d7a12050d242ea6;CO_22ce386dda2c7de5ad2e;CO_7446b0b2cec27cb5b179;CO_e571c88356b811ec4dc1,61276.42,VO_5a9a18c5074a42309491,0.04773433118
PE_fdeac2bbac5d3bc57c18,2025,MT,NO3,0.15949999999999998,CO_07492b151560912565b4;CO_3cd7b476b240ffbe6191;CO_95d41ec85b213287fa1c;CO_d308ddc557e774187ad6,61276.42,VO_5a9a18c5074a42309491,0.009773588989999998
PE_fdeac2bbac5d3bc57c18,2025,MT,OP,0,CO_46372791018924b8cbc4;CO_582c0168ba17eac49642;CO_60f256c7ccbc74803602;CO_a73060afb61efe1b7c81,61276.42,VO_5a9a18c5074a42309491,0
PE_fdeac2bbac5d3bc57c18,2025,MT,TDS,602,CO_0b6da4997e22aae270ba;CO_94f38f016278646b354a;CO_a6dd5c0b55427cdac64f;CO_f2272ce82becf65024ae,61276.42,VO_5a9a18c5074a42309491,36.88840483999999
PE_fdeac2bbac5d3bc57c18,2025,MT,TKN,0,CO_5d19d2275db8df24fd8e;CO_e4dcce8e6a465149a2b5;CO_e9d171c3527d317d5ad5;CO_fd47ac3c0fef2cbfd919,61276.42,VO_5a9a18c5074a42309491,0
PE_fdeac2bbac5d3bc57c18,2025,MT,TP,0.5625,CO_907bdcbc11fea6b08668;CO_b3773ecbf7494c6f8e96;CO_ea3a03b4971eeb62730e;CO_f3c39d0642f4bd32009e,61276.42,VO_5a9a18c5074a42309491,0.03446798625
PE_fdeac2bbac5d3bc57c18,2025,MT,TSS,2120,CO_07d575159375f275adfd;CO_6254768956a95dfd970c;CO_d444ed8e7843d1fcbf5a;CO_ea4e77413a420636f7ac,61276.42,VO_5a9a18c5074a42309491,129.90601039999999
PE_fe4590c4be8ab5dfccac,2023,CT,NO2,0,CO_675b544c61ad6603a1c4;CO_a78a64d5caf8a0e1b3ca;CO_bac14ac9731aad858d8c;CO_bf155b02bdf9148c55cd,27515.49,VO_0d17320b8723ef92ec19,0
PE_fe4590c4be8ab5dfccac,2023,CT,NO3,7.42,CO_6b25866c1f7dc45dcb7a;CO_805c94a358c1d459721e;CO_b59593174a9ed010ad25;CO_c08d12b1da2796e8c757,27515.49,VO_0d17320b8723ef92ec19,0.2041649358
PE_fe4590c4be8ab5dfccac,2023,CT,OP,0,CO_0e78437805639c14d641;CO_87a4a78ecb6deb2dee9d;CO_93411f44e228b5004bde;CO_eaf89db7108470dc3f6b,27515.49,VO_0d17320b8723ef92ec19,0
PE_fe4590c4be8ab5dfccac,2023,CT,TDS,1150,CO_26d1f634cc382a2cb3bb;CO_5f3b6732c285356be83f;CO_a9e1bff2b8e4471addda;CO_af4fa2f0266efcde6fc9,27515.49,VO_0d17320b8723ef92ec19,31.6428135
PE_fe4590c4be8ab5dfccac,2023,CT,TKN,0.61,CO_059f5e543bd484b00e23;CO_1f58dbec71994620de8a;CO_5765dac074bd446d1635;CO_71b3af35d9d53d24e746,27515.49,VO_0d17320b8723ef92ec19,0.0167844489
PE_fe4590c4be8ab5dfccac,2023,CT,TP,0.8585,CO_285f8e7a01879313d77a;CO_5325302e6a26d6e63f09;CO_9988ad0a66f28fe86119;CO_fd242859bc18ffbb2b9c,27515.49,VO_0d17320b8723ef92ec19,0.023622048165000003
PE_fe4590c4be8ab5dfccac,2023,CT,TSS,906.667,CO_5c37f47e32a77a3f1392;CO_9f9c55348d6ed1897376;CO_a95efee6672d868c0b0c;CO_d3d9cf61b7a8758a9abf,27515.49,VO_0d17320b8723ef92ec19,24.947386771830004
PE_ff1edde1daaedfa43426,2012,ST,TSS,761.34,CO_b666f138103ccf27c6c2,14368,VO_526ffa9cb1c8ea3d8090,10.938933120000002
