PhysicalEventID,Year,Treatment,Rep,Analyte,Concentration_mg_L,Volume_L,Load_kg,n_concentration_prediction_rows,n_concentration_observation_ids,n_distinct_concentration_SampleMethod,concentration_SampleMethod_values,n_volume_prediction_rows,n_distinct_volume_MeasureMethod,volume_MeasureMethod_values,central_estimate_type,concentration_resolution,volume_resolution
PE_1959bad48333cbb7ac20,2011,MT,1,TSS,596.6612993646204,2800.654840516119,1.6710423562141612,1,1,1,GBW,1,1,Transducer,physical_event_point_total,median,median
PE_23fdec9b5d2f5aa45a05,2011,ST,1,TSS,525.4985380277433,4896.189344578001,2.572940342482754,1,1,1,GBW,1,1,Transducer,physical_event_point_total,median,median
PE_2aaba42888d07cb12d22,2011,MT,2,ICP,0.076354776118363,928.925982442354,7.092793541991634e-05,1,1,1,GBW,1,1,Transducer,physical_event_point_total,median,median
PE_2aaba42888d07cb12d22,2011,MT,2,NO3,9.138622324502162,928.925982442354,0.008489103720957798,1,1,1,GBW,1,1,Transducer,physical_event_point_total,median,median
PE_2aaba42888d07cb12d22,2011,MT,2,OP,0.097503995786958,928.925982442354,9.05739950784551e-05,1,1,1,GBW,1,1,Transducer,physical_event_point_total,median,median
PE_2aaba42888d07cb12d22,2011,MT,2,TN,3.709107314831871,928.925982442354,0.0034454861564143175,1,1,1,GBW,1,1,Transducer,physical_event_point_total,median,median
PE_2aaba42888d07cb12d22,2011,MT,2,TP,0.7500749507770827,928.925982442354,0.000696764110556002,1,1,1,GBW,1,1,Transducer,physical_event_point_total,median,median
PE_2aaba42888d07cb12d22,2011,MT,2,TSS,636.2993687632354,928.925982442354,0.5910750162558381,1,1,1,GBW,1,1,Transducer,physical_event_point_total,median,median
PE_32e6a0947406c0450241,2011,ST,2,TSS,543.5894026490292,3439.6510629312265,1.8697578666198837,1,1,1,GBW,1,1,Transducer,physical_event_point_total,median,median
PE_35e13c2714d6ea95f5d3,2011,CT,1,ICP,0.03100977195022811,13604.15089038342,0.00042186161668728256,1,1,1,GBW,1,1,Transducer,physical_event_point_total,median,median
PE_35e13c2714d6ea95f5d3,2011,CT,1,NO3,8.441948177226474,13604.15089038342,0.11484553681178622,1,1,1,GBW,1,1,Transducer,physical_event_point_total,median,median
PE_35e13c2714d6ea95f5d3,2011,CT,1,OP,0.06853278529866584,13604.15089038342,0.0009323303521413006,1,1,1,GBW,1,1,Transducer,physical_event_point_total,median,median
PE_35e13c2714d6ea95f5d3,2011,CT,1,TN,3.5897885140896593,13604.15089038342,0.04883602461024101,1,1,1,GBW,1,1,Transducer,physical_event_point_total,median,median
PE_35e13c2714d6ea95f5d3,2011,CT,1,TP,0.8591488438511707,13604.15089038342,0.01168799050904979,1,1,1,GBW,1,1,Transducer,physical_event_point_total,median,median
PE_35e13c2714d6ea95f5d3,2011,CT,1,TSS,866.5733002927844,13604.15089038342,11.788993934760581,1,1,1,GBW,1,1,Transducer,physical_event_point_total,median,median
PE_3da987b4bbd059aa3b87,2011,CT,2,TSS,874.9432239574325,18551.413144964932,16.23143322602191,1,1,1,GBW,1,1,Transducer,physical_event_point_total,median,median
PE_478d3c0884b4f50a8523,2011,CT,2,TSS,921.9425220890575,19420.10918500394,17.904224441267406,1,1,1,GBW,1,1,Transducer,physical_event_point_total,median,median
PE_57effa7ea94a4868513b,2011,CT,2,ICP,0.015672306231517504,5736.391793094519,8.99024888453411e-05,1,1,1,GBW,1,1,Ruler,physical_event_point_total,median,median
PE_57effa7ea94a4868513b,2011,CT,2,NO3,7.5375977180799865,5736.391793094519,0.043238613689642005,1,1,1,GBW,1,1,Ruler,physical_event_point_total,median,median
PE_57effa7ea94a4868513b,2011,CT,2,OP,0.14584567076103724,5736.391793094519,0.0008366279088119793,1,1,1,GBW,1,1,Ruler,physical_event_point_total,median,median
PE_57effa7ea94a4868513b,2011,CT,2,TN,2.3932793617948964,5736.391793094519,0.01372878808958273,1,1,1,GBW,1,1,Ruler,physical_event_point_total,median,median
PE_57effa7ea94a4868513b,2011,CT,2,TP,1.0312689427223853,5736.391793094519,0.005915762699505953,1,1,1,GBW,1,1,Ruler,physical_event_point_total,median,median
PE_57effa7ea94a4868513b,2011,CT,2,TSS,894.9031347682417,5736.391793094519,5.1335149978991,1,1,1,GBW,1,1,Ruler,physical_event_point_total,median,median
PE_60f1a6212ff620019a30,2011,MT,1,ICP,0.020127860614642317,2905.5604151733255,5.8482715044030964e-05,1,1,1,GBW,1,1,Transducer,physical_event_point_total,median,median
PE_60f1a6212ff620019a30,2011,MT,1,NO3,8.479468472933968,2905.5604151733255,0.024637607936667145,1,1,1,GBW,1,1,Transducer,physical_event_point_total,median,median
PE_60f1a6212ff620019a30,2011,MT,1,OP,0.018596095923584,2905.5604151733255,5.403208019233172e-05,1,1,1,GBW,1,1,Transducer,physical_event_point_total,median,median
PE_60f1a6212ff620019a30,2011,MT,1,TN,4.331515400636171,2905.5604151733255,0.012585479685802085,1,1,1,GBW,1,1,Transducer,physical_event_point_total,median,median
PE_60f1a6212ff620019a30,2011,MT,1,TP,0.8052672808705932,2905.5604151733255,0.002339752734931856,1,1,1,GBW,1,1,Transducer,physical_event_point_total,median,median
PE_60f1a6212ff620019a30,2011,MT,1,TSS,410.908979948264,2905.5604151733255,1.1939208663769256,1,1,1,GBW,1,1,Transducer,physical_event_point_total,median,median
PE_63934b6278a65a8216b9,2011,MT,1,ICP,0.11220632413755643,2000.3147707070236,0.0002244479675390942,1,1,1,GBW,1,1,Transducer,physical_event_point_total,median,median
PE_63934b6278a65a8216b9,2011,MT,1,NO3,9.002310190522007,2000.3147707070236,0.018007454044587527,1,1,1,GBW,1,1,Transducer,physical_event_point_total,median,median
PE_63934b6278a65a8216b9,2011,MT,1,OP,0.09535019609132186,2000.3147707070236,0.00019073040563128224,1,1,1,GBW,1,1,Transducer,physical_event_point_total,median,median
PE_63934b6278a65a8216b9,2011,MT,1,TN,3.67779125924162,2000.3147707070236,0.0073567401794381974,1,1,1,GBW,1,1,Transducer,physical_event_point_total,median,median
PE_63934b6278a65a8216b9,2011,MT,1,TP,0.740193600815017,2000.3147707070236,0.0014806201928930969,1,1,1,GBW,1,1,Transducer,physical_event_point_total,median,median
PE_63934b6278a65a8216b9,2011,MT,1,TSS,565.9081676322621,2000.3147707070236,1.1319944665785602,1,1,1,GBW,1,1,Transducer,physical_event_point_total,median,median
PE_74d2b6cff9d0f8aad3cb,2011,ST,2,TSS,500.1050631421641,3673.422938141941,1.8370974104273494,1,1,1,GBW,1,1,Transducer,physical_event_point_total,median,median
PE_7ab5d22c48132f848099,2011,CT,2,ICP,0.06181677875462324,9120.450577032594,0.0005637968754628997,1,1,1,GBW,1,1,Transducer,physical_event_point_total,median,median
PE_7ab5d22c48132f848099,2011,CT,2,NO3,8.835938074181724,9120.450577032594,0.08058773650729498,1,1,1,GBW,1,1,Transducer,physical_event_point_total,median,median
PE_7ab5d22c48132f848099,2011,CT,2,OP,0.11961926015573263,9120.450577032594,0.0010909815503115634,1,1,1,GBW,1,1,Transducer,physical_event_point_total,median,median
PE_7ab5d22c48132f848099,2011,CT,2,TN,5.60629908440342,9120.450577032594,0.051131973719364475,1,1,1,GBW,1,1,Transducer,physical_event_point_total,median,median
PE_7ab5d22c48132f848099,2011,CT,2,TP,1.1499770085956298,9120.450577032594,0.010488308471620229,1,1,1,GBW,1,1,Transducer,physical_event_point_total,median,median
PE_7ab5d22c48132f848099,2011,CT,2,TSS,734.1085908936363,9120.450577032594,6.69540112142045,1,1,1,GBW,1,1,Transducer,physical_event_point_total,median,median
PE_8372856d847ab29e3d55,2011,CT,1,ICP,0.04063256424145994,8096.4326588474905,0.00032897882013727494,1,1,1,GBW,1,1,Transducer,physical_event_point_total,median,median
PE_8372856d847ab29e3d55,2011,CT,1,NO3,8.506798220458498,8096.4326588474905,0.0688747189343459,1,1,1,GBW,1,1,Transducer,physical_event_point_total,median,median
PE_8372856d847ab29e3d55,2011,CT,1,OP,0.10031795845466632,8096.4326588474905,0.0008122175951012661,1,1,1,GBW,1,1,Transducer,physical_event_point_total,median,median
PE_8372856d847ab29e3d55,2011,CT,1,TN,5.008725993352534,8096.4326588474905,0.040552812711797795,1,1,1,GBW,1,1,Transducer,physical_event_point_total,median,median
PE_8372856d847ab29e3d55,2011,CT,1,TP,1.0522924269834615,8096.4326588474905,0.008519814772486785,1,1,1,GBW,1,1,Transducer,physical_event_point_total,median,median
PE_8372856d847ab29e3d55,2011,CT,1,TSS,692.2036849708427,8096.4326588474905,5.60438052157251,1,1,1,GBW,1,1,Transducer,physical_event_point_total,median,median
PE_8822e7617a2395f5da78,2011,MT,2,TSS,609.8352744820264,3126.983728705639,1.906944980496034,1,1,1,GBW,1,1,Transducer,physical_event_point_total,median,median
PE_95d3b43c79b8bf669652,2011,ST,2,ICP,0.07070187504717454,1439.140239825808,0.00010174991341152509,1,1,1,GBW,1,1,Transducer,physical_event_point_total,median,median
PE_95d3b43c79b8bf669652,2011,ST,2,NO3,9.526605847781179,1439.140239825808,0.013710121824501752,1,1,1,GBW,1,1,Transducer,physical_event_point_total,median,median
PE_95d3b43c79b8bf669652,2011,ST,2,OP,0.106768178141187,1439.140239825808,0.00015365438149587247,1,1,1,GBW,1,1,Transducer,physical_event_point_total,median,median
PE_95d3b43c79b8bf669652,2011,ST,2,TN,3.759413297289009,1439.140239825808,0.005410322954264836,1,1,1,GBW,1,1,Transducer,physical_event_point_total,median,median
PE_95d3b43c79b8bf669652,2011,ST,2,TP,0.8069544479042572,1439.140239825808,0.0011613206176854353,1,1,1,GBW,1,1,Transducer,physical_event_point_total,median,median
PE_95d3b43c79b8bf669652,2011,ST,2,TSS,662.7445598054823,1439.140239825808,0.9537823647417113,1,1,1,GBW,1,1,Transducer,physical_event_point_total,median,median
PE_9b06b2640ba03d9fa7c4,2011,CT,1,ICP,0.0,16645.22330936446,0.0,1,1,1,GBW,1,1,Transducer,physical_event_point_total,median,median
PE_9b06b2640ba03d9fa7c4,2011,CT,1,NO3,7.32590331888926,16645.22330936446,0.12194129668572598,1,1,1,GBW,1,1,Transducer,physical_event_point_total,median,median
PE_9b06b2640ba03d9fa7c4,2011,CT,1,OP,0.0,16645.22330936446,0.0,1,1,1,GBW,1,1,Transducer,physical_event_point_total,median,median
PE_9b06b2640ba03d9fa7c4,2011,CT,1,TN,1.9391367079686002,16645.22330936446,0.03227736353152321,1,1,1,GBW,1,1,Transducer,physical_event_point_total,median,median
PE_9b06b2640ba03d9fa7c4,2011,CT,1,TP,0.7337782537964457,16645.22330936446,0.012213902893997349,1,1,1,GBW,1,1,Transducer,physical_event_point_total,median,median
PE_9b06b2640ba03d9fa7c4,2011,CT,1,TSS,903.1399633804197,16645.22330936446,15.032966370078327,1,1,1,GBW,1,1,Transducer,physical_event_point_total,median,median
PE_9e155a06de6d2a36ed95,2011,CT,2,ICP,0.0,7467.492382581851,0.0,1,1,1,GBW,1,1,Transducer,physical_event_point_total,median,median
PE_9e155a06de6d2a36ed95,2011,CT,2,NO3,8.379901495539295,7467.492382581851,0.06257685058472595,1,1,1,GBW,1,1,Transducer,physical_event_point_total,median,median
PE_9e155a06de6d2a36ed95,2011,CT,2,OP,0.054040360554460605,7467.492382581851,0.0004035459807924113,1,1,1,GBW,1,1,Transducer,physical_event_point_total,median,median
PE_9e155a06de6d2a36ed95,2011,CT,2,TN,3.534705437838671,7467.492382581851,0.026395385931730922,1,1,1,GBW,1,1,Transducer,physical_event_point_total,median,median
PE_9e155a06de6d2a36ed95,2011,CT,2,TP,0.8282772599713482,7467.492382581851,0.00618515412950181,1,1,1,GBW,1,1,Transducer,physical_event_point_total,median,median
PE_9e155a06de6d2a36ed95,2011,CT,2,TSS,894.0937168556571,7467.492382581851,6.676638019933915,1,1,1,GBW,1,1,Transducer,physical_event_point_total,median,median
PE_af262f79aa0ed033156d,2011,MT,2,TSS,566.4214245742222,2675.205686925097,1.515293816217174,1,1,1,GBW,1,1,Transducer,physical_event_point_total,median,median
PE_b29e09cdb7f952a1cdb0,2011,ST,1,ICP,0.0898763586575517,2145.258227037338,0.0001928079978262713,1,1,1,GBW,1,1,Ruler,physical_event_point_total,median,median
PE_b29e09cdb7f952a1cdb0,2011,ST,1,NO3,7.892100592575996,2145.258227037338,0.01693059372482991,1,1,1,GBW,1,1,Ruler,physical_event_point_total,median,median
PE_b29e09cdb7f952a1cdb0,2011,ST,1,OP,0.049788324346786164,2145.258227037338,0.00010680881241534642,1,1,1,GBW,1,1,Ruler,physical_event_point_total,median,median
PE_b29e09cdb7f952a1cdb0,2011,ST,1,TN,5.124152796509797,2145.258227037338,0.010992630943309026,1,1,1,GBW,1,1,Ruler,physical_event_point_total,median,median
PE_b29e09cdb7f952a1cdb0,2011,ST,1,TP,1.0927949521145246,2145.258227037338,0.002344327361488558,1,1,1,GBW,1,1,Ruler,physical_event_point_total,median,median
PE_b29e09cdb7f952a1cdb0,2011,ST,1,TSS,370.2978783468078,2145.258227037338,0.7943845699779609,1,1,1,GBW,1,1,Ruler,physical_event_point_total,median,median
PE_bbf4e95c02e1591047b4,2011,ST,1,ICP,0.043562212767619575,4792.052773795326,0.00020875242252573354,1,1,1,GBW,1,1,Transducer,physical_event_point_total,median,median
PE_bbf4e95c02e1591047b4,2011,ST,1,NO3,7.720646731850691,4792.052773795326,0.03699774658685892,1,1,1,GBW,1,1,Transducer,physical_event_point_total,median,median
PE_bbf4e95c02e1591047b4,2011,ST,1,OP,0.020306229566422678,4792.052773795326,9.730852371910046e-05,1,1,1,GBW,1,1,Transducer,physical_event_point_total,median,median
PE_bbf4e95c02e1591047b4,2011,ST,1,TN,2.1095098895949596,4792.052773795326,0.010108882717782198,1,1,1,GBW,1,1,Transducer,physical_event_point_total,median,median
PE_bbf4e95c02e1591047b4,2011,ST,1,TP,0.6722812667879907,4792.052773795326,0.0032216073092820267,1,1,1,GBW,1,1,Transducer,physical_event_point_total,median,median
PE_bbf4e95c02e1591047b4,2011,ST,1,TSS,582.2184548838829,4792.052773795326,2.79002156168114,1,1,1,GBW,1,1,Transducer,physical_event_point_total,median,median
PE_c33b54f99c0ede44173e,2011,CT,1,TSS,794.2179837543316,14885.932946457622,11.822675651037748,1,1,1,GBW,1,1,Transducer,physical_event_point_total,median,median
PE_d16ac2ea89bbe98196a0,2011,CT,2,TSS,1106.6436658984533,14017.453954689374,15.512326630980219,1,1,1,GBW,1,1,Transducer,physical_event_point_total,median,median
PE_db00152d9902bdb511ab,2011,ST,1,TSS,420.72961008616466,5102.020843193377,2.1465712400082344,1,1,1,GBW,1,1,Transducer,physical_event_point_total,median,median
PE_dfd4f33e25a6c0f68606,2011,ST,2,TSS,716.7539861819264,2882.6593989522107,2.0661576150037932,1,1,1,GBW,1,1,Transducer,physical_event_point_total,median,median
PE_e7adc6803f9ae278362b,2011,ST,2,ICP,0.10270556468262526,1629.3388819389431,0.00016734216992889646,1,1,1,GBW,1,1,Ruler,physical_event_point_total,median,median
PE_e7adc6803f9ae278362b,2011,ST,2,NO3,8.584779053744304,1629.3388819389431,0.013987514305120604,1,1,1,GBW,1,1,Ruler,physical_event_point_total,median,median
PE_e7adc6803f9ae278362b,2011,ST,2,OP,0.07619672413619011,1629.3388819389431,0.00012415028531147007,1,1,1,GBW,1,1,Ruler,physical_event_point_total,median,median
PE_e7adc6803f9ae278362b,2011,ST,2,TN,5.869707275921781,1629.3388819389431,0.009563742290259275,1,1,1,GBW,1,1,Ruler,physical_event_point_total,median,median
PE_e7adc6803f9ae278362b,2011,ST,2,TP,1.1872393354599455,1629.3388819389431,0.0019344152114322414,1,1,1,GBW,1,1,Ruler,physical_event_point_total,median,median
PE_e7adc6803f9ae278362b,2011,ST,2,TSS,491.02665589216275,1629.3388819389431,0.8000488225135546,1,1,1,GBW,1,1,Ruler,physical_event_point_total,median,median
PE_f5556b234e32459fa7a2,2011,ST,2,ICP,0.012899855431568628,3408.9898835263984,4.3975476665170515e-05,1,1,1,GBW,1,1,Transducer,physical_event_point_total,median,median
PE_f5556b234e32459fa7a2,2011,ST,2,NO3,7.746372581034215,3408.9898835263984,0.026407305762771918,1,1,1,GBW,1,1,Transducer,physical_event_point_total,median,median
PE_f5556b234e32459fa7a2,2011,ST,2,OP,0.041312806531470694,3408.9898835263984,0.00014083493952586694,1,1,1,GBW,1,1,Transducer,physical_event_point_total,median,median
PE_f5556b234e32459fa7a2,2011,ST,2,TN,2.147876414616681,3408.9898835263984,0.007322088968493218,1,1,1,GBW,1,1,Transducer,physical_event_point_total,median,median
PE_f5556b234e32459fa7a2,2011,ST,2,TP,0.713154115559302,3408.9898835263984,0.0024311351653368766,1,1,1,GBW,1,1,Transducer,physical_event_point_total,median,median
PE_f5556b234e32459fa7a2,2011,ST,2,TSS,727.0028551259884,3408.9898835263984,2.4783453784193026,1,1,1,GBW,1,1,Transducer,physical_event_point_total,median,median
PE_fcddf23162383dff810e,2011,ST,1,TSS,556.6266270695779,3804.6386314324163,2.1177631686328406,1,1,1,GBW,1,1,Transducer,physical_event_point_total,median,median
PE_04c02bec0f0f9a370498,2012,MT,2,ICP,0.1681095438462046,15915.142242886082,0.002675487302699041,1,1,1,GBW,1,1,Transducer,physical_event_point_total,median,median
PE_04c02bec0f0f9a370498,2012,MT,2,NO3,8.222102778973174,15915.142242886082,0.130855935262987,1,1,1,GBW,1,1,Transducer,physical_event_point_total,median,median
PE_04c02bec0f0f9a370498,2012,MT,2,OP,0.004015210864985236,15915.142242886082,6.39026520514217e-05,1,1,1,GBW,1,1,Transducer,physical_event_point_total,median,median
PE_04c02bec0f0f9a370498,2012,MT,2,TN,5.404969267669807,15915.142242886082,0.0860208547133928,1,1,1,GBW,1,1,Transducer,physical_event_point_total,median,median
PE_04c02bec0f0f9a370498,2012,MT,2,TP,0.7896074526264889,15915.142242886082,0.012566714924593506,1,1,1,GBW,1,1,Transducer,physical_event_point_total,median,median
PE_084268df6eb9d4246043,2012,MT,1,ICP,0.05510240240491182,16421.825940193507,0.000904882061179962,1,1,1,GBW,1,1,Transducer,physical_event_point_total,median,median
PE_084268df6eb9d4246043,2012,MT,1,NO3,7.877459401905002,16421.825940193507,0.1293622671490248,1,1,1,GBW,1,1,Transducer,physical_event_point_total,median,median
PE_084268df6eb9d4246043,2012,MT,1,OP,0.2697862822011003,16421.825940193507,0.004430383367358394,1,1,1,GBW,1,1,Transducer,physical_event_point_total,median,median
PE_084268df6eb9d4246043,2012,MT,1,TN,3.7494910087541813,16421.825940193507,0.06157348871008174,1,1,1,GBW,1,1,Transducer,physical_event_point_total,median,median
PE_084268df6eb9d4246043,2012,MT,1,TP,0.7028529799961254,16421.825940193507,0.01154212929904268,1,1,1,GBW,1,1,Transducer,physical_event_point_total,median,median
PE_084268df6eb9d4246043,2012,MT,1,TSS,775.8709401732145,16421.825940193507,12.741217531578819,1,1,1,GBW,1,1,Transducer,physical_event_point_total,median,median
PE_0d403a1dbd25bf378957,2012,CT,2,ICP,0.12618199216336762,11881.346191324068,0.0014992119320039112,1,1,1,GBW,1,1,Transducer,physical_event_point_total,median,median
PE_0d403a1dbd25bf378957,2012,CT,2,NO3,7.175562263965517,11881.346191324068,0.0852553393755754,1,1,1,GBW,1,1,Transducer,physical_event_point_total,median,median
PE_0d403a1dbd25bf378957,2012,CT,2,OP,0.4068442447769876,11881.346191324068,0.004833857318143178,1,1,1,GBW,1,1,Transducer,physical_event_point_total,median,median
PE_0d403a1dbd25bf378957,2012,CT,2,TN,3.4956637123073984,11881.346191324068,0.04153319073437326,1,1,1,GBW,1,1,Transducer,physical_event_point_total,median,median
PE_0d403a1dbd25bf378957,2012,CT,2,TP,0.8899304839492099,11881.346191324068,0.01057357216601313,1,1,1,GBW,1,1,Transducer,physical_event_point_total,median,median
PE_0d403a1dbd25bf378957,2012,CT,2,TSS,581.2189644859866,11881.346191324068,6.905663730020896,1,1,1,GBW,1,1,Transducer,physical_event_point_total,median,median
PE_0e586fb82f46b37d94b4,2012,ST,2,TSS,778.4197518585681,12116.459155817365,9.43169112947583,1,1,1,GBW,1,1,Ruler,physical_event_point_total,median,median
PE_15badc81229f832de396,2012,ST,2,TSS,458.17727099029247,4698.92678499125,2.15294145093048,1,1,1,GBW,1,1,Ruler,physical_event_point_total,median,median
PE_15c01ebd332fd5d41b39,2012,CT,2,TSS,432.80923678162026,7060.59499144731,3.0558907294724413,1,1,1,GBW,1,1,Transducer,physical_event_point_total,median,median
PE_164e2c6f0b39eec70d00,2012,ST,1,NO3,8.679126648063372,17632.970938673876,0.15303878795837145,1,1,1,GBW,1,1,Transducer,physical_event_point_total,median,median
PE_17730c5643d948b203ad,2012,CT,1,TSS,560.3226648604402,5762.860244583592,3.229061209463367,1,1,1,GBW,1,1,Ruler,physical_event_point_total,median,median
PE_1a7d8cf14d5d7a84cc49,2012,ST,2,TSS,1001.7138701533437,9757.111753252751,9.77383417586949,1,1,1,GBW,1,1,Transducer,physical_event_point_total,median,median
PE_248d74790d081f1ad247,2012,ST,1,ICP,0.11937281165539496,13203.659868058854,0.0015761580025916867,1,1,1,GBW,1,1,Transducer,physical_event_point_total,median,median
PE_248d74790d081f1ad247,2012,ST,1,NO3,8.305978433892719,13203.659868058854,0.10966931411255162,1,1,1,GBW,1,1,Transducer,physical_event_point_total,median,median
PE_248d74790d081f1ad247,2012,ST,1,OP,0.06997902698460047,13203.659868058854,0.0009239792702023769,1,1,1,GBW,1,1,Transducer,physical_event_point_total,median,median
PE_248d74790d081f1ad247,2012,ST,1,TN,5.1112806322164435,13203.659868058854,0.06748761095798275,1,1,1,GBW,1,1,Transducer,physical_event_point_total,median,median
PE_248d74790d081f1ad247,2012,ST,1,TP,0.8765776045107296,13203.659868058854,0.011574032537917486,1,1,1,GBW,1,1,Transducer,physical_event_point_total,median,median
PE_248d74790d081f1ad247,2012,ST,1,TSS,996.8799791737086,13203.659868058854,13.162464174287242,1,1,1,GBW,1,1,Transducer,physical_event_point_total,median,median
PE_2efa629b1e4ba707bca1,2012,CT,1,TSS,491.0744618344353,5316.197852089141,2.6106489992200554,1,1,1,GBW,1,1,Ruler,physical_event_point_total,median,median
PE_32cf57061f68ffb1c9cf,2012,CT,2,TSS,471.91592022929393,7071.158605494152,3.3369923203990637,1,1,1,GBW,1,1,Transducer,physical_event_point_total,median,median
PE_365d30de37f48e464de2,2012,ST,2,TSS,491.9933040773677,6545.046621608989,3.2201191127058197,1,1,1,GBW,1,1,Transducer,physical_event_point_total,median,median
PE_42eb29bd3d8b55596b0d,2012,CT,1,ICP,0.2999967035520672,11851.539050287502,0.003555422647104848,1,1,1,GBW,1,1,Ruler,physical_event_point_total,median,median
PE_42eb29bd3d8b55596b0d,2012,CT,1,NO3,7.845224351630497,11851.539050287502,0.09297798276161527,1,1,1,GBW,1,1,Ruler,physical_event_point_total,median,median
PE_42eb29bd3d8b55596b0d,2012,CT,1,OP,0.23735782218835447,11851.539050287502,0.00281305549855648,1,1,1,GBW,1,1,Ruler,physical_event_point_total,median,median
PE_42eb29bd3d8b55596b0d,2012,CT,1,TN,3.3336006348636014,11851.539050287502,0.03950829810214918,1,1,1,GBW,1,1,Ruler,physical_event_point_total,median,median
PE_42eb29bd3d8b55596b0d,2012,CT,1,TP,1.4174485809124766,11851.539050287502,0.01679894720845882,1,1,1,GBW,1,1,Ruler,physical_event_point_total,median,median
PE_53bed9867f02ff579e2d,2012,MT,2,TSS,486.1644940304597,6125.426124319975,2.9779646924509806,1,1,1,GBW,1,1,Ruler,physical_event_point_total,median,median
PE_55dfff50a7b8f0a977d1,2012,MT,2,TSS,450.9277707001505,6741.091750781344,3.039745475265006,1,1,1,GBW,1,1,Ruler,physical_event_point_total,median,median
PE_57bf938d5e71dc213f59,2012,ST,1,TSS,429.1886020498879,8749.249668428487,3.7550782341782676,1,1,1,GBW,1,1,Transducer,physical_event_point_total,median,median
PE_57fa018badecf5410da3,2012,ST,1,TSS,441.4519783717246,8452.003171491511,3.731153521259018,1,1,1,GBW,1,1,Transducer,physical_event_point_total,median,median
PE_5a2398fb5beb05ecabaa,2012,ST,2,TSS,462.4191817072028,4660.509330588358,2.155108910989452,1,1,1,GBW,1,1,Ruler,physical_event_point_total,median,median
PE_649006527ce5d1d1ff1f,2012,ST,2,ICP,0.1699205349565033,9192.282989816744,0.0015619576431012267,1,1,1,GBW,1,1,Transducer,physical_event_point_total,median,median
PE_649006527ce5d1d1ff1f,2012,ST,2,NO3,8.451841092323425,9192.282989816744,0.07769171510559879,1,1,1,GBW,1,1,Transducer,physical_event_point_total,median,median
PE_649006527ce5d1d1ff1f,2012,ST,2,OP,0.0474857752017839,9192.282989816744,0.00043650268364561995,1,1,1,GBW,1,1,Transducer,physical_event_point_total,median,median
PE_649006527ce5d1d1ff1f,2012,ST,2,TN,5.751787018426245,9192.282989816744,0.05287205397052834,1,1,1,GBW,1,1,Transducer,physical_event_point_total,median,median
PE_649006527ce5d1d1ff1f,2012,ST,2,TP,0.8367673948980074,9192.282989816744,0.007691802690554223,1,1,1,GBW,1,1,Transducer,physical_event_point_total,median,median
PE_649006527ce5d1d1ff1f,2012,ST,2,TSS,1090.926842508348,9192.282989816744,10.028108257523979,1,1,1,GBW,1,1,Transducer,physical_event_point_total,median,median
PE_681443548ef078be38f1,2012,MT,2,ICP,0.08807843712047683,16885.76936730063,0.0014872721754486623,1,1,1,GBW,1,1,Transducer,physical_event_point_total,median,median
PE_681443548ef078be38f1,2012,MT,2,NO3,7.856068809833403,16885.76936730063,0.13265576605649076,1,1,1,GBW,1,1,Transducer,physical_event_point_total,median,median
PE_681443548ef078be38f1,2012,MT,2,OP,0.30157501832862676,16885.76936730063,0.005092326206436652,1,1,1,GBW,1,1,Transducer,physical_event_point_total,median,median
PE_681443548ef078be38f1,2012,MT,2,TN,3.989162449036706,16885.76936730063,0.06736007708312997,1,1,1,GBW,1,1,Transducer,physical_event_point_total,median,median
PE_681443548ef078be38f1,2012,MT,2,TP,0.7485688739861742,16885.76936730063,0.012640161361670465,1,1,1,GBW,1,1,Transducer,physical_event_point_total,median,median
PE_681443548ef078be38f1,2012,MT,2,TSS,821.5018349069838,16885.76936730063,13.871690519053606,1,1,1,GBW,1,1,Transducer,physical_event_point_total,median,median
PE_6975f3c079d281a511a0,2012,ST,1,TSS,414.3581047878384,7182.395996931251,2.97608399312419,1,1,1,GBW,1,1,Transducer,physical_event_point_total,median,median
PE_6c101e1953c53808bd4e,2012,ST,2,ICP,0.03451219052334956,12514.056925804758,0.00043188751684341593,1,1,1,GBW,1,1,Transducer,physical_event_point_total,median,median
PE_6c101e1953c53808bd4e,2012,ST,2,NO3,7.210175174887807,12514.056925804758,0.0902285425835703,1,1,1,GBW,1,1,Transducer,physical_event_point_total,median,median
PE_6c101e1953c53808bd4e,2012,ST,2,OP,0.0775355635303706,12514.056925804758,0.000970284455793409,1,1,1,GBW,1,1,Transducer,physical_event_point_total,median,median
PE_6c101e1953c53808bd4e,2012,ST,2,TN,3.859682873279043,12514.056925804758,0.04830029119176762,1,1,1,GBW,1,1,Transducer,physical_event_point_total,median,median
PE_6c101e1953c53808bd4e,2012,ST,2,TP,0.7576231434729432,12514.056925804758,0.009480939145727557,1,1,1,GBW,1,1,Transducer,physical_event_point_total,median,median
PE_6c101e1953c53808bd4e,2012,ST,2,TSS,813.1606331851129,12514.056925804758,10.175938453501946,1,1,1,GBW,1,1,Transducer,physical_event_point_total,median,median
PE_6dd6e0481282dc87af9e,2012,CT,2,NO3,7.648852747719335,11553.073105179436,0.08836775496515407,1,1,1,GBW,1,1,Transducer,physical_event_point_total,median,median
PE_7105f0f414cf84b7ea78,2012,CT,1,TSS,695.0162959094288,13320.753431137942,9.258140708432308,1,1,1,GBW,1,1,Ruler,physical_event_point_total,median,median
PE_7bc7d14f1d4cbbeee019,2012,MT,1,TSS,500.47067114323903,8293.924225220737,4.150865823407391,1,1,1,GBW,1,1,Transducer,physical_event_point_total,median,median
PE_81617f8b3e2986274802,2012,MT,2,TSS,971.5670750236782,13134.379378914999,12.76093055542376,1,1,1,GBW,1,1,Transducer,physical_event_point_total,median,median
PE_860b95b364b2c2e3a6b5,2012,MT,1,ICP,0.08925874418457616,15241.827234337221,0.001360466358015212,1,1,1,GBW,1,1,Transducer,physical_event_point_total,median,median
PE_860b95b364b2c2e3a6b5,2012,MT,1,NO3,7.5803260938496155,15241.827234337221,0.11553802070239415,1,1,1,GBW,1,1,Transducer,physical_event_point_total,median,median
PE_860b95b364b2c2e3a6b5,2012,MT,1,OP,0.08814342235309867,15241.827234337221,0.0013434668153491475,1,1,1,GBW,1,1,Transducer,physical_event_point_total,median,median
PE_860b95b364b2c2e3a6b5,2012,MT,1,TN,3.9023116666976136,15241.827234337221,0.059478360238343554,1,1,1,GBW,1,1,Transducer,physical_event_point_total,median,median
PE_860b95b364b2c2e3a6b5,2012,MT,1,TP,0.8474440132159917,15241.827234337221,0.012916595240211534,1,1,1,GBW,1,1,Transducer,physical_event_point_total,median,median
PE_860b95b364b2c2e3a6b5,2012,MT,1,TSS,851.7280444274915,15241.827234337221,12.981891703803722,1,1,1,GBW,1,1,Transducer,physical_event_point_total,median,median
PE_8844898dffe247398b01,2012,MT,1,TSS,455.96774933543713,7758.936845628491,3.5378249707370193,1,1,1,GBW,1,1,Transducer,physical_event_point_total,median,median
PE_8926ae228cc15db54f23,2012,CT,1,ICP,0.061682260241328724,11821.692925850268,0.0007291887395453711,1,1,1,GBW,1,1,Transducer,physical_event_point_total,median,median
PE_8926ae228cc15db54f23,2012,CT,1,NO3,7.694256448439614,11821.692925850268,0.09095913702619639,1,1,1,GBW,1,1,Transducer,physical_event_point_total,median,median
PE_8926ae228cc15db54f23,2012,CT,1,OP,0.13454737390674867,11821.692925850268,0.0015905777383051418,1,1,1,GBW,1,1,Transducer,physical_event_point_total,median,median
PE_8926ae228cc15db54f23,2012,CT,1,TN,4.497930548383696,11821.692925850268,0.05317315374479335,1,1,1,GBW,1,1,Transducer,physical_event_point_total,median,median
PE_8926ae228cc15db54f23,2012,CT,1,TP,1.013152490428018,11821.692925850268,0.01197717762890048,1,1,1,GBW,1,1,Transducer,physical_event_point_total,median,median
PE_8926ae228cc15db54f23,2012,CT,1,TSS,1085.7274917825093,11821.692925850268,12.835137009006447,1,1,1,GBW,1,1,Transducer,physical_event_point_total,median,median
PE_8b5564238c223d972525,2012,MT,1,ICP,0.2503128799877376,12678.079968525923,0.0031734867096365692,1,1,1,GBW,1,1,Transducer,physical_event_point_total,median,median
PE_8b5564238c223d972525,2012,MT,1,NO3,8.326670788542328,12678.079968525923,0.10556619812872844,1,1,1,GBW,1,1,Transducer,physical_event_point_total,median,median
PE_8b5564238c223d972525,2012,MT,1,OP,0.07945029989751999,12678.079968525923,0.0010072772556241254,1,1,1,GBW,1,1,Transducer,physical_event_point_total,median,median
PE_8b5564238c223d972525,2012,MT,1,TN,5.972844039811676,12678.079968525923,0.07572419437626586,1,1,1,GBW,1,1,Transducer,physical_event_point_total,median,median
PE_8b5564238c223d972525,2012,MT,1,TP,1.0260502381825032,12678.079968525923,0.013008346971402846,1,1,1,GBW,1,1,Transducer,physical_event_point_total,median,median
PE_8b5564238c223d972525,2012,MT,1,TSS,1002.537356671003,12678.079968525923,12.710248779309572,1,1,1,GBW,1,1,Transducer,physical_event_point_total,median,median
PE_8dd5bcb659f488a967c1,2012,MT,2,ICP,0.22316633213999204,12582.644895330342,0.0028080227099108665,1,1,1,GBW,1,1,Transducer,physical_event_point_total,median,median
PE_8dd5bcb659f488a967c1,2012,MT,2,NO3,8.660401155617578,12582.644895330342,0.1089707523922445,1,1,1,GBW,1,1,Transducer,physical_event_point_total,median,median
PE_8dd5bcb659f488a967c1,2012,MT,2,OP,0.02141160748814098,12582.644895330342,0.00026941465366147406,1,1,1,GBW,1,1,Transducer,physical_event_point_total,median,median
PE_8dd5bcb659f488a967c1,2012,MT,2,TN,6.05661366534259,12582.644895330342,0.07620821901921095,1,1,1,GBW,1,1,Transducer,physical_event_point_total,median,median
PE_8dd5bcb659f488a967c1,2012,MT,2,TP,0.9076028743678726,12582.644895330342,0.011420044674152058,1,1,1,GBW,1,1,Transducer,physical_event_point_total,median,median
PE_8dd5bcb659f488a967c1,2012,MT,2,TSS,1060.6398280681642,12582.644895330342,13.345654318425938,1,1,1,GBW,1,1,Transducer,physical_event_point_total,median,median
PE_93fc10203fe8e4c919ea,2012,CT,2,ICP,0.20323751483369132,9373.97148874779,0.0019051426694949782,1,1,1,GBW,1,1,Transducer,physical_event_point_total,median,median
PE_93fc10203fe8e4c919ea,2012,CT,2,NO3,7.293988792256117,9373.97148874779,0.06837364297785477,1,1,1,GBW,1,1,Transducer,physical_event_point_total,median,median
PE_93fc10203fe8e4c919ea,2012,CT,2,OP,0.15464747315282892,9373.97148874779,0.0014496610041415075,1,1,1,GBW,1,1,Transducer,physical_event_point_total,median,median
PE_93fc10203fe8e4c919ea,2012,CT,2,TN,5.387497978620954,9373.97148874779,0.05050225244727917,1,1,1,GBW,1,1,Transducer,physical_event_point_total,median,median
PE_93fc10203fe8e4c919ea,2012,CT,2,TP,1.0381695247329148,9373.97148874779,0.009731771525333187,1,1,1,GBW,1,1,Transducer,physical_event_point_total,median,median
PE_93fc10203fe8e4c919ea,2012,CT,2,TSS,745.3354740155661,9373.97148874779,6.986753482974235,1,1,1,GBW,1,1,Transducer,physical_event_point_total,median,median
PE_964f9e60ef2ea5038dae,2012,CT,2,ICP,0.38454782444559793,9146.849311878319,0.003517401003414522,1,1,1,GBW,1,1,Ruler,physical_event_point_total,median,median
PE_964f9e60ef2ea5038dae,2012,CT,2,NO3,7.659965764629602,9146.849311878319,0.07006455258321374,1,1,1,GBW,1,1,Ruler,physical_event_point_total,median,median
PE_964f9e60ef2ea5038dae,2012,CT,2,OP,0.31230382878450075,9146.849311878319,0.002856596061414475,1,1,1,GBW,1,1,Ruler,physical_event_point_total,median,median
PE_964f9e60ef2ea5038dae,2012,CT,2,TN,3.9767606678949683,9146.849311878319,0.036374830578639855,1,1,1,GBW,1,1,Ruler,physical_event_point_total,median,median
PE_964f9e60ef2ea5038dae,2012,CT,2,TP,1.609220237424144,9146.849311878319,0.014719295021343696,1,1,1,GBW,1,1,Ruler,physical_event_point_total,median,median
PE_980f4b8e6c4ad4f916f0,2012,CT,1,ICP,0.18861947423850156,10623.35382750035,0.0020037714135926893,1,1,1,GBW,1,1,Ruler,physical_event_point_total,median,median
PE_980f4b8e6c4ad4f916f0,2012,CT,1,NO3,8.589062942061984,10623.35382750035,0.0912446546801956,1,1,1,GBW,1,1,Ruler,physical_event_point_total,median,median
PE_980f4b8e6c4ad4f916f0,2012,CT,1,OP,0.4469370853444927,10623.35382750035,0.0047479707962462675,1,1,1,GBW,1,1,Ruler,physical_event_point_total,median,median
PE_980f4b8e6c4ad4f916f0,2012,CT,1,TN,3.817500898933887,10623.35382750035,0.04055466278617534,1,1,1,GBW,1,1,Ruler,physical_event_point_total,median,median
PE_980f4b8e6c4ad4f916f0,2012,CT,1,TP,0.8746985438978296,10623.35382750035,0.009292232124225992,1,1,1,GBW,1,1,Ruler,physical_event_point_total,median,median
PE_980f4b8e6c4ad4f916f0,2012,CT,1,TSS,797.539215818307,10623.35382750035,8.472541280945038,1,1,1,GBW,1,1,Ruler,physical_event_point_total,median,median
PE_9990eb3a8c35bbfe0d52,2012,CT,1,ICP,0.0,14371.240997222925,0.0,1,1,1,GBW,1,1,Transducer,physical_event_point_total,median,median
PE_9990eb3a8c35bbfe0d52,2012,CT,1,NO3,6.956248309926925,14371.240997222925,0.09996992089848451,1,1,1,GBW,1,1,Transducer,physical_event_point_total,median,median
PE_9990eb3a8c35bbfe0d52,2012,CT,1,OP,0.14727326334712573,14371.240997222925,0.0021164995600090213,1,1,1,GBW,1,1,Transducer,physical_event_point_total,median,median
PE_9990eb3a8c35bbfe0d52,2012,CT,1,TN,2.9793311757139156,14371.240997222925,0.042816686336724204,1,1,1,GBW,1,1,Transducer,physical_event_point_total,median,median
PE_9990eb3a8c35bbfe0d52,2012,CT,1,TP,0.8709191880225753,14371.240997222925,0.012516189540178135,1,1,1,GBW,1,1,Transducer,physical_event_point_total,median,median
PE_9990eb3a8c35bbfe0d52,2012,CT,1,TSS,713.8108689318798,14371.240997222925,10.25834802385715,1,1,1,GBW,1,1,Transducer,physical_event_point_total,median,median
PE_bf44e09ffc415b58c4a0,2012,ST,2,ICP,0.0,13633.429993897307,0.0,1,1,1,GBW,1,1,Transducer,physical_event_point_total,median,median
PE_bf44e09ffc415b58c4a0,2012,ST,2,NO3,7.345081930635766,13633.429993897307,0.1001386603007628,1,1,1,GBW,1,1,Transducer,physical_event_point_total,median,median
PE_bf44e09ffc415b58c4a0,2012,ST,2,OP,0.21595104067581916,13633.429993897307,0.0029441533951630504,1,1,1,GBW,1,1,Transducer,physical_event_point_total,median,median
PE_bf44e09ffc415b58c4a0,2012,ST,2,TN,3.499818300265667,13633.429993897307,0.04771452778803263,1,1,1,GBW,1,1,Transducer,physical_event_point_total,median,median
PE_bf44e09ffc415b58c4a0,2012,ST,2,TP,0.6670847199382159,13633.429993897307,0.009094652829276257,1,1,1,GBW,1,1,Transducer,physical_event_point_total,median,median
PE_bf44e09ffc415b58c4a0,2012,ST,2,TSS,782.1424015721815,13633.429993897307,10.663283677093052,1,1,1,GBW,1,1,Transducer,physical_event_point_total,median,median
PE_c022cac1f55e539686af,2012,CT,2,ICP,0.471789411307906,10740.917683712789,0.005067451230905534,1,1,1,GBW,1,1,Transducer,physical_event_point_total,median,median
PE_c022cac1f55e539686af,2012,CT,2,NO3,7.924335728817338,10740.917683712789,0.08511463776133123,1,1,1,GBW,1,1,Transducer,physical_event_point_total,median,median
PE_c022cac1f55e539686af,2012,CT,2,TN,4.202504185163911,10740.917683712789,0.04513875151830406,1,1,1,GBW,1,1,Transducer,physical_event_point_total,median,median
PE_c022cac1f55e539686af,2012,CT,2,TP,1.463399639099634,10740.917683712789,0.015718255061944172,1,1,1,GBW,1,1,Transducer,physical_event_point_total,median,median
PE_c022cac1f55e539686af,2012,CT,2,TSS,674.2686104730319,10740.917683712789,7.242263641802238,1,1,1,GBW,1,1,Transducer,physical_event_point_total,median,median
PE_c3c22e6072f6eeb66ac2,2012,MT,2,TSS,745.7356580062435,13522.976174651016,10.084565535806128,1,1,1,GBW,1,1,Ruler,physical_event_point_total,median,median
PE_c8cfe41007225eb1567a,2012,ST,1,TSS,783.1007633496677,12484.535038424754,9.776648918656099,1,1,1,GBW,1,1,Transducer,physical_event_point_total,median,median
PE_cbed8a7088e045d7b553,2012,CT,2,ICP,0.12800472001435514,12563.779228406042,0.0016082230424542864,1,1,1,GBW,1,1,Transducer,physical_event_point_total,median,median
PE_cbed8a7088e045d7b553,2012,CT,2,NO3,6.489173633068521,12563.779228406042,0.08152854490066645,1,1,1,GBW,1,1,Transducer,physical_event_point_total,median,median
PE_cbed8a7088e045d7b553,2012,CT,2,OP,0.22638971021925786,12563.779228406042,0.002844310338777575,1,1,1,GBW,1,1,Transducer,physical_event_point_total,median,median
PE_cbed8a7088e045d7b553,2012,CT,2,TN,3.775548543828428,12563.779228406042,0.047435158370790285,1,1,1,GBW,1,1,Transducer,physical_event_point_total,median,median
PE_cbed8a7088e045d7b553,2012,CT,2,TP,1.0036491813084023,12563.779228406042,0.012609626736729235,1,1,1,GBW,1,1,Transducer,physical_event_point_total,median,median
PE_cbed8a7088e045d7b553,2012,CT,2,TSS,579.5251377593735,12563.779228406042,7.281025888120366,1,1,1,GBW,1,1,Transducer,physical_event_point_total,median,median
PE_d79901bee44e9d2ab8bc,2012,MT,2,TSS,435.74277392103176,6694.305731742747,2.916995349025047,1,1,1,GBW,1,1,Ruler,physical_event_point_total,median,median
PE_d8275d4734b8c69e5afc,2012,MT,1,TSS,707.8450943769925,15002.74385696978,10.61961864135062,1,1,1,GBW,1,1,Transducer,physical_event_point_total,median,median
PE_df9469438e8cb790e7af,2012,CT,1,ICP,0.29716749817145194,14394.720249325905,0.004277643003370118,1,1,1,GBW,1,1,Transducer,physical_event_point_total,median,median
PE_df9469438e8cb790e7af,2012,CT,1,NO3,8.166896110316484,14394.720249325905,0.11756018481331366,1,1,1,GBW,1,1,Transducer,physical_event_point_total,median,median
PE_df9469438e8cb790e7af,2012,CT,1,TN,3.6727086301435516,14394.720249325905,0.05286761328820139,1,1,1,GBW,1,1,Transducer,physical_event_point_total,median,median
PE_df9469438e8cb790e7af,2012,CT,1,TP,1.3037932836158594,14394.720249325905,0.018767739580600323,1,1,1,GBW,1,1,Transducer,physical_event_point_total,median,median
PE_df9469438e8cb790e7af,2012,CT,1,TSS,968.5739445022183,14394.720249325905,13.942350971895548,1,1,1,GBW,1,1,Transducer,physical_event_point_total,median,median
PE_e36c37e82bf0717de103,2012,CT,1,NO3,8.334631530651848,14269.633301488595,0.11893213564542646,1,1,1,GBW,1,1,Transducer,physical_event_point_total,median,median
PE_e54a1b2fb0b2d2f3c583,2012,ST,1,ICP,0.0,16130.585990238113,0.0,1,1,1,GBW,1,1,Transducer,physical_event_point_total,median,median
PE_e54a1b2fb0b2d2f3c583,2012,ST,1,NO3,7.3492046801978805,16130.585990238113,0.1185469780537923,1,1,1,GBW,1,1,Transducer,physical_event_point_total,median,median
PE_e54a1b2fb0b2d2f3c583,2012,ST,1,OP,0.0644910453886469,16130.585990238113,0.001040278353241918,1,1,1,GBW,1,1,Transducer,physical_event_point_total,median,median
PE_e54a1b2fb0b2d2f3c583,2012,ST,1,TN,3.2130167312102493,16130.585990238113,0.0518278426708607,1,1,1,GBW,1,1,Transducer,physical_event_point_total,median,median
PE_e54a1b2fb0b2d2f3c583,2012,ST,1,TP,0.7476837744533276,16130.585990238113,0.0120605774173252,1,1,1,GBW,1,1,Transducer,physical_event_point_total,median,median
PE_e54a1b2fb0b2d2f3c583,2012,ST,1,TSS,685.8689992375756,16130.585990238113,11.063468870240273,1,1,1,GBW,1,1,Transducer,physical_event_point_total,median,median
PE_f0826e18d2e4817478f5,2012,CT,1,TSS,529.7404521986196,5736.12184462373,3.0386557798373546,1,1,1,GBW,1,1,Ruler,physical_event_point_total,median,median
PE_f18d62b04bf4f3a25d7e,2012,MT,1,ICP,0.16026228256991498,13193.161178729297,0.0021143661248159474,1,1,1,GBW,1,1,Transducer,physical_event_point_total,median,median
PE_f18d62b04bf4f3a25d7e,2012,MT,1,NO3,8.526308661177497,13193.161178729297,0.11248896442651031,1,1,1,GBW,1,1,Transducer,physical_event_point_total,median,median
PE_f18d62b04bf4f3a25d7e,2012,MT,1,OP,0.0,13193.161178729297,0.0,1,1,1,GBW,1,1,Transducer,physical_event_point_total,median,median
PE_f18d62b04bf4f3a25d7e,2012,MT,1,TN,5.167821186429518,13193.161178729297,0.0681798978554167,1,1,1,GBW,1,1,Transducer,physical_event_point_total,median,median
PE_f18d62b04bf4f3a25d7e,2012,MT,1,TP,0.8009391438176223,13193.161178729297,0.010566919218739337,1,1,1,GBW,1,1,Transducer,physical_event_point_total,median,median
PE_06463f55c291ea1d15a9,2013,ST,2,ICP,0.17221078692373867,13931.659660067506,0.0023991820732139307,1,1,1,GBW,1,1,Transducer,physical_event_point_total,median,median
PE_06463f55c291ea1d15a9,2013,ST,2,NO3,8.831735531436257,13931.659660067506,0.12304073363169536,1,1,1,GBW,1,1,Transducer,physical_event_point_total,median,median
PE_06463f55c291ea1d15a9,2013,ST,2,TKN,2.610940300228948,13931.659660067506,0.03637473165554418,1,1,1,GBW,1,1,Transducer,physical_event_point_total,median,median
PE_06463f55c291ea1d15a9,2013,ST,2,TP,1.4916779068216348,13931.659660067506,0.020781548920280904,1,1,1,GBW,1,1,Transducer,physical_event_point_total,median,median
PE_06463f55c291ea1d15a9,2013,ST,2,TSS,846.5558978310838,13931.659660067506,11.793928651805539,1,1,1,GBW,1,1,Transducer,physical_event_point_total,median,median
PE_06846811b2896d804676,2013,CT,2,ICP,0.3299364967163607,5906.951161583733,0.0019489187725275745,1,1,1,GBW,1,1,Transducer,physical_event_point_total,median,median
PE_06846811b2896d804676,2013,CT,2,NO3,8.329336922746148,5906.951161583733,0.04920098641103763,1,1,1,GBW,1,1,Transducer,physical_event_point_total,median,median
PE_06846811b2896d804676,2013,CT,2,TKN,3.234863933419164,5906.951161583733,0.01910818326907565,1,1,1,GBW,1,1,Transducer,physical_event_point_total,median,median
PE_06846811b2896d804676,2013,CT,2,TP,2.074246669887062,5906.951161583733,0.012252473776100569,1,1,1,GBW,1,1,Transducer,physical_event_point_total,median,median
PE_06846811b2896d804676,2013,CT,2,TSS,1164.1196960214463,5906.951161583733,6.876398190636384,1,1,1,GBW,1,1,Transducer,physical_event_point_total,median,median
PE_12cbc4a228ce581574f5,2013,MT,1,ICP,0.19248823069311774,11334.771589255068,0.0021818101285263265,1,1,1,GBW,1,1,Transducer,physical_event_point_total,median,median
PE_12cbc4a228ce581574f5,2013,MT,1,NO3,9.275081107089946,11334.771589255068,0.10513092582067957,1,1,1,GBW,1,1,Transducer,physical_event_point_total,median,median
PE_12cbc4a228ce581574f5,2013,MT,1,TKN,2.1054905708325027,11334.771589255068,0.023865254703716688,1,1,1,GBW,1,1,Transducer,physical_event_point_total,median,median
PE_12cbc4a228ce581574f5,2013,MT,1,TP,1.3376001756122768,11334.771589255068,0.015161392468312624,1,1,1,GBW,1,1,Transducer,physical_event_point_total,median,median
PE_12cbc4a228ce581574f5,2013,MT,1,TSS,947.2353385355253,11334.771589255068,10.736696203570878,1,1,1,GBW,1,1,Transducer,physical_event_point_total,median,median
PE_262bcdadb146dac989ae,2013,MT,2,ICP,0.18411779007474163,10473.092438671241,0.0019282826350566357,1,1,1,GBW,1,1,Transducer,physical_event_point_total,median,median
PE_262bcdadb146dac989ae,2013,MT,2,NO3,9.423930334805025,10473.092438671241,0.09869769353201105,1,1,1,GBW,1,1,Transducer,physical_event_point_total,median,median
PE_262bcdadb146dac989ae,2013,MT,2,TKN,2.090902370541873,10473.092438671241,0.021898213806921862,1,1,1,GBW,1,1,Transducer,physical_event_point_total,median,median
PE_262bcdadb146dac989ae,2013,MT,2,TP,1.424164713387904,10473.092438671241,0.014915408691205254,1,1,1,GBW,1,1,Transducer,physical_event_point_total,median,median
PE_262bcdadb146dac989ae,2013,MT,2,TSS,931.3539986050331,10473.092438671241,9.754156520516599,1,1,1,GBW,1,1,Transducer,physical_event_point_total,median,median
PE_2b1a26b26247f7aaf591,2013,ST,2,ICP,0.1624396058272338,13157.148225837347,0.0021372419716155075,1,1,1,GBW,1,1,Transducer,physical_event_point_total,median,median
PE_2b1a26b26247f7aaf591,2013,ST,2,NO3,9.239058396117255,13157.148225837347,0.12155966078488178,1,1,1,GBW,1,1,Transducer,physical_event_point_total,median,median
PE_2b1a26b26247f7aaf591,2013,ST,2,TKN,2.29650237601689,13157.148225837347,0.030215422162241875,1,1,1,GBW,1,1,Transducer,physical_event_point_total,median,median
PE_2b1a26b26247f7aaf591,2013,ST,2,TP,1.3320024089234677,13157.148225837347,0.017525353131378475,1,1,1,GBW,1,1,Transducer,physical_event_point_total,median,median
PE_2b1a26b26247f7aaf591,2013,ST,2,TSS,825.1420216784691,13157.148225837347,10.856515886590712,1,1,1,GBW,1,1,Transducer,physical_event_point_total,median,median
PE_2e9d58711c9824497c11,2013,CT,2,ICP,0.19287209927712085,15204.449083303236,0.0029325140130487906,1,1,1,GBW,1,1,Transducer,physical_event_point_total,median,median
PE_2e9d58711c9824497c11,2013,CT,2,NO3,8.696855913995046,15204.449083303236,0.13223090292916231,1,1,1,GBW,1,1,Transducer,physical_event_point_total,median,median
PE_2e9d58711c9824497c11,2013,CT,2,TKN,3.03974949014383,15204.449083303236,0.04621771634888883,1,1,1,GBW,1,1,Transducer,physical_event_point_total,median,median
PE_2e9d58711c9824497c11,2013,CT,2,TP,1.7006827164920386,15204.449083303236,0.025857943769757034,1,1,1,GBW,1,1,Transducer,physical_event_point_total,median,median
PE_2e9d58711c9824497c11,2013,CT,2,TSS,1036.2584121889604,15204.449083303236,15.755738265271706,1,1,1,GBW,1,1,Transducer,physical_event_point_total,median,median
PE_3a1f801f634bfe189584,2013,ST,2,ICP,0.326609611105922,2872.814249657575,0.0009382887448602117,1,1,1,GBW,1,1,Transducer,physical_event_point_total,median,median
PE_3a1f801f634bfe189584,2013,ST,2,NO3,8.518466275448544,2872.814249657575,0.024471971301336066,1,1,1,GBW,1,1,Transducer,physical_event_point_total,median,median
PE_3a1f801f634bfe189584,2013,ST,2,TKN,2.869772927810459,2872.814249657575,0.008244324560295427,1,1,1,GBW,1,1,Transducer,physical_event_point_total,median,median
PE_3a1f801f634bfe189584,2013,ST,2,TP,1.8611620277310683,2872.814249657575,0.0053467727941874,1,1,1,GBW,1,1,Transducer,physical_event_point_total,median,median
PE_3a1f801f634bfe189584,2013,ST,2,TSS,931.2222046215335,2872.814249657575,2.6752284190342834,1,1,1,GBW,1,1,Transducer,physical_event_point_total,median,median
PE_4ba63451b7dc89c0a556,2013,ST,1,ICP,0.21199338146744498,14231.881649997029,0.00301706471562735,1,1,1,GBW,1,1,Transducer,physical_event_point_total,median,median
PE_4ba63451b7dc89c0a556,2013,ST,1,NO3,9.19183698913989,14231.881649997029,0.13081713617550395,1,1,1,GBW,1,1,Transducer,physical_event_point_total,median,median
PE_4ba63451b7dc89c0a556,2013,ST,1,TKN,2.254549491493328,14231.881649997029,0.03208648153699403,1,1,1,GBW,1,1,Transducer,physical_event_point_total,median,median
PE_4ba63451b7dc89c0a556,2013,ST,1,TP,1.3121638088903986,14231.881649997029,0.018674560033537475,1,1,1,GBW,1,1,Transducer,physical_event_point_total,median,median
PE_4ba63451b7dc89c0a556,2013,ST,1,TSS,1093.5802682632013,14231.881649997029,15.563704952693884,1,1,1,GBW,1,1,Transducer,physical_event_point_total,median,median
PE_7dbc678d30fda2bb0d2c,2013,CT,1,ICP,0.15344889617209637,15969.758849352691,0.0024505418675677382,1,1,1,GBW,1,1,Transducer,physical_event_point_total,median,median
PE_7dbc678d30fda2bb0d2c,2013,CT,1,NO3,8.325205007644154,15969.758849352691,0.13295151634350058,1,1,1,GBW,1,1,Transducer,physical_event_point_total,median,median
PE_7dbc678d30fda2bb0d2c,2013,CT,1,TKN,2.7348150789620287,15969.758849352691,0.04367433730859704,1,1,1,GBW,1,1,Transducer,physical_event_point_total,median,median
PE_7dbc678d30fda2bb0d2c,2013,CT,1,TP,1.5701329990742328,15969.758849352691,0.02507464535662641,1,1,1,GBW,1,1,Transducer,physical_event_point_total,median,median
PE_7dbc678d30fda2bb0d2c,2013,CT,1,TSS,802.7476516533483,15969.758849352691,12.81968641378815,1,1,1,GBW,1,1,Transducer,physical_event_point_total,median,median
PE_99b3a7e1248efb280745,2013,MT,1,ICP,0.29231243661526857,3420.433065483124,0.0009998351236508044,1,1,1,GBW,1,1,Transducer,physical_event_point_total,median,median
PE_99b3a7e1248efb280745,2013,MT,1,NO3,7.838641553249923,3420.433065483124,0.026811548757206035,1,1,1,GBW,1,1,Transducer,physical_event_point_total,median,median
PE_99b3a7e1248efb280745,2013,MT,1,TKN,2.660438071474423,3420.433065483124,0.009099850348341272,1,1,1,GBW,1,1,Transducer,physical_event_point_total,median,median
PE_99b3a7e1248efb280745,2013,MT,1,TP,1.7341446241311815,3420.433065483124,0.005931525612708098,1,1,1,GBW,1,1,Transducer,physical_event_point_total,median,median
PE_99b3a7e1248efb280745,2013,MT,1,TSS,806.7390614241584,3420.433065483124,2.7593969609120124,1,1,1,GBW,1,1,Transducer,physical_event_point_total,median,median
PE_a814ea72d8a79e5ce612,2013,CT,2,ICP,0.20167716863240065,15538.563685902942,0.0031337735287871446,1,1,1,GBW,1,1,Transducer,physical_event_point_total,median,median
PE_a814ea72d8a79e5ce612,2013,CT,2,NO3,9.0092187283824,15538.563685902942,0.13999031897119946,1,1,1,GBW,1,1,Transducer,physical_event_point_total,median,median
PE_a814ea72d8a79e5ce612,2013,CT,2,TKN,2.460372463618587,15538.563685902942,0.03823065421697933,1,1,1,GBW,1,1,Transducer,physical_event_point_total,median,median
PE_a814ea72d8a79e5ce612,2013,CT,2,TP,1.47748548928721,15538.563685902942,0.02295800237028678,1,1,1,GBW,1,1,Transducer,physical_event_point_total,median,median
PE_a814ea72d8a79e5ce612,2013,CT,2,TSS,1093.6862984348381,15538.563685902942,16.994314200629184,1,1,1,GBW,1,1,Transducer,physical_event_point_total,median,median
PE_b7ff1c1774876e409c04,2013,ST,1,ICP,0.2526553941316434,2521.06506541388,0.0006369606877336611,1,1,1,GBW,1,1,Transducer,physical_event_point_total,median,median
PE_b7ff1c1774876e409c04,2013,ST,1,NO3,7.55878226941258,2521.06506541388,0.0190561819164859,1,1,1,GBW,1,1,Transducer,physical_event_point_total,median,median
PE_b7ff1c1774876e409c04,2013,ST,1,TKN,2.7066237583577597,2521.06506541388,0.006823574602414967,1,1,1,GBW,1,1,Transducer,physical_event_point_total,median,median
PE_b7ff1c1774876e409c04,2013,ST,1,TP,1.634777190510217,2521.06506541388,0.004121379664730759,1,1,1,GBW,1,1,Transducer,physical_event_point_total,median,median
PE_b7ff1c1774876e409c04,2013,ST,1,TSS,786.2389263093627,2521.06506541388,1.982159490187052,1,1,1,GBW,1,1,Transducer,physical_event_point_total,median,median
PE_dc649077fd49ff457e31,2013,CT,1,ICP,0.15135563272672306,14890.056715625908,0.002253693955530351,1,1,1,GBW,1,1,Transducer,physical_event_point_total,median,median
PE_dc649077fd49ff457e31,2013,CT,1,NO3,8.820426660456784,14890.056715625908,0.13133665323022034,1,1,1,GBW,1,1,Transducer,physical_event_point_total,median,median
PE_dc649077fd49ff457e31,2013,CT,1,TKN,2.190162974869035,14890.056715625908,0.032611650912263895,1,1,1,GBW,1,1,Transducer,physical_event_point_total,median,median
PE_dc649077fd49ff457e31,2013,CT,1,TP,1.3623097357809026,14890.056715625908,0.020284869230026988,1,1,1,GBW,1,1,Transducer,physical_event_point_total,median,median
PE_dc649077fd49ff457e31,2013,CT,1,TSS,903.4646257973119,14890.056715625908,13.45263951868371,1,1,1,GBW,1,1,Transducer,physical_event_point_total,median,median
PE_e9b4025c029d683e1a32,2013,MT,2,ICP,0.3645420728338185,2950.2485944988903,0.001075489738013685,1,1,1,GBW,1,1,Transducer,physical_event_point_total,median,median
PE_e9b4025c029d683e1a32,2013,MT,2,NO3,8.763854268868947,2950.2485944988903,0.025855548739123713,1,1,1,GBW,1,1,Transducer,physical_event_point_total,median,median
PE_e9b4025c029d683e1a32,2013,MT,2,TKN,2.833951634993718,2950.2485944988903,0.008360861828018049,1,1,1,GBW,1,1,Transducer,physical_event_point_total,median,median
PE_e9b4025c029d683e1a32,2013,MT,2,TP,1.910424839930129,2950.2485944988903,0.00563622819889963,1,1,1,GBW,1,1,Transducer,physical_event_point_total,median,median
PE_e9b4025c029d683e1a32,2013,MT,2,TSS,1067.4150299309035,2950.2485944988903,3.149139691800639,1,1,1,GBW,1,1,Transducer,physical_event_point_total,median,median
PE_f7fa36feaba1a3684ccf,2013,ST,1,ICP,0.11022685840881558,14492.689130322085,0.001597483592730993,1,1,1,GBW,1,1,Transducer,physical_event_point_total,median,median
PE_f7fa36feaba1a3684ccf,2013,ST,1,NO3,8.431770958574296,14492.689130322085,0.12219903532069512,1,1,1,GBW,1,1,Transducer,physical_event_point_total,median,median
PE_f7fa36feaba1a3684ccf,2013,ST,1,TKN,2.196439616947218,14492.689130322085,0.03183231656193975,1,1,1,GBW,1,1,Transducer,physical_event_point_total,median,median
PE_f7fa36feaba1a3684ccf,2013,ST,1,TP,1.3903526404425914,14492.689130322085,0.020149948599456954,1,1,1,GBW,1,1,Transducer,physical_event_point_total,median,median
PE_f7fa36feaba1a3684ccf,2013,ST,1,TSS,840.2830623631985,14492.689130322085,12.177961204304882,1,1,1,GBW,1,1,Transducer,physical_event_point_total,median,median
PE_0c873ebca68f220b5575,2014,CT,2,NO3,2.6576795112737894,16914.705096095026,0.0449538651731301,4,4,1,ISC,1,1,Bubbler,physical_event_point_total,median,median
PE_0c873ebca68f220b5575,2014,CT,2,OP,0.2593796543780953,16914.705096095026,0.004387330361732535,4,4,1,ISC,1,1,Bubbler,physical_event_point_total,median,median
PE_0c873ebca68f220b5575,2014,CT,2,TKN,1.6613885913042257,16914.705096095026,0.02810189807192772,1,1,1,ISC,1,1,Bubbler,physical_event_point_total,median,median
PE_0c873ebca68f220b5575,2014,CT,2,TN,1.8288997405347973,16914.705096095026,0.030935299761470806,4,4,1,ISC,1,1,Bubbler,physical_event_point_total,median,median
PE_0c873ebca68f220b5575,2014,CT,2,TP,0.8433912862944468,16914.705096095026,0.014265714888286818,4,4,1,ISC,1,1,Bubbler,physical_event_point_total,median,median
PE_0c873ebca68f220b5575,2014,CT,2,TSP,0.2421423897954809,16914.705096095026,0.004095767114654249,1,1,1,ISC,1,1,Bubbler,physical_event_point_total,median,median
PE_0c873ebca68f220b5575,2014,CT,2,TSS,450.8369996878221,16914.705096095026,7.625774896127796,4,4,1,ISC,1,1,Bubbler,physical_event_point_total,median,median
PE_0f2c1b5db3c1949d1f74,2014,CT,1,NO3,2.8821975890786584,18556.85380206323,0.053484519289191776,4,4,1,ISC,1,1,Bubbler,physical_event_point_total,median,median
PE_0f2c1b5db3c1949d1f74,2014,CT,1,OP,0.29286166145681425,18556.85380206323,0.0054345910358834385,4,4,1,ISC,1,1,Bubbler,physical_event_point_total,median,median
PE_0f2c1b5db3c1949d1f74,2014,CT,1,TKN,1.5950722330076292,18556.85380206323,0.02959952223165311,1,1,1,ISC,1,1,Bubbler,physical_event_point_total,median,median
PE_0f2c1b5db3c1949d1f74,2014,CT,1,TN,1.5479702878939108,18556.85380206323,0.02872545832238503,4,4,1,ISC,1,1,Bubbler,physical_event_point_total,median,median
PE_0f2c1b5db3c1949d1f74,2014,CT,1,TP,0.853051304209365,18556.85380206323,0.015829948337872553,4,4,1,ISC,1,1,Bubbler,physical_event_point_total,median,median
PE_0f2c1b5db3c1949d1f74,2014,CT,1,TSP,0.21690364535926066,18556.85380206323,0.004025049236066371,1,1,1,ISC,1,1,Bubbler,physical_event_point_total,median,median
PE_0f2c1b5db3c1949d1f74,2014,CT,1,TSS,336.7228874493767,18556.85380206323,6.248517394206675,4,4,1,ISC,1,1,Bubbler,physical_event_point_total,median,median
PE_0f6804c5fdc4da7fb4f7,2014,CT,2,NO3,8.45580119777276,12417.051780630185,0.1049961213194591,4,4,1,ISC,1,1,Bubbler,physical_event_point_total,median,median
PE_0f6804c5fdc4da7fb4f7,2014,CT,2,OP,0.2021276786718488,12417.051780630185,0.002509829852366926,4,4,1,ISC,1,1,Bubbler,physical_event_point_total,median,median
PE_0f6804c5fdc4da7fb4f7,2014,CT,2,TKN,2.4374573293944493,12417.051780630185,0.03026603387216744,1,1,1,ISC,1,1,Bubbler,physical_event_point_total,median,median
PE_0f6804c5fdc4da7fb4f7,2014,CT,2,TN,2.42730505269431,12417.051780630185,0.030139972526690526,4,4,1,ISC,1,1,Bubbler,physical_event_point_total,median,median
PE_0f6804c5fdc4da7fb4f7,2014,CT,2,TP,0.887880074399215,12417.051780630185,0.011024852858804834,4,4,1,ISC,1,1,Bubbler,physical_event_point_total,median,median
PE_0f6804c5fdc4da7fb4f7,2014,CT,2,TSP,0.34517394274297963,12417.051780630185,0.0042860427203638566,1,1,1,ISC,1,1,Bubbler,physical_event_point_total,median,median
PE_0f6804c5fdc4da7fb4f7,2014,CT,2,TSS,238.96059305193654,12417.051780630185,2.9671860574559936,4,4,1,ISC,1,1,Bubbler,physical_event_point_total,median,median
PE_214aa9017327a70f135f,2014,MT,2,OP,0.19361505781386312,18703.717303573205,0.0036213213070654783,2,2,1,ISC,1,1,Bubbler,physical_event_point_total,median,median
PE_214aa9017327a70f135f,2014,MT,2,TN,2.288893212596559,18703.717303573205,0.04281081158647352,2,2,1,ISC,1,1,Bubbler,physical_event_point_total,median,median
PE_214aa9017327a70f135f,2014,MT,2,TP,0.683529146046854,18703.717303573205,0.012784535916413159,2,2,1,ISC,1,1,Bubbler,physical_event_point_total,median,median
PE_214aa9017327a70f135f,2014,MT,2,TSS,140.1403394520247,18703.717303573205,2.6211452919374567,2,2,1,ISC,1,1,Bubbler,physical_event_point_total,median,median
PE_4c80e607422dec97f0c9,2014,CT,1,NO3,3.0371912934145926,16465.55490318825,0.05000903999320331,2,2,1,ISC,1,1,Transducer,physical_event_point_total,median,median
PE_4c80e607422dec97f0c9,2014,CT,1,OP,0.4368017822254153,16465.55490318825,0.007192183727043054,1,1,1,ISC,1,1,Transducer,physical_event_point_total,median,median
PE_4c80e607422dec97f0c9,2014,CT,1,TKN,2.01985415487915,16465.55490318825,0.033258019483595545,1,1,1,ISC,1,1,Transducer,physical_event_point_total,median,median
PE_4c80e607422dec97f0c9,2014,CT,1,TN,1.8203094817396892,16465.55490318825,0.029972405712379004,2,2,1,ISC,1,1,Transducer,physical_event_point_total,median,median
PE_4c80e607422dec97f0c9,2014,CT,1,TP,0.9812556709175729,16465.55490318825,0.01615691912355812,2,2,1,ISC,1,1,Transducer,physical_event_point_total,median,median
PE_4c80e607422dec97f0c9,2014,CT,1,TSP,0.18296045805747338,16465.55490318825,0.0030125454672577994,1,1,1,ISC,1,1,Transducer,physical_event_point_total,median,median
PE_4c80e607422dec97f0c9,2014,CT,1,TSS,550.483213869901,16465.55490318825,9.064011581258375,2,2,1,ISC,1,1,Transducer,physical_event_point_total,median,median
PE_5d5cb3edcd99b5be75e6,2014,ST,1,NO3,2.9095884197376782,17429.922366111467,0.05071390027336468,1,1,1,ISC,1,1,Transducer,physical_event_point_total,median,median
PE_5d5cb3edcd99b5be75e6,2014,ST,1,OP,0.3594809920153387,17429.922366111467,0.006265725782920089,1,1,1,ISC,1,1,Transducer,physical_event_point_total,median,median
PE_5d5cb3edcd99b5be75e6,2014,ST,1,TKN,1.786249279156471,17429.922366111467,0.03113418626221986,1,1,1,ISC,1,1,Transducer,physical_event_point_total,median,median
PE_5d5cb3edcd99b5be75e6,2014,ST,1,TN,1.6704610560621806,17429.922366111467,0.029116006522776385,1,1,1,ISC,1,1,Transducer,physical_event_point_total,median,median
PE_5d5cb3edcd99b5be75e6,2014,ST,1,TP,0.8282876058342086,17429.922366111467,0.01443698866650259,1,1,1,ISC,1,1,Transducer,physical_event_point_total,median,median
PE_5d5cb3edcd99b5be75e6,2014,ST,1,TSP,0.12826753732766885,17429.922366111467,0.002235693217713573,1,1,1,ISC,1,1,Transducer,physical_event_point_total,median,median
PE_5d5cb3edcd99b5be75e6,2014,ST,1,TSS,364.6946975358179,17429.922366111467,6.356600265381809,2,2,1,ISC,1,1,Transducer,physical_event_point_total,median,median
PE_909a6e90f2a2fb0ccb86,2014,MT,2,NO3,3.277384501221478,20791.053338264337,0.06814027597489662,1,1,1,ISC,1,1,Bubbler,physical_event_point_total,median,median
PE_909a6e90f2a2fb0ccb86,2014,MT,2,OP,0.2859563888368483,20791.053338264337,0.00594533453272437,1,1,1,ISC,1,1,Bubbler,physical_event_point_total,median,median
PE_909a6e90f2a2fb0ccb86,2014,MT,2,TKN,2.5465072757487106,20791.053338264337,0.05294456859636965,1,1,1,ISC,1,1,Bubbler,physical_event_point_total,median,median
PE_909a6e90f2a2fb0ccb86,2014,MT,2,TN,2.3033473169946306,20791.053338264337,0.04788901692418342,1,1,1,ISC,1,1,Bubbler,physical_event_point_total,median,median
PE_909a6e90f2a2fb0ccb86,2014,MT,2,TP,0.798641147541131,20791.053338264337,0.01660459069666029,1,1,1,ISC,1,1,Bubbler,physical_event_point_total,median,median
PE_909a6e90f2a2fb0ccb86,2014,MT,2,TSP,0.4414202755733622,20791.053338264337,0.009177592494037117,1,1,1,ISC,1,1,Bubbler,physical_event_point_total,median,median
PE_909a6e90f2a2fb0ccb86,2014,MT,2,TSS,316.1022947105611,20791.053338264337,6.572099669675029,1,1,1,ISC,1,1,Bubbler,physical_event_point_total,median,median
PE_99c4e1053e4376d0bed3,2014,ST,2,NO3,3.060761464390914,14858.811896605906,0.045479278859764626,4,4,1,ISC,1,1,Bubbler,physical_event_point_total,median,median
PE_99c4e1053e4376d0bed3,2014,ST,2,OP,0.2537038477479588,14858.811896605906,0.0037697377511320637,4,4,1,ISC,1,1,Bubbler,physical_event_point_total,median,median
PE_99c4e1053e4376d0bed3,2014,ST,2,TKN,1.4869978651850908,14858.811896605906,0.022095021569439814,1,1,1,ISC,1,1,Bubbler,physical_event_point_total,median,median
PE_99c4e1053e4376d0bed3,2014,ST,2,TN,1.375422225182725,14858.811896605906,0.020437140122401245,4,4,1,ISC,1,1,Bubbler,physical_event_point_total,median,median
PE_99c4e1053e4376d0bed3,2014,ST,2,TP,0.7236135312094991,14858.811896605906,0.010752037346080715,4,4,1,ISC,1,1,Bubbler,physical_event_point_total,median,median
PE_99c4e1053e4376d0bed3,2014,ST,2,TSP,0.15220816361868358,14858.811896605906,0.0022616324723378337,1,1,1,ISC,1,1,Bubbler,physical_event_point_total,median,median
PE_99c4e1053e4376d0bed3,2014,ST,2,TSS,188.9282354390624,14858.811896605906,2.8072491123467023,4,4,1,ISC,1,1,Bubbler,physical_event_point_total,median,median
PE_be3da0eafc673da18d92,2014,ST,2,NO3,2.9377090212950794,11505.484075021417,0.03379976436155729,1,1,1,ISC,2,1,Transducer,physical_event_point_total,median,median
PE_be3da0eafc673da18d92,2014,ST,2,OP,0.2888386407597583,11505.484075021417,0.0033232283815122308,1,1,1,ISC,2,1,Transducer,physical_event_point_total,median,median
PE_be3da0eafc673da18d92,2014,ST,2,TKN,2.024995300689076,11505.484075021417,0.02329855118407137,1,1,1,ISC,2,1,Transducer,physical_event_point_total,median,median
PE_be3da0eafc673da18d92,2014,ST,2,TN,1.8137653370063638,11505.484075021417,0.020868248200752573,1,1,1,ISC,2,1,Transducer,physical_event_point_total,median,median
PE_be3da0eafc673da18d92,2014,ST,2,TP,0.8037253957420842,11505.484075021417,0.009247249741400836,1,1,1,ISC,2,1,Transducer,physical_event_point_total,median,median
PE_be3da0eafc673da18d92,2014,ST,2,TSP,0.1473778014084766,11505.484075021417,0.0016956529471168962,1,1,1,ISC,2,1,Transducer,physical_event_point_total,median,median
PE_be3da0eafc673da18d92,2014,ST,2,TSS,349.75379136295635,11505.484075021417,4.024086676704857,2,2,1,ISC,2,1,Transducer,physical_event_point_total,median,median
PE_c29031fe1d291910e835,2014,MT,1,OP,0.1859279048050428,19464.159517670814,0.0036189303979116665,2,2,1,ISC,1,1,Bubbler,physical_event_point_total,median,median
PE_c29031fe1d291910e835,2014,MT,1,TN,1.9828622716269284,19464.159517670814,0.03859474755651765,2,2,1,ISC,1,1,Bubbler,physical_event_point_total,median,median
PE_c29031fe1d291910e835,2014,MT,1,TP,0.6381864272174281,19464.159517670814,0.012421762421372436,2,2,1,ISC,1,1,Bubbler,physical_event_point_total,median,median
PE_c29031fe1d291910e835,2014,MT,1,TSS,129.21786954318642,19464.159517670814,2.5151172253221574,2,2,1,ISC,1,1,Bubbler,physical_event_point_total,median,median
PE_d1afac04920a2ee5af17,2014,ST,1,NO3,2.6280662474582916,18311.901796604765,0.04812489103842783,4,4,1,ISC,1,1,Bubbler,physical_event_point_total,median,median
PE_d1afac04920a2ee5af17,2014,ST,1,OP,0.25235987210555727,18311.901796604765,0.004621189195400703,4,4,1,ISC,1,1,Bubbler,physical_event_point_total,median,median
PE_d1afac04920a2ee5af17,2014,ST,1,TKN,1.4409598308026705,18311.901796604765,0.026386714914510723,1,1,1,ISC,1,1,Bubbler,physical_event_point_total,median,median
PE_d1afac04920a2ee5af17,2014,ST,1,TN,1.4470060841776562,18311.901796604765,0.02649743331255085,4,4,1,ISC,1,1,Bubbler,physical_event_point_total,median,median
PE_d1afac04920a2ee5af17,2014,ST,1,TP,0.7426632259887634,18311.901796604765,0.013599576062255928,4,4,1,ISC,1,1,Bubbler,physical_event_point_total,median,median
PE_d1afac04920a2ee5af17,2014,ST,1,TSP,0.2166245909336124,18311.901796604765,0.003966808235905989,1,1,1,ISC,1,1,Bubbler,physical_event_point_total,median,median
PE_d1afac04920a2ee5af17,2014,ST,1,TSS,234.8689973613385,18311.901796604765,4.300898014747855,3,3,1,ISC,1,1,Bubbler,physical_event_point_total,median,median
PE_e1f06f083d001c899062,2014,CT,1,NO3,7.732603006205138,14630.459133794771,0.11313153228014287,4,4,1,ISC,1,1,Bubbler,physical_event_point_total,median,median
PE_e1f06f083d001c899062,2014,CT,1,OP,0.17634459298944055,14630.459133794771,0.0025800023611976816,4,4,1,ISC,1,1,Bubbler,physical_event_point_total,median,median
PE_e1f06f083d001c899062,2014,CT,1,TKN,2.0648168325211818,14630.459133794771,0.030209218286972712,1,1,1,ISC,1,1,Bubbler,physical_event_point_total,median,median
PE_e1f06f083d001c899062,2014,CT,1,TN,1.9647525007961797,14630.459133794771,0.028745231170919587,4,4,1,ISC,1,1,Bubbler,physical_event_point_total,median,median
PE_e1f06f083d001c899062,2014,CT,1,TP,0.7973517917654501,14630.459133794771,0.011665622804682457,4,4,1,ISC,1,1,Bubbler,physical_event_point_total,median,median
PE_e1f06f083d001c899062,2014,CT,1,TSP,0.2044167148741898,14630.459133794771,0.0029907103932314116,1,1,1,ISC,1,1,Bubbler,physical_event_point_total,median,median
PE_e1f06f083d001c899062,2014,CT,1,TSS,219.74960195044463,14630.459133794771,3.215037571003648,3,3,1,ISC,1,1,Bubbler,physical_event_point_total,median,median
PE_e4c541913dac4c0bca3d,2014,CT,2,NO3,3.3673806993304902,14006.303362466559,0.04716455561173764,1,1,1,ISC,1,1,Transducer,physical_event_point_total,median,median
PE_e4c541913dac4c0bca3d,2014,CT,2,OP,0.41263840162548343,14006.303362466559,0.0057795386321698354,1,1,1,ISC,1,1,Transducer,physical_event_point_total,median,median
PE_e4c541913dac4c0bca3d,2014,CT,2,TKN,2.6833223434135816,14006.303362466559,0.03758342676113529,1,1,1,ISC,1,1,Transducer,physical_event_point_total,median,median
PE_e4c541913dac4c0bca3d,2014,CT,2,TN,2.7700135140284146,14006.303362466559,0.03879764959561399,1,1,1,ISC,1,1,Transducer,physical_event_point_total,median,median
PE_e4c541913dac4c0bca3d,2014,CT,2,TP,1.1234002596067127,14006.303362466559,0.015734684833525307,1,1,1,ISC,1,1,Transducer,physical_event_point_total,median,median
PE_e4c541913dac4c0bca3d,2014,CT,2,TSP,0.37265363259519924,14006.303362466559,0.005219499827253516,1,1,1,ISC,1,1,Transducer,physical_event_point_total,median,median
PE_e4c541913dac4c0bca3d,2014,CT,2,TSS,663.2122759099764,14006.303362466559,9.289152330107001,2,2,1,ISC,1,1,Transducer,physical_event_point_total,median,median
PE_e5b7650f3b7e52f1a1bf,2014,ST,2,NO3,8.949253340204676,16212.515205618805,0.14508990585700318,4,4,1,ISC,1,1,Bubbler,physical_event_point_total,median,median
PE_e5b7650f3b7e52f1a1bf,2014,ST,2,OP,0.2597620477683654,16212.515205618805,0.004211396149287303,4,4,1,ISC,1,1,Bubbler,physical_event_point_total,median,median
PE_e5b7650f3b7e52f1a1bf,2014,ST,2,TKN,1.9997168880072773,16212.515205618805,0.0324204404537507,1,1,1,ISC,1,1,Bubbler,physical_event_point_total,median,median
PE_e5b7650f3b7e52f1a1bf,2014,ST,2,TN,1.873407097018667,16212.515205618805,0.03037264104672932,4,4,1,ISC,1,1,Bubbler,physical_event_point_total,median,median
PE_e5b7650f3b7e52f1a1bf,2014,ST,2,TP,0.7873146338646317,16212.515205618805,0.012764350473136545,4,4,1,ISC,1,1,Bubbler,physical_event_point_total,median,median
PE_e5b7650f3b7e52f1a1bf,2014,ST,2,TSP,0.22255823291159849,16212.515205618805,0.003608228735214942,1,1,1,ISC,1,1,Bubbler,physical_event_point_total,median,median
PE_e5b7650f3b7e52f1a1bf,2014,ST,2,TSS,103.61864468573359,16212.515205618805,1.679918852553068,4,4,1,ISC,1,1,Bubbler,physical_event_point_total,median,median
PE_e6f216bc2af9baf87adb,2014,ST,1,NO3,8.29213426862519,16823.82840801956,0.13950544407160897,4,4,1,ISC,1,1,Bubbler,physical_event_point_total,median,median
PE_e6f216bc2af9baf87adb,2014,ST,1,OP,0.27900598469657456,16823.82840801956,0.004693948811345702,4,4,1,ISC,1,1,Bubbler,physical_event_point_total,median,median
PE_e6f216bc2af9baf87adb,2014,ST,1,TKN,1.9879973157529656,16823.82840801956,0.033445725715831376,1,1,1,ISC,1,1,Bubbler,physical_event_point_total,median,median
PE_e6f216bc2af9baf87adb,2014,ST,1,TN,1.7740024291365495,16823.82840801956,0.02984551246320319,4,4,1,ISC,1,1,Bubbler,physical_event_point_total,median,median
PE_e6f216bc2af9baf87adb,2014,ST,1,TP,0.7968310038300808,16823.82840801956,0.013405748078627256,4,4,1,ISC,1,1,Bubbler,physical_event_point_total,median,median
PE_e6f216bc2af9baf87adb,2014,ST,1,TSP,0.2317448596126393,16823.82840801956,0.003898835752563626,1,1,1,ISC,1,1,Bubbler,physical_event_point_total,median,median
PE_e6f216bc2af9baf87adb,2014,ST,1,TSS,134.1151087420192,16823.82840801956,2.2563295763986146,3,3,1,ISC,1,1,Bubbler,physical_event_point_total,median,median
PE_003510690d55f2e080ab,2015,CT,2,NH4,0.6299269102527215,23306.395200295054,0.014681325517650721,2,2,1,ISC,1,1,Bubbler,physical_event_point_total,median,median
PE_003510690d55f2e080ab,2015,CT,2,NO3,7.487388203488212,23306.395200295054,0.17450402848852348,2,2,1,ISC,1,1,Bubbler,physical_event_point_total,median,median
PE_003510690d55f2e080ab,2015,CT,2,OP,0.2757507619561871,23306.395200295054,0.006426756234933383,2,2,1,ISC,1,1,Bubbler,physical_event_point_total,median,median
PE_003510690d55f2e080ab,2015,CT,2,TKN,2.8357966355973563,23306.395200295054,0.06609219709689908,1,1,1,ISC,1,1,Bubbler,physical_event_point_total,median,median
PE_003510690d55f2e080ab,2015,CT,2,TN,7.468407792498665,23306.395200295054,0.17406166352893707,2,2,1,ISC,1,1,Bubbler,physical_event_point_total,median,median
PE_003510690d55f2e080ab,2015,CT,2,TP,1.12819158693482,23306.395200295054,0.026294078986750947,1,1,1,ISC,1,1,Bubbler,physical_event_point_total,median,median
PE_003510690d55f2e080ab,2015,CT,2,TSP,0.48174252426092323,23306.395200295054,0.011227681655212804,1,1,1,ISC,1,1,Bubbler,physical_event_point_total,median,median
PE_003510690d55f2e080ab,2015,CT,2,TSS,614.2111632219646,23306.395200295054,14.315048106484038,2,2,1,ISC,1,1,Bubbler,physical_event_point_total,median,median
PE_01dfb8394999c3a08b1b,2015,CT,2,NH4,0.3171569079450005,19927.148777988205,0.006320032890586734,2,2,1,ISC,1,1,Bubbler,physical_event_point_total,median,median
PE_01dfb8394999c3a08b1b,2015,CT,2,NO3,6.895896689608079,19927.148777988205,0.13741555929145655,2,2,1,ISC,1,1,Bubbler,physical_event_point_total,median,median
PE_01dfb8394999c3a08b1b,2015,CT,2,OP,0.21942406430523248,19927.148777988205,0.004372495974881219,2,2,1,ISC,1,1,Bubbler,physical_event_point_total,median,median
PE_01dfb8394999c3a08b1b,2015,CT,2,TKN,2.2700913117737502,19927.148777988205,0.045236447309333926,1,1,1,ISC,1,1,Bubbler,physical_event_point_total,median,median
PE_01dfb8394999c3a08b1b,2015,CT,2,TN,6.168469333075882,19927.148777988205,0.12292000613266078,2,2,1,ISC,1,1,Bubbler,physical_event_point_total,median,median
PE_01dfb8394999c3a08b1b,2015,CT,2,TP,0.8743783933423834,19927.148777988205,0.017423868332391963,1,1,1,ISC,1,1,Bubbler,physical_event_point_total,median,median
PE_01dfb8394999c3a08b1b,2015,CT,2,TSS,461.3462572923254,19927.148777988205,9.193315507232192,2,2,1,ISC,1,1,Bubbler,physical_event_point_total,median,median
PE_078b8edebaf25b47ca9c,2015,MT,2,NH4,0.11381790259493055,6268.512773277083,0.0007134689762439291,2,2,1,ISC,1,1,Bubbler,physical_event_point_total,median,median
PE_078b8edebaf25b47ca9c,2015,MT,2,NO3,7.16652111224631,6268.512773277083,0.044923429132075886,2,2,1,ISC,1,1,Bubbler,physical_event_point_total,median,median
PE_078b8edebaf25b47ca9c,2015,MT,2,OP,0.0762783586388906,6268.512773277083,0.00047815186545249603,2,2,1,ISC,1,1,Bubbler,physical_event_point_total,median,median
PE_078b8edebaf25b47ca9c,2015,MT,2,TKN,1.326218491365319,6268.512773277083,0.008313417553279766,1,1,1,ISC,1,1,Bubbler,physical_event_point_total,median,median
PE_078b8edebaf25b47ca9c,2015,MT,2,TN,6.33864241923124,6268.512773277083,0.03973386097018698,2,2,1,ISC,1,1,Bubbler,physical_event_point_total,median,median
PE_078b8edebaf25b47ca9c,2015,MT,2,TP,0.4539198347849372,6268.512773277083,0.0028454022823932025,1,1,1,ISC,1,1,Bubbler,physical_event_point_total,median,median
PE_078b8edebaf25b47ca9c,2015,MT,2,TSP,0.15191588514795432,6268.512773277083,0.0009522866665136459,1,1,1,ISC,1,1,Bubbler,physical_event_point_total,median,median
PE_078b8edebaf25b47ca9c,2015,MT,2,TSS,182.56622571372992,6268.512773277083,1.144418717855503,2,2,1,ISC,1,1,Bubbler,physical_event_point_total,median,median
PE_09a938930ab837ebeb36,2015,MT,2,TKN,1.5958391425668106,9857.209102069826,0.015730520121548873,1,1,1,ISC,1,1,Bubbler,physical_event_point_total,median,median
PE_09a938930ab837ebeb36,2015,MT,2,TP,0.7373742990027345,9857.209102069826,0.007268452651762113,1,1,1,ISC,1,1,Bubbler,physical_event_point_total,median,median
PE_09a938930ab837ebeb36,2015,MT,2,TSS,220.96234156766047,9857.209102069826,2.1780720045154047,1,1,1,ISC,1,1,Bubbler,physical_event_point_total,median,median
PE_0e378dd2a91d7df1a7a9,2015,MT,1,NH4,0.4951426978069732,4156.545918701303,0.002058083359744327,2,2,1,ISC,1,1,Bubbler,physical_event_point_total,median,median
PE_0e378dd2a91d7df1a7a9,2015,MT,1,NO3,8.26382035845229,4156.545918701303,0.0343489487838056,2,2,1,ISC,1,1,Bubbler,physical_event_point_total,median,median
PE_0e378dd2a91d7df1a7a9,2015,MT,1,OP,0.22237782628534225,4156.545918701303,0.0009243236462560066,2,2,1,ISC,1,1,Bubbler,physical_event_point_total,median,median
PE_0e378dd2a91d7df1a7a9,2015,MT,1,TKN,2.8303385561956733,4156.545918701303,0.011764432174298064,1,1,1,ISC,1,1,Bubbler,physical_event_point_total,median,median
PE_0e378dd2a91d7df1a7a9,2015,MT,1,TN,8.83576702963627,4156.545918701303,0.03672627138563017,2,2,1,ISC,1,1,Bubbler,physical_event_point_total,median,median
PE_0e378dd2a91d7df1a7a9,2015,MT,1,TP,0.6775576915828694,4156.545918701303,0.0028162996576334516,1,1,1,ISC,1,1,Bubbler,physical_event_point_total,median,median
PE_0e378dd2a91d7df1a7a9,2015,MT,1,TSP,0.40908675198334893,4156.545918701303,0.001700387869351161,1,1,1,ISC,1,1,Bubbler,physical_event_point_total,median,median
PE_0e378dd2a91d7df1a7a9,2015,MT,1,TSS,340.13353073469773,4156.545918701303,1.413780638988772,2,2,1,ISC,1,1,Bubbler,physical_event_point_total,median,median
PE_1994b95c4c5d89d54441,2015,CT,1,NH4,0.212930664311611,19230.09444749903,0.00409467678548099,2,2,1,ISC,1,1,Bubbler,physical_event_point_total,median,median
PE_1994b95c4c5d89d54441,2015,CT,1,NO3,7.335170995651281,19230.09444749903,0.1410560310349296,2,2,1,ISC,1,1,Bubbler,physical_event_point_total,median,median
PE_1994b95c4c5d89d54441,2015,CT,1,OP,0.28292738548395385,19230.09444749903,0.005440720344640398,2,2,1,ISC,1,1,Bubbler,physical_event_point_total,median,median
PE_1994b95c4c5d89d54441,2015,CT,1,TKN,2.09439461554029,19230.09444749903,0.04027540626717319,1,1,1,ISC,1,1,Bubbler,physical_event_point_total,median,median
PE_1994b95c4c5d89d54441,2015,CT,1,TN,5.751917335213281,19230.09444749903,0.11060991361035831,2,2,1,ISC,1,1,Bubbler,physical_event_point_total,median,median
PE_1994b95c4c5d89d54441,2015,CT,1,TP,0.9755321771911016,19230.09444749903,0.01875957590395924,1,1,1,ISC,1,1,Bubbler,physical_event_point_total,median,median
PE_1994b95c4c5d89d54441,2015,CT,1,TSS,337.0752751027121,19230.09444749903,6.481989376141871,2,2,1,ISC,1,1,Bubbler,physical_event_point_total,median,median
PE_1ad2a48558b8c9cdf0bb,2015,CT,1,NH4,0.18974726508835044,19731.628846012445,0.0037440226092692657,2,2,1,ISC,1,1,Bubbler,physical_event_point_total,median,median
PE_1ad2a48558b8c9cdf0bb,2015,CT,1,NO3,6.8249921704336245,19731.628846012445,0.13466821238393717,2,2,1,ISC,1,1,Bubbler,physical_event_point_total,median,median
PE_1ad2a48558b8c9cdf0bb,2015,CT,1,OP,0.15913129499701864,19731.628846012445,0.0031399196506664887,2,2,1,ISC,1,1,Bubbler,physical_event_point_total,median,median
PE_1ad2a48558b8c9cdf0bb,2015,CT,1,TKN,1.622865480639732,19731.628846012445,0.03202177933098879,1,1,1,ISC,1,1,Bubbler,physical_event_point_total,median,median
PE_1ad2a48558b8c9cdf0bb,2015,CT,1,TN,5.816565791516539,19731.628846012445,0.11477031735661695,2,2,1,ISC,1,1,Bubbler,physical_event_point_total,median,median
PE_1ad2a48558b8c9cdf0bb,2015,CT,1,TP,0.6931609594120214,19731.628846012445,0.013677194781663902,1,1,1,ISC,1,1,Bubbler,physical_event_point_total,median,median
PE_1ad2a48558b8c9cdf0bb,2015,CT,1,TSP,0.20893114492328713,19731.628846012445,0.004122551805998739,1,1,1,ISC,1,1,Bubbler,physical_event_point_total,median,median
PE_1ad2a48558b8c9cdf0bb,2015,CT,1,TSS,303.62487281301253,19731.628846012445,5.991013298764098,2,2,1,ISC,1,1,Bubbler,physical_event_point_total,median,median
PE_27068e46a99396e37068,2015,ST,1,NH4,0.03626284785387866,12594.513257990677,0.0004567129180681736,2,2,1,ISC,1,1,Bubbler,physical_event_point_total,median,median
PE_27068e46a99396e37068,2015,ST,1,NO3,7.629959321289208,12594.513257990677,0.09609562382990647,2,2,1,ISC,1,1,Bubbler,physical_event_point_total,median,median
PE_27068e46a99396e37068,2015,ST,1,OP,0.13007535279988705,12594.513257990677,0.001638235755375992,2,2,1,ISC,1,1,Bubbler,physical_event_point_total,median,median
PE_27068e46a99396e37068,2015,ST,1,TKN,1.1400282949132023,12594.513257990677,0.014358101474768832,1,1,1,ISC,1,1,Bubbler,physical_event_point_total,median,median
PE_27068e46a99396e37068,2015,ST,1,TN,6.066349941651161,12594.513257990677,0.07640272476773652,2,2,1,ISC,1,1,Bubbler,physical_event_point_total,median,median
PE_27068e46a99396e37068,2015,ST,1,TP,0.9060072404408295,12594.513257990677,0.011410720201567574,1,1,1,ISC,1,1,Bubbler,physical_event_point_total,median,median
PE_27068e46a99396e37068,2015,ST,1,TSS,152.35064646828891,12594.513257990677,1.9187822368083152,2,2,1,ISC,1,1,Bubbler,physical_event_point_total,median,median
PE_2bc636c51bdfedd7a673,2015,ST,1,NH4,0.049137959636381914,11317.412483041207,0.0005561145577799636,2,2,1,ISC,1,1,Bubbler,physical_event_point_total,median,median
PE_2bc636c51bdfedd7a673,2015,ST,1,NO3,7.365416179449462,11317.412483041207,0.08335745301209502,2,2,1,ISC,1,1,Bubbler,physical_event_point_total,median,median
PE_2bc636c51bdfedd7a673,2015,ST,1,OP,0.01213620436539798,11317.412483041207,0.00013735043078169428,2,2,1,ISC,1,1,Bubbler,physical_event_point_total,median,median
PE_2bc636c51bdfedd7a673,2015,ST,1,TKN,0.9007638243237868,11317.412483041207,0.010194315749673962,1,1,1,ISC,1,1,Bubbler,physical_event_point_total,median,median
PE_2bc636c51bdfedd7a673,2015,ST,1,TN,6.214468209769715,11317.412483041207,0.07033170009271052,2,2,1,ISC,1,1,Bubbler,physical_event_point_total,median,median
PE_2bc636c51bdfedd7a673,2015,ST,1,TP,0.4214353971313026,11317.412483041207,0.004769558224289233,1,1,1,ISC,1,1,Bubbler,physical_event_point_total,median,median
PE_2bc636c51bdfedd7a673,2015,ST,1,TSP,0.04915250409682096,11317.412483041207,0.0005562791634380956,1,1,1,ISC,1,1,Bubbler,physical_event_point_total,median,median
PE_2bc636c51bdfedd7a673,2015,ST,1,TSS,125.23303545636557,11317.412483041207,1.4173139187630137,2,2,1,ISC,1,1,Bubbler,physical_event_point_total,median,median
PE_38f43e287ee7d1f916e4,2015,CT,2,NH4,0.5795494506564709,18019.717588870757,0.010443317429614794,2,2,1,ISC,1,1,Bubbler,physical_event_point_total,median,median
PE_38f43e287ee7d1f916e4,2015,CT,2,NO3,7.089819231733472,18019.717588870757,0.1277565403119818,2,2,1,ISC,1,1,Bubbler,physical_event_point_total,median,median
PE_38f43e287ee7d1f916e4,2015,CT,2,OP,0.30142715710674395,18019.717588870757,0.005431632244679703,2,2,1,ISC,1,1,Bubbler,physical_event_point_total,median,median
PE_38f43e287ee7d1f916e4,2015,CT,2,TKN,2.8822118758413002,18019.717588870757,0.05193664403394965,1,1,1,ISC,1,1,Bubbler,physical_event_point_total,median,median
PE_38f43e287ee7d1f916e4,2015,CT,2,TN,6.7523228803208655,18019.717588870757,0.12167495137225236,2,2,1,ISC,1,1,Bubbler,physical_event_point_total,median,median
PE_38f43e287ee7d1f916e4,2015,CT,2,TP,0.7673376641225058,18019.717588870757,0.01382720800279132,1,1,1,ISC,1,1,Bubbler,physical_event_point_total,median,median
PE_38f43e287ee7d1f916e4,2015,CT,2,TSP,0.45338508335666605,18019.717588870757,0.00816987116109375,1,1,1,ISC,1,1,Bubbler,physical_event_point_total,median,median
PE_38f43e287ee7d1f916e4,2015,CT,2,TSS,503.6581593056752,18019.717588870757,9.075777792018744,2,2,1,ISC,1,1,Bubbler,physical_event_point_total,median,median
PE_42feb90a12eb2a1656cd,2015,CT,2,TKN,2.749803999894915,22430.493666693714,0.061679461204291935,1,1,1,ISC,1,1,Bubbler,physical_event_point_total,median,median
PE_42feb90a12eb2a1656cd,2015,CT,2,TP,0.9870688095978939,22430.493666693714,0.022140440682276462,1,1,1,ISC,1,1,Bubbler,physical_event_point_total,median,median
PE_42feb90a12eb2a1656cd,2015,CT,2,TSS,391.7140847806598,22430.493666693714,8.786340297827314,1,1,1,ISC,1,1,Bubbler,physical_event_point_total,median,median
PE_4ebf629c5dd531a50c12,2015,MT,1,NH4,0.26881703166502235,10979.086164110158,0.002951365353030609,2,2,1,ISC,1,1,Bubbler,physical_event_point_total,median,median
PE_4ebf629c5dd531a50c12,2015,MT,1,NO3,7.292615374859116,10979.086164110158,0.08006625256229273,2,2,1,ISC,1,1,Bubbler,physical_event_point_total,median,median
PE_4ebf629c5dd531a50c12,2015,MT,1,OP,0.24456998389165344,10979.086164110158,0.002685154926301497,2,2,1,ISC,1,1,Bubbler,physical_event_point_total,median,median
PE_4ebf629c5dd531a50c12,2015,MT,1,TKN,1.3531320926585892,10979.086164110158,0.014856153836721342,1,1,1,ISC,1,1,Bubbler,physical_event_point_total,median,median
PE_4ebf629c5dd531a50c12,2015,MT,1,TN,5.687611727954399,10979.086164110158,0.06244477922921481,2,2,1,ISC,1,1,Bubbler,physical_event_point_total,median,median
PE_4ebf629c5dd531a50c12,2015,MT,1,TP,0.5544598468937616,10979.086164110158,0.006087462433585935,1,1,1,ISC,1,1,Bubbler,physical_event_point_total,median,median
PE_4ebf629c5dd531a50c12,2015,MT,1,TSP,0.1307230816502674,10979.086164110158,0.001435219977076293,1,1,1,ISC,1,1,Bubbler,physical_event_point_total,median,median
PE_4ebf629c5dd531a50c12,2015,MT,1,TSS,156.77792393343958,10979.086164110158,1.7212783354955414,2,2,1,ISC,1,1,Bubbler,physical_event_point_total,median,median
PE_61227cf97dd057e6375a,2015,MT,1,NH4,0.12858124176313357,7416.590553646756,0.0009536344230366262,2,2,1,ISC,1,1,Bubbler,physical_event_point_total,median,median
PE_61227cf97dd057e6375a,2015,MT,1,NO3,7.547405392262263,7416.590553646756,0.05597601553679489,2,2,1,ISC,1,1,Bubbler,physical_event_point_total,median,median
PE_61227cf97dd057e6375a,2015,MT,1,OP,0.06908429426542083,7416.590553646756,0.0005123699242542729,2,2,1,ISC,1,1,Bubbler,physical_event_point_total,median,median
PE_61227cf97dd057e6375a,2015,MT,1,TKN,1.0430841128256558,7416.590553646756,0.0077361277778417665,1,1,1,ISC,1,1,Bubbler,physical_event_point_total,median,median
PE_61227cf97dd057e6375a,2015,MT,1,TN,6.400224210308606,7416.590553646756,0.04746784241939608,2,2,1,ISC,1,1,Bubbler,physical_event_point_total,median,median
PE_61227cf97dd057e6375a,2015,MT,1,TP,0.33842886978799175,7416.590553646756,0.0025099883587509676,1,1,1,ISC,1,1,Bubbler,physical_event_point_total,median,median
PE_61227cf97dd057e6375a,2015,MT,1,TSP,0.11900630715794214,7416.590553646756,0.0008826210534919781,1,1,1,ISC,1,1,Bubbler,physical_event_point_total,median,median
PE_61227cf97dd057e6375a,2015,MT,1,TSS,132.52332606926842,7416.590553646756,0.9828712482631851,2,2,1,ISC,1,1,Bubbler,physical_event_point_total,median,median
PE_61cbb9676a953528de2c,2015,ST,2,TKN,1.675993061033617,11999.115132525356,0.020110433700655964,1,1,1,ISC,1,1,Bubbler,physical_event_point_total,median,median
PE_61cbb9676a953528de2c,2015,ST,2,TP,1.0105627427077688,11999.115132525356,0.012125858698391116,1,1,1,ISC,1,1,Bubbler,physical_event_point_total,median,median
PE_61cbb9676a953528de2c,2015,ST,2,TSS,235.6370266280541,11999.115132525356,2.827435811995964,1,1,1,ISC,1,1,Bubbler,physical_event_point_total,median,median
PE_63a5c105af28ea9f75a7,2015,CT,2,NH4,0.4483859247689683,29269.683323117057,0.013124114024530691,2,2,1,ISC,1,1,Bubbler,physical_event_point_total,median,median
PE_63a5c105af28ea9f75a7,2015,CT,2,NO3,7.623392511794269,29269.683323117057,0.22313428466804017,2,2,1,ISC,1,1,Bubbler,physical_event_point_total,median,median
PE_63a5c105af28ea9f75a7,2015,CT,2,OP,0.18926799794543514,29269.683323117057,0.005539814363063257,2,2,1,ISC,1,1,Bubbler,physical_event_point_total,median,median
PE_63a5c105af28ea9f75a7,2015,CT,2,TKN,2.730774508974545,29269.683323117057,0.0799289051045254,1,1,1,ISC,1,1,Bubbler,physical_event_point_total,median,median
PE_63a5c105af28ea9f75a7,2015,CT,2,TN,8.417809714887287,29269.683323117057,0.24638662462900918,2,2,1,ISC,1,1,Bubbler,physical_event_point_total,median,median
PE_63a5c105af28ea9f75a7,2015,CT,2,TP,1.0432563756743738,29269.683323117057,0.030535783740811763,1,1,1,ISC,1,1,Bubbler,physical_event_point_total,median,median
PE_63a5c105af28ea9f75a7,2015,CT,2,TSP,0.3215050162893519,29269.683323117057,0.009410350013582923,1,1,1,ISC,1,1,Bubbler,physical_event_point_total,median,median
PE_63a5c105af28ea9f75a7,2015,CT,2,TSS,566.8357269464295,29269.683323117057,16.59110222395084,2,2,1,ISC,1,1,Bubbler,physical_event_point_total,median,median
PE_64548a06be4bb873cda0,2015,ST,1,NH4,0.5639749757060515,18266.345147754353,0.010301761560943113,2,2,1,ISC,1,1,Bubbler,physical_event_point_total,median,median
PE_64548a06be4bb873cda0,2015,ST,1,NO3,8.571950426670496,18266.345147754353,0.15657820508300346,2,2,1,ISC,1,1,Bubbler,physical_event_point_total,median,median
PE_64548a06be4bb873cda0,2015,ST,1,OP,0.24444736020617286,18266.345147754353,0.004465159851983386,2,2,1,ISC,1,1,Bubbler,physical_event_point_total,median,median
PE_64548a06be4bb873cda0,2015,ST,1,TKN,2.6612540703958083,18266.345147754353,0.04861138537571599,1,1,1,ISC,1,1,Bubbler,physical_event_point_total,median,median
PE_64548a06be4bb873cda0,2015,ST,1,TN,9.233628054853906,18266.345147754353,0.1686646370159491,2,2,1,ISC,1,1,Bubbler,physical_event_point_total,median,median
PE_64548a06be4bb873cda0,2015,ST,1,TP,1.2201691942367598,18266.345147754353,0.022288031640585976,1,1,1,ISC,1,1,Bubbler,physical_event_point_total,median,median
PE_64548a06be4bb873cda0,2015,ST,1,TSP,0.43711485989726245,18266.345147754353,0.007984490900095684,1,1,1,ISC,1,1,Bubbler,physical_event_point_total,median,median
PE_64548a06be4bb873cda0,2015,ST,1,TSS,396.77790374602523,18266.345147754353,7.247682136827351,2,2,1,ISC,1,1,Bubbler,physical_event_point_total,median,median
PE_72bbe667892a258fbed0,2015,ST,2,NH4,0.014534366022677637,8869.986378472675,0.0001289196286408867,2,2,1,ISC,1,1,Bubbler,physical_event_point_total,median,median
PE_72bbe667892a258fbed0,2015,ST,2,NO3,7.338043583713427,8869.986378472675,0.06508834663217691,2,2,1,ISC,1,1,Bubbler,physical_event_point_total,median,median
PE_72bbe667892a258fbed0,2015,ST,2,OP,0.09830974442746185,8869.986378472675,0.0008720060939427166,2,2,1,ISC,1,1,Bubbler,physical_event_point_total,median,median
PE_72bbe667892a258fbed0,2015,ST,2,TKN,1.1675021089666204,8869.986378472675,0.010355727803372043,1,1,1,ISC,1,1,Bubbler,physical_event_point_total,median,median
PE_72bbe667892a258fbed0,2015,ST,2,TN,5.877371720755681,8869.986378472675,0.0521322071043234,2,2,1,ISC,1,1,Bubbler,physical_event_point_total,median,median
PE_72bbe667892a258fbed0,2015,ST,2,TP,0.8491285130081634,8869.986378472675,0.007531758343955167,1,1,1,ISC,1,1,Bubbler,physical_event_point_total,median,median
PE_72bbe667892a258fbed0,2015,ST,2,TSP,0.013537907455572503,8869.986378472675,0.00012008105472395177,1,1,1,ISC,1,1,Bubbler,physical_event_point_total,median,median
PE_72bbe667892a258fbed0,2015,ST,2,TSS,202.3486563458485,8869.986378472675,1.7948298254899244,2,2,1,ISC,1,1,Bubbler,physical_event_point_total,median,median
PE_74dfc686b20e794d29d3,2015,MT,1,TKN,1.3073647513025821,8797.768010663429,0.011501891787278807,1,1,1,ISC,1,1,Bubbler,physical_event_point_total,median,median
PE_74dfc686b20e794d29d3,2015,MT,1,TP,0.5849096069309148,8797.768010663429,0.005145899028986522,1,1,1,ISC,1,1,Bubbler,physical_event_point_total,median,median
PE_74dfc686b20e794d29d3,2015,MT,1,TSS,201.87963434210835,8797.768010663429,1.776090189019431,1,1,1,ISC,1,1,Bubbler,physical_event_point_total,median,median
PE_8b715eebc00f1d87b8e3,2015,ST,2,NH4,0.3378676958437663,14839.333839175102,0.005013731532098523,2,2,1,ISC,1,1,Bubbler,physical_event_point_total,median,median
PE_8b715eebc00f1d87b8e3,2015,ST,2,NO3,7.650923358623759,14839.333839175102,0.11353460589656077,2,2,1,ISC,1,1,Bubbler,physical_event_point_total,median,median
PE_8b715eebc00f1d87b8e3,2015,ST,2,OP,0.24727349298202966,14839.333839175102,0.00366937391193926,2,2,1,ISC,1,1,Bubbler,physical_event_point_total,median,median
PE_8b715eebc00f1d87b8e3,2015,ST,2,TKN,1.7114247695026616,14839.333839175102,0.025396403495283295,1,1,1,ISC,1,1,Bubbler,physical_event_point_total,median,median
PE_8b715eebc00f1d87b8e3,2015,ST,2,TN,6.64497389134578,14839.333839175102,0.09860698592628249,2,2,1,ISC,1,1,Bubbler,physical_event_point_total,median,median
PE_8b715eebc00f1d87b8e3,2015,ST,2,TP,0.6664582809642687,14839.333839175102,0.009889796921111542,1,1,1,ISC,1,1,Bubbler,physical_event_point_total,median,median
PE_8b715eebc00f1d87b8e3,2015,ST,2,TSP,0.2107358446119618,14839.333839175102,0.0031271795500774306,1,1,1,ISC,1,1,Bubbler,physical_event_point_total,median,median
PE_8b715eebc00f1d87b8e3,2015,ST,2,TSS,273.30832693025184,14839.333839175102,4.055713504344419,2,2,1,ISC,1,1,Bubbler,physical_event_point_total,median,median
PE_982e6a4e7c9174d09a3c,2015,ST,2,NH4,0.5090043230685295,10421.529334833338,0.005304603484415665,1,1,1,ISC,1,1,Transducer,physical_event_point_total,median,median
PE_982e6a4e7c9174d09a3c,2015,ST,2,NO3,8.669640485353218,10421.529334833338,0.0903509126405673,1,1,1,ISC,1,1,Transducer,physical_event_point_total,median,median
PE_982e6a4e7c9174d09a3c,2015,ST,2,OP,0.18219263999633067,10421.529334833338,0.00189872594231249,1,1,1,ISC,1,1,Transducer,physical_event_point_total,median,median
PE_982e6a4e7c9174d09a3c,2015,ST,2,TKN,3.2751983993946103,10421.529334833338,0.03413257619669013,1,1,1,ISC,1,1,Transducer,physical_event_point_total,median,median
PE_982e6a4e7c9174d09a3c,2015,ST,2,TN,9.823686686247177,10421.529334833338,0.10237783897693666,1,1,1,ISC,1,1,Transducer,physical_event_point_total,median,median
PE_982e6a4e7c9174d09a3c,2015,ST,2,TP,1.2137482567696427,10421.529334833338,0.012649113063027658,1,1,1,ISC,1,1,Transducer,physical_event_point_total,median,median
PE_982e6a4e7c9174d09a3c,2015,ST,2,TSP,0.42813441595217216,10421.529334833338,0.0044618153750973005,1,1,1,ISC,1,1,Transducer,physical_event_point_total,median,median
PE_982e6a4e7c9174d09a3c,2015,ST,2,TSS,487.6241000776929,10421.529334833338,5.081788863331384,1,1,1,ISC,1,1,Transducer,physical_event_point_total,median,median
PE_9a36752b43ad5983930a,2015,CT,1,TKN,2.383804891712058,20433.994930513993,0.04871065707257865,1,1,1,ISC,1,1,Bubbler,physical_event_point_total,median,median
PE_9a36752b43ad5983930a,2015,CT,1,TP,0.9352030798603752,20433.994930513993,0.01910993499286798,1,1,1,ISC,1,1,Bubbler,physical_event_point_total,median,median
PE_9a36752b43ad5983930a,2015,CT,1,TSS,476.38460095961074,20433.994930513993,9.734440520983618,1,1,1,ISC,1,1,Bubbler,physical_event_point_total,median,median
PE_9f67556e2848ccb24a85,2015,MT,2,NH4,0.43878813325376287,11532.51989308851,0.005060332875600193,2,2,1,ISC,1,1,Bubbler,physical_event_point_total,median,median
PE_9f67556e2848ccb24a85,2015,MT,2,NO3,7.253514275038871,11532.51989308851,0.08365129767168726,2,2,1,ISC,1,1,Bubbler,physical_event_point_total,median,median
PE_9f67556e2848ccb24a85,2015,MT,2,OP,0.28766063959449806,11532.51989308851,0.0033174520485821134,2,2,1,ISC,1,1,Bubbler,physical_event_point_total,median,median
PE_9f67556e2848ccb24a85,2015,MT,2,TKN,1.6280428867767225,11532.51989308851,0.018775436978553797,1,1,1,ISC,1,1,Bubbler,physical_event_point_total,median,median
PE_9f67556e2848ccb24a85,2015,MT,2,TN,6.2933621582855945,11532.51989308851,0.07257832428483907,2,2,1,ISC,1,1,Bubbler,physical_event_point_total,median,median
PE_9f67556e2848ccb24a85,2015,MT,2,TP,0.5318597791615787,11532.51989308851,0.006133683483514569,1,1,1,ISC,1,1,Bubbler,physical_event_point_total,median,median
PE_9f67556e2848ccb24a85,2015,MT,2,TSP,0.28064385066029646,11532.51989308851,0.00323653079061283,1,1,1,ISC,1,1,Bubbler,physical_event_point_total,median,median
PE_9f67556e2848ccb24a85,2015,MT,2,TSS,211.14509058396095,11532.51989308851,2.435034957487505,2,2,1,ISC,1,1,Bubbler,physical_event_point_total,median,median
PE_a98d09332522adfe618b,2015,MT,1,NH4,0.10924104379422178,7787.065685101756,0.0008506671835346825,2,2,1,ISC,1,1,Bubbler,physical_event_point_total,median,median
PE_a98d09332522adfe618b,2015,MT,1,NO3,7.884660139358973,7787.065685101756,0.06139836640989188,2,2,1,ISC,1,1,Bubbler,physical_event_point_total,median,median
PE_a98d09332522adfe618b,2015,MT,1,OP,0.2242507507970261,7787.065685101756,0.0017462553263898272,2,2,1,ISC,1,1,Bubbler,physical_event_point_total,median,median
PE_a98d09332522adfe618b,2015,MT,1,TKN,1.126460986368385,7787.065685101756,0.008771825692555127,1,1,1,ISC,1,1,Bubbler,physical_event_point_total,median,median
PE_a98d09332522adfe618b,2015,MT,1,TN,6.019161631344761,7787.065685101756,0.04687160699252589,2,2,1,ISC,1,1,Bubbler,physical_event_point_total,median,median
PE_a98d09332522adfe618b,2015,MT,1,TP,0.5878339781634865,7787.065685101756,0.00457750179989374,1,1,1,ISC,1,1,Bubbler,physical_event_point_total,median,median
PE_a98d09332522adfe618b,2015,MT,1,TSS,129.5993263445463,7787.065685101756,1.0091984669899206,2,2,1,ISC,1,1,Bubbler,physical_event_point_total,median,median
PE_ab750944465b3b03a5ec,2015,ST,1,NH4,0.21834560598519692,18927.933144158367,0.004132831032408552,2,2,1,ISC,1,1,Bubbler,physical_event_point_total,median,median
PE_ab750944465b3b03a5ec,2015,ST,1,NO3,7.712085220227723,18927.933144158367,0.14597383345052223,2,2,1,ISC,1,1,Bubbler,physical_event_point_total,median,median
PE_ab750944465b3b03a5ec,2015,ST,1,OP,0.19225558849335556,18927.933144158367,0.003639000925593057,2,2,1,ISC,1,1,Bubbler,physical_event_point_total,median,median
PE_ab750944465b3b03a5ec,2015,ST,1,TKN,1.4237764168069171,18927.933144158367,0.026949144829550686,1,1,1,ISC,1,1,Bubbler,physical_event_point_total,median,median
PE_ab750944465b3b03a5ec,2015,ST,1,TN,6.392664791125142,18927.933144158367,0.1209999317794318,2,2,1,ISC,1,1,Bubbler,physical_event_point_total,median,median
PE_ab750944465b3b03a5ec,2015,ST,1,TP,0.6772616543345438,18927.933144158367,0.012819163314346339,1,1,1,ISC,1,1,Bubbler,physical_event_point_total,median,median
PE_ab750944465b3b03a5ec,2015,ST,1,TSP,0.06993779592988549,18927.933144158367,0.0013237779256106638,1,1,1,ISC,1,1,Bubbler,physical_event_point_total,median,median
PE_ab750944465b3b03a5ec,2015,ST,1,TSS,197.36098465791156,18927.933144158367,3.735635522870215,2,2,1,ISC,1,1,Bubbler,physical_event_point_total,median,median
PE_b307adedb4f140b2f276,2015,CT,1,NH4,0.44965078358275234,17166.130417181346,0.007718763993169312,2,2,1,ISC,1,1,Bubbler,physical_event_point_total,median,median
PE_b307adedb4f140b2f276,2015,CT,1,NO3,7.56887918863935,17166.130417181346,0.1299283672640728,2,2,1,ISC,1,1,Bubbler,physical_event_point_total,median,median
PE_b307adedb4f140b2f276,2015,CT,1,OP,0.32793905953375485,17166.130417181346,0.005629444664844233,2,2,1,ISC,1,1,Bubbler,physical_event_point_total,median,median
PE_b307adedb4f140b2f276,2015,CT,1,TKN,2.5278457772418723,17166.130417181346,0.043393330286655124,1,1,1,ISC,1,1,Bubbler,physical_event_point_total,median,median
PE_b307adedb4f140b2f276,2015,CT,1,TN,6.362313462917621,17166.130417181346,0.10921630265943257,2,2,1,ISC,1,1,Bubbler,physical_event_point_total,median,median
PE_b307adedb4f140b2f276,2015,CT,1,TP,0.9116218816165078,17166.130417181346,0.015649020110985228,1,1,1,ISC,1,1,Bubbler,physical_event_point_total,median,median
PE_b307adedb4f140b2f276,2015,CT,1,TSP,0.31098092007493616,17166.130417181346,0.005338339031261402,1,1,1,ISC,1,1,Bubbler,physical_event_point_total,median,median
PE_b307adedb4f140b2f276,2015,CT,1,TSS,389.3974067915781,17166.130417181346,6.684446669096447,2,2,1,ISC,1,1,Bubbler,physical_event_point_total,median,median
PE_bd8c84ec329021438849,2015,MT,2,NH4,0.7189314843992151,7102.081170126327,0.005105909757962635,2,2,1,ISC,1,1,Bubbler,physical_event_point_total,median,median
PE_bd8c84ec329021438849,2015,MT,2,NO3,8.22701791772441,7102.081170126327,0.05842894903976244,2,2,1,ISC,1,1,Bubbler,physical_event_point_total,median,median
PE_bd8c84ec329021438849,2015,MT,2,OP,0.276800917231684,7102.081170126327,0.001965862582144839,2,2,1,ISC,1,1,Bubbler,physical_event_point_total,median,median
PE_bd8c84ec329021438849,2015,MT,2,TKN,2.672741737176891,7102.081170126327,0.018982028764214728,1,1,1,ISC,1,1,Bubbler,physical_event_point_total,median,median
PE_bd8c84ec329021438849,2015,MT,2,TN,9.491097029639167,7102.081170126327,0.06740654149804225,2,2,1,ISC,1,1,Bubbler,physical_event_point_total,median,median
PE_bd8c84ec329021438849,2015,MT,2,TP,0.8781654342149039,7102.081170126327,0.006236802194593479,1,1,1,ISC,1,1,Bubbler,physical_event_point_total,median,median
PE_bd8c84ec329021438849,2015,MT,2,TSP,0.5616309320018991,7102.081170126327,0.003988748466731187,1,1,1,ISC,1,1,Bubbler,physical_event_point_total,median,median
PE_bd8c84ec329021438849,2015,MT,2,TSS,398.49451690592434,7102.081170126327,2.8301404049161527,2,2,1,ISC,1,1,Bubbler,physical_event_point_total,median,median
PE_bf6fc540566653c363a5,2015,MT,1,NH4,0.6803053435005374,8541.964802359953,0.005811144299038988,2,2,1,ISC,1,1,Bubbler,physical_event_point_total,median,median
PE_bf6fc540566653c363a5,2015,MT,1,NO3,8.558241296201736,8541.964802359953,0.07310419592225864,2,2,1,ISC,1,1,Bubbler,physical_event_point_total,median,median
PE_bf6fc540566653c363a5,2015,MT,1,OP,0.26645745708227864,8541.964802359953,0.002276070219723162,2,2,1,ISC,1,1,Bubbler,physical_event_point_total,median,median
PE_bf6fc540566653c363a5,2015,MT,1,TKN,2.8582391559028557,8541.964802359953,0.024414978266449217,1,1,1,ISC,1,1,Bubbler,physical_event_point_total,median,median
PE_bf6fc540566653c363a5,2015,MT,1,TN,9.257000754107839,8541.964802359953,0.0790729746170087,2,2,1,ISC,1,1,Bubbler,physical_event_point_total,median,median
PE_bf6fc540566653c363a5,2015,MT,1,TP,0.7903572530808369,8541.964802359953,0.006751203837106407,1,1,1,ISC,1,1,Bubbler,physical_event_point_total,median,median
PE_bf6fc540566653c363a5,2015,MT,1,TSP,0.5402160849692563,8541.964802359953,0.004614506783476081,1,1,1,ISC,1,1,Bubbler,physical_event_point_total,median,median
PE_bf6fc540566653c363a5,2015,MT,1,TSS,329.93356495124914,8541.964802359953,2.8182808989307118,2,2,1,ISC,1,1,Bubbler,physical_event_point_total,median,median
PE_c173a335fbc6a1794117,2015,ST,2,NH4,0.031353945269168626,8479.39878563147,0.00026586260544014405,2,2,1,ISC,1,1,Bubbler,physical_event_point_total,median,median
PE_c173a335fbc6a1794117,2015,ST,2,NO3,7.147999770166741,8479.39878563147,0.06061074057084589,2,2,1,ISC,1,1,Bubbler,physical_event_point_total,median,median
PE_c173a335fbc6a1794117,2015,ST,2,OP,0.021804045608682196,8479.39878563147,0.00018488519785611303,2,2,1,ISC,1,1,Bubbler,physical_event_point_total,median,median
PE_c173a335fbc6a1794117,2015,ST,2,TKN,1.1755734526563981,8479.39878563147,0.009968156106875257,1,1,1,ISC,1,1,Bubbler,physical_event_point_total,median,median
PE_c173a335fbc6a1794117,2015,ST,2,TN,6.19589610550513,8479.39878563147,0.052537473912918964,2,2,1,ISC,1,1,Bubbler,physical_event_point_total,median,median
PE_c173a335fbc6a1794117,2015,ST,2,TP,0.5691218341427398,8479.39878563147,0.0048258109893063025,1,1,1,ISC,1,1,Bubbler,physical_event_point_total,median,median
PE_c173a335fbc6a1794117,2015,ST,2,TSP,0.05702669483307984,8479.39878563147,0.00048355208691619364,1,1,1,ISC,1,1,Bubbler,physical_event_point_total,median,median
PE_c173a335fbc6a1794117,2015,ST,2,TSS,184.26788239678345,8479.39878563147,1.5624808582261682,2,2,1,ISC,1,1,Bubbler,physical_event_point_total,median,median
PE_e9d0921860cc7c87fefe,2015,ST,1,TKN,1.2928123451900744,17128.564226390637,0.02214401928725889,1,1,1,ISC,1,1,Bubbler,physical_event_point_total,median,median
PE_e9d0921860cc7c87fefe,2015,ST,1,TP,0.7915618198898746,17128.564226390637,0.013558317471142375,1,1,1,ISC,1,1,Bubbler,physical_event_point_total,median,median
PE_e9d0921860cc7c87fefe,2015,ST,1,TSS,222.52799514931084,17128.564226390637,3.8115850570849146,1,1,1,ISC,1,1,Bubbler,physical_event_point_total,median,median
PE_eba40b08b5ce69421768,2015,CT,2,NH4,0.231608478447201,20638.74419079083,0.004780108139090073,2,2,1,ISC,1,1,Bubbler,physical_event_point_total,median,median
PE_eba40b08b5ce69421768,2015,CT,2,NO3,6.388240929311093,20638.74419079083,0.1318452703691915,2,2,1,ISC,1,1,Bubbler,physical_event_point_total,median,median
PE_eba40b08b5ce69421768,2015,CT,2,OP,0.14525372103731343,20638.74419079083,0.002997854391249604,2,2,1,ISC,1,1,Bubbler,physical_event_point_total,median,median
PE_eba40b08b5ce69421768,2015,CT,2,TKN,1.9971758284130448,20638.74419079083,0.04121920102664759,1,1,1,ISC,1,1,Bubbler,physical_event_point_total,median,median
PE_eba40b08b5ce69421768,2015,CT,2,TN,5.956128137013702,20638.74419079083,0.12292700498739735,2,2,1,ISC,1,1,Bubbler,physical_event_point_total,median,median
PE_eba40b08b5ce69421768,2015,CT,2,TP,0.8280699167931664,20638.74419079083,0.01709032318478361,1,1,1,ISC,1,1,Bubbler,physical_event_point_total,median,median
PE_eba40b08b5ce69421768,2015,CT,2,TSP,0.3235245802663125,20638.74419079083,0.006677141051549398,1,1,1,ISC,1,1,Bubbler,physical_event_point_total,median,median
PE_eba40b08b5ce69421768,2015,CT,2,TSS,425.17809133411754,20638.74419079083,8.775141862573552,2,2,1,ISC,1,1,Bubbler,physical_event_point_total,median,median
PE_ece5ee3d9a47f8a4b70b,2015,CT,1,NH4,0.6560916656863971,25237.804953736828,0.0165583134903656,2,2,1,ISC,1,1,Bubbler,physical_event_point_total,median,median
PE_ece5ee3d9a47f8a4b70b,2015,CT,1,NO3,8.203580150838807,25237.804953736828,0.20704035576921676,2,2,1,ISC,1,1,Bubbler,physical_event_point_total,median,median
PE_ece5ee3d9a47f8a4b70b,2015,CT,1,OP,0.3247316442744945,25237.804953736828,0.008195513900505942,2,2,1,ISC,1,1,Bubbler,physical_event_point_total,median,median
PE_ece5ee3d9a47f8a4b70b,2015,CT,1,TKN,3.146217038113827,25237.804953736828,0.07940361195004034,1,1,1,ISC,1,1,Bubbler,physical_event_point_total,median,median
PE_ece5ee3d9a47f8a4b70b,2015,CT,1,TN,8.16437370807607,25237.804953736828,0.20605087121384097,2,2,1,ISC,1,1,Bubbler,physical_event_point_total,median,median
PE_ece5ee3d9a47f8a4b70b,2015,CT,1,TP,1.1474606372041278,25237.804953736828,0.028959387753848355,1,1,1,ISC,1,1,Bubbler,physical_event_point_total,median,median
PE_ece5ee3d9a47f8a4b70b,2015,CT,1,TSP,0.5283072115092091,25237.804953736828,0.013333314359722008,1,1,1,ISC,1,1,Bubbler,physical_event_point_total,median,median
PE_ece5ee3d9a47f8a4b70b,2015,CT,1,TSS,569.2151775359771,25237.804953736828,14.36574162735967,2,2,1,ISC,1,1,Bubbler,physical_event_point_total,median,median
PE_ef16b92ac44718ed6fbe,2015,ST,1,NH4,0.5336332356623354,17676.37588291388,0.009432701657183004,1,1,1,ISC,1,1,Bubbler,physical_event_point_total,median,median
PE_ef16b92ac44718ed6fbe,2015,ST,1,NO3,8.621931265507435,17676.37588291388,0.15240449788575675,2,2,1,ISC,1,1,Bubbler,physical_event_point_total,median,median
PE_ef16b92ac44718ed6fbe,2015,ST,1,OP,0.21747788022991826,17676.37588291388,0.0038442207571633604,2,2,1,ISC,1,1,Bubbler,physical_event_point_total,median,median
PE_ef16b92ac44718ed6fbe,2015,ST,1,TKN,2.859303968499344,17676.37588291388,0.050542131710701745,1,1,1,ISC,1,1,Bubbler,physical_event_point_total,median,median
PE_ef16b92ac44718ed6fbe,2015,ST,1,TN,9.092703431552644,17676.37588291388,0.16072604364798543,2,2,1,ISC,1,1,Bubbler,physical_event_point_total,median,median
PE_ef16b92ac44718ed6fbe,2015,ST,1,TP,1.0972383084593402,17676.37588291388,0.019395196773459904,1,1,1,ISC,1,1,Bubbler,physical_event_point_total,median,median
PE_ef16b92ac44718ed6fbe,2015,ST,1,TSP,0.4124864911080475,17676.37588291388,0.0072912662634500615,1,1,1,ISC,1,1,Bubbler,physical_event_point_total,median,median
PE_ef16b92ac44718ed6fbe,2015,ST,1,TSS,366.92868154435,17676.37588291388,6.485969297199936,2,2,1,ISC,1,1,Bubbler,physical_event_point_total,median,median
PE_effd37ee189df750ad5a,2015,CT,1,NH4,0.47451547174764724,33207.70595985194,0.0157575702591963,2,2,1,ISC,1,1,Bubbler,physical_event_point_total,median,median
PE_effd37ee189df750ad5a,2015,CT,1,NO3,7.652896065971192,33207.70595985194,0.254135122300079,2,2,1,ISC,1,1,Bubbler,physical_event_point_total,median,median
PE_effd37ee189df750ad5a,2015,CT,1,OP,0.269486640400166,33207.70595985194,0.00894903311451707,2,2,1,ISC,1,1,Bubbler,physical_event_point_total,median,median
PE_effd37ee189df750ad5a,2015,CT,1,TKN,3.007414109690247,33207.70595985194,0.09986932345410364,1,1,1,ISC,1,1,Bubbler,physical_event_point_total,median,median
PE_effd37ee189df750ad5a,2015,CT,1,TN,8.432594288438601,33207.70595985194,0.28002711160919597,2,2,1,ISC,1,1,Bubbler,physical_event_point_total,median,median
PE_effd37ee189df750ad5a,2015,CT,1,TP,1.0372192419227289,33207.70595985194,0.03444367160167052,1,1,1,ISC,1,1,Bubbler,physical_event_point_total,median,median
PE_effd37ee189df750ad5a,2015,CT,1,TSP,0.3497208414133654,33207.70595985194,0.01161342686968705,1,1,1,ISC,1,1,Bubbler,physical_event_point_total,median,median
PE_effd37ee189df750ad5a,2015,CT,1,TSS,460.2244238907905,33207.70595985194,15.28299734410763,2,2,1,ISC,1,1,Bubbler,physical_event_point_total,median,median
PE_f28eca55841e3590b19f,2015,MT,2,NH4,0.1342544771668702,7583.683230294046,0.0010181434270822884,2,2,1,ISC,1,1,Bubbler,physical_event_point_total,median,median
PE_f28eca55841e3590b19f,2015,MT,2,NO3,7.405481289301655,7583.683230294046,0.05616082426593328,2,2,1,ISC,1,1,Bubbler,physical_event_point_total,median,median
PE_f28eca55841e3590b19f,2015,MT,2,OP,0.1559159458105701,7583.683230294046,0.0011824171435790556,2,2,1,ISC,1,1,Bubbler,physical_event_point_total,median,median
PE_f28eca55841e3590b19f,2015,MT,2,TKN,1.283590016195432,7583.683230294046,0.00973434008039416,1,1,1,ISC,1,1,Bubbler,physical_event_point_total,median,median
PE_f28eca55841e3590b19f,2015,MT,2,TN,6.15996811960656,7583.683230294046,0.04671524692780622,2,2,1,ISC,1,1,Bubbler,physical_event_point_total,median,median
PE_f28eca55841e3590b19f,2015,MT,2,TP,0.5805654632631643,7583.683230294046,0.004402824567836753,1,1,1,ISC,1,1,Bubbler,physical_event_point_total,median,median
PE_f28eca55841e3590b19f,2015,MT,2,TSS,169.47763766981427,7583.683230294046,1.2852647187064208,2,2,1,ISC,1,1,Bubbler,physical_event_point_total,median,median
PE_f98814c17b9da4b10046,2015,ST,2,NH4,0.656392989829801,11396.006145132684,0.0074802585457224265,2,2,1,ISC,1,1,Bubbler,physical_event_point_total,median,median
PE_f98814c17b9da4b10046,2015,ST,2,NO3,8.451721916165557,11396.006145132684,0.09631587489357527,2,2,1,ISC,1,1,Bubbler,physical_event_point_total,median,median
PE_f98814c17b9da4b10046,2015,ST,2,OP,0.24754714863487606,11396.006145132684,0.0028210488270531213,2,2,1,ISC,1,1,Bubbler,physical_event_point_total,median,median
PE_f98814c17b9da4b10046,2015,ST,2,TKN,2.609055208969301,11396.006145132684,0.029732809194404592,1,1,1,ISC,1,1,Bubbler,physical_event_point_total,median,median
PE_f98814c17b9da4b10046,2015,ST,2,TN,9.409380121006809,11396.006145132684,0.1072293536808829,2,2,1,ISC,1,1,Bubbler,physical_event_point_total,median,median
PE_f98814c17b9da4b10046,2015,ST,2,TP,1.2824975527202755,11396.006145132684,0.014615349991917888,1,1,1,ISC,1,1,Bubbler,physical_event_point_total,median,median
PE_f98814c17b9da4b10046,2015,ST,2,TSP,0.510436145210124,11396.006145132684,0.005816933447512412,1,1,1,ISC,1,1,Bubbler,physical_event_point_total,median,median
PE_f98814c17b9da4b10046,2015,ST,2,TSS,451.5869056104366,11396.006145132684,5.146287151397988,2,2,1,ISC,1,1,Bubbler,physical_event_point_total,median,median
PE_fc35961bbf4775b1838e,2015,MT,2,NH4,0.6026111257322331,5173.552791715343,0.00311764047185072,2,2,1,ISC,1,1,Bubbler,physical_event_point_total,median,median
PE_fc35961bbf4775b1838e,2015,MT,2,NO3,8.270811459644523,5173.552791715343,0.04278947971679518,2,2,1,ISC,1,1,Bubbler,physical_event_point_total,median,median
PE_fc35961bbf4775b1838e,2015,MT,2,OP,0.20420037150980325,5173.552791715343,0.0010564414020938528,2,2,1,ISC,1,1,Bubbler,physical_event_point_total,median,median
PE_fc35961bbf4775b1838e,2015,MT,2,TKN,2.9705850896048034,5173.552791715343,0.015368478783352903,1,1,1,ISC,1,1,Bubbler,physical_event_point_total,median,median
PE_fc35961bbf4775b1838e,2015,MT,2,TN,9.716350280798238,5173.552791715343,0.05026805112050788,2,2,1,ISC,1,1,Bubbler,physical_event_point_total,median,median
PE_fc35961bbf4775b1838e,2015,MT,2,TP,0.9142359735129988,5173.552791715343,0.004729848073054769,1,1,1,ISC,1,1,Bubbler,physical_event_point_total,median,median
PE_fc35961bbf4775b1838e,2015,MT,2,TSP,0.4996823130771948,5173.552791715343,0.0025851328257913016,1,1,1,ISC,1,1,Bubbler,physical_event_point_total,median,median
PE_fc35961bbf4775b1838e,2015,MT,2,TSS,533.7688165143638,5173.552791715343,2.761481150808482,2,2,1,ISC,1,1,Bubbler,physical_event_point_total,median,median
PE_06726b0bbd436c0f2638,2016,MT,1,NH4,0.14192198641546522,1188.0018590881607,0.00016860358370705738,2,2,1,ISC,1,1,Bubbler,physical_event_point_total,median,median
PE_06726b0bbd436c0f2638,2016,MT,1,NO3,5.910457459798964,1188.0018590881607,0.007021634450302658,2,2,1,ISC,1,1,Bubbler,physical_event_point_total,median,median
PE_06726b0bbd436c0f2638,2016,MT,1,NPOC,5.451111630051335,1188.0018590881607,0.00647593075059808,2,2,1,ISC,1,1,Bubbler,physical_event_point_total,median,median
PE_06726b0bbd436c0f2638,2016,MT,1,OP,0.11978935816543264,1188.0018590881607,0.00014230998019951153,2,2,1,ISC,1,1,Bubbler,physical_event_point_total,median,median
PE_06726b0bbd436c0f2638,2016,MT,1,TKN,1.1961790599724444,1188.0018590881607,0.0014210629470495925,2,2,1,ISC,1,1,Bubbler,physical_event_point_total,median,median
PE_06726b0bbd436c0f2638,2016,MT,1,TN,5.8033360766208055,1188.0018590881607,0.00689437404793891,2,2,1,ISC,1,1,Bubbler,physical_event_point_total,median,median
PE_06726b0bbd436c0f2638,2016,MT,1,TP,0.47296992593972537,1188.0018590881607,0.0005618891513091834,2,2,1,ISC,1,1,Bubbler,physical_event_point_total,median,median
PE_06726b0bbd436c0f2638,2016,MT,1,TSP,0.06693602080617311,1188.0018590881607,7.952011715769747e-05,2,2,1,ISC,1,1,Bubbler,physical_event_point_total,median,median
PE_06726b0bbd436c0f2638,2016,MT,1,TSS,228.15460436900787,1188.0018590881607,0.27104809414990516,2,2,1,ISC,1,1,Bubbler,physical_event_point_total,median,median
PE_1d9fa89274a5507fb9c3,2016,MT,1,NH4,0.24148440726975035,4344.816288726178,0.0010492053861789975,2,2,1,ISC,1,1,Bubbler,physical_event_point_total,median,median
PE_1d9fa89274a5507fb9c3,2016,MT,1,NO3,5.439779153270633,4344.816288726178,0.023634841072203344,2,2,1,ISC,1,1,Bubbler,physical_event_point_total,median,median
PE_1d9fa89274a5507fb9c3,2016,MT,1,NPOC,4.176351359708914,4344.816288726178,0.01814547941510701,2,2,1,ISC,1,1,Bubbler,physical_event_point_total,median,median
PE_1d9fa89274a5507fb9c3,2016,MT,1,OP,0.13125394564628026,4344.816288726178,0.000570274281003539,2,2,1,ISC,1,1,Bubbler,physical_event_point_total,median,median
PE_1d9fa89274a5507fb9c3,2016,MT,1,TKN,1.4402878881588892,4344.816288726178,0.006257786276927769,2,2,1,ISC,1,1,Bubbler,physical_event_point_total,median,median
PE_1d9fa89274a5507fb9c3,2016,MT,1,TN,5.787731385631454,4344.816288726178,0.02514662959906327,2,2,1,ISC,1,1,Bubbler,physical_event_point_total,median,median
PE_1d9fa89274a5507fb9c3,2016,MT,1,TP,0.5581894261960969,4344.816288726178,0.0024252305111315204,2,2,1,ISC,1,1,Bubbler,physical_event_point_total,median,median
PE_1d9fa89274a5507fb9c3,2016,MT,1,TSP,0.33566434793314,4344.816288726178,0.0014583999264445576,2,2,1,ISC,1,1,Bubbler,physical_event_point_total,median,median
PE_1d9fa89274a5507fb9c3,2016,MT,1,TSS,122.52128494538817,4344.816288726178,0.532332474546384,2,2,1,ISC,1,1,Bubbler,physical_event_point_total,median,median
PE_245bc6dafec7fe277df3,2016,ST,1,NH4,0.16355780580439816,4936.382301693544,0.0008073838578766606,2,2,1,ISC,1,1,Bubbler,physical_event_point_total,median,median
PE_245bc6dafec7fe277df3,2016,ST,1,NO3,5.332034172316372,4936.382301693544,0.026320959120247723,2,2,1,ISC,1,1,Bubbler,physical_event_point_total,median,median
PE_245bc6dafec7fe277df3,2016,ST,1,NPOC,3.9216653515742665,4936.382301693544,0.019358839434676,2,2,1,ISC,1,1,Bubbler,physical_event_point_total,median,median
PE_245bc6dafec7fe277df3,2016,ST,1,OP,0.08565883410771502,4936.382301693544,0.0004228447526730277,2,2,1,ISC,1,1,Bubbler,physical_event_point_total,median,median
PE_245bc6dafec7fe277df3,2016,ST,1,TKN,0.9899796589999025,4936.382301693544,0.004886918067723728,2,2,1,ISC,1,1,Bubbler,physical_event_point_total,median,median
PE_245bc6dafec7fe277df3,2016,ST,1,TN,5.428686673619239,4936.382301693544,0.02679807281709361,2,2,1,ISC,1,1,Bubbler,physical_event_point_total,median,median
PE_245bc6dafec7fe277df3,2016,ST,1,TP,0.38337287561231714,4936.382301693544,0.0018924750781220028,2,2,1,ISC,1,1,Bubbler,physical_event_point_total,median,median
PE_245bc6dafec7fe277df3,2016,ST,1,TSP,0.1493545871450358,4936.382301693544,0.0007372713406595008,2,2,1,ISC,1,1,Bubbler,physical_event_point_total,median,median
PE_245bc6dafec7fe277df3,2016,ST,1,TSS,109.55390682962908,4936.382301693544,0.5407999667551644,2,2,1,ISC,1,1,Bubbler,physical_event_point_total,median,median
PE_2836684cbc95d298d128,2016,MT,2,NH4,0.154475542967419,1327.3292106537158,0.00020503990051224841,2,2,1,ISC,1,1,Bubbler,physical_event_point_total,median,median
PE_2836684cbc95d298d128,2016,MT,2,NO3,5.638271167635905,1327.3292106537158,0.00748384201838977,2,2,1,ISC,1,1,Bubbler,physical_event_point_total,median,median
PE_2836684cbc95d298d128,2016,MT,2,NPOC,5.367368459542075,1327.3292106537158,0.007124264940691633,2,2,1,ISC,1,1,Bubbler,physical_event_point_total,median,median
PE_2836684cbc95d298d128,2016,MT,2,OP,0.03308090645246721,1327.3292106537158,4.390925344926271e-05,2,2,1,ISC,1,1,Bubbler,physical_event_point_total,median,median
PE_2836684cbc95d298d128,2016,MT,2,TKN,1.3085712628966302,1327.3292106537158,0.0017369048614647201,2,2,1,ISC,1,1,Bubbler,physical_event_point_total,median,median
PE_2836684cbc95d298d128,2016,MT,2,TN,6.178226430979487,1327.3292106537158,0.008200540411871926,2,2,1,ISC,1,1,Bubbler,physical_event_point_total,median,median
PE_2836684cbc95d298d128,2016,MT,2,TP,0.37946309940609485,1327.3292106537158,0.0005036724562069043,2,2,1,ISC,1,1,Bubbler,physical_event_point_total,median,median
PE_2836684cbc95d298d128,2016,MT,2,TSP,0.0776110139836276,1327.3292106537158,0.00010301536592892292,2,2,1,ISC,1,1,Bubbler,physical_event_point_total,median,median
PE_2836684cbc95d298d128,2016,MT,2,TSS,273.230365128081,1327.3292106537158,0.36266664487208233,2,2,1,ISC,1,1,Bubbler,physical_event_point_total,median,median
PE_518a902e850a37a6e1f7,2016,ST,1,NH4,0.040310715519677444,1263.894519849121,5.094849243651724e-05,2,2,1,ISC,1,1,Bubbler,physical_event_point_total,median,median
PE_518a902e850a37a6e1f7,2016,ST,1,NO3,5.4677196834586415,1263.894519849121,0.006910620943994548,2,2,1,ISC,1,1,Bubbler,physical_event_point_total,median,median
PE_518a902e850a37a6e1f7,2016,ST,1,NPOC,4.942563584761185,1263.894519849121,0.006246879028785488,2,2,1,ISC,1,1,Bubbler,physical_event_point_total,median,median
PE_518a902e850a37a6e1f7,2016,ST,1,OP,0.044738328955814276,1263.894519849121,5.654452879446091e-05,2,2,1,ISC,1,1,Bubbler,physical_event_point_total,median,median
PE_518a902e850a37a6e1f7,2016,ST,1,TKN,0.9248324569688179,1263.894519849121,0.001168890674141487,2,2,1,ISC,1,1,Bubbler,physical_event_point_total,median,median
PE_518a902e850a37a6e1f7,2016,ST,1,TN,5.746412072169519,1263.894519849121,0.007262858726809886,2,2,1,ISC,1,1,Bubbler,physical_event_point_total,median,median
PE_518a902e850a37a6e1f7,2016,ST,1,TP,0.38540252751523074,1263.894519849121,0.0004871081424625002,2,2,1,ISC,1,1,Bubbler,physical_event_point_total,median,median
PE_518a902e850a37a6e1f7,2016,ST,1,TSP,0.005654734911153819,1263.894519849121,7.146988465406818e-06,2,2,1,ISC,1,1,Bubbler,physical_event_point_total,median,median
PE_518a902e850a37a6e1f7,2016,ST,1,TSS,270.93220169154756,1263.894519849121,0.3424297249686037,2,2,1,ISC,1,1,Bubbler,physical_event_point_total,median,median
PE_571c968894d925b12ac7,2016,CT,2,NH4,0.12524360459052297,2970.7785482522067,0.0003720710138233072,2,2,1,ISC,1,1,Bubbler,physical_event_point_total,median,median
PE_571c968894d925b12ac7,2016,CT,2,NO3,5.405383186992443,2970.7785482522067,0.0160581964170003,2,2,1,ISC,1,1,Bubbler,physical_event_point_total,median,median
PE_571c968894d925b12ac7,2016,CT,2,NPOC,4.859187141705877,2970.7785482522067,0.014435568922522775,2,2,1,ISC,1,1,Bubbler,physical_event_point_total,median,median
PE_571c968894d925b12ac7,2016,CT,2,OP,0.00576459932682557,2970.7785482522067,1.7125348019402514e-05,2,2,1,ISC,1,1,Bubbler,physical_event_point_total,median,median
PE_571c968894d925b12ac7,2016,CT,2,TKN,1.3935171509546116,2970.7785482522067,0.004139830858677492,2,2,1,ISC,1,1,Bubbler,physical_event_point_total,median,median
PE_571c968894d925b12ac7,2016,CT,2,TN,7.434606997849798,2970.7785482522067,0.02208657098389792,2,2,1,ISC,1,1,Bubbler,physical_event_point_total,median,median
PE_571c968894d925b12ac7,2016,CT,2,TP,0.48485128572317493,2970.7785482522067,0.0014403857987189093,2,2,1,ISC,1,1,Bubbler,physical_event_point_total,median,median
PE_571c968894d925b12ac7,2016,CT,2,TSP,0.05592597063058607,2970.7785482522067,0.000166143673839528,2,2,1,ISC,1,1,Bubbler,physical_event_point_total,median,median
PE_571c968894d925b12ac7,2016,CT,2,TSS,792.4050602101653,2970.7785482522067,2.3540599543988576,2,2,1,ISC,1,1,Bubbler,physical_event_point_total,median,median
PE_796a63125680b03b1a47,2016,CT,1,NH4,0.21125634171787494,8486.616418297685,0.0017928515380924235,2,2,1,ISC,1,1,Bubbler,physical_event_point_total,median,median
PE_796a63125680b03b1a47,2016,CT,1,NO3,5.367319198345784,8486.616418297685,0.0455503792309257,2,2,1,ISC,1,1,Bubbler,physical_event_point_total,median,median
PE_796a63125680b03b1a47,2016,CT,1,NPOC,4.0733441605213105,8486.616418297685,0.03456890943005715,2,2,1,ISC,1,1,Bubbler,physical_event_point_total,median,median
PE_796a63125680b03b1a47,2016,CT,1,OP,0.0904057162890302,8486.616418297685,0.0007672386361664461,2,2,1,ISC,1,1,Bubbler,physical_event_point_total,median,median
PE_796a63125680b03b1a47,2016,CT,1,TKN,1.6389565513348643,8486.616418297685,0.013909195577435012,2,2,1,ISC,1,1,Bubbler,physical_event_point_total,median,median
PE_796a63125680b03b1a47,2016,CT,1,TN,6.297732175743169,8486.616418297685,0.05344643728070358,2,2,1,ISC,1,1,Bubbler,physical_event_point_total,median,median
PE_796a63125680b03b1a47,2016,CT,1,TP,0.6556831612436369,8486.616418297685,0.005564531481411577,2,2,1,ISC,1,1,Bubbler,physical_event_point_total,median,median
PE_796a63125680b03b1a47,2016,CT,1,TSP,0.26549324848804956,8486.616418297685,0.0022531393615658683,2,2,1,ISC,1,1,Bubbler,physical_event_point_total,median,median
PE_796a63125680b03b1a47,2016,CT,1,TSS,208.0137278073977,8486.616418297685,1.765332717641567,2,2,1,ISC,1,1,Bubbler,physical_event_point_total,median,median
PE_7b17489d08fa900cd025,2016,ST,2,NH4,0.20514562751686594,4686.589972653945,0.000961433440854345,2,2,1,ISC,1,1,Bubbler,physical_event_point_total,median,median
PE_7b17489d08fa900cd025,2016,ST,2,NO3,5.274750021667209,4686.589972653945,0.02472059055980172,2,2,1,ISC,1,1,Bubbler,physical_event_point_total,median,median
PE_7b17489d08fa900cd025,2016,ST,2,NPOC,3.9545623208810614,4686.589972653945,0.018533412119276293,2,2,1,ISC,1,1,Bubbler,physical_event_point_total,median,median
PE_7b17489d08fa900cd025,2016,ST,2,OP,0.013918367095470507,4686.589972653945,6.522967966534868e-05,2,2,1,ISC,1,1,Bubbler,physical_event_point_total,median,median
PE_7b17489d08fa900cd025,2016,ST,2,TKN,1.295132704644885,4686.589972653945,0.006069755946844901,2,2,1,ISC,1,1,Bubbler,physical_event_point_total,median,median
PE_7b17489d08fa900cd025,2016,ST,2,TN,5.6269498794373884,4686.589972653945,0.026371206881597588,2,2,1,ISC,1,1,Bubbler,physical_event_point_total,median,median
PE_7b17489d08fa900cd025,2016,ST,2,TP,0.3772870321626165,4686.589972653945,0.0017681896217456848,2,2,1,ISC,1,1,Bubbler,physical_event_point_total,median,median
PE_7b17489d08fa900cd025,2016,ST,2,TSP,0.23351345099760856,4686.589972653945,0.0010943817979252105,2,2,1,ISC,1,1,Bubbler,physical_event_point_total,median,median
PE_7b17489d08fa900cd025,2016,ST,2,TSS,110.31132890503241,4686.589972653945,0.5169839679164562,2,2,1,ISC,1,1,Bubbler,physical_event_point_total,median,median
PE_962807ecf486db3c765b,2016,CT,2,NH4,0.2663222836592242,7738.063356552577,0.0020608187042168444,2,2,1,ISC,1,1,Bubbler,physical_event_point_total,median,median
PE_962807ecf486db3c765b,2016,CT,2,NO3,5.070234277311746,7738.063356552577,0.03923379407040286,2,2,1,ISC,1,1,Bubbler,physical_event_point_total,median,median
PE_962807ecf486db3c765b,2016,CT,2,NPOC,3.9356518853102425,7738.063356552577,0.03045432363786625,2,2,1,ISC,1,1,Bubbler,physical_event_point_total,median,median
PE_962807ecf486db3c765b,2016,CT,2,OP,0.02050642240786399,7738.063356552577,0.000158679995808281,2,2,1,ISC,1,1,Bubbler,physical_event_point_total,median,median
PE_962807ecf486db3c765b,2016,CT,2,TKN,2.034754079950312,7738.063356552577,0.015745055985659364,2,2,1,ISC,1,1,Bubbler,physical_event_point_total,median,median
PE_962807ecf486db3c765b,2016,CT,2,TN,6.589663998431398,7738.063356552577,0.05099123751825574,2,2,1,ISC,1,1,Bubbler,physical_event_point_total,median,median
PE_962807ecf486db3c765b,2016,CT,2,TP,0.5732016975997118,7738.063356552577,0.004435471052110062,2,2,1,ISC,1,1,Bubbler,physical_event_point_total,median,median
PE_962807ecf486db3c765b,2016,CT,2,TSP,0.35969363163706464,7738.063356552577,0.0027833321105560902,2,2,1,ISC,1,1,Bubbler,physical_event_point_total,median,median
PE_962807ecf486db3c765b,2016,CT,2,TSS,264.9168427776646,7738.063356552577,2.049943313631447,2,2,1,ISC,1,1,Bubbler,physical_event_point_total,median,median
PE_cf4508303fbec7c40fe5,2016,CT,1,NH4,0.15041898878670962,3251.5534051879276,0.0004890953751943504,2,2,1,ISC,1,1,Bubbler,physical_event_point_total,median,median
PE_cf4508303fbec7c40fe5,2016,CT,1,NO3,5.7016037234787555,3251.5534051879276,0.018539069002109516,2,2,1,ISC,1,1,Bubbler,physical_event_point_total,median,median
PE_cf4508303fbec7c40fe5,2016,CT,1,NPOC,5.505647651988247,3251.5534051879276,0.017901907370587302,2,2,1,ISC,1,1,Bubbler,physical_event_point_total,median,median
PE_cf4508303fbec7c40fe5,2016,CT,1,OP,0.04810931150492723,3251.5534051879276,0.00015642999564509288,2,2,1,ISC,1,1,Bubbler,physical_event_point_total,median,median
PE_cf4508303fbec7c40fe5,2016,CT,1,TKN,1.4144054574049767,3251.5534051879276,0.00459901488134154,2,2,1,ISC,1,1,Bubbler,physical_event_point_total,median,median
PE_cf4508303fbec7c40fe5,2016,CT,1,TN,7.42534192796668,3251.5534051879276,0.02414389583056475,2,2,1,ISC,1,1,Bubbler,physical_event_point_total,median,median
PE_cf4508303fbec7c40fe5,2016,CT,1,TP,0.565530434395669,3251.5534051879276,0.0018388524096966453,2,2,1,ISC,1,1,Bubbler,physical_event_point_total,median,median
PE_cf4508303fbec7c40fe5,2016,CT,1,TSP,0.06951041005401176,3251.5534051879276,0.0002260168105071311,2,2,1,ISC,1,1,Bubbler,physical_event_point_total,median,median
PE_cf4508303fbec7c40fe5,2016,CT,1,TSS,906.18574406653,3251.5534051879276,2.9465113418522817,2,2,1,ISC,1,1,Bubbler,physical_event_point_total,median,median
PE_e91aef82d1d0158c64de,2016,MT,2,NH4,0.2217100894305835,4737.739833625532,0.0010504047222119545,2,2,1,ISC,1,1,Bubbler,physical_event_point_total,median,median
PE_e91aef82d1d0158c64de,2016,MT,2,NO3,5.144662571015653,4737.739833625532,0.0243740727932632,2,2,1,ISC,1,1,Bubbler,physical_event_point_total,median,median
PE_e91aef82d1d0158c64de,2016,MT,2,NPOC,3.96466268496275,4737.739833625532,0.018783540329436774,2,2,1,ISC,1,1,Bubbler,physical_event_point_total,median,median
PE_e91aef82d1d0158c64de,2016,MT,2,OP,0.03252366333370961,4737.739833625532,0.00015408865531154218,2,2,1,ISC,1,1,Bubbler,physical_event_point_total,median,median
PE_e91aef82d1d0158c64de,2016,MT,2,TKN,1.618082089583651,4737.739833625532,0.0076660519698965,2,2,1,ISC,1,1,Bubbler,physical_event_point_total,median,median
PE_e91aef82d1d0158c64de,2016,MT,2,TN,5.709352381231449,4737.739833625532,0.02704942620076502,2,2,1,ISC,1,1,Bubbler,physical_event_point_total,median,median
PE_e91aef82d1d0158c64de,2016,MT,2,TP,0.4875721797316166,4737.739833625532,0.002309990137682107,2,2,1,ISC,1,1,Bubbler,physical_event_point_total,median,median
PE_e91aef82d1d0158c64de,2016,MT,2,TSP,0.3693667370882741,4737.739833625532,0.0017499635035194054,2,2,1,ISC,1,1,Bubbler,physical_event_point_total,median,median
PE_e91aef82d1d0158c64de,2016,MT,2,TSS,142.77889762580946,4737.739833625532,0.6764492706829394,2,2,1,ISC,1,1,Bubbler,physical_event_point_total,median,median
PE_ed07163240c41f058ff7,2016,ST,2,NH4,0.056879279293937116,1238.925616123468,7.046919614389985e-05,2,2,1,ISC,1,1,Bubbler,physical_event_point_total,median,median
PE_ed07163240c41f058ff7,2016,ST,2,NO3,5.420394072170934,1238.925616123468,0.006715465065496368,2,2,1,ISC,1,1,Bubbler,physical_event_point_total,median,median
PE_ed07163240c41f058ff7,2016,ST,2,NPOC,4.727863576302927,1238.925616123468,0.005857471294218807,2,2,1,ISC,1,1,Bubbler,physical_event_point_total,median,median
PE_ed07163240c41f058ff7,2016,ST,2,OP,0.036817716449833095,1238.925616123468,4.561441203686861e-05,2,2,1,ISC,1,1,Bubbler,physical_event_point_total,median,median
PE_ed07163240c41f058ff7,2016,ST,2,TKN,1.0506115234975573,1238.925616123468,0.0013016295290556265,2,2,1,ISC,1,1,Bubbler,physical_event_point_total,median,median
PE_ed07163240c41f058ff7,2016,ST,2,TN,5.660297572290524,1238.925616123468,0.007012687657192208,2,2,1,ISC,1,1,Bubbler,physical_event_point_total,median,median
PE_ed07163240c41f058ff7,2016,ST,2,TP,0.34712684184297304,1238.925616123468,0.000430064336403299,2,2,1,ISC,1,1,Bubbler,physical_event_point_total,median,median
PE_ed07163240c41f058ff7,2016,ST,2,TSP,0.0,1238.925616123468,0.0,2,2,1,ISC,1,1,Bubbler,physical_event_point_total,median,median
PE_ed07163240c41f058ff7,2016,ST,2,TSS,284.6538173811575,1238.925616123468,0.3526649060808477,2,2,1,ISC,1,1,Bubbler,physical_event_point_total,median,median
PE_01ef9362ba3276afc3a9,2017,MT,1,NO3,13.022290121700888,13177.373981035638,0.1715995870231987,2,2,1,ISC,1,1,Bubbler,physical_event_point_total,median,median
PE_01ef9362ba3276afc3a9,2017,MT,1,OP,0.7344266239687488,13177.373981035638,0.009677814285665635,2,2,1,ISC,1,1,Bubbler,physical_event_point_total,median,median
PE_01ef9362ba3276afc3a9,2017,MT,1,TKN,2.938544262353236,13177.373981035638,0.038722296704855094,2,2,1,ISC,1,1,Bubbler,physical_event_point_total,median,median
PE_01ef9362ba3276afc3a9,2017,MT,1,TP,1.2262000775770858,13177.373981035638,0.016158096997808173,2,2,1,ISC,1,1,Bubbler,physical_event_point_total,median,median
PE_01ef9362ba3276afc3a9,2017,MT,1,TSS,319.32441900993274,13177.373981035638,4.20785729057081,2,2,1,ISC,1,1,Bubbler,physical_event_point_total,median,median
PE_0d069e1b4f6cd76df6ac,2017,MT,2,NO3,11.367908069673994,13818.744640444713,0.15709021871087572,1,1,1,ISC,1,1,Bubbler,physical_event_point_total,median,median
PE_0d069e1b4f6cd76df6ac,2017,MT,2,OP,0.8079820749067204,13818.744640444713,0.011165297967192641,1,1,1,ISC,1,1,Bubbler,physical_event_point_total,median,median
PE_0d069e1b4f6cd76df6ac,2017,MT,2,TKN,1.6473129893946727,13818.744640444713,0.022763797543332593,1,1,1,ISC,1,1,Bubbler,physical_event_point_total,median,median
PE_0d069e1b4f6cd76df6ac,2017,MT,2,TP,0.8950388637932911,13818.744640444713,0.012368313502033266,1,1,1,ISC,1,1,Bubbler,physical_event_point_total,median,median
PE_0d069e1b4f6cd76df6ac,2017,MT,2,TSS,201.69603652259804,13818.744640444713,2.7871860236955928,2,2,1,ISC,1,1,Bubbler,physical_event_point_total,median,median
PE_0db94b33091790ae448c,2017,CT,1,NO3,14.371965571550128,21292.387285154044,0.3060134569983456,3,3,1,ISC,1,1,Bubbler,physical_event_point_total,median,median
PE_0db94b33091790ae448c,2017,CT,1,OP,0.7145892434147376,21292.387285154044,0.015215310920591807,3,3,1,ISC,1,1,Bubbler,physical_event_point_total,median,median
PE_0db94b33091790ae448c,2017,CT,1,TKN,2.8513414974266493,21292.387285154044,0.060711867445439285,3,3,1,ISC,1,1,Bubbler,physical_event_point_total,median,median
PE_0db94b33091790ae448c,2017,CT,1,TP,1.3786046251509507,21292.387285154044,0.02935378359181866,3,3,1,ISC,1,1,Bubbler,physical_event_point_total,median,median
PE_0db94b33091790ae448c,2017,CT,1,TSS,1002.7067959963165,21292.387285154044,21.35002143380952,3,3,1,ISC,1,1,Bubbler,physical_event_point_total,median,median
PE_1286406ef8d51ffa7b89,2017,CT,2,NO3,11.63794688123469,23301.699131180485,0.271183936731191,1,1,1,ISC,1,1,Bubbler,physical_event_point_total,median,median
PE_1286406ef8d51ffa7b89,2017,CT,2,OP,0.7911694808360574,23301.699131180485,0.018435593204214073,1,1,1,ISC,1,1,Bubbler,physical_event_point_total,median,median
PE_1286406ef8d51ffa7b89,2017,CT,2,TKN,2.7808217052572615,23301.699131180485,0.06479787071336096,1,1,1,ISC,1,1,Bubbler,physical_event_point_total,median,median
PE_1286406ef8d51ffa7b89,2017,CT,2,TP,1.451201827945857,23301.699131180485,0.0338154683734135,1,1,1,ISC,1,1,Bubbler,physical_event_point_total,median,median
PE_1286406ef8d51ffa7b89,2017,CT,2,TSS,1103.5506269271398,23301.699131180485,25.714604684681813,2,2,1,ISC,1,1,Bubbler,physical_event_point_total,median,median
PE_20cdd4f089d2cb0bb73d,2017,ST,1,NO3,13.573072608833469,16755.158866095157,0.2274189878620494,2,2,1,ISC,1,1,Bubbler,physical_event_point_total,median,median
PE_20cdd4f089d2cb0bb73d,2017,ST,1,OP,0.6718105954610901,16755.158866095157,0.011256293254876551,2,2,1,ISC,1,1,Bubbler,physical_event_point_total,median,median
PE_20cdd4f089d2cb0bb73d,2017,ST,1,TKN,2.3522422808094476,16755.158866095157,0.039412193106508314,2,2,1,ISC,1,1,Bubbler,physical_event_point_total,median,median
PE_20cdd4f089d2cb0bb73d,2017,ST,1,TP,0.9746349033883455,16755.158866095157,0.01633016264271303,2,2,1,ISC,1,1,Bubbler,physical_event_point_total,median,median
PE_20cdd4f089d2cb0bb73d,2017,ST,1,TSS,204.6251677378861,16755.158866095157,3.428527193449651,2,2,1,ISC,1,1,Bubbler,physical_event_point_total,median,median
PE_20fd7645e8886a1975a0,2017,CT,2,NO3,14.223463293201563,29163.861732183195,0.4148111168357134,1,1,1,ISC,1,1,Bubbler,physical_event_point_total,median,median
PE_20fd7645e8886a1975a0,2017,CT,2,OP,0.7734859456388781,29163.861732183195,0.02255783717039921,1,1,1,ISC,1,1,Bubbler,physical_event_point_total,median,median
PE_20fd7645e8886a1975a0,2017,CT,2,TKN,3.2633150306672087,29163.861732183195,0.09517086834293363,1,1,1,ISC,1,1,Bubbler,physical_event_point_total,median,median
PE_20fd7645e8886a1975a0,2017,CT,2,TP,1.3727672159189446,29163.861732183195,0.040035193275534176,1,1,1,ISC,1,1,Bubbler,physical_event_point_total,median,median
PE_20fd7645e8886a1975a0,2017,CT,2,TSS,1232.9297162968057,29163.861732183195,35.9569917715799,2,2,1,ISC,1,1,Bubbler,physical_event_point_total,median,median
PE_283a79a4d7e1d99ea45c,2017,MT,1,NO3,14.089052011142487,15655.309216757074,0.22056846580540876,1,1,1,ISC,1,1,Bubbler,physical_event_point_total,median,median
PE_283a79a4d7e1d99ea45c,2017,MT,1,OP,0.665558235325127,15655.309216757074,0.010419519975774035,1,1,1,ISC,1,1,Bubbler,physical_event_point_total,median,median
PE_283a79a4d7e1d99ea45c,2017,MT,1,TKN,2.84596761196908,15655.309216757074,0.04455450298625166,1,1,1,ISC,1,1,Bubbler,physical_event_point_total,median,median
PE_283a79a4d7e1d99ea45c,2017,MT,1,TP,0.9162210094061638,15655.309216757074,0.014343723213142786,1,1,1,ISC,1,1,Bubbler,physical_event_point_total,median,median
PE_283a79a4d7e1d99ea45c,2017,MT,1,TSS,229.33830552224882,15655.309216757074,3.5903620881979115,2,2,1,ISC,1,1,Bubbler,physical_event_point_total,median,median
PE_31bb29072ce592a58136,2017,CT,2,NO3,15.646135833623177,19785.271785371457,0.30956304985907396,1,1,1,ISC,1,1,Bubbler,physical_event_point_total,median,median
PE_31bb29072ce592a58136,2017,CT,2,OP,0.6827227813909853,19785.271785371457,0.013507855783885386,1,1,1,ISC,1,1,Bubbler,physical_event_point_total,median,median
PE_31bb29072ce592a58136,2017,CT,2,TKN,4.502023306251536,19785.271785371457,0.08907375469826323,2,2,1,ISC,1,1,Bubbler,physical_event_point_total,median,median
PE_31bb29072ce592a58136,2017,CT,2,TP,1.6252836785193627,19785.271785371457,0.032156679307833884,2,2,1,ISC,1,1,Bubbler,physical_event_point_total,median,median
PE_31bb29072ce592a58136,2017,CT,2,TSS,1971.27170213094,19785.271785371457,39.00214638947246,2,2,1,ISC,1,1,Bubbler,physical_event_point_total,median,median
PE_3712d644db8e7505fd90,2017,MT,2,NO3,12.942772985883963,12945.090115049048,0.16754536264089034,2,2,1,ISC,1,1,Bubbler,physical_event_point_total,median,median
PE_3712d644db8e7505fd90,2017,MT,2,OP,0.7260186025587757,12945.090115049048,0.009398376235325332,2,2,1,ISC,1,1,Bubbler,physical_event_point_total,median,median
PE_3712d644db8e7505fd90,2017,MT,2,TKN,2.9882565730594433,12945.090115049048,0.03868325062514214,2,2,1,ISC,1,1,Bubbler,physical_event_point_total,median,median
PE_3712d644db8e7505fd90,2017,MT,2,TP,1.2080454663222848,12945.090115049048,0.015638257424618426,2,2,1,ISC,1,1,Bubbler,physical_event_point_total,median,median
PE_3712d644db8e7505fd90,2017,MT,2,TSS,363.0929737973542,12945.090115049048,4.700271265947893,2,2,1,ISC,1,1,Bubbler,physical_event_point_total,median,median
PE_44c3319c1ae4491d3b22,2017,MT,2,NO3,13.191969487178714,15229.515215179525,0.20090730002317225,1,1,1,ISC,1,1,Bubbler,physical_event_point_total,median,median
PE_44c3319c1ae4491d3b22,2017,MT,2,OP,0.6466729234592408,15229.515215179525,0.009848515127067132,1,1,1,ISC,1,1,Bubbler,physical_event_point_total,median,median
PE_44c3319c1ae4491d3b22,2017,MT,2,TKN,2.7330271636652803,15229.515215179525,0.04162267877253933,1,1,1,ISC,1,1,Bubbler,physical_event_point_total,median,median
PE_44c3319c1ae4491d3b22,2017,MT,2,TP,0.8922373821894274,15229.515215179525,0.013588342787605833,1,1,1,ISC,1,1,Bubbler,physical_event_point_total,median,median
PE_44c3319c1ae4491d3b22,2017,MT,2,TSS,245.6390290812351,15229.515215179525,3.7409633308345955,2,2,1,ISC,1,1,Bubbler,physical_event_point_total,median,median
PE_4998c6ec98ba5c91a95d,2017,ST,2,NO3,13.806752131559218,13203.066499562661,0.18229146653595488,3,3,1,ISC,1,1,Bubbler,physical_event_point_total,median,median
PE_4998c6ec98ba5c91a95d,2017,ST,2,OP,0.8223157608947977,13203.066499562661,0.010857089674732484,3,3,1,ISC,1,1,Bubbler,physical_event_point_total,median,median
PE_4998c6ec98ba5c91a95d,2017,ST,2,TKN,2.8313876935576223,13203.066499562661,0.037383000004084635,3,3,1,ISC,1,1,Bubbler,physical_event_point_total,median,median
PE_4998c6ec98ba5c91a95d,2017,ST,2,TP,1.0519625611364383,13203.066499562661,0.013889131649734645,3,3,1,ISC,1,1,Bubbler,physical_event_point_total,median,median
PE_4998c6ec98ba5c91a95d,2017,ST,2,TSS,308.65406198911495,13203.066499562661,4.075180105802421,3,3,1,ISC,1,1,Bubbler,physical_event_point_total,median,median
PE_4a45291481f1020c04f7,2017,CT,1,NO3,11.322283750070799,21838.459984739755,0.2472612406117903,2,2,1,ISC,1,1,Bubbler,physical_event_point_total,median,median
PE_4a45291481f1020c04f7,2017,CT,1,OP,0.704672449478855,21838.459984739755,0.015388961090292521,2,2,1,ISC,1,1,Bubbler,physical_event_point_total,median,median
PE_4a45291481f1020c04f7,2017,CT,1,TKN,2.5561903952916922,21838.459984739755,0.055823261660953714,2,2,1,ISC,1,1,Bubbler,physical_event_point_total,median,median
PE_4a45291481f1020c04f7,2017,CT,1,TP,1.3533772894143927,21838.459984739755,0.02955567577913177,2,2,1,ISC,1,1,Bubbler,physical_event_point_total,median,median
PE_4a45291481f1020c04f7,2017,CT,1,TSS,889.9095763779163,21838.459984739755,19.43425467376583,3,3,1,ISC,1,1,Bubbler,physical_event_point_total,median,median
PE_4d317db65fbb1df71b52,2017,ST,2,NO3,14.471438268453687,15337.37481169198,0.22195387278753698,3,3,1,ISC,1,1,Bubbler,physical_event_point_total,median,median
PE_4d317db65fbb1df71b52,2017,ST,2,OP,0.7286609176827639,15337.37481169198,0.011175745605131985,3,3,1,ISC,1,1,Bubbler,physical_event_point_total,median,median
PE_4d317db65fbb1df71b52,2017,ST,2,TKN,2.5935681566953295,15337.37481169198,0.03977852691890534,3,3,1,ISC,1,1,Bubbler,physical_event_point_total,median,median
PE_4d317db65fbb1df71b52,2017,ST,2,TP,0.9409108212909827,15337.37481169198,0.014431101930516731,3,3,1,ISC,1,1,Bubbler,physical_event_point_total,median,median
PE_4d317db65fbb1df71b52,2017,ST,2,TSS,269.4054039692144,15337.37481169198,4.131971656971131,3,3,1,ISC,1,1,Bubbler,physical_event_point_total,median,median
PE_531c541dd4a3fff82f15,2017,ST,1,NO3,12.480709825162172,17668.17609157665,0.22051137893883607,1,1,1,ISC,1,1,Bubbler,physical_event_point_total,median,median
PE_531c541dd4a3fff82f15,2017,ST,1,OP,0.5685764917659692,17668.17609157665,0.010045709578052026,1,1,1,ISC,1,1,Bubbler,physical_event_point_total,median,median
PE_531c541dd4a3fff82f15,2017,ST,1,TKN,2.441902881733132,17668.17609157665,0.04314397011298945,1,1,1,ISC,1,1,Bubbler,physical_event_point_total,median,median
PE_531c541dd4a3fff82f15,2017,ST,1,TP,0.8090740862698413,17668.17609157665,0.014294863427347034,1,1,1,ISC,1,1,Bubbler,physical_event_point_total,median,median
PE_531c541dd4a3fff82f15,2017,ST,1,TSS,175.38029662679986,17668.17609157665,3.0986499637952463,2,2,1,ISC,1,1,Bubbler,physical_event_point_total,median,median
PE_568f0b5ec6deda07b9f9,2017,ST,1,NO3,11.087756491608687,14868.71350931769,0.16486067473480698,1,1,1,ISC,1,1,Bubbler,physical_event_point_total,median,median
PE_568f0b5ec6deda07b9f9,2017,ST,1,OP,0.7528130154953376,14868.71350931769,0.011193361053485715,1,1,1,ISC,1,1,Bubbler,physical_event_point_total,median,median
PE_568f0b5ec6deda07b9f9,2017,ST,1,TKN,1.6445172012692741,14868.71350931769,0.024451855126817773,1,1,1,ISC,1,1,Bubbler,physical_event_point_total,median,median
PE_568f0b5ec6deda07b9f9,2017,ST,1,TP,0.9380176662341317,14868.71350931769,0.013947115945914086,1,1,1,ISC,1,1,Bubbler,physical_event_point_total,median,median
PE_568f0b5ec6deda07b9f9,2017,ST,1,TSS,141.22486384095492,14868.71350931769,2.0998320408435576,2,2,1,ISC,1,1,Bubbler,physical_event_point_total,median,median
PE_5f5cdcb0357234b8314a,2017,MT,1,NO3,14.674640747569676,14626.257179988012,0.2146350695978856,2,2,1,ISC,1,1,Bubbler,physical_event_point_total,median,median
PE_5f5cdcb0357234b8314a,2017,MT,1,OP,0.7427686922017995,14626.257179988012,0.010863925917386877,2,2,1,ISC,1,1,Bubbler,physical_event_point_total,median,median
PE_5f5cdcb0357234b8314a,2017,MT,1,TKN,2.4953384168455477,14626.257179988012,0.03649746143588711,2,2,1,ISC,1,1,Bubbler,physical_event_point_total,median,median
PE_5f5cdcb0357234b8314a,2017,MT,1,TP,1.1036920675934887,14626.257179988012,0.016142884028135077,2,2,1,ISC,1,1,Bubbler,physical_event_point_total,median,median
PE_5f5cdcb0357234b8314a,2017,MT,1,TSS,241.00509383788403,14626.257179988012,3.525002484160036,2,2,1,ISC,1,1,Bubbler,physical_event_point_total,median,median
PE_6ca81f85570cae0e0d9c,2017,ST,1,NO3,15.901488731713428,19401.17204475009,0.3085075186516271,1,1,1,ISC,1,1,Bubbler,physical_event_point_total,median,median
PE_6ca81f85570cae0e0d9c,2017,ST,1,OP,0.7646337674063322,19401.17204475009,0.014834791272675674,1,1,1,ISC,1,1,Bubbler,physical_event_point_total,median,median
PE_6ca81f85570cae0e0d9c,2017,ST,1,TKN,3.791138107069536,19401.17204475009,0.07355252266066425,2,2,1,ISC,1,1,Bubbler,physical_event_point_total,median,median
PE_6ca81f85570cae0e0d9c,2017,ST,1,TP,1.3214802959747132,19401.17204475009,0.025638266575952678,2,2,1,ISC,1,1,Bubbler,physical_event_point_total,median,median
PE_6ca81f85570cae0e0d9c,2017,ST,1,TSS,420.60148514015236,19401.17204475009,8.160161775481495,2,2,1,ISC,1,1,Bubbler,physical_event_point_total,median,median
PE_72973ed7fd2fafa39b49,2017,MT,1,NO3,14.280230607630267,15325.52193611712,0.2188519874300488,1,1,1,ISC,1,1,Bubbler,physical_event_point_total,median,median
PE_72973ed7fd2fafa39b49,2017,MT,1,OP,0.7057756104678048,15325.52193611712,0.010816379600200795,1,1,1,ISC,1,1,Bubbler,physical_event_point_total,median,median
PE_72973ed7fd2fafa39b49,2017,MT,1,TKN,1.9767941212414493,15325.52193611712,0.030295401668273197,1,1,1,ISC,1,1,Bubbler,physical_event_point_total,median,median
PE_72973ed7fd2fafa39b49,2017,MT,1,TP,0.8155430956624246,15325.52193611712,0.012498623602423351,1,1,1,ISC,1,1,Bubbler,physical_event_point_total,median,median
PE_72973ed7fd2fafa39b49,2017,MT,1,TSS,182.40984591627807,15325.52193611712,2.7955260949536638,2,2,1,ISC,1,1,Bubbler,physical_event_point_total,median,median
PE_7563047765a1e3f047e6,2017,MT,2,NO3,16.795562149728735,13567.9691776668,0.22788166956910663,1,1,1,ISC,1,1,Bubbler,physical_event_point_total,median,median
PE_7563047765a1e3f047e6,2017,MT,2,OP,0.8608290231544504,13567.9691776668,0.011679701653400603,1,1,1,ISC,1,1,Bubbler,physical_event_point_total,median,median
PE_7563047765a1e3f047e6,2017,MT,2,TKN,4.055459497823272,13567.9691776668,0.05502434946774224,1,1,1,ISC,1,1,Bubbler,physical_event_point_total,median,median
PE_7563047765a1e3f047e6,2017,MT,2,TP,1.5634522492707554,13567.9691776668,0.021212871928859442,2,2,1,ISC,1,1,Bubbler,physical_event_point_total,median,median
PE_7563047765a1e3f047e6,2017,MT,2,TSS,536.7971313771386,13567.9691776668,7.283246933184973,2,2,1,ISC,1,1,Bubbler,physical_event_point_total,median,median
PE_8b4c5aba46522be8a6ae,2017,ST,1,NO3,14.200943569679714,15904.359124236886,0.2258569064352087,1,1,1,ISC,1,1,Bubbler,physical_event_point_total,median,median
PE_8b4c5aba46522be8a6ae,2017,ST,1,OP,0.6245470693393744,15904.359124236886,0.009933020880763086,1,1,1,ISC,1,1,Bubbler,physical_event_point_total,median,median
PE_8b4c5aba46522be8a6ae,2017,ST,1,TKN,1.8425138120560316,15904.359124236886,0.029304001358305833,1,1,1,ISC,1,1,Bubbler,physical_event_point_total,median,median
PE_8b4c5aba46522be8a6ae,2017,ST,1,TP,0.7247998300353751,15904.359124236886,0.011527476790068462,1,1,1,ISC,1,1,Bubbler,physical_event_point_total,median,median
PE_8b4c5aba46522be8a6ae,2017,ST,1,TSS,154.47109585417826,15904.359124236886,2.4567637827792708,2,2,1,ISC,1,1,Bubbler,physical_event_point_total,median,median
PE_9be29822841d41a56b41,2017,ST,1,NO3,13.31373290128529,15260.641733924327,0.2031761079476757,2,2,1,ISC,1,1,Bubbler,physical_event_point_total,median,median
PE_9be29822841d41a56b41,2017,ST,1,OP,0.7454902046773744,15260.641733924327,0.011376658929731328,2,2,1,ISC,1,1,Bubbler,physical_event_point_total,median,median
PE_9be29822841d41a56b41,2017,ST,1,TKN,2.8439613053256787,15260.641733924327,0.04340067458571896,2,2,1,ISC,1,1,Bubbler,physical_event_point_total,median,median
PE_9be29822841d41a56b41,2017,ST,1,TP,1.086014584989505,15260.641733924327,0.01657327949934135,2,2,1,ISC,1,1,Bubbler,physical_event_point_total,median,median
PE_9be29822841d41a56b41,2017,ST,1,TSS,264.34946810014674,15260.641733924327,4.034142525229797,2,2,1,ISC,1,1,Bubbler,physical_event_point_total,median,median
PE_a249f721c9cded6ed477,2017,CT,1,NO3,16.35993255030225,19170.234470279232,0.3136237429072474,2,2,1,ISC,1,1,Bubbler,physical_event_point_total,median,median
PE_a249f721c9cded6ed477,2017,CT,1,OP,0.6712754388222045,19170.234470279232,0.012868507556361243,2,2,1,ISC,1,1,Bubbler,physical_event_point_total,median,median
PE_a249f721c9cded6ed477,2017,CT,1,TKN,3.903276091124753,19170.234470279232,0.07482671786909652,3,3,1,ISC,1,1,Bubbler,physical_event_point_total,median,median
PE_a249f721c9cded6ed477,2017,CT,1,TP,1.4075568961876606,19170.234470279232,0.02698319573017594,3,3,1,ISC,1,1,Bubbler,physical_event_point_total,median,median
PE_a249f721c9cded6ed477,2017,CT,1,TSS,1515.8684033205766,19170.234470279232,29.05955271774326,3,3,1,ISC,1,1,Bubbler,physical_event_point_total,median,median
PE_a86f0dd73b63a18791b9,2017,CT,1,NO3,14.697416840143685,20302.965380051373,0.29840114528162126,3,3,1,ISC,1,1,Bubbler,physical_event_point_total,median,median
PE_a86f0dd73b63a18791b9,2017,CT,1,OP,0.8654273948844626,20302.965380051373,0.017570742437287297,3,3,1,ISC,1,1,Bubbler,physical_event_point_total,median,median
PE_a86f0dd73b63a18791b9,2017,CT,1,TKN,3.7698026790005823,20302.965380051373,0.07653817328137374,3,3,1,ISC,1,1,Bubbler,physical_event_point_total,median,median
PE_a86f0dd73b63a18791b9,2017,CT,1,TP,1.7937167659710576,20302.965380051373,0.03641776940112809,3,3,1,ISC,1,1,Bubbler,physical_event_point_total,median,median
PE_a86f0dd73b63a18791b9,2017,CT,1,TSS,1711.6461072541315,20302.965380051373,34.75149165848033,3,3,1,ISC,1,1,Bubbler,physical_event_point_total,median,median
PE_ae6e7b1bd3de16ea6d0f,2017,MT,2,NO3,13.807701062938435,16323.560202476452,0.22539083955867364,1,1,1,ISC,1,1,Bubbler,physical_event_point_total,median,median
PE_ae6e7b1bd3de16ea6d0f,2017,MT,2,OP,0.7236602476042242,16323.560202476452,0.011812711617906568,1,1,1,ISC,1,1,Bubbler,physical_event_point_total,median,median
PE_ae6e7b1bd3de16ea6d0f,2017,MT,2,TKN,1.9172124929568568,16323.560202476452,0.03129573354972121,1,1,1,ISC,1,1,Bubbler,physical_event_point_total,median,median
PE_ae6e7b1bd3de16ea6d0f,2017,MT,2,TP,0.7622675959013796,16323.560202476452,0.012442920992093163,1,1,1,ISC,1,1,Bubbler,physical_event_point_total,median,median
PE_ae6e7b1bd3de16ea6d0f,2017,MT,2,TSS,214.40039534582797,16323.560202476452,3.4997777608623752,2,2,1,ISC,1,1,Bubbler,physical_event_point_total,median,median
PE_c0e9a65e116d987d3dfe,2017,CT,1,NO3,13.861226042867148,26453.82520857799,0.36668245091459667,2,2,1,ISC,1,1,Bubbler,physical_event_point_total,median,median
PE_c0e9a65e116d987d3dfe,2017,CT,1,OP,0.6938779000610945,26453.82520857799,0.018355724684311344,2,2,1,ISC,1,1,Bubbler,physical_event_point_total,median,median
PE_c0e9a65e116d987d3dfe,2017,CT,1,TKN,2.9266295013027754,26453.82520857799,0.07742054527773139,2,2,1,ISC,1,1,Bubbler,physical_event_point_total,median,median
PE_c0e9a65e116d987d3dfe,2017,CT,1,TP,1.2132067041552221,26453.82520857799,0.03209395809359723,2,2,1,ISC,1,1,Bubbler,physical_event_point_total,median,median
PE_c0e9a65e116d987d3dfe,2017,CT,1,TSS,858.4904491308253,26453.82520857799,22.710356284540467,3,3,1,ISC,1,1,Bubbler,physical_event_point_total,median,median
PE_c67a9e43f22b05bb8d70,2017,CT,2,NO3,13.771568804462081,20058.007861847447,0.2762302353498735,2,2,1,ISC,1,1,Bubbler,physical_event_point_total,median,median
PE_c67a9e43f22b05bb8d70,2017,CT,2,OP,0.8449325550292488,20058.007861847447,0.01694766383150752,2,2,1,ISC,1,1,Bubbler,physical_event_point_total,median,median
PE_c67a9e43f22b05bb8d70,2017,CT,2,TKN,3.847588159373047,20058.007861847447,0.07717495354985572,2,2,1,ISC,1,1,Bubbler,physical_event_point_total,median,median
PE_c67a9e43f22b05bb8d70,2017,CT,2,TP,1.656221474227979,20058.007861847447,0.033220503351025374,2,2,1,ISC,1,1,Bubbler,physical_event_point_total,median,median
PE_c67a9e43f22b05bb8d70,2017,CT,2,TSS,2069.4841192784834,20058.007861847447,41.50972873445625,2,2,1,ISC,1,1,Bubbler,physical_event_point_total,median,median
PE_c6a22d9daf9658c76f8d,2017,CT,1,NO3,13.44488913779538,25334.05369165223,0.34061354329522003,2,2,1,ISC,1,1,Bubbler,physical_event_point_total,median,median
PE_c6a22d9daf9658c76f8d,2017,CT,1,OP,0.6388869336831163,25334.05369165223,0.016185595880823127,2,2,1,ISC,1,1,Bubbler,physical_event_point_total,median,median
PE_c6a22d9daf9658c76f8d,2017,CT,1,TKN,3.3841754529865633,25334.05369165223,0.08573488262793309,2,2,1,ISC,1,1,Bubbler,physical_event_point_total,median,median
PE_c6a22d9daf9658c76f8d,2017,CT,1,TP,1.2824075080526334,25334.05369165223,0.03248858066358335,2,2,1,ISC,1,1,Bubbler,physical_event_point_total,median,median
PE_c6a22d9daf9658c76f8d,2017,CT,1,TSS,990.3384986689351,25334.05369165223,25.089288698189062,3,3,1,ISC,1,1,Bubbler,physical_event_point_total,median,median
PE_c7e10f3a52f813c6a07a,2017,CT,2,NO3,15.723133892261185,22537.307247616252,0.35435709942529875,2,2,1,ISC,1,1,Bubbler,physical_event_point_total,median,median
PE_c7e10f3a52f813c6a07a,2017,CT,2,OP,0.8017598749877851,22537.307247616252,0.01806950864141011,2,2,1,ISC,1,1,Bubbler,physical_event_point_total,median,median
PE_c7e10f3a52f813c6a07a,2017,CT,2,TKN,3.3280855766415454,22537.307247616252,0.07500608718713062,2,2,1,ISC,1,1,Bubbler,physical_event_point_total,median,median
PE_c7e10f3a52f813c6a07a,2017,CT,2,TP,1.4626447934718556,22537.307247616252,0.03296407510460143,2,2,1,ISC,1,1,Bubbler,physical_event_point_total,median,median
PE_c7e10f3a52f813c6a07a,2017,CT,2,TSS,1656.8990042796713,22537.307247616252,37.34204193772039,2,2,1,ISC,1,1,Bubbler,physical_event_point_total,median,median
PE_c9e73ef1dabab1e96c37,2017,MT,1,NO3,16.154671643973305,13406.478535173208,0.2165772586376994,1,1,1,ISC,1,1,Bubbler,physical_event_point_total,median,median
PE_c9e73ef1dabab1e96c37,2017,MT,1,OP,0.7667642175451195,13406.478535173208,0.010279608024057524,1,1,1,ISC,1,1,Bubbler,physical_event_point_total,median,median
PE_c9e73ef1dabab1e96c37,2017,MT,1,TKN,3.6926515000323907,13406.478535173208,0.0495054530730594,2,2,1,ISC,1,1,Bubbler,physical_event_point_total,median,median
PE_c9e73ef1dabab1e96c37,2017,MT,1,TP,1.4216582765271084,13406.478535173208,0.019059431168612015,2,2,1,ISC,1,1,Bubbler,physical_event_point_total,median,median
PE_c9e73ef1dabab1e96c37,2017,MT,1,TSS,436.38027580314764,13406.478535173208,5.850322800727863,2,2,1,ISC,1,1,Bubbler,physical_event_point_total,median,median
PE_dd2eb9cbf33aadc76796,2017,ST,2,NO3,13.461023552743121,15759.045323924012,0.21213288027408747,2,2,1,ISC,1,1,Bubbler,physical_event_point_total,median,median
PE_dd2eb9cbf33aadc76796,2017,ST,2,OP,0.6404441914759367,15759.045323924012,0.010092789040913154,2,2,1,ISC,1,1,Bubbler,physical_event_point_total,median,median
PE_dd2eb9cbf33aadc76796,2017,ST,2,TKN,2.618261108521956,15759.045323924012,0.04126129547906503,2,2,1,ISC,1,1,Bubbler,physical_event_point_total,median,median
PE_dd2eb9cbf33aadc76796,2017,ST,2,TP,0.7662265019722727,15759.045323924012,0.012074998172972798,2,2,1,ISC,1,1,Bubbler,physical_event_point_total,median,median
PE_dd2eb9cbf33aadc76796,2017,ST,2,TSS,204.2515023727267,15759.045323924012,3.218808683371373,3,3,1,ISC,1,1,Bubbler,physical_event_point_total,median,median
PE_df9fe3439780c58ef619,2017,MT,2,NO3,14.131203837277923,14576.781107378218,0.2059874651197434,2,2,1,ISC,1,1,Bubbler,physical_event_point_total,median,median
PE_df9fe3439780c58ef619,2017,MT,2,OP,0.7018162011087091,14576.781107378218,0.010230221141173383,2,2,1,ISC,1,1,Bubbler,physical_event_point_total,median,median
PE_df9fe3439780c58ef619,2017,MT,2,TKN,2.468757296830529,14576.781107378218,0.035986534723141374,2,2,1,ISC,1,1,Bubbler,physical_event_point_total,median,median
PE_df9fe3439780c58ef619,2017,MT,2,TP,1.0414153791211682,14576.781107378218,0.01518048402330657,2,2,1,ISC,1,1,Bubbler,physical_event_point_total,median,median
PE_df9fe3439780c58ef619,2017,MT,2,TSS,271.7338607839043,14576.781107378218,3.9610050081097588,2,2,1,ISC,1,1,Bubbler,physical_event_point_total,median,median
PE_e8e143ce24098f6b3f6d,2017,ST,2,NO3,16.75838544016454,17299.99970727917,0.289920063209318,2,2,1,ISC,1,1,Bubbler,physical_event_point_total,median,median
PE_e8e143ce24098f6b3f6d,2017,ST,2,OP,0.8640398574514481,17299.99970727917,0.014947889280987586,2,2,1,ISC,1,1,Bubbler,physical_event_point_total,median,median
PE_e8e143ce24098f6b3f6d,2017,ST,2,TKN,3.8403890859735137,17299.99970727917,0.06643873006317991,3,3,1,ISC,1,1,Bubbler,physical_event_point_total,median,median
PE_e8e143ce24098f6b3f6d,2017,ST,2,TP,1.2480491340125615,17299.99970727917,0.021591249653087338,3,3,1,ISC,1,1,Bubbler,physical_event_point_total,median,median
PE_e8e143ce24098f6b3f6d,2017,ST,2,TSS,469.34468422464806,17299.99970727917,8.119662899699446,3,3,1,ISC,1,1,Bubbler,physical_event_point_total,median,median
PE_f0acae9004db30c9f89b,2017,CT,2,NO3,13.868696710816566,25121.62741489206,0.3484042314992728,1,1,1,ISC,1,1,Bubbler,physical_event_point_total,median,median
PE_f0acae9004db30c9f89b,2017,CT,2,OP,0.6974088136378112,25121.62741489206,0.017520044372070984,1,1,1,ISC,1,1,Bubbler,physical_event_point_total,median,median
PE_f0acae9004db30c9f89b,2017,CT,2,TKN,3.622633903483302,25121.62741489206,0.09100645918386355,1,1,1,ISC,1,1,Bubbler,physical_event_point_total,median,median
PE_f0acae9004db30c9f89b,2017,CT,2,TP,1.3543871126571014,25121.62741489206,0.03402440841970314,1,1,1,ISC,1,1,Bubbler,physical_event_point_total,median,median
PE_f0acae9004db30c9f89b,2017,CT,2,TSS,1184.1847486269794,25121.62741489206,29.748648045404586,2,2,1,ISC,1,1,Bubbler,physical_event_point_total,median,median
PE_fa68bde0c7a186695c73,2017,MT,1,NO3,11.827010311556245,12903.889302777154,0.15261443184312573,1,1,1,ISC,1,1,Bubbler,physical_event_point_total,median,median
PE_fa68bde0c7a186695c73,2017,MT,1,OP,0.7610126345499606,12903.889302777154,0.009820022794247495,1,1,1,ISC,1,1,Bubbler,physical_event_point_total,median,median
PE_fa68bde0c7a186695c73,2017,MT,1,TKN,1.7322465430117018,12903.889302777154,0.0223527176361414,1,1,1,ISC,1,1,Bubbler,physical_event_point_total,median,median
PE_fa68bde0c7a186695c73,2017,MT,1,TP,0.9968210857825079,12903.889302777154,0.012862868945611611,1,1,1,ISC,1,1,Bubbler,physical_event_point_total,median,median
PE_fa68bde0c7a186695c73,2017,MT,1,TSS,176.43052859934107,12903.889302777154,2.2766400106763562,2,2,1,ISC,1,1,Bubbler,physical_event_point_total,median,median
PE_fae3faa31fd03c716eb2,2017,ST,2,NO3,10.904110667674928,14549.593936805491,0.15865038245665922,2,2,1,ISC,1,1,Bubbler,physical_event_point_total,median,median
PE_fae3faa31fd03c716eb2,2017,ST,2,OP,0.79838537498222,14549.593936805491,0.011616183011075485,2,2,1,ISC,1,1,Bubbler,physical_event_point_total,median,median
PE_fae3faa31fd03c716eb2,2017,ST,2,TKN,1.6402431562223025,14549.593936805491,0.023864871880658715,2,2,1,ISC,1,1,Bubbler,physical_event_point_total,median,median
PE_fae3faa31fd03c716eb2,2017,ST,2,TP,0.8865874362388312,14549.593936805491,0.012899487186748423,2,2,1,ISC,1,1,Bubbler,physical_event_point_total,median,median
PE_fae3faa31fd03c716eb2,2017,ST,2,TSS,171.58460447271034,14549.593936805491,2.4964863208853147,3,3,1,ISC,1,1,Bubbler,physical_event_point_total,median,median
PE_0b902961f965469f339e,2020,ST,1,NO3,6.985036053620977,7850.52344276866,0.054836189287535766,2,2,1,ISC,1,1,Bubbler,physical_event_point_total,median,median
PE_0b902961f965469f339e,2020,ST,1,OP,0.0,7850.52344276866,0.0,2,2,1,ISC,1,1,Bubbler,physical_event_point_total,median,median
PE_0b902961f965469f339e,2020,ST,1,Se,0.009025487738965539,7850.52344276866,7.085480307717008e-05,2,2,1,ISC,1,1,Bubbler,physical_event_point_total,median,median
PE_0b902961f965469f339e,2020,ST,1,TKN,0.32189964237746826,7850.52344276866,0.0025270806887031628,2,2,1,ISC,1,1,Bubbler,physical_event_point_total,median,median
PE_0b902961f965469f339e,2020,ST,1,TP,0.2767803390257382,7850.52344276866,0.002172870540019015,2,2,1,ISC,1,1,Bubbler,physical_event_point_total,median,median
PE_0b902961f965469f339e,2020,ST,1,TSS,162.4206457507642,7850.52344276866,1.2750870870559985,2,2,1,ISC,1,1,Bubbler,physical_event_point_total,median,median
PE_49fb6cd53fdd5e458f64,2020,ST,1,NO3,6.716090012136421,4763.050217993008,0.031989073996367044,2,2,1,ISC,1,1,Bubbler,physical_event_point_total,median,median
PE_49fb6cd53fdd5e458f64,2020,ST,1,OP,0.0,4763.050217993008,0.0,2,2,1,ISC,1,1,Bubbler,physical_event_point_total,median,median
PE_49fb6cd53fdd5e458f64,2020,ST,1,Se,0.0,4763.050217993008,0.0,2,2,1,ISC,1,1,Bubbler,physical_event_point_total,median,median
PE_49fb6cd53fdd5e458f64,2020,ST,1,TKN,0.3602105546489034,4763.050217993008,0.0017157009608438417,2,2,1,ISC,1,1,Bubbler,physical_event_point_total,median,median
PE_49fb6cd53fdd5e458f64,2020,ST,1,TP,0.2512417729512304,4763.050217993008,0.0011966771814243078,2,2,1,ISC,1,1,Bubbler,physical_event_point_total,median,median
PE_49fb6cd53fdd5e458f64,2020,ST,1,TSS,126.68998523938893,4763.050217993008,0.6034307618120024,2,2,1,ISC,1,1,Bubbler,physical_event_point_total,median,median
PE_5cea09f5406d83c18d64,2020,CT,2,NO3,7.188253492013844,18798.935177659227,0.13513151143695082,1,1,1,ISC,1,1,Bubbler,physical_event_point_total,median,median
PE_5cea09f5406d83c18d64,2020,CT,2,OP,0.0,18798.935177659227,0.0,1,1,1,ISC,1,1,Bubbler,physical_event_point_total,median,median
PE_5cea09f5406d83c18d64,2020,CT,2,Se,0.0,18798.935177659227,0.0,1,1,1,ISC,1,1,Bubbler,physical_event_point_total,median,median
PE_5cea09f5406d83c18d64,2020,CT,2,TKN,2.568680341691099,18798.935177659227,0.04828845523557853,1,1,1,ISC,1,1,Bubbler,physical_event_point_total,median,median
PE_5cea09f5406d83c18d64,2020,CT,2,TP,0.7777243732815515,18798.935177659227,0.014620390079405535,1,1,1,ISC,1,1,Bubbler,physical_event_point_total,median,median
PE_5cea09f5406d83c18d64,2020,CT,2,TSS,288.7156876528609,18798.935177659227,5.42754749695944,1,1,1,ISC,1,1,Bubbler,physical_event_point_total,median,median
PE_5ff3d0ad9d787e19a7ca,2020,ST,1,NO3,6.618734601000153,5449.965185900461,0.036071873150165606,2,2,1,ISC,1,1,Bubbler,physical_event_point_total,median,median
PE_5ff3d0ad9d787e19a7ca,2020,ST,1,OP,0.0,5449.965185900461,0.0,2,2,1,ISC,1,1,Bubbler,physical_event_point_total,median,median
PE_5ff3d0ad9d787e19a7ca,2020,ST,1,Se,0.10217640107879003,5449.965185900461,0.0005568578287000079,2,2,1,ISC,1,1,Bubbler,physical_event_point_total,median,median
PE_5ff3d0ad9d787e19a7ca,2020,ST,1,TKN,0.7520366453291668,5449.965185900461,0.004098573535565331,2,2,1,ISC,1,1,Bubbler,physical_event_point_total,median,median
PE_5ff3d0ad9d787e19a7ca,2020,ST,1,TP,0.6712383785696266,5449.965185900461,0.003658225794644739,2,2,1,ISC,1,1,Bubbler,physical_event_point_total,median,median
PE_5ff3d0ad9d787e19a7ca,2020,ST,1,TSS,299.75478826332153,5449.965185900461,1.6336531603420663,2,2,1,ISC,1,1,Bubbler,physical_event_point_total,median,median
PE_875be1f39b86704274b0,2020,ST,1,NO3,7.1519384336734095,7997.559238374044,0.057198051292507164,1,1,1,ISC,1,1,Bubbler,physical_event_point_total,median,median
PE_875be1f39b86704274b0,2020,ST,1,OP,0.0,7997.559238374044,0.0,1,1,1,ISC,1,1,Bubbler,physical_event_point_total,median,median
PE_875be1f39b86704274b0,2020,ST,1,Se,0.08236499139665047,7997.559238374044,0.0006587188978628807,1,1,1,ISC,1,1,Bubbler,physical_event_point_total,median,median
PE_875be1f39b86704274b0,2020,ST,1,TKN,0.5013355816728793,7997.559238374044,0.0040094610127335605,1,1,1,ISC,1,1,Bubbler,physical_event_point_total,median,median
PE_875be1f39b86704274b0,2020,ST,1,TP,0.6043501143947603,7997.559238374044,0.004833325840590225,1,1,1,ISC,1,1,Bubbler,physical_event_point_total,median,median
PE_875be1f39b86704274b0,2020,ST,1,TSS,213.51989214141273,7997.559238374044,1.7076379859721846,1,1,1,ISC,1,1,Bubbler,physical_event_point_total,median,median
PE_e92a1d87a3645647bd4e,2020,ST,1,NO3,7.165815524519997,7839.674099214856,0.05617765836733114,2,2,1,ISC,1,1,Bubbler,physical_event_point_total,median,median
PE_e92a1d87a3645647bd4e,2020,ST,1,OP,0.0,7839.674099214856,0.0,2,2,1,ISC,1,1,Bubbler,physical_event_point_total,median,median
PE_e92a1d87a3645647bd4e,2020,ST,1,Se,0.03926859231544792,7839.674099214856,0.00030785296608804464,2,2,1,ISC,1,1,Bubbler,physical_event_point_total,median,median
PE_e92a1d87a3645647bd4e,2020,ST,1,TKN,0.43794702564510746,7839.674099214856,0.003433361953778133,2,2,1,ISC,1,1,Bubbler,physical_event_point_total,median,median
PE_e92a1d87a3645647bd4e,2020,ST,1,TP,0.22041661847383234,7839.674099214856,0.0017279944548858261,2,2,1,ISC,1,1,Bubbler,physical_event_point_total,median,median
PE_e92a1d87a3645647bd4e,2020,ST,1,TSS,129.51701962932364,7839.674099214856,1.0153712241955106,2,2,1,ISC,1,1,Bubbler,physical_event_point_total,median,median
PE_ee23dd5347fd2acef254,2020,ST,2,NO3,6.780113483698482,6417.004291016707,0.043508017318473396,1,1,1,ISC,1,1,Bubbler,physical_event_point_total,median,median
PE_ee23dd5347fd2acef254,2020,ST,2,OP,0.0,6417.004291016707,0.0,1,1,1,ISC,1,1,Bubbler,physical_event_point_total,median,median
PE_ee23dd5347fd2acef254,2020,ST,2,Se,0.0034385013908724434,6417.004291016707,2.2064878179895384e-05,1,1,1,ISC,1,1,Bubbler,physical_event_point_total,median,median
PE_ee23dd5347fd2acef254,2020,ST,2,TKN,0.5432675662563229,6417.004291016707,0.003486150303837027,1,1,1,ISC,1,1,Bubbler,physical_event_point_total,median,median
PE_ee23dd5347fd2acef254,2020,ST,2,TP,0.5275598504942283,6417.004291016707,0.003385353824389595,1,1,1,ISC,1,1,Bubbler,physical_event_point_total,median,median
PE_ee23dd5347fd2acef254,2020,ST,2,TSS,279.3417253176045,6417.004291016707,1.7925370500230784,1,1,1,ISC,1,1,Bubbler,physical_event_point_total,median,median
PE_f112cb116ff39b0745d1,2020,CT,1,NO3,8.021531899841019,17367.05180872068,0.13931036008984463,1,1,1,ISC,1,1,Bubbler,physical_event_point_total,median,median
PE_f112cb116ff39b0745d1,2020,CT,1,OP,0.0,17367.05180872068,0.0,1,1,1,ISC,1,1,Bubbler,physical_event_point_total,median,median
PE_f112cb116ff39b0745d1,2020,CT,1,Se,0.042274418386539114,17367.05180872068,0.0007341820143025588,1,1,1,ISC,1,1,Bubbler,physical_event_point_total,median,median
PE_f112cb116ff39b0745d1,2020,CT,1,TKN,2.5146214479440063,17367.05180872068,0.043671560965763766,1,1,1,ISC,1,1,Bubbler,physical_event_point_total,median,median
PE_f112cb116ff39b0745d1,2020,CT,1,TP,0.9070006076793997,17367.05180872068,0.015751926544109274,1,1,1,ISC,1,1,Bubbler,physical_event_point_total,median,median
PE_f112cb116ff39b0745d1,2020,CT,1,TSS,264.3204120251386,17367.05180872068,4.590466289742978,1,1,1,ISC,1,1,Bubbler,physical_event_point_total,median,median
PE_fc822425df54345742cb,2020,ST,1,NO3,7.158825686568256,8040.2846721298765,0.05755899643816439,2,2,1,ISC,1,1,Bubbler,physical_event_point_total,median,median
PE_fc822425df54345742cb,2020,ST,1,OP,0.0,8040.2846721298765,0.0,2,2,1,ISC,1,1,Bubbler,physical_event_point_total,median,median
PE_fc822425df54345742cb,2020,ST,1,Se,0.009150345643911113,8040.2846721298765,7.357138382542891e-05,2,2,1,ISC,1,1,Bubbler,physical_event_point_total,median,median
PE_fc822425df54345742cb,2020,ST,1,TKN,1.2599189692944146,8040.2846721298765,0.010130107176943555,2,2,1,ISC,1,1,Bubbler,physical_event_point_total,median,median
PE_fc822425df54345742cb,2020,ST,1,TP,0.5740866241261563,8040.2846721298765,0.00461581988443632,2,2,1,ISC,1,1,Bubbler,physical_event_point_total,median,median
PE_1a4143d14585d70064a4,2021,ST,2,NO3,8.176875264818548,12656.328549085723,0.10348921985643589,2,2,1,GB,1,1,Ruler,physical_event_point_total,median,median
PE_1a4143d14585d70064a4,2021,ST,2,OP,0.0826055566098489,12656.328549085723,0.0010454830644343477,2,2,1,GB,1,1,Ruler,physical_event_point_total,median,median
PE_1a4143d14585d70064a4,2021,ST,2,Se,0.1035706814345812,12656.328549085723,0.0013108245722887528,2,2,1,GB,1,1,Ruler,physical_event_point_total,median,median
PE_1a4143d14585d70064a4,2021,ST,2,TKN,1.3938372670453258,12656.328549085723,0.017640862395685377,2,2,1,GB,1,1,Ruler,physical_event_point_total,median,median
PE_1a4143d14585d70064a4,2021,ST,2,TP,0.6951071084155553,12656.328549085723,0.008797503940912218,2,2,1,GB,1,1,Ruler,physical_event_point_total,median,median
PE_1a4143d14585d70064a4,2021,ST,2,TSS,426.7093566205764,12656.328549085723,5.400573812359003,2,2,1,GB,1,1,Ruler,physical_event_point_total,median,median
PE_21eb97240c4e244d59c9,2021,CT,1,NO3,8.256358828678527,17474.27483700914,0.14427388332529545,2,2,1,GB,1,1,Ruler,physical_event_point_total,median,median
PE_21eb97240c4e244d59c9,2021,CT,1,OP,0.02723374224716749,17474.27483700914,0.0004758898968672716,2,2,1,GB,1,1,Ruler,physical_event_point_total,median,median
PE_21eb97240c4e244d59c9,2021,CT,1,Se,0.07890203525591985,17474.27483700914,0.001378755849261328,2,2,1,GB,1,1,Ruler,physical_event_point_total,median,median
PE_21eb97240c4e244d59c9,2021,CT,1,TKN,1.9214525261116435,17474.27483700914,0.03357598952754034,2,2,1,GB,1,1,Ruler,physical_event_point_total,median,median
PE_21eb97240c4e244d59c9,2021,CT,1,TP,0.7936444722553341,17474.27483700914,0.013868361631062783,2,2,1,GB,1,1,Ruler,physical_event_point_total,median,median
PE_21eb97240c4e244d59c9,2021,CT,1,TSS,863.6968141569932,17474.27483700914,15.092475506428507,2,2,1,GB,1,1,Ruler,physical_event_point_total,median,median
PE_33074ef569f8079ca2c5,2021,CT,1,NO3,7.99052175726016,8788.65024400845,0.07022590099169933,2,2,1,GB,1,1,Ruler,physical_event_point_total,median,median
PE_33074ef569f8079ca2c5,2021,CT,1,OP,0.1816028124286329,8788.65024400845,0.0015960436017635254,2,2,1,GB,1,1,Ruler,physical_event_point_total,median,median
PE_33074ef569f8079ca2c5,2021,CT,1,Se,0.09978698207764547,8788.65024400845,0.0008769928843855656,2,2,1,GB,1,1,Ruler,physical_event_point_total,median,median
PE_33074ef569f8079ca2c5,2021,CT,1,TKN,2.281763545709592,8788.65024400845,0.02005362174277019,2,2,1,GB,1,1,Ruler,physical_event_point_total,median,median
PE_33074ef569f8079ca2c5,2021,CT,1,TP,1.0487032668642615,8788.65024400845,0.00921668622221905,2,2,1,GB,1,1,Ruler,physical_event_point_total,median,median
PE_33074ef569f8079ca2c5,2021,CT,1,TSS,597.6661177949027,8788.65024400845,5.252678471993755,2,2,1,GB,1,1,Ruler,physical_event_point_total,median,median
PE_3b0275b6f31aa3c48b11,2021,MT,1,NO3,8.52258321121631,18352.4523620411,0.15641030238537856,2,2,1,GB,1,1,Ruler,physical_event_point_total,median,median
PE_3b0275b6f31aa3c48b11,2021,MT,1,OP,0.0,18352.4523620411,0.0,2,2,1,GB,1,1,Ruler,physical_event_point_total,median,median
PE_3b0275b6f31aa3c48b11,2021,MT,1,Se,0.0020941611842179002,18352.4523620411,3.8432993371794586e-05,2,2,1,GB,1,1,Ruler,physical_event_point_total,median,median
PE_3b0275b6f31aa3c48b11,2021,MT,1,TKN,0.8867166677308846,18352.4523620411,0.016273425403158886,2,2,1,GB,1,1,Ruler,physical_event_point_total,median,median
PE_3b0275b6f31aa3c48b11,2021,MT,1,TP,0.5194494492203319,18352.4523620411,0.009533171271304628,2,2,1,GB,1,1,Ruler,physical_event_point_total,median,median
PE_3b0275b6f31aa3c48b11,2021,MT,1,TSS,277.169688740682,18352.4523620411,5.0867435088151245,2,2,1,GB,1,1,Ruler,physical_event_point_total,median,median
PE_3d9e743a00f5613f6722,2021,ST,1,NO3,7.328662560026313,8145.912276739228,0.05969864231979748,2,2,1,GB,1,1,Ruler,physical_event_point_total,median,median
PE_3d9e743a00f5613f6722,2021,ST,1,OP,0.2898245519958402,8145.912276739228,0.0023608853762033615,2,2,1,GB,1,1,Ruler,physical_event_point_total,median,median
PE_3d9e743a00f5613f6722,2021,ST,1,Se,0.11367910352171617,8145.912276739228,0.0009260200049862573,2,2,1,GB,1,1,Ruler,physical_event_point_total,median,median
PE_3d9e743a00f5613f6722,2021,ST,1,TKN,2.0739356286816677,8145.912276739228,0.016894097698844885,2,2,1,GB,1,1,Ruler,physical_event_point_total,median,median
PE_3d9e743a00f5613f6722,2021,ST,1,TP,1.1370103968645064,8145.912276739228,0.009261986950598725,2,2,1,GB,1,1,Ruler,physical_event_point_total,median,median
PE_3d9e743a00f5613f6722,2021,ST,1,TSS,624.3146423223404,8145.912276739228,5.085612309441613,2,2,1,GB,1,1,Ruler,physical_event_point_total,median,median
PE_43f0020c0e87bb28cb4f,2021,CT,2,NO3,9.339634956768558,10021.264179201342,0.09359494923908143,2,2,1,GB,1,1,Ruler,physical_event_point_total,median,median
PE_43f0020c0e87bb28cb4f,2021,CT,2,OP,0.16316128117199502,10021.264179201342,0.0016350823024415119,2,2,1,GB,1,1,Ruler,physical_event_point_total,median,median
PE_43f0020c0e87bb28cb4f,2021,CT,2,Se,0.10451593921224189,10021.264179201342,0.0010473818377832247,2,2,1,GB,1,1,Ruler,physical_event_point_total,median,median
PE_43f0020c0e87bb28cb4f,2021,CT,2,TKN,2.3443906345469894,10021.264179201342,0.023493757888040846,2,2,1,GB,1,1,Ruler,physical_event_point_total,median,median
PE_43f0020c0e87bb28cb4f,2021,CT,2,TP,0.8310324096687162,10021.264179201342,0.00832799531876848,2,2,1,GB,1,1,Ruler,physical_event_point_total,median,median
PE_43f0020c0e87bb28cb4f,2021,CT,2,TSS,669.1286682441398,10021.264179201342,6.705515154351696,2,2,1,GB,1,1,Ruler,physical_event_point_total,median,median
PE_47319afabf95ce33e7fd,2021,ST,1,NO3,7.589480405346575,13237.57972643369,0.10046635194798158,2,2,1,GB,1,1,Ruler,physical_event_point_total,median,median
PE_47319afabf95ce33e7fd,2021,ST,1,OP,0.054459085025774456,13237.57972643369,0.0007209064798573205,2,2,1,GB,1,1,Ruler,physical_event_point_total,median,median
PE_47319afabf95ce33e7fd,2021,ST,1,Se,0.07687899727460912,13237.57972643369,0.0010176918557109167,2,2,1,GB,1,1,Ruler,physical_event_point_total,median,median
PE_47319afabf95ce33e7fd,2021,ST,1,TKN,1.3321682521446903,13237.57972643369,0.017634683446789156,2,2,1,GB,1,1,Ruler,physical_event_point_total,median,median
PE_47319afabf95ce33e7fd,2021,ST,1,TP,0.6594842480392866,13237.57972643369,0.008729975311747228,2,2,1,GB,1,1,Ruler,physical_event_point_total,median,median
PE_47319afabf95ce33e7fd,2021,ST,1,TSS,486.9444289375394,13237.57972643369,6.445965700403403,2,2,1,GB,1,1,Ruler,physical_event_point_total,median,median
PE_51b615c0027e4e29028e,2021,MT,2,NO3,9.489699982910778,14872.027724485803,0.14113108124290152,2,2,1,GB,1,1,Ruler,physical_event_point_total,median,median
PE_51b615c0027e4e29028e,2021,MT,2,OP,0.09203833237543302,14872.027724485803,0.001368796630802879,2,2,1,GB,1,1,Ruler,physical_event_point_total,median,median
PE_51b615c0027e4e29028e,2021,MT,2,Se,0.12085046440839609,14872.027724485803,0.0017972914571986515,2,2,1,GB,1,1,Ruler,physical_event_point_total,median,median
PE_51b615c0027e4e29028e,2021,MT,2,TKN,1.4092308613347404,14872.027724485803,0.020958120439971265,2,2,1,GB,1,1,Ruler,physical_event_point_total,median,median
PE_51b615c0027e4e29028e,2021,MT,2,TP,0.7022087830369695,14872.027724485803,0.010443268489703247,2,2,1,GB,1,1,Ruler,physical_event_point_total,median,median
PE_51b615c0027e4e29028e,2021,MT,2,TSS,404.7623455995837,14872.027724485803,6.019636825584913,2,2,1,GB,1,1,Ruler,physical_event_point_total,median,median
PE_55b3839d44d67304ba2d,2021,MT,1,NO3,8.077271233265064,6023.902459168203,0.048656694045434,2,2,1,GB,1,1,Ruler,physical_event_point_total,median,median
PE_55b3839d44d67304ba2d,2021,MT,1,OP,0.1425984106492576,6023.902459168203,0.0008589989165835401,2,2,1,GB,1,1,Ruler,physical_event_point_total,median,median
PE_55b3839d44d67304ba2d,2021,MT,1,Se,0.0290354785837649,6023.902459168203,0.00017490689084386708,2,2,1,GB,1,1,Ruler,physical_event_point_total,median,median
PE_55b3839d44d67304ba2d,2021,MT,1,TKN,1.6407731176645177,6023.902459168203,0.009883857218436367,2,2,1,GB,1,1,Ruler,physical_event_point_total,median,median
PE_55b3839d44d67304ba2d,2021,MT,1,TP,0.823726926459933,6023.902459168203,0.004962050657985055,2,2,1,GB,1,1,Ruler,physical_event_point_total,median,median
PE_55b3839d44d67304ba2d,2021,MT,1,TSS,461.0567063426379,6023.902459168203,2.777360627153408,2,2,1,GB,1,1,Ruler,physical_event_point_total,median,median
PE_6ee044c77bdf30366b5d,2021,ST,2,NO3,9.277287273937914,9727.260994720818,0.0902425946365961,2,2,1,GB,1,1,Ruler,physical_event_point_total,median,median
PE_6ee044c77bdf30366b5d,2021,ST,2,OP,0.2523603254993082,9727.260994720818,0.00245477475084447,2,2,1,GB,1,1,Ruler,physical_event_point_total,median,median
PE_6ee044c77bdf30366b5d,2021,ST,2,Se,0.10554396937773594,9727.260994720818,0.0010266537365560594,2,2,1,GB,1,1,Ruler,physical_event_point_total,median,median
PE_6ee044c77bdf30366b5d,2021,ST,2,TKN,1.9692021351141096,9727.260994720818,0.019154943119616432,2,2,1,GB,1,1,Ruler,physical_event_point_total,median,median
PE_6ee044c77bdf30366b5d,2021,ST,2,TP,0.8265040239395753,9727.260994720818,0.008039620354047233,2,2,1,GB,1,1,Ruler,physical_event_point_total,median,median
PE_6ee044c77bdf30366b5d,2021,ST,2,TSS,542.1615784212789,9727.260994720818,5.273747174613578,2,2,1,GB,1,1,Ruler,physical_event_point_total,median,median
PE_78a548d4e3eef2a21ea3,2021,ST,1,NO3,7.4256860400290785,11351.484469147787,0.08429255975615761,4,4,2,GB | LC,1,1,Etape,physical_event_point_total,median,median
PE_78a548d4e3eef2a21ea3,2021,ST,1,OP,0.07544334671391745,11351.484469147787,0.0008563939785235656,4,4,2,GB | LC,1,1,Etape,physical_event_point_total,median,median
PE_78a548d4e3eef2a21ea3,2021,ST,1,Se,0.041391496196715005,11351.484469147787,0.00046985492623180004,4,4,2,GB | LC,1,1,Etape,physical_event_point_total,median,median
PE_78a548d4e3eef2a21ea3,2021,ST,1,TKN,0.24114242889416537,11351.484469147787,0.0027373245364446927,4,4,2,GB | LC,1,1,Etape,physical_event_point_total,median,median
PE_78a548d4e3eef2a21ea3,2021,ST,1,TP,0.24402042621048836,11351.484469147787,0.0027699940782831825,4,4,2,GB | LC,1,1,Etape,physical_event_point_total,median,median
PE_78a548d4e3eef2a21ea3,2021,ST,1,TSS,81.03410753635373,11351.484469147787,0.919857413170171,4,4,2,GB | LC,1,1,Etape,physical_event_point_total,median,median
PE_835c9b48606f6cdfa777,2021,ST,1,NO3,7.887507669973353,11295.265035099032,0.08909148959872544,2,2,1,GB,1,1,Ruler,physical_event_point_total,median,median
PE_835c9b48606f6cdfa777,2021,ST,1,OP,0.00871400006481198,11295.265035099032,9.842694024792146e-05,2,2,1,GB,1,1,Ruler,physical_event_point_total,median,median
PE_835c9b48606f6cdfa777,2021,ST,1,Se,0.0,11295.265035099032,0.0,2,2,1,GB,1,1,Ruler,physical_event_point_total,median,median
PE_835c9b48606f6cdfa777,2021,ST,1,TKN,0.7780504097502303,11295.265035099032,0.008788285588796251,2,2,1,GB,1,1,Ruler,physical_event_point_total,median,median
PE_835c9b48606f6cdfa777,2021,ST,1,TP,0.4560818866724576,11295.265035099032,0.0051515657876734094,2,2,1,GB,1,1,Ruler,physical_event_point_total,median,median
PE_835c9b48606f6cdfa777,2021,ST,1,TSS,252.3329256700119,11295.265035099032,2.850167272524728,2,2,1,GB,1,1,Ruler,physical_event_point_total,median,median
PE_936c12cc5ae17810e93e,2021,MT,1,NO3,9.223827190313543,14903.570254081684,0.13746795654234675,2,2,1,GB,1,1,Ruler,physical_event_point_total,median,median
PE_936c12cc5ae17810e93e,2021,MT,1,OP,0.04164162190893789,14903.570254081684,0.0006206088376137628,2,2,1,GB,1,1,Ruler,physical_event_point_total,median,median
PE_936c12cc5ae17810e93e,2021,MT,1,Se,0.06694350856908628,14903.570254081684,0.0009976972830140966,2,2,1,GB,1,1,Ruler,physical_event_point_total,median,median
PE_936c12cc5ae17810e93e,2021,MT,1,TKN,1.3434559786780933,14903.570254081684,0.02002229056149503,2,2,1,GB,1,1,Ruler,physical_event_point_total,median,median
PE_936c12cc5ae17810e93e,2021,MT,1,TP,0.6305752586486777,14903.570254081684,0.009397822667756297,2,2,1,GB,1,1,Ruler,physical_event_point_total,median,median
PE_936c12cc5ae17810e93e,2021,MT,1,TSS,457.40421382483885,14903.570254081684,6.816955835251486,2,2,1,GB,1,1,Ruler,physical_event_point_total,median,median
PE_a1506e8e5a02282cf157,2021,CT,2,NO3,8.614333864012865,17364.314990788094,0.14958200665053212,2,2,1,GB,1,1,Ruler,physical_event_point_total,median,median
PE_a1506e8e5a02282cf157,2021,CT,2,OP,0.03760936417037018,17364.314990788094,0.0006530608460575676,2,2,1,GB,1,1,Ruler,physical_event_point_total,median,median
PE_a1506e8e5a02282cf157,2021,CT,2,Se,0.08642943626505957,17364.314990788094,0.001500787955782738,2,2,1,GB,1,1,Ruler,physical_event_point_total,median,median
PE_a1506e8e5a02282cf157,2021,CT,2,TKN,1.8499668798508944,17364.314990788094,0.03212340762425636,2,2,1,GB,1,1,Ruler,physical_event_point_total,median,median
PE_a1506e8e5a02282cf157,2021,CT,2,TP,0.7286810728446281,17364.314990788094,0.012653047676699527,2,2,1,GB,1,1,Ruler,physical_event_point_total,median,median
PE_a1506e8e5a02282cf157,2021,CT,2,TSS,772.0405026810047,17364.314990788094,13.405954474199346,2,2,1,GB,1,1,Ruler,physical_event_point_total,median,median
PE_e31452c7a0ebfbfaf3f2,2021,MT,2,NO3,7.627005077993862,10160.730676412924,0.07749594446512938,4,4,2,GB | LC,1,1,Etape,physical_event_point_total,median,median
PE_e31452c7a0ebfbfaf3f2,2021,MT,2,OP,0.0987301986995225,10160.730676412924,0.0010031709586145817,4,4,2,GB | LC,1,1,Etape,physical_event_point_total,median,median
PE_e31452c7a0ebfbfaf3f2,2021,MT,2,Se,0.09423398571013918,10160.730676412924,0.0009574861493656683,4,4,2,GB | LC,1,1,Etape,physical_event_point_total,median,median
PE_e31452c7a0ebfbfaf3f2,2021,MT,2,TKN,0.47132271583152496,10160.730676412924,0.004788983177239628,4,4,2,GB | LC,1,1,Etape,physical_event_point_total,median,median
PE_e31452c7a0ebfbfaf3f2,2021,MT,2,TP,0.33016969690009157,10160.730676412924,0.0033547653677147176,4,4,2,GB | LC,1,1,Etape,physical_event_point_total,median,median
PE_e31452c7a0ebfbfaf3f2,2021,MT,2,TSS,159.71128224132448,10160.730676412924,1.6227833248386683,4,4,2,GB | LC,1,1,Etape,physical_event_point_total,median,median
PE_e416400520de7f5adc17,2021,ST,1,NO3,7.400214187938801,15469.653217178095,0.11447874722025445,3,3,2,GB | LC,1,1,Etape,physical_event_point_total,median,median
PE_e416400520de7f5adc17,2021,ST,1,OP,0.06436730454750222,15469.653217178095,0.00099573987987435,3,3,2,GB | LC,1,1,Etape,physical_event_point_total,median,median
PE_e416400520de7f5adc17,2021,ST,1,Se,0.028692014378156192,15469.653217178095,0.00044385551253236404,3,3,2,GB | LC,1,1,Etape,physical_event_point_total,median,median
PE_e416400520de7f5adc17,2021,ST,1,TKN,0.41937342019483753,15469.653217178095,0.00648756137891605,3,3,2,GB | LC,1,1,Etape,physical_event_point_total,median,median
PE_e416400520de7f5adc17,2021,ST,1,TP,0.4199726010308644,15469.653217178095,0.006496830498663764,3,3,2,GB | LC,1,1,Etape,physical_event_point_total,median,median
PE_e416400520de7f5adc17,2021,ST,1,TSS,120.74811251761544,15469.653217178095,1.8679314272763121,3,3,2,GB | LC,1,1,Etape,physical_event_point_total,median,median
PE_e9ed7c0da6f350ec0ebd,2021,CT,1,NO3,8.758690547382859,15025.616106032085,0.13160472175650686,2,2,1,GB,1,1,Ruler,physical_event_point_total,median,median
PE_e9ed7c0da6f350ec0ebd,2021,CT,1,OP,0.011106155618235561,15025.616106032085,0.00016687683073345899,2,2,1,GB,1,1,Ruler,physical_event_point_total,median,median
PE_e9ed7c0da6f350ec0ebd,2021,CT,1,Se,0.017688958755263804,15025.616106032085,0.0002657875035720291,2,2,1,GB,1,1,Ruler,physical_event_point_total,median,median
PE_e9ed7c0da6f350ec0ebd,2021,CT,1,TKN,1.3876097711273963,15025.616106032085,0.020849691725939302,2,2,1,GB,1,1,Ruler,physical_event_point_total,median,median
PE_e9ed7c0da6f350ec0ebd,2021,CT,1,TP,0.6162916925910836,15025.616106032085,0.009260162382210361,2,2,1,GB,1,1,Ruler,physical_event_point_total,median,median
PE_e9ed7c0da6f350ec0ebd,2021,CT,1,TSS,749.3380215337586,15025.616106032085,11.25926544521986,2,2,1,GB,1,1,Ruler,physical_event_point_total,median,median
PE_f544dd1f1224ddc9abde,2021,MT,2,NO3,9.894494557544968,6769.647576667811,0.06698224110383715,1,1,1,GB,1,1,Ruler,physical_event_point_total,median,median
PE_f544dd1f1224ddc9abde,2021,MT,2,OP,0.18501463029005208,6769.647576667811,0.0012524838435911422,1,1,1,GB,1,1,Ruler,physical_event_point_total,median,median
PE_f544dd1f1224ddc9abde,2021,MT,2,Se,0.09608480515041339,6769.647576667811,0.0006504602683410947,1,1,1,GB,1,1,Ruler,physical_event_point_total,median,median
PE_f544dd1f1224ddc9abde,2021,MT,2,TKN,1.849942393389246,6769.647576667811,0.01252345804038256,1,1,1,GB,1,1,Ruler,physical_event_point_total,median,median
PE_f544dd1f1224ddc9abde,2021,MT,2,TP,0.7703762196109647,6769.647576667811,0.005215175508211877,1,1,1,GB,1,1,Ruler,physical_event_point_total,median,median
PE_f544dd1f1224ddc9abde,2021,MT,2,TSS,480.9841177421797,6769.647576667811,3.256092967089052,1,1,1,GB,1,1,Ruler,physical_event_point_total,median,median
PE_1607bd85c5b858754283,2023,CT,2,NO2,0.16376926797314573,19038.001140826964,0.003117839510505145,4,4,4,GB3 | GBH | ISC | LC,1,1,Ruler,physical_event_point_total,median,median
PE_1607bd85c5b858754283,2023,CT,2,NO3,2.882869182651578,19038.001140826964,0.054884066788175645,4,4,4,GB3 | GBH | ISC | LC,1,1,Ruler,physical_event_point_total,median,median
PE_1607bd85c5b858754283,2023,CT,2,OP,0.19849648689375715,19038.001140826964,0.003778976343933493,4,4,4,GB3 | GBH | ISC | LC,1,1,Ruler,physical_event_point_total,median,median
PE_1607bd85c5b858754283,2023,CT,2,TDS,558.9070214639858,19038.001140826964,10.64047251224756,4,4,4,GB3 | GBH | ISC | LC,1,1,Ruler,physical_event_point_total,median,median
PE_1607bd85c5b858754283,2023,CT,2,TKN,1.2251550136898286,19038.001140826964,0.023324502548316833,4,4,4,GB3 | GBH | ISC | LC,1,1,Ruler,physical_event_point_total,median,median
PE_1607bd85c5b858754283,2023,CT,2,TP,1.3325160986474067,19038.001140826964,0.025368443006219623,4,4,4,GB3 | GBH | ISC | LC,1,1,Ruler,physical_event_point_total,median,median
PE_1607bd85c5b858754283,2023,CT,2,TSS,676.7419879361138,19038.001140826964,12.883814738373243,4,4,4,GB3 | GBH | ISC | LC,1,1,Ruler,physical_event_point_total,median,median
PE_17f8630aaa6312f3912a,2023,CT,2,NO2,0.2752536861529441,8357.967980718202,0.002300561495440964,4,4,4,GB3 | GBH | ISC | LC,1,1,Ruler,physical_event_point_total,median,median
PE_17f8630aaa6312f3912a,2023,CT,2,NO3,4.9503102433735835,8357.967980718202,0.041374534508737744,4,4,4,GB3 | GBH | ISC | LC,1,1,Ruler,physical_event_point_total,median,median
PE_17f8630aaa6312f3912a,2023,CT,2,OP,0.28797489215216804,8357.967980718202,0.002406884927858598,4,4,4,GB3 | GBH | ISC | LC,1,1,Ruler,physical_event_point_total,median,median
PE_17f8630aaa6312f3912a,2023,CT,2,TDS,236.98967494236052,8357.967980718202,1.980752114929064,4,4,4,GB3 | GBH | ISC | LC,1,1,Ruler,physical_event_point_total,median,median
PE_17f8630aaa6312f3912a,2023,CT,2,TKN,1.4992424754966747,8357.967980718202,0.0125306206055339,4,4,4,GB3 | GBH | ISC | LC,1,1,Ruler,physical_event_point_total,median,median
PE_17f8630aaa6312f3912a,2023,CT,2,TP,1.9137976851456302,8357.967980718202,0.015995459774019793,4,4,4,GB3 | GBH | ISC | LC,1,1,Ruler,physical_event_point_total,median,median
PE_17f8630aaa6312f3912a,2023,CT,2,TSS,324.6391167719302,8357.967980718202,2.7133233432684305,4,4,4,GB3 | GBH | ISC | LC,1,1,Ruler,physical_event_point_total,median,median
PE_21ef5b6342274d9e3203,2023,CT,1,NO2,0.13852136137898885,18376.231697159477,0.0025455006317062576,4,4,4,GB3 | GBH | ISC | LC,1,1,Ruler,physical_event_point_total,median,median
PE_21ef5b6342274d9e3203,2023,CT,1,NO3,2.599959015641443,18376.231697159477,0.04777744927454584,4,4,4,GB3 | GBH | ISC | LC,1,1,Ruler,physical_event_point_total,median,median
PE_21ef5b6342274d9e3203,2023,CT,1,OP,0.18621631642707132,18376.231697159477,0.003421954176455427,4,4,4,GB3 | GBH | ISC | LC,1,1,Ruler,physical_event_point_total,median,median
PE_21ef5b6342274d9e3203,2023,CT,1,TDS,505.6842684782598,18376.231697159477,9.2925712831651,4,4,4,GB3 | GBH | ISC | LC,1,1,Ruler,physical_event_point_total,median,median
PE_21ef5b6342274d9e3203,2023,CT,1,TKN,0.9422389592061147,18376.231697159477,0.01731480142846196,4,4,4,GB3 | GBH | ISC | LC,1,1,Ruler,physical_event_point_total,median,median
PE_21ef5b6342274d9e3203,2023,CT,1,TP,1.2139651201961148,18376.231697159477,0.02230810432099386,4,4,4,GB3 | GBH | ISC | LC,1,1,Ruler,physical_event_point_total,median,median
PE_21ef5b6342274d9e3203,2023,CT,1,TSS,423.7924739802679,18376.231697159477,7.7877086933738315,3,3,3,GB3 | GBH | LC,1,1,Ruler,physical_event_point_total,median,median
PE_222b0b4beba254c530d7,2023,CT,2,NO2,0.13386860508062992,14863.266128216643,0.001989724703526537,3,3,3,GB3 | GBH | LC,1,1,Ruler,physical_event_point_total,median,median
PE_222b0b4beba254c530d7,2023,CT,2,NO3,5.529672941814989,14863.266128216643,0.08218900053619481,3,3,3,GB3 | GBH | LC,1,1,Ruler,physical_event_point_total,median,median
PE_222b0b4beba254c530d7,2023,CT,2,OP,0.1485074632255884,14863.266128216643,0.002207305947948267,3,3,3,GB3 | GBH | LC,1,1,Ruler,physical_event_point_total,median,median
PE_222b0b4beba254c530d7,2023,CT,2,TDS,474.0028589484838,14863.266128216643,7.04523063808685,3,3,3,GB3 | GBH | LC,1,1,Ruler,physical_event_point_total,median,median
PE_222b0b4beba254c530d7,2023,CT,2,TKN,5.09517119119445,14863.266128216643,0.0757308853835457,3,3,3,GB3 | GBH | LC,1,1,Ruler,physical_event_point_total,median,median
PE_222b0b4beba254c530d7,2023,CT,2,TP,1.6237853168339007,14863.266128216643,0.024134753299192846,3,3,3,GB3 | GBH | LC,1,1,Ruler,physical_event_point_total,median,median
PE_222b0b4beba254c530d7,2023,CT,2,TSS,546.1049541844326,14863.266128216643,8.116903267980778,3,3,3,GB3 | GBH | LC,1,1,Ruler,physical_event_point_total,median,median
PE_23621b170748f0fc60c2,2023,MT,2,NO2,0.3709895059967762,9522.170449904872,0.003532625311227309,4,4,4,GB3 | GBH | ISC | LC,1,1,Ruler,physical_event_point_total,median,median
PE_23621b170748f0fc60c2,2023,MT,2,NO3,5.134318832223751,9522.170449904872,0.04888985906459109,4,4,4,GB3 | GBH | ISC | LC,1,1,Ruler,physical_event_point_total,median,median
PE_23621b170748f0fc60c2,2023,MT,2,OP,0.37217423654006776,9522.170449904872,0.003543906517397739,4,4,4,GB3 | GBH | ISC | LC,1,1,Ruler,physical_event_point_total,median,median
PE_23621b170748f0fc60c2,2023,MT,2,TDS,228.75844189296487,9522.170449904872,2.1782768755594706,4,4,4,GB3 | GBH | ISC | LC,1,1,Ruler,physical_event_point_total,median,median
PE_23621b170748f0fc60c2,2023,MT,2,TKN,1.6051733597171736,9522.170449904872,0.015284734332873393,4,4,4,GB3 | GBH | ISC | LC,1,1,Ruler,physical_event_point_total,median,median
PE_23621b170748f0fc60c2,2023,MT,2,TP,1.9718636805762015,9522.170449904872,0.018776422070423366,4,4,4,GB3 | GBH | ISC | LC,1,1,Ruler,physical_event_point_total,median,median
PE_23621b170748f0fc60c2,2023,MT,2,TSS,342.79967334738,9522.170449904872,3.264196919785465,4,4,4,GB3 | GBH | ISC | LC,1,1,Ruler,physical_event_point_total,median,median
PE_248493668060338e72e6,2023,MT,1,NO2,0.06391783925940854,15294.540104782724,0.0009775939559640795,5,5,3,GB3 | GBH | LC,1,1,Ruler,physical_event_point_total,median,median
PE_248493668060338e72e6,2023,MT,1,NO3,5.080431609025575,15294.540104782724,0.07770286499384747,5,5,3,GB3 | GBH | LC,1,1,Ruler,physical_event_point_total,median,median
PE_248493668060338e72e6,2023,MT,1,OP,0.11178681747528674,15294.540104782724,0.0017097279630617992,5,5,3,GB3 | GBH | LC,1,1,Ruler,physical_event_point_total,median,median
PE_248493668060338e72e6,2023,MT,1,TDS,446.6913835404788,15294.540104782724,6.831939280020734,5,5,3,GB3 | GBH | LC,1,1,Ruler,physical_event_point_total,median,median
PE_248493668060338e72e6,2023,MT,1,TKN,4.102123840259534,15294.540104782724,0.06274009758963475,5,5,3,GB3 | GBH | LC,1,1,Ruler,physical_event_point_total,median,median
PE_248493668060338e72e6,2023,MT,1,TP,1.3171438188483102,15294.540104782724,0.020145108961142154,5,5,3,GB3 | GBH | LC,1,1,Ruler,physical_event_point_total,median,median
PE_248493668060338e72e6,2023,MT,1,TSS,308.77480664953134,15294.540104782724,4.722568663647788,4,4,3,GB3 | GBH | LC,1,1,Ruler,physical_event_point_total,median,median
PE_577d295e76e129c37688,2023,CT,1,NO2,0.37345097374383374,9764.964941141465,0.003646735665843678,4,4,4,GB3 | GBH | ISC | LC,1,1,Ruler,physical_event_point_total,median,median
PE_577d295e76e129c37688,2023,CT,1,NO3,5.372544811238223,9764.964941141465,0.05246271172645273,4,4,4,GB3 | GBH | ISC | LC,1,1,Ruler,physical_event_point_total,median,median
PE_577d295e76e129c37688,2023,CT,1,OP,0.3657947679723629,9764.964941141465,0.0035719730849031,4,4,4,GB3 | GBH | ISC | LC,1,1,Ruler,physical_event_point_total,median,median
PE_577d295e76e129c37688,2023,CT,1,TDS,215.39691495558645,9764.964941141465,2.1033433229713316,4,4,4,GB3 | GBH | ISC | LC,1,1,Ruler,physical_event_point_total,median,median
PE_577d295e76e129c37688,2023,CT,1,TKN,1.6540374999612077,9764.964941141465,0.01615161819845447,4,4,4,GB3 | GBH | ISC | LC,1,1,Ruler,physical_event_point_total,median,median
PE_577d295e76e129c37688,2023,CT,1,TP,1.9349235351609022,9764.964941141465,0.018894460484635715,4,4,4,GB3 | GBH | ISC | LC,1,1,Ruler,physical_event_point_total,median,median
PE_577d295e76e129c37688,2023,CT,1,TSS,239.9260307288435,9764.964941141465,2.342869278534387,4,4,4,GB3 | GBH | ISC | LC,1,1,Ruler,physical_event_point_total,median,median
PE_5bf168b414e63b4f63f3,2023,CT,2,NO2,0.33878941063319584,9492.06006368831,0.003215809434671858,5,5,4,GB3 | GBH | ISC | LC,1,1,Ruler,physical_event_point_total,median,median
PE_5bf168b414e63b4f63f3,2023,CT,2,NO3,5.245223780996192,9492.06006368831,0.04978797917670215,5,5,4,GB3 | GBH | ISC | LC,1,1,Ruler,physical_event_point_total,median,median
PE_5bf168b414e63b4f63f3,2023,CT,2,OP,0.3335300055110059,9492.06006368831,0.003165886845352761,5,5,4,GB3 | GBH | ISC | LC,1,1,Ruler,physical_event_point_total,median,median
PE_5bf168b414e63b4f63f3,2023,CT,2,TDS,209.879259065349,9492.06006368831,1.9921865331706918,5,5,4,GB3 | GBH | ISC | LC,1,1,Ruler,physical_event_point_total,median,median
PE_5bf168b414e63b4f63f3,2023,CT,2,TKN,1.7122605228201535,9492.06006368831,0.016252879727291246,5,5,4,GB3 | GBH | ISC | LC,1,1,Ruler,physical_event_point_total,median,median
PE_5bf168b414e63b4f63f3,2023,CT,2,TP,1.9550436487380374,9492.06006368831,0.0185573917409538,5,5,4,GB3 | GBH | ISC | LC,1,1,Ruler,physical_event_point_total,median,median
PE_5bf168b414e63b4f63f3,2023,CT,2,TSS,308.86575934399633,9492.06006368831,2.931772339309912,4,4,3,GBH | ISC | LC,1,1,Ruler,physical_event_point_total,median,median
PE_68d44a8c5ee2992c2c36,2023,ST,1,NO2,0.3942551459738325,9726.453646186086,0.0038347044020848107,4,4,4,GB3 | GBH | ISC | LC,1,1,Ruler,physical_event_point_total,median,median
PE_68d44a8c5ee2992c2c36,2023,ST,1,NO3,5.527524526811684,9726.453646186086,0.05376321108819052,4,4,4,GB3 | GBH | ISC | LC,1,1,Ruler,physical_event_point_total,median,median
PE_68d44a8c5ee2992c2c36,2023,ST,1,OP,0.3999914773170463,9726.453646186086,0.003890498562993744,4,4,4,GB3 | GBH | ISC | LC,1,1,Ruler,physical_event_point_total,median,median
PE_68d44a8c5ee2992c2c36,2023,ST,1,TDS,214.17828006309665,9726.453646186086,2.0831951130535713,4,4,4,GB3 | GBH | ISC | LC,1,1,Ruler,physical_event_point_total,median,median
PE_68d44a8c5ee2992c2c36,2023,ST,1,TKN,1.7400746583164992,9726.453646186086,0.016924755505018523,4,4,4,GB3 | GBH | ISC | LC,1,1,Ruler,physical_event_point_total,median,median
PE_68d44a8c5ee2992c2c36,2023,ST,1,TP,2.126273244403817,9726.453646186086,0.02068109815081943,4,4,4,GB3 | GBH | ISC | LC,1,1,Ruler,physical_event_point_total,median,median
PE_68d44a8c5ee2992c2c36,2023,ST,1,TSS,261.96723816794605,9726.453646186086,2.548012198859918,4,4,4,GB3 | GBH | ISC | LC,1,1,Ruler,physical_event_point_total,median,median
PE_7131d35e8cd02b882d26,2023,CT,1,NO2,0.0805086333839806,14696.802992913057,0.0011832195240730262,4,4,4,GB3 | GBH | ISC | LC,1,1,Ruler,physical_event_point_total,median,median
PE_7131d35e8cd02b882d26,2023,CT,1,NO3,4.737235941540563,14696.802992913057,0.06962222336376864,4,4,4,GB3 | GBH | ISC | LC,1,1,Ruler,physical_event_point_total,median,median
PE_7131d35e8cd02b882d26,2023,CT,1,OP,0.13534071898066682,14696.802992913057,0.0019890758837780693,4,4,4,GB3 | GBH | ISC | LC,1,1,Ruler,physical_event_point_total,median,median
PE_7131d35e8cd02b882d26,2023,CT,1,TDS,490.1699933440585,14696.802992913057,7.2039318252151325,4,4,4,GB3 | GBH | ISC | LC,1,1,Ruler,physical_event_point_total,median,median
PE_7131d35e8cd02b882d26,2023,CT,1,TKN,4.0868067309688545,14696.802992913057,0.06006299339516029,4,4,4,GB3 | GBH | ISC | LC,1,1,Ruler,physical_event_point_total,median,median
PE_7131d35e8cd02b882d26,2023,CT,1,TP,1.4294484742554343,14696.802992913057,0.02100832261465227,4,4,4,GB3 | GBH | ISC | LC,1,1,Ruler,physical_event_point_total,median,median
PE_7131d35e8cd02b882d26,2023,CT,1,TSS,359.0060029967188,14696.802992913057,5.27624049931593,4,4,4,GB3 | GBH | ISC | LC,1,1,Ruler,physical_event_point_total,median,median
PE_7751232195de561530b0,2023,MT,2,NO2,0.3412926724510147,8105.889236653256,0.0027664806001693053,4,4,4,GB3 | GBH | ISC | LC,1,1,Ruler,physical_event_point_total,median,median
PE_7751232195de561530b0,2023,MT,2,NO3,5.081499711249127,8105.889236653256,0.041190073815470934,4,4,4,GB3 | GBH | ISC | LC,1,1,Ruler,physical_event_point_total,median,median
PE_7751232195de561530b0,2023,MT,2,OP,0.35620941810319035,8105.889236653256,0.00288739408819717,4,4,4,GB3 | GBH | ISC | LC,1,1,Ruler,physical_event_point_total,median,median
PE_7751232195de561530b0,2023,MT,2,TDS,241.35297999653835,8105.889236653256,1.9563805227881288,4,4,4,GB3 | GBH | ISC | LC,1,1,Ruler,physical_event_point_total,median,median
PE_7751232195de561530b0,2023,MT,2,TKN,1.5400090316257102,8105.889236653256,0.01248314263380365,4,4,4,GB3 | GBH | ISC | LC,1,1,Ruler,physical_event_point_total,median,median
PE_7751232195de561530b0,2023,MT,2,TP,1.9392345324911586,8105.889236653256,0.015719220324266394,4,4,4,GB3 | GBH | ISC | LC,1,1,Ruler,physical_event_point_total,median,median
PE_7751232195de561530b0,2023,MT,2,TSS,383.46016472713995,8105.889236653256,3.1082856219470085,4,4,4,GB3 | GBH | ISC | LC,1,1,Ruler,physical_event_point_total,median,median
PE_78a0e5a12037218db30c,2023,ST,2,NO2,0.3365381964698734,7509.547234589789,0.0025272494826341727,5,5,4,GB3 | GBH | ISC | LC,1,1,Ruler,physical_event_point_total,median,median
PE_78a0e5a12037218db30c,2023,ST,2,NO3,5.303250124688372,7509.547234589789,0.039825007308191517,5,5,4,GB3 | GBH | ISC | LC,1,1,Ruler,physical_event_point_total,median,median
PE_78a0e5a12037218db30c,2023,ST,2,OP,0.3555672424261234,7509.547234589789,0.002670149002071812,5,5,4,GB3 | GBH | ISC | LC,1,1,Ruler,physical_event_point_total,median,median
PE_78a0e5a12037218db30c,2023,ST,2,TDS,201.2622844070035,7509.547234589789,1.5113886312958367,5,5,4,GB3 | GBH | ISC | LC,1,1,Ruler,physical_event_point_total,median,median
PE_78a0e5a12037218db30c,2023,ST,2,TKN,1.8803799770282281,7509.547234589789,0.01412080225647034,5,5,4,GB3 | GBH | ISC | LC,1,1,Ruler,physical_event_point_total,median,median
PE_78a0e5a12037218db30c,2023,ST,2,TP,2.153748613986666,7509.547234589789,0.01617367694816516,5,5,4,GB3 | GBH | ISC | LC,1,1,Ruler,physical_event_point_total,median,median
PE_78a0e5a12037218db30c,2023,ST,2,TSS,341.4843894343877,7509.547234589789,2.5643931523325887,5,5,4,GB3 | GBH | ISC | LC,1,1,Ruler,physical_event_point_total,median,median
PE_8a47f8b2785e361a0f5c,2023,ST,1,NO2,0.09475711080591431,12818.510081554756,0.0012146449801646137,4,4,4,GB3 | GBH | ISC | LC,1,1,Ruler,physical_event_point_total,median,median
PE_8a47f8b2785e361a0f5c,2023,ST,1,NO3,4.972163677433814,12818.510081554756,0.06373573022632571,4,4,4,GB3 | GBH | ISC | LC,1,1,Ruler,physical_event_point_total,median,median
PE_8a47f8b2785e361a0f5c,2023,ST,1,OP,0.1728774620412266,12818.510081554756,0.0022160314900490623,4,4,4,GB3 | GBH | ISC | LC,1,1,Ruler,physical_event_point_total,median,median
PE_8a47f8b2785e361a0f5c,2023,ST,1,TDS,451.25333147243373,12818.510081554756,5.784395378814561,4,4,4,GB3 | GBH | ISC | LC,1,1,Ruler,physical_event_point_total,median,median
PE_8a47f8b2785e361a0f5c,2023,ST,1,TKN,3.979917221135993,12818.510081554756,0.051016609022885115,4,4,4,GB3 | GBH | ISC | LC,1,1,Ruler,physical_event_point_total,median,median
PE_8a47f8b2785e361a0f5c,2023,ST,1,TP,1.3431921373389164,12818.510081554756,0.017217721953943978,4,4,4,GB3 | GBH | ISC | LC,1,1,Ruler,physical_event_point_total,median,median
PE_8a47f8b2785e361a0f5c,2023,ST,1,TSS,333.4047460571144,12818.510081554756,4.2737520985713235,4,4,4,GB3 | GBH | ISC | LC,1,1,Ruler,physical_event_point_total,median,median
PE_8d90127b55de039c6ab7,2023,MT,1,NO2,0.4035426596526779,10263.759756305135,0.004141864910095495,5,5,4,GB3 | GBH | ISC | LC,1,1,Ruler,physical_event_point_total,median,median
PE_8d90127b55de039c6ab7,2023,MT,1,NO3,5.190114714031073,10263.759756305135,0.05327009053247926,5,5,4,GB3 | GBH | ISC | LC,1,1,Ruler,physical_event_point_total,median,median
PE_8d90127b55de039c6ab7,2023,MT,1,OP,0.40260126716889383,10263.759756305135,0.004132202683805544,5,5,4,GB3 | GBH | ISC | LC,1,1,Ruler,physical_event_point_total,median,median
PE_8d90127b55de039c6ab7,2023,MT,1,TDS,241.11559485619327,10263.759756305135,2.4747525391025698,5,5,4,GB3 | GBH | ISC | LC,1,1,Ruler,physical_event_point_total,median,median
PE_8d90127b55de039c6ab7,2023,MT,1,TKN,1.7428712761907685,10263.759756305135,0.017888412064986984,5,5,4,GB3 | GBH | ISC | LC,1,1,Ruler,physical_event_point_total,median,median
PE_8d90127b55de039c6ab7,2023,MT,1,TP,1.9149465830377284,10263.759756305135,0.019654551674456667,5,5,4,GB3 | GBH | ISC | LC,1,1,Ruler,physical_event_point_total,median,median
PE_8d90127b55de039c6ab7,2023,MT,1,TSS,269.0838382204125,10263.759756305135,2.761811869798791,5,5,4,GB3 | GBH | ISC | LC,1,1,Ruler,physical_event_point_total,median,median
PE_8f51b688686d8bdc2f79,2023,ST,2,NO2,0.1653416946101279,11625.969214858473,0.001922257451469878,4,4,4,GB3 | GBH | ISC | LC,1,1,Ruler,physical_event_point_total,median,median
PE_8f51b688686d8bdc2f79,2023,ST,2,NO3,5.293129054050306,11625.969214858473,0.0615377554326618,4,4,4,GB3 | GBH | ISC | LC,1,1,Ruler,physical_event_point_total,median,median
PE_8f51b688686d8bdc2f79,2023,ST,2,OP,0.22737325239934741,11625.969214858473,0.0026434344326770583,4,4,4,GB3 | GBH | ISC | LC,1,1,Ruler,physical_event_point_total,median,median
PE_8f51b688686d8bdc2f79,2023,ST,2,TDS,433.6466065723942,11625.969214858473,5.041562098138499,4,4,4,GB3 | GBH | ISC | LC,1,1,Ruler,physical_event_point_total,median,median
PE_8f51b688686d8bdc2f79,2023,ST,2,TKN,4.158077013927187,11625.969214858473,0.04834167535692812,4,4,4,GB3 | GBH | ISC | LC,1,1,Ruler,physical_event_point_total,median,median
PE_8f51b688686d8bdc2f79,2023,ST,2,TP,1.498915087180881,11625.969214858473,0.017426340659251825,4,4,4,GB3 | GBH | ISC | LC,1,1,Ruler,physical_event_point_total,median,median
PE_8f51b688686d8bdc2f79,2023,ST,2,TSS,421.59523624634267,11625.969214858473,4.901453237730965,4,4,4,GB3 | GBH | ISC | LC,1,1,Ruler,physical_event_point_total,median,median
PE_9d88eac30a91208d302b,2023,MT,2,NO2,0.12546209912496556,15562.161471002291,0.0019524614450736094,4,4,4,GB3 | GBH | ISC | LC,1,1,Ruler,physical_event_point_total,median,median
PE_9d88eac30a91208d302b,2023,MT,2,NO3,2.7638318526125634,15562.161471002291,0.043011197569056116,4,4,4,GB3 | GBH | ISC | LC,1,1,Ruler,physical_event_point_total,median,median
PE_9d88eac30a91208d302b,2023,MT,2,OP,0.19501296130860654,15562.161471002291,0.0030348231928228574,4,4,4,GB3 | GBH | ISC | LC,1,1,Ruler,physical_event_point_total,median,median
PE_9d88eac30a91208d302b,2023,MT,2,TDS,417.13007264570933,15562.161471002291,6.491445544923445,4,4,4,GB3 | GBH | ISC | LC,1,1,Ruler,physical_event_point_total,median,median
PE_9d88eac30a91208d302b,2023,MT,2,TKN,0.6856786975788783,15562.161471002291,0.010670642608949052,4,4,4,GB3 | GBH | ISC | LC,1,1,Ruler,physical_event_point_total,median,median
PE_9d88eac30a91208d302b,2023,MT,2,TP,1.06802236604895,15562.161471002291,0.016620736515095675,4,4,4,GB3 | GBH | ISC | LC,1,1,Ruler,physical_event_point_total,median,median
PE_9d88eac30a91208d302b,2023,MT,2,TSS,429.9476641919159,15562.161471002291,6.6909149742348655,4,4,4,GB3 | GBH | ISC | LC,1,1,Ruler,physical_event_point_total,median,median
PE_a5dd6f772a1d2e7d821c,2023,MT,1,NO2,0.1080645427558555,16491.558142442565,0.0017821526899946616,6,6,4,GB3 | GBH | ISC | LC,1,1,Ruler,physical_event_point_total,median,median
PE_a5dd6f772a1d2e7d821c,2023,MT,1,NO3,2.754305703015487,16491.558142442565,0.04542279264334105,6,6,4,GB3 | GBH | ISC | LC,1,1,Ruler,physical_event_point_total,median,median
PE_a5dd6f772a1d2e7d821c,2023,MT,1,OP,0.14684605654788196,16491.558142442565,0.002421720279547804,6,6,4,GB3 | GBH | ISC | LC,1,1,Ruler,physical_event_point_total,median,median
PE_a5dd6f772a1d2e7d821c,2023,MT,1,TDS,438.52547753468986,16491.558142442565,7.231968409705729,6,6,4,GB3 | GBH | ISC | LC,1,1,Ruler,physical_event_point_total,median,median
PE_a5dd6f772a1d2e7d821c,2023,MT,1,TKN,0.7684950202852003,16491.558142442565,0.01267368030921096,6,6,4,GB3 | GBH | ISC | LC,1,1,Ruler,physical_event_point_total,median,median
PE_a5dd6f772a1d2e7d821c,2023,MT,1,TP,1.016769267225015,16491.558142442565,0.016768109487890058,6,6,4,GB3 | GBH | ISC | LC,1,1,Ruler,physical_event_point_total,median,median
PE_a5dd6f772a1d2e7d821c,2023,MT,1,TSS,335.4526760783282,16491.558142442565,5.532137311583702,6,6,4,GB3 | GBH | ISC | LC,1,1,Ruler,physical_event_point_total,median,median
PE_acc7ee117e759ece44f9,2023,MT,2,NO2,0.0,15080.216329779854,0.0,5,5,4,GB3 | GBH | ISC | LC,1,1,Ruler,physical_event_point_total,median,median
PE_acc7ee117e759ece44f9,2023,MT,2,NO3,4.385591341463601,15080.216329779854,0.06613566616328054,5,5,4,GB3 | GBH | ISC | LC,1,1,Ruler,physical_event_point_total,median,median
PE_acc7ee117e759ece44f9,2023,MT,2,OP,0.0116046495340584,15080.216329779854,0.00017500062540487966,5,5,4,GB3 | GBH | ISC | LC,1,1,Ruler,physical_event_point_total,median,median
PE_acc7ee117e759ece44f9,2023,MT,2,TDS,405.49334658950204,15080.216329779854,6.114927386856091,5,5,4,GB3 | GBH | ISC | LC,1,1,Ruler,physical_event_point_total,median,median
PE_acc7ee117e759ece44f9,2023,MT,2,TKN,0.3323960952950464,15080.216329779854,0.005012605024223419,5,5,4,GB3 | GBH | ISC | LC,1,1,Ruler,physical_event_point_total,median,median
PE_acc7ee117e759ece44f9,2023,MT,2,TP,0.7891279991655669,15080.216329779854,0.011900220939303085,5,5,4,GB3 | GBH | ISC | LC,1,1,Ruler,physical_event_point_total,median,median
PE_acc7ee117e759ece44f9,2023,MT,2,TSS,390.44561869770683,15080.216329779854,5.888004394976157,5,5,4,GB3 | GBH | ISC | LC,1,1,Ruler,physical_event_point_total,median,median
PE_ada3010827131318b4a5,2023,ST,2,NO2,0.0493880142036774,13573.280834230867,0.0006703573866314962,4,4,4,GB3 | GBH | ISC | LC,1,1,Ruler,physical_event_point_total,median,median
PE_ada3010827131318b4a5,2023,ST,2,NO3,4.423185080845149,13573.280834230867,0.060037133284091375,4,4,4,GB3 | GBH | ISC | LC,1,1,Ruler,physical_event_point_total,median,median
PE_ada3010827131318b4a5,2023,ST,2,OP,0.0854975882902093,13573.280834230867,0.0011604827765124594,4,4,4,GB3 | GBH | ISC | LC,1,1,Ruler,physical_event_point_total,median,median
PE_ada3010827131318b4a5,2023,ST,2,TDS,373.4790338172236,13573.280834230867,5.069335811698383,4,4,4,GB3 | GBH | ISC | LC,1,1,Ruler,physical_event_point_total,median,median
PE_ada3010827131318b4a5,2023,ST,2,TKN,0.5026231156216663,13573.280834230867,0.006822244702108968,4,4,4,GB3 | GBH | ISC | LC,1,1,Ruler,physical_event_point_total,median,median
PE_ada3010827131318b4a5,2023,ST,2,TP,0.9003546669340392,13573.280834230867,0.01222076674470611,4,4,4,GB3 | GBH | ISC | LC,1,1,Ruler,physical_event_point_total,median,median
PE_ada3010827131318b4a5,2023,ST,2,TSS,410.17975207103296,13573.280834230867,5.567484967375321,4,4,4,GB3 | GBH | ISC | LC,1,1,Ruler,physical_event_point_total,median,median
PE_b6fd60d10e559978199b,2023,MT,1,NO2,0.0,16630.480628450467,0.0,5,5,4,GB3 | GBH | ISC | LC,1,1,Ruler,physical_event_point_total,median,median
PE_b6fd60d10e559978199b,2023,MT,1,NO3,4.403059192636418,16630.480628450467,0.0732249906090607,5,5,4,GB3 | GBH | ISC | LC,1,1,Ruler,physical_event_point_total,median,median
PE_b6fd60d10e559978199b,2023,MT,1,OP,0.0,16630.480628450467,0.0,5,5,4,GB3 | GBH | ISC | LC,1,1,Ruler,physical_event_point_total,median,median
PE_b6fd60d10e559978199b,2023,MT,1,TDS,411.5554354817674,16630.480628450467,6.844364697313028,5,5,4,GB3 | GBH | ISC | LC,1,1,Ruler,physical_event_point_total,median,median
PE_b6fd60d10e559978199b,2023,MT,1,TKN,0.426657343137554,16630.480628450467,0.007095516680035235,5,5,4,GB3 | GBH | ISC | LC,1,1,Ruler,physical_event_point_total,median,median
PE_b6fd60d10e559978199b,2023,MT,1,TP,0.6639733858385592,16630.480628450467,0.011042196530994827,5,5,4,GB3 | GBH | ISC | LC,1,1,Ruler,physical_event_point_total,median,median
PE_b6fd60d10e559978199b,2023,MT,1,TSS,309.3798624410561,16630.480628450467,5.145135809158654,5,5,4,GB3 | GBH | ISC | LC,1,1,Ruler,physical_event_point_total,median,median
PE_bca2b67b03840bac2206,2023,ST,1,NO2,0.003940883387158038,15640.321250265237,6.163668218498511e-05,4,4,4,GB3 | GBH | ISC | LC,1,1,Ruler,physical_event_point_total,median,median
PE_bca2b67b03840bac2206,2023,ST,1,NO3,4.403180722710773,15640.321250265237,0.06886716102617153,4,4,4,GB3 | GBH | ISC | LC,1,1,Ruler,physical_event_point_total,median,median
PE_bca2b67b03840bac2206,2023,ST,1,OP,0.04577914238189142,15640.321250265237,0.0007160004934144143,4,4,4,GB3 | GBH | ISC | LC,1,1,Ruler,physical_event_point_total,median,median
PE_bca2b67b03840bac2206,2023,ST,1,TDS,392.5993021451217,15640.321250265237,6.14037920817965,4,4,4,GB3 | GBH | ISC | LC,1,1,Ruler,physical_event_point_total,median,median
PE_bca2b67b03840bac2206,2023,ST,1,TKN,0.4656702050891426,15640.321250265237,0.007283231604271088,4,4,4,GB3 | GBH | ISC | LC,1,1,Ruler,physical_event_point_total,median,median
PE_bca2b67b03840bac2206,2023,ST,1,TP,0.8482639735304934,15640.321250265237,0.013267121051043405,4,4,4,GB3 | GBH | ISC | LC,1,1,Ruler,physical_event_point_total,median,median
PE_bca2b67b03840bac2206,2023,ST,1,TSS,315.5424814988972,15640.321250265237,4.935185778748627,4,4,4,GB3 | GBH | ISC | LC,1,1,Ruler,physical_event_point_total,median,median
PE_bf4d5c43e21a82c51f4f,2023,CT,1,NO2,0.3747603939185803,8662.934928429815,0.0032465249062693857,4,4,4,GB3 | GBH | ISC | LC,1,1,Ruler,physical_event_point_total,median,median
PE_bf4d5c43e21a82c51f4f,2023,CT,1,NO3,5.343688652318474,8662.934928429815,0.04629202707282375,4,4,4,GB3 | GBH | ISC | LC,1,1,Ruler,physical_event_point_total,median,median
PE_bf4d5c43e21a82c51f4f,2023,CT,1,OP,0.38140700172979813,8662.934928429815,0.0033041040372327594,4,4,4,GB3 | GBH | ISC | LC,1,1,Ruler,physical_event_point_total,median,median
PE_bf4d5c43e21a82c51f4f,2023,CT,1,TDS,240.68712541885026,8662.934928429815,2.0850569056143256,4,4,4,GB3 | GBH | ISC | LC,1,1,Ruler,physical_event_point_total,median,median
PE_bf4d5c43e21a82c51f4f,2023,CT,1,TKN,1.530460595334891,8662.934928429815,0.013258280547912116,4,4,4,GB3 | GBH | ISC | LC,1,1,Ruler,physical_event_point_total,median,median
PE_bf4d5c43e21a82c51f4f,2023,CT,1,TP,1.8198884375561273,8662.934928429815,0.015765575111550537,4,4,4,GB3 | GBH | ISC | LC,1,1,Ruler,physical_event_point_total,median,median
PE_bf4d5c43e21a82c51f4f,2023,CT,1,TSS,259.30594423274795,8662.934928429815,2.246350521443346,4,4,4,GB3 | GBH | ISC | LC,1,1,Ruler,physical_event_point_total,median,median
PE_bf74455b1a7c48461768,2023,MT,2,NO2,0.103137957240326,13841.848599044652,0.0014276199889353336,3,3,3,GB3 | GBH | LC,1,1,Ruler,physical_event_point_total,median,median
PE_bf74455b1a7c48461768,2023,MT,2,NO3,5.088858637438539,13841.848599044652,0.07043921080136492,3,3,3,GB3 | GBH | LC,1,1,Ruler,physical_event_point_total,median,median
PE_bf74455b1a7c48461768,2023,MT,2,OP,0.15356310222859107,13841.848599044652,0.002125597211447774,3,3,3,GB3 | GBH | LC,1,1,Ruler,physical_event_point_total,median,median
PE_bf74455b1a7c48461768,2023,MT,2,TDS,429.0333652175815,13841.848599044652,5.938614885280393,3,3,3,GB3 | GBH | LC,1,1,Ruler,physical_event_point_total,median,median
PE_bf74455b1a7c48461768,2023,MT,2,TKN,4.010857939556742,13841.848599044652,0.05551768835162062,3,3,3,GB3 | GBH | LC,1,1,Ruler,physical_event_point_total,median,median
PE_bf74455b1a7c48461768,2023,MT,2,TP,1.4247209852683373,13841.848599044652,0.01972077217396605,3,3,3,GB3 | GBH | LC,1,1,Ruler,physical_event_point_total,median,median
PE_bf74455b1a7c48461768,2023,MT,2,TSS,381.2082838715079,13841.848599044652,5.276627350051047,3,3,3,GB3 | GBH | LC,1,1,Ruler,physical_event_point_total,median,median
PE_c4acde3ff39ca34f7f1d,2023,MT,1,NO2,0.35039876954554694,8894.11595325322,0.0031164872862153477,4,4,4,GB3 | GBH | ISC | LC,1,1,Ruler,physical_event_point_total,median,median
PE_c4acde3ff39ca34f7f1d,2023,MT,1,NO3,5.115004854710666,8894.11595325322,0.045493446279249804,4,4,4,GB3 | GBH | ISC | LC,1,1,Ruler,physical_event_point_total,median,median
PE_c4acde3ff39ca34f7f1d,2023,MT,1,OP,0.3391124277706351,8894.11595325322,0.0030161052537812363,4,4,4,GB3 | GBH | ISC | LC,1,1,Ruler,physical_event_point_total,median,median
PE_c4acde3ff39ca34f7f1d,2023,MT,1,TDS,257.98630538261125,8894.11595325322,2.29456011442434,4,4,4,GB3 | GBH | ISC | LC,1,1,Ruler,physical_event_point_total,median,median
PE_c4acde3ff39ca34f7f1d,2023,MT,1,TKN,1.5126030386412261,8894.11595325322,0.013453266816918228,4,4,4,GB3 | GBH | ISC | LC,1,1,Ruler,physical_event_point_total,median,median
PE_c4acde3ff39ca34f7f1d,2023,MT,1,TP,1.858616318383561,8894.11595325322,0.016530749048311994,4,4,4,GB3 | GBH | ISC | LC,1,1,Ruler,physical_event_point_total,median,median
PE_c4acde3ff39ca34f7f1d,2023,MT,1,TSS,310.86088635767015,8894.11595325322,2.7648327685961904,4,4,4,GB3 | GBH | ISC | LC,1,1,Ruler,physical_event_point_total,median,median
PE_c9875bdbbfec951204a7,2023,ST,1,NO2,0.3616074967967951,8380.355942314152,0.0030303995345663673,4,4,4,GB3 | GBH | ISC | LC,1,1,Ruler,physical_event_point_total,median,median
PE_c9875bdbbfec951204a7,2023,ST,1,NO3,5.4301013524340895,8380.355942314152,0.04550618213623914,4,4,4,GB3 | GBH | ISC | LC,1,1,Ruler,physical_event_point_total,median,median
PE_c9875bdbbfec951204a7,2023,ST,1,OP,0.37794396781188966,8380.355942314152,0.0031673049765141583,4,4,4,GB3 | GBH | ISC | LC,1,1,Ruler,physical_event_point_total,median,median
PE_c9875bdbbfec951204a7,2023,ST,1,TDS,213.68509214355763,8380.355942314152,1.7907571317292104,4,4,4,GB3 | GBH | ISC | LC,1,1,Ruler,physical_event_point_total,median,median
PE_c9875bdbbfec951204a7,2023,ST,1,TKN,1.6972150470334253,8380.355942314152,0.01422326620479156,4,4,4,GB3 | GBH | ISC | LC,1,1,Ruler,physical_event_point_total,median,median
PE_c9875bdbbfec951204a7,2023,ST,1,TP,2.02982134017285,8380.355942314152,0.017010625329953618,4,4,4,GB3 | GBH | ISC | LC,1,1,Ruler,physical_event_point_total,median,median
PE_c9875bdbbfec951204a7,2023,ST,1,TSS,272.6179133500211,8380.355942314152,2.284635150124134,4,4,4,GB3 | GBH | ISC | LC,1,1,Ruler,physical_event_point_total,median,median
PE_d0ce0a7aa7e876660808,2023,ST,1,NO2,0.04238581761166403,14771.264651822372,0.000626092129425763,4,4,4,GB3 | GBH | ISC | LC,1,1,Ruler,physical_event_point_total,median,median
PE_d0ce0a7aa7e876660808,2023,ST,1,NO3,2.5920130651644238,14771.264651822372,0.03828731096652501,4,4,4,GB3 | GBH | ISC | LC,1,1,Ruler,physical_event_point_total,median,median
PE_d0ce0a7aa7e876660808,2023,ST,1,OP,0.12175106163348982,14771.264651822372,0.0017984171530286152,4,4,4,GB3 | GBH | ISC | LC,1,1,Ruler,physical_event_point_total,median,median
PE_d0ce0a7aa7e876660808,2023,ST,1,TDS,400.9320907941284,14771.264651822372,5.922274020528547,4,4,4,GB3 | GBH | ISC | LC,1,1,Ruler,physical_event_point_total,median,median
PE_d0ce0a7aa7e876660808,2023,ST,1,TKN,0.6804704823032455,14771.264651822372,0.01005140958185445,4,4,4,GB3 | GBH | ISC | LC,1,1,Ruler,physical_event_point_total,median,median
PE_d0ce0a7aa7e876660808,2023,ST,1,TP,0.9929729708812525,14771.264651822372,0.01466746654499329,4,4,4,GB3 | GBH | ISC | LC,1,1,Ruler,physical_event_point_total,median,median
PE_d0ce0a7aa7e876660808,2023,ST,1,TSS,312.5064495273521,14771.264651822372,4.616115471369889,4,4,4,GB3 | GBH | ISC | LC,1,1,Ruler,physical_event_point_total,median,median
PE_e29fdc102c9f799e8e4f,2023,ST,2,NO2,0.07163168020383984,13635.538759854207,0.0009767365518529394,4,4,4,GB3 | GBH | ISC | LC,1,1,Ruler,physical_event_point_total,median,median
PE_e29fdc102c9f799e8e4f,2023,ST,2,NO3,2.6459332872399566,13635.538759854207,0.036078725894148886,4,4,4,GB3 | GBH | ISC | LC,1,1,Ruler,physical_event_point_total,median,median
PE_e29fdc102c9f799e8e4f,2023,ST,2,OP,0.14122208816059778,13635.538759854207,0.001925639256861379,4,4,4,GB3 | GBH | ISC | LC,1,1,Ruler,physical_event_point_total,median,median
PE_e29fdc102c9f799e8e4f,2023,ST,2,TDS,406.34376123651657,13635.538759854207,5.540716106165465,4,4,4,GB3 | GBH | ISC | LC,1,1,Ruler,physical_event_point_total,median,median
PE_e29fdc102c9f799e8e4f,2023,ST,2,TKN,0.6954963314624159,13635.538759854207,0.009483467184992182,4,4,4,GB3 | GBH | ISC | LC,1,1,Ruler,physical_event_point_total,median,median
PE_e29fdc102c9f799e8e4f,2023,ST,2,TP,1.0427535538399404,13635.538759854207,0.014218506500360228,4,4,4,GB3 | GBH | ISC | LC,1,1,Ruler,physical_event_point_total,median,median
PE_e29fdc102c9f799e8e4f,2023,ST,2,TSS,387.10867217437357,13635.538759854207,5.278435303709366,4,4,4,GB3 | GBH | ISC | LC,1,1,Ruler,physical_event_point_total,median,median
PE_ee0d84028e7204c9f8b6,2023,CT,2,NO2,0.0404837131383956,18388.615670699724,0.0007444394418248136,4,4,4,GB3 | GBH | ISC | LC,1,1,Ruler,physical_event_point_total,median,median
PE_ee0d84028e7204c9f8b6,2023,CT,2,NO3,4.608344395713635,18388.615670699724,0.08474107397100099,4,4,4,GB3 | GBH | ISC | LC,1,1,Ruler,physical_event_point_total,median,median
PE_ee0d84028e7204c9f8b6,2023,CT,2,OP,0.056042921668291557,18388.615670699724,0.0010305517476213433,4,4,4,GB3 | GBH | ISC | LC,1,1,Ruler,physical_event_point_total,median,median
PE_ee0d84028e7204c9f8b6,2023,CT,2,TDS,487.4338091239764,18388.615670699724,8.96323298088601,4,4,4,GB3 | GBH | ISC | LC,1,1,Ruler,physical_event_point_total,median,median
PE_ee0d84028e7204c9f8b6,2023,CT,2,TKN,0.866834986048602,18388.615670699724,0.0159398954083641,4,4,4,GB3 | GBH | ISC | LC,1,1,Ruler,physical_event_point_total,median,median
PE_ee0d84028e7204c9f8b6,2023,CT,2,TP,0.9880579998109669,18388.615670699724,0.01816901881888417,4,4,4,GB3 | GBH | ISC | LC,1,1,Ruler,physical_event_point_total,median,median
PE_ee0d84028e7204c9f8b6,2023,CT,2,TSS,677.7778332927683,18388.615670699724,12.463396086540303,4,4,4,GB3 | GBH | ISC | LC,1,1,Ruler,physical_event_point_total,median,median
PE_f7a5e5b2a4c1c3239774,2023,CT,1,NO2,0.0,17647.63166776627,0.0,4,4,4,GB3 | GBH | ISC | LC,1,1,Ruler,physical_event_point_total,median,median
PE_f7a5e5b2a4c1c3239774,2023,CT,1,NO3,4.2325757644885105,17647.63166776627,0.07469493809760747,4,4,4,GB3 | GBH | ISC | LC,1,1,Ruler,physical_event_point_total,median,median
PE_f7a5e5b2a4c1c3239774,2023,CT,1,OP,0.03365401481425292,17647.63166776627,0.0005939136575834849,4,4,4,GB3 | GBH | ISC | LC,1,1,Ruler,physical_event_point_total,median,median
PE_f7a5e5b2a4c1c3239774,2023,CT,1,TDS,460.45937098195697,17647.63166776627,8.12601737706092,4,4,4,GB3 | GBH | ISC | LC,1,1,Ruler,physical_event_point_total,median,median
PE_f7a5e5b2a4c1c3239774,2023,CT,1,TKN,0.5527569907099662,17647.63166776627,0.009754851773832384,4,4,4,GB3 | GBH | ISC | LC,1,1,Ruler,physical_event_point_total,median,median
PE_f7a5e5b2a4c1c3239774,2023,CT,1,TP,0.8998436363948177,17647.63166776627,0.01588010905367914,4,4,4,GB3 | GBH | ISC | LC,1,1,Ruler,physical_event_point_total,median,median
PE_f7a5e5b2a4c1c3239774,2023,CT,1,TSS,416.10632928557243,17647.63166776627,7.343291233858047,4,4,4,GB3 | GBH | ISC | LC,1,1,Ruler,physical_event_point_total,median,median
PE_fc1529c70189a30552dd,2023,ST,2,NO2,0.3561386048558572,8473.744535857195,0.0030178275569051243,4,4,4,GB3 | GBH | ISC | LC,1,1,Ruler,physical_event_point_total,median,median
PE_fc1529c70189a30552dd,2023,ST,2,NO3,5.4773389114355115,8473.744535857195,0.04641357067181466,4,4,4,GB3 | GBH | ISC | LC,1,1,Ruler,physical_event_point_total,median,median
PE_fc1529c70189a30552dd,2023,ST,2,OP,0.35649532597738576,8473.744535857195,0.003020850320559502,4,4,4,GB3 | GBH | ISC | LC,1,1,Ruler,physical_event_point_total,median,median
PE_fc1529c70189a30552dd,2023,ST,2,TDS,196.51108626589277,8473.744535857195,1.6651847434809708,4,4,4,GB3 | GBH | ISC | LC,1,1,Ruler,physical_event_point_total,median,median
PE_fc1529c70189a30552dd,2023,ST,2,TKN,1.6819055979556048,8473.744535857195,0.014252038370503935,4,4,4,GB3 | GBH | ISC | LC,1,1,Ruler,physical_event_point_total,median,median
PE_fc1529c70189a30552dd,2023,ST,2,TP,2.0361801283146623,8473.744535857195,0.01725407023632737,4,4,4,GB3 | GBH | ISC | LC,1,1,Ruler,physical_event_point_total,median,median
PE_fc1529c70189a30552dd,2023,ST,2,TSS,309.0191204021661,8473.744535857195,2.6185490829832516,4,4,4,GB3 | GBH | ISC | LC,1,1,Ruler,physical_event_point_total,median,median
PE_00b38906ec1907c7d0dc,2024,ST,1,NO2,0.22166558195935054,6344.032305975218,0.0014062536130729172,4,4,2,ISC | LC,1,1,Bubbler,physical_event_point_total,median,median
PE_00b38906ec1907c7d0dc,2024,ST,1,NO3,1.1637045353688307,6344.032305975218,0.007382579166989743,4,4,2,ISC | LC,1,1,Bubbler,physical_event_point_total,median,median
PE_00b38906ec1907c7d0dc,2024,ST,1,OP,0.3253067150081498,6344.032305975218,0.002063756309362376,4,4,2,ISC | LC,1,1,Bubbler,physical_event_point_total,median,median
PE_00b38906ec1907c7d0dc,2024,ST,1,TDS,515.6943780405504,6344.032305975218,3.271581794299049,4,4,2,ISC | LC,1,1,Bubbler,physical_event_point_total,median,median
PE_00b38906ec1907c7d0dc,2024,ST,1,TKN,1.7341495232429567,6344.032305975218,0.01100150059884484,4,4,2,ISC | LC,1,1,Bubbler,physical_event_point_total,median,median
PE_00b38906ec1907c7d0dc,2024,ST,1,TP,1.6285465372664856,6344.032305975218,0.010331551844202659,4,4,2,ISC | LC,1,1,Bubbler,physical_event_point_total,median,median
PE_00b38906ec1907c7d0dc,2024,ST,1,TSS,693.2708635641095,6344.032305975218,4.398132755242049,4,4,2,ISC | LC,1,1,Bubbler,physical_event_point_total,median,median
PE_02b42436b7981ca07571,2024,MT,2,NO2,0.23387557627150182,6738.42759004984,0.0015759536357866934,4,4,2,ISC | LC,1,1,Etape,physical_event_point_total,median,median
PE_02b42436b7981ca07571,2024,MT,2,NO3,1.1809387419031836,6738.42759004984,0.007957670200599159,4,4,2,ISC | LC,1,1,Etape,physical_event_point_total,median,median
PE_02b42436b7981ca07571,2024,MT,2,OP,0.38895103054845565,6738.42759004984,0.0026209183554260318,4,4,2,ISC | LC,1,1,Etape,physical_event_point_total,median,median
PE_02b42436b7981ca07571,2024,MT,2,TDS,533.044097726231,6738.42759004984,3.591879054831658,4,4,2,ISC | LC,1,1,Etape,physical_event_point_total,median,median
PE_02b42436b7981ca07571,2024,MT,2,TKN,1.773059432252476,6738.42759004984,0.011947632597088188,4,4,2,ISC | LC,1,1,Etape,physical_event_point_total,median,median
PE_02b42436b7981ca07571,2024,MT,2,TP,1.6541409022989004,6738.42759004984,0.011146308693880846,4,4,2,ISC | LC,1,1,Etape,physical_event_point_total,median,median
PE_02b42436b7981ca07571,2024,MT,2,TSS,827.3633650090301,6738.42759004984,5.5751281257733245,4,4,2,ISC | LC,1,1,Etape,physical_event_point_total,median,median
PE_30f71765b192fa672ac6,2024,ST,2,NO2,0.15996426518335427,5215.990993063991,0.0008343721664084755,4,4,2,ISC | LC,2,2,Bubbler | Etape,physical_event_point_total,median,median
PE_30f71765b192fa672ac6,2024,ST,2,NO3,4.472707853841994,5215.990993063991,0.023329603880246415,4,4,2,ISC | LC,2,2,Bubbler | Etape,physical_event_point_total,median,median
PE_30f71765b192fa672ac6,2024,ST,2,OP,0.27061544414055627,5215.990993063991,0.001411527719221153,4,4,2,ISC | LC,2,2,Bubbler | Etape,physical_event_point_total,median,median
PE_30f71765b192fa672ac6,2024,ST,2,TDS,625.1340138887126,5215.990993063991,3.2606933859014644,4,4,2,ISC | LC,2,2,Bubbler | Etape,physical_event_point_total,median,median
PE_30f71765b192fa672ac6,2024,ST,2,TKN,1.300192019548875,5215.990993063991,0.006781789863220611,4,4,2,ISC | LC,2,2,Bubbler | Etape,physical_event_point_total,median,median
PE_30f71765b192fa672ac6,2024,ST,2,TP,1.398307639754516,5215.990993063991,0.007293560054492123,4,4,2,ISC | LC,2,2,Bubbler | Etape,physical_event_point_total,median,median
PE_30f71765b192fa672ac6,2024,ST,2,TSS,1137.3471678126134,5215.990993063991,5.932392583297431,4,4,2,ISC | LC,2,2,Bubbler | Etape,physical_event_point_total,median,median
PE_3a4478840ec05680e176,2024,CT,2,NO2,0.18416775693671228,7152.745169885253,0.00131730503387767,4,4,2,ISC | LC,2,2,Bubbler | Etape,physical_event_point_total,median,median
PE_3a4478840ec05680e176,2024,CT,2,NO3,0.9708323368502971,7152.745169885253,0.006944116308174375,4,4,2,ISC | LC,2,2,Bubbler | Etape,physical_event_point_total,median,median
PE_3a4478840ec05680e176,2024,CT,2,OP,0.32480356125643967,7152.745169885253,0.0023232371039385276,4,4,2,ISC | LC,2,2,Bubbler | Etape,physical_event_point_total,median,median
PE_3a4478840ec05680e176,2024,CT,2,TDS,605.1115301566549,7152.745169885253,4.328208574569888,4,4,2,ISC | LC,2,2,Bubbler | Etape,physical_event_point_total,median,median
PE_3a4478840ec05680e176,2024,CT,2,TKN,1.4240710636640836,7152.745169885253,0.010186017422196629,4,4,2,ISC | LC,2,2,Bubbler | Etape,physical_event_point_total,median,median
PE_3a4478840ec05680e176,2024,CT,2,TP,1.4691952469239828,7152.745169885253,0.01050877920605389,4,4,2,ISC | LC,2,2,Bubbler | Etape,physical_event_point_total,median,median
PE_3a4478840ec05680e176,2024,CT,2,TSS,828.470723416228,7152.745169885253,5.925839965306766,4,4,2,ISC | LC,2,2,Bubbler | Etape,physical_event_point_total,median,median
PE_47021952abc7ade62c23,2024,ST,2,NO2,0.21716804724230176,5885.0362753352465,0.0012780418358646643,4,4,2,ISC | LC,2,2,Bubbler | Etape,physical_event_point_total,median,median
PE_47021952abc7ade62c23,2024,ST,2,NO3,4.387991240700188,5885.0362753352465,0.02582348762737392,4,4,2,ISC | LC,2,2,Bubbler | Etape,physical_event_point_total,median,median
PE_47021952abc7ade62c23,2024,ST,2,OP,0.084003456284475,5885.0362753352465,0.000494363387487674,4,4,2,ISC | LC,2,2,Bubbler | Etape,physical_event_point_total,median,median
PE_47021952abc7ade62c23,2024,ST,2,TDS,694.435630540233,5885.0362753352465,4.086778876614576,4,4,2,ISC | LC,2,2,Bubbler | Etape,physical_event_point_total,median,median
PE_47021952abc7ade62c23,2024,ST,2,TKN,1.7461356595930817,5885.0362753352465,0.010276071698361724,4,4,2,ISC | LC,2,2,Bubbler | Etape,physical_event_point_total,median,median
PE_47021952abc7ade62c23,2024,ST,2,TP,1.4371472288956801,5885.0362753352465,0.008457663575048603,4,4,2,ISC | LC,2,2,Bubbler | Etape,physical_event_point_total,median,median
PE_47021952abc7ade62c23,2024,ST,2,TSS,1060.3144715768854,5885.0362753352465,6.239989128492893,4,4,2,ISC | LC,2,2,Bubbler | Etape,physical_event_point_total,median,median
PE_6dfbf6a0b565de5536dd,2024,ST,2,NO2,0.2679025462233834,5787.368368791298,0.0015504507219318577,4,4,2,ISC | LC,2,2,Bubbler | Etape,physical_event_point_total,median,median
PE_6dfbf6a0b565de5536dd,2024,ST,2,NO3,4.468896130478793,5787.368368791298,0.025863148108946795,4,4,2,ISC | LC,2,2,Bubbler | Etape,physical_event_point_total,median,median
PE_6dfbf6a0b565de5536dd,2024,ST,2,OP,0.09592391812977419,5787.368368791298,0.0005551470495947813,4,4,2,ISC | LC,2,2,Bubbler | Etape,physical_event_point_total,median,median
PE_6dfbf6a0b565de5536dd,2024,ST,2,TDS,724.9940022320716,5787.368368791298,4.195807356081299,4,4,2,ISC | LC,2,2,Bubbler | Etape,physical_event_point_total,median,median
PE_6dfbf6a0b565de5536dd,2024,ST,2,TKN,1.4759082651647395,5787.368368791298,0.008541624809052052,4,4,2,ISC | LC,2,2,Bubbler | Etape,physical_event_point_total,median,median
PE_6dfbf6a0b565de5536dd,2024,ST,2,TP,1.4295031677753922,5787.368368791298,0.008273061416270265,4,4,2,ISC | LC,2,2,Bubbler | Etape,physical_event_point_total,median,median
PE_6dfbf6a0b565de5536dd,2024,ST,2,TSS,1130.6462121091677,5787.368368791298,6.5434661242542935,4,4,2,ISC | LC,2,2,Bubbler | Etape,physical_event_point_total,median,median
PE_7a793bda6ecab836d590,2024,MT,1,NO2,0.27824976269017926,6730.235923509938,0.0018726865485655599,3,3,2,ISC | LC,1,1,Bubbler,physical_event_point_total,median,median
PE_7a793bda6ecab836d590,2024,MT,1,NO3,1.2705655817719665,6730.235923509938,0.008551206121616993,3,3,2,ISC | LC,1,1,Bubbler,physical_event_point_total,median,median
PE_7a793bda6ecab836d590,2024,MT,1,OP,0.32655807407035686,6730.235923509938,0.002197812881220535,3,3,2,ISC | LC,1,1,Bubbler,physical_event_point_total,median,median
PE_7a793bda6ecab836d590,2024,MT,1,TDS,659.5561354558948,6730.235923509938,4.43896839641665,3,3,2,ISC | LC,1,1,Bubbler,physical_event_point_total,median,median
PE_7a793bda6ecab836d590,2024,MT,1,TKN,1.6542122958363037,6730.235923509938,0.01113323901854934,3,3,2,ISC | LC,1,1,Bubbler,physical_event_point_total,median,median
PE_7a793bda6ecab836d590,2024,MT,1,TP,1.8051428574232036,6730.235923509938,0.012149037306097022,3,3,2,ISC | LC,1,1,Bubbler,physical_event_point_total,median,median
PE_7a793bda6ecab836d590,2024,MT,1,TSS,718.7609980730332,6730.235923509938,4.837431089648986,3,3,2,ISC | LC,1,1,Bubbler,physical_event_point_total,median,median
PE_828e337f2a8b9a9634d7,2024,CT,1,NO2,0.18380368701228422,4993.58688392494,0.0009178396806815873,4,4,2,ISC | LC,1,1,Etape,physical_event_point_total,median,median
PE_828e337f2a8b9a9634d7,2024,CT,1,NO3,3.812173256289644,4993.58688392494,0.019036418371857395,4,4,2,ISC | LC,1,1,Etape,physical_event_point_total,median,median
PE_828e337f2a8b9a9634d7,2024,CT,1,OP,0.07948193145411747,4993.58688392494,0.0003968999304183021,4,4,2,ISC | LC,1,1,Etape,physical_event_point_total,median,median
PE_828e337f2a8b9a9634d7,2024,CT,1,TDS,497.70950458759705,4993.58688392494,2.4853556541134045,4,4,2,ISC | LC,1,1,Etape,physical_event_point_total,median,median
PE_828e337f2a8b9a9634d7,2024,CT,1,TKN,1.7402131165823835,4993.58688392494,0.008689905394199933,4,4,2,ISC | LC,1,1,Etape,physical_event_point_total,median,median
PE_828e337f2a8b9a9634d7,2024,CT,1,TP,1.3804580299273175,4993.58688392494,0.006893437112053914,4,4,2,ISC | LC,1,1,Etape,physical_event_point_total,median,median
PE_828e337f2a8b9a9634d7,2024,CT,1,TSS,753.8592881597149,4993.58688392494,3.7644618536793435,4,4,2,ISC | LC,1,1,Etape,physical_event_point_total,median,median
PE_a354768a3ad269a40a28,2024,CT,2,NO2,0.17604882329152277,5537.471855700522,0.0009748654042060018,4,4,2,ISC | LC,2,2,Bubbler | Etape,physical_event_point_total,median,median
PE_a354768a3ad269a40a28,2024,CT,2,NO3,4.082794390012797,5537.471855700522,0.02260835902730784,4,4,2,ISC | LC,2,2,Bubbler | Etape,physical_event_point_total,median,median
PE_a354768a3ad269a40a28,2024,CT,2,OP,0.28214263252564137,5537.471855700522,0.0015623568869039936,4,4,2,ISC | LC,2,2,Bubbler | Etape,physical_event_point_total,median,median
PE_a354768a3ad269a40a28,2024,CT,2,TDS,585.6941239746993,5537.471855700522,3.24326472755907,4,4,2,ISC | LC,2,2,Bubbler | Etape,physical_event_point_total,median,median
PE_a354768a3ad269a40a28,2024,CT,2,TKN,1.2959004549751614,5537.471855700522,0.007176012297214457,4,4,2,ISC | LC,2,2,Bubbler | Etape,physical_event_point_total,median,median
PE_a354768a3ad269a40a28,2024,CT,2,TP,1.2807710117231994,5537.471855700522,0.0070922334310143,4,4,2,ISC | LC,2,2,Bubbler | Etape,physical_event_point_total,median,median
PE_a354768a3ad269a40a28,2024,CT,2,TSS,981.2673425718524,5537.471855700522,5.433740292409675,4,4,2,ISC | LC,2,2,Bubbler | Etape,physical_event_point_total,median,median
PE_add35a9103c77e144288,2024,CT,1,NO2,0.13101995751406015,5735.581353008672,0.0007514756251896318,4,4,3,GB | ISC | LC,2,2,Bubbler | Etape,physical_event_point_total,median,median
PE_add35a9103c77e144288,2024,CT,1,NO3,4.043210727030399,5735.581353008672,0.02319016405224019,4,4,3,GB | ISC | LC,2,2,Bubbler | Etape,physical_event_point_total,median,median
PE_add35a9103c77e144288,2024,CT,1,OP,0.049553833769998445,5735.581353008672,0.00028422004494129446,4,4,3,GB | ISC | LC,2,2,Bubbler | Etape,physical_event_point_total,median,median
PE_add35a9103c77e144288,2024,CT,1,TDS,643.002566104671,5735.581353008672,3.6879935280866767,4,4,3,GB | ISC | LC,2,2,Bubbler | Etape,physical_event_point_total,median,median
PE_add35a9103c77e144288,2024,CT,1,TKN,1.1476806395110206,5735.581353008672,0.006582615675188477,4,4,3,GB | ISC | LC,2,2,Bubbler | Etape,physical_event_point_total,median,median
PE_add35a9103c77e144288,2024,CT,1,TP,1.2482451713949911,5735.581353008672,0.007159411729036225,4,4,3,GB | ISC | LC,2,2,Bubbler | Etape,physical_event_point_total,median,median
PE_add35a9103c77e144288,2024,CT,1,TSS,773.8128755292626,5735.581353008672,4.438266699603658,4,4,3,GB | ISC | LC,2,2,Bubbler | Etape,physical_event_point_total,median,median
PE_ba059ebbc29b11d1a3be,2024,MT,2,NO2,0.20403573140525388,5758.823628241602,0.001175005791022133,4,4,2,ISC | LC,2,2,Bubbler | Etape,physical_event_point_total,median,median
PE_ba059ebbc29b11d1a3be,2024,MT,2,NO3,4.520690643091577,5758.823628241602,0.0260338600914065,4,4,2,ISC | LC,2,2,Bubbler | Etape,physical_event_point_total,median,median
PE_ba059ebbc29b11d1a3be,2024,MT,2,OP,0.3423430727478154,5758.823628241602,0.001971493376304953,4,4,2,ISC | LC,2,2,Bubbler | Etape,physical_event_point_total,median,median
PE_ba059ebbc29b11d1a3be,2024,MT,2,TDS,549.4018334565071,5758.823628241602,3.1639082599085904,4,4,2,ISC | LC,2,2,Bubbler | Etape,physical_event_point_total,median,median
PE_ba059ebbc29b11d1a3be,2024,MT,2,TKN,1.7098501032418592,5758.823628241602,0.009846725175300561,4,4,2,ISC | LC,2,2,Bubbler | Etape,physical_event_point_total,median,median
PE_ba059ebbc29b11d1a3be,2024,MT,2,TP,1.4921389696976566,5758.823628241602,0.008592965155314946,4,4,2,ISC | LC,2,2,Bubbler | Etape,physical_event_point_total,median,median
PE_ba059ebbc29b11d1a3be,2024,MT,2,TSS,1021.6725049971296,5758.823628241602,5.883631762102256,4,4,2,ISC | LC,2,2,Bubbler | Etape,physical_event_point_total,median,median
PE_c918bf0b868668efb5e3,2024,MT,2,NO2,0.2957000592238862,7064.990678607923,0.002089118162080567,4,4,2,ISC | LC,1,1,Etape,physical_event_point_total,median,median
PE_c918bf0b868668efb5e3,2024,MT,2,NO3,4.391024744581926,7064.990678607923,0.031022548890008043,4,4,2,ISC | LC,1,1,Etape,physical_event_point_total,median,median
PE_c918bf0b868668efb5e3,2024,MT,2,OP,0.12941347346247706,7064.990678607923,0.0009143049836986742,4,4,2,ISC | LC,1,1,Etape,physical_event_point_total,median,median
PE_c918bf0b868668efb5e3,2024,MT,2,TDS,579.0488823992919,7064.990678607923,4.090974956609332,4,4,2,ISC | LC,1,1,Etape,physical_event_point_total,median,median
PE_c918bf0b868668efb5e3,2024,MT,2,TKN,1.9494121858426017,7064.990678607923,0.013772578921742678,4,4,2,ISC | LC,1,1,Etape,physical_event_point_total,median,median
PE_c918bf0b868668efb5e3,2024,MT,2,TP,1.520994954738739,7064.990678607923,0.01074581517743887,4,4,2,ISC | LC,1,1,Etape,physical_event_point_total,median,median
PE_c918bf0b868668efb5e3,2024,MT,2,TSS,1011.6505680787672,7064.990678607923,7.1473018334848994,4,4,2,ISC | LC,1,1,Etape,physical_event_point_total,median,median
PE_d0a561512025e1d2770d,2024,MT,1,NO2,0.2216945983149043,5795.739312269521,0.0012848840987714912,4,4,2,ISC | LC,1,1,Bubbler,physical_event_point_total,median,median
PE_d0a561512025e1d2770d,2024,MT,1,NO3,4.340619184802188,5795.739312269521,0.025157097248949323,4,4,2,ISC | LC,1,1,Bubbler,physical_event_point_total,median,median
PE_d0a561512025e1d2770d,2024,MT,1,OP,0.0934590627998971,5795.739312269521,0.0005416643643572296,4,4,2,ISC | LC,1,1,Bubbler,physical_event_point_total,median,median
PE_d0a561512025e1d2770d,2024,MT,1,TDS,549.338382281757,5795.739312269521,3.1838220579289223,4,4,2,ISC | LC,1,1,Bubbler,physical_event_point_total,median,median
PE_d0a561512025e1d2770d,2024,MT,1,TKN,1.9969463978646018,5795.739312269521,0.011573780742598886,4,4,2,ISC | LC,1,1,Bubbler,physical_event_point_total,median,median
PE_d0a561512025e1d2770d,2024,MT,1,TP,1.3884507691585148,5795.739312269521,0.008047098705962858,4,4,2,ISC | LC,1,1,Bubbler,physical_event_point_total,median,median
PE_d0a561512025e1d2770d,2024,MT,1,TSS,874.7457130754574,5795.739312269521,5.069798117510663,4,4,2,ISC | LC,1,1,Bubbler,physical_event_point_total,median,median
PE_d36d20c6bc7c067588be,2024,ST,2,NO2,0.13536872526564736,6061.71049705203,0.0008205660229153271,3,3,2,ISC | LC,2,2,Bubbler | Etape,physical_event_point_total,median,median
PE_d36d20c6bc7c067588be,2024,ST,2,NO3,1.1540690546415155,6061.71049705203,0.006995632502843388,3,3,2,ISC | LC,2,2,Bubbler | Etape,physical_event_point_total,median,median
PE_d36d20c6bc7c067588be,2024,ST,2,OP,0.36042619460545927,6061.71049705203,0.00218479924725243,3,3,2,ISC | LC,2,2,Bubbler | Etape,physical_event_point_total,median,median
PE_d36d20c6bc7c067588be,2024,ST,2,TDS,738.4923895053449,6061.71049705203,4.476527069457586,3,3,2,ISC | LC,2,2,Bubbler | Etape,physical_event_point_total,median,median
PE_d36d20c6bc7c067588be,2024,ST,2,TKN,1.391247981576651,6061.71049705203,0.008433342493925635,3,3,2,ISC | LC,2,2,Bubbler | Etape,physical_event_point_total,median,median
PE_d36d20c6bc7c067588be,2024,ST,2,TP,2.16271868894525,6061.71049705203,0.013109774578950028,3,3,2,ISC | LC,2,2,Bubbler | Etape,physical_event_point_total,median,median
PE_d36d20c6bc7c067588be,2024,ST,2,TSS,1091.3645369135322,6061.71049705203,6.6155358695190865,3,3,2,ISC | LC,2,2,Bubbler | Etape,physical_event_point_total,median,median
PE_e01f96101de9649fe0a8,2024,CT,1,NO2,0.17713762374413355,5397.290608376865,0.0009560632330244067,2,2,1,LC,1,1,Etape,physical_event_point_total,median,median
PE_e01f96101de9649fe0a8,2024,CT,1,NO3,3.7529525063974423,5397.290608376865,0.02025577531646333,2,2,1,LC,1,1,Etape,physical_event_point_total,median,median
PE_e01f96101de9649fe0a8,2024,CT,1,OP,0.2420330311852913,5397.290608376865,0.0013063226061333577,2,2,1,LC,1,1,Etape,physical_event_point_total,median,median
PE_e01f96101de9649fe0a8,2024,CT,1,TDS,586.9951446194561,5397.290608376865,3.1681833812174105,2,2,1,LC,1,1,Etape,physical_event_point_total,median,median
PE_e01f96101de9649fe0a8,2024,CT,1,TKN,1.3126511449059732,5397.290608376865,0.007084759696476149,2,2,1,LC,1,1,Etape,physical_event_point_total,median,median
PE_e01f96101de9649fe0a8,2024,CT,1,TP,1.0703649335426844,5397.290608376865,0.005777070603345857,2,2,1,LC,1,1,Etape,physical_event_point_total,median,median
PE_e01f96101de9649fe0a8,2024,CT,1,TSS,644.1604574692376,5397.290608376865,3.476721187386461,4,4,2,ISC | LC,1,1,Etape,physical_event_point_total,median,median
PE_e582d3221277d02f35d9,2024,MT,2,NO2,0.21843157116355386,6781.182555042418,0.0014812243598447978,4,4,3,GB | ISC | LC,1,1,Etape,physical_event_point_total,median,median
PE_e582d3221277d02f35d9,2024,MT,2,NO3,4.6506186128208915,6781.182555042418,0.031536693807416596,4,4,3,GB | ISC | LC,1,1,Etape,physical_event_point_total,median,median
PE_e582d3221277d02f35d9,2024,MT,2,OP,0.11507264647211368,6781.182555042418,0.0007803286228192607,4,4,3,GB | ISC | LC,1,1,Etape,physical_event_point_total,median,median
PE_e582d3221277d02f35d9,2024,MT,2,TDS,600.2099398530622,6781.182555042418,4.070133173494645,4,4,3,GB | ISC | LC,1,1,Etape,physical_event_point_total,median,median
PE_e582d3221277d02f35d9,2024,MT,2,TKN,1.5267038307927967,6781.182555042418,0.010352857384088546,4,4,3,GB | ISC | LC,1,1,Etape,physical_event_point_total,median,median
PE_e582d3221277d02f35d9,2024,MT,2,TP,1.5361695788935898,6781.182555042418,0.01041704634998007,4,4,3,GB | ISC | LC,1,1,Etape,physical_event_point_total,median,median
PE_e582d3221277d02f35d9,2024,MT,2,TSS,1055.8283122816695,6781.182555042418,7.159764532364336,4,4,3,GB | ISC | LC,1,1,Etape,physical_event_point_total,median,median
PE_f0055d0fbf3bb2c0c279,2024,ST,1,NO2,0.25984527564459725,5077.488629410357,0.0013193614324914426,4,4,2,ISC | LC,1,1,Bubbler,physical_event_point_total,median,median
PE_f0055d0fbf3bb2c0c279,2024,ST,1,NO3,4.469670489633002,5077.488629410357,0.022694701088322593,4,4,2,ISC | LC,1,1,Bubbler,physical_event_point_total,median,median
PE_f0055d0fbf3bb2c0c279,2024,ST,1,OP,0.1136791780020372,5077.488629410357,0.0005772047337060599,4,4,2,ISC | LC,1,1,Bubbler,physical_event_point_total,median,median
PE_f0055d0fbf3bb2c0c279,2024,ST,1,TDS,551.4618211210338,5077.488629410357,2.800041126295978,4,4,2,ISC | LC,1,1,Bubbler,physical_event_point_total,median,median
PE_f0055d0fbf3bb2c0c279,2024,ST,1,TKN,2.090915439479965,5077.488629410357,0.010616599369018083,4,4,2,ISC | LC,1,1,Bubbler,physical_event_point_total,median,median
PE_f0055d0fbf3bb2c0c279,2024,ST,1,TP,1.4104582425153807,5077.488629410357,0.007161585688629962,4,4,2,ISC | LC,1,1,Bubbler,physical_event_point_total,median,median
PE_f0055d0fbf3bb2c0c279,2024,ST,1,TSS,855.7605312891516,5077.488629410357,4.345114367118834,4,4,2,ISC | LC,1,1,Bubbler,physical_event_point_total,median,median
PE_f6579064c70952c33aa8,2024,ST,1,NO2,0.13130331518403582,5101.1749484142965,0.0006698011820605499,4,4,2,ISC | LC,2,2,Bubbler | Etape,physical_event_point_total,median,median
PE_f6579064c70952c33aa8,2024,ST,1,NO3,4.358698713258505,5101.1749484142965,0.022234484683759916,4,4,2,ISC | LC,2,2,Bubbler | Etape,physical_event_point_total,median,median
PE_f6579064c70952c33aa8,2024,ST,1,OP,0.24961911001413795,5101.1749484142965,0.0012733507506495927,4,4,2,ISC | LC,2,2,Bubbler | Etape,physical_event_point_total,median,median
PE_f6579064c70952c33aa8,2024,ST,1,TDS,617.684343408162,5101.1749484142965,3.1509158986214496,4,4,2,ISC | LC,2,2,Bubbler | Etape,physical_event_point_total,median,median
PE_f6579064c70952c33aa8,2024,ST,1,TKN,1.3741149784241675,5101.1749484142965,0.007009600904178215,4,4,2,ISC | LC,2,2,Bubbler | Etape,physical_event_point_total,median,median
PE_f6579064c70952c33aa8,2024,ST,1,TP,1.3197990076191608,5101.1749484142965,0.006732525634608913,4,4,2,ISC | LC,2,2,Bubbler | Etape,physical_event_point_total,median,median
PE_f6579064c70952c33aa8,2024,ST,1,TSS,917.9764234526247,5101.1749484142965,4.682758334551483,4,4,2,ISC | LC,2,2,Bubbler | Etape,physical_event_point_total,median,median
PE_01024210b88310ac1815,2025,CT,1,NO2,0.5878642087140002,20182.606947951113,0.011864632263242966,4,4,2,ISC | LC,2,2,Bubbler | Etape,physical_event_point_total,median,median
PE_01024210b88310ac1815,2025,CT,1,NO3,1.9407769171478597,20182.606947951113,0.039169937692451536,4,4,2,ISC | LC,2,2,Bubbler | Etape,physical_event_point_total,median,median
PE_01024210b88310ac1815,2025,CT,1,OP,0.2227238091906163,20182.606947951113,0.004495147098844671,4,4,2,ISC | LC,2,2,Bubbler | Etape,physical_event_point_total,median,median
PE_01024210b88310ac1815,2025,CT,1,TDS,683.4570447399443,20182.606947951113,13.793944899794536,4,4,2,ISC | LC,2,2,Bubbler | Etape,physical_event_point_total,median,median
PE_01024210b88310ac1815,2025,CT,1,TKN,1.1528579679414637,20182.606947951113,0.02326767923377619,4,4,2,ISC | LC,2,2,Bubbler | Etape,physical_event_point_total,median,median
PE_01024210b88310ac1815,2025,CT,1,TP,0.5606019504800583,20182.606947951113,0.011314408820793771,4,4,2,ISC | LC,2,2,Bubbler | Etape,physical_event_point_total,median,median
PE_01024210b88310ac1815,2025,CT,1,TSS,854.2740809524364,20182.606947951113,17.241478001685195,4,4,2,ISC | LC,2,2,Bubbler | Etape,physical_event_point_total,median,median
PE_0373cedd6c6b07cdac38,2025,ST,1,NO2,0.6121972965405174,21701.9820499726,0.013285894740564061,4,4,2,ISC | LC,2,2,Bubbler | Etape,physical_event_point_total,median,median
PE_0373cedd6c6b07cdac38,2025,ST,1,NO3,1.1462392433778725,21701.9820499726,0.024875663484760765,4,4,2,ISC | LC,2,2,Bubbler | Etape,physical_event_point_total,median,median
PE_0373cedd6c6b07cdac38,2025,ST,1,OP,0.14286154949488347,21701.9820499726,0.0031003787827692335,4,4,2,ISC | LC,2,2,Bubbler | Etape,physical_event_point_total,median,median
PE_0373cedd6c6b07cdac38,2025,ST,1,TDS,491.9472607443273,21701.9820499726,10.676230622206582,4,4,2,ISC | LC,2,2,Bubbler | Etape,physical_event_point_total,median,median
PE_0373cedd6c6b07cdac38,2025,ST,1,TKN,0.7247457477025456,21701.9820499726,0.01572841920743462,4,4,2,ISC | LC,2,2,Bubbler | Etape,physical_event_point_total,median,median
PE_0373cedd6c6b07cdac38,2025,ST,1,TP,0.396532840328544,21701.9820499726,0.008605548583034714,4,4,2,ISC | LC,2,2,Bubbler | Etape,physical_event_point_total,median,median
PE_0373cedd6c6b07cdac38,2025,ST,1,TSS,453.5063536412749,21701.9820499726,9.841986746271473,4,4,2,ISC | LC,2,2,Bubbler | Etape,physical_event_point_total,median,median
PE_07b0e2786e6c6d7e52f2,2025,MT,2,TSS,252.0928454660357,16862.45147183229,4.2509033730671435,1,1,1,LC,1,1,Etape,physical_event_point_total,median,median
PE_0c2d197a5610b0bbb10e,2025,ST,2,NO2,0.6982155163302638,14579.462288662702,0.010179606789696238,4,4,2,ISC | LC,2,2,Bubbler | Etape,physical_event_point_total,median,median
PE_0c2d197a5610b0bbb10e,2025,ST,2,NO3,1.827437591374706,14579.462288662702,0.02664305744833213,4,4,2,ISC | LC,2,2,Bubbler | Etape,physical_event_point_total,median,median
PE_0c2d197a5610b0bbb10e,2025,ST,2,OP,0.26495711760367113,14579.462288662702,0.003862932304215492,4,4,2,ISC | LC,2,2,Bubbler | Etape,physical_event_point_total,median,median
PE_0c2d197a5610b0bbb10e,2025,ST,2,TDS,674.8066064186963,14579.462288662702,9.838317470421838,4,4,2,ISC | LC,2,2,Bubbler | Etape,physical_event_point_total,median,median
PE_0c2d197a5610b0bbb10e,2025,ST,2,TKN,0.8456637558162587,14579.462288662702,0.012329322836812009,4,4,2,ISC | LC,2,2,Bubbler | Etape,physical_event_point_total,median,median
PE_0c2d197a5610b0bbb10e,2025,ST,2,TP,0.5089063803002051,14579.462288662702,0.00741958138004668,4,4,2,ISC | LC,2,2,Bubbler | Etape,physical_event_point_total,median,median
PE_0c2d197a5610b0bbb10e,2025,ST,2,TSS,499.32342425552145,14579.462288662702,7.279867033779301,4,4,2,ISC | LC,2,2,Bubbler | Etape,physical_event_point_total,median,median
PE_2000666922e9baf4491a,2025,ST,2,NO2,0.7332690708699734,17130.50135186396,0.01256126680981811,4,4,2,ISC | LC,2,2,Bubbler | Etape,physical_event_point_total,median,median
PE_2000666922e9baf4491a,2025,ST,2,NO3,1.7664673048262804,17130.50135186396,0.030260470553350086,4,4,2,ISC | LC,2,2,Bubbler | Etape,physical_event_point_total,median,median
PE_2000666922e9baf4491a,2025,ST,2,OP,0.48395365466753604,17130.50135186396,0.00829036873552173,4,4,2,ISC | LC,2,2,Bubbler | Etape,physical_event_point_total,median,median
PE_2000666922e9baf4491a,2025,ST,2,TDS,620.8052583380763,17130.50135186396,10.634705317204673,4,4,2,ISC | LC,2,2,Bubbler | Etape,physical_event_point_total,median,median
PE_2000666922e9baf4491a,2025,ST,2,TKN,0.8468625867886452,17130.50135186396,0.014507180687825898,4,4,2,ISC | LC,2,2,Bubbler | Etape,physical_event_point_total,median,median
PE_2000666922e9baf4491a,2025,ST,2,TP,0.8782166145300409,17130.50135186396,0.015044290902436256,4,4,2,ISC | LC,2,2,Bubbler | Etape,physical_event_point_total,median,median
PE_2000666922e9baf4491a,2025,ST,2,TSS,423.84018634227937,17130.50135186396,7.260594885110689,4,4,2,ISC | LC,2,2,Bubbler | Etape,physical_event_point_total,median,median
PE_2314eec6a45e0be9e203,2025,MT,1,NO2,0.6870909983020244,19707.904415860176,0.013541123719534242,4,4,2,ISC | LC,2,2,Bubbler | Etape,physical_event_point_total,median,median
PE_2314eec6a45e0be9e203,2025,MT,1,NO3,1.5941693815406244,19707.904415860176,0.031417737794093556,4,4,2,ISC | LC,2,2,Bubbler | Etape,physical_event_point_total,median,median
PE_2314eec6a45e0be9e203,2025,MT,1,OP,0.23554584916646265,19707.904415860176,0.004642115080925264,4,4,2,ISC | LC,2,2,Bubbler | Etape,physical_event_point_total,median,median
PE_2314eec6a45e0be9e203,2025,MT,1,TDS,480.26307778311383,19707.904415860176,9.464978831416428,4,4,2,ISC | LC,2,2,Bubbler | Etape,physical_event_point_total,median,median
PE_2314eec6a45e0be9e203,2025,MT,1,TKN,0.6709490682513761,19707.904415860176,0.013223000105008566,4,4,2,ISC | LC,2,2,Bubbler | Etape,physical_event_point_total,median,median
PE_2314eec6a45e0be9e203,2025,MT,1,TP,0.6994716021743457,19707.904415860176,0.01378511947726058,4,4,2,ISC | LC,2,2,Bubbler | Etape,physical_event_point_total,median,median
PE_2314eec6a45e0be9e203,2025,MT,1,TSS,405.25132965836747,19707.904415860176,7.986654469307348,4,4,2,ISC | LC,2,2,Bubbler | Etape,physical_event_point_total,median,median
PE_30d8eee773ba85ed7ec9,2025,CT,2,NO2,0.6700382286974786,29725.765085000836,0.019917398984231317,4,4,2,ISC | LC,2,2,Bubbler | Etape,physical_event_point_total,median,median
PE_30d8eee773ba85ed7ec9,2025,CT,2,NO3,1.7647050109817704,29725.765085000836,0.05245720660076792,4,4,2,ISC | LC,2,2,Bubbler | Etape,physical_event_point_total,median,median
PE_30d8eee773ba85ed7ec9,2025,CT,2,OP,0.2837517608757138,29725.765085000836,0.0084347381862468,4,4,2,ISC | LC,2,2,Bubbler | Etape,physical_event_point_total,median,median
PE_30d8eee773ba85ed7ec9,2025,CT,2,TDS,536.8966798472995,29725.765085000836,15.95966458005773,4,4,2,ISC | LC,2,2,Bubbler | Etape,physical_event_point_total,median,median
PE_30d8eee773ba85ed7ec9,2025,CT,2,TKN,2.1512780013064834,29725.765085000836,0.06394838449936666,4,4,2,ISC | LC,2,2,Bubbler | Etape,physical_event_point_total,median,median
PE_30d8eee773ba85ed7ec9,2025,CT,2,TP,1.0057616776988252,29725.765085000836,0.029897035362771603,4,4,2,ISC | LC,2,2,Bubbler | Etape,physical_event_point_total,median,median
PE_30d8eee773ba85ed7ec9,2025,CT,2,TSS,580.1606872542924,29725.765085000836,17.245720300873735,4,4,2,ISC | LC,2,2,Bubbler | Etape,physical_event_point_total,median,median
PE_326f1ee42ddcd2cd3c31,2025,ST,2,NO2,0.7802881526690082,15383.84636525277,0.01200383306128692,4,4,2,ISC | LC,1,1,Etape,physical_event_point_total,median,median
PE_326f1ee42ddcd2cd3c31,2025,ST,2,NO3,2.1177572356680168,15383.84636525277,0.032579251952419175,4,4,2,ISC | LC,1,1,Etape,physical_event_point_total,median,median
PE_326f1ee42ddcd2cd3c31,2025,ST,2,OP,0.3656190684697378,15383.84636525277,0.00562462757754528,4,4,2,ISC | LC,1,1,Etape,physical_event_point_total,median,median
PE_326f1ee42ddcd2cd3c31,2025,ST,2,TDS,427.4685087496904,15383.84636525277,6.576109864588946,4,4,2,ISC | LC,1,1,Etape,physical_event_point_total,median,median
PE_326f1ee42ddcd2cd3c31,2025,ST,2,TKN,1.7786109180836096,15383.84636525277,0.02736187710735943,4,4,2,ISC | LC,1,1,Etape,physical_event_point_total,median,median
PE_326f1ee42ddcd2cd3c31,2025,ST,2,TP,0.8132595585604572,15383.84636525277,0.012511060103967362,4,4,2,ISC | LC,1,1,Etape,physical_event_point_total,median,median
PE_326f1ee42ddcd2cd3c31,2025,ST,2,TSS,576.4877875201885,15383.84636525277,8.868599554655063,4,4,2,ISC | LC,1,1,Etape,physical_event_point_total,median,median
PE_33b48c45a8f1d7ee984a,2025,ST,1,NO2,0.7471213965766472,16394.377026095208,0.012248589859740353,4,4,2,ISC | LC,2,2,Bubbler | Etape,physical_event_point_total,median,median
PE_33b48c45a8f1d7ee984a,2025,ST,1,NO3,1.7631259349770032,16394.377026095208,0.028905351322499613,4,4,2,ISC | LC,2,2,Bubbler | Etape,physical_event_point_total,median,median
PE_33b48c45a8f1d7ee984a,2025,ST,1,OP,0.2497511024969031,16394.377026095208,0.0040945137370171775,4,4,2,ISC | LC,2,2,Bubbler | Etape,physical_event_point_total,median,median
PE_33b48c45a8f1d7ee984a,2025,ST,1,TDS,603.2294395564696,16394.377026095208,9.889570865328873,4,4,2,ISC | LC,2,2,Bubbler | Etape,physical_event_point_total,median,median
PE_33b48c45a8f1d7ee984a,2025,ST,1,TKN,0.8445996723588719,16394.377026095208,0.01384668546476783,4,4,2,ISC | LC,2,2,Bubbler | Etape,physical_event_point_total,median,median
PE_33b48c45a8f1d7ee984a,2025,ST,1,TP,0.4669358224027621,16394.377026095208,0.007655121919460715,4,4,2,ISC | LC,2,2,Bubbler | Etape,physical_event_point_total,median,median
PE_33b48c45a8f1d7ee984a,2025,ST,1,TSS,409.52678118481356,16394.377026095208,6.713936453027027,4,4,2,ISC | LC,2,2,Bubbler | Etape,physical_event_point_total,median,median
PE_39c8810e26ab4ca7933c,2025,MT,2,NO2,0.6678616919532819,21253.67703403114,0.014194516704176648,4,4,2,ISC | LC,1,1,Etape,physical_event_point_total,median,median
PE_39c8810e26ab4ca7933c,2025,MT,2,NO3,1.3373353989707966,21253.67703403114,0.028423294655902494,4,4,2,ISC | LC,1,1,Etape,physical_event_point_total,median,median
PE_39c8810e26ab4ca7933c,2025,MT,2,OP,0.22825056154245515,21253.67703403114,0.004851163717859591,4,4,2,ISC | LC,1,1,Etape,physical_event_point_total,median,median
PE_39c8810e26ab4ca7933c,2025,MT,2,TDS,427.5397016507666,21253.67703403114,9.086790738111423,4,4,2,ISC | LC,1,1,Etape,physical_event_point_total,median,median
PE_39c8810e26ab4ca7933c,2025,MT,2,TKN,1.119026152645504,21253.67703403114,0.02378342044096198,4,4,2,ISC | LC,1,1,Etape,physical_event_point_total,median,median
PE_39c8810e26ab4ca7933c,2025,MT,2,TP,0.5551915340370444,21253.67703403114,0.011799861556451647,4,4,2,ISC | LC,1,1,Etape,physical_event_point_total,median,median
PE_39c8810e26ab4ca7933c,2025,MT,2,TSS,513.7386037713345,21253.67703403114,10.918834364470037,4,4,2,ISC | LC,1,1,Etape,physical_event_point_total,median,median
PE_41cebec90b66f3ef63c2,2025,CT,1,NO2,0.6638559127614423,18999.073690910896,0.012612647406701557,3,3,2,ISC | LC,1,1,Etape,physical_event_point_total,median,median
PE_41cebec90b66f3ef63c2,2025,CT,1,NO3,1.8017179268062198,18999.073690910896,0.03423097166162657,3,3,2,ISC | LC,1,1,Etape,physical_event_point_total,median,median
PE_41cebec90b66f3ef63c2,2025,CT,1,OP,0.2731428419320484,18999.073690910896,0.005189460982011815,3,3,2,ISC | LC,1,1,Etape,physical_event_point_total,median,median
PE_41cebec90b66f3ef63c2,2025,CT,1,TDS,524.0508277035134,18999.073690910896,9.9564802933219,3,3,2,ISC | LC,1,1,Etape,physical_event_point_total,median,median
PE_41cebec90b66f3ef63c2,2025,CT,1,TKN,1.4860017726693089,18999.073690910896,0.028232657183768422,3,3,2,ISC | LC,1,1,Etape,physical_event_point_total,median,median
PE_41cebec90b66f3ef63c2,2025,CT,1,TP,0.7723354732620098,18999.073690910896,0.014673658570609467,3,3,2,ISC | LC,1,1,Etape,physical_event_point_total,median,median
PE_41cebec90b66f3ef63c2,2025,CT,1,TSS,660.3038091736454,18999.073690910896,12.545160728879255,3,3,2,ISC | LC,1,1,Etape,physical_event_point_total,median,median
PE_44d1a7f433fe780ac78b,2025,ST,2,NO2,0.7817176584852045,19633.55097026434,0.015347893492224953,4,4,2,ISC | LC,1,1,Etape,physical_event_point_total,median,median
PE_44d1a7f433fe780ac78b,2025,ST,2,NO3,1.64546034849325,19633.55097026434,0.03230622962169115,4,4,2,ISC | LC,1,1,Etape,physical_event_point_total,median,median
PE_44d1a7f433fe780ac78b,2025,ST,2,OP,0.27517296616903003,19633.55097026434,0.005402622456918476,4,4,2,ISC | LC,1,1,Etape,physical_event_point_total,median,median
PE_44d1a7f433fe780ac78b,2025,ST,2,TDS,500.93517095274103,19633.55097026434,9.835136211698723,4,4,2,ISC | LC,1,1,Etape,physical_event_point_total,median,median
PE_44d1a7f433fe780ac78b,2025,ST,2,TKN,2.6528459076858937,19633.55097026434,0.052084785344808156,4,4,2,ISC | LC,1,1,Etape,physical_event_point_total,median,median
PE_44d1a7f433fe780ac78b,2025,ST,2,TP,0.8468850855525075,19633.55097026434,0.016627361493151832,4,4,2,ISC | LC,1,1,Etape,physical_event_point_total,median,median
PE_44d1a7f433fe780ac78b,2025,ST,2,TSS,417.719836228547,19633.55097026434,8.20132369588365,4,4,2,ISC | LC,1,1,Etape,physical_event_point_total,median,median
PE_55ff1c1f21eee62bac5f,2025,ST,1,NO2,0.8678914159942617,22542.140347746823,0.01956413010594737,4,4,2,ISC | LC,2,2,Bubbler | Etape,physical_event_point_total,median,median
PE_55ff1c1f21eee62bac5f,2025,ST,1,NO3,1.4629448594077732,22542.140347746823,0.03297790834178477,4,4,2,ISC | LC,2,2,Bubbler | Etape,physical_event_point_total,median,median
PE_55ff1c1f21eee62bac5f,2025,ST,1,OP,0.31286098373316973,22542.140347746823,0.007052556204647248,4,4,2,ISC | LC,2,2,Bubbler | Etape,physical_event_point_total,median,median
PE_55ff1c1f21eee62bac5f,2025,ST,1,TDS,461.35635362781034,22542.140347746823,10.399959673802815,4,4,2,ISC | LC,2,2,Bubbler | Etape,physical_event_point_total,median,median
PE_55ff1c1f21eee62bac5f,2025,ST,1,TKN,2.4006101070090446,22542.140347746823,0.05411488995241741,4,4,2,ISC | LC,2,2,Bubbler | Etape,physical_event_point_total,median,median
PE_55ff1c1f21eee62bac5f,2025,ST,1,TP,0.86486499848321,22542.140347746823,0.01949590817766236,4,4,2,ISC | LC,2,2,Bubbler | Etape,physical_event_point_total,median,median
PE_55ff1c1f21eee62bac5f,2025,ST,1,TSS,336.00888727098436,22542.140347746823,7.57435949495277,4,4,2,ISC | LC,2,2,Bubbler | Etape,physical_event_point_total,median,median
PE_5c35b22fc4eba02df28c,2025,CT,2,NO2,0.635905760242497,21234.603637915752,0.013503206769816908,4,4,2,ISC | LC,2,2,Bubbler | Etape,physical_event_point_total,median,median
PE_5c35b22fc4eba02df28c,2025,CT,2,NO3,1.9231254124436654,21234.603637915752,0.04083680587924449,4,4,2,ISC | LC,2,2,Bubbler | Etape,physical_event_point_total,median,median
PE_5c35b22fc4eba02df28c,2025,CT,2,OP,0.4962173720970096,21234.603637915752,0.010536979214728156,4,4,2,ISC | LC,2,2,Bubbler | Etape,physical_event_point_total,median,median
PE_5c35b22fc4eba02df28c,2025,CT,2,TDS,677.1143079169736,21234.603637915752,14.378253946178576,4,4,2,ISC | LC,2,2,Bubbler | Etape,physical_event_point_total,median,median
PE_5c35b22fc4eba02df28c,2025,CT,2,TKN,1.0495105185700258,21234.603637915752,0.02228593987565792,4,4,2,ISC | LC,2,2,Bubbler | Etape,physical_event_point_total,median,median
PE_5c35b22fc4eba02df28c,2025,CT,2,TP,1.0424961204882068,21234.603637915752,0.022136991912631937,4,4,2,ISC | LC,2,2,Bubbler | Etape,physical_event_point_total,median,median
PE_5c35b22fc4eba02df28c,2025,CT,2,TSS,693.1276109670538,21234.603637915752,14.718290089380854,4,4,2,ISC | LC,2,2,Bubbler | Etape,physical_event_point_total,median,median
PE_676050582c291c72204b,2025,MT,1,NO2,0.7321839419543212,14308.912017333016,0.010476755605928447,4,4,2,ISC | LC,2,2,Bubbler | Etape,physical_event_point_total,median,median
PE_676050582c291c72204b,2025,MT,1,NO3,1.72260734546892,14308.912017333016,0.024648636946726355,4,4,2,ISC | LC,2,2,Bubbler | Etape,physical_event_point_total,median,median
PE_676050582c291c72204b,2025,MT,1,OP,0.2181182568761897,14308.912017333016,0.00312103494701544,4,4,2,ISC | LC,2,2,Bubbler | Etape,physical_event_point_total,median,median
PE_676050582c291c72204b,2025,MT,1,TDS,618.668042598708,14308.912017333016,8.852466589480548,4,4,2,ISC | LC,2,2,Bubbler | Etape,physical_event_point_total,median,median
PE_676050582c291c72204b,2025,MT,1,TKN,0.8198725194733832,14308.912017333016,0.011731483746573792,4,4,2,ISC | LC,2,2,Bubbler | Etape,physical_event_point_total,median,median
PE_676050582c291c72204b,2025,MT,1,TP,0.426945324694209,14308.912017333016,0.006109123087261113,4,4,2,ISC | LC,2,2,Bubbler | Etape,physical_event_point_total,median,median
PE_676050582c291c72204b,2025,MT,1,TSS,350.63180083593454,14308.912017333016,5.01715958864042,4,4,2,ISC | LC,2,2,Bubbler | Etape,physical_event_point_total,median,median
PE_69bf4666a40285ef26b8,2025,ST,1,NO2,0.8555205866861441,17877.750596896767,0.015294783679285684,4,4,2,ISC | LC,2,2,Bubbler | Etape,physical_event_point_total,median,median
PE_69bf4666a40285ef26b8,2025,ST,1,NO3,1.9409779963672833,17877.750596896767,0.03470032053311869,4,4,2,ISC | LC,2,2,Bubbler | Etape,physical_event_point_total,median,median
PE_69bf4666a40285ef26b8,2025,ST,1,OP,0.3678413196464887,17877.750596896767,0.006576175371873308,4,4,2,ISC | LC,2,2,Bubbler | Etape,physical_event_point_total,median,median
PE_69bf4666a40285ef26b8,2025,ST,1,TDS,403.4788320215503,17877.750596896767,7.213293930008481,4,4,2,ISC | LC,2,2,Bubbler | Etape,physical_event_point_total,median,median
PE_69bf4666a40285ef26b8,2025,ST,1,TKN,1.6615371746778596,17877.750596896767,0.029704547216363272,4,4,2,ISC | LC,2,2,Bubbler | Etape,physical_event_point_total,median,median
PE_69bf4666a40285ef26b8,2025,ST,1,TP,0.805927485477094,17877.750596896767,0.014408170584543628,4,4,2,ISC | LC,2,2,Bubbler | Etape,physical_event_point_total,median,median
PE_69bf4666a40285ef26b8,2025,ST,1,TSS,478.75113138951406,17877.750596896767,8.558993324963888,4,4,2,ISC | LC,2,2,Bubbler | Etape,physical_event_point_total,median,median
PE_6c85627a623e6c9dfbb4,2025,MT,2,NO2,0.8337991354551906,22343.865523073255,0.018630295755865518,4,4,2,ISC | LC,1,1,Etape,physical_event_point_total,median,median
PE_6c85627a623e6c9dfbb4,2025,MT,2,NO3,1.5364722690121202,22343.865523073255,0.03433072975873804,4,4,2,ISC | LC,1,1,Etape,physical_event_point_total,median,median
PE_6c85627a623e6c9dfbb4,2025,MT,2,OP,0.28720806659209913,22343.865523073255,0.006417338417075731,4,4,2,ISC | LC,1,1,Etape,physical_event_point_total,median,median
PE_6c85627a623e6c9dfbb4,2025,MT,2,TDS,398.45982491316425,22343.865523073255,8.903132744207056,4,4,2,ISC | LC,1,1,Etape,physical_event_point_total,median,median
PE_6c85627a623e6c9dfbb4,2025,MT,2,TKN,2.5714867717452843,22343.865523073255,0.057456954622238404,4,4,2,ISC | LC,1,1,Etape,physical_event_point_total,median,median
PE_6c85627a623e6c9dfbb4,2025,MT,2,TP,0.8240414670172,22343.865523073255,0.018412271724468323,4,4,2,ISC | LC,1,1,Etape,physical_event_point_total,median,median
PE_6c85627a623e6c9dfbb4,2025,MT,2,TSS,306.7704664473207,22343.865523073255,6.85443804874939,4,4,2,ISC | LC,1,1,Etape,physical_event_point_total,median,median
PE_6db16cd7a8da79e5651d,2025,ST,1,NO2,0.7113301161040385,21104.626630789317,0.015012356511611749,4,4,2,ISC | LC,2,2,Bubbler | Etape,physical_event_point_total,median,median
PE_6db16cd7a8da79e5651d,2025,ST,1,NO3,1.505548282023508,21104.626630789317,0.03177403436673243,4,4,2,ISC | LC,2,2,Bubbler | Etape,physical_event_point_total,median,median
PE_6db16cd7a8da79e5651d,2025,ST,1,OP,0.21969063015337176,21104.626630789317,0.0046364887236697355,4,4,2,ISC | LC,2,2,Bubbler | Etape,physical_event_point_total,median,median
PE_6db16cd7a8da79e5651d,2025,ST,1,TDS,484.1090214566641,21104.626630789317,10.21694014643967,4,4,2,ISC | LC,2,2,Bubbler | Etape,physical_event_point_total,median,median
PE_6db16cd7a8da79e5651d,2025,ST,1,TKN,0.556369581029531,21104.626630789317,0.011741972276356935,4,4,2,ISC | LC,2,2,Bubbler | Etape,physical_event_point_total,median,median
PE_6db16cd7a8da79e5651d,2025,ST,1,TP,0.6013676196296798,21104.626630789317,0.01269163908013092,4,4,2,ISC | LC,2,2,Bubbler | Etape,physical_event_point_total,median,median
PE_6db16cd7a8da79e5651d,2025,ST,1,TSS,389.32181339419174,21104.626630789317,8.216491510906247,4,4,2,ISC | LC,2,2,Bubbler | Etape,physical_event_point_total,median,median
PE_7024c3ae50e63fc3a67a,2025,ST,2,TSS,326.92971277362693,17249.437092377186,5.63935351411762,1,1,1,LC,1,1,Etape,physical_event_point_total,median,median
PE_72b83136bc50254a55a6,2025,CT,2,NO2,0.519450778534079,20487.68045157358,0.010642341560927325,4,4,2,ISC | LC,2,2,Bubbler | Etape,physical_event_point_total,median,median
PE_72b83136bc50254a55a6,2025,CT,2,NO3,1.5850037696238757,20487.68045157358,0.032473050746593506,4,4,2,ISC | LC,2,2,Bubbler | Etape,physical_event_point_total,median,median
PE_72b83136bc50254a55a6,2025,CT,2,OP,0.14465573955564484,20487.68045157358,0.002963660567502104,4,4,2,ISC | LC,2,2,Bubbler | Etape,physical_event_point_total,median,median
PE_72b83136bc50254a55a6,2025,CT,2,TDS,604.9220819414945,20487.68045157358,12.393450312917947,4,4,2,ISC | LC,2,2,Bubbler | Etape,physical_event_point_total,median,median
PE_72b83136bc50254a55a6,2025,CT,2,TKN,0.685241431961008,20487.68045157358,0.01403900749019583,4,4,2,ISC | LC,2,2,Bubbler | Etape,physical_event_point_total,median,median
PE_72b83136bc50254a55a6,2025,CT,2,TP,0.6136060342402149,20487.68045157358,0.012571364352670839,4,4,2,ISC | LC,2,2,Bubbler | Etape,physical_event_point_total,median,median
PE_72b83136bc50254a55a6,2025,CT,2,TSS,895.1604704362666,20487.68045157358,18.339761671178508,4,4,2,ISC | LC,2,2,Bubbler | Etape,physical_event_point_total,median,median
PE_73a092189bd19f7de823,2025,CT,1,NO2,0.6046691060400614,21016.541685181,0.012708053472832081,4,4,2,ISC | LC,2,2,Bubbler | Etape,physical_event_point_total,median,median
PE_73a092189bd19f7de823,2025,CT,1,NO3,1.789258493744081,21016.541685181,0.03760402571933665,4,4,2,ISC | LC,2,2,Bubbler | Etape,physical_event_point_total,median,median
PE_73a092189bd19f7de823,2025,CT,1,OP,0.36920831602678517,21016.541685181,0.007759481964292411,4,4,2,ISC | LC,2,2,Bubbler | Etape,physical_event_point_total,median,median
PE_73a092189bd19f7de823,2025,CT,1,TDS,683.1743016094449,21016.541685181,14.357961188019317,4,4,2,ISC | LC,2,2,Bubbler | Etape,physical_event_point_total,median,median
PE_73a092189bd19f7de823,2025,CT,1,TKN,0.9259726107386879,21016.541685181,0.01946074197292551,4,4,2,ISC | LC,2,2,Bubbler | Etape,physical_event_point_total,median,median
PE_73a092189bd19f7de823,2025,CT,1,TP,0.7914732563295318,21016.541685181,0.016634030684355552,4,4,2,ISC | LC,2,2,Bubbler | Etape,physical_event_point_total,median,median
PE_73a092189bd19f7de823,2025,CT,1,TSS,482.83809020518544,21016.541685181,10.147586849990464,4,4,2,ISC | LC,2,2,Bubbler | Etape,physical_event_point_total,median,median
PE_744bc567dc348be5d05b,2025,ST,1,NO2,0.7369396722149888,18289.396466548416,0.013478181837068165,4,4,2,ISC | LC,2,2,Bubbler | Etape,physical_event_point_total,median,median
PE_744bc567dc348be5d05b,2025,ST,1,NO3,1.658777793194065,18289.396466548416,0.03033804470963251,4,4,2,ISC | LC,2,2,Bubbler | Etape,physical_event_point_total,median,median
PE_744bc567dc348be5d05b,2025,ST,1,OP,0.4243835681130138,18289.396466548416,0.007761719331107364,4,4,2,ISC | LC,2,2,Bubbler | Etape,physical_event_point_total,median,median
PE_744bc567dc348be5d05b,2025,ST,1,TDS,562.8922532083081,18289.396466548416,10.294959586875507,4,4,2,ISC | LC,2,2,Bubbler | Etape,physical_event_point_total,median,median
PE_744bc567dc348be5d05b,2025,ST,1,TKN,0.80985297744891,18289.396466548416,0.01481172218417781,4,4,2,ISC | LC,2,2,Bubbler | Etape,physical_event_point_total,median,median
PE_744bc567dc348be5d05b,2025,ST,1,TP,0.7764723385120202,18289.396466548416,0.014201210444354328,4,4,2,ISC | LC,2,2,Bubbler | Etape,physical_event_point_total,median,median
PE_744bc567dc348be5d05b,2025,ST,1,TSS,344.0391627014596,18289.396466548416,6.292268646666351,4,4,2,ISC | LC,2,2,Bubbler | Etape,physical_event_point_total,median,median
PE_76eec8ae39fe2d6f5031,2025,ST,2,NO2,0.5401447400487441,22845.457779571665,0.012339853853641296,4,4,2,ISC | LC,2,2,Bubbler | Etape,physical_event_point_total,median,median
PE_76eec8ae39fe2d6f5031,2025,ST,2,NO3,1.1598696955948775,22845.457779571665,0.02649775416051741,4,4,2,ISC | LC,2,2,Bubbler | Etape,physical_event_point_total,median,median
PE_76eec8ae39fe2d6f5031,2025,ST,2,OP,0.12052164779686575,22845.457779571665,0.0027533722162677026,4,4,2,ISC | LC,2,2,Bubbler | Etape,physical_event_point_total,median,median
PE_76eec8ae39fe2d6f5031,2025,ST,2,TDS,553.1699112189317,22845.457779571665,12.63741985168151,4,4,2,ISC | LC,2,2,Bubbler | Etape,physical_event_point_total,median,median
PE_76eec8ae39fe2d6f5031,2025,ST,2,TKN,0.7035728187133883,22845.457779571665,0.016073443124770943,4,4,2,ISC | LC,2,2,Bubbler | Etape,physical_event_point_total,median,median
PE_76eec8ae39fe2d6f5031,2025,ST,2,TP,0.38703614029335043,22845.457779571665,0.008842017802240112,4,4,2,ISC | LC,2,2,Bubbler | Etape,physical_event_point_total,median,median
PE_76eec8ae39fe2d6f5031,2025,ST,2,TSS,528.6179211264598,22845.457779571665,12.076518398619482,4,4,2,ISC | LC,2,2,Bubbler | Etape,physical_event_point_total,median,median
PE_79ea2eb78bef48e2d163,2025,CT,2,NO2,0.5259502024114,24775.61372596887,0.013030739054039987,4,4,2,ISC | LC,2,2,Bubbler | Etape,physical_event_point_total,median,median
PE_79ea2eb78bef48e2d163,2025,CT,2,NO3,1.575853703360984,24775.61372596887,0.03904274264310927,4,4,2,ISC | LC,2,2,Bubbler | Etape,physical_event_point_total,median,median
PE_79ea2eb78bef48e2d163,2025,CT,2,OP,0.191637906580814,24775.61372596887,0.004747946748699556,4,4,2,ISC | LC,2,2,Bubbler | Etape,physical_event_point_total,median,median
PE_79ea2eb78bef48e2d163,2025,CT,2,TDS,591.0365430674183,24775.61372596887,14.643293088970319,4,4,2,ISC | LC,2,2,Bubbler | Etape,physical_event_point_total,median,median
PE_79ea2eb78bef48e2d163,2025,CT,2,TKN,1.0359527655650151,24775.61372596887,0.025666365557988,4,4,2,ISC | LC,2,2,Bubbler | Etape,physical_event_point_total,median,median
PE_79ea2eb78bef48e2d163,2025,CT,2,TP,0.6020855455847297,24775.61372596887,0.014917038907396485,4,4,2,ISC | LC,2,2,Bubbler | Etape,physical_event_point_total,median,median
PE_79ea2eb78bef48e2d163,2025,CT,2,TSS,1188.0149644444862,24775.61372596887,29.433799859747232,4,4,2,ISC | LC,2,2,Bubbler | Etape,physical_event_point_total,median,median
PE_7d221972180d28e4f760,2025,MT,2,NO2,0.6633533733034218,20317.943135753612,0.013477976117689262,4,4,2,ISC | LC,1,1,Etape,physical_event_point_total,median,median
PE_7d221972180d28e4f760,2025,MT,2,NO3,1.499729426103257,20317.943135753612,0.030471417198582373,4,4,2,ISC | LC,1,1,Etape,physical_event_point_total,median,median
PE_7d221972180d28e4f760,2025,MT,2,OP,0.20029570274865582,20317.943135753612,0.004069596698782998,4,4,2,ISC | LC,1,1,Etape,physical_event_point_total,median,median
PE_7d221972180d28e4f760,2025,MT,2,TDS,425.0166845665332,20317.943135753612,8.63546482876935,4,4,2,ISC | LC,1,1,Etape,physical_event_point_total,median,median
PE_7d221972180d28e4f760,2025,MT,2,TKN,0.7067248198645467,20317.943135753612,0.014359194702633575,4,4,2,ISC | LC,1,1,Etape,physical_event_point_total,median,median
PE_7d221972180d28e4f760,2025,MT,2,TP,0.5717946153201631,20317.943135753612,0.011617690479405184,4,4,2,ISC | LC,1,1,Etape,physical_event_point_total,median,median
PE_7d221972180d28e4f760,2025,MT,2,TSS,388.7097005809256,20317.943135753612,7.897781592719059,4,4,2,ISC | LC,1,1,Etape,physical_event_point_total,median,median
PE_85771b5590cb80ee80b1,2025,CT,1,NO2,0.5305796082239085,23322.692500577283,0.012374545049682984,4,4,2,ISC | LC,2,2,Bubbler | Etape,physical_event_point_total,median,median
PE_85771b5590cb80ee80b1,2025,CT,1,NO3,1.5597994556474062,23322.692500577283,0.036378723066632285,4,4,2,ISC | LC,2,2,Bubbler | Etape,physical_event_point_total,median,median
PE_85771b5590cb80ee80b1,2025,CT,1,OP,0.1616314937559396,23322.692500577283,0.0037696816272787563,4,4,2,ISC | LC,2,2,Bubbler | Etape,physical_event_point_total,median,median
PE_85771b5590cb80ee80b1,2025,CT,1,TDS,581.2758758330208,23322.692500577283,13.556918510057285,4,4,2,ISC | LC,2,2,Bubbler | Etape,physical_event_point_total,median,median
PE_85771b5590cb80ee80b1,2025,CT,1,TKN,1.0457292209666638,23322.692500577283,0.024389221059473734,4,4,2,ISC | LC,2,2,Bubbler | Etape,physical_event_point_total,median,median
PE_85771b5590cb80ee80b1,2025,CT,1,TP,0.5604676639406552,23322.692500577283,0.013071614982604788,4,4,2,ISC | LC,2,2,Bubbler | Etape,physical_event_point_total,median,median
PE_85771b5590cb80ee80b1,2025,CT,1,TSS,935.2572442363498,23322.692500577283,21.81271711626169,4,4,2,ISC | LC,2,2,Bubbler | Etape,physical_event_point_total,median,median
PE_92e7ac2243498d97f3e0,2025,CT,2,NO2,0.7147971639842635,23099.933587768064,0.016511767016761447,4,4,2,ISC | LC,2,2,Bubbler | Etape,physical_event_point_total,median,median
PE_92e7ac2243498d97f3e0,2025,CT,2,NO3,1.9632205053491807,23099.933587768064,0.04535026329171053,4,4,2,ISC | LC,2,2,Bubbler | Etape,physical_event_point_total,median,median
PE_92e7ac2243498d97f3e0,2025,CT,2,OP,0.3109711768971828,23099.933587768064,0.007183413534034996,4,4,2,ISC | LC,2,2,Bubbler | Etape,physical_event_point_total,median,median
PE_92e7ac2243498d97f3e0,2025,CT,2,TDS,552.4222187170203,23099.933587768064,12.760916564770653,4,4,2,ISC | LC,2,2,Bubbler | Etape,physical_event_point_total,median,median
PE_92e7ac2243498d97f3e0,2025,CT,2,TKN,1.7116928321170535,23099.933587768064,0.03953999074456257,4,4,2,ISC | LC,2,2,Bubbler | Etape,physical_event_point_total,median,median
PE_92e7ac2243498d97f3e0,2025,CT,2,TP,0.8820734314491161,23099.933587768064,0.020375837686009268,4,4,2,ISC | LC,2,2,Bubbler | Etape,physical_event_point_total,median,median
PE_92e7ac2243498d97f3e0,2025,CT,2,TSS,932.9105343239665,23099.933587768064,21.55017138621285,4,4,2,ISC | LC,2,2,Bubbler | Etape,physical_event_point_total,median,median
PE_961b16815e7ba5016bdb,2025,CT,1,NO2,0.7137401339544084,24380.902394753863,0.01740162854116098,4,4,2,ISC | LC,1,1,Etape,physical_event_point_total,median,median
PE_961b16815e7ba5016bdb,2025,CT,1,NO3,1.7757435361398768,24380.902394753863,0.043294229832741414,4,4,2,ISC | LC,1,1,Etape,physical_event_point_total,median,median
PE_961b16815e7ba5016bdb,2025,CT,1,OP,0.2645243694689746,24380.902394753863,0.006449342833056879,4,4,2,ISC | LC,1,1,Etape,physical_event_point_total,median,median
PE_961b16815e7ba5016bdb,2025,CT,1,TDS,530.6332637068544,24380.902394753863,12.937317809846505,4,4,2,ISC | LC,1,1,Etape,physical_event_point_total,median,median
PE_961b16815e7ba5016bdb,2025,CT,1,TKN,2.4748554539130625,24380.902394753863,0.060339209262978644,4,4,2,ISC | LC,1,1,Etape,physical_event_point_total,median,median
PE_961b16815e7ba5016bdb,2025,CT,1,TP,0.9326481955647937,24380.902394753863,0.022738804624708547,4,4,2,ISC | LC,1,1,Etape,physical_event_point_total,median,median
PE_961b16815e7ba5016bdb,2025,CT,1,TSS,453.44699638698313,24380.902394753863,11.055446960105343,4,4,2,ISC | LC,1,1,Etape,physical_event_point_total,median,median
PE_a033c0958b5b88a75684,2025,MT,1,NO2,0.6406851907737194,21410.847536907353,0.013717612938810509,4,4,2,ISC | LC,2,2,Bubbler | Etape,physical_event_point_total,median,median
PE_a033c0958b5b88a75684,2025,MT,1,NO3,1.1986410764731539,21410.847536907353,0.025663921339841207,4,4,2,ISC | LC,2,2,Bubbler | Etape,physical_event_point_total,median,median
PE_a033c0958b5b88a75684,2025,MT,1,OP,0.14788999690026203,21410.847536907353,0.003166450175865211,4,4,2,ISC | LC,2,2,Bubbler | Etape,physical_event_point_total,median,median
PE_a033c0958b5b88a75684,2025,MT,1,TDS,481.0719148697308,21410.847536907353,10.30015742356388,4,4,2,ISC | LC,2,2,Bubbler | Etape,physical_event_point_total,median,median
PE_a033c0958b5b88a75684,2025,MT,1,TKN,0.7554933040493615,21410.847536907353,0.016175751948155268,4,4,2,ISC | LC,2,2,Bubbler | Etape,physical_event_point_total,median,median
PE_a033c0958b5b88a75684,2025,MT,1,TP,0.41085296814105454,21410.847536907353,0.008796710260953973,4,4,2,ISC | LC,2,2,Bubbler | Etape,physical_event_point_total,median,median
PE_a033c0958b5b88a75684,2025,MT,1,TSS,391.2339042811553,21410.847536907353,8.37664947583282,4,4,2,ISC | LC,2,2,Bubbler | Etape,physical_event_point_total,median,median
PE_a36448d6fe89c398bac0,2025,MT,2,NO2,0.7896838922543877,13618.234321097405,0.010754100284316488,4,4,2,ISC | LC,2,2,Bubbler | Etape,physical_event_point_total,median,median
PE_a36448d6fe89c398bac0,2025,MT,2,NO3,1.8127779884830864,13618.234321097405,0.024686835419290284,4,4,2,ISC | LC,2,2,Bubbler | Etape,physical_event_point_total,median,median
PE_a36448d6fe89c398bac0,2025,MT,2,OP,0.32752619546881356,13618.234321097405,0.004460328476191854,4,4,2,ISC | LC,2,2,Bubbler | Etape,physical_event_point_total,median,median
PE_a36448d6fe89c398bac0,2025,MT,2,TDS,560.1626113882685,13618.234321097405,7.628425699803266,4,4,2,ISC | LC,2,2,Bubbler | Etape,physical_event_point_total,median,median
PE_a36448d6fe89c398bac0,2025,MT,2,TKN,0.9508113248298368,13618.234321097405,0.012948371416685776,4,4,2,ISC | LC,2,2,Bubbler | Etape,physical_event_point_total,median,median
PE_a36448d6fe89c398bac0,2025,MT,2,TP,0.5883250253828919,13618.234321097405,0.0080119480526298,4,4,2,ISC | LC,2,2,Bubbler | Etape,physical_event_point_total,median,median
PE_a36448d6fe89c398bac0,2025,MT,2,TSS,474.07214310281984,13618.234321097405,6.456025529879022,4,4,2,ISC | LC,2,2,Bubbler | Etape,physical_event_point_total,median,median
PE_a873c6f206750ebc6cd1,2025,ST,2,NO2,0.6377164535103745,20007.992389119587,0.012759425948251909,4,4,2,ISC | LC,2,2,Bubbler | Etape,physical_event_point_total,median,median
PE_a873c6f206750ebc6cd1,2025,ST,2,NO3,1.5336835264017057,20007.992389119587,0.030685928323563417,4,4,2,ISC | LC,2,2,Bubbler | Etape,physical_event_point_total,median,median
PE_a873c6f206750ebc6cd1,2025,ST,2,OP,0.18422641838694864,20007.992389119587,0.003686000776960829,4,4,2,ISC | LC,2,2,Bubbler | Etape,physical_event_point_total,median,median
PE_a873c6f206750ebc6cd1,2025,ST,2,TDS,541.5435710918119,20007.992389119587,10.835199648781614,4,4,2,ISC | LC,2,2,Bubbler | Etape,physical_event_point_total,median,median
PE_a873c6f206750ebc6cd1,2025,ST,2,TKN,0.5397173706417292,20007.992389119587,0.010798661044075352,4,4,2,ISC | LC,2,2,Bubbler | Etape,physical_event_point_total,median,median
PE_a873c6f206750ebc6cd1,2025,ST,2,TP,0.5520328331792141,20007.992389119587,0.011045068724793838,4,4,2,ISC | LC,2,2,Bubbler | Etape,physical_event_point_total,median,median
PE_a873c6f206750ebc6cd1,2025,ST,2,TSS,439.6945458534442,20007.992389119587,8.797405126973104,4,4,2,ISC | LC,2,2,Bubbler | Etape,physical_event_point_total,median,median
PE_bd4a80359ce1de5f5729,2025,CT,1,NO2,0.5893524673852796,21695.414029015665,0.012786245788945591,4,4,2,ISC | LC,2,2,Bubbler | Etape,physical_event_point_total,median,median
PE_bd4a80359ce1de5f5729,2025,CT,1,NO3,1.6641718064819757,21695.414029015665,0.0361048963570414,4,4,2,ISC | LC,2,2,Bubbler | Etape,physical_event_point_total,median,median
PE_bd4a80359ce1de5f5729,2025,CT,1,OP,0.19670340649973395,21695.414029015665,0.004267561844929499,4,4,2,ISC | LC,2,2,Bubbler | Etape,physical_event_point_total,median,median
PE_bd4a80359ce1de5f5729,2025,CT,1,TDS,595.1955783210647,21695.414029015665,12.913014499914919,4,4,2,ISC | LC,2,2,Bubbler | Etape,physical_event_point_total,median,median
PE_bd4a80359ce1de5f5729,2025,CT,1,TKN,0.8163050519331196,21695.414029015665,0.017710076075666166,4,4,2,ISC | LC,2,2,Bubbler | Etape,physical_event_point_total,median,median
PE_bd4a80359ce1de5f5729,2025,CT,1,TP,0.6790226479747304,21695.414029015665,0.014731677482890332,4,4,2,ISC | LC,2,2,Bubbler | Etape,physical_event_point_total,median,median
PE_bd4a80359ce1de5f5729,2025,CT,1,TSS,870.0134858563913,21695.414029015665,18.875302786481573,4,4,2,ISC | LC,2,2,Bubbler | Etape,physical_event_point_total,median,median
PE_c1edec673d6e55fe03b0,2025,MT,1,NO2,0.7402373643280393,16192.107870520009,0.011986003252989033,4,4,2,ISC | LC,2,2,Bubbler | Etape,physical_event_point_total,median,median
PE_c1edec673d6e55fe03b0,2025,MT,1,NO3,1.6453246165470423,16192.107870520009,0.026641273673151677,4,4,2,ISC | LC,2,2,Bubbler | Etape,physical_event_point_total,median,median
PE_c1edec673d6e55fe03b0,2025,MT,1,OP,0.40850051315504265,16192.107870520009,0.006614484374169228,4,4,2,ISC | LC,2,2,Bubbler | Etape,physical_event_point_total,median,median
PE_c1edec673d6e55fe03b0,2025,MT,1,TDS,572.1676833622043,16192.107870520009,9.264600849026348,4,4,2,ISC | LC,2,2,Bubbler | Etape,physical_event_point_total,median,median
PE_c1edec673d6e55fe03b0,2025,MT,1,TKN,0.8180318928627669,16192.107870520009,0.013245660650759588,4,4,2,ISC | LC,2,2,Bubbler | Etape,physical_event_point_total,median,median
PE_c1edec673d6e55fe03b0,2025,MT,1,TP,0.7703660596078817,16192.107870520009,0.012473850336958268,4,4,2,ISC | LC,2,2,Bubbler | Etape,physical_event_point_total,median,median
PE_c1edec673d6e55fe03b0,2025,MT,1,TSS,310.1510353433393,16192.107870520009,5.021999020432813,4,4,2,ISC | LC,2,2,Bubbler | Etape,physical_event_point_total,median,median
PE_c63b91d3075e6834f32e,2025,MT,2,NO2,0.8234036980647819,15698.425971280163,0.0129261419985483,4,4,2,ISC | LC,1,1,Etape,physical_event_point_total,median,median
PE_c63b91d3075e6834f32e,2025,MT,2,NO3,1.9802063110965924,15698.425971280163,0.03108612218261163,4,4,2,ISC | LC,1,1,Etape,physical_event_point_total,median,median
PE_c63b91d3075e6834f32e,2025,MT,2,OP,0.37921831701258946,15698.425971280163,0.005953130676575588,4,4,2,ISC | LC,1,1,Etape,physical_event_point_total,median,median
PE_c63b91d3075e6834f32e,2025,MT,2,TDS,340.2463025013735,15698.425971280163,5.341331391819608,4,4,2,ISC | LC,1,1,Etape,physical_event_point_total,median,median
PE_c63b91d3075e6834f32e,2025,MT,2,TKN,1.7212946160527645,15698.425971280163,0.027021616104867432,4,4,2,ISC | LC,1,1,Etape,physical_event_point_total,median,median
PE_c63b91d3075e6834f32e,2025,MT,2,TP,0.8069060238829087,15698.425971280163,0.012667154481705866,4,4,2,ISC | LC,1,1,Etape,physical_event_point_total,median,median
PE_c63b91d3075e6834f32e,2025,MT,2,TSS,419.14210124013175,15698.425971280163,6.579871247765024,4,4,2,ISC | LC,1,1,Etape,physical_event_point_total,median,median
PE_e6892c1c4df9f9956548,2025,MT,1,NO2,0.8340862912144961,16331.08433109828,0.013621533561236935,4,4,2,ISC | LC,1,1,Etape,physical_event_point_total,median,median
PE_e6892c1c4df9f9956548,2025,MT,1,NO3,1.8945009930506158,16331.08433109828,0.030939255482859043,4,4,2,ISC | LC,1,1,Etape,physical_event_point_total,median,median
PE_e6892c1c4df9f9956548,2025,MT,1,OP,0.3639762275464131,16331.08433109828,0.00594412646657549,4,4,2,ISC | LC,1,1,Etape,physical_event_point_total,median,median
PE_e6892c1c4df9f9956548,2025,MT,1,TDS,383.5087892638067,16331.08433109828,6.263114379184626,4,4,2,ISC | LC,1,1,Etape,physical_event_point_total,median,median
PE_e6892c1c4df9f9956548,2025,MT,1,TKN,1.643805538540384,16331.08433109828,0.026845126873829436,4,4,2,ISC | LC,1,1,Etape,physical_event_point_total,median,median
PE_e6892c1c4df9f9956548,2025,MT,1,TP,0.7686772837022092,16331.08433109828,0.012553333543540338,4,4,2,ISC | LC,1,1,Etape,physical_event_point_total,median,median
PE_e6892c1c4df9f9956548,2025,MT,1,TSS,389.50118056709243,16331.08433109828,6.3609766269035255,4,4,2,ISC | LC,1,1,Etape,physical_event_point_total,median,median
PE_ef5b618a3b1b8ffbd8e4,2025,CT,2,NO2,0.567223754034995,20856.675519884,0.011830401785078383,4,4,2,ISC | LC,2,2,Bubbler | Etape,physical_event_point_total,median,median
PE_ef5b618a3b1b8ffbd8e4,2025,CT,2,NO3,1.8880607675541845,20856.675519884,0.03937867079070076,4,4,2,ISC | LC,2,2,Bubbler | Etape,physical_event_point_total,median,median
PE_ef5b618a3b1b8ffbd8e4,2025,CT,2,OP,0.22802953657041541,20856.675519884,0.004755938053198676,4,4,2,ISC | LC,2,2,Bubbler | Etape,physical_event_point_total,median,median
PE_ef5b618a3b1b8ffbd8e4,2025,CT,2,TDS,686.6094604210633,20856.675519884,14.320390724884755,4,4,2,ISC | LC,2,2,Bubbler | Etape,physical_event_point_total,median,median
PE_ef5b618a3b1b8ffbd8e4,2025,CT,2,TKN,1.0580660375512507,20856.675519884,0.022067740023815837,4,4,2,ISC | LC,2,2,Bubbler | Etape,physical_event_point_total,median,median
PE_ef5b618a3b1b8ffbd8e4,2025,CT,2,TP,0.5802292135927711,20856.675519884,0.012101652435061895,4,4,2,ISC | LC,2,2,Bubbler | Etape,physical_event_point_total,median,median
PE_ef5b618a3b1b8ffbd8e4,2025,CT,2,TSS,997.8653542918876,20856.675519884,20.81215390699999,4,4,2,ISC | LC,2,2,Bubbler | Etape,physical_event_point_total,median,median
PE_f2544036a8cdc2b562ca,2025,MT,1,NO2,0.8214841164041942,21825.781692629364,0.01792953298860047,4,4,2,ISC | LC,1,1,Etape,physical_event_point_total,median,median
PE_f2544036a8cdc2b562ca,2025,MT,1,NO3,1.4103090816212436,21825.781692629364,0.030781098134597867,4,4,2,ISC | LC,1,1,Etape,physical_event_point_total,median,median
PE_f2544036a8cdc2b562ca,2025,MT,1,OP,0.23407724584512696,21825.781692629364,0.005108918867027674,4,4,2,ISC | LC,1,1,Etape,physical_event_point_total,median,median
PE_f2544036a8cdc2b562ca,2025,MT,1,TDS,452.0015142656311,21825.781692629364,9.865286375099561,4,4,2,ISC | LC,1,1,Etape,physical_event_point_total,median,median
PE_f2544036a8cdc2b562ca,2025,MT,1,TKN,2.519445343143483,21825.781692629364,0.05498886404596134,4,4,2,ISC | LC,1,1,Etape,physical_event_point_total,median,median
PE_f2544036a8cdc2b562ca,2025,MT,1,TP,0.7063257920847043,21825.781692629364,0.015416112541914271,4,4,2,ISC | LC,1,1,Etape,physical_event_point_total,median,median
PE_f2544036a8cdc2b562ca,2025,MT,1,TSS,219.16633044924424,21825.781692629364,4.783476482759872,4,4,2,ISC | LC,1,1,Etape,physical_event_point_total,median,median
PE_ff8985d7bd1f94902d4e,2025,MT,2,NO2,0.7583702764439605,14466.105142516242,0.010970664155997442,4,4,2,ISC | LC,1,1,Bubbler,physical_event_point_total,median,median
PE_ff8985d7bd1f94902d4e,2025,MT,2,NO3,1.5898837211394279,14466.105142516242,0.022999425074377938,4,4,2,ISC | LC,1,1,Bubbler,physical_event_point_total,median,median
PE_ff8985d7bd1f94902d4e,2025,MT,2,OP,0.3885620145998908,14466.105142516242,0.005620978957589951,4,4,2,ISC | LC,1,1,Bubbler,physical_event_point_total,median,median
PE_ff8985d7bd1f94902d4e,2025,MT,2,TDS,502.3875628179526,14466.105142516242,7.267591306016985,4,4,2,ISC | LC,1,1,Bubbler,physical_event_point_total,median,median
PE_ff8985d7bd1f94902d4e,2025,MT,2,TKN,0.863813537034751,14466.105142516242,0.012496017450273556,4,4,2,ISC | LC,1,1,Bubbler,physical_event_point_total,median,median
PE_ff8985d7bd1f94902d4e,2025,MT,2,TP,0.6738858088536204,14466.105142516242,0.009748502964926076,4,4,2,ISC | LC,1,1,Bubbler,physical_event_point_total,median,median
PE_ff8985d7bd1f94902d4e,2025,MT,2,TSS,318.57517729828527,14466.105142516242,4.608542010592749,4,4,2,ISC | LC,1,1,Bubbler,physical_event_point_total,median,median
