Method,Scenario,Year,Analyte,Treatment,mean,median,lower_95,upper_95,n_draws,PointTotal_kg,primary_center,primary_center_type,primary_center_within_draw_interval
Bayes,model_only,2011,NH4,CT,0.018377895033758057,0.016861763720733343,0.0015451198349912315,0.04411265091247151,1500,,0.016861763720733343,posterior_median,True
Bayes,model_only,2011,NH4,MT,0.018354229454348447,0.016667781414144343,0.0018620413726168467,0.04513552527019894,1500,,0.016667781414144343,posterior_median,True
Bayes,model_only,2011,NH4,ST,0.01702567449565405,0.015635517116664794,0.001558931841139307,0.04293838105825277,1500,,0.015635517116664794,posterior_median,True
Bayes,model_only,2011,NO2,CT,0.07056979736961665,0.051203441132914806,0.0,0.2528646872882991,1500,,0.051203441132914806,posterior_median,True
Bayes,model_only,2011,NO2,MT,0.060577653683973456,0.04357315678560789,0.0,0.24141928282378822,1500,,0.04357315678560789,posterior_median,True
Bayes,model_only,2011,NO2,ST,0.05874339165716248,0.042212386220154066,0.0,0.22784160700998302,1500,,0.042212386220154066,posterior_median,True
Bayes,model_only,2011,NO3,CT,1.1115121379964463,1.10072376152113,0.6672987809090112,1.6186952662450216,1500,,1.10072376152113,posterior_median,True
Bayes,model_only,2011,NO3,MT,1.1169851363264245,1.1042781812183267,0.6824097687964057,1.62405411767084,1500,,1.1042781812183267,posterior_median,True
Bayes,model_only,2011,NO3,ST,1.0637232759215032,1.052154126658504,0.6698369893290811,1.4956397543974675,1500,,1.052154126658504,posterior_median,True
Bayes,model_only,2011,OP,CT,0.024401404075755653,0.023465162118460114,0.008458515104519162,0.04592601150701617,1500,,0.023465162118460114,posterior_median,True
Bayes,model_only,2011,OP,MT,0.02560835445017397,0.02450219699397502,0.008221956680487306,0.048095378341388946,1500,,0.02450219699397502,posterior_median,True
Bayes,model_only,2011,OP,ST,0.023128847626186978,0.022483131188609996,0.0076736886893947615,0.043083961632256765,1500,,0.022483131188609996,posterior_median,True
Bayes,model_only,2011,Se,CT,0.0009974292023035279,0.0009881538951814533,0.0005682581309438988,0.0014783385426780887,1500,,0.0009881538951814533,posterior_median,True
Bayes,model_only,2011,Se,MT,0.0008595105777190864,0.0008469215877211121,0.00046251681931522287,0.0013512148934193664,1500,,0.0008469215877211121,posterior_median,True
Bayes,model_only,2011,Se,ST,0.0008207184693794981,0.0008119590144376876,0.0004375733842921002,0.001242116887204116,1500,,0.0008119590144376876,posterior_median,True
Bayes,model_only,2011,TDS,CT,130.73369470408352,129.54842614534277,71.17270989854255,193.31335661085006,1500,,129.54842614534277,posterior_median,True
Bayes,model_only,2011,TDS,MT,136.32434422097734,134.8051075059895,75.03919577250697,204.57124642918606,1500,,134.8051075059895,posterior_median,True
Bayes,model_only,2011,TDS,ST,129.50367895085063,129.23037957654213,73.15513131187295,192.23489187226542,1500,,129.23037957654213,posterior_median,True
Bayes,model_only,2011,TKN,CT,0.393882625100668,0.34912135397150335,0.009403670915899408,1.0444371545336608,1500,,0.34912135397150335,posterior_median,True
Bayes,model_only,2011,TKN,MT,0.3646455190400653,0.3168000735645753,0.008013558772402373,1.0113053612986398,1500,,0.3168000735645753,posterior_median,True
Bayes,model_only,2011,TKN,ST,0.358565314026713,0.30265036193042144,0.017857592846277807,0.999471987942221,1500,,0.30265036193042144,posterior_median,True
Bayes,model_only,2011,TN,CT,0.8838776700981364,0.8661194592899,0.3799970429654209,1.5050880204504793,1500,,0.8661194592899,posterior_median,True
Bayes,model_only,2011,TN,MT,0.8284530983199186,0.8092080900635342,0.35417326631632906,1.4336004895627124,1500,,0.8092080900635342,posterior_median,True
Bayes,model_only,2011,TN,ST,0.7630722326974264,0.75316387430314,0.3155462139845988,1.3444145229762758,1500,,0.75316387430314,posterior_median,True
Bayes,model_only,2011,TP,CT,0.17954322494749825,0.16350113764362273,0.01196682617559428,0.44854856391392095,1500,,0.16350113764362273,posterior_median,True
Bayes,model_only,2011,TP,MT,0.17744366262593264,0.1624739648979066,0.009792570070255377,0.42697336275395265,1500,,0.1624739648979066,posterior_median,True
Bayes,model_only,2011,TP,ST,0.15595474107375093,0.14189694563682764,0.0056866690384044585,0.3932928604971143,1500,,0.14189694563682764,posterior_median,True
Bayes,model_only,2011,TSS,CT,140.49278446745166,127.45746246533584,7.655453417220224,339.111268655975,1500,,127.45746246533584,posterior_median,True
Bayes,model_only,2011,TSS,MT,98.99744717171404,83.19624953810722,1.340467230287513,277.6914362044223,1500,,83.19624953810722,posterior_median,True
Bayes,model_only,2011,TSS,ST,80.28228898783628,63.87308995312493,0.0,245.67106740382198,1500,,63.87308995312493,posterior_median,True
Bayes,model_only,2012,NH4,CT,0.023064710000200748,0.019919195048214454,0.0011160185357147003,0.06212560534536703,1500,,0.019919195048214454,posterior_median,True
Bayes,model_only,2012,NH4,MT,0.02347449504818755,0.02154077664035852,0.0017224161286488505,0.06010298706323096,1500,,0.02154077664035852,posterior_median,True
Bayes,model_only,2012,NH4,ST,0.01924812001729047,0.01692892130050038,0.001323690272115322,0.05158819301597108,1500,,0.01692892130050038,posterior_median,True
Bayes,model_only,2012,NO2,CT,0.11700169020613253,0.08690289904768281,0.0,0.3896353168238576,1500,,0.08690289904768281,posterior_median,True
Bayes,model_only,2012,NO2,MT,0.08989201936569124,0.06609874918766517,0.0,0.3323229853409718,1500,,0.06609874918766517,posterior_median,True
Bayes,model_only,2012,NO2,ST,0.08597864172371711,0.06310958835591277,0.0,0.3289467329676875,1500,,0.06310958835591277,posterior_median,True
Bayes,model_only,2012,NO3,CT,1.7363084580807906,1.7071631283155657,0.9723144645754643,2.6521194085692943,1500,,1.7071631283155657,posterior_median,True
Bayes,model_only,2012,NO3,MT,1.7922441366769677,1.7832293976350782,1.1433689101852127,2.4841156584222928,1500,,1.7832293976350782,posterior_median,True
Bayes,model_only,2012,NO3,ST,1.55061069847283,1.5474227512848648,0.9713034593015973,2.1887636590509563,1500,,1.5474227512848648,posterior_median,True
Bayes,model_only,2012,OP,CT,0.04142712449419583,0.039378440343986895,0.0153467454299385,0.07617859797404065,1500,,0.039378440343986895,posterior_median,True
Bayes,model_only,2012,OP,MT,0.05003375379199497,0.04925080203639813,0.024469962763758155,0.0810899736346682,1500,,0.04925080203639813,posterior_median,True
Bayes,model_only,2012,OP,ST,0.03527642910946711,0.034363751468734015,0.01401163753842453,0.06322822335635962,1500,,0.034363751468734015,posterior_median,True
Bayes,model_only,2012,Se,CT,0.0014891184729171189,0.0014637384024115778,0.0007549583123663439,0.0023874174314957373,1500,,0.0014637384024115778,posterior_median,True
Bayes,model_only,2012,Se,MT,0.0012001438759868652,0.0011896729311315507,0.0006347570739901413,0.001809006945750897,1500,,0.0011896729311315507,posterior_median,True
Bayes,model_only,2012,Se,ST,0.0010935561279674844,0.0010793483279069303,0.0005648812443396117,0.0017293816820790472,1500,,0.0010793483279069303,posterior_median,True
Bayes,model_only,2012,TDS,CT,172.78238026154108,170.52262676765102,72.43428285392679,287.46202149416763,1500,,170.52262676765102,posterior_median,True
Bayes,model_only,2012,TDS,MT,183.06169940007547,180.55796599531223,97.10695382112674,285.197902016259,1500,,180.55796599531223,posterior_median,True
Bayes,model_only,2012,TDS,ST,161.53151417498594,158.67662725813005,82.0310759761078,250.8108684994079,1500,,158.67662725813005,posterior_median,True
Bayes,model_only,2012,TKN,CT,0.9496526143414683,0.8839993522811831,0.15232580271249416,2.1651081715224767,1500,,0.8839993522811831,posterior_median,True
Bayes,model_only,2012,TKN,MT,0.8076272227076391,0.7432753236555868,0.12275556830645279,1.8157529363706515,1500,,0.7432753236555868,posterior_median,True
Bayes,model_only,2012,TKN,ST,0.7089408878526936,0.6652864425388707,0.10338225028725372,1.6160484692326933,1500,,0.6652864425388707,posterior_median,True
Bayes,model_only,2012,TN,CT,0.6267080354776867,0.5784036880529404,0.1331352137929458,1.4006063026739684,1500,,0.5784036880529404,posterior_median,True
Bayes,model_only,2012,TN,MT,0.6165609335456967,0.5660576759111215,0.20551089931378833,1.321263399086502,1500,,0.5660576759111215,posterior_median,True
Bayes,model_only,2012,TN,ST,0.47343625923232585,0.42936855411647773,0.10695131075141229,1.1423461942110031,1500,,0.42936855411647773,posterior_median,True
Bayes,model_only,2012,TP,CT,0.2279028113483729,0.2065218964773385,0.011982797568348006,0.5830241425176763,1500,,0.2065218964773385,posterior_median,True
Bayes,model_only,2012,TP,MT,0.2161115355497787,0.19743963934987352,0.010526987275222666,0.5183100532437556,1500,,0.19743963934987352,posterior_median,True
Bayes,model_only,2012,TP,ST,0.1784975377672869,0.1592011717705556,0.0074314627892127115,0.4433419782407372,1500,,0.1592011717705556,posterior_median,True
Bayes,model_only,2012,TSS,CT,248.39056791538775,231.72764513327803,31.25293824672913,551.845542625413,1500,,231.72764513327803,posterior_median,True
Bayes,model_only,2012,TSS,MT,141.48760491569203,129.1490837466019,4.4418200222597894,351.5661757454398,1500,,129.1490837466019,posterior_median,True
Bayes,model_only,2012,TSS,ST,110.03723460984521,96.52051110985296,1.137885640291437,302.6787915908048,1500,,96.52051110985296,posterior_median,True
Bayes,model_only,2013,NH4,CT,0.022544291691686837,0.020264240729395852,0.0015864661991455429,0.06019564420372258,1500,,0.020264240729395852,posterior_median,True
Bayes,model_only,2013,NH4,MT,0.023230299274727407,0.020784635622145473,0.0015648767427019203,0.059570374983532584,1500,,0.020784635622145473,posterior_median,True
Bayes,model_only,2013,NH4,ST,0.01993912299146706,0.01798045868032814,0.0014330227658239326,0.050983341523685034,1500,,0.01798045868032814,posterior_median,True
Bayes,model_only,2013,NO2,CT,0.06395314183282753,0.033493642131771605,0.0,0.291114355364837,1500,,0.033493642131771605,posterior_median,True
Bayes,model_only,2013,NO2,MT,0.05991974606511885,0.02983032550712386,0.0,0.29819671834433376,1500,,0.02983032550712386,posterior_median,True
Bayes,model_only,2013,NO2,ST,0.051482890717031174,0.026212453714099637,0.0,0.2493063980817525,1500,,0.026212453714099637,posterior_median,True
Bayes,model_only,2013,NO3,CT,1.4897111276149269,1.482475696027239,0.9875633252458302,2.0490713693663114,1500,,1.482475696027239,posterior_median,True
Bayes,model_only,2013,NO3,MT,1.5470637094399355,1.5303485622142445,1.0152637658910784,2.1567741384414085,1500,,1.5303485622142445,posterior_median,True
Bayes,model_only,2013,NO3,ST,1.3679387921527175,1.3633244537318316,0.8913155278750216,1.8836382431666168,1500,,1.3633244537318316,posterior_median,True
Bayes,model_only,2013,OP,CT,0.01322142446003981,0.01105129786092113,0.0007806670907197354,0.03657150505752031,1500,,0.01105129786092113,posterior_median,True
Bayes,model_only,2013,OP,MT,0.014122219016117484,0.011961543431543788,0.0009401891814068457,0.03910419792776563,1500,,0.011961543431543788,posterior_median,True
Bayes,model_only,2013,OP,ST,0.011842100298899701,0.009666592751745686,0.0003709758620762708,0.03365390751081706,1500,,0.009666592751745686,posterior_median,True
Bayes,model_only,2013,Se,CT,0.00121452958308835,0.001185016894504392,0.00036072836526373543,0.002286560953417712,1500,,0.001185016894504392,posterior_median,True
Bayes,model_only,2013,Se,MT,0.001131824710350664,0.0011035954920997019,0.00031673349214223943,0.0022514374006244262,1500,,0.0011035954920997019,posterior_median,True
Bayes,model_only,2013,Se,ST,0.0009938713967117174,0.0009691218509497322,0.0002566785234043181,0.0018984601285995334,1500,,0.0009691218509497322,posterior_median,True
Bayes,model_only,2013,TDS,CT,153.21794181741518,151.49607751011663,76.30852237329111,237.73928099370505,1500,,151.49607751011663,posterior_median,True
Bayes,model_only,2013,TDS,MT,161.71141149571181,160.11375664601258,83.50322688149545,250.9370846809605,1500,,160.11375664601258,posterior_median,True
Bayes,model_only,2013,TDS,ST,143.8190513012497,141.13940290976,73.74737786086388,223.92442414008428,1500,,141.13940290976,posterior_median,True
Bayes,model_only,2013,TKN,CT,1.0873151957465264,1.05851968758421,0.5171335281609581,1.823745411311574,1500,,1.05851968758421,posterior_median,True
Bayes,model_only,2013,TKN,MT,1.0529339158864768,1.024744105065869,0.4729416032503703,1.8014739013250345,1500,,1.024744105065869,posterior_median,True
Bayes,model_only,2013,TKN,ST,0.8922657837169948,0.8695473761852655,0.3958286384356147,1.5761729735282042,1500,,0.8695473761852655,posterior_median,True
Bayes,model_only,2013,TN,CT,0.8157045075960614,0.7198816347967194,0.0,2.3695281726055546,1500,,0.7198816347967194,posterior_median,True
Bayes,model_only,2013,TN,MT,0.8079569879292876,0.7009070081624007,0.0,2.382587044978646,1500,,0.7009070081624007,posterior_median,True
Bayes,model_only,2013,TN,ST,0.6987758577905167,0.6097157369597965,0.0,2.049285839374756,1500,,0.6097157369597965,posterior_median,True
Bayes,model_only,2013,TP,CT,0.10082199277669987,0.07995772407194848,0.0,0.3055131471823935,1500,,0.07995772407194848,posterior_median,True
Bayes,model_only,2013,TP,MT,0.09723836456180908,0.07327328340449338,0.0,0.32078000169356985,1500,,0.07327328340449338,posterior_median,True
Bayes,model_only,2013,TP,ST,0.07899986851193326,0.05547492817372314,0.0,0.26167323437842993,1500,,0.05547492817372314,posterior_median,True
Bayes,model_only,2013,TSS,CT,175.13029918909757,160.0389205387165,15.882061462899884,413.0892440071532,1500,,160.0389205387165,posterior_median,True
Bayes,model_only,2013,TSS,MT,128.58818300269698,112.0520456420092,4.860093396065321,343.16845151582413,1500,,112.0520456420092,posterior_median,True
Bayes,model_only,2013,TSS,ST,96.30960246729424,83.536516175674,0.0,278.31744162656474,1500,,83.536516175674,posterior_median,True
Bayes,model_only,2014,NH4,CT,0.02025722449386646,0.01887852100834332,0.003866855753952284,0.04415325583067078,1500,,0.01887852100834332,posterior_median,True
Bayes,model_only,2014,NH4,MT,0.012757519285290684,0.011555346691573482,0.001670219184401179,0.030802571391262464,1500,,0.011555346691573482,posterior_median,True
Bayes,model_only,2014,NH4,ST,0.013276237710186854,0.012304061163016779,0.0019748167956792064,0.029377988707102967,1500,,0.012304061163016779,posterior_median,True
Bayes,model_only,2014,NO2,CT,0.06517643357856791,0.04652742717557931,0.0,0.24396615152105086,1500,,0.04652742717557931,posterior_median,True
Bayes,model_only,2014,NO2,MT,0.03813289490351526,0.02504819744145495,0.0,0.15818171505261025,1500,,0.02504819744145495,posterior_median,True
Bayes,model_only,2014,NO2,ST,0.03949940464724106,0.025710874875710957,0.0,0.1639928966207153,1500,,0.025710874875710957,posterior_median,True
Bayes,model_only,2014,NO3,CT,1.3286588162738113,1.3152788590395148,0.9901833084353792,1.7367703099279088,1500,,1.3152788590395148,posterior_median,True
Bayes,model_only,2014,NO3,MT,0.8493731962757641,0.8370529677000902,0.47785526278869245,1.2593935321015923,1500,,0.8370529677000902,posterior_median,True
Bayes,model_only,2014,NO3,ST,0.9096202680531043,0.8979806909636168,0.5599391609214296,1.308102305865178,1500,,0.8979806909636168,posterior_median,True
Bayes,model_only,2014,OP,CT,0.02031771906813159,0.019964502973819628,0.007489003934812181,0.03522571470738225,1500,,0.019964502973819628,posterior_median,True
Bayes,model_only,2014,OP,MT,0.019848024236969616,0.019237631305317155,0.007122994862388017,0.03667100736885821,1500,,0.019237631305317155,posterior_median,True
Bayes,model_only,2014,OP,ST,0.01893151443141863,0.018417197833358868,0.008838221284350804,0.03206490688944009,1500,,0.018417197833358868,posterior_median,True
Bayes,model_only,2014,Se,CT,0.0010189995785087628,0.0010042124474336583,0.0006495347256678727,0.0015220640273202906,1500,,0.0010042124474336583,posterior_median,True
Bayes,model_only,2014,Se,MT,0.0006185316090671352,0.0006091430119213061,0.00030508158679428993,0.0009963992346797422,1500,,0.0006091430119213061,posterior_median,True
Bayes,model_only,2014,Se,ST,0.0006474725260517508,0.0006392956875421016,0.0003337514694229581,0.0010127343966113516,1500,,0.0006392956875421016,posterior_median,True
Bayes,model_only,2014,TDS,CT,136.29022658315372,134.03099273980868,73.68353296768795,209.45274235177112,1500,,134.03099273980868,posterior_median,True
Bayes,model_only,2014,TDS,MT,95.38001963632391,93.43485089517966,44.7701990284748,156.82547215069872,1500,,93.43485089517966,posterior_median,True
Bayes,model_only,2014,TDS,ST,98.77662475136856,96.2015179418303,47.6829300976164,159.83833261379388,1500,,96.2015179418303,posterior_median,True
Bayes,model_only,2014,TKN,CT,0.6982728571150474,0.68088278297908,0.35796389610522755,1.1459159820181863,1500,,0.68088278297908,posterior_median,True
Bayes,model_only,2014,TKN,MT,0.47367787263008004,0.4514653668413875,0.172169741681716,0.9033896122585743,1500,,0.4514653668413875,posterior_median,True
Bayes,model_only,2014,TKN,ST,0.48333355902013486,0.4668461660735683,0.2234751482935446,0.8562616839656269,1500,,0.4668461660735683,posterior_median,True
Bayes,model_only,2014,TN,CT,1.0303668933606924,1.0185069707805117,0.5856223799741676,1.5342227952200147,1500,,1.0185069707805117,posterior_median,True
Bayes,model_only,2014,TN,MT,0.561446485774114,0.5459442071422198,0.22755526050188438,0.9796312106783821,1500,,0.5459442071422198,posterior_median,True
Bayes,model_only,2014,TN,ST,0.6030999908847924,0.5829218509708389,0.27761150327840883,1.0027674123914665,1500,,0.5829218509708389,posterior_median,True
Bayes,model_only,2014,TP,CT,0.07243612474949267,0.05771404429179987,0.0029771241822978997,0.2319624321817933,1500,,0.05771404429179987,posterior_median,True
Bayes,model_only,2014,TP,MT,0.0442062650886298,0.031508675263509235,0.0,0.15335559824130246,1500,,0.031508675263509235,posterior_median,True
Bayes,model_only,2014,TP,ST,0.04173581887729169,0.02974496770987803,0.0,0.14777411628419168,1500,,0.02974496770987803,posterior_median,True
Bayes,model_only,2014,TSS,CT,77.75121549059861,61.684865864549295,5.746353783402879,227.13098257665942,1500,,61.684865864549295,posterior_median,True
Bayes,model_only,2014,TSS,MT,26.555776362385615,15.909618254217857,0.0,108.74714522047945,1500,,15.909618254217857,posterior_median,True
Bayes,model_only,2014,TSS,ST,22.650511245660017,13.58821941920771,0.0,95.68830096033462,1500,,13.58821941920771,posterior_median,True
Bayes,model_only,2015,NH4,CT,0.015562499583015001,0.015166065528838577,0.006459937618976845,0.02783827205045893,1500,,0.015166065528838577,posterior_median,True
Bayes,model_only,2015,NH4,MT,0.012578616256497912,0.012183511723743474,0.005172090872528329,0.021743250100892744,1500,,0.012183511723743474,posterior_median,True
Bayes,model_only,2015,NH4,ST,0.016413828067177397,0.01617465422791859,0.006976792430369312,0.02826288690009366,1500,,0.01617465422791859,posterior_median,True
Bayes,model_only,2015,NO2,CT,0.07312669472902564,0.053344892590853066,0.0,0.26082237329962504,1500,,0.053344892590853066,posterior_median,True
Bayes,model_only,2015,NO2,MT,0.047181042179568054,0.030892671022583577,0.0,0.19573095037230348,1500,,0.030892671022583577,posterior_median,True
Bayes,model_only,2015,NO2,ST,0.04618993013841442,0.030796420080070094,0.0,0.19096665440771762,1500,,0.030796420080070094,posterior_median,True
Bayes,model_only,2015,NO3,CT,1.3190283583346667,1.3145245199864868,0.9291827035302244,1.7422593900350631,1500,,1.3145245199864868,posterior_median,True
Bayes,model_only,2015,NO3,MT,1.0007467593765913,1.0001079947564133,0.6144829449399645,1.391910240253943,1500,,1.0001079947564133,posterior_median,True
Bayes,model_only,2015,NO3,ST,1.0045458023199905,1.0152514040411016,0.5954940000561174,1.3967295044423962,1500,,1.0152514040411016,posterior_median,True
Bayes,model_only,2015,OP,CT,0.011386267760442334,0.010667920559676535,0.0023242348656942603,0.02492910745852442,1500,,0.010667920559676535,posterior_median,True
Bayes,model_only,2015,OP,MT,0.007718805886937573,0.007124426117915734,0.0009817011443378578,0.017293126348087627,1500,,0.007124426117915734,posterior_median,True
Bayes,model_only,2015,OP,ST,0.009080860298277177,0.008532540827892775,0.0014802855397356397,0.019414052323751707,1500,,0.008532540827892775,posterior_median,True
Bayes,model_only,2015,Se,CT,0.0010917262811608415,0.0010883107322033911,0.0006401628110712201,0.0015888628323379838,1500,,0.0010883107322033911,posterior_median,True
Bayes,model_only,2015,Se,MT,0.0007168637668485501,0.0007105801415377613,0.000352082781044006,0.0011348616958426416,1500,,0.0007105801415377613,posterior_median,True
Bayes,model_only,2015,Se,ST,0.0007097602860885761,0.0007032256235384932,0.00034705796991043285,0.001130040903323202,1500,,0.0007032256235384932,posterior_median,True
Bayes,model_only,2015,TDS,CT,140.26838371129602,137.58842678506943,74.46357353494992,215.86328856436882,1500,,137.58842678506943,posterior_median,True
Bayes,model_only,2015,TDS,MT,111.14854877668817,109.68898180806951,55.047597404212944,174.84447702415432,1500,,109.68898180806951,posterior_median,True
Bayes,model_only,2015,TDS,ST,111.80373032178132,110.81098428565801,53.33448482455871,173.7222256460745,1500,,110.81098428565801,posterior_median,True
Bayes,model_only,2015,TKN,CT,0.30465542086025454,0.2954464306355396,0.10514934972146776,0.5487968615226524,1500,,0.2954464306355396,posterior_median,True
Bayes,model_only,2015,TKN,MT,0.16475440978705683,0.15174827070565922,0.042849386210137216,0.3513897719182326,1500,,0.15174827070565922,posterior_median,True
Bayes,model_only,2015,TKN,ST,0.16779172366880246,0.1570061168649801,0.04451251334999155,0.35868145247052674,1500,,0.1570061168649801,posterior_median,True
Bayes,model_only,2015,TN,CT,1.4782101715691158,1.4590650915844263,0.943096037952938,2.1361327096374785,1500,,1.4590650915844263,posterior_median,True
Bayes,model_only,2015,TN,MT,1.0622548794837527,1.0560256720371202,0.6074456708634398,1.5823523514594993,1500,,1.0560256720371202,posterior_median,True
Bayes,model_only,2015,TN,ST,1.0645907146890774,1.0641554660357422,0.5917269010457886,1.6167621738234854,1500,,1.0641554660357422,posterior_median,True
Bayes,model_only,2015,TP,CT,0.05148792530223777,0.03235423519117357,0.0,0.2086645776688067,1500,,0.03235423519117357,posterior_median,True
Bayes,model_only,2015,TP,MT,0.02362750153751484,0.011373458030575614,0.0,0.11736479964242696,1500,,0.011373458030575614,posterior_median,True
Bayes,model_only,2015,TP,ST,0.021883014485810908,0.01012471192504262,0.0,0.1080341089205258,1500,,0.01012471192504262,posterior_median,True
Bayes,model_only,2015,TSS,CT,58.34293057831192,41.55642558992156,0.0,206.079834944559,1500,,41.55642558992156,posterior_median,True
Bayes,model_only,2015,TSS,MT,12.18854711723496,3.646389827061899,0.0,74.99153838294826,1500,,3.646389827061899,posterior_median,True
Bayes,model_only,2015,TSS,ST,11.989790808823875,3.746959465850485,0.0,68.56991423886373,1500,,3.746959465850485,posterior_median,True
Bayes,model_only,2016,NH4,CT,0.009938848947152272,0.009690117057574483,0.004333745568664747,0.016860764954875568,1500,,0.009690117057574483,posterior_median,True
Bayes,model_only,2016,NH4,MT,0.002902236198004312,0.002719161150020473,0.0005734193048132714,0.006117966200888015,1500,,0.002719161150020473,posterior_median,True
Bayes,model_only,2016,NH4,ST,0.0034119179638854493,0.0032041110718752106,0.0009235587743522135,0.0073340686774553705,1500,,0.0032041110718752106,posterior_median,True
Bayes,model_only,2016,NO2,CT,0.02428536773958089,0.012979486121601169,0.0,0.1100459702621411,1500,,0.012979486121601169,posterior_median,True
Bayes,model_only,2016,NO2,MT,0.011302338018529333,0.004450352924477546,0.0,0.05841562874449903,1500,,0.004450352924477546,posterior_median,True
Bayes,model_only,2016,NO2,ST,0.014716028956897219,0.006574823360540289,0.0,0.07454716081141245,1500,,0.006574823360540289,posterior_median,True
Bayes,model_only,2016,NO3,CT,0.27324473039651426,0.2710738471449877,0.14246984221207712,0.4138215812147505,1500,,0.2710738471449877,posterior_median,True
Bayes,model_only,2016,NO3,MT,0.14881799855325323,0.14676185958666665,0.04172758500060053,0.2634469524267312,1500,,0.14676185958666665,posterior_median,True
Bayes,model_only,2016,NO3,ST,0.18927753670331393,0.1867566830088303,0.07768397560742098,0.31645055683685863,1500,,0.1867566830088303,posterior_median,True
Bayes,model_only,2016,OP,CT,0.002371827735482501,0.0019232248878118816,0.0,0.007425641151288512,1500,,0.0019232248878118816,posterior_median,True
Bayes,model_only,2016,OP,MT,0.0009251397962237963,0.0006205751750056673,0.0,0.0034729365073256123,1500,,0.0006205751750056673,posterior_median,True
Bayes,model_only,2016,OP,ST,0.001312701241360867,0.0009532370130509338,0.0,0.00463997296311438,1500,,0.0009532370130509338,posterior_median,True
Bayes,model_only,2016,Se,CT,0.00034494257975484194,0.0003378990018306924,5.485797745436965e-05,0.0006790592287520953,1500,,0.0003378990018306924,posterior_median,True
Bayes,model_only,2016,Se,MT,0.00016820271064097345,0.0001613597123957383,1.192020290574214e-05,0.0003772351008325438,1500,,0.0001613597123957383,posterior_median,True
Bayes,model_only,2016,Se,ST,0.0002108312465471791,0.00020237192656638023,2.2797272479619582e-05,0.00044132528582646336,1500,,0.00020237192656638023,posterior_median,True
Bayes,model_only,2016,TDS,CT,47.16943177294203,45.199219144103,17.192003373339162,89.15344256466345,1500,,45.199219144103,posterior_median,True
Bayes,model_only,2016,TDS,MT,26.68115179659731,25.36681930710505,5.323388410475053,54.417710231702344,1500,,25.36681930710505,posterior_median,True
Bayes,model_only,2016,TDS,ST,33.57635711205117,32.099975331758806,9.599643958752338,65.11484038688266,1500,,32.099975331758806,posterior_median,True
Bayes,model_only,2016,TKN,CT,0.052952908121024156,0.04497470156242149,0.0,0.15253428238371955,1500,,0.04497470156242149,posterior_median,True
Bayes,model_only,2016,TKN,MT,0.023140519639838937,0.01808268735944178,0.0,0.07696357659750153,1500,,0.01808268735944178,posterior_median,True
Bayes,model_only,2016,TKN,ST,0.029175307913024345,0.02236779683309785,0.0,0.09248540024344704,1500,,0.02236779683309785,posterior_median,True
Bayes,model_only,2016,TN,CT,0.2586049341418399,0.2546693061870744,0.08615657215763022,0.47167698950959325,1500,,0.2546693061870744,posterior_median,True
Bayes,model_only,2016,TN,MT,0.1289107559542088,0.12338418014444899,0.025731347109546655,0.2658295458789118,1500,,0.12338418014444899,posterior_median,True
Bayes,model_only,2016,TN,ST,0.16345916335529437,0.1574477314948476,0.041915369956631594,0.3242126973283128,1500,,0.1574477314948476,posterior_median,True
Bayes,model_only,2016,TP,CT,0.004619443568805218,0.0,0.0,0.03337116663006766,1500,,0.0,posterior_median,True
Bayes,model_only,2016,TP,MT,0.0016203361713130289,0.0,0.0,0.015417630230579139,1500,,0.0,posterior_median,True
Bayes,model_only,2016,TP,ST,0.0027650771519877122,0.0,0.0,0.022178306405440565,1500,,0.0,posterior_median,True
Bayes,model_only,2016,TSS,CT,16.634156335982855,8.773049056575205,0.0,80.66345343508227,1500,,8.773049056575205,posterior_median,True
Bayes,model_only,2016,TSS,MT,3.4307746177448264,0.0,0.0,23.728817595244163,1500,,0.0,posterior_median,True
Bayes,model_only,2016,TSS,ST,4.997312994979045,0.03721598074783457,0.0,33.07010683852911,1500,,0.03721598074783457,posterior_median,True
Bayes,model_only,2017,NH4,CT,0.02996294965724277,0.028000017327642387,0.0022329367642986682,0.07182700956434089,1500,,0.028000017327642387,posterior_median,True
Bayes,model_only,2017,NH4,MT,0.018027318918954316,0.016574315133805907,0.000990482605737281,0.04407664647400323,1500,,0.016574315133805907,posterior_median,True
Bayes,model_only,2017,NH4,ST,0.016418729126209633,0.014898672611454996,0.0008831764678096652,0.04140965780472207,1500,,0.014898672611454996,posterior_median,True
Bayes,model_only,2017,NO2,CT,0.07691414049787311,0.03795918323556734,0.0,0.34936783348256434,1500,,0.03795918323556734,posterior_median,True
Bayes,model_only,2017,NO2,MT,0.042094157016366124,0.016870548988259973,0.0,0.2235583281357361,1500,,0.016870548988259973,posterior_median,True
Bayes,model_only,2017,NO2,ST,0.03888305342362354,0.016138753062778517,0.0,0.20748624440974597,1500,,0.016138753062778517,posterior_median,True
Bayes,model_only,2017,NO3,CT,1.9781690607058626,1.9776441765477009,1.4525697186193893,2.5058837526577054,1500,,1.9776441765477009,posterior_median,True
Bayes,model_only,2017,NO3,MT,1.3183202378659897,1.325126910407876,0.9409420841431736,1.6886117104701277,1500,,1.325126910407876,posterior_median,True
Bayes,model_only,2017,NO3,ST,1.226166799790586,1.2279791508796631,0.8168452095847728,1.6256383833802144,1500,,1.2279791508796631,posterior_median,True
Bayes,model_only,2017,OP,CT,0.01811977086599616,0.016574529911993867,0.0030401199272689318,0.040848007305305876,1500,,0.016574529911993867,posterior_median,True
Bayes,model_only,2017,OP,MT,0.007019789604099749,0.006125466323895445,0.0004315033670424606,0.018222813876887435,1500,,0.006125466323895445,posterior_median,True
Bayes,model_only,2017,OP,ST,0.0061338535854661685,0.005308662707375995,0.00026695470269305063,0.017025258613276834,1500,,0.005308662707375995,posterior_median,True
Bayes,model_only,2017,Se,CT,0.0014393686392324889,0.001406699747933851,0.0004950467039055912,0.0026875377773155082,1500,,0.001406699747933851,posterior_median,True
Bayes,model_only,2017,Se,MT,0.0008530601022078259,0.0008263189167674893,0.0002594518644506189,0.0017281793202440254,1500,,0.0008263189167674893,posterior_median,True
Bayes,model_only,2017,Se,ST,0.0007844173595989001,0.0007627419303969644,0.0002254048959559341,0.001526282129515975,1500,,0.0007627419303969644,posterior_median,True
Bayes,model_only,2017,TDS,CT,181.90188114119138,178.36928571243095,92.31407541785988,283.65051635149746,1500,,178.36928571243095,posterior_median,True
Bayes,model_only,2017,TDS,MT,127.16999198910574,126.46127359022418,61.8418602896725,195.1091150590209,1500,,126.46127359022418,posterior_median,True
Bayes,model_only,2017,TDS,ST,118.1879804318063,117.11018650313747,55.35805350696578,186.43336739544006,1500,,117.11018650313747,posterior_median,True
Bayes,model_only,2017,TKN,CT,0.9778574172232468,0.9723346417491263,0.568564509413757,1.4401922730922039,1500,,0.9723346417491263,posterior_median,True
Bayes,model_only,2017,TKN,MT,0.4452419695670285,0.43327909670353176,0.2020770863431502,0.746742864567869,1500,,0.43327909670353176,posterior_median,True
Bayes,model_only,2017,TKN,ST,0.4022261982946559,0.3918281834414731,0.14943475441207035,0.711432618818742,1500,,0.3918281834414731,posterior_median,True
Bayes,model_only,2017,TN,CT,1.3103335631373512,1.1720047559753664,0.0,3.5502764686226485,1500,,1.1720047559753664,posterior_median,True
Bayes,model_only,2017,TN,MT,0.7847471394593326,0.6965949987045291,0.0,2.193713241080608,1500,,0.6965949987045291,posterior_median,True
Bayes,model_only,2017,TN,ST,0.7167042863167827,0.6284275488217974,0.0,2.1162244734919833,1500,,0.6284275488217974,posterior_median,True
Bayes,model_only,2017,TP,CT,0.07414139327670069,0.052848833031135946,0.0,0.26629072760133343,1500,,0.052848833031135946,posterior_median,True
Bayes,model_only,2017,TP,MT,0.010876538259778717,0.0020645953695167508,0.0,0.07115223535966865,1500,,0.0020645953695167508,posterior_median,True
Bayes,model_only,2017,TP,ST,0.009114331533659939,0.0006113958439752001,0.0,0.06177556949630751,1500,,0.0006113958439752001,posterior_median,True
Bayes,model_only,2017,TSS,CT,276.75544010988455,254.90084691033928,91.04846848681382,584.8231613047834,1500,,254.90084691033928,posterior_median,True
Bayes,model_only,2017,TSS,MT,37.648498615160314,24.728133460934867,0.0,148.13061780047065,1500,,24.728133460934867,posterior_median,True
Bayes,model_only,2017,TSS,ST,38.42587569454763,24.859817845025397,0.0,154.72714500135416,1500,,24.859817845025397,posterior_median,True
Bayes,model_only,2018,NH4,CT,0.026998640095636635,0.02341336984099822,0.001847032489899188,0.07450662049115124,1500,,0.02341336984099822,posterior_median,True
Bayes,model_only,2018,NH4,MT,0.02550807753081496,0.02159595165374696,0.001580709206692029,0.07211778300826803,1500,,0.02159595165374696,posterior_median,True
Bayes,model_only,2018,NH4,ST,0.025534895641522937,0.02187461593578412,0.001863688547326459,0.07217657737796845,1500,,0.02187461593578412,posterior_median,True
Bayes,model_only,2018,NO2,CT,0.07993552409295603,0.04661593966547722,0.0,0.34263351884040544,1500,,0.04661593966547722,posterior_median,True
Bayes,model_only,2018,NO2,MT,0.07166002806526516,0.03950125414171582,0.0,0.32755192484449186,1500,,0.03950125414171582,posterior_median,True
Bayes,model_only,2018,NO2,ST,0.0709210108384594,0.038831404960623886,0.0,0.3176175822526395,1500,,0.038831404960623886,posterior_median,True
Bayes,model_only,2018,NO3,CT,1.623330358249314,1.528941241160039,0.6868693047393443,3.1766218240817174,1500,,1.528941241160039,posterior_median,True
Bayes,model_only,2018,NO3,MT,1.567348811388875,1.4595791489841812,0.6706473724104207,3.0721660499151215,1500,,1.4595791489841812,posterior_median,True
Bayes,model_only,2018,NO3,ST,1.5707238053131722,1.4607368143574933,0.6668581174164265,3.146945527728985,1500,,1.4607368143574933,posterior_median,True
Bayes,model_only,2018,OP,CT,0.052653119396751054,0.0460470328166359,0.01428102148539761,0.1310920607657707,1500,,0.0460470328166359,posterior_median,True
Bayes,model_only,2018,OP,MT,0.050216048227572994,0.04414133273840842,0.015327237357671844,0.11624505375637997,1500,,0.04414133273840842,posterior_median,True
Bayes,model_only,2018,OP,ST,0.050870206596579065,0.04510908956248118,0.015426482784718665,0.11524346311275817,1500,,0.04510908956248118,posterior_median,True
Bayes,model_only,2018,Se,CT,0.0012628199592541547,0.0011970018270055067,0.0003791683982711011,0.0025561150487358824,1500,,0.0011970018270055067,posterior_median,True
Bayes,model_only,2018,Se,MT,0.001141785184645049,0.0010740951682435725,0.0003640363792237604,0.002264111038985573,1500,,0.0010740951682435725,posterior_median,True
Bayes,model_only,2018,Se,ST,0.0011433657562762562,0.001078917830176736,0.00034074486565922884,0.0023464843161248297,1500,,0.001078917830176736,posterior_median,True
Bayes,model_only,2018,TDS,CT,196.27728993044542,186.45755843501559,80.03945770641438,380.17404416654455,1500,,186.45755843501559,posterior_median,True
Bayes,model_only,2018,TDS,MT,190.50224566336485,180.40038636965042,78.18127730849871,379.183261890196,1500,,180.40038636965042,posterior_median,True
Bayes,model_only,2018,TDS,ST,190.0163112598554,179.5340685178695,76.77721283554634,372.2234620703701,1500,,179.5340685178695,posterior_median,True
Bayes,model_only,2018,TKN,CT,0.5099088470434247,0.3824946609492349,0.00035332970885714225,1.7519103325863923,1500,,0.3824946609492349,posterior_median,True
Bayes,model_only,2018,TKN,MT,0.46948288877236694,0.3584984467527479,0.0,1.5607581122713194,1500,,0.3584984467527479,posterior_median,True
Bayes,model_only,2018,TKN,ST,0.4722961357774583,0.3635663810881601,0.0,1.5177367004917313,1500,,0.3635663810881601,posterior_median,True
Bayes,model_only,2018,TN,CT,1.2917269580378536,1.1365448240957923,0.02122801968210378,3.525674740936221,1500,,1.1365448240957923,posterior_median,True
Bayes,model_only,2018,TN,MT,1.1937990206211502,1.0400432641126565,0.008915685943641878,3.312929173158861,1500,,1.0400432641126565,posterior_median,True
Bayes,model_only,2018,TN,ST,1.1933057348028369,1.0499978978501956,0.017394194700436637,3.3361159361507253,1500,,1.0499978978501956,posterior_median,True
Bayes,model_only,2018,TP,CT,0.11764145912912913,0.04604801820453165,0.0,0.6727802880271025,1500,,0.04604801820453165,posterior_median,True
Bayes,model_only,2018,TP,MT,0.1061422973120023,0.03897389449061432,0.0,0.6349386376644971,1500,,0.03897389449061432,posterior_median,True
Bayes,model_only,2018,TP,ST,0.10518902836132546,0.03943784863945134,0.0,0.6051669554799556,1500,,0.03943784863945134,posterior_median,True
Bayes,model_only,2018,TSS,CT,225.94655406474476,170.8287298996046,5.185619980745136,791.3491224217054,1500,,170.8287298996046,posterior_median,True
Bayes,model_only,2018,TSS,MT,184.33809551794894,139.24506015379495,0.022145652404621942,687.6424985495399,1500,,139.24506015379495,posterior_median,True
Bayes,model_only,2018,TSS,ST,185.73060274290515,142.03648282351415,2.944998805427098,648.5885207751777,1500,,142.03648282351415,posterior_median,True
Bayes,model_only,2019,NH4,CT,0.007905094125583071,0.007318365366990027,0.0,0.020782012719511397,1500,,0.007318365366990027,posterior_median,True
Bayes,model_only,2019,NH4,MT,0.00798224280925819,0.006900877192858033,0.0,0.021248897288376388,1500,,0.006900877192858033,posterior_median,True
Bayes,model_only,2019,NH4,ST,0.007923864576438972,0.007107137098865238,0.0,0.020936968866537467,1500,,0.007107137098865238,posterior_median,True
Bayes,model_only,2019,NO2,CT,0.012583607965154944,0.001119464038133245,0.0,0.07828422759073522,1500,,0.001119464038133245,posterior_median,True
Bayes,model_only,2019,NO2,MT,0.012547304869320364,0.00043523739889855047,0.0,0.0802317460446872,1500,,0.00043523739889855047,posterior_median,True
Bayes,model_only,2019,NO2,ST,0.012357383497758022,0.0007873110540107507,0.0,0.07655168144823837,1500,,0.0007873110540107507,posterior_median,True
Bayes,model_only,2019,NO3,CT,0.41759243831440146,0.40613649140841435,0.17627602748443003,0.7051525613442193,1500,,0.40613649140841435,posterior_median,True
Bayes,model_only,2019,NO3,MT,0.4164968208186402,0.4077685844311345,0.16953607167648455,0.7022890171134177,1500,,0.4077685844311345,posterior_median,True
Bayes,model_only,2019,NO3,ST,0.41811980129965615,0.4025589853874334,0.1827386639658944,0.7312047676443337,1500,,0.4025589853874334,posterior_median,True
Bayes,model_only,2019,OP,CT,0.01599006339941739,0.015041012169676524,0.0034790506615463793,0.03399347378453643,1500,,0.015041012169676524,posterior_median,True
Bayes,model_only,2019,OP,MT,0.01618950277764515,0.01524892743809509,0.002827329318915563,0.03377579239949199,1500,,0.01524892743809509,posterior_median,True
Bayes,model_only,2019,OP,ST,0.01612083900058546,0.015472421345755926,0.0038528104920349093,0.031999687230148406,1500,,0.015472421345755926,posterior_median,True
Bayes,model_only,2019,Se,CT,0.00029316208328375757,0.000287543127091961,4.2094855027594056e-05,0.0005529190233327964,1500,,0.000287543127091961,posterior_median,True
Bayes,model_only,2019,Se,MT,0.0002981551367367672,0.00029315118245891686,5.122792969480879e-05,0.0005641879422265633,1500,,0.00029315118245891686,posterior_median,True
Bayes,model_only,2019,Se,ST,0.00029566919840290156,0.0002867199497176716,5.368779837171496e-05,0.0005445103609840442,1500,,0.0002867199497176716,posterior_median,True
Bayes,model_only,2019,TDS,CT,51.021546663166006,50.624133922491836,22.003142505445766,83.80915940069173,1500,,50.624133922491836,posterior_median,True
Bayes,model_only,2019,TDS,MT,51.62984522457488,50.753155700841695,20.788357224392232,88.88973054772194,1500,,50.753155700841695,posterior_median,True
Bayes,model_only,2019,TDS,ST,51.393060933382415,50.16669157871769,22.486997020427932,86.94502583250737,1500,,50.16669157871769,posterior_median,True
Bayes,model_only,2019,TKN,CT,0.05917466998262367,0.018606577550816426,0.0,0.29748251617726706,1500,,0.018606577550816426,posterior_median,True
Bayes,model_only,2019,TKN,MT,0.06044064520069562,0.018475102146205645,0.0,0.28965687434346404,1500,,0.018475102146205645,posterior_median,True
Bayes,model_only,2019,TKN,ST,0.059626360478585924,0.02019117344385183,0.0,0.2911984875186431,1500,,0.02019117344385183,posterior_median,True
Bayes,model_only,2019,TN,CT,0.36615274726744534,0.3493781257684549,0.0,0.8635484247441602,1500,,0.3493781257684549,posterior_median,True
Bayes,model_only,2019,TN,MT,0.3709637384571714,0.3468066887851428,0.0,0.8951666583293096,1500,,0.3468066887851428,posterior_median,True
Bayes,model_only,2019,TN,ST,0.3705829660740933,0.35125511414522614,0.0,0.896181270023032,1500,,0.35125511414522614,posterior_median,True
Bayes,model_only,2019,TP,CT,0.024272724627776847,0.005398915020344619,0.0,0.13297318261266142,1500,,0.005398915020344619,posterior_median,True
Bayes,model_only,2019,TP,MT,0.023861022884132096,0.006140706491268527,0.0,0.12468126439665571,1500,,0.006140706491268527,posterior_median,True
Bayes,model_only,2019,TP,ST,0.024079250756178467,0.006195941413482068,0.0,0.1382444577197437,1500,,0.006195941413482068,posterior_median,True
Bayes,model_only,2019,TSS,CT,52.00903322450743,40.76506302814505,0.0,168.33925866941772,1500,,40.76506302814505,posterior_median,True
Bayes,model_only,2019,TSS,MT,52.915802581152434,42.707662920313524,0.0,171.95152285033788,1500,,42.707662920313524,posterior_median,True
Bayes,model_only,2019,TSS,ST,53.45314596233467,43.08951789197364,0.0,169.95705867060218,1500,,43.08951789197364,posterior_median,True
Bayes,model_only,2020,NH4,CT,0.0219721462738041,0.01993797292700978,0.002030478918413451,0.052004851534555814,1500,,0.01993797292700978,posterior_median,True
Bayes,model_only,2020,NH4,MT,0.019442390071486383,0.018050227638993444,0.002335526813008959,0.04553801227696817,1500,,0.018050227638993444,posterior_median,True
Bayes,model_only,2020,NH4,ST,0.018925165730353882,0.017551354762936466,0.0019171008344363832,0.042658764939986285,1500,,0.017551354762936466,posterior_median,True
Bayes,model_only,2020,NO2,CT,0.08793506898666548,0.06682874243052563,0.0,0.30549310612995334,1500,,0.06682874243052563,posterior_median,True
Bayes,model_only,2020,NO2,MT,0.06338700906209292,0.04499841157894657,0.0,0.24255256838086825,1500,,0.04499841157894657,posterior_median,True
Bayes,model_only,2020,NO2,ST,0.06383826147433433,0.045624338807815655,0.0,0.2363504582104309,1500,,0.045624338807815655,posterior_median,True
Bayes,model_only,2020,NO3,CT,1.5195000730870751,1.4985772607827221,1.013198280607463,2.1374729141850697,1500,,1.4985772607827221,posterior_median,True
Bayes,model_only,2020,NO3,MT,1.3173151331752244,1.3167238818684444,0.9194644028617875,1.7233365902189108,1500,,1.3167238818684444,posterior_median,True
Bayes,model_only,2020,NO3,ST,1.3053430779225061,1.3084177564568555,0.9296498437183647,1.7142480555877666,1500,,1.3084177564568555,posterior_median,True
Bayes,model_only,2020,OP,CT,0.026300551178861393,0.025179597171094414,0.005835370654948705,0.05548548463993001,1500,,0.025179597171094414,posterior_median,True
Bayes,model_only,2020,OP,MT,0.025068907684926676,0.02378079481136907,0.006449419912375795,0.05107636905755914,1500,,0.02378079481136907,posterior_median,True
Bayes,model_only,2020,OP,ST,0.024989780335898815,0.023871330559776263,0.006307561928870182,0.05062113246200174,1500,,0.023871330559776263,posterior_median,True
Bayes,model_only,2020,Se,CT,0.0012934443581445374,0.0012758792332484752,0.0008669408278818605,0.001791740426994837,1500,,0.0012758792332484752,posterior_median,True
Bayes,model_only,2020,Se,MT,0.0009402577923528887,0.0009395349672304272,0.0006298748026950068,0.0012521030451351789,1500,,0.0009395349672304272,posterior_median,True
Bayes,model_only,2020,Se,ST,0.0009336993697613181,0.0009311750949786154,0.0006459385986324885,0.0012476462623107155,1500,,0.0009311750949786154,posterior_median,True
Bayes,model_only,2020,TDS,CT,172.01670369124525,167.77990394791277,87.67455909743924,271.5195082227247,1500,,167.77990394791277,posterior_median,True
Bayes,model_only,2020,TDS,MT,151.81214482522324,150.55692622735728,80.8668824199336,225.36339870476962,1500,,150.55692622735728,posterior_median,True
Bayes,model_only,2020,TDS,ST,150.58518516886744,149.47136224685266,83.73295569305496,226.92798505119305,1500,,149.47136224685266,posterior_median,True
Bayes,model_only,2020,TKN,CT,0.54389823065904,0.517604207895833,0.21976914635520642,1.000325177311296,1500,,0.517604207895833,posterior_median,True
Bayes,model_only,2020,TKN,MT,0.40014493161692494,0.38407894943928417,0.14648293756970104,0.7222908415484129,1500,,0.38407894943928417,posterior_median,True
Bayes,model_only,2020,TKN,ST,0.41984449113270816,0.41150314020313594,0.1486857234086304,0.7660107014146892,1500,,0.41150314020313594,posterior_median,True
Bayes,model_only,2020,TN,CT,1.2598635902576778,1.1924537796864423,0.05796474555188119,2.751519432535808,1500,,1.1924537796864423,posterior_median,True
Bayes,model_only,2020,TN,MT,1.0136899587577815,0.9718447682298157,0.05303721616329135,2.33209843508092,1500,,0.9718447682298157,posterior_median,True
Bayes,model_only,2020,TN,ST,1.0089095761457456,0.9716022799511141,0.04150661785759102,2.2338456448389685,1500,,0.9716022799511141,posterior_median,True
Bayes,model_only,2020,TP,CT,0.06374654831190597,0.04436684200285746,0.0,0.2443906133334505,1500,,0.04436684200285746,posterior_median,True
Bayes,model_only,2020,TP,MT,0.05765149272485016,0.04188634387599587,0.0,0.20727217135162745,1500,,0.04188634387599587,posterior_median,True
Bayes,model_only,2020,TP,ST,0.05779057020718836,0.039258967455572884,0.0,0.21437491304571502,1500,,0.039258967455572884,posterior_median,True
Bayes,model_only,2020,TSS,CT,68.73087884321531,52.8582825932463,0.0,233.54652669198217,1500,,52.8582825932463,posterior_median,True
Bayes,model_only,2020,TSS,MT,42.488202627179824,27.48460527978495,0.0,163.3133351488969,1500,,27.48460527978495,posterior_median,True
Bayes,model_only,2020,TSS,ST,38.22391669194789,24.794910245252492,0.0,161.3951206797031,1500,,24.794910245252492,posterior_median,True
Bayes,model_only,2021,NH4,CT,0.02132157402193672,0.019658785123260587,0.0025690852883436697,0.0502140267755372,1500,,0.019658785123260587,posterior_median,True
Bayes,model_only,2021,NH4,MT,0.02013107280861603,0.018314980087788018,0.001754064029507734,0.05019960457185354,1500,,0.018314980087788018,posterior_median,True
Bayes,model_only,2021,NH4,ST,0.020348956867397114,0.018666063501099103,0.002442275523584937,0.04762096011545392,1500,,0.018666063501099103,posterior_median,True
Bayes,model_only,2021,NO2,CT,0.07704634926370328,0.06258460407249104,0.001238812170264585,0.24603395430391578,1500,,0.06258460407249104,posterior_median,True
Bayes,model_only,2021,NO2,MT,0.0461637718648286,0.03211018478928349,0.0,0.17451413182071893,1500,,0.03211018478928349,posterior_median,True
Bayes,model_only,2021,NO2,ST,0.04651823912880656,0.032597985302922974,0.0,0.1780628254111757,1500,,0.032597985302922974,posterior_median,True
Bayes,model_only,2021,NO3,CT,1.4381692320586152,1.4416013856948826,0.9934567667439996,1.8991310128448682,1500,,1.4416013856948826,posterior_median,True
Bayes,model_only,2021,NO3,MT,1.2283703201355156,1.1984396946865234,0.7226954028009249,1.817650067559046,1500,,1.1984396946865234,posterior_median,True
Bayes,model_only,2021,NO3,ST,1.2460254885105448,1.2304755356059647,0.8070965271982476,1.7244025881744889,1500,,1.2304755356059647,posterior_median,True
Bayes,model_only,2021,OP,CT,0.032070344843881264,0.03111039767011292,0.01337737981067917,0.05623071996644249,1500,,0.03111039767011292,posterior_median,True
Bayes,model_only,2021,OP,MT,0.0298673053990851,0.02825207075883088,0.012255332634616983,0.05624396110796714,1500,,0.02825207075883088,posterior_median,True
Bayes,model_only,2021,OP,ST,0.029001197985533158,0.027818187640526293,0.012460845111258155,0.05123100139301132,1500,,0.027818187640526293,posterior_median,True
Bayes,model_only,2021,Se,CT,0.0012621334871793326,0.0012674036790931101,0.0008674427550726936,0.0016376012248775084,1500,,0.0012674036790931101,posterior_median,True
Bayes,model_only,2021,Se,MT,0.0009011237563797375,0.0008824085060924018,0.0005313192498319513,0.0013235129721931545,1500,,0.0008824085060924018,posterior_median,True
Bayes,model_only,2021,Se,ST,0.0009463113025738631,0.0009338808028569022,0.0006205625626159814,0.0013354009093758078,1500,,0.0009338808028569022,posterior_median,True
Bayes,model_only,2021,TDS,CT,151.87330615190103,148.19384321987982,82.06707429287388,234.5429329888472,1500,,148.19384321987982,posterior_median,True
Bayes,model_only,2021,TDS,MT,137.18142375731,135.14615556326618,67.64205496623661,213.96324383117835,1500,,135.14615556326618,posterior_median,True
Bayes,model_only,2021,TDS,ST,139.9522493808688,138.70635716986294,74.57645293374546,216.975455614902,1500,,138.70635716986294,posterior_median,True
Bayes,model_only,2021,TKN,CT,0.50695298757788,0.49756534995466417,0.25291154394703574,0.8219626790269329,1500,,0.49756534995466417,posterior_median,True
Bayes,model_only,2021,TKN,MT,0.2435987882191912,0.2264746805345646,0.06973729653360321,0.5102194969159005,1500,,0.2264746805345646,posterior_median,True
Bayes,model_only,2021,TKN,ST,0.19936826694279253,0.18674124915127815,0.05533899920135174,0.4357049874627236,1500,,0.18674124915127815,posterior_median,True
Bayes,model_only,2021,TN,CT,1.1471475200060373,1.120816885753519,0.060604544359483745,2.5581139827037607,1500,,1.120816885753519,posterior_median,True
Bayes,model_only,2021,TN,MT,0.9463582261131799,0.8576832313314278,0.012956872004237207,2.3774970118720757,1500,,0.8576832313314278,posterior_median,True
Bayes,model_only,2021,TN,ST,0.9595604522717063,0.8917772308011915,0.034084076115096916,2.2792132793665854,1500,,0.8917772308011915,posterior_median,True
Bayes,model_only,2021,TP,CT,0.20756162941390408,0.1876649357239744,0.05209367159804241,0.47353121076049554,1500,,0.1876649357239744,posterior_median,True
Bayes,model_only,2021,TP,MT,0.1627971614127337,0.14386075445501514,0.03669024511017833,0.3922836025575,1500,,0.14386075445501514,posterior_median,True
Bayes,model_only,2021,TP,ST,0.14835507447607543,0.1256681444400392,0.031840220991379405,0.36693982002188485,1500,,0.1256681444400392,posterior_median,True
Bayes,model_only,2021,TSS,CT,204.55517977891097,190.6136143183053,60.35426907226885,419.9221116793062,1500,,190.6136143183053,posterior_median,True
Bayes,model_only,2021,TSS,MT,138.79190997330227,121.2480959343157,24.495900108857786,342.06205145266057,1500,,121.2480959343157,posterior_median,True
Bayes,model_only,2021,TSS,ST,119.90978578101958,105.37400757142535,21.045433014840878,306.9780395691947,1500,,105.37400757142535,posterior_median,True
Bayes,model_only,2022,NH4,CT,0.028248343635638152,0.025950454432665172,0.003987751359770724,0.0674617146174723,1500,,0.025950454432665172,posterior_median,True
Bayes,model_only,2022,NH4,MT,0.023190113301354686,0.02141163450235813,0.0022382896842113005,0.05400413858769107,1500,,0.02141163450235813,posterior_median,True
Bayes,model_only,2022,NH4,ST,0.024415915440634393,0.022594362184136536,0.0028870679689176784,0.05769384625086329,1500,,0.022594362184136536,posterior_median,True
Bayes,model_only,2022,NO2,CT,0.06893126310323597,0.06558002026255655,0.030650851479428316,0.12729640258086866,1500,,0.06558002026255655,posterior_median,True
Bayes,model_only,2022,NO2,MT,0.054738188504525186,0.052893986130121855,0.021040040634962218,0.0965474981753394,1500,,0.052893986130121855,posterior_median,True
Bayes,model_only,2022,NO2,ST,0.04453773809904986,0.04192227516943739,0.014978617535140666,0.08856710394823897,1500,,0.04192227516943739,posterior_median,True
Bayes,model_only,2022,NO3,CT,1.6657111506618079,1.6599343850499482,1.1841033365199256,2.1867022906456985,1500,,1.6599343850499482,posterior_median,True
Bayes,model_only,2022,NO3,MT,1.4701178893085816,1.47586481763919,1.073068205512894,1.8839529716133472,1500,,1.47586481763919,posterior_median,True
Bayes,model_only,2022,NO3,ST,1.5369813227352316,1.5343918580188518,1.101267002457542,1.973625036665761,1500,,1.5343918580188518,posterior_median,True
Bayes,model_only,2022,OP,CT,0.03832022801053394,0.037511212839950285,0.01678674649934964,0.06478550823267223,1500,,0.037511212839950285,posterior_median,True
Bayes,model_only,2022,OP,MT,0.03316573070737578,0.03254163600677901,0.015746282449708947,0.05528222079462846,1500,,0.03254163600677901,posterior_median,True
Bayes,model_only,2022,OP,ST,0.037179031099598185,0.03638303197253667,0.0191540404474662,0.06035137694061048,1500,,0.03638303197253667,posterior_median,True
Bayes,model_only,2022,Se,CT,0.0017963305758299593,0.0017948482016392716,0.0012740689750590922,0.0023232180827736032,1500,,0.0017948482016392716,posterior_median,True
Bayes,model_only,2022,Se,MT,0.0013402599518630236,0.001336732066719389,0.0009826043014678591,0.0016942973717456091,1500,,0.001336732066719389,posterior_median,True
Bayes,model_only,2022,Se,ST,0.0013819893787258737,0.0013766539569080374,0.0010207773393185295,0.001759524430082615,1500,,0.0013766539569080374,posterior_median,True
Bayes,model_only,2022,TDS,CT,201.78070144800714,198.23037610981146,112.92187006334899,302.203364805821,1500,,198.23037610981146,posterior_median,True
Bayes,model_only,2022,TDS,MT,182.18783759448624,180.41344202920067,108.82774966873339,263.52132464018905,1500,,180.41344202920067,posterior_median,True
Bayes,model_only,2022,TDS,ST,188.81554267553992,187.05550602337556,110.06520019159277,273.14289882695454,1500,,187.05550602337556,posterior_median,True
Bayes,model_only,2022,TKN,CT,0.8259931353070268,0.8033055606738975,0.4085792305969141,1.3827096184798566,1500,,0.8033055606738975,posterior_median,True
Bayes,model_only,2022,TKN,MT,0.6542464247288027,0.638733882051316,0.31199585545006703,1.0781321472483993,1500,,0.638733882051316,posterior_median,True
Bayes,model_only,2022,TKN,ST,0.7966346673471377,0.7759211670854191,0.42577791356289524,1.274697687402791,1500,,0.7759211670854191,posterior_median,True
Bayes,model_only,2022,TN,CT,1.4996658965039011,1.4187244182030458,0.13050518004745512,3.3509476201983093,1500,,1.4187244182030458,posterior_median,True
Bayes,model_only,2022,TN,MT,1.2248887774082384,1.1522553711011703,0.0686476935122096,2.7670783227052778,1500,,1.1522553711011703,posterior_median,True
Bayes,model_only,2022,TN,ST,1.2857482958926496,1.214342223346081,0.10104054147156916,3.0441765233803717,1500,,1.214342223346081,posterior_median,True
Bayes,model_only,2022,TP,CT,0.17599228825413732,0.14974927272731173,0.027259935144849822,0.4420799575544221,1500,,0.14974927272731173,posterior_median,True
Bayes,model_only,2022,TP,MT,0.1592817814073195,0.13869289822047093,0.03169166789431521,0.3880598158830073,1500,,0.13869289822047093,posterior_median,True
Bayes,model_only,2022,TP,ST,0.17649082804074998,0.15332217540194776,0.04386857692309445,0.4376800766355094,1500,,0.15332217540194776,posterior_median,True
Bayes,model_only,2022,TSS,CT,251.9790337754565,231.77762516462283,78.47098724795407,527.268119236423,1500,,231.77762516462283,posterior_median,True
Bayes,model_only,2022,TSS,MT,160.86745907845577,143.5796046086819,36.81451877428633,382.55188124768904,1500,,143.5796046086819,posterior_median,True
Bayes,model_only,2022,TSS,ST,174.10503294469822,153.90861988508368,42.38049313188637,407.8154280472583,1500,,153.90861988508368,posterior_median,True
Bayes,model_only,2023,NH4,CT,0.029101076028022792,0.026626303622747486,0.0033046374034076606,0.07111594350695477,1500,,0.026626303622747486,posterior_median,True
Bayes,model_only,2023,NH4,MT,0.028691120021921434,0.026524958676930326,0.002798627739651798,0.07380735609338779,1500,,0.026524958676930326,posterior_median,True
Bayes,model_only,2023,NH4,ST,0.02704877581922087,0.024512360319014635,0.0027245508966130933,0.06775440671310642,1500,,0.024512360319014635,posterior_median,True
Bayes,model_only,2023,NO2,CT,0.010047504473390919,0.006876462601316996,0.0,0.04252823778503097,1500,,0.006876462601316996,posterior_median,True
Bayes,model_only,2023,NO2,MT,0.009932882244593433,0.007398496201212412,0.0,0.035990183187144136,1500,,0.007398496201212412,posterior_median,True
Bayes,model_only,2023,NO2,ST,0.008884327033607675,0.0061855934195491815,0.0,0.03532194495443446,1500,,0.0061855934195491815,posterior_median,True
Bayes,model_only,2023,NO3,CT,1.8612978539937781,1.8358579802495274,1.3023565986311116,2.5486185580778833,1500,,1.8358579802495274,posterior_median,True
Bayes,model_only,2023,NO3,MT,2.0556408683157463,2.0241300400253706,1.49952898097414,2.7994929649851943,1500,,2.0241300400253706,posterior_median,True
Bayes,model_only,2023,NO3,ST,1.7315006543447704,1.7090097709441192,1.2235821921485954,2.333391079499103,1500,,1.7090097709441192,posterior_median,True
Bayes,model_only,2023,OP,CT,0.028634026104795325,0.027919897400864715,0.014371123545173028,0.04808119140879094,1500,,0.027919897400864715,posterior_median,True
Bayes,model_only,2023,OP,MT,0.03296619181037582,0.03217731565046356,0.017916575584387067,0.05257660522033533,1500,,0.03217731565046356,posterior_median,True
Bayes,model_only,2023,OP,ST,0.03343610529744123,0.032829424013744626,0.017396842303848966,0.052132805363405935,1500,,0.032829424013744626,posterior_median,True
Bayes,model_only,2023,Se,CT,0.0016116449829507988,0.0015921585997310484,0.0007644766742644375,0.0026245471082535624,1500,,0.0015921585997310484,posterior_median,True
Bayes,model_only,2023,Se,MT,0.0015370083574956443,0.0015199345307674956,0.0006728366070068311,0.0025725943447304916,1500,,0.0015199345307674956,posterior_median,True
Bayes,model_only,2023,Se,ST,0.0014396781868062643,0.0014232891195377511,0.0006602954521659846,0.00237904571761963,1500,,0.0014232891195377511,posterior_median,True
Bayes,model_only,2023,TDS,CT,240.0194022763486,239.58605418010887,177.9124739682935,311.7779326374629,1500,,239.58605418010887,posterior_median,True
Bayes,model_only,2023,TDS,MT,260.7909424611283,259.9817457070001,191.02492346406726,340.1632559127299,1500,,259.9817457070001,posterior_median,True
Bayes,model_only,2023,TDS,ST,230.42360528498466,228.6903941215068,172.8442238587732,293.5562913802802,1500,,228.6903941215068,posterior_median,True
Bayes,model_only,2023,TKN,CT,1.8152337243508163,1.7884547913209587,1.0685753675105722,2.721294125055117,1500,,1.7884547913209587,posterior_median,True
Bayes,model_only,2023,TKN,MT,1.8283350145837358,1.7997128953142525,1.0963430266222687,2.7088832027729475,1500,,1.7997128953142525,posterior_median,True
Bayes,model_only,2023,TKN,ST,1.9830276860452367,1.9559491188251954,1.1594286729267906,2.917470613997929,1500,,1.9559491188251954,posterior_median,True
Bayes,model_only,2023,TN,CT,1.3878550902875777,1.2910385096561532,0.02210473374202531,3.374602910303723,1500,,1.2910385096561532,posterior_median,True
Bayes,model_only,2023,TN,MT,1.4102711561012322,1.33000826203937,0.025808778685996646,3.489647546974229,1500,,1.33000826203937,posterior_median,True
Bayes,model_only,2023,TN,ST,1.2717576668443928,1.1988870350261767,0.031122120519780843,3.1408517458340306,1500,,1.1988870350261767,posterior_median,True
Bayes,model_only,2023,TP,CT,0.06736939267894218,0.036820474455050926,0.0,0.29312964468053293,1500,,0.036820474455050926,posterior_median,True
Bayes,model_only,2023,TP,MT,0.09981164080846114,0.07568044823975664,0.0,0.34091372992364144,1500,,0.07568044823975664,posterior_median,True
Bayes,model_only,2023,TP,ST,0.07593774930663211,0.049379393693997756,0.0,0.29554837601187983,1500,,0.049379393693997756,posterior_median,True
Bayes,model_only,2023,TSS,CT,258.8444591025664,242.32403495812338,38.58593262041606,558.4858582971991,1500,,242.32403495812338,posterior_median,True
Bayes,model_only,2023,TSS,MT,278.1865880951982,264.79985404699926,77.91168793642987,558.3325663273524,1500,,264.79985404699926,posterior_median,True
Bayes,model_only,2023,TSS,ST,280.3208058873936,266.4878920395896,72.38788033557354,559.853048586805,1500,,266.4878920395896,posterior_median,True
Bayes,model_only,2024,NH4,CT,0.02710863802759053,0.025448565687787084,0.0016957471650659293,0.06748474786201737,1500,,0.025448565687787084,posterior_median,True
Bayes,model_only,2024,NH4,MT,0.030106879710199454,0.028063341745172228,0.002477560751540913,0.07347721521645258,1500,,0.028063341745172228,posterior_median,True
Bayes,model_only,2024,NH4,ST,0.03045871680898834,0.02788246007785348,0.0018708761020123697,0.07365020154018627,1500,,0.02788246007785348,posterior_median,True
Bayes,model_only,2024,NO2,CT,0.00515538250167886,0.001946686444345401,0.0,0.031348342687038566,1500,,0.001946686444345401,posterior_median,True
Bayes,model_only,2024,NO2,MT,0.002521884417330329,0.0,0.0,0.020352233836128057,1500,,0.0,posterior_median,True
Bayes,model_only,2024,NO2,ST,0.003881645036891468,0.0014835704777190076,0.0,0.022224130923675322,1500,,0.0014835704777190076,posterior_median,True
Bayes,model_only,2024,NO3,CT,1.433987331992771,1.408761676305183,1.0045807045324524,1.955480306620179,1500,,1.408761676305183,posterior_median,True
Bayes,model_only,2024,NO3,MT,1.5481264260251288,1.5230443069478432,1.1030283188325456,2.072244752752635,1500,,1.5230443069478432,posterior_median,True
Bayes,model_only,2024,NO3,ST,1.5935908033273454,1.5640722263533702,1.165222583816644,2.0950016417376705,1500,,1.5640722263533702,posterior_median,True
Bayes,model_only,2024,OP,CT,0.07583183974499444,0.07507070802285257,0.05304153756936052,0.10270922182682485,1500,,0.07507070802285257,posterior_median,True
Bayes,model_only,2024,OP,MT,0.07588545788766034,0.07513238574511026,0.05276452327250293,0.10432358914408449,1500,,0.07513238574511026,posterior_median,True
Bayes,model_only,2024,OP,ST,0.08483790750374152,0.08410933464074724,0.06114887492419898,0.11315691813900669,1500,,0.08410933464074724,posterior_median,True
Bayes,model_only,2024,Se,CT,0.0011599482597246457,0.001153013431804155,0.00021601134154517282,0.002036117426670445,1500,,0.001153013431804155,posterior_median,True
Bayes,model_only,2024,Se,MT,0.0012274822627594177,0.0012143074551877698,0.00022398592813911472,0.002128736906865041,1500,,0.0012143074551877698,posterior_median,True
Bayes,model_only,2024,Se,ST,0.0012516674587464663,0.0012497836065537612,0.00023938202290332678,0.0021281107924872355,1500,,0.0012497836065537612,posterior_median,True
Bayes,model_only,2024,TDS,CT,204.523222308448,203.33904739941374,153.86409838365645,264.0628573277871,1500,,203.33904739941374,posterior_median,True
Bayes,model_only,2024,TDS,MT,224.98783398431002,223.59994692916177,171.97086616205078,289.06094845146384,1500,,223.59994692916177,posterior_median,True
Bayes,model_only,2024,TDS,ST,229.79840094381987,229.67300019124127,178.80060550629867,286.6841379371007,1500,,229.67300019124127,posterior_median,True
Bayes,model_only,2024,TKN,CT,0.3011704761097463,0.2754540683406601,0.028111480679354598,0.7385188338390489,1500,,0.2754540683406601,posterior_median,True
Bayes,model_only,2024,TKN,MT,0.2725506871523766,0.24199564424390488,0.023973561083919657,0.7009690164948831,1500,,0.24199564424390488,posterior_median,True
Bayes,model_only,2024,TKN,ST,0.3494394776251068,0.32217404136748806,0.0342193419128056,0.8452919674953878,1500,,0.32217404136748806,posterior_median,True
Bayes,model_only,2024,TN,CT,1.2989463606005305,1.2492675283262225,0.0,2.901637172577267,1500,,1.2492675283262225,posterior_median,True
Bayes,model_only,2024,TN,MT,1.4173909070008335,1.3640171070429248,0.0,3.2020144187475994,1500,,1.3640171070429248,posterior_median,True
Bayes,model_only,2024,TN,ST,1.4886496829712044,1.4603790586607495,0.0,3.284581460594617,1500,,1.4603790586607495,posterior_median,True
Bayes,model_only,2024,TP,CT,0.08321549658488432,0.0631672501042897,0.0,0.2805541055439632,1500,,0.0631672501042897,posterior_median,True
Bayes,model_only,2024,TP,MT,0.05629383304880751,0.030140590787021627,0.0,0.2563624466936139,1500,,0.030140590787021627,posterior_median,True
Bayes,model_only,2024,TP,ST,0.15404988887918056,0.13198321992889211,0.0,0.4394227180659494,1500,,0.13198321992889211,posterior_median,True
Bayes,model_only,2024,TSS,CT,145.14230886441769,128.91262335056012,14.184190494605176,354.00661127768564,1500,,128.91262335056012,posterior_median,True
Bayes,model_only,2024,TSS,MT,115.6427414085812,93.24892862521463,0.0,343.0696625624421,1500,,93.24892862521463,posterior_median,True
Bayes,model_only,2024,TSS,ST,271.04015559834255,264.56163436858697,57.135396511152464,533.2419105061654,1500,,264.56163436858697,posterior_median,True
Bayes,model_only,2025,NH4,CT,0.03142014964594785,0.029398399000242523,0.002755013626514618,0.07171091583152084,1500,,0.029398399000242523,posterior_median,True
Bayes,model_only,2025,NH4,MT,0.03104749574248189,0.027732424927277483,0.0031161726760993713,0.0747102960976805,1500,,0.027732424927277483,posterior_median,True
Bayes,model_only,2025,NH4,ST,0.03159472108776315,0.029086585049045592,0.0024281130827677956,0.07366985257775034,1500,,0.029086585049045592,posterior_median,True
Bayes,model_only,2025,NO2,CT,0.21153548803852731,0.20654181466447294,0.10677701708674255,0.35002136058706984,1500,,0.20654181466447294,posterior_median,True
Bayes,model_only,2025,NO2,MT,0.20989510595833163,0.20431916941106998,0.10780191634568735,0.34421325672569936,1500,,0.20431916941106998,posterior_median,True
Bayes,model_only,2025,NO2,ST,0.21362041534977272,0.20697869234858185,0.10652546059703133,0.3595241121606711,1500,,0.20697869234858185,posterior_median,True
Bayes,model_only,2025,NO3,CT,0.554034673915772,0.5103781214450182,0.1292789156221021,1.1613618424048555,1500,,0.5103781214450182,posterior_median,True
Bayes,model_only,2025,NO3,MT,0.5439870245277563,0.48966431400896526,0.12329890646216607,1.1444940856175725,1500,,0.48966431400896526,posterior_median,True
Bayes,model_only,2025,NO3,ST,0.5562115103605801,0.5089327586523159,0.12342027568858113,1.1595545565640604,1500,,0.5089327586523159,posterior_median,True
Bayes,model_only,2025,OP,CT,0.04910828817775841,0.04755674349114083,0.025503461667873546,0.07925915811611109,1500,,0.04755674349114083,posterior_median,True
Bayes,model_only,2025,OP,MT,0.06411346456711375,0.06283737031275809,0.03630456712684647,0.09872047976280826,1500,,0.06283737031275809,posterior_median,True
Bayes,model_only,2025,OP,ST,0.053386239415663804,0.051742883319668684,0.028988688103333153,0.08697819029876111,1500,,0.051742883319668684,posterior_median,True
Bayes,model_only,2025,Se,CT,0.0018633038006766218,0.0018442935062080849,0.0012020666900535801,0.0025966554964612994,1500,,0.0018442935062080849,posterior_median,True
Bayes,model_only,2025,Se,MT,0.0016372812370411413,0.001614596084717635,0.0009081185418342697,0.002398420834339094,1500,,0.001614596084717635,posterior_median,True
Bayes,model_only,2025,Se,ST,0.001711028816675651,0.0016865034730143118,0.001010735704850317,0.0024917482036734924,1500,,0.0016865034730143118,posterior_median,True
Bayes,model_only,2025,TDS,CT,190.26911144394904,188.18060955196952,123.70575456988725,263.525697749575,1500,,188.18060955196952,posterior_median,True
Bayes,model_only,2025,TDS,MT,186.7277197959018,185.3448354249683,123.44848072269313,269.12829246734805,1500,,185.3448354249683,posterior_median,True
Bayes,model_only,2025,TDS,ST,195.0594381077363,191.8293372700648,129.81581405123725,278.15856583253145,1500,,191.8293372700648,posterior_median,True
Bayes,model_only,2025,TKN,CT,0.39502745167589304,0.35245651402950356,0.062470561411293916,0.9365345097533622,1500,,0.35245651402950356,posterior_median,True
Bayes,model_only,2025,TKN,MT,0.3390818781456527,0.3086992849439242,0.052335342023509,0.8251451752886406,1500,,0.3086992849439242,posterior_median,True
Bayes,model_only,2025,TKN,ST,0.3421293956230701,0.3094710698914631,0.051069133217586694,0.812242875549173,1500,,0.3094710698914631,posterior_median,True
Bayes,model_only,2025,TN,CT,1.6873278646953598,1.6239201707594195,0.06762438741002118,3.7765919054957795,1500,,1.6239201707594195,posterior_median,True
Bayes,model_only,2025,TN,MT,1.7094704434284689,1.6260401005387775,0.1003675583422552,3.8036438150817924,1500,,1.6260401005387775,posterior_median,True
Bayes,model_only,2025,TN,ST,1.7074089075457717,1.6239324132305764,0.0562994664883622,3.78045020791898,1500,,1.6239324132305764,posterior_median,True
Bayes,model_only,2025,TP,CT,0.3540642966815561,0.3432843192977317,0.029684570970760406,0.7951640050671064,1500,,0.3432843192977317,posterior_median,True
Bayes,model_only,2025,TP,MT,0.7851388733721533,0.7572316727034892,0.39471746883585573,1.2959086269188866,1500,,0.7572316727034892,posterior_median,True
Bayes,model_only,2025,TP,ST,0.5243246988729647,0.5143219357597524,0.14917598766820395,1.0122974175622093,1500,,0.5143219357597524,posterior_median,True
Bayes,model_only,2025,TSS,CT,204.25888807122658,179.37601060878205,10.469854585632266,525.4441702181014,1500,,179.37601060878205,posterior_median,True
Bayes,model_only,2025,TSS,MT,507.50102021614794,492.7384921801844,256.95407858774394,858.7129308260265,1500,,492.7384921801844,posterior_median,True
Bayes,model_only,2025,TSS,ST,287.62082001273154,269.56631286264394,58.71805322400702,629.9905329888506,1500,,269.56631286264394,posterior_median,True
ML,full_record_model_only,2011,NH4,CT,0.06661873724260657,0.05313618645287752,0.021995841685114776,0.19538427446258136,2000,0.035480882686679205,0.035480882686679205,mean_of_replicate_annual_plot_totals,True
ML,full_record_model_only,2011,NH4,MT,0.07736711739676007,0.060409578751424775,0.025803850120515986,0.23331624085806454,2000,0.04190559526909235,0.04190559526909235,mean_of_replicate_annual_plot_totals,True
ML,full_record_model_only,2011,NH4,ST,0.07034827633825792,0.0514217218997302,0.020111934475034,0.23766338933632244,2000,0.0329249360574186,0.0329249360574186,mean_of_replicate_annual_plot_totals,True
ML,full_record_model_only,2011,NO2,CT,0.08742842488469876,0.06923014988276553,0.033436725204487636,0.2338572713140197,2000,0.0497722885331758,0.0497722885331758,mean_of_replicate_annual_plot_totals,True
ML,full_record_model_only,2011,NO2,MT,0.10187795908426776,0.08113246276015848,0.03982192595588906,0.29187552779127035,2000,0.05805615586387815,0.05805615586387815,mean_of_replicate_annual_plot_totals,True
ML,full_record_model_only,2011,NO2,ST,0.09132461844483086,0.06890561715685348,0.03101754996400397,0.3056568804229724,2000,0.0492308961485759,0.0492308961485759,mean_of_replicate_annual_plot_totals,True
ML,full_record_model_only,2011,NO3,CT,0.9649638711129377,0.8216801998430423,0.48590528805374,2.411133574866849,2000,0.6615138008855955,0.6615138008855955,mean_of_replicate_annual_plot_totals,True
ML,full_record_model_only,2011,NO3,MT,1.125015627507974,0.9489982895354596,0.5520971225659064,2.790420557622042,2000,0.7637481066197305,0.7637481066197305,mean_of_replicate_annual_plot_totals,True
ML,full_record_model_only,2011,NO3,ST,1.0636282428168828,0.9096087577437781,0.5375659830932218,2.68137029207829,2000,0.7347469017722332,0.7347469017722332,mean_of_replicate_annual_plot_totals,True
ML,full_record_model_only,2011,OP,CT,0.048363528035743134,0.035349169814929894,0.013327737548131087,0.1595142177406297,2000,0.021663764318775848,0.021663764318775848,mean_of_replicate_annual_plot_totals,True
ML,full_record_model_only,2011,OP,MT,0.06261466049153688,0.0445253384923974,0.01836730406406287,0.2045898388819261,2000,0.0286223737229669,0.0286223737229669,mean_of_replicate_annual_plot_totals,True
ML,full_record_model_only,2011,OP,ST,0.04912755288143587,0.03518581885362945,0.011185034119374434,0.16783918267944148,2000,0.01891136559307855,0.01891136559307855,mean_of_replicate_annual_plot_totals,True
ML,full_record_model_only,2011,Se,CT,0.0618269095333537,0.04556450633241162,0.018471745509398518,0.2006010861546705,2000,0.030309775910993597,0.030309775910993597,mean_of_replicate_annual_plot_totals,True
ML,full_record_model_only,2011,Se,MT,0.07103457361839363,0.05312410129539237,0.021571603486090194,0.23595247691915872,2000,0.03578120777989535,0.03578120777989535,mean_of_replicate_annual_plot_totals,True
ML,full_record_model_only,2011,Se,ST,0.06715911231377039,0.048280429416647626,0.01825059786391355,0.2176990155796609,2000,0.0302574859968406,0.0302574859968406,mean_of_replicate_annual_plot_totals,True
ML,full_record_model_only,2011,TDS,CT,0.29679507352385803,0.25004308365396116,0.1433095566803684,0.7225771345539254,2000,0.19808698258874013,0.19808698258874013,mean_of_replicate_annual_plot_totals,True
ML,full_record_model_only,2011,TDS,MT,0.3125260649125713,0.25719328216136206,0.14322647995093638,0.8279077715065907,2000,0.20130892341140638,0.20130892341140638,mean_of_replicate_annual_plot_totals,True
ML,full_record_model_only,2011,TDS,ST,0.34323554172554155,0.2834051151466507,0.15724696444099073,0.9343734628986652,2000,0.22364390225996805,0.22364390225996805,mean_of_replicate_annual_plot_totals,True
ML,full_record_model_only,2011,TKN,CT,0.6185288707369375,0.5236474564716349,0.3101067613982001,1.4232932256070885,2000,0.4177832972804164,0.4177832972804164,mean_of_replicate_annual_plot_totals,True
ML,full_record_model_only,2011,TKN,MT,0.6181624368630039,0.5100479654357757,0.2853138293356587,1.5563876204029203,2000,0.4083079775368066,0.4083079775368066,mean_of_replicate_annual_plot_totals,True
ML,full_record_model_only,2011,TKN,ST,0.6092125253754792,0.5128568267355,0.2976863212313409,1.4684773866645027,2000,0.41079336290366425,0.41079336290366425,mean_of_replicate_annual_plot_totals,True
ML,full_record_model_only,2011,TN,CT,0.6177693151900172,0.5087284906068065,0.2852552050813241,1.5613664225489194,2000,0.40794801160474575,0.40794801160474575,mean_of_replicate_annual_plot_totals,True
ML,full_record_model_only,2011,TN,MT,0.6764479017431566,0.5582482462510288,0.31056526946819535,1.7852469063821206,2000,0.4518237418281586,0.4518237418281586,mean_of_replicate_annual_plot_totals,True
ML,full_record_model_only,2011,TN,ST,0.5629686252194339,0.4776180389527523,0.2826686516674719,1.2728963509081945,2000,0.3796928938283237,0.3796928938283237,mean_of_replicate_annual_plot_totals,True
ML,full_record_model_only,2011,TP,CT,0.2270585904206548,0.1896973055874555,0.10253426501995395,0.6117421867598047,2000,0.1475680095519759,0.1475680095519759,mean_of_replicate_annual_plot_totals,True
ML,full_record_model_only,2011,TP,MT,0.21911650658316245,0.17435694175696936,0.09413264041742501,0.5839094945708613,2000,0.13757670835083402,0.13757670835083402,mean_of_replicate_annual_plot_totals,True
ML,full_record_model_only,2011,TP,ST,0.22446856366698778,0.18773967337571298,0.09526919438658425,0.5899654673763134,2000,0.14572199051832666,0.14572199051832666,mean_of_replicate_annual_plot_totals,True
ML,full_record_model_only,2011,TSS,CT,172.24932286357765,148.0974839545906,88.88683341097898,402.6808132918319,2000,119.32862119119963,119.32862119119963,mean_of_replicate_annual_plot_totals,True
ML,full_record_model_only,2011,TSS,MT,176.59635455952565,149.76030884984024,87.68196914092628,418.00263462750405,2000,121.74895911977619,121.74895911977619,mean_of_replicate_annual_plot_totals,True
ML,full_record_model_only,2011,TSS,ST,157.24665862567656,132.39331298287067,77.81594363336808,412.81638898605365,2000,108.24161636803152,108.24161636803152,mean_of_replicate_annual_plot_totals,True
ML,full_record_model_only,2012,NH4,CT,0.06403275801772,0.052030669429799496,0.02546314012880742,0.1774769213817972,2000,0.0347769343861676,0.0347769343861676,mean_of_replicate_annual_plot_totals,True
ML,full_record_model_only,2012,NH4,MT,0.09618109540410855,0.07682724245031673,0.037672223889271425,0.27869066795187036,2000,0.05410345466191839,0.05410345466191839,mean_of_replicate_annual_plot_totals,True
ML,full_record_model_only,2012,NH4,ST,0.07679305819711621,0.06306986483738311,0.029705599201101152,0.19734956202868484,2000,0.04127358935974655,0.04127358935974655,mean_of_replicate_annual_plot_totals,True
ML,full_record_model_only,2012,NO2,CT,0.0694995790938333,0.05454885363081417,0.027687897022117016,0.19388294139079867,2000,0.03756163520489535,0.03756163520489535,mean_of_replicate_annual_plot_totals,True
ML,full_record_model_only,2012,NO2,MT,0.11999609190161871,0.09889811871299728,0.048384833666212636,0.33227919044539306,2000,0.07169488673340746,0.07169488673340746,mean_of_replicate_annual_plot_totals,True
ML,full_record_model_only,2012,NO2,ST,0.0908509281488604,0.07488111303816551,0.03785935164349452,0.2434023104153369,2000,0.0516408064237167,0.0516408064237167,mean_of_replicate_annual_plot_totals,True
ML,full_record_model_only,2012,NO3,CT,0.9236705340319676,0.8069693058675076,0.5014532218646769,1.9867347552864045,2000,0.6326579153207827,0.6326579153207827,mean_of_replicate_annual_plot_totals,True
ML,full_record_model_only,2012,NO3,MT,1.3403800904208298,1.1642669195157658,0.6831906616797525,3.2243849419032906,2000,0.9396313508921965,0.9396313508921965,mean_of_replicate_annual_plot_totals,True
ML,full_record_model_only,2012,NO3,ST,0.9400214891073291,0.8137158783263898,0.5015987993505674,2.0390200398730185,2000,0.6459810506980093,0.6459810506980093,mean_of_replicate_annual_plot_totals,True
ML,full_record_model_only,2012,OP,CT,0.04835407703239209,0.037802682921786956,0.017243076338501463,0.14186739650608166,2000,0.0239300269628792,0.0239300269628792,mean_of_replicate_annual_plot_totals,True
ML,full_record_model_only,2012,OP,MT,0.07599509433609072,0.06000057777738456,0.026049364856136906,0.20212961286531067,2000,0.03911813072541276,0.03911813072541276,mean_of_replicate_annual_plot_totals,True
ML,full_record_model_only,2012,OP,ST,0.06090539165617515,0.047611203229509694,0.021878789183093387,0.19047115030786155,2000,0.029880854735669198,0.029880854735669198,mean_of_replicate_annual_plot_totals,True
ML,full_record_model_only,2012,Se,CT,0.049890403673449726,0.03988242525668931,0.01768216344907282,0.14346668839773652,2000,0.02499779822385925,0.02499779822385925,mean_of_replicate_annual_plot_totals,True
ML,full_record_model_only,2012,Se,MT,0.08889388969899359,0.07062261427140533,0.0331912867453807,0.25249695267341316,2000,0.04803744843629318,0.04803744843629318,mean_of_replicate_annual_plot_totals,True
ML,full_record_model_only,2012,Se,ST,0.06994338178320637,0.05602478670791433,0.025400500483978364,0.21814266037171273,2000,0.0360889955533752,0.0360889955533752,mean_of_replicate_annual_plot_totals,True
ML,full_record_model_only,2012,TDS,CT,0.25462891801970144,0.21951172965686816,0.13112649949279295,0.5584129730604377,2000,0.16827864047133484,0.16827864047133484,mean_of_replicate_annual_plot_totals,True
ML,full_record_model_only,2012,TDS,MT,0.3192052755485099,0.27636249686648845,0.15982894007042686,0.7338499745896243,2000,0.21482485853216826,0.21482485853216826,mean_of_replicate_annual_plot_totals,True
ML,full_record_model_only,2012,TDS,ST,0.26456520683854184,0.23107955504206407,0.1383970197700013,0.5841961506627967,2000,0.1745028157128249,0.1745028157128249,mean_of_replicate_annual_plot_totals,True
ML,full_record_model_only,2012,TKN,CT,0.498099313795964,0.42483643799832155,0.26397457780378625,1.1167643516145218,2000,0.33595500819950314,0.33595500819950314,mean_of_replicate_annual_plot_totals,True
ML,full_record_model_only,2012,TKN,MT,0.6819483971765616,0.5950638587292293,0.3523195722105339,1.4745266506816384,2000,0.47316775575949066,0.47316775575949066,mean_of_replicate_annual_plot_totals,True
ML,full_record_model_only,2012,TKN,ST,0.5452719897725194,0.47321280797105614,0.28967476075577114,1.1397370088928274,2000,0.37251566882884646,0.37251566882884646,mean_of_replicate_annual_plot_totals,True
ML,full_record_model_only,2012,TN,CT,0.3640679252332655,0.30795412920516196,0.19185921176503146,0.8133917037064131,2000,0.23880577716119458,0.23880577716119458,mean_of_replicate_annual_plot_totals,True
ML,full_record_model_only,2012,TN,MT,0.4265219452775884,0.3637475147330408,0.2089742199032519,0.9793478640562635,2000,0.2863573198252517,0.2863573198252517,mean_of_replicate_annual_plot_totals,True
ML,full_record_model_only,2012,TN,ST,0.3460487682556941,0.302739118206963,0.1790073924687385,0.7451352771447745,2000,0.23257823231787944,0.23257823231787944,mean_of_replicate_annual_plot_totals,True
ML,full_record_model_only,2012,TP,CT,0.1934775542969171,0.16172607913518694,0.09431907760105164,0.503380044259583,2000,0.12512734108957088,0.12512734108957088,mean_of_replicate_annual_plot_totals,True
ML,full_record_model_only,2012,TP,MT,0.2767197811978236,0.23316823290934147,0.12985910458019703,0.7011312438712899,2000,0.1818868944208772,0.1818868944208772,mean_of_replicate_annual_plot_totals,True
ML,full_record_model_only,2012,TP,ST,0.22692135194160043,0.19210979154094876,0.11045163687790917,0.5301941431591904,2000,0.14768336598206772,0.14768336598206772,mean_of_replicate_annual_plot_totals,True
ML,full_record_model_only,2012,TSS,CT,143.8794468006307,127.1401088482018,80.6884523422902,290.28472621789615,2000,100.02852678469412,100.02852678469412,mean_of_replicate_annual_plot_totals,True
ML,full_record_model_only,2012,TSS,MT,153.66077877752815,134.44190059383374,85.2436100339995,335.5506155016692,2000,108.96820678004332,108.96820678004332,mean_of_replicate_annual_plot_totals,True
ML,full_record_model_only,2012,TSS,ST,123.74132392280765,107.99113552535442,68.77651485242231,262.4660724126675,2000,85.7743604925353,85.7743604925353,mean_of_replicate_annual_plot_totals,True
ML,full_record_model_only,2013,NH4,CT,0.06324516623014252,0.04734650994250936,0.02133159672075521,0.19606811273822575,2000,0.029937029460100552,0.029937029460100552,mean_of_replicate_annual_plot_totals,True
ML,full_record_model_only,2013,NH4,MT,0.08380240681281394,0.06263968040388672,0.02688529162273162,0.26563654644319995,2000,0.0402531032169403,0.0402531032169403,mean_of_replicate_annual_plot_totals,True
ML,full_record_model_only,2013,NH4,ST,0.05555942363083367,0.042896262053831624,0.017806468921307345,0.183666918590037,2000,0.0258595586717474,0.0258595586717474,mean_of_replicate_annual_plot_totals,True
ML,full_record_model_only,2013,NO2,CT,0.059645401436408695,0.04645358672571896,0.01998195649182585,0.1851311931737543,2000,0.029398331792759698,0.029398331792759698,mean_of_replicate_annual_plot_totals,True
ML,full_record_model_only,2013,NO2,MT,0.08756085879662498,0.06807853537496876,0.03192528840366462,0.27356995891890595,2000,0.044684484580140446,0.044684484580140446,mean_of_replicate_annual_plot_totals,True
ML,full_record_model_only,2013,NO2,ST,0.06489516735582912,0.047175166884998704,0.020196439998328167,0.1987486940929492,2000,0.03036278960319995,0.03036278960319995,mean_of_replicate_annual_plot_totals,True
ML,full_record_model_only,2013,NO3,CT,0.8987267780625274,0.7611599050225413,0.47599362975446974,2.111843352019641,2000,0.6090745413604423,0.6090745413604423,mean_of_replicate_annual_plot_totals,True
ML,full_record_model_only,2013,NO3,MT,1.2451319524999833,1.0762430908655767,0.6484502489363704,2.8939261885505942,2000,0.8578221950134675,0.8578221950134675,mean_of_replicate_annual_plot_totals,True
ML,full_record_model_only,2013,NO3,ST,0.937767870296486,0.8107459562642263,0.49246377358166976,2.172832140076652,2000,0.6479674795464574,0.6479674795464574,mean_of_replicate_annual_plot_totals,True
ML,full_record_model_only,2013,OP,CT,0.03685101881035477,0.026687313129886085,0.007742849785524502,0.1353586311217196,2000,0.01211703778847175,0.01211703778847175,mean_of_replicate_annual_plot_totals,True
ML,full_record_model_only,2013,OP,MT,0.047314696428034354,0.030817482705340044,0.008447580182463705,0.18445718056910487,2000,0.011572444722730599,0.011572444722730599,mean_of_replicate_annual_plot_totals,True
ML,full_record_model_only,2013,OP,ST,0.03234988151760797,0.0213618175114015,0.005777604666634275,0.12383301467838466,2000,0.007366510615853701,0.007366510615853701,mean_of_replicate_annual_plot_totals,True
ML,full_record_model_only,2013,Se,CT,0.048787728819304155,0.03319737158901809,0.012328734714706394,0.16584301077711752,2000,0.01880859090341405,0.01880859090341405,mean_of_replicate_annual_plot_totals,True
ML,full_record_model_only,2013,Se,MT,0.06149138078819834,0.045283918200486384,0.016831975991578617,0.21203653464595165,2000,0.02523875396700245,0.02523875396700245,mean_of_replicate_annual_plot_totals,True
ML,full_record_model_only,2013,Se,ST,0.042782590770943416,0.030162662042853217,0.010478761688660845,0.16614077452739975,2000,0.016157523689671,0.016157523689671,mean_of_replicate_annual_plot_totals,True
ML,full_record_model_only,2013,TDS,CT,0.26636394198605506,0.22927373664987225,0.13083256531752005,0.6184021161422715,2000,0.17755858030885735,0.17755858030885735,mean_of_replicate_annual_plot_totals,True
ML,full_record_model_only,2013,TDS,MT,0.3559610130324628,0.30483959557792234,0.17827727910199587,0.855929981932075,2000,0.2371928650170741,0.2371928650170741,mean_of_replicate_annual_plot_totals,True
ML,full_record_model_only,2013,TDS,ST,0.24582387893450408,0.20967249062778376,0.1215677786344102,0.5609154049582584,2000,0.16498274894923054,0.16498274894923054,mean_of_replicate_annual_plot_totals,True
ML,full_record_model_only,2013,TKN,CT,0.6148146192861332,0.5343378194151152,0.3240671588878383,1.3253188517130852,2000,0.41700601419669586,0.41700601419669586,mean_of_replicate_annual_plot_totals,True
ML,full_record_model_only,2013,TKN,MT,0.8721583826479999,0.7428876612025033,0.44294455143730666,1.9588088107001929,2000,0.585083079748094,0.585083079748094,mean_of_replicate_annual_plot_totals,True
ML,full_record_model_only,2013,TKN,ST,0.6182969435097665,0.5343190974682426,0.32795875503760036,1.3499672487823526,2000,0.4223365084284811,0.4223365084284811,mean_of_replicate_annual_plot_totals,True
ML,full_record_model_only,2013,TN,CT,0.4305294333596527,0.36486343943583854,0.2176224214049132,0.9777176097632275,2000,0.2887064324479438,0.2887064324479438,mean_of_replicate_annual_plot_totals,True
ML,full_record_model_only,2013,TN,MT,0.5389824127526625,0.46562116269538634,0.2837254513868857,1.2152725447803314,2000,0.3687761811243313,0.3687761811243313,mean_of_replicate_annual_plot_totals,True
ML,full_record_model_only,2013,TN,ST,0.36125704140677567,0.30677166711974907,0.1837211704772187,0.8006051945078839,2000,0.24067132435789876,0.24067132435789876,mean_of_replicate_annual_plot_totals,True
ML,full_record_model_only,2013,TP,CT,0.09307616639912282,0.07324517788355112,0.034832580582214376,0.2759797758882731,2000,0.052305017337267154,0.052305017337267154,mean_of_replicate_annual_plot_totals,True
ML,full_record_model_only,2013,TP,MT,0.11221416815080525,0.08957779812527819,0.044136324244414646,0.3210449599027801,2000,0.06285514237503995,0.06285514237503995,mean_of_replicate_annual_plot_totals,True
ML,full_record_model_only,2013,TP,ST,0.07512578093078305,0.060278696826943756,0.02932924811535714,0.22523994666346966,2000,0.0424018693206219,0.0424018693206219,mean_of_replicate_annual_plot_totals,True
ML,full_record_model_only,2013,TSS,CT,134.87566761343734,114.42923807665369,68.34879715732897,321.32305974902704,2000,93.12511496336944,93.12511496336944,mean_of_replicate_annual_plot_totals,True
ML,full_record_model_only,2013,TSS,MT,174.0003687820612,150.18510274016435,93.82350725451396,388.3102105200897,2000,121.26898731635316,121.26898731635316,mean_of_replicate_annual_plot_totals,True
ML,full_record_model_only,2013,TSS,ST,88.15052324055196,75.12404408810873,46.7651285571255,199.22983326451583,2000,60.909018161149476,60.909018161149476,mean_of_replicate_annual_plot_totals,True
ML,full_record_model_only,2014,NH4,CT,0.052016987615997226,0.0423256631472915,0.020065822890771415,0.14588282397847588,2000,0.0289697280175379,0.0289697280175379,mean_of_replicate_annual_plot_totals,True
ML,full_record_model_only,2014,NH4,MT,0.03720906757206464,0.027978115789320503,0.011397245195999127,0.1254061953953662,2000,0.020924061687770702,0.020924061687770702,mean_of_replicate_annual_plot_totals,True
ML,full_record_model_only,2014,NH4,ST,0.0289227196431952,0.02358939288089544,0.010682312618791358,0.08277544850185847,2000,0.015373145049395751,0.015373145049395751,mean_of_replicate_annual_plot_totals,True
ML,full_record_model_only,2014,NO2,CT,0.047193606197073044,0.038557397157434524,0.018741039729888224,0.1276348600909345,2000,0.0276455524702071,0.0276455524702071,mean_of_replicate_annual_plot_totals,True
ML,full_record_model_only,2014,NO2,MT,0.038302072421984405,0.02829832550458227,0.010656383075893188,0.12536402005300856,2000,0.02114504252510535,0.02114504252510535,mean_of_replicate_annual_plot_totals,True
ML,full_record_model_only,2014,NO2,ST,0.030881444516657773,0.024246763603314424,0.011359013261292206,0.09377871220824192,2000,0.0168058547681901,0.0168058547681901,mean_of_replicate_annual_plot_totals,True
ML,full_record_model_only,2014,NO3,CT,0.8159173305068756,0.7056791495816255,0.41503950600813205,1.9656313292520475,2000,0.5839748765763579,0.5839748765763579,mean_of_replicate_annual_plot_totals,True
ML,full_record_model_only,2014,NO3,MT,0.46494201475919744,0.3820440523285954,0.20608177072395045,1.3960534090483032,2000,0.32155491882765264,0.32155491882765264,mean_of_replicate_annual_plot_totals,True
ML,full_record_model_only,2014,NO3,ST,0.5236790739873849,0.45057740926207557,0.2662620825237023,1.3198824258776285,2000,0.3684771179374656,0.3684771179374656,mean_of_replicate_annual_plot_totals,True
ML,full_record_model_only,2014,OP,CT,0.032369310001270066,0.0253138844557731,0.011464694160953918,0.08591219247127871,2000,0.016794494187323,0.016794494187323,mean_of_replicate_annual_plot_totals,True
ML,full_record_model_only,2014,OP,MT,0.02965484322217591,0.019863484100494808,0.007085706682904513,0.10350404293062632,2000,0.014086571533528252,0.014086571533528252,mean_of_replicate_annual_plot_totals,True
ML,full_record_model_only,2014,OP,ST,0.023433509703095642,0.018269119841682425,0.007753811334154166,0.07881292783673367,2000,0.012262075759466098,0.012262075759466098,mean_of_replicate_annual_plot_totals,True
ML,full_record_model_only,2014,Se,CT,0.03863192977011893,0.0302601437151108,0.01299603136011127,0.12306032892961996,2000,0.0201730877753604,0.0201730877753604,mean_of_replicate_annual_plot_totals,True
ML,full_record_model_only,2014,Se,MT,0.03251198721891611,0.02349285729697447,0.008833904080258508,0.116150679939983,2000,0.01695277674238795,0.01695277674238795,mean_of_replicate_annual_plot_totals,True
ML,full_record_model_only,2014,Se,ST,0.025435959640366903,0.019185262741496657,0.008618989897755284,0.07919573535657982,2000,0.012316451150976852,0.012316451150976852,mean_of_replicate_annual_plot_totals,True
ML,full_record_model_only,2014,TDS,CT,0.3432070806971304,0.29540509751616567,0.17033043428174321,0.8259056414018943,2000,0.23512636050400676,0.23512636050400676,mean_of_replicate_annual_plot_totals,True
ML,full_record_model_only,2014,TDS,MT,0.18966677954706843,0.15423827467368573,0.07608051695826865,0.5791534796135482,2000,0.12797902954346374,0.12797902954346374,mean_of_replicate_annual_plot_totals,True
ML,full_record_model_only,2014,TDS,ST,0.2114476858723254,0.1818269795821507,0.10597663748867699,0.5422033457356197,2000,0.1452255548045582,0.1452255548045582,mean_of_replicate_annual_plot_totals,True
ML,full_record_model_only,2014,TKN,CT,0.5119334476658944,0.4434638822116915,0.267472845830753,1.2108659145895992,2000,0.36141193438080665,0.36141193438080665,mean_of_replicate_annual_plot_totals,True
ML,full_record_model_only,2014,TKN,MT,0.3068065398494408,0.249270463079111,0.13536813496500677,0.8888128438216204,2000,0.20808437880829078,0.20808437880829078,mean_of_replicate_annual_plot_totals,True
ML,full_record_model_only,2014,TKN,ST,0.3282154710804301,0.28324738001538297,0.15999696387109355,0.810075258389625,2000,0.22856013966269728,0.22856013966269728,mean_of_replicate_annual_plot_totals,True
ML,full_record_model_only,2014,TN,CT,0.5408287954797022,0.46905928923307505,0.27243356652929923,1.2305971048280389,2000,0.3738244342280441,0.3738244342280441,mean_of_replicate_annual_plot_totals,True
ML,full_record_model_only,2014,TN,MT,0.28436677910165986,0.2323131469175307,0.12345489286923071,0.8428782379304202,2000,0.19543741800746725,0.19543741800746725,mean_of_replicate_annual_plot_totals,True
ML,full_record_model_only,2014,TN,ST,0.3230392050774709,0.2776891467226937,0.1620460101908596,0.7946459296251327,2000,0.22464564638202256,0.22464564638202256,mean_of_replicate_annual_plot_totals,True
ML,full_record_model_only,2014,TP,CT,0.12472526389527588,0.10588086380720849,0.05879254214735406,0.30525031835975774,2000,0.08371510034187395,0.08371510034187395,mean_of_replicate_annual_plot_totals,True
ML,full_record_model_only,2014,TP,MT,0.07335751297768528,0.05657984014166583,0.02610697047742368,0.2380395685978708,2000,0.04575333461564434,0.04575333461564434,mean_of_replicate_annual_plot_totals,True
ML,full_record_model_only,2014,TP,ST,0.07040291899392297,0.05889317471205049,0.03262452896851006,0.1945231245508564,2000,0.046842539170042496,0.046842539170042496,mean_of_replicate_annual_plot_totals,True
ML,full_record_model_only,2014,TSS,CT,99.59193283652517,86.31274321919282,50.939934875479274,251.1086846465459,2000,70.84779258748249,70.84779258748249,mean_of_replicate_annual_plot_totals,True
ML,full_record_model_only,2014,TSS,MT,38.25939059555423,30.476039340633776,15.745094680122438,130.7432876050422,2000,25.993045784282494,25.993045784282494,mean_of_replicate_annual_plot_totals,True
ML,full_record_model_only,2014,TSS,ST,39.4746403248222,34.1724462256102,20.074615372287084,97.94182213586743,2000,27.915857551258995,27.915857551258995,mean_of_replicate_annual_plot_totals,True
ML,full_record_model_only,2015,NH4,CT,0.052343559240106155,0.0394989027135787,0.01545779436862135,0.1650244069013404,2000,0.018161824709710297,0.018161824709710297,mean_of_replicate_annual_plot_totals,True
ML,full_record_model_only,2015,NH4,MT,0.016059469425693036,0.011528337324723786,0.0037389998318799983,0.0553899336877035,2000,0.00403713693166345,0.00403713693166345,mean_of_replicate_annual_plot_totals,True
ML,full_record_model_only,2015,NH4,ST,0.018162966881605222,0.012416126340533238,0.004120204476012013,0.06942456208802286,2000,0.00395121086410825,0.00395121086410825,mean_of_replicate_annual_plot_totals,False
ML,full_record_model_only,2015,NO2,CT,0.101094151827086,0.08310152746473104,0.04230697939802946,0.27617752073439666,2000,0.0545374915216565,0.0545374915216565,mean_of_replicate_annual_plot_totals,True
ML,full_record_model_only,2015,NO2,MT,0.03140497561725029,0.024285491448795903,0.011250816210604742,0.09663357801554374,2000,0.01520892542948535,0.01520892542948535,mean_of_replicate_annual_plot_totals,True
ML,full_record_model_only,2015,NO2,ST,0.032456744971358684,0.025006211909829573,0.011019185060342673,0.09615378511381283,2000,0.01572909342111185,0.01572909342111185,mean_of_replicate_annual_plot_totals,True
ML,full_record_model_only,2015,NO3,CT,1.5431974466766794,1.3350182440970229,0.8493984899511031,3.3366350982884248,2000,1.0602203681625655,1.0602203681625655,mean_of_replicate_annual_plot_totals,True
ML,full_record_model_only,2015,NO3,MT,0.54753345943409,0.46597256984973306,0.284878183544425,1.2327109148049684,2000,0.3752471764748204,0.3752471764748204,mean_of_replicate_annual_plot_totals,True
ML,full_record_model_only,2015,NO3,ST,0.6120839838517785,0.5337125533842568,0.31893348255140075,1.3607731685269637,2000,0.4257942231205122,0.4257942231205122,mean_of_replicate_annual_plot_totals,True
ML,full_record_model_only,2015,OP,CT,0.05296852810921363,0.03759242003136894,0.013053335664574318,0.18329148882160937,2000,0.017031087039360536,0.017031087039360536,mean_of_replicate_annual_plot_totals,True
ML,full_record_model_only,2015,OP,MT,0.015932332165595368,0.011149592878753781,0.0033513311773446623,0.058900135315598776,2000,0.0038265424082515997,0.0038265424082515997,mean_of_replicate_annual_plot_totals,True
ML,full_record_model_only,2015,OP,ST,0.01932362925950222,0.012976631669837353,0.0039425329195946724,0.07033145399229199,2000,0.004793755646199973,0.004793755646199973,mean_of_replicate_annual_plot_totals,True
ML,full_record_model_only,2015,Se,CT,0.06840413991209784,0.052925600094886976,0.023465708318166523,0.19392407561246858,2000,0.0308580279264268,0.0308580279264268,mean_of_replicate_annual_plot_totals,True
ML,full_record_model_only,2015,Se,MT,0.01698081571484386,0.011935574918000636,0.003960359609698018,0.0557925887584037,2000,0.0047230186098575384,0.0047230186098575384,mean_of_replicate_annual_plot_totals,True
ML,full_record_model_only,2015,Se,ST,0.018388580023830092,0.012411442795184325,0.003948257075551671,0.060691338210867314,2000,0.0044147668599076005,0.0044147668599076005,mean_of_replicate_annual_plot_totals,True
ML,full_record_model_only,2015,TDS,CT,0.24922546974261695,0.20939555646005678,0.11820538555693436,0.6132979800481363,2000,0.1573452670911628,0.1573452670911628,mean_of_replicate_annual_plot_totals,True
ML,full_record_model_only,2015,TDS,MT,0.05522042510082463,0.04471323922887086,0.023281910174566937,0.1496213020404791,2000,0.03292478198056185,0.03292478198056185,mean_of_replicate_annual_plot_totals,True
ML,full_record_model_only,2015,TDS,ST,0.05612262007159246,0.04692144690804656,0.024520530886598654,0.14328800180025136,2000,0.034218368995133905,0.034218368995133905,mean_of_replicate_annual_plot_totals,True
ML,full_record_model_only,2015,TKN,CT,0.2507347870200156,0.2166729431728435,0.1246399784350338,0.5872146075491388,2000,0.16396544915598193,0.16396544915598193,mean_of_replicate_annual_plot_totals,True
ML,full_record_model_only,2015,TKN,MT,0.044879878269853686,0.0369472117303793,0.018978408218930886,0.1277385820005419,2000,0.025408240728767052,0.025408240728767052,mean_of_replicate_annual_plot_totals,True
ML,full_record_model_only,2015,TKN,ST,0.04931405781776424,0.04085839069409612,0.020920238399600895,0.12235464833541147,2000,0.02816569724429115,0.02816569724429115,mean_of_replicate_annual_plot_totals,True
ML,full_record_model_only,2015,TN,CT,1.6562182889369585,1.4321532389259228,0.8794313064052708,3.576358880083172,2000,1.1376536268252568,1.1376536268252568,mean_of_replicate_annual_plot_totals,True
ML,full_record_model_only,2015,TN,MT,0.5250204861631056,0.44758063261013303,0.27419942175888895,1.2146372075211846,2000,0.3588359518525601,0.3588359518525601,mean_of_replicate_annual_plot_totals,True
ML,full_record_model_only,2015,TN,ST,0.5691138039563846,0.4965313937691812,0.29970425498302,1.303963091992454,2000,0.397303400956446,0.397303400956446,mean_of_replicate_annual_plot_totals,True
ML,full_record_model_only,2015,TP,CT,0.19600744874354528,0.16590003322391894,0.09300065517678616,0.47292657692953816,2000,0.12269959329461555,0.12269959329461555,mean_of_replicate_annual_plot_totals,True
ML,full_record_model_only,2015,TP,MT,0.032247486653283114,0.025217555361315664,0.011895537053047354,0.08878596877369879,2000,0.01629836592068115,0.01629836592068115,mean_of_replicate_annual_plot_totals,True
ML,full_record_model_only,2015,TP,ST,0.03338642594907545,0.025627249475511975,0.01192897800832878,0.10236991845366193,2000,0.01662215811297725,0.01662215811297725,mean_of_replicate_annual_plot_totals,True
ML,full_record_model_only,2015,TSS,CT,233.43416885719648,203.1038976327963,119.14254688340567,539.8123766858469,2000,165.16156128422125,165.16156128422125,mean_of_replicate_annual_plot_totals,True
ML,full_record_model_only,2015,TSS,MT,16.277630116780436,13.869729852959308,8.111506076787238,39.68050253565332,2000,11.316422391737639,11.316422391737639,mean_of_replicate_annual_plot_totals,True
ML,full_record_model_only,2015,TSS,ST,8.644289926041544,7.349771426039128,4.067763568575756,23.374380163221453,2000,6.081964583203104,6.081964583203104,mean_of_replicate_annual_plot_totals,True
ML,full_record_model_only,2016,NH4,CT,0.024849390359497976,0.013570882735617674,0.002165233561741561,0.10590051744869927,2000,0.00531859833647395,0.00531859833647395,mean_of_replicate_annual_plot_totals,True
ML,full_record_model_only,2016,NH4,MT,0.0028647478132843075,0.0017857949400154859,0.00032455222485724446,0.011868951874578025,2000,0.0008766544827774,0.0008766544827774,mean_of_replicate_annual_plot_totals,True
ML,full_record_model_only,2016,NH4,ST,0.00845730327308013,0.005293743786617872,0.0011582915121837935,0.03759882333974692,2000,0.0029372714140844,0.0029372714140844,mean_of_replicate_annual_plot_totals,True
ML,full_record_model_only,2016,NO2,CT,0.05413294940291293,0.038941918325712296,0.012451292817141408,0.1999089598442095,2000,0.02893671990773515,0.02893671990773515,mean_of_replicate_annual_plot_totals,True
ML,full_record_model_only,2016,NO2,MT,0.00559795713079712,0.003998876583274025,0.0013687445846280635,0.01922310399127544,2000,0.00298717403319335,0.00298717403319335,mean_of_replicate_annual_plot_totals,True
ML,full_record_model_only,2016,NO2,ST,0.01623620480984264,0.01129552359940515,0.003587499397528758,0.05832246815140146,2000,0.00887465362529595,0.00887465362529595,mean_of_replicate_annual_plot_totals,True
ML,full_record_model_only,2016,NO3,CT,0.5843737524330519,0.46736570454598036,0.20821370648091206,1.902038711290972,2000,0.4013988561753583,0.4013988561753583,mean_of_replicate_annual_plot_totals,True
ML,full_record_model_only,2016,NO3,MT,0.06544854990504681,0.053337154724754095,0.023989132652295037,0.21526245812561945,2000,0.045148604356988746,0.045148604356988746,mean_of_replicate_annual_plot_totals,True
ML,full_record_model_only,2016,NO3,ST,0.17036584283552078,0.14129607290223786,0.05868889938634931,0.5332593875427164,2000,0.11973261724827396,0.11973261724827396,mean_of_replicate_annual_plot_totals,True
ML,full_record_model_only,2016,OP,CT,0.018802887527165607,0.009752214126906775,0.0006161648736375576,0.1054069014529549,2000,0.0008585877481935,0.0008585877481935,mean_of_replicate_annual_plot_totals,True
ML,full_record_model_only,2016,OP,MT,0.0022364084428599025,0.0012253059557084528,0.00011463586701211751,0.011138728043268943,2000,0.000285804787081589,0.000285804787081589,mean_of_replicate_annual_plot_totals,True
ML,full_record_model_only,2016,OP,ST,0.006077244676149741,0.0029264677791405996,0.0002711735792223563,0.02803409195476791,2000,0.0005557814114727,0.0005557814114727,mean_of_replicate_annual_plot_totals,True
ML,full_record_model_only,2016,Se,CT,0.02046080484388415,0.010119454482437975,0.0008822463999641853,0.11705108660484531,2000,0.00122398155226,0.00122398155226,mean_of_replicate_annual_plot_totals,True
ML,full_record_model_only,2016,Se,MT,0.0020229300633043527,0.0009941183987115152,3.9363971445738077e-05,0.010934113791098871,2000,1.42547376500783e-05,1.42547376500783e-05,mean_of_replicate_annual_plot_totals,False
ML,full_record_model_only,2016,Se,ST,0.005483253848130317,0.002662842037634834,0.00014030919733712911,0.026213945316896702,2000,0.0002571827709693,0.0002571827709693,mean_of_replicate_annual_plot_totals,True
ML,full_record_model_only,2016,TDS,CT,0.09260601774347008,0.07083688516570971,0.02855922686553024,0.32549469586647595,2000,0.0571483690330049,0.0571483690330049,mean_of_replicate_annual_plot_totals,True
ML,full_record_model_only,2016,TDS,MT,0.008875210001500985,0.0066056408442034,0.002662948442618319,0.0290119460750136,2000,0.00519751567688305,0.00519751567688305,mean_of_replicate_annual_plot_totals,True
ML,full_record_model_only,2016,TDS,ST,0.022189205819309058,0.01628016529012115,0.006171502415052653,0.07713749732559369,2000,0.013040691891922451,0.013040691891922451,mean_of_replicate_annual_plot_totals,True
ML,full_record_model_only,2016,TKN,CT,0.04364277973791275,0.03083265261476078,0.009468945584446173,0.16294891579798013,2000,0.022236908119810397,0.022236908119810397,mean_of_replicate_annual_plot_totals,True
ML,full_record_model_only,2016,TKN,MT,0.0036915785090830652,0.002170181007611825,0.0005710733200511222,0.01434475877105566,2000,0.0013362014214737,0.0013362014214737,mean_of_replicate_annual_plot_totals,True
ML,full_record_model_only,2016,TKN,ST,0.0073759393753061,0.004642098453745625,0.0008190952085532912,0.029947849029970393,2000,0.002310778593462938,0.002310778593462938,mean_of_replicate_annual_plot_totals,True
ML,full_record_model_only,2016,TN,CT,0.5322418424313383,0.43899280453247824,0.18878774483129218,1.6558700826912458,2000,0.37918043167862486,0.37918043167862486,mean_of_replicate_annual_plot_totals,True
ML,full_record_model_only,2016,TN,MT,0.06302645304192583,0.0502036044625474,0.02324931927050177,0.19392050618570686,2000,0.04298778503944441,0.04298778503944441,mean_of_replicate_annual_plot_totals,True
ML,full_record_model_only,2016,TN,ST,0.16880851503127633,0.13884934191293885,0.06089056512689246,0.5199587132886385,2000,0.1197659776311073,0.1197659776311073,mean_of_replicate_annual_plot_totals,True
ML,full_record_model_only,2016,TP,CT,0.028609724175671217,0.017721490789544474,0.003612760526528326,0.1240746073631379,2000,0.00952414835029285,0.00952414835029285,mean_of_replicate_annual_plot_totals,True
ML,full_record_model_only,2016,TP,MT,0.0027662591809584102,0.001574515227919203,0.000277637906142914,0.01504859049780514,2000,0.00062990916192465,0.00062990916192465,mean_of_replicate_annual_plot_totals,True
ML,full_record_model_only,2016,TP,ST,0.00707586705355575,0.004012739996574035,0.0005811910806733414,0.03380202966548141,2000,0.0016663970134721,0.0016663970134721,mean_of_replicate_annual_plot_totals,True
ML,full_record_model_only,2016,TSS,CT,78.90386784333238,64.86696689628121,27.144550375797476,254.7378554765238,2000,56.08691391198683,56.08691391198683,mean_of_replicate_annual_plot_totals,True
ML,full_record_model_only,2016,TSS,MT,4.092414137803088,3.355064277621088,1.5143281024851964,13.474641886266406,2000,2.8507304241999982,2.8507304241999982,mean_of_replicate_annual_plot_totals,True
ML,full_record_model_only,2016,TSS,ST,13.997027684338413,11.6598200375648,5.35913451336824,43.63806663026893,2000,10.060452708495276,10.060452708495276,mean_of_replicate_annual_plot_totals,True
ML,full_record_model_only,2017,NH4,CT,0.24607498544018214,0.20417538582942618,0.10988501960246974,0.6996143555042595,2000,0.14621757082523223,0.14621757082523223,mean_of_replicate_annual_plot_totals,True
ML,full_record_model_only,2017,NH4,MT,0.04223468480764,0.03238461792435843,0.014371867438634282,0.12747502840323874,2000,0.01984199200993135,0.01984199200993135,mean_of_replicate_annual_plot_totals,True
ML,full_record_model_only,2017,NH4,ST,0.0219698958510616,0.016930806344445094,0.006667800886649373,0.06801101380848266,2000,0.007301330767845101,0.007301330767845101,mean_of_replicate_annual_plot_totals,True
ML,full_record_model_only,2017,NO2,CT,0.18233044913879567,0.1510172588518373,0.07953052722882122,0.45474178165081136,2000,0.10943122669248478,0.10943122669248478,mean_of_replicate_annual_plot_totals,True
ML,full_record_model_only,2017,NO2,MT,0.056654419001653404,0.044362543268431226,0.020877091227423615,0.15415670121910396,2000,0.0306437661955648,0.0306437661955648,mean_of_replicate_annual_plot_totals,True
ML,full_record_model_only,2017,NO2,ST,0.035319338953101305,0.028732729236653376,0.01398871976210537,0.09453751135630517,2000,0.01885913208172505,0.01885913208172505,mean_of_replicate_annual_plot_totals,True
ML,full_record_model_only,2017,NO3,CT,3.025208861364419,2.6147878997117666,1.6411391437619882,6.878220146978688,2000,2.145407799459881,2.145407799459881,mean_of_replicate_annual_plot_totals,True
ML,full_record_model_only,2017,NO3,MT,1.0338425053270877,0.8937893178165359,0.5290260407163985,2.4582164429664464,2000,0.7229104530393671,0.7229104530393671,mean_of_replicate_annual_plot_totals,True
ML,full_record_model_only,2017,NO3,ST,0.8581370552261514,0.7369418254932962,0.44979386004502997,2.011438688469559,2000,0.5869795520805289,0.5869795520805289,mean_of_replicate_annual_plot_totals,True
ML,full_record_model_only,2017,OP,CT,0.05197893068112604,0.03454485319971795,0.010585169126026873,0.20074264639740916,2000,0.008418192760199051,0.008418192760199051,mean_of_replicate_annual_plot_totals,False
ML,full_record_model_only,2017,OP,MT,0.0236806378634772,0.016769179551124953,0.005026020879644722,0.09322257889168434,2000,0.005879448990416,0.005879448990416,mean_of_replicate_annual_plot_totals,True
ML,full_record_model_only,2017,OP,ST,0.01609761601163887,0.01124423259185928,0.0037568711698934033,0.05509034683846845,2000,0.00349635770115405,0.00349635770115405,mean_of_replicate_annual_plot_totals,False
ML,full_record_model_only,2017,Se,CT,0.12305589996765749,0.09486581648911427,0.04510788308764027,0.3790406755221396,2000,0.06095390574252815,0.06095390574252815,mean_of_replicate_annual_plot_totals,True
ML,full_record_model_only,2017,Se,MT,0.02701084952276933,0.019088283520548078,0.005992218948860662,0.09453920437013714,2000,0.007689449220464654,0.007689449220464654,mean_of_replicate_annual_plot_totals,True
ML,full_record_model_only,2017,Se,ST,0.015537262135269727,0.010452429212789431,0.0030196461406474563,0.06205444796187555,2000,0.0026494821741123,0.0026494821741123,mean_of_replicate_annual_plot_totals,False
ML,full_record_model_only,2017,TDS,CT,0.9592634607021807,0.8247071609026005,0.4967511148426152,2.281909871116027,2000,0.646093832914807,0.646093832914807,mean_of_replicate_annual_plot_totals,True
ML,full_record_model_only,2017,TDS,MT,0.15597838085258672,0.1314539464753473,0.07271603110111867,0.4180242259630714,2000,0.1025028696942834,0.1025028696942834,mean_of_replicate_annual_plot_totals,True
ML,full_record_model_only,2017,TDS,ST,0.10274644532632479,0.08840519736126315,0.04959782610956885,0.2391700362102386,2000,0.065045402463798,0.065045402463798,mean_of_replicate_annual_plot_totals,True
ML,full_record_model_only,2017,TKN,CT,1.0348493600303588,0.8795249214182637,0.5084395250990978,2.6179386731179015,2000,0.6983632266279265,0.6983632266279265,mean_of_replicate_annual_plot_totals,True
ML,full_record_model_only,2017,TKN,MT,0.15087912123343525,0.12651950666312278,0.06415459644443758,0.425327080660378,2000,0.0978481399755734,0.0978481399755734,mean_of_replicate_annual_plot_totals,True
ML,full_record_model_only,2017,TKN,ST,0.07749547258993474,0.0639368120154709,0.03635129001307516,0.19943342256847388,2000,0.04710741291521771,0.04710741291521771,mean_of_replicate_annual_plot_totals,True
ML,full_record_model_only,2017,TN,CT,1.4940267649136563,1.2876377307250992,0.7804156434944891,3.4407178648978314,2000,1.0256166363015402,1.0256166363015402,mean_of_replicate_annual_plot_totals,True
ML,full_record_model_only,2017,TN,MT,0.2408246749944653,0.2070332816583843,0.11314364075135787,0.6168678443519539,2000,0.16311937897823045,0.16311937897823045,mean_of_replicate_annual_plot_totals,True
ML,full_record_model_only,2017,TN,ST,0.16604559882765849,0.13991522057554187,0.08514125034286504,0.3982858965922981,2000,0.10704573129330494,0.10704573129330494,mean_of_replicate_annual_plot_totals,True
ML,full_record_model_only,2017,TP,CT,0.13395953269872277,0.11045114656867418,0.05642143839913709,0.33948720966727214,2000,0.07643864866229519,0.07643864866229519,mean_of_replicate_annual_plot_totals,True
ML,full_record_model_only,2017,TP,MT,0.04110519328585672,0.03287860891655922,0.013693251982482406,0.11991217482210033,2000,0.0195634517647695,0.0195634517647695,mean_of_replicate_annual_plot_totals,True
ML,full_record_model_only,2017,TP,ST,0.02693803588587681,0.020855995760448366,0.009101488196948148,0.0823650319848104,2000,0.0118411645334863,0.0118411645334863,mean_of_replicate_annual_plot_totals,True
ML,full_record_model_only,2017,TSS,CT,864.7508347313641,736.3650033169561,457.9016074152316,2147.834675808767,2000,606.3533035175794,606.3533035175794,mean_of_replicate_annual_plot_totals,True
ML,full_record_model_only,2017,TSS,MT,46.737679881856785,40.19266524914932,23.160167871960567,116.96144333998463,2000,32.745617689197225,32.745617689197225,mean_of_replicate_annual_plot_totals,True
ML,full_record_model_only,2017,TSS,ST,48.20094677670633,40.67017260797068,23.99661609295976,124.50962540034398,2000,32.824308957761545,32.824308957761545,mean_of_replicate_annual_plot_totals,True
ML,full_record_model_only,2018,NH4,CT,0.03314373481305336,0.023687816136432276,0.008626876562440962,0.12361146133574527,2000,0.014423910433747201,0.014423910433747201,mean_of_replicate_annual_plot_totals,True
ML,full_record_model_only,2018,NH4,MT,0.019169544436706924,0.0121806750604784,0.002769389546805339,0.08624783230113975,2000,0.00485807002897735,0.00485807002897735,mean_of_replicate_annual_plot_totals,True
ML,full_record_model_only,2018,NH4,ST,0.01536411072772785,0.008823286869036301,0.0009342333738372575,0.07214525629803141,2000,0.0009338643388387246,0.0009338643388387246,mean_of_replicate_annual_plot_totals,False
ML,full_record_model_only,2018,NO2,CT,0.05354573045491343,0.04015524346367293,0.018396533159552548,0.1605516665775674,2000,0.02914210650803925,0.02914210650803925,mean_of_replicate_annual_plot_totals,True
ML,full_record_model_only,2018,NO2,MT,0.05210654591874863,0.03928156343830845,0.017734860796163106,0.15741420064184514,2000,0.02813139583439685,0.02813139583439685,mean_of_replicate_annual_plot_totals,True
ML,full_record_model_only,2018,NO2,ST,0.045425922636158654,0.035519468978766844,0.015358658531344932,0.13838472382667966,2000,0.024757938729933898,0.024757938729933898,mean_of_replicate_annual_plot_totals,True
ML,full_record_model_only,2018,NO3,CT,0.4962735578989296,0.4206005257279508,0.24611349817223785,1.1568262246160326,2000,0.3427357910080919,0.3427357910080919,mean_of_replicate_annual_plot_totals,True
ML,full_record_model_only,2018,NO3,MT,0.48364145374138484,0.4078562256267553,0.24568983760256335,1.150398167563636,2000,0.32483549152446717,0.32483549152446717,mean_of_replicate_annual_plot_totals,True
ML,full_record_model_only,2018,NO3,ST,0.47287330536437633,0.39929253801259895,0.2312714958123736,1.147689274156404,2000,0.3271669107244726,0.3271669107244726,mean_of_replicate_annual_plot_totals,True
ML,full_record_model_only,2018,OP,CT,0.038460154765122025,0.0264763278372021,0.009997933440547556,0.13983159295221778,2000,0.0162681803133794,0.0162681803133794,mean_of_replicate_annual_plot_totals,True
ML,full_record_model_only,2018,OP,MT,0.03914242747320369,0.02917455757460102,0.012467194906734891,0.1340023420405658,2000,0.01991987043369235,0.01991987043369235,mean_of_replicate_annual_plot_totals,True
ML,full_record_model_only,2018,OP,ST,0.0376913013961451,0.0278612585685259,0.011149370954682322,0.12855779135406853,2000,0.018195223892679697,0.018195223892679697,mean_of_replicate_annual_plot_totals,True
ML,full_record_model_only,2018,Se,CT,0.02640485637633181,0.017732360630476923,0.00497572540465196,0.10450662523332802,2000,0.008501282299695503,0.008501282299695503,mean_of_replicate_annual_plot_totals,True
ML,full_record_model_only,2018,Se,MT,0.017483186545393818,0.010977219085191772,0.002004343716019115,0.08181058751463582,2000,0.002953878612417561,0.002953878612417561,mean_of_replicate_annual_plot_totals,True
ML,full_record_model_only,2018,Se,ST,0.01639063018657708,0.00930464324532859,0.0010354584863829816,0.0773977522619701,2000,0.00151972925850355,0.00151972925850355,mean_of_replicate_annual_plot_totals,True
ML,full_record_model_only,2018,TDS,CT,0.19912474668054003,0.1661709040425885,0.09721181932938891,0.4969790383775716,2000,0.13411439689621552,0.13411439689621552,mean_of_replicate_annual_plot_totals,True
ML,full_record_model_only,2018,TDS,MT,0.12610265785437458,0.1042849737084731,0.05839839915530146,0.3321514926627788,2000,0.080943199728664,0.080943199728664,mean_of_replicate_annual_plot_totals,True
ML,full_record_model_only,2018,TDS,ST,0.12127613899394336,0.10081830065002867,0.0535040871799343,0.31920861016461655,2000,0.07954274721757545,0.07954274721757545,mean_of_replicate_annual_plot_totals,True
ML,full_record_model_only,2018,TKN,CT,0.3124227844416525,0.25929477292088254,0.14833228093734097,0.7613855346113984,2000,0.2081420427044331,0.2081420427044331,mean_of_replicate_annual_plot_totals,True
ML,full_record_model_only,2018,TKN,MT,0.1796429999809807,0.14924300201725677,0.08517708316995662,0.47388754489005047,2000,0.1170379822785568,0.1170379822785568,mean_of_replicate_annual_plot_totals,True
ML,full_record_model_only,2018,TKN,ST,0.1613713402584398,0.13332423611140787,0.07325458591260767,0.3941454589833454,2000,0.10694321832074549,0.10694321832074549,mean_of_replicate_annual_plot_totals,True
ML,full_record_model_only,2018,TN,CT,0.32666007354548926,0.2736318494618294,0.15793455209031468,0.7806945845481208,2000,0.22106225151680964,0.22106225151680964,mean_of_replicate_annual_plot_totals,True
ML,full_record_model_only,2018,TN,MT,0.18427284563726362,0.1550925338068596,0.08782973241228655,0.44434725220943866,2000,0.12196557498032086,0.12196557498032086,mean_of_replicate_annual_plot_totals,True
ML,full_record_model_only,2018,TN,ST,0.18676136690601253,0.15232614454303692,0.08219038484775054,0.4803731689385132,2000,0.12212570084183191,0.12212570084183191,mean_of_replicate_annual_plot_totals,True
ML,full_record_model_only,2018,TP,CT,0.06072318195228351,0.04754184551431376,0.022540989416428184,0.17695991744957368,2000,0.034772702003078,0.034772702003078,mean_of_replicate_annual_plot_totals,True
ML,full_record_model_only,2018,TP,MT,0.044211369167871585,0.03257674871812663,0.014815528552988578,0.14041070629992258,2000,0.022793092865157648,0.022793092865157648,mean_of_replicate_annual_plot_totals,True
ML,full_record_model_only,2018,TP,ST,0.041715411467002965,0.029185337629104795,0.011321272636508142,0.15191137086113937,2000,0.01968955699836015,0.01968955699836015,mean_of_replicate_annual_plot_totals,True
ML,full_record_model_only,2018,TSS,CT,44.177601548428186,37.508200981962275,22.102974148397767,104.36181702392823,2000,31.044198043547063,31.044198043547063,mean_of_replicate_annual_plot_totals,True
ML,full_record_model_only,2018,TSS,MT,19.86286942494259,16.657012574094235,10.049694806930694,47.510218091600215,2000,13.60561789475217,13.60561789475217,mean_of_replicate_annual_plot_totals,True
ML,full_record_model_only,2018,TSS,ST,20.401732361232988,17.091060755718125,10.122251591480948,49.13387712837386,2000,14.09387580240843,14.09387580240843,mean_of_replicate_annual_plot_totals,True
ML,full_record_model_only,2019,NH4,CT,0.013611529279154603,0.007507526020302825,0.00039606513948766255,0.0694966377875412,2000,0.0070219952720908,0.0070219952720908,mean_of_replicate_annual_plot_totals,True
ML,full_record_model_only,2019,NH4,MT,0.00659650860766626,0.0035646959165388497,6.469431778634716e-07,0.033781941964088576,2000,0.00320349841044945,0.00320349841044945,mean_of_replicate_annual_plot_totals,True
ML,full_record_model_only,2019,NH4,ST,0.006037950508114332,0.0027428144458012003,0.0,0.026599812297334734,2000,0.00228466723216815,0.00228466723216815,mean_of_replicate_annual_plot_totals,True
ML,full_record_model_only,2019,NO2,CT,0.010950512869533073,0.0062944087783363255,0.00020074877424051778,0.055246276478605104,2000,0.0056979750514201,0.0056979750514201,mean_of_replicate_annual_plot_totals,True
ML,full_record_model_only,2019,NO2,MT,0.007348478066839437,0.00332744297243,9.467415622256115e-08,0.035883201898311734,2000,0.0030209723648638503,0.0030209723648638503,mean_of_replicate_annual_plot_totals,True
ML,full_record_model_only,2019,NO2,ST,0.007232677233778619,0.0038963930950653503,0.00014532192903146752,0.03732902806416695,2000,0.0035898307664119,0.0035898307664119,mean_of_replicate_annual_plot_totals,True
ML,full_record_model_only,2019,NO3,CT,0.10593529241781023,0.0740195391018769,0.022248227181359454,0.5028318971554059,2000,0.06780305660294339,0.06780305660294339,mean_of_replicate_annual_plot_totals,True
ML,full_record_model_only,2019,NO3,MT,0.07262213056391194,0.053190121054092154,0.015310724796756414,0.3247441809570499,2000,0.049542021899306246,0.049542021899306246,mean_of_replicate_annual_plot_totals,True
ML,full_record_model_only,2019,NO3,ST,0.07194130288858365,0.05278719959115472,0.014711154441543948,0.3283158874143709,2000,0.04938778307118545,0.04938778307118545,mean_of_replicate_annual_plot_totals,True
ML,full_record_model_only,2019,OP,CT,0.010236893171414026,0.00449942056769555,3.25420022668583e-07,0.053820214525809734,2000,0.003969812149820499,0.003969812149820499,mean_of_replicate_annual_plot_totals,True
ML,full_record_model_only,2019,OP,MT,0.005407575670862256,0.0019945046248228,0.0,0.03142271865937291,2000,0.0017727965746739001,0.0017727965746739001,mean_of_replicate_annual_plot_totals,True
ML,full_record_model_only,2019,OP,ST,0.005344849832847519,0.00219687543499735,0.0,0.0288963130238795,2000,0.00189605804267475,0.00189605804267475,mean_of_replicate_annual_plot_totals,True
ML,full_record_model_only,2019,Se,CT,0.007144886324466459,0.002615243829319,0.0,0.03724726523678966,2000,0.0020972446628762503,0.0020972446628762503,mean_of_replicate_annual_plot_totals,True
ML,full_record_model_only,2019,Se,MT,0.0036580139722206385,0.00116020958317045,0.0,0.022136501026952245,2000,0.00084172526917105,0.00084172526917105,mean_of_replicate_annual_plot_totals,True
ML,full_record_model_only,2019,Se,ST,0.0037728247968867234,0.0011739044887577,0.0,0.022725747788845816,2000,0.0007619310800316,0.0007619310800316,mean_of_replicate_annual_plot_totals,True
ML,full_record_model_only,2019,TDS,CT,0.06771064854563046,0.04642092037025815,0.013349652447759548,0.3207626292132588,2000,0.04308314481159025,0.04308314481159025,mean_of_replicate_annual_plot_totals,True
ML,full_record_model_only,2019,TDS,MT,0.04037501615823623,0.029335543359698922,0.006875505330767352,0.18570044229559557,2000,0.0271994954438357,0.0271994954438357,mean_of_replicate_annual_plot_totals,True
ML,full_record_model_only,2019,TDS,ST,0.038318546889022524,0.02672437956983883,0.007208216975031738,0.18132184774453186,2000,0.024725209769957,0.024725209769957,mean_of_replicate_annual_plot_totals,True
ML,full_record_model_only,2019,TKN,CT,0.06974006412425285,0.04694394606129365,0.012504964911565079,0.3253310423032364,2000,0.0426776241709058,0.0426776241709058,mean_of_replicate_annual_plot_totals,True
ML,full_record_model_only,2019,TKN,MT,0.03508474722338179,0.0260829363421222,0.007085217906141285,0.14052861889876972,2000,0.02455673717922705,0.02455673717922705,mean_of_replicate_annual_plot_totals,True
ML,full_record_model_only,2019,TKN,ST,0.03479889633460703,0.02357008133723825,0.005357565725031543,0.1638348199111013,2000,0.022009316100403,0.022009316100403,mean_of_replicate_annual_plot_totals,True
ML,full_record_model_only,2019,TN,CT,0.10009444360875179,0.07031507982211366,0.020166679008960138,0.489169592345603,2000,0.06445831557365544,0.06445831557365544,mean_of_replicate_annual_plot_totals,True
ML,full_record_model_only,2019,TN,MT,0.05605978786995108,0.04211721647716067,0.01189788597345641,0.21532760106570875,2000,0.039488730962683,0.039488730962683,mean_of_replicate_annual_plot_totals,True
ML,full_record_model_only,2019,TN,ST,0.05357478802435775,0.039221842015950956,0.009761294687005926,0.24790037664721046,2000,0.036713557040743805,0.036713557040743805,mean_of_replicate_annual_plot_totals,True
ML,full_record_model_only,2019,TP,CT,0.011325834163828454,0.005438849524422025,7.958912435048665e-06,0.05565446603077541,2000,0.0048576754525408005,0.0048576754525408005,mean_of_replicate_annual_plot_totals,True
ML,full_record_model_only,2019,TP,MT,0.005962187025172889,0.003211882279756425,9.75036247478238e-05,0.029211878545228002,2000,0.00294960712249475,0.00294960712249475,mean_of_replicate_annual_plot_totals,True
ML,full_record_model_only,2019,TP,ST,0.005905898874356982,0.002740068150421375,0.0,0.02831414083294544,2000,0.00242403547170215,0.00242403547170215,mean_of_replicate_annual_plot_totals,True
ML,full_record_model_only,2019,TSS,CT,11.103629309941157,8.093280356778157,2.4442487793137113,54.829900906200606,2000,7.438340390302445,7.438340390302445,mean_of_replicate_annual_plot_totals,True
ML,full_record_model_only,2019,TSS,MT,8.164873684771294,6.124216470283167,1.6745346120309519,30.526259361932546,2000,5.730060734432259,5.730060734432259,mean_of_replicate_annual_plot_totals,True
ML,full_record_model_only,2019,TSS,ST,8.303172897020136,6.3404062117880855,1.728356503499732,41.88286236749143,2000,5.875833353703416,5.875833353703416,mean_of_replicate_annual_plot_totals,True
ML,full_record_model_only,2020,NH4,CT,0.08720094988590836,0.07065814965816994,0.03541695727913204,0.24746687924827426,2000,0.04720140191528775,0.04720140191528775,mean_of_replicate_annual_plot_totals,True
ML,full_record_model_only,2020,NH4,MT,0.047519491629177776,0.0366127144275483,0.015327956751341913,0.1461136094350978,2000,0.02051887766999655,0.02051887766999655,mean_of_replicate_annual_plot_totals,True
ML,full_record_model_only,2020,NH4,ST,0.04454127295609562,0.032567098196979394,0.011815559184385512,0.1554850752839073,2000,0.015403812594976649,0.015403812594976649,mean_of_replicate_annual_plot_totals,True
ML,full_record_model_only,2020,NO2,CT,0.06577999888972821,0.05218521883633563,0.02388671375038193,0.194186036006181,2000,0.032385824755137,0.032385824755137,mean_of_replicate_annual_plot_totals,True
ML,full_record_model_only,2020,NO2,MT,0.061203072183468175,0.04942276233216793,0.023973680638926315,0.16672358004790291,2000,0.03201664731752845,0.03201664731752845,mean_of_replicate_annual_plot_totals,True
ML,full_record_model_only,2020,NO2,ST,0.06592634753853889,0.050618670710077175,0.023098422722426175,0.2065158655001465,2000,0.0320983000344011,0.0320983000344011,mean_of_replicate_annual_plot_totals,True
ML,full_record_model_only,2020,NO3,CT,1.1294584182774838,0.9846097265374074,0.6160199155272634,2.4859903083253814,2000,0.7775746582498625,0.7775746582498625,mean_of_replicate_annual_plot_totals,True
ML,full_record_model_only,2020,NO3,MT,0.9840856744004408,0.857675980552145,0.5441165370896983,2.1182763032390053,2000,0.6916451246571098,0.6916451246571098,mean_of_replicate_annual_plot_totals,True
ML,full_record_model_only,2020,NO3,ST,1.197464838156056,1.0290917638825228,0.6150804538520919,2.7852280123760615,2000,0.8300491701403729,0.8300491701403729,mean_of_replicate_annual_plot_totals,True
ML,full_record_model_only,2020,OP,CT,0.04222158782501686,0.028991537553590775,0.010293471648130388,0.166136705987984,2000,0.01161324814764855,0.01161324814764855,mean_of_replicate_annual_plot_totals,True
ML,full_record_model_only,2020,OP,MT,0.04024485394927333,0.02992218759070991,0.011840564976587193,0.1326404849036889,2000,0.01505111015278005,0.01505111015278005,mean_of_replicate_annual_plot_totals,True
ML,full_record_model_only,2020,OP,ST,0.041568161047063006,0.03105270935991542,0.010380692459279344,0.1464940074283034,2000,0.012749820016974662,0.012749820016974662,mean_of_replicate_annual_plot_totals,True
ML,full_record_model_only,2020,Se,CT,0.034146195421735116,0.024345547979755116,0.006747821740016237,0.1204406631344096,2000,0.006516491878368715,0.006516491878368715,mean_of_replicate_annual_plot_totals,False
ML,full_record_model_only,2020,Se,MT,0.02655894522161323,0.017125750443811823,0.0038896287352005294,0.10265061400643849,2000,0.0025284460294765494,0.0025284460294765494,mean_of_replicate_annual_plot_totals,False
ML,full_record_model_only,2020,Se,ST,0.027829128837190683,0.018372779326821728,0.004183722599890913,0.10532277267664401,2000,0.0019295696339533578,0.0019295696339533578,mean_of_replicate_annual_plot_totals,False
ML,full_record_model_only,2020,TDS,CT,0.35324071616586367,0.30559201725173174,0.1859330013797732,0.7805654512122238,2000,0.23673678102661044,0.23673678102661044,mean_of_replicate_annual_plot_totals,True
ML,full_record_model_only,2020,TDS,MT,0.16656579186518658,0.14076281303809512,0.0785352209392868,0.3862033520645627,2000,0.10634195388427099,0.10634195388427099,mean_of_replicate_annual_plot_totals,True
ML,full_record_model_only,2020,TDS,ST,0.16784374385778827,0.14070714606388274,0.07633726423016592,0.42191035130409077,2000,0.1049925953408313,0.1049925953408313,mean_of_replicate_annual_plot_totals,True
ML,full_record_model_only,2020,TKN,CT,0.4705411647783914,0.41077048732264787,0.25117201521363625,1.00188761265283,2000,0.3201712568104015,0.3201712568104015,mean_of_replicate_annual_plot_totals,True
ML,full_record_model_only,2020,TKN,MT,0.21160331850270042,0.18311730242525132,0.10854845685761465,0.4849199491037458,2000,0.14055653665935616,0.14055653665935616,mean_of_replicate_annual_plot_totals,True
ML,full_record_model_only,2020,TKN,ST,0.23464408945737,0.19817126599624224,0.11220473463311464,0.5544472463628558,2000,0.15254408631424998,0.15254408631424998,mean_of_replicate_annual_plot_totals,True
ML,full_record_model_only,2020,TN,CT,0.587785058475979,0.5070883419478223,0.31839060881226755,1.315703860759394,2000,0.39982829840922995,0.39982829840922995,mean_of_replicate_annual_plot_totals,True
ML,full_record_model_only,2020,TN,MT,0.29155712902294223,0.2491873814144375,0.14566123386710647,0.6853575975683206,2000,0.19501713885606242,0.19501713885606242,mean_of_replicate_annual_plot_totals,True
ML,full_record_model_only,2020,TN,ST,0.292171717581755,0.25103552045687433,0.14018061106873203,0.6991055145457814,2000,0.1946366041835209,0.1946366041835209,mean_of_replicate_annual_plot_totals,True
ML,full_record_model_only,2020,TP,CT,0.0783451579907102,0.06502664839893585,0.03124685713195139,0.2045099621059629,2000,0.042433868930094654,0.042433868930094654,mean_of_replicate_annual_plot_totals,True
ML,full_record_model_only,2020,TP,MT,0.053137244446128634,0.04172536321542543,0.01900163028115554,0.1595707965277394,2000,0.025779403760424948,0.025779403760424948,mean_of_replicate_annual_plot_totals,True
ML,full_record_model_only,2020,TP,ST,0.06051022675052596,0.04657101637224159,0.02058484792353772,0.17522332625930395,2000,0.0280959202072061,0.0280959202072061,mean_of_replicate_annual_plot_totals,True
ML,full_record_model_only,2020,TSS,CT,111.65703158762835,98.17076394185503,62.354621742147735,237.81413344510594,2000,78.55215846745726,78.55215846745726,mean_of_replicate_annual_plot_totals,True
ML,full_record_model_only,2020,TSS,MT,24.502343853805776,21.649018782742424,12.866333381521985,54.190572720127,2000,17.589836724868235,17.589836724868235,mean_of_replicate_annual_plot_totals,True
ML,full_record_model_only,2020,TSS,ST,26.21997734856399,22.660615644647443,13.12918012480925,63.98798002279123,2000,18.475969427728554,18.475969427728554,mean_of_replicate_annual_plot_totals,True
ML,full_record_model_only,2021,NH4,CT,0.0938010910021325,0.07875996011191459,0.04403930676738893,0.23184573705656708,2000,0.058779745917176454,0.058779745917176454,mean_of_replicate_annual_plot_totals,True
ML,full_record_model_only,2021,NH4,MT,0.02402545024477918,0.019689973194190198,0.009941752125903884,0.06470850866284987,2000,0.01378032926697555,0.01378032926697555,mean_of_replicate_annual_plot_totals,True
ML,full_record_model_only,2021,NH4,ST,0.023450267517007965,0.018180253381567923,0.0079777987527859,0.06924422867441256,2000,0.0116116971244276,0.0116116971244276,mean_of_replicate_annual_plot_totals,True
ML,full_record_model_only,2021,NO2,CT,0.051415266209358865,0.03987074355223158,0.021038296014827713,0.14053315569143213,2000,0.02686003195773075,0.02686003195773075,mean_of_replicate_annual_plot_totals,True
ML,full_record_model_only,2021,NO2,MT,0.025944460981986703,0.02132103899747785,0.011249789529159851,0.07035818650677364,2000,0.01452754028224635,0.01452754028224635,mean_of_replicate_annual_plot_totals,True
ML,full_record_model_only,2021,NO2,ST,0.027053553983053796,0.021165588213889787,0.01045806392945201,0.08254063363032058,2000,0.0142543832950093,0.0142543832950093,mean_of_replicate_annual_plot_totals,True
ML,full_record_model_only,2021,NO3,CT,1.0335535325573597,0.8886268610476464,0.5651264206280009,2.233337260039961,2000,0.7193109388031373,0.7193109388031373,mean_of_replicate_annual_plot_totals,True
ML,full_record_model_only,2021,NO3,MT,0.5552827291142397,0.48652259195929026,0.30779102448570633,1.2153138482186296,2000,0.400363962285539,0.400363962285539,mean_of_replicate_annual_plot_totals,True
ML,full_record_model_only,2021,NO3,ST,0.5669609410502866,0.48327623259326624,0.29273311728463797,1.3599751514424596,2000,0.39619187014104806,0.39619187014104806,mean_of_replicate_annual_plot_totals,True
ML,full_record_model_only,2021,OP,CT,0.024906253085688407,0.018385393504386047,0.006319847768684399,0.08356276723931742,2000,0.0070463360975217175,0.0070463360975217175,mean_of_replicate_annual_plot_totals,True
ML,full_record_model_only,2021,OP,MT,0.01181088600391957,0.008021982427647456,0.00271326877611447,0.04463064399992496,2000,0.0026761112036939446,0.0026761112036939446,mean_of_replicate_annual_plot_totals,False
ML,full_record_model_only,2021,OP,ST,0.014243997740887703,0.010508260347485709,0.0032024163172811996,0.05329367003235676,2000,0.004312585403379622,0.004312585403379622,mean_of_replicate_annual_plot_totals,True
ML,full_record_model_only,2021,Se,CT,0.019776822829637247,0.013088653362779621,0.003642885138554177,0.07777166597488568,2000,0.0025657975073938863,0.0025657975073938863,mean_of_replicate_annual_plot_totals,False
ML,full_record_model_only,2021,Se,MT,0.00960422071228494,0.006770357617478831,0.0018113206211170458,0.0358047504256493,2000,0.001545957135740449,0.001545957135740449,mean_of_replicate_annual_plot_totals,False
ML,full_record_model_only,2021,Se,ST,0.010133849035989184,0.0070739302103497905,0.0015445298336500659,0.038600536906771045,2000,0.0008067376590312422,0.0008067376590312422,mean_of_replicate_annual_plot_totals,False
ML,full_record_model_only,2021,TDS,CT,0.3508276687863673,0.30240722301532474,0.18440261680377723,0.798964092969595,2000,0.24370772649119105,0.24370772649119105,mean_of_replicate_annual_plot_totals,True
ML,full_record_model_only,2021,TDS,MT,0.09090863413404197,0.07787798543443328,0.04596128047872872,0.20248512344521236,2000,0.06238456189897505,0.06238456189897505,mean_of_replicate_annual_plot_totals,True
ML,full_record_model_only,2021,TDS,ST,0.09406558630260395,0.07915424026208874,0.042912757506621095,0.2518322683168784,2000,0.06245851401597525,0.06245851401597525,mean_of_replicate_annual_plot_totals,True
ML,full_record_model_only,2021,TKN,CT,0.5163661321592078,0.4406396809490446,0.26407328903005606,1.242423270004584,2000,0.35668386356866233,0.35668386356866233,mean_of_replicate_annual_plot_totals,True
ML,full_record_model_only,2021,TKN,MT,0.1224024411750011,0.10374773693187807,0.06191669565186487,0.2837863904652531,2000,0.08398983906203925,0.08398983906203925,mean_of_replicate_annual_plot_totals,True
ML,full_record_model_only,2021,TKN,ST,0.14157696528102834,0.1197642442891148,0.06578675400967482,0.37945554225344086,2000,0.09535221761490764,0.09535221761490764,mean_of_replicate_annual_plot_totals,True
ML,full_record_model_only,2021,TN,CT,0.5404671399086605,0.4671787495898131,0.28908975006972015,1.2171872603551346,2000,0.3735790676105133,0.3735790676105133,mean_of_replicate_annual_plot_totals,True
ML,full_record_model_only,2021,TN,MT,0.15337671568182246,0.1325050716835362,0.08157043373117345,0.345784997429435,2000,0.10756399550764975,0.10756399550764975,mean_of_replicate_annual_plot_totals,True
ML,full_record_model_only,2021,TN,ST,0.1585573113517503,0.13506883261791566,0.07766551753961544,0.4090138249474646,2000,0.1086415579759901,0.1086415579759901,mean_of_replicate_annual_plot_totals,True
ML,full_record_model_only,2021,TP,CT,0.09681492011379014,0.0806955908718956,0.04081762913585046,0.26108974201584895,2000,0.060969932184802,0.060969932184802,mean_of_replicate_annual_plot_totals,True
ML,full_record_model_only,2021,TP,MT,0.03261030780362272,0.026766609471926283,0.014712441875745006,0.08345673739982341,2000,0.019740055317449802,0.019740055317449802,mean_of_replicate_annual_plot_totals,True
ML,full_record_model_only,2021,TP,ST,0.043574221767021776,0.035352554833770575,0.015793524861410637,0.13120938541925037,2000,0.02562247439671015,0.02562247439671015,mean_of_replicate_annual_plot_totals,True
ML,full_record_model_only,2021,TSS,CT,225.50963688954755,192.52148050800668,118.56408255991231,520.030341628425,2000,157.66238502357243,157.66238502357243,mean_of_replicate_annual_plot_totals,True
ML,full_record_model_only,2021,TSS,MT,24.01738463860555,21.02546789102691,12.983219246737534,54.459339195399046,2000,17.2563364000218,17.2563364000218,mean_of_replicate_annual_plot_totals,True
ML,full_record_model_only,2021,TSS,ST,23.64153393882905,20.12382191658191,11.392051683576865,65.37476689666045,2000,16.658173706075264,16.658173706075264,mean_of_replicate_annual_plot_totals,True
ML,full_record_model_only,2022,NH4,CT,0.02115005157817434,0.016360767626002963,0.006215138823906043,0.06828350501281698,2000,0.005498130656587845,0.005498130656587845,mean_of_replicate_annual_plot_totals,False
ML,full_record_model_only,2022,NH4,MT,0.025612517068681256,0.021197433657900732,0.008673208913300638,0.07344621144381991,2000,0.009395944244733702,0.009395944244733702,mean_of_replicate_annual_plot_totals,True
ML,full_record_model_only,2022,NH4,ST,0.020711315496734477,0.016263697700822827,0.005820430689417438,0.06365013730286685,2000,0.00544126691463585,0.00544126691463585,mean_of_replicate_annual_plot_totals,False
ML,full_record_model_only,2022,NO2,CT,0.03590223725175717,0.030147629334890125,0.014213385150919428,0.10217105785731234,2000,0.023335244144155935,0.023335244144155935,mean_of_replicate_annual_plot_totals,True
ML,full_record_model_only,2022,NO2,MT,0.035660538784520315,0.030414038422015545,0.014398585827078607,0.09709574400582484,2000,0.022859944325845198,0.022859944325845198,mean_of_replicate_annual_plot_totals,True
ML,full_record_model_only,2022,NO2,ST,0.02279788487559682,0.019090241395389083,0.008675260864137032,0.06484557420751277,2000,0.01270302031501788,0.01270302031501788,mean_of_replicate_annual_plot_totals,True
ML,full_record_model_only,2022,NO3,CT,0.8708123247628073,0.7777028069932954,0.521432374210091,1.651097162816957,2000,0.6412052922069207,0.6412052922069207,mean_of_replicate_annual_plot_totals,True
ML,full_record_model_only,2022,NO3,MT,0.9298564461019326,0.8210140086405746,0.5575466267061936,1.8104017133361323,2000,0.6729739315688907,0.6729739315688907,mean_of_replicate_annual_plot_totals,True
ML,full_record_model_only,2022,NO3,ST,0.792605935074775,0.7036223139621052,0.4726951162076555,1.5215315142118622,2000,0.5747520674185509,0.5747520674185509,mean_of_replicate_annual_plot_totals,True
ML,full_record_model_only,2022,OP,CT,0.021733418789125113,0.018111221179238704,0.008108565237650838,0.0602265638634871,2000,0.0110564617126131,0.0110564617126131,mean_of_replicate_annual_plot_totals,True
ML,full_record_model_only,2022,OP,MT,0.02599256675266719,0.02077615264895444,0.009873119826874905,0.0705752446709097,2000,0.012921530504771978,0.012921530504771978,mean_of_replicate_annual_plot_totals,True
ML,full_record_model_only,2022,OP,ST,0.019850381542916032,0.01643680267977786,0.007797372213682023,0.05112915547287485,2000,0.009935607441155325,0.009935607441155325,mean_of_replicate_annual_plot_totals,True
ML,full_record_model_only,2022,Se,CT,0.012100496041692322,0.009417925357664945,0.002412453679929334,0.03880278664281084,2000,0.002195343590453763,0.002195343590453763,mean_of_replicate_annual_plot_totals,False
ML,full_record_model_only,2022,Se,MT,0.011711748438687629,0.009066485872619951,0.0028240613188396293,0.03691868751219011,2000,0.0018435162208102,0.0018435162208102,mean_of_replicate_annual_plot_totals,False
ML,full_record_model_only,2022,Se,ST,0.00970870503107095,0.00714873096109369,0.001776886959788311,0.03167851873532337,2000,0.0006249874191730097,0.0006249874191730097,mean_of_replicate_annual_plot_totals,False
ML,full_record_model_only,2022,TDS,CT,0.13746720211676544,0.11693069853087355,0.07038007334574864,0.3451596846329007,2000,0.08226004953634544,0.08226004953634544,mean_of_replicate_annual_plot_totals,True
ML,full_record_model_only,2022,TDS,MT,0.1372750496654921,0.11729329818704673,0.06774377625821296,0.33774902641034515,2000,0.08275810487834101,0.08275810487834101,mean_of_replicate_annual_plot_totals,True
ML,full_record_model_only,2022,TDS,ST,0.10896990955601298,0.09450471088754298,0.05383547759448888,0.2669286161932105,2000,0.06487249562550029,0.06487249562550029,mean_of_replicate_annual_plot_totals,True
ML,full_record_model_only,2022,TKN,CT,0.14392747211042864,0.12291436026435043,0.07150363524786414,0.3569699370699357,2000,0.08633582441744235,0.08633582441744235,mean_of_replicate_annual_plot_totals,True
ML,full_record_model_only,2022,TKN,MT,0.13465751216094524,0.11619129824670806,0.06575642900439557,0.3381188990365466,2000,0.0803197114770883,0.0803197114770883,mean_of_replicate_annual_plot_totals,True
ML,full_record_model_only,2022,TKN,ST,0.11301899051669893,0.0962888446522332,0.05292300654770036,0.28607228586501904,2000,0.06552307555506473,0.06552307555506473,mean_of_replicate_annual_plot_totals,True
ML,full_record_model_only,2022,TN,CT,0.25113536209079,0.2214253157150839,0.14097222115490324,0.551400022363879,2000,0.16398212468280604,0.16398212468280604,mean_of_replicate_annual_plot_totals,True
ML,full_record_model_only,2022,TN,MT,0.27467341537186263,0.2372340195706393,0.14897499244443338,0.6421470902789653,2000,0.17779199065348494,0.17779199065348494,mean_of_replicate_annual_plot_totals,True
ML,full_record_model_only,2022,TN,ST,0.22758832566528625,0.20059788818795726,0.12122933747410028,0.4982172970542213,2000,0.14505945692789285,0.14505945692789285,mean_of_replicate_annual_plot_totals,True
ML,full_record_model_only,2022,TP,CT,0.04000694504669445,0.03328841161456529,0.017865975271239926,0.0998158221795062,2000,0.0229879287792083,0.0229879287792083,mean_of_replicate_annual_plot_totals,True
ML,full_record_model_only,2022,TP,MT,0.038619690844500565,0.0330779347669466,0.01851760987491448,0.08986167620451828,2000,0.022460212908947452,0.022460212908947452,mean_of_replicate_annual_plot_totals,True
ML,full_record_model_only,2022,TP,ST,0.028699867873096856,0.024768374242215847,0.012466216608602941,0.07161974627878395,2000,0.015393801523320299,0.015393801523320299,mean_of_replicate_annual_plot_totals,True
ML,full_record_model_only,2022,TSS,CT,47.12353084503947,40.74928794872487,25.512240232393594,115.35768375290289,2000,31.6503307941197,31.6503307941197,mean_of_replicate_annual_plot_totals,True
ML,full_record_model_only,2022,TSS,MT,41.75667894988319,36.16653651580988,22.192996897380734,100.70250643599671,2000,27.25160023324007,27.25160023324007,mean_of_replicate_annual_plot_totals,True
ML,full_record_model_only,2022,TSS,ST,31.605900329928605,27.916743076329862,16.437082900366253,73.3518380915624,2000,21.022177239443458,21.022177239443458,mean_of_replicate_annual_plot_totals,True
ML,full_record_model_only,2023,NH4,CT,0.5157130254051056,0.4520211802749765,0.28928950159915806,1.0701030768541226,2000,0.3685771334590119,0.3685771334590119,mean_of_replicate_annual_plot_totals,True
ML,full_record_model_only,2023,NH4,MT,0.44555122516582607,0.38738433985894366,0.24892533429357444,0.9472078879189239,2000,0.3198307618764839,0.3198307618764839,mean_of_replicate_annual_plot_totals,True
ML,full_record_model_only,2023,NH4,ST,0.4670913171696697,0.4042879802797057,0.2626050472037318,0.998624265762095,2000,0.32855001559957464,0.32855001559957464,mean_of_replicate_annual_plot_totals,True
ML,full_record_model_only,2023,NO2,CT,0.03810096396679256,0.02688038070105963,0.008551729060314688,0.13773281285826422,2000,0.0104887275048385,0.0104887275048385,mean_of_replicate_annual_plot_totals,True
ML,full_record_model_only,2023,NO2,MT,0.026125023168384817,0.01883882650096281,0.0052497475979259006,0.09477214564730035,2000,0.004610923838179925,0.004610923838179925,mean_of_replicate_annual_plot_totals,False
ML,full_record_model_only,2023,NO2,ST,0.029110891867985135,0.020254594247443004,0.005919050116211604,0.10261216533622704,2000,0.0050819495368617,0.0050819495368617,mean_of_replicate_annual_plot_totals,False
ML,full_record_model_only,2023,NO3,CT,1.904233104190299,1.6736003438527378,1.0709985395824946,3.959436180030153,2000,1.409068032065254,1.409068032065254,mean_of_replicate_annual_plot_totals,True
ML,full_record_model_only,2023,NO3,MT,1.7520678432378318,1.5323969350784201,0.9697877778951085,3.8347275601610997,2000,1.306423481256093,1.306423481256093,mean_of_replicate_annual_plot_totals,True
ML,full_record_model_only,2023,NO3,ST,1.8780890351747372,1.6262847798244455,1.0324418843572751,4.312017853717687,2000,1.370512692158779,1.370512692158779,mean_of_replicate_annual_plot_totals,True
ML,full_record_model_only,2023,OP,CT,0.05738920329980221,0.04566463643577555,0.021417519652746526,0.1608031067045492,2000,0.02937639693278775,0.02937639693278775,mean_of_replicate_annual_plot_totals,True
ML,full_record_model_only,2023,OP,MT,0.04031658466111477,0.030884740000148424,0.012872108686205828,0.1236162962386193,2000,0.01587234815081965,0.01587234815081965,mean_of_replicate_annual_plot_totals,True
ML,full_record_model_only,2023,OP,ST,0.04424781611628183,0.033341133706740314,0.014268360426327602,0.1430391174465347,2000,0.0189174856598179,0.0189174856598179,mean_of_replicate_annual_plot_totals,True
ML,full_record_model_only,2023,Se,CT,0.2108541319376209,0.18217742409231164,0.11109589019611821,0.4888954848559114,2000,0.14556021878496636,0.14556021878496636,mean_of_replicate_annual_plot_totals,True
ML,full_record_model_only,2023,Se,MT,0.16010619374441568,0.13777853914774743,0.08474098507863292,0.3660271577850144,2000,0.10865923254614406,0.10865923254614406,mean_of_replicate_annual_plot_totals,True
ML,full_record_model_only,2023,Se,ST,0.152372763079393,0.13065181815894678,0.0781979412068477,0.3322135257213706,2000,0.10154087618622315,0.10154087618622315,mean_of_replicate_annual_plot_totals,True
ML,full_record_model_only,2023,TDS,CT,277.0495293658993,242.0607223210621,152.8001011140957,653.2230044025059,2000,209.02138892377235,209.02138892377235,mean_of_replicate_annual_plot_totals,True
ML,full_record_model_only,2023,TDS,MT,281.08018911341816,246.18785127002076,158.95778786785567,614.1218495244308,2000,214.20455502594473,214.20455502594473,mean_of_replicate_annual_plot_totals,True
ML,full_record_model_only,2023,TDS,ST,277.7608797523852,243.87357397923324,158.19364666636395,579.3676701601844,2000,208.01339806956378,208.01339806956378,mean_of_replicate_annual_plot_totals,True
ML,full_record_model_only,2023,TKN,CT,2.1590347569679227,1.817370577424771,1.0033716443003713,5.64780447549703,2000,1.5273213734695112,1.5273213734695112,mean_of_replicate_annual_plot_totals,True
ML,full_record_model_only,2023,TKN,MT,2.3362112804952018,1.9683463044024454,1.0741584855667852,6.373206058237126,2000,1.693538023623337,1.693538023623337,mean_of_replicate_annual_plot_totals,True
ML,full_record_model_only,2023,TKN,ST,2.205768773402983,1.8148844016205254,1.0266869122727056,6.04607298229558,2000,1.4989517734587823,1.4989517734587823,mean_of_replicate_annual_plot_totals,True
ML,full_record_model_only,2023,TN,CT,0.7223924766395692,0.6371373769438229,0.4113514634776605,1.5096850931789052,2000,0.5290652397617036,0.5290652397617036,mean_of_replicate_annual_plot_totals,True
ML,full_record_model_only,2023,TN,MT,0.5755693883694181,0.5099368212084607,0.332215186777954,1.180235578082801,2000,0.4223023817949958,0.4223023817949958,mean_of_replicate_annual_plot_totals,True
ML,full_record_model_only,2023,TN,ST,0.5707423771075333,0.5009648905530852,0.3183663079369372,1.2327349858647791,2000,0.40495820886398276,0.40495820886398276,mean_of_replicate_annual_plot_totals,True
ML,full_record_model_only,2023,TP,CT,0.3039910260919096,0.26447237832800286,0.1637578177541722,0.6388594385090994,2000,0.21410889244942827,0.21410889244942827,mean_of_replicate_annual_plot_totals,True
ML,full_record_model_only,2023,TP,MT,0.20137419641307253,0.1742298272424277,0.11003992340092258,0.44855148824387303,2000,0.14077752753649064,0.14077752753649064,mean_of_replicate_annual_plot_totals,True
ML,full_record_model_only,2023,TP,ST,0.19021108809101792,0.16486666024372948,0.09897227015708025,0.44134299866650123,2000,0.13599916439842705,0.13599916439842705,mean_of_replicate_annual_plot_totals,True
ML,full_record_model_only,2023,TSS,CT,384.87884754186814,341.77341121433386,220.22185290081805,809.482573267777,2000,286.7782808698719,286.7782808698719,mean_of_replicate_annual_plot_totals,True
ML,full_record_model_only,2023,TSS,MT,266.8628735189397,234.2271220730217,151.3029317535217,550.2157023526128,2000,195.28611622093396,195.28611622093396,mean_of_replicate_annual_plot_totals,True
ML,full_record_model_only,2023,TSS,ST,403.77567833371427,347.3538196069687,211.84208475597853,1008.8556738321406,2000,296.71780164457664,296.71780164457664,mean_of_replicate_annual_plot_totals,True
ML,full_record_model_only,2024,NH4,CT,0.20128660210979432,0.17670535204676208,0.10613692674178675,0.44640375809649985,2000,0.15174985208865893,0.15174985208865893,mean_of_replicate_annual_plot_totals,True
ML,full_record_model_only,2024,NH4,MT,0.21458350324732836,0.18361887752349781,0.10604824037809674,0.556785477544754,2000,0.15901179091084133,0.15901179091084133,mean_of_replicate_annual_plot_totals,True
ML,full_record_model_only,2024,NH4,ST,0.23987933097269923,0.21270976215937076,0.13510047890168644,0.5190424423709982,2000,0.17897530346548418,0.17897530346548418,mean_of_replicate_annual_plot_totals,True
ML,full_record_model_only,2024,NO2,CT,0.014097421233824346,0.01037876405808846,0.0023526181906524555,0.04355474415916775,2000,0.002547341938887359,0.002547341938887359,mean_of_replicate_annual_plot_totals,True
ML,full_record_model_only,2024,NO2,MT,0.014073140293187802,0.009934409323097245,0.001980801516759901,0.05111343627729107,2000,0.0015912041564411499,0.0015912041564411499,mean_of_replicate_annual_plot_totals,False
ML,full_record_model_only,2024,NO2,ST,0.022334653656778936,0.0178776951243889,0.006408968968785098,0.06489660266226942,2000,0.0084567122022557,0.0084567122022557,mean_of_replicate_annual_plot_totals,True
ML,full_record_model_only,2024,NO3,CT,1.3404612116997225,1.1475598873164805,0.6813865692901454,3.4285443868070318,2000,1.0032245948059455,1.0032245948059455,mean_of_replicate_annual_plot_totals,True
ML,full_record_model_only,2024,NO3,MT,1.315028367581107,1.127510035610027,0.5888923541070649,3.7301644977904425,2000,0.9949578101775474,0.9949578101775474,mean_of_replicate_annual_plot_totals,True
ML,full_record_model_only,2024,NO3,ST,1.6666447504644872,1.451181019358355,0.9167012454376879,3.7842739349131653,2000,1.2405278286573562,1.2405278286573562,mean_of_replicate_annual_plot_totals,True
ML,full_record_model_only,2024,OP,CT,0.06931507202401774,0.05924562081273367,0.03216147319892119,0.17485143574401824,2000,0.0467072140404311,0.0467072140404311,mean_of_replicate_annual_plot_totals,True
ML,full_record_model_only,2024,OP,MT,0.0694255900321355,0.05991062499522285,0.031660801855002516,0.16979212349651204,2000,0.04846960021510095,0.04846960021510095,mean_of_replicate_annual_plot_totals,True
ML,full_record_model_only,2024,OP,ST,0.10734675544359171,0.09381214919515254,0.05569212816374629,0.25077421398792304,2000,0.07459147147075995,0.07459147147075995,mean_of_replicate_annual_plot_totals,True
ML,full_record_model_only,2024,Se,CT,0.11887484458713325,0.10388211546890674,0.06167003524041206,0.2761144065624895,2000,0.08657941356172405,0.08657941356172405,mean_of_replicate_annual_plot_totals,True
ML,full_record_model_only,2024,Se,MT,0.1242389815626604,0.10655396760798717,0.05795107135623605,0.3308804073167341,2000,0.08968180206876744,0.08968180206876744,mean_of_replicate_annual_plot_totals,True
ML,full_record_model_only,2024,Se,ST,0.15484642033027166,0.13697122725540378,0.08466047450827335,0.3366847497712164,2000,0.11145276803283721,0.11145276803283721,mean_of_replicate_annual_plot_totals,True
ML,full_record_model_only,2024,TDS,CT,213.69216515903972,186.2981262245541,115.02152742741737,501.93082688386903,2000,160.49746459062857,160.49746459062857,mean_of_replicate_annual_plot_totals,True
ML,full_record_model_only,2024,TDS,MT,223.3478099808195,192.7738818974515,113.09105281395719,614.1297370622494,2000,169.13306744327565,169.13306744327565,mean_of_replicate_annual_plot_totals,True
ML,full_record_model_only,2024,TDS,ST,255.62629688849825,225.53084077781097,146.84988759416314,554.7745795633618,2000,192.7328802428409,192.7328802428409,mean_of_replicate_annual_plot_totals,True
ML,full_record_model_only,2024,TKN,CT,0.25946753014999496,0.22549298691938638,0.12418863277069403,0.6710844420735095,2000,0.19196254639216614,0.19196254639216614,mean_of_replicate_annual_plot_totals,True
ML,full_record_model_only,2024,TKN,MT,0.28559794400309185,0.2448165821642067,0.11735437421826912,0.9247268574415286,2000,0.21314077576918017,0.21314077576918017,mean_of_replicate_annual_plot_totals,True
ML,full_record_model_only,2024,TKN,ST,0.34664213123564314,0.3057155753539428,0.17627648290473896,0.8014353332523214,2000,0.25373155586078927,0.25373155586078927,mean_of_replicate_annual_plot_totals,True
ML,full_record_model_only,2024,TN,CT,0.42774106988607274,0.3719705507034634,0.2362167496285855,0.9489022956116497,2000,0.3208411935375254,0.3208411935375254,mean_of_replicate_annual_plot_totals,True
ML,full_record_model_only,2024,TN,MT,0.47641024900378126,0.4090203431435949,0.23949585090578207,1.2578109096906507,2000,0.3534648561723822,0.3534648561723822,mean_of_replicate_annual_plot_totals,True
ML,full_record_model_only,2024,TN,ST,0.564277022637787,0.49836485563879723,0.3312054457597213,1.231594431695007,2000,0.41988074342322934,0.41988074342322934,mean_of_replicate_annual_plot_totals,True
ML,full_record_model_only,2024,TP,CT,0.17045520860728164,0.14725282438882314,0.08850162854353734,0.390858951471246,2000,0.11903505212829935,0.11903505212829935,mean_of_replicate_annual_plot_totals,True
ML,full_record_model_only,2024,TP,MT,0.16174769151873156,0.13861028997947578,0.07871370774622886,0.41034130099987215,2000,0.11258697355351036,0.11258697355351036,mean_of_replicate_annual_plot_totals,True
ML,full_record_model_only,2024,TP,ST,0.2744079573134707,0.24205929358138029,0.14971460297927366,0.6176482099905513,2000,0.19576962363934958,0.19576962363934958,mean_of_replicate_annual_plot_totals,True
ML,full_record_model_only,2024,TSS,CT,183.61378631796788,158.96766202962942,99.24843334000943,433.87286744819096,2000,135.49480090749003,135.49480090749003,mean_of_replicate_annual_plot_totals,True
ML,full_record_model_only,2024,TSS,MT,186.22605967811242,160.52772345966898,96.94799736511429,437.10881927170567,2000,138.6118452360636,138.6118452360636,mean_of_replicate_annual_plot_totals,True
ML,full_record_model_only,2024,TSS,ST,338.1277099835193,300.0774591941085,193.35777574052798,725.7334878232107,2000,254.78584388080787,254.78584388080787,mean_of_replicate_annual_plot_totals,True
ML,full_record_model_only,2025,NH4,CT,0.5373333918752305,0.49176807515854554,0.345159067337863,0.9770838965256295,2000,0.3964027122642339,0.3964027122642339,mean_of_replicate_annual_plot_totals,True
ML,full_record_model_only,2025,NH4,MT,0.7462346289706685,0.6779324245940404,0.45911775592224013,1.465571841842673,2000,0.5500125075190869,0.5500125075190869,mean_of_replicate_annual_plot_totals,True
ML,full_record_model_only,2025,NH4,ST,0.6707234860629695,0.6148986429458759,0.432752733677505,1.2290670569195021,2000,0.49184433890875284,0.49184433890875284,mean_of_replicate_annual_plot_totals,True
ML,full_record_model_only,2025,NO2,CT,0.3122487297711596,0.28323570926992425,0.19478758533498938,0.5833364299585824,2000,0.22631373760235451,0.22631373760235451,mean_of_replicate_annual_plot_totals,True
ML,full_record_model_only,2025,NO2,MT,0.39002420514450176,0.35388386055885757,0.23173873482613958,0.7681798203928573,2000,0.2852267193172937,0.2852267193172937,mean_of_replicate_annual_plot_totals,True
ML,full_record_model_only,2025,NO2,ST,0.3847333224249384,0.3493896727710757,0.23740917396022881,0.7210137414693572,2000,0.2778749720694609,0.2778749720694609,mean_of_replicate_annual_plot_totals,True
ML,full_record_model_only,2025,NO3,CT,0.1101761264151127,0.09827335144495303,0.05768522370090136,0.2314018334120686,2000,0.0678630525770764,0.0678630525770764,mean_of_replicate_annual_plot_totals,True
ML,full_record_model_only,2025,NO3,MT,0.12043371912572144,0.10445727946733016,0.05839206694908525,0.2818278367060558,2000,0.07397400988494585,0.07397400988494585,mean_of_replicate_annual_plot_totals,True
ML,full_record_model_only,2025,NO3,ST,0.11054273327599938,0.09813997502759611,0.055667972445678046,0.2460603902811499,2000,0.0672563825630806,0.0672563825630806,mean_of_replicate_annual_plot_totals,True
ML,full_record_model_only,2025,OP,CT,0.10695485203737173,0.09630249929429108,0.05692924342184785,0.21693420006004618,2000,0.06810250155260135,0.06810250155260135,mean_of_replicate_annual_plot_totals,True
ML,full_record_model_only,2025,OP,MT,0.13890787282800146,0.12245998166589012,0.07194241915413842,0.3220823573885738,2000,0.0880682721861855,0.0880682721861855,mean_of_replicate_annual_plot_totals,True
ML,full_record_model_only,2025,OP,ST,0.13315937342982354,0.11847163851650859,0.06948214110043832,0.26970284425258767,2000,0.08307805834221854,0.08307805834221854,mean_of_replicate_annual_plot_totals,True
ML,full_record_model_only,2025,Se,CT,0.3170604738253188,0.2896630368123595,0.19948696656057,0.5878626052699193,2000,0.2272251794983117,0.2272251794983117,mean_of_replicate_annual_plot_totals,True
ML,full_record_model_only,2025,Se,MT,0.3950594816852549,0.35731820364687017,0.231342083451655,0.8073349488949338,2000,0.2859693573921151,0.2859693573921151,mean_of_replicate_annual_plot_totals,True
ML,full_record_model_only,2025,Se,ST,0.356346643562672,0.3267531919969221,0.21936693478436703,0.6612450307992637,2000,0.25454127282343975,0.25454127282343975,mean_of_replicate_annual_plot_totals,True
ML,full_record_model_only,2025,TDS,CT,234.00982477860993,211.60564796397722,152.9775789057199,414.6310438676336,2000,174.52766718728992,174.52766718728992,mean_of_replicate_annual_plot_totals,True
ML,full_record_model_only,2025,TDS,MT,287.28141203900446,258.4892848669164,175.53567495066392,546.9162201238281,2000,218.8781725629662,218.8781725629662,mean_of_replicate_annual_plot_totals,True
ML,full_record_model_only,2025,TDS,ST,306.25108406737894,281.60945907925657,196.05218311655776,547.6744521638791,2000,230.30559771182322,230.30559771182322,mean_of_replicate_annual_plot_totals,True
ML,full_record_model_only,2025,TKN,CT,0.3443447780320825,0.30673535148409337,0.1938286175740094,0.7442184567316461,2000,0.2403311385886077,0.2403311385886077,mean_of_replicate_annual_plot_totals,True
ML,full_record_model_only,2025,TKN,MT,0.35516901455890987,0.3150779770954344,0.1896738344045521,0.8330420493608933,2000,0.24518793699475427,0.24518793699475427,mean_of_replicate_annual_plot_totals,True
ML,full_record_model_only,2025,TKN,ST,0.35424392997104537,0.3155285389601553,0.19368077666118227,0.8484532160260354,2000,0.24514733808621736,0.24514733808621736,mean_of_replicate_annual_plot_totals,True
ML,full_record_model_only,2025,TN,CT,0.8568709084770295,0.7827501839648443,0.557623014962972,1.5302068962737745,2000,0.6341207710398769,0.6341207710398769,mean_of_replicate_annual_plot_totals,True
ML,full_record_model_only,2025,TN,MT,0.7883123241304498,0.7146911004240851,0.476696272570929,1.5666406092077105,2000,0.5871480014500008,0.5871480014500008,mean_of_replicate_annual_plot_totals,True
ML,full_record_model_only,2025,TN,ST,0.7648884793686175,0.7018742379438527,0.48643170053188234,1.4666254091717188,2000,0.561473301108328,0.561473301108328,mean_of_replicate_annual_plot_totals,True
ML,full_record_model_only,2025,TP,CT,0.7535750086356311,0.6837848919555881,0.4648018555268215,1.5382493456443564,2000,0.5329853131222384,0.5329853131222384,mean_of_replicate_annual_plot_totals,True
ML,full_record_model_only,2025,TP,MT,1.25847898769092,1.1060549673432458,0.6730539531013356,3.2678604666929374,2000,0.9170479337345239,0.9170479337345239,mean_of_replicate_annual_plot_totals,True
ML,full_record_model_only,2025,TP,ST,1.0519726973002268,0.957216651668819,0.6177676083438123,2.313026613328985,2000,0.7651758714112775,0.7651758714112775,mean_of_replicate_annual_plot_totals,True
ML,full_record_model_only,2025,TSS,CT,468.9281486769842,427.33706504588616,301.47067256535894,892.3234924790518,2000,339.162891195086,339.162891195086,mean_of_replicate_annual_plot_totals,True
ML,full_record_model_only,2025,TSS,MT,848.3756468572225,741.1409281266773,433.16611050369403,2170.644110463874,2000,632.6879196878161,632.6879196878161,mean_of_replicate_annual_plot_totals,True
ML,full_record_model_only,2025,TSS,ST,700.0040758583846,632.8980701913038,410.71104451363493,1574.346161148581,2000,511.73683040435265,511.73683040435265,mean_of_replicate_annual_plot_totals,True
