VolumeObservationID,PhysicalEventID,Volume,MeasureMethod,FlumeMethod,source_row_count,_confirmed_zero,_wq_idx,Date,Year,Irrigation,Rep,Treatment,InflowOutflow,FF,Composite,IrrMethod,Notes,Inflow_Result_mg_L,Inflow_Flag,Inflow_Volume,Has_Inflow,MDL_Provided,RL_Provided,RLMDL_Provided_Units,RLMDL_Method,MDL_mg_L,RL_mg_L,RLMDL_Source,RLMDL_Assumed,PlantDate,HarvestDate,SeasonYear,Crop,previous_crop,CumAll_STIR_toDate,Season_STIR_toDate,Residue_PercentCover,Residue_DryMass_kg_m2,Residue_n,Result_lod_mg_L,Inflow_is_nd,Inflow_Result_mg_L_cens,Inflow_lod_mg_L,cin_z,stir_season_z,stir_cumall_z,volume_z,IRR_z,inflow_volume_z,residue_prop,residue_obs,DayOfYear,DaysSincePlant,DaysUntilHarvest,IrrigationInfrastructure,y_logV,event_weight,Volume_model_pred,Volume_model_pi_low,Volume_model_pi_high,q_conformal_logV,mode,unit_of_analysis
VO_d0c88c1ca8c710600528,PE_eb5dff43057b7e2458f6,11576.43,Transducer,Weir,14,False,0,2011-06-30,2011,1,1,CT,OUT,False,AC,Siphon,"OG Sample IDS: CT1-T1, CT1-T2, CT1-T3. The sample ID has been modifed to fit with the ""modern"" IDs. The values represent the average between the three.",0.01,,55761.14,True,0.34,0.75,MG/L,EPA300.0 [300OPHOS]_W,0.34,0.75,CSU_assumed_from_ALS_pre2023,True,2011-05-04,2011-11-15,2011,grain corn,grain corn,204.1975,204.1975,,0.03242,0,0.75,0,0.01,0.75,-0.2704658744587053,2.62718420703775,-1.1837220442008272,-0.954726883833073,-1.3151477727398646,-1.4059628623185925,,1,181,57,138,Siphon,9.356812792126307,1.0,8665.776762258913,58.27590916245659,1267175.168331218,4.985049261716259,reconstruction,volume_observation_or_prediction_event
VO_4612f012ae936bd0aa49,PE_353c2d3559ff1894d370,7426.17,Transducer,Weir,14,False,3,2011-07-01,2011,1,2,CT,OUT,False,AC,Siphon,"OG Sample IDS: CT2-T1, CT2-T2, CT2-T3. The sample ID has been modifed to fit with the ""modern"" IDs. The values represent the average between the three.",0.01,,52493.88,True,0.34,0.75,MG/L,EPA300.0 [300OPHOS]_W,0.34,0.75,CSU_assumed_from_ALS_pre2023,True,2011-05-04,2011-11-15,2011,grain corn,grain corn,204.1975,204.1975,,0.0418833333333333,0,0.75,0,0.01,0.75,-0.2704658744587053,2.62718420703775,-1.1837220442008272,-1.1419802245933706,-1.3151477727398646,-1.5005142995239609,,1,182,58,137,Siphon,8.912900176864722,1.0,5528.003349226887,36.81529272968948,808398.8781731275,4.985049261716259,reconstruction,volume_observation_or_prediction_event
VO_7cb398553aae942a64d8,PE_effee813e2968c98d235,28720.58,Transducer,Weir,14,False,6,2011-07-18,2011,2,1,CT,OUT,False,AC,Siphon,"OG Sample IDS: CT1 I2 T1, CT1 I2 T2, CT1 I2 T3. The sample ID has been modifed to fit with the ""modern"" IDs. The values represent the average between the three.  CT1 I2 T2 value used in this sheet is the average between the sample and its dupe",0.0,,105994.38,True,0.34,0.75,MG/L,EPA300.0 [300OPHOS]_W,0.34,0.75,CSU_assumed_from_ALS_pre2023,True,2011-05-04,2011-11-15,2011,grain corn,grain corn,204.1975,204.1975,,0.03242,0,0.75,1,,0.75,-0.3885840286996418,2.62718420703775,-1.1837220442008272,-0.1812092338555639,-0.8192234335968713,0.0477399459924095,,1,199,75,120,Siphon,10.265404035576527,1.0,19068.89272167701,129.42740798752206,2788222.8405831167,4.985049261716259,reconstruction,volume_observation_or_prediction_event
VO_db055f1b1a9e3607360d,PE_e2027be3a66d5ec6f4d2,13281.57,Transducer,Weir,14,False,9,2011-07-19,2011,2,2,CT,OUT,False,AC,Siphon,"OG Sample IDS: CT2 I2 T1, CT2 I2 T2, CT2 I2 T3. The sample ID has been modifed to fit with the ""modern"" IDs. The values represent the average between the three.",0.0,,129724.88,True,0.34,0.75,MG/L,EPA300.0 [300OPHOS]_W,0.34,0.75,CSU_assumed_from_ALS_pre2023,True,2011-05-04,2011-11-15,2011,grain corn,grain corn,204.1975,204.1975,,0.0418833333333333,0,0.75,1,,0.75,-0.3885840286996418,2.62718420703775,-1.1837220442008272,-0.8777935925539692,-0.8192234335968713,0.7344783385910998,,1,200,76,119,Siphon,9.494207928403439,1.0,14336.758662374636,97.06225582792443,2096333.8408099741,4.985049261716259,reconstruction,volume_observation_or_prediction_event
VO_1f5230c0b3f7518df0ad,PE_bb93d27303738aac704e,14140.76,Transducer,Weir,14,False,12,2011-07-28,2011,3,1,CT,OUT,,AC,Siphon,,,,101295.36,False,0.34,0.75,MG/L,EPA300.0 [300OPHOS]_W,0.34,0.75,CSU_assumed_from_ALS_pre2023,True,2011-05-04,2011-11-15,2011,grain corn,grain corn,204.1975,204.1975,,0.03242,0,0.75,0,,0.75,,2.62718420703775,-1.1837220442008272,-0.8390282627076848,-0.3232990944538781,-0.0882452815244611,,1,209,85,110,Siphon,9.556887401294683,1.0,15834.35430723567,107.30497302740793,2315298.4643397373,4.985049261716259,reconstruction,volume_observation_or_prediction_event
VO_ac7e56b104ff47e08bce,PE_2a3aa3cb4dc98d611421,30783.41,Transducer,Weir,14,False,15,2011-07-29,2011,3,2,CT,OUT,,AC,Siphon,,,,101612.04,False,0.34,0.75,MG/L,EPA300.0 [300OPHOS]_W,0.34,0.75,CSU_assumed_from_ALS_pre2023,True,2011-05-04,2011-11-15,2011,grain corn,grain corn,204.1975,204.1975,,0.0418833333333333,0,0.75,0,,0.75,,2.62718420703775,-1.1837220442008272,-0.0881375205362623,-0.3232990944538781,-0.079080859613075,,1,210,86,109,Siphon,10.33476367198381,1.0,13744.491004433845,93.01147606804415,2009737.926088351,4.985049261716259,reconstruction,volume_observation_or_prediction_event
VO_040efbc2b7a827eca686,PE_9c5f9c5a27b49810dd29,17607.82,Transducer,Weir,14,False,18,2011-08-09,2011,4,1,CT,OUT,False,AC,Siphon,"OG Sample IDs: CT1 T1 I4, CT1 T2 I4, CT1 T3 I4. The sample ID has been modifed to fit with the ""modern"" IDs. The values represent the average between the three.",0.005,,118514.59,True,0.34,0.75,MG/L,EPA300.0 [300OPHOS]_W,0.34,0.75,CSU_assumed_from_ALS_pre2023,True,2011-05-04,2011-11-15,2011,grain corn,grain corn,204.1975,204.1975,,0.03242,0,0.75,0,0.005,0.75,-0.3295249515791735,2.62718420703775,-1.1837220442008272,-0.6825998539775335,0.1726252446891151,0.410063069837168,,1,221,97,98,Siphon,9.776155191862987,1.0,18171.05821098655,123.28672173720086,2656949.75876028,4.985049261716259,reconstruction,volume_observation_or_prediction_event
VO_2b304428c6dcbd5a8237,PE_18224810febe78929934,4102.0,Ruler,Weir,14,False,21,2011-08-10,2011,4,2,CT,OUT,False,AC,Siphon,"OG Sample IDs: CT2 T1 I4, CT2 T2 I4, CT2 T3 I4. The sample ID has been modifed to fit with the ""modern"" IDs. The values represent the average between the three.",0.005,,115634.34,True,0.34,0.75,MG/L,EPA300.0 [300OPHOS]_W,0.34,0.75,CSU_assumed_from_ALS_pre2023,True,2011-05-04,2011-11-15,2011,grain corn,grain corn,204.1975,204.1975,,0.0418833333333333,0,0.75,0,0.005,0.75,-0.3295249515791735,2.62718420703775,-1.1837220442008272,-1.291961656541046,0.1726252446891151,0.3267113387197294,,1,222,98,97,Siphon,8.319473692442186,1.0,6064.182623542044,40.482459293561305,886794.0667193484,4.985049261716259,reconstruction,volume_observation_or_prediction_event
VO_eb675248db7770dc3a5b,PE_c942eb2a8c33280a651a,23467.0,Transducer,Weir,14,False,27,2011-08-19,2011,5,2,CT,OUT,,AC,Siphon,,,,116630.57,False,0.34,0.75,MG/L,EPA300.0 [300OPHOS]_W,0.34,0.75,CSU_assumed_from_ALS_pre2023,True,2011-05-04,2011-11-15,2011,grain corn,grain corn,204.1975,204.1975,,0.0418833333333333,0,0.75,0,,0.75,,2.62718420703775,-1.1837220442008272,-0.4182426741584569,0.6685495838321084,0.3555412996922585,,1,231,107,88,Siphon,10.06339307004575,1.0,16490.87801129458,111.79522822981058,2411289.3055196772,4.985049261716259,reconstruction,volume_observation_or_prediction_event
VO_1fbdd04864da1dad1ed1,PE_4db4a9a827839c04b347,16597.23,Transducer,Weir,14,False,33,2011-08-29,2011,6,2,CT,OUT,,AC,Siphon,,,,102616.02,False,0.34,0.75,MG/L,EPA300.0 [300OPHOS]_W,0.34,0.75,CSU_assumed_from_ALS_pre2023,True,2011-05-04,2011-11-15,2011,grain corn,grain corn,204.1975,204.1975,,0.0418833333333333,0,0.75,0,,0.75,,2.62718420703775,-1.1837220442008272,-0.7281961187028638,1.1644739229751015,-0.0500266209159872,,1,241,117,78,Siphon,9.717051342153601,1.0,14825.509773760037,100.4050402651204,2167794.5207815617,4.985049261716259,reconstruction,volume_observation_or_prediction_event
VO_c99425cedd2ee5183959,PE_3d00427ca445f880a6d9,0.0,Transducer,7 V,5,True,1147,2012-05-15,2012,1,1,CT,OUT,,AC,Siphon,"CT1 LABELED NO RUNOFF IN OTHER MASTER SHEET, THESE VALUES ARE FROM ""1st irr. (before cultivate) CSU Lab runoff nutrients"". Flagged because samples were taken with a weer in the field, not representative of runoff. Og sample labels ""CT1 I1 T1, T2, T3"" The results are averages of the 3 samples taken at different times. Before cultivation.",0.004,,478986.27,True,0.033,0.05,MG/L,EPA365.2 [365.2TPHOS]_W,0.033,0.05,CSU_assumed_from_ALS_pre2023,True,2012-05-03,2012-11-01,2012,grain corn,grain corn,465.74125,185.33125,,0.0355209043333333,0,0.05,0,0.004,0.05,-0.3808256227879807,2.252114060865137,-0.8648897592091505,-1.4770375804105724,-1.3151477727398646,10.841775090256016,,1,136,12,170,Siphon,0.0,1.0,10.389289609380057,0.0,1664.2368883062302,4.985049261716259,reconstruction,volume_observation_or_prediction_event
VO_6fa3b084b369713f6e78,PE_f38b6915d1b774964a07,0.0,Transducer,7 V,5,True,1150,2012-05-16,2012,1,2,CT,OUT,,AC,Siphon,"CT2 LABELED NO RUNOFF IN OTHER MASTER SHEET, THESE VALUES ARE FROM ""1st irr. (before cultivate) CSU Lab runoff nutrients"". Flagged because samples were taken with a weer in the field, not representative of runoff. Og sample labels ""CT2 I1 T1, T2, T3""",0.004,,442968.75,True,0.033,0.05,MG/L,EPA365.2 [365.2TPHOS]_W,0.033,0.05,CSU_assumed_from_ALS_pre2023,True,2012-05-03,2012-11-01,2012,grain corn,grain corn,465.74125,185.33125,,0.1550003101666666,0,0.05,0,0.004,0.05,-0.3808256227879807,2.252114060865137,-0.8648897592091505,-1.4770375804105724,-1.3151477727398646,9.799461873501578,,1,137,13,169,Siphon,0.0,1.0,0.3291792931274789,0.0,193.3403378087562,4.985049261716259,reconstruction,volume_observation_or_prediction_event
VO_7ef874e81730021c6e6a,PE_aafa6a11b0c8557353ec,7407.0,Ruler,7 V,14,False,42,2012-06-03,2012,2,1,CT,OUT,False,AC,Siphon,"The results are averages of 2 samples taken at different times. Before cultivation. OG Sample IDs ""CT1 I2 T1, T2"". No TSS results in the ""2012 sediment load excel file""",0.0,,110088.74,True,0.34,0.75,MG/L,EPA300.0 [300OPHOS]_W,0.34,0.75,CSU_assumed_from_ALS_pre2023,True,2012-05-03,2012-11-01,2012,grain corn,grain corn,465.74125,185.33125,,0.0355209043333333,0,0.75,1,,0.75,-0.3885840286996418,2.252114060865137,-0.8648897592091505,-1.142845145476008,-0.8192234335968713,0.1662268807439055,,1,155,31,151,Siphon,8.910315776326016,1.0,8300.327058897728,55.776437442564486,1213742.4830866167,4.985049261716259,reconstruction,volume_observation_or_prediction_event
VO_6b403a4f37c4a8fa40ba,PE_8be0ccb81496f8ff17e9,7951.0,Ruler,7 V,14,False,45,2012-06-04,2012,2,2,CT,OUT,False,AC,Siphon,"The results are averages of the 3 samples taken at different times. Before cultivation. OG Sample IDs ""CT2 I2 T1, T2, T3"". No TSS results in the ""2012 sediment load excel file""",0.0,,131764.71,True,0.34,0.75,MG/L,EPA300.0 [300OPHOS]_W,0.34,0.75,CSU_assumed_from_ALS_pre2023,True,2012-05-03,2012-11-01,2012,grain corn,grain corn,467.20375,186.79375000000005,,0.1550003101666666,0,0.75,1,,0.75,-0.3885840286996418,2.281189265994798,-0.8631069132539314,-1.1183007031100836,-0.8192234335968713,0.7935091038667821,,1,156,32,150,Siphon,8.98117874833641,1.0,53.387235599800846,0.0,7950.999999999997,4.985049261716259,reconstruction,volume_observation_or_prediction_event
VO_db80ba9487724bc1dd2f,PE_60e621aab59de9c43cbb,0.0,Transducer,7 V,2,True,4492,2012-06-11,2012,3,1,CT,OUT,,,Siphon,". No TSS results in the ""2012 sediment load excel file""",8.01,,75177.0,True,0.19,0.2,MG/L,EPA300.0 [300Nitrate]_W,0.19,0.2,CSU_assumed_from_ALS_pre2023,True,2012-05-03,2012-11-01,2012,grain corn,grain corn,467.20375,186.79375000000005,,0.0355209043333333,0,0.2,0,8.01,0.2,0.5976197679891903,2.281189265994798,-0.8631069132539314,-1.4770375804105724,-0.3232990944538781,-0.8440861008798867,,1,163,39,143,Siphon,0.0,1.0,575.8221681725081,2.9451412424026855,84336.61765462076,4.985049261716259,reconstruction,volume_observation_or_prediction_event
VO_9abedefc8ca630527854,PE_f9b8b7baabb356e71330,0.0,Transducer,7 V,2,True,4495,2012-06-12,2012,3,2,CT,OUT,,,Siphon,". No TSS results in the ""2012 sediment load excel file""",8.01,,64962.0,True,0.19,0.2,MG/L,EPA300.0 [300Nitrate]_W,0.19,0.2,CSU_assumed_from_ALS_pre2023,True,2012-05-03,2012-11-01,2012,grain corn,grain corn,467.20375,186.79375000000005,,0.1550003101666666,0,0.2,0,8.01,0.2,0.5976197679891903,2.281189265994798,-0.8631069132539314,-1.4770375804105724,-0.3232990944538781,-1.1396986113788488,,1,164,40,142,Siphon,0.0,1.0,12.825228202220964,0.0,2020.3973637678992,4.985049261716259,reconstruction,volume_observation_or_prediction_event
VO_ce75086bb4804d489c56,PE_7adeb58ef3bfbf7a85f9,13880.0,Transducer,7 V,14,False,54,2012-06-26,2012,4,1,CT,OUT,False,AC,Siphon,The results are averages of the 3 samples taken at different times. After cultivation.,,,104096.69,False,0.34,0.75,MG/L,EPA300.0 [300OPHOS]_W,0.34,0.75,CSU_assumed_from_ALS_pre2023,True,2012-05-03,2012-11-01,2012,grain corn,grain corn,485.07875,204.66875000000005,,0.0355209043333333,0,0.75,0,,0.75,,2.6365528842461967,-0.8413165738012539,-0.8507933523976452,0.1726252446891151,-0.0071774211195606,,1,178,54,128,Siphon,9.53827627757511,1.0,14273.339156386477,96.62850185234583,2087061.2255344205,4.985049261716259,reconstruction,volume_observation_or_prediction_event
VO_5c9360406622bc50955e,PE_4a69de0a52f34a5a6663,9625.0,Transducer,7 V,14,False,57,2012-06-27,2012,4,2,CT,OUT,False,AC,Siphon,The results are averages of the 3 samples taken at different times. After cultivation.,,,79589.78,False,0.34,0.75,MG/L,EPA300.0 [300OPHOS]_W,0.34,0.75,CSU_assumed_from_ALS_pre2023,True,2012-05-03,2012-11-01,2012,grain corn,grain corn,485.07875,204.66875000000005,,0.1550003101666666,0,0.75,0,,0.75,,2.6365528842461967,-0.8413165738012539,-1.0427724006825878,0.1726252446891151,-0.7163843902504584,,1,179,55,127,Siphon,9.172223049863055,1.0,9884.479536099392,66.61115499834605,1445362.648365871,4.985049261716259,reconstruction,volume_observation_or_prediction_event
VO_0e8968815f8c55f0f74d,PE_f75a11b118194682cabc,15768.0,Transducer,7 V,14,False,60,2012-07-16,2012,5,1,CT,OUT,False,AC,Siphon,The results are averages of the 3 samples taken at different times. After cultivation.,,,112136.29,False,0.34,0.75,MG/L,EPA300.0 [300OPHOS]_W,0.34,0.75,CSU_assumed_from_ALS_pre2023,True,2012-05-03,2012-11-01,2012,grain corn,grain corn,485.07875,204.66875000000005,,0.0355209043333333,0,0.75,0,,0.75,,2.6365528842461967,-0.8413165738012539,-0.765609699480613,0.6685495838321084,0.2254810555723094,,1,198,74,108,Siphon,9.665801266405587,1.0,16168.080271394598,109.58747210166375,2364092.7970121913,4.985049261716259,reconstruction,volume_observation_or_prediction_event
VO_ae1078005c27acd69870,PE_ee16968217913675b57b,19064.0,Transducer,7 V,14,False,63,2012-07-17,2012,5,2,CT,OUT,False,AC,Siphon,The results are averages of the 3 samples taken at different times. After cultivation.,,,95321.28,False,0.34,0.75,MG/L,EPA300.0 [300OPHOS]_W,0.34,0.75,CSU_assumed_from_ALS_pre2023,True,2012-05-03,2012-11-01,2012,grain corn,grain corn,485.07875,204.66875000000005,,0.1550003101666666,0,0.75,0,,0.75,,2.6365528842461967,-0.8413165738012539,-0.6168992545576586,0.6685495838321084,-0.2611295484575634,,1,199,75,107,Siphon,9.855609472291665,1.0,14874.24478852186,100.73836052792359,2174920.105178564,4.985049261716259,reconstruction,volume_observation_or_prediction_event
VO_ce6a578f40448da7b6a0,PE_b8e71db51ca3429eec1c,10219.0,Ruler,7 V,14,False,66,2012-07-24,2012,6,1,CT,OUT,,,Siphon,,,,105189.05,False,0.34,0.75,MG/L,EPA300.0 [300OPHOS]_W,0.34,0.75,ALS_pre2023,False,2012-05-03,2012-11-01,2012,grain corn,grain corn,485.07875,204.66875000000005,,0.0355209043333333,0,0.75,0,,0.75,,2.6365528842461967,-0.8413165738012539,-1.0159720353050894,1.1644739229751015,0.0244344518093327,,1,206,82,100,Siphon,9.232101863757695,1.0,9720.34078703736,65.48853769247415,1421363.7942570578,4.985049261716259,reconstruction,volume_observation_or_prediction_event
VO_685e8c80c86cb41d725c,PE_4751c90d60939eb922d5,6527.0,Ruler,7 V,14,False,72,2012-07-31,2012,7,1,CT,OUT,False,AC,Siphon,The results are averages of the 3 samples taken at different times. After cultivation.,,,104059.53,False,0.34,0.75,MG/L,EPA300.0 [300OPHOS]_W,0.34,0.75,CSU_assumed_from_ALS_pre2023,True,2012-05-03,2012-11-01,2012,grain corn,grain corn,485.07875,204.66875000000005,,0.0355209043333333,0,0.75,0,,0.75,,2.6365528842461967,-0.8413165738012539,-1.1825493904797095,1.6603982621180948,-0.0082527966349931,,1,213,89,93,Siphon,8.783855896643942,1.0,9163.117425306968,61.677441332295096,1339891.7333292856,4.985049261716259,reconstruction,volume_observation_or_prediction_event
VO_0303486dca9e4b8dfc01,PE_cb393e3c4e62f154fa4e,16037.0,Transducer,7 V,14,False,75,2012-08-01,2012,7,2,CT,OUT,False,AC,Siphon,The results are averages of the 3 samples taken at different times. After cultivation.,,,95881.53,False,0.34,0.75,MG/L,EPA300.0 [300OPHOS]_W,0.34,0.75,CSU_assumed_from_ALS_pre2023,True,2012-05-03,2012-11-01,2012,grain corn,grain corn,485.07875,204.66875000000005,,0.1550003101666666,0,0.75,0,,0.75,,2.6365528842461967,-0.8413165738012539,-0.7534728336783452,1.6603982621180948,-0.2449164394015631,,1,214,90,92,Siphon,9.682716185366974,1.0,13188.283488916273,89.20732752820082,1928414.3928251176,4.985049261716259,reconstruction,volume_observation_or_prediction_event
VO_fceccfc6e066b58401dd,PE_67b65cc7136b7e76f90c,5919.0,Ruler,7 V,14,False,78,2012-08-08,2012,8,1,CT,OUT,,,Siphon,,,,103049.18,False,0.34,0.75,MG/L,EPA300.0 [300OPHOS]_W,0.34,0.75,ALS_pre2023,False,2012-05-03,2012-11-01,2012,grain corn,grain corn,485.07875,204.66875000000005,,0.0355209043333333,0,0.75,0,,0.75,,2.6365528842461967,-0.8413165738012539,-1.2099814143004488,2.1563226012610883,-0.0374913771521373,,1,221,97,85,Siphon,8.68609172787805,1.0,7013.218802697102,46.9733363393914,1025553.3842947512,4.985049261716259,reconstruction,volume_observation_or_prediction_event
VO_d9d455884c03f99598be,PE_0deb19753fbaad61c1e5,4758.0,Ruler,7 V,14,False,84,2012-08-19,2012,9,1,CT,OUT,,,Siphon,,,,113946.0,False,0.34,0.75,MG/L,EPA300.0 [300OPHOS]_W,0.34,0.75,ALS_pre2023,False,2012-05-03,2012-11-01,2012,grain corn,grain corn,485.07875,204.66875000000005,,0.0355209043333333,0,0.75,0,,0.75,,2.6365528842461967,-0.8413165738012539,-1.2623639466291958,2.6522469404040816,0.2778523640769672,,1,232,108,74,Siphon,8.46779284112111,1.0,5221.298644719099,34.71760396917233,763555.344881745,4.985049261716259,reconstruction,volume_observation_or_prediction_event
VO_117e728913e33040a415,PE_108e6c24fd5b69e0d847,18085.0,Transducer,7 V,14,False,87,2012-08-20,2012,9,2,CT,OUT,,,Siphon,,,,89521.56,False,0.34,0.75,MG/L,EPA300.0 [300OPHOS]_W,0.34,0.75,ALS_pre2023,False,2012-05-03,2012-11-01,2012,grain corn,grain corn,485.07875,204.66875000000005,,0.1550003101666666,0,0.75,0,,0.75,,2.6365528842461967,-0.8413165738012539,-0.6610702271242764,2.6522469404040816,-0.4289680006740138,,1,233,109,73,Siphon,9.802893437300426,1.0,13348.54242389021,90.30340907415162,1951845.9762997779,4.985049261716259,reconstruction,volume_observation_or_prediction_event
VO_c31bb1c1cff37e2edff2,PE_f906e757a7a81d0d8559,3753.0,Ruler,7 V,14,False,90,2012-08-30,2012,10,1,CT,OUT,,,Siphon,,,,82991.51,False,0.34,0.75,MG/L,EPA300.0 [300OPHOS]_W,0.34,0.75,ALS_pre2023,False,2012-05-03,2012-11-01,2012,grain corn,grain corn,485.07875,204.66875000000005,,0.0355209043333333,0,0.75,0,,0.75,,2.6365528842461967,-0.8413165738012539,-1.307707999161832,3.148171279547075,-0.6179415174810376,,1,243,119,63,Siphon,8.230577217146454,1.0,4948.423253994736,32.85128880761378,723658.0218589864,4.985049261716259,reconstruction,volume_observation_or_prediction_event
VO_6ee2f81dd9c6334fbe25,PE_86afab250347afb52534,26764.0,Transducer,7 V,14,False,93,2012-08-31,2012,10,2,CT,OUT,,,Siphon,,,,89018.96,False,0.34,0.75,MG/L,EPA300.0 [300OPHOS]_W,0.34,0.75,ALS_pre2023,False,2012-05-03,2012-11-01,2012,grain corn,grain corn,485.07875,204.66875000000005,,0.1550003101666666,0,0.75,0,,0.75,,2.6365528842461967,-0.8413165738012539,-0.269487110775271,3.148171279547075,-0.4435127728499096,,1,244,120,62,Siphon,10.19485034282748,1.0,11340.730864392508,76.57110017998598,1658282.2872274069,4.985049261716259,reconstruction,volume_observation_or_prediction_event
VO_8605cb1007c5d4986dda,PE_16c1871b6c88d0573bc4,17620.0,Transducer,7 V,14,False,105,2013-07-03,2013,2,2,CT,OUT,False,AC,Siphon,The analyte values are averages of 6 samples over the irrigation period,,,104886.19,False,0.34,0.75,MG/L,EPA300.0 [300OPHOS]_W,0.34,0.75,CSU_assumed_from_ALS_pre2023,True,2013-05-14,2013-09-30,2013,silage corn,grain corn,679.185,54.51874999999996,,,0,0.75,0,,0.75,,-0.3485015090655527,-0.6046932967446789,-0.682050311131914,-0.8192234335968713,0.0156699677241917,,1,184,50,89,Siphon,9.77684665156873,1.0,20398.089916908615,138.518373910014,2982565.795872435,4.985049261716259,reconstruction,volume_observation_or_prediction_event
VO_c0677f2934c5c039c4ae,PE_7da75e413cd5302074ca,12709.0,Transducer,7 V,14,False,108,2013-07-11,2013,3,1,CT,OUT,,,Siphon,"This date was determined by the ""2013_DataLogger"" file, assumed to be soil moisture sensors",,,87604.56,False,0.34,0.75,MG/L,EPA300.0 [300OPHOS]_W,0.34,0.75,CSU_assumed_from_ALS_pre2023,True,2013-05-14,2013-09-30,2013,silage corn,grain corn,679.185,54.51874999999996,,,0,0.75,0,,0.75,,-0.3485015090655527,-0.6046932967446789,-0.903627069328707,-0.3232990944538781,-0.4844441810584006,,1,192,58,81,Siphon,9.4501443641835,1.0,16590.165473475663,112.47429897902447,2425806.202555475,4.985049261716259,reconstruction,volume_observation_or_prediction_event
VO_583901bb09f4155782cd,PE_295d1c30c719a3b18766,15886.0,Transducer,7 V,14,False,111,2013-07-12,2013,3,2,CT,OUT,,,Siphon,"This date was determined by the ""2013_DataLogger"" file, assumed to be soil moisture sensors",,,131657.14,False,0.34,0.75,MG/L,EPA300.0 [300OPHOS]_W,0.34,0.75,CSU_assumed_from_ALS_pre2023,True,2013-05-14,2013-09-30,2013,silage corn,grain corn,679.185,54.51874999999996,,,0,0.75,0,,0.75,,-0.3485015090655527,-0.6046932967446789,-0.7602857211732985,-0.3232990944538781,0.7903961290499082,,1,193,59,80,Siphon,9.673256443720023,1.0,12206.22667547601,82.49060779920619,1784827.1026392274,4.985049261716259,reconstruction,volume_observation_or_prediction_event
VO_13c56e0ea6f9a257accc,PE_bc61de5f5289bc8f0b3a,6754.0,Transducer,7 V,14,False,114,2013-07-30,2013,4,1,CT,OUT,False,AC,Siphon,The analyte values are averages of 6 samples over the irrigation period. Farm logic date reports 7/30,,,108000.0,False,0.34,0.75,MG/L,EPA300.0 [300OPHOS]_W,0.34,0.75,CSU_assumed_from_ALS_pre2023,True,2013-05-14,2013-09-30,2013,silage corn,grain corn,679.185,54.51874999999996,,,0,0.75,0,,0.75,,-0.3485015090655527,-0.6046932967446789,-1.172307500007164,0.1726252446891151,0.1057807059832981,,1,211,77,62,Siphon,8.818038250394299,1.0,17048.46782548791,115.6088309200246,2492814.9457469517,4.985049261716259,reconstruction,volume_observation_or_prediction_event
VO_f62d1747ef4b95a87190,PE_61fa0908770aa6396ea4,8443.0,Transducer,7 V,14,False,117,2013-07-31,2013,4,2,CT,OUT,False,AC,Siphon,The analyte values are averages of 6 samples over the irrigation period,,,109714.29,False,0.34,0.75,MG/L,EPA300.0 [300OPHOS]_W,0.34,0.75,CSU_assumed_from_ALS_pre2023,True,2013-05-14,2013-09-30,2013,silage corn,grain corn,679.185,54.51874999999996,,,0,0.75,0,,0.75,,-0.3485015090655527,-0.6046932967446789,-1.096102420676196,0.1726252446891151,0.1553906492650665,,1,212,78,61,Siphon,9.041211408968211,1.0,12997.17209561385,87.90023241082845,1900471.8474322343,4.985049261716259,reconstruction,volume_observation_or_prediction_event
VO_11921446bcb80f3de126,PE_bdb517003be53eb827c7,3573.0,Transducer,7 V,14,False,120,2013-08-08,2013,5,1,CT,OUT,,,Siphon,,,,,False,0.34,0.75,MG/L,EPA300.0 [300OPHOS]_W,0.34,0.75,CSU_assumed_from_ALS_pre2023,True,2013-05-14,2013-09-30,2013,silage corn,grain corn,679.185,54.51874999999996,,,0,0.75,0,,0.75,,-0.3485015090655527,-0.6046932967446789,-1.3158293220034982,0.6685495838321084,,,1,220,86,53,Siphon,8.181440695719374,1.0,16986.993393524946,115.18838016366975,2483826.721256805,4.985049261716259,reconstruction,volume_observation_or_prediction_event
VO_79b6262ab97202aa2f57,PE_8a44608bbee90371be07,23134.0,Transducer,7 V,14,False,123,2013-08-09,2013,5,2,CT,OUT,,,Siphon,,,,,False,0.34,0.75,MG/L,EPA300.0 [300OPHOS]_W,0.34,0.75,CSU_assumed_from_ALS_pre2023,True,2013-05-14,2013-09-30,2013,silage corn,grain corn,679.185,54.51874999999996,,,0,0.75,0,,0.75,,-0.3485015090655527,-0.6046932967446789,-0.4332671214155394,0.6685495838321084,,,1,221,87,52,Siphon,10.0491019013411,1.0,15823.145592125764,107.22831168064566,2313659.6293893857,4.985049261716259,reconstruction,volume_observation_or_prediction_event
VO_483ca00f8c2c20f39602,PE_d215a572500c05338ac0,20902.0,Transducer,7 V,14,False,126,2013-08-19,2013,6,1,CT,OUT,False,AC,Siphon,The analyte values are averages of 6 samples over the irrigation period,,,108000.0,False,0.34,0.75,MG/L,EPA300.0 [300OPHOS]_W,0.34,0.75,CSU_assumed_from_ALS_pre2023,True,2013-05-14,2013-09-30,2013,silage corn,grain corn,679.185,54.51874999999996,,,0,0.75,0,,0.75,,-0.3485015090655527,-0.6046932967446789,-0.5339715246522003,1.1644739229751015,0.1057807059832981,,1,231,97,42,Siphon,9.947647968321782,1.0,22113.523741913516,150.25098251117208,3233380.7090777117,4.985049261716259,reconstruction,volume_observation_or_prediction_event
VO_b5eb51affdcf8ebdc5dc,PE_aff676165fb4dcb5d27b,30421.0,Transducer,7 V,14,False,129,2013-08-20,2013,6,2,CT,OUT,False,AC,Siphon,The analyte values are averages of 6 samples over the irrigation period,,,102400.0,False,0.34,0.75,MG/L,EPA300.0 [300OPHOS]_W,0.34,0.75,CSU_assumed_from_ALS_pre2023,True,2013-05-14,2013-09-30,2013,silage corn,grain corn,679.185,54.51874999999996,,,0,0.75,0,,0.75,,-0.3485015090655527,-0.6046932967446789,-0.1044889017087526,1.1644739229751015,-0.0562780369236218,,1,232,98,41,Siphon,10.322921309871688,1.0,16276.929941296883,110.33194300733982,2380007.791872973,4.985049261716259,reconstruction,volume_observation_or_prediction_event
VO_02e4c4ac9a49ff9bea15,PE_281718fc1268e6c53100,34505.0,Transducer,7 V,14,False,132,2013-08-28,2013,7,1,CT,OUT,,,Siphon,,,,,False,0.34,0.75,MG/L,EPA300.0 [300OPHOS]_W,0.34,0.75,CSU_assumed_from_ALS_pre2023,True,2013-05-14,2013-09-30,2013,silage corn,grain corn,679.185,54.51874999999996,,,0,0.75,0,,0.75,,-0.3485015090655527,-0.6046932967446789,0.0797748898766072,1.6603982621180948,,,1,240,106,33,Siphon,10.448888500941809,1.0,21150.580861970462,143.66499140445507,3092588.081968434,4.985049261716259,reconstruction,volume_observation_or_prediction_event
VO_5d040708c6377a6ebf2f,PE_113a8fea8ac59190d119,43131.0,Transducer,7 V,14,False,135,2013-08-29,2013,7,2,CT,OUT,,,Siphon,,,,,False,0.34,0.75,MG/L,EPA300.0 [300OPHOS]_W,0.34,0.75,CSU_assumed_from_ALS_pre2023,True,2013-05-14,2013-09-30,2013,silage corn,grain corn,679.185,54.51874999999996,,,0,0.75,0,,0.75,,-0.3485015090655527,-0.6046932967446789,0.4689667278333442,1.6603982621180948,,,1,241,107,32,Siphon,10.672020460001963,1.0,12400.38919626062,83.81857092327105,1813215.7557533577,4.985049261716259,reconstruction,volume_observation_or_prediction_event
VO_7c37c3f7b85bbc57a2c0,PE_911994332227161310e5,44359.44,Bubbler,7 V,56,False,138,2014-07-01,2014,1,1,CT,OUT,True,FALSE,Siphon,OG sample ID CT1 I1 S1 - S1= the first first samplable water  through flume.,0.003,,126691.33,True,0.34,0.75,MG/L,EPA300.0 [300OPHOS]_W,0.34,0.75,CSU_assumed_from_ALS_pre2023,True,2014-05-06,2014-12-02,2014,grain corn,silage corn,872.43,76.71624999999995,,,0,0.75,0,0.003,0.75,-0.3531485824273609,0.0927954932357291,-0.3691199178617326,0.5243920491201023,-1.3151477727398646,0.6466902493865841,,1,182,56,154,Siphon,10.700103360260918,1.0,10260.109232052739,69.18025217793561,1500283.7582417321,4.985049261716259,reconstruction,volume_observation_or_prediction_event
VO_392a795f2cf736d21fa4,PE_7bdf91659bc8dae67268,67070.2,Bubbler,7 V,56,False,148,2014-07-02,2014,1,2,CT,OUT,True,FALSE,Siphon,OG sample ID CT2 I1 S1 - S1= the first first samplable water  through flume.,0.003,,136319.18,True,0.34,0.75,MG/L,EPA300.0 [300OPHOS]_W,0.34,0.75,CSU_assumed_from_ALS_pre2023,True,2014-05-06,2014-12-02,2014,grain corn,silage corn,872.43,76.71624999999995,,,0,0.75,0,0.003,0.75,-0.3531485824273609,0.0927954932357291,-0.3691199178617326,1.549066571006764,-1.3151477727398646,0.9253111900823678,,1,183,57,153,Siphon,11.11351002068861,1.0,646.6675270285756,3.4296839012630205,94694.97265116542,4.985049261716259,reconstruction,volume_observation_or_prediction_event
VO_f0b2b09b6cfe9aab8971,PE_dbe708228bee0bf37bb2,10627.9,Transducer,7 V,14,False,158,2014-07-21,2014,2,1,CT,OUT,,,Siphon,,,,104096.39,False,0.34,0.75,MG/L,EPA300.0 [300OPHOS]_W,0.34,0.75,ALS_pre2023,False,2014-05-06,2014-12-02,2014,grain corn,silage corn,872.43,76.71624999999995,,,0,0.75,0,,0.75,,0.0927954932357291,-0.3691199178617326,-0.9975230969164378,-0.8192234335968713,-0.0071861028379307,,1,202,76,134,Siphon,9.271331985266537,1.0,12016.759580308888,81.1947587620754,1757124.971355054,4.985049261716259,reconstruction,volume_observation_or_prediction_event
VO_1dc9a70a419b15507737,PE_9c79c529e5c026f4ff3b,7867.88,Transducer,7 V,14,False,161,2014-07-22,2014,2,2,CT,OUT,,,Siphon,,,,95319.15,False,0.34,0.75,MG/L,EPA300.0 [300OPHOS]_W,0.34,0.75,ALS_pre2023,False,2014-05-06,2014-12-02,2014,grain corn,silage corn,872.43,76.71624999999995,,,0,0.75,0,,0.75,,0.0927954932357291,-0.3691199178617326,-1.122050949524524,-0.8192234335968713,-0.2611911886579907,,1,203,77,133,Siphon,8.970671018704637,1.0,12995.980638796207,87.89208351210509,1900297.6436046374,4.985049261716259,reconstruction,volume_observation_or_prediction_event
VO_a4bd8f7064a8be3ed8c2,PE_d93aa4a344e50a56ed34,22785.7,Bubbler,7 V,56,False,164,2014-08-04,2014,3,1,CT,OUT,True,FALSE,Siphon,OG sample ID CT1 I3 S1 - S1= the first first samplable water  through flume.,,,112956.41,False,0.34,0.75,MG/L,EPA300.0 [300OPHOS]_W,0.34,0.75,CSU_assumed_from_ALS_pre2023,True,2014-05-06,2014-12-02,2014,grain corn,silage corn,872.43,76.71624999999995,,,0,0.75,0,,0.75,,0.0927954932357291,-0.3691199178617326,-0.4489818811141635,-0.3232990944538781,0.2492145584710281,,1,216,90,120,Siphon,10.033932311404115,1.0,22327.869541282616,151.7169879802509,3264720.3750450206,4.985049261716259,reconstruction,volume_observation_or_prediction_event
VO_178584976151871a6cfc,PE_c4d07b74212554f5c722,35177.79,Bubbler,7 V,56,False,173,2014-08-05,2014,3,2,CT,OUT,True,FALSE,Siphon,OG sample ID CT2 I3 S1 - S1= the first first samplable water  through flume.,,,89737.01,False,0.34,0.75,MG/L,EPA300.0 [300OPHOS]_W,0.34,0.75,CSU_assumed_from_ALS_pre2023,True,2014-05-06,2014-12-02,2014,grain corn,silage corn,872.43,76.71624999999995,,,0,0.75,0,,0.75,,0.0927954932357291,-0.3691199178617326,0.1101301387357439,-0.3232990944538781,-0.4227330799312825,,1,217,91,119,Siphon,10.46819862315769,1.0,26193.03529029537,178.15256144904333,3829849.264152632,4.985049261716259,reconstruction,volume_observation_or_prediction_event
VO_9566a136315383b86dbd,PE_e85ad6887666a074058e,16189.58,Transducer,7 V,42,False,182,2014-08-17,2014,4,1,CT,OUT,False,AC,Siphon,"TSS value  is an average of CT1 I4 S2,S3,S4,S5,S6,S7,S15",,,120960.0,False,0.34,0.75,MG/L,EPA300.0 [300OPHOS]_W,0.34,0.75,ALS_pre2023,False,2014-05-06,2014-12-02,2014,grain corn,silage corn,872.43,76.71624999999995,,,0,0.75,0,,0.75,,0.0927954932357291,-0.3691199178617326,-0.7465886590162262,0.1726252446891151,0.4808309395678845,,1,229,103,107,Siphon,9.692184870613072,1.0,20482.373167114347,139.09482423522223,2994888.915410403,4.985049261716259,reconstruction,volume_observation_or_prediction_event
VO_e8d54f6c2d7d3a621420,PE_7dca417bbe6dbe5dc2dd,70208.72,Transducer,7 V,28,False,188,2014-08-18,2014,4,2,CT,OUT,False,AC,Siphon,"TSS value  is an average of CT2 I4 S1, S2,S3,S4,S5,S6,S7,S8,S9,S10,S11,S12,S15,S16",,,,False,0.34,0.75,MG/L,EPA300.0 [300OPHOS]_W,0.34,0.75,ALS_pre2023,False,2014-05-06,2014-12-02,2014,grain corn,silage corn,872.43,76.71624999999995,,,0,0.75,0,,0.75,,0.0927954932357291,-0.3691199178617326,1.6906717608124655,0.1726252446891151,,,1,230,104,106,Siphon,11.15924204196745,1.0,40322.73946881267,274.7918408897515,5895764.297127409,4.985049261716259,reconstruction,volume_observation_or_prediction_event
VO_e64400a0f1af7f677c8d,PE_3a1b2aead714782c97f0,20881.85,Bubbler,7 V,28,False,199,2015-07-06,2015,1,1,CT,OUT,False,AC,Siphon,"Analytical composite. Average of CT1 I1 bottles 2, 4, 6, 8",0.0,,139707.11,True,0.34,0.75,MG/L,EPA300.0 [300OPHOS]_W,0.34,0.75,CSU_assumed_from_ALS_pre2023,True,2015-04-30,2015-11-16,2015,grain corn,grain corn,1097.33,187.6874999999999,4.0,0.0528947365,2,0.75,1,,0.75,-0.3885840286996418,2.2989574469073646,-0.0949578287480449,-0.5348806616258647,-1.3151477727398646,1.023354703806768,0.04,1,187,67,133,Siphon,9.946683526934956,1.0,11287.253342084932,76.20534381617362,1650463.2971151127,4.985049261716259,reconstruction,volume_observation_or_prediction_event
VO_9b12118f70246b141988,PE_61f88f331fb5732c3896,6831.93,Bubbler,7 V,28,False,205,2015-07-07,2015,1,2,CT,OUT,False,AC,Siphon,"Analytical composite. Average of CT2 I1 bottles 2, 4, 6",0.0,,114349.32,True,0.34,0.75,MG/L,EPA300.0 [300OPHOS]_W,0.34,0.75,CSU_assumed_from_ALS_pre2023,True,2015-04-30,2015-11-16,2015,grain corn,grain corn,1097.33,187.6874999999999,3.0,0.035526316,2,0.75,1,,0.75,-0.3885840286996418,2.2989574469073646,-0.0949578287480449,-1.1687914184013246,-1.3151477727398646,0.2895240662536136,0.03,1,188,68,132,Siphon,8.829508850326139,1.0,10951.125755739193,73.90641898843494,1601317.8213956023,4.985049261716259,reconstruction,volume_observation_or_prediction_event
VO_7fc224193a58587f3e30,PE_ba52bc1fb67fd667fce4,25946.18,Bubbler,7 V,28,False,211,2015-07-20,2015,2,1,CT,OUT,False,AC,Siphon,"Analytical composite. Average of CT1 I 2 bottles 2, 4, 6, 8, 10",0.0,,92689.66,True,0.34,0.75,MG/L,EPA300.0 [300OPHOS]_W,0.34,0.75,CSU_assumed_from_ALS_pre2023,True,2015-04-30,2015-11-16,2015,grain corn,grain corn,1097.33,187.6874999999999,4.0,0.0528947365,2,0.75,1,,0.75,-0.3885840286996418,2.2989574469073646,-0.0949578287480449,-0.306385889921779,-0.8192234335968713,-0.337286160780547,0.04,1,201,81,119,Siphon,10.163818212168735,1.0,25894.096972468054,176.10799043276035,3786141.2602957212,4.985049261716259,reconstruction,volume_observation_or_prediction_event
VO_b641217ef1757d8e87d7,PE_8c47e46eea482a065f61,25518.47,Bubbler,7 V,28,False,217,2015-07-21,2015,2,2,CT,OUT,False,AC,Siphon,"Analytical composite. Average of CT2 I 2 bottles 2, 4, 6, 8, 10. Original Ortho P values, 0.03,0.01,0.01,0,0. Any average with a 0 or negative value is changed to U",0.0,,95545.02,True,0.34,0.75,MG/L,EPA300.0 [300OPHOS]_W,0.34,0.75,CSU_assumed_from_ALS_pre2023,True,2015-04-30,2015-11-16,2015,grain corn,grain corn,1097.33,187.6874999999999,3.0,0.035526316,2,0.75,1,,0.75,-0.3885840286996418,2.2989574469073646,-0.0949578287480449,-0.3256835065473848,-0.8192234335968713,-0.2546547228972071,0.03,1,202,82,118,Siphon,10.147196969217989,1.0,19662.58147549364,133.4879072489377,2875026.5348375663,4.985049261716259,reconstruction,volume_observation_or_prediction_event
VO_4fc68ac4e89cb2da47f3,PE_33a1816a64d56b831e43,26669.11,Bubbler,7 V,28,False,223,2015-07-30,2015,3,1,CT,OUT,False,TRUE,Siphon,,0.02,,101476.51,True,0.34,0.75,MG/L,EPA300.0 [300OPHOS]_W,0.34,0.75,CSU_assumed_from_ALS_pre2023,True,2015-04-30,2015-11-16,2015,grain corn,grain corn,1097.33,187.6874999999999,4.0,0.0528947365,2,0.75,0,0.02,0.75,-0.1523477202177687,2.2989574469073646,-0.0949578287480449,-0.273768401466636,-0.3232990944538781,-0.0830029705820347,0.04,1,211,91,109,Siphon,10.191298741651993,1.0,21465.762953032645,145.8206607509637,3138671.100538616,4.985049261716259,reconstruction,volume_observation_or_prediction_event
VO_db479d7eb853fceb1239,PE_0ac037599b952c8d4e61,20056.72,Bubbler,7 V,28,False,229,2015-07-31,2015,3,2,CT,OUT,False,TRUE,Siphon,,0.02,,91015.8,True,0.34,0.75,MG/L,EPA300.0 [300OPHOS]_W,0.34,0.75,CSU_assumed_from_ALS_pre2023,True,2015-04-30,2015-11-16,2015,grain corn,grain corn,1097.33,187.6874999999999,3.0,0.035526316,2,0.75,0,0.02,0.75,-0.1523477202177687,2.2989574469073646,-0.0949578287480449,-0.5721092567166648,-0.3232990944538781,-0.3857260978166501,0.03,1,212,92,108,Siphon,9.90636939603332,1.0,19105.98522927022,129.6811000083293,2793646.164955615,4.985049261716259,reconstruction,volume_observation_or_prediction_event
VO_e8c2fbed4138e632f7af,PE_85b00c084eec1a8bfe9b,43459.37,Bubbler,7 V,14,False,235,2015-08-06,2015,4,1,CT,OUT,False,TRUE,Siphon,,,,119825.33,False,0.34,0.75,MG/L,EPA300.0 [300OPHOS]_W,0.34,0.75,CSU_assumed_from_ALS_pre2023,True,2015-04-30,2015-11-16,2015,grain corn,grain corn,1097.33,187.6874999999999,4.0,0.0528947365,2,0.75,0,,0.75,,2.2989574469073646,-0.0949578287480449,0.4837822766195551,0.1726252446891151,0.4479946549582068,0.04,1,218,98,102,Siphon,10.679604767349883,1.0,28180.921852800802,191.7485944999313,4120499.703924222,4.985049261716259,reconstruction,volume_observation_or_prediction_event
VO_ec546a7faff785f523cd,PE_15262e7212aa6e0e7e7f,2978.8,Bubbler,7 V,14,False,238,2015-08-07,2015,4,2,CT,OUT,False,TRUE,Siphon,,,,98665.6,False,0.34,0.75,MG/L,EPA300.0 [300OPHOS]_W,0.34,0.75,CSU_assumed_from_ALS_pre2023,True,2015-04-30,2015-11-16,2015,grain corn,grain corn,1097.33,187.6874999999999,3.0,0.035526316,2,0.75,0,,0.75,,2.2989574469073646,-0.0949578287480449,-1.3426387110730431,0.1726252446891151,-0.1643480671935506,0.03,1,219,99,101,Siphon,7.999611463153239,1.0,16321.863977163555,110.63926669888039,2386577.632190672,4.985049261716259,reconstruction,volume_observation_or_prediction_event
VO_05a9b30e8682db67d559,PE_5b270b9e30176b54bd7b,23364.81,Bubbler,7 V,28,False,241,2015-08-16,2015,5,1,CT,OUT,False,AC,Siphon,"Analytical composite. Average of CT1 I 5 bottles 2, 4, 6, 8, 10",0.01,,102988.51,True,0.34,0.75,MG/L,EPA300.0 [300OPHOS]_W,0.34,0.75,CSU_assumed_from_ALS_pre2023,True,2015-04-30,2015-11-16,2015,grain corn,grain corn,1097.33,187.6874999999999,4.0,0.0528947365,2,0.75,0,0.01,0.75,-0.2704658744587053,2.2989574469073646,-0.0949578287480449,-0.4228533296095117,0.6685495838321084,-0.0392471099971663,0.04,1,228,108,92,Siphon,10.059029121770953,1.0,23879.184536083663,162.3271155093943,3491539.346493223,4.985049261716259,reconstruction,volume_observation_or_prediction_event
VO_18c91c183e37724ca6ae,PE_0a33e44459bdebccf586,28705.44,Bubbler,7 V,28,False,247,2015-08-17,2015,5,2,CT,OUT,False,AC,Siphon,"Analytical composite. Average of CT2 I 5 bottles 2, 4, 6, 8, 10",0.01,,91914.89,True,0.34,0.75,MG/L,EPA300.0 [300OPHOS]_W,0.34,0.75,CSU_assumed_from_ALS_pre2023,True,2015-04-30,2015-11-16,2015,grain corn,grain corn,1097.33,187.6874999999999,3.0,0.035526316,2,0.75,0,0.01,0.75,-0.2704658744587053,2.2989574469073646,-0.0949578287480449,-0.1818923273434686,0.6685495838321084,-0.3597072772523318,0.03,1,229,109,91,Siphon,10.26487676681989,1.0,25831.821034689114,175.68205782458858,3777035.847017096,4.985049261716259,reconstruction,volume_observation_or_prediction_event
VO_25082beb268367197718,PE_e737f9d7e0143cfe8408,21438.24,Bubbler,7 V,28,False,253,2015-08-31,2015,6,1,CT,OUT,False,AC,Siphon,"Analytical composite. Average of CT1 I 6 bottles 1, 2, 3, 4, 5. Original NH4 values, 0.02,0,0,0,0",0.0,,110769.23,True,0.34,0.75,MG/L,EPA300.0 [300OPHOS]_W,0.34,0.75,CSU_assumed_from_ALS_pre2023,True,2015-04-30,2015-11-16,2015,grain corn,grain corn,1097.33,187.6874999999999,4.0,0.0528947365,2,0.75,1,,0.75,-0.3885840286996418,2.2989574469073646,-0.0949578287480449,-0.509777201537672,1.1644739229751015,0.185919622522607,0.04,1,243,123,77,Siphon,9.972978166795258,1.0,22746.72033314638,154.5816932994483,3325960.874955864,4.985049261716259,reconstruction,volume_observation_or_prediction_event
VO_497b97559e2ac3763f8f,PE_1e5fed78307070c831bb,18890.94,Bubbler,7 V,28,False,259,2015-09-01,2015,6,2,CT,OUT,False,AC,Siphon,"Analytical composite. Average of CT2 I 6 bottles 1, 2, 3, 4, 5",0.01,,110566.73,True,0.34,0.75,MG/L,EPA300.0 [300OPHOS]_W,0.34,0.75,CSU_assumed_from_ALS_pre2023,True,2015-04-30,2015-11-16,2015,grain corn,grain corn,1097.33,187.6874999999999,3.0,0.035526316,2,0.75,0,0.01,0.75,-0.2704658744587053,2.2989574469073646,-0.0949578287480449,-0.6247074552853183,1.1644739229751015,0.1800594626228478,0.03,1,244,124,76,Siphon,9.846490655063473,1.0,22272.328066865888,151.3371153375619,3256599.612890243,4.985049261716259,reconstruction,volume_observation_or_prediction_event
VO_4f7c62c78718474ba2ef,PE_2b4838daed1cf37dc2d0,57325.34,Bubbler,7 V,28,False,265,2016-06-07,2016,1,1,CT,OUT,False,AC,Siphon,"Analytical composite. Average of CT1 I1 Time 1, 2, 3, 4, 5, 6, 7, 8, 9, 20, 7-D. TP, TKN, TSP average of CT I1 T1, 5, 10, 7-D. Original ammonium values, 0.77,0,0.01,0.01,0,0.06,0.05,0.11,0.05,0.03,0.04",0.0,,259697.49,True,0.34,0.75,MG/L,EPA300.0 [300OPHOS]_W,0.34,0.75,CSU_assumed_from_ALS_pre2023,True,2016-03-03,2016-07-25,2016,barley,grain corn,1349.80625,47.36875000000009,26.0,0.005672515,2,0.75,1,,0.75,-0.3885840286996418,-0.4906469563661095,0.2128208113212736,1.1093934926354343,-1.3151477727398646,4.495763658043131,0.26,1,159,96,48,Siphon,10.956515482943527,1.0,29816.55498085007,202.93541093479735,4359646.895187155,4.985049261716259,reconstruction,volume_observation_or_prediction_event
VO_5651bc3b2e28caae7fcf,PE_f539b86d47c1fcb0fb36,27468.5,Bubbler,7 V,28,False,271,2016-06-08,2016,1,2,CT,OUT,False,AC,Siphon,"Analytical composite. Average of CT2 I1 Time 1, 2, 3, 4, 5, 6, 7, 8, 9, 10, 6-D. TP, TKN, TSP average of CT I1 T1, 2, 6, 10, 6-D. Original TKN values, 0.127,0.118,0.048,0.073,0",0.0,,249743.63,True,0.34,0.75,MG/L,EPA300.0 [300OPHOS]_W,0.34,0.75,CSU_assumed_from_ALS_pre2023,True,2016-03-03,2016-07-25,2016,barley,grain corn,1349.80625,47.36875000000009,25.0,0.0158479533333333,2,0.75,1,,0.75,-0.3885840286996418,-0.4906469563661095,0.2128208113212736,-0.2377011555421941,-1.3151477727398646,4.207708293994655,0.25,1,160,97,47,Siphon,10.220831577249113,1.0,25240.00092197004,171.63433902389028,3690505.3682302814,4.985049261716259,reconstruction,volume_observation_or_prediction_event
VO_7974a70204b3eb0c79bc,PE_848f0a38d48982fb4b38,31999.53,Bubbler,7 V,28,False,277,2016-06-19,2016,2,1,CT,OUT,False,AC,Siphon,"Analytical composite. Average of CT1 I2 Time 1, 2, 3, 4, 5, 6, 7, 8, 9, 10, 6-D. TP, TKN, TSP average of CT I2 T1, 2, 5, 10.",0.01,,108695.2,True,0.34,0.75,MG/L,EPA300.0 [300OPHOS]_W,0.34,0.75,CSU_assumed_from_ALS_pre2023,True,2016-03-03,2016-07-25,2016,barley,grain corn,1349.80625,47.36875000000009,26.0,0.005672515,2,0.75,0,0.01,0.75,-0.2704658744587053,-0.4906469563661095,0.2128208113212736,-0.0332680586795562,-0.8192234335968713,0.1258991413527428,0.26,1,171,108,36,Siphon,10.373507744144707,1.0,30535.44483728294,207.85221576278045,4464756.339991794,4.985049261716259,reconstruction,volume_observation_or_prediction_event
VO_f911c1999794e47466e4,PE_cbf4318e50a8377eaa96,36432.52,Bubbler,7 V,28,False,283,2016-06-20,2016,2,2,CT,OUT,False,AC,Siphon,"Analytical composite. Average of CT2 I2 Time 1, 2, 3, 4, 5, 6, 7, 8, 9, 10, 11, 12, 7D, 24D. TP, TKN, TSP average of CT2 I2 T1, 2, 4, 6, 12, 24-D.Original TP values, .004,0,.004,.027,.003,.003. Original TSP values, .002,0,.003,.002,.001,.001.",0.01,,124076.27,True,0.34,0.75,MG/L,EPA300.0 [300OPHOS]_W,0.34,0.75,CSU_assumed_from_ALS_pre2023,True,2016-03-03,2016-07-25,2016,barley,grain corn,1349.80625,47.36875000000009,25.0,0.0158479533333333,2,0.75,0,0.01,0.75,-0.2704658744587053,-0.4906469563661095,0.2128208113212736,0.1667416243419873,-0.8192234335968713,0.5710128679176253,0.25,1,172,109,35,Siphon,10.50324450899666,1.0,22060.627364292835,149.88920085221432,3225646.688581895,4.985049261716259,reconstruction,volume_observation_or_prediction_event
VO_cb498d39d529e1e14e60,PE_e085909c1123d133b476,38145.23,Bubbler,7 V,42,False,289,2017-06-26,2017,1,1,CT,OUT,True,FALSE,Siphon,,0.0,,,True,0.34,0.75,MG/L,EPA300.0 [300OPHOS]_W,0.34,0.75,ALS_pre2023,False,2017-04-19,2017-10-13,2017,silage corn,barley,1532.94375,161.28125,3.0,,2,0.75,1,,0.75,-0.3885840286996418,1.7739884653996192,0.4360727437137055,0.2440164623650438,-1.3151477727398646,,0.03,1,177,68,109,Siphon,10.549182211383933,1.0,33490.478174747426,228.06299221272346,4896814.061631237,4.985049261716259,reconstruction,volume_observation_or_prediction_event
VO_f6c6228fedd882f7d1d4,PE_3d18dfd8ec5f7b058614,123428.85,Bubbler,7 V,28,False,296,2017-06-27,2017,1,2,CT,OUT,True,FALSE,Siphon,,0.0,,,True,0.34,0.75,MG/L,EPA300.0 [300OPHOS]_W,0.34,0.75,ALS_pre2023,False,2017-04-19,2017-10-13,2017,silage corn,barley,1532.94375,161.28125,1.0,,2,0.75,1,,0.75,-0.3885840286996418,1.7739884653996192,0.4360727437137055,4.091882079731603,-1.3151477727398646,,0.01,1,178,69,108,Siphon,11.723428257473524,1.0,25837.908600794133,175.72369337438525,3777925.914790044,4.985049261716259,reconstruction,volume_observation_or_prediction_event
VO_4430ac62e8fec35ead90,PE_76fe027c77537baf728d,53141.4,Bubbler,7 V,42,False,303,2017-07-09,2017,2,1,CT,OUT,True,FALSE,Siphon,"H flag, Ortho P. ISCO data says flow starts on 7/10, lab reports 7/14, we suspect this to be out of hold time",0.0,H,,True,0.34,0.75,MG/L,EPA300.0 [300OPHOS]_W,0.34,0.75,ALS_pre2023,False,2017-04-19,2017-10-13,2017,silage corn,barley,1532.94375,161.28125,3.0,,2,0.75,1,,0.75,-0.3885840286996418,1.7739884653996192,0.4360727437137055,0.9206205621345408,-0.8192234335968713,,0.03,1,190,81,96,Siphon,10.880730382012434,1.0,38241.45181994607,260.5569966103421,5591457.61190497,4.985049261716259,reconstruction,volume_observation_or_prediction_event
VO_8b760cdf262d74df41ca,PE_ab94cbdf0f0ae0ed0021,96275.26,Bubbler,7 V,28,False,310,2017-07-10,2017,2,2,CT,OUT,True,FALSE,Siphon,"H flag, Ortho P. ISCO data says flow starts on 7/10, lab reports 7/14, we suspect this to be out of hold time",0.0,H,,True,0.34,0.75,MG/L,EPA300.0 [300OPHOS]_W,0.34,0.75,ALS_pre2023,False,2017-04-19,2017-10-13,2017,silage corn,barley,1532.94375,161.28125,1.0,,2,0.75,1,,0.75,-0.3885840286996418,1.7739884653996192,0.4360727437137055,2.866753909174719,-0.8192234335968713,,0.01,1,191,82,95,Siphon,11.474977046107206,1.0,29913.438516394537,203.5980401693797,4373812.312240498,4.985049261716259,reconstruction,volume_observation_or_prediction_event
VO_d53ee31153ba1a75e628,PE_bf786c4279f3d76bf849,36426.84,Bubbler,7 V,42,False,317,2017-07-20,2017,3,1,CT,OUT,True,FALSE,Siphon,"H flag, Ortho P. ISCO data says flow starts on 7/21, lab reports 7/27, we suspect this to be out of hold time",0.0,H,,True,0.34,0.75,MG/L,EPA300.0 [300OPHOS]_W,0.34,0.75,ALS_pre2023,False,2017-04-19,2017-10-13,2017,silage corn,barley,1532.94375,161.28125,3.0,,2,0.75,1,,0.75,-0.3885840286996418,1.7739884653996192,0.4360727437137055,0.1664853514878724,-0.3232990944538781,,0.03,1,201,92,85,Siphon,10.503088596452303,1.0,34943.3253975275,237.99965521522049,5109235.983579216,4.985049261716259,reconstruction,volume_observation_or_prediction_event
VO_447830ec8f4111beda3a,PE_b8308018e6102975285e,66112.6,Bubbler,7 V,28,False,324,2017-07-21,2017,3,2,CT,OUT,True,FALSE,Siphon,"H flag, Ortho P. ISCO data says flow starts on 7/21, lab reports 7/27, we suspect this to be out of hold time",0.0,H,,True,0.34,0.75,MG/L,EPA300.0 [300OPHOS]_W,0.34,0.75,ALS_pre2023,False,2017-04-19,2017-10-13,2017,silage corn,barley,1532.94375,161.28125,1.0,,2,0.75,1,,0.75,-0.3885840286996418,1.7739884653996192,0.4360727437137055,1.5058611334891003,-0.3232990944538781,,0.01,1,202,93,84,Siphon,11.099129753541739,1.0,30255.62669422253,205.93841605557154,4423843.911752391,4.985049261716259,reconstruction,volume_observation_or_prediction_event
VO_272baaa126cefceccbfd,PE_8f8dfa0989b3b32bdf32,27895.45,Bubbler,7 V,42,False,331,2017-08-02,2017,4,1,CT,OUT,True,FALSE,Siphon,,0.0,,,True,0.34,0.75,MG/L,EPA300.0 [300OPHOS]_W,0.34,0.75,ALS_pre2023,False,2017-04-19,2017-10-13,2017,silage corn,barley,1532.94375,161.28125,3.0,,2,0.75,1,,0.75,-0.3885840286996418,1.7739884653996192,0.4360727437137055,-0.2184378289463641,0.1726252446891151,,0.03,1,214,105,72,Siphon,10.236254719570374,1.0,36560.28824275695,249.05877735048435,5345653.37827599,4.985049261716259,reconstruction,volume_observation_or_prediction_event
VO_f384276cbfdea0e3f6fe,PE_1f5d1913915ba820a964,33186.88,Bubbler,7 V,28,False,338,2017-08-03,2017,4,2,CT,OUT,True,FALSE,Siphon,,0.0,,,True,0.34,0.75,MG/L,EPA300.0 [300OPHOS]_W,0.34,0.75,ALS_pre2023,False,2017-04-19,2017-10-13,2017,silage corn,barley,1532.94375,161.28125,1.0,,2,0.75,1,,0.75,-0.3885840286996418,1.7739884653996192,0.4360727437137055,0.0203033450762901,0.1726252446891151,,0.01,1,215,106,71,Siphon,10.409940028012905,1.0,32916.793095263616,224.13930690362182,4812935.120152698,4.985049261716259,reconstruction,volume_observation_or_prediction_event
VO_6ae72d2b882f556c0065,PE_5b9f499a4eee64a9606a,13391.33,Bubbler,7 V,42,False,345,2017-08-21,2017,5,1,CT,OUT,True,FALSE,Siphon,,0.0,,,True,0.34,0.75,MG/L,EPA300.0 [300OPHOS]_W,0.34,0.75,ALS_pre2023,False,2017-04-19,2017-10-13,2017,silage corn,barley,1532.94375,161.28125,3.0,,2,0.75,1,,0.75,-0.3885840286996418,1.7739884653996192,0.4360727437137055,-0.872841390358962,0.6685495838321084,,0.03,1,233,124,53,Siphon,9.502437434002719,1.0,28799.154866306417,195.9769627797483,4210892.033469551,4.985049261716259,reconstruction,volume_observation_or_prediction_event
VO_1452864755db087149f0,PE_e18f3fec614c53582f69,46407.89,Bubbler,7 V,28,False,352,2017-08-22,2017,5,2,CT,OUT,True,FALSE,Siphon,,0.0,,,True,0.34,0.75,MG/L,EPA300.0 [300OPHOS]_W,0.34,0.75,ALS_pre2023,False,2017-04-19,2017-10-13,2017,silage corn,barley,1532.94375,161.28125,1.0,,2,0.75,1,,0.75,-0.3885840286996418,1.7739884653996192,0.4360727437137055,0.6168149589812751,0.6685495838321084,,0.01,1,234,125,52,Siphon,10.745246314689988,1.0,32341.653399308474,220.2056728308464,4728843.498069004,4.985049261716259,reconstruction,volume_observation_or_prediction_event
VO_efb5de301fb7a07aae43,PE_d516501714d9e8610d67,29114.22,Bubbler,7 V,42,False,358,2017-09-06,2017,6,1,CT,OUT,True,FALSE,Siphon,,0.11,,,True,0.34,0.75,MG/L,EPA300.0 [300OPHOS]_W,0.34,0.75,ALS_pre2023,False,2017-04-19,2017-10-13,2017,silage corn,barley,1532.94375,161.28125,3.0,,2,0.75,0,0.11,0.75,0.9107156679506602,1.7739884653996192,0.4360727437137055,-0.1634488031700445,1.1644739229751015,,0.03,1,249,140,37,Siphon,10.279016340485159,1.0,26225.96567015802,178.37778684240112,3834664.04059383,4.985049261716259,reconstruction,volume_observation_or_prediction_event
VO_2194283f3e87acae8732,PE_0d75853dc2b05b3887ac,31529.05,Bubbler,7 V,28,False,365,2017-09-07,2017,6,2,CT,OUT,True,FALSE,Siphon,,0.11,,,True,0.34,0.75,MG/L,EPA300.0 [300OPHOS]_W,0.34,0.75,ALS_pre2023,False,2017-04-19,2017-10-13,2017,silage corn,barley,1532.94375,161.28125,1.0,,2,0.75,0,0.11,0.75,0.9107156679506602,1.7739884653996192,0.4360727437137055,-0.0544953918492624,1.1644739229751015,,0.01,1,250,141,36,Siphon,10.358696338329159,1.0,23636.383044706043,160.6664890109615,3456039.151674682,4.985049261716259,reconstruction,volume_observation_or_prediction_event
VO_06736897c9772e34c703,PE_d7b3a1a7181d09448f88,20754.38,Bubbler,7 V,14,False,423,2020-07-13,2020,3,1,CT,OUT,False,TRUE,Siphon,,0.0,,,True,0.34,0.75,MG/L,EPA300.0 [300OPHOS]_W,0.34,0.75,ALS_pre2023,False,2020-04-28,2020-10-09,2020,grain corn,winter wheat,1972.01875,31.6875,0.0,0.0002222223333333,3,0.75,1,,0.75,-0.3885840286996418,-0.80239776692302,0.9713227182694746,-0.5406319117515712,-0.3232990944538781,,1e-06,1,195,76,88,Siphon,9.940560769160777,1.0,25727.473618441516,174.9683798175855,3761779.1301634093,4.985049261716259,reconstruction,volume_observation_or_prediction_event
VO_3844e17af026bc0c67ff,PE_fc57e04c14125fc3b750,20754.38,Bubbler,7 V,14,False,424,2020-07-13,2020,3,2,CT,OUT,False,TRUE,Siphon,ORIGINAL SAMPLE ID: CT2-03-OT-D,0.0,,,True,0.34,0.75,MG/L,EPA300.0 [300OPHOS]_W,0.34,0.75,ALS_pre2023,False,2020-04-28,2020-10-09,2020,grain corn,winter wheat,1972.01875,31.6875,0.0,0.0,3,0.75,1,,0.75,-0.3885840286996418,-0.80239776692302,0.9713227182694746,-0.5406319117515712,-0.3232990944538781,,1e-06,1,195,76,88,Siphon,9.940560769160777,1.0,25531.961893677624,173.63118889237708,3733193.20888654,4.985049261716259,reconstruction,volume_observation_or_prediction_event
VO_507bb41e4800fab8d3ab,PE_f367d3ca04939cd0c2d7,13473.77,Ruler,7 V,28,False,468,2021-06-23,2021,1,1,CT,OUT,False,TRUE,Siphon,LC samplers were not installed until 8/11/21,0.12,,75193.68,True,0.34,0.75,MG/L,EPA300.0 [300OPHOS]_W,0.34,0.75,ALS_pre2023,False,2021-04-27,2021-10-22,2021,grain corn,grain corn,2218.32,203.62875000000008,4.0,0.002111111,3,0.75,0,0.12,0.75,1.0288338221915967,2.615877182820661,1.2715737865278682,-0.8691218244974789,-1.3151477727398646,-0.8436033973385142,0.04,1,174,57,121,Siphon,9.508574326985887,1.0,18523.761808085343,125.69901721410095,2708518.825898892,4.985049261716259,reconstruction,volume_observation_or_prediction_event
VO_9d1b3bffa9d09ea931d8,PE_4ae760479321c5d34ccf,15554.78,Ruler,7 V,28,False,474,2021-06-24,2021,1,2,CT,OUT,False,TRUE,Siphon,LC samplers were not installed until 8/11/21,0.041,,83456.54,True,0.34,0.75,MG/L,EPA300.0 [300OPHOS]_W,0.34,0.75,ALS_pre2023,False,2021-04-27,2021-10-22,2021,grain corn,grain corn,2218.32,203.62875000000008,4.0,0.000888889,3,0.75,0,0.041,0.75,0.095700403688198,2.615877182820661,1.2715737865278682,-0.7752298575711688,-1.3151477727398646,-0.6044839858356796,0.04,1,175,58,120,Siphon,9.652187552722559,1.0,18089.308821186176,122.72760160098196,2644997.116922111,4.985049261716259,reconstruction,volume_observation_or_prediction_event
VO_bcb07103e13cc2e84974,PE_0a8a4f2a27ebf7fec0fc,21973.56,Ruler,7 V,28,False,480,2021-07-08,2021,2,1,CT,OUT,False,TRUE,Siphon,LC samplers were not installed until 8/11/21,0.0,,93540.89,True,0.34,0.75,MG/L,EPA300.0 [300OPHOS]_W,0.34,0.75,ALS_pre2023,False,2021-04-27,2021-10-22,2021,grain corn,grain corn,2218.32,203.62875000000008,4.0,0.002111111,3,0.75,1,,0.75,-0.3885840286996418,2.615877182820661,1.2715737865278682,-0.4856243874065567,-0.8192234335968713,-0.3126523636868583,0.04,1,189,72,106,Siphon,9.997640699599792,1.0,25681.853319639802,174.65636247112394,3755108.950808448,4.985049261716259,reconstruction,volume_observation_or_prediction_event
VO_6a32f979786050209e4c,PE_f80f38b6cd2059d6e1ff,6748.25,Ruler,7 V,28,False,486,2021-07-09,2021,2,2,CT,OUT,False,TRUE,Siphon,LC samplers were not installed until 8/11/21,0.0,,104233.28,True,0.34,0.75,MG/L,EPA300.0 [300OPHOS]_W,0.34,0.75,ALS_pre2023,False,2021-04-27,2021-10-22,2021,grain corn,grain corn,2218.32,203.62875000000008,4.0,0.000888889,3,0.75,1,,0.75,-0.3885840286996418,2.615877182820661,1.2715737865278682,-1.1725669311534948,-0.8192234335968713,-0.0032246347456935,0.04,1,190,73,105,Siphon,8.817186666582167,1.0,18549.212957088002,125.87308884854426,2712240.0581813776,4.985049261716259,reconstruction,volume_observation_or_prediction_event
VO_9d76635ca8b62ab0410c,PE_39fdbee40316d5f171ae,12952.77,Ruler,7 V,28,False,492,2021-07-29,2021,3,1,CT,OUT,False,TRUE,Siphon,LC samplers were not installed until 8/11/21,0.0,,61418.81,True,0.34,0.75,MG/L,EPA300.0 [300OPHOS]_W,0.34,0.75,ALS_pre2023,False,2021-04-27,2021-10-22,2021,grain corn,grain corn,2218.32,203.62875000000008,4.0,0.002111111,3,0.75,1,,0.75,-0.3885840286996418,2.615877182820661,1.2715737865278682,-0.8926285422780793,-0.3232990944538781,-1.2422352037503437,0.04,1,210,93,85,Siphon,9.46914214445169,1.0,16403.934312770492,111.20058192503849,2398577.1997647365,4.985049261716259,reconstruction,volume_observation_or_prediction_event
VO_1e975dffa40ed9a83a38,PE_d75f7611867aff68ed5b,49247.71,Ruler,60 V Trap,56,False,700,2023-07-17,2023,1,1,CT,OUT,False,TRUE,Gated Pipe,,0.0,,,True,0.01,0.05,mg/L,SM4500P E (P-Ortho),0.01,0.05,ALS_2023plus,False,2023-05-02,2023-09-08,2023,silage corn,grain corn,2680.77875,67.59999999999991,10.333333333333334,0.0256666666666666,3,0.05,1,,0.05,-0.3885840286996418,-0.0884399520724848,1.8353294869676395,0.7449432647158335,-1.3151477727398646,,0.1033333333333333,1,198,76,53,Gated Pipe,10.804638453363793,1.0,45406.721650202344,309.5634375552985,6639097.28437265,4.985049261716259,reconstruction,volume_observation_or_prediction_event
VO_b902f0ff48605c82f59e,PE_f05deb598f528850ebf0,21017.36,Ruler,60 V Trap,56,False,714,2023-07-17,2023,1,2,CT,OUT,False,TRUE,Gated Pipe,,0.0,,,True,0.01,0.05,mg/L,SM4500P E (P-Ortho),0.01,0.05,ALS_2023plus,False,2023-05-02,2023-09-08,2023,silage corn,grain corn,2680.77875,67.59999999999991,2.333333333333333,0.0021666666666666,3,0.05,1,,0.05,-0.3885840286996418,-0.0884399520724848,1.8353294869676395,-0.5287666590798968,-1.3151477727398646,,0.0233333333333333,1,198,76,53,Gated Pipe,9.953151620454706,1.0,34042.20979698032,231.8365281440918,4977483.171057569,4.985049261716259,reconstruction,volume_observation_or_prediction_event
VO_ab8317b4f3da735fc0bd,PE_9dcf28567d82395e45a5,73898.8,Ruler,60 V Trap,56,False,738,2023-08-16,2023,2,1,CT,OUT,False,TRUE,Gated Pipe,,0.0,H,,True,0.01,0.05,mg/L,SM4500P E (P-Ortho),0.01,0.05,ALS_2023plus,False,2023-05-02,2023-09-08,2023,silage corn,grain corn,2680.77875,67.59999999999991,10.333333333333334,0.0256666666666666,3,0.05,1,,0.05,-0.3885840286996418,-0.0884399520724848,1.8353294869676395,1.8571624885434408,-0.8192234335968713,,0.1033333333333333,1,228,106,23,Gated Pipe,11.210465400572685,1.0,65821.11530429505,449.18648047434016,9623901.65155653,4.985049261716259,reconstruction,volume_observation_or_prediction_event
VO_2442266782120dc6608f,PE_34966a819fbc15086f92,73851.0,Ruler,60 V Trap,56,False,752,2023-08-16,2023,2,2,CT,OUT,False,TRUE,Gated Pipe,,0.0,H,,True,0.01,0.05,mg/L,SM4500P E (P-Ortho),0.01,0.05,ALS_2023plus,False,2023-05-02,2023-09-08,2023,silage corn,grain corn,2680.77875,67.59999999999991,2.333333333333333,0.0021666666666666,3,0.05,1,,0.05,-0.3885840286996418,-0.0884399520724848,1.8353294869676395,1.8550058261443765,-0.8192234335968713,,0.0233333333333333,1,228,106,23,Gated Pipe,11.209818369515634,1.0,56074.18274398075,382.52290935598205,8198795.064232535,4.985049261716259,reconstruction,volume_observation_or_prediction_event
VO_1f13b60f80d4a2796b20,PE_c8c569f30d01805d0a71,36666.33,Ruler,60 V Trap,56,False,764,2023-08-23,2023,3,1,CT,OUT,False,TRUE,Gated Pipe,,0.0,,,True,0.01,0.05,mg/L,SM4500P E (P-Ortho),0.01,0.05,ALS_2023plus,False,2023-05-02,2023-09-08,2023,silage corn,grain corn,2680.77875,67.59999999999991,10.333333333333334,0.0256666666666666,3,0.05,1,,0.05,-0.3885840286996418,-0.0884399520724848,1.8353294869676395,0.1772907715287096,-0.3232990944538781,,0.1033333333333333,1,235,113,16,Gated Pipe,10.509641446851896,1.0,38914.660114962484,265.16136508981873,5689887.920100118,4.985049261716259,reconstruction,volume_observation_or_prediction_event
VO_0d17320b8723ef92ec19,PE_fe4590c4be8ab5dfccac,27515.49,Ruler,60 V Trap,56,False,777,2023-08-23,2023,3,2,CT,OUT,False,TRUE,Gated Pipe,,0.0,,,True,0.01,0.05,mg/L,SM4500P E (P-Ortho),0.01,0.05,ALS_2023plus,False,2023-05-02,2023-09-08,2023,silage corn,grain corn,2680.77875,67.59999999999991,2.333333333333333,0.0021666666666666,3,0.05,1,,0.05,-0.3885840286996418,-0.0884399520724848,1.8353294869676395,-0.2355810390959168,-0.3232990944538781,,0.0233333333333333,1,235,113,16,Gated Pipe,10.222540740308252,1.0,29982.737333255296,204.07200534535977,4383944.546129561,4.985049261716259,reconstruction,volume_observation_or_prediction_event
VO_566f084ae159a100fd5e,PE_1c53b0fc59e9275386be,23145.08,Ruler,60 V Trap,56,False,790,2023-09-20,2023,4,1,CT,OUT,False,TRUE,Gated Pipe,,0.0,H,,True,0.01,0.05,mg/L,SM4500P E (P-Ortho),0.01,0.05,ALS_2023plus,False,2023-09-13,2024-08-02,2023,winter wheat,silage corn,2725.32,112.14125000000011,10.333333333333334,0.0256666666666666,3,0.05,1,,0.05,-0.3885840286996418,0.7970615730430496,1.889627051003812,-0.4327672088761745,0.1726252446891151,,0.1033333333333333,1,263,7,317,Gated Pipe,10.049580714722797,1.0,26681.075430963523,181.4904832438973,3901205.992542912,4.985049261716259,reconstruction,volume_observation_or_prediction_event
VO_d6a7e0141cbd0e6d6d7b,PE_5a19bce816f839946c65,19788.4,Ruler,60 V Trap,70,False,803,2023-09-20,2023,4,2,CT,OUT,False,TRUE,Gated Pipe,"There are two samples with this same ID in  the 2023 TSS sheet, averaging results",0.0,H,,True,0.01,0.05,mg/L,SM4500P E (P-Ortho),0.01,0.05,ALS_2023plus,False,2023-09-13,2024-08-02,2023,winter wheat,silage corn,2725.32,112.14125000000011,2.333333333333333,0.0021666666666666,3,0.05,1,,0.05,-0.3885840286996418,0.7970615730430496,1.889627051003812,-0.5842154419659752,0.1726252446891151,,0.0233333333333333,1,263,7,317,Gated Pipe,9.892901719794404,1.0,24158.124906933142,164.23491174527038,3532323.4349752488,4.985049261716259,reconstruction,volume_observation_or_prediction_event
VO_e88496148db0160ccbbd,PE_68b3d2c837e12d792894,30266.86,Ruler,60 V Trap,56,False,816,2023-09-26,2023,5,1,CT,OUT,False,TRUE,Gated Pipe,"Method: E300, Method: SM4500P E: ""Sample holding time expired prior to sample receipt. It was analyzed at the request of the client. Results should be considered  estimated.""",0.0,H,,True,0.01,0.05,mg/L,SM4500P E (P-Ortho),0.01,0.05,ALS_2023plus,False,2023-09-13,2024-08-02,2023,winter wheat,silage corn,2725.32,112.14125000000011,10.333333333333334,0.0256666666666666,3,0.05,1,,0.05,-0.3885840286996418,0.7970615730430496,1.889627051003812,-0.1114434611688327,0.6685495838321084,,0.1033333333333333,1,269,13,311,Gated Pipe,10.317841702456814,1.0,36469.47318357588,248.43765310253534,5332375.237869631,4.985049261716259,reconstruction,volume_observation_or_prediction_event
VO_da038a34eabf72a5709b,PE_9369fd0839122e523c2d,56738.31,Ruler,60 V Trap,56,False,828,2023-09-26,2023,5,2,CT,OUT,False,TRUE,Gated Pipe,"Method: E300, Method: SM4500P E: ""Sample holding time expired prior to sample receipt. It was analyzed at the request of the client. Results should be considered  estimated.""",0.0,H,,True,0.01,0.05,mg/L,SM4500P E (P-Ortho),0.01,0.05,ALS_2023plus,False,2023-09-13,2024-08-02,2023,winter wheat,silage corn,2725.32,112.14125000000011,2.333333333333333,0.0021666666666666,3,0.05,1,,0.05,-0.3885840286996418,0.7970615730430496,1.889627051003812,1.0829076029257494,0.6685495838321084,,0.0233333333333333,1,269,13,311,Gated Pipe,10.946222547555731,1.0,36017.14945655665,245.34401161501336,5266240.634086421,4.985049261716259,reconstruction,volume_observation_or_prediction_event
VO_9c651ffc29edfc1dd3aa,PE_1328229770dda7dc9c97,49274.84,Etape,60 V Trap,28,False,841,2024-05-15,2024,1,1,CT,OUT,False,TRUE,Gated Pipe,,0.355,H,,True,0.01,0.05,mg/L,SM4500P E (P-Ortho),0.01,0.05,ALS_2023plus,False,2023-09-13,2024-08-02,2023,winter wheat,silage corn,2725.32,0.0,,,0,0.05,0,0.355,0.05,3.804610446853605,-1.432360544732317,1.889627051003812,0.7461673285419135,-1.3151477727398646,,,1,136,245,79,Gated Pipe,10.80518917905979,1.0,39586.189646180486,269.75425176318106,5788072.774935158,4.985049261716259,reconstruction,volume_observation_or_prediction_event
VO_ae72c9e2763cded9246d,PE_b15e4fcb30712b14fe4a,50602.49,Etape,60 V Trap,28,False,853,2024-05-15,2024,1,2,CT,OUT,False,TRUE,Gated Pipe,,0.355,H,,True,0.01,0.05,mg/L,SM4500P E (P-Ortho),0.01,0.05,ALS_2023plus,False,2023-09-13,2024-08-02,2023,winter wheat,silage corn,2725.32,0.0,,,0,0.05,0,0.355,0.05,3.804610446853605,-1.432360544732317,1.889627051003812,0.8060688522682364,-1.3151477727398646,,,1,136,245,79,Gated Pipe,10.83177582522909,0.5,38316.32678461904,261.0690995208295,5602405.138700793,4.985049261716259,reconstruction,volume_observation_or_prediction_event
VO_71c4c64e5a03619e31c7,PE_b15e4fcb30712b14fe4a,39869.62,Bubbler,60 V Trap,28,False,853,2024-05-15,2024,1,2,CT,OUT,False,TRUE,Gated Pipe,,0.355,H,,True,0.01,0.05,mg/L,SM4500P E (P-Ortho),0.01,0.05,ALS_2023plus,False,2023-09-13,2024-08-02,2023,winter wheat,silage corn,2725.32,0.0,,,0,0.05,0,0.355,0.05,3.804610446853605,-1.432360544732317,1.889627051003812,0.8060688522682364,-1.3151477727398646,,,1,136,245,79,Gated Pipe,10.593394990793746,0.5,44943.85296954138,306.397674478478,6571420.8947193865,4.985049261716259,reconstruction,volume_observation_or_prediction_event
VO_37338a7bf985eb5475ac,PE_1d14830085b765a5551a,52953.86,Etape,60 V Trap,28,False,865,2024-05-30,2024,2,1,CT,OUT,False,TRUE,Gated Pipe,,0.0,"H, MS, MSD",94082.92,True,0.01,0.05,mg/L,SM4500P E (P-Ortho),0.01,0.05,ALS_2023plus,False,2023-09-13,2024-08-02,2023,winter wheat,silage corn,2725.32,0.0,,,0,0.05,1,,0.05,-0.3885840286996418,-1.432360544732317,1.889627051003812,0.9121590461027292,-0.8192234335968713,-0.2969665243265301,,1,151,260,64,Gated Pipe,10.877195131520144,0.5,43801.64179408011,298.5855884240844,6404417.310751583,4.985049261716259,reconstruction,volume_observation_or_prediction_event
VO_1e70d26d04868dcb5d18,PE_1d14830085b765a5551a,41453.5,Bubbler,60 V Trap,28,False,865,2024-05-30,2024,2,1,CT,OUT,False,TRUE,Gated Pipe,,0.0,"H, MS, MSD",94082.92,True,0.01,0.05,mg/L,SM4500P E (P-Ortho),0.01,0.05,ALS_2023plus,False,2023-09-13,2024-08-02,2023,winter wheat,silage corn,2725.32,0.0,,,0,0.05,1,,0.05,-0.3885840286996418,-1.432360544732317,1.889627051003812,0.9121590461027292,-0.8192234335968713,-0.2969665243265301,,1,151,260,64,Gated Pipe,10.632351719206323,0.5,47188.82149788695,321.752004491716,6899659.4885829305,4.985049261716259,reconstruction,volume_observation_or_prediction_event
VO_2e102f10c9fff72257fc,PE_1113e745950469cef1a0,21784.86,Etape,60 V Trap,28,False,889,2024-06-12,2024,3,1,CT,OUT,False,TRUE,Gated Pipe,"Method: SM4500P E: ""Sample was analyzed outside of the holding time at the request of the client. Results should be considered estimated""",0.0,H,89469.23,True,0.01,0.05,mg/L,SM4500P E (P-Ortho),0.01,0.05,ALS_2023plus,False,2023-09-13,2024-08-02,2023,winter wheat,silage corn,2725.32,0.0,,,0,0.05,1,,0.05,-0.3885840286996418,-1.432360544732317,1.889627051003812,-0.4941382408522368,-0.3232990944538781,-0.4304823817483566,,1,164,273,51,Gated Pipe,9.989016414476513,1.0,31597.392450136118,215.11534390851634,4620024.526070356,4.985049261716259,reconstruction,volume_observation_or_prediction_event
VO_a9655d33814eee37976f,PE_99cf3c3fee7c01adc465,80052.15,Etape,60 V Trap,28,False,925,2024-06-20,2024,4,2,CT,OUT,False,TRUE,Gated Pipe,,0.319,,,True,0.01,0.05,mg/L,SM4500P E (P-Ortho),0.01,0.05,ALS_2023plus,False,2023-09-13,2024-08-02,2023,winter wheat,silage corn,2725.32,0.0,,,0,0.05,0,0.319,0.05,3.379385091586234,-1.432360544732317,1.889627051003812,2.134792165808812,0.1726252446891151,,,1,172,281,43,Gated Pipe,11.29044606805665,0.5,39981.45015538683,272.457612733692,5845864.121278571,4.985049261716259,reconstruction,volume_observation_or_prediction_event
VO_97ace8c372c2c4d6a74a,PE_99cf3c3fee7c01adc465,44388.43,Bubbler,60 V Trap,28,False,925,2024-06-20,2024,4,2,CT,OUT,False,TRUE,Gated Pipe,,0.319,,,True,0.01,0.05,mg/L,SM4500P E (P-Ortho),0.01,0.05,ALS_2023plus,False,2023-09-13,2024-08-02,2023,winter wheat,silage corn,2725.32,0.0,,,0,0.05,0,0.319,0.05,3.379385091586234,-1.432360544732317,1.889627051003812,2.134792165808812,0.1726252446891151,,,1,172,281,43,Gated Pipe,10.700756657015743,0.5,43851.70484287811,298.9279916974523,6411737.068037486,4.985049261716259,reconstruction,volume_observation_or_prediction_event
VO_6779c454ecc8b9718612,PE_e6978ba9d0a9f6c6adc4,45385.43,Etape,60 V Trap,28,False,937,2025-06-30,2025,1,1,CT,OUT,False,TRUE,Gated Pipe,,0.0,,95862.56,True,0.01,0.05,mg/L,SM4500P E (P-Ortho),0.01,0.05,ALS_2023plus,False,2025-04-24,2025-11-07,2025,grain corn,winter wheat,2933.58,70.03749999999991,4.666666666666667,0.0115233333333333,3,0.05,1,,0.05,-0.3885840286996418,-0.039981276856385,2.143504315027007,0.5706831381329972,-1.3151477727398646,-0.2454654133931603,0.0466666666666666,1,181,67,130,Gated Pipe,10.722968440671911,1.0,41481.04460626372,282.71400064918436,6065120.991789869,4.985049261716259,reconstruction,volume_observation_or_prediction_event
VO_d9b7a376d22d3d10e42f,PE_bf957c2b943f4c0693c5,30980.44,Etape,60 V Trap,28,False,949,2025-06-30,2025,1,2,CT,OUT,False,TRUE,Gated Pipe,,0.0,,98436.15,True,0.01,0.05,mg/L,SM4500P E (P-Ortho),0.01,0.05,ALS_2023plus,False,2025-04-24,2025-11-07,2025,grain corn,winter wheat,2933.58,70.03749999999991,2.6666666666666665,0.0123866666666666,3,0.05,1,,0.05,-0.3885840286996418,-0.039981276856385,2.143504315027007,-0.0792478303168541,-1.3151477727398646,-0.1709881347935496,0.0266666666666666,1,181,67,130,Gated Pipe,10.341143594491657,0.5,39295.03304398416,267.76290333258635,5745502.541770491,4.985049261716259,reconstruction,volume_observation_or_prediction_event
VO_9eabd05aa3820dd21ddb,PE_bf957c2b943f4c0693c5,36043.57,Bubbler,60 V Trap,28,False,949,2025-06-30,2025,1,2,CT,OUT,False,TRUE,Gated Pipe,,0.0,,98436.15,True,0.01,0.05,mg/L,SM4500P E (P-Ortho),0.01,0.05,ALS_2023plus,False,2025-04-24,2025-11-07,2025,grain corn,winter wheat,2933.58,70.03749999999991,2.6666666666666665,0.0123866666666666,3,0.05,1,,0.05,-0.3885840286996418,-0.039981276856385,2.143504315027007,-0.0792478303168541,-1.3151477727398646,-0.1709881347935496,0.0266666666666666,1,181,67,130,Gated Pipe,10.492511507234992,0.5,38753.379049593954,264.0582927432411,5666306.890145817,4.985049261716259,reconstruction,volume_observation_or_prediction_event
VO_70c143c176395e3b0a9d,PE_4332131f3e4d2bc30791,52464.39,Etape,60 V Trap,28,False,961,2025-07-14,2025,2,1,CT,OUT,False,TRUE,Gated Pipe,,0.0,,101767.55,True,0.01,0.05,mg/L,SM4500P E (P-Ortho),0.01,0.05,ALS_2023plus,False,2025-04-24,2025-11-07,2025,grain corn,winter wheat,2933.58,70.03749999999991,4.666666666666667,0.0115233333333333,3,0.05,1,,0.05,-0.3885840286996418,-0.039981276856385,2.143504315027007,0.8900749133732271,-0.8192234335968713,-0.074580546200672,0.0466666666666666,1,195,81,116,Gated Pipe,10.867908993091497,1.0,52921.41129853428,360.95971476395215,7737825.900095019,4.985049261716259,reconstruction,volume_observation_or_prediction_event
VO_20227a1866b7a8af2526,PE_c629a1c440970481366b,39731.85,Etape,60 V Trap,28,False,973,2025-07-14,2025,2,2,CT,OUT,False,TRUE,Gated Pipe,,0.0,,87051.66,True,0.01,0.05,mg/L,SM4500P E (P-Ortho),0.01,0.05,ALS_2023plus,False,2025-04-24,2025-11-07,2025,grain corn,winter wheat,2933.58,70.03749999999991,2.6666666666666665,0.0123866666666666,3,0.05,1,,0.05,-0.3885840286996418,-0.039981276856385,2.143504315027007,0.3156023137375127,-0.8192234335968713,-0.5004445880143354,0.0266666666666666,1,195,81,116,Gated Pipe,10.589933580441759,0.5,49726.49174815755,339.1082506909203,7270694.228767918,4.985049261716259,reconstruction,volume_observation_or_prediction_event
VO_39c87279322973d290da,PE_c629a1c440970481366b,52792.88,Bubbler,60 V Trap,28,False,973,2025-07-14,2025,2,2,CT,OUT,False,TRUE,Gated Pipe,,0.0,,87051.66,True,0.01,0.05,mg/L,SM4500P E (P-Ortho),0.01,0.05,ALS_2023plus,False,2025-04-24,2025-11-07,2025,grain corn,winter wheat,2933.58,70.03749999999991,2.6666666666666665,0.0123866666666666,3,0.05,1,,0.05,-0.3885840286996418,-0.039981276856385,2.143504315027007,0.3156023137375127,-0.8192234335968713,-0.5004445880143354,0.0266666666666666,1,195,81,116,Gated Pipe,10.874150553885466,0.5,51265.06590390742,349.6312380018525,7495650.352233178,4.985049261716259,reconstruction,volume_observation_or_prediction_event
VO_a268fade107365c7c02e,PE_925678de82d1b72f25cc,63508.94,Etape,60 V Trap,28,False,985,2025-07-31,2025,3,1,CT,OUT,False,TRUE,Gated Pipe,"Nitrate, Nitrite, H flag.",0.0,H,92486.37,True,0.01,0.05,mg/L,SM4500P E (P-Ortho),0.01,0.05,ALS_2023plus,False,2025-04-24,2025-11-07,2025,grain corn,winter wheat,2933.58,70.03749999999991,4.666666666666667,0.0115233333333333,3,0.05,1,,0.05,-0.3885840286996418,-0.039981276856385,2.143504315027007,1.3883880033228075,-0.3232990944538781,-0.3431691825386808,0.0466666666666666,1,212,98,99,Gated Pipe,11.05895170806346,0.5,43245.58704618791,294.78248472941624,6323116.113761623,4.985049261716259,reconstruction,volume_observation_or_prediction_event
VO_a8c53b3f7babbd9c73b9,PE_925678de82d1b72f25cc,48014.28,Bubbler,60 V Trap,28,False,985,2025-07-31,2025,3,1,CT,OUT,False,TRUE,Gated Pipe,"Nitrate, Nitrite, H flag.",0.0,H,92486.37,True,0.01,0.05,mg/L,SM4500P E (P-Ortho),0.01,0.05,ALS_2023plus,False,2025-04-24,2025-11-07,2025,grain corn,winter wheat,2933.58,70.03749999999991,4.666666666666667,0.0115233333333333,3,0.05,1,,0.05,-0.3885840286996418,-0.039981276856385,2.143504315027007,1.3883880033228075,-0.3232990944538781,-0.3431691825386808,0.0466666666666666,1,212,98,99,Gated Pipe,10.779274572566056,0.5,45405.63395146706,309.5559983038677,6638938.25109494,4.985049261716259,reconstruction,volume_observation_or_prediction_event
VO_ecc9098c8ab503ccdb6a,PE_889c3098894fb7f72dc8,51762.19,Etape,60 V Trap,28,False,997,2025-07-31,2025,3,2,CT,OUT,False,TRUE,Gated Pipe,"Nitrate, Nitrite, H flag.",0.0,H,90860.75,True,0.01,0.05,mg/L,SM4500P E (P-Ortho),0.01,0.05,ALS_2023plus,False,2025-04-24,2025-11-07,2025,grain corn,winter wheat,2933.58,70.03749999999991,2.6666666666666665,0.0123866666666666,3,0.05,1,,0.05,-0.3885840286996418,-0.039981276856385,2.143504315027007,0.8583927305986827,-0.3232990944538781,-0.3902130992608855,0.0266666666666666,1,212,98,99,Gated Pipe,10.854434557878477,0.5,43600.34729683287,297.2088465671014,6374985.88581415,4.985049261716259,reconstruction,volume_observation_or_prediction_event
VO_b15c96e4dd0a5bb349e0,PE_889c3098894fb7f72dc8,48378.31,Bubbler,60 V Trap,28,False,997,2025-07-31,2025,3,2,CT,OUT,False,TRUE,Gated Pipe,"Nitrate, Nitrite, H flag.",0.0,H,90860.75,True,0.01,0.05,mg/L,SM4500P E (P-Ortho),0.01,0.05,ALS_2023plus,False,2025-04-24,2025-11-07,2025,grain corn,winter wheat,2933.58,70.03749999999991,2.6666666666666665,0.0123866666666666,3,0.05,1,,0.05,-0.3885840286996418,-0.039981276856385,2.143504315027007,0.8583927305986827,-0.3232990944538781,-0.3902130992608855,0.0266666666666666,1,212,98,99,Gated Pipe,10.78682752197054,0.5,43479.534288200615,296.38255311086357,6357321.7218968505,4.985049261716259,reconstruction,volume_observation_or_prediction_event
VO_22a82a5a33bfaf9a7901,PE_4cb0e3ba94af8d5a7079,44112.36,Etape,60 V Trap,28,False,1009,2025-08-11,2025,4,1,CT,OUT,False,TRUE,Gated Pipe,,0.0,,93182.2,True,0.01,0.05,mg/L,SM4500P E (P-Ortho),0.01,0.05,ALS_2023plus,False,2025-04-24,2025-11-07,2025,grain corn,winter wheat,2933.58,70.03749999999991,4.666666666666667,0.0115233333333333,3,0.05,1,,0.05,-0.3885840286996418,-0.039981276856385,2.143504315027007,0.5132441799661084,0.1726252446891151,-0.3230325155606589,0.0466666666666666,1,223,109,88,Gated Pipe,10.69451796340131,0.5,42960.23103997836,292.830809133398,6281393.9902458135,4.985049261716259,reconstruction,volume_observation_or_prediction_event
VO_16fcf8fc64a451c59bc7,PE_4cb0e3ba94af8d5a7079,36259.61,Bubbler,60 V Trap,28,False,1009,2025-08-11,2025,4,1,CT,OUT,False,TRUE,Gated Pipe,,0.0,,93182.2,True,0.01,0.05,mg/L,SM4500P E (P-Ortho),0.01,0.05,ALS_2023plus,False,2025-04-24,2025-11-07,2025,grain corn,winter wheat,2933.58,70.03749999999991,4.666666666666667,0.0115233333333333,3,0.05,1,,0.05,-0.3885840286996418,-0.039981276856385,2.143504315027007,0.5132441799661084,0.1726252446891151,-0.3230325155606589,0.0466666666666666,1,223,109,88,Gated Pipe,10.498487307112732,0.5,45177.68963456586,307.9969865751276,6605610.335307197,4.985049261716259,reconstruction,volume_observation_or_prediction_event
VO_4c1d12b375e3f4d42c03,PE_b97c1528d04a3375b3cc,38777.88,Etape,60 V Trap,28,False,1021,2025-08-11,2025,4,2,CT,OUT,False,TRUE,Gated Pipe,,0.0,,90517.24,True,0.01,0.05,mg/L,SM4500P E (P-Ortho),0.01,0.05,ALS_2023plus,False,2025-04-24,2025-11-07,2025,grain corn,winter wheat,2933.58,70.03749999999991,2.6666666666666665,0.0123866666666666,3,0.05,1,,0.05,-0.3885840286996418,-0.039981276856385,2.143504315027007,0.2725606562304887,0.1726252446891151,-0.4001539561851632,0.0266666666666666,1,223,109,88,Gated Pipe,10.565631047513156,0.5,39403.06172616644,268.5017591411104,5761297.49937846,4.985049261716259,reconstruction,volume_observation_or_prediction_event
VO_9a45c71fee4696a87a5b,PE_b97c1528d04a3375b3cc,39097.92,Bubbler,60 V Trap,28,False,1021,2025-08-11,2025,4,2,CT,OUT,False,TRUE,Gated Pipe,,0.0,,90517.24,True,0.01,0.05,mg/L,SM4500P E (P-Ortho),0.01,0.05,ALS_2023plus,False,2025-04-24,2025-11-07,2025,grain corn,winter wheat,2933.58,70.03749999999991,2.6666666666666665,0.0123866666666666,3,0.05,1,,0.05,-0.3885840286996418,-0.039981276856385,2.143504315027007,0.2725606562304887,0.1726252446891151,-0.4001539561851632,0.0266666666666666,1,223,109,88,Gated Pipe,10.573850124108601,0.5,41065.54069212765,279.87218610306286,6004369.841473597,4.985049261716259,reconstruction,volume_observation_or_prediction_event
VO_a82940176737c18ebc89,PE_0fad74322d462907ef22,36177.76,Etape,60 V Trap,28,False,1033,2025-08-19,2025,5,1,CT,OUT,False,TRUE,Gated Pipe,,0.136,,114678.73,True,0.01,0.05,mg/L,SM4500P E (P-Ortho),0.01,0.05,ALS_2023plus,False,2025-04-24,2025-11-07,2025,grain corn,winter wheat,2933.58,70.03749999999991,4.666666666666667,0.0115233333333333,3,0.05,0,0.136,0.05,1.2178228689770954,-0.039981276856385,2.143504315027007,0.1552472454134159,0.6685495838321084,0.2990568824145005,0.0466666666666666,1,231,117,80,Gated Pipe,10.496227485282901,0.5,53348.55203280954,363.88111865596676,7800278.478930801,4.985049261716259,reconstruction,volume_observation_or_prediction_event
VO_9e86117496dca6aa28c9,PE_0fad74322d462907ef22,50841.3,Bubbler,60 V Trap,28,False,1033,2025-08-19,2025,5,1,CT,OUT,False,TRUE,Gated Pipe,,0.136,,114678.73,True,0.01,0.05,mg/L,SM4500P E (P-Ortho),0.01,0.05,ALS_2023plus,False,2025-04-24,2025-11-07,2025,grain corn,winter wheat,2933.58,70.03749999999991,4.666666666666667,0.0115233333333333,3,0.05,0,0.136,0.05,1.2178228689770954,-0.039981276856385,2.143504315027007,0.1552472454134159,0.6685495838321084,0.2990568824145005,0.0466666666666666,1,231,117,80,Gated Pipe,10.836483964248623,0.5,61436.92534674767,419.2010715035894,8982885.829407563,4.985049261716259,reconstruction,volume_observation_or_prediction_event
VO_433b80286e90be105e15,PE_8bea0725fba879dbbdde,61114.43,Etape,60 V Trap,28,False,1045,2025-08-19,2025,5,2,CT,OUT,False,TRUE,Gated Pipe,,0.136,,111736.07,True,0.01,0.05,mg/L,SM4500P E (P-Ortho),0.01,0.05,ALS_2023plus,False,2025-04-24,2025-11-07,2025,grain corn,winter wheat,2933.58,70.03749999999991,2.6666666666666665,0.0123866666666666,3,0.05,0,0.136,0.05,1.2178228689770954,-0.039981276856385,2.143504315027007,1.280351399113929,0.6685495838321084,0.213899064485487,0.0266666666666666,1,231,117,80,Gated Pipe,11.020519650102507,0.5,53906.72272902269,367.69869425453936,7881889.050369796,4.985049261716259,reconstruction,volume_observation_or_prediction_event
VO_431be0ed7324529d69f3,PE_8bea0725fba879dbbdde,68249.34,Bubbler,60 V Trap,28,False,1045,2025-08-19,2025,5,2,CT,OUT,False,TRUE,Gated Pipe,,0.136,,111736.07,True,0.01,0.05,mg/L,SM4500P E (P-Ortho),0.01,0.05,ALS_2023plus,False,2025-04-24,2025-11-07,2025,grain corn,winter wheat,2933.58,70.03749999999991,2.6666666666666665,0.0123866666666666,3,0.05,0,0.136,0.05,1.2178228689770954,-0.039981276856385,2.143504315027007,1.280351399113929,0.6685495838321084,0.213899064485487,0.0266666666666666,1,231,117,80,Gated Pipe,11.13093769471978,0.5,61271.59913339342,418.0703326056366,8958713.355221417,4.985049261716259,reconstruction,volume_observation_or_prediction_event
VO_244d542a4ac0cbbb89fe,PE_82e7d49e1994b46e0b79,44394.46,Etape,60 V Trap,28,False,1057,2025-09-03,2025,6,1,CT,OUT,False,TRUE,Gated Pipe,,0.0,,120526.17,True,0.01,0.05,mg/L,SM4500P E (P-Ortho),0.01,0.05,ALS_2023plus,False,2025-04-24,2025-11-07,2025,grain corn,winter wheat,2933.58,70.03749999999991,4.666666666666667,0.0115233333333333,3,0.05,1,,0.05,-0.3885840286996418,-0.039981276856385,2.143504315027007,0.5259720975974086,1.1644739229751015,0.4682763066330078,0.0466666666666666,1,246,132,65,Gated Pipe,10.700892490939946,0.5,43500.73234857964,296.52753599618705,6360421.106785141,4.985049261716259,reconstruction,volume_observation_or_prediction_event
VO_33497475958ce1cc9693,PE_82e7d49e1994b46e0b79,39692.42,Bubbler,60 V Trap,28,False,1057,2025-09-03,2025,6,1,CT,OUT,False,TRUE,Gated Pipe,,0.0,,120526.17,True,0.01,0.05,mg/L,SM4500P E (P-Ortho),0.01,0.05,ALS_2023plus,False,2025-04-24,2025-11-07,2025,grain corn,winter wheat,2933.58,70.03749999999991,4.666666666666667,0.0115233333333333,3,0.05,1,,0.05,-0.3885840286996418,-0.039981276856385,2.143504315027007,0.5259720975974086,1.1644739229751015,0.4682763066330078,0.0466666666666666,1,246,132,65,Gated Pipe,10.588940709865334,0.5,46124.358759544564,314.4716742933462,6744023.564051227,4.985049261716259,reconstruction,volume_observation_or_prediction_event
VO_c560cc1113afa47a7b40,PE_83914ef2f9bb7c9708f6,38869.78,Etape,60 V Trap,28,False,1069,2025-09-03,2025,6,2,CT,OUT,False,TRUE,Gated Pipe,,0.0,,110972.5,True,0.01,0.05,mg/L,SM4500P E (P-Ortho),0.01,0.05,ALS_2023plus,False,2025-04-24,2025-11-07,2025,grain corn,winter wheat,2933.58,70.03749999999991,2.6666666666666665,0.0123866666666666,3,0.05,1,,0.05,-0.3885840286996418,-0.039981276856385,2.143504315027007,0.2767070427257616,1.1644739229751015,0.1918020654995159,0.0266666666666666,1,246,132,65,Gated Pipe,10.567998090534564,0.5,47209.90319679183,321.8961915295912,6902741.860169624,4.985049261716259,reconstruction,volume_observation_or_prediction_event
VO_f7a4f567d129b388ba4a,PE_83914ef2f9bb7c9708f6,37671.65,Bubbler,60 V Trap,28,False,1069,2025-09-03,2025,6,2,CT,OUT,False,TRUE,Gated Pipe,,0.0,,110972.5,True,0.01,0.05,mg/L,SM4500P E (P-Ortho),0.01,0.05,ALS_2023plus,False,2025-04-24,2025-11-07,2025,grain corn,winter wheat,2933.58,70.03749999999991,2.6666666666666665,0.0123866666666666,3,0.05,1,,0.05,-0.3885840286996418,-0.039981276856385,2.143504315027007,0.2767070427257616,1.1644739229751015,0.1918020654995159,0.0266666666666666,1,246,132,65,Gated Pipe,10.536689645968636,0.5,50965.29345662668,347.5809620063059,7451820.389660394,4.985049261716259,reconstruction,volume_observation_or_prediction_event
VO_8eae3c0d3282cc8e94ef,PE_efcf4c194b534528d101,37260.96,Etape,60 V Trap,28,False,1081,2025-09-14,2025,7,1,CT,OUT,,,Gated Pipe,"This event was skipped because it occurred over the weekend. kerbel irrigated differently, ct1, mt2 at same time, mt1, st2 same time, st1, ct2 same time",,,,False,0.01,0.05,mg/L,SM4500P E (P-Ortho),0.01,0.05,ALS_2023plus,False,2025-04-24,2025-11-07,2025,grain corn,winter wheat,2933.58,70.03749999999991,4.666666666666667,0.0115233333333333,3,0.05,0,,0.05,,-0.039981276856385,2.143504315027007,0.2041195615361538,1.6603982621180948,,0.0466666666666666,1,257,143,54,Gated Pipe,10.525728246100039,0.5,34402.46945023922,234.30050282202117,5030157.01504175,4.985049261716259,reconstruction,volume_observation_or_prediction_event
VO_e0891d39ae0ae18e2a3d,PE_efcf4c194b534528d101,33950.0,Bubbler,60 V Trap,28,False,1081,2025-09-14,2025,7,1,CT,OUT,,,Gated Pipe,"This event was skipped because it occurred over the weekend. kerbel irrigated differently, ct1, mt2 at same time, mt1, st2 same time, st1, ct2 same time",,,,False,0.01,0.05,mg/L,SM4500P E (P-Ortho),0.01,0.05,ALS_2023plus,False,2025-04-24,2025-11-07,2025,grain corn,winter wheat,2933.58,70.03749999999991,4.666666666666667,0.0115233333333333,3,0.05,0,,0.05,,-0.039981276856385,2.143504315027007,0.2041195615361538,1.6603982621180948,,0.0466666666666666,1,257,143,54,Gated Pipe,10.432673587634051,0.5,40005.330008307385,272.62093758113645,5849355.613139299,4.985049261716259,reconstruction,volume_observation_or_prediction_event
VO_84a69f0598984aa57a26,PE_35b1dac5ac7ee3e06b10,53468.65,Bubbler,60 V Trap,28,False,1093,2025-09-15,2025,7,2,CT,OUT,,,Gated Pipe,"This event was skipped because it occurred over the weekend. kerbel irrigated differently, ct1, mt2 at same time, mt1, st2 same time, st1, ct2 same time. No outflow, etape broken",,,,False,0.01,0.05,mg/L,SM4500P E (P-Ortho),0.01,0.05,ALS_2023plus,False,2025-04-24,2025-11-07,2025,grain corn,winter wheat,2933.58,70.03749999999991,2.6666666666666665,0.0123866666666666,3,0.05,0,,0.05,,-0.039981276856385,2.143504315027007,,1.6603982621180948,,0.0266666666666666,1,258,144,53,Gated Pipe,10.88686948219478,1.0,38708.36939832489,263.75045188460984,5659725.994041347,4.985049261716259,reconstruction,volume_observation_or_prediction_event
VO_50734cccc986d0b2c6af,PE_a1af202868cfe3ffc2d4,21021.89,Transducer,Weir,14,False,1,2011-06-30,2011,1,1,MT,OUT,False,AC,Siphon,"OG Sample IDS: NT1-T1, NT1-T2, NT1-T3. The sample ID has been modifed to fit with the ""modern"" IDs. The values represent the average between the three. NT represents No Till",0.01,,55761.14,True,0.34,0.75,MG/L,EPA300.0 [300OPHOS]_W,0.34,0.75,CSU_assumed_from_ALS_pre2023,True,2011-05-04,2011-11-15,2011,grain corn,grain corn,39.0,39.0,,0.469572,0,0.75,0,0.01,0.75,-0.2704658744587053,-0.6570217412747207,-1.385104399542572,-0.5285622724550484,-1.3151477727398646,-1.4059628623185925,,1,181,57,138,Siphon,9.953367123086883,1.0,9684.70789816657,65.24482864794233,1416153.8818727345,4.985049261716259,reconstruction,volume_observation_or_prediction_event
VO_342104113d1a9e977121,PE_0e62f85581840cc2b939,30170.24,Transducer,Weir,14,False,7,2011-07-18,2011,2,1,MT,OUT,False,AC,Siphon,"OG Sample IDS: NT1 I2 T1, NT1 I2 T2, NT1 I2 T3. The sample ID has been modifed to fit with the ""modern"" IDs. The values represent the average between the three. NT represents No Till  NT1 I2 T2 value used in this sheet is the average between the sample and its dupe",0.0,,105994.38,True,0.34,0.75,MG/L,EPA300.0 [300OPHOS]_W,0.34,0.75,CSU_assumed_from_ALS_pre2023,True,2011-05-04,2011-11-15,2011,grain corn,grain corn,39.0,39.0,,0.469572,0,0.75,1,,0.75,-0.3885840286996418,-0.6570217412747207,-1.385104399542572,-0.1158028067963982,-0.8192234335968713,0.0477399459924095,,1,199,75,120,Siphon,10.3146444317394,1.0,27538.46085692325,187.3545203617931,4026564.982240427,4.985049261716259,reconstruction,volume_observation_or_prediction_event
VO_41b0d4fc510f3f8f9f65,PE_c5a528f80c9645768ba8,36672.87,Transducer,Weir,14,False,10,2011-07-19,2011,2,2,MT,OUT,False,AC,Siphon,"OG Sample IDS: NT2 I2 T1, NT2 I2 T2, NT2 I2 T3. The sample ID has been modifed to fit with the ""modern"" IDs. The values represent the average between the three. NT represents No Till",0.0,,129724.88,True,0.34,0.75,MG/L,EPA300.0 [300OPHOS]_W,0.34,0.75,CSU_assumed_from_ALS_pre2023,True,2011-05-04,2011-11-15,2011,grain corn,grain corn,39.0,39.0,,0.567345,0,0.75,1,,0.75,-0.3885840286996418,-0.6570217412747207,-1.385104399542572,0.1775858462586235,-0.8192234335968713,0.7344783385910998,,1,200,76,119,Siphon,10.50981979135723,1.0,21960.241394443983,149.2026169245126,3210969.1778859664,4.985049261716259,reconstruction,volume_observation_or_prediction_event
VO_e97aa2a86df9aadc5deb,PE_25a069f91e769778ceb1,39550.81,Transducer,Weir,14,False,13,2011-07-28,2011,3,1,MT,OUT,,AC,Siphon,,,,101295.36,False,0.34,0.75,MG/L,EPA300.0 [300OPHOS]_W,0.34,0.75,CSU_assumed_from_ALS_pre2023,True,2011-05-04,2011-11-15,2011,grain corn,grain corn,39.0,39.0,,0.469572,0,0.75,0,,0.75,,-0.6570217412747207,-1.385104399542572,0.3074340676972056,-0.3232990944538781,-0.0882452815244611,,1,209,85,110,Siphon,10.585366737003236,1.0,29500.495201357244,200.7737386899662,4313435.549109177,4.985049261716259,reconstruction,volume_observation_or_prediction_event
VO_c1f4c3982e04fc6bdf7d,PE_bd946a490a6a02b814d8,19322.43,Transducer,Weir,14,False,28,2011-08-19,2011,5,2,MT,OUT,,AC,Siphon,,,,116630.57,False,0.34,0.75,MG/L,EPA300.0 [300OPHOS]_W,0.34,0.75,CSU_assumed_from_ALS_pre2023,True,2011-05-04,2011-11-15,2011,grain corn,grain corn,39.0,39.0,,0.567345,0,0.75,0,,0.75,,-0.6570217412747207,-1.385104399542572,-0.6052392908800375,0.6685495838321084,0.3555412996922585,,1,231,107,88,Siphon,9.8690736282407,1.0,19626.92874010226,133.2440624652973,2869813.720678038,4.985049261716259,reconstruction,volume_observation_or_prediction_event
VO_4de60d5086067a05855f,PE_1c08c9b34f6246b4404a,23694.1,Transducer,Weir,14,False,34,2011-08-29,2011,6,2,MT,OUT,,AC,Siphon,,,,102616.02,False,0.34,0.75,MG/L,EPA300.0 [300OPHOS]_W,0.34,0.75,CSU_assumed_from_ALS_pre2023,True,2011-05-04,2011-11-15,2011,grain corn,grain corn,39.0,39.0,,0.567345,0,0.75,0,,0.75,,-0.6570217412747207,-1.385104399542572,-0.4079962718398881,1.1644739229751015,-0.0500266209159872,,1,241,117,78,Siphon,10.073023554692424,1.0,17332.418741621354,117.55089648523195,2534331.6299503567,4.985049261716259,reconstruction,volume_observation_or_prediction_event
VO_2c1681352cce70a38003,PE_85b82d911b19837912fd,0.0,Transducer,10 V,1,True,14486,2012-06-03,2012,2,1,MT,OUT,,,Siphon,,,,110088.74,False,,,,,,,CSU_assumed_from_ALS_pre2023,True,2012-05-03,2012-11-01,2012,grain corn,grain corn,97.3375,21.125,,1.9089795124444444,0,,0,,,,-1.0123853595261192,-1.3139886553288336,-1.4770375804105724,-0.8192234335968713,0.1662268807439055,,1,155,31,151,Siphon,0.0,1.0,4339.380486992865,28.68577667742196,634609.405399859,4.985049261716259,reconstruction,volume_observation_or_prediction_event
VO_1a0cbbd90baab0213ec1,PE_811c07f400f93b952493,0.0,Transducer,10 V,1,True,14489,2012-06-04,2012,2,2,MT,OUT,,,Siphon,,,,131764.71,False,,,,,,,CSU_assumed_from_ALS_pre2023,True,2012-05-03,2012-11-01,2012,grain corn,grain corn,97.3375,21.125,,1.7652813083333332,0,,0,,,,-1.0123853595261192,-1.3139886553288336,-1.4770375804105724,-0.8192234335968713,0.7935091038667821,,1,156,32,150,Siphon,0.0,1.0,6.9770672435647905,0.0,1165.3332033933982,4.985049261716259,reconstruction,volume_observation_or_prediction_event
VO_8842484f904ae8818320,PE_8af16790d69e5720beb4,18448.0,Transducer,10 V,14,False,49,2012-06-11,2012,3,1,MT,OUT,False,AC,Siphon,"The results are averages of the 3 samples taken at different times. Before cultivation. . No TSS results in the ""2012 sediment load excel file""",,,75177.0,False,0.34,0.75,MG/L,EPA300.0 [300OPHOS]_W,0.34,0.75,CSU_assumed_from_ALS_pre2023,True,2012-05-03,2012-11-01,2012,grain corn,grain corn,111.9625,35.75,,1.9089795124444444,0,0.75,0,,0.75,,-0.7216333082295204,-1.2961601957766429,-0.6446922260602496,-0.3232990944538781,-0.8440861008798867,,1,163,39,143,Siphon,9.822765447457765,1.0,10305.101854752984,69.48797657067345,1506862.164585916,4.985049261716259,reconstruction,volume_observation_or_prediction_event
VO_0e318c3c33a6babb1bdc,PE_0b5193a8a03e4f0d8bb5,24678.0,Transducer,10 V,14,False,52,2012-06-12,2012,3,2,MT,OUT,False,AC,Siphon,"The results are averages of the 3 samples taken at different times. Before cultivation. . No TSS results in the ""2012 sediment load excel file""",,,64962.0,False,0.34,0.75,MG/L,EPA300.0 [300OPHOS]_W,0.34,0.75,CSU_assumed_from_ALS_pre2023,True,2012-05-03,2012-11-01,2012,grain corn,grain corn,111.9625,35.75,,1.7652813083333332,0,0.75,0,,0.75,,-0.7216333082295204,-1.2961601957766429,-0.363604218818136,-0.3232990944538781,-1.1396986113788488,,1,164,40,142,Siphon,10.113707958559848,1.0,280.23105775468866,0.9234632540348915,41118.01159531396,4.985049261716259,reconstruction,volume_observation_or_prediction_event
VO_9feed6dd56be8bec40b9,PE_07bd0606b240e9cbcccc,32998.0,Transducer,10 V,14,False,55,2012-06-26,2012,4,1,MT,OUT,False,AC,Siphon,The results are averages of the 3 samples taken at different times. After cultivation.,,,104096.69,False,0.34,0.75,MG/L,EPA300.0 [300OPHOS]_W,0.34,0.75,CSU_assumed_from_ALS_pre2023,True,2012-05-03,2012-11-01,2012,grain corn,grain corn,129.8375,53.625,,1.9089795124444444,0,0.75,0,,0.75,,-0.3662696899781218,-1.2743698563239654,0.0117813703077685,0.1726252446891151,-0.0071774211195606,,1,178,54,128,Siphon,10.404232536959167,1.0,23089.660154681627,156.9272100085015,3376102.3728785543,4.985049261716259,reconstruction,volume_observation_or_prediction_event
VO_b60a4e82cb9f7957658d,PE_8c0d7751c58738329a33,10852.0,Transducer,10 V,14,False,58,2012-06-27,2012,4,2,MT,OUT,False,AC,Siphon,The results are averages of the 3 samples taken at different times. After cultivation.,,,79589.78,False,0.34,0.75,MG/L,EPA300.0 [300OPHOS]_W,0.34,0.75,CSU_assumed_from_ALS_pre2023,True,2012-05-03,2012-11-01,2012,grain corn,grain corn,129.8375,53.625,,1.7652813083333332,0,0.75,0,,0.75,,-0.3662696899781218,-1.2743698563239654,-0.9874120499785632,0.1726252446891151,-0.7163843902504584,,1,179,55,127,Siphon,9.292196818446016,1.0,12205.625409681157,82.48649547721892,1784739.1910999124,4.985049261716259,reconstruction,volume_observation_or_prediction_event
VO_0f3ca13356fdf5f51a7b,PE_4958e39651cde585bf35,23861.0,Transducer,10 V,14,False,61,2012-07-16,2012,5,1,MT,OUT,False,AC,Siphon,The results are averages of the 3 samples taken at different times. After cultivation.,,,112136.29,False,0.34,0.75,MG/L,EPA300.0 [300OPHOS]_W,0.34,0.75,CSU_assumed_from_ALS_pre2023,True,2012-05-03,2012-11-01,2012,grain corn,grain corn,129.8375,53.625,,1.9089795124444444,0,0.75,0,,0.75,,-0.3662696899781218,-1.2743698563239654,-0.4004660008272542,0.6685495838321084,0.2254810555723094,,1,198,74,108,Siphon,10.080042514435746,1.0,26410.578327020517,179.64043423469056,3861656.400679437,4.985049261716259,reconstruction,volume_observation_or_prediction_event
VO_0a66b90ff550cd58a4f1,PE_a00036fc200dd0b449f6,3672.0,Ruler,10 V,14,False,70,2012-07-25,2012,6,2,MT,OUT,,,Siphon,,,,92670.81,False,0.34,0.75,MG/L,EPA300.0 [300OPHOS]_W,0.34,0.75,ALS_pre2023,False,2012-05-03,2012-11-01,2012,grain corn,grain corn,129.8375,53.625,,1.7652813083333332,0,0.75,0,,0.75,,-0.3662696899781218,-1.2743698563239654,-1.3113625944405818,1.1644739229751015,-0.3378316620847963,,1,207,83,99,Siphon,8.208764045819667,1.0,6410.69010245647,42.8523767851121,937457.1946010974,4.985049261716259,reconstruction,volume_observation_or_prediction_event
VO_7ff54b29d8723b394d27,PE_33825cb09dcd4574ccba,20356.0,Transducer,10 V,14,False,73,2012-07-31,2012,7,1,MT,OUT,False,AC,Siphon,The results are averages of the 3 samples taken at different times. After cultivation.,,,104059.53,False,0.34,0.75,MG/L,EPA300.0 [300OPHOS]_W,0.34,0.75,CSU_assumed_from_ALS_pre2023,True,2012-05-03,2012-11-01,2012,grain corn,grain corn,129.8375,53.625,,1.9089795124444444,0,0.75,0,,0.75,,-0.3662696899781218,-1.2743698563239654,-0.5586062039385878,1.6603982621180948,-0.0082527966349931,,1,213,89,93,Siphon,9.921180112067047,1.0,23681.383289183654,160.97426553239666,3462618.6724048597,4.985049261716259,reconstruction,volume_observation_or_prediction_event
VO_b92c4fa5fd99de613f0f,PE_ea10b0bce1da04c8c035,14799.0,Transducer,10 V,14,False,76,2012-08-01,2012,7,2,MT,OUT,False,AC,Siphon,The results are averages of the 3 samples taken at different times. After cultivation.,,,95881.53,False,0.34,0.75,MG/L,EPA300.0 [300OPHOS]_W,0.34,0.75,CSU_assumed_from_ALS_pre2023,True,2012-05-03,2012-11-01,2012,grain corn,grain corn,129.8375,53.625,,1.7652813083333332,0,0.75,0,,0.75,,-0.3662696899781218,-1.2743698563239654,-0.8093294874449161,1.6603982621180948,-0.2449164394015631,,1,214,90,92,Siphon,9.602382459752207,1.0,14425.579268291964,97.66973913025626,2109320.370654068,4.985049261716259,reconstruction,volume_observation_or_prediction_event
VO_95f1aeb55cf6c6e73d61,PE_7aaeeba2f63dd29a1124,19485.0,Transducer,10 V,14,False,79,2012-08-08,2012,8,1,MT,OUT,,,Siphon,,,,103049.18,False,0.34,0.75,MG/L,EPA300.0 [300OPHOS]_W,0.34,0.75,ALS_pre2023,False,2012-05-03,2012-11-01,2012,grain corn,grain corn,129.8375,53.625,,1.9089795124444444,0,0.75,0,,0.75,,-0.3662696899781218,-1.2743698563239654,-0.597904382800206,2.1563226012610883,-0.0374913771521373,,1,221,97,85,Siphon,9.877451537985287,1.0,23640.24768583006,160.69292099628854,3456604.203857961,4.985049261716259,reconstruction,volume_observation_or_prediction_event
VO_a927acca9a745a847b14,PE_e5c482b9656333a437a6,3890.0,Ruler,10 V,14,False,82,2012-08-09,2012,8,2,MT,OUT,,,Siphon,,,,96715.37,False,0.34,0.75,MG/L,EPA300.0 [300OPHOS]_W,0.34,0.75,ALS_pre2023,False,2012-05-03,2012-11-01,2012,grain corn,grain corn,129.8375,53.625,,1.7652813083333332,0,0.75,0,,0.75,,-0.3662696899781218,-1.2743698563239654,-1.3015267701101194,2.1563226012610883,-0.2207858925827228,,1,222,98,84,Siphon,8.266421472984554,1.0,7420.868241985101,49.76143066744512,1085156.125737084,4.985049261716259,reconstruction,volume_observation_or_prediction_event
VO_76c88ac64691a0fa9ae2,PE_cd1d3cf90952f3527a2f,49284.0,Transducer,10 V,14,False,85,2012-08-19,2012,9,1,MT,OUT,,,Siphon,,,,113946.0,False,0.34,0.75,MG/L,EPA300.0 [300OPHOS]_W,0.34,0.75,ALS_pre2023,False,2012-05-03,2012-11-01,2012,grain corn,grain corn,129.8375,53.625,,1.9089795124444444,0,0.75,0,,0.75,,-0.3662696899781218,-1.2743698563239654,0.746580613637634,2.6522469404040816,0.2778523640769672,,1,232,108,74,Siphon,10.805375054099539,1.0,28800.65369385553,195.98721392248436,4211111.17821076,4.985049261716259,reconstruction,volume_observation_or_prediction_event
VO_42efda270fb1c33cfe0b,PE_583e08d54fe3d6ce6904,3839.0,Ruler,10 V,14,False,88,2012-08-20,2012,9,2,MT,OUT,,,Siphon,,,,89521.56,False,0.34,0.75,MG/L,EPA300.0 [300OPHOS]_W,0.34,0.75,ALS_pre2023,False,2012-05-03,2012-11-01,2012,grain corn,grain corn,129.8375,53.625,,1.7652813083333332,0,0.75,0,,0.75,,-0.3662696899781218,-1.2743698563239654,-1.3038278115819248,2.6522469404040816,-0.4289680006740138,,1,233,109,73,Siphon,8.253227645581772,1.0,5738.876233837,38.25754540284087,839230.766573533,4.985049261716259,reconstruction,volume_observation_or_prediction_event
VO_8390b5013e665bd79be5,PE_d0efe58a011c972e0fd6,3932.0,Ruler,10 V,14,False,94,2012-08-31,2012,10,2,MT,OUT,,,Siphon,,,,89018.96,False,0.34,0.75,MG/L,EPA300.0 [300OPHOS]_W,0.34,0.75,ALS_pre2023,False,2012-05-03,2012-11-01,2012,grain corn,grain corn,129.8375,53.625,,1.7652813083333332,0,0.75,0,,0.75,,-0.3662696899781218,-1.2743698563239654,-1.2996317947803973,3.148171279547075,-0.4435127728499096,,1,244,120,62,Siphon,8.27715777243181,1.0,4744.4952422695305,31.45653518348177,693841.5487223233,4.985049261716259,reconstruction,volume_observation_or_prediction_event
VO_d0236b09557471b1a037,PE_5c824ba706238796f548,22667.0,Transducer,10 V,14,False,103,2013-07-02,2013,2,1,MT,OUT,False,AC,Siphon,The analyte values are averages of 6 samples over the irrigation period,,,,False,0.34,0.75,MG/L,EPA300.0 [300OPHOS]_W,0.34,0.75,CSU_assumed_from_ALS_pre2023,True,2013-05-14,2013-09-30,2013,silage corn,grain corn,211.16875,44.11874999999998,,,0,0.75,0,,0.75,,-0.5552585233209115,-1.1752238118142828,-0.45433744234364,-0.8192234335968713,,,1,183,49,90,Siphon,10.02870951728951,1.0,27996.971351852222,190.4904758840118,4093604.1581695764,4.985049261716259,reconstruction,volume_observation_or_prediction_event
VO_40d5268313cc202f3868,PE_c02065fb3d43fb398d43,25396.0,Transducer,10 V,14,False,106,2013-07-03,2013,2,2,MT,OUT,False,AC,Siphon,The analyte values are averages of 6 samples over the irrigation period,,,104886.19,False,0.34,0.75,MG/L,EPA300.0 [300OPHOS]_W,0.34,0.75,CSU_assumed_from_ALS_pre2023,True,2013-05-14,2013-09-30,2013,silage corn,grain corn,211.16875,44.11874999999998,,,0,0.75,0,,0.75,,-0.5552585233209115,-1.1752238118142828,-0.3312091643719341,-0.8192234335968713,0.0156699677241917,,1,184,50,89,Siphon,10.142386335794844,1.0,27217.90043551584,185.16206624169047,3979695.5938091264,4.985049261716259,reconstruction,volume_observation_or_prediction_event
VO_d6854bc65e8831b70d43,PE_fe19d0d3a12daec9e720,26640.0,Transducer,10 V,14,False,109,2013-07-11,2013,3,1,MT,OUT,,,Siphon,"This date was determined by the ""2013_DataLogger"" file, assumed to be soil moisture sensors",,,87604.56,False,0.34,0.75,MG/L,EPA300.0 [300OPHOS]_W,0.34,0.75,CSU_assumed_from_ALS_pre2023,True,2013-05-14,2013-09-30,2013,silage corn,grain corn,211.16875,44.11874999999998,,,0,0.75,0,,0.75,,-0.5552585233209115,-1.1752238118142828,-0.2750817998439743,-0.3232990944538781,-0.4844441810584006,,1,192,58,81,Siphon,10.190206661487347,1.0,31110.7109869945,211.78671470857432,4548866.450977525,4.985049261716259,reconstruction,volume_observation_or_prediction_event
VO_a9fc5ffb70c7f2528d03,PE_8a1eba2ae7402d4af020,26640.0,Transducer,10 V,14,False,112,2013-07-12,2013,3,2,MT,OUT,,,Siphon,"This date was determined by the ""2013_DataLogger"" file, assumed to be soil moisture sensors",,,131657.14,False,0.34,0.75,MG/L,EPA300.0 [300OPHOS]_W,0.34,0.75,CSU_assumed_from_ALS_pre2023,True,2013-05-14,2013-09-30,2013,silage corn,grain corn,211.16875,44.11874999999998,,,0,0.75,0,,0.75,,-0.5552585233209115,-1.1752238118142828,-0.2750817998439743,-0.3232990944538781,0.7903961290499082,,1,193,59,80,Siphon,10.190206661487347,1.0,11703.300943377106,79.05087687857421,1711293.9403531647,4.985049261716259,reconstruction,volume_observation_or_prediction_event
VO_7d17170cada3e7db1bc5,PE_046aab43b1be567757c6,43016.0,Transducer,10 V,14,False,124,2013-08-09,2013,5,2,MT,OUT,,,Siphon,,,,,False,0.34,0.75,MG/L,EPA300.0 [300OPHOS]_W,0.34,0.75,CSU_assumed_from_ALS_pre2023,True,2013-05-14,2013-09-30,2013,silage corn,grain corn,211.16875,44.11874999999998,,,0,0.75,0,,0.75,,-0.5552585233209115,-1.1752238118142828,0.4637781049067241,0.6685495838321084,,,1,221,87,52,Siphon,10.66935066538315,1.0,20572.539772583274,139.71151342220324,3008072.244895374,4.985049261716259,reconstruction,volume_observation_or_prediction_event
VO_d4506d081e777c23c78c,PE_dd1d5a514db9388c15e4,29663.0,Transducer,10 V,14,False,127,2013-08-19,2013,6,1,MT,OUT,False,AC,Siphon,The analyte values are averages of 6 samples over the irrigation period,,,108000.0,False,0.34,0.75,MG/L,EPA300.0 [300OPHOS]_W,0.34,0.75,CSU_assumed_from_ALS_pre2023,True,2013-05-14,2013-09-30,2013,silage corn,grain corn,211.16875,44.11874999999998,,,0,0.75,0,,0.75,,-0.5552585233209115,-1.1752238118142828,-0.1386886945642136,1.1644739229751015,0.1057807059832981,,1,231,97,42,Siphon,10.297689468365581,1.0,36537.36222213288,248.90197618284765,5342301.346976879,4.985049261716259,reconstruction,volume_observation_or_prediction_event
VO_d87cfea461687511bbba,PE_d6f7b1c2842ab834db1c,22921.0,Transducer,10 V,14,False,130,2013-08-20,2013,6,2,MT,OUT,False,AC,Siphon,The analyte values are averages of 6 samples over the irrigation period,,,102400.0,False,0.34,0.75,MG/L,EPA300.0 [300OPHOS]_W,0.34,0.75,CSU_assumed_from_ALS_pre2023,True,2013-05-14,2013-09-30,2013,silage corn,grain corn,211.16875,44.11874999999998,,,0,0.75,0,,0.75,,-0.5552585233209115,-1.1752238118142828,-0.4428773534448444,1.1644739229751015,-0.0562780369236218,,1,232,98,41,Siphon,10.039852427056644,1.0,23262.94582551253,158.11238714702637,3401438.6055304008,4.985049261716259,reconstruction,volume_observation_or_prediction_event
VO_ce586702ab18b2b4dd4c,PE_5a6b03e4c7fad430f407,41842.0,Transducer,10 V,14,False,133,2013-08-28,2013,7,1,MT,OUT,,,Siphon,,,,,False,0.34,0.75,MG/L,EPA300.0 [300OPHOS]_W,0.34,0.75,CSU_assumed_from_ALS_pre2023,True,2013-05-14,2013-09-30,2013,silage corn,grain corn,211.16875,44.11874999999998,,,0,0.75,0,,0.75,,-0.5552585233209115,-1.1752238118142828,0.4108090325949679,1.6603982621180948,,,1,240,106,33,Siphon,10.6416797978892,1.0,34811.51726637166,237.0981612661332,5089964.214249665,4.985049261716259,reconstruction,volume_observation_or_prediction_event
VO_33e2a748c4ac9b26fa82,PE_0f1144623ac4500b5b31,20403.0,Transducer,10 V,14,False,136,2013-08-29,2013,7,2,MT,OUT,,,Siphon,,,,,False,0.34,0.75,MG/L,EPA300.0 [300OPHOS]_W,0.34,0.75,CSU_assumed_from_ALS_pre2023,True,2013-05-14,2013-09-30,2013,silage corn,grain corn,211.16875,44.11874999999998,,,0,0.75,0,,0.75,,-0.5552585233209115,-1.1752238118142828,-0.5564856363077083,1.6603982621180948,,,1,241,107,32,Siphon,9.923486239042818,1.0,16325.665657845957,110.66526806997558,2387133.4788788348,4.985049261716259,reconstruction,volume_observation_or_prediction_event
VO_df95d838229c9f817d3d,PE_b97599d9b9e5ae17b264,0.0,Bubbler,10 V,8,True,142,2014-07-01,2014,1,1,MT,OUT,True,FALSE,Siphon,TSS result is average of duplicate tests,0.003,,126691.33,True,0.34,0.75,MG/L,EPA300.0 [300OPHOS]_W,0.34,0.75,CSU_assumed_from_ALS_pre2023,True,2014-05-06,2014-12-02,2014,grain corn,silage corn,256.60375,38.935,,,0,0.75,0,0.003,0.75,-0.3531485824273609,-0.6583139726138166,-1.119836730805477,-1.4770375804105724,-1.3151477727398646,0.6466902493865841,,1,182,56,154,Siphon,0.0,1.0,1016.9545899048406,5.962240456621384,148834.93199123602,4.985049261716259,reconstruction,volume_observation_or_prediction_event
VO_f609019c7391318d1f35,PE_f83de60e775599936d85,0.0,Bubbler,10 V,8,True,152,2014-07-02,2014,1,2,MT,OUT,True,FALSE,Siphon,OG sample ID is MT2 I1 S1,0.003,,136319.18,True,0.34,0.75,MG/L,EPA300.0 [300OPHOS]_W,0.34,0.75,CSU_assumed_from_ALS_pre2023,True,2014-05-06,2014-12-02,2014,grain corn,silage corn,256.60375,38.935,,,0,0.75,0,0.003,0.75,-0.3531485824273609,-0.6583139726138166,-1.119836730805477,-1.4770375804105724,-1.3151477727398646,0.9253111900823678,,1,183,57,153,Siphon,0.0,1.0,5.167038121344934,0.0,900.6874382399106,4.985049261716259,reconstruction,volume_observation_or_prediction_event
VO_2e6b7f93a88326712e15,PE_559d5b969541ecc23c57,4532.54,Transducer,10 V,14,False,159,2014-07-21,2014,2,1,MT,OUT,,,Siphon,,,,104096.39,False,0.34,0.75,MG/L,EPA300.0 [300OPHOS]_W,0.34,0.75,ALS_pre2023,False,2014-05-06,2014-12-02,2014,grain corn,silage corn,256.60375,38.935,,,0,0.75,0,,0.75,,-0.6583139726138166,-1.119836730805477,-1.2725363546729849,-0.8192234335968713,-0.0071861028379307,,1,202,76,134,Siphon,8.419258370252216,1.0,12409.68584580854,83.88215481024938,1814575.0261113704,4.985049261716259,reconstruction,volume_observation_or_prediction_event
VO_d218a2da30debf54a655,PE_63cef88e1825f6e45ab9,6588.17,Bubbler,10 V,14,False,177,2014-08-05,2014,3,2,MT,OUT,True,FALSE,Siphon,,,,89737.01,False,0.34,0.75,MG/L,EPA300.0 [300OPHOS]_W,0.34,0.75,CSU_assumed_from_ALS_pre2023,True,2014-05-06,2014-12-02,2014,grain corn,silage corn,256.60375,38.935,,,0,0.75,0,,0.75,,-0.6583139726138166,-1.119836730805477,-1.17978949426735,-0.3232990944538781,-0.4227330799312825,,1,217,91,119,Siphon,8.793182671157709,1.0,16902.22334980942,114.60860044292507,2471432.4272613158,4.985049261716259,reconstruction,volume_observation_or_prediction_event
VO_f53bc17a9cc5a40f3dfd,PE_58af3a878dcddfaf97e1,25208.86,Transducer,10 V,14,False,185,2014-08-17,2014,4,1,MT,OUT,False,,Siphon,,,,120960.0,False,0.34,0.75,MG/L,EPA300.0 [300OPHOS]_W,0.34,0.75,CSU_assumed_from_ALS_pre2023,True,2014-05-06,2014-12-02,2014,grain corn,silage corn,256.60375,38.935,,,0,0.75,0,,0.75,,-0.6583139726138166,-1.119836730805477,-0.339652633019653,0.1726252446891151,0.4808309395678845,,1,229,103,107,Siphon,10.1349904668147,1.0,20955.831143905896,142.33301217918188,3064113.5742834895,4.985049261716259,reconstruction,volume_observation_or_prediction_event
VO_4e423abae0bbaa2c2128,PE_2673c87d59229693c050,46602.43,Transducer,10 V,14,False,190,2014-08-18,2014,4,2,MT,OUT,False,,Siphon,,,,,False,0.34,0.75,MG/L,EPA300.0 [300OPHOS]_W,0.34,0.75,ALS_pre2023,False,2014-05-06,2014-12-02,2014,grain corn,silage corn,256.60375,38.935,,,0,0.75,0,,0.75,,-0.6583139726138166,-1.119836730805477,0.625592304234707,0.1726252446891151,,,1,230,104,106,Siphon,10.749429422555226,1.0,25693.32114856288,174.73479601154872,3756785.67099087,4.985049261716259,reconstruction,volume_observation_or_prediction_event
VO_ed39a9cd86a5479af01d,PE_4647421f35968219feb8,1146.86,Bubbler,10 V,28,False,201,2015-07-06,2015,1,1,MT,OUT,False,AC,Siphon,"Analytical composite. Average of MT1 I1 bottles 2, 4, 6, 8",0.0,,139707.11,True,0.34,0.75,MG/L,EPA300.0 [300OPHOS]_W,0.34,0.75,CSU_assumed_from_ALS_pre2023,True,2015-04-30,2015-11-16,2015,grain corn,grain corn,331.77625,37.96000000000004,43.0,0.2460526315,2,0.75,1,,0.75,-0.3885840286996418,-0.6776974427002557,-1.028198448707217,-1.4252930231094985,-1.3151477727398646,1.023354703806768,0.43,1,187,67,133,Siphon,7.045654618223345,1.0,2321.995946646945,14.887993944626489,339646.04335522663,4.985049261716259,reconstruction,volume_observation_or_prediction_event
VO_76c3927d37f30861c4c3,PE_1c5f8a42bc0b4fea4d7a,12921.99,Bubbler,10 V,28,False,207,2015-07-07,2015,1,2,MT,OUT,False,AC,Siphon,"Analytical composite. Average of MT2 I1 bottles 2, 4, 6,10",0.0,,114349.32,True,0.34,0.75,MG/L,EPA300.0 [300OPHOS]_W,0.34,0.75,CSU_assumed_from_ALS_pre2023,True,2015-04-30,2015-11-16,2015,grain corn,grain corn,331.77625,37.96000000000004,36.0,0.1942982455,2,0.75,1,,0.75,-0.3885840286996418,-0.6776974427002557,-1.028198448707217,-0.8940172884840042,-1.3151477727398646,0.2895240662536136,0.36,1,188,68,132,Siphon,9.466763174710762,1.0,9367.901753279835,63.078051680963014,1369833.4091302562,4.985049261716259,reconstruction,volume_observation_or_prediction_event
VO_422f648a30720c6f93a6,PE_867a7786f541ecc68e45,9893.99,Bubbler,10 V,28,False,213,2015-07-20,2015,2,1,MT,OUT,False,AC,Siphon,"Analytical composite. Average of MT1 I 2 bottles 2, 4, 6, 8, 10. Original Ortho P values, 0.05,0.03,0.02,0.01,0. any average with a 0 or negative value is changed to U",0.0,,92689.66,True,0.34,0.75,MG/L,EPA300.0 [300OPHOS]_W,0.34,0.75,CSU_assumed_from_ALS_pre2023,True,2015-04-30,2015-11-16,2015,grain corn,grain corn,331.77625,37.96000000000004,43.0,0.2460526315,2,0.75,1,,0.75,-0.3885840286996418,-0.6776974427002557,-1.028198448707217,-1.0306359860649223,-0.8192234335968713,-0.337286160780547,0.43,1,201,81,119,Siphon,9.199783847424735,1.0,10139.453530209159,68.35503461221302,1482642.5942723015,4.985049261716259,reconstruction,volume_observation_or_prediction_event
VO_6124881d7b9c66725cfb,PE_6d72b76a640bc60e5e7e,8482.19,Bubbler,10 V,28,False,219,2015-07-21,2015,2,2,MT,OUT,False,AC,Siphon,"Analytical composite. Average of MT2 I 2 bottles 2, 4, 6, 8. Original Ortho P values, 0.04,0.02,0.01,0.",0.0,,95545.02,True,0.34,0.75,MG/L,EPA300.0 [300OPHOS]_W,0.34,0.75,CSU_assumed_from_ALS_pre2023,True,2015-04-30,2015-11-16,2015,grain corn,grain corn,331.77625,37.96000000000004,36.0,0.1942982455,2,0.75,1,,0.75,-0.3885840286996418,-0.6776974427002557,-1.028198448707217,-1.0943342282197244,-0.8192234335968713,-0.2546547228972071,0.36,1,202,82,118,Siphon,9.045841837293558,1.0,11187.676645153473,75.52429486292147,1635904.1108415993,4.985049261716259,reconstruction,volume_observation_or_prediction_event
VO_c6061ff031a7d28555a0,PE_dbff8ad9437eac9fd148,11668.16,Bubbler,10 V,28,False,225,2015-07-30,2015,3,1,MT,OUT,False,TRUE,Siphon,,0.02,,101476.51,True,0.34,0.75,MG/L,EPA300.0 [300OPHOS]_W,0.34,0.75,CSU_assumed_from_ALS_pre2023,True,2015-04-30,2015-11-16,2015,grain corn,grain corn,331.77625,37.96000000000004,43.0,0.2460526315,2,0.75,0,0.02,0.75,-0.1523477202177687,-0.6776974427002557,-1.028198448707217,-0.9505881674760396,-0.3232990944538781,-0.0830029705820347,0.43,1,211,91,109,Siphon,9.36470474325551,1.0,10268.20244559505,69.2356052352401,1501467.0732857627,4.985049261716259,reconstruction,volume_observation_or_prediction_event
VO_367c4ac44f2e8000a99f,PE_a0b40939062cc2849dd4,23614.62,Bubbler,10 V,28,False,231,2015-07-31,2015,3,2,MT,OUT,False,TRUE,Siphon,,0.02,,91015.8,True,0.34,0.75,MG/L,EPA300.0 [300OPHOS]_W,0.34,0.75,CSU_assumed_from_ALS_pre2023,True,2015-04-30,2015-11-16,2015,grain corn,grain corn,331.77625,37.96000000000004,36.0,0.1942982455,2,0.75,0,0.02,0.75,-0.1523477202177687,-0.6776974427002557,-1.028198448707217,-0.411582287059086,-0.3232990944538781,-0.3857260978166501,0.36,1,212,92,108,Siphon,10.069663636484833,1.0,10872.60834002059,73.36940374857387,1589837.7290006024,4.985049261716259,reconstruction,volume_observation_or_prediction_event
VO_c9968b7bb9e37ab92a8b,PE_8daeda96228555e6a3fa,12104.43,Bubbler,10 V,14,False,236,2015-08-06,2015,4,1,MT,OUT,False,TRUE,Siphon,,,,119825.33,False,0.34,0.75,MG/L,EPA300.0 [300OPHOS]_W,0.34,0.75,CSU_assumed_from_ALS_pre2023,True,2015-04-30,2015-11-16,2015,grain corn,grain corn,331.77625,37.96000000000004,43.0,0.2460526315,2,0.75,0,,0.75,,-0.6776974427002557,-1.028198448707217,-0.9309043368308522,0.1726252446891151,0.4479946549582068,0.43,1,218,98,102,Siphon,9.401409391252608,1.0,11530.463775434162,77.86876724913317,1686023.283657252,4.985049261716259,reconstruction,volume_observation_or_prediction_event
VO_f6d19f3160a9539c28a4,PE_e289d7d2d42e22695263,25847.77,Bubbler,10 V,14,False,239,2015-08-07,2015,4,2,MT,OUT,False,TRUE,Siphon,,,,98665.6,False,0.34,0.75,MG/L,EPA300.0 [300OPHOS]_W,0.34,0.75,CSU_assumed_from_ALS_pre2023,True,2015-04-30,2015-11-16,2015,grain corn,grain corn,331.77625,37.96000000000004,36.0,0.1942982455,2,0.75,0,,0.75,,-0.6776974427002557,-1.028198448707217,-0.3108259975931589,0.1726252446891151,-0.1643480671935506,0.36,1,219,99,101,Siphon,10.160018296599477,1.0,10224.0845945446,68.93386379167397,1495016.5679845798,4.985049261716259,reconstruction,volume_observation_or_prediction_event
VO_d4a09453b52661bea46f,PE_1c081bb118fdcb151f3a,6245.25,Bubbler,10 V,28,False,243,2015-08-16,2015,5,1,MT,OUT,False,AC,Siphon,"Analytical composite. Average of MT1 I 5 bottles 2, 4, 6, 8, 10",0.01,,102988.51,True,0.34,0.75,MG/L,EPA300.0 [300OPHOS]_W,0.34,0.75,CSU_assumed_from_ALS_pre2023,True,2015-04-30,2015-11-16,2015,grain corn,grain corn,331.77625,37.96000000000004,43.0,0.2460526315,2,0.75,0,0.01,0.75,-0.2704658744587053,-0.6776974427002557,-1.028198448707217,-1.1952615166499287,0.6685495838321084,-0.0392471099971663,0.43,1,228,108,92,Siphon,8.739736562658415,1.0,8019.546862523049,53.85605782838087,1172689.3922841926,4.985049261716259,reconstruction,volume_observation_or_prediction_event
VO_ec8f92ca40864b0fde1e,PE_64b89aab4374a72095d8,10912.16,Bubbler,10 V,28,False,249,2015-08-17,2015,5,2,MT,OUT,False,AC,Siphon,"Analytical composite. Average of MT2 I 5 bottles 2, 4, 6, 8, 10",0.01,,91914.89,True,0.34,0.75,MG/L,EPA300.0 [300OPHOS]_W,0.34,0.75,CSU_assumed_from_ALS_pre2023,True,2015-04-30,2015-11-16,2015,grain corn,grain corn,331.77625,37.96000000000004,36.0,0.1942982455,2,0.75,0,0.01,0.75,-0.2704658744587053,-0.6776974427002557,-1.028198448707217,-0.9846977234110376,0.6685495838321084,-0.3597072772523318,0.36,1,229,109,91,Siphon,9.297724679418605,1.0,9400.582637287158,63.301570662114415,1374611.7065884778,4.985049261716259,reconstruction,volume_observation_or_prediction_event
VO_e8fa6a6c1aaf6e00a917,PE_638695453e131f54e9d1,3092.35,Bubbler,10 V,28,False,255,2015-08-31,2015,6,1,MT,OUT,False,AC,Siphon,"Analytical composite. Average of MT1 I 6 bottles 1, 2, 3, 4. Original NH4 values, 0,0.01,0,0",0.0,,110769.23,True,0.34,0.75,MG/L,EPA300.0 [300OPHOS]_W,0.34,0.75,CSU_assumed_from_ALS_pre2023,True,2015-04-30,2015-11-16,2015,grain corn,grain corn,331.77625,37.96000000000004,43.0,0.2460526315,2,0.75,1,,0.75,-0.3885840286996418,-0.6776974427002557,-1.028198448707217,-1.3375155099137586,1.1644739229751015,0.185919622522607,0.43,1,243,123,77,Siphon,8.037009925028656,1.0,5291.318357531033,35.19649967054721,773792.9815282846,4.985049261716259,reconstruction,volume_observation_or_prediction_event
VO_a7a9fb039c973ff20ac2,PE_33c45bd0482ea8318308,5268.72,Bubbler,10 V,28,False,261,2015-09-01,2015,6,2,MT,OUT,False,AC,Siphon,"Analytical composite. Average of MT2 I 6 bottles 1, 2, 3, 4. Original NH4 values, 0,0,0.01,0.01",0.01,,110566.73,True,0.34,0.75,MG/L,EPA300.0 [300OPHOS]_W,0.34,0.75,CSU_assumed_from_ALS_pre2023,True,2015-04-30,2015-11-16,2015,grain corn,grain corn,331.77625,37.96000000000004,36.0,0.1942982455,2,0.75,0,0.01,0.75,-0.2704658744587053,-0.6776974427002557,-1.028198448707217,-1.2393210466197748,1.1644739229751015,0.1800594626228478,0.36,1,244,124,76,Siphon,8.569732509194118,1.0,6179.758588731217,41.272934299650075,903692.5184433347,4.985049261716259,reconstruction,volume_observation_or_prediction_event
VO_2a8ec9305805ae2bfc3e,PE_4a7f22569ff3f2c1026d,9890.96,Bubbler,10 V,28,False,267,2016-06-07,2016,1,1,MT,OUT,False,AC,Siphon,"Analytical composite. Average of MT1 I1 Time 1, 2, 3, 4, 5, 6, 4-D. TP, TKN, TSP average of T 1, 2, 4, 6",0.0,,259697.49,True,0.34,0.75,MG/L,EPA300.0 [300OPHOS]_W,0.34,0.75,CSU_assumed_from_ALS_pre2023,True,2016-03-03,2016-07-25,2016,barley,grain corn,433.55,32.58125000000001,57.0,0.1087134503333333,2,0.75,1,,0.75,-0.3885840286996418,-0.7846295860104499,-0.9041321796234724,-1.0307726949994238,-1.3151477727398646,4.495763658043131,0.57,1,159,96,48,Siphon,9.199477584961476,1.0,10109.729352349734,68.15173784859998,1478296.5991186334,4.985049261716259,reconstruction,volume_observation_or_prediction_event
VO_5823cc6aa863b59eefe7,PE_e6d7ea595f70f1fe5361,5164.63,Bubbler,10 V,28,False,273,2016-06-08,2016,1,2,MT,OUT,False,AC,Siphon,"Analytical composite. Average of MT2 I1 Time 1, 2, 3, 2-D. TP, TKN, TSP average of CT I1 T1, 2, 2-D",0.0,,249743.63,True,0.34,0.75,MG/L,EPA300.0 [300OPHOS]_W,0.34,0.75,CSU_assumed_from_ALS_pre2023,True,2016-03-03,2016-07-25,2016,barley,grain corn,433.55,32.58125000000001,50.0,0.0878362573333333,2,0.75,1,,0.75,-0.3885840286996418,-0.7846295860104499,-0.9041321796234724,-1.2440174271452695,-1.3151477727398646,4.207708293994655,0.5,1,160,97,47,Siphon,8.549782348946005,1.0,7256.189928993018,48.63512304585581,1061078.381566578,4.985049261716259,reconstruction,volume_observation_or_prediction_event
VO_18a5c0a799a0d6595efd,PE_6a9f02f25c1436fe2e74,2988.26,Bubbler,10 V,28,False,279,2016-06-19,2016,2,1,MT,OUT,False,AC,Siphon,"Analytical composite. Average of MT1 I2 Time 1, 2, 2-D",0.01,,108695.2,True,0.34,0.75,MG/L,EPA300.0 [300OPHOS]_W,0.34,0.75,CSU_assumed_from_ALS_pre2023,True,2016-03-03,2016-07-25,2016,barley,grain corn,433.55,32.58125000000001,57.0,0.1087134503333333,2,0.75,0,0.01,0.75,-0.2704658744587053,-0.7846295860104499,-0.9041321796234724,-1.3422118904392533,-0.8192234335968713,0.1258991413527428,0.57,1,171,108,36,Siphon,8.002781144114827,1.0,10316.946804182766,69.5689894045901,1508594.0238508126,4.985049261716259,reconstruction,volume_observation_or_prediction_event
VO_4f3e49c5c781fa382cdc,PE_642812c324f18105c35b,2597.65,Bubbler,10 V,28,False,285,2016-06-20,2016,2,2,MT,OUT,False,AC,Siphon,"Analytical composite. Average of ST2 I2 Time 1, 2, 3, 2-D. TP, TKN, TSP average of ST I1 T1, 2, 3.",0.01,,124076.27,True,0.34,0.75,MG/L,EPA300.0 [300OPHOS]_W,0.34,0.75,CSU_assumed_from_ALS_pre2023,True,2016-03-03,2016-07-25,2016,barley,grain corn,433.55,32.58125000000001,50.0,0.0878362573333333,2,0.75,0,0.01,0.75,-0.2704658744587053,-0.7846295860104499,-0.9041321796234724,-1.359835612190271,-0.8192234335968713,0.5710128679176253,0.5,1,172,109,35,Siphon,7.862747358393367,1.0,5861.437645607859,39.09579695935821,857150.5658730111,4.985049261716259,reconstruction,volume_observation_or_prediction_event
VO_876e0c3c6771013b4f90,PE_8c729dba8845a4b8f5c3,16900.03,Bubbler,10 V,28,False,292,2017-06-26,2017,1,1,MT,OUT,True,FALSE,Siphon,,0.0,,,True,0.34,0.75,MG/L,EPA300.0 [300OPHOS]_W,0.34,0.75,ALS_pre2023,False,2017-04-19,2017-10-13,2017,silage corn,barley,507.4875,52.08125000000001,56.5,,2,0.75,1,,0.75,-0.3885840286996418,-0.3969601842816515,-0.8139994118873973,-0.714534248944772,-1.3151477727398646,,0.565,1,177,68,109,Siphon,9.73512984579955,1.0,17790.124987451214,120.68135139311035,2601253.2159934686,4.985049261716259,reconstruction,volume_observation_or_prediction_event
VO_d43f77314ad186d9b9af,PE_05a249e4cdfc0fd71197,8724.43,Bubbler,10 V,28,False,298,2017-06-27,2017,1,2,MT,OUT,True,FALSE,Siphon,,0.0,,,True,0.34,0.75,MG/L,EPA300.0 [300OPHOS]_W,0.34,0.75,ALS_pre2023,False,2017-04-19,2017-10-13,2017,silage corn,barley,507.4875,52.08125000000001,58.5,,2,0.75,1,,0.75,-0.3885840286996418,-0.3969601842816515,-0.8139994118873973,-1.0834047324132507,-1.3151477727398646,,0.585,1,178,69,108,Siphon,9.07399702952385,1.0,10492.388018783084,70.76890925775695,1534245.4202329966,4.985049261716259,reconstruction,volume_observation_or_prediction_event
VO_f8986e98cc914232ca80,PE_86ff7c1c8c06bcc05001,34386.73,Bubbler,10 V,28,False,306,2017-07-09,2017,2,1,MT,OUT,True,FALSE,Siphon,"H flag, Ortho P. ISCO data says flow starts on 7/10, lab reports 7/14, we suspect this to be out of hold time",0.0,H,,True,0.34,0.75,MG/L,EPA300.0 [300OPHOS]_W,0.34,0.75,ALS_pre2023,False,2017-04-19,2017-10-13,2017,silage corn,barley,507.4875,52.08125000000001,56.5,,2,0.75,1,,0.75,-0.3885840286996418,-0.3969601842816515,-0.8139994118873973,0.0744387295850303,-0.8192234335968713,,0.565,1,190,81,96,Siphon,10.44545509368738,1.0,26923.555751770997,183.14891311513364,3936659.2287627007,4.985049261716259,reconstruction,volume_observation_or_prediction_event
VO_1e9c6815adff8f5e4e1e,PE_167a95546a15622d1e81,43342.04,Bubbler,10 V,28,False,312,2017-07-10,2017,2,2,MT,OUT,True,FALSE,Siphon,"H flag, Ortho P. ISCO data says flow starts on 7/10, lab reports 7/14, we suspect this to be out of hold time",0.0,H,,True,0.34,0.75,MG/L,EPA300.0 [300OPHOS]_W,0.34,0.75,ALS_pre2023,False,2017-04-19,2017-10-13,2017,silage corn,barley,507.4875,52.08125000000001,58.5,,2,0.75,1,,0.75,-0.3885840286996418,-0.3969601842816515,-0.8139994118873973,0.4784885276805956,-0.8192234335968713,,0.585,1,191,82,95,Siphon,10.676901415685355,1.0,19712.402172384383,133.82865297071123,2882310.8576626936,4.985049261716259,reconstruction,volume_observation_or_prediction_event
VO_1fb547125145f8ac8872,PE_87d731294ceccf0fdb50,26706.96,Bubbler,10 V,28,False,320,2017-07-20,2017,3,1,MT,OUT,True,FALSE,Siphon,"H flag, Ortho P. ISCO data says flow starts on 7/21, lab reports 7/27, we suspect this to be out of hold time",0.0,H,,True,0.34,0.75,MG/L,EPA300.0 [300OPHOS]_W,0.34,0.75,ALS_pre2023,False,2017-04-19,2017-10-13,2017,silage corn,barley,507.4875,52.08125000000001,56.5,,2,0.75,1,,0.75,-0.3885840286996418,-0.3969601842816515,-0.8139994118873973,-0.2720606677468746,-0.3232990944538781,,0.565,1,201,92,85,Siphon,10.19271692729804,1.0,21815.61403886914,148.21344664510804,3189823.099787903,4.985049261716259,reconstruction,volume_observation_or_prediction_event
VO_2f4e10d1b7e4a94766ec,PE_cf5c7319fab8799a5e3a,30317.85,Bubbler,10 V,28,False,326,2017-07-21,2017,3,2,MT,OUT,True,FALSE,Siphon,"H flag, Ortho P. ISCO data says flow starts on 7/21, lab reports 7/27, we suspect this to be out of hold time",0.0,H,,True,0.34,0.75,MG/L,EPA300.0 [300OPHOS]_W,0.34,0.75,ALS_pre2023,False,2017-04-19,2017-10-13,2017,silage corn,barley,507.4875,52.08125000000001,58.5,,2,0.75,1,,0.75,-0.3885840286996418,-0.3969601842816515,-0.8139994118873973,-0.1091428708816297,-0.3232990944538781,,0.585,1,202,93,84,Siphon,10.3195249102771,1.0,16976.771334194553,115.11846699099404,2482332.146015044,4.985049261716259,reconstruction,volume_observation_or_prediction_event
VO_d16453b0f0f32e7957fd,PE_db54cb6fb006ac7c0ab3,10374.69,Bubbler,10 V,28,False,334,2017-08-02,2017,4,1,MT,OUT,True,FALSE,Siphon,,0.0,,,True,0.34,0.75,MG/L,EPA300.0 [300OPHOS]_W,0.34,0.75,ALS_pre2023,False,2017-04-19,2017-10-13,2017,silage corn,barley,507.4875,52.08125000000001,56.5,,2,0.75,1,,0.75,-0.3885840286996418,-0.3969601842816515,-0.8139994118873973,-1.0089475422316505,0.1726252446891151,,0.565,1,214,105,72,Siphon,9.247220848911567,1.0,14189.561415919741,96.05550893122117,2074812.0169683958,4.985049261716259,reconstruction,volume_observation_or_prediction_event
VO_edf6bcec157645424b76,PE_28580cfa385f9a5430ed,13258.86,Bubbler,10 V,28,False,340,2017-08-03,2017,4,2,MT,OUT,True,FALSE,Siphon,,0.0,,,True,0.34,0.75,MG/L,EPA300.0 [300OPHOS]_W,0.34,0.75,ALS_pre2023,False,2017-04-19,2017-10-13,2017,silage corn,barley,507.4875,52.08125000000001,58.5,,2,0.75,1,,0.75,-0.3885840286996418,-0.3969601842816515,-0.8139994118873973,-0.8788182327858259,0.1726252446891151,,0.585,1,215,106,71,Siphon,9.492496705614736,1.0,9125.343318545289,61.41908755412363,1334368.751812461,4.985049261716259,reconstruction,volume_observation_or_prediction_event
VO_0eba94ddf00ff9acc79b,PE_7f2152ce6807c9259c90,1604.84,Bubbler,10 V,28,False,348,2017-08-21,2017,5,1,MT,OUT,True,FALSE,Siphon,,0.0,,,True,0.34,0.75,MG/L,EPA300.0 [300OPHOS]_W,0.34,0.75,ALS_pre2023,False,2017-04-19,2017-10-13,2017,silage corn,barley,507.4875,52.08125000000001,56.5,,2,0.75,1,,0.75,-0.3885840286996418,-0.3969601842816515,-0.8139994118873973,-1.4046296706926855,0.6685495838321084,,0.565,1,233,124,53,Siphon,7.381402263142671,1.0,5537.244976862326,36.878500297538366,809750.10373454,4.985049261716259,reconstruction,volume_observation_or_prediction_event
VO_58c59ea2dd4148ea4e8a,PE_f39912b2b55cdc634ad4,1763.81,Bubbler,10 V,28,False,354,2017-08-22,2017,5,2,MT,OUT,True,FALSE,Siphon,,0.0,,,True,0.34,0.75,MG/L,EPA300.0 [300OPHOS]_W,0.34,0.75,ALS_pre2023,False,2017-04-19,2017-10-13,2017,silage corn,barley,507.4875,52.08125000000001,58.5,,2,0.75,1,,0.75,-0.3885840286996418,-0.3969601842816515,-0.8139994118873973,-1.3974571890696874,0.6685495838321084,,0.585,1,234,125,52,Siphon,7.475798314847645,1.0,2113.4341289401546,13.461547677430573,309152.0578434781,4.985049261716259,reconstruction,volume_observation_or_prediction_event
VO_f59738c24efacc8e167d,PE_795d6eb7872134d0ac80,4307.33,Bubbler,10 V,28,False,361,2017-09-06,2017,6,1,MT,OUT,True,FALSE,Siphon,,0.11,,,True,0.34,0.75,MG/L,EPA300.0 [300OPHOS]_W,0.34,0.75,ALS_pre2023,False,2017-04-19,2017-10-13,2017,silage corn,barley,507.4875,52.08125000000001,56.5,,2,0.75,0,0.11,0.75,0.9107156679506602,-0.3969601842816515,-0.8139994118873973,-1.2826974831017164,1.1644739229751015,,0.565,1,249,140,37,Siphon,8.36830563701383,1.0,3156.0123124637284,20.592199752192776,461588.22460113943,4.985049261716259,reconstruction,volume_observation_or_prediction_event
VO_b90cd9771e49bd154cb7,PE_33f7660c06982fd8808e,741.86,Bubbler,10 V,28,False,367,2017-09-07,2017,6,2,MT,OUT,True,FALSE,Siphon,,0.11,,,True,0.34,0.75,MG/L,EPA300.0 [300OPHOS]_W,0.34,0.75,ALS_pre2023,False,2017-04-19,2017-10-13,2017,silage corn,barley,507.4875,52.08125000000001,58.5,,2,0.75,0,0.11,0.75,0.9107156679506602,-0.3969601842816515,-0.8139994118873973,-1.4435659995032477,1.1644739229751015,,0.585,1,250,141,36,Siphon,6.610507601660655,1.0,1121.3837005947628,6.676477207950669,164103.59345284733,4.985049261716259,reconstruction,volume_observation_or_prediction_event
VO_2a340e267771bdf31b53,PE_564b0704bcab3ff5535d,5598.34,Ruler,10 V,28,False,470,2021-06-23,2021,1,1,MT,OUT,False,TRUE,Siphon,LC samplers were not installed until 8/11/21,0.12,,75193.68,True,0.34,0.75,MG/L,EPA300.0 [300OPHOS]_W,0.34,0.75,ALS_pre2023,False,2021-04-27,2021-10-22,2021,grain corn,grain corn,816.6275,83.1350000000001,77.66666666666667,0.0655555553333333,3,0.75,0,0.12,0.75,1.0288338221915967,0.2204033379714617,-0.4371453957530912,-1.2244490997582749,-1.3151477727398646,-0.8436033973385142,0.7766666666666667,1,174,57,121,Siphon,8.630404012634685,1.0,10618.968340566822,71.63464791257974,1552752.82748993,4.985049261716259,reconstruction,volume_observation_or_prediction_event
VO_914952e8b4b37ab7d24a,PE_83876ed08c30098802ee,12528.72,Ruler,10 V,28,False,476,2021-06-24,2021,1,2,MT,OUT,False,TRUE,Siphon,LC samplers were not installed until 8/11/21,0.041,,83456.54,True,0.34,0.75,MG/L,EPA300.0 [300OPHOS]_W,0.34,0.75,ALS_pre2023,False,2021-04-27,2021-10-22,2021,grain corn,grain corn,816.6275,83.1350000000001,82.66666666666667,0.047111111,3,0.75,0,0.041,0.75,0.095700403688198,0.2204033379714617,-0.4371453957530912,-0.911761025339238,-1.3151477727398646,-0.6044839858356796,0.8266666666666667,1,175,58,120,Siphon,9.435858701271716,1.0,11362.389255726383,76.71923147176014,1661448.9774624882,4.985049261716259,reconstruction,volume_observation_or_prediction_event
VO_5fe305adeac0c5a193fb,PE_d724a7a7d01d9cbfb687,5667.8,Ruler,10 V,28,False,482,2021-07-08,2021,2,1,MT,OUT,False,TRUE,Siphon,LC samplers were not installed until 8/11/21,0.0,,93540.89,True,0.34,0.75,MG/L,EPA300.0 [300OPHOS]_W,0.34,0.75,ALS_pre2023,False,2021-04-27,2021-10-22,2021,grain corn,grain corn,816.6275,83.1350000000001,77.66666666666667,0.0655555553333333,3,0.75,1,,0.75,-0.3885840286996418,0.2204033379714617,-0.4371453957530912,-1.2213151715105963,-0.8192234335968713,-0.3126523636868583,0.7766666666666667,1,189,72,106,Siphon,8.642732734111208,1.0,10950.782412890938,73.90407071524837,1601267.6209708294,4.985049261716259,reconstruction,volume_observation_or_prediction_event
VO_8268d30cf7f362ccfa94,PE_cd62c180da3590125ed3,10777.6,Ruler,10 V,28,False,488,2021-07-09,2021,2,2,MT,OUT,False,TRUE,Siphon,LC samplers were not installed until 8/11/21,0.0,,104233.28,True,0.34,0.75,MG/L,EPA300.0 [300OPHOS]_W,0.34,0.75,ALS_pre2023,False,2021-04-27,2021-10-22,2021,grain corn,grain corn,816.6275,83.1350000000001,82.66666666666667,0.047111111,3,0.75,1,,0.75,-0.3885840286996418,0.2204033379714617,-0.4371453957530912,-0.9907688634197852,-0.8192234335968713,-0.0032246347456935,0.8266666666666667,1,190,73,105,Siphon,9.285317965899262,1.0,9545.105933898889,64.29002923637022,1395742.5701446442,4.985049261716259,reconstruction,volume_observation_or_prediction_event
VO_a1f18ebebadd7ba67c81,PE_aabfd65339aff75f7260,1388.06,Ruler,10 V,28,False,494,2021-07-29,2021,3,1,MT,OUT,False,TRUE,Siphon,LC samplers were not installed until 8/11/21,0.0,,61418.81,True,0.34,0.75,MG/L,EPA300.0 [300OPHOS]_W,0.34,0.75,ALS_pre2023,False,2021-04-27,2021-10-22,2021,grain corn,grain corn,816.6275,83.1350000000001,77.66666666666667,0.0655555553333333,3,0.75,1,,0.75,-0.3885840286996418,0.2204033379714617,-0.4371453957530912,-1.4144104505016657,-0.3232990944538781,-1.2422352037503437,0.7766666666666667,1,210,93,85,Siphon,7.236382538365676,1.0,7561.721582194058,50.72478879105722,1105750.4021144207,4.985049261716259,reconstruction,volume_observation_or_prediction_event
VO_828cffec9da433418589,PE_058c1d507f970942d15e,26824.27,Etape,10 V,28,False,533,2021-08-26,2021,5,2,MT,OUT,False,TRUE,Siphon,,0.0,,86027.4,True,0.34,0.75,MG/L,EPA300.0 [300OPHOS]_W,0.34,0.75,ALS_pre2023,False,2021-04-27,2021-10-22,2021,grain corn,grain corn,816.6275,83.1350000000001,82.66666666666667,0.047111111,3,0.75,1,,0.75,-0.3885840286996418,0.2204033379714617,-0.4371453957530912,-0.2667678211771197,0.6685495838321084,-0.530085710873236,0.8266666666666667,1,238,121,57,Siphon,10.197099632685896,1.0,8097.21587312596,54.38727045142714,1184045.4387076406,4.985049261716259,reconstruction,volume_observation_or_prediction_event
VO_f8f14d4f9994c8fee92d,PE_4f8bc0d68bb7e3bfe83d,49629.58,Ruler,60 V Trap,84,False,704,2023-07-17,2023,1,1,MT,OUT,False,TRUE,Gated Pipe,,0.0,,,True,0.01,0.05,mg/L,SM4500P E (P-Ortho),0.01,0.05,ALS_2023plus,False,2023-05-02,2023-09-08,2023,silage corn,grain corn,1027.9425,52.812500000000114,17.666666666666668,0.0679999999999999,3,0.05,1,,0.05,-0.3885840286996418,-0.3824225817168195,-0.1795439646234382,0.7621726511244284,-1.3151477727398646,,0.1766666666666666,1,198,76,53,Gated Pipe,10.812362454993151,1.0,43716.804463567416,298.0053484992539,6392013.178701169,4.985049261716259,reconstruction,volume_observation_or_prediction_event
VO_4cbdb55a18b54f73c2d5,PE_27463b50ba4000020754,37255.19,Ruler,60 V Trap,56,False,718,2023-07-17,2023,1,2,MT,OUT,False,TRUE,Gated Pipe,,0.0,,,True,0.01,0.05,mg/L,SM4500P E (P-Ortho),0.01,0.05,ALS_2023plus,False,2023-05-02,2023-09-08,2023,silage corn,grain corn,1027.9425,52.812500000000114,26.0,0.1623333333333333,3,0.05,1,,0.05,-0.3885840286996418,-0.3824225817168195,-0.1795439646234382,0.2038592280206183,-1.3151477727398646,,0.26,1,198,76,53,Gated Pipe,10.525573384498898,1.0,36293.099434748496,247.23135523645198,5306587.494933116,4.985049261716259,reconstruction,volume_observation_or_prediction_event
VO_e55f2da24b86b6fe96e9,PE_103d31d87b8989b078fc,65263.5,Ruler,60 V Trap,84,False,742,2023-08-16,2023,2,1,MT,OUT,False,TRUE,Gated Pipe,,0.0,H,,True,0.01,0.05,mg/L,SM4500P E (P-Ortho),0.01,0.05,ALS_2023plus,False,2023-05-02,2023-09-08,2023,silage corn,grain corn,1027.9425,52.812500000000114,17.666666666666668,0.0679999999999999,3,0.05,1,,0.05,-0.3885840286996418,-0.3824225817168195,-0.1795439646234382,1.467551048906551,-0.8192234335968713,,0.1766666666666666,1,228,106,23,Gated Pipe,11.086203522719462,1.0,60473.757676738394,412.61354295845535,8842060.335567944,4.985049261716259,reconstruction,volume_observation_or_prediction_event
VO_f326ff3538170cbeb163,PE_e42677655f32efc124a8,59257.88,Ruler,60 V Trap,56,False,756,2023-08-16,2023,2,2,MT,OUT,False,TRUE,Gated Pipe,,0.0,H,,True,0.01,0.05,mg/L,SM4500P E (P-Ortho),0.01,0.05,ALS_2023plus,False,2023-05-02,2023-09-08,2023,silage corn,grain corn,1027.9425,52.812500000000114,26.0,0.1623333333333333,3,0.05,1,,0.05,-0.3885840286996418,-0.3824225817168195,-0.1795439646234382,1.1965867217711763,-0.8192234335968713,,0.26,1,228,106,23,Gated Pipe,10.989670921185201,1.0,48983.58370238746,334.0271748717194,7162073.0658275215,4.985049261716259,reconstruction,volume_observation_or_prediction_event
VO_f46814572168d556ccac,PE_0d57e30e5b4c926d1e83,53461.96,Ruler,60 V Trap,70,False,768,2023-08-23,2023,3,1,MT,OUT,False,TRUE,Gated Pipe,,0.0,,,True,0.01,0.05,mg/L,SM4500P E (P-Ortho),0.01,0.05,ALS_2023plus,False,2023-05-02,2023-09-08,2023,silage corn,grain corn,1027.9425,52.812500000000114,17.666666666666668,0.0679999999999999,3,0.05,1,,0.05,-0.3885840286996418,-0.3824225817168195,-0.1795439646234382,0.9350837357463436,-0.3232990944538781,,0.1766666666666666,1,235,113,16,Gated Pipe,10.886744356659944,1.0,40258.808874441645,274.35459135528316,5886416.955222055,4.985049261716259,reconstruction,volume_observation_or_prediction_event
VO_9c1d243663ab30dca6e2,PE_1d9a7d3ce1625dbc2d50,45232.25,Ruler,60 V Trap,70,False,781,2023-08-23,2023,3,2,MT,OUT,False,TRUE,Gated Pipe,,0.0,,,True,0.01,0.05,mg/L,SM4500P E (P-Ortho),0.01,0.05,ALS_2023plus,False,2023-05-02,2023-09-08,2023,silage corn,grain corn,1027.9425,52.812500000000114,26.0,0.1623333333333333,3,0.05,1,,0.05,-0.3885840286996418,-0.3824225817168195,-0.1795439646234382,0.5637718923947392,-0.3232990944538781,,0.26,1,235,113,16,Gated Pipe,10.719587714853965,1.0,30097.472543750213,204.8567300592405,4400720.0704560615,4.985049261716259,reconstruction,volume_observation_or_prediction_event
VO_48c30b71044ca919bd47,PE_5a4fce34a0e108e52dfa,30921.63,Ruler,60 V Trap,70,False,794,2023-09-20,2023,4,1,MT,OUT,False,TRUE,Gated Pipe,,0.0,H,,True,0.01,0.05,mg/L,SM4500P E (P-Ortho),0.01,0.05,ALS_2023plus,False,2023-09-13,2024-08-02,2023,winter wheat,silage corn,1072.48375,97.3537500000001,17.666666666666668,0.0679999999999999,3,0.05,1,,0.05,-0.3885840286996418,0.5030789433987106,-0.1252464005872664,-0.0819012469630672,0.1726252446891151,,0.1766666666666666,1,263,7,317,Gated Pipe,10.339243557298861,1.0,40420.15671750091,275.45812042394306,5910007.748794434,4.985049261716259,reconstruction,volume_observation_or_prediction_event
VO_d5088b3dd1c12cce0122,PE_de2e39194b61dd3249a5,14914.65,Ruler,60 V Trap,56,False,808,2023-09-20,2023,4,2,MT,OUT,False,TRUE,Gated Pipe,,0.0,H,,True,0.01,0.05,mg/L,SM4500P E (P-Ortho),0.01,0.05,ALS_2023plus,False,2023-09-13,2024-08-02,2023,winter wheat,silage corn,1072.48375,97.3537500000001,26.0,0.1623333333333333,3,0.05,1,,0.05,-0.3885840286996418,0.5030789433987106,-0.1252464005872664,-0.8041115375191457,0.1726252446891151,,0.26,1,263,7,317,Gated Pipe,9.610166276287556,1.0,42875.64998297925,292.2523219761683,6269027.328145058,4.985049261716259,reconstruction,volume_observation_or_prediction_event
VO_22e8ebdf06dc8c5483ba,PE_4e38710c371eea0b3cdc,36706.6,Ruler,60 V Trap,56,False,820,2023-09-26,2023,5,1,MT,OUT,False,TRUE,Gated Pipe,"Method: E300, Method: SM4500P E: ""Sample holding time expired prior to sample receipt. It was analyzed at the request of the client. Results should be considered  estimated.""",0.0,H,,True,0.01,0.05,mg/L,SM4500P E (P-Ortho),0.01,0.05,ALS_2023plus,False,2023-09-13,2024-08-02,2023,winter wheat,silage corn,1072.48375,97.3537500000001,17.666666666666668,0.0679999999999999,3,0.05,1,,0.05,-0.3885840286996418,0.5030789433987106,-0.1252464005872664,0.1791076919222311,0.6685495838321084,,0.1766666666666666,1,269,13,311,Gated Pipe,10.510739097072298,1.0,47701.89897335982,325.26116766318154,6974676.945160099,4.985049261716259,reconstruction,volume_observation_or_prediction_event
VO_f2914c18392cf51d5f8c,PE_052d656fa1c2325091a7,68568.81,Ruler,60 V Trap,56,False,832,2023-09-26,2023,5,2,MT,OUT,False,TRUE,Gated Pipe,"Method: E300, Method: SM4500P E: ""Sample holding time expired prior to sample receipt. It was analyzed at the request of the client. Results should be considered  estimated.""",0.0,H,,True,0.01,0.05,mg/L,SM4500P E (P-Ortho),0.01,0.05,ALS_2023plus,False,2023-09-13,2024-08-02,2023,winter wheat,silage corn,1072.48375,97.3537500000001,26.0,0.1623333333333333,3,0.05,1,,0.05,-0.3885840286996418,0.5030789433987106,-0.1252464005872664,1.6166815466942608,0.6685495838321084,,0.26,1,269,13,311,Gated Pipe,11.135607629383511,1.0,59878.55042314416,408.5426580072557,8755034.620280465,4.985049261716259,reconstruction,volume_observation_or_prediction_event
VO_75cd276c7719440946f0,PE_247629f51364308f6dd9,9815.09,Etape,60 V Trap,28,False,857,2024-05-15,2024,1,2,MT,OUT,False,TRUE,Gated Pipe,Method: E300: Sample analyzed out of hold due to limited holding time after received in the lab,0.355,H,,True,0.01,0.05,mg/L,SM4500P E (P-Ortho),0.01,0.05,ALS_2023plus,False,2023-09-13,2024-08-02,2023,winter wheat,silage corn,1072.48375,0.0,,,0,0.05,0,0.355,0.05,3.804610446853605,-1.432360544732317,-0.1252464005872664,-1.034195832577186,-1.3151477727398646,,,1,136,245,79,Gated Pipe,9.191778155052871,0.5,26042.557234647495,177.12337565111565,3807847.7506483076,4.985049261716259,reconstruction,volume_observation_or_prediction_event
VO_87688cadefa656ac81ee,PE_247629f51364308f6dd9,54522.86,Bubbler,60 V Trap,28,False,857,2024-05-15,2024,1,2,MT,OUT,False,TRUE,Gated Pipe,Method: E300: Sample analyzed out of hold due to limited holding time after received in the lab,0.355,H,,True,0.01,0.05,mg/L,SM4500P E (P-Ortho),0.01,0.05,ALS_2023plus,False,2023-09-13,2024-08-02,2023,winter wheat,silage corn,1072.48375,0.0,,,0,0.05,0,0.355,0.05,3.804610446853605,-1.432360544732317,-0.1252464005872664,-1.034195832577186,-1.3151477727398646,,,1,136,245,79,Gated Pipe,10.906393683010817,0.5,45793.96951113832,312.2119964899368,6695717.095183077,4.985049261716259,reconstruction,volume_observation_or_prediction_event
VO_1a3bf6402c89638e5bcc,PE_02f279769c003d107924,57106.04,Etape,60 V Trap,28,False,881,2024-05-30,2024,2,2,MT,OUT,False,TRUE,Gated Pipe,"Method E300: ""Sample run out of holding time due to very limited time remaining from expiration""",0.0,"H, MS, MSD",95709.78,True,0.01,0.05,mg/L,SM4500P E (P-Ortho),0.01,0.05,ALS_2023plus,False,2023-09-13,2024-08-02,2023,winter wheat,silage corn,1072.48375,0.0,,,0,0.05,1,,0.05,-0.3885840286996418,-1.432360544732317,-0.1252464005872664,1.0994990143066712,-0.8192234335968713,-0.2498867231683958,,1,151,260,64,Gated Pipe,10.952682680513561,1.0,51800.21986965221,353.29139202815145,7573895.6296162065,4.985049261716259,reconstruction,volume_observation_or_prediction_event
VO_c178d0e213aa0f86409d,PE_e75689eb0050988b5fc1,78477.97,Bubbler,60 V Trap,28,False,893,2024-06-12,2024,3,1,MT,OUT,False,TRUE,Gated Pipe,"Method E300: ""Sample run out of holding time due to very limited time"" AND Method: SM4500P E: ""Sample was analyzed outside of the holding time at the request of the client. Results should be considered estimated""",0.0,H,89469.23,True,0.01,0.05,mg/L,SM4500P E (P-Ortho),0.01,0.05,ALS_2023plus,False,2023-09-13,2024-08-02,2023,winter wheat,silage corn,1072.48375,0.0,,,0,0.05,1,,0.05,-0.3885840286996418,-1.432360544732317,-0.1252464005872664,,-0.3232990944538781,-0.4304823817483566,,1,164,273,51,Gated Pipe,11.270585969790224,1.0,76436.87915917796,521.7923720547435,11176040.737925906,4.985049261716259,reconstruction,volume_observation_or_prediction_event
VO_c8b33a10454059016a2b,PE_9a12a9fbe4b879b943cc,62188.97,Etape,60 V Trap,28,False,905,2024-06-12,2024,3,2,MT,OUT,False,TRUE,Gated Pipe,"Method E300: ""Sample run out of holding time due to very limited time"" AND Method: SM4500P E: ""Sample was analyzed outside of the holding time at the request of the client. Results should be considered estimated""",0.0,H,100068.64,True,0.01,0.05,mg/L,SM4500P E (P-Ortho),0.01,0.05,ALS_2023plus,False,2023-09-13,2024-08-02,2023,winter wheat,silage corn,1072.48375,0.0,,,0,0.05,1,,0.05,-0.3885840286996418,-1.432360544732317,-0.1252464005872664,1.3288329893710622,-0.3232990944538781,-0.1237454067206713,,1,164,273,51,Gated Pipe,11.037949011705152,1.0,60309.70441894446,411.4915103650759,8818073.981203904,4.985049261716259,reconstruction,volume_observation_or_prediction_event
VO_2c4b7d473c5a861167fb,PE_06c1fb6867da5c07238a,125801.11,Bubbler,60 V Trap,28,False,917,2024-06-20,2024,4,1,MT,OUT,False,TRUE,Gated Pipe,,0.319,,,True,0.01,0.05,mg/L,SM4500P E (P-Ortho),0.01,0.05,ALS_2023plus,False,2023-09-13,2024-08-02,2023,winter wheat,silage corn,1072.48375,0.0,,,0,0.05,0,0.319,0.05,3.379385091586234,-1.432360544732317,-0.1252464005872664,,0.1726252446891151,,,1,172,281,43,Gated Pipe,11.742465395762826,1.0,78631.81227071446,536.8044877819743,11496963.614598114,4.985049261716259,reconstruction,volume_observation_or_prediction_event
VO_f7f610fcaf08518dd4ef,PE_c4fc7e34113b4d993b07,38338.45,Etape,60 V Trap,28,False,929,2024-06-20,2024,4,2,MT,OUT,False,TRUE,Gated Pipe,,0.319,,,True,0.01,0.05,mg/L,SM4500P E (P-Ortho),0.01,0.05,ALS_2023plus,False,2023-09-13,2024-08-02,2023,winter wheat,silage corn,1072.48375,0.0,,,0,0.05,0,0.319,0.05,3.379385091586234,-1.432360544732317,-0.1252464005872664,0.2527342512509699,0.1726252446891151,,,1,172,281,43,Gated Pipe,10.554234671165494,1.0,45487.43802799029,310.11549246670637,6650898.888721375,4.985049261716259,reconstruction,volume_observation_or_prediction_event
VO_bd47a52cd094b9e50bca,PE_ce41a236169da5949b8e,67358.12,Etape,60 V Trap,28,False,941,2025-06-30,2025,1,1,MT,OUT,False,TRUE,Gated Pipe,,0.0,,95862.56,True,0.01,0.05,mg/L,SM4500P E (P-Ortho),0.01,0.05,ALS_2023plus,False,2025-04-24,2025-11-07,2025,grain corn,winter wheat,1158.21875,80.27500000000009,51.0,0.34173,3,0.05,1,,0.05,-0.3885840286996418,0.1635451590512377,-0.0207320088124243,1.5620570780766114,-1.3151477727398646,-0.2454654133931603,0.51,1,181,67,130,Gated Pipe,11.117793584697855,1.0,55267.31890642596,377.0044116660862,8080822.875253339,4.985049261716259,reconstruction,volume_observation_or_prediction_event
VO_2e64330831ea3c56e32d,PE_8b9473a681d7906c1880,58942.28,Etape,60 V Trap,28,False,953,2025-06-30,2025,1,2,MT,OUT,False,TRUE,Gated Pipe,,0.0,,98436.15,True,0.01,0.05,mg/L,SM4500P E (P-Ortho),0.01,0.05,ALS_2023plus,False,2025-04-24,2025-11-07,2025,grain corn,winter wheat,1158.21875,80.27500000000009,53.66666666666666,0.3839733333333333,3,0.05,1,,0.05,-0.3885840286996418,0.1635451590512377,-0.0207320088124243,1.182347335722122,-1.3151477727398646,-0.1709881347935496,0.5366666666666666,1,181,67,130,Gated Pipe,10.984330904556662,1.0,59834.29308934778,408.2399625796648,8748563.72109856,4.985049261716259,reconstruction,volume_observation_or_prediction_event
VO_97c8c14ee6c1d49ecc76,PE_4653bf7848ab84c87e5f,42451.81,Etape,60 V Trap,28,False,965,2025-07-14,2025,2,1,MT,OUT,False,TRUE,Gated Pipe,,0.0,,101767.55,True,0.01,0.05,mg/L,SM4500P E (P-Ortho),0.01,0.05,ALS_2023plus,False,2025-04-24,2025-11-07,2025,grain corn,winter wheat,1158.21875,80.27500000000009,51.0,0.34173,3,0.05,1,,0.05,-0.3885840286996418,0.1635451590512377,-0.0207320088124243,0.438322720828726,-0.8192234335968713,-0.074580546200672,0.51,1,195,81,116,Gated Pipe,10.656148385072813,1.0,50277.46929116084,342.8766291418156,7351253.083683836,4.985049261716259,reconstruction,volume_observation_or_prediction_event
VO_bb5642bb9aa590f7eecf,PE_9ef48b534b6eef30321b,63350.09,Etape,60 V Trap,28,False,977,2025-07-14,2025,2,2,MT,OUT,False,TRUE,Gated Pipe,,0.0,,87051.66,True,0.01,0.05,mg/L,SM4500P E (P-Ortho),0.01,0.05,ALS_2023plus,False,2025-04-24,2025-11-07,2025,grain corn,winter wheat,1158.21875,80.27500000000009,53.66666666666666,0.3839733333333333,3,0.05,1,,0.05,-0.3885840286996418,0.1635451590512377,-0.0207320088124243,1.381220935915037,-0.8192234335968713,-0.5004445880143354,0.5366666666666666,1,195,81,116,Gated Pipe,11.056447391599685,1.0,51999.12058504815,354.65176175516456,7602977.057848133,4.985049261716259,reconstruction,volume_observation_or_prediction_event
VO_67dbf5cd783d5f91df92,PE_d13bc6041e7d99270598,64818.28,Etape,60 V Trap,28,False,989,2025-07-31,2025,3,1,MT,OUT,False,TRUE,Gated Pipe,"Nitrate, Nitrite, H flag.",0.0,H,92486.37,True,0.01,0.05,mg/L,SM4500P E (P-Ortho),0.01,0.05,ALS_2023plus,False,2025-04-24,2025-11-07,2025,grain corn,winter wheat,1158.21875,80.27500000000009,51.0,0.34173,3,0.05,1,,0.05,-0.3885840286996418,0.1635451590512377,-0.0207320088124243,1.447463408042292,-0.3232990944538781,-0.3431691825386808,0.51,1,212,98,99,Gated Pipe,11.079358368951034,0.5,52083.25661111628,355.22720514955574,7615278.651630485,4.985049261716259,reconstruction,volume_observation_or_prediction_event
VO_be62f3c5e2cbb3deced8,PE_d13bc6041e7d99270598,40617.85,Bubbler,60 V Trap,28,False,989,2025-07-31,2025,3,1,MT,OUT,False,TRUE,Gated Pipe,"Nitrate, Nitrite, H flag.",0.0,H,92486.37,True,0.01,0.05,mg/L,SM4500P E (P-Ortho),0.01,0.05,ALS_2023plus,False,2025-04-24,2025-11-07,2025,grain corn,winter wheat,1158.21875,80.27500000000009,51.0,0.34173,3,0.05,1,,0.05,-0.3885840286996418,0.1635451590512377,-0.0207320088124243,1.447463408042292,-0.3232990944538781,-0.3431691825386808,0.51,1,212,98,99,Gated Pipe,10.611987523556847,0.5,44240.58385809045,301.58770681568313,6468595.371182789,4.985049261716259,reconstruction,volume_observation_or_prediction_event
VO_ac859d580a4531abc392,PE_086c1f530ca53302a88b,69867.62,Etape,60 V Trap,28,False,1001,2025-07-31,2025,3,2,MT,OUT,False,TRUE,Gated Pipe,"Nitrate, Nitrite, H flag.",0.0,H,90860.75,True,0.01,0.05,mg/L,SM4500P E (P-Ortho),0.01,0.05,ALS_2023plus,False,2025-04-24,2025-11-07,2025,grain corn,winter wheat,1158.21875,80.27500000000009,53.66666666666666,0.3839733333333333,3,0.05,1,,0.05,-0.3885840286996418,0.1635451590512377,-0.0207320088124243,1.6752818540275076,-0.3232990944538781,-0.3902130992608855,0.5366666666666666,1,212,98,99,Gated Pipe,11.154371900385364,1.0,51061.81884080205,348.24114168569565,7465933.44112362,4.985049261716259,reconstruction,volume_observation_or_prediction_event
VO_39ce70e385de1d03ae45,PE_56675aed5fac1616b941,75021.46,Etape,60 V Trap,28,False,1013,2025-08-11,2025,4,1,MT,OUT,False,TRUE,Gated Pipe,,0.0,,93182.2,True,0.01,0.05,mg/L,SM4500P E (P-Ortho),0.01,0.05,ALS_2023plus,False,2025-04-24,2025-11-07,2025,grain corn,winter wheat,1158.21875,80.27500000000009,51.0,0.34173,3,0.05,1,,0.05,-0.3885840286996418,0.1635451590512377,-0.0207320088124243,1.9078151791069131,0.1726252446891151,-0.3230325155606589,0.51,1,223,109,88,Gated Pipe,11.225542814353922,0.5,52316.92093945443,356.8253385595904,7649442.894737406,4.985049261716259,reconstruction,volume_observation_or_prediction_event
VO_0ebad50d8587d6939352,PE_56675aed5fac1616b941,35664.48,Bubbler,60 V Trap,28,False,1013,2025-08-11,2025,4,1,MT,OUT,False,TRUE,Gated Pipe,,0.0,,93182.2,True,0.01,0.05,mg/L,SM4500P E (P-Ortho),0.01,0.05,ALS_2023plus,False,2025-04-24,2025-11-07,2025,grain corn,winter wheat,1158.21875,80.27500000000009,51.0,0.34173,3,0.05,1,,0.05,-0.3885840286996418,0.1635451590512377,-0.0207320088124243,1.9078151791069131,0.1726252446891151,-0.3230325155606589,0.51,1,223,109,88,Gated Pipe,10.481938553194404,0.5,42146.40065035724,287.2646641209984,6162403.216272906,4.985049261716259,reconstruction,volume_observation_or_prediction_event
VO_5a9a18c5074a42309491,PE_fdeac2bbac5d3bc57c18,61276.42,Etape,60 V Trap,28,False,1025,2025-08-11,2025,4,2,MT,OUT,False,TRUE,Gated Pipe,,0.0,,90517.24,True,0.01,0.05,mg/L,SM4500P E (P-Ortho),0.01,0.05,ALS_2023plus,False,2025-04-24,2025-11-07,2025,grain corn,winter wheat,1158.21875,80.27500000000009,53.66666666666666,0.3839733333333333,3,0.05,1,,0.05,-0.3885840286996418,0.1635451590512377,-0.0207320088124243,1.287660138486826,0.1726252446891151,-0.4001539561851632,0.5366666666666666,1,223,109,88,Gated Pipe,11.02316670170049,1.0,49939.52308705848,340.5652659850533,7301841.706448258,4.985049261716259,reconstruction,volume_observation_or_prediction_event
VO_bf76d938411f05bbb502,PE_f65307a28e67ec298437,70013.48,Etape,60 V Trap,28,False,1037,2025-08-19,2025,5,1,MT,OUT,False,TRUE,Gated Pipe,,0.136,,114678.73,True,0.01,0.05,mg/L,SM4500P E (P-Ortho),0.01,0.05,ALS_2023plus,False,2025-04-24,2025-11-07,2025,grain corn,winter wheat,1158.21875,80.27500000000009,51.0,0.34173,3,0.05,0,0.136,0.05,1.2178228689770954,0.1635451590512377,-0.0207320088124243,1.6818628326368712,0.6685495838321084,0.2990568824145005,0.51,1,231,117,80,Gated Pipe,11.156457356782365,0.5,58035.68098952768,395.93846106739517,8485587.247666221,4.985049261716259,reconstruction,volume_observation_or_prediction_event
VO_04769c6134521a30c707,PE_f65307a28e67ec298437,47704.37,Bubbler,60 V Trap,28,False,1037,2025-08-19,2025,5,1,MT,OUT,False,TRUE,Gated Pipe,,0.136,,114678.73,True,0.01,0.05,mg/L,SM4500P E (P-Ortho),0.01,0.05,ALS_2023plus,False,2025-04-24,2025-11-07,2025,grain corn,winter wheat,1158.21875,80.27500000000009,51.0,0.34173,3,0.05,0,0.136,0.05,1.2178228689770954,0.1635451590512377,-0.0207320088124243,1.6818628326368712,0.6685495838321084,0.2990568824145005,0.51,1,231,117,80,Gated Pipe,10.772799249156288,0.5,48241.18213507143,328.94956308207173,7053525.95549565,4.985049261716259,reconstruction,volume_observation_or_prediction_event
VO_0d7f0a3b9512e6f0599c,PE_c75935d586b36104cb3d,65381.63,Bubbler,60 V Trap,28,False,1049,2025-08-19,2025,5,2,MT,OUT,False,TRUE,Gated Pipe,"Og outflow value: 121126.728020075, higher than inflow, impossible, changed to NA",0.136,,111736.07,True,0.01,0.05,mg/L,SM4500P E (P-Ortho),0.01,0.05,ALS_2023plus,False,2025-04-24,2025-11-07,2025,grain corn,winter wheat,1158.21875,80.27500000000009,53.66666666666666,0.3839733333333333,3,0.05,0,0.136,0.05,1.2178228689770954,0.1635451590512377,-0.0207320088124243,,0.6685495838321084,0.213899064485487,0.5366666666666666,1,231,117,80,Gated Pipe,11.088011905838062,1.0,45998.915442563884,313.6137121159004,6725682.399150504,4.985049261716259,reconstruction,volume_observation_or_prediction_event
VO_1d373b47bae1dc0228f9,PE_77651154b5a482ef53ac,40839.98,Etape,60 V Trap,28,False,1061,2025-09-03,2025,6,1,MT,OUT,False,TRUE,Gated Pipe,,0.0,,120526.17,True,0.01,0.05,mg/L,SM4500P E (P-Ortho),0.01,0.05,ALS_2023plus,False,2025-04-24,2025-11-07,2025,grain corn,winter wheat,1158.21875,80.27500000000009,51.0,0.34173,3,0.05,1,,0.05,-0.3885840286996418,0.1635451590512377,-0.0207320088124243,0.3655994330738216,1.1644739229751015,0.4682763066330078,0.51,1,246,132,65,Gated Pipe,10.617441268072973,0.5,47980.74385197782,327.1683107855652,7015447.071648721,4.985049261716259,reconstruction,volume_observation_or_prediction_event
VO_688c36b34e0f09892cf9,PE_77651154b5a482ef53ac,30026.03,Bubbler,60 V Trap,28,False,1061,2025-09-03,2025,6,1,MT,OUT,False,TRUE,Gated Pipe,,0.0,,120526.17,True,0.01,0.05,mg/L,SM4500P E (P-Ortho),0.01,0.05,ALS_2023plus,False,2025-04-24,2025-11-07,2025,grain corn,winter wheat,1158.21875,80.27500000000009,51.0,0.34173,3,0.05,1,,0.05,-0.3885840286996418,0.1635451590512377,-0.0207320088124243,0.3655994330738216,1.1644739229751015,0.4682763066330078,0.51,1,246,132,65,Gated Pipe,10.309853254987438,0.5,35799.05165288499,243.85234453351313,5234352.384653067,4.985049261716259,reconstruction,volume_observation_or_prediction_event
VO_7e07126cc58df806bd28,PE_3468915c2c2313406f4f,53119.23,Etape,60 V Trap,28,False,1073,2025-09-03,2025,6,2,MT,OUT,False,TRUE,Gated Pipe,,0.0,,110972.5,True,0.01,0.05,mg/L,SM4500P E (P-Ortho),0.01,0.05,ALS_2023plus,False,2025-04-24,2025-11-07,2025,grain corn,winter wheat,1158.21875,80.27500000000009,53.66666666666666,0.3839733333333333,3,0.05,1,,0.05,-0.3885840286996418,0.1635451590512377,-0.0207320088124243,0.9196202858712088,1.1644739229751015,0.1918020654995159,0.5366666666666666,1,246,132,65,Gated Pipe,10.880313113960218,0.5,54065.727908778455,368.786200815526,7905137.321319285,4.985049261716259,reconstruction,volume_observation_or_prediction_event
VO_29f21a6fe901c83777bf,PE_3468915c2c2313406f4f,30233.38,Bubbler,60 V Trap,28,False,1073,2025-09-03,2025,6,2,MT,OUT,False,TRUE,Gated Pipe,,0.0,,110972.5,True,0.01,0.05,mg/L,SM4500P E (P-Ortho),0.01,0.05,ALS_2023plus,False,2025-04-24,2025-11-07,2025,grain corn,winter wheat,1158.21875,80.27500000000009,53.66666666666666,0.3839733333333333,3,0.05,1,,0.05,-0.3885840286996418,0.1635451590512377,-0.0207320088124243,0.9196202858712088,1.1644739229751015,0.1918020654995159,0.5366666666666666,1,246,132,65,Gated Pipe,10.316734966461011,0.5,36701.44563097952,250.0242149925761,5366292.109749776,4.985049261716259,reconstruction,volume_observation_or_prediction_event
VO_956b89b4a49d241a1d67,PE_19a314399778b0f2177a,51756.6,Bubbler,60 V Trap,28,False,1085,2025-09-14,2025,7,1,MT,OUT,,,Gated Pipe,"This event was skipped because it occurred over the weekend. eTape broke after 6th irrigation, NA for outflow. kerbel irrigated differently, ct1, mt2 at same time, mt1, st2 same time, st1, ct2 same time",,,,False,0.01,0.05,mg/L,SM4500P E (P-Ortho),0.01,0.05,ALS_2023plus,False,2025-04-24,2025-11-07,2025,grain corn,winter wheat,1158.21875,80.27500000000009,51.0,0.34173,3,0.05,0,,0.05,,0.1635451590512377,-0.0207320088124243,,1.6603982621180948,,0.51,1,257,143,54,Gated Pipe,10.854326560248138,1.0,38134.03641461337,259.8223352727066,5575752.3219819665,4.985049261716259,reconstruction,volume_observation_or_prediction_event
VO_5b9edd9a9b23d60f9d20,PE_0642607ffbb8979c70de,42626.49,Etape,60 V Trap,28,False,1097,2025-09-14,2025,7,2,MT,OUT,,,Gated Pipe,"This event was skipped because it occurred over the weekend. kerbel irrigated differently, ct1, mt2 at same time, mt1, st2 same time, st1, ct2 same time.",,,,False,0.01,0.05,mg/L,SM4500P E (P-Ortho),0.01,0.05,ALS_2023plus,False,2025-04-24,2025-11-07,2025,grain corn,winter wheat,1158.21875,80.27500000000009,53.66666666666666,0.3839733333333333,3,0.05,0,,0.05,,0.1635451590512377,-0.0207320088124243,0.4462040134619607,1.6603982621180948,,0.5366666666666666,1,257,143,54,Gated Pipe,10.660254629301933,0.5,34566.79832635456,235.424420490675,5054183.667774839,4.985049261716259,reconstruction,volume_observation_or_prediction_event
VO_eb245b1fd64f6186d95e,PE_0642607ffbb8979c70de,23050.31,Bubbler,60 V Trap,28,False,1097,2025-09-14,2025,7,2,MT,OUT,,,Gated Pipe,"This event was skipped because it occurred over the weekend. kerbel irrigated differently, ct1, mt2 at same time, mt1, st2 same time, st1, ct2 same time.",,,,False,0.01,0.05,mg/L,SM4500P E (P-Ortho),0.01,0.05,ALS_2023plus,False,2025-04-24,2025-11-07,2025,grain corn,winter wheat,1158.21875,80.27500000000009,53.66666666666666,0.3839733333333333,3,0.05,0,,0.05,,0.1635451590512377,-0.0207320088124243,0.4462040134619607,1.6603982621180948,,0.5366666666666666,1,257,143,54,Gated Pipe,10.045477879781663,0.5,31036.76560812667,211.2809696454454,4538054.839644972,4.985049261716259,reconstruction,volume_observation_or_prediction_event
VO_8a639fa38f4b3c66c5b5,PE_316d9f9b4a5846bd0529,2499.6,Etape,60 V Trap,14,False,1109,2025-09-23,2025,S1,2,MT,OUT,,,Gated Pipe,"Tried to sample this storm event, only got enough water from MT2 and ST2 LC samplers for TSS analysis",,,,False,0.01,0.05,mg/L,SM4500P E (P-Ortho),0.01,0.05,ALS_2023plus,False,2025-04-24,2025-11-07,2025,grain corn,winter wheat,1158.21875,80.27500000000009,53.66666666666666,0.3839733333333333,3,0.05,0,,0.05,,0.1635451590512377,-0.0207320088124243,-1.3642594772159675,,,0.5366666666666666,1,266,152,45,Gated Pipe,7.824285982060899,1.0,661.6176574227165,3.5319344374795554,96880.8428389608,4.985049261716259,reconstruction,volume_observation_or_prediction_event
VO_35837082757947756d66,PE_906fb1459c234c5bc337,4717.0,Ruler,Weir,14,False,2,2011-06-30,2011,1,1,ST,OUT,False,AC,Siphon,"OG Sample IDS: ST1-T1, ST1-T2, ST1-T3. The sample ID has been modifed to fit with the ""modern"" IDs. The values represent the average between the three.",0.01,,55761.14,True,0.34,0.75,MG/L,EPA300.0 [300OPHOS]_W,0.34,0.75,CSU_assumed_from_ALS_pre2023,True,2011-05-04,2011-11-15,2011,grain corn,grain corn,29.25,29.25,,0.1071666666666666,0,0.75,0,0.01,0.75,-0.2704658744587053,-0.8508564421391198,-1.3969900392440324,-1.2642138034986865,-1.3151477727398646,-1.4059628623185925,,1,181,57,138,Siphon,8.45914025996762,1.0,9455.734662621282,63.67877969074284,1382675.5270901134,4.985049261716259,reconstruction,volume_observation_or_prediction_event
VO_b814f4cd9109275aee41,PE_57fde8e4f7b2aebd2fb0,5733.0,Ruler,Weir,14,False,5,2011-07-01,2011,1,2,ST,OUT,False,AC,Siphon,"OG Sample IDS: ST2-T1, ST2-T2, ST2-T3. The sample ID has been modifed to fit with the ""modern"" IDs. The values represent the average between the three.",0.01,,52493.88,True,0.34,0.75,MG/L,EPA300.0 [300OPHOS]_W,0.34,0.75,CSU_assumed_from_ALS_pre2023,True,2011-05-04,2011-11-15,2011,grain corn,grain corn,29.25,29.25,,0.1772433333333333,0,0.75,0,0.01,0.75,-0.2704658744587053,-0.8508564421391198,-1.3969900392440324,-1.2183734479035038,-1.3151477727398646,-1.5005142995239609,,1,182,58,137,Siphon,8.654168646443315,1.0,6452.708361924204,43.139758195721406,943600.716984659,4.985049261716259,reconstruction,volume_observation_or_prediction_event
VO_0bf766f2027e6e4a8926,PE_4f066bb9d574c4350a5d,32982.49,Transducer,Weir,14,False,11,2011-07-19,2011,2,2,ST,OUT,False,AC,Siphon,"OG Sample IDS: ST2 I2 T1, ST2 I2 T2, ST2 I2 T3. The sample ID has been modifed to fit with the ""modern"" IDs. The values represent the average between the three.",0.0,,129724.88,True,0.34,0.75,MG/L,EPA300.0 [300OPHOS]_W,0.34,0.75,CSU_assumed_from_ALS_pre2023,True,2011-05-04,2011-11-15,2011,grain corn,grain corn,29.25,29.25,,0.1772433333333333,0,0.75,1,,0.75,-0.3885840286996418,-0.8508564421391198,-1.3969900392440324,0.0110815829895781,-0.8192234335968713,0.7344783385910998,,1,200,76,119,Siphon,10.403762412224996,1.0,22614.567179359066,153.67783958839607,3306638.6595991314,4.985049261716259,reconstruction,volume_observation_or_prediction_event
VO_acdf0693abcdc31b9cf2,PE_5c583c3f4449a9ca8b12,26177.06,Transducer,Weir,14,False,14,2011-07-28,2011,3,1,ST,OUT,,AC,Siphon,,,,101295.36,False,0.34,0.75,MG/L,EPA300.0 [300OPHOS]_W,0.34,0.75,CSU_assumed_from_ALS_pre2023,True,2011-05-04,2011-11-15,2011,grain corn,grain corn,29.25,29.25,,0.1071666666666666,0,0.75,0,,0.75,,-0.8508564421391198,-1.3969900392440324,-0.2959689398235351,-0.3232990944538781,-0.0882452815244611,,1,209,85,110,Siphon,10.172676934349955,1.0,27112.41359596423,184.44059521611553,3964272.280988324,4.985049261716259,reconstruction,volume_observation_or_prediction_event
VO_4a9ba77ea0ab7521fcdb,PE_2561524d14d653dd0c19,43743.25,Transducer,Weir,14,False,17,2011-07-29,2011,3,2,ST,OUT,,AC,Siphon,,,,101612.04,False,0.34,0.75,MG/L,EPA300.0 [300OPHOS]_W,0.34,0.75,CSU_assumed_from_ALS_pre2023,True,2011-05-04,2011-11-15,2011,grain corn,grain corn,29.25,29.25,,0.1772433333333333,0,0.75,0,,0.75,,-0.8508564421391198,-1.3969900392440324,0.4965905051100672,-0.3232990944538781,-0.079080859613075,,1,210,86,109,Siphon,10.686115454576841,1.0,23305.290069498365,158.40199810954564,3407629.7903637886,4.985049261716259,reconstruction,volume_observation_or_prediction_event
VO_397898401cc4e92d6e5d,PE_99056c5dda813a1efd63,48614.54,Transducer,Weir,14,False,20,2011-08-09,2011,4,1,ST,OUT,False,AC,Siphon,"OG Sample IDs: ST1 T1 I4, ST1 T2 I4, ST1 T3 I4. The sample ID has been modifed to fit with the ""modern"" IDs. The values represent the average between the three.",0.005,,118514.59,True,0.34,0.75,MG/L,EPA300.0 [300OPHOS]_W,0.34,0.75,CSU_assumed_from_ALS_pre2023,True,2011-05-04,2011-11-15,2011,grain corn,grain corn,29.25,29.25,,0.1071666666666666,0,0.75,0,0.005,0.75,-0.3295249515791735,-0.8508564421391198,-1.3969900392440324,0.7163756092510681,0.1726252446891151,0.410063069837168,,1,221,97,98,Siphon,10.791698511864881,1.0,31719.710504092243,215.95193103359443,4637908.743834546,4.985049261716259,reconstruction,volume_observation_or_prediction_event
VO_6c0e2c07a152aab57dc3,PE_0c9ea8b6d49a77a0c727,31332.23,Transducer,Weir,14,False,23,2011-08-10,2011,4,2,ST,OUT,False,AC,Siphon,"OG Sample IDs: ST2 T1 I4, ST2 T2 I4, ST2 T3 I4. The sample ID has been modifed to fit with the ""modern"" IDs. The values represent the average between the three.",0.005,,115634.34,True,0.34,0.75,MG/L,EPA300.0 [300OPHOS]_W,0.34,0.75,CSU_assumed_from_ALS_pre2023,True,2011-05-04,2011-11-15,2011,grain corn,grain corn,29.25,29.25,,0.1772433333333333,0,0.75,0,0.005,0.75,-0.3295249515791735,-0.8508564421391198,-1.3969900392440324,-0.0633756071920221,0.1726252446891151,0.3267113387197294,,1,222,98,97,Siphon,10.352434474706254,1.0,27457.84679236279,186.80316521567798,4014778.337188235,4.985049261716259,reconstruction,volume_observation_or_prediction_event
VO_8920ca4dd880efe7eac3,PE_fa3b0653f64238972c39,29496.51,Transducer,Weir,14,False,26,2011-08-18,2011,5,1,ST,OUT,,AC,Siphon,,,,117423.21,False,0.34,0.75,MG/L,EPA300.0 [300OPHOS]_W,0.34,0.75,CSU_assumed_from_ALS_pre2023,True,2011-05-04,2011-11-15,2011,grain corn,grain corn,29.25,29.25,,0.1071666666666666,0,0.75,0,,0.75,,-0.8508564421391198,-1.3969900392440324,-0.1462004670081526,0.6685495838321084,0.3784795571882837,,1,230,106,89,Siphon,10.292061131985797,1.0,27833.106565441016,189.3697323295529,4069645.360352931,4.985049261716259,reconstruction,volume_observation_or_prediction_event
VO_d428423f5bb312b0d741,PE_10c9207ac48a8196b9e7,18213.42,Transducer,Weir,14,False,29,2011-08-19,2011,5,2,ST,OUT,,AC,Siphon,,,,116630.57,False,0.34,0.75,MG/L,EPA300.0 [300OPHOS]_W,0.34,0.75,CSU_assumed_from_ALS_pre2023,True,2011-05-04,2011-11-15,2011,grain corn,grain corn,29.25,29.25,,0.1772433333333333,0,0.75,0,,0.75,,-0.8508564421391198,-1.3969900392440324,-0.6552761144613499,0.6685495838321084,0.3555412996922585,,1,231,107,88,Siphon,9.809968867047147,1.0,20749.344715362982,140.92076041392474,3033923.033034887,4.985049261716259,reconstruction,volume_observation_or_prediction_event
VO_140f2774af7d5ce17825,PE_12357952bf07eed62361,25450.34,Transducer,Weir,14,False,32,2011-08-28,2011,6,1,ST,OUT,,AC,Siphon,,,,109255.42,False,0.34,0.75,MG/L,EPA300.0 [300OPHOS]_W,0.34,0.75,CSU_assumed_from_ALS_pre2023,True,2011-05-04,2011-11-15,2011,grain corn,grain corn,29.25,29.25,,0.1071666666666666,0,0.75,0,,0.75,,-0.8508564421391198,-1.3969900392440324,-0.3287574272429555,1.1644739229751015,0.1421113822369062,,1,240,116,79,Siphon,10.14452367285192,1.0,22869.34158216117,155.42035410927087,3343889.4231052976,4.985049261716259,reconstruction,volume_observation_or_prediction_event
VO_25e242dd8700496fe01f,PE_38c079a893cd582a2a48,13379.98,Transducer,Weir,14,False,35,2011-08-29,2011,6,2,ST,OUT,,AC,Siphon,,,,102616.02,False,0.34,0.75,MG/L,EPA300.0 [300OPHOS]_W,0.34,0.75,CSU_assumed_from_ALS_pre2023,True,2011-05-04,2011-11-15,2011,grain corn,grain corn,29.25,29.25,,0.1772433333333333,0,0.75,0,,0.75,,-0.8508564421391198,-1.3969900392440324,-0.8733534848825892,1.1644739229751015,-0.0500266209159872,,1,241,117,78,Siphon,9.50158957464727,1.0,16546.305916136374,112.17432412008145,2419393.4625786096,4.985049261716259,reconstruction,volume_observation_or_prediction_event
VO_fa227c87c66553832c34,PE_e9b4d735ba3f0641547b,0.0,Transducer,7 V,1,True,14481,2012-05-15,2012,1,1,ST,OUT,,,Siphon,,,,478986.27,False,,,,,,,CSU_assumed_from_ALS_pre2023,True,2012-05-03,2012-11-01,2012,grain corn,grain corn,92.4625,26.0,,0.8029877171111112,0,,0,,,,-0.9154680090939196,-1.3199314751795637,-1.4770375804105724,-1.3151477727398646,10.841775090256016,,1,136,12,170,Siphon,0.0,1.0,2.8937697917334133,0.0,568.3111084318003,4.985049261716259,reconstruction,volume_observation_or_prediction_event
VO_8fd61c5c98a520cbd37a,PE_33de1fea55953fe4df0d,0.0,Transducer,7 V,1,True,14484,2012-05-16,2012,1,2,ST,OUT,,,Siphon,,,,442968.75,False,,,,,,,CSU_assumed_from_ALS_pre2023,True,2012-05-03,2012-11-01,2012,grain corn,grain corn,92.4625,26.0,,0.9590644183333332,0,,0,,,,-0.9154680090939196,-1.3199314751795637,-1.4770375804105724,-1.3151477727398646,9.799461873501578,,1,137,13,169,Siphon,0.0,1.0,0.5293736619732132,0.0,222.61091211731895,4.985049261716259,reconstruction,volume_observation_or_prediction_event
VO_0c6b537c64468d58968b,PE_5d2618651b9d24d37f41,0.0,Transducer,7 V,2,True,4488,2012-06-03,2012,2,1,ST,OUT,,,Siphon,". No TSS results in the ""2012 sediment load excel file""",7.265,,110088.74,True,0.19,0.2,MG/L,EPA300.0 [300Nitrate]_W,0.19,0.2,CSU_assumed_from_ALS_pre2023,True,2012-05-03,2012-11-01,2012,grain corn,grain corn,92.4625,26.0,,0.8029877171111112,0,0.2,0,7.265,0.2,0.3709416720451657,-0.9154680090939196,-1.3199314751795637,-1.4770375804105724,-0.8192234335968713,0.1662268807439055,,1,155,31,151,Siphon,0.0,1.0,875.9472802614955,4.997829268132112,128218.143623195,4.985049261716259,reconstruction,volume_observation_or_prediction_event
VO_bd805b29e34d3ac4ac0c,PE_b6f2afecb105878ba6e3,0.0,Transducer,7 V,1,True,14490,2012-06-04,2012,2,2,ST,OUT,,,Siphon,". No TSS results in the ""2012 sediment load excel file""",,,131764.71,False,,,,,,,CSU_assumed_from_ALS_pre2023,True,2012-05-03,2012-11-01,2012,grain corn,grain corn,93.925,27.46249999999999,,0.9590644183333332,0,,0,,,,-0.8863928039642599,-1.3181486292243447,-1.4770375804105724,-0.8192234335968713,0.7935091038667821,,1,156,32,150,Siphon,0.0,1.0,7.946541859198831,0.0,1307.0808406561039,4.985049261716259,reconstruction,volume_observation_or_prediction_event
VO_e98d94f8141875f06f3a,PE_8a8b99d20a2a0c0dc662,9754.0,Transducer,7 V,14,False,56,2012-06-26,2012,4,1,ST,OUT,False,AC,Siphon,The results are averages of the 3 samples taken at different times. After cultivation.,,,104096.69,False,0.34,0.75,MG/L,EPA300.0 [300OPHOS]_W,0.34,0.75,CSU_assumed_from_ALS_pre2023,True,2012-05-03,2012-11-01,2012,grain corn,grain corn,126.425,59.96249999999999,,0.8029877171111112,0,0.75,0,,0.75,,-0.2402771344162625,-1.2785298302194767,-1.0369521193127271,0.1726252446891151,-0.0071774211195606,,1,178,54,128,Siphon,9.185535253057212,1.0,13241.152230584863,89.56892017269209,1936144.3726468931,4.985049261716259,reconstruction,volume_observation_or_prediction_event
VO_a8f5c3d3c7bfed4506ed,PE_5aa12b7a1de7b45caac1,8569.0,Transducer,7 V,14,False,59,2012-06-27,2012,4,2,ST,OUT,False,AC,Siphon,The results are averages of the 3 samples taken at different times. After cultivation.,,,79589.78,False,0.34,0.75,MG/L,EPA300.0 [300OPHOS]_W,0.34,0.75,CSU_assumed_from_ALS_pre2023,True,2012-05-03,2012-11-01,2012,grain corn,grain corn,126.425,59.96249999999999,,0.9590644183333332,0,0.75,0,,0.75,,-0.2402771344162625,-1.2785298302194767,-1.0904174946870295,0.1726252446891151,-0.7163843902504584,,1,179,55,127,Siphon,9.056023011591826,1.0,8715.319891019588,58.61475647335424,1274418.9077042544,4.985049261716259,reconstruction,volume_observation_or_prediction_event
VO_bda2d4d160539f23d01e,PE_42122c5a7671e5082062,16839.0,Transducer,7 V,14,False,62,2012-07-16,2012,5,1,ST,OUT,False,AC,Siphon,The results are averages of the 3 samples taken at different times. After cultivation.,,,112136.29,False,0.34,0.75,MG/L,EPA300.0 [300OPHOS]_W,0.34,0.75,CSU_assumed_from_ALS_pre2023,True,2012-05-03,2012-11-01,2012,grain corn,grain corn,126.425,59.96249999999999,,0.8029877171111112,0,0.75,0,,0.75,,-0.2402771344162625,-1.2785298302194767,-0.7172878285726991,0.6685495838321084,0.2254810555723094,,1,198,74,108,Siphon,9.731512287796317,1.0,17056.02104595133,115.66049072647344,2493919.307983103,4.985049261716259,reconstruction,volume_observation_or_prediction_event
VO_d44a12912ce1ef152149,PE_f2b5b0c650d6e07d7130,24920.0,Transducer,7 V,14,False,65,2012-07-17,2012,5,2,ST,OUT,False,AC,Siphon,The results are averages of the 3 samples taken at different times. After cultivation.,,,95321.28,False,0.34,0.75,MG/L,EPA300.0 [300OPHOS]_W,0.34,0.75,CSU_assumed_from_ALS_pre2023,True,2012-05-03,2012-11-01,2012,grain corn,grain corn,126.425,59.96249999999999,,0.9590644183333332,0,0.75,0,,0.75,,-0.2402771344162625,-1.2785298302194767,-0.352685551442118,0.6685495838321084,-0.2611295484575634,,1,199,75,107,Siphon,10.123466100507182,1.0,11442.010978082535,77.26379955182125,1673090.531389499,4.985049261716259,reconstruction,volume_observation_or_prediction_event
VO_68ef35c6e2efedee0242,PE_b33e709d47bdf184022c,8574.0,Ruler,7 V,14,False,71,2012-07-25,2012,6,2,ST,OUT,,,Siphon,,,,92670.81,False,0.34,0.75,MG/L,EPA300.0 [300OPHOS]_W,0.34,0.75,ALS_pre2023,False,2012-05-03,2012-11-01,2012,grain corn,grain corn,126.425,59.96249999999999,,0.9590644183333332,0,0.75,0,,0.75,,-0.2402771344162625,-1.2785298302194767,-1.0901919023858722,1.1644739229751015,-0.3378316620847963,,1,207,83,99,Siphon,9.056606272034141,1.0,6969.8407402991725,46.67665463673811,1019211.044067597,4.985049261716259,reconstruction,volume_observation_or_prediction_event
VO_52daca1224a58850a33d,PE_c4edc2fbb24bd4d4304b,26014.0,Transducer,7 V,14,False,77,2012-08-01,2012,7,2,ST,OUT,False,AC,Siphon,The results are averages of the 3 samples taken at different times. After cultivation.,,,95881.53,False,0.34,0.75,MG/L,EPA300.0 [300OPHOS]_W,0.34,0.75,CSU_assumed_from_ALS_pre2023,True,2012-05-03,2012-11-01,2012,grain corn,grain corn,126.425,59.96249999999999,,0.9590644183333332,0,0.75,0,,0.75,,-0.2402771344162625,-1.2785298302194767,-0.3033259559488802,1.6603982621180948,-0.2449164394015631,,1,214,90,92,Siphon,10.166428573724405,1.0,11728.590298975336,79.22384193655813,1714991.516696204,4.985049261716259,reconstruction,volume_observation_or_prediction_event
VO_a2ef1c8163d166407323,PE_13b24eacf3b3cfde2013,11995.0,Transducer,7 V,14,False,80,2012-08-08,2012,8,1,ST,OUT,,,Siphon,,,,103049.18,False,0.34,0.75,MG/L,EPA300.0 [300OPHOS]_W,0.34,0.75,ALS_pre2023,False,2012-05-03,2012-11-01,2012,grain corn,grain corn,126.425,59.96249999999999,,0.8029877171111112,0,0.75,0,,0.75,,-0.2402771344162625,-1.2785298302194767,-0.9358416499339828,2.1563226012610883,-0.0374913771521373,,1,221,97,85,Siphon,9.392328539868899,1.0,16777.706934043108,113.7569777517373,2453226.785307759,4.985049261716259,reconstruction,volume_observation_or_prediction_event
VO_526ffa9cb1c8ea3d8090,PE_ff1edde1daaedfa43426,14368.0,Transducer,7 V,14,False,83,2012-08-09,2012,8,2,ST,OUT,,,Siphon,,,,96715.37,False,0.34,0.75,MG/L,EPA300.0 [300OPHOS]_W,0.34,0.75,ALS_pre2023,False,2012-05-03,2012-11-01,2012,grain corn,grain corn,126.425,59.96249999999999,,0.9590644183333332,0,0.75,0,,0.75,,-0.2402771344162625,-1.2785298302194767,-0.8287755438046834,2.1563226012610883,-0.2207858925827228,,1,222,98,84,Siphon,9.572828387229206,1.0,14739.424882534498,99.81626772228003,2155207.981909415,4.985049261716259,reconstruction,volume_observation_or_prediction_event
VO_0dc48944e7f327e22b1d,PE_228b286315736be40396,19542.0,Transducer,7 V,14,False,86,2012-08-19,2012,9,1,ST,OUT,,,Siphon,,,,113946.0,False,0.34,0.75,MG/L,EPA300.0 [300OPHOS]_W,0.34,0.75,ALS_pre2023,False,2012-05-03,2012-11-01,2012,grain corn,grain corn,126.425,59.96249999999999,,0.8029877171111112,0,0.75,0,,0.75,,-0.2402771344162625,-1.2785298302194767,-0.5953326305670116,2.6522469404040816,0.2778523640769672,,1,232,108,74,Siphon,9.880372445030076,1.0,19866.97873962189,134.88587029723973,2904911.617732895,4.985049261716259,reconstruction,volume_observation_or_prediction_event
VO_04ba8b2e432fc73821eb,PE_6d1b220243a4abae9395,5051.0,Ruler,7 V,14,False,89,2012-08-20,2012,9,2,ST,OUT,,,Siphon,,,,89521.56,False,0.34,0.75,MG/L,EPA300.0 [300OPHOS]_W,0.34,0.75,ALS_pre2023,False,2012-05-03,2012-11-01,2012,grain corn,grain corn,126.425,59.96249999999999,,0.9590644183333332,0,0.75,0,,0.75,,-0.2402771344162625,-1.2785298302194767,-1.2491442377813724,2.6522469404040816,-0.4289680006740138,,1,233,109,73,Siphon,8.527539483470381,1.0,6456.141312933337,43.163237661935725,944102.6514206267,4.985049261716259,reconstruction,volume_observation_or_prediction_event
VO_e099fbcde71840bb4f6d,PE_7c1d9d3221984aa15866,25931.0,Transducer,7 V,14,False,92,2012-08-30,2012,10,1,ST,OUT,,,Siphon,,,,82991.51,False,0.34,0.75,MG/L,EPA300.0 [300OPHOS]_W,0.34,0.75,ALS_pre2023,False,2012-05-03,2012-11-01,2012,grain corn,grain corn,126.425,59.96249999999999,,0.8029877171111112,0,0.75,0,,0.75,,-0.2402771344162625,-1.2785298302194767,-0.3070707881480929,3.148171279547075,-0.6179415174810376,,1,243,119,63,Siphon,10.163233006294886,1.0,16182.84251419564,109.68843759175452,2366251.1960089277,4.985049261716259,reconstruction,volume_observation_or_prediction_event
VO_117e27c0e7b95156626d,PE_7351d10f00b3c96a7d83,6600.0,Ruler,7 V,14,False,95,2012-08-31,2012,10,2,ST,OUT,,,Siphon,,,,89018.96,False,0.34,0.75,MG/L,EPA300.0 [300OPHOS]_W,0.34,0.75,ALS_pre2023,False,2012-05-03,2012-11-01,2012,grain corn,grain corn,126.425,59.96249999999999,,0.9590644183333332,0,0.75,0,,0.75,,-0.2402771344162625,-1.2785298302194767,-1.1792557428828117,3.148171279547075,-0.4435127728499096,,1,244,120,62,Siphon,8.79497643168877,1.0,5195.271283745034,34.53959136689146,759749.8641989483,4.985049261716259,reconstruction,volume_observation_or_prediction_event
VO_9393f0410bf4d867a5b5,PE_708424d1bb603945d55d,9920.0,Transducer,7 V,14,False,104,2013-07-02,2013,2,1,ST,OUT,False,AC,Siphon,The analyte values are averages of 6 samples over the irrigation period,,,,False,0.34,0.75,MG/L,EPA300.0 [300OPHOS]_W,0.34,0.75,CSU_assumed_from_ALS_pre2023,True,2013-05-14,2013-09-30,2013,silage corn,grain corn,212.63125,44.118750000000006,,,0,0.75,0,,0.75,,-0.555258523320911,-1.1734409658590637,-1.0294624549143017,-0.8192234335968713,,,1,183,49,90,Siphon,9.202409001649903,1.0,18885.70156664778,128.17448287328986,2761438.3193856874,4.985049261716259,reconstruction,volume_observation_or_prediction_event
VO_7c5a92318fa876f27922,PE_fdc59fecf93474c12b12,26049.0,Transducer,7 V,14,False,107,2013-07-03,2013,2,2,ST,OUT,False,AC,Siphon,The analyte values are averages of 6 samples over the irrigation period,,,104886.19,False,0.34,0.75,MG/L,EPA300.0 [300OPHOS]_W,0.34,0.75,CSU_assumed_from_ALS_pre2023,True,2013-05-14,2013-09-30,2013,silage corn,grain corn,212.63125,44.118750000000006,,,0,0.75,0,,0.75,,-0.555258523320911,-1.1734409658590637,-0.3017468098407784,-0.8192234335968713,0.0156699677241917,,1,184,50,89,Siphon,10.167773047181512,1.0,14215.935258252422,96.23589127234536,2078668.1569600054,4.985049261716259,reconstruction,volume_observation_or_prediction_event
VO_ba1f0547ec036a6d409f,PE_f278e5f0f82b18f4e600,27072.0,Transducer,7 V,14,False,110,2013-07-11,2013,3,1,ST,OUT,,,Siphon,"This date was determined by the ""2013_DataLogger"" file, assumed to be soil moisture sensors",,,87604.56,False,0.34,0.75,MG/L,EPA300.0 [300OPHOS]_W,0.34,0.75,CSU_assumed_from_ALS_pre2023,True,2013-05-14,2013-09-30,2013,silage corn,grain corn,212.63125,44.118750000000006,,,0,0.75,0,,0.75,,-0.555258523320911,-1.1734409658590637,-0.2555906250239754,-0.3232990944538781,-0.4844441810584006,,1,192,58,81,Siphon,10.206292200258018,1.0,20342.27177643363,138.13660902611613,2974404.5821581883,4.985049261716259,reconstruction,volume_observation_or_prediction_event
VO_121e359151f9df2741f0,PE_876a357bf174770fe0d2,7774.0,Transducer,7 V,14,False,113,2013-07-12,2013,3,2,ST,OUT,,,Siphon,"This date was determined by the ""2013_DataLogger"" file, assumed to be soil moisture sensors",,,131657.14,False,0.34,0.75,MG/L,EPA300.0 [300OPHOS]_W,0.34,0.75,CSU_assumed_from_ALS_pre2023,True,2013-05-14,2013-09-30,2013,silage corn,grain corn,212.63125,44.118750000000006,,,0,0.75,0,,0.75,,-0.555258523320911,-1.1734409658590637,-1.1262866705710557,-0.3232990944538781,0.7903961290499082,,1,193,59,80,Siphon,8.958668737047434,1.0,8256.051756224979,55.47361911790209,1207268.956661328,4.985049261716259,reconstruction,volume_observation_or_prediction_event
VO_c3812275c0ad42d4308e,PE_774a4cc0a525c082de18,21046.0,Transducer,7 V,14,False,116,2013-07-30,2013,4,1,ST,OUT,False,AC,Siphon,The analyte values are averages of 6 samples over the irrigation period,,,108000.0,False,0.34,0.75,MG/L,EPA300.0 [300OPHOS]_W,0.34,0.75,CSU_assumed_from_ALS_pre2023,True,2013-05-14,2013-09-30,2013,silage corn,grain corn,212.63125,44.118750000000006,,,0,0.75,0,,0.75,,-0.555258523320911,-1.1734409658590637,-0.5274744663788673,0.1726252446891151,0.1057807059832981,,1,211,77,62,Siphon,9.954513311139172,1.0,22065.435813663993,149.9220879584541,3226349.735702745,4.985049261716259,reconstruction,volume_observation_or_prediction_event
VO_d67873e98dbcda8b1d98,PE_af302406db17d17a7a53,9708.0,Transducer,7 V,14,False,119,2013-07-31,2013,4,2,ST,OUT,False,AC,Siphon,The analyte values are averages of 6 samples over the irrigation period,,,109714.29,False,0.34,0.75,MG/L,EPA300.0 [300OPHOS]_W,0.34,0.75,CSU_assumed_from_ALS_pre2023,True,2013-05-14,2013-09-30,2013,silage corn,grain corn,212.63125,44.118750000000006,,,0,0.75,0,,0.75,,-0.555258523320911,-1.1734409658590637,-1.0390275684833752,0.1726252446891151,0.1553906492650665,,1,212,78,61,Siphon,9.180808569370145,1.0,10753.824433277734,72.55698821518749,1572470.2416480617,4.985049261716259,reconstruction,volume_observation_or_prediction_event
VO_0e74c43748b60c3af799,PE_c0cb00ee16f3df54056e,26268.0,Transducer,7 V,14,False,122,2013-08-08,2013,5,1,ST,OUT,,,Siphon,,,,,False,0.34,0.75,MG/L,EPA300.0 [300OPHOS]_W,0.34,0.75,CSU_assumed_from_ALS_pre2023,True,2013-05-14,2013-09-30,2013,silage corn,grain corn,212.63125,44.118750000000006,,,0,0.75,0,,0.75,,-0.555258523320911,-1.1734409658590637,-0.2918658670500845,0.6685495838321084,,,1,220,86,53,Siphon,10.176144815719798,1.0,18821.08090494148,127.73251366392924,2751990.082198755,4.985049261716259,reconstruction,volume_observation_or_prediction_event
VO_9c5c21d991e2abe6ee0c,PE_2e1d8e9a4ec12a7fa171,2800.0,Transducer,7 V,14,False,125,2013-08-09,2013,5,2,ST,OUT,,,Siphon,,,,,False,0.34,0.75,MG/L,EPA300.0 [300OPHOS]_W,0.34,0.75,CSU_assumed_from_ALS_pre2023,True,2013-05-14,2013-09-30,2013,silage corn,grain corn,212.63125,44.118750000000006,,,0,0.75,0,,0.75,,-0.555258523320911,-1.1734409658590637,-1.3507058917624315,0.6685495838321084,,,1,221,87,52,Siphon,7.937731775260109,1.0,6729.300847545886,45.03149620888048,984041.5193421827,4.985049261716259,reconstruction,volume_observation_or_prediction_event
VO_d7402ae7281f4e1fb3e8,PE_1b82574709f1b4c2918a,35247.0,Transducer,7 V,14,False,128,2013-08-19,2013,6,1,ST,OUT,False,AC,Siphon,The analyte values are averages of 6 samples over the irrigation period,,,108000.0,False,0.34,0.75,MG/L,EPA300.0 [300OPHOS]_W,0.34,0.75,CSU_assumed_from_ALS_pre2023,True,2013-05-14,2013-09-30,2013,silage corn,grain corn,212.63125,44.118750000000006,,,0,0.75,0,,0.75,,-0.555258523320911,-1.1734409658590637,0.1132527873683645,1.1644739229751015,0.1057807059832981,,1,231,97,42,Siphon,10.470164069042124,1.0,27478.023136377305,186.9411601321091,4017728.3361325464,4.985049261716259,reconstruction,volume_observation_or_prediction_event
VO_f0976c8d36a6ddffad0e,PE_f4a6797ec5124306c5c4,7115.0,Transducer,7 V,14,False,131,2013-08-20,2013,6,2,ST,OUT,False,AC,Siphon,The analyte values are averages of 6 samples over the irrigation period,,,102400.0,False,0.34,0.75,MG/L,EPA300.0 [300OPHOS]_W,0.34,0.75,CSU_assumed_from_ALS_pre2023,True,2013-05-14,2013-09-30,2013,silage corn,grain corn,212.63125,44.118750000000006,,,0,0.75,0,,0.75,,-0.555258523320911,-1.1734409658590637,-1.1560197358636,1.1644739229751015,-0.0562780369236218,,1,232,98,41,Siphon,8.870101048785726,1.0,10235.031565279276,69.00873495319951,1496617.1330863382,4.985049261716259,reconstruction,volume_observation_or_prediction_event
VO_a613ee52e9625911329a,PE_bd297c4d9ec07bf143d3,49191.0,Transducer,7 V,14,False,134,2013-08-28,2013,7,1,ST,OUT,,,Siphon,,,,,False,0.34,0.75,MG/L,EPA300.0 [300OPHOS]_W,0.34,0.75,CSU_assumed_from_ALS_pre2023,True,2013-05-14,2013-09-30,2013,silage corn,grain corn,212.63125,44.118750000000006,,,0,0.75,0,,0.75,,-0.555258523320911,-1.1734409658590637,0.7423845968361064,1.6603982621180948,,,1,240,106,33,Siphon,10.803486287633305,1.0,31968.883544162793,217.65613536400636,4674340.527740994,4.985049261716259,reconstruction,volume_observation_or_prediction_event
VO_53f082dbd44b8ad35f63,PE_1fa0d54bc7cabbe95813,4468.0,Transducer,7 V,14,False,137,2013-08-29,2013,7,2,ST,OUT,,,Siphon,,,,,False,0.34,0.75,MG/L,EPA300.0 [300OPHOS]_W,0.34,0.75,CSU_assumed_from_ALS_pre2023,True,2013-05-14,2013-09-30,2013,silage corn,grain corn,212.63125,44.118750000000006,,,0,0.75,0,,0.75,,-0.555258523320911,-1.1734409658590637,-1.2754483000963246,1.6603982621180948,,,1,241,107,32,Siphon,8.404919948933452,1.0,9239.027185556564,62.19662166617577,1350990.5583908593,4.985049261716259,reconstruction,volume_observation_or_prediction_event
VO_1a96ff4848b478d645a1,PE_88341d48794d45f2f7ea,31695.59,Bubbler,7 V,56,False,144,2014-07-01,2014,1,1,ST,OUT,True,FALSE,Siphon,"OG sample ID ST1 I1 S1 - S1= the first first samplable water  through flume. There was not a result for ST1 S1 in ""Total Suspended Solids 2014""",0.003,,126691.33,True,0.34,0.75,MG/L,EPA300.0 [300OPHOS]_W,0.34,0.75,CSU_assumed_from_ALS_pre2023,True,2014-05-06,2014-12-02,2014,grain corn,silage corn,258.06625,38.93499999999997,,,0,0.75,0,0.003,0.75,-0.3531485824273609,-0.6583139726138173,-1.118053884850258,-0.0469813634823119,-1.3151477727398646,0.6466902493865841,,1,182,56,154,Siphon,10.363964383101282,1.0,18273.49329590589,123.98732046672724,2671926.8721637344,4.985049261716259,reconstruction,volume_observation_or_prediction_event
VO_4534cd0598c692361980,PE_20401d2ee44fc763d9e0,7505.66,Bubbler,7 V,56,False,154,2014-07-02,2014,1,2,ST,OUT,True,FALSE,Siphon,OG sample ID ST2 I1 S1 - S1= the first first samplable water  through flume.,0.003,,136319.18,True,0.34,0.75,MG/L,EPA300.0 [300OPHOS]_W,0.34,0.75,CSU_assumed_from_ALS_pre2023,True,2014-05-06,2014-12-02,2014,grain corn,silage corn,258.06625,38.93499999999997,,,0,0.75,0,0.003,0.75,-0.3531485824273609,-0.6583139726138173,-1.118053884850258,-1.1383937581895704,-1.3151477727398646,0.9253111900823678,,1,183,57,153,Siphon,8.923545905485655,1.0,1097.8764199878167,6.515700546899285,160666.57567974497,4.985049261716259,reconstruction,volume_observation_or_prediction_event
VO_a6d285f3d97bff69cf73,PE_b2bb29fd763a5ae8d37a,12295.95,Transducer,7 V,14,False,160,2014-07-21,2014,2,1,ST,OUT,,,Siphon,,,,104096.39,False,0.34,0.75,MG/L,EPA300.0 [300OPHOS]_W,0.34,0.75,ALS_pre2023,False,2014-05-06,2014-12-02,2014,grain corn,silage corn,258.06625,38.93499999999997,,,0,0.75,0,,0.75,,-0.6583139726138173,-1.118053884850258,-0.9222632493273192,-0.8192234335968713,-0.0071861028379307,,1,202,76,134,Siphon,9.417106543131815,1.0,8964.211566335594,60.31703642610083,1310809.5530511956,4.985049261716259,reconstruction,volume_observation_or_prediction_event
VO_5f3319a6d1d4e99b9680,PE_3fd488581bed18061421,7202.48,Transducer,7 V,14,False,163,2014-07-22,2014,2,2,ST,OUT,,,Siphon,,,,95319.15,False,0.34,0.75,MG/L,EPA300.0 [300OPHOS]_W,0.34,0.75,ALS_pre2023,False,2014-05-06,2014-12-02,2014,grain corn,silage corn,258.06625,38.93499999999997,,,0,0.75,0,,0.75,,-0.6583139726138173,-1.118053884850258,-1.1520727729625502,-0.8192234335968713,-0.2611911886579907,,1,203,77,133,Siphon,8.882319521569547,1.0,7381.25983284544,49.49053128620617,1079364.94944351,4.985049261716259,reconstruction,volume_observation_or_prediction_event
VO_12e66b8532e9363fa393,PE_738eae63b2cd0fdb735d,34697.1,Bubbler,7 V,56,False,169,2014-08-04,2014,3,1,ST,OUT,True,FALSE,Siphon,,,,112956.41,False,0.34,0.75,MG/L,EPA300.0 [300OPHOS]_W,0.34,0.75,CSU_assumed_from_ALS_pre2023,True,2014-05-06,2014-12-02,2014,grain corn,silage corn,258.06625,38.93499999999997,,,0,0.75,0,,0.75,,-0.6583139726138173,-1.118053884850258,0.0884421460870742,-0.3232990944538781,0.2492145584710281,,1,216,90,120,Siphon,10.45444020939261,1.0,30556.53810864096,207.9964819497673,4467840.403595858,4.985049261716259,reconstruction,volume_observation_or_prediction_event
VO_e9f83da0ee4c891a386b,PE_a2c3c1fe4bab4c283e4b,4383.03,Bubbler,7 V,56,False,178,2014-08-05,2014,3,2,ST,OUT,True,FALSE,Siphon,OG sample ID ST2 I3 S1 - S1= the first first samplable water  through flume.,,,89737.01,False,0.34,0.75,MG/L,EPA300.0 [300OPHOS]_W,0.34,0.75,CSU_assumed_from_ALS_pre2023,True,2014-05-06,2014-12-02,2014,grain corn,silage corn,258.06625,38.93499999999997,,,0,0.75,0,,0.75,,-0.6583139726138173,-1.118053884850258,-1.2792820156621934,-0.3232990944538781,-0.4227330799312825,,1,217,91,119,Siphon,8.385723671670132,1.0,17048.838476644138,115.61136596677497,2492869.138940663,4.985049261716259,reconstruction,volume_observation_or_prediction_event
VO_66f65d1f271266cdb5ab,PE_8d6dc30659220b5df3ec,17296.69,Transducer,7 V,28,False,186,2014-08-17,2014,4,1,ST,OUT,False,AC,Siphon,"TSS value is an average of ST1 I4 S1,S2,S3,S4,S5,S6,S7,S8,S9,S10,S11,S15,S16",,,120960.0,False,0.34,0.75,MG/L,EPA300.0 [300OPHOS]_W,0.34,0.75,ALS_pre2023,False,2014-05-06,2014-12-02,2014,grain corn,silage corn,258.06625,38.93499999999997,,,0,0.75,0,,0.75,,-0.6583139726138173,-1.118053884850258,-0.6966375605093535,0.1726252446891151,0.4808309395678845,,1,229,103,107,Siphon,9.758328245558918,1.0,18821.13782108902,127.7329029385678,2751998.403952936,4.985049261716259,reconstruction,volume_observation_or_prediction_event
VO_2771c1455a20b99f5fcd,PE_a88848885f438cbc11ef,13116.54,Transducer,7 V,14,False,191,2014-08-18,2014,4,2,ST,OUT,False,AC,Siphon,"TSS value  is an average of ST2 I4 S1, S2,S3,S4,S5,S6,S7,S8,S9,S10,S11,S12,S15,S16",,,,False,0.34,0.75,MG/L,EPA300.0 [300OPHOS]_W,0.34,0.75,ALS_pre2023,False,2014-05-06,2014-12-02,2014,grain corn,silage corn,258.06625,38.93499999999997,,,0,0.75,0,,0.75,,-0.6583139726138173,-1.118053884850258,-0.88523949204597,0.1726252446891151,,,1,230,104,106,Siphon,9.481705544917757,0.5,16011.567793789714,108.51701423020936,2341208.985982116,4.985049261716259,reconstruction,volume_observation_or_prediction_event
VO_e9e0f18707e3a264e432,PE_a88848885f438cbc11ef,13116.54,Transducer,8 V,14,False,191,2014-08-18,2014,4,2,ST,OUT,False,AC,Siphon,"TSS value  is an average of ST2 I4 S1, S2,S3,S4,S5,S6,S7,S8,S9,S10,S11,S12,S15,S16",,,,False,0.34,0.75,MG/L,EPA300.0 [300OPHOS]_W,0.34,0.75,ALS_pre2023,False,2014-05-06,2014-12-02,2014,grain corn,silage corn,258.06625,38.93499999999997,,,0,0.75,0,,0.75,,-0.6583139726138173,-1.118053884850258,-0.88523949204597,0.1726252446891151,,,1,230,104,106,Siphon,9.481705544917757,0.5,16315.965640598282,110.59892537337456,2385715.2318158457,4.985049261716259,reconstruction,volume_observation_or_prediction_event
VO_a0548b6ea4dd52beb42c,PE_29f1778e9f933c5e4e8c,3376.22,Bubbler,7 V,28,False,203,2015-07-06,2015,1,1,ST,OUT,False,AC,Siphon,"Analytical composite. Average of ST1 I1 bottles 2, 4. TSS values ST1 T2, T2, -8 & 12, any average with a 0 or negative value is changed to U",0.0,,139707.11,True,0.34,0.75,MG/L,EPA300.0 [300OPHOS]_W,0.34,0.75,CSU_assumed_from_ALS_pre2023,True,2015-04-30,2015-11-16,2015,grain corn,grain corn,327.77875,32.5,47.0,0.380175439,2,0.75,1,,0.75,-0.3885840286996418,-0.7862448751843201,-1.033071560984816,-1.324707732607849,-1.3151477727398646,1.023354703806768,0.47,1,187,67,133,Siphon,8.124808164843426,1.0,6197.940550488291,41.39728875610739,906350.917207268,4.985049261716259,reconstruction,volume_observation_or_prediction_event
VO_d5a47a540bfcfa059e6c,PE_fbe2d0d30dae760e7923,2837.99,Transducer,7 V,28,False,209,2015-07-07,2015,1,2,ST,OUT,False,AC,Siphon,,0.0,,114349.32,True,0.34,0.75,MG/L,EPA300.0 [300OPHOS]_W,0.34,0.75,CSU_assumed_from_ALS_pre2023,True,2015-04-30,2015-11-16,2015,grain corn,grain corn,327.77875,32.5,51.0,0.4594736845,2,0.75,1,,0.75,-0.3885840286996418,-0.7862448751843201,-1.033071560984816,-1.3489918414582376,-1.3151477727398646,0.2895240662536136,0.51,1,188,68,132,Siphon,7.951203634099737,1.0,4147.099704677454,27.37068359277629,606495.8827302537,4.985049261716259,reconstruction,volume_observation_or_prediction_event
VO_b6a3fb3c5ed7afde0aa8,PE_104356e39a2b6a6ca8c6,4443.59,Bubbler,7 V,28,False,215,2015-07-20,2015,2,1,ST,OUT,False,AC,Siphon,"Analytical composite. Average of ST1 I 2 bottles 2, 4, 4D, 6",0.0,,92689.66,True,0.34,0.75,MG/L,EPA300.0 [300OPHOS]_W,0.34,0.75,CSU_assumed_from_ALS_pre2023,True,2015-04-30,2015-11-16,2015,grain corn,grain corn,327.77875,32.5,47.0,0.380175439,2,0.75,1,,0.75,-0.3885840286996418,-0.7862448751843201,-1.033071560984816,-1.276549641710575,-0.8192234335968713,-0.337286160780547,0.47,1,201,81,119,Siphon,8.399442905223584,1.0,11792.710387856268,79.6623875075651,1724366.5647411728,4.985049261716259,reconstruction,volume_observation_or_prediction_event
VO_74a3c73fb8610dee8981,PE_f45ebdfc7afdc891da27,6589.69,Bubbler,7 V,28,False,221,2015-07-21,2015,2,2,ST,OUT,False,AC,Siphon,"Analytical composite. Average of ST2 I 2 bottles 2, 4, 6",0.0,,95545.02,True,0.34,0.75,MG/L,EPA300.0 [300OPHOS]_W,0.34,0.75,CSU_assumed_from_ALS_pre2023,True,2015-04-30,2015-11-16,2015,grain corn,grain corn,327.77875,32.5,51.0,0.4594736845,2,0.75,1,,0.75,-0.3885840286996418,-0.7862448751843201,-1.033071560984816,-1.1797209142077982,-0.8192234335968713,-0.2546547228972071,0.51,1,202,82,118,Siphon,8.793413326112578,1.0,7125.4311989160915,47.74080641363441,1041960.0459846252,4.985049261716259,reconstruction,volume_observation_or_prediction_event
VO_1049c39c4cc6f1006b62,PE_849adf0445dc35c652d8,15480.65,Bubbler,7 V,28,False,227,2015-07-30,2015,3,1,ST,OUT,False,TRUE,Siphon,,0.02,,101476.51,True,0.34,0.75,MG/L,EPA300.0 [300OPHOS]_W,0.34,0.75,CSU_assumed_from_ALS_pre2023,True,2015-04-30,2015-11-16,2015,grain corn,grain corn,327.77875,32.5,47.0,0.380175439,2,0.75,0,0.02,0.75,-0.1523477202177687,-0.7862448751843201,-1.033071560984816,-0.7785744890281285,-0.3232990944538781,-0.0830029705820347,0.47,1,211,91,109,Siphon,9.647410730610785,1.0,12000.327796007923,81.08237454123766,1754722.4673976412,4.985049261716259,reconstruction,volume_observation_or_prediction_event
VO_36d2c78317c2cda7c347,PE_cb9f67dd406d4fd6f8ba,3107.49,Bubbler,7 V,28,False,233,2015-07-31,2015,3,2,ST,OUT,False,TRUE,Siphon,,0.02,,91015.8,True,0.34,0.75,MG/L,EPA300.0 [300OPHOS]_W,0.34,0.75,CSU_assumed_from_ALS_pre2023,True,2015-04-30,2015-11-16,2015,grain corn,grain corn,327.77875,32.5,51.0,0.4594736845,2,0.75,0,0.02,0.75,-0.1523477202177687,-0.7862448751843201,-1.033071560984816,-1.3368324164258538,-0.3232990944538781,-0.3857260978166501,0.51,1,212,92,108,Siphon,8.041892356718533,1.0,5592.113378644569,37.25376949959009,817772.4554161539,4.985049261716259,reconstruction,volume_observation_or_prediction_event
VO_3fbcedb673efd7013d12,PE_d72098c1859be2ca76a3,23607.05,Bubbler,7 V,14,False,237,2015-08-06,2015,4,1,ST,OUT,False,TRUE,Siphon,,,,119825.33,False,0.34,0.75,MG/L,EPA300.0 [300OPHOS]_W,0.34,0.75,CSU_assumed_from_ALS_pre2023,True,2015-04-30,2015-11-16,2015,grain corn,grain corn,327.77875,32.5,47.0,0.380175439,2,0.75,0,,0.75,,-0.7862448751843201,-1.033071560984816,-0.4119238338030383,0.1726252446891151,0.4479946549582068,0.47,1,218,98,102,Siphon,10.069343034546659,1.0,20110.22114358659,136.5495123913406,2940476.278723578,4.985049261716259,reconstruction,volume_observation_or_prediction_event
VO_7a202c0c63534f97c3e2,PE_27134a8745e851e0812e,13092.32,Bubbler,7 V,14,False,240,2015-08-07,2015,4,2,ST,OUT,False,TRUE,Siphon,,,,98665.6,False,0.34,0.75,MG/L,EPA300.0 [300OPHOS]_W,0.34,0.75,CSU_assumed_from_ALS_pre2023,True,2015-04-30,2015-11-16,2015,grain corn,grain corn,327.77875,32.5,51.0,0.4594736845,2,0.75,0,,0.75,,-0.7862448751843201,-1.033071560984816,-0.8863322611527765,0.1726252446891151,-0.1643480671935506,0.51,1,219,99,101,Siphon,9.479857455469835,1.0,12013.053648994548,81.16941226314309,1756583.1242564358,4.985049261716259,reconstruction,volume_observation_or_prediction_event
VO_e2e02a542757c3d703ca,PE_6e4c577d5f6542c800fb,14916.69,Bubbler,7 V,28,False,245,2015-08-16,2015,5,1,ST,OUT,False,AC,Siphon,"Analytical composite. Average of ST1 I 5 bottles 2, 4, 6, 8, 10",0.01,,102988.51,True,0.34,0.75,MG/L,EPA300.0 [300OPHOS]_W,0.34,0.75,CSU_assumed_from_ALS_pre2023,True,2015-04-30,2015-11-16,2015,grain corn,grain corn,327.77875,32.5,47.0,0.380175439,2,0.75,0,0.01,0.75,-0.2704658744587053,-0.7862448751843201,-1.033071560984816,-0.8040194958602733,0.6685495838321084,-0.0392471099971663,0.47,1,228,108,92,Siphon,9.610303036033745,1.0,15654.769380338781,106.07671249806762,2289041.2125611734,4.985049261716259,reconstruction,volume_observation_or_prediction_event
VO_1862cc3f7542edbd9204,PE_1d76eb47b4a63f9c00b3,7040.1,Bubbler,7 V,28,False,251,2015-08-17,2015,5,2,ST,OUT,False,AC,Siphon,"Analytical composite. Average of ST2 I 5 bottles 2, 4, 6, 8, 10",0.01,,91914.89,True,0.34,0.75,MG/L,EPA300.0 [300OPHOS]_W,0.34,0.75,CSU_assumed_from_ALS_pre2023,True,2015-04-30,2015-11-16,2015,grain corn,grain corn,327.77875,32.5,51.0,0.4594736845,2,0.75,0,0.01,0.75,-0.2704658744587053,-0.7862448751843201,-1.033071560984816,-1.1593991085349376,0.6685495838321084,-0.3597072772523318,0.51,1,229,109,91,Siphon,8.859519686946328,1.0,9018.101335637088,60.6856123289453,1318688.8181169687,4.985049261716259,reconstruction,volume_observation_or_prediction_event
VO_f946865d79855901b0ff,PE_ce718481b9280818bae3,10658.56,Bubbler,7 V,28,False,257,2015-08-31,2015,6,1,ST,OUT,False,AC,Siphon,"Analytical composite. Average of ST1 I 6 bottles 1, 2, 3, 4. Original NH4 values, 0.02,0.02,0,0",0.0,,110769.23,True,0.34,0.75,MG/L,EPA300.0 [300OPHOS]_W,0.34,0.75,CSU_assumed_from_ALS_pre2023,True,2015-04-30,2015-11-16,2015,grain corn,grain corn,327.77875,32.5,47.0,0.380175439,2,0.75,1,,0.75,-0.3885840286996418,-0.7862448751843201,-1.033071560984816,-0.9961397649257404,1.1644739229751015,0.185919622522607,0.47,1,243,123,77,Siphon,9.274212421070594,1.0,13594.643775301925,91.98660477091447,1987828.6462193558,4.985049261716259,reconstruction,volume_observation_or_prediction_event
VO_943afbf4b9ef5c4b0421,PE_1ba55f145c3c23bf9aca,10037.82,Bubbler,7 V,28,False,263,2015-09-01,2015,6,2,ST,OUT,False,AC,Siphon,"Analytical composite. Average of ST2 I 6 bottles 1, 2, 3, 4",0.01,,110566.73,True,0.34,0.75,MG/L,EPA300.0 [300OPHOS]_W,0.34,0.75,CSU_assumed_from_ALS_pre2023,True,2015-04-30,2015-11-16,2015,grain corn,grain corn,327.77875,32.5,51.0,0.4594736845,2,0.75,0,0.01,0.75,-0.2704658744587053,-0.7862448751843201,-1.033071560984816,-1.0241465979298288,1.1644739229751015,0.1800594626228478,0.51,1,244,124,76,Siphon,9.214214856458064,1.0,9277.236040751906,62.4579488806511,1356577.1048141615,4.985049261716259,reconstruction,volume_observation_or_prediction_event
VO_acd5445186c8a4fc7f50,PE_0331d4d7e21b358e5bac,34697.1,Bubbler,7 V,28,False,269,2016-06-07,2016,1,1,ST,OUT,False,AC,Siphon,"Analytical composite. Average ofST1 I1 Time 1, 2, 3, 4, 5, 6, 7, 8, 5-D. TP, TKN, TSP average of T 1, 2, 5,  7, 8, 5-D",0.0,,259697.49,True,0.34,0.75,MG/L,EPA300.0 [300OPHOS]_W,0.34,0.75,CSU_assumed_from_ALS_pre2023,True,2016-03-03,2016-07-25,2016,barley,grain corn,426.205,34.693749999999966,58.0,0.1990058479999999,2,0.75,1,,0.75,-0.3885840286996418,-0.742632067489831,-0.9130860281985728,0.0884421460870742,-1.3151477727398646,4.495763658043131,0.58,1,159,96,48,Siphon,10.45444020939261,1.0,30799.481484636115,209.6580788596842,4503361.343474636,4.985049261716259,reconstruction,volume_observation_or_prediction_event
VO_9e2820d4f6c93c54dd82,PE_b15a9c9310263b4bd919,22526.43,Bubbler,7 V,28,False,275,2016-06-08,2016,1,2,ST,OUT,False,TRUE,Siphon,"Analytical composite. Average of ST2 I1 Time 1, 2, 3, 4, 5, 6. TSS, TP, TKN, TSP average of ST I1 T1, 2, 4, 4-D",0.0,,249743.63,True,0.34,0.75,MG/L,EPA300.0 [300OPHOS]_W,0.34,0.75,CSU_assumed_from_ALS_pre2023,True,2016-03-03,2016-07-25,2016,barley,grain corn,426.205,34.693749999999966,52.0,0.1354385963333333,2,0.75,1,,0.75,-0.3885840286996418,-0.742632067489831,-0.9130860281985728,-0.460679744298379,-1.3151477727398646,4.207708293994655,0.52,1,160,97,47,Siphon,10.022488956791081,1.0,22099.55425048822,150.15543899741996,3231338.218875942,4.985049261716259,reconstruction,volume_observation_or_prediction_event
VO_2a595ef43cf7e0401847,PE_28097897273977a044d2,16370.88,Bubbler,7 V,28,False,281,2016-06-19,2016,2,1,ST,OUT,False,AC,Siphon,"Analytical composite. Average of ST1 I2 Time 1, 2, 3, 4, 5, 6, 7, 8, 5-D. TP, TKN, TSP average of ST 1 I2 T 1, 2, 4, 6, 5-D. Original TKN values, 0.064,0.067,0.071, 0, 0.071",0.01,,108695.2,True,0.34,0.75,MG/L,EPA300.0 [300OPHOS]_W,0.34,0.75,CSU_assumed_from_ALS_pre2023,True,2016-03-03,2016-07-25,2016,barley,grain corn,426.205,34.693749999999966,58.0,0.1990058479999999,2,0.75,0,0.01,0.75,-0.2704658744587053,-0.742632067489831,-0.9130860281985728,-0.738408682176259,-0.8192234335968713,0.1258991413527428,0.58,1,171,108,36,Siphon,9.703320507998333,1.0,19786.615795769783,134.33623267641752,2893161.689234704,4.985049261716259,reconstruction,volume_observation_or_prediction_event
VO_ea627c8ab1c084d1be43,PE_9e4eade5c021b68d7eb8,4605.21,Bubbler,7 V,28,False,287,2016-06-20,2016,2,2,ST,OUT,False,AC,Siphon,"Analytical composite. Average of ST2 I2 Time 1, 2, 2-D.  TP, TKN, TSP average of ST I1 T1, 2.",0.01,,124076.27,True,0.34,0.75,MG/L,EPA300.0 [300OPHOS]_W,0.34,0.75,CSU_assumed_from_ALS_pre2023,True,2016-03-03,2016-07-25,2016,barley,grain corn,426.205,34.693749999999966,52.0,0.1354385963333333,2,0.75,0,0.01,0.75,-0.2704658744587053,-0.742632067489831,-0.9130860281985728,-1.2692575961679635,-0.8192234335968713,0.5710128679176253,0.52,1,172,109,35,Siphon,8.435160672046482,1.0,11557.712385905603,78.05513251541555,1690007.3241785117,4.985049261716259,reconstruction,volume_observation_or_prediction_event
VO_2d608d3d0bcb9337fd23,PE_68382ce4f7da1d76bee4,23353.45,Bubbler,7 V,28,False,294,2017-06-26,2017,1,1,ST,OUT,True,FALSE,Siphon,,0.0,,,True,0.34,0.75,MG/L,EPA300.0 [300OPHOS]_W,0.34,0.75,ALS_pre2023,False,2017-04-19,2017-10-13,2017,silage corn,barley,497.94875,49.887500000000045,65.5,,2,0.75,1,,0.75,-0.3885840286996418,-0.4405729919761406,-0.8256275293953261,-0.4233658753177413,-1.3151477727398646,,0.655,1,177,68,109,Siphon,10.058542823097792,1.0,20160.647012175432,136.8943971492966,2947849.0841731704,4.985049261716259,reconstruction,volume_observation_or_prediction_event
VO_07570d773fe344654a5e,PE_9a2f9c6f57f96425d9f8,5090.83,Bubbler,7 V,42,False,300,2017-06-27,2017,1,2,ST,OUT,True,FALSE,Siphon,,0.0,,,True,0.34,0.75,MG/L,EPA300.0 [300OPHOS]_W,0.34,0.75,ALS_pre2023,False,2017-04-19,2017-10-13,2017,silage corn,barley,497.94875,49.887500000000045,65.0,,2,0.75,1,,0.75,-0.3885840286996418,-0.4405729919761406,-0.8256275293953261,-1.2473471695103526,-1.3151477727398646,,0.65,1,178,69,108,Siphon,8.53539257341692,1.0,5455.213890167425,36.31745351200224,797756.2747744183,4.985049261716259,reconstruction,volume_observation_or_prediction_event
VO_a351844f35a674e33db5,PE_bb12989edd121747925a,19019.63,Bubbler,7 V,28,False,308,2017-07-09,2017,2,1,ST,OUT,True,FALSE,Siphon,"H flag, Ortho P. ISCO data says flow starts on 7/10, lab reports 7/14, we suspect this to be out of hold time",0.0,H,,True,0.34,0.75,MG/L,EPA300.0 [300OPHOS]_W,0.34,0.75,ALS_pre2023,False,2017-04-19,2017-10-13,2017,silage corn,barley,497.94875,49.887500000000045,65.5,,2,0.75,1,,0.75,-0.3885840286996418,-0.4405729919761406,-0.8256275293953261,-0.6189011606381292,-0.8192234335968713,,0.655,1,190,81,96,Siphon,9.853279458579218,1.0,19459.256596096202,132.09727871283488,2845298.246147447,4.985049261716259,reconstruction,volume_observation_or_prediction_event
VO_aa49a6cab3b6fd6b0297,PE_aebdb39ecf09b7246cce,2252.08,Bubbler,7 V,42,False,314,2017-07-10,2017,2,2,ST,OUT,True,FALSE,Siphon,"H flag, Ortho P. ISCO data says flow starts on 7/10, lab reports 7/14, we suspect this to be out of hold time",0.0,H,,True,0.34,0.75,MG/L,EPA300.0 [300OPHOS]_W,0.34,0.75,ALS_pre2023,False,2017-04-19,2017-10-13,2017,silage corn,barley,497.94875,49.887500000000045,65.0,,2,0.75,1,,0.75,-0.3885840286996418,-0.4405729919761406,-0.8256275293953261,-1.3754271984924635,-0.8192234335968713,,0.65,1,191,82,95,Siphon,7.720053448013116,1.0,4335.120302707927,28.656639397944655,633986.5205435094,4.985049261716259,reconstruction,volume_observation_or_prediction_event
VO_003852d28f9cd8719d33,PE_5487a0b1ebe7c3efbd35,32142.22,Bubbler,7 V,28,False,322,2017-07-20,2017,3,1,ST,OUT,True,FALSE,Siphon,"H flag, Ortho P. ISCO data says flow starts on 7/21, lab reports 7/27, we suspect this to be out of hold time",0.0,H,,True,0.34,0.75,MG/L,EPA300.0 [300OPHOS]_W,0.34,0.75,ALS_pre2023,False,2017-04-19,2017-10-13,2017,silage corn,barley,497.94875,49.887500000000045,65.5,,2,0.75,1,,0.75,-0.3885840286996418,-0.4405729919761406,-0.8256275293953261,-0.0268301055891264,-0.3232990944538781,,0.655,1,201,92,85,Siphon,10.377956820956413,1.0,22060.95652070025,149.89145209807438,3225694.814796123,4.985049261716259,reconstruction,volume_observation_or_prediction_event
VO_14158010d70a5c3d1baa,PE_d4d71f206844e30a9059,11495.05,Bubbler,7 V,42,False,328,2017-07-21,2017,3,2,ST,OUT,True,FALSE,Siphon,"H flag, Ortho P. ISCO data says flow starts on 7/21, lab reports 7/27, we suspect this to be out of hold time",0.0,H,,True,0.34,0.75,MG/L,EPA300.0 [300OPHOS]_W,0.34,0.75,ALS_pre2023,False,2017-04-19,2017-10-13,2017,silage corn,barley,497.94875,49.887500000000045,65.0,,2,0.75,1,,0.75,-0.3885840286996418,-0.4405729919761406,-0.8256275293953261,-0.9583986241267108,-0.3232990944538781,,0.65,1,202,93,84,Siphon,9.349758777088303,1.0,6520.041719943522,43.60028073172774,953445.5796084836,4.985049261716259,reconstruction,volume_observation_or_prediction_event
VO_2bb50a9aa442be3a9435,PE_c47c9d70dd976023c209,31370.08,Bubbler,7 V,28,False,336,2017-08-02,2017,4,1,ST,OUT,True,FALSE,Siphon,,0.0,,,True,0.34,0.75,MG/L,EPA300.0 [300OPHOS]_W,0.34,0.75,ALS_pre2023,False,2017-04-19,2017-10-13,2017,silage corn,barley,497.94875,49.887500000000045,65.5,,2,0.75,1,,0.75,-0.3885840286996418,-0.4405729919761406,-0.8256275293953261,-0.0616678734722605,0.1726252446891151,,0.655,1,214,105,72,Siphon,10.35364172838936,1.0,22719.319520945624,154.39428705840348,3321954.5809014332,4.985049261716259,reconstruction,volume_observation_or_prediction_event
VO_8ae4f9921767a889d31c,PE_fa23be426e33a4a9ac15,3538.98,Bubbler,7 V,42,False,342,2017-08-03,2017,4,2,ST,OUT,True,FALSE,Siphon,,0.0,,,True,0.34,0.75,MG/L,EPA300.0 [300OPHOS]_W,0.34,0.75,ALS_pre2023,False,2017-04-19,2017-10-13,2017,silage corn,barley,497.94875,49.887500000000045,65.0,,2,0.75,1,,0.75,-0.3885840286996418,-0.4405729919761406,-0.8256275293953261,-1.3173642520205733,0.1726252446891151,,0.65,1,215,106,71,Siphon,8.171876356394346,1.0,6765.801994613664,45.28114365420721,989378.3804325085,4.985049261716259,reconstruction,volume_observation_or_prediction_event
VO_0f7c7f23fdc83109d5e1,PE_52f7da8919f59d50dc88,8099.9,Bubbler,7 V,28,False,350,2017-08-21,2017,5,1,ST,OUT,True,FALSE,Siphon,,0.0,,,True,0.34,0.75,MG/L,EPA300.0 [300OPHOS]_W,0.34,0.75,ALS_pre2023,False,2017-04-19,2017-10-13,2017,silage corn,barley,497.94875,49.887500000000045,65.5,,2,0.75,1,,0.75,-0.3885840286996418,-0.4405729919761406,-0.8256275293953261,-1.1115825643816164,0.6685495838321084,,0.655,1,233,124,53,Siphon,8.999730445599258,1.0,11540.121816477164,77.93482285195489,1687435.3933467218,4.985049261716259,reconstruction,volume_observation_or_prediction_event
VO_8eb79542c3601657a9be,PE_f631377bb31ffb247f05,5476.9,Bubbler,7 V,14,False,356,2017-08-22,2017,5,2,ST,OUT,,,Siphon,"There was no raw ISCO data for outflow volume, but 5476.90 was found in ""2017 Master Inflow_Outflow ISCO"" file, can not verify where this number came from, filled with NA. No concentration data can be found, assuming there was not enough sample water",0.0,,,True,0.34,0.75,MG/L,EPA300.0 [300OPHOS]_W,0.34,0.75,ALS_pre2023,False,2017-04-19,2017-10-13,2017,silage corn,barley,497.94875,49.887500000000045,65.0,,2,0.75,1,,0.75,-0.3885840286996418,-0.4405729919761406,-0.8256275293953261,,0.6685495838321084,,0.65,1,234,125,52,Siphon,8.60847709481887,1.0,4751.969813718873,31.50765707463154,694934.4116249819,4.985049261716259,reconstruction,volume_observation_or_prediction_event
VO_7de071208675e622a7f8,PE_b1afcc1865b3673c3f96,7850.09,Bubbler,7 V,28,False,363,2017-09-06,2017,6,1,ST,OUT,True,FALSE,Siphon,,0.11,,,True,0.34,0.75,MG/L,EPA300.0 [300OPHOS]_W,0.34,0.75,ALS_pre2023,False,2017-04-19,2017-10-13,2017,silage corn,barley,497.94875,49.887500000000045,65.5,,2,0.75,0,0.11,0.75,0.9107156679506602,-0.4405729919761406,-0.8256275293953261,-1.122853606932042,1.1644739229751015,,0.655,1,249,140,37,Siphon,8.968407654640384,1.0,7941.043838056516,53.31914101664065,1161211.4040453464,4.985049261716259,reconstruction,volume_observation_or_prediction_event
VO_8dc436613a8e63aa68ae,PE_e9c8b16ef5426c1dbb98,5007.56,Bubbler,7 V,42,False,369,2017-09-07,2017,6,2,ST,OUT,True,FALSE,Siphon,,0.11,,,True,0.34,0.75,MG/L,EPA300.0 [300OPHOS]_W,0.34,0.75,ALS_pre2023,False,2017-04-19,2017-10-13,2017,silage corn,barley,497.94875,49.887500000000045,65.0,,2,0.75,0,0.11,0.75,0.9107156679506602,-0.4405729919761406,-0.8256275293953261,-1.2511041836938277,1.1644739229751015,,0.65,1,250,141,36,Siphon,8.518903727614685,1.0,3123.9425442099173,20.372860461240684,456899.2788523461,4.985049261716259,reconstruction,volume_observation_or_prediction_event
VO_4a03fd061be3e8ac51da,PE_331342b5de338cae2ff0,55745.95,Bubbler,7 V,28,False,418,2020-07-06,2020,2,1,ST,OUT,False,TRUE,Siphon,"AJ and Lauryn found ISCO data starting 7/6/2020, confirming that ISCOs were installed for irr. 2 and beyond (rep 1)",0.0,,88356.46,True,0.34,0.75,MG/L,EPA300.0 [300OPHOS]_W,0.34,0.75,ALS_pre2023,False,2020-04-28,2020-10-09,2020,grain corn,winter wheat,671.53125,28.193750000000023,56.66666666666666,0.0766666666666666,3,0.75,1,,0.75,-0.3885840286996418,-0.8718552013994293,-0.6140235239103252,1.038133847730439,-0.8192234335968713,-0.4626849009170229,0.5666666666666665,1,188,69,95,Siphon,10.92857797930562,1.0,30369.147173836012,206.71483268914056,4440441.829332333,4.985049261716259,reconstruction,volume_observation_or_prediction_event
VO_7d1b642a9a0682441983,PE_e2f7e0e1e99ed3b14eb1,33839.86,Bubbler,7 V,14,False,427,2020-07-13,2020,3,1,ST,OUT,False,TRUE,Siphon,,0.0,,,True,0.34,0.75,MG/L,EPA300.0 [300OPHOS]_W,0.34,0.75,ALS_pre2023,False,2020-04-28,2020-10-09,2020,grain corn,winter wheat,671.53125,28.193750000000023,56.66666666666666,0.0766666666666666,3,0.75,1,,0.75,-0.3885840286996418,-0.8718552013994293,-0.6140235239103252,0.0497647972382413,-0.3232990944538781,,0.5666666666666665,1,195,76,88,Siphon,10.42942422710882,1.0,29070.71963010146,197.83431398562422,4250597.728710037,4.985049261716259,reconstruction,volume_observation_or_prediction_event
VO_bedf7bd83e0cc9c1a10e,PE_f6b8ae8a7d7975404ada,33839.86,Bubbler,7 V,14,False,428,2020-07-13,2020,3,2,ST,OUT,False,TRUE,Siphon,ORIGINAL SAMPLE ID: ST2-03-OT-D,0.0,,,True,0.34,0.75,MG/L,EPA300.0 [300OPHOS]_W,0.34,0.75,ALS_pre2023,False,2020-04-28,2020-10-09,2020,grain corn,winter wheat,671.53125,28.193750000000023,50.0,0.065777778,3,0.75,1,,0.75,-0.3885840286996418,-0.8718552013994293,-0.6140235239103252,0.0497647972382413,-0.3232990944538781,,0.5,1,195,76,88,Siphon,10.42942422710882,1.0,15001.954511848293,101.611823658072,2193592.643113099,4.985049261716259,reconstruction,volume_observation_or_prediction_event
VO_14d32cc216fd1c2e7a22,PE_1564cbb6790d9bcd4b49,14286.14,Bubbler,7 V,28,False,436,2020-07-22,2020,4,1,ST,OUT,False,TRUE,Siphon,,0.0,,111586.72,True,0.34,0.75,MG/L,EPA300.0 [300OPHOS]_W,0.34,0.75,ALS_pre2023,False,2020-04-28,2020-10-09,2020,grain corn,winter wheat,671.53125,28.193750000000023,56.66666666666666,0.0766666666666666,3,0.75,1,,0.75,-0.3885840286996418,-0.8718552013994293,-0.6140235239103252,-0.8324689409592324,0.1726252446891151,0.2095770156902818,0.5666666666666665,1,204,85,79,Siphon,9.567115110935227,1.0,29709.53310218554,202.20344109962872,4343999.143104248,4.985049261716259,reconstruction,volume_observation_or_prediction_event
VO_57e8fd4826128c0da240,PE_75bd6a5e4549ca26c0cc,19448.92,Bubbler,7 V,28,False,445,2020-08-02,2020,5,1,ST,OUT,False,TRUE,Siphon,,0.0,,,True,0.34,0.75,MG/L,EPA300.0 [300OPHOS]_W,0.34,0.75,ALS_pre2023,False,2020-04-28,2020-10-09,2020,grain corn,winter wheat,671.53125,28.193750000000023,56.66666666666666,0.0766666666666666,3,0.75,1,,0.75,-0.3885840286996418,-0.8718552013994293,-0.6140235239103252,-0.5995322568453577,0.6685495838321084,,0.5666666666666665,1,215,96,68,Siphon,9.875598235927594,1.0,24971.346964898345,169.79689610914215,3651225.2643038016,4.985049261716259,reconstruction,volume_observation_or_prediction_event
VO_7de61dc9f297ba7290b7,PE_f04e8ac00b7beb58f51d,2052.15,Bubbler,7 V,28,False,454,2020-08-18,2020,6,1,ST,OUT,False,TRUE,Siphon,,0.0,,129646.3,True,0.34,0.75,MG/L,EPA300.0 [300OPHOS]_W,0.34,0.75,ALS_pre2023,False,2020-04-28,2020-10-09,2020,grain corn,winter wheat,671.53125,28.193750000000023,56.66666666666666,0.0766666666666666,3,0.75,1,,0.75,-0.3885840286996418,-0.8718552013994293,-0.6140235239103252,-1.384447732246543,1.1644739229751015,0.7322043071593809,0.5666666666666665,1,231,112,52,Siphon,7.627130478158963,1.0,14602.339608458835,98.87868106503451,2135164.6374108824,4.985049261716259,reconstruction,volume_observation_or_prediction_event
VO_e487df9f5217c787cbf1,PE_dd00bb7286a819bdedc3,3945.96,Bubbler,7 V,28,False,463,2020-08-26,2020,7,1,ST,OUT,False,TRUE,Siphon,,0.0,,,True,0.34,0.75,MG/L,EPA300.0 [300OPHOS]_W,0.34,0.75,ALS_pre2023,False,2020-04-28,2020-10-09,2020,grain corn,winter wheat,671.53125,28.193750000000023,56.66666666666666,0.0766666666666666,3,0.75,1,,0.75,-0.3885840286996418,-0.8718552013994293,-0.6140235239103252,-1.299001941075566,1.6603982621180948,,0.5666666666666665,1,239,120,44,Siphon,8.280700941332295,1.0,6396.675558971158,42.756525140449206,935408.1173026069,4.985049261716259,reconstruction,volume_observation_or_prediction_event
VO_de570f00600e8e52e116,PE_290c6dbd74f0d56db266,41723.91,Ruler,7 V,28,False,472,2021-06-23,2021,1,1,ST,OUT,False,TRUE,Siphon,LC samplers were not installed until 8/11/21,0.12,,75193.68,True,0.34,0.75,MG/L,EPA300.0 [300OPHOS]_W,0.34,0.75,ALS_pre2023,False,2021-04-27,2021-10-22,2021,grain corn,grain corn,805.62625,91.4225,69.33333333333333,0.0672222223333333,3,0.75,0,0.12,0.75,1.0288338221915967,0.3851628337061989,-0.4505563592162391,0.4054809936262327,-1.3151477727398646,-0.8436033973385142,0.6933333333333332,1,174,57,121,Siphon,10.638853591547482,1.0,14112.870657734871,95.53098700796565,2063599.0015915246,4.985049261716259,reconstruction,volume_observation_or_prediction_event
VO_e12e8eb44199c39fa28a,PE_2280e90f132ca15f4bea,13690.21,Ruler,7 V,28,False,478,2021-06-24,2021,1,2,ST,OUT,False,TRUE,Siphon,LC samplers were not installed until 8/11/21,0.041,,83456.54,True,0.34,0.75,MG/L,EPA300.0 [300OPHOS]_W,0.34,0.75,ALS_pre2023,False,2021-04-27,2021-10-22,2021,grain corn,grain corn,805.62625,91.4225,69.33333333333333,0.0507777776666666,3,0.75,0,0.041,0.75,0.095700403688198,0.3851628337061989,-0.4505563592162391,-0.8593563849649776,-1.3151477727398646,-0.6044839858356796,0.6933333333333332,1,175,58,120,Siphon,9.524509300059691,1.0,9855.14985499711,66.41055637206627,1441074.3328897632,4.985049261716259,reconstruction,volume_observation_or_prediction_event
VO_58551af75504bd5fbe0e,PE_6972e46fbf8cbc525f44,23417.24,Ruler,7 V,28,False,484,2021-07-08,2021,2,1,ST,OUT,False,TRUE,Siphon,LC samplers were not installed until 8/11/21,0.0,,93540.89,True,0.34,0.75,MG/L,EPA300.0 [300OPHOS]_W,0.34,0.75,ALS_pre2023,False,2021-04-27,2021-10-22,2021,grain corn,grain corn,805.62625,91.4225,69.33333333333333,0.0672222223333333,3,0.75,1,,0.75,-0.3885840286996418,0.3851628337061989,-0.4505563592162391,-0.4204877687395752,-0.8192234335968713,-0.3126523636868583,0.6933333333333332,1,189,72,106,Siphon,10.061270484882929,1.0,16525.70208269602,112.03340541490294,2416380.960072998,4.985049261716259,reconstruction,volume_observation_or_prediction_event
VO_6666c16a9b86295ab833,PE_cacc8b979264ee41947b,2013.47,Ruler,7 V,28,False,490,2021-07-09,2021,2,2,ST,OUT,False,TRUE,Siphon,LC samplers were not installed until 8/11/21,0.0,,104233.28,True,0.34,0.75,MG/L,EPA300.0 [300OPHOS]_W,0.34,0.75,ALS_pre2023,False,2021-04-27,2021-10-22,2021,grain corn,grain corn,805.62625,91.4225,69.33333333333333,0.0507777776666666,3,0.75,1,,0.75,-0.3885840286996418,0.3851628337061989,-0.4505563592162391,-1.3861929142882965,-0.8192234335968713,-0.0032246347456935,0.6933333333333332,1,190,73,105,Siphon,7.6081114124877525,1.0,6671.46530111516,44.63593339578049,975585.3391347294,4.985049261716259,reconstruction,volume_observation_or_prediction_event
VO_b3fe3caed97dca2c8a26,PE_194f8beb1fc180ed5a86,7673.99,Ruler,7 V,28,False,496,2021-07-29,2021,3,1,ST,OUT,False,TRUE,Siphon,LC samplers were not installed until 8/11/21,0.0,,61418.81,True,0.34,0.75,MG/L,EPA300.0 [300OPHOS]_W,0.34,0.75,ALS_pre2023,False,2021-04-27,2021-10-22,2021,grain corn,grain corn,805.62625,91.4225,69.33333333333333,0.0672222223333333,3,0.75,1,,0.75,-0.3885840286996418,0.3851628337061989,-0.4505563592162391,-1.1307989677788055,-0.3232990944538781,-1.2422352037503437,0.6933333333333332,1,210,93,85,Siphon,8.945722269522953,1.0,8690.277415022225,58.4434799338584,1270757.4278195926,4.985049261716259,reconstruction,volume_observation_or_prediction_event
VO_31ae44d26eb50994d4a6,PE_a32d8f78d3c0039bdb02,3184.62,Etape,7 V,14,False,508,2021-08-12,2021,4,1,ST,OUT,False,TRUE,Siphon,"LC did not sample, took a GB sample, but eTape did log data",0.0,,77833.11,True,0.34,0.75,MG/L,EPA300.0 [300OPHOS]_W,0.34,0.75,ALS_pre2023,False,2021-04-27,2021-10-22,2021,grain corn,grain corn,805.62625,91.4225,69.33333333333333,0.0672222223333333,3,0.75,1,,0.75,-0.3885840286996418,0.3851628337061989,-0.4505563592162391,,0.1726252446891151,-0.7672207709472976,0.6933333333333332,1,224,107,71,Siphon,8.066402211542359,1.0,15247.116331507877,103.28859348275783,2229437.943364766,4.985049261716259,reconstruction,volume_observation_or_prediction_event
VO_f6275886e3fb63786fe5,PE_90a9fddfe2f6a6bccafc,905.79,Etape,7 V,28,False,523,2021-08-25,2021,5,1,ST,OUT,False,TRUE,Siphon,,0.0,,93309.74,True,0.34,0.75,MG/L,EPA300.0 [300OPHOS]_W,0.34,0.75,ALS_pre2023,False,2021-04-27,2021-10-22,2021,grain corn,grain corn,805.62625,91.4225,69.33333333333333,0.0672222223333333,3,0.75,1,,0.75,-0.3885840286996418,0.3851628337061989,-0.4505563592162391,-1.436169730317501,0.6685495838321084,-0.3193416276909536,0.6933333333333332,1,237,120,58,Siphon,6.809910890782536,1.0,12712.265308699478,85.95162922371902,1858815.4046188146,4.985049261716259,reconstruction,volume_observation_or_prediction_event
VO_6ab6bd0b45c50b5b57c3,PE_8bf050aabcb2cd5a5e87,35209.39,Ruler,60 V Trap,56,False,710,2023-07-17,2023,1,1,ST,OUT,False,TRUE,Gated Pipe,,0.0,,,True,0.01,0.05,mg/L,SM4500P E (P-Ortho),0.01,0.05,ALS_2023plus,False,2023-05-02,2023-09-08,2023,silage corn,grain corn,1000.935,31.931249999999977,36.333333333333336,0.137,3,0.05,1,,0.05,-0.3885840286996418,-0.7975518994014106,-0.2124671865964839,0.1115558820790586,-1.3151477727398646,,0.3633333333333333,1,198,76,53,Gated Pipe,10.469096488486505,1.0,41420.51909713192,282.3000399946384,6056271.5100446,4.985049261716259,reconstruction,volume_observation_or_prediction_event
VO_3ab3c560932a79d7b97d,PE_da42b5556ba7cfbb6645,16560.5,Ruler,60 V Trap,56,False,722,2023-07-17,2023,1,2,ST,OUT,False,TRUE,Gated Pipe,,0.0,,,True,0.01,0.05,mg/L,SM4500P E (P-Ortho),0.01,0.05,ALS_2023plus,False,2023-05-02,2023-09-08,2023,silage corn,grain corn,1000.935,31.931249999999977,28.666666666666668,0.1058333333333333,3,0.05,1,,0.05,-0.3885840286996418,-0.7975518994014106,-0.2124671865964839,-0.7298533197471659,-1.3151477727398646,,0.2866666666666667,1,198,76,53,Gated Pipe,9.714836003547301,1.0,29783.092774574034,202.70654814601164,4354754.359992592,4.985049261716259,reconstruction,volume_observation_or_prediction_event
VO_b4cc0f2d8f853049f353,PE_013bf97cfac8f24b53cf,47586.82,Ruler,60 V Trap,56,False,748,2023-08-16,2023,2,1,ST,OUT,False,TRUE,Gated Pipe,"Method E300 and Method SM4500P E ""Sample holding time expired prior to sample receipt. It was analyzed at the request of the client. Results should be considered estimated.""",0.0,H,,True,0.01,0.05,mg/L,SM4500P E (P-Ortho),0.01,0.05,ALS_2023plus,False,2023-05-02,2023-09-08,2023,silage corn,grain corn,1000.935,31.931249999999977,36.333333333333336,0.137,3,0.05,1,,0.05,-0.3885840286996418,-0.7975518994014106,-0.2124671865964839,0.6700064653019726,-0.8192234335968713,,0.3633333333333333,1,228,106,23,Gated Pipe,10.770332125123096,1.0,51611.72113374758,352.0021660271568,7546335.082892646,4.985049261716259,reconstruction,volume_observation_or_prediction_event
VO_06a5e1dea7cb6ea93e96,PE_30ad57c59f6495c0feab,42812.59,Ruler,60 V Trap,56,False,760,2023-08-16,2023,2,2,ST,OUT,False,TRUE,Gated Pipe,"Method E300 and Method SM4500P E ""Sample holding time expired prior to sample receipt. It was analyzed at the request of the client. Results should be considered estimated.""",0.0,H,,True,0.01,0.05,mg/L,SM4500P E (P-Ortho),0.01,0.05,ALS_2023plus,False,2023-05-02,2023-09-08,2023,silage corn,grain corn,1000.935,31.931249999999977,28.666666666666668,0.1058333333333333,3,0.05,1,,0.05,-0.3885840286996418,-0.7975518994014106,-0.2124671865964839,0.4546005589110389,-0.8192234335968713,,0.2866666666666667,1,228,106,23,Gated Pipe,10.6646108545345,1.0,34022.925372138525,231.70463345630537,4974663.580308916,4.985049261716259,reconstruction,volume_observation_or_prediction_event
VO_922191db86b9664d7749,PE_6eb961fcae665ddd3178,37322.24,Ruler,60 V Trap,56,False,773,2023-08-23,2023,3,1,ST,OUT,False,TRUE,Gated Pipe,,0.0,,,True,0.01,0.05,mg/L,SM4500P E (P-Ortho),0.01,0.05,ALS_2023plus,False,2023-05-02,2023-09-08,2023,silage corn,grain corn,1000.935,31.931249999999977,36.333333333333336,0.137,3,0.05,1,,0.05,-0.3885840286996418,-0.7975518994014106,-0.2124671865964839,0.2068844207791387,-0.3232990944538781,,0.3633333333333333,1,235,113,16,Gated Pipe,10.527371467913184,1.0,32988.40926088133,224.62912144992526,4823406.175405121,4.985049261716259,reconstruction,volume_observation_or_prediction_event
VO_b084ba7822ef6768f1c2,PE_5597a8c8f24b03dca11d,19623.56,Ruler,60 V Trap,56,False,786,2023-08-23,2023,3,2,ST,OUT,False,TRUE,Gated Pipe,,0.0,,,True,0.01,0.05,mg/L,SM4500P E (P-Ortho),0.01,0.05,ALS_2023plus,False,2023-05-02,2023-09-08,2023,silage corn,grain corn,1000.935,31.931249999999977,28.666666666666668,0.1058333333333333,3,0.05,1,,0.05,-0.3885840286996418,-0.7975518994014106,-0.2124671865964839,-0.5916527689505321,-0.3232990944538781,,0.2866666666666667,1,235,113,16,Gated Pipe,9.884537122017104,1.0,20348.631869857207,138.18010851045526,2975334.496362257,4.985049261716259,reconstruction,volume_observation_or_prediction_event
VO_6bbe2abcd88a47f7fbf8,PE_d3714fe760068901acb1,45738.02,Ruler,60 V Trap,56,False,799,2023-09-20,2023,4,1,ST,OUT,False,TRUE,Gated Pipe,"Method: E300: ""Sample was analyzed outside of the holding time due to laboratory error. Sample results should be considered estimated""",0.0,H,,True,0.01,0.05,mg/L,SM4500P E (P-Ortho),0.01,0.05,ALS_2023plus,False,2023-09-13,2024-08-02,2023,winter wheat,silage corn,1045.47625,76.47249999999997,36.333333333333336,0.137,3,0.05,1,,0.05,-0.3885840286996418,0.0879496257141196,-0.1581696225603121,0.5865914560260143,0.1726252446891151,,0.3633333333333333,1,263,7,317,Gated Pipe,10.730707041899059,1.0,39883.33422875402,271.786554632853,5831518.515366088,4.985049261716259,reconstruction,volume_observation_or_prediction_event
VO_52d4ce7cf0a8252660f9,PE_4d8c0995181764fd2031,20890.13,Ruler,60 V Trap,56,False,812,2023-09-20,2023,4,2,ST,OUT,False,TRUE,Gated Pipe,"Method: E300: ""Sample was analyzed outside of the holding time due to laboratory error. Sample results should be considered estimated""",0.0,H,,True,0.01,0.05,mg/L,SM4500P E (P-Ortho),0.01,0.05,ALS_2023plus,False,2023-09-13,2024-08-02,2023,winter wheat,silage corn,1045.47625,76.47249999999997,28.666666666666668,0.1058333333333333,3,0.05,1,,0.05,-0.3885840286996418,0.0879496257141196,-0.1581696225603121,-0.534507080775148,0.1726252446891151,,0.2866666666666667,1,263,7,317,Gated Pipe,9.947079945955046,1.0,32031.45752412115,218.08410641410853,4683489.5179983815,4.985049261716259,reconstruction,volume_observation_or_prediction_event
VO_7b7be0b31b1d54267920,PE_2d9d459d5adb0af5888c,45547.39,Ruler,60 V Trap,56,False,824,2023-09-26,2023,5,1,ST,OUT,False,TRUE,Gated Pipe,"Method: E300, Method: SM4500P E: ""Sample holding time expired prior to sample receipt. It was analyzed at the request of the client. Results should be considered  estimated.""",0.0,H,,True,0.01,0.05,mg/L,SM4500P E (P-Ortho),0.01,0.05,ALS_2023plus,False,2023-09-13,2024-08-02,2023,winter wheat,silage corn,1045.47625,76.47249999999997,36.333333333333336,0.137,3,0.05,1,,0.05,-0.3885840286996418,0.0879496257141196,-0.1581696225603121,0.5779905239520875,0.6685495838321084,,0.3633333333333333,1,269,13,311,Gated Pipe,10.726530556289553,1.0,45646.10700827176,311.2006996111919,6674098.003684352,4.985049261716259,reconstruction,volume_observation_or_prediction_event
VO_94f849bc65496d467dc5,PE_0d0deda9b3de41b974d7,59280.86,Ruler,60 V Trap,70,False,836,2023-09-26,2023,5,2,ST,OUT,False,TRUE,Gated Pipe,"Method: E300, Method: SM4500P E: ""Sample holding time expired prior to sample receipt. It was analyzed at the request of the client. Results should be considered  estimated.""",0.0,H,,True,0.01,0.05,mg/L,SM4500P E (P-Ortho),0.01,0.05,ALS_2023plus,False,2023-09-13,2024-08-02,2023,winter wheat,silage corn,1045.47625,76.47249999999997,28.666666666666668,0.1058333333333333,3,0.05,1,,0.05,-0.3885840286996418,0.0879496257141196,-0.1581696225603121,1.1976235439872962,0.6685495838321084,,0.2866666666666667,1,269,13,311,Gated Pipe,10.990058635995954,1.0,40927.39544405349,278.9273498160907,5984171.517352674,4.985049261716259,reconstruction,volume_observation_or_prediction_event
VO_15b71068fe74b83b80db,PE_d16c9359453bd52cf91f,18306.95,Etape,60 V Trap,28,False,849,2024-05-15,2024,1,1,ST,OUT,False,TRUE,Gated Pipe,linear interpolation between 8 timestamps since there was an unusual drop in level that we do not believe to be accurate,0.355,H,,True,0.01,0.05,mg/L,SM4500P E (P-Ortho),0.01,0.05,ALS_2023plus,False,2023-09-13,2024-08-02,2023,winter wheat,silage corn,1045.47625,0.0,,,0,0.05,0,0.355,0.05,3.804610446853605,-1.432360544732317,-0.1581696225603121,-0.6510561848758996,-1.3151477727398646,,,1,136,245,79,Gated Pipe,9.815090670723267,0.5,29160.22047450042,198.44644973898278,4263683.716751376,4.985049261716259,reconstruction,volume_observation_or_prediction_event
VO_ddd5db16126fd58742b9,PE_d16c9359453bd52cf91f,57579.15,Bubbler,60 V Trap,28,False,849,2024-05-15,2024,1,1,ST,OUT,False,TRUE,Gated Pipe,linear interpolation between 8 timestamps since there was an unusual drop in level that we do not believe to be accurate,0.355,H,,True,0.01,0.05,mg/L,SM4500P E (P-Ortho),0.01,0.05,ALS_2023plus,False,2023-09-13,2024-08-02,2023,winter wheat,silage corn,1045.47625,0.0,,,0,0.05,0,0.355,0.05,3.804610446853605,-1.432360544732317,-0.1581696225603121,-0.6510561848758996,-1.3151477727398646,,,1,136,245,79,Gated Pipe,10.960933169233979,0.5,57251.26553145833,390.5734977467031,8370897.253703918,4.985049261716259,reconstruction,volume_observation_or_prediction_event
VO_46934e1ac7ddc053b8b1,PE_ac3d960daae67baaced1,28777.46,Etape,60 V Trap,28,False,861,2024-05-15,2024,1,2,ST,OUT,False,TRUE,Gated Pipe,,0.355,H,,True,0.01,0.05,mg/L,SM4500P E (P-Ortho),0.01,0.05,ALS_2023plus,False,2023-09-13,2024-08-02,2023,winter wheat,silage corn,1045.47625,0.0,,,0,0.05,0,0.355,0.05,3.804610446853605,-1.432360544732317,-0.1581696225603121,-0.1786428958375975,-1.3151477727398646,,,1,136,245,79,Gated Pipe,10.267382469628165,0.5,27563.551926734042,187.52612925581354,4030233.567064329,4.985049261716259,reconstruction,volume_observation_or_prediction_event
VO_5f52ef9cf952bb36df93,PE_ac3d960daae67baaced1,60860.44,Bubbler,60 V Trap,28,False,861,2024-05-15,2024,1,2,ST,OUT,False,TRUE,Gated Pipe,,0.355,H,,True,0.01,0.05,mg/L,SM4500P E (P-Ortho),0.01,0.05,ALS_2023plus,False,2023-09-13,2024-08-02,2023,winter wheat,silage corn,1045.47625,0.0,,,0,0.05,0,0.355,0.05,3.804610446853605,-1.432360544732317,-0.1581696225603121,-0.1786428958375975,-1.3151477727398646,,,1,136,245,79,Gated Pipe,11.01635508403204,0.5,51273.38467953986,349.688133777786,7496866.646885767,4.985049261716259,reconstruction,volume_observation_or_prediction_event
VO_d54bd4bf548314259b6a,PE_4b8c548b006b309b30bd,30104.37,Etape,60 V Trap,28,False,885,2024-05-30,2024,2,2,ST,OUT,False,TRUE,Gated Pipe,"Method E300: ""Sample run out of holding time due to very limited time remaining from expiration""",0.0,"H, MS, MSD",95709.78,True,0.01,0.05,mg/L,SM4500P E (P-Ortho),0.01,0.05,ALS_2023plus,False,2023-09-13,2024-08-02,2023,winter wheat,silage corn,1045.47625,0.0,,,0,0.05,1,,0.05,-0.3885840286996418,-1.432360544732317,-0.1581696225603121,-0.1187747597718458,-0.8192234335968713,-0.2498867231683958,,1,151,260,64,Gated Pipe,10.312458840140247,0.5,33315.534960960606,226.86647840678657,4871235.478335162,4.985049261716259,reconstruction,volume_observation_or_prediction_event
VO_636fd3384bd3e9a3979e,PE_4b8c548b006b309b30bd,94354.21,Bubbler,60 V Trap,28,False,885,2024-05-30,2024,2,2,ST,OUT,False,TRUE,Gated Pipe,"Method E300: ""Sample run out of holding time due to very limited time remaining from expiration""",0.0,"H, MS, MSD",95709.78,True,0.01,0.05,mg/L,SM4500P E (P-Ortho),0.01,0.05,ALS_2023plus,False,2023-09-13,2024-08-02,2023,winter wheat,silage corn,1045.47625,0.0,,,0,0.05,1,,0.05,-0.3885840286996418,-1.432360544732317,-0.1581696225603121,-0.1187747597718458,-0.8192234335968713,-0.2498867231683958,,1,151,260,64,Gated Pipe,11.45482176919794,0.5,51390.8766835283,350.4917134183811,7514045.244132205,4.985049261716259,reconstruction,volume_observation_or_prediction_event
VO_5b18395d104754f218a0,PE_6e69486935006176abd1,65927.41,Bubbler,60 V Trap,28,False,897,2024-06-12,2024,3,1,ST,OUT,False,TRUE,Gated Pipe,"Method E300: : ""MS/MSD recovered outside control limits for Nitrogen, Nitrate (As N)"" AND Method: SM4500P E: ""Sample was analyzed outside of the holding time at the request of the client. Results should be considered estimated""",0.0,H,89469.23,True,0.01,0.05,mg/L,SM4500P E (P-Ortho),0.01,0.05,ALS_2023plus,False,2023-09-13,2024-08-02,2023,winter wheat,silage corn,1045.47625,0.0,,,0,0.05,1,,0.05,-0.3885840286996418,-1.432360544732317,-0.1581696225603121,,-0.3232990944538781,-0.4304823817483566,,1,164,273,51,Gated Pipe,11.096324735329356,1.0,67672.87557221472,461.8514857517166,9894648.959966356,4.985049261716259,reconstruction,volume_observation_or_prediction_event
VO_b59620fa3b51dff4fb72,PE_bf3c8f9a7d724b354b6c,65481.3,Etape,60 V Trap,28,False,909,2024-06-12,2024,3,2,ST,OUT,False,TRUE,Gated Pipe,,0.0,H,100068.64,True,0.01,0.05,mg/L,SM4500P E (P-Ortho),0.01,0.05,ALS_2023plus,False,2023-09-13,2024-08-02,2023,winter wheat,silage corn,1045.47625,0.0,,,0,0.05,1,,0.05,-0.3885840286996418,-1.432360544732317,-0.1581696225603121,1.4773778495449674,-0.3232990944538781,-0.1237454067206713,,1,164,273,51,Gated Pipe,11.089535156097272,0.5,48543.67124524946,331.01841953348355,7097753.123462696,4.985049261716259,reconstruction,volume_observation_or_prediction_event
VO_3591908fd88e23cdf2c3,PE_bf3c8f9a7d724b354b6c,47501.02,Bubbler,60 V Trap,28,False,909,2024-06-12,2024,3,2,ST,OUT,False,TRUE,Gated Pipe,,0.0,H,100068.64,True,0.01,0.05,mg/L,SM4500P E (P-Ortho),0.01,0.05,ALS_2023plus,False,2023-09-13,2024-08-02,2023,winter wheat,silage corn,1045.47625,0.0,,,0,0.05,1,,0.05,-0.3885840286996418,-1.432360544732317,-0.1581696225603121,1.4773778495449674,-0.3232990944538781,-0.1237454067206713,,1,164,273,51,Gated Pipe,10.768527515434304,0.5,64785.5491586324,442.1037868194946,9472490.720305989,4.985049261716259,reconstruction,volume_observation_or_prediction_event
VO_92428663d53ef4e64714,PE_9f1340a7cc58d224829a,71503.05,Bubbler,60 V Trap,28,False,921,2024-06-20,2024,4,1,ST,OUT,False,TRUE,Gated Pipe,,0.319,,,True,0.01,0.05,mg/L,SM4500P E (P-Ortho),0.01,0.05,ALS_2023plus,False,2023-09-13,2024-08-02,2023,winter wheat,silage corn,1045.47625,0.0,,,0,0.05,0,0.319,0.05,3.379385091586234,-1.432360544732317,-0.1581696225603121,,0.1726252446891151,,,1,172,281,43,Gated Pipe,11.177509370434569,1.0,69466.38963084637,474.11811951157006,10156880.044833135,4.985049261716259,reconstruction,volume_observation_or_prediction_event
VO_daa080035cb94f251a1c,PE_cc1fcc95c2e27ef63642,55671.37,Etape,60 V Trap,28,False,933,2024-06-20,2024,4,2,ST,OUT,False,TRUE,Gated Pipe,,0.319,,,True,0.01,0.05,mg/L,SM4500P E (P-Ortho),0.01,0.05,ALS_2023plus,False,2023-09-13,2024-08-02,2023,winter wheat,silage corn,1045.47625,0.0,,,0,0.05,0,0.319,0.05,3.379385091586234,-1.432360544732317,-0.1581696225603121,1.0347689129663755,0.1726252446891151,,,1,172,281,43,Gated Pipe,10.927239252572438,0.5,36389.46652639487,247.8904522834136,5320677.402322613,4.985049261716259,reconstruction,volume_observation_or_prediction_event
VO_bb4545b856cbdec63c87,PE_cc1fcc95c2e27ef63642,32644.33,Bubbler,60 V Trap,28,False,933,2024-06-20,2024,4,2,ST,OUT,False,TRUE,Gated Pipe,,0.319,,,True,0.01,0.05,mg/L,SM4500P E (P-Ortho),0.01,0.05,ALS_2023plus,False,2023-09-13,2024-08-02,2023,winter wheat,silage corn,1045.47625,0.0,,,0,0.05,0,0.319,0.05,3.379385091586234,-1.432360544732317,-0.1581696225603121,1.0347689129663755,0.1726252446891151,,,1,172,281,43,Gated Pipe,10.393457092315238,0.5,57398.86965407874,391.58302744897395,8392478.56722598,4.985049261716259,reconstruction,volume_observation_or_prediction_event
VO_e0cedd12890b1c594b0a,PE_9fc5522dd20d6fa4e1e5,31422.37,Etape,60 V Trap,28,False,945,2025-06-30,2025,1,1,ST,OUT,False,TRUE,Gated Pipe,,0.0,,95862.56,True,0.01,0.05,mg/L,SM4500P E (P-Ortho),0.01,0.05,ALS_2023plus,False,2025-04-24,2025-11-07,2025,grain corn,winter wheat,1156.88625,105.95000000000005,39.66666666666666,0.2032366666666666,3,0.05,1,,0.05,-0.3885840286996418,0.6739765379941547,-0.0223563795716239,-0.0593086291867566,-1.3151477727398646,-0.2454654133931603,0.3966666666666665,1,181,67,130,Gated Pipe,10.35530716258255,0.5,46323.72491631938,315.835227379254,6773173.044829012,4.985049261716259,reconstruction,volume_observation_or_prediction_event
VO_babf7697644438d8ca6e,PE_9fc5522dd20d6fa4e1e5,56515.84,Bubbler,60 V Trap,28,False,945,2025-06-30,2025,1,1,ST,OUT,False,TRUE,Gated Pipe,,0.0,,95862.56,True,0.01,0.05,mg/L,SM4500P E (P-Ortho),0.01,0.05,ALS_2023plus,False,2025-04-24,2025-11-07,2025,grain corn,winter wheat,1156.88625,105.95000000000005,39.66666666666666,0.2032366666666666,3,0.05,1,,0.05,-0.3885840286996418,0.6739765379941547,-0.0223563795716239,-0.0593086291867566,-1.3151477727398646,-0.2454654133931603,0.3966666666666665,1,181,67,130,Gated Pipe,10.942293925822877,0.5,46651.17875578358,318.07482862611,6821050.325273633,4.985049261716259,reconstruction,volume_observation_or_prediction_event
VO_4ef2070f272900a78f35,PE_97ff290816fc14c1150e,79238.53,Etape,60 V Trap,28,False,957,2025-06-30,2025,1,2,ST,OUT,False,TRUE,Gated Pipe,,0.0,,98436.15,True,0.01,0.05,mg/L,SM4500P E (P-Ortho),0.01,0.05,ALS_2023plus,False,2025-04-24,2025-11-07,2025,grain corn,winter wheat,1156.88625,105.95000000000005,40.333333333333336,0.09736,3,0.05,1,,0.05,-0.3885840286996418,0.6739765379941547,-0.0223563795716239,2.098082884195276,-1.3151477727398646,-0.1709881347935496,0.4033333333333334,1,181,67,130,Gated Pipe,11.280230569447092,1.0,63620.865340547825,434.138000449595,9302201.393789044,4.985049261716259,reconstruction,volume_observation_or_prediction_event
VO_530e2deaf23860aff58c,PE_a3ca60c116dd1f37f0d8,60141.61,Etape,60 V Trap,28,False,969,2025-07-14,2025,2,1,ST,OUT,False,TRUE,Gated Pipe,,0.0,,101767.55,True,0.01,0.05,mg/L,SM4500P E (P-Ortho),0.01,0.05,ALS_2023plus,False,2025-04-24,2025-11-07,2025,grain corn,winter wheat,1156.88625,105.95000000000005,39.66666666666666,0.2032366666666666,3,0.05,1,,0.05,-0.3885840286996418,0.6739765379941547,-0.0223563795716239,1.2364592586315415,-0.8192234335968713,-0.074580546200672,0.3966666666666665,1,195,81,116,Gated Pipe,11.004473854337105,0.5,52254.73427411088,356.4000165249821,7640350.534050964,4.985049261716259,reconstruction,volume_observation_or_prediction_event
VO_97dde066b21da5d0f80e,PE_a3ca60c116dd1f37f0d8,60449.44,Bubbler,60 V Trap,28,False,969,2025-07-14,2025,2,1,ST,OUT,False,TRUE,Gated Pipe,,0.0,,101767.55,True,0.01,0.05,mg/L,SM4500P E (P-Ortho),0.01,0.05,ALS_2023plus,False,2025-04-24,2025-11-07,2025,grain corn,winter wheat,1156.88625,105.95000000000005,39.66666666666666,0.2032366666666666,3,0.05,1,,0.05,-0.3885840286996418,0.6739765379941547,-0.0223563795716239,1.2364592586315415,-0.8192234335968713,-0.074580546200672,0.3966666666666665,1,195,81,116,Gated Pipe,11.009579134759212,0.5,52764.51342390974,359.886620992283,7714885.739867075,4.985049261716259,reconstruction,volume_observation_or_prediction_event
VO_e5e92503ea2fb3a84526,PE_dc2aa1cfe56c14619f74,69378.73,Etape,60 V Trap,28,False,981,2025-07-14,2025,2,2,ST,OUT,False,TRUE,Gated Pipe,,0.0,,87051.66,True,0.01,0.05,mg/L,SM4500P E (P-Ortho),0.01,0.05,ALS_2023plus,False,2025-04-24,2025-11-07,2025,grain corn,winter wheat,1156.88625,105.95000000000005,40.333333333333336,0.09736,3,0.05,1,,0.05,-0.3885840286996418,0.6739765379941547,-0.0223563795716239,1.65322389000494,-0.8192234335968713,-0.5004445880143354,0.4033333333333334,1,195,81,116,Gated Pipe,11.147350028904754,1.0,56052.150583456285,382.3722216918451,8195573.724913511,4.985049261716259,reconstruction,volume_observation_or_prediction_event
VO_b1f2b3965d17c519657d,PE_38b89c5882c878930ee8,57617.48,Etape,60 V Trap,28,False,993,2025-07-31,2025,3,1,ST,OUT,False,TRUE,Gated Pipe,"Nitrate, Nitrite, H flag.",0.0,H,92486.37,True,0.01,0.05,mg/L,SM4500P E (P-Ortho),0.01,0.05,ALS_2023plus,False,2025-04-24,2025-11-07,2025,grain corn,winter wheat,1156.88625,105.95000000000005,39.66666666666666,0.2032366666666666,3,0.05,1,,0.05,-0.3885840286996418,0.6739765379941547,-0.0223563795716239,1.1225743996074589,-0.3232990944538781,-0.3431691825386808,0.3966666666666665,1,212,98,99,Gated Pipe,10.961598628561308,0.5,55870.01420197496,381.12651063916405,8168943.422976549,4.985049261716259,reconstruction,volume_observation_or_prediction_event
VO_77515825c24e99d13725,PE_38b89c5882c878930ee8,51799.86,Bubbler,60 V Trap,28,False,993,2025-07-31,2025,3,1,ST,OUT,False,TRUE,Gated Pipe,"Nitrate, Nitrite, H flag.",0.0,H,92486.37,True,0.01,0.05,mg/L,SM4500P E (P-Ortho),0.01,0.05,ALS_2023plus,False,2025-04-24,2025-11-07,2025,grain corn,winter wheat,1156.88625,105.95000000000005,39.66666666666666,0.2032366666666666,3,0.05,1,,0.05,-0.3885840286996418,0.6739765379941547,-0.0223563795716239,1.1225743996074589,-0.3232990944538781,-0.3431691825386808,0.3966666666666665,1,212,98,99,Gated Pipe,10.85516203042636,0.5,55095.400559195405,375.82858625678585,8055686.560048116,4.985049261716259,reconstruction,volume_observation_or_prediction_event
VO_c1c33149e8c055cf386e,PE_7c42b855d80a50c9cdb0,50365.34,Etape,60 V Trap,28,False,1005,2025-07-31,2025,3,2,ST,OUT,False,TRUE,Gated Pipe,"Nitrate, Nitrite, H flag.",0.0,H,90860.75,True,0.01,0.05,mg/L,SM4500P E (P-Ortho),0.01,0.05,ALS_2023plus,False,2025-04-24,2025-11-07,2025,grain corn,winter wheat,1156.88625,105.95000000000005,40.333333333333336,0.09736,3,0.05,1,,0.05,-0.3885840286996418,0.6739765379941547,-0.0223563795716239,0.7953690094243412,-0.3232990944538781,-0.3902130992608855,0.4033333333333334,1,212,98,99,Gated Pipe,10.827078373800676,0.5,50911.95397505547,347.2161497639789,7444021.582591483,4.985049261716259,reconstruction,volume_observation_or_prediction_event
VO_bb6e2057aff603bc3ed3,PE_7c42b855d80a50c9cdb0,43203.49,Bubbler,60 V Trap,28,False,1005,2025-07-31,2025,3,2,ST,OUT,False,TRUE,Gated Pipe,"Nitrate, Nitrite, H flag.",0.0,H,90860.75,True,0.01,0.05,mg/L,SM4500P E (P-Ortho),0.01,0.05,ALS_2023plus,False,2025-04-24,2025-11-07,2025,grain corn,winter wheat,1156.88625,105.95000000000005,40.333333333333336,0.09736,3,0.05,1,,0.05,-0.3885840286996418,0.6739765379941547,-0.0223563795716239,0.7953690094243412,-0.3232990944538781,-0.3902130992608855,0.4033333333333334,1,212,98,99,Gated Pipe,10.6736997040165,0.5,43296.73989250795,295.1323416087432,6330595.211190476,4.985049261716259,reconstruction,volume_observation_or_prediction_event
VO_1312fa9ca5066152a0a7,PE_2e65ee229934a6773cd8,46994.11,Etape,60 V Trap,28,False,1017,2025-08-11,2025,4,1,ST,OUT,False,TRUE,Gated Pipe,,0.0,,93182.2,True,0.01,0.05,mg/L,SM4500P E (P-Ortho),0.01,0.05,ALS_2023plus,False,2025-04-24,2025-11-07,2025,grain corn,winter wheat,1156.88625,105.95000000000005,39.66666666666666,0.2032366666666666,3,0.05,1,,0.05,-0.3885840286996418,0.6739765379941547,-0.0223563795716239,0.6432643027381727,0.1726252446891151,-0.3230325155606589,0.3966666666666665,1,223,109,88,Gated Pipe,10.757798832726202,0.5,52006.18408609069,354.70007215448044,7604009.81782703,4.985049261716259,reconstruction,volume_observation_or_prediction_event
VO_c93ee87eb9b7545052b1,PE_2e65ee229934a6773cd8,47412.08,Bubbler,60 V Trap,28,False,1017,2025-08-11,2025,4,1,ST,OUT,False,TRUE,Gated Pipe,,0.0,,93182.2,True,0.01,0.05,mg/L,SM4500P E (P-Ortho),0.01,0.05,ALS_2023plus,False,2025-04-24,2025-11-07,2025,grain corn,winter wheat,1156.88625,105.95000000000005,39.66666666666666,0.2032366666666666,3,0.05,1,,0.05,-0.3885840286996418,0.6739765379941547,-0.0223563795716239,0.6432643027381727,0.1726252446891151,-0.3230325155606589,0.3966666666666665,1,223,109,88,Gated Pipe,10.766653418983232,0.5,52409.85103280246,357.4609284591416,7663030.275933633,4.985049261716259,reconstruction,volume_observation_or_prediction_event
VO_6f989405d41f1c063720,PE_11a9aa9ee4b790243512,42782.33,Etape,60 V Trap,28,False,1029,2025-08-11,2025,4,2,ST,OUT,False,TRUE,Gated Pipe,,0.0,,90517.24,True,0.01,0.05,mg/L,SM4500P E (P-Ortho),0.01,0.05,ALS_2023plus,False,2025-04-24,2025-11-07,2025,grain corn,winter wheat,1156.88625,105.95000000000005,40.333333333333336,0.09736,3,0.05,1,,0.05,-0.3885840286996418,0.6739765379941547,-0.0223563795716239,0.4532352743044345,0.1726252446891151,-0.4001539561851632,0.4033333333333334,1,223,109,88,Gated Pipe,10.663903819719215,0.5,47615.78365165809,324.6721869928917,6962085.95702437,4.985049261716259,reconstruction,volume_observation_or_prediction_event
VO_c623d8eb83b0c487e0c3,PE_11a9aa9ee4b790243512,34193.22,Bubbler,60 V Trap,28,False,1029,2025-08-11,2025,4,2,ST,OUT,False,TRUE,Gated Pipe,,0.0,,90517.24,True,0.01,0.05,mg/L,SM4500P E (P-Ortho),0.01,0.05,ALS_2023plus,False,2025-04-24,2025-11-07,2025,grain corn,winter wheat,1156.88625,105.95000000000005,40.333333333333336,0.09736,3,0.05,1,,0.05,-0.3885840286996418,0.6739765379941547,-0.0223563795716239,0.4532352743044345,0.1726252446891151,-0.4001539561851632,0.4033333333333334,1,223,109,88,Gated Pipe,10.439811902919645,0.5,41636.02230073227,283.77396146178177,6087780.400984375,4.985049261716259,reconstruction,volume_observation_or_prediction_event
VO_0c2cb4949ef949e4a1fa,PE_1a63e3b4586af009f14e,57798.97,Etape,60 V Trap,28,False,1041,2025-08-19,2025,5,1,ST,OUT,False,TRUE,Gated Pipe,,0.136,,114678.73,True,0.01,0.05,mg/L,SM4500P E (P-Ortho),0.01,0.05,ALS_2023plus,False,2025-04-24,2025-11-07,2025,grain corn,winter wheat,1156.88625,105.95000000000005,39.66666666666666,0.2032366666666666,3,0.05,0,0.136,0.05,1.2178228689770954,0.6739765379941547,-0.0223563795716239,1.1307629489548698,0.6685495838321084,0.2990568824145005,0.3966666666666665,1,231,117,80,Gated Pipe,10.964743535629193,0.5,60316.864943535686,411.54048435123804,8819120.927071285,4.985049261716259,reconstruction,volume_observation_or_prediction_event
VO_4a6947b2a5aae72c3011,PE_1a63e3b4586af009f14e,77722.88,Bubbler,60 V Trap,28,False,1041,2025-08-19,2025,5,1,ST,OUT,False,TRUE,Gated Pipe,,0.136,,114678.73,True,0.01,0.05,mg/L,SM4500P E (P-Ortho),0.01,0.05,ALS_2023plus,False,2025-04-24,2025-11-07,2025,grain corn,winter wheat,1156.88625,105.95000000000005,39.66666666666666,0.2032366666666666,3,0.05,0,0.136,0.05,1.2178228689770954,0.6739765379941547,-0.0223563795716239,1.1307629489548698,0.6685495838321084,0.2990568824145005,0.3966666666666665,1,231,117,80,Gated Pipe,11.26091782504507,0.5,66740.98767868982,455.4778933953609,9758396.906564767,4.985049261716259,reconstruction,volume_observation_or_prediction_event
VO_c321f548c1ad49171855,PE_799d2a28007a9327113e,81844.82,Etape,60 V Trap,28,False,1053,2025-08-19,2025,5,2,ST,OUT,False,TRUE,Gated Pipe,,0.136,,111736.07,True,0.01,0.05,mg/L,SM4500P E (P-Ortho),0.01,0.05,ALS_2023plus,False,2025-04-24,2025-11-07,2025,grain corn,winter wheat,1156.88625,105.95000000000005,40.333333333333336,0.09736,3,0.05,0,0.136,0.05,1.2178228689770954,0.6739765379941547,-0.0223563795716239,2.2156746759119774,0.6685495838321084,0.213899064485487,0.4033333333333334,1,231,117,80,Gated Pipe,11.312592512466503,0.5,55277.18964992916,377.0719220348555,8082266.084334878,4.985049261716259,reconstruction,volume_observation_or_prediction_event
VO_613193e18b23bcee9573,PE_799d2a28007a9327113e,63981.31,Bubbler,60 V Trap,28,False,1053,2025-08-19,2025,5,2,ST,OUT,False,TRUE,Gated Pipe,,0.136,,111736.07,True,0.01,0.05,mg/L,SM4500P E (P-Ortho),0.01,0.05,ALS_2023plus,False,2025-04-24,2025-11-07,2025,grain corn,winter wheat,1156.88625,105.95000000000005,40.333333333333336,0.09736,3,0.05,0,0.136,0.05,1.2178228689770954,0.6739765379941547,-0.0223563795716239,2.2156746759119774,0.6685495838321084,0.213899064485487,0.4033333333333334,1,231,117,80,Gated Pipe,11.06636191788456,0.5,54031.81537318632,368.5542580259088,7900178.9431253085,4.985049261716259,reconstruction,volume_observation_or_prediction_event
VO_beca1df3b2d6ae9b2b27,PE_a729ad9441dfa249eec8,35473.3,Etape,60 V Trap,28,False,1065,2025-09-03,2025,6,1,ST,OUT,False,TRUE,Gated Pipe,,0.0,,120526.17,True,0.01,0.05,mg/L,SM4500P E (P-Ortho),0.01,0.05,ALS_2023plus,False,2025-04-24,2025-11-07,2025,grain corn,winter wheat,1156.88625,105.95000000000005,39.66666666666666,0.2032366666666666,3,0.05,1,,0.05,-0.3885840286996418,0.6739765379941547,-0.0223563795716239,0.1234630949187483,1.1644739229751015,0.4682763066330078,0.3966666666666665,1,246,132,65,Gated Pipe,10.476563769627782,0.5,49978.059131502145,340.82883099111996,7307476.091465929,4.985049261716259,reconstruction,volume_observation_or_prediction_event
VO_b78845dd80fd680f9249,PE_a729ad9441dfa249eec8,54489.44,Bubbler,60 V Trap,28,False,1065,2025-09-03,2025,6,1,ST,OUT,False,TRUE,Gated Pipe,,0.0,,120526.17,True,0.01,0.05,mg/L,SM4500P E (P-Ortho),0.01,0.05,ALS_2023plus,False,2025-04-24,2025-11-07,2025,grain corn,winter wheat,1156.88625,105.95000000000005,39.66666666666666,0.2032366666666666,3,0.05,1,,0.05,-0.3885840286996418,0.6739765379941547,-0.0223563795716239,0.1234630949187483,1.1644739229751015,0.4682763066330078,0.3966666666666665,1,246,132,65,Gated Pipe,10.905780552420666,0.5,54284.683432930615,370.2837342257299,7937150.978730922,4.985049261716259,reconstruction,volume_observation_or_prediction_event
VO_b4ca57f74cb0cef47e5c,PE_2e2197584fa9c47b9a6f,40324.73,Etape,60 V Trap,28,False,1077,2025-09-03,2025,6,2,ST,OUT,False,TRUE,Gated Pipe,,0.0,,110972.5,True,0.01,0.05,mg/L,SM4500P E (P-Ortho),0.01,0.05,ALS_2023plus,False,2025-04-24,2025-11-07,2025,grain corn,winter wheat,1156.88625,105.95000000000005,40.333333333333336,0.09736,3,0.05,1,,0.05,-0.3885840286996418,0.6739765379941547,-0.0223563795716239,0.3423521464395521,1.1644739229751015,0.1918020654995159,0.4033333333333334,1,246,132,65,Gated Pipe,10.604745005743379,0.5,45501.13912313085,310.20920029987855,6652902.136493691,4.985049261716259,reconstruction,volume_observation_or_prediction_event
VO_75c7c906991c94929654,PE_2e2197584fa9c47b9a6f,42504.19,Bubbler,60 V Trap,28,False,1077,2025-09-03,2025,6,2,ST,OUT,False,TRUE,Gated Pipe,,0.0,,110972.5,True,0.01,0.05,mg/L,SM4500P E (P-Ortho),0.01,0.05,ALS_2023plus,False,2025-04-24,2025-11-07,2025,grain corn,winter wheat,1156.88625,105.95000000000005,40.333333333333336,0.09736,3,0.05,1,,0.05,-0.3885840286996418,0.6739765379941547,-0.0223563795716239,0.3423521464395521,1.1644739229751015,0.1918020654995159,0.4033333333333334,1,246,132,65,Gated Pipe,10.657381465103814,0.5,45378.85932668272,309.3728748347729,6635023.512389489,4.985049261716259,reconstruction,volume_observation_or_prediction_event
VO_ebfb1ca8ab408a6b3c6e,PE_682735dce8bffebf23eb,21364.74,Etape,60 V Trap,28,False,1101,2025-09-14,2025,7,2,ST,OUT,,,Gated Pipe,"This event was skipped because it occurred over the weekend. kerbel irrigated differently, ct1, mt2 at same time, mt1, st2 same time, st1, ct2 same time",,,,False,0.01,0.05,mg/L,SM4500P E (P-Ortho),0.01,0.05,ALS_2023plus,False,2025-04-24,2025-11-07,2025,grain corn,winter wheat,1156.88625,105.95000000000005,40.333333333333336,0.09736,3,0.05,0,,0.05,,0.6739765379941547,-0.0223563795716239,-0.5130934083646856,1.6603982621180948,,0.4033333333333334,1,257,143,54,Gated Pipe,9.969543983565368,0.5,27958.354152505326,190.22635582376483,4087957.907430412,4.985049261716259,reconstruction,volume_observation_or_prediction_event
VO_a158f3d1ae2cf421fa32,PE_682735dce8bffebf23eb,42138.16,Bubbler,60 V Trap,28,False,1101,2025-09-14,2025,7,2,ST,OUT,,,Gated Pipe,"This event was skipped because it occurred over the weekend. kerbel irrigated differently, ct1, mt2 at same time, mt1, st2 same time, st1, ct2 same time",,,,False,0.01,0.05,mg/L,SM4500P E (P-Ortho),0.01,0.05,ALS_2023plus,False,2025-04-24,2025-11-07,2025,grain corn,winter wheat,1156.88625,105.95000000000005,40.333333333333336,0.09736,3,0.05,0,,0.05,,0.6739765379941547,-0.0223563795716239,-0.5130934083646856,1.6603982621180948,,0.4033333333333334,1,257,143,54,Gated Pipe,10.648732753604687,0.5,31081.954356428356,211.5900354276818,4544661.921665819,4.985049261716259,reconstruction,volume_observation_or_prediction_event
VO_e6510a3bdc825d9dba2c,PE_61b46633f7ef322d601f,44234.87,Etape,60 V Trap,28,False,1089,2025-09-15,2025,7,1,ST,OUT,,,Gated Pipe,"This event was skipped because it occurred over the weekend. kerbel irrigated differently, ct1, mt2 at same time, mt1, st2 same time, st1, ct2 same time",,,,False,0.01,0.05,mg/L,SM4500P E (P-Ortho),0.01,0.05,ALS_2023plus,False,2025-04-24,2025-11-07,2025,grain corn,winter wheat,1156.88625,105.95000000000005,39.66666666666666,0.2032366666666666,3,0.05,0,,0.05,,0.6739765379941547,-0.0223563795716239,0.5187716425290669,1.6603982621180948,,0.3966666666666665,1,258,144,53,Gated Pipe,10.697291277408041,0.5,35765.44815771516,243.62251540766073,5229439.191499498,4.985049261716259,reconstruction,volume_observation_or_prediction_event
VO_5811d1983a1233ca69cc,PE_61b46633f7ef322d601f,61511.08,Bubbler,60 V Trap,28,False,1089,2025-09-15,2025,7,1,ST,OUT,,,Gated Pipe,"This event was skipped because it occurred over the weekend. kerbel irrigated differently, ct1, mt2 at same time, mt1, st2 same time, st1, ct2 same time",,,,False,0.01,0.05,mg/L,SM4500P E (P-Ortho),0.01,0.05,ALS_2023plus,False,2025-04-24,2025-11-07,2025,grain corn,winter wheat,1156.88625,105.95000000000005,39.66666666666666,0.2032366666666666,3,0.05,0,,0.05,,0.6739765379941547,-0.0223563795716239,0.5187716425290669,1.6603982621180948,,0.3966666666666665,1,258,144,53,Gated Pipe,11.026988857270412,0.5,47658.99396776334,324.967721404657,6968403.770935658,4.985049261716259,reconstruction,volume_observation_or_prediction_event
VO_d6ab88ec8741a4f99268,PE_3800aa60d13a7d3acbc5,87.42,Etape,60 V Trap,14,False,1110,2025-09-23,2025,S1,2,ST,OUT,,,Gated Pipe,"Tried to sample this storm event, only got enough water from MT2 and ST2 LC samplers for TSS analysis",,,,False,0.01,0.05,mg/L,SM4500P E (P-Ortho),0.01,0.05,ALS_2023plus,False,2025-04-24,2025-11-07,2025,grain corn,winter wheat,1156.88625,105.95000000000005,40.333333333333336,0.09736,3,0.05,0,,0.05,,0.6739765379941547,-0.0223563795716239,-1.4730933246171365,,,0.4033333333333334,1,266,152,45,Gated Pipe,4.482098188398097,1.0,297.8891326015997,1.0442346168288892,43699.81244682021,4.985049261716259,reconstruction,volume_observation_or_prediction_event
,PE_34f35ddf07311339791b,,,,,,4,2011-07-01,2011,1,2,MT,OUT,False,AC,Siphon,"OG Sample IDS: NT2-T1, NT2-T2, NT2-T3. The sample ID has been modifed to fit with the ""modern"" IDs. The values represent the average between the three. NT represents No Till",0.01,,52493.88,True,0.34,0.75,MG/L,EPA300.0 [300OPHOS]_W,0.34,0.75,CSU_assumed_from_ALS_pre2023,True,2011-05-04,2011-11-15,2011,grain corn,grain corn,39.0,39.0,,0.567345,0,0.75,0,0.01,0.75,-0.2704658744587053,-0.6570217412747207,-1.385104399542572,,-1.3151477727398646,-1.5005142995239609,,1,182,58,137,Siphon,,0.0,9824.037318522893,66.19776401148646,1436525.344743657,4.985049261716259,reconstruction,volume_observation_or_prediction_event
,PE_3871148968b5addb2670,,,,,,8,2011-07-18,2011,2,1,ST,OUT,False,AC,Siphon,"OG Sample IDS: ST1 I2 T1, ST1 I2 T2, ST1 I2 T3. The sample ID has been modifed to fit with the ""modern"" IDs. The values represent the average between the three.",0.0,,105994.38,True,0.34,0.75,MG/L,EPA300.0 [300OPHOS]_W,0.34,0.75,CSU_assumed_from_ALS_pre2023,True,2011-05-04,2011-11-15,2011,grain corn,grain corn,29.25,29.25,,0.1071666666666666,0,0.75,1,,0.75,-0.3885840286996418,-0.8508564421391198,-1.3969900392440324,,-0.8192234335968713,0.0477399459924095,,1,199,75,120,Siphon,,0.0,17281.46364867369,117.20239212844695,2526881.4461958194,4.985049261716259,reconstruction,volume_observation_or_prediction_event
,PE_19365c099ea63c5267ba,,,,,,16,2011-07-29,2011,3,2,MT,OUT,,AC,Siphon,,,,101612.04,False,0.34,0.75,MG/L,EPA300.0 [300OPHOS]_W,0.34,0.75,CSU_assumed_from_ALS_pre2023,True,2011-05-04,2011-11-15,2011,grain corn,grain corn,39.0,39.0,,0.567345,0,0.75,0,,0.75,,-0.6570217412747207,-1.385104399542572,,-0.3232990944538781,-0.079080859613075,,1,210,86,109,Siphon,,0.0,15821.997184444052,107.22045721395176,2313491.7198094213,4.985049261716259,reconstruction,volume_observation_or_prediction_event
,PE_7b7290645f3b8332a314,,,,,,19,2011-08-09,2011,4,1,MT,OUT,False,AC,Siphon,"OG Sample IDs: NT1 T1 I4, NT1 T2 I4, NT1 T3 I4. The sample ID has been modifed to fit with the ""modern"" IDs. The values represent the average between the three.",0.005,,118514.59,True,0.34,0.75,MG/L,EPA300.0 [300OPHOS]_W,0.34,0.75,CSU_assumed_from_ALS_pre2023,True,2011-05-04,2011-11-15,2011,grain corn,grain corn,39.0,39.0,,0.469572,0,0.75,0,0.005,0.75,-0.3295249515791735,-0.6570217412747207,-1.385104399542572,,0.1726252446891151,0.410063069837168,,1,221,97,98,Siphon,,0.0,16728.606393442853,113.42115749649287,2446047.7570937444,4.985049261716259,reconstruction,volume_observation_or_prediction_event
,PE_77a033ffc4bea617f8c3,,,,,,22,2011-08-10,2011,4,2,MT,OUT,False,AC,Siphon,"OG Sample IDs: NT2 T1 I4, NT2 T2 I4, NT2 T3 I4. The sample ID has been modifed to fit with the ""modern"" IDs. The values represent the average between the three.",0.005,,115634.34,True,0.34,0.75,MG/L,EPA300.0 [300OPHOS]_W,0.34,0.75,CSU_assumed_from_ALS_pre2023,True,2011-05-04,2011-11-15,2011,grain corn,grain corn,39.0,39.0,,0.567345,0,0.75,0,0.005,0.75,-0.3295249515791735,-0.6570217412747207,-1.385104399542572,,0.1726252446891151,0.3267113387197294,,1,222,98,97,Siphon,,0.0,14995.764025032266,101.56948418813478,2192687.52722298,4.985049261716259,reconstruction,volume_observation_or_prediction_event
,PE_7ce2b642e0b8c74152f7,,,,,,24,2011-08-18,2011,5,1,CT,OUT,,AC,Siphon,,,,117423.21,False,0.34,0.75,MG/L,EPA300.0 [300OPHOS]_W,0.34,0.75,CSU_assumed_from_ALS_pre2023,True,2011-05-04,2011-11-15,2011,grain corn,grain corn,204.1975,204.1975,,0.03242,0,0.75,0,,0.75,,2.62718420703775,-1.1837220442008272,,0.6685495838321084,0.3784795571882837,,1,230,106,89,Siphon,,0.0,15030.859622794242,101.80951846177618,2197818.8818565705,4.985049261716259,reconstruction,volume_observation_or_prediction_event
,PE_7e2128f957d2cd9aab0d,,,,,,25,2011-08-18,2011,5,1,MT,OUT,,AC,Siphon,,,,117423.21,False,0.34,0.75,MG/L,EPA300.0 [300OPHOS]_W,0.34,0.75,CSU_assumed_from_ALS_pre2023,True,2011-05-04,2011-11-15,2011,grain corn,grain corn,39.0,39.0,,0.469572,0,0.75,0,,0.75,,-0.6570217412747207,-1.385104399542572,,0.6685495838321084,0.3784795571882837,,1,230,106,89,Siphon,,0.0,15538.080460061963,105.2786255012138,2271980.034808564,4.985049261716259,reconstruction,volume_observation_or_prediction_event
,PE_6034b963cd018cb3fcee,,,,,,30,2011-08-28,2011,6,1,CT,OUT,,AC,Siphon,,,,109255.42,False,0.34,0.75,MG/L,EPA300.0 [300OPHOS]_W,0.34,0.75,CSU_assumed_from_ALS_pre2023,True,2011-05-04,2011-11-15,2011,grain corn,grain corn,204.1975,204.1975,,0.03242,0,0.75,0,,0.75,,2.62718420703775,-1.1837220442008272,,1.1644739229751015,0.1421113822369062,,1,240,116,79,Siphon,,0.0,14343.480354670684,97.10822844645242,2097316.624666309,4.985049261716259,reconstruction,volume_observation_or_prediction_event
,PE_35025aa3dadaae212d42,,,,,,31,2011-08-28,2011,6,1,MT,OUT,,AC,Siphon,,,,109255.42,False,0.34,0.75,MG/L,EPA300.0 [300OPHOS]_W,0.34,0.75,CSU_assumed_from_ALS_pre2023,True,2011-05-04,2011-11-15,2011,grain corn,grain corn,39.0,39.0,,0.469572,0,0.75,0,,0.75,,-0.6570217412747207,-1.385104399542572,,1.1644739229751015,0.1421113822369062,,1,240,116,79,Siphon,,0.0,13772.198499728738,93.20097985004662,2013789.0605164042,4.985049261716259,reconstruction,volume_observation_or_prediction_event
,PE_9f4fdc940195ccaed1ea,,,,,,37,2012-05-15,2012,1,1,MT,OUT,False,AC,Siphon,"The results are averages of the 3 samples taken at different times. Before cultivation. OG Sample IDs "" MT1 I1, T1, T2, T3""",,,478986.27,False,0.34,0.75,MG/L,EPA300.0 [300OPHOS]_W,0.34,0.75,CSU_assumed_from_ALS_pre2023,True,2012-05-03,2012-11-01,2012,grain corn,grain corn,97.3375,21.125,,1.9089795124444444,0,0.75,0,,0.75,,-1.0123853595261192,-1.3139886553288336,,-1.3151477727398646,10.841775090256016,,1,136,12,170,Siphon,,0.0,137.56902300870902,0.0,20259.284583563014,4.985049261716259,reconstruction,volume_observation_or_prediction_event
,PE_c8313314a14ce2a3b9ed,,,,,,40,2012-05-16,2012,1,2,MT,OUT,False,AC,Siphon,"The results are averages of the 3 samples taken at different times. Before cultivation. OG Sample IDs "" MT2 I1, T1, T2, T3""",,,442968.75,False,0.34,0.75,MG/L,EPA300.0 [300OPHOS]_W,0.34,0.75,CSU_assumed_from_ALS_pre2023,True,2012-05-03,2012-11-01,2012,grain corn,grain corn,97.3375,21.125,,1.7652813083333332,0,0.75,0,,0.75,,-1.0123853595261192,-1.3139886553288336,,-1.3151477727398646,9.799461873501578,,1,137,13,169,Siphon,,0.0,67.77140438563741,0.0,10054.120501042546,4.985049261716259,reconstruction,volume_observation_or_prediction_event
,PE_a59990c9b8181745bf66,,,,,,50,2012-06-11,2012,3,1,ST,OUT,False,AC,Siphon,"The results are averages of the 3 samples taken at different times. Before cultivation. . No TSS results in the ""2012 sediment load excel file""",,,75177.0,False,0.34,0.75,MG/L,EPA300.0 [300OPHOS]_W,0.34,0.75,CSU_assumed_from_ALS_pre2023,True,2012-05-03,2012-11-01,2012,grain corn,grain corn,108.55,42.08749999999999,,0.8029877171111112,0,0.75,0,,0.75,,-0.595640752667661,-1.3003201696721542,,-0.3232990944538781,-0.8440861008798867,,1,163,39,143,Siphon,,0.0,6107.68079492647,40.77996247455292,893153.9681747963,4.985049261716259,reconstruction,volume_observation_or_prediction_event
,PE_73f34f932b4d2fae19c1,,,,,,53,2012-06-12,2012,3,2,ST,OUT,False,AC,Siphon,"The results are averages of the 3 samples taken at different times. Before cultivation. . No TSS results in the ""2012 sediment load excel file""",,,64962.0,False,0.34,0.75,MG/L,EPA300.0 [300OPHOS]_W,0.34,0.75,CSU_assumed_from_ALS_pre2023,True,2012-05-03,2012-11-01,2012,grain corn,grain corn,108.55,42.08749999999999,,0.9590644183333332,0,0.75,0,,0.75,,-0.595640752667661,-1.3003201696721542,,-0.3232990944538781,-1.1396986113788488,,1,164,40,142,Siphon,,0.0,1331.0827370475176,8.110701415773507,194763.85260156603,4.985049261716259,reconstruction,volume_observation_or_prediction_event
,PE_2478586efc852779466d,,,,,,64,2012-07-17,2012,5,2,MT,OUT,False,AC,Siphon,The results are averages of the 3 samples taken at different times. After cultivation.,,,95321.28,False,0.34,0.75,MG/L,EPA300.0 [300OPHOS]_W,0.34,0.75,CSU_assumed_from_ALS_pre2023,True,2012-05-03,2012-11-01,2012,grain corn,grain corn,129.8375,53.625,,1.7652813083333332,0,0.75,0,,0.75,,-0.3662696899781218,-1.2743698563239654,,0.6685495838321084,-0.2611295484575634,,1,199,75,107,Siphon,,0.0,12035.557923730545,81.32332892462061,1759873.4917613673,4.985049261716259,reconstruction,volume_observation_or_prediction_event
,PE_68c71cdd4d66bb7cc43d,,,,,,67,2012-07-24,2012,6,1,MT,OUT,,,Siphon,,,,105189.05,False,0.34,0.75,MG/L,EPA300.0 [300OPHOS]_W,0.34,0.75,ALS_pre2023,False,2012-05-03,2012-11-01,2012,grain corn,grain corn,129.8375,53.625,,1.9089795124444444,0,0.75,0,,0.75,,-0.3662696899781218,-1.2743698563239654,,1.1644739229751015,0.0244344518093327,,1,206,82,100,Siphon,,0.0,13808.857144898004,93.4517044943613,2019148.9495265945,4.985049261716259,reconstruction,volume_observation_or_prediction_event
,PE_06dbf0d23ab385c1c482,,,,,,68,2012-07-24,2012,6,1,ST,OUT,,,Siphon,,,,105189.05,False,0.34,0.75,MG/L,EPA300.0 [300OPHOS]_W,0.34,0.75,ALS_pre2023,False,2012-05-03,2012-11-01,2012,grain corn,grain corn,126.425,59.96249999999999,,0.8029877171111112,0,0.75,0,,0.75,,-0.2402771344162625,-1.2785298302194767,,1.1644739229751015,0.0244344518093327,,1,206,82,100,Siphon,,0.0,17238.581374927504,116.90910134307357,2520611.5956128836,4.985049261716259,reconstruction,volume_observation_or_prediction_event
,PE_6e65dd5f58ba16e801f7,,,,,,69,2012-07-25,2012,6,2,CT,OUT,,,Siphon,,,,92670.81,False,0.34,0.75,MG/L,EPA300.0 [300OPHOS]_W,0.34,0.75,ALS_pre2023,False,2012-05-03,2012-11-01,2012,grain corn,grain corn,485.07875,204.66875000000005,,0.1550003101666666,0,0.75,0,,0.75,,2.6365528842461967,-0.8413165738012539,,1.1644739229751015,-0.3378316620847963,,1,207,83,99,Siphon,,0.0,12689.957617929524,85.79905708669776,1855553.779808391,4.985049261716259,reconstruction,volume_observation_or_prediction_event
,PE_59b827ad024c7d9b14ad,,,,,,74,2012-07-31,2012,7,1,ST,OUT,False,AC,Siphon,The results are averages of the 3 samples taken at different times. After cultivation.,,,104059.53,False,0.34,0.75,MG/L,EPA300.0 [300OPHOS]_W,0.34,0.75,CSU_assumed_from_ALS_pre2023,True,2012-05-03,2012-11-01,2012,grain corn,grain corn,126.425,59.96249999999999,,0.8029877171111112,0,0.75,0,,0.75,,-0.2402771344162625,-1.2785298302194767,,1.6603982621180948,-0.0082527966349931,,1,213,89,93,Siphon,,0.0,16360.44698979274,110.90315294108531,2392218.8844632623,4.985049261716259,reconstruction,volume_observation_or_prediction_event
,PE_db2af1bf2a4b6c5209ee,,,,,,81,2012-08-09,2012,8,2,CT,OUT,,,Siphon,,,,96715.37,False,0.34,0.75,MG/L,EPA300.0 [300OPHOS]_W,0.34,0.75,ALS_pre2023,False,2012-05-03,2012-11-01,2012,grain corn,grain corn,485.07875,204.66875000000005,,0.1550003101666666,0,0.75,0,,0.75,,2.6365528842461967,-0.8413165738012539,,2.1563226012610883,-0.2207858925827228,,1,222,98,84,Siphon,,0.0,13665.602872624704,92.4719253373183,1998203.6310055433,4.985049261716259,reconstruction,volume_observation_or_prediction_event
,PE_275180fe6914a1efb30e,,,,,,91,2012-08-30,2012,10,1,MT,OUT,,,Siphon,,,,82991.51,False,0.34,0.75,MG/L,EPA300.0 [300OPHOS]_W,0.34,0.75,ALS_pre2023,False,2012-05-03,2012-11-01,2012,grain corn,grain corn,129.8375,53.625,,1.9089795124444444,0,0.75,0,,0.75,,-0.3662696899781218,-1.2743698563239654,,3.148171279547075,-0.6179415174810376,,1,243,119,63,Siphon,,0.0,12091.993386327807,81.70931594681139,1768124.964623045,4.985049261716259,reconstruction,volume_observation_or_prediction_event
,PE_7549e1f31f89c027e81a,,,,,,96,2013-06-19,2013,1,1,CT,OUT,,,Siphon,The analyte values are averages over the irrigation period,,,,False,0.34,0.75,MG/L,EPA300.0 [300OPHOS]_W,0.34,0.75,CSU_assumed_from_ALS_pre2023,True,2013-05-14,2013-09-30,2013,silage corn,grain corn,679.185,54.51874999999996,,,0,0.75,0,,0.75,,-0.3485015090655527,-0.6046932967446789,,-1.3151477727398646,,,1,170,36,103,Siphon,,0.0,12567.677430136719,84.96272894501325,1837675.0984853792,4.985049261716259,reconstruction,volume_observation_or_prediction_event
,PE_4b562ebdf8fbf3213655,,,,,,97,2013-06-19,2013,1,1,MT,OUT,,,Siphon,,,,,False,0.34,0.75,MG/L,EPA300.0 [300OPHOS]_W,0.34,0.75,CSU_assumed_from_ALS_pre2023,True,2013-05-14,2013-09-30,2013,silage corn,grain corn,211.16875,44.11874999999998,,,0,0.75,0,,0.75,,-0.5552585233209115,-1.1752238118142828,,-1.3151477727398646,,,1,170,36,103,Siphon,,0.0,12382.987848950808,83.69955543334491,1810671.4912346415,4.985049261716259,reconstruction,volume_observation_or_prediction_event
,PE_2ca8004c059df29b5ee7,,,,,,98,2013-06-19,2013,1,1,ST,OUT,,,Siphon,,,,,False,0.34,0.75,MG/L,EPA300.0 [300OPHOS]_W,0.34,0.75,CSU_assumed_from_ALS_pre2023,True,2013-05-14,2013-09-30,2013,silage corn,grain corn,212.63125,44.118750000000006,,,0,0.75,0,,0.75,,-0.555258523320911,-1.1734409658590637,,-1.3151477727398646,,,1,170,36,103,Siphon,,0.0,13395.88867755749,90.6272309872515,1958768.5088574647,4.985049261716259,reconstruction,volume_observation_or_prediction_event
,PE_5ba58c90fa14c59fb2b5,,,,,,99,2013-06-20,2013,1,2,CT,OUT,,,Siphon,,,,,False,0.34,0.75,MG/L,EPA300.0 [300OPHOS]_W,0.34,0.75,CSU_assumed_from_ALS_pre2023,True,2013-05-14,2013-09-30,2013,silage corn,grain corn,679.185,54.51874999999996,,,0,0.75,0,,0.75,,-0.3485015090655527,-0.6046932967446789,,-1.3151477727398646,,,1,171,37,102,Siphon,,0.0,10360.136671619675,69.86438395889284,1514908.8479464054,4.985049261716259,reconstruction,volume_observation_or_prediction_event
,PE_d310224e35ff9af06f5c,,,,,,100,2013-06-20,2013,1,2,MT,OUT,,,Siphon,,,,,False,0.34,0.75,MG/L,EPA300.0 [300OPHOS]_W,0.34,0.75,CSU_assumed_from_ALS_pre2023,True,2013-05-14,2013-09-30,2013,silage corn,grain corn,211.16875,44.11874999999998,,,0,0.75,0,,0.75,,-0.5552585233209115,-1.1752238118142828,,-1.3151477727398646,,,1,171,37,102,Siphon,,0.0,9827.268132664241,66.21986097450012,1436997.724591036,4.985049261716259,reconstruction,volume_observation_or_prediction_event
,PE_6b8fb93d440ad534f730,,,,,,101,2013-06-20,2013,1,2,ST,OUT,,,Siphon,,,,,False,0.34,0.75,MG/L,EPA300.0 [300OPHOS]_W,0.34,0.75,CSU_assumed_from_ALS_pre2023,True,2013-05-14,2013-09-30,2013,silage corn,grain corn,212.63125,44.118750000000006,,,0,0.75,0,,0.75,,-0.555258523320911,-1.1734409658590637,,-1.3151477727398646,,,1,171,37,102,Siphon,,0.0,9141.752575270772,61.53131769893581,1336767.961995549,4.985049261716259,reconstruction,volume_observation_or_prediction_event
,PE_69d23c12694c9d493b1e,,,,,,102,2013-07-02,2013,2,1,CT,OUT,False,AC,Siphon,The analyte values are averages of 6 samples over the irrigation period,,,,False,0.34,0.75,MG/L,EPA300.0 [300OPHOS]_W,0.34,0.75,CSU_assumed_from_ALS_pre2023,True,2013-05-14,2013-09-30,2013,silage corn,grain corn,679.185,54.51874999999996,,,0,0.75,0,,0.75,,-0.3485015090655527,-0.6046932967446789,,-0.8192234335968713,,,1,183,49,90,Siphon,,0.0,13676.26240243726,92.54483056358823,1999762.1691466095,4.985049261716259,reconstruction,volume_observation_or_prediction_event
,PE_463a73dbe13b5ac58626,,,,,,115,2013-07-30,2013,4,1,MT,OUT,False,AC,Siphon,The analyte values are averages of 6 samples over the irrigation period,,,108000.0,False,0.34,0.75,MG/L,EPA300.0 [300OPHOS]_W,0.34,0.75,CSU_assumed_from_ALS_pre2023,True,2013-05-14,2013-09-30,2013,silage corn,grain corn,211.16875,44.11874999999998,,,0,0.75,0,,0.75,,-0.5552585233209115,-1.1752238118142828,,0.1726252446891151,0.1057807059832981,,1,211,77,62,Siphon,,0.0,14252.945908446836,96.48902343429523,2084079.5128985865,4.985049261716259,reconstruction,volume_observation_or_prediction_event
,PE_af08fd0ecc7154722df1,,,,,,118,2013-07-31,2013,4,2,MT,OUT,False,AC,Siphon,The analyte values are averages of 6 samples over the irrigation period,,,109714.29,False,0.34,0.75,MG/L,EPA300.0 [300OPHOS]_W,0.34,0.75,CSU_assumed_from_ALS_pre2023,True,2013-05-14,2013-09-30,2013,silage corn,grain corn,211.16875,44.11874999999998,,,0,0.75,0,,0.75,,-0.5552585233209115,-1.1752238118142828,,0.1726252446891151,0.1553906492650665,,1,212,78,61,Siphon,,0.0,12814.93656436198,86.65384322913198,1873827.0487302355,4.985049261716259,reconstruction,volume_observation_or_prediction_event
,PE_4b55c0ce37244d6a7215,,,,,,121,2013-08-08,2013,5,1,MT,OUT,,,Siphon,,,,,False,0.34,0.75,MG/L,EPA300.0 [300OPHOS]_W,0.34,0.75,CSU_assumed_from_ALS_pre2023,True,2013-05-14,2013-09-30,2013,silage corn,grain corn,211.16875,44.11874999999998,,,0,0.75,0,,0.75,,-0.5552585233209115,-1.1752238118142828,,0.6685495838321084,,,1,220,86,53,Siphon,,0.0,13069.290750029246,88.39348369966531,1911016.3719624225,4.985049261716259,reconstruction,volume_observation_or_prediction_event
,PE_517f2d916c9642620497,,,,,,162,2014-07-22,2014,2,2,MT,OUT,,,Siphon,,,,95319.15,False,0.34,0.75,MG/L,EPA300.0 [300OPHOS]_W,0.34,0.75,ALS_pre2023,False,2014-05-06,2014-12-02,2014,grain corn,silage corn,256.60375,38.935,,,0,0.75,0,,0.75,,-0.6583139726138166,-1.119836730805477,,-0.8192234335968713,-0.2611911886579907,,1,203,77,133,Siphon,,0.0,10891.579409323562,73.4991552596102,1592611.503792307,4.985049261716259,reconstruction,volume_observation_or_prediction_event
,PE_16b441574a3c441720ba,,,,,,168,2014-08-04,2014,3,1,MT,OUT,True,FALSE,Siphon,,,,112956.41,False,0.34,0.75,MG/L,EPA300.0 [300OPHOS]_W,0.34,0.75,CSU_assumed_from_ALS_pre2023,True,2014-05-06,2014-12-02,2014,grain corn,silage corn,256.60375,38.935,,,0,0.75,0,,0.75,,-0.6583139726138166,-1.119836730805477,,-0.3232990944538781,0.2492145584710281,,1,216,90,120,Siphon,,0.0,15629.50721529652,105.90393340828965,2285347.6117704613,4.985049261716259,reconstruction,volume_observation_or_prediction_event
,PE_e632ea014220742fa65f,,,,,,193,2014-09-09,2014,5,1,CT,OUT,,,Siphon,,,,112416.36,False,0.34,0.75,MG/L,EPA300.0 [300OPHOS]_W,0.34,0.75,ALS_pre2023,False,2014-05-06,2014-12-02,2014,grain corn,silage corn,872.43,76.71624999999995,,,0,0.75,0,,0.75,,0.0927954932357291,-0.3691199178617326,,0.6685495838321084,0.233586018451942,,1,252,126,84,Siphon,,0.0,15604.46356472943,105.73264883539335,2281685.960151047,4.985049261716259,reconstruction,volume_observation_or_prediction_event
,PE_6997c2b3adda068f5a4c,,,,,,194,2014-09-09,2014,5,1,MT,OUT,,,Siphon,,,,112416.36,False,0.34,0.75,MG/L,EPA300.0 [300OPHOS]_W,0.34,0.75,ALS_pre2023,False,2014-05-06,2014-12-02,2014,grain corn,silage corn,256.60375,38.935,,,0,0.75,0,,0.75,,-0.6583139726138166,-1.119836730805477,,0.6685495838321084,0.233586018451942,,1,252,126,84,Siphon,,0.0,13116.036273669943,88.71319695513345,1917851.0713158895,4.985049261716259,reconstruction,volume_observation_or_prediction_event
,PE_088457890b89df7957ea,,,,,,195,2014-09-09,2014,5,1,ST,OUT,,,Siphon,,,,112416.36,False,0.34,0.75,MG/L,EPA300.0 [300OPHOS]_W,0.34,0.75,ALS_pre2023,False,2014-05-06,2014-12-02,2014,grain corn,silage corn,258.06625,38.93499999999997,,,0,0.75,0,,0.75,,-0.6583139726138173,-1.118053884850258,,0.6685495838321084,0.233586018451942,,1,252,126,84,Siphon,,0.0,13981.728476004115,94.63404778074451,2044424.601245154,4.985049261716259,reconstruction,volume_observation_or_prediction_event
,PE_bbb109add95ac63aeaa9,,,,,,196,2014-09-10,2014,5,2,CT,OUT,,,Siphon,,,,106291.74,False,0.34,0.75,MG/L,EPA300.0 [300OPHOS]_W,0.34,0.75,ALS_pre2023,False,2014-05-06,2014-12-02,2014,grain corn,silage corn,872.43,76.71624999999995,,,0,0.75,0,,0.75,,0.0927954932357291,-0.3691199178617326,,0.6685495838321084,0.056345265240767,,1,253,127,83,Siphon,,0.0,16519.734317450686,111.9925892360294,2415508.4084768826,4.985049261716259,reconstruction,volume_observation_or_prediction_event
,PE_9b4a8c923436dfd64fe9,,,,,,197,2014-09-10,2014,5,2,MT,OUT,,,Siphon,,,,106291.74,False,0.34,0.75,MG/L,EPA300.0 [300OPHOS]_W,0.34,0.75,ALS_pre2023,False,2014-05-06,2014-12-02,2014,grain corn,silage corn,256.60375,38.935,,,0,0.75,0,,0.75,,-0.6583139726138166,-1.119836730805477,,0.6685495838321084,0.056345265240767,,1,253,127,83,Siphon,,0.0,13101.282995965808,88.61229278129491,1915693.9831129417,4.985049261716259,reconstruction,volume_observation_or_prediction_event
,PE_5c381293ab6b171b3713,,,,,,198,2014-09-10,2014,5,2,ST,OUT,,,Siphon,,,,106291.74,False,0.34,0.75,MG/L,EPA300.0 [300OPHOS]_W,0.34,0.75,ALS_pre2023,False,2014-05-06,2014-12-02,2014,grain corn,silage corn,258.06625,38.93499999999997,,,0,0.75,0,,0.75,,-0.6583139726138173,-1.118053884850258,,0.6685495838321084,0.056345265240767,,1,253,127,83,Siphon,,0.0,12774.650080985219,86.37830619908931,1867936.7306752915,4.985049261716259,reconstruction,volume_observation_or_prediction_event
,PE_38d8ae4eb7754ca84f4a,,,,,,372,2018-06-28,2018,1,1,CT,OUT,False,TRUE,Siphon,"ISCO was located in the ditch, sampling both reps at the same time. Data from ISCO is not included in this spreadsheet. new sampling protocol, hail damage, tricky year",,,,False,0.34,0.75,MG/L,EPA300.0 [300OPHOS]_W,0.34,0.75,ALS_pre2023,False,2018-05-18,2018-09-04,2018,dry beans,silage corn,1703.66625,158.76250000000005,0.0,,2,0.75,0,,0.75,,1.7239145010096504,0.6441902948862781,,-1.3151477727398646,,1e-06,1,179,41,68,Siphon,,0.0,15363.175237438903,104.08237153360362,2246407.0062300772,4.985049261716259,reconstruction,volume_observation_or_prediction_event
,PE_befc9867f008e596a0c0,,,,,,373,2018-06-28,2018,1,1,MT,OUT,False,TRUE,Siphon,"ISCO was located in the ditch, sampling both reps at the same time. Data from ISCO is not included in this spreadsheet. new sampling protocol, hail damage, tricky year",,,,False,0.34,0.75,MG/L,EPA300.0 [300OPHOS]_W,0.34,0.75,ALS_pre2023,False,2018-05-18,2018-09-04,2018,dry beans,silage corn,557.7,43.71250000000009,18.0,,2,0.75,0,,0.75,,-0.5633349691902593,-0.7527883674248759,,-1.3151477727398646,,0.18,1,179,41,68,Siphon,,0.0,13548.021382173569,91.66773365933268,1981011.9498738248,4.985049261716259,reconstruction,volume_observation_or_prediction_event
,PE_1b0e04ad2a33dc93326f,,,,,,374,2018-06-28,2018,1,1,ST,OUT,False,TRUE,Siphon,"ISCO was located in the ditch, sampling both reps at the same time. Data from ISCO is not included in this spreadsheet. new sampling protocol, hail damage, tricky year",,,,False,0.34,0.75,MG/L,EPA300.0 [300OPHOS]_W,0.34,0.75,ALS_pre2023,False,2018-05-18,2018-09-04,2018,dry beans,silage corn,548.16125,43.71249999999998,16.0,,2,0.75,0,,0.75,,-0.5633349691902615,-0.7644164849328048,,-1.3151477727398646,,0.16,1,179,41,68,Siphon,,0.0,14590.938559657603,98.80070426331953,2133497.6812019935,4.985049261716259,reconstruction,volume_observation_or_prediction_event
,PE_49653e4fce866ae5b2d6,,,,,,375,2018-06-28,2018,1,2,CT,OUT,False,TRUE,Siphon,"ISCO was located in the ditch, sampling both reps at the same time. Data from ISCO is not included in this spreadsheet. new sampling protocol, hail damage, tricky year",,,,False,0.34,0.75,MG/L,EPA300.0 [300OPHOS]_W,0.34,0.75,ALS_pre2023,False,2018-05-18,2018-09-04,2018,dry beans,silage corn,1703.66625,158.76250000000005,2.0,,2,0.75,0,,0.75,,1.7239145010096504,0.6441902948862781,,-1.3151477727398646,,0.02,1,179,41,68,Siphon,,0.0,14202.899511481757,96.14673405015779,2076762.1902901218,4.985049261716259,reconstruction,volume_observation_or_prediction_event
,PE_fad2da303bcfaab1ebac,,,,,,376,2018-06-28,2018,1,2,MT,OUT,False,TRUE,Siphon,"ISCO was located in the ditch, sampling both reps at the same time. Data from ISCO is not included in this spreadsheet. new sampling protocol, hail damage, tricky year",,,,False,0.34,0.75,MG/L,EPA300.0 [300OPHOS]_W,0.34,0.75,ALS_pre2023,False,2018-05-18,2018-09-04,2018,dry beans,silage corn,557.7,43.71250000000009,21.0,,2,0.75,0,,0.75,,-0.5633349691902593,-0.7527883674248759,,-1.3151477727398646,,0.21,1,179,41,68,Siphon,,0.0,12116.27937200594,81.87541851532875,1771675.8374700043,4.985049261716259,reconstruction,volume_observation_or_prediction_event
,PE_044d45e4ebb1080b205a,,,,,,377,2018-06-28,2018,1,2,ST,OUT,False,TRUE,Siphon,"ISCO was located in the ditch, sampling both reps at the same time. Data from ISCO is not included in this spreadsheet. new sampling protocol, hail damage, tricky year",,,,False,0.34,0.75,MG/L,EPA300.0 [300OPHOS]_W,0.34,0.75,ALS_pre2023,False,2018-05-18,2018-09-04,2018,dry beans,silage corn,548.16125,43.71249999999998,26.0,,2,0.75,0,,0.75,,-0.5633349691902615,-0.7644164849328048,,-1.3151477727398646,,0.26,1,179,41,68,Siphon,,0.0,12689.218464145208,85.79400168792864,1855445.7075589362,4.985049261716259,reconstruction,volume_observation_or_prediction_event
,PE_c9cfb48bef52c4a75551,,,,,,378,2018-07-09,2018,2,1,CT,OUT,False,TRUE,Siphon,"ISCO was located in the ditch, sampling both reps at the same time. Data from ISCO is not included in this spreadsheet. new sampling protocol, hail damage, tricky year",,,,False,0.34,0.75,MG/L,EPA300.0 [300OPHOS]_W,0.34,0.75,ALS_pre2023,False,2018-05-18,2018-09-04,2018,dry beans,silage corn,1703.66625,158.76250000000005,0.0,,2,0.75,0,,0.75,,1.7239145010096504,0.6441902948862781,,-0.8192234335968713,,1e-06,1,190,52,57,Siphon,,0.0,17695.358178076134,120.03319938248109,2587397.2871189844,4.985049261716259,reconstruction,volume_observation_or_prediction_event
,PE_08df247806dd591be23c,,,,,,379,2018-07-09,2018,2,1,MT,OUT,False,TRUE,Siphon,"ISCO was located in the ditch, sampling both reps at the same time. Data from ISCO is not included in this spreadsheet. new sampling protocol, hail damage, tricky year",,,,False,0.34,0.75,MG/L,EPA300.0 [300OPHOS]_W,0.34,0.75,ALS_pre2023,False,2018-05-18,2018-09-04,2018,dry beans,silage corn,557.7,43.71250000000009,18.0,,2,0.75,0,,0.75,,-0.5633349691902593,-0.7527883674248759,,-0.8192234335968713,,0.18,1,190,52,57,Siphon,,0.0,15339.59772763297,103.92111454408253,2242959.720191192,4.985049261716259,reconstruction,volume_observation_or_prediction_event
,PE_4edaba34635a2216dfc3,,,,,,380,2018-07-09,2018,2,1,ST,OUT,False,TRUE,Siphon,"ISCO was located in the ditch, sampling both reps at the same time. Data from ISCO is not included in this spreadsheet. new sampling protocol, hail damage, tricky year",,,,False,0.34,0.75,MG/L,EPA300.0 [300OPHOS]_W,0.34,0.75,ALS_pre2023,False,2018-05-18,2018-09-04,2018,dry beans,silage corn,548.16125,43.71249999999998,16.0,,2,0.75,0,,0.75,,-0.5633349691902615,-0.7644164849328048,,-0.8192234335968713,,0.16,1,190,52,57,Siphon,,0.0,14364.085092882478,97.2491533397619,2100329.259459256,4.985049261716259,reconstruction,volume_observation_or_prediction_event
,PE_02198f264bcc3fc3d8a7,,,,,,381,2018-07-09,2018,2,2,CT,OUT,False,TRUE,Siphon,"ISCO was located in the ditch, sampling both reps at the same time. Data from ISCO is not included in this spreadsheet. new sampling protocol, hail damage, tricky year",,,,False,0.34,0.75,MG/L,EPA300.0 [300OPHOS]_W,0.34,0.75,ALS_pre2023,False,2018-05-18,2018-09-04,2018,dry beans,silage corn,1703.66625,158.76250000000005,2.0,,2,0.75,0,,0.75,,1.7239145010096504,0.6441902948862781,,-0.8192234335968713,,0.02,1,190,52,57,Siphon,,0.0,16748.937001884606,113.56020749538736,2449020.3111598943,4.985049261716259,reconstruction,volume_observation_or_prediction_event
,PE_dde4cf3b7fefb368f4f3,,,,,,382,2018-07-09,2018,2,2,MT,OUT,False,TRUE,Siphon,"ISCO was located in the ditch, sampling both reps at the same time. Data from ISCO is not included in this spreadsheet. new sampling protocol, hail damage, tricky year",,,,False,0.34,0.75,MG/L,EPA300.0 [300OPHOS]_W,0.34,0.75,ALS_pre2023,False,2018-05-18,2018-09-04,2018,dry beans,silage corn,557.7,43.71250000000009,21.0,,2,0.75,0,,0.75,,-0.5633349691902593,-0.7527883674248759,,-0.8192234335968713,,0.21,1,190,52,57,Siphon,,0.0,14818.771310433931,100.3589529421202,2166809.2848198833,4.985049261716259,reconstruction,volume_observation_or_prediction_event
,PE_1e3eeb1bff9c245367c0,,,,,,383,2018-07-09,2018,2,2,ST,OUT,False,TRUE,Siphon,"ISCO was located in the ditch, sampling both reps at the same time. Data from ISCO is not included in this spreadsheet. new sampling protocol, hail damage, tricky year",,,,False,0.34,0.75,MG/L,EPA300.0 [300OPHOS]_W,0.34,0.75,ALS_pre2023,False,2018-05-18,2018-09-04,2018,dry beans,silage corn,548.16125,43.71249999999998,26.0,,2,0.75,0,,0.75,,-0.5633349691902615,-0.7644164849328048,,-0.8192234335968713,,0.26,1,190,52,57,Siphon,,0.0,12803.482480334815,86.5755036961132,1872152.3381997312,4.985049261716259,reconstruction,volume_observation_or_prediction_event
,PE_91360ab43bfb234393aa,,,,,,384,2018-07-23,2018,3,1,CT,OUT,False,TRUE,Siphon,"ISCO was located in the ditch, sampling both reps at the same time. Data from ISCO is not included in this spreadsheet. new sampling protocol, hail damage, tricky year",,,,False,0.34,0.75,MG/L,EPA300.0 [300OPHOS]_W,0.34,0.75,ALS_pre2023,False,2018-05-18,2018-09-04,2018,dry beans,silage corn,1718.29125,173.38750000000005,0.0,,2,0.75,0,,0.75,,2.014666552306249,0.6620187544384688,,-0.3232990944538781,,1e-06,1,204,66,43,Siphon,,0.0,17153.729599438553,116.32876262267885,2508205.351551261,4.985049261716259,reconstruction,volume_observation_or_prediction_event
,PE_e9207c007cb194fc56ba,,,,,,385,2018-07-23,2018,3,1,MT,OUT,False,TRUE,Siphon,"ISCO was located in the ditch, sampling both reps at the same time. Data from ISCO is not included in this spreadsheet. new sampling protocol, hail damage, tricky year",,,,False,0.34,0.75,MG/L,EPA300.0 [300OPHOS]_W,0.34,0.75,ALS_pre2023,False,2018-05-18,2018-09-04,2018,dry beans,silage corn,572.325,58.33750000000009,18.0,,2,0.75,0,,0.75,,-0.2725829178936604,-0.7349599078726853,,-0.3232990944538781,,0.18,1,204,66,43,Siphon,,0.0,15398.029317836146,104.32075396345515,2251503.0484220046,4.985049261716259,reconstruction,volume_observation_or_prediction_event
,PE_65e6c66d5c76fd6fd553,,,,,,386,2018-07-23,2018,3,1,ST,OUT,False,TRUE,Siphon,"ISCO was located in the ditch, sampling both reps at the same time. Data from ISCO is not included in this spreadsheet. new sampling protocol, hail damage, tricky year",,,,False,0.34,0.75,MG/L,EPA300.0 [300OPHOS]_W,0.34,0.75,ALS_pre2023,False,2018-05-18,2018-09-04,2018,dry beans,silage corn,562.78625,58.33749999999998,16.0,,2,0.75,0,,0.75,,-0.2725829178936627,-0.7465880253806141,,-0.3232990944538781,,0.16,1,204,66,43,Siphon,,0.0,15775.113803087932,106.89980108875928,2306636.864172206,4.985049261716259,reconstruction,volume_observation_or_prediction_event
,PE_4349259fdd70203cc0e9,,,,,,387,2018-07-23,2018,3,2,CT,OUT,False,TRUE,Siphon,"ISCO was located in the ditch, sampling both reps at the same time. Data from ISCO is not included in this spreadsheet. new sampling protocol, hail damage, tricky year",,,,False,0.34,0.75,MG/L,EPA300.0 [300OPHOS]_W,0.34,0.75,ALS_pre2023,False,2018-05-18,2018-09-04,2018,dry beans,silage corn,1718.29125,173.38750000000005,2.0,,2,0.75,0,,0.75,,2.014666552306249,0.6620187544384688,,-0.3232990944538781,,0.02,1,204,66,43,Siphon,,0.0,17064.98212053163,115.72177946822723,2495229.5136642097,4.985049261716259,reconstruction,volume_observation_or_prediction_event
,PE_9e33ecbed1c1b69520da,,,,,,388,2018-07-23,2018,3,2,MT,OUT,False,TRUE,Siphon,"ISCO was located in the ditch, sampling both reps at the same time. Data from ISCO is not included in this spreadsheet. new sampling protocol, hail damage, tricky year",,,,False,0.34,0.75,MG/L,EPA300.0 [300OPHOS]_W,0.34,0.75,ALS_pre2023,False,2018-05-18,2018-09-04,2018,dry beans,silage corn,572.325,58.33750000000009,21.0,,2,0.75,0,,0.75,,-0.2725829178936604,-0.7349599078726853,,-0.3232990944538781,,0.21,1,204,66,43,Siphon,,0.0,14856.876032586286,100.6195679447818,2172380.605870013,4.985049261716259,reconstruction,volume_observation_or_prediction_event
,PE_dc73bcb2ec51d388f28a,,,,,,389,2018-07-23,2018,3,2,ST,OUT,False,TRUE,Siphon,"ISCO was located in the ditch, sampling both reps at the same time. Data from ISCO is not included in this spreadsheet. new sampling protocol, hail damage, tricky year",,,,False,0.34,0.75,MG/L,EPA300.0 [300OPHOS]_W,0.34,0.75,ALS_pre2023,False,2018-05-18,2018-09-04,2018,dry beans,silage corn,562.78625,58.33749999999998,26.0,,2,0.75,0,,0.75,,-0.2725829178936627,-0.7465880253806141,,-0.3232990944538781,,0.26,1,204,66,43,Siphon,,0.0,14196.554602475342,96.10333841874542,2075834.4962114915,4.985049261716259,reconstruction,volume_observation_or_prediction_event
,PE_c2a418837d4d6ba452fe,,,,,,390,2018-09-18,2018,4,1,CT,OUT,False,TRUE,Siphon,"ISCO was located in the ditch, sampling both reps at the same time. Data from ISCO is not included in this spreadsheet. new sampling protocol, hail damage, tricky year",,,,False,0.34,0.75,MG/L,EPA300.0 [300OPHOS]_W,0.34,0.75,ALS_pre2023,False,2018-09-15,2019-08-02,2018,winter wheat,dry beans,1776.98625,232.0825,0.0,,2,0.75,0,,0.75,,3.1815514515099315,0.7335703054412607,,0.1726252446891151,,1e-06,1,261,3,318,Siphon,,0.0,16386.65747031302,111.08241797871617,2396051.1391972764,4.985049261716259,reconstruction,volume_observation_or_prediction_event
,PE_8f7850d684c5c1fb8d5c,,,,,,391,2018-09-18,2018,4,1,MT,OUT,False,TRUE,Siphon,"ISCO was located in the ditch, sampling both reps at the same time. Data from ISCO is not included in this spreadsheet. new sampling protocol, hail damage, tricky year",,,,False,0.34,0.75,MG/L,EPA300.0 [300OPHOS]_W,0.34,0.75,ALS_pre2023,False,2018-09-15,2019-08-02,2018,winter wheat,dry beans,631.02,117.03250000000004,18.0,,2,0.75,0,,0.75,,0.8943019813100217,-0.6634083568698934,,0.1726252446891151,,0.18,1,261,3,318,Siphon,,0.0,16089.46327614635,109.04977579347526,2352598.1450167447,4.985049261716259,reconstruction,volume_observation_or_prediction_event
,PE_289956fc0ccefdfe96d9,,,,,,392,2018-09-18,2018,4,1,ST,OUT,False,TRUE,Siphon,"ISCO was located in the ditch, sampling both reps at the same time. Data from ISCO is not included in this spreadsheet. new sampling protocol, hail damage, tricky year",,,,False,0.34,0.75,MG/L,EPA300.0 [300OPHOS]_W,0.34,0.75,ALS_pre2023,False,2018-09-15,2019-08-02,2018,winter wheat,dry beans,621.48125,117.03250000000004,16.0,,2,0.75,0,,0.75,,0.8943019813100217,-0.6750364743778221,,0.1726252446891151,,0.16,1,261,3,318,Siphon,,0.0,15935.586418101002,107.99734408675123,2330099.6899715117,4.985049261716259,reconstruction,volume_observation_or_prediction_event
,PE_bd126ebff6118221f51d,,,,,,393,2018-09-18,2018,4,2,CT,OUT,False,TRUE,Siphon,"ISCO was located in the ditch, sampling both reps at the same time. Data from ISCO is not included in this spreadsheet. new sampling protocol, hail damage, tricky year",,,,False,0.34,0.75,MG/L,EPA300.0 [300OPHOS]_W,0.34,0.75,ALS_pre2023,False,2018-09-15,2019-08-02,2018,winter wheat,dry beans,1776.98625,232.0825,2.0,,2,0.75,0,,0.75,,3.1815514515099315,0.7335703054412607,,0.1726252446891151,,0.02,1,261,3,318,Siphon,,0.0,13717.529391940532,92.827073707528,2005795.8477645982,4.985049261716259,reconstruction,volume_observation_or_prediction_event
,PE_763fc607233a5e047b18,,,,,,394,2018-09-18,2018,4,2,MT,OUT,False,TRUE,Siphon,"ISCO was located in the ditch, sampling both reps at the same time. Data from ISCO is not included in this spreadsheet. new sampling protocol, hail damage, tricky year",,,,False,0.34,0.75,MG/L,EPA300.0 [300OPHOS]_W,0.34,0.75,ALS_pre2023,False,2018-09-15,2019-08-02,2018,winter wheat,dry beans,631.02,117.03250000000004,21.0,,2,0.75,0,,0.75,,0.8943019813100217,-0.6634083568698934,,0.1726252446891151,,0.21,1,261,3,318,Siphon,,0.0,12675.874919139538,85.70273929784314,1853494.7374698173,4.985049261716259,reconstruction,volume_observation_or_prediction_event
,PE_b5e019e337e33b284690,,,,,,395,2018-09-18,2018,4,2,ST,OUT,False,TRUE,Siphon,"ISCO was located in the ditch, sampling both reps at the same time. Data from ISCO is not included in this spreadsheet. new sampling protocol, hail damage, tricky year",,,,False,0.34,0.75,MG/L,EPA300.0 [300OPHOS]_W,0.34,0.75,ALS_pre2023,False,2018-09-15,2019-08-02,2018,winter wheat,dry beans,621.48125,117.03250000000004,26.0,,2,0.75,0,,0.75,,0.8943019813100217,-0.6750364743778221,,0.1726252446891151,,0.26,1,261,3,318,Siphon,,0.0,11453.539960848859,77.34265135035471,1674776.1929228855,4.985049261716259,reconstruction,volume_observation_or_prediction_event
,PE_a22b05f71fbe776e112e,,,,,,396,2018-09-23,2018,5,1,CT,OUT,False,TRUE,Siphon,"ISCO was located in the ditch, sampling both reps at the same time. Data from ISCO is not included in this spreadsheet. new sampling protocol, hail damage, tricky year",,,,False,0.34,0.75,MG/L,EPA300.0 [300OPHOS]_W,0.34,0.75,ALS_pre2023,False,2018-09-15,2019-08-02,2018,winter wheat,dry beans,1776.98625,232.0825,0.0,,2,0.75,0,,0.75,,3.1815514515099315,0.7335703054412607,,0.6685495838321084,,1e-06,1,266,8,313,Siphon,,0.0,18345.802669458917,124.48187616787192,2682499.2818873087,4.985049261716259,reconstruction,volume_observation_or_prediction_event
,PE_2a3fa65b40c3b5644984,,,,,,397,2018-09-23,2018,5,1,MT,OUT,False,TRUE,Siphon,"ISCO was located in the ditch, sampling both reps at the same time. Data from ISCO is not included in this spreadsheet. new sampling protocol, hail damage, tricky year",,,,False,0.34,0.75,MG/L,EPA300.0 [300OPHOS]_W,0.34,0.75,ALS_pre2023,False,2018-09-15,2019-08-02,2018,winter wheat,dry beans,631.02,117.03250000000004,18.0,,2,0.75,0,,0.75,,0.8943019813100217,-0.6634083568698934,,0.6685495838321084,,0.18,1,266,8,313,Siphon,,0.0,17014.46653751372,115.37628111371814,2487843.590998196,4.985049261716259,reconstruction,volume_observation_or_prediction_event
,PE_f1215aabc4a23c2827df,,,,,,398,2018-09-23,2018,5,1,ST,OUT,False,TRUE,Siphon,"ISCO was located in the ditch, sampling both reps at the same time. Data from ISCO is not included in this spreadsheet. new sampling protocol, hail damage, tricky year",,,,False,0.34,0.75,MG/L,EPA300.0 [300OPHOS]_W,0.34,0.75,ALS_pre2023,False,2018-09-15,2019-08-02,2018,winter wheat,dry beans,621.48125,117.03250000000004,16.0,,2,0.75,0,,0.75,,0.8943019813100217,-0.6750364743778221,,0.6685495838321084,,0.16,1,266,8,313,Siphon,,0.0,16866.4173544339,114.36370744665071,2466197.2048403556,4.985049261716259,reconstruction,volume_observation_or_prediction_event
,PE_7a5ff50b620885c91e0f,,,,,,399,2018-09-23,2018,5,2,CT,OUT,False,TRUE,Siphon,"ISCO was located in the ditch, sampling both reps at the same time. Data from ISCO is not included in this spreadsheet. new sampling protocol, hail damage, tricky year",,,,False,0.34,0.75,MG/L,EPA300.0 [300OPHOS]_W,0.34,0.75,ALS_pre2023,False,2018-09-15,2019-08-02,2018,winter wheat,dry beans,1776.98625,232.0825,2.0,,2,0.75,0,,0.75,,3.1815514515099315,0.7335703054412607,,0.6685495838321084,,0.02,1,266,8,313,Siphon,,0.0,17058.391172944375,115.67670107043372,2494265.846093394,4.985049261716259,reconstruction,volume_observation_or_prediction_event
,PE_4fb6372384286f9eb57d,,,,,,400,2018-09-23,2018,5,2,MT,OUT,False,TRUE,Siphon,"ISCO was located in the ditch, sampling both reps at the same time. Data from ISCO is not included in this spreadsheet. new sampling protocol, hail damage, tricky year",,,,False,0.34,0.75,MG/L,EPA300.0 [300OPHOS]_W,0.34,0.75,ALS_pre2023,False,2018-09-15,2019-08-02,2018,winter wheat,dry beans,631.02,117.03250000000004,21.0,,2,0.75,0,,0.75,,0.8943019813100217,-0.6634083568698934,,0.6685495838321084,,0.21,1,266,8,313,Siphon,,0.0,14932.194214620777,101.13470221430626,2183392.935820838,4.985049261716259,reconstruction,volume_observation_or_prediction_event
,PE_206f96d41968bdbbcd12,,,,,,401,2018-09-23,2018,5,2,ST,OUT,False,TRUE,Siphon,"ISCO was located in the ditch, sampling both reps at the same time. Data from ISCO is not included in this spreadsheet. new sampling protocol, hail damage, tricky year",,,,False,0.34,0.75,MG/L,EPA300.0 [300OPHOS]_W,0.34,0.75,ALS_pre2023,False,2018-09-15,2019-08-02,2018,winter wheat,dry beans,621.48125,117.03250000000004,26.0,,2,0.75,0,,0.75,,0.8943019813100217,-0.6750364743778221,,0.6685495838321084,,0.26,1,266,8,313,Siphon,,0.0,13646.892038164273,92.3439536871588,1995467.9053524842,4.985049261716259,reconstruction,volume_observation_or_prediction_event
,PE_a0c26c7b7a24706770b0,,,,,,402,2019-06-27,2019,1,1,CT,OUT,False,TRUE,Siphon,There were no samples collected this year due to a lack of funding,,,,False,0.34,0.75,MG/L,EPA300.0 [300OPHOS]_W,0.34,0.75,ALS_pre2023,False,2018-09-15,2019-08-02,2018,winter wheat,dry beans,1776.98625,0.0,,,0,0.75,0,,0.75,,-1.432360544732317,0.7335703054412607,,-1.3151477727398646,,,1,178,285,36,Siphon,,0.0,20072.160858509982,136.28920131344108,2934911.454852841,4.985049261716259,reconstruction,volume_observation_or_prediction_event
,PE_04357ecb542a93ec3e9a,,,,,,403,2019-06-27,2019,1,1,MT,OUT,False,TRUE,Siphon,There were no samples collected this year due to a lack of funding,,,,False,0.34,0.75,MG/L,EPA300.0 [300OPHOS]_W,0.34,0.75,ALS_pre2023,False,2018-09-15,2019-08-02,2018,winter wheat,dry beans,631.02,0.0,,,0,0.75,0,,0.75,,-1.432360544732317,-0.6634083568698934,,-1.3151477727398646,,,1,178,285,36,Siphon,,0.0,16223.753653698011,109.9682469205739,2372232.845521631,4.985049261716259,reconstruction,volume_observation_or_prediction_event
,PE_88c669ad6de50c84d4bd,,,,,,404,2019-06-27,2019,1,1,ST,OUT,False,TRUE,Siphon,There were no samples collected this year due to a lack of funding,,,,False,0.34,0.75,MG/L,EPA300.0 [300OPHOS]_W,0.34,0.75,ALS_pre2023,False,2018-09-15,2019-08-02,2018,winter wheat,dry beans,621.48125,0.0,,,0,0.75,0,,0.75,,-1.432360544732317,-0.6750364743778221,,-1.3151477727398646,,,1,178,285,36,Siphon,,0.0,17036.049330744507,115.52389535671922,2490999.227975852,4.985049261716259,reconstruction,volume_observation_or_prediction_event
,PE_b670fc470c411e8bdcdb,,,,,,405,2019-06-27,2019,1,2,CT,OUT,False,TRUE,Siphon,There were no samples collected this year due to a lack of funding,,,,False,0.34,0.75,MG/L,EPA300.0 [300OPHOS]_W,0.34,0.75,ALS_pre2023,False,2018-09-15,2019-08-02,2018,winter wheat,dry beans,1776.98625,0.0,,,0,0.75,0,,0.75,,-1.432360544732317,0.7335703054412607,,-1.3151477727398646,,,1,178,285,36,Siphon,,0.0,19000.01263287184,128.95630667741364,2778151.8292485983,4.985049261716259,reconstruction,volume_observation_or_prediction_event
,PE_c68f4f2e7e708d86c4bb,,,,,,406,2019-06-27,2019,1,2,MT,OUT,False,TRUE,Siphon,There were no samples collected this year due to a lack of funding,,,,False,0.34,0.75,MG/L,EPA300.0 [300OPHOS]_W,0.34,0.75,ALS_pre2023,False,2018-09-15,2019-08-02,2018,winter wheat,dry beans,631.02,0.0,,,0,0.75,0,,0.75,,-1.432360544732317,-0.6634083568698934,,-1.3151477727398646,,,1,178,285,36,Siphon,,0.0,13980.24181640488,94.62387985998491,2044207.2355893573,4.985049261716259,reconstruction,volume_observation_or_prediction_event
,PE_bda71d0ce5fd5da531bd,,,,,,407,2019-06-27,2019,1,2,ST,OUT,False,TRUE,Siphon,There were no samples collected this year due to a lack of funding,,,,False,0.34,0.75,MG/L,EPA300.0 [300OPHOS]_W,0.34,0.75,ALS_pre2023,False,2018-09-15,2019-08-02,2018,winter wheat,dry beans,621.48125,0.0,,,0,0.75,0,,0.75,,-1.432360544732317,-0.6750364743778221,,-1.3151477727398646,,,1,178,285,36,Siphon,,0.0,14342.497049297937,97.1015031872756,2097172.8548232964,4.985049261716259,reconstruction,volume_observation_or_prediction_event
,PE_95dc67b8ac58428b4b6e,,,,,,408,2020-06-22,2020,1,1,CT,OUT,False,FALSE,Siphon,The values reported are RAW (as given by ALS). These have NOT had the subtracted average of inflow from each rep,0.0,,77241.38,True,0.34,0.75,MG/L,EPA300.0 [300OPHOS]_W,0.34,0.75,ALS_pre2023,False,2020-04-28,2020-10-09,2020,grain corn,winter wheat,1972.01875,31.6875,0.0,0.0002222223333333,3,0.75,1,,0.75,-0.3885840286996418,-0.80239776692302,0.9713227182694746,,-1.3151477727398646,-0.7843448816509245,1e-06,1,174,55,109,Siphon,,0.0,18803.42256415534,127.61174048225953,2749408.242464067,4.985049261716259,reconstruction,volume_observation_or_prediction_event
,PE_1b1aad919a16b4a311f5,,,,,,409,2020-06-22,2020,1,1,MT,OUT,False,FALSE,Siphon,,0.0,,77241.38,True,0.34,0.75,MG/L,EPA300.0 [300OPHOS]_W,0.34,0.75,ALS_pre2023,False,2020-04-28,2020-10-09,2020,grain corn,winter wheat,690.82,37.94375000000002,56.0,0.077888889,3,0.75,1,,0.75,-0.3885840286996418,-0.6780205005350302,-0.5905097667009359,,-1.3151477727398646,-0.7843448816509245,0.56,1,174,55,109,Siphon,,0.0,14628.234432529483,99.05578718897135,2138950.739769991,4.985049261716259,reconstruction,volume_observation_or_prediction_event
,PE_40c463bb559396c44390,,,,,,410,2020-06-22,2020,1,1,ST,OUT,False,FALSE,Siphon,,0.0,,77241.38,True,0.34,0.75,MG/L,EPA300.0 [300OPHOS]_W,0.34,0.75,ALS_pre2023,False,2020-04-28,2020-10-09,2020,grain corn,winter wheat,671.53125,28.193750000000023,56.66666666666666,0.0766666666666666,3,0.75,1,,0.75,-0.3885840286996418,-0.8718552013994293,-0.6140235239103252,,-1.3151477727398646,-0.7843448816509245,0.5666666666666665,1,174,55,109,Siphon,,0.0,16934.351667948762,114.82834018237047,2476129.933634392,4.985049261716259,reconstruction,volume_observation_or_prediction_event
,PE_664e1dfd2f180e6f2368,,,,,,411,2020-06-23,2020,1,2,CT,OUT,False,FALSE,Siphon,,,,,False,0.34,0.75,MG/L,EPA300.0 [300OPHOS]_W,0.34,0.75,ALS_pre2023,False,2020-04-28,2020-10-09,2020,grain corn,winter wheat,1972.01875,31.6875,0.0,0.0,3,0.75,0,,0.75,,-0.80239776692302,0.9713227182694746,,-1.3151477727398646,,1e-06,1,175,56,108,Siphon,,0.0,18226.6404313187,123.66687305917834,2665076.4784070295,4.985049261716259,reconstruction,volume_observation_or_prediction_event
,PE_6c0f0e9a78fb5397686b,,,,,,412,2020-06-23,2020,1,2,MT,OUT,False,FALSE,Siphon,,,,,False,0.34,0.75,MG/L,EPA300.0 [300OPHOS]_W,0.34,0.75,ALS_pre2023,False,2020-04-28,2020-10-09,2020,grain corn,winter wheat,690.82,37.94375000000002,54.66666666666666,0.1206666666666666,3,0.75,0,,0.75,,-0.6780205005350302,-0.5905097667009359,,-1.3151477727398646,,0.5466666666666665,1,175,56,108,Siphon,,0.0,14913.856908026622,101.0092852859861,2180711.823967504,4.985049261716259,reconstruction,volume_observation_or_prediction_event
,PE_fcd2ed47519fa76a246f,,,,,,413,2020-06-23,2020,1,2,ST,OUT,False,FALSE,Siphon,,,,,False,0.34,0.75,MG/L,EPA300.0 [300OPHOS]_W,0.34,0.75,ALS_pre2023,False,2020-04-28,2020-10-09,2020,grain corn,winter wheat,671.53125,28.193750000000023,50.0,0.065777778,3,0.75,0,,0.75,,-0.8718552013994293,-0.6140235239103252,,-1.3151477727398646,,0.5,1,175,56,108,Siphon,,0.0,15236.021679968064,103.21271226706448,2227815.7857376756,4.985049261716259,reconstruction,volume_observation_or_prediction_event
,PE_7e7d3225f93e7b9c7502,,,,,,414,2020-07-06,2020,2,1,CT,OUT,False,TRUE,Siphon,"Outflow volume original value: 134134.165. Outflow volume is greater than inflow volume, so this value is likely wrong. AJ and Lauryn found ISCO data starting 7/6/2020, confirming that ISCOs were installed for irr. 2 and beyond (rep 1)",0.0,,88356.46,True,0.34,0.75,MG/L,EPA300.0 [300OPHOS]_W,0.34,0.75,ALS_pre2023,False,2020-04-28,2020-10-09,2020,grain corn,winter wheat,1972.01875,31.6875,0.0,0.0002222223333333,3,0.75,1,,0.75,-0.3885840286996418,-0.80239776692302,0.9713227182694746,,-0.8192234335968713,-0.4626849009170229,1e-06,1,188,69,95,Siphon,,0.0,21862.608310645683,148.53486119879915,3196694.1687996993,4.985049261716259,reconstruction,volume_observation_or_prediction_event
,PE_48b6b04ebf2279376a68,,,,,,416,2020-07-06,2020,2,1,MT,OUT,False,TRUE,Siphon,"AJ and Lauryn found ISCO data starting 7/6/2020, confirming that ISCOs were installed for irr. 2 and beyond (rep 1)",0.0,,88356.46,True,0.34,0.75,MG/L,EPA300.0 [300OPHOS]_W,0.34,0.75,ALS_pre2023,False,2020-04-28,2020-10-09,2020,grain corn,winter wheat,690.82,37.94375000000002,56.0,0.077888889,3,0.75,1,,0.75,-0.3885840286996418,-0.6780205005350302,-0.5905097667009359,,-0.8192234335968713,-0.4626849009170229,0.56,1,188,69,95,Siphon,,0.0,16649.22966598915,112.87826504463601,2434442.0240618903,4.985049261716259,reconstruction,volume_observation_or_prediction_event
,PE_5c291c592479abb2a436,,,,,,420,2020-07-07,2020,2,2,CT,OUT,,,Siphon,,,,,False,0.34,0.75,MG/L,EPA300.0 [300OPHOS]_W,0.34,0.75,ALS_pre2023,False,2020-04-28,2020-10-09,2020,grain corn,winter wheat,1972.01875,31.6875,0.0,0.0,3,0.75,0,,0.75,,-0.80239776692302,0.9713227182694746,,-0.8192234335968713,,1e-06,1,189,70,94,Siphon,,0.0,21861.579428083754,148.5278242171216,3196543.7350804233,4.985049261716259,reconstruction,volume_observation_or_prediction_event
,PE_0ffe3df5d60bfde99c62,,,,,,421,2020-07-07,2020,2,2,MT,OUT,,,Siphon,,,,,False,0.34,0.75,MG/L,EPA300.0 [300OPHOS]_W,0.34,0.75,ALS_pre2023,False,2020-04-28,2020-10-09,2020,grain corn,winter wheat,690.82,37.94375000000002,54.66666666666666,0.1206666666666666,3,0.75,0,,0.75,,-0.6780205005350302,-0.5905097667009359,,-0.8192234335968713,,0.5466666666666665,1,189,70,94,Siphon,,0.0,16172.11576235376,109.61507260437462,2364682.8292826926,4.985049261716259,reconstruction,volume_observation_or_prediction_event
,PE_3394d7e939f06ba1bd70,,,,,,422,2020-07-07,2020,2,2,ST,OUT,,,Siphon,,,,,False,0.34,0.75,MG/L,EPA300.0 [300OPHOS]_W,0.34,0.75,ALS_pre2023,False,2020-04-28,2020-10-09,2020,grain corn,winter wheat,671.53125,28.193750000000023,50.0,0.065777778,3,0.75,0,,0.75,,-0.8718552013994293,-0.6140235239103252,,-0.8192234335968713,,0.5,1,189,70,94,Siphon,,0.0,14480.491155819329,98.0453057505003,2117349.080420284,4.985049261716259,reconstruction,volume_observation_or_prediction_event
,PE_7ef6e7927dc9a5ea445c,,,,,,425,2020-07-13,2020,3,1,MT,OUT,False,TRUE,Siphon,,0.0,,,True,0.34,0.75,MG/L,EPA300.0 [300OPHOS]_W,0.34,0.75,ALS_pre2023,False,2020-04-28,2020-10-09,2020,grain corn,winter wheat,690.82,37.94375000000002,56.0,0.077888889,3,0.75,1,,0.75,-0.3885840286996418,-0.6780205005350302,-0.5905097667009359,,-0.3232990944538781,,0.56,1,195,76,88,Siphon,,0.0,15760.779406910091,106.80176183044627,2304541.0209628735,4.985049261716259,reconstruction,volume_observation_or_prediction_event
,PE_43b24b0c3417793a5e1d,,,,,,426,2020-07-13,2020,3,2,MT,OUT,False,TRUE,Siphon,ORIGINAL SAMPLE ID: MT2-03-OT-D,0.0,,,True,0.34,0.75,MG/L,EPA300.0 [300OPHOS]_W,0.34,0.75,ALS_pre2023,False,2020-04-28,2020-10-09,2020,grain corn,winter wheat,690.82,37.94375000000002,54.66666666666666,0.1206666666666666,3,0.75,1,,0.75,-0.3885840286996418,-0.6780205005350302,-0.5905097667009359,,-0.3232990944538781,,0.5466666666666665,1,195,76,88,Siphon,,0.0,15547.721208199204,105.34456283022516,2273389.616088838,4.985049261716259,reconstruction,volume_observation_or_prediction_event
,PE_df3b342831cab17d4a59,,,,,,429,2020-07-14,2020,3,2,CT,OUT,,,Siphon,,,,,False,0.34,0.75,MG/L,EPA300.0 [300OPHOS]_W,0.34,0.75,ALS_pre2023,False,2020-04-28,2020-10-09,2020,grain corn,winter wheat,1972.01875,31.6875,0.0,0.0,3,0.75,0,,0.75,,-0.80239776692302,0.9713227182694746,,-0.3232990944538781,,1e-06,1,196,77,87,Siphon,,0.0,19185.79891939868,130.22698104066154,2805315.7866398585,4.985049261716259,reconstruction,volume_observation_or_prediction_event
,PE_dcd6bd3f4a071ef1c486,,,,,,430,2020-07-14,2020,3,2,MT,OUT,,,Siphon,,,,,False,0.34,0.75,MG/L,EPA300.0 [300OPHOS]_W,0.34,0.75,ALS_pre2023,False,2020-04-28,2020-10-09,2020,grain corn,winter wheat,690.82,37.94375000000002,54.66666666666666,0.1206666666666666,3,0.75,0,,0.75,,-0.6780205005350302,-0.5905097667009359,,-0.3232990944538781,,0.5466666666666665,1,196,77,87,Siphon,,0.0,15428.323997794962,104.52795264257243,2255932.457131157,4.985049261716259,reconstruction,volume_observation_or_prediction_event
,PE_69bb7ad6ec16512082b8,,,,,,431,2020-07-14,2020,3,2,ST,OUT,,,Siphon,,,,,False,0.34,0.75,MG/L,EPA300.0 [300OPHOS]_W,0.34,0.75,ALS_pre2023,False,2020-04-28,2020-10-09,2020,grain corn,winter wheat,671.53125,28.193750000000023,50.0,0.065777778,3,0.75,0,,0.75,,-0.8718552013994293,-0.6140235239103252,,-0.3232990944538781,,0.5,1,196,77,87,Siphon,,0.0,15699.597093883827,106.38330900435218,2295595.507409568,4.985049261716259,reconstruction,volume_observation_or_prediction_event
,PE_c1645838ae74ed5feb11,,,,,,432,2020-07-22,2020,4,1,CT,OUT,False,TRUE,Siphon,,0.0,,111586.72,True,0.34,0.75,MG/L,EPA300.0 [300OPHOS]_W,0.34,0.75,ALS_pre2023,False,2020-04-28,2020-10-09,2020,grain corn,winter wheat,1972.01875,31.6875,0.0,0.0002222223333333,3,0.75,1,,0.75,-0.3885840286996418,-0.80239776692302,0.9713227182694746,,0.1726252446891151,0.2095770156902818,1e-06,1,204,85,79,Siphon,,0.0,16946.04939288966,114.90834608306744,2477840.2670923104,4.985049261716259,reconstruction,volume_observation_or_prediction_event
,PE_8858bb3dbca6b7717f56,,,,,,434,2020-07-22,2020,4,1,MT,OUT,False,TRUE,Siphon,,0.0,,111586.72,True,0.34,0.75,MG/L,EPA300.0 [300OPHOS]_W,0.34,0.75,ALS_pre2023,False,2020-04-28,2020-10-09,2020,grain corn,winter wheat,690.82,37.94375000000002,56.0,0.077888889,3,0.75,1,,0.75,-0.3885840286996418,-0.6780205005350302,-0.5905097667009359,,0.1726252446891151,0.2095770156902818,0.56,1,204,85,79,Siphon,,0.0,14650.44538089936,99.20769766204573,2142198.2197988876,4.985049261716259,reconstruction,volume_observation_or_prediction_event
,PE_0f5e55ad389859a7577a,,,,,,438,2020-07-23,2020,4,2,CT,OUT,,,Siphon,,,,,False,0.34,0.75,MG/L,EPA300.0 [300OPHOS]_W,0.34,0.75,ALS_pre2023,False,2020-04-28,2020-10-09,2020,grain corn,winter wheat,1972.01875,31.6875,0.0,0.0,3,0.75,0,,0.75,,-0.80239776692302,0.9713227182694746,,0.1726252446891151,,1e-06,1,205,86,78,Siphon,,0.0,17746.40749097812,120.38234815109378,2594861.2468462936,4.985049261716259,reconstruction,volume_observation_or_prediction_event
,PE_6dcb58ab41076c9a358e,,,,,,439,2020-07-23,2020,4,2,MT,OUT,,,Siphon,,,,,False,0.34,0.75,MG/L,EPA300.0 [300OPHOS]_W,0.34,0.75,ALS_pre2023,False,2020-04-28,2020-10-09,2020,grain corn,winter wheat,690.82,37.94375000000002,54.66666666666666,0.1206666666666666,3,0.75,0,,0.75,,-0.6780205005350302,-0.5905097667009359,,0.1726252446891151,,0.5466666666666665,1,205,86,78,Siphon,,0.0,14461.737880538869,97.91704382885213,2114607.149461933,4.985049261716259,reconstruction,volume_observation_or_prediction_event
,PE_126bce7eddf7cb66b2be,,,,,,440,2020-07-23,2020,4,2,ST,OUT,,,Siphon,,,,,False,0.34,0.75,MG/L,EPA300.0 [300OPHOS]_W,0.34,0.75,ALS_pre2023,False,2020-04-28,2020-10-09,2020,grain corn,winter wheat,671.53125,28.193750000000023,50.0,0.065777778,3,0.75,0,,0.75,,-0.8718552013994293,-0.6140235239103252,,0.1726252446891151,,0.5,1,205,86,78,Siphon,,0.0,14100.43582937352,95.44593973184243,2061780.8956694466,4.985049261716259,reconstruction,volume_observation_or_prediction_event
,PE_5f4b2554c9ed26e20c35,,,,,,441,2020-08-02,2020,5,1,CT,OUT,False,TRUE,Siphon,,0.0,,,True,0.34,0.75,MG/L,EPA300.0 [300OPHOS]_W,0.34,0.75,ALS_pre2023,False,2020-04-28,2020-10-09,2020,grain corn,winter wheat,1972.01875,31.6875,0.0,0.0002222223333333,3,0.75,1,,0.75,-0.3885840286996418,-0.80239776692302,0.9713227182694746,,0.6685495838321084,,1e-06,1,215,96,68,Siphon,,0.0,18803.064193040907,127.6092894241317,2749355.844744813,4.985049261716259,reconstruction,volume_observation_or_prediction_event
,PE_4464e27871969728a8a4,,,,,,443,2020-08-02,2020,5,1,MT,OUT,False,TRUE,Siphon,,0.0,,,True,0.34,0.75,MG/L,EPA300.0 [300OPHOS]_W,0.34,0.75,ALS_pre2023,False,2020-04-28,2020-10-09,2020,grain corn,winter wheat,690.82,37.94375000000002,56.0,0.077888889,3,0.75,1,,0.75,-0.3885840286996418,-0.6780205005350302,-0.5905097667009359,,0.6685495838321084,,0.56,1,215,96,68,Siphon,,0.0,13674.234697624537,92.53096219596043,1999465.6968495173,4.985049261716259,reconstruction,volume_observation_or_prediction_event
,PE_816211b6573a15fd707c,,,,,,447,2020-08-03,2020,5,2,CT,OUT,,,Siphon,,,,,False,0.34,0.75,MG/L,EPA300.0 [300OPHOS]_W,0.34,0.75,ALS_pre2023,False,2020-04-28,2020-10-09,2020,grain corn,winter wheat,1972.01875,31.6875,0.0,0.0,3,0.75,0,,0.75,,-0.80239776692302,0.9713227182694746,,0.6685495838321084,,1e-06,1,216,97,67,Siphon,,0.0,20247.53874661951,137.4886880488043,2960553.5922195734,4.985049261716259,reconstruction,volume_observation_or_prediction_event
,PE_e7d26804606cfa2ee163,,,,,,448,2020-08-03,2020,5,2,MT,OUT,,,Siphon,,,,,False,0.34,0.75,MG/L,EPA300.0 [300OPHOS]_W,0.34,0.75,ALS_pre2023,False,2020-04-28,2020-10-09,2020,grain corn,winter wheat,690.82,37.94375000000002,54.66666666666666,0.1206666666666666,3,0.75,0,,0.75,,-0.6780205005350302,-0.5905097667009359,,0.6685495838321084,,0.5466666666666665,1,216,97,67,Siphon,,0.0,13906.34303911816,94.118453525625,2033402.4379102092,4.985049261716259,reconstruction,volume_observation_or_prediction_event
,PE_e8ca26f94f5c6d5efe38,,,,,,449,2020-08-03,2020,5,2,ST,OUT,,,Siphon,,,,,False,0.34,0.75,MG/L,EPA300.0 [300OPHOS]_W,0.34,0.75,ALS_pre2023,False,2020-04-28,2020-10-09,2020,grain corn,winter wheat,671.53125,28.193750000000023,50.0,0.065777778,3,0.75,0,,0.75,,-0.8718552013994293,-0.6140235239103252,,0.6685495838321084,,0.5,1,216,97,67,Siphon,,0.0,13330.656665573733,90.18108048367887,1949230.8856711756,4.985049261716259,reconstruction,volume_observation_or_prediction_event
,PE_6880aa04f144ffdfc8da,,,,,,450,2020-08-18,2020,6,1,CT,OUT,False,TRUE,Siphon,,0.0,,129646.3,True,0.34,0.75,MG/L,EPA300.0 [300OPHOS]_W,0.34,0.75,ALS_pre2023,False,2020-04-28,2020-10-09,2020,grain corn,winter wheat,1972.01875,31.6875,0.0,0.0002222223333333,3,0.75,1,,0.75,-0.3885840286996418,-0.80239776692302,0.9713227182694746,,1.1644739229751015,0.7322043071593809,1e-06,1,231,112,52,Siphon,,0.0,16392.134848261172,111.1198801825561,2396851.9908854226,4.985049261716259,reconstruction,volume_observation_or_prediction_event
,PE_fa10c6e318bc10ef7cba,,,,,,452,2020-08-18,2020,6,1,MT,OUT,False,TRUE,Siphon,,0.0,,129646.3,True,0.34,0.75,MG/L,EPA300.0 [300OPHOS]_W,0.34,0.75,ALS_pre2023,False,2020-04-28,2020-10-09,2020,grain corn,winter wheat,690.82,37.94375000000002,56.0,0.077888889,3,0.75,1,,0.75,-0.3885840286996418,-0.6780205005350302,-0.5905097667009359,,1.1644739229751015,0.7322043071593809,0.56,1,231,112,52,Siphon,,0.0,11075.205718351166,74.7550565839822,1619459.6491941458,4.985049261716259,reconstruction,volume_observation_or_prediction_event
,PE_f84da9c5e4102d092011,,,,,,456,2020-08-19,2020,6,2,CT,OUT,,,Siphon,,,,,False,0.34,0.75,MG/L,EPA300.0 [300OPHOS]_W,0.34,0.75,ALS_pre2023,False,2020-04-28,2020-10-09,2020,grain corn,winter wheat,1972.01875,31.6875,0.0,0.0,3,0.75,0,,0.75,,-0.80239776692302,0.9713227182694746,,1.1644739229751015,,1e-06,1,232,113,51,Siphon,,0.0,18287.19753247171,124.08104978549243,2673930.57924628,4.985049261716259,reconstruction,volume_observation_or_prediction_event
,PE_6c25ae6dd19809e43d63,,,,,,457,2020-08-19,2020,6,2,MT,OUT,,,Siphon,,,,,False,0.34,0.75,MG/L,EPA300.0 [300OPHOS]_W,0.34,0.75,ALS_pre2023,False,2020-04-28,2020-10-09,2020,grain corn,winter wheat,690.82,37.94375000000002,54.66666666666666,0.1206666666666666,3,0.75,0,,0.75,,-0.6780205005350302,-0.5905097667009359,,1.1644739229751015,,0.5466666666666665,1,232,113,51,Siphon,,0.0,10755.931799265994,72.57140142073308,1572778.3612675613,4.985049261716259,reconstruction,volume_observation_or_prediction_event
,PE_b7af4a4d789b5d4be841,,,,,,458,2020-08-19,2020,6,2,ST,OUT,,,Siphon,,,,,False,0.34,0.75,MG/L,EPA300.0 [300OPHOS]_W,0.34,0.75,ALS_pre2023,False,2020-04-28,2020-10-09,2020,grain corn,winter wheat,671.53125,28.193750000000023,50.0,0.065777778,3,0.75,0,,0.75,,-0.8718552013994293,-0.6140235239103252,,1.1644739229751015,,0.5,1,232,113,51,Siphon,,0.0,11085.993330604782,74.82883782256327,1621036.9143684963,4.985049261716259,reconstruction,volume_observation_or_prediction_event
,PE_d0ced0ee8ffb70c84a88,,,,,,459,2020-08-25,2020,7,1,CT,OUT,False,TRUE,Siphon,,,,,False,0.34,0.75,MG/L,EPA300.0 [300OPHOS]_W,0.34,0.75,ALS_pre2023,False,2020-04-28,2020-10-09,2020,grain corn,winter wheat,1972.01875,31.6875,0.0,0.0002222223333333,3,0.75,0,,0.75,,-0.80239776692302,0.9713227182694746,,1.6603982621180948,,1e-06,1,238,119,45,Siphon,,0.0,15570.013730895933,105.49703122610305,2276649.023163483,4.985049261716259,reconstruction,volume_observation_or_prediction_event
,PE_cf16a8acd5f42fecbaef,,,,,,460,2020-08-26,2020,7,1,CT,OUT,False,TRUE,Siphon,,0.0,,,True,0.34,0.75,MG/L,EPA300.0 [300OPHOS]_W,0.34,0.75,ALS_pre2023,False,2020-04-28,2020-10-09,2020,grain corn,winter wheat,1972.01875,31.6875,0.0,0.0002222223333333,3,0.75,1,,0.75,-0.3885840286996418,-0.80239776692302,0.9713227182694746,,1.6603982621180948,,1e-06,1,239,120,44,Siphon,,0.0,15546.994313004137,105.33959127335514,2273283.336177248,4.985049261716259,reconstruction,volume_observation_or_prediction_event
,PE_1b5a3525913b127c8ab7,,,,,,461,2020-08-26,2020,7,1,MT,OUT,False,TRUE,Siphon,,0.0,,,True,0.34,0.75,MG/L,EPA300.0 [300OPHOS]_W,0.34,0.75,ALS_pre2023,False,2020-04-28,2020-10-09,2020,grain corn,winter wheat,690.82,37.94375000000002,56.0,0.077888889,3,0.75,1,,0.75,-0.3885840286996418,-0.6780205005350302,-0.5905097667009359,,1.6603982621180948,,0.56,1,239,120,44,Siphon,,0.0,8246.541811125571,55.40857640856323,1205878.5001949074,4.985049261716259,reconstruction,volume_observation_or_prediction_event
,PE_212ca3c7aca7732f44ca,,,,,,465,2020-08-27,2020,7,2,CT,OUT,,,Siphon,,,,,False,0.34,0.75,MG/L,EPA300.0 [300OPHOS]_W,0.34,0.75,ALS_pre2023,False,2020-04-28,2020-10-09,2020,grain corn,winter wheat,1972.01875,31.6875,0.0,0.0,3,0.75,0,,0.75,,-0.80239776692302,0.9713227182694746,,1.6603982621180948,,1e-06,1,240,121,43,Siphon,,0.0,15337.34706723533,103.90572128486451,2242630.6493846937,4.985049261716259,reconstruction,volume_observation_or_prediction_event
,PE_595e0683824a11b2a213,,,,,,466,2020-08-27,2020,7,2,MT,OUT,,,Siphon,,,,,False,0.34,0.75,MG/L,EPA300.0 [300OPHOS]_W,0.34,0.75,ALS_pre2023,False,2020-04-28,2020-10-09,2020,grain corn,winter wheat,690.82,37.94375000000002,54.66666666666666,0.1206666666666666,3,0.75,0,,0.75,,-0.6780205005350302,-0.5905097667009359,,1.6603982621180948,,0.5466666666666665,1,240,121,43,Siphon,,0.0,7539.723365107152,50.57433328106211,1102534.0256917933,4.985049261716259,reconstruction,volume_observation_or_prediction_event
,PE_6084f0283c9e4120a8e2,,,,,,467,2020-08-27,2020,7,2,ST,OUT,,,Siphon,,,,,False,0.34,0.75,MG/L,EPA300.0 [300OPHOS]_W,0.34,0.75,ALS_pre2023,False,2020-04-28,2020-10-09,2020,grain corn,winter wheat,671.53125,28.193750000000023,50.0,0.065777778,3,0.75,0,,0.75,,-0.8718552013994293,-0.6140235239103252,,1.6603982621180948,,0.5,1,240,121,43,Siphon,,0.0,7496.137296956139,50.276228935312844,1096161.272781768,4.985049261716259,reconstruction,volume_observation_or_prediction_event
,PE_f588e013989429dd5404,,,,,,498,2021-07-30,2021,3,2,CT,OUT,False,TRUE,Siphon,LC samplers were not installed until 8/11/21,0.0,,91364.22,True,0.34,0.75,MG/L,EPA300.0 [300OPHOS]_W,0.34,0.75,ALS_pre2023,False,2021-04-27,2021-10-22,2021,grain corn,grain corn,2218.32,203.62875000000008,4.0,0.000888889,3,0.75,1,,0.75,-0.3885840286996418,2.615877182820661,1.2715737865278682,,-0.3232990944538781,-0.3756431501017164,0.04,1,211,94,84,Siphon,,0.0,16692.18299177285,113.17204178623474,2440722.26321847,4.985049261716259,reconstruction,volume_observation_or_prediction_event
,PE_7aaef56a369d81ab57df,,,,,,500,2021-07-30,2021,3,2,MT,OUT,False,TRUE,Siphon,LC samplers were not installed until 8/11/21,0.0,,91364.22,True,0.34,0.75,MG/L,EPA300.0 [300OPHOS]_W,0.34,0.75,ALS_pre2023,False,2021-04-27,2021-10-22,2021,grain corn,grain corn,816.6275,83.1350000000001,82.66666666666667,0.047111111,3,0.75,1,,0.75,-0.3885840286996418,0.2204033379714617,-0.4371453957530912,,-0.3232990944538781,-0.3756431501017164,0.8266666666666667,1,211,94,84,Siphon,,0.0,12223.34286446747,82.60767296561077,1787329.673938523,4.985049261716259,reconstruction,volume_observation_or_prediction_event
,PE_f5f4fd0ff415ae1c9f29,,,,,,502,2021-07-30,2021,3,2,ST,OUT,False,TRUE,Siphon,LC samplers were not installed until 8/11/21,0.0,,91364.22,True,0.34,0.75,MG/L,EPA300.0 [300OPHOS]_W,0.34,0.75,ALS_pre2023,False,2021-04-27,2021-10-22,2021,grain corn,grain corn,805.62625,91.4225,69.33333333333333,0.0507777776666666,3,0.75,1,,0.75,-0.3885840286996418,0.3851628337061989,-0.4505563592162391,,-0.3232990944538781,-0.3756431501017164,0.6933333333333332,1,211,94,84,Siphon,,0.0,11437.200552343245,77.23089892832803,1672387.1953023276,4.985049261716259,reconstruction,volume_observation_or_prediction_event
,PE_511ca95cc391ef12eb88,,,,,,504,2021-08-12,2021,4,1,CT,OUT,False,TRUE,Siphon,,0.0,,77833.11,True,0.34,0.75,MG/L,EPA300.0 [300OPHOS]_W,0.34,0.75,ALS_pre2023,False,2021-04-27,2021-10-22,2021,grain corn,grain corn,2218.32,203.62875000000008,4.0,0.002111111,3,0.75,1,,0.75,-0.3885840286996418,2.615877182820661,1.2715737865278682,,0.1726252446891151,-0.7672207709472976,0.04,1,224,107,71,Siphon,,0.0,18068.825522089533,122.58750728334736,2642002.2378366017,4.985049261716259,reconstruction,volume_observation_or_prediction_event
,PE_599a6a689f4d324ba085,,,,,,506,2021-08-12,2021,4,1,MT,OUT,False,TRUE,Siphon,,0.0,,77833.11,True,0.34,0.75,MG/L,EPA300.0 [300OPHOS]_W,0.34,0.75,ALS_pre2023,False,2021-04-27,2021-10-22,2021,grain corn,grain corn,816.6275,83.1350000000001,77.66666666666667,0.0655555553333333,3,0.75,1,,0.75,-0.3885840286996418,0.2204033379714617,-0.4371453957530912,,0.1726252446891151,-0.7672207709472976,0.7766666666666667,1,224,107,71,Siphon,,0.0,10886.123330645081,73.46183873087057,1591813.7662869387,4.985049261716259,reconstruction,volume_observation_or_prediction_event
,PE_9a9ea33e2836b106dcbc,,,,,,513,2021-08-13,2021,4,2,CT,OUT,False,TRUE,Siphon,,0.0,,95239.69,True,0.34,0.75,MG/L,EPA300.0 [300OPHOS]_W,0.34,0.75,ALS_pre2023,False,2021-04-27,2021-10-22,2021,grain corn,grain corn,2218.32,203.62875000000008,4.0,0.000888889,3,0.75,1,,0.75,-0.3885840286996418,2.615877182820661,1.2715737865278682,,0.1726252446891151,-0.2634906864635947,0.04,1,225,108,70,Siphon,,0.0,16949.062496382645,114.92895402692552,2478280.8152965344,4.985049261716259,reconstruction,volume_observation_or_prediction_event
,PE_a79451d60619cbd15a9f,,,,,,515,2021-08-13,2021,4,2,MT,OUT,False,TRUE,Siphon,,0.0,,95239.69,True,0.34,0.75,MG/L,EPA300.0 [300OPHOS]_W,0.34,0.75,ALS_pre2023,False,2021-04-27,2021-10-22,2021,grain corn,grain corn,816.6275,83.1350000000001,82.66666666666667,0.047111111,3,0.75,1,,0.75,-0.3885840286996418,0.2204033379714617,-0.4371453957530912,,0.1726252446891151,-0.2634906864635947,0.8266666666666667,1,225,108,70,Siphon,,0.0,11098.367979696912,74.91347350611943,1622846.2214328356,4.985049261716259,reconstruction,volume_observation_or_prediction_event
,PE_67869687eef08eed8452,,,,,,517,2021-08-13,2021,4,2,ST,OUT,False,TRUE,Siphon,,0.0,,95239.69,True,0.34,0.75,MG/L,EPA300.0 [300OPHOS]_W,0.34,0.75,ALS_pre2023,False,2021-04-27,2021-10-22,2021,grain corn,grain corn,805.62625,91.4225,69.33333333333333,0.0507777776666666,3,0.75,1,,0.75,-0.3885840286996418,0.3851628337061989,-0.4505563592162391,,0.1726252446891151,-0.2634906864635947,0.6933333333333332,1,225,108,70,Siphon,,0.0,11630.612289751445,78.55372711371366,1700666.075795302,4.985049261716259,reconstruction,volume_observation_or_prediction_event
,PE_54f61acf47bafc136f0a,,,,,,519,2021-08-25,2021,5,1,CT,OUT,False,TRUE,Siphon,,0.0,,93309.74,True,0.34,0.75,MG/L,EPA300.0 [300OPHOS]_W,0.34,0.75,ALS_pre2023,False,2021-04-27,2021-10-22,2021,grain corn,grain corn,2218.32,203.62875000000008,4.0,0.002111111,3,0.75,1,,0.75,-0.3885840286996418,2.615877182820661,1.2715737865278682,,0.6685495838321084,-0.3193416276909536,0.04,1,237,120,58,Siphon,,0.0,18387.931830180984,124.77001608107778,2688659.019229486,4.985049261716259,reconstruction,volume_observation_or_prediction_event
,PE_5164d9263ded1b80b21c,,,,,,521,2021-08-25,2021,5,1,MT,OUT,False,TRUE,Siphon,,0.0,,93309.74,True,0.34,0.75,MG/L,EPA300.0 [300OPHOS]_W,0.34,0.75,ALS_pre2023,False,2021-04-27,2021-10-22,2021,grain corn,grain corn,816.6275,83.1350000000001,77.66666666666667,0.0655555553333333,3,0.75,1,,0.75,-0.3885840286996418,0.2204033379714617,-0.4371453957530912,,0.6685495838321084,-0.3193416276909536,0.7766666666666667,1,237,120,58,Siphon,,0.0,9806.10632573767,66.07512604252919,1433903.6403482123,4.985049261716259,reconstruction,volume_observation_or_prediction_event
,PE_5d2013ff659afaadd28d,,,,,,531,2021-08-26,2021,5,2,CT,OUT,False,TRUE,Siphon,,0.0,,86027.4,True,0.34,0.75,MG/L,EPA300.0 [300OPHOS]_W,0.34,0.75,ALS_pre2023,False,2021-04-27,2021-10-22,2021,grain corn,grain corn,2218.32,203.62875000000008,4.0,0.000888889,3,0.75,1,,0.75,-0.3885840286996418,2.615877182820661,1.2715737865278682,,0.6685495838321084,-0.530085710873236,0.04,1,238,121,57,Siphon,,0.0,18041.95359429743,122.4037183160624,2638073.2723827367,4.985049261716259,reconstruction,volume_observation_or_prediction_event
,PE_a743d0a7a66a9f7a524c,,,,,,535,2021-08-26,2021,5,2,ST,OUT,False,TRUE,Siphon,,0.0,,86027.4,True,0.34,0.75,MG/L,EPA300.0 [300OPHOS]_W,0.34,0.75,ALS_pre2023,False,2021-04-27,2021-10-22,2021,grain corn,grain corn,805.62625,91.4225,69.33333333333333,0.0507777776666666,3,0.75,1,,0.75,-0.3885840286996418,0.3851628337061989,-0.4505563592162391,,0.6685495838321084,-0.530085710873236,0.6933333333333332,1,238,121,57,Siphon,,0.0,10588.764408548761,71.42806989865787,1548336.687107746,4.985049261716259,reconstruction,volume_observation_or_prediction_event
,PE_499620f5780307ad0a99,,,,,,543,2021-09-09,2021,6,1,CT,OUT,False,TRUE,Siphon,,0.0,,88929.71,True,0.34,0.75,MG/L,EPA300.0 [300OPHOS]_W,0.34,0.75,ALS_pre2023,False,2021-04-27,2021-10-22,2021,grain corn,grain corn,2218.32,203.62875000000008,4.0,0.002111111,3,0.75,1,,0.75,-0.3885840286996418,2.615877182820661,1.2715737865278682,,1.1644739229751015,-0.4460955840649887,0.04,1,252,135,43,Siphon,,0.0,16174.721899196895,109.6328971238028,2365063.874576649,4.985049261716259,reconstruction,volume_observation_or_prediction_event
,PE_69d2fb68e63fdebcca2f,,,,,,545,2021-09-09,2021,6,1,MT,OUT,False,TRUE,Siphon,,0.0,,88929.71,True,0.34,0.75,MG/L,EPA300.0 [300OPHOS]_W,0.34,0.75,ALS_pre2023,False,2021-04-27,2021-10-22,2021,grain corn,grain corn,816.6275,83.1350000000001,77.66666666666667,0.0655555553333333,3,0.75,1,,0.75,-0.3885840286996418,0.2204033379714617,-0.4371453957530912,,1.1644739229751015,-0.4460955840649887,0.7766666666666667,1,252,135,43,Siphon,,0.0,7228.497346423972,48.44572125856335,1057029.4275397647,4.985049261716259,reconstruction,volume_observation_or_prediction_event
,PE_6d8a6f05aab24cb5a501,,,,,,547,2021-09-09,2021,6,1,ST,OUT,False,TRUE,Siphon,,0.0,,88929.71,True,0.34,0.75,MG/L,EPA300.0 [300OPHOS]_W,0.34,0.75,ALS_pre2023,False,2021-04-27,2021-10-22,2021,grain corn,grain corn,805.62625,91.4225,69.33333333333333,0.0672222223333333,3,0.75,1,,0.75,-0.3885840286996418,0.3851628337061989,-0.4505563592162391,,1.1644739229751015,-0.4460955840649887,0.6933333333333332,1,252,135,43,Siphon,,0.0,9252.685879479812,62.2900394987197,1352987.606648228,4.985049261716259,reconstruction,volume_observation_or_prediction_event
,PE_2e3e65dff423aefd2692,,,,,,553,2021-09-10,2021,6,2,CT,OUT,False,TRUE,Siphon,,0.0,,,True,0.34,0.75,MG/L,EPA300.0 [300OPHOS]_W,0.34,0.75,ALS_pre2023,False,2021-04-27,2021-10-22,2021,grain corn,grain corn,2218.32,203.62875000000008,4.0,0.000888889,3,0.75,1,,0.75,-0.3885840286996418,2.615877182820661,1.2715737865278682,,1.1644739229751015,,0.04,1,253,136,42,Siphon,,0.0,13887.04555407871,93.98646951338604,2030580.9376199045,4.985049261716259,reconstruction,volume_observation_or_prediction_event
,PE_2b2057379a2b4bc36b38,,,,,,555,2021-09-10,2021,6,2,MT,OUT,False,TRUE,Siphon,,0.0,,,True,0.34,0.75,MG/L,EPA300.0 [300OPHOS]_W,0.34,0.75,ALS_pre2023,False,2021-04-27,2021-10-22,2021,grain corn,grain corn,816.6275,83.1350000000001,82.66666666666667,0.047111111,3,0.75,1,,0.75,-0.3885840286996418,0.2204033379714617,-0.4371453957530912,,1.1644739229751015,,0.8266666666666667,1,253,136,42,Siphon,,0.0,5974.426120190966,39.86857497585891,873670.6985838593,4.985049261716259,reconstruction,volume_observation_or_prediction_event
,PE_11fa810ac9051d34743d,,,,,,557,2021-09-10,2021,6,2,ST,OUT,False,TRUE,Siphon,,0.0,,,True,0.34,0.75,MG/L,EPA300.0 [300OPHOS]_W,0.34,0.75,ALS_pre2023,False,2021-04-27,2021-10-22,2021,grain corn,grain corn,805.62625,91.4225,69.33333333333333,0.0507777776666666,3,0.75,1,,0.75,-0.3885840286996418,0.3851628337061989,-0.4505563592162391,,1.1644739229751015,,0.6933333333333332,1,253,136,42,Siphon,,0.0,6940.155185327265,46.47362203208921,1014870.6959963397,4.985049261716259,reconstruction,volume_observation_or_prediction_event
,PE_84145c2440dc77921749,,,,,,559,2022-06-17,2022,1,1,CT,OUT,True,FALSE,Siphon,,0.0,,89460.71,True,0.34,0.75,MG/L,EPA300.0 [300OPHOS]_W,0.34,0.75,ALS_pre2023,False,2022-04-29,2022-10-24,2022,grain corn,grain corn,2481.29375,76.61874999999964,5.666666666666667,0.0081666666666666,3,0.75,1,,0.75,-0.3885840286996418,0.090857146227079,1.5921492986757586,,-1.3151477727398646,-0.4307289425500646,0.0566666666666666,1,168,49,129,Siphon,,0.0,14594.313903262888,98.82378972708851,2133991.192814658,4.985049261716259,reconstruction,volume_observation_or_prediction_event
,PE_3417731fd169aa5474ae,,,,,,560,2022-06-17,2022,1,1,MT,OUT,True,FALSE,Siphon,,0.0,,89460.71,True,0.34,0.75,MG/L,EPA300.0 [300OPHOS]_W,0.34,0.75,ALS_pre2023,False,2022-04-29,2022-10-24,2022,grain corn,grain corn,947.81375,67.45375000000001,26.666666666666668,0.0781666666666666,3,0.75,1,,0.75,-0.3885840286996418,-0.0913474725854487,-0.2772241135699408,,-1.3151477727398646,-0.4307289425500646,0.2666666666666666,1,168,49,129,Siphon,,0.0,14343.351098023542,97.10734440322796,2097297.725951441,4.985049261716259,reconstruction,volume_observation_or_prediction_event
,PE_f3452ef09db96b88ce9a,,,,,,561,2022-06-17,2022,1,1,ST,OUT,True,FALSE,Siphon,,0.0,,89460.71,True,0.34,0.75,MG/L,EPA300.0 [300OPHOS]_W,0.34,0.75,ALS_pre2023,False,2022-04-29,2022-10-24,2022,grain corn,grain corn,941.6875,72.32875000000001,27.33333333333333,0.0751666666666666,3,0.75,1,,0.75,-0.3885840286996418,0.0055698778467508,-0.2846922571823585,,-1.3151477727398646,-0.4307289425500646,0.2733333333333332,1,168,49,129,Siphon,,0.0,14369.627804566764,97.28706238984176,2101139.663643756,4.985049261716259,reconstruction,volume_observation_or_prediction_event
,PE_180cf52e2824c459af6f,,,,,,562,2022-06-17,2022,1,2,CT,OUT,,,Siphon,"In the field book labeled Kerbel 1st irrigation, it was noted that CT was taking a very long time to runoff, assuming that crew had other tasks to do and could not wait to collect this FF sample",0.0,,,True,0.34,0.75,MG/L,EPA300.0 [300OPHOS]_W,0.34,0.75,ALS_pre2023,False,2022-04-29,2022-10-24,2022,grain corn,grain corn,2481.29375,76.61874999999964,8.0,0.0176666666666666,3,0.75,1,,0.75,-0.3885840286996418,0.090857146227079,1.5921492986757586,,-1.3151477727398646,,0.08,1,168,49,129,Siphon,,0.0,11922.007266655615,80.54670589408158,1743271.1619113253,4.985049261716259,reconstruction,volume_observation_or_prediction_event
,PE_6ea7d88f36535571109d,,,,,,563,2022-06-17,2022,1,2,MT,OUT,True,FALSE,Siphon,,0.0,,,True,0.34,0.75,MG/L,EPA300.0 [300OPHOS]_W,0.34,0.75,ALS_pre2023,False,2022-04-29,2022-10-24,2022,grain corn,grain corn,947.81375,67.45375000000001,42.0,0.1328333333333333,3,0.75,1,,0.75,-0.3885840286996418,-0.0913474725854487,-0.2772241135699408,,-1.3151477727398646,,0.42,1,168,49,129,Siphon,,0.0,11258.938387237586,76.01168535034361,1646323.3455536305,4.985049261716259,reconstruction,volume_observation_or_prediction_event
,PE_0cb64fc032969bb5397e,,,,,,564,2022-06-17,2022,1,2,ST,OUT,True,FALSE,Siphon,,0.0,,,True,0.34,0.75,MG/L,EPA300.0 [300OPHOS]_W,0.34,0.75,ALS_pre2023,False,2022-04-29,2022-10-24,2022,grain corn,grain corn,941.6875,72.32875000000001,30.666666666666668,0.0936666666666666,3,0.75,1,,0.75,-0.3885840286996418,0.0055698778467508,-0.2846922571823585,,-1.3151477727398646,,0.3066666666666667,1,168,49,129,Siphon,,0.0,11173.440668422461,75.42692873861779,1633822.6576161035,4.985049261716259,reconstruction,volume_observation_or_prediction_event
,PE_08135a0b96603a0953a7,,,,,,577,2022-06-29,2022,2,1,CT,OUT,True,FALSE,Siphon,"""CT1-FF-01-GB"" -  original label reported to ALS, but assuming that it is meant to be labeled as irr. 2, which is now reflected in the ID column. No in-house TSS testing results could be found.",0.0,,79557.33,True,0.34,0.75,MG/L,EPA300.0 [300OPHOS]_W,0.34,0.75,ALS_pre2023,False,2022-04-29,2022-10-24,2022,grain corn,grain corn,2481.29375,76.61874999999964,5.666666666666667,0.0081666666666666,3,0.75,1,,0.75,-0.3885840286996418,0.090857146227079,1.5921492986757586,,-0.8192234335968713,-0.7173234627874815,0.0566666666666666,1,180,61,117,Siphon,,0.0,18289.91331902929,124.09962424768379,2674327.6565102316,4.985049261716259,reconstruction,volume_observation_or_prediction_event
,PE_ed808183a97e22e638fa,,,,,,578,2022-06-29,2022,2,1,MT,OUT,True,FALSE,Siphon,"""MT1-FF-01-GB"" -  original label reported to ALS, but assuming that it is meant to be labeled as irr. 2, which is now reflected in the ID column. No in-house TSS testing results could be found.",0.0,,79557.33,True,0.34,0.75,MG/L,EPA300.0 [300OPHOS]_W,0.34,0.75,ALS_pre2023,False,2022-04-29,2022-10-24,2022,grain corn,grain corn,947.81375,67.45375000000001,26.666666666666668,0.0781666666666666,3,0.75,1,,0.75,-0.3885840286996418,-0.0913474725854487,-0.2772241135699408,,-0.8192234335968713,-0.7173234627874815,0.2666666666666666,1,180,61,117,Siphon,,0.0,17218.48281295785,116.77163841235667,2517672.9692418226,4.985049261716259,reconstruction,volume_observation_or_prediction_event
,PE_189aac0c7a23721c748e,,,,,,579,2022-06-29,2022,2,1,ST,OUT,True,FALSE,Siphon,"""ST1-FF-01-GB"" -  original label reported to ALS, but assuming that it is meant to be labeled as irr. 2, which is now reflected in the ID column. No in-house TSS testing results could be found.",0.0,,79557.33,True,0.34,0.75,MG/L,EPA300.0 [300OPHOS]_W,0.34,0.75,ALS_pre2023,False,2022-04-29,2022-10-24,2022,grain corn,grain corn,941.6875,72.32875000000001,27.33333333333333,0.0751666666666666,3,0.75,1,,0.75,-0.3885840286996418,0.0055698778467508,-0.2846922571823585,,-0.8192234335968713,-0.7173234627874815,0.2733333333333332,1,180,61,117,Siphon,,0.0,16441.52839238381,111.45770441813296,2404073.859372238,4.985049261716259,reconstruction,volume_observation_or_prediction_event
,PE_894950649347fb1955a1,,,,,,586,2022-06-30,2022,2,2,CT,OUT,False,FALSE,Siphon,"Reason unknown why this is a GB sample. In the TSS results sheet, there is a sample labeled CT2-02-LC, assuming it correlates with this sample and the TSS label was not updated.",0.0,,81388.92,True,0.34,0.75,MG/L,EPA300.0 [300OPHOS]_W,0.34,0.75,ALS_pre2023,False,2022-04-29,2022-10-24,2022,grain corn,grain corn,2481.29375,76.61874999999964,8.0,0.0176666666666666,3,0.75,1,,0.75,-0.3885840286996418,0.090857146227079,1.5921492986757586,,-0.8192234335968713,-0.6643189676230378,0.08,1,181,62,116,Siphon,,0.0,17112.071262330985,116.04384287985123,2502114.453695798,4.985049261716259,reconstruction,volume_observation_or_prediction_event
,PE_525098354dc2a0d94a6a,,,,,,588,2022-06-30,2022,2,2,MT,OUT,False,TRUE,Siphon,,0.0,,81388.92,True,0.34,0.75,MG/L,EPA300.0 [300OPHOS]_W,0.34,0.75,ALS_pre2023,False,2022-04-29,2022-10-24,2022,grain corn,grain corn,947.81375,67.45375000000001,42.0,0.1328333333333333,3,0.75,1,,0.75,-0.3885840286996418,-0.0913474725854487,-0.2772241135699408,,-0.8192234335968713,-0.6643189676230378,0.42,1,181,62,116,Siphon,,0.0,14856.738743324091,100.61862896295983,2172360.5327002527,4.985049261716259,reconstruction,volume_observation_or_prediction_event
,PE_d09d7141a3eda7dab31b,,,,,,590,2022-06-30,2022,2,2,ST,OUT,False,TRUE,Siphon,,0.0,,81388.92,True,0.34,0.75,MG/L,EPA300.0 [300OPHOS]_W,0.34,0.75,ALS_pre2023,False,2022-04-29,2022-10-24,2022,grain corn,grain corn,941.6875,72.32875000000001,30.666666666666668,0.0936666666666666,3,0.75,1,,0.75,-0.3885840286996418,0.0055698778467508,-0.2846922571823585,,-0.8192234335968713,-0.6643189676230378,0.3066666666666667,1,181,62,116,Siphon,,0.0,15206.608633042682,103.01154346514814,2223515.28127976,4.985049261716259,reconstruction,volume_observation_or_prediction_event
,PE_047dc3e2cda09724e8c4,,,,,,592,2022-07-13,2022,3,1,CT,OUT,True,FALSE,Siphon,,0.0,,108928.47,True,0.34,0.75,MG/L,EPA300.0 [300OPHOS]_W,0.34,0.75,ALS_pre2023,False,2022-04-29,2022-10-24,2022,grain corn,grain corn,2481.29375,76.61874999999964,5.666666666666667,0.0081666666666666,3,0.75,1,,0.75,-0.3885840286996418,0.090857146227079,1.5921492986757586,,-0.3232990944538781,0.1326497561666532,0.0566666666666666,1,194,75,103,Siphon,,0.0,17251.244613500177,116.99571081738301,2522463.097569536,4.985049261716259,reconstruction,volume_observation_or_prediction_event
,PE_a7f38cb46cab1d170f62,,,,,,593,2022-07-13,2022,3,1,MT,OUT,True,FALSE,Siphon,,0.0,,108928.47,True,0.34,0.75,MG/L,EPA300.0 [300OPHOS]_W,0.34,0.75,ALS_pre2023,False,2022-04-29,2022-10-24,2022,grain corn,grain corn,947.81375,67.45375000000001,26.666666666666668,0.0781666666666666,3,0.75,1,,0.75,-0.3885840286996418,-0.0913474725854487,-0.2772241135699408,,-0.3232990944538781,0.1326497561666532,0.2666666666666666,1,194,75,103,Siphon,,0.0,18193.037573015205,123.43704828913569,2660163.3783701817,4.985049261716259,reconstruction,volume_observation_or_prediction_event
,PE_369cda5f323e6443a3cd,,,,,,594,2022-07-13,2022,3,1,ST,OUT,True,FALSE,Siphon,,0.0,,108928.47,True,0.34,0.75,MG/L,EPA300.0 [300OPHOS]_W,0.34,0.75,ALS_pre2023,False,2022-04-29,2022-10-24,2022,grain corn,grain corn,941.6875,72.32875000000001,27.33333333333333,0.0751666666666666,3,0.75,1,,0.75,-0.3885840286996418,0.0055698778467508,-0.2846922571823585,,-0.3232990944538781,0.1326497561666532,0.2733333333333332,1,194,75,103,Siphon,,0.0,18800.306057829544,127.59042532081725,2748952.575651268,4.985049261716259,reconstruction,volume_observation_or_prediction_event
,PE_cf5844165f86fd7cd7e3,,,,,,595,2022-07-14,2022,3,2,CT,OUT,True,FALSE,Siphon,,0.0,,90139.87,True,0.34,0.75,MG/L,EPA300.0 [300OPHOS]_W,0.34,0.75,ALS_pre2023,False,2022-04-29,2022-10-24,2022,grain corn,grain corn,2481.29375,76.61874999999964,8.0,0.0176666666666666,3,0.75,1,,0.75,-0.3885840286996418,0.090857146227079,1.5921492986757586,,-0.3232990944538781,-0.4110746897228036,0.08,1,195,76,102,Siphon,,0.0,16845.46093568256,114.22037725500618,2463133.1505623097,4.985049261716259,reconstruction,volume_observation_or_prediction_event
,PE_ac7f9a30bf2848429019,,,,,,596,2022-07-14,2022,3,2,MT,OUT,True,FALSE,Siphon,,0.0,,90139.87,True,0.34,0.75,MG/L,EPA300.0 [300OPHOS]_W,0.34,0.75,ALS_pre2023,False,2022-04-29,2022-10-24,2022,grain corn,grain corn,947.81375,67.45375000000001,42.0,0.1328333333333333,3,0.75,1,,0.75,-0.3885840286996418,-0.0913474725854487,-0.2772241135699408,,-0.3232990944538781,-0.4110746897228036,0.42,1,195,76,102,Siphon,,0.0,16336.921688817409,110.74225303078583,2388779.2319180886,4.985049261716259,reconstruction,volume_observation_or_prediction_event
,PE_4dee2c926a85b3051665,,,,,,597,2022-07-14,2022,3,2,ST,OUT,True,FALSE,Siphon,,0.0,,90139.87,True,0.34,0.75,MG/L,EPA300.0 [300OPHOS]_W,0.34,0.75,ALS_pre2023,False,2022-04-29,2022-10-24,2022,grain corn,grain corn,941.6875,72.32875000000001,30.666666666666668,0.0936666666666666,3,0.75,1,,0.75,-0.3885840286996418,0.0055698778467508,-0.2846922571823585,,-0.3232990944538781,-0.4110746897228036,0.3066666666666667,1,195,76,102,Siphon,,0.0,18119.78607209284,122.93604896334298,2649453.2194714868,4.985049261716259,reconstruction,volume_observation_or_prediction_event
,PE_ba6305713792e30574d9,,,,,,610,2022-07-26,2022,4,1,CT,OUT,True,FALSE,Siphon,,0.0,,103902.33,True,0.34,0.75,MG/L,EPA300.0 [300OPHOS]_W,0.34,0.75,ALS_pre2023,False,2022-04-29,2022-10-24,2022,grain corn,grain corn,2481.29375,76.61874999999964,5.666666666666667,0.0081666666666666,3,0.75,1,,0.75,-0.3885840286996418,0.090857146227079,1.5921492986757586,,0.1726252446891151,-0.0128020170608801,0.0566666666666666,1,207,88,90,Siphon,,0.0,17109.330380462856,116.02509677976154,2501713.7072269805,4.985049261716259,reconstruction,volume_observation_or_prediction_event
,PE_24390a2920a1d4952fdb,,,,,,611,2022-07-26,2022,4,1,MT,OUT,True,FALSE,Siphon,,0.0,,103902.33,True,0.34,0.75,MG/L,EPA300.0 [300OPHOS]_W,0.34,0.75,ALS_pre2023,False,2022-04-29,2022-10-24,2022,grain corn,grain corn,947.81375,67.45375000000001,26.666666666666668,0.0781666666666666,3,0.75,1,,0.75,-0.3885840286996418,-0.0913474725854487,-0.2772241135699408,,0.1726252446891151,-0.0128020170608801,0.2666666666666666,1,207,88,90,Siphon,,0.0,17448.84143213286,118.34716261928779,2551353.882042002,4.985049261716259,reconstruction,volume_observation_or_prediction_event
,PE_90eede155efc3f3a983f,,,,,,612,2022-07-26,2022,4,1,ST,OUT,True,FALSE,Siphon,,0.0,,103902.33,True,0.34,0.75,MG/L,EPA300.0 [300OPHOS]_W,0.34,0.75,ALS_pre2023,False,2022-04-29,2022-10-24,2022,grain corn,grain corn,941.6875,72.32875000000001,27.33333333333333,0.0751666666666666,3,0.75,1,,0.75,-0.3885840286996418,0.0055698778467508,-0.2846922571823585,,0.1726252446891151,-0.0128020170608801,0.2733333333333332,1,207,88,90,Siphon,,0.0,17981.241197040916,121.98847945119586,2629196.465579459,4.985049261716259,reconstruction,volume_observation_or_prediction_event
,PE_2ccacebc1a8caaf0c31a,,,,,,613,2022-07-27,2022,4,2,CT,OUT,True,FALSE,Siphon,,0.0,,89491.62,True,0.34,0.75,MG/L,EPA300.0 [300OPHOS]_W,0.34,0.75,ALS_pre2023,False,2022-04-29,2022-10-24,2022,grain corn,grain corn,2481.29375,76.61874999999964,8.0,0.0176666666666666,3,0.75,1,,0.75,-0.3885840286996418,0.090857146227079,1.5921492986757586,,0.1726252446891151,-0.4298344361673413,0.08,1,208,89,89,Siphon,,0.0,16573.580172383314,112.36086478913474,2423381.2527886434,4.985049261716259,reconstruction,volume_observation_or_prediction_event
,PE_f35464a21b76c1abbaea,,,,,,614,2022-07-27,2022,4,2,MT,OUT,True,FALSE,Siphon,,0.0,,89491.62,True,0.34,0.75,MG/L,EPA300.0 [300OPHOS]_W,0.34,0.75,ALS_pre2023,False,2022-04-29,2022-10-24,2022,grain corn,grain corn,947.81375,67.45375000000001,42.0,0.1328333333333333,3,0.75,1,,0.75,-0.3885840286996418,-0.0913474725854487,-0.2772241135699408,,0.1726252446891151,-0.4298344361673413,0.42,1,208,89,89,Siphon,,0.0,16246.655876203324,110.12488532237917,2375581.397279296,4.985049261716259,reconstruction,volume_observation_or_prediction_event
,PE_692bde0c84dd363b1bfb,,,,,,615,2022-07-27,2022,4,2,ST,OUT,True,FALSE,Siphon,,0.0,,89491.62,True,0.34,0.75,MG/L,EPA300.0 [300OPHOS]_W,0.34,0.75,ALS_pre2023,False,2022-04-29,2022-10-24,2022,grain corn,grain corn,941.6875,72.32875000000001,30.666666666666668,0.0936666666666666,3,0.75,1,,0.75,-0.3885840286996418,0.0055698778467508,-0.2846922571823585,,0.1726252446891151,-0.4298344361673413,0.3066666666666667,1,208,89,89,Siphon,,0.0,17881.310023272108,121.30500607449456,2614585.4509719717,4.985049261716259,reconstruction,volume_observation_or_prediction_event
,PE_d3a6066fd252799682f3,,,,,,628,2022-08-10,2022,5,1,CT,OUT,True,,Siphon,"From the recorded notes and conversations with Manny and AJ, we have determined that there was likely not enough water for sample analysis during this irrigation event.",0.11,,106443.9,True,0.34,0.75,MG/L,EPA300.0 [300OPHOS]_W,0.34,0.75,ALS_pre2023,False,2022-04-29,2022-10-24,2022,grain corn,grain corn,2481.29375,76.61874999999964,5.666666666666667,0.0081666666666666,3,0.75,0,0.11,0.75,0.9107156679506602,0.090857146227079,1.5921492986757586,,0.6685495838321084,0.0607486327980376,0.0566666666666666,1,222,103,75,Siphon,,0.0,17906.629301100747,121.47817578381083,2618287.4022675813,4.985049261716259,reconstruction,volume_observation_or_prediction_event
,PE_a9f58cb35a8f9f5403b6,,,,,,629,2022-08-10,2022,5,1,MT,OUT,True,,Siphon,"From the recorded notes and conversations with Manny and AJ, we have determined that there was likely not enough water for sample analysis during this irrigation event.",0.11,,106443.9,True,0.34,0.75,MG/L,EPA300.0 [300OPHOS]_W,0.34,0.75,ALS_pre2023,False,2022-04-29,2022-10-24,2022,grain corn,grain corn,947.81375,67.45375000000001,26.666666666666668,0.0781666666666666,3,0.75,0,0.11,0.75,0.9107156679506602,-0.0913474725854487,-0.2772241135699408,,0.6685495838321084,0.0607486327980376,0.2666666666666666,1,222,103,75,Siphon,,0.0,16970.192058809178,115.07346842453778,2481370.18504594,4.985049261716259,reconstruction,volume_observation_or_prediction_event
,PE_710bf29a8b32f4e39690,,,,,,630,2022-08-10,2022,5,1,ST,OUT,True,,Siphon,"From the recorded notes and conversations with Manny and AJ, we have determined that there was likely not enough water for sample analysis during this irrigation event.",0.11,,106443.9,True,0.34,0.75,MG/L,EPA300.0 [300OPHOS]_W,0.34,0.75,ALS_pre2023,False,2022-04-29,2022-10-24,2022,grain corn,grain corn,941.6875,72.32875000000001,27.33333333333333,0.0751666666666666,3,0.75,0,0.11,0.75,0.9107156679506602,0.0055698778467508,-0.2846922571823585,,0.6685495838321084,0.0607486327980376,0.2733333333333332,1,222,103,75,Siphon,,0.0,18177.953913515932,123.33388448846995,2657957.984788114,4.985049261716259,reconstruction,volume_observation_or_prediction_event
,PE_a459f140dbb76608c43c,,,,,,631,2022-08-11,2022,5,2,CT,OUT,True,,Siphon,"From the recorded notes and conversations with Manny and AJ, we have determined that there was likely not enough water for sample analysis during this irrigation event.",0.13,,108657.6,True,0.34,0.75,MG/L,EPA300.0 [300OPHOS]_W,0.34,0.75,ALS_pre2023,False,2022-04-29,2022-10-24,2022,grain corn,grain corn,2481.29375,76.61874999999964,8.0,0.0176666666666666,3,0.75,0,0.13,0.75,1.146951976432533,0.090857146227079,1.5921492986757586,,0.6685495838321084,0.1248110326503681,0.08,1,223,104,74,Siphon,,0.0,17171.297844799952,116.44891960199794,2510774.018363853,4.985049261716259,reconstruction,volume_observation_or_prediction_event
,PE_133f898bff0cf26bb6e6,,,,,,632,2022-08-11,2022,5,2,MT,OUT,True,,Siphon,"From the recorded notes and conversations with Manny and AJ, we have determined that there was likely not enough water for sample analysis during this irrigation event.",0.13,,108657.6,True,0.34,0.75,MG/L,EPA300.0 [300OPHOS]_W,0.34,0.75,ALS_pre2023,False,2022-04-29,2022-10-24,2022,grain corn,grain corn,947.81375,67.45375000000001,42.0,0.1328333333333333,3,0.75,0,0.13,0.75,1.146951976432533,-0.0913474725854487,-0.2772241135699408,,0.6685495838321084,0.1248110326503681,0.42,1,223,104,74,Siphon,,0.0,14948.750452337785,101.2479376269523,2185813.636208966,4.985049261716259,reconstruction,volume_observation_or_prediction_event
,PE_0ef1aededd285edc6cd3,,,,,,633,2022-08-11,2022,5,2,ST,OUT,True,,Siphon,"From the recorded notes and conversations with Manny and AJ, we have determined that there was likely not enough water for sample analysis during this irrigation event.",0.13,,108657.6,True,0.34,0.75,MG/L,EPA300.0 [300OPHOS]_W,0.34,0.75,ALS_pre2023,False,2022-04-29,2022-10-24,2022,grain corn,grain corn,941.6875,72.32875000000001,30.666666666666668,0.0936666666666666,3,0.75,0,0.13,0.75,1.146951976432533,0.0055698778467508,-0.2846922571823585,,0.6685495838321084,0.1248110326503681,0.3066666666666667,1,223,104,74,Siphon,,0.0,16828.15126945456,114.10198881243875,2460602.290805842,4.985049261716259,reconstruction,volume_observation_or_prediction_event
,PE_aa6e5bc5255f7ed7c30d,,,,,,646,2022-08-18,2022,6,1,CT,OUT,,,Siphon,"Occurred but was scrapped due to a hail event caused blockages in the rows, we believed it was not a representative sample - ""It has been decided to not take Rep 2 samples and dump Rep 1 samples because of how poorly this one seems to be going""",,,,False,0.34,0.75,MG/L,EPA300.0 [300OPHOS]_W,0.34,0.75,ALS_pre2023,False,2022-04-29,2022-10-24,2022,grain corn,grain corn,2481.29375,76.61874999999964,5.666666666666667,0.0081666666666666,3,0.75,0,,0.75,,0.090857146227079,1.5921492986757586,,1.1644739229751015,,0.0566666666666666,1,230,111,67,Siphon,,0.0,17966.205364497488,121.88564276017743,2626998.064813788,4.985049261716259,reconstruction,volume_observation_or_prediction_event
,PE_483add8f931ae297bbb1,,,,,,647,2022-08-18,2022,6,1,MT,OUT,,,Siphon,"Occurred but was scrapped due to a hail event caused blockages in the rows, we believed it was not a representative sample - ""It has been decided to not take Rep 2 samples and dump Rep 1 samples because of how poorly this one seems to be going""",,,,False,0.34,0.75,MG/L,EPA300.0 [300OPHOS]_W,0.34,0.75,ALS_pre2023,False,2022-04-29,2022-10-24,2022,grain corn,grain corn,947.81375,67.45375000000001,26.666666666666668,0.0781666666666666,3,0.75,0,,0.75,,-0.0913474725854487,-0.2772241135699408,,1.1644739229751015,,0.2666666666666666,1,230,111,67,Siphon,,0.0,16696.72379894177,113.20309836939737,2441386.178164854,4.985049261716259,reconstruction,volume_observation_or_prediction_event
,PE_43269f8ef36d0d7ff06a,,,,,,648,2022-08-18,2022,6,1,ST,OUT,,,Siphon,"Occurred but was scrapped due to a hail event caused blockages in the rows, we believed it was not a representative sample - ""It has been decided to not take Rep 2 samples and dump Rep 1 samples because of how poorly this one seems to be going""",,,,False,0.34,0.75,MG/L,EPA300.0 [300OPHOS]_W,0.34,0.75,ALS_pre2023,False,2022-04-29,2022-10-24,2022,grain corn,grain corn,941.6875,72.32875000000001,27.33333333333333,0.0751666666666666,3,0.75,0,,0.75,,0.0055698778467508,-0.2846922571823585,,1.1644739229751015,,0.2733333333333332,1,230,111,67,Siphon,,0.0,18887.371347376273,128.18590324022654,2761682.459324159,4.985049261716259,reconstruction,volume_observation_or_prediction_event
,PE_ffc80a24523d3689fd9c,,,,,,649,2022-08-19,2022,6,2,CT,OUT,,,Siphon,"Occurred but was scrapped due to a hail event caused blockages in the rows, we believed it was not a representative sample - ""It has been decided to not take Rep 2 samples and dump Rep 1 samples because of how poorly this one seems to be going""",,,,False,0.34,0.75,MG/L,EPA300.0 [300OPHOS]_W,0.34,0.75,ALS_pre2023,False,2022-04-29,2022-10-24,2022,grain corn,grain corn,2481.29375,76.61874999999964,8.0,0.0176666666666666,3,0.75,0,,0.75,,0.090857146227079,1.5921492986757586,,1.1644739229751015,,0.08,1,231,112,66,Siphon,,0.0,16883.04828704162,114.47745373060195,2468628.826426525,4.985049261716259,reconstruction,volume_observation_or_prediction_event
,PE_bfc97fb13a1c057e4964,,,,,,650,2022-08-19,2022,6,2,MT,OUT,,,Siphon,"Occurred but was scrapped due to a hail event caused blockages in the rows, we believed it was not a representative sample - ""It has been decided to not take Rep 2 samples and dump Rep 1 samples because of how poorly this one seems to be going""",,,,False,0.34,0.75,MG/L,EPA300.0 [300OPHOS]_W,0.34,0.75,ALS_pre2023,False,2022-04-29,2022-10-24,2022,grain corn,grain corn,947.81375,67.45375000000001,42.0,0.1328333333333333,3,0.75,0,,0.75,,-0.0913474725854487,-0.2772241135699408,,1.1644739229751015,,0.42,1,231,112,66,Siphon,,0.0,13640.670269901086,92.30140026960632,1994558.215777656,4.985049261716259,reconstruction,volume_observation_or_prediction_event
,PE_19e5b1b3e99eb903aeb0,,,,,,651,2022-08-19,2022,6,2,ST,OUT,,,Siphon,"Occurred but was scrapped due to a hail event caused blockages in the rows, we believed it was not a representative sample - ""It has been decided to not take Rep 2 samples and dump Rep 1 samples because of how poorly this one seems to be going""",,,,False,0.34,0.75,MG/L,EPA300.0 [300OPHOS]_W,0.34,0.75,ALS_pre2023,False,2022-04-29,2022-10-24,2022,grain corn,grain corn,941.6875,72.32875000000001,30.666666666666668,0.0936666666666666,3,0.75,0,,0.75,,0.0055698778467508,-0.2846922571823585,,1.1644739229751015,,0.3066666666666667,1,231,112,66,Siphon,,0.0,16055.44256778522,108.81709316257626,2347623.950798116,4.985049261716259,reconstruction,volume_observation_or_prediction_event
,PE_836f363d31e4232deaa4,,,,,,664,2022-08-23,2022,7,1,CT,OUT,True,,Siphon,"The true 6th irrigation (above) was scrapped, causing this event to technically be the 7th irrigation, although the labels say 6th.",0.13,H,114688.22,True,0.34,0.75,MG/L,EPA300.0 [300OPHOS]_W,0.34,0.75,ALS_pre2023,False,2022-04-29,2022-10-24,2022,grain corn,grain corn,2481.29375,76.61874999999964,5.666666666666667,0.0081666666666666,3,0.75,0,0.13,0.75,1.146951976432533,0.090857146227079,1.5921492986757586,,1.6603982621180948,0.2993315141056054,0.0566666666666666,1,235,116,62,Siphon,,0.0,18480.64263943028,125.40410619995224,2702214.338727157,4.985049261716259,reconstruction,volume_observation_or_prediction_event
,PE_a682915e8d0a68181b2e,,,,,,665,2022-08-23,2022,7,1,MT,OUT,True,,Siphon,"The true 6th irrigation (above) was scrapped, causing this event to technically be the 7th irrigation, although the labels say 6th.",0.13,H,114688.22,True,0.34,0.75,MG/L,EPA300.0 [300OPHOS]_W,0.34,0.75,ALS_pre2023,False,2022-04-29,2022-10-24,2022,grain corn,grain corn,947.81375,67.45375000000001,26.666666666666668,0.0781666666666666,3,0.75,0,0.13,0.75,1.146951976432533,-0.0913474725854487,-0.2772241135699408,,1.6603982621180948,0.2993315141056054,0.2666666666666666,1,235,116,62,Siphon,,0.0,17200.360297783034,116.64769053729712,2515023.262208898,4.985049261716259,reconstruction,volume_observation_or_prediction_event
,PE_2a8c8cd8e5d3510ca139,,,,,,666,2022-08-23,2022,7,1,ST,OUT,True,,Siphon,"The true 6th irrigation (above) was scrapped, causing this event to technically be the 7th irrigation, although the labels say 6th.",0.13,H,114688.22,True,0.34,0.75,MG/L,EPA300.0 [300OPHOS]_W,0.34,0.75,ALS_pre2023,False,2022-04-29,2022-10-24,2022,grain corn,grain corn,941.6875,72.32875000000001,27.33333333333333,0.0751666666666666,3,0.75,0,0.13,0.75,1.146951976432533,0.0055698778467508,-0.2846922571823585,,1.6603982621180948,0.2993315141056054,0.2733333333333332,1,235,116,62,Siphon,,0.0,18424.082571716226,125.01726694840484,2693944.6472544796,4.985049261716259,reconstruction,volume_observation_or_prediction_event
,PE_7c094276165488da44bf,,,,,,667,2022-08-23,2022,7,2,CT,OUT,True,,Siphon,,,,,False,0.34,0.75,MG/L,EPA300.0 [300OPHOS]_W,0.34,0.75,ALS_pre2023,False,2022-04-29,2022-10-24,2022,grain corn,grain corn,2481.29375,76.61874999999964,8.0,0.0176666666666666,3,0.75,0,,0.75,,0.090857146227079,1.5921492986757586,,1.6603982621180948,,0.08,1,235,116,62,Siphon,,0.0,16833.45606832057,114.13827067181191,2461377.909572218,4.985049261716259,reconstruction,volume_observation_or_prediction_event
,PE_d76655d56daff3046231,,,,,,668,2022-08-23,2022,7,2,MT,OUT,True,,Siphon,,,,,False,0.34,0.75,MG/L,EPA300.0 [300OPHOS]_W,0.34,0.75,ALS_pre2023,False,2022-04-29,2022-10-24,2022,grain corn,grain corn,947.81375,67.45375000000001,42.0,0.1328333333333333,3,0.75,0,,0.75,,-0.0913474725854487,-0.2772241135699408,,1.6603982621180948,,0.42,1,235,116,62,Siphon,,0.0,14004.282993147099,94.78830807220517,2047722.3147314715,4.985049261716259,reconstruction,volume_observation_or_prediction_event
,PE_9c46b6f273bdff023d65,,,,,,669,2022-08-23,2022,7,2,ST,OUT,True,,Siphon,,,,,False,0.34,0.75,MG/L,EPA300.0 [300OPHOS]_W,0.34,0.75,ALS_pre2023,False,2022-04-29,2022-10-24,2022,grain corn,grain corn,941.6875,72.32875000000001,30.666666666666668,0.0936666666666666,3,0.75,0,,0.75,,0.0055698778467508,-0.2846922571823585,,1.6603982621180948,,0.3066666666666667,1,235,116,62,Siphon,,0.0,14557.85579387204,98.57443663541808,2128660.6242965353,4.985049261716259,reconstruction,volume_observation_or_prediction_event
,PE_ea2a113b88a8036af60f,,,,,,676,2022-08-24,2022,7,2,CT,OUT,,,Siphon,"The true 6th irrigation (above) was scrapped, causing this event to technically be the 7th irrigation, although the labels say 6th. Nitrate, Nitrite, H flag. TKN J flag.",0.13,H,101773.73,True,0.34,0.75,MG/L,EPA300.0 [300OPHOS]_W,0.34,0.75,ALS_pre2023,False,2022-04-29,2022-10-24,2022,grain corn,grain corn,2481.29375,76.61874999999964,8.0,0.0176666666666666,3,0.75,0,0.13,0.75,1.146951976432533,0.090857146227079,1.5921492986757586,,1.6603982621180948,-0.0744017028022499,0.08,1,236,117,61,Siphon,,0.0,17238.241675049907,116.90677798577025,2520561.9278296833,4.985049261716259,reconstruction,volume_observation_or_prediction_event
,PE_01121cfc6bcbe9c320ee,,,,,,678,2022-08-24,2022,7,2,MT,OUT,,,Siphon,"The true 6th irrigation (above) was scrapped, causing this event to technically be the 7th irrigation, although the labels say 6th. Nitrate, Nitrite, H flag. TKN J flag.",0.13,H,101773.73,True,0.34,0.75,MG/L,EPA300.0 [300OPHOS]_W,0.34,0.75,ALS_pre2023,False,2022-04-29,2022-10-24,2022,grain corn,grain corn,947.81375,67.45375000000001,42.0,0.1328333333333333,3,0.75,0,0.13,0.75,1.146951976432533,-0.0913474725854487,-0.2772241135699408,,1.6603982621180948,-0.0744017028022499,0.42,1,236,117,61,Siphon,,0.0,14196.997788632025,96.10636956435886,2075899.2948040117,4.985049261716259,reconstruction,volume_observation_or_prediction_event
,PE_78f295f1ec570bff0509,,,,,,680,2022-08-24,2022,7,2,ST,OUT,,,Siphon,"The true 6th irrigation (above) was scrapped, causing this event to technically be the 7th irrigation, although the labels say 6th. Nitrate, Nitrite, H flag.",0.13,H,101773.73,True,0.34,0.75,MG/L,EPA300.0 [300OPHOS]_W,0.34,0.75,ALS_pre2023,False,2022-04-29,2022-10-24,2022,grain corn,grain corn,941.6875,72.32875000000001,30.666666666666668,0.0936666666666666,3,0.75,0,0.13,0.75,1.146951976432533,0.0055698778467508,-0.2846922571823585,,1.6603982621180948,-0.0744017028022499,0.3066666666666667,1,236,117,61,Siphon,,0.0,15479.181912105189,104.87579235179084,2263368.4323215643,4.985049261716259,reconstruction,volume_observation_or_prediction_event
,PE_1522bb68db648a289f4a,,,,,,682,2022-09-06,2022,8,1,CT,OUT,True,,Siphon,"From the recorded notes and conversations with Manny, AJ and Erik, it was recalled that water was taking a long time to reach the edge of the field, Erik made a call to not wait to collect samples. it is possible that water did make it to the end of other rows, but not our sample rows. There was a hail event the week before, messed up rows and was flooding the field. It was so messy Erik wasn't convinced samples would be representative",,,93265.31,False,0.34,0.75,MG/L,EPA300.0 [300OPHOS]_W,0.34,0.75,ALS_pre2023,False,2022-04-29,2022-10-24,2022,grain corn,grain corn,2481.29375,76.61874999999964,5.666666666666667,0.0081666666666666,3,0.75,0,,0.75,,0.090857146227079,1.5921492986757586,,2.1563226012610883,-0.3206273901815528,0.0566666666666666,1,249,130,48,Siphon,,0.0,12721.432214231512,86.01432573414304,1860155.705003396,4.985049261716259,reconstruction,volume_observation_or_prediction_event
,PE_0d421a28ffd4abe58138,,,,,,683,2022-09-06,2022,8,1,MT,OUT,True,,Siphon,"From the recorded notes and conversations with Manny, AJ and Erik, it was recalled that water was taking a long time to reach the edge of the field, Erik made a call to not wait to collect samples. it is possible that water did make it to the end of other rows, but not our sample rows. There was a hail event the week before, messed up rows and was flooding the field. It was so messy Erik wasn't convinced samples would be representative",,,93265.31,False,0.34,0.75,MG/L,EPA300.0 [300OPHOS]_W,0.34,0.75,ALS_pre2023,False,2022-04-29,2022-10-24,2022,grain corn,grain corn,947.81375,67.45375000000001,26.666666666666668,0.0781666666666666,3,0.75,0,,0.75,,-0.0913474725854487,-0.2772241135699408,,2.1563226012610883,-0.3206273901815528,0.2666666666666666,1,249,130,48,Siphon,,0.0,12672.694982142226,85.68099030605927,1853029.7964092218,4.985049261716259,reconstruction,volume_observation_or_prediction_event
,PE_07cfd14776b0a713b165,,,,,,684,2022-09-06,2022,8,1,ST,OUT,True,,Siphon,"From the recorded notes and conversations with Manny, AJ and Erik, it was recalled that water was taking a long time to reach the edge of the field, Erik made a call to not wait to collect samples. it is possible that water did make it to the end of other rows, but not our sample rows. There was a hail event the week before, messed up rows and was flooding the field. It was so messy Erik wasn't convinced samples would be representative",,,93265.31,False,0.34,0.75,MG/L,EPA300.0 [300OPHOS]_W,0.34,0.75,ALS_pre2023,False,2022-04-29,2022-10-24,2022,grain corn,grain corn,941.6875,72.32875000000001,27.33333333333333,0.0751666666666666,3,0.75,0,,0.75,,0.0055698778467508,-0.2846922571823585,,2.1563226012610883,-0.3206273901815528,0.2733333333333332,1,249,130,48,Siphon,,0.0,13061.257164635264,88.33853846556904,1909841.7751963171,4.985049261716259,reconstruction,volume_observation_or_prediction_event
,PE_2bc1841d393c665fbb6d,,,,,,685,2022-09-07,2022,8,2,CT,OUT,True,FALSE,Siphon,,0.0,,101434.03,True,0.34,0.75,MG/L,EPA300.0 [300OPHOS]_W,0.34,0.75,ALS_pre2023,False,2022-04-29,2022-10-24,2022,grain corn,grain corn,2481.29375,76.61874999999964,8.0,0.0176666666666666,3,0.75,1,,0.75,-0.3885840286996418,0.090857146227079,1.5921492986757586,,2.1563226012610883,-0.0842323019032285,0.08,1,250,131,47,Siphon,,0.0,9275.069170077708,62.44312869631107,1356260.2849682695,4.985049261716259,reconstruction,volume_observation_or_prediction_event
,PE_0b437f6588539cb921d5,,,,,,686,2022-09-07,2022,8,2,MT,OUT,True,FALSE,Siphon,,0.0,,101434.03,True,0.34,0.75,MG/L,EPA300.0 [300OPHOS]_W,0.34,0.75,ALS_pre2023,False,2022-04-29,2022-10-24,2022,grain corn,grain corn,947.81375,67.45375000000001,42.0,0.1328333333333333,3,0.75,1,,0.75,-0.3885840286996418,-0.0913474725854487,-0.2772241135699408,,2.1563226012610883,-0.0842323019032285,0.42,1,250,131,47,Siphon,,0.0,8148.824275942952,54.740243082581216,1191591.1434060833,4.985049261716259,reconstruction,volume_observation_or_prediction_event
,PE_3a0f2d4708b4db427d06,,,,,,687,2022-09-07,2022,8,2,ST,OUT,True,FALSE,Siphon,,0.0,,101434.03,True,0.34,0.75,MG/L,EPA300.0 [300OPHOS]_W,0.34,0.75,ALS_pre2023,False,2022-04-29,2022-10-24,2022,grain corn,grain corn,941.6875,72.32875000000001,30.666666666666668,0.0936666666666666,3,0.75,1,,0.75,-0.3885840286996418,0.0055698778467508,-0.2846922571823585,,2.1563226012610883,-0.0842323019032285,0.3066666666666667,1,250,131,47,Siphon,,0.0,9038.096552810452,60.822368439015335,1321612.3343650196,4.985049261716259,reconstruction,volume_observation_or_prediction_event
,PE_75d0c8609a3680925f83,,,,,,726,2023-08-01,2023,S1,1,CT,OUT,False,TRUE,Gated Pipe,,,,,False,0.01,0.05,mg/L,SM4500P E (P-Ortho),0.01,0.05,ALS_2023plus,False,2023-05-02,2023-09-08,2023,silage corn,grain corn,2680.77875,67.59999999999991,10.333333333333334,0.0256666666666666,3,0.05,0,,0.05,,-0.0884399520724848,1.8353294869676395,,,,0.1033333333333333,1,213,91,38,Gated Pipe,,0.0,13763.138285327097,93.13901304732444,2012464.3595249439,4.985049261716259,reconstruction,volume_observation_or_prediction_event
,PE_7f8652e7cd7fcd460c9f,,,,,,727,2023-08-01,2023,S1,1,MT,OUT,False,TRUE,Gated Pipe,,,,,False,0.01,0.05,mg/L,SM4500P E (P-Ortho),0.01,0.05,ALS_2023plus,False,2023-05-02,2023-09-08,2023,silage corn,grain corn,1027.9425,52.812500000000114,17.666666666666668,0.0679999999999999,3,0.05,0,,0.05,,-0.3824225817168195,-0.1795439646234382,,,,0.1766666666666666,1,213,91,38,Gated Pipe,,0.0,13661.80088262818,92.44592185068738,1997647.7390923228,4.985049261716259,reconstruction,volume_observation_or_prediction_event
,PE_dd186c328eb64d8f58c0,,,,,,728,2023-08-01,2023,S1,1,ST,OUT,False,TRUE,Gated Pipe,,,,,False,0.01,0.05,mg/L,SM4500P E (P-Ortho),0.01,0.05,ALS_2023plus,False,2023-05-02,2023-09-08,2023,silage corn,grain corn,1000.935,31.931249999999977,36.333333333333336,0.137,3,0.05,0,,0.05,,-0.7975518994014106,-0.2124671865964839,,,,0.3633333333333333,1,213,91,38,Gated Pipe,,0.0,14516.520959214311,98.29172946854072,2122617.025985768,4.985049261716259,reconstruction,volume_observation_or_prediction_event
,PE_d6f535d7777711e78374,,,,,,729,2023-08-01,2023,S1,2,CT,OUT,False,TRUE,Gated Pipe,,,,,False,0.01,0.05,mg/L,SM4500P E (P-Ortho),0.01,0.05,ALS_2023plus,False,2023-05-02,2023-09-08,2023,silage corn,grain corn,2680.77875,67.59999999999991,2.333333333333333,0.0021666666666666,3,0.05,0,,0.05,,-0.0884399520724848,1.8353294869676395,,,,0.0233333333333333,1,213,91,38,Gated Pipe,,0.0,11662.504950822939,78.77185509052453,1705329.126565278,4.985049261716259,reconstruction,volume_observation_or_prediction_event
,PE_41f3e122806eb738f975,,,,,,730,2023-08-01,2023,S1,2,MT,OUT,,,Gated Pipe,,,,,False,0.01,0.05,mg/L,SM4500P E (P-Ortho),0.01,0.05,ALS_2023plus,False,2023-05-02,2023-09-08,2023,silage corn,grain corn,1027.9425,52.812500000000114,26.0,0.1623333333333333,3,0.05,0,,0.05,,-0.3824225817168195,-0.1795439646234382,,,,0.26,1,213,91,38,Gated Pipe,,0.0,12221.706993964912,82.59648452566694,1787090.4920405487,4.985049261716259,reconstruction,volume_observation_or_prediction_event
,PE_cf85a3847d0290d09c6e,,,,,,731,2023-08-01,2023,S1,2,ST,OUT,False,TRUE,Gated Pipe,,,,,False,0.01,0.05,mg/L,SM4500P E (P-Ortho),0.01,0.05,ALS_2023plus,False,2023-05-02,2023-09-08,2023,silage corn,grain corn,1000.935,31.931249999999977,28.666666666666668,0.1058333333333333,3,0.05,0,,0.05,,-0.7975518994014106,-0.2124671865964839,,,,0.2866666666666667,1,213,91,38,Gated Pipe,,0.0,10616.507828093636,71.61781938245203,1552393.0740483182,4.985049261716259,reconstruction,volume_observation_or_prediction_event
,PE_0fed791558a964058696,,,,,,732,2023-08-06,2023,S2,1,CT,OUT,,,Gated Pipe,,,,,False,0.01,0.05,mg/L,SM4500P E (P-Ortho),0.01,0.05,ALS_2023plus,False,2023-05-02,2023-09-08,2023,silage corn,grain corn,2680.77875,67.59999999999991,10.333333333333334,0.0256666666666666,3,0.05,0,,0.05,,-0.0884399520724848,1.8353294869676395,,,,0.1033333333333333,1,218,96,33,Gated Pipe,,0.0,16098.206184412946,109.10957239957722,2353876.452431513,4.985049261716259,reconstruction,volume_observation_or_prediction_event
,PE_ef32cfa1971572fefb8b,,,,,,733,2023-08-06,2023,S2,1,MT,OUT,,,Gated Pipe,,,,,False,0.01,0.05,mg/L,SM4500P E (P-Ortho),0.01,0.05,ALS_2023plus,False,2023-05-02,2023-09-08,2023,silage corn,grain corn,1027.9425,52.812500000000114,17.666666666666668,0.0679999999999999,3,0.05,0,,0.05,,-0.3824225817168195,-0.1795439646234382,,,,0.1766666666666666,1,218,96,33,Gated Pipe,,0.0,16183.147722580177,109.69052504652274,2366295.8207641128,4.985049261716259,reconstruction,volume_observation_or_prediction_event
,PE_2d978355027f3a6a50a2,,,,,,734,2023-08-06,2023,S2,1,ST,OUT,,,Gated Pipe,,,,,False,0.01,0.05,mg/L,SM4500P E (P-Ortho),0.01,0.05,ALS_2023plus,False,2023-05-02,2023-09-08,2023,silage corn,grain corn,1000.935,31.931249999999977,36.333333333333336,0.137,3,0.05,0,,0.05,,-0.7975518994014106,-0.2124671865964839,,,,0.3633333333333333,1,218,96,33,Gated Pipe,,0.0,16705.5506062343,113.2634687979453,2442676.7525214315,4.985049261716259,reconstruction,volume_observation_or_prediction_event
,PE_f8899737fab94cd20a60,,,,,,735,2023-08-06,2023,S2,2,CT,OUT,,,Gated Pipe,,,,,False,0.01,0.05,mg/L,SM4500P E (P-Ortho),0.01,0.05,ALS_2023plus,False,2023-05-02,2023-09-08,2023,silage corn,grain corn,2680.77875,67.59999999999991,2.333333333333333,0.0021666666666666,3,0.05,0,,0.05,,-0.0884399520724848,1.8353294869676395,,,,0.0233333333333333,1,218,96,33,Gated Pipe,,0.0,13674.593327360648,92.53341502291603,1999518.1323820483,4.985049261716259,reconstruction,volume_observation_or_prediction_event
,PE_9c086ce597b087c03079,,,,,,736,2023-08-06,2023,S2,2,MT,OUT,False,TRUE,Gated Pipe,,,,,False,0.01,0.05,mg/L,SM4500P E (P-Ortho),0.01,0.05,ALS_2023plus,False,2023-05-02,2023-09-08,2023,silage corn,grain corn,1027.9425,52.812500000000114,26.0,0.1623333333333333,3,0.05,0,,0.05,,-0.3824225817168195,-0.1795439646234382,,,,0.26,1,218,96,33,Gated Pipe,,0.0,14315.268230212456,96.9152732830117,2093191.7080159644,4.985049261716259,reconstruction,volume_observation_or_prediction_event
,PE_2a381e4ed5fe9af47da4,,,,,,737,2023-08-06,2023,S2,2,ST,OUT,False,TRUE,Gated Pipe,"TSS result labeled ""K-ST2-S2-4-D"" in the in-house TSS results file, assuming there was a labeling error",,,,False,0.01,0.05,mg/L,SM4500P E (P-Ortho),0.01,0.05,ALS_2023plus,False,2023-05-02,2023-09-08,2023,silage corn,grain corn,1000.935,31.931249999999977,28.666666666666668,0.1058333333333333,3,0.05,0,,0.05,,-0.7975518994014106,-0.2124671865964839,,,,0.2866666666666667,1,218,96,33,Gated Pipe,,0.0,11947.226794860078,80.7191933717189,1746958.528736835,4.985049261716259,reconstruction,volume_observation_or_prediction_event
,PE_9f37a5563e99381d6be7,,,,,,845,2024-05-15,2024,1,1,MT,OUT,False,TRUE,Gated Pipe,,0.355,H,,True,0.01,0.05,mg/L,SM4500P E (P-Ortho),0.01,0.05,ALS_2023plus,False,2023-09-13,2024-08-02,2023,winter wheat,silage corn,1072.48375,0.0,,,0,0.05,0,0.355,0.05,3.804610446853605,-1.432360544732317,-0.1252464005872664,,-1.3151477727398646,,,1,136,245,79,Gated Pipe,,0.0,20749.619148486236,140.92263738310618,3033963.158115194,4.985049261716259,reconstruction,volume_observation_or_prediction_event
,PE_b3b8b68eb175291abc72,,,,,,869,2024-05-30,2024,2,1,MT,OUT,False,TRUE,Gated Pipe,"Method E300: ""Sample run out of holding time due to very limited time remaining from expiration""",0.0,"H, MS, MSD",94082.92,True,0.01,0.05,mg/L,SM4500P E (P-Ortho),0.01,0.05,ALS_2023plus,False,2023-09-13,2024-08-02,2023,winter wheat,silage corn,1072.48375,0.0,,,0,0.05,1,,0.05,-0.3885840286996418,-1.432360544732317,-0.1252464005872664,,-0.8192234335968713,-0.2969665243265301,,1,151,260,64,Gated Pipe,,0.0,26502.34128796184,180.26804160089415,3875073.1345391013,4.985049261716259,reconstruction,volume_observation_or_prediction_event
,PE_c048eef2d3cf689e2c62,,,,,,873,2024-05-30,2024,2,1,ST,OUT,False,TRUE,Gated Pipe,,0.0,"H, MS, MSD",94082.92,True,0.01,0.05,mg/L,SM4500P E (P-Ortho),0.01,0.05,ALS_2023plus,False,2023-09-13,2024-08-02,2023,winter wheat,silage corn,1045.47625,0.0,,,0,0.05,1,,0.05,-0.3885840286996418,-1.432360544732317,-0.1581696225603121,,-0.8192234335968713,-0.2969665243265301,,1,151,260,64,Gated Pipe,,0.0,20726.12569847057,140.76195531556917,3030528.1625235947,4.985049261716259,reconstruction,volume_observation_or_prediction_event
,PE_ea9f4afb0a59d1336d3c,,,,,,877,2024-05-30,2024,2,2,CT,OUT,False,TRUE,Gated Pipe,"OG outflow value: 122755.6, higher than inflow, impossible, filled with NA",0.0,"H, MS, MSD",95709.78,True,0.01,0.05,mg/L,SM4500P E (P-Ortho),0.01,0.05,ALS_2023plus,False,2023-09-13,2024-08-02,2023,winter wheat,silage corn,2725.32,0.0,,,0,0.05,1,,0.05,-0.3885840286996418,-1.432360544732317,1.889627051003812,,-0.8192234335968713,-0.2498867231683958,,1,151,260,64,Gated Pipe,,0.0,24280.538340877523,165.0721512161599,3550221.5983216735,4.985049261716259,reconstruction,volume_observation_or_prediction_event
,PE_27d245801095a28119bc,,,,,,901,2024-06-12,2024,3,2,CT,OUT,False,TRUE,Gated Pipe,"Method: SM4500P E: ""Sample was analyzed outside of the holding time at the request of the client. Results should be considered estimated"". OG outflow volume :764416.2, way higher than inflow, impossible, filled with NA.",0.0,H,100068.64,True,0.01,0.05,mg/L,SM4500P E (P-Ortho),0.01,0.05,ALS_2023plus,False,2023-09-13,2024-08-02,2023,winter wheat,silage corn,2725.32,0.0,,,0,0.05,1,,0.05,-0.3885840286996418,-1.432360544732317,1.889627051003812,,-0.3232990944538781,-0.1237454067206713,,1,164,273,51,Gated Pipe,,0.0,21294.774668861653,144.65119645317532,3113670.7705764016,4.985049261716259,reconstruction,volume_observation_or_prediction_event
,PE_c7a7996fd49c35cfb298,,,,,,913,2024-06-20,2024,4,1,CT,OUT,False,TRUE,Gated Pipe,,0.319,,,True,0.01,0.05,mg/L,SM4500P E (P-Ortho),0.01,0.05,ALS_2023plus,False,2023-09-13,2024-08-02,2023,winter wheat,silage corn,2725.32,0.0,,,0,0.05,0,0.319,0.05,3.379385091586234,-1.432360544732317,1.889627051003812,,0.1726252446891151,,,1,172,281,43,Gated Pipe,,0.0,22707.94848073551,154.31651549867985,3320292.0122719817,4.985049261716259,reconstruction,volume_observation_or_prediction_event
,PE_9ca54d59e62897264daa,,,,,,1105,2025-09-23,2025,S1,1,CT,OUT,,,Gated Pipe,"Tried to sample this storm event, only got enough water from MT2 and ST2 LC samplers for TSS analysis",,,,False,0.01,0.05,mg/L,SM4500P E (P-Ortho),0.01,0.05,ALS_2023plus,False,2025-04-24,2025-11-07,2025,grain corn,winter wheat,2933.58,70.03749999999991,4.666666666666667,0.0115233333333333,3,0.05,0,,0.05,,-0.039981276856385,2.143504315027007,,,,0.0466666666666666,1,266,152,45,Gated Pipe,,0.0,5414.613316895145,36.03976828262013,791820.0333916635,4.985049261716259,reconstruction,volume_observation_or_prediction_event
,PE_6a1dcf4d917f094b67eb,,,,,,1106,2025-09-23,2025,S1,1,MT,OUT,,,Gated Pipe,"Tried to sample this storm event, only got enough water from MT2 and ST2 LC samplers for TSS analysis. No outflow, etape data not usable",,,,False,0.01,0.05,mg/L,SM4500P E (P-Ortho),0.01,0.05,ALS_2023plus,False,2025-04-24,2025-11-07,2025,grain corn,winter wheat,1158.21875,80.27500000000009,51.0,0.34173,3,0.05,0,,0.05,,0.1635451590512377,-0.0207320088124243,,,,0.51,1,266,152,45,Gated Pipe,,0.0,5106.370110993553,33.93155703244309,746751.5546153964,4.985049261716259,reconstruction,volume_observation_or_prediction_event
,PE_05634c466992b0ba1b49,,,,,,1107,2025-09-23,2025,S1,1,ST,OUT,,,Gated Pipe,"Tried to sample this storm event, only got enough water from MT2 and ST2 LC samplers for TSS analysis",,,,False,0.01,0.05,mg/L,SM4500P E (P-Ortho),0.01,0.05,ALS_2023plus,False,2025-04-24,2025-11-07,2025,grain corn,winter wheat,1156.88625,105.95000000000005,39.66666666666666,0.2032366666666666,3,0.05,0,,0.05,,0.6739765379941547,-0.0223563795716239,,,,0.3966666666666665,1,266,152,45,Gated Pipe,,0.0,5812.547279725447,38.76141418171647,850002.2674678913,4.985049261716259,reconstruction,volume_observation_or_prediction_event
,PE_ef2fe3bcd4469440d92c,,,,,,1108,2025-09-23,2025,S1,2,CT,OUT,,,Gated Pipe,"Tried to sample this storm event, only got enough water from MT2 and ST2 LC samplers for TSS analysis. No outflow, etape data not usable",,,,False,0.01,0.05,mg/L,SM4500P E (P-Ortho),0.01,0.05,ALS_2023plus,False,2025-04-24,2025-11-07,2025,grain corn,winter wheat,2933.58,70.03749999999991,2.6666666666666665,0.0123866666666666,3,0.05,0,,0.05,,-0.039981276856385,2.143504315027007,,,,0.0266666666666666,1,266,152,45,Gated Pipe,,0.0,3470.777392003871,22.745016972959853,507610.27159248124,4.985049261716259,reconstruction,volume_observation_or_prediction_event
