model_version,source,interval_prob,interval_type,Year,analyte,treatment,n_events,n_rows,volume_mean,volume_low,volume_high,conc_mean,conc_low,conc_high,load_mean,load_low,load_high
v3p1_physical_event,Bayes_Modeled,0.95,95% posterior credible interval,2011,NH4,CT,12,12,151137.2260446697,103010.96867819886,191961.9029975874,0.11346241697805953,0.029257160262646662,0.22792930887506557,17.095894500042213,4.13736190007096,33.63090848976288
v3p1_physical_event,Bayes_Modeled,0.95,95% posterior credible interval,2011,NH4,MT,12,12,146346.83530550444,102875.68604063804,194176.23274410795,0.11537058908323693,0.02911210936545094,0.2277896916573659,16.8712887223606,4.092367507219371,33.76550520148511
v3p1_physical_event,Bayes_Modeled,0.95,95% posterior credible interval,2011,NH4,ST,12,12,141384.5814893776,100134.79895893676,184134.49173221295,0.11140362669864148,0.02559099856962572,0.22467999628288812,15.730400203113263,3.3751595465534487,33.51433185817193
v3p1_physical_event,Bayes_Modeled,0.95,95% posterior credible interval,2012,NH4,CT,20,20,221162.06070010277,135070.22603977376,304810.2733570377,0.09356232428656343,0.01738815647568316,0.20591465247566593,20.689430542778716,3.5257690414130867,47.07727516910337
v3p1_physical_event,Bayes_Modeled,0.95,95% posterior credible interval,2012,NH4,MT,20,20,205112.9291047372,144852.62514510143,267845.3759914493,0.10563586886319858,0.019902805306418647,0.2399938472543503,21.675172799335222,3.877339756743848,49.92532284017557
v3p1_physical_event,Bayes_Modeled,0.95,95% posterior credible interval,2012,NH4,ST,20,20,186661.68719114095,128108.60908219047,248543.5961205928,0.0935063216610178,0.0172993843226623,0.21110385553345035,17.459405740472402,2.9640928107390874,41.60929886702567
v3p1_physical_event,Bayes_Modeled,0.95,95% posterior credible interval,2013,NH4,CT,14,14,190983.1533558173,137453.97130257357,240143.25225275662,0.10873623170880808,0.017684527628869053,0.24868514249658621,20.802833008541565,3.0410743635057105,48.306747270067035
v3p1_physical_event,Bayes_Modeled,0.95,95% posterior credible interval,2013,NH4,MT,14,14,193104.37929627745,145653.42775791354,243551.86342235276,0.11045641180521605,0.01623203814935744,0.2433607160833804,21.387966804588093,3.219914782277204,47.814481347314526
v3p1_physical_event,Bayes_Modeled,0.95,95% posterior credible interval,2013,NH4,ST,14,14,169429.57186765925,122769.91028966528,215371.7963782447,0.10587537170603482,0.01644854880714027,0.2323389284121427,18.00577594836027,2.6090943033160805,40.86896530522781
v3p1_physical_event,Bayes_Modeled,0.95,95% posterior credible interval,2014,NH4,CT,10,10,152335.83174205667,116734.97314139664,190220.86473354237,0.12759628578354004,0.03898127763811349,0.24100283682925694,19.481808570563093,5.902740164656149,38.27861337067766
v3p1_physical_event,Bayes_Modeled,0.95,95% posterior credible interval,2014,NH4,MT,10,10,102940.70584653116,61881.852791097204,146722.67729970516,0.1181734582003159,0.024996084442736544,0.23951832369359755,12.154548073741724,2.2431038476151794,27.18545001532351
v3p1_physical_event,Bayes_Modeled,0.95,95% posterior credible interval,2014,NH4,ST,10,10,106259.33937140861,68656.21759579857,142762.11205472093,0.119205943714701,0.03163483891287196,0.23895323393224938,12.646301274455054,3.260906955789511,27.019338891468927
v3p1_physical_event,Bayes_Modeled,0.95,95% posterior credible interval,2015,NH4,CT,12,12,167237.88968380616,123595.29345629163,213293.9329038577,0.09103881912293128,0.04169079011900481,0.15052910623863097,15.23997298918139,6.45860827687491,26.542872027801813
v3p1_physical_event,Bayes_Modeled,0.95,95% posterior credible interval,2015,NH4,MT,12,12,122825.75942610118,78776.12739067139,163235.12927808135,0.09719716735492448,0.043949303829935185,0.1557744000576593,11.933034589724643,4.6070439998458035,20.76150015299978
v3p1_physical_event,Bayes_Modeled,0.95,95% posterior credible interval,2015,NH4,ST,12,12,120736.33823896911,77809.67815074172,159478.59535869583,0.12791937579276144,0.06938683498717865,0.18909004916159056,15.479071254760882,7.004080221706284,25.108323323788085
v3p1_physical_event,Bayes_Modeled,0.95,95% posterior credible interval,2016,NH4,CT,4,4,54112.056932422616,30050.693028198286,79424.58014825925,0.18318397312964568,0.109438801600519,0.25226867645395945,9.937836873530609,4.128359399618152,16.538184450584172
v3p1_physical_event,Bayes_Modeled,0.95,95% posterior credible interval,2016,NH4,MT,4,4,30716.955783358528,9693.919429301124,51270.76448205554,0.09586897408224343,0.03220813988242902,0.154674198504214,2.9367287900627037,0.6396467468987439,6.025869541392318
v3p1_physical_event,Bayes_Modeled,0.95,95% posterior credible interval,2016,NH4,ST,4,4,37594.50277492942,16997.29732639044,58392.36591972651,0.090843854655387,0.034469931961068734,0.1481766648987088,3.4203942041297912,0.9099163126614394,6.793242953096416
v3p1_physical_event,Bayes_Modeled,0.95,95% posterior credible interval,2017,NH4,CT,12,12,222584.8779290495,172005.1683700611,271669.2227710728,0.12683753783700757,0.023272455745716174,0.26948386422233916,28.350559029147693,5.0559124708581855,62.209816341883574
v3p1_physical_event,Bayes_Modeled,0.95,95% posterior credible interval,2017,NH4,MT,12,12,140595.58007993773,102534.10430517694,177154.34857940496,0.11590893534405465,0.01927533771250379,0.25026881830689146,16.313059588149205,2.6002504667244293,35.95711074827292
v3p1_physical_event,Bayes_Modeled,0.95,95% posterior credible interval,2017,NH4,ST,12,12,134367.03125826217,93217.43080411112,174795.1384201066,0.11032681691677194,0.017478968644877833,0.24306595863413194,14.887703199261704,2.5267083337239944,34.79285566270418
v3p1_physical_event,Bayes_Modeled,0.95,95% posterior credible interval,2018,NH4,CT,10,10,195184.58254943683,100558.62656465429,300793.3542041449,0.12325302437524743,0.023583140382729316,0.2474542536052562,24.40271768902915,3.8090171840903135,57.17623458693764
v3p1_physical_event,Bayes_Modeled,0.95,95% posterior credible interval,2018,NH4,MT,10,10,182910.06469350934,95643.0701905461,281566.4976569713,0.12081056559653412,0.025798099445698608,0.2451801937456346,22.310091786519052,3.357534898746633,51.48803875092527
v3p1_physical_event,Bayes_Modeled,0.95,95% posterior credible interval,2018,NH4,ST,10,10,182710.2876195573,96802.50334790425,281786.719877522,0.12153529904512118,0.019204220054415716,0.24406947634191486,22.359555378949388,3.387805063776254,50.82566741243316
v3p1_physical_event,Bayes_Modeled,0.95,95% posterior credible interval,2019,NH4,CT,2,2,45521.5029891098,27700.601655031387,64760.54735511522,0.1489406673286197,0,0.33198381828145807,6.844276784557694,0,17.046052017564826
v3p1_physical_event,Bayes_Modeled,0.95,95% posterior credible interval,2019,NH4,MT,2,2,44909.551177299516,24999.1211939371,65315.19283440706,0.14847447451172618,0,0.3426048391171428,6.771304179522168,0,17.28859547228012
v3p1_physical_event,Bayes_Modeled,0.95,95% posterior credible interval,2019,NH4,ST,2,2,45121.44241348826,24953.736777237278,65276.2459157626,0.15330756417840682,0,0.3555745317518014,6.9692584679453775,0,18.045389357673308
v3p1_physical_event,Bayes_Modeled,0.95,95% posterior credible interval,2020,NH4,CT,14,14,203395.72415625447,142958.01600181483,264983.7436059621,0.10607585274254482,0.030136417069980055,0.20918661160709284,21.640345645052086,5.892294569725957,43.94533095464176
v3p1_physical_event,Bayes_Modeled,0.95,95% posterior credible interval,2020,NH4,MT,14,14,164852.53578781293,116120.66170335689,209595.812930162,0.10942214267176692,0.026345465679257708,0.2122176730247753,18.083508018620737,4.103494266659423,37.58441228470452
v3p1_physical_event,Bayes_Modeled,0.95,95% posterior credible interval,2020,NH4,ST,14,14,162558.153713379,118783.88687868629,202847.43210803525,0.10888096232762494,0.0258327625487646,0.20782048748879478,17.73583508838152,3.868282256440867,35.28615211620591
v3p1_physical_event,Bayes_Modeled,0.95,95% posterior credible interval,2021,NH4,CT,12,12,185059.36596087946,133029.21465121963,238019.33682448335,0.11265209321469558,0.026496244146224947,0.21315269904480122,20.874068588486224,4.915836239779231,41.754462366752634
v3p1_physical_event,Bayes_Modeled,0.95,95% posterior credible interval,2021,NH4,MT,12,12,143039.85128028065,90393.30587378216,203559.80011493375,0.12137695242385005,0.02619381147248908,0.24071664033013193,17.367878086796228,3.389154935933364,38.06483153424486
v3p1_physical_event,Bayes_Modeled,0.95,95% posterior credible interval,2021,NH4,ST,12,12,144686.39752711792,94815.2110677681,198066.7725520251,0.12128478921904097,0.029048075199952735,0.23976439720277626,17.609175457458498,3.9296612074096005,36.839128932976124
v3p1_physical_event,Bayes_Modeled,0.95,95% posterior credible interval,2022,NH4,CT,16,16,247636.1980449116,185321.4539641537,309471.51201023825,0.10919974300318869,0.032676692879046364,0.21339283234551615,27.068130522326623,7.44501090438826,55.16464828366679
v3p1_physical_event,Bayes_Modeled,0.95,95% posterior credible interval,2022,NH4,MT,16,16,214205.49886105524,165469.8241892843,259377.58974362462,0.10351096682015344,0.024608643174600646,0.19919747899785442,22.185965592027202,5.219591695953292,43.54921991745954
v3p1_physical_event,Bayes_Modeled,0.95,95% posterior credible interval,2022,NH4,ST,16,16,219405.20722516303,166949.1990005723,266565.5867427715,0.10768598410162965,0.028305654335813626,0.2067044000270013,23.675851776456067,5.7739052207723605,45.59016510087084
v3p1_physical_event,Bayes_Modeled,0.95,95% posterior credible interval,2023,NH4,CT,14,14,256250.0159256672,207866.88041678947,307549.1527843118,0.10419877107990266,0.024464737368269943,0.21209925528389315,26.628942205549432,5.757619483190682,53.81207149434399
v3p1_physical_event,Bayes_Modeled,0.95,95% posterior credible interval,2023,NH4,MT,14,14,256672.8902414498,206047.62364569466,311827.70726089645,0.10590673423497231,0.022522405485071083,0.21506040181315766,27.15337730568562,5.587327788336018,55.53029589868903
v3p1_physical_event,Bayes_Modeled,0.95,95% posterior credible interval,2023,NH4,ST,14,14,237433.76107702238,192906.65916728263,283129.5963769149,0.10619278858732367,0.023286735793081555,0.2254428645447264,25.175903866455105,5.655899214462998,53.45790452461
v3p1_physical_event,Bayes_Modeled,0.95,95% posterior credible interval,2024,NH4,CT,8,8,177752.40544183357,143804.8217870137,212870.00509031944,0.1344736764327814,0.024628099382116478,0.2610667217995288,23.91155471315167,4.308174310577945,48.624954787683855
v3p1_physical_event,Bayes_Modeled,0.95,95% posterior credible interval,2024,NH4,MT,8,8,189233.3063071768,147348.53348904668,232512.99895476116,0.1351983672573635,0.017950084441018914,0.27821811688309905,25.59566366396547,3.158559453281092,54.23402940259986
v3p1_physical_event,Bayes_Modeled,0.95,95% posterior credible interval,2024,NH4,ST,8,8,199953.7050056471,168033.74527291095,231710.11029645707,0.13611796283356853,0.015816162043898224,0.2764387756300495,27.21386750007113,3.440286794323335,55.962332489119255
v3p1_physical_event,Bayes_Modeled,0.95,95% posterior credible interval,2025,NH4,CT,16,16,276039.9121493964,217863.39724868268,332984.0228634976,0.10930721952166289,0.024401017299992167,0.21707745510122167,30.223863011090305,6.49293128384523,62.938193062719236
v3p1_physical_event,Bayes_Modeled,0.95,95% posterior credible interval,2025,NH4,MT,16,16,287819.4676809641,229331.20648287295,347187.15965522913,0.11421932499499308,0.020994663299685384,0.2421760437622536,32.90732223546099,5.9423826130767745,68.64032626142748
v3p1_physical_event,Bayes_Modeled,0.95,95% posterior credible interval,2025,NH4,ST,16,16,281796.9159122469,228270.10776342687,349420.18965282507,0.10954864530176844,0.023490760162756724,0.22257092035435816,30.941929206577225,6.194843470230078,66.2117632581274
v3p1_physical_event,Bayes_Modeled,0.95,95% posterior credible interval,2011,NO2,CT,12,12,151137.2260446697,103010.96867819886,191961.9029975874,0.42801164001435044,0,1.3103460988789726,64.96374830676724,0,198.32854665824777
v3p1_physical_event,Bayes_Modeled,0.95,95% posterior credible interval,2011,NO2,MT,12,12,146346.83530550444,102875.68604063804,194176.23274410795,0.391688311734579,0,1.1715597766697048,57.11446120844924,0,168.68862877114177
v3p1_physical_event,Bayes_Modeled,0.95,95% posterior credible interval,2011,NO2,ST,12,12,141384.5814893776,100134.79895893676,184134.49173221295,0.39757264883163923,0,1.2236295378429356,56.2588616714439,0,174.77775395984008
v3p1_physical_event,Bayes_Modeled,0.95,95% posterior credible interval,2012,NO2,CT,20,20,221162.06070010277,135070.22603977376,304810.2733570377,0.4895210766350605,0.006919540674176107,1.491220828472812,108.88210605141431,1.6243390541230753,355.10644054209547
v3p1_physical_event,Bayes_Modeled,0.95,95% posterior credible interval,2012,NO2,MT,20,20,205112.9291047372,144852.62514510143,267845.3759914493,0.42511998842642257,0.0027949313572538607,1.3795666189384064,87.29290025848624,0.5632748683866466,287.8716025984706
v3p1_physical_event,Bayes_Modeled,0.95,95% posterior credible interval,2012,NO2,ST,20,20,186661.68719114095,128108.60908219047,248543.5961205928,0.4356331901913068,0.004196226916481131,1.390664664412206,81.23611109191773,0.687290633258869,269.16102646669594
v3p1_physical_event,Bayes_Modeled,0.95,95% posterior credible interval,2013,NO2,CT,14,14,190983.1533558173,137453.97130257357,240143.25225275662,0.3577071425742776,0,1.299497016553201,68.62940054767195,0,260.5996776015799
v3p1_physical_event,Bayes_Modeled,0.95,95% posterior credible interval,2013,NO2,MT,14,14,193104.37929627745,145653.42775791354,243551.86342235276,0.3378113812406704,0,1.3004246707008387,65.53228844444575,0,256.9610442718248
v3p1_physical_event,Bayes_Modeled,0.95,95% posterior credible interval,2013,NO2,ST,14,14,169429.57186765925,122769.91028966528,215371.7963782447,0.3273141468561409,0,1.2288604873976923,55.93387569389945,0,214.03760761979817
v3p1_physical_event,Bayes_Modeled,0.95,95% posterior credible interval,2014,NO2,CT,10,10,152335.83174205667,116734.97314139664,190220.86473354237,0.3786973241264918,0,1.2424693578415051,58.02288573617925,0,190.13886821795828
v3p1_physical_event,Bayes_Modeled,0.95,95% posterior credible interval,2014,NO2,MT,10,10,102940.70584653116,61881.852791097204,146722.67729970516,0.33292670408431263,0,1.1546855965850598,34.65909004381777,0,131.22925150810244
v3p1_physical_event,Bayes_Modeled,0.95,95% posterior credible interval,2014,NO2,ST,10,10,106259.33937140861,68656.21759579857,142762.11205472093,0.325080238764424,0,1.126214271811656,34.453895337618576,0,120.0048133430335
v3p1_physical_event,Bayes_Modeled,0.95,95% posterior credible interval,2015,NO2,CT,12,12,167237.88968380616,123595.29345629163,213293.9329038577,0.37041606636574853,0,1.198860480554045,62.22984017507823,0,207.3097474936353
v3p1_physical_event,Bayes_Modeled,0.95,95% posterior credible interval,2015,NO2,MT,12,12,122825.75942610118,78776.12739067139,163235.12927808135,0.3283479386835266,0,1.113196236804256,40.63087576836457,0,146.3395156748111
v3p1_physical_event,Bayes_Modeled,0.95,95% posterior credible interval,2015,NO2,ST,12,12,120736.33823896911,77809.67815074172,159478.59535869583,0.32200917238803434,0,1.1259725291404954,39.28326430446474,0,142.9051257128693
v3p1_physical_event,Bayes_Modeled,0.95,95% posterior credible interval,2016,NO2,CT,4,4,54112.056932422616,30050.693028198286,79424.58014825925,0.387525520979163,0,1.4965416085859586,20.999345242231882,0,81.22298404482109
v3p1_physical_event,Bayes_Modeled,0.95,95% posterior credible interval,2016,NO2,MT,4,4,30716.955783358528,9693.919429301124,51270.76448205554,0.345895385808914,0,1.4506380230834268,10.736310098047468,0,49.88442820217979
v3p1_physical_event,Bayes_Modeled,0.95,95% posterior credible interval,2016,NO2,ST,4,4,37594.50277492942,16997.29732639044,58392.36591972651,0.3413912472520789,0,1.4590747079817454,12.841110114875258,0,59.05072380305198
v3p1_physical_event,Bayes_Modeled,0.95,95% posterior credible interval,2017,NO2,CT,12,12,222584.8779290495,172005.1683700611,271669.2227710728,0.35695882352827657,0,1.411797712455873,79.61185030513225,0,323.1145922563403
v3p1_physical_event,Bayes_Modeled,0.95,95% posterior credible interval,2017,NO2,MT,12,12,140595.58007993773,102534.10430517694,177154.34857940496,0.2964268328181374,0,1.2292807700381143,41.87716007979768,0,179.65638248469867
v3p1_physical_event,Bayes_Modeled,0.95,95% posterior credible interval,2017,NO2,ST,12,12,134367.03125826217,93217.43080411112,174795.1384201066,0.2966831189488902,0,1.268238594742729,40.283356615038656,0,169.27370665487425
v3p1_physical_event,Bayes_Modeled,0.95,95% posterior credible interval,2018,NO2,CT,10,10,195184.58254943683,100558.62656465429,300793.3542041449,0.38916937009442204,0,1.2932477893429128,78.71259118359727,0,293.81238016915074
v3p1_physical_event,Bayes_Modeled,0.95,95% posterior credible interval,2018,NO2,MT,10,10,182910.06469350934,95643.0701905461,281566.4976569713,0.3725945470414553,0,1.2336799886687826,70.55095533832977,0,271.35896976904814
v3p1_physical_event,Bayes_Modeled,0.95,95% posterior credible interval,2018,NO2,ST,10,10,182710.2876195573,96802.50334790425,281786.719877522,0.37118156603158486,0,1.2846847410480788,69.51447384282208,0,255.84437882675036
v3p1_physical_event,Bayes_Modeled,0.95,95% posterior credible interval,2019,NO2,CT,2,2,45521.5029891098,27700.601655031387,64760.54735511522,0.28159992382645493,0,1.3970478781260722,12.967480303664393,0,63.59857593594028
v3p1_physical_event,Bayes_Modeled,0.95,95% posterior credible interval,2019,NO2,MT,2,2,44909.551177299516,24999.1211939371,65315.19283440706,0.2807142742893599,0,1.3989881489068206,12.842683777606315,0,64.96826391960481
v3p1_physical_event,Bayes_Modeled,0.95,95% posterior credible interval,2019,NO2,ST,2,2,45121.44241348826,24953.736777237278,65276.2459157626,0.2919990595550025,0,1.425901957046771,13.500219895279884,0,68.2528128778037
v3p1_physical_event,Bayes_Modeled,0.95,95% posterior credible interval,2020,NO2,CT,14,14,203395.72415625447,142958.01600181483,264983.7436059621,0.4073254507576589,0,1.2189520062010764,83.03394201280436,0,255.72118544282847
v3p1_physical_event,Bayes_Modeled,0.95,95% posterior credible interval,2020,NO2,MT,14,14,164852.53578781293,116120.66170335689,209595.812930162,0.35528633042874647,0,1.2026369488218125,58.132331000665474,0,196.0801676310091
v3p1_physical_event,Bayes_Modeled,0.95,95% posterior credible interval,2020,NO2,ST,14,14,162558.153713379,118783.88687868629,202847.43210803525,0.36263149496495006,0,1.2015903837174842,58.88532474098813,0,200.73387863971004
v3p1_physical_event,Bayes_Modeled,0.95,95% posterior credible interval,2021,NO2,CT,12,12,185059.36596087946,133029.21465121963,238019.33682448335,0.42458825038928766,0.012341619462383307,1.1909124389909342,78.79022839435088,2.1469056003178704,226.51684030525809
v3p1_physical_event,Bayes_Modeled,0.95,95% posterior credible interval,2021,NO2,MT,12,12,143039.85128028065,90393.30587378216,203559.80011493375,0.3299054463671303,0,1.0873344052615743,47.24337483895027,0,160.09352229103632
v3p1_physical_event,Bayes_Modeled,0.95,95% posterior credible interval,2021,NO2,ST,12,12,144686.39752711792,94815.2110677681,198066.7725520251,0.3322404953106672,0,1.020435816244997,48.13942766561893,0,157.913624703883
v3p1_physical_event,Bayes_Modeled,0.95,95% posterior credible interval,2022,NO2,CT,16,16,247636.1980449116,185321.4539641537,309471.51201023825,0.2880977706097438,0.10856697802621317,0.5185150524526085,71.39210922261846,25.016066186291386,133.6398948412836
v3p1_physical_event,Bayes_Modeled,0.95,95% posterior credible interval,2022,NO2,MT,16,16,214205.49886105524,165469.8241892843,259377.58974362462,0.2623583477153655,0.1113325897240325,0.4598819063466581,56.13246809484448,22.84546326968578,99.54651783730989
v3p1_physical_event,Bayes_Modeled,0.95,95% posterior credible interval,2022,NO2,ST,16,16,219405.20722516303,166949.1990005723,266565.5867427715,0.20387064637825528,0.07522140387939205,0.38526334442174115,44.705069758200786,15.442314114144354,85.63612179966002
v3p1_physical_event,Bayes_Modeled,0.95,95% posterior credible interval,2023,NO2,CT,14,14,256250.0159256672,207866.88041678947,307549.1527843118,0.046043484776246014,0,0.1694137066619032,11.869279294027903,0,42.97134638942073
v3p1_physical_event,Bayes_Modeled,0.95,95% posterior credible interval,2023,NO2,MT,14,14,256672.8902414498,206047.62364569466,311827.70726089645,0.04266897036026935,0,0.15487248882563187,11.031114244267428,0,38.63838083288062
v3p1_physical_event,Bayes_Modeled,0.95,95% posterior credible interval,2023,NO2,ST,14,14,237433.76107702238,192906.65916728263,283129.5963769149,0.04199606569914774,0,0.15697322408683623,10.063207575076005,0,37.3052594326215
v3p1_physical_event,Bayes_Modeled,0.95,95% posterior credible interval,2024,NO2,CT,8,8,177752.40544183357,143804.8217870137,212870.00509031944,0.03168194322091927,0,0.15600191672085162,5.6061087311452455,0,27.967168077904866
v3p1_physical_event,Bayes_Modeled,0.95,95% posterior credible interval,2024,NO2,MT,8,8,189233.3063071768,147348.53348904668,232512.99895476116,0.013704135553581997,0,0.09463487603043422,2.5964756440590757,0,18.067651289787193
v3p1_physical_event,Bayes_Modeled,0.95,95% posterior credible interval,2024,NO2,ST,8,8,199953.7050056471,168033.74527291095,231710.11029645707,0.022044650616081265,0,0.11148224523415054,4.401023374103446,0,21.34185949198796
v3p1_physical_event,Bayes_Modeled,0.95,95% posterior credible interval,2025,NO2,CT,16,16,276039.9121493964,217863.39724868268,332984.0228634976,0.7853543607713975,0.46154161007630484,1.1639208933496232,216.6496201679214,120.04480990005263,332.9669245585501
v3p1_physical_event,Bayes_Modeled,0.95,95% posterior credible interval,2025,NO2,MT,16,16,287819.4676809641,229331.20648287295,347187.15965522913,0.8040681494102287,0.5005100071832096,1.1762650239569843,231.33932875728286,132.3569366805272,347.3874625460461
v3p1_physical_event,Bayes_Modeled,0.95,95% posterior credible interval,2025,NO2,ST,16,16,281796.9159122469,228270.10776342687,349420.18965282507,0.7909170612130805,0.47888729094921084,1.157875120346932,222.91320323424827,126.40887003942575,339.1615371907535
v3p1_physical_event,Bayes_Modeled,0.95,95% posterior credible interval,2011,NO3,CT,12,12,151137.2260446697,103010.96867819886,191961.9029975874,7.123368302969526,5.251698218175578,8.948984216758458,1076.2110708080322,662.1491824295404,1501.3665822899886
v3p1_physical_event,Bayes_Modeled,0.95,95% posterior credible interval,2011,NO3,MT,12,12,146346.83530550444,102875.68604063804,194176.23274410795,7.3881525070575345,5.580622233866935,9.216928555671107,1081.728165386907,674.7999857954314,1573.5766876538905
v3p1_physical_event,Bayes_Modeled,0.95,95% posterior credible interval,2011,NO3,ST,12,12,141384.5814893776,100134.79895893676,184134.49173221295,7.32560309398342,5.517391355133119,9.078292531881871,1035.6961730385756,662.4457863414167,1461.5091537482378
v3p1_physical_event,Bayes_Modeled,0.95,95% posterior credible interval,2012,NO3,CT,20,20,221162.06070010277,135070.22603977376,304810.2733570377,7.522616762676059,5.8061302735038804,9.153213385270965,1664.3505353492424,953.1203808447297,2428.4752780247627
v3p1_physical_event,Bayes_Modeled,0.95,95% posterior credible interval,2012,NO3,MT,20,20,205112.9291047372,144852.62514510143,267845.3759914493,8.406779656362426,6.582252182625915,10.146787231571299,1723.1239280260365,1151.8833204259608,2371.9573118570142
v3p1_physical_event,Bayes_Modeled,0.95,95% posterior credible interval,2012,NO3,ST,20,20,186661.68719114095,128108.60908219047,248543.5961205928,7.894560290912604,6.105176454707845,9.46110100436479,1473.0574686366576,941.2246195588696,2086.2272713428856
v3p1_physical_event,Bayes_Modeled,0.95,95% posterior credible interval,2013,NO3,CT,14,14,190983.1533558173,137453.97130257357,240143.25225275662,7.61592957763548,5.830818142786662,9.36565561543123,1456.054300591565,936.7503335325064,2005.2063816052296
v3p1_physical_event,Bayes_Modeled,0.95,95% posterior credible interval,2013,NO3,MT,14,14,193104.37929627745,145653.42775791354,243551.86342235276,7.856663762296039,6.005198103629603,9.543464638135916,1517.2236935945189,1049.0732829563435,2059.8129912727377
v3p1_physical_event,Bayes_Modeled,0.95,95% posterior credible interval,2013,NO3,ST,14,14,169429.57186765925,122769.91028966528,215371.7963782447,7.827578883491214,5.900936048160971,9.682357505943152,1326.3801580469212,851.195214738511,1827.3210756780966
v3p1_physical_event,Bayes_Modeled,0.95,95% posterior credible interval,2014,NO3,CT,10,10,152335.83174205667,116734.97314139664,190220.86473354237,8.80531085417817,7.53672660580227,10.079503369726835,1340.7716554293188,1018.3459754008009,1738.5347879087403
v3p1_physical_event,Bayes_Modeled,0.95,95% posterior credible interval,2014,NO3,MT,10,10,102940.70584653116,61881.852791097204,146722.67729970516,8.320749921150918,6.434356011253012,10.154909562749683,857.7203021324352,482.4857291839733,1329.1892880650094
v3p1_physical_event,Bayes_Modeled,0.95,95% posterior credible interval,2014,NO3,ST,10,10,106259.33937140861,68656.21759579857,142762.11205472093,8.584027405538418,7.198591741372146,9.859357673382664,912.1386959769748,570.1544719537743,1281.583323415592
v3p1_physical_event,Bayes_Modeled,0.95,95% posterior credible interval,2015,NO3,CT,12,12,167237.88968380616,123595.29345629163,213293.9329038577,7.896997952064487,6.835149355839837,8.817795651394153,1320.3563778851626,957.7280566315897,1715.5028646881847
v3p1_physical_event,Bayes_Modeled,0.95,95% posterior credible interval,2015,NO3,MT,12,12,122825.75942610118,78776.12739067139,163235.12927808135,8.00784423680426,6.9602149148271,8.984545152524714,983.573808899912,612.5726939287387,1335.255226941506
v3p1_physical_event,Bayes_Modeled,0.95,95% posterior credible interval,2015,NO3,ST,12,12,120736.33823896911,77809.67815074172,159478.59535869583,8.137302032343229,7.070854597590786,9.09867178628322,982.8389486484349,618.4899046666919,1329.7264083511602
v3p1_physical_event,Bayes_Modeled,0.95,95% posterior credible interval,2016,NO3,CT,4,4,54112.056932422616,30050.693028198286,79424.58014825925,5.06714643571565,4.13634197178617,5.912140437858723,274.4868271179177,147.602565383152,411.5982068860191
v3p1_physical_event,Bayes_Modeled,0.95,95% posterior credible interval,2016,NO3,MT,4,4,30716.955783358528,9693.919429301124,51270.76448205554,4.963780612363973,3.9728572565293243,5.783247564119792,152.71346851530396,48.00441350025496,260.1404721954044
v3p1_physical_event,Bayes_Modeled,0.95,95% posterior credible interval,2016,NO3,ST,4,4,37594.50277492942,16997.29732639044,58392.36591972651,5.10859634664293,4.177115291763327,5.919135433743694,192.10924482740143,82.26043037671849,302.9574854065098
v3p1_physical_event,Bayes_Modeled,0.95,95% posterior credible interval,2017,NO3,CT,12,12,222584.8779290495,172005.1683700611,271669.2227710728,8.955202341915115,8.081593235164995,9.68645368814804,1993.641277277271,1522.8692449544847,2489.077576009491
v3p1_physical_event,Bayes_Modeled,0.95,95% posterior credible interval,2017,NO3,MT,12,12,140595.58007993773,102534.10430517694,177154.34857940496,8.999170724979866,8.119803232110673,9.716218852705872,1265.145807525284,912.3532031497864,1606.6603089354348
v3p1_physical_event,Bayes_Modeled,0.95,95% posterior credible interval,2017,NO3,ST,12,12,134367.03125826217,93217.43080411112,174795.1384201066,8.862038585754238,7.998889305026223,9.591136670107186,1190.4920142404364,806.9729894293946,1560.5015576826436
v3p1_physical_event,Bayes_Modeled,0.95,95% posterior credible interval,2018,NO3,CT,10,10,195184.58254943683,100558.62656465429,300793.3542041449,7.813794194094935,4.626608940615747,10.925480261106259,1528.1129661839213,698.2300924810086,2750.40480906994
v3p1_physical_event,Bayes_Modeled,0.95,95% posterior credible interval,2018,NO3,MT,10,10,182910.06469350934,95643.0701905461,281566.4976569713,7.901143212272786,4.673043528896457,11.034378650167344,1446.376970872563,657.7147020622108,2651.600284946316
v3p1_physical_event,Bayes_Modeled,0.95,95% posterior credible interval,2018,NO3,ST,10,10,182710.2876195573,96802.50334790425,281786.719877522,7.913038382870167,4.66078835202185,11.138886766983134,1447.5532867536863,674.4289467471144,2648.975666201123
v3p1_physical_event,Bayes_Modeled,0.95,95% posterior credible interval,2019,NO3,CT,2,2,45521.5029891098,27700.601655031387,64760.54735511522,8.46775083241673,4.501890361676018,12.60994062588789,386.27108314670596,161.65501216136403,682.8207705697432
v3p1_physical_event,Bayes_Modeled,0.95,95% posterior credible interval,2019,NO3,MT,2,2,44909.551177299516,24999.1211939371,65315.19283440706,8.552020659096923,4.290304123049453,12.981185141510036,385.57848039725343,142.2415718651431,692.4961531272177
v3p1_physical_event,Bayes_Modeled,0.95,95% posterior credible interval,2019,NO3,ST,2,2,45121.44241348826,24953.736777237278,65276.2459157626,8.462019053077245,4.357371501200491,12.912380601598894,383.79326349607726,150.3641425327262,674.7755291425872
v3p1_physical_event,Bayes_Modeled,0.95,95% posterior credible interval,2020,NO3,CT,14,14,203395.72415625447,142958.01600181483,264983.7436059621,7.587239961509788,6.386008466652759,8.736851919300559,1544.455673944043,1016.1214080160937,2128.8058787777873
v3p1_physical_event,Bayes_Modeled,0.95,95% posterior credible interval,2020,NO3,MT,14,14,164852.53578781293,116120.66170335689,209595.812930162,7.812753400867272,6.62579502756955,8.945185607230508,1288.4955423125912,868.2966451331351,1696.7183982098154
v3p1_physical_event,Bayes_Modeled,0.95,95% posterior credible interval,2020,NO3,ST,14,14,162558.153713379,118783.88687868629,202847.43210803525,7.79676105556795,6.492661896529525,8.940939495323546,1266.5058466154567,894.1496481296863,1630.974978567128
v3p1_physical_event,Bayes_Modeled,0.95,95% posterior credible interval,2021,NO3,CT,12,12,185059.36596087946,133029.21465121963,238019.33682448335,7.97480074620896,7.094511850591445,8.726700182710871,1476.2319424972627,1044.1127955700065,1929.27996196811
v3p1_physical_event,Bayes_Modeled,0.95,95% posterior credible interval,2021,NO3,MT,12,12,143039.85128028065,90393.30587378216,203559.80011493375,8.187435148859286,7.277371160114948,8.910473965801083,1171.1291750791486,722.4560232094268,1698.5863394280882
v3p1_physical_event,Bayes_Modeled,0.95,95% posterior credible interval,2021,NO3,ST,12,12,144686.39752711792,94815.2110677681,198066.7725520251,8.220045138196108,7.303909817501149,8.987660338554946,1189.506913859491,768.3201235641395,1648.7617767330225
v3p1_physical_event,Bayes_Modeled,0.95,95% posterior credible interval,2022,NO3,CT,16,16,247636.1980449116,185321.4539641537,309471.51201023825,6.773887114270167,5.781255560376284,7.637291338894813,1677.4416649699267,1186.2858849544061,2179.413351687741
v3p1_physical_event,Bayes_Modeled,0.95,95% posterior credible interval,2022,NO3,MT,16,16,214205.49886105524,165469.8241892843,259377.58974362462,6.910122123198355,5.897871548524868,7.8185972381666105,1479.6389953926084,1100.2850873251637,1853.1179026194645
v3p1_physical_event,Bayes_Modeled,0.95,95% posterior credible interval,2022,NO3,ST,16,16,219405.20722516303,166949.1990005723,266565.5867427715,7.00593519620042,5.949174540929558,7.949094438317776,1537.6324534586265,1110.8026240868257,1936.8333788771097
v3p1_physical_event,Bayes_Modeled,0.95,95% posterior credible interval,2023,NO3,CT,14,14,256250.0159256672,207866.88041678947,307549.1527843118,7.187900153518792,5.512332532734418,9.067357692925707,1837.8542443264503,1351.922036132491,2438.0010206457273
v3p1_physical_event,Bayes_Modeled,0.95,95% posterior credible interval,2023,NO3,MT,14,14,256672.8902414498,206047.62364569466,311827.70726089645,7.98118664069019,6.240673130648915,9.927029297754999,2043.5394477557445,1520.4964217055142,2675.8636756748374
v3p1_physical_event,Bayes_Modeled,0.95,95% posterior credible interval,2023,NO3,ST,14,14,237433.76107702238,192906.65916728263,283129.5963769149,7.25403900238944,5.473140130702475,9.348755719772608,1716.3685913922448,1257.5184673113954,2266.605796338389
v3p1_physical_event,Bayes_Modeled,0.95,95% posterior credible interval,2024,NO3,CT,8,8,177752.40544183357,143804.8217870137,212870.00509031944,7.644035843404316,6.064679834271688,9.574613803606649,1359.6662618931314,972.8506300949757,1862.3069597727454
v3p1_physical_event,Bayes_Modeled,0.95,95% posterior credible interval,2024,NO3,MT,8,8,189233.3063071768,147348.53348904668,232512.99895476116,7.686989439742357,5.960501829202996,9.644489091877492,1452.7463292884952,1035.908013823929,1979.8454414987898
v3p1_physical_event,Bayes_Modeled,0.95,95% posterior credible interval,2024,NO3,ST,8,8,199953.7050056471,168033.74527291095,231710.11029645707,7.716252037009287,6.141772105248538,9.694710270167644,1543.341820750969,1133.865898584579,2032.8976881355836
v3p1_physical_event,Bayes_Modeled,0.95,95% posterior credible interval,2025,NO3,CT,16,16,276039.9121493964,217863.39724868268,332984.0228634976,1.989302049048794,0.5375895767772694,3.8524522266155685,547.6571061673405,148.44004419623434,1081.6417582155673
v3p1_physical_event,Bayes_Modeled,0.95,95% posterior credible interval,2025,NO3,MT,16,16,287819.4676809641,229331.20648287295,347187.15965522913,1.9500305937172333,0.5253012357009728,3.835760287390128,557.649029246181,154.9578017298996,1101.8918365817035
v3p1_physical_event,Bayes_Modeled,0.95,95% posterior credible interval,2025,NO3,ST,16,16,281796.9159122469,228270.10776342687,349420.18965282507,1.9669370706183547,0.5219212904897514,3.826160710354988,549.7869391913547,145.94066789692522,1089.014763151673
v3p1_physical_event,Bayes_Modeled,0.95,95% posterior credible interval,2011,OP,CT,12,12,151137.2260446697,103010.96867819886,191961.9029975874,0.16144185539210706,0.05777506946580066,0.2770415523269737,24.326183815531945,8.263505258558292,44.14358351778538
v3p1_physical_event,Bayes_Modeled,0.95,95% posterior credible interval,2011,OP,MT,12,12,146346.83530550444,102875.68604063804,194176.23274410795,0.17113372591983395,0.05877118987316994,0.2892722166883979,24.972921810861305,7.787063334760747,45.05709935084762
v3p1_physical_event,Bayes_Modeled,0.95,95% posterior credible interval,2011,OP,ST,12,12,141384.5814893776,100134.79895893676,184134.49173221295,0.16046762306178347,0.05411785336282603,0.2803966859515795,22.68328676861477,6.973807462036514,42.2148332815037
v3p1_physical_event,Bayes_Modeled,0.95,95% posterior credible interval,2012,OP,CT,20,20,221162.06070010277,135070.22603977376,304810.2733570377,0.18797814013006856,0.0829231049431099,0.31159781967922806,41.25450986394829,17.329223031177374,71.89113939938052
v3p1_physical_event,Bayes_Modeled,0.95,95% posterior credible interval,2012,OP,MT,20,20,205112.9291047372,144852.62514510143,267845.3759914493,0.23854652903856083,0.13032183460059862,0.34674288295720757,48.81248397396737,24.4209671547411,77.24249980254106
v3p1_physical_event,Bayes_Modeled,0.95,95% posterior credible interval,2012,OP,ST,20,20,186661.68719114095,128108.60908219047,248543.5961205928,0.1859146277581043,0.08083417071155696,0.29210087021300224,34.613176091131635,14.575338735648039,61.24190754847131
v3p1_physical_event,Bayes_Modeled,0.95,95% posterior credible interval,2013,OP,CT,14,14,190983.1533558173,137453.97130257357,240143.25225275662,0.07402076808687237,0.005045311426571544,0.18738061415760715,14.105230670426513,1.0076578289695044,37.99490002968429
v3p1_physical_event,Bayes_Modeled,0.95,95% posterior credible interval,2013,OP,MT,14,14,193104.37929627745,145653.42775791354,243551.86342235276,0.077632875631388,0.006554916271249683,0.20135664063973258,14.890149488862981,1.2247826307559198,39.31851009913718
v3p1_physical_event,Bayes_Modeled,0.95,95% posterior credible interval,2013,OP,ST,14,14,169429.57186765925,122769.91028966528,215371.7963782447,0.07341881169512227,0.005341527147904948,0.19079441939521147,12.418947716713651,0.9494979867178311,33.48048431040153
v3p1_physical_event,Bayes_Modeled,0.95,95% posterior credible interval,2014,OP,CT,10,10,152335.83174205667,116734.97314139664,190220.86473354237,0.14332248621752108,0.06346437418748445,0.23635466770586708,21.843708053725685,9.427485917150738,38.538703888898795
v3p1_physical_event,Bayes_Modeled,0.95,95% posterior credible interval,2014,OP,MT,10,10,102940.70584653116,61881.852791097204,146722.67729970516,0.19624957787457897,0.08882684118117909,0.3094888237701121,20.237496887430286,7.895698750953647,36.512981553526444
v3p1_physical_event,Bayes_Modeled,0.95,95% posterior credible interval,2014,OP,ST,10,10,106259.33937140861,68656.21759579857,142762.11205472093,0.18489639418897175,0.09742324754615045,0.2837756586873639,19.600290070489812,9.365966783782621,32.77482724350908
v3p1_physical_event,Bayes_Modeled,0.95,95% posterior credible interval,2015,OP,CT,12,12,167237.88968380616,123595.29345629163,213293.9329038577,0.07267804170666327,0.01593086365243085,0.15366250714396856,12.156863992660046,2.5693734122246115,26.74829274203834
v3p1_physical_event,Bayes_Modeled,0.95,95% posterior credible interval,2015,OP,MT,12,12,122825.75942610118,78776.12739067139,163235.12927808135,0.0648197440655302,0.009032699615308393,0.14359179876279216,7.988584969790503,1.1014141491538112,18.93038705560589
v3p1_physical_event,Bayes_Modeled,0.95,95% posterior credible interval,2015,OP,ST,12,12,120736.33823896911,77809.67815074172,159478.59535869583,0.07619241855670182,0.017504503198589046,0.15666120063468048,9.218954350798908,1.929898436835923,19.898023736397562
v3p1_physical_event,Bayes_Modeled,0.95,95% posterior credible interval,2016,OP,CT,4,4,54112.056932422616,30050.693028198286,79424.58014825925,0.04907084916146379,0,0.13666242572479398,2.687136149692924,0,8.11863108477487
v3p1_physical_event,Bayes_Modeled,0.95,95% posterior credible interval,2016,OP,MT,4,4,30716.955783358528,9693.919429301124,51270.76448205554,0.03584181534224033,0,0.11984343698402605,1.107283562255798,0,4.118398213564908
v3p1_physical_event,Bayes_Modeled,0.95,95% posterior credible interval,2016,OP,ST,4,4,37594.50277492942,16997.29732639044,58392.36591972651,0.041200683399898956,0,0.1235144707013916,1.540832908170546,0,4.977142438604897
v3p1_physical_event,Bayes_Modeled,0.95,95% posterior credible interval,2017,OP,CT,12,12,222584.8779290495,172005.1683700611,271669.2227710728,0.08706362593782029,0.01725562890308381,0.1779805390110712,19.410266176186344,3.5911305873123696,40.63926403783735
v3p1_physical_event,Bayes_Modeled,0.95,95% posterior credible interval,2017,OP,MT,12,12,140595.58007993773,102534.10430517694,177154.34857940496,0.04877879763022322,0.004157562073007343,0.12495942234298166,6.8528258341568575,0.5869107139175284,18.30637007208055
v3p1_physical_event,Bayes_Modeled,0.95,95% posterior credible interval,2017,OP,ST,12,12,134367.03125826217,93217.43080411112,174795.1384201066,0.046064972358229754,0.0026600646293692097,0.12105529763846551,6.186679725201738,0.342184985852468,17.055783741417166
v3p1_physical_event,Bayes_Modeled,0.95,95% posterior credible interval,2018,OP,CT,10,10,195184.58254943683,100558.62656465429,300793.3542041449,0.2575263017327957,0.0879813599000635,0.48342701740315697,50.34321512960906,15.36983029779303,112.08225969998009
v3p1_physical_event,Bayes_Modeled,0.95,95% posterior credible interval,2018,OP,MT,10,10,182910.06469350934,95643.0701905461,281566.4976569713,0.2647884669676168,0.0999973634211391,0.4764864755358833,48.391257736689276,16.178262181031684,107.45064121021267
v3p1_physical_event,Bayes_Modeled,0.95,95% posterior credible interval,2018,OP,ST,10,10,182710.2876195573,96802.50334790425,281786.719877522,0.26282404597800374,0.09151052270699528,0.484383429819058,47.99574586903657,15.756195546476548,103.28533004101172
v3p1_physical_event,Bayes_Modeled,0.95,95% posterior credible interval,2019,OP,CT,2,2,45521.5029891098,27700.601655031387,64760.54735511522,0.3405537435055565,0.0839464633156678,0.6095051681863652,15.618998424555619,3.4155451310388756,30.727847752672425
v3p1_physical_event,Bayes_Modeled,0.95,95% posterior credible interval,2019,OP,MT,2,2,44909.551177299516,24999.1211939371,65315.19283440706,0.3391289284173389,0.09239506094661995,0.6048298909697405,15.368043262495577,3.3703687317830937,31.531706859856023
v3p1_physical_event,Bayes_Modeled,0.95,95% posterior credible interval,2019,OP,ST,2,2,45121.44241348826,24953.736777237278,65276.2459157626,0.34141072205860445,0.0909246046723934,0.612174411247818,15.524793158915221,3.5271387206999125,32.35965745161987
v3p1_physical_event,Bayes_Modeled,0.95,95% posterior credible interval,2020,OP,CT,14,14,203395.72415625447,142958.01600181483,264983.7436059621,0.13470470235715049,0.03560960558030095,0.2625079099944323,27.341104217561664,6.989315323511628,55.72766091583278
v3p1_physical_event,Bayes_Modeled,0.95,95% posterior credible interval,2020,OP,MT,14,14,164852.53578781293,116120.66170335689,209595.812930162,0.15291095424195073,0.045451991868646735,0.28749441443709733,25.281668653580766,7.003716145616599,50.90415678706604
v3p1_physical_event,Bayes_Modeled,0.95,95% posterior credible interval,2020,OP,ST,14,14,162558.153713379,118783.88687868629,202847.43210803525,0.15309097749673667,0.04674971869345981,0.27898645735320915,24.907996491555643,7.148499898270784,47.75079563045156
v3p1_physical_event,Bayes_Modeled,0.95,95% posterior credible interval,2021,OP,CT,12,12,185059.36596087946,133029.21465121963,238019.33682448335,0.18247066291986996,0.07792693783197106,0.30639073589815097,33.78932977060346,13.792429183229283,59.75201896771355
v3p1_physical_event,Bayes_Modeled,0.95,95% posterior credible interval,2021,OP,MT,12,12,143039.85128028065,90393.30587378216,203559.80011493375,0.2022502181190489,0.08648732958739655,0.3281150855997911,28.712341970695014,11.311839502612994,51.0751233509978
v3p1_physical_event,Bayes_Modeled,0.95,95% posterior credible interval,2021,OP,ST,12,12,144686.39752711792,94815.2110677681,198066.7725520251,0.19256344433242523,0.08760691364635825,0.31249567900282543,27.708752557537416,11.937705678620258,48.65994426972166
v3p1_physical_event,Bayes_Modeled,0.95,95% posterior credible interval,2022,OP,CT,16,16,247636.1980449116,185321.4539641537,309471.51201023825,0.16107295870033345,0.07598857654943154,0.25975541653432166,40.037424731473315,17.64140030455732,68.8537578012062
v3p1_physical_event,Bayes_Modeled,0.95,95% posterior credible interval,2022,OP,MT,16,16,214205.49886105524,165469.8241892843,259377.58974362462,0.16020243442882312,0.07868947051757125,0.24860455171153362,34.35793995907512,16.39197365123114,56.342483978528975
v3p1_physical_event,Bayes_Modeled,0.95,95% posterior credible interval,2022,OP,ST,16,16,219405.20722516303,166949.1990005723,266565.5867427715,0.17483788229337413,0.0925490097686664,0.2690674781547072,38.43697446612844,19.297259404744267,61.52988372404029
v3p1_physical_event,Bayes_Modeled,0.95,95% posterior credible interval,2023,OP,CT,14,14,256250.0159256672,207866.88041678947,307549.1527843118,0.11158002238806082,0.057723387607970356,0.18023581076378714,28.49047910218552,14.468209431136248,45.620736388302674
v3p1_physical_event,Bayes_Modeled,0.95,95% posterior credible interval,2023,OP,MT,14,14,256672.8902414498,206047.62364569466,311827.70726089645,0.1316079760771191,0.07259275397082882,0.20566030919142186,33.57972418639492,18.4529221049622,52.080676313306554
v3p1_physical_event,Bayes_Modeled,0.95,95% posterior credible interval,2023,OP,ST,14,14,237433.76107702238,192906.65916728263,283129.5963769149,0.14310139747111203,0.07982379676941974,0.2181674825716201,33.90594557497574,18.321284927350455,53.01334709549768
v3p1_physical_event,Bayes_Modeled,0.95,95% posterior credible interval,2024,OP,CT,8,8,177752.40544183357,143804.8217870137,212870.00509031944,0.42249796728895644,0.31232759793080284,0.5308767308559206,75.00596034048793,53.02146834830572,98.81998030908369
v3p1_physical_event,Bayes_Modeled,0.95,95% posterior credible interval,2024,OP,MT,8,8,189233.3063071768,147348.53348904668,232512.99895476116,0.38833601403754514,0.28261447826860975,0.49798046340316793,73.31086232248141,50.77625613842234,99.94610895245762
v3p1_physical_event,Bayes_Modeled,0.95,95% posterior credible interval,2024,OP,ST,8,8,199953.7050056471,168033.74527291095,231710.11029645707,0.42924415584063547,0.31966676792895865,0.5385375030003368,85.7349682502572,63.14030330503069,112.131197588567
v3p1_physical_event,Bayes_Modeled,0.95,95% posterior credible interval,2025,OP,CT,16,16,276039.9121493964,217863.39724868268,332984.0228634976,0.18101255440882036,0.09780407266056937,0.2833785105981481,49.872890866686284,25.807078999053438,80.76262158568173
v3p1_physical_event,Bayes_Modeled,0.95,95% posterior credible interval,2025,OP,MT,16,16,287819.4676809641,229331.20648287295,347187.15965522913,0.25401561852739296,0.15897160883685937,0.366096620502281,73.10765160592082,42.82929118423731,108.62973515436818
v3p1_physical_event,Bayes_Modeled,0.95,95% posterior credible interval,2025,OP,ST,16,16,281796.9159122469,228270.10776342687,349420.18965282507,0.1995759477035031,0.11335886930736798,0.301124898150809,56.08370791782823,30.698080235740505,88.72515059145537
v3p1_physical_event,Bayes_Modeled,0.95,95% posterior credible interval,2011,Se,CT,12,12,151137.2260446697,103010.96867819886,191961.9029975874,0.00652916654310605,0.004880205965317769,0.008117659406101554,0.9883759795541381,0.594045196757352,1.382075608589779
v3p1_physical_event,Bayes_Modeled,0.95,95% posterior credible interval,2011,Se,MT,12,12,146346.83530550444,102875.68604063804,194176.23274410795,0.005974245881379176,0.004257069437392803,0.007615832687375215,0.8755085952153451,0.5370444921735373,1.2984845879160565
v3p1_physical_event,Bayes_Modeled,0.95,95% posterior credible interval,2011,Se,ST,12,12,141384.5814893776,100134.79895893676,184134.49173221295,0.00592662452441705,0.004312267103829669,0.007546696625538807,0.8389903026689274,0.5056114835067662,1.1986536612849612
v3p1_physical_event,Bayes_Modeled,0.95,95% posterior credible interval,2012,Se,CT,20,20,221162.06070010277,135070.22603977376,304810.2733570377,0.006435566284176818,0.004555905994554264,0.008236166843116113,1.4285716411924219,0.7493908304302033,2.166448876147632
v3p1_physical_event,Bayes_Modeled,0.95,95% posterior credible interval,2012,Se,MT,20,20,205112.9291047372,144852.62514510143,267845.3759914493,0.005877413297661314,0.0041661651513652635,0.0075903999314499305,1.2075020546904922,0.7109645682180703,1.791793644082485
v3p1_physical_event,Bayes_Modeled,0.95,95% posterior credible interval,2012,Se,ST,20,20,186661.68719114095,128108.60908219047,248543.5961205928,0.005760728561973577,0.003989370720031374,0.007380002248288794,1.076974672202619,0.6205755156993329,1.5693830925557752
v3p1_physical_event,Bayes_Modeled,0.95,95% posterior credible interval,2013,Se,CT,14,14,190983.1533558173,137453.97130257357,240143.25225275662,0.006231299539773135,0.0035567782470484347,0.008748544110397473,1.1925993041768532,0.6012988646836669,1.8008829665228676
v3p1_physical_event,Bayes_Modeled,0.95,95% posterior credible interval,2013,Se,MT,14,14,193104.37929627745,145653.42775791354,243551.86342235276,0.00587549777043886,0.0030669247781350342,0.008443081058227693,1.1386310152065526,0.5587582141510209,1.7584950427533665
v3p1_physical_event,Bayes_Modeled,0.95,95% posterior credible interval,2013,Se,ST,14,14,169429.57186765925,122769.91028966528,215371.7963782447,0.005823685568199154,0.003280026090498195,0.008402444607478153,0.9900273048149053,0.47097803016153666,1.5695187742051053
v3p1_physical_event,Bayes_Modeled,0.95,95% posterior credible interval,2014,Se,CT,10,10,152335.83174205667,116734.97314139664,190220.86473354237,0.006764725214029705,0.0049626740903657846,0.008475212698568357,1.0315036519128058,0.6683587860352931,1.4302648539891032
v3p1_physical_event,Bayes_Modeled,0.95,95% posterior credible interval,2014,Se,MT,10,10,102940.70584653116,61881.852791097204,146722.67729970516,0.006126885897711123,0.004153348214202951,0.007893453504682933,0.632311971385107,0.3310901077582197,1.014312057480589
v3p1_physical_event,Bayes_Modeled,0.95,95% posterior credible interval,2014,Se,ST,10,10,106259.33937140861,68656.21759579857,142762.11205472093,0.0061495999067237945,0.004202045523492452,0.007912562209640442,0.6548003294389632,0.36157737704690107,1.0053824711233408
v3p1_physical_event,Bayes_Modeled,0.95,95% posterior credible interval,2015,Se,CT,12,12,167237.88968380616,123595.29345629163,213293.9329038577,0.006579059986281773,0.004783371465752466,0.008205711893302438,1.1001626395685715,0.6966099981501066,1.5193449890403354
v3p1_physical_event,Bayes_Modeled,0.95,95% posterior credible interval,2015,Se,MT,12,12,122825.75942610118,78776.12739067139,163235.12927808135,0.005819068780291366,0.004066400769944728,0.007365615212252237,0.7152877376864106,0.3994520395800051,1.0495015489319313
v3p1_physical_event,Bayes_Modeled,0.95,95% posterior credible interval,2015,Se,ST,12,12,120736.33823896911,77809.67815074172,159478.59535869583,0.0057909851877020755,0.003946983318419249,0.007422263380393155,0.699830832199851,0.40015177895071,1.0213757946131743
v3p1_physical_event,Bayes_Modeled,0.95,95% posterior credible interval,2016,Se,CT,4,4,54112.056932422616,30050.693028198286,79424.58014825925,0.006402018269505907,0.003184444836354152,0.009256261141540193,0.3484266923811307,0.14214698536518894,0.6135728039938362
v3p1_physical_event,Bayes_Modeled,0.95,95% posterior credible interval,2016,Se,MT,4,4,30716.955783358528,9693.919429301124,51270.76448205554,0.00571885601105187,0.002416600197302882,0.00854184499980445,0.17562927291489805,0.04462964043896654,0.3451176797540151
v3p1_physical_event,Bayes_Modeled,0.95,95% posterior credible interval,2016,Se,ST,4,4,37594.50277492942,16997.29732639044,58392.36591972651,0.005796168462439981,0.0026373152565774887,0.008455409542187757,0.21877008637026166,0.06719031339407595,0.4105713719743494
v3p1_physical_event,Bayes_Modeled,0.95,95% posterior credible interval,2017,Se,CT,12,12,222584.8779290495,172005.1683700611,271669.2227710728,0.0065370461890871074,0.0035326247787212887,0.009571932469400399,1.4567430098920828,0.7508726535081345,2.187228692691181
v3p1_physical_event,Bayes_Modeled,0.95,95% posterior credible interval,2017,Se,MT,12,12,140595.58007993773,102534.10430517694,177154.34857940496,0.005717354786326745,0.002775755986037889,0.008567804725518498,0.8052386363860247,0.38372810353497633,1.304565964646668
v3p1_physical_event,Bayes_Modeled,0.95,95% posterior credible interval,2017,Se,ST,12,12,134367.03125826217,93217.43080411112,174795.1384201066,0.005584369851297945,0.0028278462804615795,0.008383523293181486,0.7496096231879257,0.36971378139934713,1.209413111465074
v3p1_physical_event,Bayes_Modeled,0.95,95% posterior credible interval,2018,Se,CT,10,10,195184.58254943683,100558.62656465429,300793.3542041449,0.006589167823473302,0.00402538550066046,0.009082554388200551,1.2963876373628411,0.560640110880714,2.2399410921821983
v3p1_physical_event,Bayes_Modeled,0.95,95% posterior credible interval,2018,Se,MT,10,10,182910.06469350934,95643.0701905461,281566.4976569713,0.006365760991877135,0.003977090447019914,0.008861884337814627,1.1712568992657484,0.49854706651215125,2.051440938301525
v3p1_physical_event,Bayes_Modeled,0.95,95% posterior credible interval,2018,Se,ST,10,10,182710.2876195573,96802.50334790425,281786.719877522,0.006353701066904567,0.0037525870620610875,0.008996521870687819,1.1659543639955805,0.5047756824199734,2.060230158107858
v3p1_physical_event,Bayes_Modeled,0.95,95% posterior credible interval,2019,Se,CT,2,2,45521.5029891098,27700.601655031387,64760.54735511522,0.00662746033255108,0.0031631344574674625,0.010298553699806562,0.3029620226989769,0.11912828512677451,0.5450426198854119
v3p1_physical_event,Bayes_Modeled,0.95,95% posterior credible interval,2019,Se,MT,2,2,44909.551177299516,24999.1211939371,65315.19283440706,0.006606841690052824,0.003073442738906091,0.01022844213623363,0.2981881117350258,0.10158236586700012,0.5482159618039002
v3p1_physical_event,Bayes_Modeled,0.95,95% posterior credible interval,2019,Se,ST,2,2,45121.44241348826,24953.736777237278,65276.2459157626,0.0066834232943420915,0.003096391272779285,0.010447043188906796,0.30321755112226245,0.11067178886360332,0.5632867628067649
v3p1_physical_event,Bayes_Modeled,0.95,95% posterior credible interval,2020,Se,CT,14,14,203395.72415625447,142958.01600181483,264983.7436059621,0.006503569336317664,0.0054983891122439375,0.0074956894837416126,1.3238513825099,0.9030484819300626,1.811648900974312
v3p1_physical_event,Bayes_Modeled,0.95,95% posterior credible interval,2020,Se,MT,14,14,164852.53578781293,116120.66170335689,209595.812930162,0.005700049849239718,0.004774746938017312,0.0066445935444075545,0.9401378996027681,0.6272656595508483,1.2415713777701636
v3p1_physical_event,Bayes_Modeled,0.95,95% posterior credible interval,2020,Se,ST,14,14,162558.153713379,118783.88687868629,202847.43210803525,0.005674984445471783,0.004681113960386043,0.006621064889174771,0.9231357667871521,0.6437015432950357,1.236923079157368
v3p1_physical_event,Bayes_Modeled,0.95,95% posterior credible interval,2021,Se,CT,12,12,185059.36596087946,133029.21465121963,238019.33682448335,0.007042426552798763,0.006249512418958419,0.007873457977660977,1.3042496010751732,0.9061968362448721,1.7248472268939359
v3p1_physical_event,Bayes_Modeled,0.95,95% posterior credible interval,2021,Se,MT,12,12,143039.85128028065,90393.30587378216,203559.80011493375,0.006015645715847189,0.005264498051122428,0.0067484198163255665,0.8605352325167219,0.5340159326613264,1.252110905493221
v3p1_physical_event,Bayes_Modeled,0.95,95% posterior credible interval,2021,Se,ST,12,12,144686.39752711792,94815.2110677681,198066.7725520251,0.006255238679582314,0.005522263711707092,0.007015448462054685,0.9051034851373874,0.5956694293502502,1.2679994308157803
v3p1_physical_event,Bayes_Modeled,0.95,95% posterior credible interval,2022,Se,CT,16,16,247636.1980449116,185321.4539641537,309471.51201023825,0.0073803833439415574,0.0064394034710658025,0.008527212114611448,1.8297070340717194,1.277939442370133,2.4160717667599325
v3p1_physical_event,Bayes_Modeled,0.95,95% posterior credible interval,2022,Se,MT,16,16,214205.49886105524,165469.8241892843,259377.58974362462,0.006341901449246762,0.0055646850978096725,0.0071299298326826955,1.3594631633235519,1.0092030611625933,1.7255319099924562
v3p1_physical_event,Bayes_Modeled,0.95,95% posterior credible interval,2022,Se,ST,16,16,219405.20722516303,166949.1990005723,266565.5867427715,0.006338842053867432,0.005626369001932391,0.007058832559164018,1.39155298596042,1.0130766379988805,1.755315542328478
v3p1_physical_event,Bayes_Modeled,0.95,95% posterior credible interval,2023,Se,CT,14,14,256250.0159256672,207866.88041678947,307549.1527843118,0.006311247174675344,0.004077543314286241,0.008530424380381662,1.6201947262704508,0.9729417807039362,2.36101535839283
v3p1_physical_event,Bayes_Modeled,0.95,95% posterior credible interval,2023,Se,MT,14,14,256672.8902414498,206047.62364569466,311827.70726089645,0.0061299473528271834,0.00380833789117074,0.008559217270006036,1.5749290666744817,0.927426273256535,2.332800799688976
v3p1_physical_event,Bayes_Modeled,0.95,95% posterior credible interval,2023,Se,ST,14,14,237433.76107702238,192906.65916728263,283129.5963769149,0.006226863619714075,0.004009437115722815,0.008486589300891377,1.4820717885411248,0.897920152458425,2.1925913890270654
v3p1_physical_event,Bayes_Modeled,0.95,95% posterior credible interval,2024,Se,CT,8,8,177752.40544183357,143804.8217870137,212870.00509031944,0.00655147694539989,0.003665462600615279,0.0094727279663322575,1.16404110866764,0.6038638416848008,1.7207132871982227
v3p1_physical_event,Bayes_Modeled,0.95,95% posterior credible interval,2024,Se,MT,8,8,189233.3063071768,147348.53348904668,232512.99895476116,0.006423244934111963,0.0035131171232179203,0.009438913448335622,1.2098853310356583,0.6290402041830361,1.7963637347577546
v3p1_physical_event,Bayes_Modeled,0.95,95% posterior credible interval,2024,Se,ST,8,8,199953.7050056471,168033.74527291095,231710.11029645707,0.006659544986621277,0.003675336904894453,0.01017467073941866,1.3295092586209198,0.7407920644831807,2.0201207849018106
v3p1_physical_event,Bayes_Modeled,0.95,95% posterior credible interval,2025,Se,CT,16,16,276039.9121493964,217863.39724868268,332984.0228634976,0.006743396380540252,0.005177990861965952,0.008357348715065625,1.8605921095206666,1.29673005639009,2.489633209981702
v3p1_physical_event,Bayes_Modeled,0.95,95% posterior credible interval,2025,Se,MT,16,16,287819.4676809641,229331.20648287295,347187.15965522913,0.0065997669470626835,0.004375801319274892,0.009925538070178557,1.9031990297144474,1.1355424572381136,2.9460911339602758
v3p1_physical_event,Bayes_Modeled,0.95,95% posterior credible interval,2025,Se,ST,16,16,281796.9159122469,228270.10776342687,349420.18965282507,0.0064054935730906825,0.0045493467819192855,0.00818730032576815,1.8043022242123237,1.2312197832553669,2.4633857313639917
v3p1_physical_event,Bayes_Modeled,0.95,95% posterior credible interval,2011,TDS,CT,12,12,151137.2260446697,103010.96867819886,191961.9029975874,877.1791160112838,593.518053641787,1156.1022808077807,132627.1364879329,77867.06429671531,192467.2080282289
v3p1_physical_event,Bayes_Modeled,0.95,95% posterior credible interval,2011,TDS,MT,12,12,146346.83530550444,102875.68604063804,194176.23274410795,925.779316388025,643.871941851324,1209.0461500297804,135481.76873946647,82854.69098174358,201433.97656034108
v3p1_physical_event,Bayes_Modeled,0.95,95% posterior credible interval,2011,TDS,ST,12,12,141384.5814893776,100134.79895893676,184134.49173221295,926.7378119161068,636.3048276014749,1214.7192380229526,131067.3141288453,79543.24209998143,192393.19311614602
v3p1_physical_event,Bayes_Modeled,0.95,95% posterior credible interval,2012,TDS,CT,20,20,221162.06070010277,135070.22603977376,304810.2733570377,794.8313415349808,509.20024890803415,1091.6064607977742,175991.2990190512,89469.50335851195,281619.14413196256
v3p1_physical_event,Bayes_Modeled,0.95,95% posterior credible interval,2012,TDS,MT,20,20,205112.9291047372,144852.62514510143,267845.3759914493,889.7937044500461,595.5267510655228,1181.6074909734589,182540.20771842438,108383.64142152431,268423.9469654807
v3p1_physical_event,Bayes_Modeled,0.95,95% posterior credible interval,2012,TDS,ST,20,20,186661.68719114095,128108.60908219047,248543.5961205928,862.1944238229888,584.410589755036,1166.7414830738512,161030.11637302767,93239.22996207175,246998.3148306561
v3p1_physical_event,Bayes_Modeled,0.95,95% posterior credible interval,2013,TDS,CT,14,14,190983.1533558173,137453.97130257357,240143.25225275662,802.4061591348401,505.80877218666853,1090.4742682756682,153495.54117004602,83440.68716871605,229128.11074523246
v3p1_physical_event,Bayes_Modeled,0.95,95% posterior credible interval,2013,TDS,MT,14,14,193104.37929627745,145653.42775791354,243551.86342235276,842.1275970460032,544.0304987512802,1121.4217732720638,162657.29984929998,95330.48139863001,237633.81917153002
v3p1_physical_event,Bayes_Modeled,0.95,95% posterior credible interval,2013,TDS,ST,14,14,169429.57186765925,122769.91028966528,215371.7963782447,843.779241132997,557.9533366951272,1119.4120069843784,142955.9221176573,82115.6013499208,207033.0641026431
v3p1_physical_event,Bayes_Modeled,0.95,95% posterior credible interval,2014,TDS,CT,10,10,152335.83174205667,116734.97314139664,190220.86473354237,912.3152860962352,595.6723676583917,1229.7810338371432,138917.37857818056,83672.77850693281,198383.75560369025
v3p1_physical_event,Bayes_Modeled,0.95,95% posterior credible interval,2014,TDS,MT,10,10,102940.70584653116,61881.852791097204,146722.67729970516,932.2661469067856,611.6280063731463,1252.7692896983322,95892.82554949498,48430.31698165834,151322.1583693734
v3p1_physical_event,Bayes_Modeled,0.95,95% posterior credible interval,2014,TDS,ST,10,10,106259.33937140861,68656.21759579857,142762.11205472093,944.1106292694062,649.686454251741,1269.8288233178278,100300.19499305036,54990.87776929632,152996.65095646132
v3p1_physical_event,Bayes_Modeled,0.95,95% posterior credible interval,2015,TDS,CT,12,12,167237.88968380616,123595.29345629163,213293.9329038577,864.1946568873489,573.6122343123111,1169.4599188289853,144602.96530628984,83661.70848103787,209564.39043591236
v3p1_physical_event,Bayes_Modeled,0.95,95% posterior credible interval,2015,TDS,MT,12,12,122825.75942610118,78776.12739067139,163235.12927808135,912.5143724066153,610.6101369379014,1203.3793321380713,111926.18191172458,61353.86313158396,165321.86258542788
v3p1_physical_event,Bayes_Modeled,0.95,95% posterior credible interval,2015,TDS,ST,12,12,120736.33823896911,77809.67815074172,159478.59535869583,918.3351821330525,605.4502770747015,1211.271713279612,110841.23265240104,59244.57298288852,164069.5191033557
v3p1_physical_event,Bayes_Modeled,0.95,95% posterior credible interval,2016,TDS,CT,4,4,54112.056932422616,30050.693028198286,79424.58014825925,905.0282372724345,481.59634948886446,1345.7933137879181,49041.12412255407,21065.624421675988,85723.20412813008
v3p1_physical_event,Bayes_Modeled,0.95,95% posterior credible interval,2016,TDS,MT,4,4,30716.955783358528,9693.919429301124,51270.76448205554,917.1523340445946,469.2793691162596,1339.1454249160793,28218.594399945607,7381.724838231568,54343.3627273001
v3p1_physical_event,Bayes_Modeled,0.95,95% posterior credible interval,2016,TDS,ST,4,4,37594.50277492942,16997.29732639044,58392.36591972651,937.3434616137968,485.8537380256007,1380.327806035335,35312.16518813703,12244.877002498732,65092.85888852662
v3p1_physical_event,Bayes_Modeled,0.95,95% posterior credible interval,2017,TDS,CT,12,12,222584.8779290495,172005.1683700611,271669.2227710728,824.831952134925,512.4046034507371,1114.0895042143122,183612.7722488535,108776.89860378565,262908.38034856424
v3p1_physical_event,Bayes_Modeled,0.95,95% posterior credible interval,2017,TDS,MT,12,12,140595.58007993773,102534.10430517694,177154.34857940496,863.3958547408304,582.2869964188956,1147.8828975174808,121431.1620333065,71206.04016805139,177327.95734213752
v3p1_physical_event,Bayes_Modeled,0.95,95% posterior credible interval,2017,TDS,ST,12,12,134367.03125826217,93217.43080411112,174795.1384201066,850.7084341536549,535.8747441409165,1121.264868311504,114478.1724859117,62898.58193677827,173118.4950491186
v3p1_physical_event,Bayes_Modeled,0.95,95% posterior credible interval,2018,TDS,CT,10,10,195184.58254943683,100558.62656465429,300793.3542041449,954.772224315701,629.7480406616744,1273.2955742973652,186663.3372358911,91123.98157018132,318631.0134112777
v3p1_physical_event,Bayes_Modeled,0.95,95% posterior credible interval,2018,TDS,MT,10,10,182910.06469350934,95643.0701905461,281566.4976569713,974.8815872528435,672.5345256328237,1291.125815243723,178388.33753100596,88418.22455392755,311334.70366440224
v3p1_physical_event,Bayes_Modeled,0.95,95% posterior credible interval,2018,TDS,ST,10,10,182710.2876195573,96802.50334790425,281786.719877522,970.8419177769895,660.4573533782334,1281.2976228473904,177621.48123180994,83576.37547454762,309085.59983432625
v3p1_physical_event,Bayes_Modeled,0.95,95% posterior credible interval,2019,TDS,CT,2,2,45521.5029891098,27700.601655031387,64760.54735511522,1071.8263866003037,615.1085329800774,1487.5811993384702,49026.37920543762,22495.100392034416,80714.73005537779
v3p1_physical_event,Bayes_Modeled,0.95,95% posterior credible interval,2019,TDS,MT,2,2,44909.551177299516,24999.1211939371,65315.19283440706,1070.7015679494334,613.3071412641484,1492.077021864676,48281.7485526154,20486.277601899445,82606.06143968778
v3p1_physical_event,Bayes_Modeled,0.95,95% posterior credible interval,2019,TDS,ST,2,2,45121.44241348826,24953.736777237278,65276.2459157626,1071.3823647366085,638.3478827629278,1490.922141655445,48444.5665629093,22003.366856000437,81604.2099663192
v3p1_physical_event,Bayes_Modeled,0.95,95% posterior credible interval,2020,TDS,CT,14,14,203395.72415625447,142958.01600181483,264983.7436059621,868.740053957585,593.372702085389,1152.9116950260668,176860.23270584372,105580.39941758153,260703.4403610318
v3p1_physical_event,Bayes_Modeled,0.95,95% posterior credible interval,2020,TDS,MT,14,14,164852.53578781293,116120.66170335689,209595.812930162,914.9723692633294,626.2856662490034,1202.7507446032841,150858.6588662898,90317.68468205436,219119.8173344194
v3p1_physical_event,Bayes_Modeled,0.95,95% posterior credible interval,2020,TDS,ST,14,14,162558.153713379,118783.88687868629,202847.43210803525,912.1579075988204,616.2231968385672,1211.2107247041558,148370.18101299502,88260.82293080576,210968.06723577593
v3p1_physical_event,Bayes_Modeled,0.95,95% posterior credible interval,2021,TDS,CT,12,12,185059.36596087946,133029.21465121963,238019.33682448335,857.325661816911,579.8677937634601,1154.145966638989,158708.42321820586,94221.09208850728,231179.18141128647
v3p1_physical_event,Bayes_Modeled,0.95,95% posterior credible interval,2021,TDS,MT,12,12,143039.85128028065,90393.30587378216,203559.80011493375,924.8039856820326,626.3242869400055,1237.5645077552206,132185.01048227318,71838.28226277285,202437.0879931514
v3p1_physical_event,Bayes_Modeled,0.95,95% posterior credible interval,2021,TDS,ST,12,12,144686.39752711792,94815.2110677681,198066.7725520251,922.938970793436,635.8432651850051,1212.478579896058,133620.41685189103,72885.4118613636,206400.13304701576
v3p1_physical_event,Bayes_Modeled,0.95,95% posterior credible interval,2022,TDS,CT,16,16,247636.1980449116,185321.4539641537,309471.51201023825,845.3443420166503,607.4479474461184,1107.4227453127717,209581.782340817,133827.3685743942,302389.19055790955
v3p1_physical_event,Bayes_Modeled,0.95,95% posterior credible interval,2022,TDS,MT,16,16,214205.49886105524,165469.8241892843,259377.58974362462,879.1758702481811,636.4125710230338,1149.3424545857356,188271.46651952754,122368.79309946412,262013.07226137194
v3p1_physical_event,Bayes_Modeled,0.95,95% posterior credible interval,2022,TDS,ST,16,16,219405.20722516303,166949.1990005723,266565.5867427715,890.2190633211411,644.5121646097559,1160.7615419446986,195354.95323396355,126742.81997106964,272601.0632031673
v3p1_physical_event,Bayes_Modeled,0.95,95% posterior credible interval,2023,TDS,CT,14,14,256250.0159256672,207866.88041678947,307549.1527843118,930.019512663694,735.6818113526108,1141.3448874336425,237836.66750437368,180399.17780061025,303425.58589627943
v3p1_physical_event,Bayes_Modeled,0.95,95% posterior credible interval,2023,TDS,MT,14,14,256672.8902414498,206047.62364569466,311827.70726089645,1018.6335251744595,828.9489192925085,1220.3213027053046,260989.75210761384,200274.0694864724,333597.68242132594
v3p1_physical_event,Bayes_Modeled,0.95,95% posterior credible interval,2023,TDS,ST,14,14,237433.76107702238,192906.65916728263,283129.5963769149,967.7888847212699,763.7871264742648,1181.3590870395205,229032.04022988508,176324.55103802838,289277.7306831473
v3p1_physical_event,Bayes_Modeled,0.95,95% posterior credible interval,2024,TDS,CT,8,8,177752.40544183357,143804.8217870137,212870.00509031944,1103.8506407282966,928.8367191018895,1301.4334173818804,196392.5121296758,146876.43052224157,249174.49246255204
v3p1_physical_event,Bayes_Modeled,0.95,95% posterior credible interval,2024,TDS,MT,8,8,189233.3063071768,147348.53348904668,232512.99895476116,1128.945730229508,950.7340770502767,1320.4125417802345,213576.83652982942,156407.20291566467,272373.82087920577
v3p1_physical_event,Bayes_Modeled,0.95,95% posterior credible interval,2024,TDS,ST,8,8,199953.7050056471,168033.74527291095,231710.11029645707,1128.3210660260847,952.9986419674376,1318.3674217764092,225666.67152570945,177847.212548994,279631.9504589988
v3p1_physical_event,Bayes_Modeled,0.95,95% posterior credible interval,2025,TDS,CT,16,16,276039.9121493964,217863.39724868268,332984.0228634976,696.666363100391,519.570237149723,888.2858249415913,192271.52175516819,131156.61674381047,259268.47925864175
v3p1_physical_event,Bayes_Modeled,0.95,95% posterior credible interval,2025,TDS,MT,16,16,287819.4676809641,229331.20648287295,347187.15965522913,692.9616490859232,517.2071195298845,888.4901581391846,199258.22930659037,139826.51629840495,263179.5336657207
v3p1_physical_event,Bayes_Modeled,0.95,95% posterior credible interval,2025,TDS,ST,16,16,281796.9159122469,228270.10776342687,349420.18965282507,712.9640826054928,534.7684763739567,907.341387766674,200788.61757136858,143938.11782122756,274546.74540044455
v3p1_physical_event,Bayes_Modeled,0.95,95% posterior credible interval,2011,TKN,CT,12,12,151137.2260446697,103010.96867819886,191961.9029975874,2.6228354821022566,0.16818196818868483,6.429306367714714,396.386831884654,25.584963465311773,1018.9745793914228
v3p1_physical_event,Bayes_Modeled,0.95,95% posterior credible interval,2011,TKN,MT,12,12,146346.83530550444,102875.68604063804,194176.23274410795,2.52792812320644,0.14871632841451668,6.375509382417777,372.34028610436206,19.94951218551912,954.4319202827269
v3p1_physical_event,Bayes_Modeled,0.95,95% posterior credible interval,2011,TKN,ST,12,12,141384.5814893776,100134.79895893676,184134.49173221295,2.5514250212449867,0.12334258047205007,6.127401673943427,361.96240745160657,15.530021046434864,920.5702069236454
v3p1_physical_event,Bayes_Modeled,0.95,95% posterior credible interval,2012,TKN,CT,20,20,221162.06070010277,135070.22603977376,304810.2733570377,4.123983816395042,0.8299152687883029,8.264014834710993,911.9825312813116,171.08014962633683,1976.5394824121677
v3p1_physical_event,Bayes_Modeled,0.95,95% posterior credible interval,2012,TKN,MT,20,20,205112.9291047372,144852.62514510143,267845.3759914493,3.9014229106245635,0.7925241285981095,7.851445019592854,799.4328513907174,166.02747507954632,1658.0208224668327
v3p1_physical_event,Bayes_Modeled,0.95,95% posterior credible interval,2012,TKN,ST,20,20,186661.68719114095,128108.60908219047,248543.5961205928,3.750788085389642,0.7467281345697991,7.672005157707487,700.5931371862025,128.49601914022105,1537.107888819533
v3p1_physical_event,Bayes_Modeled,0.95,95% posterior credible interval,2013,TKN,CT,14,14,190983.1533558173,137453.97130257357,240143.25225275662,5.420378531968373,2.8426117851743733,8.444435534046605,1034.6526673997084,513.198661743103,1713.018665139322
v3p1_physical_event,Bayes_Modeled,0.95,95% posterior credible interval,2013,TKN,MT,14,14,193104.37929627745,145653.42775791354,243551.86342235276,5.250662772742582,2.6571919134401267,8.012644507283664,1014.9404696328232,493.0874311936104,1653.8527694024187
v3p1_physical_event,Bayes_Modeled,0.95,95% posterior credible interval,2013,TKN,ST,14,14,169429.57186765925,122769.91028966528,215371.7963782447,4.93535961090605,2.601615898837956,7.730846540619684,837.3043391290529,397.2732272809644,1440.5488888418897
v3p1_physical_event,Bayes_Modeled,0.95,95% posterior credible interval,2014,TKN,CT,10,10,152335.83174205667,116734.97314139664,190220.86473354237,4.616026329125859,2.591845990736444,6.923440694566013,704.4905342234239,367.1372025309911,1121.0992979728267
v3p1_physical_event,Bayes_Modeled,0.95,95% posterior credible interval,2014,TKN,MT,10,10,102940.70584653116,61881.852791097204,146722.67729970516,4.621218277320753,2.0300543518013443,7.598938518309411,477.34791643431794,180.44964760756994,868.5574136201744
v3p1_physical_event,Bayes_Modeled,0.95,95% posterior credible interval,2014,TKN,ST,10,10,106259.33937140861,68656.21759579857,142762.11205472093,4.666442304519142,2.5695795869062232,7.155577155728475,496.67693473674655,232.89839108043572,847.9549248800862
v3p1_physical_event,Bayes_Modeled,0.95,95% posterior credible interval,2015,TKN,CT,12,12,167237.88968380616,123595.29345629163,213293.9329038577,1.8092205340443346,0.6742494930642426,3.1074453656141747,302.69459451403054,108.786880511307,561.044758506536
v3p1_physical_event,Bayes_Modeled,0.95,95% posterior credible interval,2015,TKN,MT,12,12,122825.75942610118,78776.12739067139,163235.12927808135,1.2667877922645072,0.34973651156758745,2.4845675425879,156.01993908908688,39.84970488751831,331.07366084460443
v3p1_physical_event,Bayes_Modeled,0.95,95% posterior credible interval,2015,TKN,ST,12,12,120736.33823896911,77809.67815074172,159478.59535869583,1.344581662756215,0.4010473247323901,2.650270078551416,162.22851339680057,40.35095338595174,336.32590316938774
v3p1_physical_event,Bayes_Modeled,0.95,95% posterior credible interval,2016,TKN,CT,4,4,54112.056932422616,30050.693028198286,79424.58014825925,0.8944403063916586,0,2.4058847873516003,48.560642160169145,0,142.61433723389723
v3p1_physical_event,Bayes_Modeled,0.95,95% posterior credible interval,2016,TKN,MT,4,4,30716.955783358528,9693.919429301124,51270.76448205554,0.7788001578500663,0,2.3392972578245104,23.81458171528029,0,75.97674553790037
v3p1_physical_event,Bayes_Modeled,0.95,95% posterior credible interval,2016,TKN,ST,4,4,37594.50277492942,16997.29732639044,58392.36591972651,0.7695830633856644,0,2.375558144162116,28.952615399452174,0,93.70687836369548
v3p1_physical_event,Bayes_Modeled,0.95,95% posterior credible interval,2017,TKN,CT,12,12,222584.8779290495,172005.1683700611,271669.2227710728,4.39951484957516,2.969138268289444,5.859244460675896,981.1889543824228,589.1650570177218,1390.1746948411676
v3p1_physical_event,Bayes_Modeled,0.95,95% posterior credible interval,2017,TKN,MT,12,12,140595.58007993773,102534.10430517694,177154.34857940496,3.032764931367378,1.5764367574589373,4.769392049086884,427.2168254528129,205.61068729787078,726.3515929528303
v3p1_physical_event,Bayes_Modeled,0.95,95% posterior credible interval,2017,TKN,ST,12,12,134367.03125826217,93217.43080411112,174795.1384201066,2.9536070720330563,1.3370969283863852,4.960497074288121,397.4009648518737,162.32627045208318,704.9819014195414
v3p1_physical_event,Bayes_Modeled,0.95,95% posterior credible interval,2018,TKN,CT,10,10,195184.58254943683,100558.62656465429,300793.3542041449,2.4843455279944093,0.010681371892617617,6.629163041609232,486.24426267510114,1.9566239408828165,1482.5197538889274
v3p1_physical_event,Bayes_Modeled,0.95,95% posterior credible interval,2018,TKN,MT,10,10,182910.06469350934,95643.0701905461,281566.4976569713,2.4109739933906735,0.0463754173735266,6.497473188585172,442.53910529302146,7.608137847596497,1333.9993262138387
v3p1_physical_event,Bayes_Modeled,0.95,95% posterior credible interval,2018,TKN,ST,10,10,182710.2876195573,96802.50334790425,281786.719877522,2.399843275842315,0.023134718628522292,6.528956598934039,439.9998691164151,3.718204189902816,1326.6498995135707
v3p1_physical_event,Bayes_Modeled,0.95,95% posterior credible interval,2019,TKN,CT,2,2,45521.5029891098,27700.601655031387,64760.54735511522,1.1891907205110284,0,5.643529544938589,55.4825548805278,0,276.75027873054916
v3p1_physical_event,Bayes_Modeled,0.95,95% posterior credible interval,2019,TKN,MT,2,2,44909.551177299516,24999.1211939371,65315.19283440706,1.197263887889469,0,5.756118102765148,55.149660597943964,0,284.76604021587735
v3p1_physical_event,Bayes_Modeled,0.95,95% posterior credible interval,2019,TKN,ST,2,2,45121.44241348826,24953.736777237278,65276.2459157626,1.2362685197829872,0,5.997945548901104,56.191331003543475,0,278.3414101267583
v3p1_physical_event,Bayes_Modeled,0.95,95% posterior credible interval,2020,TKN,CT,14,14,203395.72415625447,142958.01600181483,264983.7436059621,2.7163554650435673,1.285657702388438,4.426021503789608,552.9577073799518,238.47033778226674,980.6043372138357
v3p1_physical_event,Bayes_Modeled,0.95,95% posterior credible interval,2020,TKN,MT,14,14,164852.53578781293,116120.66170335689,209595.812930162,2.413949358445968,0.9140160685918053,4.262855873861235,398.9749847975173,141.35834822473745,728.1563798871616
v3p1_physical_event,Bayes_Modeled,0.95,95% posterior credible interval,2020,TKN,ST,14,14,162558.153713379,118783.88687868629,202847.43210803525,2.514749244715939,0.9544747470964299,4.395042948489195,409.7819066691513,139.81648967519692,764.7227119520396
v3p1_physical_event,Bayes_Modeled,0.95,95% posterior credible interval,2021,TKN,CT,12,12,185059.36596087946,133029.21465121963,238019.33682448335,2.7539422625894314,1.4289880684550145,4.246590786378615,510.62189364080626,242.16118399630528,834.8039642557819
v3p1_physical_event,Bayes_Modeled,0.95,95% posterior credible interval,2021,TKN,MT,12,12,143039.85128028065,90393.30587378216,203559.80011493375,1.584083283554021,0.5452152868336821,2.9820313077155136,226.002641022717,69.14196714987179,447.71287024974686
v3p1_physical_event,Bayes_Modeled,0.95,95% posterior credible interval,2021,TKN,ST,12,12,144686.39752711792,94815.2110677681,198066.7725520251,1.3237906641720136,0.37079815194210886,2.568690299656673,191.192057393061,50.06638640474435,387.89362038522916
v3p1_physical_event,Bayes_Modeled,0.95,95% posterior credible interval,2022,TKN,CT,16,16,247636.1980449116,185321.4539641537,309471.51201023825,3.387083434956358,1.783973974443746,5.239071807236401,840.8393983388364,404.84547181335466,1398.7675061099728
v3p1_physical_event,Bayes_Modeled,0.95,95% posterior credible interval,2022,TKN,MT,16,16,214205.49886105524,165469.8241892843,259377.58974362462,3.0081647849612168,1.4645981404901987,4.725697494637677,644.5119352084449,293.27526761397286,1064.739379577866
v3p1_physical_event,Bayes_Modeled,0.95,95% posterior credible interval,2022,TKN,ST,16,16,219405.20722516303,166949.1990005723,266565.5867427715,3.5334721558240396,1.932066045834703,5.330548536200847,775.3851272988105,393.33097170996905,1216.6908979175823
v3p1_physical_event,Bayes_Modeled,0.95,95% posterior credible interval,2023,TKN,CT,14,14,256250.0159256672,207866.88041678947,307549.1527843118,7.477031277103068,4.534539111484108,10.607679894589559,1927.3155333365755,1026.1163921274158,2883.798789055694
v3p1_physical_event,Bayes_Modeled,0.95,95% posterior credible interval,2023,TKN,MT,14,14,256672.8902414498,206047.62364569466,311827.70726089645,7.203141432770573,4.370977838922668,9.963495036438655,1857.462980774746,1041.3152475780846,2795.448600839126
v3p1_physical_event,Bayes_Modeled,0.95,95% posterior credible interval,2023,TKN,ST,14,14,237433.76107702238,192906.65916728263,283129.5963769149,8.660956189765276,4.858285845972102,12.399114491725001,2075.290406973049,1031.443293836977,3198.0428973695634
v3p1_physical_event,Bayes_Modeled,0.95,95% posterior credible interval,2024,TKN,CT,8,8,177752.40544183357,143804.8217870137,212870.00509031944,1.705659389322408,0.2256136058630569,3.907308796572079,302.9820410843487,38.17190471132818,684.5538088134828
v3p1_physical_event,Bayes_Modeled,0.95,95% posterior credible interval,2024,TKN,MT,8,8,189233.3063071768,147348.53348904668,232512.99895476116,1.3818546535386054,0.1690611967286669,3.3069415321215088,260.96209176492613,30.859812985346274,635.6788179164682
v3p1_physical_event,Bayes_Modeled,0.95,95% posterior credible interval,2024,TKN,ST,8,8,199953.7050056471,168033.74527291095,231710.11029645707,1.810261532877719,0.2919521708416362,3.943646736654026,362.07399930885776,59.021331142307076,799.6915733568158
v3p1_physical_event,Bayes_Modeled,0.95,95% posterior credible interval,2025,TKN,CT,16,16,276039.9121493964,217863.39724868268,332984.0228634976,1.467902750550675,0.3137855983811941,3.134583336009192,405.09870956738405,92.79412092452247,877.3026670657985
v3p1_physical_event,Bayes_Modeled,0.95,95% posterior credible interval,2025,TKN,MT,16,16,287819.4676809641,229331.20648287295,347187.15965522913,1.3206905152533646,0.2164422422611741,2.975513446025725,379.0765539387946,62.81685110568196,851.8022788482997
v3p1_physical_event,Bayes_Modeled,0.95,95% posterior credible interval,2025,TKN,ST,16,16,281796.9159122469,228270.10776342687,349420.18965282507,1.2907276272138917,0.27274717567246654,2.7247301996826456,361.32907250284336,82.34246397030523,765.1783548041603
v3p1_physical_event,Bayes_Modeled,0.95,95% posterior credible interval,2011,TN,CT,12,12,151137.2260446697,103010.96867819886,191961.9029975874,5.858016179558984,3.230985460307518,8.897617809615786,888.5069503926838,421.7550854292672,1467.0635505870034
v3p1_physical_event,Bayes_Modeled,0.95,95% posterior credible interval,2011,TN,MT,12,12,146346.83530550444,102875.68604063804,194176.23274410795,5.749705062217178,3.0738060299605885,8.811319174539431,844.4845463991173,377.70454550851264,1409.0889255710172
v3p1_physical_event,Bayes_Modeled,0.95,95% posterior credible interval,2011,TN,ST,12,12,141384.5814893776,100134.79895893676,184134.49173221295,5.476269362579443,2.7362869879022655,8.548462466870493,776.1872956181193,351.31468384405565,1327.735525991241
v3p1_physical_event,Bayes_Modeled,0.95,95% posterior credible interval,2012,TN,CT,20,20,221162.06070010277,135070.22603977376,304810.2733570377,2.7335792925647384,0.9618624090261413,5.597593515512669,608.0567745756331,187.53119638402086,1364.1496004089752
v3p1_physical_event,Bayes_Modeled,0.95,95% posterior credible interval,2012,TN,MT,20,20,205112.9291047372,144852.62514510143,267845.3759914493,2.9772842826977146,1.2495280389539556,5.7506784881525395,610.1094825957489,228.94276209376739,1212.8451807082674
v3p1_physical_event,Bayes_Modeled,0.95,95% posterior credible interval,2012,TN,ST,20,20,186661.68719114095,128108.60908219047,248543.5961205928,2.5058183731736907,0.802102980535222,5.186835898610365,469.720807502205,141.34946362487645,1018.4386776543975
v3p1_physical_event,Bayes_Modeled,0.95,95% posterior credible interval,2013,TN,CT,14,14,190983.1533558173,137453.97130257357,240143.25225275662,4.544244855446815,0.008601230366762021,10.923741237782398,876.3732646962914,1.4892222882806074,2244.0266150095135
v3p1_physical_event,Bayes_Modeled,0.95,95% posterior credible interval,2013,TN,MT,14,14,193104.37929627745,145653.42775791354,243551.86342235276,4.529104582715104,0.0038425402463495547,11.10937752258478,878.7509055174686,0.8193868310994229,2289.856437179773
v3p1_physical_event,Bayes_Modeled,0.95,95% posterior credible interval,2013,TN,ST,14,14,169429.57186765925,122769.91028966528,215371.7963782447,4.362640431027584,0.012629711144347262,10.695131160581724,743.3501952159435,2.4126452774539677,1959.928924026405
v3p1_physical_event,Bayes_Modeled,0.95,95% posterior credible interval,2014,TN,CT,10,10,152335.83174205667,116734.97314139664,190220.86473354237,7.020559112760663,4.593764335134814,9.536923269145678,1070.0252571199053,666.1027571105468,1599.084304470815
v3p1_physical_event,Bayes_Modeled,0.95,95% posterior credible interval,2014,TN,MT,10,10,102940.70584653116,61881.852791097204,146722.67729970516,5.708395490857802,2.9005210472838865,8.355566101153894,590.5344699417982,259.78626058468416,1005.8732826271712
v3p1_physical_event,Bayes_Modeled,0.95,95% posterior credible interval,2014,TN,ST,10,10,106259.33937140861,68656.21759579857,142762.11205472093,5.88875184021213,3.249367435757132,8.253774787240136,626.8455080894911,291.9125271112183,989.6911517323999
v3p1_physical_event,Bayes_Modeled,0.95,95% posterior credible interval,2015,TN,CT,12,12,167237.88968380616,123595.29345629163,213293.9329038577,9.082415295112096,6.579159981175794,11.415928572196714,1520.4945387475627,989.5744812708224,2124.8779353334494
v3p1_physical_event,Bayes_Modeled,0.95,95% posterior credible interval,2015,TN,MT,12,12,122825.75942610118,78776.12739067139,163235.12927808135,8.712181025269505,6.325884854141386,11.244690715506849,1071.1256425919419,616.0926897849579,1554.580209366457
v3p1_physical_event,Bayes_Modeled,0.95,95% posterior credible interval,2015,TN,ST,12,12,120736.33823896911,77809.67815074172,159478.59535869583,8.73954158830674,6.219838969006396,11.22989002422953,1056.8341548479943,580.9661033911681,1544.428510059372
v3p1_physical_event,Bayes_Modeled,0.95,95% posterior credible interval,2016,TN,CT,4,4,54112.056932422616,30050.693028198286,79424.58014825925,5.062027360203104,2.58702742649223,7.350072116672036,274.779805015662,110.37549924452861,469.30091115152504
v3p1_physical_event,Bayes_Modeled,0.95,95% posterior credible interval,2016,TN,MT,4,4,30716.955783358528,9693.919429301124,51270.76448205554,4.445006707429176,1.812830806074352,6.8803178468450055,137.2653630146374,32.580313313380415,283.27237754836585
v3p1_physical_event,Bayes_Modeled,0.95,95% posterior credible interval,2016,TN,ST,4,4,37594.50277492942,16997.29732639044,58392.36591972651,4.594399420248835,2.016580585880037,6.9838526093260125,173.33822919151112,52.9152981687798,328.64175412986407
v3p1_physical_event,Bayes_Modeled,0.95,95% posterior credible interval,2017,TN,CT,12,12,222584.8779290495,172005.1683700611,271669.2227710728,6.025593123888333,0.13012699198242927,13.659116392050787,1343.3912461305329,26.458011372613512,3083.45866716718
v3p1_physical_event,Bayes_Modeled,0.95,95% posterior credible interval,2017,TN,MT,12,12,140595.58007993773,102534.10430517694,177154.34857940496,5.140584409532455,0,12.205401932243168,725.6210784597852,0,1805.0401221190461
v3p1_physical_event,Bayes_Modeled,0.95,95% posterior credible interval,2017,TN,ST,12,12,134367.03125826217,93217.43080411112,174795.1384201066,4.913480316009668,0,12.277172012144312,665.3008121145314,0,1701.5909794432055
v3p1_physical_event,Bayes_Modeled,0.95,95% posterior credible interval,2018,TN,CT,10,10,195184.58254943683,100558.62656465429,300793.3542041449,6.680301774853544,0.7467014614687777,12.908096853832546,1324.0320255313534,134.83492981677733,3017.108868895377
v3p1_physical_event,Bayes_Modeled,0.95,95% posterior credible interval,2018,TN,MT,10,10,182910.06469350934,95643.0701905461,281566.4976569713,6.5395098953708555,0.6224283548306588,12.987118784477646,1210.328144807125,102.94680799736497,2762.700744375951
v3p1_physical_event,Bayes_Modeled,0.95,95% posterior credible interval,2018,TN,ST,10,10,182710.2876195573,96802.50334790425,281786.719877522,6.503958421929059,0.6597703674929711,12.918715229060195,1206.6261852640323,96.3672688728444,2753.525553435115
v3p1_physical_event,Bayes_Modeled,0.95,95% posterior credible interval,2019,TN,CT,2,2,45521.5029891098,27700.601655031387,64760.54735511522,8.277715566145627,0.4892096135005418,16.044262930271543,382.23976681554444,22.49227776078567,853.2817657046483
v3p1_physical_event,Bayes_Modeled,0.95,95% posterior credible interval,2019,TN,MT,2,2,44909.551177299516,24999.1211939371,65315.19283440706,8.29091498611926,0.830902734703449,15.907616806549974,381.6589706745495,30.64020480512696,868.5889749865423
v3p1_physical_event,Bayes_Modeled,0.95,95% posterior credible interval,2019,TN,ST,2,2,45121.44241348826,24953.736777237278,65276.2459157626,8.264762873490511,0.43734692479447745,15.905072490938734,381.2730402975697,17.965280098893345,869.9362176813765
v3p1_physical_event,Bayes_Modeled,0.95,95% posterior credible interval,2020,TN,CT,14,14,203395.72415625447,142958.01600181483,264983.7436059621,6.295614927386409,1.2466084706663614,11.46963569938847,1285.462057493412,242.98506026583595,2518.6596641771675
v3p1_physical_event,Bayes_Modeled,0.95,95% posterior credible interval,2020,TN,MT,14,14,164852.53578781293,116120.66170335689,209595.812930162,6.0253432146993235,1.1387746948502295,11.39985726759792,996.9155635753247,168.13989390257888,1946.3490456468494
v3p1_physical_event,Bayes_Modeled,0.95,95% posterior credible interval,2020,TN,ST,14,14,162558.153713379,118783.88687868629,202847.43210803525,6.029632825628347,1.2336403597496177,11.39890379771682,983.4024632820655,207.1226415450314,1874.2316817772573
v3p1_physical_event,Bayes_Modeled,0.95,95% posterior credible interval,2021,TN,CT,12,12,185059.36596087946,133029.21465121963,238019.33682448335,6.408257365184234,1.4611492347390804,11.59385546506257,1189.924804210213,261.6474990214348,2323.961683353779
v3p1_physical_event,Bayes_Modeled,0.95,95% posterior credible interval,2021,TN,MT,12,12,143039.85128028065,90393.30587378216,203559.80011493375,6.128004847223782,1.0094290526271905,11.869755270762361,896.686649904871,135.07061790994675,2063.774420687591
v3p1_physical_event,Bayes_Modeled,0.95,95% posterior credible interval,2021,TN,ST,12,12,144686.39752711792,94815.2110677681,198066.7725520251,6.205282112556931,1.147787521099494,11.637980715859218,910.6387453498211,150.29658959866566,1946.0484811235033
v3p1_physical_event,Bayes_Modeled,0.95,95% posterior credible interval,2022,TN,CT,16,16,247636.1980449116,185321.4539641537,309471.51201023825,6.216882828216461,1.0790933278713641,11.94826734639584,1543.0817027608682,239.51550355356233,3102.6830083515392
v3p1_physical_event,Bayes_Modeled,0.95,95% posterior credible interval,2022,TN,MT,16,16,214205.49886105524,165469.8241892843,259377.58974362462,5.863432008921813,0.9024412573158589,11.490849063906094,1260.8859748068578,182.09857047857668,2518.010388964514
v3p1_physical_event,Bayes_Modeled,0.95,95% posterior credible interval,2022,TN,ST,16,16,219405.20722516303,166949.1990005723,266565.5867427715,5.963927542949601,0.9527084996236543,11.540845200632074,1311.11422985319,208.75957438173035,2613.2789416385767
v3p1_physical_event,Bayes_Modeled,0.95,95% posterior credible interval,2023,TN,CT,14,14,256250.0159256672,207866.88041678947,307549.1527843118,5.559376985988223,0.5749163973217808,12.399401739570553,1426.7127228564589,136.3783659059174,3269.9739004694193
v3p1_physical_event,Bayes_Modeled,0.95,95% posterior credible interval,2023,TN,MT,14,14,256672.8902414498,206047.62364569466,311827.70726089645,5.754164726444433,0.6190890794743802,12.435265138837005,1475.4104381734844,169.6651146548311,3281.2563535824966
v3p1_physical_event,Bayes_Modeled,0.95,95% posterior credible interval,2023,TN,ST,14,14,237433.76107702238,192906.65916728263,283129.5963769149,5.531746302710659,0.4433194279957598,12.344914042977411,1310.8136712696885,103.72896644674906,2928.639892173287
v3p1_physical_event,Bayes_Modeled,0.95,95% posterior credible interval,2024,TN,CT,8,8,177752.40544183357,143804.8217870137,212870.00509031944,7.549720089942571,0.8302239694861467,15.280188706219887,1347.5312700102731,151.66606791543904,2826.9487820498844
v3p1_physical_event,Bayes_Modeled,0.95,95% posterior credible interval,2024,TN,MT,8,8,189233.3063071768,147348.53348904668,232512.99895476116,7.652066480925227,0.922308976754242,15.704669082997253,1451.096616816641,171.18623490204973,3101.174215611368
v3p1_physical_event,Bayes_Modeled,0.95,95% posterior credible interval,2024,TN,ST,8,8,199953.7050056471,168033.74527291095,231710.11029645707,7.952516192009896,1.0485724216803622,15.70475798365593,1592.4943199402464,208.34632604644213,3135.752999741133
v3p1_physical_event,Bayes_Modeled,0.95,95% posterior credible interval,2025,TN,CT,16,16,276039.9121493964,217863.39724868268,332984.0228634976,6.137975979114391,0.5957005025312021,12.099055288058146,1699.6322041277344,159.5238820818348,3452.3735392699728
v3p1_physical_event,Bayes_Modeled,0.95,95% posterior credible interval,2025,TN,MT,16,16,287819.4676809641,229331.20648287295,347187.15965522913,6.854711178486225,1.2625794797878638,13.18208445627597,1977.2956922468425,358.2868097256062,3888.9055362519457
v3p1_physical_event,Bayes_Modeled,0.95,95% posterior credible interval,2025,TN,ST,16,16,281796.9159122469,228270.10776342687,349420.18965282507,6.389562822126351,0.8337347621966413,12.497046151669581,1804.761437324069,221.19242221947388,3741.1769225721055
v3p1_physical_event,Bayes_Modeled,0.95,95% posterior credible interval,2011,TP,CT,12,12,151137.2260446697,103010.96867819886,191961.9029975874,1.2262480558974143,0.097244108139205,2.6215313288402706,185.65350387590206,13.35273222344081,418.9584078256279
v3p1_physical_event,Bayes_Modeled,0.95,95% posterior credible interval,2011,TP,MT,12,12,146346.83530550444,102875.68604063804,194176.23274410795,1.2806255570994372,0.1312353527582571,2.713091073913346,187.18366273931554,18.112109421081534,402.85120014437723
v3p1_physical_event,Bayes_Modeled,0.95,95% posterior credible interval,2011,TP,ST,12,12,141384.5814893776,100134.79895893676,184134.49173221295,1.1650625245675326,0.06517332230269834,2.5952175697729682,165.08274986682167,9.489201847630415,386.56235081735707
v3p1_physical_event,Bayes_Modeled,0.95,95% posterior credible interval,2012,TP,CT,20,20,221162.06070010277,135070.22603977376,304810.2733570377,1.115684838210531,0.08631940717126255,2.418851095980669,245.6087089966397,17.08829682836389,583.7996764875248
v3p1_physical_event,Bayes_Modeled,0.95,95% posterior credible interval,2012,TP,MT,20,20,205112.9291047372,144852.62514510143,267845.3759914493,1.165555878694506,0.11734250031173228,2.503137612205262,238.52039416562803,20.25752651865818,530.8273135512685
v3p1_physical_event,Bayes_Modeled,0.95,95% posterior credible interval,2012,TP,ST,20,20,186661.68719114095,128108.60908219047,248543.5961205928,1.0511531833246224,0.05945186679721344,2.3608478263457076,195.94217088592993,10.275712154420098,466.16998194935195
v3p1_physical_event,Bayes_Modeled,0.95,95% posterior credible interval,2013,TP,CT,14,14,190983.1533558173,137453.97130257357,240143.25225275662,0.6235893989185693,0,1.8391167050846284,119.30592056162928,0,356.285799854489
v3p1_physical_event,Bayes_Modeled,0.95,95% posterior credible interval,2013,TP,MT,14,14,193104.37929627745,145653.42775791354,243551.86342235276,0.6179282795448598,0,1.8862465041451342,119.88476791950691,0,379.6885754323967
v3p1_physical_event,Bayes_Modeled,0.95,95% posterior credible interval,2013,TP,ST,14,14,169429.57186765925,122769.91028966528,215371.7963782447,0.5607445982162996,0,1.727682384853741,95.26449207643005,0,304.06416095331144
v3p1_physical_event,Bayes_Modeled,0.95,95% posterior credible interval,2014,TP,CT,10,10,152335.83174205667,116734.97314139664,190220.86473354237,0.5706429422431124,0.01244888521218393,1.684739904099605,87.09553900572611,1.8711457023084037,263.4945744919247
v3p1_physical_event,Bayes_Modeled,0.95,95% posterior credible interval,2014,TP,MT,10,10,102940.70584653116,61881.852791097204,146722.67729970516,0.4992629124741038,0,1.659866641525182,52.46684289758152,0,185.77613398888462
v3p1_physical_event,Bayes_Modeled,0.95,95% posterior credible interval,2014,TP,ST,10,10,106259.33937140861,68656.21759579857,142762.11205472093,0.4456763458493175,0,1.5574863153864915,47.81278917498484,0,168.81137803109908
v3p1_physical_event,Bayes_Modeled,0.95,95% posterior credible interval,2015,TP,CT,12,12,167237.88968380616,123595.29345629163,213293.9329038577,0.35972928387803105,0,1.3339768102924672,60.646043433581774,0,232.6224129769439
v3p1_physical_event,Bayes_Modeled,0.95,95% posterior credible interval,2015,TP,MT,12,12,122825.75942610118,78776.12739067139,163235.12927808135,0.23642673346724638,0,1.1087687734275666,29.42043386705161,0,142.21888012236224
v3p1_physical_event,Bayes_Modeled,0.95,95% posterior credible interval,2015,TP,ST,12,12,120736.33823896911,77809.67815074172,159478.59535869583,0.2194511829338257,0,1.0808650989122492,26.76466331793492,0,136.52772336460708
v3p1_physical_event,Bayes_Modeled,0.95,95% posterior credible interval,2016,TP,CT,4,4,54112.056932422616,30050.693028198286,79424.58014825925,0.0992239434042006,0,0.8352176068947047,5.457548959763337,0,43.98584207260001
v3p1_physical_event,Bayes_Modeled,0.95,95% posterior credible interval,2016,TP,MT,4,4,30716.955783358528,9693.919429301124,51270.76448205554,0.06855176694849918,0,0.601363505268091,2.1855129856974416,0,20.0538722051966
v3p1_physical_event,Bayes_Modeled,0.95,95% posterior credible interval,2016,TP,ST,4,4,37594.50277492942,16997.29732639044,58392.36591972651,0.08802427200804876,0,0.7096882488059313,3.3868646916122453,0,28.080183845215352
v3p1_physical_event,Bayes_Modeled,0.95,95% posterior credible interval,2017,TP,CT,12,12,222584.8779290495,172005.1683700611,271669.2227710728,0.4437054445567696,0,1.36988241331184,98.63200971749306,0,298.3815539540984
v3p1_physical_event,Bayes_Modeled,0.95,95% posterior credible interval,2017,TP,MT,12,12,140595.58007993773,102534.10430517694,177154.34857940496,0.09669656047886453,0,0.5659002885829632,13.683951024828549,0,82.88458202988447
v3p1_physical_event,Bayes_Modeled,0.95,95% posterior credible interval,2017,TP,ST,12,12,134367.03125826217,93217.43080411112,174795.1384201066,0.08445480261449523,0,0.5249282211266493,11.50558579966224,0,73.07314786395371
v3p1_physical_event,Bayes_Modeled,0.95,95% posterior credible interval,2018,TP,CT,10,10,195184.58254943683,100558.62656465429,300793.3542041449,0.8212228017686103,0,3.2152109774415285,170.3154347352893,0,733.7371451806855
v3p1_physical_event,Bayes_Modeled,0.95,95% posterior credible interval,2018,TP,MT,10,10,182910.06469350934,95643.0701905461,281566.4976569713,0.79931448367944,0,3.1777404511420144,156.82001639990918,0,726.9814623422574
v3p1_physical_event,Bayes_Modeled,0.95,95% posterior credible interval,2018,TP,ST,10,10,182710.2876195573,96802.50334790425,281786.719877522,0.7883840726784852,0,3.092718355288021,153.5953828354738,0,698.0182827156268
v3p1_physical_event,Bayes_Modeled,0.95,95% posterior credible interval,2019,TP,CT,2,2,45521.5029891098,27700.601655031387,64760.54735511522,0.8502551555707549,0,3.2151219087262795,39.461204539422994,0,156.9366056823269
v3p1_physical_event,Bayes_Modeled,0.95,95% posterior credible interval,2019,TP,MT,2,2,44909.551177299516,24999.1211939371,65315.19283440706,0.8399374926448367,0,3.253292001041091,39.19612976179674,0,161.12107798762318
v3p1_physical_event,Bayes_Modeled,0.95,95% posterior credible interval,2019,TP,ST,2,2,45121.44241348826,24953.736777237278,65276.2459157626,0.8699086284573608,0,3.4224795716643515,40.897893224059416,0,175.14422020516318
v3p1_physical_event,Bayes_Modeled,0.95,95% posterior credible interval,2020,TP,CT,14,14,203395.72415625447,142958.01600181483,264983.7436059621,0.3756486266710197,0,1.3554023521736034,77.24507755717994,0,297.6764576139027
v3p1_physical_event,Bayes_Modeled,0.95,95% posterior credible interval,2020,TP,MT,14,14,164852.53578781293,116120.66170335689,209595.812930162,0.4051446936054407,0,1.36456071732816,67.04657282874805,0,235.3029247168496
v3p1_physical_event,Bayes_Modeled,0.95,95% posterior credible interval,2020,TP,ST,14,14,162558.153713379,118783.88687868629,202847.43210803525,0.40831058615709603,0,1.3676544646446653,66.54225442134292,0,226.49045515207916
v3p1_physical_event,Bayes_Modeled,0.95,95% posterior credible interval,2021,TP,CT,12,12,185059.36596087946,133029.21465121963,238019.33682448335,1.2822903393773948,0.33403836017377353,2.635191305053797,238.88063323647268,59.58155312558258,535.5699759614201
v3p1_physical_event,Bayes_Modeled,0.95,95% posterior credible interval,2021,TP,MT,12,12,143039.85128028065,90393.30587378216,203559.80011493375,1.209011921089893,0.2765977910386821,2.609798924199197,172.7878926774701,36.64349318499758,402.4993445548844
v3p1_physical_event,Bayes_Modeled,0.95,95% posterior credible interval,2021,TP,ST,12,12,144686.39752711792,94815.2110677681,198066.7725520251,1.125844609372879,0.2771842370091311,2.4749403827453165,163.12174645573413,37.95635597735283,380.82485791726407
v3p1_physical_event,Bayes_Modeled,0.95,95% posterior credible interval,2022,TP,CT,16,16,247636.1980449116,185321.4539641537,309471.51201023825,0.8566936905067343,0.14973413222265497,2.1181402571199994,214.70459005453114,34.322308202863084,574.2730831216245
v3p1_physical_event,Bayes_Modeled,0.95,95% posterior credible interval,2022,TP,MT,16,16,214205.49886105524,165469.8241892843,259377.58974362462,0.8215784051476424,0.16153916749952746,1.991935082674333,176.99479975756438,31.79380396736994,455.3931371162386
v3p1_physical_event,Bayes_Modeled,0.95,95% posterior credible interval,2022,TP,ST,16,16,219405.20722516303,166949.1990005723,266565.5867427715,0.8866640429201796,0.21800038212050948,2.042906440261605,195.6115127935387,46.04918676794612,467.102928336123
v3p1_physical_event,Bayes_Modeled,0.95,95% posterior credible interval,2023,TP,CT,14,14,256250.0159256672,207866.88041678947,307549.1527843118,0.334715123063797,0,1.164754796492706,86.20747635210981,0,320.78882040297236
v3p1_physical_event,Bayes_Modeled,0.95,95% posterior credible interval,2023,TP,MT,14,14,256672.8902414498,206047.62364569466,311827.70726089645,0.49229640666686736,0,1.4287580056722335,126.43660226573124,0,361.6338246446413
v3p1_physical_event,Bayes_Modeled,0.95,95% posterior credible interval,2023,TP,ST,14,14,237433.76107702238,192906.65916728263,283129.5963769149,0.41056734797649264,0,1.3698359602607681,98.11252343723866,0,331.60923303271136
v3p1_physical_event,Bayes_Modeled,0.95,95% posterior credible interval,2024,TP,CT,8,8,177752.40544183357,143804.8217870137,212870.00509031944,0.5853183097987018,0,1.7708964819341717,103.67012817043124,0,321.53519383392154
v3p1_physical_event,Bayes_Modeled,0.95,95% posterior credible interval,2024,TP,MT,8,8,189233.3063071768,147348.53348904668,232512.99895476116,0.37531434682691933,0,1.4334555513922171,70.36797496898652,0,267.0192082236979
v3p1_physical_event,Bayes_Modeled,0.95,95% posterior credible interval,2024,TP,ST,8,8,199953.7050056471,168033.74527291095,231710.11029645707,0.9514614810768207,0.031356855656520286,2.3226699418442407,190.108682447195,5.970908497357511,470.8164956649157
v3p1_physical_event,Bayes_Modeled,0.95,95% posterior credible interval,2025,TP,CT,16,16,276039.9121493964,217863.39724868268,332984.0228634976,1.5023330621381503,0.21855076917468774,2.96902616530077,413.9511869975622,57.554090587897946,823.4519120464945
v3p1_physical_event,Bayes_Modeled,0.95,95% posterior credible interval,2025,TP,MT,16,16,287819.4676809641,229331.20648287295,347187.15965522913,3.41402121289392,1.871575590463081,5.148577789094016,984.4836334768489,498.36622243011846,1535.0236204688345
v3p1_physical_event,Bayes_Modeled,0.95,95% posterior credible interval,2025,TP,ST,16,16,281796.9159122469,228270.10776342687,349420.18965282507,2.1792557267130657,0.774800158132795,3.6703349710226836,614.6109587920491,205.70031817702522,1075.69282740906
v3p1_physical_event,Bayes_Modeled,0.95,95% posterior credible interval,2011,TSS,CT,12,12,151137.2260446697,103010.96867819886,191961.9029975874,1002.2606457984618,112.54731892308581,2089.8009039158674,151547.87375803024,16224.300403752572,332839.8507731728
v3p1_physical_event,Bayes_Modeled,0.95,95% posterior credible interval,2011,TSS,MT,12,12,146346.83530550444,102875.68604063804,194176.23274410795,769.1362931720109,47.26751302815204,1731.5271943884854,113068.45189438014,6103.907709489906,267199.5419678722
v3p1_physical_event,Bayes_Modeled,0.95,95% posterior credible interval,2011,TSS,ST,12,12,141384.5814893776,100134.79895893676,184134.49173221295,657.7243275178456,17.478596641049336,1639.7564471303367,93271.11227064853,2703.5542675936517,245331.13978805096
v3p1_physical_event,Bayes_Modeled,0.95,95% posterior credible interval,2012,TSS,CT,20,20,221162.06070010277,135070.22603977376,304810.2733570377,1164.5166738709308,201.64409278235922,2174.3395177090533,256866.7803620367,39135.942621583214,535399.029633293
v3p1_physical_event,Bayes_Modeled,0.95,95% posterior credible interval,2012,TSS,MT,20,20,205112.9291047372,144852.62514510143,267845.3759914493,827.031603527848,68.97277522553784,1776.6135512713145,169937.6727104812,12785.281567759612,390557.92596798984
v3p1_physical_event,Bayes_Modeled,0.95,95% posterior credible interval,2012,TSS,ST,20,20,186661.68719114095,128108.60908219047,248543.5961205928,706.6785633140452,31.176776572251306,1614.886077696134,132278.6656628584,5884.506189182341,329418.97663729754
v3p1_physical_event,Bayes_Modeled,0.95,95% posterior credible interval,2013,TSS,CT,14,14,190983.1533558173,137453.97130257357,240143.25225275662,1056.3146447143424,156.05017867244982,2101.640513827825,203204.53430049965,27928.845854397427,437135.4744894415
v3p1_physical_event,Bayes_Modeled,0.95,95% posterior credible interval,2013,TSS,MT,14,14,193104.37929627745,145653.42775791354,243551.86342235276,826.9229866697096,55.345659147027604,1891.880945259854,161110.75429721008,10187.466504277574,389714.4146346658
v3p1_physical_event,Bayes_Modeled,0.95,95% posterior credible interval,2013,TSS,ST,14,14,169429.57186765925,122769.91028966528,215371.7963782447,708.8091488128955,40.73546553234401,1763.7881063998552,121257.76972195967,6266.745704279346,313889.49294506613
v3p1_physical_event,Bayes_Modeled,0.95,95% posterior credible interval,2014,TSS,CT,10,10,152335.83174205667,116734.97314139664,190220.86473354237,647.2055221737826,68.39228641959969,1726.6587076425592,99065.36074674792,8972.791572308139,268818.5117664114
v3p1_physical_event,Bayes_Modeled,0.95,95% posterior credible interval,2014,TSS,MT,10,10,102940.70584653116,61881.852791097204,146722.67729970516,343.158295258093,0,1263.761126790258,36339.54340093289,0,141133.65785029985
v3p1_physical_event,Bayes_Modeled,0.95,95% posterior credible interval,2014,TSS,ST,10,10,106259.33937140861,68656.21759579857,142762.11205472093,284.09654567280364,0,1176.499183386651,30686.575157088297,0,130483.15818660197
v3p1_physical_event,Bayes_Modeled,0.95,95% posterior credible interval,2015,TSS,CT,12,12,167237.88968380616,123595.29345629163,213293.9329038577,418.2575599803062,3.8688830858053445,1383.7455092335144,70297.78991994841,669.7704926769838,234032.5801811819
v3p1_physical_event,Bayes_Modeled,0.95,95% posterior credible interval,2015,TSS,MT,12,12,122825.75942610118,78776.12739067139,163235.12927808135,138.07287109216,0,757.1393316124953,17226.694554413163,0,97369.34617227218
v3p1_physical_event,Bayes_Modeled,0.95,95% posterior credible interval,2015,TSS,ST,12,12,120736.33823896911,77809.67815074172,159478.59535869583,130.23615326195474,0,703.2505883011015,15781.288538080677,0,82215.40942734337
v3p1_physical_event,Bayes_Modeled,0.95,95% posterior credible interval,2016,TSS,CT,4,4,54112.056932422616,30050.693028198286,79424.58014825925,348.5156413154787,0,1436.4450105475914,19210.334653728765,0,83445.60176831667
v3p1_physical_event,Bayes_Modeled,0.95,95% posterior credible interval,2016,TSS,MT,4,4,30716.955783358528,9693.919429301124,51270.76448205554,126.38014138224541,0,837.0161844938787,4025.6522233126825,0,28016.71482157363
v3p1_physical_event,Bayes_Modeled,0.95,95% posterior credible interval,2016,TSS,ST,4,4,37594.50277492942,16997.29732639044,58392.36591972651,160.38398689212886,0,961.1208354273294,6221.430110933592,0,38746.43168020543
v3p1_physical_event,Bayes_Modeled,0.95,95% posterior credible interval,2017,TSS,CT,12,12,222584.8779290495,172005.1683700611,271669.2227710728,1399.4663435086354,552.6911545573062,2559.865425530894,313884.54926776845,113652.75445154545,607349.8969040331
v3p1_physical_event,Bayes_Modeled,0.95,95% posterior credible interval,2017,TSS,MT,12,12,140595.58007993773,102534.10430517694,177154.34857940496,328.57861396271096,0,1186.7546493472448,46472.55558797566,0,169134.9589821193
v3p1_physical_event,Bayes_Modeled,0.95,95% posterior credible interval,2017,TSS,ST,12,12,134367.03125826217,93217.43080411112,174795.1384201066,327.73661292625997,0,1159.3297821011467,44527.23569225797,0,166601.83567116666
v3p1_physical_event,Bayes_Modeled,0.95,95% posterior credible interval,2018,TSS,CT,10,10,195184.58254943683,100558.62656465429,300793.3542041449,1443.3296267579235,134.40700557965096,3594.1017929939326,290720.4242327599,21722.521515888777,869513.7074878151
v3p1_physical_event,Bayes_Modeled,0.95,95% posterior credible interval,2018,TSS,MT,10,10,182910.06469350934,95643.0701905461,281566.4976569713,1333.1680035818097,112.98857813102703,3289.945053383965,251387.47445802338,18100.101401881526,776719.2021636461
v3p1_physical_event,Bayes_Modeled,0.95,95% posterior credible interval,2018,TSS,ST,10,10,182710.2876195573,96802.50334790425,281786.719877522,1323.6317334374935,90.94020963579516,3259.2183824122017,248677.01904865503,17389.52101777467,722474.443341492
v3p1_physical_event,Bayes_Modeled,0.95,95% posterior credible interval,2019,TSS,CT,2,2,45521.5029891098,27700.601655031387,64760.54735511522,1491.9014181216771,0,3625.6873179958516,69559.57670619548,0,188672.46739873273
v3p1_physical_event,Bayes_Modeled,0.95,95% posterior credible interval,2019,TSS,MT,2,2,44909.551177299516,24999.1211939371,65315.19283440706,1473.6757571538074,0,3672.9597534997806,68708.16413962297,0,192769.63773698005
v3p1_physical_event,Bayes_Modeled,0.95,95% posterior credible interval,2019,TSS,ST,2,2,45121.44241348826,24953.736777237278,65276.2459157626,1488.5271611733804,0,3816.141095284121,69455.75456016859,0,194224.29426999288
v3p1_physical_event,Bayes_Modeled,0.95,95% posterior credible interval,2020,TSS,CT,14,14,203395.72415625447,142958.01600181483,264983.7436059621,429.6074833623268,0.7808756093125193,1368.0773115135034,88757.64045147515,150.33674341967753,302097.8395317164
v3p1_physical_event,Bayes_Modeled,0.95,95% posterior credible interval,2020,TSS,MT,14,14,164852.53578781293,116120.66170335689,209595.812930162,318.1583971339312,0,1133.6950338103852,52592.66502455675,0,185901.61139932106
v3p1_physical_event,Bayes_Modeled,0.95,95% posterior credible interval,2020,TSS,ST,14,14,162558.153713379,118783.88687868629,202847.43210803525,294.7656160410042,0,1093.9319559409755,48322.38465413945,0,177368.90194282559
v3p1_physical_event,Bayes_Modeled,0.95,95% posterior credible interval,2021,TSS,CT,12,12,185059.36596087946,133029.21465121963,238019.33682448335,1232.3575501015412,409.93024116974243,2430.2414624306057,230099.178778621,70407.79116524768,483097.86153210205
v3p1_physical_event,Bayes_Modeled,0.95,95% posterior credible interval,2021,TSS,MT,12,12,143039.85128028065,90393.30587378216,203559.80011493375,946.8133596980003,205.04370285002688,2154.310827378465,136779.46816165478,26748.331139899426,336261.1061057141
v3p1_physical_event,Bayes_Modeled,0.95,95% posterior credible interval,2021,TSS,ST,12,12,144686.39752711792,94815.2110677681,198066.7725520251,850.2781401855099,183.5759200542522,1962.186621136913,124346.71981059966,25251.443665612245,312050.83076518576
v3p1_physical_event,Bayes_Modeled,0.95,95% posterior credible interval,2022,TSS,CT,16,16,247636.1980449116,185321.4539641537,309471.51201023825,1159.8128040405327,419.6848144654578,2325.2357138917914,289126.8013946891,98443.68528434391,609191.5655099934
v3p1_physical_event,Bayes_Modeled,0.95,95% posterior credible interval,2022,TSS,MT,16,16,214205.49886105524,165469.8241892843,259377.58974362462,848.9542064134002,225.96509971982618,1856.456436418498,182714.9006840124,46359.02220497639,418605.2015050639
v3p1_physical_event,Bayes_Modeled,0.95,95% posterior credible interval,2022,TSS,ST,16,16,219405.20722516303,166949.1990005723,266565.5867427715,894.7699172482875,273.5849869238127,1975.030440389818,197239.8343555991,55262.63780437755,457668.8074245228
v3p1_physical_event,Bayes_Modeled,0.95,95% posterior credible interval,2023,TSS,CT,14,14,256250.0159256672,207866.88041678947,307549.1527843118,1312.6311349205016,307.6780707908587,2505.764161493732,338177.6441689571,75408.83502205226,684693.9795822616
v3p1_physical_event,Bayes_Modeled,0.95,95% posterior credible interval,2023,TSS,MT,14,14,256672.8902414498,206047.62364569466,311827.70726089645,1408.9140078074429,503.6937728055673,2654.5958383284305,361283.03730782075,126661.10618509332,684807.5408545178
v3p1_physical_event,Bayes_Modeled,0.95,95% posterior credible interval,2023,TSS,ST,14,14,237433.76107702238,192906.65916728263,283129.5963769149,1477.0678746822205,552.9051841331402,2672.6828277394143,351687.5170159657,126718.78730351414,662400.7085013948
v3p1_physical_event,Bayes_Modeled,0.95,95% posterior credible interval,2024,TSS,CT,8,8,177752.40544183357,143804.8217870137,212870.00509031944,1084.184660367907,188.64643192667683,2252.3559427196487,191886.92586900204,33485.30697182007,406412.56357649225
v3p1_physical_event,Bayes_Modeled,0.95,95% posterior credible interval,2024,TSS,MT,8,8,189233.3063071768,147348.53348904668,232512.99895476116,868.760363856013,24.872469244783755,2044.102841290568,163445.00346589336,4915.304816414173,400567.6472729988
v3p1_physical_event,Bayes_Modeled,0.95,95% posterior credible interval,2024,TSS,ST,8,8,199953.7050056471,168033.74527291095,231710.11029645707,1695.8626290309296,491.6547287241434,2951.7661058714393,338635.5567006849,94121.99805355942,588382.2569613315
v3p1_physical_event,Bayes_Modeled,0.95,95% posterior credible interval,2025,TSS,CT,16,16,276039.9121493964,217863.39724868268,332984.0228634976,1018.4030359496309,143.47369872268496,2188.6115348477224,280719.3741052226,37890.876057370886,613639.0154235463
v3p1_physical_event,Bayes_Modeled,0.95,95% posterior credible interval,2025,TSS,MT,16,16,287819.4676809641,229331.20648287295,347187.15965522913,2414.1612690165925,1308.3285807450238,3969.000476444552,695631.4685419182,347008.9692730325,1168541.9235758744
v3p1_physical_event,Bayes_Modeled,0.95,95% posterior credible interval,2025,TSS,ST,16,16,281796.9159122469,228270.10776342687,349420.18965282507,1382.1378444562667,421.0541297523733,2588.9870139760924,388509.41507071693,113801.56040949153,732660.1760088415
